PERSON_TYPE,CRASH_DATE_EST_I,POSTED_SPEED_LIMIT,TRAFFIC_CONTROL_DEVICE,DEVICE_CONDITION,WEATHER_CONDITION,LIGHTING_CONDITION,FIRST_CRASH_TYPE,TRAFFICWAY_TYPE,LANE_CNT,ALIGNMENT,ROADWAY_SURFACE_COND,ROAD_DEFECT,CRASH_TYPE,INTERSECTION_RELATED_I,NOT_RIGHT_OF_WAY_I,HIT_AND_RUN_I,PRIM_CONTRIBUTORY_CAUSE,SEC_CONTRIBUTORY_CAUSE,SEX,AGE,BAC_RESULT VALUE
0,200,30,0,0,0,1,12,5,200,0,0,0,0,200,200,200,0,0,0,53,200
0,200,30,0,0,0,1,12,5,200,0,0,0,0,200,200,200,0,0,0,42,200
0,200,25,1,2,0,1,12,2,200,0,0,0,0,1,200,200,22,21,1,200,200
0,200,25,1,2,0,1,12,2,200,0,0,0,0,1,200,200,22,21,0,50,200
1,200,25,1,2,0,1,12,2,200,0,0,0,0,1,200,200,22,21,1,36,200
0,200,30,1,2,0,2,12,5,8,0,0,0,0,200,200,1,0,0,2,200,200
0,200,30,1,2,0,2,12,5,8,0,0,0,0,200,200,1,0,0,0,54,200
0,200,30,1,2,0,2,12,5,8,0,0,0,0,200,200,1,0,0,0,200,200
1,200,30,1,2,0,2,12,5,8,0,0,0,0,200,200,1,0,0,1,45,200
0,200,25,200,200,1,1,12,6,1,0,200,200,0,200,200,1,22,22,0,200,200
0,200,25,200,200,1,1,12,6,1,0,200,200,0,200,200,1,22,22,0,26,200
0,200,30,1,2,2,1,12,5,200,0,1,0,0,1,200,200,22,21,1,200,200
0,200,30,1,2,2,1,12,5,200,0,1,0,0,1,200,200,22,21,1,45,200
0,200,35,2,2,0,1,0,2,200,0,0,0,0,200,200,200,0,0,0,21,200
0,200,35,2,2,0,1,0,2,200,0,0,0,0,200,200,200,0,0,1,44,200
0,200,30,0,0,0,1,7,6,1,0,0,0,0,200,200,200,0,0,0,81,200
0,200,30,0,0,0,1,10,2,4,0,0,0,0,200,200,200,18,200,0,21,200
0,200,30,0,0,0,1,10,2,4,0,0,0,0,200,200,200,18,200,0,51,200
1,200,30,0,0,0,1,10,2,4,0,0,0,0,200,200,200,18,200,1,48,200
1,200,30,0,0,0,1,10,2,4,0,0,0,0,200,200,200,18,200,1,16,200
1,200,30,0,0,0,1,10,2,4,0,0,0,0,200,200,200,18,200,1,48,200
1,200,30,0,0,0,1,10,2,4,0,0,0,0,200,200,200,18,200,0,17,200
1,200,30,0,0,0,1,10,2,4,0,0,0,0,200,200,200,18,200,0,11,200
0,200,30,1,2,0,1,0,5,200,0,1,0,1,200,200,200,16,200,1,32,200
0,200,30,1,2,0,1,0,5,200,0,1,0,1,200,200,200,16,200,1,48,200
1,200,30,1,2,0,1,0,5,200,0,1,0,1,200,200,200,16,200,1,26,200
1,200,30,1,2,0,1,0,5,200,0,1,0,1,200,200,200,16,200,1,27,200
1,200,30,1,2,0,1,0,5,200,0,1,0,1,200,200,200,16,200,1,21,200
0,200,30,0,0,0,3,0,5,200,0,0,200,0,200,200,200,17,200,0,52,200
0,200,30,0,0,0,3,0,5,200,0,0,200,0,200,200,200,17,200,1,200,200
0,200,30,200,200,0,1,0,200,200,0,0,200,0,200,200,200,0,200,1,200,200
0,200,30,200,200,0,1,0,200,200,0,0,200,0,200,200,200,0,200,1,200,200
0,200,30,200,200,0,1,10,200,200,0,0,0,0,200,200,200,18,16,1,58,200
0,200,30,200,200,0,1,10,200,200,0,0,0,0,200,200,200,18,16,0,200,200
0,200,30,0,0,0,1,11,5,200,0,2,12,0,200,200,200,0,200,1,40,200
0,200,30,0,0,0,1,11,5,200,0,2,12,0,200,200,200,0,200,0,44,200
0,200,30,1,2,0,1,12,3,200,0,0,0,0,200,200,200,17,17,1,45,200
0,200,30,1,2,0,1,12,3,200,0,0,0,0,200,200,200,17,17,0,56,200
1,200,30,1,2,0,1,12,3,200,0,0,0,0,200,200,200,17,17,0,52,200
0,200,30,0,0,2,1,7,4,200,0,1,0,0,200,200,200,0,200,1,52,200
0,200,25,2,2,0,3,5,5,200,0,0,0,1,200,200,1,0,0,2,200,200
0,200,30,1,2,0,1,10,5,2,0,0,0,0,200,200,200,11,0,1,38,200
0,200,30,1,2,0,1,10,5,2,0,0,0,0,200,200,200,11,0,0,32,200
1,200,30,1,2,0,1,10,5,2,0,0,0,0,200,200,200,11,0,1,200,200
0,200,30,1,2,0,1,10,8,200,3,0,0,1,200,200,200,20,11,0,48,200
0,200,30,1,2,0,1,10,8,200,3,0,0,1,200,200,200,20,11,0,27,200
0,200,30,0,0,0,1,14,5,2,0,0,0,0,1,200,200,21,200,0,31,200
0,200,30,0,0,0,1,14,5,2,0,0,0,0,1,200,200,21,200,0,39,200
1,200,30,0,0,0,1,14,5,2,0,0,0,0,1,200,200,21,200,1,33,200
1,200,30,0,0,0,1,14,5,2,0,0,0,0,1,200,200,21,200,0,200,200
1,200,30,0,0,0,1,14,5,2,0,0,0,0,1,200,200,21,200,0,200,200
1,200,30,0,0,0,1,14,5,2,0,0,0,0,1,200,200,21,200,1,200,200
1,200,30,0,0,0,1,14,5,2,0,0,0,0,1,200,200,21,200,2,200,200
0,200,30,0,0,0,1,12,6,2,0,0,0,1,200,200,1,0,200,2,200,200
0,200,30,0,0,0,1,12,6,2,0,0,0,1,200,200,1,0,200,2,200,200
0,200,10,0,0,200,200,14,7,200,0,200,200,1,200,200,200,0,0,0,52,200
0,200,10,0,0,200,200,14,7,200,0,200,200,1,200,200,200,0,0,0,25,200
0,200,30,0,0,0,1,7,5,1,0,0,0,0,200,200,200,16,16,2,200,200
0,1,30,1,2,0,1,12,1,200,0,0,0,0,200,200,1,22,200,1,200,200
0,1,30,1,2,0,1,12,1,200,0,0,0,0,200,200,1,22,200,1,30,200
0,1,30,1,2,0,1,12,1,200,0,0,0,0,200,200,1,22,200,0,44,200
1,1,30,1,2,0,1,12,1,200,0,0,0,0,200,200,1,22,200,0,200,200
1,1,30,1,2,0,1,12,1,200,0,0,0,0,200,200,1,22,200,1,200,200
1,1,30,1,2,0,1,12,1,200,0,0,0,0,200,200,1,22,200,0,200,200
0,200,30,2,2,0,1,9,5,200,0,0,0,1,200,200,200,5,200,0,71,200
5,200,30,2,2,0,1,9,5,200,0,0,0,1,200,200,200,5,200,0,12,200
0,200,30,0,0,0,1,2,2,2,0,0,0,1,200,200,200,14,200,1,57,200
0,200,30,2,2,0,1,0,5,200,0,0,0,0,200,200,200,17,17,1,37,200
0,200,30,2,2,0,1,0,5,200,0,0,0,0,200,200,200,17,17,0,48,200
1,200,30,2,2,0,1,0,5,200,0,0,0,0,200,200,200,17,17,200,200,200
1,200,30,2,2,0,1,0,5,200,0,0,0,0,200,200,200,17,17,0,48,200
0,200,30,0,0,0,1,14,5,4,0,0,0,1,200,200,200,33,0,1,46,200
0,200,30,0,0,0,1,14,5,4,0,0,0,1,200,200,200,33,0,1,28,200
0,200,30,1,2,0,1,10,5,2,0,0,0,1,1,200,200,0,0,0,36,200
0,200,30,1,2,0,1,10,5,2,0,0,0,1,1,200,200,0,0,1,42,200
1,200,30,1,2,0,1,10,5,2,0,0,0,1,1,200,200,0,0,1,33,200
0,200,0,1,2,0,1,10,3,200,0,0,0,0,200,200,200,18,200,0,200,200
0,200,0,1,2,0,1,10,3,200,0,0,0,0,200,200,200,18,200,1,42,200
0,200,35,1,2,0,3,14,3,200,0,0,0,0,200,200,200,21,200,0,63,200
0,200,35,1,2,0,3,14,3,200,0,0,0,0,200,200,200,21,200,0,25,200
1,200,35,1,2,0,3,14,3,200,0,0,0,0,200,200,200,21,200,0,200,200
1,200,35,1,2,0,3,14,3,200,0,0,0,0,200,200,200,21,200,1,200,200
1,200,35,1,2,0,3,14,3,200,0,0,0,0,200,200,200,21,200,1,200,200
0,200,10,200,200,0,1,0,7,200,0,0,200,0,200,200,200,20,0,1,24,200
0,200,10,200,200,0,1,0,7,200,0,0,200,0,200,200,200,20,0,1,44,200
0,200,30,1,2,0,1,7,6,3,0,0,200,0,200,200,200,20,11,0,200,200
0,200,30,0,0,0,1,7,5,200,0,0,0,0,200,200,1,0,200,2,200,200
0,200,30,0,0,0,1,7,2,2,0,0,0,0,200,200,200,0,0,2,200,200
0,200,30,1,2,0,1,12,2,200,0,0,0,0,1,200,200,22,18,0,26,200
0,200,30,1,2,0,1,12,2,200,0,0,0,0,1,200,200,22,18,0,39,200
1,200,30,1,2,0,1,12,2,200,0,0,0,0,1,200,200,22,18,1,43,200
0,200,15,0,0,0,1,7,7,0,0,0,0,0,200,1,200,27,11,1,95,200
1,200,15,0,0,0,1,7,7,0,0,0,0,0,200,1,200,27,11,1,25,200
0,200,30,0,0,2,3,7,5,200,0,1,0,0,200,200,1,0,200,2,200,200
0,200,30,2,2,0,1,0,12,200,0,0,0,0,1,200,200,32,32,0,33,200
0,200,30,2,2,0,1,0,12,200,0,0,0,0,1,200,200,32,32,0,37,200
1,200,30,2,2,0,1,0,12,200,0,0,0,0,1,200,200,32,32,1,200,200
1,200,30,2,2,0,1,0,12,200,0,0,0,0,1,200,200,32,32,0,200,200
0,200,30,2,2,0,1,0,5,2,0,1,0,0,200,200,200,17,33,1,35,200
0,200,30,2,2,0,1,0,5,2,0,1,0,0,200,200,200,17,33,0,38,200
0,200,30,2,0,0,3,12,8,1,1,0,0,0,200,200,1,21,0,2,200,200
0,200,30,2,0,0,3,12,8,1,1,0,0,0,200,200,1,21,0,0,66,200
0,200,30,1,2,0,3,5,5,4,0,0,0,1,200,200,200,0,200,0,43,200
0,200,30,0,200,0,3,7,5,2,0,0,0,0,200,200,1,0,0,2,200,200
0,200,35,1,2,0,3,10,3,4,0,0,200,0,200,200,200,18,0,1,24,200
0,200,35,1,2,0,3,10,3,4,0,0,200,0,200,200,200,18,0,0,28,200
1,200,35,1,2,0,3,10,3,4,0,0,200,0,200,200,200,18,0,1,22,200
0,200,30,1,2,2,3,10,5,2,0,1,200,1,200,200,200,16,18,0,55,200
0,200,30,1,2,2,3,10,5,2,0,1,200,1,200,200,200,16,18,0,20,200
0,200,30,0,0,2,3,2,6,1,0,1,0,1,200,1,200,0,0,0,52,200
1,200,30,0,0,2,3,2,6,1,0,1,0,1,200,1,200,0,0,0,200,200
0,200,30,1,200,2,3,10,5,2,0,1,200,0,200,200,200,0,200,0,26,200
0,200,30,1,200,2,3,10,5,2,0,1,200,0,200,200,200,0,200,1,20,200
1,200,30,1,200,2,3,10,5,2,0,1,200,0,200,200,200,0,200,1,23,200
1,200,30,1,200,2,3,10,5,2,0,1,200,0,200,200,200,0,200,1,25,200
1,200,30,1,200,2,3,10,5,2,0,1,200,0,200,200,200,0,200,1,25,200
1,200,30,1,200,2,3,10,5,2,0,1,200,0,200,200,200,0,200,1,23,200
1,200,30,1,200,2,3,10,5,2,0,1,200,0,200,200,200,0,200,1,20,200
0,1,40,0,200,2,3,2,3,4,0,1,200,1,200,200,1,0,200,2,200,200
4,200,30,1,2,2,3,8,2,4,0,1,0,1,1,200,200,17,0,0,29,200
0,200,30,1,2,2,3,8,2,4,0,1,0,1,1,200,200,17,0,0,52,200
0,200,30,1,2,2,3,10,2,4,0,1,200,0,200,200,200,18,200,0,40,200
0,200,30,1,2,2,3,10,2,4,0,1,200,0,200,200,200,18,200,0,21,200
0,200,30,1,2,2,3,7,5,2,0,1,0,1,1,200,1,0,0,2,200,200
0,200,30,1,2,2,3,0,2,2,0,1,200,1,1,200,1,0,0,0,200,200
0,200,30,1,2,2,3,0,2,2,0,1,200,1,1,200,1,0,0,0,38,200
1,200,30,1,2,2,3,0,2,2,0,1,200,1,1,200,1,0,0,1,27,200
0,200,30,1,200,200,3,10,5,200,0,200,200,0,200,200,1,18,200,2,200,200
0,200,30,1,200,200,3,10,5,200,0,200,200,0,200,200,1,18,200,1,23,200
1,200,30,1,200,200,3,10,5,200,0,200,200,0,200,200,1,18,200,0,200,200
0,200,30,0,0,2,3,2,3,200,0,1,0,1,200,1,200,0,0,0,34,200
3,200,30,0,0,2,3,2,3,200,0,1,0,1,200,1,200,0,0,200,200,200
0,200,10,0,0,2,3,2,7,0,0,1,0,0,200,1,200,200,200,1,85,200
0,200,35,1,2,2,3,10,5,2,0,1,0,0,0,200,200,32,16,1,21,0.17
0,200,35,1,2,2,3,10,5,2,0,1,0,0,0,200,200,32,16,0,20,200
0,200,20,0,0,2,1,7,7,200,0,0,0,0,200,200,1,200,200,2,200,200
0,200,30,1,2,2,1,14,5,4,0,1,0,0,1,200,200,6,25,0,29,200
0,200,30,1,2,2,1,14,5,4,0,1,0,0,1,200,200,6,25,1,37,200
1,200,30,1,2,2,1,14,5,4,0,1,0,0,1,200,200,6,25,1,20,200
0,200,25,0,0,2,1,10,3,8,3,1,0,0,200,200,200,16,200,0,36,200
0,200,25,0,0,2,1,10,3,8,3,1,0,0,200,200,200,16,200,0,32,200
0,200,30,2,2,2,1,12,2,200,0,1,0,0,1,200,200,22,22,1,55,200
0,200,30,2,2,2,1,12,2,200,0,1,0,0,1,200,200,22,22,1,25,200
0,200,30,1,2,2,1,14,3,200,0,1,0,0,200,200,200,23,0,0,41,200
0,200,30,1,2,2,1,14,3,200,0,1,0,0,200,200,200,23,0,1,22,200
0,1,25,0,0,200,200,2,5,1,0,200,0,1,200,1,1,0,0,2,200,200
0,200,30,0,0,2,1,2,5,2,0,1,0,1,200,200,200,7,9,1,26,200
0,200,30,0,0,0,1,7,12,1,0,0,0,0,200,200,1,0,0,0,200,200
5,200,30,1,2,2,3,9,5,0,0,1,0,1,1,200,200,6,34,1,52,200
0,200,30,1,2,2,3,9,5,0,0,1,0,1,1,200,200,6,34,1,22,200
0,200,30,0,0,2,1,7,2,200,2,1,0,1,200,200,200,21,0,0,32,200
0,200,30,0,0,2,1,10,3,2,0,1,0,1,200,200,200,18,200,0,34,200
0,200,30,0,0,2,1,10,3,2,0,1,0,1,200,200,200,18,200,1,33,200
0,200,30,0,0,2,1,10,5,4,0,1,0,0,200,200,200,0,0,0,21,200
0,200,30,0,0,2,1,10,5,4,0,1,0,0,200,200,200,0,0,0,54,200
0,200,30,1,2,2,1,10,5,2,0,1,0,0,200,200,200,18,34,1,34,200
0,200,30,1,2,2,1,10,5,2,0,1,0,0,200,200,200,18,34,0,29,200
0,200,30,0,0,2,1,12,2,4,0,1,0,0,200,200,200,0,0,0,56,200
0,200,30,0,0,2,1,12,2,4,0,1,0,0,200,200,200,0,0,0,59,200
0,200,30,1,2,2,1,14,5,2,0,1,200,0,1,200,200,34,200,0,27,200
0,200,30,1,2,2,1,14,5,2,0,1,200,0,1,200,200,34,200,0,57,200
0,200,30,0,0,2,1,10,2,2,0,1,12,0,200,200,200,18,200,0,22,200
0,200,30,0,0,2,1,10,2,2,0,1,12,0,200,200,200,18,200,1,49,200
0,200,30,1,2,2,200,9,2,2,0,1,0,1,1,200,200,0,0,0,38,200
5,200,30,1,2,2,200,9,2,2,0,1,0,1,1,200,200,0,0,1,22,200
0,200,30,1,2,2,1,8,5,2,0,1,0,1,1,200,1,17,22,0,200,200
4,200,30,1,2,2,1,8,5,2,0,1,0,1,1,200,1,17,22,1,41,200
0,200,30,1,2,0,1,9,6,200,0,1,0,1,200,200,200,0,0,0,85,200
5,200,30,1,2,0,1,9,6,200,0,1,0,1,200,200,200,0,0,1,45,200
0,200,30,1,2,2,1,10,5,4,0,1,0,0,200,200,200,18,16,0,29,200
0,200,30,1,2,2,1,10,5,4,0,1,0,0,200,200,200,18,16,1,41,200
0,200,30,1,2,2,1,9,5,200,0,1,0,1,1,200,1,0,0,1,200,200
5,200,30,1,2,2,1,9,5,200,0,1,0,1,1,200,1,0,0,1,200,200
0,200,20,0,0,2,2,7,5,200,0,200,200,0,200,200,1,200,200,1,200,200
0,200,30,0,0,2,1,2,5,2,0,1,0,0,200,200,200,34,34,0,43,200
0,200,30,1,2,2,1,10,5,2,0,1,200,0,200,200,1,18,34,0,200,200
0,200,30,1,2,2,1,10,5,2,0,1,200,0,200,200,1,18,34,1,27,200
0,200,30,2,2,2,1,0,5,4,0,1,0,1,1,200,200,17,34,0,33,200
0,200,30,2,2,2,1,0,5,4,0,1,0,1,1,200,200,17,34,0,33,200
1,200,30,2,2,2,1,0,5,4,0,1,0,1,1,200,200,17,34,0,22,200
1,200,30,2,2,2,1,0,5,4,0,1,0,1,1,200,200,17,34,200,200,200
0,200,30,2,2,2,1,14,5,200,0,1,0,1,1,200,200,21,200,1,31,200
0,200,30,2,2,2,1,14,5,200,0,1,0,1,1,200,200,21,200,0,47,200
0,200,25,0,0,2,1,12,2,4,0,1,0,0,200,200,1,0,200,2,200,200
0,200,25,0,0,2,1,12,2,4,0,1,0,0,200,200,1,0,200,1,32,200
0,200,30,2,2,2,1,0,2,200,0,1,0,0,200,200,200,17,0,0,58,200
0,200,30,2,2,2,1,0,2,200,0,1,0,0,200,200,200,17,0,1,30,200
1,200,30,2,2,2,1,0,2,200,0,1,0,0,200,200,200,17,0,1,200,200
0,200,30,1,2,2,1,0,5,2,0,1,0,1,1,200,200,7,7,0,30,200
0,200,30,1,2,2,1,0,5,2,0,1,0,1,1,200,200,7,7,1,31,200
0,200,30,0,0,2,1,11,5,2,0,1,0,0,1,200,200,21,200,0,30,200
0,200,30,0,0,2,1,11,5,2,0,1,0,0,1,200,200,21,200,0,28,200
0,200,30,2,2,2,1,0,2,200,0,1,0,0,1,200,200,0,0,1,31,200
0,200,30,2,2,2,1,0,2,200,0,1,0,0,1,200,200,0,0,1,55,200
0,200,30,0,0,2,1,10,5,2,0,1,0,0,200,200,1,18,18,2,200,200
0,200,30,0,0,2,1,10,5,2,0,1,0,0,200,200,1,18,18,1,27,200
0,1,30,2,2,2,0,0,5,1,0,1,200,1,1,200,200,0,34,0,54,200
0,1,30,2,2,2,0,0,5,1,0,1,200,1,1,200,200,0,34,1,65,200
1,1,30,2,2,2,0,0,5,1,0,1,200,1,1,200,200,0,34,0,22,200
0,200,30,0,0,2,1,12,2,200,0,1,0,0,200,200,1,22,200,0,200,200
0,200,30,0,0,2,1,12,2,200,0,1,0,0,200,200,1,22,200,1,54,200
0,200,30,0,0,2,1,12,6,3,0,1,0,0,200,200,200,18,18,1,29,200
0,200,30,0,0,2,1,12,6,3,0,1,0,0,200,200,200,18,18,0,28,200
0,200,35,1,2,2,1,10,6,6,0,1,0,0,1,200,200,34,8,1,55,200
0,200,35,1,2,2,1,10,6,6,0,1,0,0,1,200,200,34,8,0,54,200
0,200,0,0,0,2,1,10,2,200,0,1,0,1,200,200,1,0,34,0,200,200
0,200,0,0,0,2,1,10,2,200,0,1,0,1,200,200,1,0,34,1,44,200
0,200,30,12,2,2,200,2,5,2,0,200,200,0,200,200,200,20,20,0,200,200
0,200,30,2,2,2,1,10,5,2,0,1,0,0,200,200,200,16,200,0,52,200
0,200,30,2,2,2,1,10,5,2,0,1,0,0,200,200,200,16,200,0,43,200
1,200,30,2,2,2,1,10,5,2,0,1,0,0,200,200,200,16,200,1,41,200
0,200,30,1,2,2,1,10,5,2,0,0,0,0,1,200,200,0,0,0,82,200
0,200,30,1,2,2,1,10,5,2,0,0,0,0,1,200,200,0,0,0,50,200
0,200,30,1,2,2,1,10,5,2,0,0,0,0,1,200,200,0,0,0,51,200
1,200,30,1,2,2,1,10,5,2,0,0,0,0,1,200,200,0,0,1,51,200
0,200,35,0,0,2,1,7,0,200,2,1,0,0,200,200,200,35,11,0,48,200
0,200,20,0,0,2,1,10,2,2,0,1,0,1,200,200,200,12,0,0,35,200
0,200,20,0,0,2,1,10,2,2,0,1,0,1,200,200,200,12,0,0,31,200
1,200,20,0,0,2,1,10,2,2,0,1,0,1,200,200,200,12,0,0,25,200
0,200,30,0,0,2,1,7,2,200,0,1,0,1,200,200,200,21,34,1,53,200
0,200,30,0,0,2,1,0,5,2,0,1,0,1,0,200,200,17,200,0,36,200
0,200,30,0,0,2,1,0,5,2,0,1,0,1,0,200,200,17,200,0,26,200
0,200,25,2,2,0,1,0,5,2,0,0,0,0,1,200,200,17,200,1,51,200
0,200,25,2,2,0,1,0,5,2,0,0,0,0,1,200,200,17,200,1,60,200
0,200,30,1,2,2,1,14,2,2,0,1,0,0,1,200,200,17,0,0,33,200
0,200,30,1,2,2,1,14,2,2,0,1,0,0,1,200,200,17,0,0,33,200
1,200,30,1,2,2,1,14,2,2,0,1,0,0,1,200,200,17,0,1,200,200
0,200,30,0,0,2,1,10,6,200,1,1,0,0,200,200,200,34,8,1,62,200
0,200,30,0,0,2,1,10,6,200,1,1,0,0,200,200,200,34,8,0,58,200
0,200,30,0,0,0,1,7,7,200,0,0,0,0,200,200,1,200,200,2,200,200
0,200,30,0,0,2,1,7,5,200,3,1,0,0,200,0,1,25,200,0,200,200
0,200,30,0,0,2,1,4,5,2,0,1,12,1,200,200,200,28,200,0,35,200
0,200,35,1,2,2,1,10,2,6,0,1,0,0,1,200,200,34,15,0,39,200
0,200,35,1,2,2,1,10,2,6,0,1,0,0,1,200,200,34,15,0,39,200
0,200,30,0,0,2,1,10,5,2,0,1,0,1,200,200,200,18,16,0,51,200
0,200,30,0,0,2,1,10,5,2,0,1,0,1,200,200,200,18,16,0,48,200
0,200,30,0,0,2,1,14,2,200,0,1,0,0,200,200,200,0,0,1,56,200
0,200,30,0,0,2,1,14,2,200,0,1,0,0,200,200,200,0,0,1,27,200
0,1,20,1,2,2,1,10,6,3,0,1,0,0,200,200,1,0,0,0,200,200
0,1,20,1,2,2,1,10,6,3,0,1,0,0,200,200,1,0,0,0,42,200
1,1,20,1,2,2,1,10,6,3,0,1,0,0,200,200,1,0,0,1,40,200
0,200,30,1,1,2,1,10,2,200,0,1,0,1,1,200,1,16,200,1,27,200
0,200,30,1,1,2,1,10,2,200,0,1,0,1,1,200,1,16,200,0,35,200
0,200,30,1,1,2,1,10,2,200,0,1,0,1,1,200,1,16,200,0,200,200
1,200,30,1,1,2,1,10,2,200,0,1,0,1,1,200,1,16,200,1,12,200
1,200,30,1,1,2,1,10,2,200,0,1,0,1,1,200,1,16,200,1,14,200
0,200,35,0,0,2,1,12,5,2,0,1,0,0,200,200,200,0,0,1,55,200
0,200,35,0,0,2,1,12,5,2,0,1,0,0,200,200,200,0,0,1,53,200
0,200,35,2,2,2,1,0,12,4,0,1,0,1,200,200,200,17,17,1,71,200
0,200,35,2,2,2,1,0,12,4,0,1,0,1,200,200,200,17,17,0,71,200
0,200,35,2,2,2,1,0,12,4,0,1,0,1,200,200,200,17,17,0,53,200
1,200,35,2,2,2,1,0,12,4,0,1,0,1,200,200,200,17,17,1,43,200
1,200,35,2,2,2,1,0,12,4,0,1,0,1,200,200,200,17,17,0,7,200
0,200,30,0,0,2,1,12,12,200,0,1,0,1,200,200,200,21,22,0,46,200
0,200,30,0,0,2,1,12,12,200,0,1,0,1,200,200,200,21,22,1,49,200
0,200,30,9,4,2,1,4,5,1,2,1,1,1,200,200,200,29,34,1,52,200
0,200,35,1,2,2,1,10,2,6,0,1,0,0,200,200,1,34,15,0,20,200
0,200,35,1,2,2,1,10,2,6,0,1,0,0,200,200,1,34,15,0,200,200
1,200,35,1,2,2,1,10,2,6,0,1,0,0,200,200,1,34,15,1,32,200
0,200,30,0,0,2,1,10,2,4,0,1,0,1,200,200,200,34,200,1,34,200
0,200,30,0,0,2,1,10,2,4,0,1,0,1,200,200,200,34,200,0,40,200
0,200,30,0,0,2,1,10,2,4,0,1,0,1,200,200,200,34,200,0,61,200
0,200,30,0,0,2,1,0,5,200,0,1,0,0,1,200,200,17,17,0,53,200
0,200,30,0,0,2,1,0,5,200,0,1,0,0,1,200,200,17,17,0,35,200
0,200,30,1,2,2,1,10,2,2,0,0,0,0,1,200,200,18,200,0,43,200
0,200,30,1,2,2,1,10,2,2,0,0,0,0,1,200,200,18,200,0,38,200
1,200,30,1,2,2,1,10,2,2,0,0,0,0,1,200,200,18,200,1,200,200
0,200,30,0,0,2,1,7,6,200,0,0,0,0,200,200,200,0,0,0,22,200
0,200,0,0,0,12,1,7,12,200,0,0,0,0,200,1,200,20,200,0,49,200
0,200,30,1,2,2,1,14,3,200,0,1,0,0,1,200,200,17,0,1,21,200
0,200,30,1,2,2,1,14,3,200,0,1,0,0,1,200,200,17,0,1,21,200
0,1,30,0,0,2,1,7,5,2,0,200,0,1,200,200,1,0,16,2,200,200
0,200,30,1,2,2,1,10,2,4,0,1,0,1,200,200,200,16,200,0,35,200
0,200,30,1,2,2,1,10,2,4,0,1,0,1,200,200,200,16,200,1,32,200
1,200,30,1,2,2,1,10,2,4,0,1,0,1,200,200,200,16,200,1,36,200
1,200,30,1,2,2,1,10,2,4,0,1,0,1,200,200,200,16,200,0,2,200
1,200,30,1,2,2,1,10,2,4,0,1,0,1,200,200,200,16,200,1,1,200
0,200,30,1,2,2,1,14,5,4,0,1,0,1,1,200,200,34,200,0,25,200
0,200,30,1,2,2,1,14,5,4,0,1,0,1,1,200,200,34,200,1,19,200
1,200,30,1,2,2,1,14,5,4,0,1,0,1,1,200,200,34,200,1,200,200
0,200,15,0,0,2,1,2,7,200,0,1,200,0,200,1,200,20,200,0,26,200
0,200,30,1,2,2,1,14,6,0,0,1,0,0,1,200,200,17,200,0,22,200
0,200,30,1,2,2,1,14,6,0,0,1,0,0,1,200,200,17,200,0,26,200
1,200,30,1,2,2,1,14,6,0,0,1,0,0,1,200,200,17,200,1,200,200
1,200,30,1,2,2,1,14,6,0,0,1,0,0,1,200,200,17,200,1,200,200
1,200,30,1,2,2,1,14,6,0,0,1,0,0,1,200,200,17,200,1,200,200
0,200,20,2,2,2,1,14,5,2,0,1,0,1,200,200,200,0,0,0,62,200
0,200,20,2,2,2,1,14,5,2,0,1,0,1,200,200,200,0,0,1,57,200
1,200,20,2,2,2,1,14,5,2,0,1,0,1,200,200,200,0,0,0,52,200
1,200,20,2,2,2,1,14,5,2,0,1,0,1,200,200,200,0,0,1,50,200
1,200,20,2,2,2,1,14,5,2,0,1,0,1,200,200,200,0,0,0,63,200
0,200,30,0,0,2,1,2,7,200,0,0,0,0,200,1,200,0,200,1,29,200
3,200,30,0,0,2,1,2,7,200,0,0,0,0,200,1,200,0,200,200,200,200
0,1,20,0,0,2,1,12,5,1,0,1,0,0,200,200,200,0,0,1,23,200
0,1,20,0,0,2,1,12,5,1,0,1,0,0,200,200,200,0,0,0,56,200
0,200,30,1,2,2,1,11,2,2,0,1,0,1,1,200,200,34,200,0,86,200
0,200,30,1,2,2,1,11,2,2,0,1,0,1,1,200,200,34,200,1,45,200
0,200,30,1,2,0,1,12,5,2,0,1,0,0,200,200,200,0,0,0,38,200
0,200,30,1,2,0,1,12,5,2,0,1,0,0,200,200,200,0,0,0,47,200
0,200,25,3,5,2,1,2,5,2,0,1,3,0,200,200,200,33,20,0,36,200
0,200,25,1,2,2,1,9,5,0,1,1,0,1,1,200,1,0,0,0,200,200
5,200,25,1,2,2,1,9,5,0,1,1,0,1,1,200,1,0,0,1,21,200
0,200,30,2,2,2,1,14,2,200,0,1,0,0,1,200,200,0,0,0,200,200
0,200,30,2,2,2,1,14,2,200,0,1,0,0,1,200,200,0,0,1,68,200
0,200,0,2,2,2,1,0,5,2,0,1,0,0,200,200,200,21,22,0,51,200
0,200,0,2,2,2,1,0,5,2,0,1,0,0,200,200,200,21,22,0,51,200
1,200,0,2,2,2,1,0,5,2,0,1,0,0,200,200,200,21,22,1,53,200
0,200,30,0,0,2,1,14,5,200,0,1,0,0,200,200,200,21,23,0,75,200
0,200,30,0,0,2,1,14,5,200,0,1,0,0,200,200,200,21,23,0,45,200
0,200,30,1,2,2,1,14,2,200,0,1,0,0,1,200,1,20,200,2,200,200
0,200,30,1,2,2,1,14,2,200,0,1,0,0,1,200,1,20,200,0,200,200