PERSON_TYPE,CRASH_DATE_EST_I,POSTED_SPEED_LIMIT,TRAFFIC_CONTROL_DEVICE,DEVICE_CONDITION,WEATHER_CONDITION,LIGHTING_CONDITION,FIRST_CRASH_TYPE,TRAFFICWAY_TYPE,LANE_CNT,ALIGNMENT,ROADWAY_SURFACE_COND,ROAD_DEFECT,CRASH_TYPE,INTERSECTION_RELATED_I,NOT_RIGHT_OF_WAY_I,HIT_AND_RUN_I,PRIM_CONTRIBUTORY_CAUSE,SEC_CONTRIBUTORY_CAUSE,SEX,AGE,BAC_RESULT VALUE
1,200,30,1,2,2,1,14,2,200,0,1,0,0,1,200,1,20,200,1,62,200
0,200,15,0,0,2,1,0,12,200,0,1,0,0,200,1,200,20,34,0,43,200
0,200,15,0,0,2,1,0,12,200,0,1,0,0,200,1,200,20,34,0,58,200
0,200,30,2,2,2,1,0,2,200,0,1,0,0,200,200,200,0,0,0,28,200
0,200,30,2,2,2,1,0,2,200,0,1,0,0,200,200,200,0,0,1,52,200
0,200,20,0,0,2,1,7,5,200,0,1,0,0,200,200,200,0,0,0,48,200
0,200,25,0,0,2,1,9,5,200,0,1,0,1,1,200,1,0,200,1,200,200
5,200,25,0,0,2,1,9,5,200,0,1,0,1,1,200,1,0,200,0,26,200
0,200,30,0,0,2,1,10,5,4,0,1,0,0,200,200,200,18,0,0,38,200
0,200,30,0,0,2,1,10,5,4,0,1,0,0,200,200,200,18,0,0,41,200
0,200,30,0,0,2,1,10,5,4,0,1,0,0,200,200,200,18,0,1,35,200
0,200,30,0,0,2,200,14,0,2,0,1,0,1,1,200,200,17,34,0,46,200
0,200,30,0,0,2,200,14,0,2,0,1,0,1,1,200,200,17,34,1,37,200
1,200,15,12,12,2,1,3,5,4,0,1,0,0,200,200,200,20,200,0,200,200
0,200,15,12,12,2,1,3,5,4,0,1,0,0,200,200,200,20,200,0,62,200
0,200,15,12,12,2,1,3,5,4,0,1,0,0,200,200,200,20,200,0,55,200
0,1,30,0,0,200,200,7,7,2,0,200,0,0,200,1,1,0,200,2,200,200
0,200,30,1,2,2,1,2,2,2,0,1,0,0,200,200,200,200,200,0,43,200
0,200,30,0,0,2,1,2,5,2,2,1,0,0,200,1,200,11,16,0,32,200
0,200,25,0,0,2,1,14,5,200,0,1,200,1,200,200,200,34,11,0,21,200
0,200,25,0,0,2,1,14,5,200,0,1,200,1,200,200,200,34,11,0,29,200
0,200,30,2,2,2,1,0,5,4,0,1,0,1,1,200,200,17,34,0,33,200
0,200,30,2,2,2,1,0,5,4,0,1,0,1,1,200,200,17,34,1,68,200
0,200,30,2,2,2,1,0,5,200,0,1,0,0,200,200,200,0,200,0,51,200
0,200,30,2,2,2,1,0,5,200,0,1,0,0,200,200,200,0,200,0,51,200
0,200,30,0,0,2,1,10,2,200,0,1,0,1,0,200,1,16,18,0,24,200
0,200,30,0,0,2,1,10,2,200,0,1,0,1,0,200,1,16,18,0,200,200
0,200,30,0,0,2,1,10,2,200,0,1,0,1,0,200,1,16,18,1,23,200
0,200,30,0,0,2,1,10,2,200,0,1,0,1,0,200,1,16,18,0,74,200
1,200,30,0,0,2,1,10,2,200,0,1,0,1,0,200,1,16,18,0,30,200
1,200,30,0,0,2,1,10,2,200,0,1,0,1,0,200,1,16,18,0,0,200
0,200,35,0,0,2,1,10,3,200,0,1,12,1,200,200,1,18,0,0,200,200
0,200,35,0,0,2,1,10,3,200,0,1,12,1,200,200,1,18,0,1,38,200
1,200,35,0,0,2,1,10,3,200,0,1,12,1,200,200,1,18,0,0,15,200
1,200,35,0,0,2,1,10,3,200,0,1,12,1,200,200,1,18,0,1,10,200
0,200,30,0,0,2,1,5,0,200,0,1,0,0,200,1,1,0,20,2,200,200
0,200,30,0,0,2,1,7,5,2,0,1,0,0,200,200,1,0,0,2,200,200
0,200,30,0,0,2,1,12,5,2,0,1,0,0,0,200,200,11,0,0,200,200
0,200,30,0,0,2,1,12,5,2,0,1,0,0,0,200,200,11,0,0,55,200
0,200,30,1,2,2,1,14,3,200,0,1,0,0,1,200,200,13,16,0,20,200
0,200,30,1,2,2,1,14,3,200,0,1,0,0,1,200,200,13,16,0,36,200
0,200,30,0,0,2,1,7,5,200,0,1,0,0,200,200,1,0,200,2,200,200
0,200,30,1,2,2,1,10,5,200,0,1,0,0,200,200,200,18,200,0,26,200
0,200,30,1,2,2,1,10,5,200,0,1,0,0,200,200,200,18,200,0,34,200
1,200,30,1,2,2,1,10,5,200,0,1,0,0,200,200,200,18,200,1,45,200
1,200,30,1,2,2,1,10,5,200,0,1,0,0,200,200,200,18,200,1,50,200
0,200,30,200,200,2,200,14,2,2,0,1,200,0,1,200,1,0,34,1,200,200
0,200,30,200,200,2,200,14,2,2,0,1,200,0,1,200,1,0,34,1,29,200
0,200,30,0,0,2,1,10,5,200,0,1,0,0,200,200,200,0,0,1,62,200
0,200,30,0,0,2,1,10,5,200,0,1,0,0,200,200,200,0,0,0,58,200
0,200,30,0,0,2,1,2,2,4,0,1,0,0,0,200,200,21,34,1,34,200
0,200,35,1,2,2,1,12,3,3,0,1,0,0,200,200,200,16,200,0,28,200
0,200,35,1,2,2,1,12,3,3,0,1,0,0,200,200,200,16,200,0,49,200
0,200,30,0,0,2,1,12,5,4,0,1,0,0,200,200,200,22,200,0,49,200
0,200,30,0,0,2,1,12,5,4,0,1,0,0,200,200,200,22,200,1,26,200
0,200,30,0,0,2,1,10,5,200,2,1,0,1,200,200,200,16,11,1,200,200
0,200,30,0,0,2,1,10,5,200,2,1,0,1,200,200,200,16,11,0,43,200
0,0,30,1,2,2,1,3,2,200,0,1,0,1,1,200,200,0,17,1,79,200
0,0,30,1,2,2,1,3,2,200,0,1,0,1,1,200,200,0,17,0,25,200
0,0,30,1,2,2,1,3,2,200,0,1,0,1,1,200,200,0,17,0,37,200
1,0,30,1,2,2,1,3,2,200,0,1,0,1,1,200,200,0,17,1,47,200
0,200,30,1,2,2,1,14,6,3,0,1,0,0,1,200,200,23,200,1,200,200
0,200,30,1,2,2,1,14,6,3,0,1,0,0,1,200,200,23,200,0,200,200
0,200,30,0,0,0,1,10,7,99,0,1,0,0,200,200,1,11,0,1,200,200
0,200,30,0,0,0,1,10,7,99,0,1,0,0,200,200,1,11,0,0,46,200
0,200,15,0,0,2,1,7,0,1,0,1,0,0,200,200,1,0,200,2,200,200
2,200,30,0,0,2,1,10,5,2,0,1,0,0,200,200,200,22,14,0,200,200
0,200,30,0,0,2,1,10,5,2,0,1,0,0,200,200,200,22,14,0,200,200
0,200,30,0,0,2,1,10,5,2,0,1,0,0,200,200,200,22,14,0,62,200
0,200,30,0,0,2,1,10,5,2,0,1,0,0,200,200,200,22,14,0,50,200
0,200,30,2,2,2,1,0,5,200,0,1,0,0,1,200,200,20,200,0,200,200
0,200,30,2,2,2,1,0,5,200,0,1,0,0,1,200,200,20,200,0,44,200
0,200,30,1,2,2,2,12,5,200,0,1,0,0,1,200,1,27,17,2,200,200
0,200,30,1,2,2,2,12,5,200,0,1,0,0,1,200,1,27,17,0,20,200
0,200,55,0,0,2,1,10,3,2,0,1,0,0,200,200,200,16,200,0,25,200
0,200,55,0,0,2,1,10,3,2,0,1,0,0,200,200,200,16,200,0,48,200
1,200,55,0,0,2,1,10,3,2,0,1,0,0,200,200,200,16,200,1,200,200
1,200,55,0,0,2,1,10,3,2,0,1,0,0,200,200,200,16,200,0,200,200
1,200,55,0,0,2,1,10,3,2,0,1,0,0,200,200,200,16,200,0,200,200
0,200,30,0,0,2,1,12,3,200,0,1,0,0,200,200,1,14,34,0,200,200
0,200,30,0,0,2,1,12,3,200,0,1,0,0,200,200,1,14,34,1,37,200
0,200,30,0,0,2,1,11,2,1,0,1,0,0,200,200,1,22,34,0,200,200
0,200,30,0,0,2,1,11,2,1,0,1,0,0,200,200,1,22,34,0,40,200
0,200,15,0,0,2,1,0,7,1,0,1,200,0,200,1,200,0,0,0,52,200
0,200,15,0,0,2,1,0,7,1,0,1,200,0,200,1,200,0,0,0,59,200
0,200,30,1,2,2,1,10,1,2,0,1,0,0,1,200,1,18,0,2,200,200
0,200,30,1,2,2,1,10,1,2,0,1,0,0,1,200,1,18,0,1,36,200
0,200,30,0,0,2,1,14,5,200,0,1,0,0,200,200,200,17,200,0,53,200
0,200,30,0,0,2,1,14,5,200,0,1,0,0,200,200,200,17,200,1,39,200
0,200,25,0,0,2,1,0,5,200,0,1,0,0,200,200,200,200,200,1,21,200
0,200,25,0,0,2,1,0,5,200,0,1,0,0,200,200,200,200,200,0,38,200
0,200,30,2,2,2,1,10,5,200,0,1,0,0,200,200,200,0,0,0,48,200
0,200,30,2,2,2,1,10,5,200,0,1,0,0,200,200,200,0,0,1,70,200
1,200,30,2,2,2,1,10,5,200,0,1,0,0,200,200,200,0,0,1,52,200
0,200,20,0,0,2,1,14,2,2,0,1,200,0,200,200,1,23,22,2,200,200
0,200,20,0,0,2,1,14,2,2,0,1,200,0,200,200,1,23,22,1,53,200
0,200,30,1,2,2,1,14,5,2,0,1,0,0,1,200,200,0,0,0,200,200
0,200,30,1,2,2,1,14,5,2,0,1,0,0,1,200,200,0,0,1,200,200
0,200,30,1,2,2,1,0,5,200,0,1,0,1,1,200,200,6,200,0,70,200
0,200,30,1,2,2,1,0,5,200,0,1,0,1,1,200,200,6,200,0,200,200
1,200,30,1,2,2,1,0,5,200,0,1,0,1,1,200,200,6,200,1,83,200
0,200,30,0,0,2,1,10,3,4,0,1,0,1,200,200,200,18,18,0,22,200
0,200,30,0,0,2,1,10,3,4,0,1,0,1,200,200,200,18,18,0,38,200
0,200,30,0,0,2,1,10,3,4,0,1,0,1,200,200,200,18,18,0,63,200
0,200,30,0,0,2,1,10,3,4,0,1,0,1,200,200,200,18,18,1,54,200
0,200,30,1,2,2,1,12,5,4,0,1,0,0,1,200,200,21,0,0,200,200
0,200,30,1,2,2,1,12,5,4,0,1,0,0,1,200,200,21,0,0,64,200
1,200,30,1,2,2,1,12,5,4,0,1,0,0,1,200,200,21,0,0,200,200
1,200,30,1,2,2,1,12,5,4,0,1,0,0,1,200,200,21,0,1,200,200
0,200,30,0,0,2,1,0,6,200,0,1,0,0,200,200,200,20,200,0,44,200
0,200,30,0,0,2,1,0,6,200,0,1,0,0,200,200,200,20,200,1,32,200
0,200,30,0,0,2,1,12,5,2,0,1,0,0,200,200,1,0,200,0,200,200
0,200,30,0,0,2,1,12,5,2,0,1,0,0,200,200,1,0,200,1,32,200
0,200,35,0,0,2,1,12,6,4,0,1,0,0,200,200,200,0,200,1,32,200
0,200,35,0,0,2,1,12,6,4,0,1,0,0,200,200,200,0,200,0,27,200
0,200,30,0,0,2,1,10,6,2,0,1,0,0,200,200,200,18,200,0,28,200
0,200,30,0,0,2,1,10,6,2,0,1,0,0,200,200,200,18,200,0,38,200
0,200,30,0,0,2,1,10,5,2,0,1,0,0,200,200,200,0,0,1,21,200
0,200,30,0,0,2,1,10,5,2,0,1,0,0,200,200,200,0,0,1,26,200
0,200,30,2,0,2,1,14,2,4,0,1,0,1,1,200,200,33,0,0,22,200
0,200,30,2,0,2,1,14,2,4,0,1,0,1,1,200,200,33,0,1,18,200
0,200,10,12,12,2,1,10,7,200,0,1,0,0,200,200,200,20,20,0,53,200
0,200,10,12,12,2,1,10,7,200,0,1,0,0,200,200,200,20,20,0,53,200
0,200,30,0,0,2,1,14,5,4,0,1,0,1,200,200,1,0,0,2,200,200
0,200,30,0,0,2,1,14,5,4,0,1,0,1,200,200,1,0,0,0,25,200
0,200,30,2,2,2,1,8,12,1,0,1,0,1,200,200,1,17,17,2,200,200
4,200,30,2,2,2,1,8,12,1,0,1,0,1,200,200,1,17,17,0,21,200
0,200,35,1,2,2,1,10,5,200,0,1,0,0,1,200,1,18,200,0,200,200
0,200,35,1,2,2,1,10,5,200,0,1,0,0,1,200,1,18,200,0,200,200
0,200,30,1,2,2,1,0,5,2,0,1,0,0,1,200,1,6,17,0,200,200
0,200,30,1,2,2,1,0,5,2,0,1,0,0,1,200,1,6,17,1,27,200
1,200,30,1,2,2,1,0,5,2,0,1,0,0,1,200,1,6,17,1,200,200
1,200,30,1,2,2,1,0,5,2,0,1,0,0,1,200,1,6,17,1,200,200
1,200,30,1,2,2,1,0,5,2,0,1,0,0,1,200,1,6,17,0,200,200
0,200,30,2,2,2,1,14,2,4,0,1,0,1,1,200,200,0,0,1,27,200
0,200,30,2,2,2,1,14,2,4,0,1,0,1,1,200,200,0,0,1,25,200
1,200,30,2,2,2,1,14,2,4,0,1,0,1,1,200,200,0,0,1,35,200
1,200,30,2,2,2,1,14,2,4,0,1,0,1,1,200,200,0,0,1,200,200
1,200,30,2,2,2,1,14,2,4,0,1,0,1,1,200,200,0,0,0,200,200
1,200,30,2,2,2,1,14,2,4,0,1,0,1,1,200,200,0,0,200,200,200
1,200,30,2,2,2,1,14,2,4,0,1,0,1,1,200,200,0,0,1,200,200
1,200,30,2,2,2,1,14,2,4,0,1,0,1,1,200,200,0,0,1,200,200
0,200,30,0,0,2,1,3,5,200,0,1,0,0,200,200,200,20,0,1,29,200
0,200,30,0,0,2,1,3,5,200,0,1,0,0,200,200,200,20,0,1,40,200
1,200,30,0,0,2,1,3,5,200,0,1,0,0,200,200,200,20,0,1,12,200
1,200,30,0,0,2,1,3,5,200,0,1,0,0,200,200,200,20,0,1,11,200
1,200,30,0,0,2,1,3,5,200,0,1,0,0,200,200,200,20,0,0,6,200
1,200,30,0,0,2,1,3,5,200,0,1,0,0,200,200,200,20,0,1,40,200
1,200,30,0,0,2,1,3,5,200,0,1,0,0,200,200,200,20,0,1,45,200
1,200,30,0,0,2,1,3,5,200,0,1,0,0,200,200,200,20,0,0,58,200
0,200,30,1,2,2,1,14,2,2,0,1,0,1,1,200,200,22,16,0,36,200
0,200,30,1,2,2,1,14,2,2,0,1,0,1,1,200,200,22,16,1,60,200
0,200,10,0,0,2,1,0,7,0,0,1,0,0,200,200,200,0,0,0,200,200
0,200,10,0,0,2,1,0,7,0,0,1,0,0,200,200,200,0,0,1,18,200
1,200,10,0,0,2,1,0,7,0,0,1,0,0,200,200,200,0,0,0,18,200
0,200,30,0,0,200,0,7,0,1,0,200,200,0,200,200,1,0,0,2,200,200
0,200,30,0,0,2,1,10,5,200,0,1,0,0,200,200,200,18,18,0,25,200
0,200,30,0,0,2,1,10,5,200,0,1,0,0,200,200,200,18,18,1,47,200
1,200,30,0,0,2,1,10,5,200,0,1,0,0,200,200,200,18,18,0,18,200
1,200,30,0,0,2,1,10,5,200,0,1,0,0,200,200,200,18,18,1,15,200
1,200,30,0,0,2,1,10,5,200,0,1,0,0,200,200,200,18,18,0,12,200
0,200,30,0,0,2,1,10,3,4,0,1,200,1,200,200,200,18,200,1,34,200
0,200,30,0,0,2,1,10,3,4,0,1,200,1,200,200,200,18,200,0,28,200
1,200,30,0,0,2,1,10,3,4,0,1,200,1,200,200,200,18,200,0,26,200
0,200,30,11,0,2,1,2,5,200,0,1,0,0,200,200,1,16,0,2,200,200
0,200,30,2,2,2,1,0,2,200,0,1,0,1,1,200,1,22,200,0,200,200
0,200,30,2,2,2,1,0,2,200,0,1,0,1,1,200,1,22,200,1,46,200
0,200,30,0,0,2,1,10,5,200,0,1,0,1,200,200,200,200,200,0,79,200
0,200,30,0,0,2,1,10,5,200,0,1,0,1,200,200,200,200,200,0,22,200
0,200,30,0,0,2,1,14,5,200,0,1,0,0,200,200,200,200,200,0,41,200
0,200,30,0,0,2,1,14,5,200,0,1,0,0,200,200,200,200,200,0,37,200
0,200,35,0,0,2,1,0,2,200,0,1,0,0,200,200,200,16,200,1,24,200
0,200,35,0,0,2,1,0,2,200,0,1,0,0,200,200,200,16,200,0,52,200
1,200,35,0,0,2,1,0,2,200,0,1,0,0,200,200,200,16,200,0,200,200
0,200,30,1,2,2,1,12,2,4,1,1,0,0,1,200,200,21,200,0,39,200
0,200,30,1,2,2,1,12,2,4,1,1,0,0,1,200,200,21,200,0,44,200
0,200,30,1,2,2,1,14,5,4,0,1,0,0,1,200,200,17,11,0,78,200
0,200,30,1,2,2,1,14,5,4,0,1,0,0,1,200,200,17,11,0,43,200
1,200,30,1,2,2,1,14,5,4,0,1,0,0,1,200,200,17,11,0,52,200
1,200,30,1,2,2,1,14,5,4,0,1,0,0,1,200,200,17,11,1,65,200
1,200,30,1,2,2,1,14,5,4,0,1,0,0,1,200,200,17,11,0,15,200
1,200,30,1,2,2,1,14,5,4,0,1,0,0,1,200,200,17,11,1,40,200
1,200,30,1,2,2,1,14,5,4,0,1,0,0,1,200,200,17,11,1,9,200
1,200,30,1,2,2,1,14,5,4,0,1,0,0,1,200,200,17,11,0,10,200
0,200,30,200,200,200,1,0,2,4,0,1,200,0,200,200,200,0,0,0,39,200
0,200,30,200,200,200,1,0,2,4,0,1,200,0,200,200,200,0,0,1,54,200
0,200,30,1,2,1,1,9,5,200,0,1,0,1,1,200,200,17,200,0,66,200
5,200,30,1,2,1,1,9,5,200,0,1,0,1,1,200,200,17,200,1,42,200
0,200,30,2,2,2,1,14,5,200,0,1,0,0,200,200,200,5,16,1,200,200
0,200,30,2,2,2,1,14,5,200,0,1,0,0,200,200,200,5,16,1,52,200
0,200,30,0,0,2,1,7,5,200,0,1,0,0,200,200,1,200,200,0,200,200
0,200,30,1,2,1,1,10,2,2,0,0,0,0,200,200,200,18,12,0,17,200
0,200,30,1,2,1,1,10,2,2,0,0,0,0,200,200,200,18,12,0,52,200
0,200,0,0,0,2,1,7,7,200,0,1,200,0,200,1,200,0,0,1,41,200
0,200,30,0,0,2,1,7,6,1,0,1,0,1,200,200,200,25,22,0,20,200
0,200,30,0,0,2,1,7,6,1,0,1,0,1,200,200,200,25,22,0,45,200
0,200,30,0,0,2,1,7,6,1,0,1,0,1,200,200,200,25,22,0,35,200
1,200,30,0,0,2,1,7,6,1,0,1,0,1,200,200,200,25,22,0,21,200
0,200,30,0,0,2,1,12,5,200,0,1,0,0,200,200,200,17,200,0,25,200
0,200,30,0,0,2,1,12,5,200,0,1,0,0,200,200,200,17,200,1,48,200
0,200,30,0,0,2,1,14,5,4,2,1,0,0,200,200,200,0,23,1,34,200
0,200,30,0,0,2,1,14,5,4,2,1,0,0,200,200,200,0,23,0,63,200
1,200,30,0,0,2,1,14,5,4,2,1,0,0,200,200,200,0,23,1,200,200
0,200,30,1,2,2,1,7,5,4,0,1,0,1,1,200,200,15,34,0,58,200
0,200,30,0,0,0,1,10,5,4,0,1,0,0,200,200,200,0,200,0,32,200
0,200,30,0,0,0,1,10,5,4,0,1,0,0,200,200,200,0,200,1,25,200
0,200,30,1,2,0,1,10,2,2,0,1,0,1,200,200,200,18,15,1,25,200
0,200,30,1,2,0,1,10,2,2,0,1,0,1,200,200,200,18,15,0,67,200
0,200,30,0,0,2,1,10,5,200,0,1,0,0,200,200,1,0,200,2,200,200
0,200,30,0,0,2,1,10,5,200,0,1,0,0,200,200,1,0,200,1,38,200
0,200,30,1,2,0,0,10,6,0,0,0,0,0,1,200,1,18,200,0,200,200
0,200,30,1,2,0,0,10,6,0,0,0,0,0,1,200,1,18,200,1,48,200
0,200,30,0,0,2,1,10,5,4,0,1,0,0,200,200,200,18,0,1,200,200
0,200,30,0,0,2,1,10,5,4,0,1,0,0,200,200,200,18,0,1,34,200
0,200,30,0,0,0,1,7,5,200,0,0,0,0,200,200,200,200,200,0,40,200
1,200,30,0,0,0,1,7,5,200,0,0,0,0,200,200,200,200,200,0,200,200
0,200,30,0,0,2,1,12,5,200,0,1,0,0,200,200,200,21,0,1,41,200
0,200,30,0,0,2,1,12,5,200,0,1,0,0,200,200,200,21,0,0,54,200
0,200,30,0,0,2,1,14,5,2,0,1,0,0,200,200,200,0,200,0,53,200
0,200,30,0,0,2,1,14,5,2,0,1,0,0,200,200,200,0,200,0,23,200
0,200,30,0,0,2,1,14,3,0,0,1,0,0,1,200,200,33,34,1,63,200
0,200,30,0,0,2,1,14,3,0,0,1,0,0,1,200,200,33,34,0,45,200
0,200,30,0,0,2,1,14,2,4,0,1,0,1,200,200,200,23,200,0,52,200
0,200,30,0,0,2,1,14,2,4,0,1,0,1,200,200,200,23,200,1,30,200
1,200,30,0,0,2,1,14,2,4,0,1,0,1,200,200,200,23,200,1,49,200
0,200,30,0,0,2,1,14,5,200,0,0,0,0,200,200,200,6,6,1,61,200
0,200,30,0,0,2,1,14,5,200,0,0,0,0,200,200,200,6,6,1,34,200
0,200,30,1,2,2,1,10,2,2,0,1,200,0,1,200,0,18,0,0,35,200
0,200,30,1,2,2,1,10,2,2,0,1,200,0,1,200,0,18,0,0,52,200
0,200,30,0,0,2,1,2,2,200,0,1,0,1,200,200,200,23,23,1,29,200
0,200,30,1,2,2,1,10,5,2,0,1,0,0,200,200,200,18,16,1,30,200
0,200,30,1,2,2,1,10,5,2,0,1,0,0,200,200,200,18,16,1,51,200
0,200,30,0,0,2,1,9,3,4,0,1,0,1,200,200,200,16,34,0,52,200
5,200,30,0,0,2,1,9,3,4,0,1,0,1,200,200,200,16,34,1,81,200
0,200,30,1,2,2,1,10,5,2,0,1,200,0,200,200,200,18,200,1,21,200
0,200,30,1,2,2,1,10,5,2,0,1,200,0,200,200,200,18,200,1,44,200
0,200,30,0,0,2,1,12,5,2,0,1,0,1,1,200,200,16,18,0,57,200
0,200,30,0,0,2,1,12,5,2,0,1,0,1,1,200,200,16,18,0,23,200
0,1,30,1,2,2,1,0,2,4,0,1,0,1,1,200,200,6,6,0,21,200
0,1,30,1,2,2,1,0,2,4,0,1,0,1,1,200,200,6,6,1,22,200
1,1,30,1,2,2,1,0,2,4,0,1,0,1,1,200,200,6,6,0,0,200
1,1,30,1,2,2,1,0,2,4,0,1,0,1,1,200,200,6,6,1,3,200
0,200,30,0,0,0,1,10,2,200,0,1,0,0,200,200,200,0,200,1,29,200
0,200,30,0,0,0,1,10,2,200,0,1,0,0,200,200,200,0,200,1,76,200
1,200,30,0,0,0,1,10,2,200,0,1,0,0,200,200,200,0,200,0,40,200
1,200,30,0,0,0,1,10,2,200,0,1,0,0,200,200,200,0,200,1,15,200
1,200,30,0,0,0,1,10,2,200,0,1,0,0,200,200,200,0,200,1,2,200
0,200,30,1,2,1,1,14,5,200,0,1,0,0,200,200,200,18,200,1,46,200
0,200,30,1,2,1,1,14,5,200,0,1,0,0,200,200,200,18,200,0,53,200
0,200,30,0,0,1,1,0,2,4,0,0,0,0,200,200,200,17,0,0,52,200
0,200,30,0,0,1,1,0,2,4,0,0,0,0,200,200,200,17,0,0,21,200
0,200,20,0,0,0,1,10,2,2,0,1,200,0,200,200,200,20,20,0,33,200
0,200,20,0,0,0,1,10,2,2,0,1,200,0,200,200,200,20,20,0,22,200
0,200,30,0,0,2,1,7,5,2,0,1,0,1,200,200,200,13,200,0,0,200
0,200,30,2,2,2,1,2,5,2,3,1,0,1,200,200,200,12,200,0,44,200
0,200,30,0,200,2,1,14,0,2,0,1,200,0,200,200,200,0,0,1,200,200
0,200,30,0,200,2,1,14,0,2,0,1,200,0,200,200,200,0,0,0,32,200
0,200,30,0,0,2,1,7,5,200,0,1,0,1,200,200,1,0,0,2,200,200
0,200,30,2,0,2,1,0,5,200,0,1,0,0,200,200,200,17,0,0,79,200
0,200,30,2,0,2,1,0,5,200,0,1,0,0,200,200,200,17,0,0,83,200
0,200,30,1,2,0,1,14,5,200,0,0,0,0,200,200,200,11,11,0,200,200
0,200,30,1,2,0,1,14,5,200,0,0,0,0,200,200,200,11,11,0,67,200
0,200,30,2,2,2,1,2,2,2,0,1,200,0,1,200,1,17,0,0,24,200
1,200,30,2,2,2,1,2,2,2,0,1,200,0,1,200,1,17,0,0,23,200
0,200,20,1,2,2,1,12,2,4,3,1,0,0,200,200,200,21,21,0,48,200
0,200,20,1,2,2,1,12,2,4,3,1,0,0,200,200,200,21,21,1,45,200
0,200,30,0,0,2,1,0,5,200,0,1,0,0,200,200,200,0,200,1,200,200
0,200,30,0,0,2,1,0,5,200,0,1,0,0,200,200,200,0,200,0,36,200
1,200,30,0,0,2,1,0,5,200,0,1,0,0,200,200,200,0,200,0,200,200
0,200,30,0,0,2,1,10,3,200,0,1,0,0,1,200,1,0,0,0,49,200
0,200,30,0,0,2,1,10,3,200,0,1,0,0,1,200,1,0,0,0,25,200
1,200,30,0,0,2,1,10,3,200,0,1,0,0,1,200,1,0,0,1,22,200
0,200,30,0,0,2,1,12,5,200,0,1,0,0,200,200,200,17,200,0,35,200
0,200,30,0,0,2,1,12,5,200,0,1,0,0,200,200,200,17,200,0,53,200
0,200,30,1,2,2,1,14,5,2,0,1,0,0,1,200,200,21,23,0,48,200
0,200,30,1,2,2,1,14,5,2,0,1,0,0,1,200,200,21,23,0,65,200
0,200,30,1,2,2,4,0,12,200,0,1,0,1,1,200,200,0,0,0,67,200
0,200,30,1,2,2,4,0,12,200,0,1,0,1,1,200,200,0,0,1,27,200
0,200,30,1,2,2,4,0,12,200,0,1,0,1,1,200,200,0,0,0,48,200
0,200,30,1,2,2,4,0,12,200,0,1,0,1,1,200,200,0,0,1,46,200
0,200,5,0,0,2,1,2,7,0,0,1,0,1,200,1,200,11,33,1,19,200
0,200,30,0,0,2,1,14,5,2,0,1,0,0,200,200,200,23,200,1,80,200
0,200,30,0,0,2,1,14,5,2,0,1,0,0,200,200,200,23,200,0,40,200
0,200,30,1,2,2,1,12,2,200,0,1,0,0,200,200,200,0,0,1,35,200
0,200,30,1,2,2,1,12,2,200,0,1,0,0,200,200,200,0,0,1,55,200
0,200,15,0,0,2,1,0,6,200,0,1,0,0,200,200,200,17,200,0,0,200
0,200,15,0,0,2,1,0,6,200,0,1,0,0,200,200,200,17,200,0,50,200
1,200,15,0,0,2,1,0,6,200,0,1,0,0,200,200,200,17,200,0,200,200
0,200,30,0,0,1,1,12,5,200,0,0,0,0,200,200,200,1,200,0,200,200
0,200,30,0,0,1,1,12,5,200,0,0,0,0,200,200,200,1,200,1,34,200
0,200,30,0,0,2,1,10,5,2,0,1,200,0,200,200,1,0,0,1,25,200
0,200,30,0,0,2,1,10,5,2,0,1,200,0,200,200,1,0,0,1,200,200
0,200,25,1,2,1,1,7,5,3,0,1,0,0,200,200,200,11,200,1,200,200
0,200,30,0,0,2,1,10,5,200,0,1,0,0,200,200,200,0,0,0,22,200
0,200,30,0,0,2,1,10,5,200,0,1,0,0,200,200,200,0,0,1,28,200
0,200,30,1,2,0,1,10,5,2,0,0,0,0,200,200,200,20,200,0,200,200
0,200,30,1,2,0,1,10,5,2,0,0,0,0,200,200,200,20,200,0,47,200
0,200,5,0,0,0,1,10,7,200,0,1,200,0,200,1,200,20,11,1,30,200
0,200,5,0,0,0,1,10,7,200,0,1,200,0,200,1,200,20,11,0,55,200
1,200,5,0,0,0,1,10,7,200,0,1,200,0,200,1,200,20,11,1,39,200
0,200,30,0,0,1,1,10,5,2,0,1,0,0,200,200,1,18,0,0,200,200
0,200,30,0,0,1,1,10,5,2,0,1,0,0,200,200,1,18,0,0,75,200
0,200,30,0,0,2,1,10,5,200,0,1,0,0,200,200,200,0,200,0,28,200
0,200,30,0,0,2,1,10,5,200,0,1,0,0,200,200,200,0,200,1,52,200
0,200,15,0,0,2,1,0,0,1,0,1,0,0,200,200,200,0,17,0,30,200
0,200,15,0,0,2,1,0,0,1,0,1,0,0,200,200,200,0,17,1,62,200
0,200,30,0,0,2,1,0,5,200,0,1,0,1,200,200,200,31,17,1,32,200
0,200,30,0,0,2,1,0,5,200,0,1,0,1,200,200,200,31,17,1,27,200
1,200,30,0,0,2,1,0,5,200,0,1,0,1,200,200,200,31,17,1,24,200
0,200,30,0,0,2,1,7,5,2,0,1,0,0,200,200,1,0,200,2,200,200
0,200,0,200,200,0,1,7,6,1,0,0,200,0,200,200,1,0,0,2,200,200