PERSON_TYPE,CRASH_DATE_EST_I,POSTED_SPEED_LIMIT,TRAFFIC_CONTROL_DEVICE,DEVICE_CONDITION,WEATHER_CONDITION,LIGHTING_CONDITION,FIRST_CRASH_TYPE,TRAFFICWAY_TYPE,LANE_CNT,ALIGNMENT,ROADWAY_SURFACE_COND,ROAD_DEFECT,CRASH_TYPE,INTERSECTION_RELATED_I,NOT_RIGHT_OF_WAY_I,HIT_AND_RUN_I,PRIM_CONTRIBUTORY_CAUSE,SEC_CONTRIBUTORY_CAUSE,SEX,AGE,BAC_RESULT VALUE
0,200,15,0,0,2,1,7,7,200,0,1,0,0,200,200,200,0,0,0,57,200
0,200,30,0,0,1,1,0,2,200,0,1,0,1,200,200,1,17,200,0,200,200
0,200,30,0,0,1,1,0,2,200,0,1,0,1,200,200,1,17,200,0,56,200
0,200,30,2,2,2,1,14,3,4,0,1,0,0,1,200,200,17,34,0,36,200
0,200,30,2,2,2,1,14,3,4,0,1,0,0,1,200,200,17,34,1,25,200
0,200,30,1,2,0,1,10,5,2,0,0,0,0,200,200,200,18,200,1,39,200
0,200,30,1,2,0,1,10,5,2,0,0,0,0,200,200,200,18,200,0,37,200
0,200,30,0,0,0,1,0,4,200,0,0,0,0,200,200,200,200,200,1,21,200
0,200,30,0,0,0,1,0,4,200,0,0,0,0,200,200,200,200,200,0,40,200
1,200,30,0,0,0,1,0,4,200,0,0,0,0,200,200,200,200,200,1,200,200
0,200,30,1,2,2,1,9,6,4,0,1,0,1,1,200,1,0,0,1,200,200
5,200,30,1,2,2,1,9,6,4,0,1,0,1,1,200,1,0,0,1,44,200
0,200,30,1,2,0,1,10,2,200,0,1,0,0,200,200,200,16,18,1,63,200
0,200,30,1,2,0,1,10,2,200,0,1,0,0,200,200,200,16,18,1,43,200
0,0,35,0,0,2,1,7,3,2,0,1,0,0,200,200,200,16,200,2,200,200
0,200,30,0,0,2,1,5,0,1,0,0,0,0,200,1,200,0,0,0,200,200
0,200,30,0,0,0,1,12,5,3,0,1,0,0,200,200,1,22,200,0,200,200
0,200,30,0,0,0,1,12,5,3,0,1,0,0,200,200,1,22,200,1,48,200
1,200,30,0,0,0,1,12,5,3,0,1,0,0,200,200,1,22,200,0,200,200
1,200,30,0,0,0,1,12,5,3,0,1,0,0,200,200,1,22,200,1,200,200
0,200,30,2,2,2,1,10,2,2,0,1,0,1,200,1,1,0,0,0,200,200
0,200,30,2,2,2,1,10,2,2,0,1,0,1,200,1,1,0,0,1,27,200
0,200,30,2,2,2,1,10,2,2,0,1,0,1,200,1,1,0,0,0,49,200
1,200,30,2,2,2,1,10,2,2,0,1,0,1,200,1,1,0,0,0,16,200
1,200,30,2,2,2,1,10,2,2,0,1,0,1,200,1,1,0,0,0,33,200
0,200,30,200,200,2,1,12,5,2,0,1,200,0,200,200,0,22,200,2,200,200
0,200,30,200,200,2,1,12,5,2,0,1,200,0,200,200,0,22,200,0,57,200
0,200,30,0,0,2,1,10,2,2,0,1,0,0,1,200,1,0,200,0,200,200
0,200,30,0,0,2,1,10,2,2,0,1,0,0,1,200,1,0,200,0,67,200
0,200,35,200,200,2,1,14,2,200,0,1,200,0,1,200,200,21,200,0,61,200
0,200,35,200,200,2,1,14,2,200,0,1,200,0,1,200,200,21,200,0,29,200
0,200,30,0,0,2,1,12,5,200,0,1,0,0,200,200,200,21,0,0,52,200
0,200,30,0,0,2,1,12,5,200,0,1,0,0,200,200,200,21,0,1,36,200
0,200,30,2,0,2,4,10,5,2,0,1,200,0,200,200,200,20,9,1,24,200
0,200,30,2,0,2,4,10,5,2,0,1,200,0,200,200,200,20,9,1,29,200
0,200,30,200,200,2,1,12,3,200,0,1,200,0,200,200,200,22,22,0,71,200
0,200,30,200,200,2,1,12,3,200,0,1,200,0,200,200,200,22,22,1,50,200
1,200,30,200,200,2,1,12,3,200,0,1,200,0,200,200,200,22,22,0,9,200
0,200,30,0,0,0,4,0,5,200,0,1,0,0,200,200,200,0,0,1,60,200
0,200,30,0,0,0,4,0,5,200,0,1,0,0,200,200,200,0,0,0,38,200
0,200,30,0,0,1,1,11,6,1,0,1,0,0,200,200,200,0,0,1,65,200
0,200,30,0,0,1,1,11,6,1,0,1,0,0,200,200,200,0,0,1,36,200
0,200,30,0,0,2,1,12,2,200,0,1,0,0,200,200,200,22,200,0,23,200
0,200,30,0,0,2,1,12,2,200,0,1,0,0,200,200,200,22,200,1,39,200
0,200,30,0,0,0,1,14,5,200,0,0,0,0,200,200,1,200,200,1,200,200
0,200,30,0,0,0,1,14,5,200,0,0,0,0,200,200,1,200,200,0,39,200
0,200,40,0,0,0,1,2,3,4,0,0,0,1,200,200,200,7,0,0,40,200
0,200,45,0,0,0,1,10,3,4,0,0,0,0,200,200,200,18,0,0,52,200
0,200,45,0,0,0,1,10,3,4,0,0,0,0,200,200,200,18,0,1,44,200
1,200,45,0,0,0,1,10,3,4,0,0,0,0,200,200,200,18,0,1,200,200
0,200,5,0,0,2,1,0,7,0,0,1,0,0,200,1,200,20,0,0,51,200
0,200,5,0,0,2,1,0,7,0,0,1,0,0,200,1,200,20,0,0,42,200
1,200,5,0,0,2,1,0,7,0,0,1,0,0,200,1,200,20,0,0,200,200
0,200,30,0,0,2,4,10,5,2,0,1,0,1,200,200,200,18,0,0,54,200
0,200,30,0,0,2,4,10,5,2,0,1,0,1,200,200,200,18,0,0,33,200
0,200,30,1,200,0,1,10,2,200,0,0,200,0,200,200,200,0,0,1,0,200
0,200,30,1,200,0,1,10,2,200,0,0,200,0,200,200,200,0,0,0,33,200
1,200,30,1,200,0,1,10,2,200,0,0,200,0,200,200,200,0,0,0,200,200
0,200,30,1,2,0,2,8,2,4,0,1,0,1,200,200,200,18,0,1,39,200
4,200,30,1,2,0,2,8,2,4,0,1,0,1,200,200,200,18,0,0,63,200
0,200,30,0,0,0,1,10,5,2,0,0,0,0,200,200,200,18,16,1,30,200
0,200,30,0,0,0,1,10,5,2,0,0,0,0,200,200,200,18,16,0,19,200
0,200,30,2,2,1,1,8,5,2,0,0,0,1,1,200,200,17,5,1,36,200
4,200,30,2,2,1,1,8,5,2,0,0,0,1,1,200,200,17,5,0,20,200
0,200,30,0,0,2,1,7,5,2,0,1,0,0,200,200,1,0,200,2,200,200
0,200,30,0,0,0,1,10,5,1,0,1,0,0,200,200,200,18,200,0,20,200
0,200,30,0,0,0,1,10,5,1,0,1,0,0,200,200,200,18,200,1,64,200
0,200,35,200,200,200,3,7,3,200,0,200,200,0,200,200,200,0,200,2,200,200
0,200,25,2,2,2,1,0,5,200,0,1,0,1,200,200,200,5,200,1,36,200
0,200,25,2,2,2,1,0,5,200,0,1,0,1,200,200,200,5,200,0,66,200
0,200,30,1,2,2,1,0,3,6,0,1,0,1,1,200,200,6,11,0,29,200
0,200,30,1,2,2,1,0,3,6,0,1,0,1,1,200,200,6,11,1,26,200
0,200,30,1,2,2,4,12,3,4,0,0,0,0,200,200,200,21,200,0,31,200
0,200,30,1,2,2,4,12,3,4,0,0,0,0,200,200,200,21,200,1,26,200
0,200,30,0,0,2,1,12,5,4,0,1,0,0,200,200,200,0,0,1,28,200
0,200,30,0,0,2,1,12,5,4,0,1,0,0,200,200,200,0,0,0,31,200
0,200,35,2,2,0,4,14,5,200,0,0,0,0,1,200,200,23,200,0,200,200
0,200,35,2,2,0,4,14,5,200,0,0,0,0,1,200,200,23,200,1,200,200
0,200,30,2,2,2,1,12,3,6,0,1,0,0,200,200,200,4,21,0,43,200
0,200,30,2,2,2,1,12,3,6,0,1,0,0,200,200,200,4,21,0,30,200
0,200,30,1,2,0,1,12,6,200,0,1,0,0,1,200,200,0,200,0,200,200
0,200,30,1,2,0,1,12,6,200,0,1,0,0,1,200,200,0,200,0,200,200
1,200,30,1,2,0,1,12,6,200,0,1,0,0,1,200,200,0,200,1,200,200
0,200,30,2,2,6,2,10,5,2,0,1,0,0,200,200,200,18,200,0,42,200
0,200,30,2,2,6,2,10,5,2,0,1,0,0,200,200,200,18,200,0,75,200
1,200,30,2,2,6,2,10,5,2,0,1,0,0,200,200,200,18,200,0,46,200
0,200,30,0,0,0,1,7,5,200,0,0,0,0,200,200,200,0,0,0,63,200
0,200,30,1,2,2,1,14,1,200,0,1,0,0,200,200,200,22,11,1,47,200
0,200,30,1,2,2,1,14,1,200,0,1,0,0,200,200,200,22,11,0,57,200
4,200,25,0,0,0,1,8,5,200,0,0,200,0,200,200,1,0,0,0,200,200
0,200,30,1,200,0,4,14,5,3,0,0,200,0,200,200,200,0,200,0,29,200
0,200,30,1,200,0,4,14,5,3,0,0,200,0,200,200,200,0,200,0,60,200
0,200,30,0,0,0,1,7,7,200,0,0,0,0,200,1,1,200,200,2,200,200
0,200,30,0,0,0,4,14,2,200,0,1,0,0,200,200,200,0,0,0,71,200
0,200,30,0,0,0,4,14,2,200,0,1,0,0,200,200,200,0,0,1,23,200
0,200,30,1,2,0,3,12,2,4,0,0,0,1,200,200,200,22,18,0,38,200
0,200,30,1,2,0,3,12,2,4,0,0,0,1,200,200,200,22,18,1,48,200
0,200,15,0,0,2,1,2,0,1,0,1,200,1,200,200,200,11,34,0,13,200
0,200,25,200,200,2,1,12,6,1,0,1,200,0,200,200,200,0,0,1,81,200
0,200,25,200,200,2,1,12,6,1,0,1,200,0,200,200,200,0,0,1,200,200
1,200,25,200,200,2,1,12,6,1,0,1,200,0,200,200,200,0,0,0,200,200
0,200,30,1,2,12,3,14,5,200,0,1,0,1,200,200,200,17,11,1,23,200
0,200,30,1,2,12,3,14,5,200,0,1,0,1,200,200,200,17,11,1,19,200
0,200,30,3,2,1,1,12,2,4,0,1,0,0,200,200,200,0,0,0,31,200
0,200,30,3,2,1,1,12,2,4,0,1,0,0,200,200,200,0,0,0,45,200
0,200,30,0,0,2,3,10,5,2,0,1,0,0,200,200,200,0,0,1,29,200
0,200,30,0,0,2,3,10,5,2,0,1,0,0,200,200,200,0,0,0,21,200
0,200,25,0,0,2,3,7,6,1,0,1,200,0,200,200,200,11,25,2,200,200
0,200,30,0,0,200,3,7,5,2,0,200,200,0,200,200,1,0,200,0,200,200
0,200,30,1,2,2,3,10,6,200,0,1,0,1,200,200,200,14,16,1,34,200
0,200,30,1,2,2,3,10,6,200,0,1,0,1,200,200,200,14,16,1,43,200
0,200,30,1,2,2,3,10,6,200,0,1,0,1,200,200,200,14,16,0,42,200
1,200,30,1,2,2,3,10,6,200,0,1,0,1,200,200,200,14,16,0,43,200
0,200,35,1,2,2,3,14,5,4,0,1,0,1,1,200,200,0,11,0,53,200
0,200,35,1,2,2,3,14,5,4,0,1,0,1,1,200,200,0,11,0,61,200
0,200,40,200,200,2,200,10,3,200,0,1,200,0,200,200,200,18,200,1,29,200
0,200,40,200,200,2,200,10,3,200,0,1,200,0,200,200,200,18,200,0,30,200
0,200,30,0,200,2,1,14,0,200,0,1,0,0,200,200,200,17,0,0,19,200
0,200,30,0,200,2,1,14,0,200,0,1,0,0,200,200,200,17,0,1,34,200
1,200,30,0,200,2,1,14,0,200,0,1,0,0,200,200,200,17,0,0,10,200
0,200,30,0,0,2,1,12,6,3,0,1,0,0,200,200,200,0,0,0,24,200
0,200,30,0,0,2,1,12,6,3,0,1,0,0,200,200,200,0,0,0,33,200
0,0,30,1,2,2,3,14,2,4,0,1,0,0,1,200,200,23,0,0,32,200
0,0,30,1,2,2,3,14,2,4,0,1,0,0,1,200,200,23,0,0,46,200
0,200,45,0,0,0,3,12,3,200,0,0,0,0,200,200,200,21,200,0,62,200
0,200,45,0,0,0,3,12,3,200,0,0,0,0,200,200,200,21,200,0,21,200
1,200,45,0,0,0,3,12,3,200,0,0,0,0,200,200,200,21,200,1,61,200
0,200,30,2,0,2,3,7,5,2,0,1,0,0,200,200,1,14,34,1,200,200
1,200,30,2,0,2,3,7,5,2,0,1,0,0,200,200,1,14,34,0,200,200
0,200,30,1,200,0,0,10,5,4,0,1,200,0,200,200,200,0,0,0,32,200
0,200,30,1,200,0,0,10,5,4,0,1,200,0,200,200,200,0,0,1,38,200
1,200,30,1,200,0,0,10,5,4,0,1,200,0,200,200,200,0,0,1,14,200
0,200,30,1,2,0,0,10,5,200,0,1,0,0,200,200,1,0,200,0,200,200
0,200,30,1,2,0,0,10,5,200,0,1,0,0,200,200,1,0,200,1,200,200
0,200,30,1,2,0,0,10,5,200,0,1,0,0,200,200,1,0,200,0,59,200
1,200,30,1,2,0,0,10,5,200,0,1,0,0,200,200,1,0,200,0,57,200
0,200,5,0,0,12,3,2,7,1,0,0,0,1,200,200,200,7,11,1,23,200
0,200,30,0,0,0,4,10,5,200,0,1,0,0,200,200,200,200,200,1,22,200
0,200,30,0,0,0,4,10,5,200,0,1,0,0,200,200,200,200,200,0,20,200
1,200,30,0,0,0,4,10,5,200,0,1,0,0,200,200,200,200,200,0,200,200
1,200,30,0,0,0,4,10,5,200,0,1,0,0,200,200,200,200,200,0,200,200
1,200,30,0,0,0,4,10,5,200,0,1,0,0,200,200,200,200,200,1,200,200
0,200,30,1,2,0,3,14,2,200,0,1,200,1,1,200,200,23,200,0,25,200
0,200,30,1,2,0,3,14,2,200,0,1,200,1,1,200,200,23,200,0,29,200
1,200,30,1,2,0,3,14,2,200,0,1,200,1,1,200,200,23,200,0,200,200
0,200,15,2,2,2,3,7,5,2,0,1,200,1,200,200,200,34,200,0,24,200
0,200,30,1,2,1,1,10,3,4,0,1,200,0,1,200,200,18,18,0,22,200
0,200,30,1,2,1,1,10,3,4,0,1,200,0,1,200,200,18,18,0,40,200
0,1,30,2,2,2,3,2,5,1,0,1,200,0,1,200,1,0,200,2,200,200
4,200,35,1,2,2,3,8,1,4,0,1,0,1,200,200,200,0,200,0,21,200
0,200,35,1,2,2,3,8,1,4,0,1,0,1,200,200,200,0,200,0,34,200
0,200,30,0,0,2,3,8,6,1,0,1,0,1,1,200,200,16,34,0,17,200
4,200,30,0,0,2,3,8,6,1,0,1,0,1,1,200,200,16,34,1,30,200
0,200,30,1,2,0,3,14,5,3,0,1,0,0,1,200,200,11,23,0,34,200
0,200,30,1,2,0,3,14,5,3,0,1,0,0,1,200,200,11,23,0,68,200
0,200,30,0,2,0,3,10,2,4,0,0,0,0,200,200,200,18,200,0,27,200
0,200,30,0,2,0,3,10,2,4,0,0,0,0,200,200,200,18,200,0,35,200
1,200,30,0,2,0,3,10,2,4,0,0,0,0,200,200,200,18,200,1,200,200
0,200,10,0,0,200,3,0,7,200,0,200,200,0,200,200,1,0,0,2,200,200
0,200,10,0,0,200,3,0,7,200,0,200,200,0,200,200,1,0,0,1,29,200
0,200,30,2,2,2,0,14,1,2,0,1,0,0,200,200,200,16,16,2,200,200
0,200,30,2,2,2,0,14,1,2,0,1,0,0,200,200,200,16,16,1,19,200
0,200,30,1,2,2,3,10,5,200,0,1,0,0,200,200,0,18,18,1,26,200
0,200,30,1,2,2,3,10,5,200,0,1,0,0,200,200,0,18,18,0,36,200
0,200,15,0,0,2,3,7,6,1,0,1,0,0,200,200,200,200,200,1,38,200
0,200,35,1,2,2,3,14,5,200,0,1,0,1,1,200,200,23,11,0,23,200
0,200,35,1,2,2,3,14,5,200,0,1,0,1,1,200,200,23,11,0,55,200
0,200,30,0,0,2,3,7,2,4,0,1,0,1,200,200,200,21,200,1,69,200
0,200,30,0,0,2,3,7,2,4,0,1,0,1,200,200,200,21,200,1,28,200
0,200,30,0,0,2,3,7,2,4,0,1,0,1,200,200,200,21,200,1,53,200
1,200,30,0,0,2,3,7,2,4,0,1,0,1,200,200,200,21,200,1,42,200
1,200,30,0,0,2,3,7,2,4,0,1,0,1,200,200,200,21,200,0,46,200
1,200,30,0,0,2,3,7,2,4,0,1,0,1,200,200,200,21,200,0,33,200
0,200,25,1,2,2,3,10,5,2,0,1,0,0,1,200,200,2,15,0,28,200
0,200,25,1,2,2,3,10,5,2,0,1,0,0,1,200,200,2,15,0,31,200
1,200,25,1,2,2,3,10,5,2,0,1,0,0,1,200,200,2,15,0,200,200
1,200,25,1,2,2,3,10,5,2,0,1,0,0,1,200,200,2,15,0,200,200
1,200,25,1,2,2,3,10,5,2,0,1,0,0,1,200,200,2,15,0,200,200
0,200,30,200,200,2,4,7,5,4,0,1,200,0,200,200,1,0,200,2,200,200
0,200,35,1,2,2,3,10,2,4,0,1,0,0,200,200,200,32,0,1,30,200
0,200,35,1,2,2,3,10,2,4,0,1,0,0,200,200,200,32,0,1,28,200
0,200,30,1,2,0,3,10,5,2,0,1,0,0,1,200,200,0,200,0,63,200
0,200,30,1,2,0,3,10,5,2,0,1,0,0,1,200,200,0,200,0,60,200
1,200,30,1,2,0,3,10,5,2,0,1,0,0,1,200,200,0,200,0,58,200
0,200,30,0,0,2,3,10,5,200,0,1,0,1,200,200,200,18,34,2,45,200
0,200,30,0,0,2,3,10,5,200,0,1,0,1,200,200,200,18,34,0,64,200
1,200,30,0,0,2,3,10,5,200,0,1,0,1,200,200,200,18,34,1,60,200
0,200,25,2,0,2,3,14,6,1,0,1,0,0,1,200,200,0,16,0,20,200
0,200,25,2,0,2,3,14,6,1,0,1,0,0,1,200,200,0,16,1,38,200
0,200,30,0,0,2,3,7,5,4,0,1,0,1,200,200,200,34,0,0,24,200
0,200,30,0,0,0,3,2,5,200,0,1,200,0,200,200,200,0,0,1,61,200
0,200,30,1,2,2,3,14,2,4,0,1,0,1,200,200,200,16,0,1,18,200
0,200,30,1,2,2,3,14,2,4,0,1,0,1,200,200,200,16,0,0,46,200
1,200,30,1,2,2,3,14,2,4,0,1,0,1,200,200,200,16,0,0,18,200
1,200,30,1,2,2,3,14,2,4,0,1,0,1,200,200,200,16,0,0,19,200
0,200,35,1,2,2,3,12,3,4,0,1,0,0,1,200,200,17,0,1,26,200
0,200,35,1,2,2,3,12,3,4,0,1,0,0,1,200,200,17,0,0,58,200
0,200,30,0,0,2,3,12,5,200,0,1,0,0,200,200,200,21,0,0,20,200
0,200,30,0,0,2,3,12,5,200,0,1,0,0,200,200,200,21,0,1,61,200
0,200,35,0,200,2,0,7,5,200,0,1,200,1,200,200,1,0,27,2,200,200
0,200,30,1,2,2,3,10,5,2,0,1,3,1,1,200,200,28,16,0,200,200
0,200,30,1,2,2,3,10,5,2,0,1,3,1,1,200,200,28,16,1,25,200
1,200,30,1,2,2,3,10,5,2,0,1,3,1,1,200,200,28,16,1,23,200
0,200,30,0,0,2,3,7,5,4,0,1,0,1,200,200,200,34,34,0,28,200
0,200,35,0,0,2,3,7,5,200,0,1,0,1,200,200,200,11,15,0,20,200
1,200,35,0,0,2,3,7,5,200,0,1,0,1,200,200,200,11,15,0,20,200
0,200,30,0,0,2,3,7,2,200,0,1,0,0,200,200,200,0,200,0,17,200
0,200,30,1,2,2,3,0,2,4,0,1,0,1,1,200,1,200,200,2,200,200
0,200,30,1,2,2,3,0,2,4,0,1,0,1,1,200,1,200,200,2,200,200
0,200,30,0,0,2,3,7,5,2,0,1,0,1,200,200,1,200,34,2,200,200
0,200,30,1,2,2,3,10,1,7,0,1,0,1,1,200,1,0,34,2,200,200
0,200,30,1,2,2,3,10,1,7,0,1,0,1,1,200,1,0,34,0,24,200
0,200,30,1,2,2,3,0,5,2,0,1,0,0,1,200,200,6,0,0,56,200
0,200,30,1,2,2,3,0,5,2,0,1,0,0,1,200,200,6,0,0,33,200
0,200,30,0,0,2,3,2,5,2,0,1,0,0,200,200,200,34,34,0,21,200
0,200,35,1,2,2,3,0,2,200,0,1,0,0,200,200,200,20,0,0,57,200
0,200,35,1,2,2,3,0,2,200,0,1,0,0,200,200,200,20,0,0,69,200
0,200,30,0,0,2,3,7,5,4,0,1,0,1,200,200,200,11,200,0,30,200
0,200,30,2,2,2,3,0,2,200,0,1,0,0,1,200,200,17,200,0,18,200
0,200,30,2,2,2,3,0,2,200,0,1,0,0,1,200,200,17,200,0,51,200
0,200,30,1,2,2,3,10,6,2,0,1,0,1,200,200,1,15,18,2,200,200
0,200,30,1,2,2,3,10,6,2,0,1,0,1,200,200,1,15,18,0,51,200
0,200,30,200,0,2,2,0,5,2,0,1,200,1,1,200,1,0,0,2,200,200
0,200,30,200,0,2,2,0,5,2,0,1,200,1,1,200,1,0,0,0,57,200
1,200,30,200,0,2,2,0,5,2,0,1,200,1,1,200,1,0,0,1,47,200
5,200,15,0,0,2,2,9,0,1,2,1,0,1,200,200,200,25,200,1,24,200
0,200,30,0,0,2,2,10,2,2,0,1,12,0,200,200,200,28,0,0,28,200
0,200,30,0,0,2,2,10,2,2,0,1,12,0,200,200,200,28,0,1,29,200
1,200,30,0,0,2,4,7,6,3,0,1,0,1,200,200,1,0,0,200,200,200
0,200,30,1,2,2,1,0,5,200,0,1,0,1,1,200,200,6,34,1,23,200
0,200,30,1,2,2,1,0,5,200,0,1,0,1,1,200,200,6,34,0,23,200
1,200,30,1,2,2,1,0,5,200,0,1,0,1,1,200,200,6,34,1,2,200
1,200,30,1,2,2,1,0,5,200,0,1,0,1,1,200,200,6,34,0,8,200
0,200,15,0,0,200,0,7,6,1,0,1,0,0,200,200,1,16,0,2,200,200
0,200,30,1,2,2,2,14,2,200,0,1,0,0,1,200,200,200,200,1,23,200
0,200,30,1,2,2,2,14,2,200,0,1,0,0,1,200,200,200,200,0,39,200
1,200,30,1,2,2,2,14,2,200,0,1,0,0,1,200,200,200,200,0,35,200
0,200,45,0,0,2,1,12,3,3,2,1,0,1,200,200,200,17,200,0,56,200
0,200,45,0,0,2,1,12,3,3,2,1,0,1,200,200,200,17,200,1,54,200
1,200,45,0,0,2,1,12,3,3,2,1,0,1,200,200,200,17,200,0,80,200
1,200,45,0,0,2,1,12,3,3,2,1,0,1,200,200,200,17,200,1,72,200
0,200,25,0,0,2,2,7,5,200,0,1,0,1,200,200,200,0,200,0,23,200
0,200,30,1,2,2,2,9,2,4,0,1,0,1,200,200,1,6,23,2,200,200
5,200,30,1,2,2,2,9,2,4,0,1,0,1,200,200,1,6,23,0,52,200
0,200,15,0,0,2,2,14,5,1,0,0,0,0,1,200,1,23,17,0,32,200
0,200,15,0,0,2,2,14,5,1,0,0,0,0,1,200,1,23,17,0,200,200
1,200,15,0,0,2,2,14,5,1,0,0,0,0,1,200,1,23,17,0,65,200
0,200,25,1,2,2,1,10,5,4,0,1,0,0,200,200,200,0,0,0,53,200
0,200,25,1,2,2,1,10,5,4,0,1,0,0,200,200,200,0,0,1,42,200
0,200,30,1,0,2,1,14,5,2,0,1,0,1,200,200,200,23,17,1,24,200
0,200,30,1,0,2,1,14,5,2,0,1,0,1,200,200,200,23,17,0,20,200
1,200,30,1,0,2,1,14,5,2,0,1,0,1,200,200,200,23,17,0,200,200
0,200,30,10,2,2,2,2,3,200,2,1,0,1,200,1,200,3,200,0,60,200
0,200,30,1,2,2,0,9,5,4,0,1,0,1,1,200,200,17,23,0,62,200
5,200,30,1,2,2,0,9,5,4,0,1,0,1,1,200,200,17,23,1,44,200
0,200,30,0,0,2,1,10,5,2,0,3,0,1,200,200,200,27,34,0,38,200
0,200,30,0,0,2,1,10,5,2,0,3,0,1,200,200,200,27,34,0,42,200
0,200,30,0,0,2,1,10,5,2,0,3,0,1,200,200,200,27,34,1,46,200
0,200,30,1,2,2,1,0,2,200,0,1,0,1,1,200,200,17,200,0,67,200
0,200,30,1,2,2,1,0,2,200,0,1,0,1,1,200,200,17,200,0,56,200
1,200,30,1,2,2,1,0,2,200,0,1,0,1,1,200,200,17,200,1,52,200
0,200,35,1,2,2,1,14,5,6,0,1,0,1,1,200,200,0,0,1,51,200
0,200,35,1,2,2,1,14,5,6,0,1,0,1,1,200,200,0,0,0,29,200
1,200,35,1,2,2,1,14,5,6,0,1,0,1,1,200,200,0,0,1,30,200
1,200,35,1,2,2,1,14,5,6,0,1,0,1,1,200,200,0,0,0,6,200
0,1,30,1,2,2,1,14,2,2,0,1,200,1,200,200,200,23,200,0,48,200
0,1,30,1,2,2,1,14,2,2,0,1,200,1,200,200,200,23,200,0,60,200
0,200,15,0,0,2,1,5,0,200,0,1,0,0,200,200,200,18,0,0,46,200
0,200,15,0,0,2,1,14,7,200,3,1,2,0,200,200,200,11,0,0,25,200
0,200,15,0,0,2,1,14,7,200,3,1,2,0,200,200,200,11,0,1,52,200
0,200,30,2,2,2,1,0,2,200,0,0,0,1,1,200,200,17,200,1,74,200
0,200,30,2,2,2,1,0,2,200,0,0,0,1,1,200,200,17,200,1,52,200
0,200,30,1,2,2,1,10,5,2,0,1,0,0,200,200,200,0,0,1,22,200
0,200,30,1,2,2,1,10,5,2,0,1,0,0,200,200,200,0,0,0,50,200
5,200,30,1,2,2,3,9,6,2,0,1,0,1,1,200,200,34,6,0,74,200
0,200,30,1,2,2,3,9,6,2,0,1,0,1,1,200,200,34,6,0,45,200
1,200,30,1,2,2,3,9,6,2,0,1,0,1,1,200,200,34,6,1,200,200
0,200,30,0,0,2,1,0,5,5,0,1,0,0,200,200,200,17,200,1,26,200
0,200,30,0,0,2,1,0,5,5,0,1,0,0,200,200,200,17,200,1,20,200
1,200,30,0,0,2,1,0,5,5,0,1,0,0,200,200,200,17,200,1,22,200
0,200,30,0,0,2,1,12,5,200,0,1,0,0,200,200,200,17,17,0,46,200
0,200,30,0,0,2,1,12,5,200,0,1,0,0,200,200,200,17,17,0,200,200
0,200,35,2,2,2,1,2,5,2,0,1,12,1,200,200,200,200,200,0,0,200
0,200,20,1,2,2,2,10,5,2,0,1,0,1,200,200,200,33,16,0,42,200
0,200,20,1,2,2,2,10,5,2,0,1,0,1,200,200,200,33,16,0,27,200
0,200,30,2,2,2,1,0,3,0,0,1,0,1,1,1,200,17,15,1,200,200
0,200,30,2,2,2,1,0,3,0,0,1,0,1,1,1,200,17,15,0,63,200
1,200,30,2,2,2,1,0,3,0,0,1,0,1,1,1,200,17,15,1,200,200
0,200,30,0,0,2,1,14,5,4,0,1,0,1,200,200,1,15,34,0,200,200
0,200,30,0,0,2,1,14,5,4,0,1,0,1,200,200,1,15,34,0,32,200
0,200,30,0,0,2,1,14,5,200,0,1,0,0,200,200,200,20,200,0,56,200
0,200,30,0,0,2,1,14,5,200,0,1,0,0,200,200,200,20,200,0,25,200
0,200,30,0,0,2,0,14,5,200,0,1,0,0,200,200,200,23,23,0,200,200
0,200,30,0,0,2,0,14,5,200,0,1,0,0,200,200,200,23,23,1,21,200
0,200,30,1,2,2,1,14,3,200,0,1,0,0,1,200,1,23,11,1,200,200
0,200,30,1,2,2,1,14,3,200,0,1,0,0,1,200,1,23,11,1,28,200
1,200,30,1,2,2,1,14,3,200,0,1,0,0,1,200,1,23,11,0,37,200
0,200,30,1,2,2,1,10,5,4,0,1,0,1,200,200,200,16,200,0,200,200
0,200,30,1,2,2,1,10,5,4,0,1,0,1,200,200,200,16,200,0,28,200
1,200,30,1,2,2,1,10,5,4,0,1,0,1,200,200,200,16,200,0,52,200
0,200,30,0,0,2,1,14,5,2,0,1,0,1,200,200,200,200,200,1,34,200
0,200,30,0,0,2,1,14,5,2,0,1,0,1,200,200,200,200,200,1,20,200
0,200,30,0,0,2,1,14,5,2,0,1,0,1,200,200,200,200,200,1,30,200
0,200,30,1,2,2,1,9,5,200,0,1,0,1,200,200,1,17,6,0,200,200
5,200,30,1,2,2,1,9,5,200,0,1,0,1,200,200,1,17,6,1,26,200
0,200,30,2,2,2,1,0,5,2,0,1,0,1,1,200,200,17,200,1,22,200
0,200,30,2,2,2,1,0,5,2,0,1,0,1,1,200,200,17,200,0,38,200
0,200,30,1,2,2,1,10,2,200,0,1,0,0,200,200,200,0,0,1,200,200
0,200,30,1,2,2,1,10,2,200,0,1,0,0,200,200,200,0,0,0,53,200
0,200,35,0,0,2,1,10,5,200,0,1,0,0,200,200,200,0,200,1,200,200