PERSON_TYPE,CRASH_DATE_EST_I,POSTED_SPEED_LIMIT,TRAFFIC_CONTROL_DEVICE,DEVICE_CONDITION,WEATHER_CONDITION,LIGHTING_CONDITION,FIRST_CRASH_TYPE,TRAFFICWAY_TYPE,LANE_CNT,ALIGNMENT,ROADWAY_SURFACE_COND,ROAD_DEFECT,CRASH_TYPE,INTERSECTION_RELATED_I,NOT_RIGHT_OF_WAY_I,HIT_AND_RUN_I,PRIM_CONTRIBUTORY_CAUSE,SEC_CONTRIBUTORY_CAUSE,SEX,AGE,BAC_RESULT VALUE
0,200,35,0,0,2,1,10,5,200,0,1,0,0,200,200,200,0,200,1,61,200
1,200,35,0,0,2,1,10,5,200,0,1,0,0,200,200,200,0,200,1,200,200
1,200,35,0,0,2,1,10,5,200,0,1,0,0,200,200,200,0,200,1,200,200
0,200,30,0,0,2,1,10,5,4,0,1,0,1,200,200,200,34,18,0,39,200
0,200,30,0,0,2,1,10,5,4,0,1,0,1,200,200,200,34,18,1,47,200
0,200,30,1,2,2,1,14,5,4,0,1,0,1,200,200,200,17,200,1,56,200
0,200,30,1,2,2,1,14,5,4,0,1,0,1,200,200,200,17,200,1,34,200
0,200,30,1,2,2,1,14,5,2,0,1,0,0,200,200,200,22,0,0,49,200
0,200,30,1,2,2,1,14,5,2,0,1,0,0,200,200,200,22,0,0,25,200
1,200,30,1,2,2,1,14,5,2,0,1,0,0,200,200,200,22,0,1,26,200
0,200,30,1,2,2,200,10,5,2,0,1,200,0,1,200,200,22,34,0,22,200
0,200,30,1,2,2,200,10,5,2,0,1,200,0,1,200,200,22,34,0,49,200
0,200,30,1,2,2,1,10,5,5,0,1,0,0,200,200,200,16,18,1,200,200
0,200,30,1,2,2,1,10,5,5,0,1,0,0,200,200,200,16,18,0,38,200
1,200,30,1,2,2,1,10,5,5,0,1,0,0,200,200,200,16,18,1,35,200
0,200,30,2,2,2,1,0,5,200,0,1,0,1,1,200,1,5,17,1,200,200
0,200,30,2,2,2,1,0,5,200,0,1,0,1,1,200,1,5,17,1,40,200
1,200,30,2,2,2,1,0,5,200,0,1,0,1,1,200,1,5,17,0,2,200
1,200,30,2,2,2,1,0,5,200,0,1,0,1,1,200,1,5,17,1,0,200
0,200,30,2,2,2,1,0,2,200,0,1,0,0,200,200,200,17,200,0,200,200
0,200,30,2,2,2,1,0,2,200,0,1,0,0,200,200,200,17,200,0,64,200
0,200,30,1,2,2,1,12,6,2,0,1,0,0,200,200,200,21,200,0,35,200
0,200,30,1,2,2,1,12,6,2,0,1,0,0,200,200,200,21,200,0,36,200
0,1,30,0,0,2,200,7,5,4,0,1,0,1,200,200,1,0,0,2,200,200
0,200,30,1,2,2,1,10,2,4,0,1,0,0,200,200,200,18,34,0,40,200
0,200,30,1,2,2,1,10,2,4,0,1,0,0,200,200,200,18,34,0,57,200
1,200,30,1,2,2,1,10,2,4,0,1,0,0,200,200,200,18,34,1,23,200
1,200,30,1,2,2,1,10,2,4,0,1,0,0,200,200,200,18,34,1,2,200
0,200,30,2,2,2,1,12,2,200,0,1,0,0,200,200,200,22,18,0,40,200
0,200,30,2,2,2,1,12,2,200,0,1,0,0,200,200,200,22,18,0,38,200
0,200,30,0,0,2,1,12,2,4,0,1,0,0,200,200,200,17,17,1,25,200
0,200,30,0,0,2,1,12,2,4,0,1,0,0,200,200,200,17,17,0,27,200
0,200,30,1,2,2,1,14,5,200,0,1,0,0,200,200,200,23,3,0,28,200
0,200,30,1,2,2,1,14,5,200,0,1,0,0,200,200,200,23,3,1,31,200
0,200,30,1,2,2,1,10,6,3,0,1,0,0,1,200,200,16,200,0,56,200
0,200,30,1,2,2,1,10,6,3,0,1,0,0,1,200,200,16,200,0,27,200
0,200,30,1,2,2,1,10,6,3,0,1,0,0,1,200,200,16,200,0,44,200
0,200,30,1,2,2,1,10,6,3,0,1,0,0,1,200,200,16,200,2,200,200
1,200,30,1,2,2,1,10,6,3,0,1,0,0,1,200,200,16,200,0,200,200
0,200,30,1,2,2,1,10,5,1,0,1,0,0,200,200,1,18,200,1,30,200
0,200,30,1,2,2,1,10,5,1,0,1,0,0,200,200,1,18,200,0,200,200
0,200,15,0,0,2,1,7,0,1,0,1,0,0,200,200,200,0,0,0,62,200
0,200,30,1,2,2,1,14,1,200,1,1,0,1,1,200,200,17,200,1,39,200
0,200,30,1,2,2,1,14,1,200,1,1,0,1,1,200,200,17,200,0,37,200
0,200,30,1,2,2,1,14,5,2,0,1,0,0,1,200,200,17,22,0,31,200
0,200,30,1,2,2,1,14,5,2,0,1,0,0,1,200,200,17,22,0,29,200
0,200,10,0,0,2,1,7,7,200,0,1,0,0,200,200,1,0,200,2,200,200
0,200,35,0,0,2,1,7,6,3,0,1,0,0,200,200,200,20,200,1,29,200
1,200,35,0,0,2,1,7,6,3,0,1,0,0,200,200,200,20,200,0,200,200
0,200,30,1,2,2,1,14,3,200,0,1,0,0,1,200,200,20,0,0,33,200
0,200,30,1,2,2,1,14,3,200,0,1,0,0,1,200,200,20,0,0,200,200
0,200,0,0,0,2,1,10,7,200,0,1,0,0,200,200,1,20,34,1,200,200
0,200,0,0,0,2,1,10,7,200,0,1,0,0,200,200,1,20,34,1,37,200
0,200,30,0,0,2,1,10,5,200,0,1,0,0,200,200,200,0,0,1,19,200
0,200,30,0,0,2,1,10,5,200,0,1,0,0,200,200,200,0,0,0,30,200
0,200,30,0,0,2,1,10,5,200,0,1,0,0,200,200,200,0,0,1,41,200
1,200,30,0,0,2,1,10,5,200,0,1,0,0,200,200,200,0,0,1,17,200
1,200,30,0,0,2,1,10,5,200,0,1,0,0,200,200,200,0,0,1,17,200
0,200,30,1,2,2,1,10,5,200,0,1,0,0,200,200,200,18,0,1,49,200
0,200,30,1,2,2,1,10,5,200,0,1,0,0,200,200,200,18,0,0,58,200
0,200,30,4,0,2,1,9,5,2,0,1,0,1,200,200,200,17,23,0,42,200
5,200,30,4,0,2,1,9,5,2,0,1,0,1,200,200,200,17,23,1,58,200
0,200,30,1,2,2,1,12,5,200,0,1,0,0,200,200,200,17,0,0,32,200
0,200,30,1,2,2,1,12,5,200,0,1,0,0,200,200,200,17,0,0,31,200
0,200,30,1,2,2,1,12,5,2,0,1,0,0,200,200,200,34,200,1,38,200
0,200,30,1,2,2,1,12,5,2,0,1,0,0,200,200,200,34,200,1,26,200
0,200,20,0,0,2,1,0,5,2,2,1,0,1,200,200,1,17,16,2,200,200
0,200,20,0,0,2,1,0,5,2,2,1,0,1,200,200,1,17,16,0,64,200
0,200,45,200,200,2,200,4,200,200,0,1,1,0,200,200,200,28,0,1,61,200
0,200,30,0,0,2,1,14,6,200,0,1,0,0,200,200,200,0,200,0,56,200
0,200,30,0,0,2,1,14,6,200,0,1,0,0,200,200,200,0,200,1,34,200
1,200,30,0,0,2,1,14,6,200,0,1,0,0,200,200,200,0,200,1,200,200
0,200,30,0,0,2,1,2,5,200,0,1,0,1,200,1,200,14,0,0,28,200
0,200,30,1,2,2,1,12,5,7,0,1,0,1,1,200,200,12,11,0,24,200
0,200,30,1,2,2,1,12,5,7,0,1,0,1,1,200,200,12,11,0,200,200
0,200,30,0,0,2,1,10,5,200,0,1,0,0,200,200,200,0,200,1,31,200
0,200,30,0,0,2,1,10,5,200,0,1,0,0,200,200,200,0,200,1,67,200
0,200,30,0,0,2,1,10,5,200,0,1,0,0,200,200,200,0,200,0,200,200
0,200,20,0,0,2,1,7,6,200,0,1,0,0,200,200,200,18,11,0,30,200
0,200,35,1,2,2,1,12,5,4,0,1,0,0,200,200,200,0,0,1,57,200
0,200,35,1,2,2,1,12,5,4,0,1,0,0,200,200,200,0,0,0,22,200
0,200,30,0,0,2,1,7,5,200,0,1,0,0,200,200,200,22,0,1,32,200
0,200,45,1,2,2,1,10,3,6,0,1,0,0,1,200,200,16,18,0,200,200
0,200,45,1,2,2,1,10,3,6,0,1,0,0,1,200,200,16,18,1,48,200
0,200,30,0,0,2,1,10,2,200,0,1,0,0,200,200,200,18,200,0,46,200
0,200,30,0,0,2,1,10,2,200,0,1,0,0,200,200,200,18,200,0,66,200
1,200,30,0,0,2,1,10,2,200,0,1,0,0,200,200,200,18,200,1,66,200
1,200,30,0,0,2,1,10,2,200,0,1,0,0,200,200,200,18,200,0,38,200
1,200,30,0,0,2,1,10,2,200,0,1,0,0,200,200,200,18,200,1,7,200
0,200,30,0,0,2,1,14,5,200,0,1,0,0,200,200,200,23,0,0,52,200
0,200,30,0,0,2,1,14,5,200,0,1,0,0,200,200,200,23,0,0,65,200
0,200,30,0,0,2,1,2,6,200,0,1,0,0,200,200,200,16,200,0,50,200
0,200,30,0,0,2,1,0,5,0,0,1,0,0,200,200,1,17,23,0,200,200
0,200,30,0,0,2,1,0,5,0,0,1,0,0,200,200,1,17,23,0,72,200
0,200,30,0,0,2,1,0,5,4,0,0,0,0,1,200,200,17,17,0,29,200
0,200,30,0,0,2,1,0,5,4,0,0,0,0,1,200,200,17,17,0,60,200
0,200,30,2,2,2,1,14,5,200,0,1,0,0,200,200,200,17,200,1,38,200
0,200,30,2,2,2,1,14,5,200,0,1,0,0,200,200,200,17,200,1,64,200
0,200,10,0,0,2,1,7,7,200,0,1,0,0,200,1,200,0,0,2,200,200
0,200,30,0,0,2,1,14,2,2,0,1,0,1,200,200,1,15,18,1,200,200
0,200,30,0,0,2,1,14,2,2,0,1,0,1,200,200,1,15,18,0,38,200
1,200,30,0,0,2,1,14,2,2,0,1,0,1,200,200,1,15,18,1,200,200
0,200,30,1,2,2,1,10,5,200,0,1,200,0,200,200,1,0,200,1,200,200
0,200,30,1,2,2,1,10,5,200,0,1,200,0,200,200,1,0,200,0,0,200
0,200,30,0,0,2,1,14,5,4,0,1,0,1,1,200,200,17,200,0,33,200
0,200,30,0,0,2,1,14,5,4,0,1,0,1,1,200,200,17,200,0,27,200
0,200,30,0,0,2,1,10,5,2,0,1,0,0,200,200,200,0,21,0,29,200
0,200,30,0,0,2,1,10,5,2,0,1,0,0,200,200,200,0,21,1,64,200
0,200,30,1,2,0,1,10,6,3,0,1,0,0,200,200,0,34,0,1,23,200
0,200,30,1,2,0,1,10,6,3,0,1,0,0,200,200,0,34,0,2,200,200
1,200,30,1,2,0,1,10,6,3,0,1,0,0,200,200,0,34,0,1,75,200
0,200,30,1,2,2,1,12,5,2,0,1,0,0,1,200,200,21,200,0,29,200
0,200,30,1,2,2,1,12,5,2,0,1,0,0,1,200,200,21,200,0,57,200
0,200,30,1,2,2,1,10,5,200,0,1,200,1,200,200,200,34,200,0,39,200
0,200,30,1,2,2,1,10,5,200,0,1,200,1,200,200,200,34,200,1,66,200
0,200,30,1,2,0,1,10,5,200,0,0,0,0,200,200,1,18,0,1,200,200
0,200,30,1,2,0,1,10,5,200,0,0,0,0,200,200,1,18,0,1,26,200
0,200,0,0,0,2,1,7,7,200,0,1,0,0,200,1,200,20,200,0,28,200
1,200,0,0,0,2,1,7,7,200,0,1,0,0,200,1,200,20,200,0,52,200
0,200,30,2,2,2,1,14,5,200,0,1,0,1,1,200,200,23,21,0,64,200
0,200,30,2,2,2,1,14,5,200,0,1,0,1,1,200,200,23,21,0,63,200
1,200,30,2,2,2,1,14,5,200,0,1,0,1,1,200,200,23,21,0,42,200
0,200,30,0,0,2,1,7,5,2,0,1,0,0,200,200,200,0,0,1,25,200
0,200,45,0,0,2,1,12,5,200,0,1,200,0,1,200,200,23,200,1,55,200
0,200,45,0,0,2,1,12,5,200,0,1,200,0,1,200,200,23,200,1,74,200
1,200,45,0,0,2,1,12,5,200,0,1,200,0,1,200,200,23,200,0,49,200
0,200,30,1,2,2,1,14,6,0,0,1,0,0,1,200,200,16,200,1,26,200
0,200,30,1,2,2,1,14,6,0,0,1,0,0,1,200,200,16,200,0,32,200
1,200,30,1,2,2,1,14,6,0,0,1,0,0,1,200,200,16,200,0,200,200
0,200,45,0,0,0,4,2,3,6,0,1,1,0,200,200,200,200,200,1,35,200
0,200,25,0,0,0,1,7,5,200,0,1,0,0,200,200,200,0,200,0,200,200
1,200,25,0,0,0,1,7,5,200,0,1,0,0,200,200,200,0,200,0,38,200
0,200,35,0,0,2,1,10,5,200,0,1,0,0,200,200,200,0,0,1,200,200
0,200,35,0,0,2,1,10,5,200,0,1,0,0,200,200,200,0,0,1,58,200
0,200,30,0,0,2,1,10,5,4,0,1,0,1,200,200,200,0,0,1,38,200
0,200,30,0,0,2,1,10,5,4,0,1,0,1,200,200,200,0,0,0,53,200
1,200,30,0,0,2,1,10,5,4,0,1,0,1,200,200,200,0,0,1,25,200
0,200,30,0,0,2,1,14,2,2,0,0,0,0,200,200,200,0,0,0,27,200
0,200,30,0,0,2,1,14,2,2,0,0,0,0,200,200,200,0,0,0,44,200
0,200,30,0,0,2,1,10,3,200,0,1,0,1,200,200,200,18,200,1,38,200
0,200,30,0,0,2,1,10,3,200,0,1,0,1,200,200,200,18,200,0,53,200
1,200,30,0,0,2,1,10,3,200,0,1,0,1,200,200,200,18,200,1,200,200
0,200,30,1,2,2,1,10,5,2,0,1,0,0,1,200,200,18,15,1,77,200
0,200,30,1,2,2,1,10,5,2,0,1,0,0,1,200,200,18,15,1,40,200
1,200,30,1,2,2,1,10,5,2,0,1,0,0,1,200,200,18,15,0,28,200
0,200,10,0,0,2,1,0,7,200,0,1,0,0,200,200,200,20,200,0,45,200
0,200,10,0,0,2,1,0,7,200,0,1,0,0,200,200,200,20,200,0,39,200
0,200,30,0,0,2,1,10,6,200,0,1,0,0,200,200,200,18,18,1,200,200
0,200,30,0,0,2,1,10,6,200,0,1,0,0,200,200,200,18,18,0,67,200
0,200,30,2,2,2,1,14,6,200,0,1,0,1,200,200,200,10,17,1,200,200
0,200,30,2,2,2,1,14,6,200,0,1,0,1,200,200,200,10,17,1,45,200
0,200,30,1,2,2,1,10,2,4,1,1,0,1,1,200,200,18,15,0,20,200
0,200,30,1,2,2,1,10,2,4,1,1,0,1,1,200,200,18,15,0,33,200
0,200,30,1,2,2,1,10,2,4,1,1,0,1,1,200,200,18,15,1,33,200
1,200,30,1,2,2,1,10,2,4,1,1,0,1,1,200,200,18,15,1,200,200
1,200,30,1,2,2,1,10,2,4,1,1,0,1,1,200,200,18,15,0,200,200
1,200,30,1,2,2,1,10,2,4,1,1,0,1,1,200,200,18,15,200,200,200
1,200,30,1,2,2,1,10,2,4,1,1,0,1,1,200,200,18,15,1,200,200
0,200,30,2,2,2,1,0,5,2,0,1,0,1,1,200,1,0,200,0,200,200
0,200,30,2,2,2,1,0,5,2,0,1,0,1,1,200,1,0,200,1,54,200
1,200,30,2,2,2,1,0,5,2,0,1,0,1,1,200,1,0,200,1,33,200
0,200,30,1,2,2,1,10,5,4,0,1,0,0,200,200,200,18,0,0,50,200
0,200,30,1,2,2,1,10,5,4,0,1,0,0,200,200,200,18,0,1,25,200
1,200,30,1,2,2,1,10,5,4,0,1,0,0,200,200,200,18,0,0,56,200
1,200,30,1,2,2,1,10,5,4,0,1,0,0,200,200,200,18,0,1,29,200
0,200,30,0,0,2,1,14,5,200,0,1,0,0,200,200,200,0,200,0,80,200
0,200,30,0,0,2,1,14,5,200,0,1,0,0,200,200,200,0,200,0,24,200
0,200,30,2,2,2,1,0,12,5,0,1,0,1,1,200,200,17,34,0,67,200
0,200,30,2,2,2,1,0,12,5,0,1,0,1,1,200,200,17,34,1,29,200
0,200,30,2,2,2,1,0,12,5,0,1,0,1,1,200,200,17,34,1,78,200
0,200,15,0,200,0,1,2,0,1,0,200,200,0,200,0,1,20,200,2,200,200
0,200,30,0,0,0,1,14,5,4,0,1,0,1,200,200,200,17,0,0,20,200
0,200,30,0,0,0,1,14,5,4,0,1,0,1,200,200,200,17,0,0,30,200
0,200,30,0,0,2,1,14,5,2,0,1,0,0,200,200,200,17,0,0,36,200
0,200,30,0,0,2,1,14,5,2,0,1,0,0,200,200,200,17,0,0,56,200
0,200,30,1,2,2,1,9,5,200,0,1,0,1,1,200,200,17,200,1,33,200
5,200,30,1,2,2,1,9,5,200,0,1,0,1,1,200,200,17,200,0,18,200
1,200,30,1,2,2,1,9,5,200,0,1,0,1,1,200,200,17,200,200,200,200
0,200,30,0,0,2,1,7,7,200,0,1,0,0,200,1,1,0,0,2,200,200
0,200,30,0,0,2,1,14,5,200,0,1,0,0,200,200,200,17,200,0,40,200
0,200,30,0,0,2,1,14,5,200,0,1,0,0,200,200,200,17,200,0,60,200
0,200,30,0,0,0,1,8,6,2,0,0,0,0,200,200,200,4,21,0,42,200
4,200,30,0,0,0,1,8,6,2,0,0,0,0,200,200,200,4,21,0,19,200
1,200,30,0,0,0,1,8,6,2,0,0,0,0,200,200,200,4,21,1,200,200
0,200,30,0,0,1,1,7,7,200,0,1,0,0,200,200,200,20,20,1,18,200
0,200,30,2,2,2,1,0,2,200,0,1,0,0,200,200,200,0,0,0,13,200
0,200,30,2,2,2,1,0,2,200,0,1,0,0,200,200,200,0,0,0,2,200
1,200,30,2,2,2,1,0,2,200,0,1,0,0,200,200,200,0,0,1,200,200
0,200,30,0,0,2,1,7,7,200,0,1,0,1,200,1,1,25,200,0,200,200
0,200,30,0,2,2,1,10,5,200,0,1,0,0,200,200,200,0,0,0,0,200
0,200,30,0,2,2,1,10,5,200,0,1,0,0,200,200,200,0,0,1,52,200
0,200,30,0,0,2,1,7,5,1,0,1,0,0,1,200,200,200,200,1,21,200
1,200,30,0,0,2,1,7,5,1,0,1,0,0,1,200,200,200,200,0,30,200
0,200,30,0,0,2,1,10,2,2,0,1,0,0,200,200,1,0,0,1,200,200
0,200,30,0,0,2,1,10,2,2,0,1,0,0,200,200,1,0,0,1,37,200
0,200,30,0,0,2,1,10,2,2,0,1,0,0,200,200,1,0,0,0,33,200
0,200,30,1,2,2,1,14,6,200,0,1,0,0,1,200,200,17,17,0,200,200
0,200,30,1,2,2,1,14,6,200,0,1,0,0,1,200,200,17,17,0,22,200
0,200,5,0,0,0,1,3,4,200,0,1,0,0,200,200,1,0,0,1,200,200
0,200,5,0,0,0,1,3,4,200,0,1,0,0,200,200,1,0,0,0,25,200
0,200,30,1,2,1,1,9,5,4,0,1,0,1,200,200,200,16,33,0,33,200
5,200,30,1,2,1,1,9,5,4,0,1,0,1,200,200,200,16,33,1,9,200
1,200,30,1,2,1,1,9,5,4,0,1,0,1,200,200,200,16,33,1,36,200
1,200,30,0,0,0,1,7,7,200,0,1,0,0,0,1,200,11,0,0,22,200
0,200,30,0,0,0,1,7,7,200,0,1,0,0,0,1,200,11,0,0,53,200
1,200,30,0,0,0,1,7,7,200,0,1,0,0,0,1,200,11,0,1,85,200
0,200,20,0,0,2,1,7,6,200,0,1,200,0,200,200,200,0,200,0,200,200
1,200,20,0,0,2,1,7,6,200,0,1,200,0,200,200,200,0,200,0,30,200
0,200,30,0,0,1,1,0,2,4,2,1,0,0,1,200,200,17,33,0,58,200
0,200,30,0,0,1,1,0,2,4,2,1,0,0,1,200,200,17,33,0,42,200
1,200,30,0,0,1,1,0,2,4,2,1,0,0,1,200,200,17,33,1,15,200
0,200,30,1,2,2,1,10,6,1,0,1,0,0,200,200,200,18,0,0,30,200
0,200,30,1,2,2,1,10,6,1,0,1,0,0,200,200,200,18,0,1,59,200
0,200,30,1,3,2,1,14,5,200,0,1,0,1,1,200,200,0,0,1,20,200
0,200,30,1,3,2,1,14,5,200,0,1,0,1,1,200,200,0,0,1,43,200
1,200,30,1,3,2,1,14,5,200,0,1,0,1,1,200,200,0,0,1,14,200
1,200,30,1,3,2,1,14,5,200,0,1,0,1,1,200,200,0,0,1,22,200
1,200,30,1,3,2,1,14,5,200,0,1,0,1,1,200,200,0,0,1,20,200
1,200,30,1,3,2,1,14,5,200,0,1,0,1,1,200,200,0,0,1,1,200
0,200,30,2,2,2,1,10,5,2,0,1,0,0,1,200,200,18,34,1,16,200
0,200,30,2,2,2,1,10,5,2,0,1,0,0,1,200,200,18,34,0,49,200
1,200,30,2,2,2,1,10,5,2,0,1,0,0,1,200,200,18,34,1,50,200
1,200,30,2,2,2,1,10,5,2,0,1,0,0,1,200,200,18,34,1,46,200
0,200,30,1,2,2,1,12,5,200,0,1,0,0,200,200,200,21,0,1,74,200
0,200,30,1,2,2,1,12,5,200,0,1,0,0,200,200,200,21,0,0,61,200
0,200,30,2,2,2,1,0,5,200,0,1,0,1,200,200,200,17,200,1,29,200
0,200,30,2,2,2,1,0,5,200,0,1,0,1,200,200,200,17,200,1,42,200
1,200,30,2,2,2,1,0,5,200,0,1,0,1,200,200,200,17,200,1,66,200
0,200,5,0,0,2,1,11,7,200,0,1,200,0,200,200,200,11,0,0,44,200
0,200,5,0,0,2,1,11,7,200,0,1,200,0,200,200,200,11,0,1,55,200
0,200,25,1,2,2,1,14,2,4,0,1,0,0,1,200,200,0,0,0,66,200
0,200,25,1,2,2,1,14,2,4,0,1,0,0,1,200,200,0,0,0,39,200
0,200,30,2,2,0,1,0,5,200,0,1,0,1,1,200,200,25,200,1,79,200
0,200,30,2,2,0,1,0,5,200,0,1,0,1,1,200,200,25,200,1,28,200
1,200,30,2,2,0,1,0,5,200,0,1,0,1,1,200,200,25,200,1,29,200
1,200,30,2,2,0,1,0,5,200,0,1,0,1,1,200,200,25,200,0,12,200
0,200,30,1,2,0,1,0,5,2,0,0,0,0,200,200,200,0,0,0,50,200
0,200,30,1,2,0,1,0,5,2,0,0,0,0,200,200,200,0,0,1,28,200
0,200,30,1,2,2,0,12,3,4,0,1,0,0,1,200,1,0,0,0,200,200
0,200,30,1,2,2,0,12,3,4,0,1,0,0,1,200,1,0,0,1,24,200
1,200,30,1,2,2,0,12,3,4,0,1,0,0,1,200,1,0,0,0,200,200
0,200,30,2,2,2,1,14,1,4,0,1,0,0,1,200,200,0,200,0,56,200
0,200,30,2,2,2,1,14,1,4,0,1,0,0,1,200,200,0,200,1,30,200
0,200,30,2,2,2,1,14,1,4,0,1,0,0,1,200,200,0,200,1,53,200
1,200,30,2,2,2,1,14,1,4,0,1,0,0,1,200,200,0,200,0,6,200
0,200,45,0,0,0,4,2,3,8,0,0,12,1,200,200,200,200,200,0,79,200
0,200,30,0,0,2,1,7,5,200,0,1,0,0,200,200,200,0,0,0,63,200
1,200,30,0,0,2,1,7,5,200,0,1,0,0,200,200,200,0,0,0,200,200
0,200,30,1,2,2,4,4,6,3,2,1,0,1,200,200,200,13,0,0,62,200
0,200,35,1,2,0,1,12,2,200,0,0,0,0,0,200,200,200,200,1,69,200
0,200,35,1,2,0,1,12,2,200,0,0,0,0,0,200,200,200,200,0,51,200
0,200,30,1,2,2,1,10,3,4,0,1,0,1,1,200,200,16,34,1,21,200
0,200,30,1,2,2,1,10,3,4,0,1,0,1,1,200,200,16,34,1,28,200
0,200,30,0,0,0,1,12,5,200,0,1,200,0,200,200,200,23,23,1,22,200
0,200,30,0,0,0,1,12,5,200,0,1,200,0,200,200,200,23,23,0,44,200
1,200,30,0,0,0,1,12,5,200,0,1,200,0,200,200,200,23,23,1,0,200
0,200,30,0,0,2,1,7,5,2,0,0,0,0,200,200,1,0,200,2,200,200
0,200,30,1,2,1,1,12,5,4,0,1,0,0,1,200,200,12,17,1,59,200
0,200,30,1,2,1,1,12,5,4,0,1,0,0,1,200,200,12,17,0,72,200
1,200,30,1,2,1,1,12,5,4,0,1,0,0,1,200,200,12,17,0,27,200
0,200,30,0,0,2,1,7,6,1,0,200,200,0,200,200,1,20,20,2,200,200
0,200,30,0,0,2,1,7,7,1,0,1,0,0,200,200,1,0,0,2,200,200
0,200,15,0,0,0,1,2,7,200,0,1,0,0,200,0,200,11,0,1,21,200
0,200,30,1,2,2,1,10,2,200,0,1,200,0,200,200,200,0,200,0,75,200
0,200,30,1,2,2,1,10,2,200,0,1,200,0,200,200,200,0,200,0,72,200
1,200,30,1,2,2,1,10,2,200,0,1,200,0,200,200,200,0,200,1,42,200
0,200,30,4,2,2,1,14,3,2,0,1,0,0,1,200,200,32,17,1,29,200
0,200,30,4,2,2,1,14,3,2,0,1,0,0,1,200,200,32,17,1,63,200
0,200,30,12,12,2,1,12,6,3,0,1,0,0,200,200,200,11,0,0,48,200
0,200,30,12,12,2,1,12,6,3,0,1,0,0,200,200,200,11,0,1,21,200
1,200,30,12,12,2,1,12,6,3,0,1,0,0,200,200,200,11,0,1,20,200
0,200,30,1,2,1,1,0,2,5,0,1,0,0,200,200,1,17,200,1,200,200
0,200,30,1,2,1,1,0,2,5,0,1,0,0,200,200,1,17,200,0,74,200
0,200,30,1,2,0,1,14,5,6,0,0,0,0,1,200,200,6,0,0,200,200
0,200,30,1,2,0,1,14,5,6,0,0,0,0,1,200,200,6,0,1,24,200
0,200,20,0,0,2,1,0,6,1,0,1,0,1,200,200,200,17,200,1,33,200
0,200,20,0,0,2,1,0,6,1,0,1,0,1,200,200,200,17,200,1,22,200
1,200,20,0,0,2,1,0,6,1,0,1,0,1,200,200,200,17,200,1,22,200
0,200,25,2,0,0,1,0,5,2,0,0,0,1,200,200,200,17,200,0,47,200
0,200,25,2,0,0,1,0,5,2,0,0,0,1,200,200,200,17,200,0,60,200
0,200,30,0,0,1,1,12,6,1,0,200,200,0,200,200,200,17,17,0,35,200
0,200,30,0,0,1,1,12,6,1,0,200,200,0,200,200,200,17,17,0,46,200
0,200,25,1,2,2,1,0,5,2,0,1,200,1,1,200,200,0,200,0,42,200
0,200,25,1,2,2,1,0,5,2,0,1,200,1,1,200,200,0,200,0,22,200
0,200,30,1,2,1,200,2,5,4,0,1,0,1,200,200,200,0,200,0,26,200
1,200,30,1,2,1,200,2,5,4,0,1,0,1,200,200,200,0,200,0,26,200
1,200,30,1,2,1,200,2,5,4,0,1,0,1,200,200,200,0,200,0,200,200
1,200,30,1,2,1,200,2,5,4,0,1,0,1,200,200,200,0,200,0,200,200
0,200,30,2,2,0,1,14,6,200,0,0,0,0,200,200,200,0,0,1,73,200
0,200,30,2,2,0,1,14,6,200,0,0,0,0,200,200,200,0,0,0,58,200
0,200,30,0,0,2,3,12,5,200,0,1,200,0,200,200,200,22,200,0,0,200
0,200,30,0,0,2,3,12,5,200,0,1,200,0,200,200,200,22,200,0,30,200
0,200,30,1,1,0,1,12,6,200,0,1,0,0,1,200,200,21,200,1,200,200
0,200,30,1,1,0,1,12,6,200,0,1,0,0,1,200,200,21,200,0,57,200
0,200,30,0,0,0,1,10,7,2,0,200,200,0,200,1,200,0,0,1,48,200
0,200,30,0,0,0,1,10,7,2,0,200,200,0,200,1,200,0,0,0,72,200
0,200,15,0,0,2,1,0,0,200,0,0,0,0,200,200,200,20,0,0,200,200
0,200,15,0,0,2,1,0,0,200,0,0,0,0,200,200,200,20,0,0,47,200
1,200,15,0,0,2,1,0,0,200,0,0,0,0,200,200,200,20,0,0,200,200
0,200,30,1,2,1,1,0,5,200,0,1,200,0,200,200,200,17,17,1,39,200
0,200,30,1,2,1,1,0,5,200,0,1,200,0,200,200,200,17,17,0,17,200
0,200,30,1,2,1,1,0,5,200,0,1,200,0,200,200,200,17,17,1,29,200
0,200,20,0,0,0,1,7,2,4,0,0,200,0,200,200,200,200,200,1,41,200
0,200,30,0,0,0,1,10,2,2,0,1,0,0,200,200,200,18,200,0,71,200
0,200,30,0,0,0,1,10,2,2,0,1,0,0,200,200,200,18,200,1,200,200
0,200,30,1,2,1,4,10,2,2,0,0,0,0,200,200,200,18,200,0,31,200
0,200,30,1,2,1,4,10,2,2,0,0,0,0,200,200,200,18,200,1,32,200
1,200,30,1,2,1,4,10,2,2,0,0,0,0,200,200,200,18,200,200,200,200
0,200,30,0,0,0,1,12,5,200,0,0,200,0,200,200,200,0,200,0,57,200
0,200,30,0,0,0,1,12,5,200,0,0,200,0,200,200,200,0,200,0,68,200
0,200,30,1,2,2,1,10,5,2,0,1,0,0,1,200,200,0,0,0,200,200