PERSON_TYPE,CRASH_DATE_EST_I,POSTED_SPEED_LIMIT,TRAFFIC_CONTROL_DEVICE,DEVICE_CONDITION,WEATHER_CONDITION,LIGHTING_CONDITION,FIRST_CRASH_TYPE,TRAFFICWAY_TYPE,LANE_CNT,ALIGNMENT,ROADWAY_SURFACE_COND,ROAD_DEFECT,CRASH_TYPE,INTERSECTION_RELATED_I,NOT_RIGHT_OF_WAY_I,HIT_AND_RUN_I,PRIM_CONTRIBUTORY_CAUSE,SEC_CONTRIBUTORY_CAUSE,SEX,AGE,BAC_RESULT VALUE
0,200,30,1,2,2,1,10,5,2,0,1,0,0,1,200,200,0,0,0,200,200
0,200,30,1,2,1,1,0,5,2,0,0,0,1,1,200,200,6,16,0,29,200
0,200,30,1,2,1,1,0,5,2,0,0,0,1,1,200,200,6,16,1,54,200
0,200,35,1,2,0,1,14,1,3,0,0,0,1,1,200,1,6,0,0,200,200
0,200,35,1,2,0,1,14,1,3,0,0,0,1,1,200,1,6,0,0,54,200
0,200,35,1,2,0,1,14,1,3,0,0,0,1,1,200,1,6,0,1,32,200
1,200,35,1,2,0,1,14,1,3,0,0,0,1,1,200,1,6,0,0,200,200
1,200,35,1,2,0,1,14,1,3,0,0,0,1,1,200,1,6,0,1,52,200
0,200,30,0,0,0,1,10,5,200,0,0,0,0,200,200,200,22,0,1,41,200
0,200,30,0,0,0,1,10,5,200,0,0,0,0,200,200,200,22,0,1,50,200
0,200,25,2,2,0,1,8,6,1,0,1,0,1,1,200,200,17,0,0,26,200
4,200,25,2,2,0,1,8,6,1,0,1,0,1,1,200,200,17,0,0,18,200
1,200,25,2,2,0,1,8,6,1,0,1,0,1,1,200,200,17,0,1,25,200
0,200,30,2,2,1,1,14,3,2,0,0,0,1,1,200,200,11,200,0,21,200
0,200,30,2,2,1,1,14,3,2,0,0,0,1,1,200,200,11,200,0,32,200
0,200,30,0,0,0,1,0,5,2,0,1,0,0,200,200,200,23,0,1,78,200
0,200,30,0,0,0,1,0,5,2,0,1,0,0,200,200,200,23,0,0,24,200
0,200,30,1,2,1,1,2,12,200,0,0,0,1,200,200,200,200,200,2,200,200
0,200,30,0,0,1,1,12,2,200,0,200,200,1,200,200,1,200,200,2,200,200
0,200,30,0,0,1,1,12,2,200,0,200,200,1,200,200,1,200,200,0,41,200
0,200,30,0,0,2,1,12,3,6,0,1,0,1,200,200,200,21,25,0,30,200
0,200,30,0,0,2,1,12,3,6,0,1,0,1,200,200,200,21,25,0,43,200
0,200,30,200,200,2,1,14,6,200,0,1,200,0,200,200,200,0,200,0,200,200
0,200,30,200,200,2,1,14,6,200,0,1,200,0,200,200,200,0,200,0,52,200
0,200,30,2,2,1,1,14,2,2,0,0,0,1,1,200,200,23,200,1,22,200
0,200,30,2,2,1,1,14,2,2,0,0,0,1,1,200,200,23,200,0,29,200
1,200,30,2,2,1,1,14,2,2,0,0,0,1,1,200,200,23,200,0,28,200
0,200,30,1,2,200,1,14,5,200,0,200,200,0,1,200,200,17,200,1,200,200
0,200,30,1,2,200,1,14,5,200,0,200,200,0,1,200,200,17,200,0,27,200
0,200,30,1,2,0,1,12,5,200,0,0,0,0,200,200,200,0,0,0,19,200
0,200,30,1,2,0,1,12,5,200,0,0,0,0,200,200,200,0,0,1,44,200
0,200,30,0,0,0,1,5,5,2,0,0,0,1,200,200,200,0,0,0,20,200
0,200,30,2,2,2,1,0,2,2,0,1,0,1,1,200,200,17,200,1,77,200
0,200,30,2,2,2,1,0,2,2,0,1,0,1,1,200,200,17,200,1,23,200
0,200,30,1,2,0,1,10,5,2,0,0,0,0,200,200,200,0,0,1,200,200
0,200,30,1,2,0,1,10,5,2,0,0,0,0,200,200,200,0,0,0,200,200
0,200,10,0,0,0,1,0,7,1,0,0,0,0,200,1,200,17,20,0,30,200
0,200,10,0,0,0,1,0,7,1,0,0,0,0,200,1,200,17,20,0,60,200
1,200,10,0,0,0,1,0,7,1,0,0,0,0,200,1,200,17,20,1,30,200
0,200,30,0,0,0,1,7,7,200,0,0,0,0,200,200,1,0,200,2,200,200
1,200,30,0,0,0,1,7,7,200,0,0,0,0,200,200,1,0,200,1,200,200
0,200,30,1,2,0,1,14,5,200,0,1,0,0,1,200,200,0,0,0,58,200
0,200,30,1,2,0,1,14,5,200,0,1,0,0,1,200,200,0,0,1,73,200
0,200,30,1,2,0,1,14,5,2,0,0,0,0,1,200,200,17,200,0,32,200
0,200,30,1,2,0,1,14,5,2,0,0,0,0,1,200,200,17,200,1,26,200
0,1,15,0,0,0,1,7,7,2,0,0,0,0,200,1,200,0,200,1,47,200
0,200,30,0,0,0,1,7,12,200,0,1,0,0,200,200,1,11,200,1,200,200
0,200,40,0,2,0,1,10,2,200,0,0,0,0,200,200,1,18,200,2,200,200
0,200,40,0,2,0,1,10,2,200,0,0,0,0,200,200,1,18,200,1,35,200
0,200,30,0,0,0,1,7,12,1,0,0,0,0,200,200,200,12,200,1,36,200
0,200,30,0,0,0,1,14,5,200,0,1,0,0,1,200,1,0,0,0,200,200
0,200,30,0,0,0,1,14,5,200,0,1,0,0,1,200,1,0,0,1,26,200
0,200,30,1,2,0,1,14,5,200,0,0,0,0,200,200,200,0,0,0,57,200
0,200,30,1,2,0,1,14,5,200,0,0,0,0,200,200,200,0,0,0,36,200
0,200,30,2,2,2,1,14,2,2,0,1,200,0,1,200,1,22,0,0,200,200
0,200,30,2,2,2,1,14,2,2,0,1,200,0,1,200,1,22,0,0,45,200
0,200,30,1,2,2,4,10,5,200,0,1,200,0,200,200,1,18,34,0,200,200
0,200,30,1,2,2,4,10,5,200,0,1,200,0,200,200,1,18,34,0,59,200
0,200,30,1,2,0,1,10,2,2,0,0,0,1,200,200,200,0,200,0,75,200
0,200,30,1,2,0,1,10,2,2,0,0,0,1,200,200,200,0,200,1,42,200
0,200,30,0,0,2,1,12,5,200,0,1,0,1,200,200,1,0,0,2,200,200
0,200,30,0,0,2,1,12,5,200,0,1,0,1,200,200,1,0,0,1,50,200
0,200,30,1,2,0,1,12,6,2,0,0,0,0,1,200,200,0,0,0,200,200
0,200,30,1,2,0,1,12,6,2,0,0,0,0,1,200,200,0,0,0,200,200
1,200,30,1,2,0,1,12,6,2,0,0,0,0,1,200,200,0,0,1,200,200
0,200,30,0,0,0,1,9,2,5,0,1,0,1,200,200,1,20,200,0,200,200
5,200,30,0,0,0,1,9,2,5,0,1,0,1,200,200,1,20,200,1,49,200
0,200,30,0,12,2,1,10,5,2,0,1,0,0,200,200,200,11,18,1,29,200
0,200,30,0,12,2,1,10,5,2,0,1,0,0,200,200,200,11,18,0,60,200
0,200,30,0,0,1,1,9,3,4,0,1,0,1,200,200,200,0,0,1,47,200
5,200,30,0,0,1,1,9,3,4,0,1,0,1,200,200,200,0,0,0,41,200
0,200,30,0,0,1,1,10,5,2,0,1,0,0,200,200,1,18,15,0,200,200
0,200,30,0,0,1,1,10,5,2,0,1,0,0,200,200,1,18,15,0,39,200
0,200,30,0,0,0,1,7,5,2,0,0,0,0,200,200,1,18,0,1,200,200
1,200,30,0,0,0,1,7,5,2,0,0,0,0,200,200,1,18,0,1,200,200
1,200,30,0,0,0,1,7,5,2,0,0,0,0,200,200,1,18,0,1,200,200
1,200,30,0,0,0,1,7,5,2,0,0,0,0,200,200,1,18,0,1,200,200
1,200,30,0,0,0,1,7,5,2,0,0,0,0,200,200,1,18,0,0,200,200
1,200,30,0,0,0,1,7,5,2,0,0,0,0,200,200,1,18,0,0,200,200
0,200,30,0,0,2,1,0,7,2,0,1,200,0,200,1,200,0,0,0,61,200
0,200,30,0,0,2,1,0,7,2,0,1,200,0,200,1,200,0,0,0,37,200
0,200,30,0,0,0,1,10,7,200,0,0,0,0,200,200,1,25,200,1,200,200
0,200,30,0,0,0,1,10,7,200,0,0,0,0,200,200,1,25,200,1,24,200
1,200,30,0,0,0,1,10,7,200,0,0,0,0,200,200,1,25,200,1,200,200
0,200,25,2,2,2,1,0,5,200,0,1,0,0,200,200,1,17,5,1,200,200
0,200,25,2,2,2,1,0,5,200,0,1,0,0,200,200,1,17,5,1,38,200
0,200,30,1,2,1,1,12,5,200,0,0,0,0,200,200,1,0,200,0,200,200
0,200,30,1,2,1,1,12,5,200,0,0,0,0,200,200,1,0,200,0,23,200
0,200,30,0,0,2,1,0,5,2,0,1,0,0,200,200,200,0,200,1,78,200
0,200,30,0,0,2,1,0,5,2,0,1,0,0,200,200,200,0,200,1,30,200
0,200,30,0,0,0,1,12,5,2,0,0,0,0,200,200,200,22,200,1,20,200
0,200,30,0,0,0,1,12,5,2,0,0,0,0,200,200,200,22,200,1,34,200
1,200,30,0,0,0,1,12,5,2,0,0,0,0,200,200,200,22,200,0,200,200
0,200,30,0,0,1,1,12,5,4,0,1,0,0,200,200,200,22,0,0,45,200
0,200,30,0,0,1,1,12,5,4,0,1,0,0,200,200,200,22,0,0,47,200
0,200,30,0,0,2,1,12,2,4,0,1,0,1,200,200,200,21,200,0,52,200
0,200,30,0,0,2,1,12,2,4,0,1,0,1,200,200,200,21,200,0,54,200
0,200,30,0,0,1,1,7,6,2,0,0,0,0,200,200,200,22,0,1,20,200
0,200,30,0,0,0,1,9,2,4,0,0,0,1,200,200,200,21,4,0,19,200
5,200,30,0,0,0,1,9,2,4,0,0,0,1,200,200,200,21,4,0,44,200
0,200,20,0,0,1,1,7,7,0,0,1,0,0,200,200,1,0,200,2,200,200
0,200,30,2,2,1,1,0,3,200,0,0,0,1,1,200,200,17,11,1,46,200
0,200,30,2,2,1,1,0,3,200,0,0,0,1,1,200,200,17,11,1,80,200
1,200,30,2,2,1,1,0,3,200,0,0,0,1,1,200,200,17,11,200,200,200
1,200,30,2,2,1,1,0,3,200,0,0,0,1,1,200,200,17,11,200,200,200
1,200,30,2,2,1,1,0,3,200,0,0,0,1,1,200,200,17,11,200,2,200
0,200,30,1,2,200,1,12,5,200,0,1,200,0,200,200,200,0,0,0,18,200
0,200,30,1,2,200,1,12,5,200,0,1,200,0,200,200,200,0,0,0,61,200
4,200,30,0,0,1,1,8,5,200,0,1,0,1,200,200,200,17,0,0,26,200
0,200,30,0,0,0,1,14,6,4,0,0,0,0,200,200,200,22,22,1,25,200
0,200,30,0,0,0,1,14,6,4,0,0,0,0,200,200,200,22,22,0,25,200
0,200,30,1,2,2,1,10,5,2,0,1,200,1,200,200,200,18,18,1,76,200
0,200,30,1,2,2,1,10,5,2,0,1,200,1,200,200,200,18,18,0,200,200
0,200,30,0,2,0,1,14,2,4,0,0,0,1,1,200,200,33,0,0,70,200
0,200,30,0,2,0,1,14,2,4,0,0,0,1,1,200,200,33,0,1,35,200
0,200,30,0,0,200,1,7,12,1,0,200,0,0,200,200,1,21,0,2,200,200
0,200,30,1,2,1,1,10,5,2,0,1,0,1,0,200,200,16,0,0,26,200
0,200,30,1,2,1,1,10,5,2,0,1,0,1,0,200,200,16,0,0,46,200
1,200,30,1,2,1,1,10,5,2,0,1,0,1,0,200,200,16,0,0,4,200
1,200,30,1,2,1,1,10,5,2,0,1,0,1,0,200,200,16,0,1,1,200
1,200,30,1,2,1,1,10,5,2,0,1,0,1,0,200,200,16,0,0,200,200
0,200,30,0,0,2,1,12,5,200,0,1,200,0,200,200,200,11,200,0,55,200
0,200,30,0,0,2,1,12,5,200,0,1,200,0,200,200,200,11,200,0,48,200
0,200,30,1,2,0,1,12,5,2,0,0,0,0,200,200,200,22,200,0,34,200
0,200,30,1,2,0,1,12,5,2,0,0,0,0,200,200,200,22,200,0,45,200
0,200,30,0,0,1,1,7,7,200,0,200,200,0,200,1,200,23,0,0,48,200
1,200,30,0,0,1,1,7,7,200,0,200,200,0,200,1,200,23,0,1,200,200
1,200,30,0,0,1,1,7,7,200,0,200,200,0,200,1,200,23,0,1,200,200
0,200,20,2,2,2,1,3,5,2,0,1,0,0,200,200,200,20,25,0,49,200
0,200,20,2,2,2,1,3,5,2,0,1,0,0,200,200,200,20,25,1,35,200
0,200,30,1,2,0,1,10,5,200,0,0,0,0,200,200,200,18,0,0,38,200
0,200,30,1,2,0,1,10,5,200,0,0,0,0,200,200,200,18,0,1,28,200
0,200,30,0,0,0,1,14,5,200,0,0,0,0,200,200,200,11,11,1,81,200
0,200,30,0,0,0,1,14,5,200,0,0,0,0,200,200,200,11,11,0,68,200
0,200,30,1,2,0,1,12,5,6,0,0,0,0,1,200,1,21,23,0,42,200
0,200,30,1,2,0,1,12,5,6,0,0,0,0,1,200,1,21,23,0,200,200
0,1,30,0,0,1,1,7,2,2,0,1,0,0,200,200,1,0,0,2,200,200
0,200,0,0,0,1,1,10,3,200,0,200,200,0,200,200,1,0,200,2,200,200
0,200,0,0,0,1,1,10,3,200,0,200,200,0,200,200,1,0,200,0,50,200
0,200,30,1,2,0,1,0,5,200,0,1,0,0,1,200,200,200,200,1,31,200
0,200,30,1,2,0,1,0,5,200,0,1,0,0,1,200,200,200,200,1,31,200
0,200,30,1,2,0,1,0,5,200,0,1,0,0,1,200,200,200,200,0,54,200
0,200,30,2,2,0,1,12,6,1,0,0,0,0,200,200,1,22,0,0,200,200
0,200,30,2,2,0,1,12,6,1,0,0,0,0,200,200,1,22,0,0,64,200
0,200,15,0,0,2,4,0,0,200,0,1,200,0,200,200,200,0,200,0,51,200
0,200,15,0,0,2,4,0,0,200,0,1,200,0,200,200,200,0,200,0,37,200
0,200,30,2,2,0,1,0,2,200,0,0,0,0,200,200,200,0,0,0,72,200
0,200,30,2,2,0,1,0,2,200,0,0,0,0,200,200,200,0,0,1,3,200
1,200,30,2,2,0,1,0,2,200,0,0,0,0,200,200,200,0,0,1,200,200
0,200,30,0,0,0,1,12,5,2,0,0,0,0,200,200,200,21,200,0,31,200
0,200,30,0,0,0,1,12,5,2,0,0,0,0,200,200,200,21,200,0,53,200
0,200,30,0,0,1,1,7,3,200,0,0,0,0,200,200,200,0,0,0,68,200
0,200,30,0,0,1,1,14,5,2,0,0,0,0,200,200,200,23,11,1,34,200
0,200,30,0,0,1,1,14,5,2,0,0,0,0,200,200,200,23,11,1,49,200
0,200,30,0,0,2,1,10,5,2,0,1,0,0,200,200,200,0,0,0,200,200
0,200,30,0,0,2,1,10,5,2,0,1,0,0,200,200,200,0,0,0,42,200
0,200,30,1,2,0,1,0,2,200,0,0,0,1,1,200,0,25,11,0,38,200
0,200,30,1,2,0,1,0,2,200,0,0,0,1,1,200,0,25,11,0,23,200
0,200,30,1,2,0,1,0,2,200,0,0,0,1,1,200,0,25,11,0,58,200
1,200,30,1,2,0,1,0,2,200,0,0,0,1,1,200,0,25,11,0,58,200
1,200,30,1,2,0,1,0,2,200,0,0,0,1,1,200,0,25,11,0,33,200
1,200,30,1,2,0,1,0,2,200,0,0,0,1,1,200,0,25,11,1,33,200
0,200,30,1,2,0,1,12,6,3,3,0,0,0,1,200,200,200,200,0,45,200
0,200,30,1,2,0,1,12,6,3,3,0,0,0,1,200,200,200,200,0,42,200
1,200,30,1,2,0,1,12,6,3,3,0,0,0,1,200,200,200,200,0,200,200
1,200,30,1,2,0,1,12,6,3,3,0,0,0,1,200,200,200,200,1,200,200
0,200,30,1,2,2,1,10,5,200,0,1,200,0,200,200,200,18,200,0,26,200
0,200,30,1,2,2,1,10,5,200,0,1,200,0,200,200,200,18,200,0,30,200
0,200,30,200,200,0,1,12,5,200,0,200,200,0,200,200,200,17,21,0,55,200
0,200,30,200,200,0,1,12,5,200,0,200,200,0,200,200,200,17,21,1,200,200
1,200,30,200,200,0,1,12,5,200,0,200,200,0,200,200,200,17,21,1,200,200
0,200,30,0,0,0,1,14,6,3,0,0,0,1,200,200,200,22,17,0,44,200
0,200,30,0,0,0,1,14,6,3,0,0,0,1,200,200,200,22,17,0,51,200
1,200,30,0,0,0,1,14,6,3,0,0,0,1,200,200,200,22,17,1,200,200
0,200,30,0,0,0,1,2,12,0,2,1,4,1,200,200,200,200,200,0,23,200
0,200,30,1,2,0,1,12,5,2,0,0,0,0,200,200,1,0,0,0,200,200
0,200,30,1,2,0,1,12,5,2,0,0,0,0,200,200,1,0,0,1,200,200
1,200,30,1,2,0,1,12,5,2,0,0,0,0,200,200,1,0,0,1,200,200
0,200,30,2,2,0,1,0,2,200,0,0,0,1,1,200,200,22,17,0,200,200
0,200,30,2,2,0,1,0,2,200,0,0,0,1,1,200,200,22,17,1,28,200
1,200,30,2,2,0,1,0,2,200,0,0,0,1,1,200,200,22,17,0,200,200
1,200,30,2,2,0,1,0,2,200,0,0,0,1,1,200,200,22,17,0,200,200
0,200,30,0,0,0,1,10,5,200,0,0,0,1,200,200,200,17,11,0,53,200
0,200,30,0,0,0,1,10,5,200,0,0,0,1,200,200,200,17,11,1,25,200
0,200,30,0,0,2,4,10,2,200,0,1,0,0,200,200,200,17,35,1,41,200
0,200,30,0,0,2,4,10,2,200,0,1,0,0,200,200,200,17,35,1,30,200
0,200,30,0,0,1,1,7,5,200,0,1,0,0,200,200,200,15,200,0,200,200
0,200,30,0,0,0,1,7,7,2,0,0,200,0,200,1,200,0,0,0,53,200
0,200,30,1,2,0,1,10,5,200,0,0,200,0,200,200,200,18,200,0,27,200
0,200,30,1,2,0,1,10,5,200,0,0,200,0,200,200,200,18,200,1,47,200
0,200,30,0,0,0,1,0,2,2,0,0,0,0,200,200,200,17,200,1,21,200
0,200,30,0,0,0,1,0,2,2,0,0,0,0,200,200,200,17,200,0,24,200
0,200,30,2,2,2,1,12,2,2,0,1,0,0,200,200,200,11,200,1,24,200
0,200,30,2,2,2,1,12,2,2,0,1,0,0,200,200,200,11,200,0,37,200
0,200,30,0,0,0,1,12,5,200,0,0,0,0,200,200,200,0,0,0,45,200
0,200,30,0,0,0,1,12,5,200,0,0,0,0,200,200,200,0,0,1,38,200
0,200,30,0,0,2,1,10,5,200,0,1,0,0,200,200,200,200,200,0,55,200
0,200,30,0,0,2,1,10,5,200,0,1,0,0,200,200,200,200,200,0,34,200
1,200,30,0,0,2,1,10,5,200,0,1,0,0,200,200,200,200,200,0,200,200
0,200,30,0,0,0,1,7,5,1,0,0,0,0,200,200,200,7,21,1,39,200
0,200,30,0,0,0,1,12,5,200,0,0,0,0,200,200,200,21,200,0,34,200
0,200,30,0,0,0,1,12,5,200,0,0,0,0,200,200,200,21,200,1,27,200
0,200,30,0,0,0,1,10,5,200,0,0,0,1,200,200,200,0,0,0,27,200
0,200,30,0,0,0,1,10,5,200,0,0,0,1,200,200,200,0,0,0,35,200
0,200,30,0,0,1,1,14,5,200,0,0,200,0,200,0,1,25,0,0,200,200
0,200,30,0,0,1,1,14,5,200,0,0,200,0,200,0,1,25,0,1,55,200
0,200,35,0,0,2,1,7,6,1,0,1,0,0,200,200,1,0,200,0,200,200
0,200,30,0,0,2,4,2,0,200,0,1,200,0,200,200,200,200,200,0,200,200
1,200,30,0,0,2,4,2,0,200,0,1,200,0,200,200,200,200,200,0,200,200
1,200,30,0,0,2,4,2,0,200,0,1,200,0,200,200,200,200,200,0,200,200
0,200,30,1,2,1,1,14,2,3,0,0,0,0,1,200,200,17,16,0,48,200
0,200,30,1,2,1,1,14,2,3,0,0,0,0,1,200,200,17,16,0,29,200
1,200,30,1,2,1,1,14,2,3,0,0,0,0,1,200,200,17,16,1,26,200
0,200,35,0,0,2,1,12,2,200,0,1,0,0,1,200,200,22,200,0,68,200
0,200,35,0,0,2,1,12,2,200,0,1,0,0,1,200,200,22,200,1,63,200
0,200,35,0,0,2,1,12,2,200,0,1,0,0,1,200,200,22,200,1,62,200
1,200,35,0,0,2,1,12,2,200,0,1,0,0,1,200,200,22,200,0,33,200
0,200,30,0,0,0,1,10,5,200,0,0,0,0,200,200,1,200,200,0,200,200
0,200,30,0,0,0,1,10,5,200,0,0,0,0,200,200,1,200,200,1,21,200
1,200,30,0,0,0,1,10,5,200,0,0,0,0,200,200,1,200,200,1,200,200
0,200,30,0,2,2,1,10,5,200,0,1,200,0,0,200,200,0,15,0,39,200
0,200,30,0,2,2,1,10,5,200,0,1,200,0,0,200,200,0,15,1,29,200
0,200,30,0,2,2,1,10,5,200,0,1,200,0,0,200,200,0,15,0,23,200
1,200,30,0,2,2,1,10,5,200,0,1,200,0,0,200,200,0,15,200,200,200
1,200,30,0,2,2,1,10,5,200,0,1,200,0,0,200,200,0,15,200,200,200
1,200,30,0,2,2,1,10,5,200,0,1,200,0,0,200,200,0,15,200,200,200
1,200,30,0,2,2,1,10,5,200,0,1,200,0,0,200,200,0,15,200,200,200
0,200,30,0,0,1,1,7,6,1,0,0,0,0,200,200,200,200,11,0,50,200
1,200,30,0,0,1,1,7,6,1,0,0,0,0,200,200,200,200,11,0,44,200
0,200,30,1,2,2,1,14,5,200,0,1,0,0,200,200,200,0,0,1,200,200
0,200,30,1,2,2,1,14,5,200,0,1,0,0,200,200,200,0,0,1,64,200
0,200,30,0,0,0,1,7,5,2,0,0,0,0,200,200,200,22,200,1,29,200
0,200,30,1,2,0,1,10,5,2,0,0,0,1,200,200,200,18,11,0,27,200
0,200,30,1,2,0,1,10,5,2,0,0,0,1,200,200,200,18,11,0,37,200
0,200,30,2,2,0,1,14,5,2,0,0,1,1,1,200,200,17,5,1,39,200
0,200,30,2,2,0,1,14,5,2,0,0,1,1,1,200,200,17,5,1,25,200
1,200,30,2,2,0,1,14,5,2,0,0,1,1,1,200,200,17,5,1,35,200
1,200,30,2,2,0,1,14,5,2,0,0,1,1,1,200,200,17,5,1,41,200
0,200,30,1,2,1,1,12,3,3,0,0,0,0,1,200,1,22,0,2,200,200
0,200,30,1,2,1,1,12,3,3,0,0,0,0,1,200,1,22,0,1,38,200
0,200,30,0,0,0,1,7,7,200,0,0,0,0,200,200,1,0,200,2,200,200
0,200,30,0,0,2,1,10,5,200,0,1,200,1,200,200,200,18,200,2,200,200
0,200,30,0,0,2,1,10,5,200,0,1,200,1,200,200,200,18,200,0,22,200
0,200,30,0,0,2,1,10,5,200,0,1,200,1,200,200,200,18,200,2,200,200
0,200,30,1,2,1,1,14,5,4,0,0,0,1,1,200,200,17,16,1,33,200
0,200,30,1,2,1,1,14,5,4,0,0,0,1,1,200,200,17,16,0,42,200
0,200,30,0,0,0,1,14,2,1,0,1,0,1,1,200,1,18,200,0,200,200
0,200,30,0,0,0,1,14,2,1,0,1,0,1,1,200,1,18,200,0,40,200
0,200,30,0,0,0,1,14,2,1,0,1,0,1,1,200,1,18,200,0,200,200
1,200,30,0,0,0,1,14,2,1,0,1,0,1,1,200,1,18,200,1,20,200
0,200,15,0,0,0,1,7,7,200,0,0,0,0,200,1,200,16,0,0,44,200
0,200,30,0,12,0,1,12,2,2,0,0,0,1,200,200,200,200,0,1,69,200
0,200,30,0,12,0,1,12,2,2,0,0,0,1,200,200,200,200,0,0,61,200
0,200,30,0,0,0,1,10,5,200,0,1,0,0,200,200,1,0,0,0,200,200
0,200,30,0,0,0,1,10,5,200,0,1,0,0,200,200,1,0,0,0,57,200
0,200,25,0,0,2,2,12,2,200,0,1,0,0,200,200,200,34,11,0,200,200
0,200,25,0,0,2,2,12,2,200,0,1,0,0,200,200,200,34,11,0,27,200
1,200,25,0,0,2,2,12,2,200,0,1,0,0,200,200,200,34,11,0,200,200
0,200,30,0,0,1,1,10,5,2,0,0,200,0,200,200,200,18,0,0,26,200
0,200,30,0,0,1,1,10,5,2,0,0,200,0,200,200,200,18,0,0,40,200
0,200,30,0,0,2,1,12,2,2,0,1,0,1,200,200,200,18,200,0,61,200
0,200,30,0,0,2,1,12,2,2,0,1,0,1,200,200,200,18,200,1,56,200
0,200,30,1,2,0,1,10,6,3,0,0,0,0,200,200,200,18,200,0,27,200
0,200,30,1,2,0,1,10,6,3,0,0,0,0,200,200,200,18,200,0,44,200
0,200,30,0,0,1,1,7,12,200,0,200,200,0,200,200,200,0,0,0,42,200
0,200,25,0,0,0,1,7,5,2,0,0,0,0,200,200,200,23,200,0,56,200
0,200,30,1,2,1,2,10,2,200,0,1,0,0,200,200,200,0,18,1,200,200
0,200,30,1,2,1,2,10,2,200,0,1,0,0,200,200,200,0,18,1,47,200
0,200,30,0,0,2,4,7,7,200,0,1,0,0,200,200,1,0,0,2,200,200
0,200,30,0,0,1,1,10,5,4,0,0,0,0,200,200,200,18,16,0,43,200
0,200,30,0,0,1,1,10,5,4,0,0,0,0,200,200,200,18,16,1,37,200
0,200,30,200,200,0,1,12,5,200,0,0,200,0,200,200,1,0,200,0,200,200
0,200,30,200,200,0,1,12,5,200,0,0,200,0,200,200,1,0,200,1,46,200
0,200,20,0,0,0,1,2,0,200,0,0,0,0,200,200,200,200,200,0,50,200
1,200,20,0,0,0,1,2,0,200,0,0,0,0,200,200,200,200,200,0,200,200
0,200,30,0,0,0,1,10,5,200,0,0,0,0,200,200,200,0,0,0,43,200
0,200,30,0,0,0,1,10,5,200,0,0,0,0,200,200,200,0,0,0,36,200
1,200,30,0,0,0,1,10,5,200,0,0,0,0,200,200,200,0,0,1,200,200
0,200,30,0,0,0,1,12,6,2,0,0,0,0,200,200,1,18,0,0,200,200
0,200,30,0,0,0,1,12,6,2,0,0,0,0,200,200,1,18,0,0,43,200
0,200,30,2,2,2,0,12,5,4,0,1,0,0,200,200,200,0,0,0,200,200
0,200,30,2,2,2,0,12,5,4,0,1,0,0,200,200,200,0,0,0,32,200
0,200,25,0,0,2,1,7,6,1,0,1,0,0,200,200,1,15,0,0,200,200
0,200,30,0,0,0,3,14,2,2,0,0,0,1,200,200,200,17,14,1,24,200
0,200,30,0,0,0,3,14,2,2,0,0,0,1,200,200,200,17,14,0,25,200
1,200,30,0,0,0,3,14,2,2,0,0,0,1,200,200,200,17,14,0,33,200
0,200,35,1,2,0,4,10,2,2,0,0,0,0,200,200,1,16,200,2,200,200
0,200,35,1,2,0,4,10,2,2,0,0,0,0,200,200,1,16,200,0,52,200
1,200,35,1,2,0,4,10,2,2,0,0,0,0,200,200,1,16,200,0,9,200
0,200,30,0,0,0,4,10,7,200,0,0,0,0,200,1,200,200,200,1,50,200
0,200,30,0,0,0,4,10,7,200,0,0,0,0,200,1,200,200,200,1,25,200
1,200,30,0,0,0,4,10,7,200,0,0,0,0,200,1,200,200,200,0,200,200
0,200,35,2,2,2,0,12,6,200,0,1,200,0,1,200,200,0,200,0,56,200
0,200,35,2,2,2,0,12,6,200,0,1,200,0,1,200,200,0,200,0,68,200
0,200,30,1,2,2,3,14,5,2,0,1,0,1,1,200,200,17,200,1,24,200
0,200,30,1,2,2,3,14,5,2,0,1,0,1,1,200,200,17,200,0,20,200
1,200,30,1,2,2,3,14,5,2,0,1,0,1,1,200,200,17,200,0,17,200
0,200,30,0,0,2,0,10,5,2,0,1,200,0,200,200,200,18,200,0,72,200
0,200,30,0,0,2,0,10,5,2,0,1,200,0,200,200,200,18,200,0,51,200
0,200,20,0,0,200,200,10,7,200,0,200,200,0,200,1,200,20,200,0,50,200
0,200,20,0,0,200,200,10,7,200,0,200,200,0,200,1,200,20,200,1,200,200
0,200,30,0,0,0,1,7,5,2,0,1,0,0,200,200,1,200,200,2,200,200
0,200,30,0,0,0,3,7,5,4,0,0,0,0,200,200,200,0,0,0,25,200
1,200,30,0,0,0,3,7,5,4,0,0,0,0,200,200,200,0,0,1,200,200
1,200,30,0,0,0,3,7,5,4,0,0,0,0,200,200,200,0,0,1,24,200
0,200,25,0,0,2,3,12,5,1,0,1,0,0,200,200,200,0,0,1,27,200
0,200,25,0,0,2,3,12,5,1,0,1,0,0,200,200,200,0,0,0,31,200
0,200,30,0,0,2,3,3,5,2,0,1,0,1,200,200,200,200,200,2,200,200
0,200,30,0,0,2,3,3,5,2,0,1,0,1,200,200,200,200,200,0,18,200