PERSON_TYPE,CRASH_DATE_EST_I,POSTED_SPEED_LIMIT,TRAFFIC_CONTROL_DEVICE,DEVICE_CONDITION,WEATHER_CONDITION,LIGHTING_CONDITION,FIRST_CRASH_TYPE,TRAFFICWAY_TYPE,LANE_CNT,ALIGNMENT,ROADWAY_SURFACE_COND,ROAD_DEFECT,CRASH_TYPE,INTERSECTION_RELATED_I,NOT_RIGHT_OF_WAY_I,HIT_AND_RUN_I,PRIM_CONTRIBUTORY_CAUSE,SEC_CONTRIBUTORY_CAUSE,SEX,AGE,BAC_RESULT VALUE
1,200,30,0,0,2,3,3,5,2,0,1,0,1,200,200,200,200,200,0,200,200
0,0,30,2,2,0,0,14,6,1,0,0,0,0,200,200,200,23,200,0,200,200
0,0,30,2,2,0,0,14,6,1,0,0,0,0,200,200,200,23,200,0,23,200
0,200,15,2,2,1,3,0,5,200,0,0,0,0,200,200,200,17,200,0,45,200
0,200,15,2,2,1,3,0,5,200,0,0,0,0,200,200,200,17,200,1,33,200
1,200,15,2,2,1,3,0,5,200,0,0,0,0,200,200,200,17,200,0,32,200
0,200,30,1,2,0,2,10,5,2,0,0,0,0,200,200,200,18,18,0,200,200
0,200,30,1,2,0,2,10,5,2,0,0,0,0,200,200,200,18,18,1,53,200
0,200,30,1,2,0,3,10,2,200,0,0,200,0,200,200,200,16,18,1,26,200
0,200,30,1,2,0,3,10,2,200,0,0,200,0,200,200,200,16,18,1,27,200
0,200,30,1,2,0,0,0,5,2,0,0,0,1,1,200,200,6,17,1,21,200
0,200,30,1,2,0,0,0,5,2,0,0,0,1,1,200,200,6,17,0,34,200
1,200,30,1,2,0,0,0,5,2,0,0,0,1,1,200,200,6,17,1,44,200
0,200,30,0,0,2,3,14,5,200,0,1,0,0,200,200,200,0,0,0,34,200
0,200,30,0,0,2,3,14,5,200,0,1,0,0,200,200,200,0,0,1,38,200
1,200,30,0,0,2,3,14,5,200,0,1,0,0,200,200,200,0,0,0,3,200
1,200,30,0,0,2,3,14,5,200,0,1,0,0,200,200,200,0,0,1,10,200
0,200,35,0,0,0,3,12,3,4,0,1,0,0,200,200,200,21,23,0,38,200
0,200,35,0,0,0,3,12,3,4,0,1,0,0,200,200,200,21,23,0,30,200
0,200,30,1,2,0,3,14,3,4,0,0,0,1,1,200,200,23,200,1,0,200
0,200,30,1,2,0,3,14,3,4,0,0,0,1,1,200,200,23,200,1,53,200
0,200,30,2,2,2,3,0,6,200,0,1,0,1,1,200,200,33,200,0,32,200
0,200,30,2,2,2,3,0,6,200,0,1,0,1,1,200,200,33,200,1,26,200
0,200,30,1,2,2,3,10,5,4,0,1,0,0,200,200,200,34,0,0,23,200
0,200,30,1,2,2,3,10,5,4,0,1,0,0,200,200,200,34,0,0,55,200
1,200,30,1,2,2,3,10,5,4,0,1,0,0,200,200,200,34,0,1,200,200
0,200,35,2,2,2,0,12,6,200,0,1,0,0,1,200,200,0,0,0,58,200
0,200,35,2,2,2,0,12,6,200,0,1,0,0,1,200,200,0,0,1,49,200
0,200,30,1,2,0,3,12,5,1,0,0,200,1,1,200,200,0,200,0,24,200
0,200,30,1,2,0,3,12,5,1,0,0,200,1,1,200,200,0,200,1,22,200
1,200,30,1,2,0,3,12,5,1,0,0,200,1,1,200,200,0,200,1,27,200
0,200,30,0,0,0,3,2,5,4,0,1,0,1,200,0,200,32,16,0,18,200
1,200,30,0,0,0,3,2,5,4,0,1,0,1,200,0,200,32,16,0,20,200
0,1,30,0,0,0,3,7,6,1,0,0,200,0,200,200,1,0,200,2,200,200
0,200,30,0,0,0,3,14,7,2,0,0,0,0,200,200,1,23,23,0,200,200
0,200,30,0,0,0,3,14,7,2,0,0,0,0,200,200,1,23,23,1,35,200
0,200,30,200,200,200,3,14,5,200,0,200,200,0,200,200,200,23,200,0,33,200
0,200,30,200,200,200,3,14,5,200,0,200,200,0,200,200,200,23,200,0,26,200
0,200,30,200,200,0,3,2,12,200,0,0,200,0,200,200,200,200,200,0,54,200
0,200,10,0,0,2,3,7,7,200,0,1,0,0,200,1,200,34,0,0,39,200
0,0,30,1,2,0,3,12,2,4,0,0,0,0,200,200,200,22,11,1,53,200
0,0,30,1,2,0,3,12,2,4,0,0,0,0,200,200,200,22,11,1,19,200
1,0,30,1,2,0,3,12,2,4,0,0,0,0,200,200,200,22,11,200,200,200
0,200,30,0,0,2,3,12,2,200,0,1,0,0,200,200,1,17,0,0,20,200
0,200,30,0,0,2,3,12,2,200,0,1,0,0,200,200,1,17,0,1,65,200
1,200,30,0,0,2,3,12,2,200,0,1,0,0,200,200,1,17,0,0,200,200
1,200,30,0,0,2,3,12,2,200,0,1,0,0,200,200,1,17,0,0,200,200
1,200,30,0,0,2,3,12,2,200,0,1,0,0,200,200,1,17,0,0,200,200
1,200,30,0,0,2,3,12,2,200,0,1,0,0,200,200,1,17,0,1,200,200
1,200,30,0,0,2,3,12,2,200,0,1,0,0,200,200,1,17,0,0,200,200
0,200,30,0,0,0,3,7,5,2,0,0,0,1,200,200,200,0,200,0,20,200
0,200,30,1,2,2,1,10,2,4,3,1,200,0,200,200,1,15,200,0,200,200
0,200,30,1,2,2,1,10,2,4,3,1,200,0,200,200,1,15,200,1,22,200
0,200,30,1,2,2,3,14,3,4,0,1,0,1,1,200,200,23,6,1,24,200
0,200,30,1,2,2,3,14,3,4,0,1,0,1,1,200,200,23,6,1,51,200
1,200,30,1,2,2,3,14,3,4,0,1,0,1,1,200,200,23,6,1,17,200
0,200,30,0,0,0,3,7,3,4,0,0,0,1,200,200,200,1,12,1,19,200
1,200,30,0,0,0,3,7,3,4,0,0,0,1,200,200,200,1,12,0,15,200
0,200,30,200,200,2,0,14,5,2,0,200,200,0,200,200,200,23,17,0,200,200
0,200,30,200,200,2,0,14,5,2,0,200,200,0,200,200,200,23,17,0,49,200
0,200,30,0,0,0,0,14,5,2,0,0,0,1,200,200,200,23,22,0,21,200
0,200,30,0,0,0,0,14,5,2,0,0,0,1,200,200,200,23,22,0,22,200
0,200,30,0,0,0,3,10,5,2,0,1,3,1,200,200,1,2,11,1,200,200
0,200,30,0,0,0,3,10,5,2,0,1,3,1,200,200,1,2,11,0,28,200
1,200,30,0,0,0,3,10,5,2,0,1,3,1,200,200,1,2,11,0,26,200
0,200,35,1,2,0,3,10,6,2,0,200,200,0,1,200,200,32,18,0,21,200
0,200,35,1,2,0,3,10,6,2,0,200,200,0,1,200,200,32,18,0,58,200
0,200,35,1,2,0,3,10,6,2,0,200,200,0,1,200,200,32,18,1,29,200
1,200,35,1,2,0,3,10,6,2,0,200,200,0,1,200,200,32,18,0,34,200
1,200,35,1,2,0,3,10,6,2,0,200,200,0,1,200,200,32,18,0,36,200
0,200,35,1,2,2,3,14,12,2,0,0,0,0,200,200,200,23,200,0,33,200
0,200,35,1,2,2,3,14,12,2,0,0,0,0,200,200,200,23,200,1,21,200
0,200,30,0,0,2,1,7,5,2,0,1,0,0,200,200,1,0,200,2,200,200
0,200,30,1,2,2,0,3,2,4,0,1,0,1,1,200,200,22,16,0,33,200
0,200,30,1,2,2,0,3,2,4,0,1,0,1,1,200,200,22,16,1,36,200
0,200,35,0,0,2,3,14,5,2,0,1,0,1,200,200,200,17,16,0,27,200
0,200,35,0,0,2,3,14,5,2,0,1,0,1,200,200,200,17,16,1,32,200
1,200,35,0,0,2,3,14,5,2,0,1,0,1,200,200,200,17,16,0,200,200
0,200,30,1,200,0,3,9,5,1,0,1,1,1,1,200,200,6,200,1,43,200
5,200,30,1,200,0,3,9,5,1,0,1,1,1,1,200,200,6,200,1,18,200
0,200,35,1,2,0,3,10,2,4,0,0,0,0,200,200,1,0,0,1,200,200
0,200,35,1,2,0,3,10,2,4,0,0,0,0,200,200,1,0,0,0,56,200
0,200,30,2,2,0,3,0,5,2,0,0,0,0,1,200,200,32,200,1,200,200
0,200,30,2,2,0,3,0,5,2,0,0,0,0,1,200,200,32,200,0,200,200
0,200,30,0,0,0,3,12,5,4,0,1,0,0,200,200,200,21,0,1,200,200
0,200,30,0,0,0,3,12,5,4,0,1,0,0,200,200,200,21,0,1,23,200
1,200,30,0,0,0,3,12,5,4,0,1,0,0,200,200,200,21,0,0,200,200
0,200,35,0,0,2,0,2,3,200,0,1,0,1,200,1,200,0,0,0,27,200
1,200,35,0,0,2,0,2,3,200,0,1,0,1,200,1,200,0,0,0,26,200
0,200,30,2,2,2,0,0,2,1,0,1,0,0,1,200,200,17,15,0,18,200
0,200,30,2,2,2,0,0,2,1,0,1,0,0,1,200,200,17,15,0,51,200
0,200,30,0,0,0,3,2,5,4,0,0,200,0,200,200,200,0,0,2,200,200
0,200,15,0,0,0,3,7,6,1,0,1,0,1,200,200,1,14,34,1,200,200
0,200,30,0,0,0,3,2,1,4,0,0,0,1,200,200,200,0,0,1,39,200
0,200,30,0,0,2,3,7,5,200,0,1,0,1,200,200,200,15,16,1,20,200
0,200,30,0,200,0,3,2,3,2,0,1,0,1,200,200,1,25,0,2,200,200
0,200,35,0,0,2,3,12,2,4,0,1,0,0,0,200,1,22,0,1,200,200
0,200,35,0,0,2,3,12,2,4,0,1,0,0,0,200,1,22,0,0,64,200
0,200,30,0,0,0,3,7,6,1,0,0,0,1,200,200,200,22,0,0,26,200
0,200,30,2,2,0,3,10,6,1,0,0,0,1,200,200,1,16,18,0,200,200
0,200,30,2,2,0,3,10,6,1,0,0,0,1,200,200,1,16,18,0,38,200
1,200,30,2,2,0,3,10,6,1,0,0,0,1,200,200,1,16,18,1,36,200
1,200,30,2,2,0,3,10,6,1,0,0,0,1,200,200,1,16,18,0,40,200
1,200,30,2,2,0,3,10,6,1,0,0,0,1,200,200,1,16,18,1,35,200
0,200,30,0,0,0,3,7,5,4,0,1,200,1,200,200,200,16,0,0,24,200
0,200,30,0,0,2,2,7,5,2,0,1,0,1,200,1,1,0,200,2,200,200
0,200,30,0,0,0,1,7,5,2,0,0,0,1,200,200,200,16,25,0,34,200
0,200,30,0,0,0,2,7,2,2,0,0,0,0,200,200,200,0,0,1,22,200
0,200,30,3,5,0,1,11,2,4,0,0,3,0,200,200,200,21,20,1,32,200
0,200,30,3,5,0,1,11,2,4,0,0,3,0,200,200,200,21,20,1,24,200
0,200,30,1,2,0,0,8,12,4,0,200,0,1,1,200,200,17,16,1,35,200
4,200,30,1,2,0,0,8,12,4,0,200,0,1,1,200,200,17,16,1,27,200
0,200,30,1,2,0,1,12,5,200,0,0,0,0,200,200,200,0,0,0,64,200
0,200,30,1,2,0,1,12,5,200,0,0,0,0,200,200,200,0,0,0,57,200
0,200,30,1,2,2,200,10,3,4,0,1,200,0,1,200,200,0,0,1,200,200
0,200,30,1,2,2,200,10,3,4,0,1,200,0,1,200,200,0,0,0,67,200
0,200,30,12,2,1,3,10,3,2,0,0,0,1,200,200,200,18,16,1,200,200
0,200,30,12,2,1,3,10,3,2,0,0,0,1,200,200,200,18,16,0,58,200
1,200,30,12,2,1,3,10,3,2,0,0,0,1,200,200,200,18,16,1,55,200
0,200,15,0,0,1,1,2,4,200,0,0,0,1,200,1,200,18,11,0,36,200
0,200,25,0,0,2,3,7,6,200,0,1,0,0,200,200,1,0,0,2,200,200
0,1,30,0,0,0,1,7,5,4,0,0,0,0,200,200,1,0,0,2,200,200
0,200,15,0,0,200,200,7,5,2,0,200,0,0,200,200,1,0,200,2,200,200
0,200,30,0,0,2,1,10,5,2,0,1,0,0,200,200,200,34,34,0,23,200
0,200,30,0,0,2,1,10,5,2,0,1,0,0,200,200,200,34,34,1,64,200
0,200,30,2,2,0,1,10,5,2,0,0,0,1,200,200,200,18,200,0,20,200
0,200,30,2,2,0,1,10,5,2,0,0,0,1,200,200,200,18,200,1,60,200
1,200,30,2,2,0,1,10,5,2,0,0,0,1,200,200,200,18,200,1,200,200
0,200,30,0,0,0,1,12,3,4,0,0,0,0,1,200,200,0,200,1,33,200
0,200,30,0,0,0,1,12,3,4,0,0,0,0,1,200,200,0,200,0,60,200
1,200,30,0,0,0,1,12,3,4,0,0,0,0,1,200,200,0,200,0,24,200
0,200,30,0,0,0,1,7,5,2,0,0,0,0,200,200,1,0,0,2,200,200
1,200,30,0,0,0,1,7,5,2,0,0,0,0,200,200,1,0,0,0,43,200
0,200,25,0,0,0,1,7,6,2,0,0,0,0,200,200,200,200,200,0,73,200
0,200,15,0,0,0,1,0,7,200,0,0,0,0,200,1,200,20,200,1,40,200
0,200,15,0,0,0,1,0,7,200,0,0,0,0,200,1,200,20,200,1,34,200
0,200,30,2,1,0,1,10,6,200,0,0,0,0,1,200,200,0,200,1,46,200
0,200,30,2,1,0,1,10,6,200,0,0,0,0,1,200,200,0,200,1,61,200
0,200,30,1,2,2,1,8,3,200,0,1,0,1,200,200,1,6,0,0,200,200
4,200,30,1,2,2,1,8,3,200,0,1,0,1,200,200,1,6,0,1,27,200
0,200,30,2,0,0,1,10,5,2,0,0,0,1,1,200,200,18,18,0,61,200
0,200,30,2,0,0,1,10,5,2,0,0,0,1,1,200,200,18,18,1,37,200
1,200,30,2,0,0,1,10,5,2,0,0,0,1,1,200,200,18,18,1,7,200
0,200,30,1,2,0,1,9,5,200,0,0,0,1,1,200,200,17,17,0,58,200
5,200,30,1,2,0,1,9,5,200,0,0,0,1,1,200,200,17,17,1,70,200
0,200,30,0,0,0,1,14,5,200,0,0,0,0,200,200,200,0,0,0,23,200
0,200,30,0,0,0,1,14,5,200,0,0,0,0,200,200,200,0,0,0,29,200
0,200,30,2,2,2,1,0,6,1,0,1,0,0,1,200,200,17,200,1,34,200
0,200,30,2,2,2,1,0,6,1,0,1,0,0,1,200,200,17,200,0,61,200
0,200,30,0,0,0,1,10,2,4,0,0,0,0,200,200,1,0,200,0,200,200
0,200,30,0,0,0,1,10,2,4,0,0,0,0,200,200,1,0,200,0,46,200
1,200,30,0,0,0,1,10,2,4,0,0,0,0,200,200,1,0,200,200,200,200
0,200,20,2,2,0,1,10,5,2,0,0,0,0,200,200,200,0,0,1,44,200
0,200,20,2,2,0,1,10,5,2,0,0,0,0,200,200,200,0,0,0,200,200
0,1,30,0,0,200,200,7,6,1,0,200,0,0,200,200,1,0,16,2,200,200
0,200,15,0,0,0,1,7,7,200,0,0,0,0,200,200,0,0,0,2,200,200
0,1,0,0,0,200,200,12,5,2,0,200,0,1,200,200,1,0,0,2,200,200
0,200,25,0,0,0,3,7,5,2,0,1,200,0,200,200,1,0,0,2,200,200
0,200,30,1,2,2,1,10,5,200,0,1,0,0,200,200,200,18,0,1,20,200
0,200,30,1,2,2,1,10,5,200,0,1,0,0,200,200,200,18,0,0,52,200
0,200,30,0,0,0,1,7,6,1,0,0,0,0,200,200,200,7,16,1,51,200
1,200,30,0,0,0,1,7,6,1,0,0,0,0,200,200,200,7,16,0,44,200
0,200,30,2,2,0,1,0,5,4,0,0,0,1,1,200,200,17,0,0,47,200
0,200,30,2,2,0,1,0,5,4,0,0,0,1,1,200,200,17,0,0,50,200
1,200,30,2,2,0,1,0,5,4,0,0,0,1,1,200,200,17,0,0,53,200
0,200,30,1,2,0,1,10,5,200,0,0,0,0,200,200,200,0,0,1,200,200
0,200,30,1,2,0,1,10,5,200,0,0,0,0,200,200,200,0,0,0,42,200
1,200,30,1,2,0,1,10,5,200,0,0,0,0,200,200,200,0,0,1,200,200
1,200,30,1,2,0,1,10,5,200,0,0,0,0,200,200,200,0,0,2,200,200
0,200,30,2,2,0,1,14,5,200,0,0,0,1,1,200,200,14,200,1,24,200
0,200,30,2,2,0,1,14,5,200,0,0,0,1,1,200,200,14,200,0,20,200
1,200,30,2,2,0,1,14,5,200,0,0,0,1,1,200,200,14,200,1,21,200
0,200,30,0,0,0,1,14,5,2,0,0,0,0,200,200,200,0,0,0,200,200
0,200,30,0,0,0,1,14,5,2,0,0,0,0,200,200,200,0,0,1,0,200
0,200,30,2,2,0,1,12,5,2,0,0,0,0,200,200,1,0,200,0,200,200
0,200,30,2,2,0,1,12,5,2,0,0,0,0,200,200,1,0,200,1,23,200
0,200,30,2,2,1,1,7,6,1,0,0,0,0,200,200,1,0,200,2,200,200
0,200,30,1,2,12,0,10,5,200,0,0,0,0,200,200,1,18,200,0,200,200
0,200,30,1,2,12,0,10,5,200,0,0,0,0,200,200,1,18,200,1,29,200
1,200,30,1,2,12,0,10,5,200,0,0,0,0,200,200,1,18,200,0,29,200
0,200,30,0,0,0,1,14,2,4,0,0,0,0,200,200,200,22,200,0,76,200
0,200,30,0,0,0,1,14,2,4,0,0,0,0,200,200,200,22,200,0,20,200
0,200,20,0,0,0,1,12,5,200,0,0,0,0,200,200,200,17,200,1,52,200
0,200,20,0,0,0,1,12,5,200,0,0,0,0,200,200,200,17,200,1,69,200
0,1,20,1,0,0,1,7,2,200,0,0,0,0,200,200,1,200,200,2,200,200
0,200,30,2,2,2,1,0,5,5,0,1,0,0,1,200,200,5,17,0,73,200
0,200,30,2,2,2,1,0,5,5,0,1,0,0,1,200,200,5,17,1,50,200
0,200,30,2,200,0,1,10,5,200,0,0,0,0,1,200,200,18,11,1,200,200
0,200,30,2,200,0,1,10,5,200,0,0,0,0,1,200,200,18,11,0,31,200
0,200,35,0,0,0,0,7,5,200,0,1,0,0,200,200,1,0,0,2,200,200
0,200,30,0,0,0,1,14,3,4,0,0,200,0,200,200,200,23,200,0,40,200
0,200,30,0,0,0,1,14,3,4,0,0,200,0,200,200,200,23,200,0,20,200
0,200,15,0,200,0,1,7,7,2,0,0,0,0,200,1,200,200,200,0,34,200
0,200,15,0,0,0,1,7,5,200,0,0,0,0,200,200,200,0,200,0,55,200
0,200,30,0,0,0,1,10,5,200,0,0,0,0,200,200,200,18,18,0,28,200
0,200,30,0,0,0,1,10,5,200,0,0,0,0,200,200,200,18,18,1,29,200
1,200,30,0,0,0,1,10,5,200,0,0,0,0,200,200,200,18,18,0,200,200
0,200,20,1,2,0,3,0,2,2,0,0,0,0,200,200,1,0,200,2,200,200
0,200,20,1,2,0,3,0,2,2,0,0,0,0,200,200,1,0,200,0,34,200
0,200,30,0,0,0,1,3,12,0,0,0,0,1,200,200,1,20,20,0,200,200
0,200,30,0,0,0,1,3,12,0,0,0,0,1,200,200,1,20,20,1,54,200
1,200,30,0,0,0,1,3,12,0,0,0,0,1,200,200,1,20,20,0,61,200
0,200,30,0,0,0,1,12,5,200,0,0,0,0,200,200,200,21,0,0,56,200
0,200,30,0,0,0,1,12,5,200,0,0,0,0,200,200,200,21,0,1,35,200
0,1,15,0,0,200,200,7,7,200,0,200,200,0,200,1,1,0,200,2,200,200
0,200,30,2,2,0,1,3,2,4,2,0,200,1,200,200,200,17,0,0,45,200
0,200,30,2,2,0,1,3,2,4,2,0,200,1,200,200,200,17,0,0,59,200
1,200,30,2,2,0,1,3,2,4,2,0,200,1,200,200,200,17,0,0,14,200
1,200,30,2,2,0,1,3,2,4,2,0,200,1,200,200,200,17,0,1,42,200
0,200,30,0,0,0,1,12,5,4,0,0,0,0,200,200,200,0,0,1,82,200
0,200,30,0,0,0,1,12,5,4,0,0,0,0,200,200,200,0,0,0,57,200
1,200,30,0,0,0,1,12,5,4,0,0,0,0,200,200,200,0,0,0,200,200
0,200,30,1,2,2,1,12,5,4,0,1,0,0,200,200,200,21,200,0,200,200
0,200,30,1,2,2,1,12,5,4,0,1,0,0,200,200,200,21,200,1,27,200
0,200,30,0,0,1,1,12,2,200,0,0,0,0,200,200,1,18,22,0,200,200
0,200,30,0,0,1,1,12,2,200,0,0,0,0,200,200,1,18,22,0,26,200
0,200,30,0,0,0,4,10,5,2,0,0,0,1,200,200,200,18,18,1,25,200
0,200,30,0,0,0,4,10,5,2,0,0,0,1,200,200,200,18,18,0,36,200
0,200,30,0,0,0,1,10,6,200,0,0,0,0,200,200,200,0,200,0,39,200
0,200,30,0,0,0,1,10,6,200,0,0,0,0,200,200,200,0,200,1,38,200
0,200,30,0,0,0,1,14,5,4,0,0,0,0,200,200,200,16,0,1,25,200
0,200,30,0,0,0,1,14,5,4,0,0,0,0,200,200,200,16,0,1,29,200
0,200,30,1,2,0,1,12,2,200,0,0,0,0,200,200,200,4,200,0,32,200
0,200,30,1,2,0,1,12,2,200,0,0,0,0,200,200,200,4,200,0,26,200
0,200,30,2,2,0,1,0,5,1,0,0,0,0,1,200,1,0,200,1,200,200
0,200,30,2,2,0,1,0,5,1,0,0,0,0,1,200,1,0,200,1,51,200
0,200,30,0,0,0,1,14,5,2,0,0,0,1,200,200,1,17,200,0,200,200
0,200,30,0,0,0,1,14,5,2,0,0,0,1,200,200,1,17,200,0,28,200
0,200,30,0,0,0,1,14,2,200,0,0,0,1,1,200,200,21,17,0,52,200
0,200,30,0,0,0,1,14,2,200,0,0,0,1,1,200,200,21,17,0,0,200
1,200,30,0,0,0,1,14,2,200,0,0,0,1,1,200,200,21,17,1,40,200
0,200,15,0,0,0,1,10,5,200,0,0,0,0,1,200,200,18,200,1,18,200
0,200,15,0,0,0,1,10,5,200,0,0,0,0,1,200,200,18,200,1,28,200
1,200,15,0,0,0,1,10,5,200,0,0,0,0,1,200,200,18,200,2,200,200
1,200,15,0,0,0,1,10,5,200,0,0,0,0,1,200,200,18,200,2,200,200
0,200,30,2,0,0,1,0,2,2,0,0,0,0,200,200,1,17,200,1,200,200
0,200,30,2,0,0,1,0,2,2,0,0,0,0,200,200,1,17,200,1,18,200
0,200,30,1,2,0,1,14,5,200,0,0,0,1,1,200,200,0,0,0,28,200
0,200,30,1,2,0,1,14,5,200,0,0,0,1,1,200,200,0,0,0,83,200
0,200,30,1,2,0,1,12,5,4,0,0,0,1,200,200,200,21,200,0,33,200
0,200,30,1,2,0,1,12,5,4,0,0,0,1,200,200,200,21,200,0,37,200
0,200,30,1,2,0,1,12,5,4,0,0,0,1,200,200,200,21,200,0,73,200
0,1,30,0,0,200,3,7,6,1,0,200,200,0,200,200,1,0,0,2,200,200
0,200,15,0,0,0,1,0,7,200,0,0,0,0,200,200,200,33,200,1,17,200
0,200,15,0,0,0,1,0,7,200,0,0,0,0,200,200,200,33,200,1,18,200
0,200,30,0,0,2,1,5,5,1,0,1,1,0,200,200,200,0,200,0,37,200
0,200,25,0,0,0,1,12,5,200,0,0,0,0,200,200,200,22,17,1,24,200
0,200,25,0,0,0,1,12,5,200,0,0,0,0,200,200,200,22,17,0,35,200
0,200,30,0,0,0,1,11,5,2,3,0,0,1,200,200,200,4,4,0,36,200
0,200,30,0,0,0,1,11,5,2,3,0,0,1,200,200,200,4,4,0,48,200
0,200,25,2,2,0,1,2,5,200,0,0,0,1,1,1,1,8,0,2,200,200
0,200,25,2,2,0,1,2,5,200,0,0,0,1,1,1,1,8,0,0,33,200
0,200,30,1,2,0,1,14,12,200,0,0,0,1,1,200,1,0,0,2,200,200
0,200,30,1,2,0,1,14,12,200,0,0,0,1,1,200,1,0,0,0,55,200
0,200,20,0,0,2,1,7,6,1,0,0,0,0,200,200,1,0,0,2,200,200
0,200,30,1,2,0,1,10,5,5,0,0,0,1,1,200,200,22,18,1,47,200
0,200,30,1,2,0,1,10,5,5,0,0,0,1,1,200,200,22,18,0,0,200
0,200,30,1,2,0,1,10,5,5,0,0,0,1,1,200,200,22,18,1,37,200
1,200,30,1,2,0,1,10,5,5,0,0,0,1,1,200,200,22,18,1,200,200
0,200,30,2,2,0,0,0,6,1,0,0,0,0,200,200,1,0,200,1,200,200
0,200,30,2,2,0,0,0,6,1,0,0,0,0,200,200,1,0,200,1,24,200
1,200,30,2,2,0,0,0,6,1,0,0,0,0,200,200,1,0,200,1,0,200
1,200,30,2,2,0,0,0,6,1,0,0,0,0,200,200,1,0,200,0,1,200
0,200,25,0,0,0,3,7,5,200,0,0,0,0,200,200,1,0,0,2,200,200
0,200,30,0,0,2,1,7,5,4,0,200,200,0,200,200,200,22,22,1,200,200
0,200,30,0,0,1,1,7,2,2,0,0,0,0,200,200,200,0,200,0,82,200
0,200,30,2,2,0,1,0,5,2,0,0,0,0,1,200,200,17,33,0,26,200
0,200,30,2,2,0,1,0,5,2,0,0,0,0,1,200,200,17,33,0,21,200
0,200,30,1,2,0,1,14,2,2,0,0,0,0,200,200,1,0,33,0,200,200
0,200,30,1,2,0,1,14,2,2,0,0,0,0,200,200,1,0,33,1,59,200
0,200,30,1,2,0,1,10,5,4,0,0,0,0,200,200,200,18,16,0,59,200
0,200,30,1,2,0,1,10,5,4,0,0,0,0,200,200,200,18,16,1,29,200
0,200,30,1,2,0,1,10,5,1,0,0,0,1,1,200,200,18,11,1,31,200
0,200,30,1,2,0,1,10,5,1,0,0,0,1,1,200,200,18,11,0,200,200
0,200,30,1,2,0,1,10,5,1,0,0,0,1,1,200,200,18,11,0,31,200
0,200,20,0,0,0,1,0,6,1,0,0,0,0,200,200,200,17,200,1,47,200
0,200,20,0,0,0,1,0,6,1,0,0,0,0,200,200,200,17,200,0,38,200
0,200,35,0,0,0,1,10,2,4,3,0,1,0,200,200,200,18,18,0,27,200
0,200,35,0,0,0,1,10,2,4,3,0,1,0,200,200,200,18,18,0,80,200
0,200,30,1,2,0,1,0,5,4,0,0,0,1,1,200,1,0,200,0,200,200
0,200,30,1,2,0,1,0,5,4,0,0,0,1,1,200,1,0,200,1,54,200
1,200,30,1,2,0,1,0,5,4,0,0,0,1,1,200,1,0,200,1,60,200
1,200,30,1,2,0,1,0,5,4,0,0,0,1,1,200,1,0,200,1,58,200
1,200,30,1,2,0,1,0,5,4,0,0,0,1,1,200,1,0,200,1,9,200
0,200,30,1,2,0,1,10,5,200,0,0,0,0,1,200,200,18,200,0,19,200
0,200,30,1,2,0,1,10,5,200,0,0,0,0,1,200,200,18,200,1,28,200
1,200,30,1,2,0,1,10,5,200,0,0,0,0,1,200,200,18,200,0,200,200
0,200,30,1,2,0,1,14,3,4,0,0,0,0,1,200,200,23,17,1,24,200
0,200,30,1,2,0,1,14,3,4,0,0,0,0,1,200,200,23,17,0,16,200
1,200,30,1,2,0,1,14,3,4,0,0,0,0,1,200,200,23,17,0,34,200
0,200,30,0,0,0,1,14,5,2,0,0,0,0,200,200,1,0,0,0,200,200
0,200,30,0,0,0,1,14,5,2,0,0,0,0,200,200,1,0,0,0,57,200
0,200,30,0,0,0,1,10,5,4,2,0,0,1,200,200,200,16,200,1,24,200
0,200,30,0,0,0,1,10,5,4,2,0,0,1,200,200,200,16,200,0,19,200
1,200,30,0,0,0,1,10,5,4,2,0,0,1,200,200,200,16,200,1,200,200
1,200,30,0,0,0,1,10,5,4,2,0,0,1,200,200,200,16,200,1,200,200
0,1,30,0,0,200,200,7,12,200,0,2,12,0,200,200,1,0,0,2,200,200
0,200,30,1,2,0,1,10,3,3,0,0,0,1,1,200,200,16,18,1,200,200
0,200,30,1,2,0,1,10,3,3,0,0,0,1,1,200,200,16,18,0,28,200
0,200,30,1,2,0,1,10,3,3,0,0,0,1,1,200,200,16,18,1,48,200
0,200,30,0,0,0,1,12,6,2,0,1,0,0,200,200,200,0,200,0,44,200
0,200,30,0,0,0,1,12,6,2,0,1,0,0,200,200,200,0,200,0,22,200
1,200,30,0,0,0,1,12,6,2,0,1,0,0,200,200,200,0,200,1,200,200
1,200,30,0,0,0,1,12,6,2,0,1,0,0,200,200,200,0,200,1,200,200
1,200,30,0,0,0,1,12,6,2,0,1,0,0,200,200,200,0,200,1,200,200
0,200,25,0,0,0,1,10,5,2,0,0,0,0,200,200,200,0,0,1,200,200
0,200,25,0,0,0,1,10,5,2,0,0,0,0,200,200,200,0,0,0,65,200
0,200,10,0,0,0,1,7,6,200,0,0,200,0,200,0,1,0,0,2,200,200
0,200,30,0,0,0,1,12,6,200,0,0,0,0,200,200,200,21,200,0,45,200
0,200,30,0,0,0,1,12,6,200,0,0,0,0,200,200,200,21,200,0,40,200
0,200,30,0,0,0,1,10,5,200,0,0,0,1,200,200,200,18,200,1,200,200
0,200,30,0,0,0,1,10,5,200,0,0,0,1,200,200,200,18,200,1,21,200