PERSON_TYPE,CRASH_DATE_EST_I,POSTED_SPEED_LIMIT,TRAFFIC_CONTROL_DEVICE,DEVICE_CONDITION,WEATHER_CONDITION,LIGHTING_CONDITION,FIRST_CRASH_TYPE,TRAFFICWAY_TYPE,LANE_CNT,ALIGNMENT,ROADWAY_SURFACE_COND,ROAD_DEFECT,CRASH_TYPE,INTERSECTION_RELATED_I,NOT_RIGHT_OF_WAY_I,HIT_AND_RUN_I,PRIM_CONTRIBUTORY_CAUSE,SEC_CONTRIBUTORY_CAUSE,SEX,AGE,BAC_RESULT VALUE
0,200,5,10,2,0,1,10,3,10,0,0,0,0,200,200,200,20,200,0,63,200
0,200,5,10,2,0,1,10,3,10,0,0,0,0,200,200,200,20,200,1,28,200
0,200,30,2,2,0,1,3,12,200,0,0,200,1,1,200,200,0,0,1,30,200
0,200,30,2,2,0,1,3,12,200,0,0,200,1,1,200,200,0,0,0,54,200
0,200,20,2,2,0,1,14,5,2,0,0,0,0,1,200,200,16,200,0,30,200
0,200,20,2,2,0,1,14,5,2,0,0,0,0,1,200,200,16,200,1,66,200
1,200,20,2,2,0,1,14,5,2,0,0,0,0,1,200,200,16,200,0,16,200
0,200,30,0,0,0,3,10,5,4,0,0,0,0,200,200,1,18,16,2,200,200
0,200,30,0,0,0,3,10,5,4,0,0,0,0,200,200,1,18,16,0,42,200
0,200,30,1,2,0,1,12,5,2,0,0,0,0,200,200,200,0,0,0,200,200
0,200,30,1,2,0,1,12,5,2,0,0,0,0,200,200,200,0,0,1,200,200
0,200,15,0,0,0,1,11,7,200,0,0,0,0,200,1,200,0,0,0,77,200
0,200,15,0,0,0,1,11,7,200,0,0,0,0,200,1,200,0,0,0,60,200
0,200,35,1,2,0,1,9,2,200,0,0,0,1,1,200,200,17,200,1,27,200
5,200,35,1,2,0,1,9,2,200,0,0,0,1,1,200,200,17,200,1,40,200
1,200,35,1,2,0,1,9,2,200,0,0,0,1,1,200,200,17,200,1,25,200
1,200,35,1,2,0,1,9,2,200,0,0,0,1,1,200,200,17,200,1,21,200
1,200,35,1,2,0,1,9,2,200,0,0,0,1,1,200,200,17,200,1,20,200
0,200,30,200,200,0,4,7,200,200,0,0,0,0,200,200,1,0,0,2,200,200
0,200,30,1,2,0,1,12,5,200,0,0,0,0,1,200,200,0,0,0,19,200
0,200,30,1,2,0,1,12,5,200,0,0,0,0,1,200,200,0,0,0,52,200
1,200,30,1,2,0,1,12,5,200,0,0,0,0,1,200,200,0,0,1,200,200
1,200,30,1,2,0,1,12,5,200,0,0,0,0,1,200,200,0,0,1,200,200
1,200,30,1,2,0,1,12,5,200,0,0,0,0,1,200,200,0,0,1,200,200
0,200,30,2,2,0,1,0,5,200,0,0,200,0,200,200,200,17,200,1,29,200
0,200,30,2,2,0,1,0,5,200,0,0,200,0,200,200,200,17,200,0,57,200
1,200,30,2,2,0,1,0,5,200,0,0,200,0,200,200,200,17,200,1,49,200
0,200,30,0,0,0,1,10,5,200,0,0,0,1,200,200,200,18,0,0,55,200
0,200,30,0,0,0,1,10,5,200,0,0,0,1,200,200,200,18,0,0,37,200
0,200,30,0,0,0,1,14,2,200,0,0,0,0,200,200,200,0,200,0,35,200
0,200,30,0,0,0,1,14,2,200,0,0,0,0,200,200,200,0,200,1,28,200
0,200,30,2,2,0,1,14,6,1,0,0,0,0,1,200,200,0,0,0,29,200
0,200,30,2,2,0,1,14,6,1,0,0,0,0,1,200,200,0,0,0,30,200
0,200,30,0,0,0,1,10,5,200,0,0,0,0,200,200,1,200,200,2,200,200
0,200,30,0,0,0,1,10,5,200,0,0,0,0,200,200,1,200,200,1,36,200
1,200,30,0,0,0,1,10,5,200,0,0,0,0,200,200,1,200,200,1,200,200
0,200,35,1,0,0,1,14,3,200,0,0,0,1,200,200,200,22,200,0,23,200
0,200,35,1,0,0,1,14,3,200,0,0,0,1,200,200,200,22,200,1,16,200
0,200,15,2,2,0,1,10,6,200,0,200,200,0,200,200,200,18,18,1,48,200
0,200,15,2,2,0,1,10,6,200,0,200,200,0,200,200,200,18,18,1,41,200
1,200,15,2,2,0,1,10,6,200,0,200,200,0,200,200,200,18,18,1,11,200
0,200,30,0,0,0,1,0,5,2,0,200,200,0,200,200,200,20,20,0,200,200
0,200,30,0,0,0,1,0,5,2,0,200,200,0,200,200,200,20,20,1,27,200
1,200,30,0,0,0,1,0,5,2,0,200,200,0,200,200,200,20,20,0,28,200
0,200,30,0,0,0,1,14,7,1,0,0,0,0,200,200,200,0,0,0,27,200
0,200,30,0,0,0,1,14,7,1,0,0,0,0,200,200,200,0,0,0,42,200
0,200,20,0,0,0,1,14,5,2,0,0,0,0,200,200,200,17,200,0,25,200
0,200,20,0,0,0,1,14,5,2,0,0,0,0,200,200,200,17,200,1,25,200
0,200,30,0,0,0,1,12,5,2,0,0,0,0,200,200,200,0,0,0,200,200
0,200,30,0,0,0,1,12,5,2,0,0,0,0,200,200,200,0,0,0,200,200
0,200,30,0,0,2,0,0,5,1,0,1,0,0,200,200,1,17,200,0,200,200
0,200,30,0,0,2,0,0,5,1,0,1,0,0,200,200,1,17,200,0,25,200
0,200,35,0,0,0,1,10,5,200,0,0,0,0,200,200,200,14,200,1,22,200
0,200,35,0,0,0,1,10,5,200,0,0,0,0,200,200,200,14,200,1,50,200
0,200,30,0,0,0,1,10,5,200,0,0,0,0,200,200,200,200,200,1,40,200
0,200,30,0,0,0,1,10,5,200,0,0,0,0,200,200,200,200,200,1,52,200
1,200,30,0,0,0,1,10,5,200,0,0,0,0,200,200,200,200,200,1,200,200
0,200,30,0,0,0,1,14,2,200,0,0,0,0,200,200,200,4,16,1,59,200
0,200,30,0,0,0,1,14,2,200,0,0,0,0,200,200,200,4,16,0,63,200
0,200,45,0,0,0,1,5,3,10,3,0,0,1,200,200,200,0,0,0,30,200
1,200,45,0,0,0,1,5,3,10,3,0,0,1,200,200,200,0,0,1,47,200
1,200,45,0,0,0,1,5,3,10,3,0,0,1,200,200,200,0,0,1,24,200
1,200,45,0,0,0,1,5,3,10,3,0,0,1,200,200,200,0,0,1,2,200
1,200,45,0,0,0,1,5,3,10,3,0,0,1,200,200,200,0,0,1,28,200
1,200,45,0,0,0,1,5,3,10,3,0,0,1,200,200,200,0,0,0,22,200
0,200,35,2,2,0,1,10,5,5,0,0,0,0,1,200,200,18,0,1,48,200
0,200,35,2,2,0,1,10,5,5,0,0,0,0,1,200,200,18,0,0,65,200
0,200,30,2,2,0,1,0,6,1,0,0,0,0,1,200,200,17,200,1,31,200
0,200,30,2,2,0,1,0,6,1,0,0,0,0,1,200,200,17,200,0,59,200
5,200,30,0,0,0,1,9,5,200,0,0,0,1,1,200,200,33,17,0,40,200
0,200,30,0,0,0,1,9,5,200,0,0,0,1,1,200,200,33,17,0,61,200
1,200,30,0,0,0,1,9,5,200,0,0,0,1,1,200,200,33,17,0,62,200
1,200,30,0,0,0,1,9,5,200,0,0,0,1,1,200,200,33,17,0,9,200
0,200,30,0,0,0,1,12,5,200,0,0,200,0,200,200,200,22,22,1,20,200
0,200,30,0,0,0,1,12,5,200,0,0,200,0,200,200,200,22,22,0,200,200
1,200,30,0,0,0,1,12,5,200,0,0,200,0,200,200,200,22,22,1,20,200
0,200,5,0,0,0,0,7,6,1,0,0,0,1,200,200,1,0,0,2,200,200
0,200,30,0,0,0,1,14,7,200,0,1,0,0,200,1,200,200,200,0,20,200
0,200,30,0,0,0,1,14,7,200,0,1,0,0,200,1,200,200,200,0,28,200
1,200,30,0,0,0,1,14,7,200,0,1,0,0,200,1,200,200,200,1,200,200
0,200,0,2,2,0,1,14,2,200,0,0,0,0,1,200,0,0,200,0,74,200
0,200,0,2,2,0,1,14,2,200,0,0,0,0,1,200,0,0,200,1,23,200
0,200,45,0,0,0,1,10,6,200,0,0,0,1,200,200,200,0,200,1,26,200
0,200,45,0,0,0,1,10,6,200,0,0,0,1,200,200,200,0,200,1,35,200
0,200,45,0,0,0,1,10,6,200,0,0,0,1,200,200,200,0,200,1,68,200
1,200,45,0,0,0,1,10,6,200,0,0,0,1,200,200,200,0,200,2,200,200
1,200,45,0,0,0,1,10,6,200,0,0,0,1,200,200,200,0,200,1,200,200
0,200,30,1,2,0,1,10,3,6,1,0,0,0,200,200,200,18,200,0,50,200
0,200,30,1,2,0,1,10,3,6,1,0,0,0,200,200,200,18,200,0,17,200
1,200,30,1,2,0,1,10,3,6,1,0,0,0,200,200,200,18,200,0,36,200
1,200,30,1,2,0,1,10,3,6,1,0,0,0,200,200,200,18,200,1,13,200
1,200,30,1,2,0,1,10,3,6,1,0,0,0,200,200,200,18,200,1,46,200
1,200,30,1,2,0,1,10,3,6,1,0,0,0,200,200,200,18,200,1,200,200
1,200,30,1,2,0,1,10,3,6,1,0,0,0,200,200,200,18,200,0,11,200
1,200,30,1,2,0,1,10,3,6,1,0,0,0,200,200,200,18,200,1,10,200
1,200,30,1,2,0,1,10,3,6,1,0,0,0,200,200,200,18,200,0,6,200
0,0,20,0,0,0,1,2,0,1,0,0,0,0,200,1,1,0,200,2,200,200
3,0,20,0,0,0,1,2,0,1,0,0,0,0,200,1,1,0,200,1,53,200
0,200,30,1,2,0,1,1,2,2,0,0,0,0,200,200,200,1,200,0,51,200
0,200,30,0,0,0,1,10,5,2,0,0,0,0,200,200,200,18,200,0,34,200
0,200,30,0,0,0,1,10,5,2,0,0,0,0,200,200,200,18,200,1,23,200
0,200,30,0,0,2,1,7,5,200,0,1,0,0,200,200,1,0,0,2,200,200
0,200,30,1,2,0,1,14,5,200,0,0,0,0,1,200,200,0,0,0,200,200
0,200,30,1,2,0,1,14,5,200,0,0,0,0,1,200,200,0,0,0,200,200
0,200,30,1,2,0,1,10,5,200,0,0,200,0,200,200,200,18,18,0,21,200
0,200,30,1,2,0,1,10,5,200,0,0,200,0,200,200,200,18,18,1,200,200
0,200,30,2,2,0,1,10,5,2,0,0,0,1,1,200,0,32,18,0,31,200
0,200,30,2,2,0,1,10,5,2,0,0,0,1,1,200,0,32,18,0,47,200
0,200,30,2,2,0,1,10,5,2,0,0,0,1,1,200,0,32,18,0,0,200
1,200,30,2,2,0,1,10,5,2,0,0,0,1,1,200,0,32,18,1,57,200
0,200,30,0,0,0,1,8,5,4,0,0,0,1,200,200,200,17,200,0,36,200
4,200,30,0,0,0,1,8,5,4,0,0,0,1,200,200,200,17,200,0,73,200
0,200,30,1,2,0,1,10,2,2,0,0,0,0,200,200,200,18,11,0,33,200
0,200,30,1,2,0,1,10,2,2,0,0,0,0,200,200,200,18,11,1,43,200
0,200,10,0,0,0,1,7,7,200,0,200,200,0,200,200,1,22,11,0,200,200
1,200,10,0,0,0,1,7,7,200,0,200,200,0,200,200,1,22,11,0,8,200
0,200,35,0,0,0,1,14,3,4,0,0,0,1,200,200,200,0,0,0,33,200
0,200,35,0,0,0,1,14,3,4,0,0,0,1,200,200,200,0,0,0,11,200
0,200,30,0,0,0,1,10,8,200,0,0,0,0,200,200,200,18,16,1,200,200
0,200,30,0,0,0,1,10,8,200,0,0,0,0,200,200,200,18,16,1,35,200
0,200,30,1,2,0,1,14,2,4,0,0,0,1,1,200,200,0,200,1,23,200
0,200,30,1,2,0,1,14,2,4,0,0,0,1,1,200,200,0,200,0,31,200
1,200,30,1,2,0,1,14,2,4,0,0,0,1,1,200,200,0,200,0,27,200
1,200,30,1,2,0,1,14,2,4,0,0,0,1,1,200,200,0,200,1,16,200
0,200,30,1,2,0,1,14,5,200,0,0,0,1,1,200,200,17,25,0,55,200
0,200,30,1,2,0,1,14,5,200,0,0,0,1,1,200,200,17,25,0,26,200
0,200,30,1,2,0,1,14,5,200,0,0,0,1,1,200,200,17,25,0,21,200
0,200,30,1,2,0,1,14,5,200,0,0,0,1,1,200,200,17,25,0,46,200
1,200,30,1,2,0,1,14,5,200,0,0,0,1,1,200,200,17,25,1,44,200
1,200,30,1,2,0,1,14,5,200,0,0,0,1,1,200,200,17,25,1,20,200
0,200,30,3,2,0,1,14,5,4,0,0,0,0,1,200,200,17,17,1,29,200
0,200,30,3,2,0,1,14,5,4,0,0,0,0,1,200,200,17,17,1,35,200
1,200,30,3,2,0,1,14,5,4,0,0,0,0,1,200,200,17,17,0,7,200
1,200,30,3,2,0,1,14,5,4,0,0,0,0,1,200,200,17,17,1,5,200
1,200,30,3,2,0,1,14,5,4,0,0,0,0,1,200,200,17,17,0,14,200
0,200,30,0,0,0,1,12,1,4,0,0,0,0,200,200,200,17,200,1,70,200
0,200,30,0,0,0,1,12,1,4,0,0,0,0,200,200,200,17,200,1,27,200
0,200,30,1,2,0,1,12,5,200,0,0,0,0,1,200,1,0,0,0,200,200
0,200,30,1,2,0,1,12,5,200,0,0,0,0,1,200,1,0,0,0,54,200
0,200,30,0,0,0,1,12,5,200,0,0,0,0,200,200,200,22,0,1,28,200
0,200,30,0,0,0,1,12,5,200,0,0,0,0,200,200,200,22,0,0,0,200
1,200,30,0,0,0,1,12,5,200,0,0,0,0,200,200,200,22,0,1,200,200
1,200,30,0,0,0,1,12,5,200,0,0,0,0,200,200,200,22,0,0,200,200
0,200,30,0,0,0,1,2,5,200,0,0,0,0,200,200,200,200,200,0,36,200
0,200,25,0,0,0,1,6,5,2,0,0,0,1,200,200,200,12,12,0,37,200
0,200,30,1,2,0,1,9,2,4,0,0,0,1,1,200,200,0,0,0,47,200
5,200,30,1,2,0,1,9,2,4,0,0,0,1,1,200,200,0,0,0,76,200
1,200,30,1,2,0,1,9,2,4,0,0,0,1,1,200,200,0,0,0,53,200
0,200,30,1,2,0,1,14,6,3,0,0,0,0,1,200,200,23,200,0,200,200
0,200,30,1,2,0,1,14,6,3,0,0,0,0,1,200,200,23,200,1,200,200
1,200,30,1,2,0,1,14,6,3,0,0,0,0,1,200,200,23,200,1,200,200
1,200,30,1,2,0,1,14,6,3,0,0,0,0,1,200,200,23,200,2,200,200
0,200,30,0,0,0,1,12,5,2,0,0,0,1,200,200,200,16,200,0,52,200
0,200,30,0,0,0,1,12,5,2,0,0,0,1,200,200,200,16,200,1,26,200
0,200,30,1,2,0,1,0,12,200,0,0,0,0,200,200,200,17,200,1,41,200
0,200,30,1,2,0,1,0,12,200,0,0,0,0,200,200,200,17,200,0,56,200
0,200,30,0,0,0,1,3,5,200,0,0,0,0,200,200,0,0,0,0,29,200
0,200,30,0,0,0,1,3,5,200,0,0,0,0,200,200,0,0,0,0,52,200
0,200,35,0,0,0,1,7,12,200,0,0,0,0,200,200,200,20,200,0,30,200
0,200,30,0,0,2,4,14,5,200,0,1,0,0,200,200,200,23,0,0,60,200
0,200,30,0,0,2,4,14,5,200,0,1,0,0,200,200,200,23,0,1,200,200
0,200,35,1,200,0,1,10,5,2,0,0,0,1,200,200,200,200,200,2,200,200
0,200,35,1,200,0,1,10,5,2,0,0,0,1,200,200,200,200,200,1,61,200
0,200,20,0,0,0,1,7,7,0,0,0,0,0,200,1,1,0,200,0,27,200
0,200,30,0,0,0,1,3,5,200,0,0,0,0,200,200,200,20,200,1,28,200
0,200,30,0,0,0,1,3,5,200,0,0,0,0,200,200,200,20,200,1,49,200
0,200,30,0,0,0,1,14,5,2,0,0,0,1,200,0,200,22,22,0,40,200
0,200,30,0,0,0,1,14,5,2,0,0,0,1,200,0,200,22,22,0,32,200
1,200,30,0,0,0,1,14,5,2,0,0,0,1,200,0,200,22,22,1,59,200
1,200,30,0,0,0,1,14,5,2,0,0,0,1,200,0,200,22,22,1,36,200
1,200,30,0,0,0,1,14,5,2,0,0,0,1,200,0,200,22,22,1,17,200
1,200,30,0,0,0,1,14,5,2,0,0,0,1,200,0,200,22,22,1,14,200
1,200,30,0,0,0,1,14,5,2,0,0,0,1,200,0,200,22,22,1,11,200
0,200,30,1,2,0,1,10,6,200,0,0,0,0,200,200,1,0,0,0,200,200
0,200,30,1,2,0,1,10,6,200,0,0,0,0,200,200,1,0,0,0,200,200
0,200,30,2,0,0,1,14,5,200,0,0,0,1,1,200,200,17,5,1,20,200
0,200,30,2,0,0,1,14,5,200,0,0,0,1,1,200,200,17,5,0,30,200
1,200,30,2,0,0,1,14,5,200,0,0,0,1,1,200,200,17,5,0,200,200
1,200,30,2,0,0,1,14,5,200,0,0,0,1,1,200,200,17,5,0,2,200
1,200,30,2,0,0,1,14,5,200,0,0,0,1,1,200,200,17,5,1,12,200
0,200,30,0,0,0,1,10,5,2,0,0,0,1,200,200,200,18,200,0,27,200
0,200,30,0,0,0,1,10,5,2,0,0,0,1,200,200,200,18,200,1,61,200
0,200,30,1,2,0,1,0,6,2,0,0,0,0,1,200,200,21,200,0,200,200
0,200,30,1,2,0,1,0,6,2,0,0,0,0,1,200,200,21,200,0,29,200
0,200,30,0,0,0,1,0,5,2,0,0,0,0,200,200,200,8,0,0,40,200
0,200,30,0,0,0,1,0,5,2,0,0,0,0,200,200,200,8,0,0,62,200
1,200,30,0,0,0,1,0,5,2,0,0,0,0,200,200,200,8,0,1,200,200
1,200,30,0,0,0,1,0,5,2,0,0,0,0,200,200,200,8,0,1,200,200
1,200,30,0,0,0,1,0,5,2,0,0,0,0,200,200,200,8,0,1,200,200
0,200,10,1,2,0,1,5,8,2,2,0,0,1,200,0,1,17,0,1,200,200
5,200,10,1,2,0,1,5,8,2,2,0,0,1,200,0,1,17,0,0,65,200
0,200,30,0,0,0,1,2,6,1,0,0,0,1,200,200,200,27,200,0,80,200
0,200,30,0,0,0,1,10,5,2,0,0,0,0,200,200,200,18,200,0,200,200
0,200,30,0,0,0,1,10,5,2,0,0,0,0,200,200,200,18,200,1,48,200
0,200,35,1,2,0,1,2,2,4,0,0,0,0,200,200,200,0,200,1,32,200
0,200,35,1,2,0,1,0,5,1,0,0,0,0,200,200,200,20,0,1,66,200
0,200,35,1,2,0,1,0,5,1,0,0,0,0,200,200,200,20,0,1,54,200
0,200,30,0,0,0,1,7,7,200,0,0,0,0,200,200,200,20,0,0,71,200
1,200,30,0,0,0,1,7,7,200,0,0,0,0,200,200,200,20,0,1,75,200
0,200,30,0,0,0,1,7,6,200,0,0,0,0,200,200,1,200,200,2,200,200
0,200,30,2,200,0,1,9,5,2,0,200,200,1,200,200,1,25,200,0,200,200
5,200,30,2,200,0,1,9,5,2,0,200,200,1,200,200,1,25,200,1,39,200
0,200,30,2,2,0,1,0,5,2,0,0,0,1,1,200,1,5,0,0,200,200
0,200,30,2,2,0,1,0,5,2,0,0,0,1,1,200,1,5,0,1,41,200
0,200,30,0,0,0,1,14,7,200,0,0,0,0,200,200,200,0,0,0,26,200
0,200,30,0,0,0,1,14,7,200,0,0,0,0,200,200,200,0,0,0,27,200
1,200,30,0,0,0,1,14,7,200,0,0,0,0,200,200,200,0,0,1,18,200
0,200,30,0,0,0,1,12,2,4,0,0,0,0,200,200,200,11,0,0,20,200
0,200,30,0,0,0,1,12,2,4,0,0,0,0,200,200,200,11,0,1,30,200
0,200,40,1,2,0,1,12,3,3,0,0,0,1,1,200,200,18,200,1,45,200
0,200,40,1,2,0,1,12,3,3,0,0,0,1,1,200,200,18,200,1,47,200
0,200,30,0,0,0,1,7,2,2,0,0,0,1,200,200,200,9,200,0,43,200
0,200,30,1,2,0,1,14,2,4,0,0,0,1,1,200,200,0,200,1,64,200
0,200,30,1,2,0,1,14,2,4,0,0,0,1,1,200,200,0,200,0,57,200
0,200,30,1,3,0,1,0,2,200,0,0,200,0,200,200,200,0,200,0,56,200
0,200,30,1,3,0,1,0,2,200,0,0,200,0,200,200,200,0,200,1,41,200
1,200,30,1,3,0,1,0,2,200,0,0,200,0,200,200,200,0,200,1,200,200
1,200,30,1,3,0,1,0,2,200,0,0,200,0,200,200,200,0,200,1,200,200
0,200,5,0,0,0,1,7,7,200,0,0,0,0,200,1,200,0,200,2,200,200
0,200,30,1,2,0,1,10,5,2,0,0,0,0,200,200,0,18,0,0,36,200
0,200,30,1,2,0,1,10,5,2,0,0,0,0,200,200,0,18,0,0,54,200
0,200,30,1,2,0,1,10,5,2,0,0,0,0,200,200,0,18,0,0,200,200
1,200,30,1,2,0,1,10,5,2,0,0,0,0,200,200,0,18,0,1,57,200
0,200,45,0,0,0,1,10,6,4,0,0,0,0,200,200,200,18,200,0,200,200
0,200,45,0,0,0,1,10,6,4,0,0,0,0,200,200,200,18,200,1,200,200
1,200,45,0,0,0,1,10,6,4,0,0,0,0,200,200,200,18,200,0,200,200
1,200,45,0,0,0,1,10,6,4,0,0,0,0,200,200,200,18,200,0,200,200
0,200,30,1,200,0,1,10,6,3,0,0,0,0,1,200,200,16,200,1,56,200
0,200,30,1,200,0,1,10,6,3,0,0,0,0,1,200,200,16,200,1,34,200
0,200,35,1,2,0,1,14,1,4,0,0,0,0,200,200,200,17,23,0,59,200
0,200,35,1,2,0,1,14,1,4,0,0,0,0,200,200,200,17,23,1,37,200
0,200,30,0,0,0,1,10,12,200,0,0,0,0,200,200,1,20,200,0,200,200
0,200,30,0,0,0,1,10,12,200,0,0,0,0,200,200,1,20,200,1,18,200
0,200,30,0,0,0,1,10,5,200,0,0,0,0,1,200,200,18,200,1,26,200
0,200,30,0,0,0,1,10,5,200,0,0,0,0,1,200,200,18,200,1,37,200
1,200,30,0,0,0,1,10,5,200,0,0,0,0,1,200,200,18,200,0,18,200
0,200,30,0,0,0,1,10,5,200,0,0,0,0,200,200,1,0,0,1,200,200
0,200,30,0,0,0,1,10,5,200,0,0,0,0,200,200,1,0,0,0,23,200
3,200,25,2,2,0,1,10,5,2,0,0,200,0,1,200,200,16,0,0,44,200
0,200,25,2,2,0,1,10,5,2,0,0,200,0,1,200,200,16,0,0,44,200
0,200,25,2,2,0,1,10,5,2,0,0,200,0,1,200,200,16,0,0,35,200
1,200,25,2,2,0,1,10,5,2,0,0,200,0,1,200,200,16,0,0,16,200
0,200,35,1,2,0,1,14,2,2,0,0,0,0,200,200,200,18,18,1,36,200
0,200,35,1,2,0,1,14,2,2,0,0,0,0,200,200,200,18,18,1,66,200
1,200,35,1,2,0,1,14,2,2,0,0,0,0,200,200,200,18,18,1,17,200
1,200,35,1,2,0,1,14,2,2,0,0,0,0,200,200,200,18,18,1,70,200
0,200,30,0,0,0,1,10,5,2,0,0,0,1,200,200,200,18,18,1,32,200
0,200,30,0,0,0,1,10,5,2,0,0,0,1,200,200,200,18,18,0,48,200
0,200,35,0,0,0,1,0,2,200,0,0,0,1,1,200,200,22,16,0,31,200
0,200,35,0,0,0,1,0,2,200,0,0,0,1,1,200,200,22,16,1,48,200
1,200,35,0,0,0,1,0,2,200,0,0,0,1,1,200,200,22,16,0,48,200
1,200,35,0,0,0,1,0,2,200,0,0,0,1,1,200,200,22,16,0,13,200
0,200,30,1,2,0,1,10,5,4,0,0,0,0,200,200,1,18,25,1,200,200
0,200,30,1,2,0,1,10,5,4,0,0,0,0,200,200,1,18,25,0,59,200
1,200,30,1,2,0,1,10,5,4,0,0,0,0,200,200,1,18,25,1,200,200
1,200,30,1,2,0,1,10,5,4,0,0,0,0,200,200,1,18,25,1,53,200
0,200,30,0,0,0,1,12,5,2,0,0,0,0,200,200,1,0,0,0,200,200
0,200,30,0,0,0,1,12,5,2,0,0,0,0,200,200,1,0,0,0,54,200
0,200,30,0,0,0,1,10,5,200,0,0,0,0,200,200,1,200,200,1,200,200
0,200,30,0,0,0,1,10,5,200,0,0,0,0,200,200,1,200,200,0,22,200
1,200,30,0,0,0,1,10,5,200,0,0,0,0,200,200,1,200,200,2,200,200
1,200,30,0,0,0,1,10,5,200,0,0,0,0,200,200,1,200,200,2,200,200
1,200,30,0,0,0,1,10,5,200,0,0,0,0,200,200,1,200,200,2,200,200
0,200,30,0,0,0,1,12,5,2,0,0,0,1,200,200,1,25,0,1,200,200
0,200,30,0,0,0,1,12,5,2,0,0,0,1,200,200,1,25,0,0,59,200
1,200,30,0,0,0,1,12,5,2,0,0,0,1,200,200,1,25,0,1,200,200
0,200,30,1,2,0,1,0,3,6,0,0,0,1,1,200,200,6,0,1,46,200
0,200,30,1,2,0,1,0,3,6,0,0,0,1,1,200,200,6,0,0,41,200
1,200,30,1,2,0,1,0,3,6,0,0,0,1,1,200,200,6,0,200,200,200
4,200,10,0,0,0,1,8,7,0,0,0,0,1,200,200,200,0,200,0,200,200
0,200,10,0,0,0,1,8,7,0,0,0,0,1,200,200,200,0,200,0,18,200
0,200,30,1,2,0,1,14,5,4,0,0,0,1,1,200,200,17,200,1,28,200
0,200,30,1,2,0,1,14,5,4,0,0,0,1,1,200,200,17,200,1,51,200
1,200,30,1,2,0,1,14,5,4,0,0,0,1,1,200,200,17,200,1,28,200
1,200,30,1,2,0,1,14,5,4,0,0,0,1,1,200,200,17,200,1,31,200
0,200,30,1,2,0,1,12,5,2,0,0,200,0,200,200,1,22,10,0,200,200
0,200,30,1,2,0,1,12,5,2,0,0,200,0,200,200,1,22,10,1,32,200
0,200,30,0,0,0,1,12,5,200,0,0,0,0,200,200,200,17,0,0,42,200
0,200,30,0,0,0,1,12,5,200,0,0,0,0,200,200,200,17,0,1,19,200
0,200,30,0,0,0,1,10,5,200,0,0,0,0,200,200,200,0,0,0,44,200
0,200,30,0,0,0,1,10,5,200,0,0,0,0,200,200,200,0,0,0,62,200
0,200,30,0,0,0,1,12,5,2,0,0,0,0,200,200,1,22,10,0,200,200
0,200,30,0,0,0,1,12,5,2,0,0,0,0,200,200,1,22,10,0,42,200
0,200,30,0,0,0,1,11,5,2,0,0,0,0,1,200,200,0,0,0,44,200
0,200,30,0,0,0,1,11,5,2,0,0,0,0,1,200,200,0,0,1,35,200
0,200,30,2,2,0,1,14,5,4,0,0,0,0,1,200,200,0,0,0,32,200
0,200,30,2,2,0,1,14,5,4,0,0,0,0,1,200,200,0,0,0,36,200
1,200,30,2,2,0,1,14,5,4,0,0,0,0,1,200,200,0,0,0,200,200
1,200,30,2,2,0,1,14,5,4,0,0,0,0,1,200,200,0,0,0,200,200
1,200,30,2,2,0,1,14,5,4,0,0,0,0,1,200,200,0,0,1,51,200
1,200,30,2,2,0,1,14,5,4,0,0,0,0,1,200,200,0,0,0,73,200
1,200,30,2,2,0,1,14,5,4,0,0,0,0,1,200,200,0,0,0,70,200
0,200,30,1,2,0,1,10,2,4,0,0,0,0,1,200,200,0,200,0,200,200
0,200,30,1,2,0,1,10,2,4,0,0,0,0,1,200,200,0,200,0,34,200
0,200,30,0,0,0,1,10,7,200,0,0,0,0,200,200,200,20,0,0,200,200
0,200,30,0,0,0,1,10,7,200,0,0,0,0,200,200,200,20,0,1,26,200
0,200,30,0,12,0,1,7,2,1,0,0,200,0,200,200,200,200,200,1,20,200
0,200,30,0,0,0,1,7,5,2,0,0,0,0,200,200,1,0,0,2,200,200
0,200,20,0,0,0,1,7,6,200,0,0,0,0,200,200,200,32,11,0,79,200
0,200,30,0,0,0,1,14,5,200,0,0,0,1,200,200,200,17,0,1,42,200
0,200,30,0,0,0,1,14,5,200,0,0,0,1,200,200,200,17,0,1,23,200
1,200,30,0,0,0,1,14,5,200,0,0,0,1,200,200,200,17,0,1,51,200
1,200,30,0,0,0,1,14,5,200,0,0,0,1,200,200,200,17,0,1,84,200
1,200,30,0,0,0,1,14,5,200,0,0,0,1,200,200,200,17,0,1,14,200
1,200,30,0,0,0,1,14,5,200,0,0,0,1,200,200,200,17,0,0,6,200
1,200,30,0,0,0,1,14,5,200,0,0,0,1,200,200,200,17,0,1,9,200
0,200,30,1,2,0,1,14,2,200,0,0,0,1,1,200,200,23,6,0,62,200
0,200,30,1,2,0,1,14,2,200,0,0,0,1,1,200,200,23,6,0,20,200
0,200,30,1,2,0,1,10,5,200,0,0,0,0,1,200,200,0,0,1,37,200
0,200,30,1,2,0,1,10,5,200,0,0,0,0,1,200,200,0,0,0,27,200
0,200,30,0,0,0,1,0,5,200,0,0,0,0,200,200,200,0,0,0,35,200
0,200,30,0,0,0,1,0,5,200,0,0,0,0,200,200,200,0,0,0,35,200