PERSON_TYPE,CRASH_DATE_EST_I,POSTED_SPEED_LIMIT,TRAFFIC_CONTROL_DEVICE,DEVICE_CONDITION,WEATHER_CONDITION,LIGHTING_CONDITION,FIRST_CRASH_TYPE,TRAFFICWAY_TYPE,LANE_CNT,ALIGNMENT,ROADWAY_SURFACE_COND,ROAD_DEFECT,CRASH_TYPE,INTERSECTION_RELATED_I,NOT_RIGHT_OF_WAY_I,HIT_AND_RUN_I,PRIM_CONTRIBUTORY_CAUSE,SEC_CONTRIBUTORY_CAUSE,SEX,AGE,BAC_RESULT VALUE
1,200,30,0,0,0,1,0,5,200,0,0,0,0,200,200,200,0,0,1,34,200
0,200,30,0,0,0,1,14,5,200,0,0,0,0,200,200,200,17,23,0,25,200
0,200,30,0,0,0,1,14,5,200,0,0,0,0,200,200,200,17,23,1,21,200
0,200,25,0,0,0,1,7,5,200,0,0,0,0,200,200,200,0,200,0,75,200
0,200,20,0,0,0,1,11,5,200,0,0,0,0,200,200,200,0,200,0,36,200
0,200,20,0,0,0,1,11,5,200,0,0,0,0,200,200,200,0,200,1,34,200
0,200,30,0,0,0,1,7,2,4,0,0,0,0,200,200,200,20,200,0,34,200
0,200,30,0,0,0,1,8,6,1,0,0,0,1,200,200,200,17,0,0,51,200
4,200,30,0,0,0,1,8,6,1,0,0,0,1,200,200,200,17,0,0,28,200
1,200,30,0,0,0,1,8,6,1,0,0,0,1,200,200,200,17,0,0,200,200
0,200,30,0,0,0,1,12,6,1,0,0,0,0,200,200,200,17,33,0,57,200
0,200,30,0,0,0,1,12,6,1,0,0,0,0,200,200,200,17,33,1,33,200
1,200,30,0,0,0,1,12,6,1,0,0,0,0,200,200,200,17,33,1,10,200
1,200,30,0,0,0,1,12,6,1,0,0,0,0,200,200,200,17,33,0,12,200
0,200,35,1,2,0,1,0,5,4,0,0,0,1,1,200,200,6,16,0,57,200
0,200,35,1,2,0,1,0,5,4,0,0,0,1,1,200,200,6,16,0,52,200
0,200,30,1,2,0,1,10,2,200,0,0,0,0,200,200,200,18,200,0,23,200
0,200,30,1,2,0,1,10,2,200,0,0,0,0,200,200,200,18,200,1,33,200
0,200,10,0,0,200,200,7,7,200,0,200,200,0,200,200,1,0,0,2,200,200
0,200,30,0,0,0,1,2,3,4,0,0,0,0,200,200,200,200,200,0,27,200
1,200,30,0,0,0,1,2,3,4,0,0,0,0,200,200,200,200,200,0,29,200
0,200,30,1,2,0,1,14,5,200,0,0,0,0,1,200,200,0,0,1,45,200
0,200,30,1,2,0,1,14,5,200,0,0,0,0,1,200,200,0,0,1,35,200
1,200,30,1,2,0,1,14,5,200,0,0,0,0,1,200,200,0,0,1,200,200
1,200,30,1,2,0,1,14,5,200,0,0,0,0,1,200,200,0,0,1,200,200
0,200,30,0,0,0,1,5,5,200,0,1,1,1,200,200,200,28,28,1,49,200
0,200,30,0,200,0,4,10,2,200,0,0,200,1,200,200,200,18,200,1,19,200
0,200,30,0,200,0,4,10,2,200,0,0,200,1,200,200,200,18,200,1,0,200
0,200,30,0,0,0,4,7,6,1,0,0,0,0,200,200,200,11,200,1,29,200
0,200,30,0,0,0,2,7,6,1,0,0,0,0,200,200,1,0,0,0,200,200
0,200,25,0,0,0,1,12,5,2,0,0,0,1,200,200,1,16,11,0,16,200
0,200,25,0,0,0,1,12,5,2,0,0,0,1,200,200,1,16,11,1,24,200
0,200,10,0,0,0,1,7,7,200,0,0,0,0,200,200,1,20,0,0,200,200
0,200,30,0,0,0,3,10,4,1,0,0,0,0,200,1,200,18,200,1,200,200
0,200,30,0,0,0,3,10,4,1,0,0,0,0,200,1,200,18,200,0,200,200
0,200,30,0,0,0,1,10,5,200,0,0,0,0,200,200,200,18,0,0,28,200
0,200,30,0,0,0,1,10,5,200,0,0,0,0,200,200,200,18,0,0,31,200
1,200,30,0,0,0,1,10,5,200,0,0,0,0,200,200,200,18,0,1,32,200
0,200,30,1,2,0,1,10,5,4,0,0,0,0,200,200,1,18,0,0,200,200
0,200,30,1,2,0,1,10,5,4,0,0,0,0,200,200,1,18,0,1,60,200
0,200,45,0,0,0,3,12,3,200,0,0,0,0,200,200,200,0,0,0,32,200
0,200,45,0,0,0,3,12,3,200,0,0,0,0,200,200,200,0,0,0,46,200
0,200,45,0,0,0,3,12,3,200,0,0,0,0,200,200,200,0,0,1,39,200
1,200,45,0,0,0,3,12,3,200,0,0,0,0,200,200,200,0,0,1,31,200
1,200,45,0,0,0,3,12,3,200,0,0,0,0,200,200,200,0,0,1,21,200
0,200,20,0,0,0,1,7,6,1,0,0,200,0,200,200,1,0,200,2,200,200
0,200,35,0,0,2,3,10,5,200,0,1,0,1,200,200,200,200,200,0,29,200
0,200,35,0,0,2,3,10,5,200,0,1,0,1,200,200,200,200,200,1,41,200
0,200,30,0,0,0,2,12,5,200,0,0,200,0,200,200,1,18,200,1,200,200
0,200,30,0,0,0,2,12,5,200,0,0,200,0,200,200,1,18,200,0,33,200
0,200,30,2,2,0,2,10,6,1,0,0,200,0,1,200,200,12,20,1,200,200
0,200,30,2,2,0,2,10,6,1,0,0,200,0,1,200,200,12,20,0,50,200
0,200,30,0,0,0,3,7,7,200,0,0,0,0,200,200,200,20,200,2,200,200
0,200,30,1,2,0,3,10,3,200,0,0,0,1,1,200,1,11,0,2,200,200
0,200,30,1,2,0,3,10,3,200,0,0,0,1,1,200,1,11,0,0,40,200
0,200,30,1,2,0,3,10,3,200,0,0,0,1,1,200,1,11,0,0,68,200
0,200,30,1,2,0,3,0,5,4,0,0,0,1,1,200,200,16,0,1,51,200
0,200,30,1,2,0,3,0,5,4,0,0,0,1,1,200,200,16,0,1,30,200
1,200,30,1,2,0,3,0,5,4,0,0,0,1,1,200,200,16,0,0,33,200
1,200,30,1,2,0,3,0,5,4,0,0,0,1,1,200,200,16,0,0,36,200
0,200,30,3,2,0,3,10,2,4,0,0,0,1,1,200,1,18,4,1,200,200
0,200,30,3,2,0,3,10,2,4,0,0,0,1,1,200,1,18,4,0,27,200
0,200,30,1,2,0,3,14,2,6,0,0,0,1,200,200,1,6,6,0,200,200
0,200,30,1,2,0,3,14,2,6,0,0,0,1,200,200,1,6,6,0,33,200
1,200,30,1,2,0,3,14,2,6,0,0,0,1,200,200,1,6,6,0,200,200
0,200,30,0,0,200,3,7,5,200,0,200,200,0,200,200,1,0,0,2,200,200
0,200,30,0,0,0,3,10,2,200,0,0,0,1,200,200,200,16,18,0,56,200
0,200,30,0,0,0,3,10,2,200,0,0,0,1,200,200,200,16,18,0,73,200
0,200,30,0,0,0,3,10,2,200,0,0,0,1,200,200,200,16,18,0,66,200
1,200,30,0,0,0,3,10,2,200,0,0,0,1,200,200,200,16,18,1,53,200
0,200,15,200,200,0,3,7,0,200,2,0,0,1,200,1,1,25,200,2,200,200
0,200,25,0,0,0,0,7,5,2,0,0,0,0,200,200,200,20,0,1,71,200
0,200,30,1,2,0,3,9,5,200,0,0,0,1,1,200,200,17,0,0,35,200
5,200,30,1,2,0,3,9,5,200,0,0,0,1,1,200,200,17,0,0,29,200
0,200,30,1,2,0,3,10,1,2,0,0,0,1,1,200,200,32,16,0,54,200
0,200,30,1,2,0,3,10,1,2,0,0,0,1,1,200,200,32,16,0,41,200
0,200,30,1,2,0,3,10,1,2,0,0,0,1,1,200,200,32,16,0,29,200
1,200,30,1,2,0,3,10,1,2,0,0,0,1,1,200,200,32,16,200,200,200
1,200,30,1,2,0,3,10,1,2,0,0,0,1,1,200,200,32,16,200,200,200
1,200,30,1,2,0,3,10,1,2,0,0,0,1,1,200,200,32,16,200,200,200
1,200,30,1,2,0,3,10,1,2,0,0,0,1,1,200,200,32,16,200,200,200
0,200,30,1,2,0,3,14,2,200,0,0,0,1,1,200,200,17,23,1,25,200
0,200,30,1,2,0,3,14,2,200,0,0,0,1,1,200,200,17,23,0,46,200
1,200,30,1,2,0,3,14,2,200,0,0,0,1,1,200,200,17,23,0,24,200
1,200,30,1,2,0,3,14,2,200,0,0,0,1,1,200,200,17,23,0,21,200
0,200,30,1,2,0,3,0,6,200,0,0,0,1,1,200,1,6,14,2,200,200
0,200,30,1,2,0,3,0,6,200,0,0,0,1,1,200,1,6,14,1,33,200
1,200,30,1,2,0,3,0,6,200,0,0,0,1,1,200,1,6,14,1,54,200
0,200,30,1,200,0,3,14,6,3,0,0,0,0,1,200,200,23,200,0,200,200
0,200,30,1,200,0,3,14,6,3,0,0,0,0,1,200,200,23,200,0,51,200
1,200,30,1,200,0,3,14,6,3,0,0,0,0,1,200,200,23,200,0,200,200
1,200,30,1,200,0,3,14,6,3,0,0,0,0,1,200,200,23,200,1,42,200
0,200,35,1,2,0,3,14,2,2,0,0,0,0,200,200,1,18,22,2,200,200
0,200,35,1,2,0,3,14,2,2,0,0,0,0,200,200,1,18,22,1,40,200
1,200,35,1,2,0,3,14,2,2,0,0,0,0,200,200,1,18,22,0,39,200
0,200,35,0,0,0,3,10,5,4,0,0,0,0,200,200,1,18,19,0,200,200
0,200,35,0,0,0,3,10,5,4,0,0,0,0,200,200,1,18,19,1,47,200
1,200,35,0,0,0,3,10,5,4,0,0,0,0,200,200,1,18,19,1,21,200
0,200,30,0,0,0,0,10,5,200,0,0,0,0,200,200,1,16,200,0,200,200
0,200,30,0,0,0,0,10,5,200,0,0,0,0,200,200,1,16,200,1,26,200
1,200,30,0,0,0,0,10,5,200,0,0,0,0,200,200,1,16,200,200,200,200
0,200,30,1,2,0,3,14,1,2,0,0,0,1,1,200,200,17,31,0,55,200
0,200,30,1,2,0,3,14,1,2,0,0,0,1,1,200,200,17,31,0,35,200
0,1,10,0,0,0,1,7,7,1,0,0,200,0,200,200,1,200,200,2,200,200
0,200,20,0,0,0,3,7,6,1,0,0,0,1,200,200,200,200,200,0,51,200
0,200,30,0,0,0,3,12,5,2,0,0,0,0,200,200,200,0,0,0,49,200
0,200,30,0,0,0,3,12,5,2,0,0,0,0,200,200,200,0,0,1,52,200
0,200,15,0,0,0,200,0,7,200,0,0,0,0,200,200,200,20,200,1,44,200
0,200,15,0,0,0,200,0,7,200,0,0,0,0,200,200,200,20,200,1,63,200
0,200,30,0,0,0,3,10,5,2,0,0,200,0,200,200,1,18,200,0,200,200
0,200,30,0,0,0,3,10,5,2,0,0,200,0,200,200,1,18,200,0,45,200
0,200,35,1,2,0,3,10,5,4,0,0,0,0,1,200,1,18,200,0,200,200
0,200,35,1,2,0,3,10,5,4,0,0,0,0,1,200,1,18,200,0,40,200
0,200,30,1,200,200,200,10,5,200,0,200,200,0,200,200,200,18,200,0,17,200
0,200,30,1,200,200,200,10,5,200,0,200,200,0,200,200,200,18,200,0,31,200
1,200,30,1,200,200,200,10,5,200,0,200,200,0,200,200,200,18,200,1,200,200
0,200,5,0,0,0,1,7,7,200,0,0,0,0,200,1,1,0,0,1,200,200
0,200,30,1,2,0,3,0,5,2,0,0,0,0,200,200,1,17,6,2,200,200
0,200,30,1,2,0,3,0,5,2,0,0,0,0,200,200,1,17,6,1,56,200
1,200,30,1,2,0,3,0,5,2,0,0,0,0,200,200,1,17,6,0,200,200
0,200,30,1,2,0,3,10,2,4,0,0,0,0,200,200,1,18,200,0,200,200
0,200,30,1,2,0,3,10,2,4,0,0,0,0,200,200,1,18,200,1,33,200
0,200,40,1,2,0,4,10,5,200,0,0,0,1,1,200,200,16,200,1,200,200
1,200,40,1,2,0,4,10,5,200,0,0,0,1,1,200,200,16,200,0,34,200
0,200,40,0,0,0,0,12,3,3,0,0,0,0,200,200,0,17,4,1,200,200
0,200,40,0,0,0,0,12,3,3,0,0,0,0,200,200,0,17,4,1,13,200
0,200,30,0,0,0,3,7,7,200,0,0,0,0,200,200,200,0,0,0,50,200
0,200,30,0,0,0,0,7,5,2,0,0,200,0,200,200,1,0,0,2,200,200
0,200,30,1,2,0,3,10,3,8,0,200,200,0,1,200,1,16,11,0,200,200
0,200,30,1,2,0,3,10,3,8,0,200,200,0,1,200,1,16,11,0,35,200
0,200,30,0,0,0,3,12,5,4,0,0,200,1,200,200,1,22,200,2,200,200
0,200,30,0,0,0,3,12,5,4,0,0,200,1,200,200,1,22,200,0,22,200
0,200,15,0,0,0,3,2,0,200,0,0,0,0,200,200,1,27,0,0,200,200
0,200,30,1,200,0,2,14,5,2,0,0,0,1,1,200,200,17,23,0,63,200
0,200,30,1,200,0,2,14,5,2,0,0,0,1,1,200,200,17,23,0,38,200
1,200,30,1,200,0,2,14,5,2,0,0,0,1,1,200,200,17,23,1,39,200
1,200,30,1,200,0,2,14,5,2,0,0,0,1,1,200,200,17,23,0,22,200
1,200,30,1,200,0,2,14,5,2,0,0,0,1,1,200,200,17,23,1,7,200
1,200,30,1,200,0,2,14,5,2,0,0,0,1,1,200,200,17,23,0,1,200
0,200,30,0,0,0,3,7,5,2,0,0,0,1,200,200,200,14,16,0,52,200
1,200,30,0,0,0,3,7,5,2,0,0,0,1,200,200,200,14,16,0,38,200
1,200,30,0,0,0,3,7,5,2,0,0,0,1,200,200,200,14,16,1,36,200
0,1,30,1,2,0,3,14,5,200,0,0,0,0,1,200,200,23,200,0,24,200
0,1,30,1,2,0,3,14,5,200,0,0,0,0,1,200,200,23,200,1,21,200
1,1,30,1,2,0,3,14,5,200,0,0,0,0,1,200,200,23,200,0,20,200
1,1,30,1,2,0,3,14,5,200,0,0,0,0,1,200,200,23,200,0,22,200
0,200,25,0,0,0,3,2,5,200,0,0,0,1,200,1,1,0,19,1,200,200
0,200,40,0,0,0,3,10,3,8,0,0,0,0,200,200,200,18,18,0,29,200
0,200,40,0,0,0,3,10,3,8,0,0,0,0,200,200,200,18,18,0,19,200
0,200,35,2,2,0,0,12,6,200,0,0,0,0,1,200,200,0,0,0,200,200
0,200,35,2,2,0,0,12,6,200,0,0,0,0,1,200,200,0,0,0,28,200
0,200,30,0,0,0,3,7,5,200,0,0,0,0,200,200,1,0,200,2,200,200
0,200,20,2,2,0,3,7,5,200,0,0,0,1,200,200,1,20,0,0,200,200
0,200,30,1,200,0,3,10,5,200,0,0,0,1,1,200,200,12,18,0,55,200
0,200,30,1,200,0,3,10,5,200,0,0,0,1,1,200,200,12,18,1,23,200
0,200,30,0,0,0,3,10,5,200,0,0,0,1,200,200,1,18,200,0,21,200
0,200,30,0,0,0,3,10,5,200,0,0,0,1,200,200,1,18,200,2,200,200
0,200,30,1,2,0,3,14,6,3,0,0,0,1,1,200,200,23,200,0,36,200
0,200,30,1,2,0,3,14,6,3,0,0,0,1,1,200,200,23,200,1,27,200
1,200,30,1,2,0,3,14,6,3,0,0,0,1,1,200,200,23,200,0,30,200
1,200,30,1,2,0,3,14,6,3,0,0,0,1,1,200,200,23,200,1,33,200
0,200,30,1,2,0,1,7,6,1,0,0,0,0,200,200,1,0,0,2,200,200
0,200,30,0,0,0,3,9,5,8,0,0,200,1,1,200,1,17,0,0,18,200
5,200,30,0,0,0,3,9,5,8,0,0,200,1,1,200,1,17,0,1,200,200
4,0,35,1,2,0,0,8,2,200,0,0,0,1,1,200,200,6,23,0,20,200
0,0,35,1,2,0,0,8,2,200,0,0,0,1,1,200,200,6,23,0,54,200
0,200,30,0,0,0,3,10,2,200,0,0,0,1,200,200,1,18,200,2,200,200
0,200,30,0,0,0,3,10,2,200,0,0,0,1,200,200,1,18,200,1,38,200
1,200,30,0,0,0,3,10,2,200,0,0,0,1,200,200,1,18,200,0,32,200
1,200,30,0,0,0,3,10,2,200,0,0,0,1,200,200,1,18,200,0,48,200
0,200,30,1,2,0,3,14,5,200,0,0,0,0,1,200,200,0,200,0,23,200
0,200,30,1,2,0,3,14,5,200,0,0,0,0,1,200,200,0,200,1,26,200
1,200,30,1,2,0,3,14,5,200,0,0,0,0,1,200,200,0,200,0,200,200
1,200,30,1,2,0,3,14,5,200,0,0,0,0,1,200,200,0,200,0,200,200
0,200,30,0,0,0,3,10,5,4,0,0,200,1,200,200,200,18,200,1,37,200
0,200,30,0,0,0,3,10,5,4,0,0,200,1,200,200,200,18,200,1,45,200
0,200,30,0,0,0,3,10,5,4,0,0,200,1,200,200,200,18,200,0,40,200
1,200,30,0,0,0,3,10,5,4,0,0,200,1,200,200,200,18,200,2,200,200
1,200,30,0,0,0,3,10,5,4,0,0,200,1,200,200,200,18,200,200,200,200
1,200,30,0,0,0,3,10,5,4,0,0,200,1,200,200,200,18,200,200,200,200
0,200,30,0,0,0,3,7,6,1,0,0,0,1,200,200,200,19,200,1,26,200
0,1,30,0,0,0,3,7,6,200,0,0,200,0,200,0,1,0,0,2,200,200
0,200,30,1,2,0,3,4,5,4,0,0,0,1,1,200,200,17,0,0,30,200
0,200,30,1,2,0,3,4,5,4,0,0,0,1,1,200,200,17,0,0,41,200
1,200,30,1,2,0,3,4,5,4,0,0,0,1,1,200,200,17,0,0,27,200
0,200,30,200,200,0,3,12,5,200,0,0,0,0,200,200,200,0,200,2,200,200
0,200,30,200,200,0,3,12,5,200,0,0,0,0,200,200,200,0,200,0,35,200
0,200,35,1,2,0,3,11,5,4,0,0,0,1,1,200,1,0,0,0,200,200
0,200,35,1,2,0,3,11,5,4,0,0,0,1,1,200,1,0,0,0,56,200
0,200,30,1,200,0,3,10,3,2,0,0,200,0,200,200,1,18,22,2,200,200
0,200,30,1,200,0,3,10,3,2,0,0,200,0,200,200,1,18,22,1,26,200
1,200,30,1,200,0,3,10,3,2,0,0,200,0,200,200,1,18,22,1,56,200
0,200,30,0,0,0,3,12,5,200,0,0,0,1,0,200,200,22,0,1,19,200
0,200,30,0,0,0,3,12,5,200,0,0,0,1,0,200,200,22,0,0,21,200
1,200,30,0,0,0,3,12,5,200,0,0,0,1,0,200,200,22,0,0,19,200
1,200,30,0,0,0,3,12,5,200,0,0,0,1,0,200,200,22,0,1,19,200
1,200,30,0,0,0,3,12,5,200,0,0,0,1,0,200,200,22,0,1,19,200
1,200,30,0,0,0,3,12,5,200,0,0,0,1,0,200,200,22,0,1,20,200
0,200,5,200,200,0,0,7,7,200,0,0,200,0,200,1,200,0,0,1,25,200
0,200,35,0,0,0,3,14,3,3,0,0,200,1,200,200,200,17,200,0,51,200
0,200,35,0,0,0,3,14,3,3,0,0,200,1,200,200,200,17,200,0,31,200
0,200,30,0,0,0,0,11,7,200,0,0,0,0,200,200,200,0,0,0,30,200
0,200,30,0,0,0,0,11,7,200,0,0,0,0,200,200,200,0,0,0,28,200
0,200,30,0,0,0,3,12,5,2,0,0,0,1,200,200,200,16,200,1,33,200
0,200,30,0,0,0,3,12,5,2,0,0,0,1,200,200,200,16,200,1,27,200
1,200,30,0,0,0,3,12,5,2,0,0,0,1,200,200,200,16,200,0,41,200
1,200,30,0,0,0,3,12,5,2,0,0,0,1,200,200,200,16,200,0,35,200
1,200,30,0,0,0,3,12,5,2,0,0,0,1,200,200,200,16,200,0,200,200
0,200,30,0,0,0,3,7,5,2,0,0,0,0,200,200,200,18,200,1,55,200
0,200,30,0,0,0,3,7,5,2,0,0,200,1,200,200,1,16,11,1,21,200
0,200,30,0,0,0,3,7,5,2,0,0,0,1,200,200,1,0,0,2,200,200
0,1,30,0,2,0,3,12,1,2,0,0,0,1,200,200,0,0,200,0,26,200
0,1,30,0,2,0,3,12,1,2,0,0,0,1,200,200,0,0,200,0,23,200
0,200,25,0,0,0,3,10,5,2,0,0,0,1,0,200,1,18,11,2,200,200
0,200,25,0,0,0,3,10,5,2,0,0,0,1,0,200,1,18,11,0,27,200
0,200,30,0,0,0,3,7,5,200,0,0,0,1,200,200,200,11,0,0,35,200
0,200,30,0,0,0,3,10,5,2,0,0,0,1,200,200,200,14,16,0,37,200
0,200,30,0,0,0,3,10,5,2,0,0,0,1,200,200,200,14,16,0,200,200
1,200,30,0,0,0,3,10,5,2,0,0,0,1,200,200,200,14,16,1,200,200
0,200,30,1,2,0,3,14,1,4,0,0,0,0,1,200,200,12,200,0,30,200
0,200,30,1,2,0,3,14,1,4,0,0,0,0,1,200,200,12,200,1,26,200
0,200,20,0,0,0,3,2,6,1,0,0,0,0,200,200,200,0,0,1,30,200
1,200,20,0,0,0,3,2,6,1,0,0,0,0,200,200,200,0,0,0,200,200
0,200,30,0,0,0,3,7,5,2,0,0,0,1,200,200,1,0,0,2,200,200
0,200,30,0,0,0,3,7,5,2,0,0,0,1,200,200,200,2,0,0,31,200
0,200,20,0,0,0,3,7,6,1,0,0,0,1,200,200,200,12,200,1,43,200
0,200,20,0,0,0,0,7,5,200,0,0,0,0,200,200,1,25,0,2,200,200
0,200,30,2,2,0,3,14,6,3,0,0,0,1,1,200,200,10,200,0,23,200
0,200,30,2,2,0,3,14,6,3,0,0,0,1,1,200,200,10,200,0,22,200
1,200,30,2,2,0,3,14,6,3,0,0,0,1,1,200,200,10,200,1,21,200
1,200,30,2,2,0,3,14,6,3,0,0,0,1,1,200,200,10,200,1,24,200
0,200,30,1,2,0,3,2,3,2,3,0,0,1,1,200,200,15,11,0,19,200
0,200,30,1,2,0,3,12,12,200,0,0,200,1,200,200,200,0,0,0,40,200
0,200,30,1,2,0,3,12,12,200,0,0,200,1,200,200,200,0,0,0,52,200
0,200,30,0,0,0,3,2,5,2,0,0,0,1,1,200,200,22,21,2,200,200
0,200,30,0,0,0,3,2,5,2,0,0,0,1,1,200,200,22,21,0,31,200
0,200,30,0,0,0,3,2,6,1,0,0,0,1,200,200,200,16,200,0,30,200
0,200,25,0,0,0,3,7,6,200,0,0,0,1,200,200,1,0,200,2,200,200
1,200,25,0,0,0,3,7,6,200,0,0,0,1,200,200,1,0,200,2,200,200
0,200,35,0,0,0,3,10,3,6,0,0,0,1,200,200,1,17,200,0,23,200
0,200,35,0,0,0,3,10,3,6,0,0,0,1,200,200,1,17,200,1,33,200
0,200,25,0,0,0,3,7,6,200,0,0,0,1,200,200,1,0,200,2,200,200
0,200,10,0,0,0,0,7,7,200,0,0,0,0,200,200,1,0,0,2,200,200
0,200,30,0,0,1,3,7,5,2,0,0,200,0,200,200,1,0,14,2,200,200
0,200,30,1,2,0,3,2,5,2,0,0,0,1,200,200,200,32,200,0,36,0.03
0,1,30,0,0,0,4,7,2,2,0,0,0,1,200,200,1,14,200,2,200,200
0,200,35,2,200,0,3,7,6,2,0,0,0,1,200,200,200,12,200,1,22,200
1,200,35,2,200,0,3,7,6,2,0,0,0,1,200,200,200,12,200,1,46,200
0,200,25,1,2,0,3,12,5,2,0,0,200,1,1,200,200,22,200,0,24,200
0,200,25,1,2,0,3,12,5,2,0,0,200,1,1,200,200,22,200,0,24,200
1,200,25,1,2,0,3,12,5,2,0,0,200,1,1,200,200,22,200,0,26,200
1,200,25,1,2,0,3,12,5,2,0,0,200,1,1,200,200,22,200,1,24,200
0,200,30,0,0,0,3,2,6,200,0,0,0,0,200,200,200,0,0,0,38,200
0,200,25,0,0,0,3,2,5,2,0,0,0,1,200,200,200,27,10,1,22,200
0,1,25,0,0,0,2,7,6,1,0,0,0,0,200,200,1,0,0,2,200,200
0,200,30,0,0,0,2,7,3,6,0,0,0,1,200,200,1,200,200,2,200,200
0,200,30,0,0,0,2,7,2,2,0,0,0,1,1,200,200,12,16,1,29,200
0,0,20,0,0,0,200,7,6,1,0,0,0,1,200,200,1,0,200,2,200,200
0,200,30,1,2,0,0,10,3,3,0,0,0,1,200,200,200,0,200,0,26,200
0,200,30,1,2,0,0,10,3,3,0,0,0,1,200,200,200,0,200,0,22,200
0,200,30,1,2,0,0,10,3,3,0,0,0,1,200,200,200,0,200,0,29,200
0,200,30,1,2,0,1,14,2,2,0,0,0,1,200,200,1,6,200,0,200,200
0,200,30,1,2,0,1,14,2,2,0,0,0,1,200,200,1,6,200,0,32,200
1,200,30,1,2,0,1,14,2,2,0,0,0,1,200,200,1,6,200,1,31,200
1,200,30,1,2,0,1,14,2,2,0,0,0,1,200,200,1,6,200,1,27,200
1,200,30,1,2,0,1,14,2,2,0,0,0,1,200,200,1,6,200,0,200,200
1,200,30,1,2,0,1,14,2,2,0,0,0,1,200,200,1,6,200,1,27,200
1,200,30,1,2,0,1,14,2,2,0,0,0,1,200,200,1,6,200,1,28,200
0,200,30,1,2,0,2,12,5,200,0,0,0,0,1,200,200,0,200,1,22,200
0,200,30,1,2,0,2,12,5,200,0,0,0,0,1,200,200,0,200,0,23,200
1,200,30,1,2,0,2,12,5,200,0,0,0,0,1,200,200,0,200,0,0,200
1,200,30,1,2,0,2,12,5,200,0,0,0,0,1,200,200,0,200,0,24,200
1,200,30,1,2,0,2,12,5,200,0,0,0,0,1,200,200,0,200,0,200,200
1,200,30,1,2,0,2,12,5,200,0,0,0,0,1,200,200,0,200,1,18,200
0,200,30,0,0,0,1,7,2,4,0,0,0,0,200,200,1,0,0,2,200,200
0,200,30,0,0,0,3,10,3,200,0,0,0,0,200,200,200,0,0,0,200,200
0,200,30,0,0,0,3,10,3,200,0,0,0,0,200,200,200,0,0,1,52,200
1,200,30,0,0,0,3,10,3,200,0,0,0,0,200,200,200,0,0,1,50,200
1,200,30,0,0,0,3,10,3,200,0,0,0,0,200,200,200,0,0,0,200,200
0,200,30,2,12,0,1,0,12,200,0,0,0,1,1,200,200,5,16,0,23,200
0,200,30,2,12,0,1,0,12,200,0,0,0,1,1,200,200,5,16,0,24,200
0,200,30,0,0,0,1,14,5,4,0,0,0,0,200,200,1,21,200,0,200,200
0,200,30,0,0,0,1,14,5,4,0,0,0,0,200,200,1,21,200,0,30,200
0,200,30,0,1,0,1,12,2,2,0,0,0,0,200,200,1,22,0,0,200,200
0,200,30,0,1,0,1,12,2,2,0,0,0,0,200,200,1,22,0,0,28,200
0,200,40,1,2,0,2,0,12,9,0,0,0,1,1,200,1,200,200,1,200,200
0,200,40,1,2,0,2,0,12,9,0,0,0,1,1,200,1,200,200,0,30,200
0,200,30,0,0,0,1,7,5,2,0,0,0,0,200,200,200,20,11,0,56,200
0,200,30,6,2,0,1,2,3,2,0,0,0,1,200,200,200,32,32,0,39,200
0,200,30,0,0,0,1,10,5,200,0,0,0,1,200,200,1,0,200,0,200,200
0,200,30,0,0,0,1,10,5,200,0,0,0,1,200,200,1,0,200,0,200,200
0,200,30,0,0,0,1,10,5,200,0,0,0,1,200,200,1,0,200,1,52,200
0,200,30,1,2,0,1,14,5,200,0,0,0,1,200,200,200,17,17,0,200,200
0,200,30,1,2,0,1,14,5,200,0,0,0,1,200,200,200,17,17,0,200,200
0,200,25,0,0,0,1,7,5,200,1,0,0,0,200,200,1,21,0,2,200,200
0,200,30,2,2,0,1,0,5,200,0,0,0,1,1,200,200,0,0,0,30,200
0,200,30,2,2,0,1,0,5,200,0,0,0,1,1,200,200,0,0,0,49,200
1,200,30,2,2,0,1,0,5,200,0,0,0,1,1,200,200,0,0,0,39,200
1,200,30,2,2,0,1,0,5,200,0,0,0,1,1,200,200,0,0,0,48,200
0,1,30,1,2,0,1,10,5,4,0,200,200,1,200,200,1,18,0,2,200,200
0,1,30,1,2,0,1,10,5,4,0,200,200,1,200,200,1,18,0,0,61,200
1,1,30,1,2,0,1,10,5,4,0,200,200,1,200,200,1,18,0,1,22,200
0,200,15,0,0,200,200,7,200,200,0,200,200,0,200,1,1,0,0,2,200,200
0,200,30,1,2,0,3,14,3,0,0,0,0,1,1,200,200,17,16,1,24,200
0,200,30,1,2,0,3,14,3,0,0,0,0,1,1,200,200,17,16,1,23,200
1,200,30,1,2,0,3,14,3,0,0,0,0,1,1,200,200,17,16,1,23,200
1,200,30,1,2,0,3,14,3,0,0,0,0,1,1,200,200,17,16,0,24,200
0,200,30,1,200,0,1,10,5,2,0,0,0,0,1,200,200,18,200,1,28,200
0,200,30,1,200,0,1,10,5,2,0,0,0,0,1,200,200,18,200,0,51,200
0,200,30,2,2,0,1,10,5,200,0,0,0,0,200,200,1,17,21,0,33,200
0,200,30,2,2,0,1,10,5,200,0,0,0,0,200,200,1,17,21,0,48,200