PERSON_TYPE,CRASH_DATE_EST_I,POSTED_SPEED_LIMIT,TRAFFIC_CONTROL_DEVICE,DEVICE_CONDITION,WEATHER_CONDITION,LIGHTING_CONDITION,FIRST_CRASH_TYPE,TRAFFICWAY_TYPE,LANE_CNT,ALIGNMENT,ROADWAY_SURFACE_COND,ROAD_DEFECT,CRASH_TYPE,INTERSECTION_RELATED_I,NOT_RIGHT_OF_WAY_I,HIT_AND_RUN_I,PRIM_CONTRIBUTORY_CAUSE,SEC_CONTRIBUTORY_CAUSE,SEX,AGE,BAC_RESULT VALUE
0,200,30,0,0,0,1,10,2,200,0,0,200,1,200,200,200,16,0,1,24,200
0,200,30,0,0,0,1,10,2,200,0,0,200,1,200,200,200,16,0,1,59,200
0,200,30,0,0,0,1,10,2,200,0,0,200,1,200,200,200,16,0,0,27,200
0,200,30,0,0,0,1,10,2,200,0,0,200,1,200,200,200,16,0,0,27,200
1,200,30,0,0,0,1,10,2,200,0,0,200,1,200,200,200,16,0,1,2,200
1,200,30,0,0,0,1,10,2,200,0,0,200,1,200,200,200,16,0,1,7,200
1,200,30,0,0,0,1,10,2,200,0,0,200,1,200,200,200,16,0,1,28,200
0,1,30,0,0,200,200,7,6,1,0,200,0,0,200,200,1,200,200,2,200,200
0,200,35,0,0,0,0,7,5,200,0,0,0,0,200,200,200,0,0,1,200,200
0,200,30,1,2,0,1,14,5,200,0,0,0,1,200,200,200,17,17,0,200,200
0,200,30,1,2,0,1,14,5,200,0,0,0,1,200,200,200,17,17,0,200,200
0,200,25,0,0,0,1,12,3,4,0,0,0,0,200,200,200,22,11,1,52,200
0,200,25,0,0,0,1,12,3,4,0,0,0,0,200,200,200,22,11,0,65,200
0,200,30,0,0,0,1,2,2,200,2,0,1,1,200,200,200,0,0,0,19,200
1,200,30,0,0,0,1,2,2,200,2,0,1,1,200,200,200,0,0,0,200,200
0,1,30,0,0,200,200,7,5,2,0,200,0,0,200,200,1,0,0,2,200,200
0,200,30,0,0,0,1,2,2,4,0,0,0,1,200,200,0,7,7,1,200,200
1,200,30,0,0,0,1,2,2,4,0,0,0,1,200,200,0,7,7,0,200,200
0,200,30,0,0,0,3,7,5,2,0,0,0,0,200,200,200,0,0,2,200,200
0,200,30,1,2,0,1,12,3,200,0,0,0,0,200,200,1,22,22,0,200,200
0,200,30,1,2,0,1,12,3,200,0,0,0,0,200,200,1,22,22,1,64,200
0,200,39,0,0,0,1,2,12,200,0,0,0,0,200,200,1,0,0,1,200,200
0,200,30,0,0,0,3,14,5,200,0,0,0,0,200,200,200,23,200,1,46,200
0,200,30,0,0,0,3,14,5,200,0,0,0,0,200,200,200,23,200,0,42,200
0,200,30,0,0,0,1,0,5,200,0,0,0,0,0,200,200,17,200,1,77,200
0,200,30,0,0,0,1,0,5,200,0,0,0,0,0,200,200,17,200,0,26,200
0,200,30,1,2,0,1,7,2,4,0,0,0,0,200,200,200,11,200,0,24,200
1,200,30,1,2,0,1,7,2,4,0,0,0,0,200,200,200,11,200,1,22,200
1,200,30,1,2,0,1,7,2,4,0,0,0,0,200,200,200,11,200,0,24,200
0,200,30,2,2,0,1,10,12,200,0,0,200,0,200,200,200,16,11,0,41,200
0,200,30,2,2,0,1,10,12,200,0,0,200,0,200,200,200,16,11,1,23,200
0,200,20,0,0,0,1,7,6,1,0,0,0,0,200,200,200,0,200,1,200,200
1,200,20,0,0,0,1,7,6,1,0,0,0,0,200,200,200,0,200,1,37,200
0,200,40,3,2,0,1,10,2,4,0,0,0,1,200,200,200,16,11,1,19,200
0,200,40,3,2,0,1,10,2,4,0,0,0,1,200,200,200,16,11,1,27,200
0,200,40,3,2,0,1,10,2,4,0,0,0,1,200,200,200,16,11,1,32,200
0,200,30,0,0,0,3,7,6,1,0,0,0,0,200,200,0,200,200,2,200,200
0,200,30,0,0,0,4,7,5,2,0,0,200,0,200,200,1,0,200,2,200,200
0,200,25,0,0,0,1,10,5,200,0,0,0,0,200,200,200,18,0,1,26,200
0,200,25,0,0,0,1,10,5,200,0,0,0,0,200,200,200,18,0,0,24,200
0,200,35,0,0,0,1,10,5,200,0,0,0,1,200,200,200,0,0,0,34,200
0,200,35,0,0,0,1,10,5,200,0,0,0,1,200,200,200,0,0,0,21,200
1,200,35,0,0,0,1,10,5,200,0,0,0,1,200,200,200,0,0,1,34,200
0,200,30,0,0,0,1,9,5,2,5,0,0,1,1,200,200,200,200,0,33,200
5,200,30,0,0,0,1,9,5,2,5,0,0,1,1,200,200,200,200,1,23,200
0,200,30,1,2,0,1,10,6,200,0,0,0,0,1,200,200,18,18,0,21,200
0,200,30,1,2,0,1,10,6,200,0,0,0,0,1,200,200,18,18,0,60,200
0,200,30,2,2,0,1,14,5,200,0,0,0,0,200,200,200,0,0,1,200,200
0,200,30,2,2,0,1,14,5,200,0,0,0,0,200,200,200,0,0,0,200,200
0,200,30,1,2,0,1,14,5,0,0,0,0,1,1,200,200,17,200,0,26,200
0,200,30,1,2,0,1,14,5,0,0,0,0,1,1,200,200,17,200,0,27,200
1,200,30,1,2,0,1,14,5,0,0,0,0,1,1,200,200,17,200,1,200,200
0,200,30,1,2,0,1,10,5,2,0,0,200,0,200,200,200,0,0,0,200,200
0,200,30,1,2,0,1,10,5,2,0,0,200,0,200,200,200,0,0,0,66,200
0,200,30,1,2,0,2,14,6,3,0,0,0,0,200,200,1,18,200,0,200,200
0,200,30,1,2,0,2,14,6,3,0,0,0,0,200,200,1,18,200,0,36,200
0,200,30,2,2,0,1,9,2,200,0,0,0,1,1,200,200,17,11,1,30,200
5,200,30,2,2,0,1,9,2,200,0,0,0,1,1,200,200,17,11,0,35,200
0,200,25,0,0,0,3,7,6,200,0,0,200,0,200,200,1,0,0,2,200,200
0,200,10,0,0,0,1,11,0,1,0,200,200,0,200,200,1,0,200,2,200,200
0,200,10,0,0,0,1,11,0,1,0,200,200,0,200,200,1,0,200,1,34,200
0,200,15,0,0,0,1,0,0,1,0,0,0,0,200,200,200,0,0,1,24,200
0,200,15,0,0,0,1,0,0,1,0,0,0,0,200,200,200,0,0,1,41,200
0,200,30,1,2,0,1,12,2,2,0,0,0,0,1,200,200,200,200,1,46,200
0,200,30,1,2,0,1,12,2,2,0,0,0,0,1,200,200,200,200,0,67,200
1,200,30,1,2,0,1,12,2,2,0,0,0,0,1,200,200,200,200,0,57,200
0,200,25,0,0,0,1,14,5,2,0,0,0,0,200,200,200,17,200,0,50,200
0,200,25,0,0,0,1,14,5,2,0,0,0,0,200,200,200,17,200,1,22,200
0,200,30,1,2,0,1,10,5,200,0,0,0,1,0,200,200,18,17,1,33,200
0,200,30,1,2,0,1,10,5,200,0,0,0,1,0,200,200,18,17,1,24,200
0,200,30,1,2,0,1,10,2,200,0,0,0,0,200,200,200,0,0,1,39,200
0,200,30,1,2,0,1,10,2,200,0,0,0,0,200,200,200,0,0,1,200,200
1,200,30,1,2,0,1,10,2,200,0,0,0,0,200,200,200,0,0,0,3,200
0,200,30,0,0,0,1,7,2,200,0,0,0,1,200,200,1,0,200,2,200,200
0,200,30,2,2,0,1,14,5,200,0,0,0,1,1,200,0,0,0,1,29,200
0,200,30,2,2,0,1,14,5,200,0,0,0,1,1,200,0,0,0,0,41,200
0,200,30,1,2,0,1,12,6,2,0,0,0,1,200,200,200,22,16,0,28,200
0,200,30,1,2,0,1,12,6,2,0,0,0,1,200,200,200,22,16,1,24,200
0,200,25,200,200,0,1,10,2,2,0,0,200,0,200,200,1,18,0,1,200,200
0,200,25,200,200,0,1,10,2,2,0,0,200,0,200,200,1,18,0,1,52,200
0,200,30,0,0,0,1,0,12,200,0,0,0,1,1,200,1,16,16,1,200,200
0,200,30,0,0,0,1,0,12,200,0,0,0,1,1,200,1,16,16,0,59,200
0,200,25,2,2,0,1,12,5,0,0,0,0,0,200,200,200,0,0,1,63,200
0,200,25,2,2,0,1,12,5,0,0,0,0,0,200,200,200,0,0,0,72,200
0,200,30,2,2,0,1,7,5,2,3,0,0,0,1,200,200,0,0,0,59,200
1,200,30,2,2,0,1,7,5,2,3,0,0,0,1,200,200,0,0,0,38,200
0,1,20,0,0,0,3,7,6,1,0,0,0,0,200,200,1,0,0,2,200,200
4,200,30,2,2,0,1,8,2,1,0,0,0,0,1,200,200,27,18,0,33,200
0,200,30,2,2,0,1,8,2,1,0,0,0,0,1,200,200,27,18,1,53,200
0,200,30,1,2,0,1,10,5,2,0,0,0,0,200,200,1,18,16,0,200,200
0,200,30,1,2,0,1,10,5,2,0,0,0,0,200,200,1,18,16,1,81,200
1,200,30,1,2,0,1,10,5,2,0,0,0,0,200,200,1,18,16,1,200,200
0,200,30,0,0,0,1,10,5,200,0,0,0,0,200,200,200,16,200,0,28,200
0,200,30,0,0,0,1,10,5,200,0,0,0,0,200,200,200,16,200,0,47,200
0,200,30,0,0,0,1,10,5,200,0,0,0,0,200,200,200,16,200,0,47,200
1,200,30,0,0,0,1,10,5,200,0,0,0,0,200,200,200,16,200,1,28,200
1,200,30,0,0,0,1,10,5,200,0,0,0,0,200,200,200,16,200,0,14,200
1,200,30,0,0,0,1,10,5,200,0,0,0,0,200,200,200,16,200,0,3,200
0,200,30,2,2,0,3,0,5,200,0,1,200,1,200,200,1,5,17,1,19,200
0,200,30,1,2,0,1,10,5,3,0,0,0,0,200,200,1,0,200,1,200,200
0,200,30,1,2,0,1,10,5,3,0,0,0,0,200,200,1,0,200,1,39,200
1,200,30,1,2,0,1,10,5,3,0,0,0,0,200,200,1,0,200,1,3,200
1,200,30,1,2,0,1,10,5,3,0,0,0,0,200,200,1,0,200,1,4,200
0,200,30,0,0,0,1,10,3,6,0,0,0,0,200,200,200,0,200,0,22,200
0,200,30,0,0,0,1,10,3,6,0,0,0,0,200,200,200,0,200,0,20,200
1,200,30,0,0,0,1,10,3,6,0,0,0,0,200,200,200,0,200,200,200,200
1,200,30,0,0,0,1,10,3,6,0,0,0,0,200,200,200,0,200,1,22,200
1,200,30,0,0,0,1,10,3,6,0,0,0,0,200,200,200,0,200,0,22,200
0,200,10,0,200,0,1,2,7,0,0,0,200,0,200,1,1,0,0,1,18,200
0,200,30,0,0,0,1,12,6,200,0,0,0,0,200,200,200,17,0,1,200,200
0,200,30,0,0,0,1,12,6,200,0,0,0,0,200,200,200,17,0,0,200,200
0,200,30,0,0,0,1,7,5,200,0,0,0,0,200,200,200,200,200,0,64,200
1,200,30,0,0,0,1,7,5,200,0,0,0,0,200,200,200,200,200,0,200,200
0,1,30,0,0,0,200,7,6,1,0,0,0,0,200,200,1,200,200,2,200,200
0,200,30,2,2,0,1,0,5,4,0,0,0,0,200,200,200,200,200,1,22,200
0,200,30,2,2,0,1,0,5,4,0,0,0,0,200,200,200,200,200,0,200,200
1,200,30,2,2,0,1,0,5,4,0,0,0,0,200,200,200,200,200,0,23,200
0,200,35,0,0,0,1,14,5,2,0,0,0,0,200,200,200,0,0,1,23,200
0,200,35,0,0,0,1,14,5,2,0,0,0,0,200,200,200,0,0,1,27,200
0,200,30,0,0,0,1,7,5,2,0,0,0,0,200,200,1,24,0,2,200,200
0,200,30,2,2,0,1,12,1,4,0,0,0,1,1,200,200,0,200,0,32,200
0,200,30,2,2,0,1,12,1,4,0,0,0,1,1,200,200,0,200,0,29,200
0,200,0,200,200,0,1,2,200,2,0,0,0,0,200,200,200,21,200,0,38,200
0,200,0,200,200,0,1,2,200,2,0,0,0,0,200,200,200,21,200,1,45,200
0,200,30,2,2,0,1,12,6,200,0,0,0,0,200,200,200,17,0,0,200,200
0,200,30,2,2,0,1,12,6,200,0,0,0,0,200,200,200,17,0,0,200,200
0,200,30,0,0,0,1,7,5,200,0,0,0,0,200,200,1,0,0,2,200,200
0,200,30,0,0,0,1,12,5,200,0,0,0,0,200,200,1,21,0,0,200,200
0,200,30,0,0,0,1,12,5,200,0,0,0,0,200,200,1,21,0,0,35,200
1,200,30,0,0,0,1,12,5,200,0,0,0,0,200,200,1,21,0,1,38,200
1,200,30,0,0,0,1,12,5,200,0,0,0,0,200,200,1,21,0,0,13,200
0,200,30,2,0,0,1,0,2,200,0,0,0,0,200,200,200,17,200,0,31,200
0,200,30,2,0,0,1,0,2,200,0,0,0,0,200,200,200,17,200,1,29,200
0,200,30,2,2,0,3,0,5,2,0,0,0,0,200,200,1,5,5,1,200,200
0,200,30,2,2,0,3,0,5,2,0,0,0,0,200,200,1,5,5,1,71,200
0,200,30,1,2,0,1,14,1,200,0,0,0,0,1,200,200,0,0,1,63,200
0,200,30,1,2,0,1,14,1,200,0,0,0,0,1,200,200,0,0,1,62,200
0,200,30,0,0,0,1,7,5,200,0,0,0,0,0,200,200,21,0,0,200,200
0,200,30,0,0,0,1,7,6,1,0,200,200,0,200,200,200,23,22,0,24,200
1,200,30,0,0,0,1,7,6,1,0,200,200,0,200,200,200,23,22,0,200,200
0,200,30,0,0,0,1,2,5,2,0,0,1,0,200,200,200,200,200,1,46,200
0,200,30,0,0,0,1,10,5,2,0,0,0,1,200,200,200,7,11,1,33,200
0,200,30,0,0,0,1,10,5,2,0,0,0,1,200,200,200,7,11,1,37,200
0,200,30,0,0,0,1,10,5,2,0,0,0,1,200,200,200,7,11,1,22,200
1,200,30,0,0,0,1,10,5,2,0,0,0,1,200,200,200,7,11,1,24,200
0,1,30,2,2,0,1,14,8,2,0,0,0,0,1,200,200,21,0,1,24,200
0,1,30,2,2,0,1,14,8,2,0,0,0,0,1,200,200,21,0,0,57,200
0,200,30,0,0,0,1,7,5,200,0,0,200,0,200,200,1,0,0,2,200,200
0,200,5,0,0,0,1,10,6,3,0,0,0,1,200,200,200,12,16,0,63,200
0,200,5,0,0,0,1,10,6,3,0,0,0,1,200,200,200,12,16,0,59,200
0,1,30,0,0,0,200,7,5,2,0,0,0,0,200,200,200,200,200,2,200,200
0,200,20,0,0,0,1,2,7,200,0,0,0,1,200,1,200,0,0,1,90,200
0,200,30,0,0,0,1,12,5,200,3,0,0,0,200,200,200,200,200,1,35,200
0,200,30,0,0,0,1,12,5,200,3,0,0,0,200,200,200,200,200,0,54,200
0,200,30,1,2,200,1,10,2,2,0,200,200,1,1,200,200,0,0,0,200,200
0,200,30,1,2,200,1,10,2,2,0,200,200,1,1,200,200,0,0,0,57,200
0,200,30,0,0,0,3,7,5,2,0,0,0,0,200,200,1,200,200,2,200,200
0,200,30,0,0,0,1,0,5,200,0,0,0,1,200,200,200,200,200,0,200,200
0,200,30,0,0,0,1,0,5,200,0,0,0,1,200,200,200,200,200,0,58,200
0,200,30,0,0,0,1,7,7,200,0,0,0,0,200,0,200,0,0,0,61,200
0,200,30,1,2,0,1,10,5,2,0,0,0,1,1,200,200,18,200,0,200,200
0,200,30,1,2,0,1,10,5,2,0,0,0,1,1,200,200,18,200,1,200,200
1,200,30,1,2,0,1,10,5,2,0,0,0,1,1,200,200,18,200,0,200,200
1,200,30,1,2,0,1,10,5,2,0,0,0,1,1,200,200,18,200,0,200,200
0,200,45,1,2,0,1,10,6,200,0,0,0,0,200,200,1,11,200,0,200,200
0,200,45,1,2,0,1,10,6,200,0,0,0,0,200,200,1,11,200,1,200,200
0,200,30,1,2,0,1,14,6,200,0,0,0,0,200,200,200,22,200,1,23,200
0,200,30,1,2,0,1,14,6,200,0,0,0,0,200,200,200,22,200,1,47,200
0,200,30,1,2,0,1,14,2,2,0,0,0,1,1,200,200,200,200,0,47,200
0,200,30,1,2,0,1,14,2,2,0,0,0,1,1,200,200,200,200,1,59,200
1,200,30,1,2,0,1,14,2,2,0,0,0,1,1,200,200,200,200,1,32,200
1,200,30,1,2,0,1,14,2,2,0,0,0,1,1,200,200,200,200,1,50,200
0,200,45,0,0,0,1,14,3,200,3,0,0,1,200,200,200,3,18,0,31,200
0,200,45,0,0,0,1,14,3,200,3,0,0,1,200,200,200,3,18,0,43,200
0,200,30,1,2,0,1,14,5,2,0,0,0,0,1,200,200,31,0,1,41,200
0,200,30,1,2,0,1,14,5,2,0,0,0,0,1,200,200,31,0,0,31,200
0,200,30,0,0,0,1,12,3,200,0,0,0,0,200,200,200,0,0,0,200,200
0,200,30,0,0,0,1,12,3,200,0,0,0,0,200,200,200,0,0,1,200,200
0,200,30,0,0,0,1,12,6,1,0,0,0,0,200,200,200,11,200,0,34,200
0,200,30,0,0,0,1,12,6,1,0,0,0,0,200,200,200,11,200,1,68,200
1,200,30,0,0,0,1,12,6,1,0,0,0,0,200,200,200,11,200,0,200,200
0,200,30,1,2,0,1,10,5,2,0,0,0,0,200,200,200,18,200,0,38,200
0,200,30,1,2,0,1,10,5,2,0,0,0,0,200,200,200,18,200,0,50,200
1,200,30,1,2,0,1,10,5,2,0,0,0,0,200,200,200,18,200,1,200,200
1,200,30,1,2,0,1,10,5,2,0,0,0,0,200,200,200,18,200,0,200,200
1,200,30,1,2,0,1,10,5,2,0,0,0,0,200,200,200,18,200,1,200,200
0,200,10,0,0,0,1,12,7,200,0,0,0,1,200,200,200,0,200,0,45,200
0,200,10,0,0,0,1,12,7,200,0,0,0,1,200,200,200,0,200,0,34,200
0,200,35,0,0,0,1,12,5,200,0,0,0,0,200,200,200,0,0,0,72,200
0,200,35,0,0,0,1,12,5,200,0,0,0,0,200,200,200,0,0,0,79,200
0,200,30,1,2,0,1,0,5,4,0,0,0,1,1,200,200,6,25,1,22,200
0,200,30,1,2,0,1,0,5,4,0,0,0,1,1,200,200,6,25,0,43,200
1,200,30,1,2,0,1,0,5,4,0,0,0,1,1,200,200,6,25,0,200,200
1,200,30,1,2,0,1,0,5,4,0,0,0,1,1,200,200,6,25,0,200,200
0,200,30,0,0,0,1,12,5,2,0,0,0,1,200,200,1,22,25,0,200,200
0,200,30,0,0,0,1,12,5,2,0,0,0,1,200,200,1,22,25,1,55,200
1,200,30,0,0,0,1,12,5,2,0,0,0,1,200,200,1,22,25,1,76,200
0,200,30,1,2,0,1,12,6,3,0,0,0,0,200,200,200,21,21,0,200,200
0,200,30,1,2,0,1,12,6,3,0,0,0,0,200,200,200,21,21,0,57,200
0,200,30,1,2,0,1,12,5,2,0,0,0,0,200,200,200,0,0,0,200,200
0,200,30,1,2,0,1,12,5,2,0,0,0,0,200,200,200,0,0,1,200,200
0,200,30,0,0,0,1,7,4,1,0,0,0,0,200,200,1,20,16,0,200,200
0,200,30,0,0,0,1,10,5,200,0,0,0,0,200,200,200,0,0,1,200,200
0,200,30,0,0,0,1,10,5,200,0,0,0,0,200,200,200,0,0,0,62,200
0,200,25,0,0,0,1,10,6,1,0,0,0,0,200,200,200,10,200,0,39,200
0,200,25,0,0,0,1,10,6,1,0,0,0,0,200,200,200,10,200,0,61,200
0,200,30,0,0,0,1,7,2,200,0,0,0,0,200,200,1,0,0,1,200,200
0,200,20,0,0,0,1,0,7,200,0,0,0,0,200,1,200,0,0,1,23,200
0,200,20,0,0,0,1,0,7,200,0,0,0,0,200,1,200,0,0,0,44,200
1,200,20,0,0,0,1,0,7,200,0,0,0,0,200,1,200,0,0,1,200,200
0,200,30,200,200,0,1,14,5,200,0,0,0,0,200,200,200,17,0,0,71,200
0,200,30,200,200,0,1,14,5,200,0,0,0,0,200,200,200,17,0,1,200,200
1,200,30,200,200,0,1,14,5,200,0,0,0,0,200,200,200,17,0,1,200,200
0,200,30,0,0,0,1,10,5,200,0,0,0,1,200,200,200,18,0,0,44,200
0,200,30,0,0,0,1,10,5,200,0,0,0,1,200,200,200,18,0,1,43,200
1,200,30,0,0,0,1,10,5,200,0,0,0,1,200,200,200,18,0,1,39,200
1,200,30,0,0,0,1,10,5,200,0,0,0,1,200,200,200,18,0,0,200,200
1,200,30,0,0,0,1,10,5,200,0,0,0,1,200,200,200,18,0,0,200,200
1,200,30,0,3,0,1,12,2,200,0,0,0,1,200,200,200,21,200,1,200,200
0,200,30,0,3,0,1,12,2,200,0,0,0,1,200,200,200,21,200,1,28,200
0,200,30,0,3,0,1,12,2,200,0,0,0,1,200,200,200,21,200,0,73,200
0,200,30,0,0,0,1,10,5,200,0,0,0,1,200,200,200,18,18,0,17,200
0,200,30,0,0,0,1,10,5,200,0,0,0,1,200,200,200,18,18,0,66,200
1,200,30,0,0,0,1,10,5,200,0,0,0,1,200,200,200,18,18,1,26,200
1,200,30,0,0,0,1,10,5,200,0,0,0,1,200,200,200,18,18,1,200,200
0,200,30,0,0,0,1,0,2,2,0,0,0,0,200,200,200,33,0,0,66,200
0,200,30,0,0,0,1,0,2,2,0,0,0,0,200,200,200,33,0,1,23,200
0,200,30,1,2,0,1,10,5,4,0,0,200,0,200,200,200,18,0,0,200,200
0,200,30,1,2,0,1,10,5,4,0,0,200,0,200,200,200,18,0,0,61,200
0,200,30,0,0,0,1,7,6,200,0,0,0,0,200,200,0,0,0,0,200,200
0,200,30,0,0,0,1,7,5,2,0,0,0,0,200,200,1,16,200,1,200,200
0,200,30,0,0,0,1,10,5,200,0,0,0,0,200,200,200,0,0,1,44,200
0,200,30,0,0,0,1,10,5,200,0,0,0,0,200,200,200,0,0,0,22,200
0,200,15,0,0,0,1,7,6,1,0,0,0,0,200,200,1,0,0,2,200,200
0,200,30,1,2,0,1,10,5,2,0,0,0,0,200,200,200,18,200,0,53,200
0,200,30,1,2,0,1,10,5,2,0,0,0,0,200,200,200,18,200,0,37,200
1,200,30,1,2,0,1,10,5,2,0,0,0,0,200,200,200,18,200,1,35,200
0,200,30,1,2,0,1,10,5,200,0,0,0,0,200,200,200,0,0,1,23,200
0,200,30,1,2,0,1,10,5,200,0,0,0,0,200,200,200,0,0,1,200,200
0,200,45,0,0,0,1,12,5,2,0,0,0,0,200,200,200,21,23,1,52,200
0,200,45,0,0,0,1,12,5,2,0,0,0,0,200,200,200,21,23,1,25,200
0,200,30,2,2,0,1,10,2,2,0,0,0,1,200,200,200,7,9,0,39,200
0,200,30,2,2,0,1,10,2,2,0,0,0,1,200,200,200,7,9,0,44,200
1,200,30,2,2,0,1,10,2,2,0,0,0,1,200,200,200,7,9,1,200,200
1,200,30,2,2,0,1,10,2,2,0,0,0,1,200,200,200,7,9,1,51,200
0,200,30,1,2,0,1,12,3,2,0,0,0,0,200,200,1,0,200,1,200,200
0,200,30,1,2,0,1,12,3,2,0,0,0,0,200,200,1,0,200,0,63,200
0,200,30,0,0,0,1,14,1,4,0,0,0,1,200,200,200,21,11,1,25,200
0,200,30,0,0,0,1,14,1,4,0,0,0,1,200,200,200,21,11,1,60,200
0,200,45,0,0,0,1,10,3,8,0,0,0,0,200,200,200,18,16,0,30,200
0,200,45,0,0,0,1,10,3,8,0,0,0,0,200,200,200,18,16,0,27,200
0,200,45,0,0,0,1,10,3,8,0,0,0,0,200,200,200,18,16,1,39,200
1,200,45,0,0,0,1,10,3,8,0,0,0,0,200,200,200,18,16,1,45,200
0,200,30,0,0,0,1,14,6,1,0,0,0,0,200,200,200,17,200,0,200,200
0,200,30,0,0,0,1,14,6,1,0,0,0,0,200,200,200,17,200,1,35,200
1,200,30,0,0,0,1,14,6,1,0,0,0,0,200,200,200,17,200,0,200,200
1,200,30,0,0,0,1,14,6,1,0,0,0,0,200,200,200,17,200,0,200,200
0,200,30,0,0,0,1,7,6,200,0,0,0,0,200,200,1,200,200,2,200,200
0,200,30,1,2,0,1,0,3,0,0,0,0,1,200,200,200,0,200,1,25,200
0,200,30,1,2,0,1,0,3,0,0,0,0,1,200,200,200,0,200,1,20,200
0,200,30,1,2,0,1,0,3,0,0,0,0,1,200,200,200,0,200,0,21,200
1,200,30,1,2,0,1,0,3,0,0,0,0,1,200,200,200,0,200,1,23,200
1,200,30,1,2,0,1,0,3,0,0,0,0,1,200,200,200,0,200,0,19,200
1,200,30,1,2,0,1,0,3,0,0,0,0,1,200,200,200,0,200,1,18,200
1,200,30,1,2,0,1,0,3,0,0,0,0,1,200,200,200,0,200,1,19,200
1,200,30,1,2,0,1,0,3,0,0,0,0,1,200,200,200,0,200,1,23,200
0,200,35,0,0,0,1,2,2,4,0,0,0,0,200,200,200,14,21,0,39,200
0,200,30,0,0,0,1,14,5,2,0,0,0,1,1,200,200,33,200,1,68,200
0,200,30,0,0,0,1,14,5,2,0,0,0,1,1,200,200,33,200,0,30,200
1,200,30,0,0,0,1,14,5,2,0,0,0,1,1,200,200,33,200,1,58,200
1,200,30,0,0,0,1,14,5,2,0,0,0,1,1,200,200,33,200,1,76,200
0,200,0,200,200,0,1,7,6,1,0,0,0,0,200,200,200,0,0,1,29,200
0,200,30,0,0,0,1,7,5,2,0,200,200,1,200,200,200,20,20,0,26,200
1,200,30,0,0,0,1,7,5,2,0,200,200,1,200,200,200,20,20,0,20,200
0,200,30,0,0,0,1,10,7,200,0,0,0,0,200,200,200,20,11,1,200,200
0,200,30,0,0,0,1,10,7,200,0,0,0,0,200,200,200,20,11,1,66,200
1,200,30,0,0,0,1,10,7,200,0,0,0,0,200,200,200,20,11,1,200,200
0,200,30,1,2,0,1,0,3,4,0,0,0,0,1,200,200,6,200,1,22,200
0,200,30,1,2,0,1,0,3,4,0,0,0,0,1,200,200,6,200,1,31,200
0,200,30,0,0,0,1,10,2,200,0,0,0,0,200,200,200,20,20,1,37,200
0,200,30,0,0,0,1,10,2,200,0,0,0,0,200,200,200,20,20,1,43,200
1,200,30,0,0,0,1,10,2,200,0,0,0,0,200,200,200,20,20,1,200,200
1,200,30,0,0,0,1,10,2,200,0,0,0,0,200,200,200,20,20,1,36,200
0,200,30,0,0,0,1,7,6,1,0,0,0,0,200,200,200,0,200,0,60,200
0,200,30,1,2,0,1,14,3,2,0,0,0,1,1,200,200,23,17,0,34,200
0,200,30,1,2,0,1,14,3,2,0,0,0,1,1,200,200,23,17,0,32,200
0,200,30,0,0,0,1,10,6,200,0,0,0,0,200,200,1,18,200,1,200,200
0,200,30,0,0,0,1,10,6,200,0,0,0,0,200,200,1,18,200,1,47,200
1,200,30,0,0,0,1,10,6,200,0,0,0,0,200,200,1,18,200,1,46,200
0,200,30,0,0,0,1,7,6,200,0,0,0,0,200,200,1,200,200,1,200,200
0,200,20,2,0,0,1,7,5,1,0,0,200,0,200,200,1,0,0,2,200,200
4,200,30,0,0,0,1,8,5,200,0,0,0,1,200,200,200,17,11,0,13,200
0,200,30,0,0,0,1,8,5,200,0,0,0,1,200,200,200,17,11,0,26,200
1,200,30,0,0,0,1,8,5,200,0,0,0,1,200,200,200,17,11,1,18,200
0,200,5,0,0,0,1,10,7,2,0,0,0,0,200,1,200,0,0,0,73,200
0,200,5,0,0,0,1,10,7,2,0,0,0,0,200,1,200,0,0,1,52,200
0,200,30,0,0,0,1,7,7,200,0,0,0,0,200,200,200,0,0,2,200,200
0,200,30,2,2,0,1,9,12,2,0,0,0,1,1,200,200,0,0,1,200,200
5,200,30,2,2,0,1,9,12,2,0,0,0,1,1,200,200,0,0,1,20,200
1,200,30,2,2,0,1,9,12,2,0,0,0,1,1,200,200,0,0,1,200,200
1,200,30,2,2,0,1,9,12,2,0,0,0,1,1,200,200,0,0,0,200,200
0,200,15,0,0,0,1,5,0,1,0,0,0,0,200,200,200,33,200,1,29,200
1,200,15,0,0,0,1,5,0,1,0,0,0,0,200,200,200,33,200,0,28,200
0,200,15,0,0,0,1,7,7,200,0,0,0,0,200,1,200,20,16,1,37,200
0,1,30,200,200,0,1,10,200,200,0,200,200,0,200,200,200,27,200,0,37,200
0,1,30,200,200,0,1,10,200,200,0,200,200,0,200,200,200,27,200,1,200,200
0,200,30,0,0,0,1,14,5,200,0,0,0,0,200,200,200,0,0,1,50,200
0,200,30,0,0,0,1,14,5,200,0,0,0,0,200,200,200,0,0,0,53,200
0,1,30,0,0,0,1,7,6,1,0,200,200,0,200,200,1,0,0,2,200,200