PERSON_TYPE,CRASH_DATE_EST_I,POSTED_SPEED_LIMIT,TRAFFIC_CONTROL_DEVICE,DEVICE_CONDITION,WEATHER_CONDITION,LIGHTING_CONDITION,FIRST_CRASH_TYPE,TRAFFICWAY_TYPE,LANE_CNT,ALIGNMENT,ROADWAY_SURFACE_COND,ROAD_DEFECT,CRASH_TYPE,INTERSECTION_RELATED_I,NOT_RIGHT_OF_WAY_I,HIT_AND_RUN_I,PRIM_CONTRIBUTORY_CAUSE,SEC_CONTRIBUTORY_CAUSE,SEX,AGE,BAC_RESULT VALUE
0,200,30,0,0,0,1,10,5,2,0,0,0,1,200,200,200,16,11,0,19,200
0,200,30,0,0,0,1,10,5,2,0,0,0,1,200,200,200,16,11,0,53,200
0,1,30,0,0,200,200,7,2,2,0,200,0,0,200,200,1,0,200,2,200,200
0,200,30,1,2,0,1,10,6,200,0,0,0,1,200,200,200,0,200,0,200,200
0,200,30,1,2,0,1,10,6,200,0,0,0,1,200,200,200,0,200,1,200,200
0,200,30,1,2,0,1,10,6,200,0,0,0,1,200,200,200,0,200,0,200,200
1,200,30,1,2,0,1,10,6,200,0,0,0,1,200,200,200,0,200,1,200,200
1,200,30,1,2,0,1,10,6,200,0,0,0,1,200,200,200,0,200,200,200,200
0,200,30,0,0,0,1,0,2,200,0,0,0,1,200,200,200,0,0,0,25,200
0,200,30,0,0,0,1,0,2,200,0,0,0,1,200,200,200,0,0,1,35,200
0,200,30,0,0,0,1,12,2,4,0,0,0,0,200,200,1,16,17,2,200,200
0,200,30,0,0,0,1,12,2,4,0,0,0,0,200,200,1,16,17,0,34,200
0,200,30,1,2,0,1,0,5,2,0,200,200,0,1,200,200,17,6,0,39,200
0,200,30,1,2,0,1,0,5,2,0,200,200,0,1,200,200,17,6,1,30,200
0,200,35,1,200,200,1,0,12,0,0,200,200,0,1,200,200,0,0,1,200,200
0,200,35,1,200,200,1,0,12,0,0,200,200,0,1,200,200,0,0,0,46,200
0,200,30,0,0,0,1,10,5,200,0,0,0,0,200,200,200,18,18,0,24,200
0,200,30,0,0,0,1,10,5,200,0,0,0,0,200,200,200,18,18,0,44,200
1,200,30,0,0,0,1,10,5,200,0,0,0,0,200,200,200,18,18,0,6,200
1,200,30,0,0,0,1,10,5,200,0,0,0,0,200,200,200,18,18,1,8,200
0,1,30,0,0,0,1,7,3,4,2,0,0,1,200,200,1,0,0,2,200,200
0,200,35,1,2,0,1,14,6,6,0,0,0,1,0,200,200,23,21,0,35,200
0,200,35,1,2,0,1,14,6,6,0,0,0,1,0,200,200,23,21,0,49,200
1,200,35,1,2,0,1,14,6,6,0,0,0,1,0,200,200,23,21,1,44,200
1,200,35,1,2,0,1,14,6,6,0,0,0,1,0,200,200,23,21,0,12,200
1,200,35,1,2,0,1,14,6,6,0,0,0,1,0,200,200,23,21,0,14,200
0,200,30,0,0,0,1,12,5,4,0,0,0,0,200,200,200,17,200,1,44,200
0,200,30,0,0,0,1,12,5,4,0,0,0,0,200,200,200,17,200,0,37,200
0,200,5,0,0,0,1,7,0,1,0,0,0,0,200,200,200,0,200,0,200,200
0,200,45,0,0,0,1,10,3,200,0,0,0,1,200,200,200,12,200,1,200,200
0,200,45,0,0,0,1,10,3,200,0,0,0,1,200,200,200,12,200,0,200,200
0,200,45,0,0,0,1,10,3,200,0,0,0,1,200,200,200,12,200,0,200,200
0,200,15,2,200,0,1,0,5,2,0,0,200,1,0,200,1,5,0,0,200,200
0,200,15,2,200,0,1,0,5,2,0,0,200,1,0,200,1,5,0,1,35,200
0,200,20,0,0,0,1,7,5,2,0,0,0,1,200,200,1,19,0,0,34,200
5,200,20,0,0,0,1,7,5,2,0,0,0,1,200,200,1,19,0,0,28,200
1,200,20,0,0,0,1,7,5,2,0,0,0,1,200,200,1,19,0,0,200,200
0,200,30,0,0,0,3,10,2,4,0,0,0,0,200,200,1,200,200,2,200,200
0,200,30,0,0,0,3,10,2,4,0,0,0,0,200,200,1,200,200,0,200,200
1,200,30,0,0,0,3,10,2,4,0,0,0,0,200,200,1,200,200,0,200,200
0,200,30,0,0,0,1,7,5,2,0,0,0,0,200,200,1,0,0,2,200,200
0,200,30,0,0,0,1,12,5,4,0,0,200,0,200,200,200,17,0,0,31,200
0,200,30,0,0,0,1,12,5,4,0,0,200,0,200,200,200,17,0,1,22,200
1,200,30,0,0,0,1,12,5,4,0,0,200,0,200,200,200,17,0,1,19,200
1,200,30,0,0,0,1,12,5,4,0,0,200,0,200,200,200,17,0,1,22,200
0,200,30,1,2,0,1,0,5,2,0,0,0,1,1,200,200,16,6,1,27,200
0,200,30,1,2,0,1,0,5,2,0,0,0,1,1,200,200,16,6,1,22,200
1,200,30,1,2,0,1,0,5,2,0,0,0,1,1,200,200,16,6,1,53,200
1,200,30,1,2,0,1,0,5,2,0,0,0,1,1,200,200,16,6,1,28,200
1,200,30,1,2,0,1,0,5,2,0,0,0,1,1,200,200,16,6,1,62,200
1,200,30,1,2,0,1,0,5,2,0,0,0,1,1,200,200,16,6,1,14,200
0,200,30,0,0,0,1,12,3,200,0,0,0,0,200,200,200,0,0,0,200,200
0,200,30,0,0,0,1,12,3,200,0,0,0,0,200,200,200,0,0,0,200,200
0,200,30,1,2,0,1,10,2,2,0,0,0,0,1,200,1,0,200,1,200,200
0,200,30,1,2,0,1,10,2,2,0,0,0,0,1,200,1,0,200,1,42,200
0,200,30,0,0,0,1,10,5,200,0,0,0,0,200,200,200,21,0,1,32,200
0,200,30,0,0,0,1,10,5,200,0,0,0,0,200,200,200,21,0,0,49,200
1,200,30,0,0,0,1,10,5,200,0,0,0,0,200,200,200,21,0,1,200,200
1,200,30,0,0,0,1,10,5,200,0,0,0,0,200,200,200,21,0,0,200,200
1,200,30,0,0,0,1,10,5,200,0,0,0,0,200,200,200,21,0,1,200,200
5,200,30,1,2,0,1,9,5,4,0,0,0,1,1,200,200,17,200,0,63,200
0,200,30,1,2,0,1,9,5,4,0,0,0,1,1,200,200,17,200,0,17,200
0,200,30,0,0,0,1,7,6,3,0,0,0,0,200,200,1,0,200,0,200,200
1,200,30,0,0,0,1,7,6,3,0,0,0,0,200,200,1,0,200,0,63,200
1,200,30,0,0,0,1,7,6,3,0,0,0,0,200,200,1,0,200,1,48,200
0,200,30,0,0,0,1,2,5,200,0,0,0,1,200,1,200,0,0,1,32,200
1,200,30,0,0,0,1,2,5,200,0,0,0,1,200,1,200,0,0,200,200,200
0,200,30,0,0,0,1,12,6,200,0,0,0,0,200,200,200,22,200,1,42,200
0,200,30,0,0,0,1,12,6,200,0,0,0,0,200,200,200,22,200,1,36,200
0,200,30,2,2,0,1,0,5,4,0,0,0,1,1,200,200,33,200,1,37,200
0,200,30,2,2,0,1,0,5,4,0,0,0,1,1,200,200,33,200,0,24,200
1,200,30,2,2,0,1,0,5,4,0,0,0,1,1,200,200,33,200,0,37,200
0,200,30,0,0,0,1,10,3,200,0,0,0,1,200,200,200,18,0,0,52,200
0,200,30,0,0,0,1,10,3,200,0,0,0,1,200,200,200,18,0,0,36,200
0,200,30,0,0,0,1,14,5,2,0,0,0,0,200,200,1,0,0,0,200,200
0,200,30,0,0,0,1,14,5,2,0,0,0,0,200,200,1,0,0,1,30,200
0,200,30,0,0,0,1,7,6,1,0,0,0,0,1,200,200,0,200,0,56,200
1,200,30,0,0,0,1,7,6,1,0,0,0,0,1,200,200,0,200,1,54,200
0,200,30,1,2,0,1,12,5,200,0,0,0,0,1,200,200,0,0,0,26,200
0,200,30,1,2,0,1,12,5,200,0,0,0,0,1,200,200,0,0,0,29,200
0,200,30,1,2,0,1,9,6,3,0,0,0,1,1,200,200,17,2,1,18,200
5,200,30,1,2,0,1,9,6,3,0,0,0,1,1,200,200,17,2,1,32,200
0,200,30,1,2,0,1,10,12,4,0,0,200,1,200,200,200,18,200,0,33,200
0,200,30,1,2,0,1,10,12,4,0,0,200,1,200,200,200,18,200,0,55,200
0,200,30,1,2,0,4,10,5,2,0,0,0,0,1,200,200,18,16,0,34,200
0,200,30,1,2,0,4,10,5,2,0,0,0,0,1,200,200,18,16,1,31,200
0,200,30,200,200,0,1,12,1,200,0,0,200,0,200,200,200,0,0,1,21,200
0,200,30,200,200,0,1,12,1,200,0,0,200,0,200,200,200,0,0,0,26,200
0,1,10,0,0,200,200,7,0,200,2,200,200,0,200,1,1,0,0,2,200,200
0,200,30,0,0,0,1,12,6,4,0,0,0,0,200,200,200,0,0,0,30,200
0,200,30,0,0,0,1,12,6,4,0,0,0,0,200,200,200,0,0,1,24,200
1,200,30,0,0,0,1,12,6,4,0,0,0,0,200,200,200,0,0,1,200,200
1,200,30,0,0,0,1,12,6,4,0,0,0,0,200,200,200,0,0,0,63,200
0,200,30,1,2,0,1,5,5,200,0,0,0,0,200,200,200,11,11,0,17,200
0,1,35,1,2,0,1,10,5,2,0,0,0,1,200,200,200,32,18,0,32,200
0,1,35,1,2,0,1,10,5,2,0,0,0,1,200,200,200,32,18,1,25,200
0,1,35,1,2,0,1,10,5,2,0,0,0,1,200,200,200,32,18,1,31,200
1,1,35,1,2,0,1,10,5,2,0,0,0,1,200,200,200,32,18,1,9,200
1,1,35,1,2,0,1,10,5,2,0,0,0,1,200,200,200,32,18,1,5,200
1,1,35,1,2,0,1,10,5,2,0,0,0,1,200,200,200,32,18,1,12,200
1,1,35,1,2,0,1,10,5,2,0,0,0,1,200,200,200,32,18,1,9,200
1,1,35,1,2,0,1,10,5,2,0,0,0,1,200,200,200,32,18,0,34,200
1,1,35,1,2,0,1,10,5,2,0,0,0,1,200,200,200,32,18,1,27,200
1,1,35,1,2,0,1,10,5,2,0,0,0,1,200,200,200,32,18,1,27,200
1,1,35,1,2,0,1,10,5,2,0,0,0,1,200,200,200,32,18,1,25,200
1,1,35,1,2,0,1,10,5,2,0,0,0,1,200,200,200,32,18,1,25,200
0,200,30,0,3,0,1,14,5,2,0,0,0,0,200,200,200,0,0,0,33,200
0,200,30,0,3,0,1,14,5,2,0,0,0,0,200,200,200,0,0,1,38,200
0,200,30,2,2,0,1,10,5,4,0,0,0,1,200,200,200,0,200,0,25,200
0,200,30,2,2,0,1,10,5,4,0,0,0,1,200,200,200,0,200,0,26,200
0,200,30,1,2,0,1,10,3,6,0,0,0,1,200,200,200,16,200,0,23,200
0,200,30,1,2,0,1,10,3,6,0,0,0,1,200,200,200,16,200,0,38,200
0,200,30,1,2,0,2,11,5,200,0,0,0,0,1,200,1,0,0,2,200,200
0,200,30,1,2,0,2,11,5,200,0,0,0,0,1,200,1,0,0,0,36,200
0,200,30,0,0,0,1,12,5,200,0,0,0,0,200,200,200,11,0,1,200,200
0,200,30,0,0,0,1,12,5,200,0,0,0,0,200,200,200,11,0,0,200,200
1,200,30,0,0,0,1,12,5,200,0,0,0,0,200,200,200,11,0,0,200,200
0,200,5,0,0,200,200,2,12,1,0,200,200,0,200,1,200,200,200,0,38,200
0,200,5,0,0,200,200,2,12,1,0,200,200,0,200,1,200,200,200,1,47,200
0,200,35,1,2,2,3,10,6,3,0,1,3,0,200,200,200,0,0,0,52,200
0,200,35,1,2,2,3,10,6,3,0,1,3,0,200,200,200,0,0,1,46,200
0,200,15,0,0,0,1,12,6,3,0,0,0,0,200,200,1,22,0,0,200,200
0,200,15,0,0,0,1,12,6,3,0,0,0,0,200,200,1,22,0,1,38,200
0,200,30,0,0,0,1,7,6,1,0,0,0,0,200,200,1,0,200,2,200,200
0,200,30,1,2,0,1,14,5,4,0,0,0,1,1,200,1,6,17,0,200,200
0,200,30,1,2,0,1,14,5,4,0,0,0,1,1,200,1,6,17,0,43,200
1,200,30,1,2,0,1,14,5,4,0,0,0,1,1,200,1,6,17,0,200,200
0,200,30,0,0,0,1,14,2,2,0,0,0,0,200,200,200,23,0,2,200,200
0,200,30,0,0,0,1,14,2,2,0,0,0,0,200,200,200,23,0,0,53,200
0,200,35,1,2,0,1,10,5,5,0,0,0,0,200,200,200,20,8,0,48,200
0,200,35,1,2,0,1,10,5,5,0,0,0,0,200,200,200,20,8,0,62,200
0,200,30,2,2,0,1,14,5,2,0,0,0,0,200,200,1,20,0,0,200,200
0,200,30,2,2,0,1,14,5,2,0,0,0,0,200,200,1,20,0,1,78,200
1,200,30,2,2,0,1,14,5,2,0,0,0,0,200,200,1,20,0,1,19,200
0,200,15,0,0,0,3,7,7,200,0,0,0,0,200,200,200,200,200,1,200,200
0,200,30,0,0,0,1,0,5,4,0,0,0,1,1,200,200,0,200,1,21,200
0,200,30,0,0,0,1,0,5,4,0,0,0,1,1,200,200,0,200,0,45,200
1,200,30,0,0,0,1,0,5,4,0,0,0,1,1,200,200,0,200,0,22,200
1,200,30,0,0,0,1,0,5,4,0,0,0,1,1,200,200,0,200,1,2,200
1,200,30,0,0,0,1,0,5,4,0,0,0,1,1,200,200,0,200,1,18,200
1,200,30,0,0,0,1,0,5,4,0,0,0,1,1,200,200,0,200,1,44,200
1,200,30,0,0,0,1,0,5,4,0,0,0,1,1,200,200,0,200,1,15,200
1,200,30,0,0,0,1,0,5,4,0,0,0,1,1,200,200,0,200,1,11,200
1,200,30,0,0,0,1,0,5,4,0,0,0,1,1,200,200,0,200,0,16,200
0,1,25,0,0,0,1,7,6,200,0,0,0,0,200,200,0,0,0,0,200,200
0,200,40,0,0,0,4,12,3,6,0,0,0,0,200,200,1,25,200,2,200,200
0,200,40,0,0,0,4,12,3,6,0,0,0,0,200,200,1,25,200,0,65,200
0,200,25,0,0,0,1,10,5,200,0,0,0,0,200,200,200,18,0,0,200,200
0,200,25,0,0,0,1,10,5,200,0,0,0,0,200,200,200,18,0,0,24,200
0,200,25,0,0,0,3,10,6,1,0,0,0,0,200,200,1,20,0,0,200,200
0,200,25,0,0,0,3,10,6,1,0,0,0,0,200,200,1,20,0,1,39,200
1,200,25,0,0,0,3,10,6,1,0,0,0,0,200,200,1,20,0,1,200,200
1,200,25,0,0,0,3,10,6,1,0,0,0,0,200,200,1,20,0,1,200,200
0,200,30,2,2,0,3,10,2,200,0,0,0,0,200,200,200,18,200,0,17,200
0,200,30,2,2,0,3,10,2,200,0,0,0,0,200,200,200,18,200,0,40,200
0,200,30,0,0,0,3,11,5,200,0,0,200,0,200,200,1,14,14,2,200,200
0,200,30,0,0,0,3,11,5,200,0,0,200,0,200,200,1,14,14,1,40,200
1,200,30,0,0,0,3,11,5,200,0,0,200,0,200,200,1,14,14,0,200,200
1,200,30,0,0,0,3,11,5,200,0,0,200,0,200,200,1,14,14,1,200,200
1,200,30,0,0,0,3,11,5,200,0,0,200,0,200,200,1,14,14,1,200,200
0,200,35,0,0,0,4,12,5,4,0,0,0,0,200,200,1,22,0,0,200,200
0,200,35,0,0,0,4,12,5,4,0,0,0,0,200,200,1,22,0,1,27,200
1,200,35,0,0,0,4,12,5,4,0,0,0,0,200,200,1,22,0,0,200,200
0,200,30,0,0,0,3,7,5,2,0,0,0,0,200,200,200,0,200,0,22,200
0,200,30,1,2,0,3,8,5,2,0,0,0,1,200,200,200,17,0,1,200,200
4,200,30,1,2,0,3,8,5,2,0,0,0,1,200,200,200,17,0,0,60,200
0,200,5,0,0,0,1,7,0,200,0,0,0,0,200,200,1,20,11,0,28,200
0,200,35,1,2,0,3,10,3,200,0,0,0,0,200,200,1,18,200,0,200,200
0,200,35,1,2,0,3,10,3,200,0,0,0,0,200,200,1,18,200,0,35,200
0,200,30,2,2,0,4,0,5,200,0,0,0,1,1,200,200,17,200,0,68,200
0,200,30,2,2,0,4,0,5,200,0,0,0,1,1,200,200,17,200,1,34,200
0,200,30,0,0,0,3,10,2,1,0,0,0,0,200,200,200,7,200,1,32,200
0,200,30,0,0,0,3,10,2,1,0,0,0,0,200,200,200,7,200,1,36,200
0,200,30,2,0,0,1,14,5,2,0,0,0,1,1,200,200,17,200,1,26,200
0,200,30,2,0,0,1,14,5,2,0,0,0,1,1,200,200,17,200,0,34,200
0,200,20,0,0,6,0,7,6,1,0,0,0,0,200,200,1,0,200,2,200,200
0,200,30,0,0,0,3,14,5,200,0,0,0,0,200,200,200,23,17,1,18,200
0,200,30,0,0,0,3,14,5,200,0,0,0,0,200,200,200,23,17,0,33,200
0,200,20,200,200,0,0,7,6,1,0,0,0,0,200,200,200,200,200,1,58,200
0,200,30,1,2,0,3,10,2,200,0,0,0,0,1,200,200,18,200,0,30,200
0,200,30,1,2,0,3,10,2,200,0,0,0,0,1,200,200,18,200,0,48,200
0,200,30,2,2,0,3,14,5,2,0,0,0,0,1,200,200,17,200,1,200,200
0,200,30,2,2,0,3,14,5,2,0,0,0,0,1,200,200,17,200,0,23,200
0,200,30,1,2,0,1,14,5,5,0,0,0,0,1,200,200,17,11,0,66,200
0,200,30,1,2,0,1,14,5,5,0,0,0,0,1,200,200,17,11,0,67,200
0,200,30,0,0,0,1,10,3,200,0,0,0,0,200,200,200,18,200,1,18,200
0,200,30,0,0,0,1,10,3,200,0,0,0,0,200,200,200,18,200,0,49,200
0,200,30,0,0,0,3,7,6,1,0,0,0,0,200,200,1,10,200,2,200,200
0,200,30,200,200,0,3,11,2,2,0,0,200,0,200,200,1,10,200,2,200,200
0,200,30,200,200,0,3,11,2,2,0,0,200,0,200,200,1,10,200,0,52,200
0,200,35,0,0,0,3,14,5,4,0,0,0,0,200,200,1,23,0,0,200,200
0,200,35,0,0,0,3,14,5,4,0,0,0,0,200,200,1,23,0,0,26,200
1,200,35,0,0,0,3,14,5,4,0,0,0,0,200,200,1,23,0,1,200,200
0,200,20,0,0,0,3,7,6,1,0,0,0,0,200,200,1,0,200,2,200,200
0,200,35,0,0,0,3,12,5,2,0,0,0,0,1,200,1,22,0,0,200,200
0,200,35,0,0,0,3,12,5,2,0,0,0,0,1,200,1,22,0,1,28,200
1,200,35,0,0,0,3,12,5,2,0,0,0,0,1,200,1,22,0,0,36,200
0,200,30,0,2,0,3,7,7,200,0,0,0,0,200,200,1,0,0,0,200,200
0,200,30,2,200,0,3,0,2,2,0,0,0,1,200,200,1,14,200,0,200,200
0,200,30,2,200,0,3,0,2,2,0,0,0,1,200,200,1,14,200,0,55,200
1,200,30,2,200,0,3,0,2,2,0,0,0,1,200,200,1,14,200,0,200,200
1,200,30,2,200,0,3,0,2,2,0,0,0,1,200,200,1,14,200,0,200,200
1,200,30,2,200,0,3,0,2,2,0,0,0,1,200,200,1,14,200,1,17,200
0,200,30,1,200,0,3,8,5,200,0,0,0,1,200,200,1,0,200,0,200,200
4,200,30,1,200,0,3,8,5,200,0,0,0,1,200,200,1,0,200,1,38,200
1,200,30,1,200,0,3,8,5,200,0,0,0,1,200,200,1,0,200,1,200,200
0,1,25,0,0,0,3,2,5,200,0,0,0,1,0,200,200,14,200,0,61,200
0,200,30,0,0,0,3,7,5,1,0,0,0,0,200,200,1,16,25,2,200,200
0,200,30,0,0,200,200,10,12,200,0,0,0,0,200,200,0,20,15,0,19,200
0,200,30,0,0,200,200,10,12,200,0,0,0,0,200,200,0,20,15,0,0,200
0,200,35,1,2,0,3,14,3,2,0,0,0,1,1,200,200,17,17,0,34,200
0,200,35,1,2,0,3,14,3,2,0,0,0,1,1,200,200,17,17,0,65,200
0,200,30,1,2,0,3,10,5,200,0,0,0,0,200,200,200,18,16,0,200,200
0,200,30,1,2,0,3,10,5,200,0,0,0,0,200,200,200,18,16,0,59,200
1,200,30,1,2,0,3,10,5,200,0,0,0,0,200,200,200,18,16,1,200,200
0,200,30,1,2,0,3,14,12,3,0,0,2,0,200,200,200,28,0,1,60,200
0,200,30,1,2,0,3,14,12,3,0,0,2,0,200,200,200,28,0,1,27,200
0,200,30,1,200,0,3,14,2,4,0,0,0,0,1,200,1,21,200,1,200,200
0,200,30,1,200,0,3,14,2,4,0,0,0,0,1,200,1,21,200,0,67,200
1,200,30,1,200,0,3,14,2,4,0,0,0,0,1,200,1,21,200,1,200,200
0,200,30,1,200,0,3,14,5,200,0,0,0,0,200,200,0,17,0,0,200,200
0,200,30,1,200,0,3,14,5,200,0,0,0,0,200,200,0,17,0,0,61,200
0,200,35,0,0,0,3,14,5,2,0,0,0,1,200,200,200,16,200,0,30,200
0,200,35,0,0,0,3,14,5,2,0,0,0,1,200,200,200,16,200,1,36,200
0,200,30,0,0,0,0,7,6,1,0,0,0,1,0,200,1,0,0,0,200,200
0,200,30,1,200,0,3,12,5,200,0,0,0,0,1,200,200,0,200,0,19,200
0,200,30,1,200,0,3,12,5,200,0,0,0,0,1,200,200,0,200,1,200,200
0,200,30,1,2,0,3,14,5,2,0,0,0,1,1,200,1,23,17,2,200,200
0,200,30,1,2,0,3,14,5,2,0,0,0,1,1,200,1,23,17,0,25,200
0,200,35,1,2,0,3,12,5,4,0,0,0,0,200,200,1,21,200,0,200,200
0,200,35,1,2,0,3,12,5,4,0,0,0,0,200,200,1,21,200,0,41,200
0,200,30,1,2,0,3,12,8,200,0,0,0,0,200,200,1,21,200,0,28,200
0,200,30,1,2,0,3,12,8,200,0,0,0,0,200,200,1,21,200,2,200,200
0,200,30,1,2,0,0,9,5,2,0,0,0,1,200,200,1,17,200,1,200,200
5,200,30,1,2,0,0,9,5,2,0,0,0,1,200,200,1,17,200,0,69,200
0,200,30,1,2,0,0,10,5,200,0,0,0,0,200,200,1,0,0,2,200,200
0,200,30,1,2,0,0,10,5,200,0,0,0,0,200,200,1,0,0,1,23,200
0,200,30,0,0,0,0,14,5,200,0,0,0,1,1,200,200,17,200,1,22,200
0,200,30,0,0,0,0,14,5,200,0,0,0,1,1,200,200,17,200,1,26,200
0,200,30,1,2,0,3,14,12,200,0,0,0,0,1,200,1,21,22,2,200,200
0,200,30,1,2,0,3,14,12,200,0,0,0,0,1,200,1,21,22,1,30,200
0,200,30,1,2,0,3,0,6,2,0,0,0,0,1,200,200,6,200,0,21,200
0,200,30,1,2,0,3,0,6,2,0,0,0,0,1,200,200,6,200,0,31,200
0,200,30,1,2,0,3,12,5,3,0,0,0,0,1,200,200,0,0,0,200,200
0,200,30,1,2,0,3,12,5,3,0,0,0,0,1,200,200,0,0,0,23,200
0,200,30,2,0,0,0,0,5,2,0,0,0,1,1,200,200,5,200,0,23,200
0,200,30,2,0,0,0,0,5,2,0,0,0,1,1,200,200,5,200,0,25,200
0,200,30,12,12,0,0,14,5,2,0,0,0,0,200,200,200,22,200,1,36,200
0,200,30,12,12,0,0,14,5,2,0,0,0,0,200,200,200,22,200,1,31,200
1,200,30,12,12,0,0,14,5,2,0,0,0,0,200,200,200,22,200,1,42,200
1,200,30,12,12,0,0,14,5,2,0,0,0,0,200,200,200,22,200,1,35,200
1,200,30,12,12,0,0,14,5,2,0,0,0,0,200,200,200,22,200,1,28,200
0,200,30,1,2,0,3,10,5,2,0,0,200,0,200,200,200,16,18,1,23,200
0,200,30,1,2,0,3,10,5,2,0,0,200,0,200,200,200,16,18,0,57,200
0,200,35,1,1,0,3,14,6,1,0,0,0,0,1,200,1,23,0,0,200,200
0,200,35,1,1,0,3,14,6,1,0,0,0,0,1,200,1,23,0,1,38,200
1,200,35,1,1,0,3,14,6,1,0,0,0,0,1,200,1,23,0,0,37,200
0,200,30,0,0,0,3,7,5,4,0,0,0,0,200,200,200,20,200,1,23,200
1,200,30,0,0,0,3,7,5,4,0,0,0,0,200,200,200,20,200,1,23,200
2,200,30,0,0,0,3,2,3,200,0,0,0,1,200,200,200,23,17,200,200,200
0,200,30,0,0,0,3,2,3,200,0,0,0,1,200,200,200,23,17,0,0,200
0,200,30,0,0,0,3,7,2,2,0,0,0,1,200,200,200,0,200,0,28,200
0,1,30,0,0,0,3,7,5,3,0,0,0,1,200,1,200,14,22,0,34,200
0,200,30,0,0,0,3,7,6,1,0,0,0,1,200,200,200,0,0,1,200,200
1,200,30,0,0,0,3,7,6,1,0,0,0,1,200,200,200,0,0,0,29,200
1,200,30,0,0,0,3,7,6,1,0,0,0,1,200,200,200,0,0,1,26,200
0,200,10,0,0,0,3,2,0,1,0,0,0,0,200,200,200,11,200,0,29,200
1,200,10,0,0,0,3,2,0,1,0,0,0,0,200,200,200,11,200,200,200,200
0,200,30,0,0,0,0,7,6,200,0,0,0,0,200,200,0,0,0,2,200,200
0,200,15,0,0,0,2,5,0,1,0,0,0,1,200,200,200,0,0,2,200,200
0,200,30,0,0,0,1,7,5,200,0,0,200,0,200,200,200,0,200,0,42,200
0,200,30,0,0,0,1,12,5,2,0,0,0,0,200,200,200,22,0,0,61,200
0,200,30,0,0,0,1,12,5,2,0,0,0,0,200,200,200,22,0,1,22,200
0,200,25,2,0,0,1,0,2,200,0,0,0,0,200,200,0,200,17,1,23,200
0,200,25,2,0,0,1,0,2,200,0,0,0,0,200,200,0,200,17,0,65,200
0,200,30,0,0,0,1,7,5,200,0,0,0,1,200,200,1,200,200,0,200,200
0,200,2,0,0,0,1,7,7,200,0,0,0,0,200,200,1,20,20,2,200,200
0,200,30,0,0,0,1,14,2,200,0,0,0,0,200,200,200,17,200,1,28,200
0,200,30,0,0,0,1,14,2,200,0,0,0,0,200,200,200,17,200,0,59,200
1,200,30,0,0,0,1,14,2,200,0,0,0,0,200,200,200,17,200,0,6,200
0,200,30,0,0,0,1,2,3,4,0,0,0,0,200,200,200,21,0,1,51,200
0,200,30,0,0,0,3,7,5,2,0,0,0,0,200,200,200,0,27,2,200,200
0,200,45,0,0,0,1,2,2,4,0,0,0,1,200,200,200,200,200,0,33,200
0,200,30,0,0,0,1,0,7,200,0,0,0,0,200,200,200,200,200,1,50,200
0,200,30,0,0,0,1,0,7,200,0,0,0,0,200,200,200,200,200,1,25,200
0,200,25,0,0,0,1,10,2,200,0,0,0,0,200,200,200,200,200,0,42,200
0,200,25,0,0,0,1,10,2,200,0,0,0,0,200,200,200,200,200,1,38,200
0,200,30,1,2,0,1,10,2,5,0,0,0,1,1,200,200,18,11,1,30,200
0,200,30,1,2,0,1,10,2,5,0,0,0,1,1,200,200,18,11,0,27,200
0,200,30,1,2,0,1,10,2,5,0,0,0,1,1,200,200,18,11,0,51,200
0,200,30,1,2,0,1,10,2,5,0,0,0,1,1,200,200,18,11,1,29,200
0,200,30,2,2,0,1,0,2,4,0,0,0,0,1,200,200,33,33,0,64,200
0,200,30,2,2,0,1,0,2,4,0,0,0,0,1,200,200,33,33,0,44,200
0,200,35,0,0,0,1,2,5,200,0,0,0,1,200,200,200,0,200,0,54,200
0,200,30,1,2,0,3,12,2,200,0,0,0,0,200,200,200,0,200,0,19,200
0,200,30,1,2,0,3,12,2,200,0,0,0,0,200,200,200,0,200,1,30,200
1,200,30,1,2,0,3,12,2,200,0,0,0,0,200,200,200,0,200,1,200,200
0,200,30,0,0,0,3,7,6,200,0,0,0,1,200,200,1,0,200,2,200,200
0,200,30,0,0,0,1,10,3,200,0,0,0,0,200,200,200,0,200,0,200,200
0,200,30,0,0,0,1,10,3,200,0,0,0,0,200,200,200,0,200,0,46,200
0,200,30,1,2,0,1,2,2,2,0,0,0,0,1,200,200,23,16,0,51,200
0,200,30,0,0,0,1,12,5,6,0,0,0,0,200,200,200,21,200,1,32,200
0,200,30,0,0,0,1,12,5,6,0,0,0,0,200,200,200,21,200,1,52,200
0,200,30,2,2,0,1,12,6,1,0,0,0,0,200,200,1,25,5,1,200,200
0,200,30,2,2,0,1,12,6,1,0,0,0,0,200,200,1,25,5,0,32,200
0,200,30,0,0,0,1,12,2,200,0,0,0,0,200,200,1,18,200,0,200,200
0,200,30,0,0,0,1,12,2,200,0,0,0,0,200,200,1,18,200,1,44,200
0,200,25,2,200,0,1,9,6,200,0,0,0,0,1,200,200,17,0,0,35,200
5,200,25,2,200,0,1,9,6,200,0,0,0,0,1,200,200,17,0,1,67,200
0,200,20,2,2,0,1,2,2,200,0,0,0,1,1,200,200,0,200,0,41,200
0,200,30,2,2,0,1,8,12,0,0,0,0,1,1,200,200,17,23,0,22,200
4,200,30,2,2,0,1,8,12,0,0,0,0,1,1,200,200,17,23,0,51,200