PERSON_TYPE,CRASH_DATE_EST_I,POSTED_SPEED_LIMIT,TRAFFIC_CONTROL_DEVICE,DEVICE_CONDITION,WEATHER_CONDITION,LIGHTING_CONDITION,FIRST_CRASH_TYPE,TRAFFICWAY_TYPE,LANE_CNT,ALIGNMENT,ROADWAY_SURFACE_COND,ROAD_DEFECT,CRASH_TYPE,INTERSECTION_RELATED_I,NOT_RIGHT_OF_WAY_I,HIT_AND_RUN_I,PRIM_CONTRIBUTORY_CAUSE,SEC_CONTRIBUTORY_CAUSE,SEX,AGE,BAC_RESULT VALUE
0,200,30,1,2,200,1,10,5,4,0,200,200,1,1,200,200,16,200,0,38,200
1,200,30,1,2,200,1,10,5,4,0,200,200,1,1,200,200,16,200,0,79,200
0,200,30,0,0,1,1,14,5,200,0,0,0,0,200,200,200,23,200,0,26,200
0,200,30,0,0,1,1,14,5,200,0,0,0,0,200,200,200,23,200,0,47,200
0,200,30,0,0,2,1,5,6,1,0,1,0,0,200,200,200,20,200,0,51,200
0,200,30,1,2,2,1,0,5,2,0,1,0,1,1,200,200,6,200,1,24,200
0,200,30,1,2,2,1,0,5,2,0,1,0,1,1,200,200,6,200,1,41,200
0,200,30,0,0,0,1,12,6,3,0,0,0,0,200,200,200,17,0,0,30,200
0,200,30,0,0,0,1,12,6,3,0,0,0,0,200,200,200,17,0,0,42,200
0,200,30,2,0,0,1,0,5,3,0,0,0,0,200,200,200,0,200,0,28,200
0,200,30,2,0,0,1,0,5,3,0,0,0,0,200,200,200,0,200,1,17,200
1,200,30,2,0,0,1,0,5,3,0,0,0,0,200,200,200,0,200,1,200,200
0,200,30,0,1,2,1,14,5,4,0,1,0,0,200,200,200,18,0,0,29,200
0,200,30,0,1,2,1,14,5,4,0,1,0,0,200,200,200,18,0,0,200,200
0,200,30,3,2,2,1,0,7,200,0,1,0,0,200,1,200,8,10,1,23,200
0,200,30,3,2,2,1,0,7,200,0,1,0,0,200,1,200,8,10,0,33,200
0,200,30,0,0,0,1,7,6,200,0,0,0,0,200,200,200,0,200,2,200,200
0,200,30,0,0,2,1,0,6,3,0,1,0,0,200,200,200,17,200,0,25,200
0,200,30,0,0,2,1,0,6,3,0,1,0,0,200,200,200,17,200,0,52,200
1,200,30,0,0,2,1,0,6,3,0,1,0,0,200,200,200,17,200,0,200,200
1,200,30,0,0,2,1,0,6,3,0,1,0,0,200,200,200,17,200,0,200,200
0,200,30,0,0,0,3,7,6,2,0,0,0,0,200,200,1,21,200,2,200,200
0,200,30,0,0,1,1,14,5,2,0,0,3,1,200,200,200,22,200,1,21,200
0,200,30,0,0,1,1,14,5,2,0,0,3,1,200,200,200,22,200,1,32,200
0,200,30,1,2,2,1,10,5,4,0,1,0,0,200,200,200,18,18,0,28,200
0,200,30,1,2,2,1,10,5,4,0,1,0,0,200,200,200,18,18,1,25,200
0,200,0,0,0,1,1,7,7,200,0,0,0,0,200,200,1,11,0,1,200,200
0,200,30,1,2,2,1,10,5,4,0,1,0,0,200,200,200,18,0,0,67,200
0,200,30,1,2,2,1,10,5,4,0,1,0,0,200,200,200,18,0,0,54,200
0,200,30,1,2,2,1,10,5,4,0,1,0,0,1,200,200,0,0,0,26,200
0,200,30,1,2,2,1,10,5,4,0,1,0,0,1,200,200,0,0,1,41,200
0,200,35,0,0,2,1,8,5,200,0,1,0,1,200,200,200,17,23,0,45,200
4,200,35,0,0,2,1,8,5,200,0,1,0,1,200,200,200,17,23,0,25,200
0,200,30,0,0,2,1,10,1,2,0,1,0,1,200,200,200,7,16,1,70,200
0,200,30,0,0,2,1,10,1,2,0,1,0,1,200,200,200,7,16,0,44,200
1,200,30,0,0,2,1,10,1,2,0,1,0,1,200,200,200,7,16,1,200,200
1,200,30,0,0,2,1,10,1,2,0,1,0,1,200,200,200,7,16,1,30,200
0,200,30,1,2,0,1,10,5,2,0,0,0,0,200,200,200,18,16,0,39,200
0,200,30,1,2,0,1,10,5,2,0,0,0,0,200,200,200,18,16,0,25,200
3,200,10,0,0,2,1,2,0,1,0,1,0,0,200,1,200,0,0,1,200,200
0,200,10,0,0,2,1,2,0,1,0,1,0,0,200,1,200,0,0,0,53,200
0,200,30,0,0,2,1,10,5,2,0,1,0,0,1,200,200,16,0,1,90,200
0,200,30,0,0,2,1,10,5,2,0,1,0,0,1,200,200,16,0,0,40,200
0,200,30,1,2,0,1,10,2,200,0,0,0,0,200,200,200,17,18,1,200,200
0,200,30,1,2,0,1,10,2,200,0,0,0,0,200,200,200,17,18,0,61,200
1,200,30,1,2,0,1,10,2,200,0,0,0,0,200,200,200,17,18,0,59,200
1,200,30,1,2,0,1,10,2,200,0,0,0,0,200,200,200,17,18,1,31,200
1,200,30,1,2,0,1,10,2,200,0,0,0,0,200,200,200,17,18,1,18,200
0,200,30,0,0,0,1,7,6,200,0,0,1,0,200,200,1,0,0,2,200,200
0,200,30,1,2,0,1,10,5,2,0,1,0,1,200,200,200,18,18,1,51,200
0,200,30,1,2,0,1,10,5,2,0,1,0,1,200,200,200,18,18,1,61,200
1,200,30,1,2,0,1,10,5,2,0,1,0,1,200,200,200,18,18,0,28,200
1,200,30,1,2,0,1,10,5,2,0,1,0,1,200,200,200,18,18,0,20,200
0,200,30,0,200,2,1,0,2,2,0,1,200,1,200,200,200,17,200,1,24,200
0,200,30,0,200,2,1,0,2,2,0,1,200,1,200,200,200,17,200,1,42,200
0,200,30,1,2,0,1,0,5,4,0,0,0,1,1,200,200,20,200,0,27,200
0,200,30,1,2,0,1,0,5,4,0,0,0,1,1,200,200,20,200,1,46,200
0,200,30,1,2,2,1,12,2,4,0,1,0,0,200,200,200,22,0,1,49,200
0,200,30,1,2,2,1,12,2,4,0,1,0,0,200,200,200,22,0,1,33,200
0,200,30,0,0,2,1,7,5,200,0,1,200,0,200,200,200,0,0,1,200,200
0,200,45,3,2,2,1,10,3,4,0,1,0,1,200,200,200,11,11,0,28,200
0,200,45,3,2,2,1,10,3,4,0,1,0,1,200,200,200,11,11,1,37,200
0,200,30,1,2,0,1,0,2,200,0,1,0,1,1,200,200,6,200,1,21,200
0,200,30,1,2,0,1,0,2,200,0,1,0,1,1,200,200,6,200,1,45,200
0,200,30,0,0,2,1,12,5,2,0,1,200,1,200,200,200,13,200,0,63,200
0,200,30,0,0,2,1,12,5,2,0,1,200,1,200,200,200,13,200,1,64,200
1,200,30,0,0,2,1,12,5,2,0,1,200,1,200,200,200,13,200,0,200,200
1,200,30,0,0,2,1,12,5,2,0,1,200,1,200,200,200,13,200,1,200,200
1,200,30,0,0,2,1,12,5,2,0,1,200,1,200,200,200,13,200,0,200,200
1,200,30,0,0,2,1,12,5,2,0,1,200,1,200,200,200,13,200,0,200,200
1,200,30,0,0,2,1,12,5,2,0,1,200,1,200,200,200,13,200,1,200,200
1,200,30,0,0,2,1,12,5,2,0,1,200,1,200,200,200,13,200,1,200,200
1,200,30,0,0,2,1,12,5,2,0,1,200,1,200,200,200,13,200,0,200,200
1,200,30,0,0,2,1,12,5,2,0,1,200,1,200,200,200,13,200,1,200,200
1,200,30,0,0,2,1,12,5,2,0,1,200,1,200,200,200,13,200,0,200,200
1,200,30,0,0,2,1,12,5,2,0,1,200,1,200,200,200,13,200,1,200,200
1,200,30,0,0,2,1,12,5,2,0,1,200,1,200,200,200,13,200,0,200,200
1,200,30,0,0,2,1,12,5,2,0,1,200,1,200,200,200,13,200,0,200,200
1,200,30,0,0,2,1,12,5,2,0,1,200,1,200,200,200,13,200,1,200,200
1,200,30,0,0,2,1,12,5,2,0,1,200,1,200,200,200,13,200,1,200,200
1,200,30,0,0,2,1,12,5,2,0,1,200,1,200,200,200,13,200,1,200,200
1,200,30,0,0,2,1,12,5,2,0,1,200,1,200,200,200,13,200,1,200,200
1,200,30,0,0,2,1,12,5,2,0,1,200,1,200,200,200,13,200,0,200,200
1,200,30,0,0,2,1,12,5,2,0,1,200,1,200,200,200,13,200,0,200,200
1,200,30,0,0,2,1,12,5,2,0,1,200,1,200,200,200,13,200,0,200,200
1,200,30,0,0,2,1,12,5,2,0,1,200,1,200,200,200,13,200,1,200,200
0,200,5,0,0,0,1,10,7,200,0,1,0,0,200,1,200,200,200,1,70,200
0,200,5,0,0,0,1,10,7,200,0,1,0,0,200,1,200,200,200,0,47,200
0,200,30,1,2,2,1,10,2,200,0,1,0,0,1,200,200,22,22,0,20,200
0,200,30,1,2,2,1,10,2,200,0,1,0,0,1,200,200,22,22,0,60,200
0,200,15,0,0,0,1,0,12,200,0,0,0,0,200,200,200,17,200,1,28,200
0,200,15,0,0,0,1,0,12,200,0,0,0,0,200,200,200,17,200,0,50,200
1,200,15,0,0,0,1,0,12,200,0,0,0,0,200,200,200,17,200,1,30,200
0,200,30,0,0,2,1,10,5,200,0,0,0,0,200,200,200,0,200,0,200,200
0,200,30,0,0,2,1,10,5,200,0,0,0,0,200,200,200,0,200,0,23,200
0,200,25,2,2,2,1,14,5,2,0,1,0,1,1,200,200,17,11,1,33,200
0,200,25,2,2,2,1,14,5,2,0,1,0,1,1,200,200,17,11,0,57,200
1,200,25,2,2,2,1,14,5,2,0,1,0,1,1,200,200,17,11,1,5,200
0,200,30,1,2,2,1,10,5,4,0,1,0,0,1,200,1,0,0,0,200,200
0,200,30,1,2,2,1,10,5,4,0,1,0,0,1,200,1,0,0,0,54,200
0,200,25,2,2,2,1,9,5,0,0,1,0,1,1,200,200,34,33,1,64,200
5,200,25,2,2,2,1,9,5,0,0,1,0,1,1,200,200,34,33,0,32,200
0,200,40,9,2,2,1,2,3,8,3,1,0,0,200,200,200,16,34,0,53,200
0,200,30,2,2,1,1,0,12,200,0,200,0,1,1,200,200,17,33,1,30,200
0,200,30,2,2,1,1,0,12,200,0,200,0,1,1,200,200,17,33,1,33,200
1,200,30,2,2,1,1,0,12,200,0,200,0,1,1,200,200,17,33,0,1,200
0,200,30,1,2,0,1,10,5,200,0,1,0,1,1,200,200,18,200,0,200,200
0,200,30,1,2,0,1,10,5,200,0,1,0,1,1,200,200,18,200,0,59,200
0,200,20,2,1,1,1,0,6,200,0,0,0,1,1,200,200,5,11,1,42,200
0,200,20,2,1,1,1,0,6,200,0,0,0,1,1,200,200,5,11,1,17,200
1,200,20,2,1,1,1,0,6,200,0,0,0,1,1,200,200,5,11,0,59,200
0,200,30,0,0,0,1,7,5,2,0,0,0,0,200,200,1,0,200,2,200,200
0,200,30,1,2,0,3,0,5,4,0,0,0,0,1,200,1,6,17,2,200,200
0,200,30,1,2,0,3,0,5,4,0,0,0,0,1,200,1,6,17,0,25,200
0,200,15,0,0,0,1,0,0,1,0,0,0,1,200,200,200,20,11,0,56,200
0,200,15,0,0,0,1,0,0,1,0,0,0,1,200,200,200,20,11,0,82,200
0,1,30,0,0,1,200,7,6,200,0,200,0,0,200,200,1,0,200,2,200,200
0,200,30,0,2,0,1,0,5,4,0,1,0,1,200,200,200,17,200,0,38,200
0,200,30,0,2,0,1,0,5,4,0,1,0,1,200,200,200,17,200,1,35,200
1,200,30,0,2,0,1,0,5,4,0,1,0,1,200,200,200,17,200,0,35,200
0,200,25,1,2,2,1,14,3,3,0,1,0,0,200,200,200,23,23,1,47,200
0,200,25,1,2,2,1,14,3,3,0,1,0,0,200,200,200,23,23,0,27,200
0,200,35,0,0,0,1,12,3,4,0,3,0,0,200,200,1,0,0,2,200,200
0,200,35,0,0,0,1,12,3,4,0,3,0,0,200,200,1,0,0,0,41,200
1,200,35,0,0,0,1,12,3,4,0,3,0,0,200,200,1,0,0,1,200,200
1,200,30,2,2,0,1,0,2,200,0,0,0,1,1,200,200,17,14,1,8,200
0,200,30,2,2,0,1,0,2,200,0,0,0,1,1,200,200,17,14,0,56,200
0,200,30,2,2,0,1,0,2,200,0,0,0,1,1,200,200,17,14,1,25,200
1,200,30,2,2,0,1,0,2,200,0,0,0,1,1,200,200,17,14,0,24,200
0,200,30,0,0,2,1,10,5,4,0,1,0,0,200,200,200,18,18,1,24,200
0,200,30,0,0,2,1,10,5,4,0,1,0,0,200,200,200,18,18,1,31,200
0,1,20,0,0,1,1,10,5,2,0,1,0,0,200,200,200,0,0,1,63,200
0,1,20,0,0,1,1,10,5,2,0,1,0,0,200,200,200,0,0,1,42,200
0,200,30,2,2,0,1,0,5,2,0,0,0,1,1,200,200,0,0,0,51,200
0,200,30,2,2,0,1,0,5,2,0,0,0,1,1,200,200,0,0,0,57,200
1,200,30,2,2,0,1,0,5,2,0,0,0,1,1,200,200,0,0,1,10,200
0,200,30,1,2,0,1,12,2,5,0,0,0,0,1,200,200,0,0,0,49,200
0,200,30,1,2,0,1,12,2,5,0,0,0,0,1,200,200,0,0,0,19,200
0,200,30,0,0,0,1,7,5,200,0,0,0,1,200,200,200,0,200,0,64,200
0,200,35,2,2,0,1,0,5,200,0,0,0,1,1,200,200,17,0,0,29,200
0,200,35,2,2,0,1,0,5,200,0,0,0,1,1,200,200,17,0,0,41,200
0,200,0,0,0,0,1,7,7,200,0,1,0,0,200,200,1,0,0,1,200,200
1,200,0,0,0,0,1,7,7,200,0,1,0,0,200,200,1,0,0,0,3,200
1,200,0,0,0,0,1,7,7,200,0,1,0,0,200,200,1,0,0,1,1,200
0,200,30,0,0,2,1,10,5,4,0,1,0,0,200,200,200,16,200,1,36,200
0,200,30,0,0,2,1,10,5,4,0,1,0,0,200,200,200,16,200,0,47,200
1,200,30,0,0,2,1,10,5,4,0,1,0,0,200,200,200,16,200,1,48,200
0,200,10,0,0,2,1,7,7,200,0,0,200,0,200,200,1,0,0,0,200,200
0,200,35,1,2,0,1,12,5,4,0,0,0,0,200,200,200,0,0,1,200,200
0,200,35,1,2,0,1,12,5,4,0,0,0,0,200,200,200,0,0,0,31,200
0,200,30,0,0,2,1,0,5,200,0,1,0,0,200,200,1,16,21,0,200,200
0,200,30,0,0,2,1,0,5,200,0,1,0,0,200,200,1,16,21,0,200,200
0,200,30,1,2,2,1,14,6,200,0,1,0,0,1,200,200,0,0,0,81,200
0,200,30,1,2,2,1,14,6,200,0,1,0,0,1,200,200,0,0,0,29,200
1,200,30,1,2,2,1,14,6,200,0,1,0,0,1,200,200,0,0,0,200,200
1,200,30,1,2,2,1,14,6,200,0,1,0,0,1,200,200,0,0,0,200,200
0,200,30,10,2,2,1,2,3,200,0,1,0,0,200,200,200,3,200,0,55,200
0,200,30,0,0,0,1,10,5,2,0,0,0,0,1,200,1,32,11,0,25,200
0,200,30,0,0,0,1,10,5,2,0,0,0,0,1,200,1,32,11,0,29,200
1,200,30,0,0,0,1,10,5,2,0,0,0,0,1,200,1,32,11,0,30,200
1,200,30,0,0,0,1,10,5,2,0,0,0,0,1,200,1,32,11,1,28,200
1,200,30,0,0,0,1,10,5,2,0,0,0,0,1,200,1,32,11,0,200,200
1,200,30,0,0,0,1,10,5,2,0,0,0,0,1,200,1,32,11,1,200,200
0,200,25,0,0,200,200,7,200,200,0,200,0,0,200,200,1,11,0,2,200,200
0,200,30,0,0,1,1,12,5,200,0,0,0,0,200,200,200,200,200,1,51,200
0,200,30,0,0,1,1,12,5,200,0,0,0,0,200,200,200,200,200,0,50,200
0,200,30,0,0,0,1,7,6,200,0,200,0,0,200,200,1,0,200,2,200,200
0,200,30,1,2,0,1,0,5,4,0,1,0,1,1,200,200,17,17,1,40,200
0,200,30,1,2,0,1,0,5,4,0,1,0,1,1,200,200,17,17,0,39,200
0,200,30,1,2,0,1,0,5,4,0,1,0,1,1,200,200,17,17,0,54,200
0,200,20,0,0,2,1,10,6,2,0,1,0,0,200,200,1,18,200,0,200,200
0,200,20,0,0,2,1,10,6,2,0,1,0,0,200,200,1,18,200,0,25,200
1,200,20,0,0,2,1,10,6,2,0,1,0,0,200,200,1,18,200,0,200,200
0,200,30,1,2,0,1,10,5,4,0,0,200,0,200,200,200,0,200,0,32,200
0,200,30,1,2,0,1,10,5,4,0,0,200,0,200,200,200,0,200,0,29,200
0,200,30,1,2,0,1,10,5,4,0,0,200,0,200,200,200,0,200,1,45,200
0,200,15,0,0,0,1,7,7,200,0,0,0,0,200,200,200,0,200,2,200,200
0,200,35,1,2,0,1,10,2,4,0,0,0,0,200,200,200,16,200,0,24,200
0,200,35,1,2,0,1,10,2,4,0,0,0,0,200,200,200,16,200,1,70,200
0,200,30,0,0,0,1,7,6,1,0,0,0,0,200,200,200,0,0,0,59,200
1,200,30,0,0,0,1,7,6,1,0,0,0,0,200,200,200,0,0,0,44,200
0,200,45,3,2,0,1,10,3,4,0,0,0,1,200,200,200,11,11,1,65,200
0,200,45,3,2,0,1,10,3,4,0,0,0,1,200,200,200,11,11,0,46,200
0,200,45,3,2,0,1,10,3,4,0,0,0,1,200,200,200,11,11,0,24,200
1,200,45,3,2,0,1,10,3,4,0,0,0,1,200,200,200,11,11,0,8,200
1,200,45,3,2,0,1,10,3,4,0,0,0,1,200,200,200,11,11,1,51,200
0,200,30,0,0,0,1,0,6,200,0,1,0,0,200,200,1,0,200,1,200,200
0,200,30,0,0,0,1,0,6,200,0,1,0,0,200,200,1,0,200,0,37,200
1,200,30,0,0,0,1,0,6,200,0,1,0,0,200,200,1,0,200,1,35,200
1,200,30,0,0,0,1,0,6,200,0,1,0,0,200,200,1,0,200,0,15,200
0,1,25,0,0,0,3,7,6,1,0,0,0,0,200,200,1,0,0,2,200,200
0,200,10,0,0,2,1,5,7,200,0,1,12,0,200,1,200,0,200,0,200,200
0,200,30,2,2,0,1,0,5,2,0,0,0,0,1,200,200,17,16,0,60,200
0,200,30,2,2,0,1,0,5,2,0,0,0,0,1,200,200,17,16,1,25,200
1,200,30,2,2,0,1,0,5,2,0,0,0,0,1,200,200,17,16,1,1,200
1,200,30,2,2,0,1,0,5,2,0,0,0,0,1,200,200,17,16,0,7,200
0,200,30,0,0,0,1,10,5,200,0,0,0,0,200,200,1,18,200,0,200,200
0,200,30,0,0,0,1,10,5,200,0,0,0,0,200,200,1,18,200,0,200,200
0,200,30,1,2,0,1,10,2,2,0,0,0,0,1,200,200,18,200,0,21,200
0,200,30,1,2,0,1,10,2,2,0,0,0,0,1,200,200,18,200,1,32,200
1,200,30,1,2,0,1,10,2,2,0,0,0,0,1,200,200,18,200,0,0,200
1,200,30,1,2,0,1,10,2,2,0,0,0,0,1,200,200,18,200,0,200,200
0,200,30,1,2,0,1,14,6,3,0,0,0,0,1,200,200,0,200,0,29,200
0,200,30,1,2,0,1,14,6,3,0,0,0,0,1,200,200,0,200,0,81,200
1,200,30,1,2,0,1,14,6,3,0,0,0,0,1,200,200,0,200,2,200,200
1,200,30,1,2,0,1,14,6,3,0,0,0,0,1,200,200,0,200,2,200,200
0,200,30,0,0,0,1,7,6,2,0,0,0,0,200,200,200,0,0,0,200,200
0,200,40,0,0,0,1,14,200,200,0,0,0,0,200,200,200,200,5,0,45,200
0,200,40,0,0,0,1,14,200,200,0,0,0,0,200,200,200,200,5,0,70,200
0,200,30,1,2,0,1,12,6,3,0,0,0,0,1,200,1,0,200,0,200,200
0,200,30,1,2,0,1,12,6,3,0,0,0,0,1,200,1,0,200,1,69,200
0,200,30,0,0,0,1,7,5,2,0,0,0,0,200,200,200,17,200,0,48,200
1,200,30,0,0,0,1,7,5,2,0,0,0,0,200,200,200,17,200,1,52,200
0,200,30,0,0,0,1,7,6,200,0,0,200,0,200,200,1,0,200,1,200,200
0,200,30,0,0,0,1,14,2,2,0,0,200,1,0,200,200,11,11,1,19,200
0,200,30,0,0,0,1,14,2,2,0,0,200,1,0,200,200,11,11,0,62,200
0,200,30,0,0,0,1,12,5,200,0,0,0,0,200,200,200,0,0,1,27,200
0,200,30,0,0,0,1,12,5,200,0,0,0,0,200,200,200,0,0,1,34,200
0,200,30,0,0,1,1,14,5,200,0,0,0,0,200,200,200,17,17,1,66,200
0,200,30,0,0,1,1,14,5,200,0,0,0,0,200,200,200,17,17,1,44,200
0,200,30,0,0,1,1,14,5,200,0,0,0,0,200,200,200,17,17,1,18,200
1,200,30,0,0,1,1,14,5,200,0,0,0,0,200,200,200,17,17,2,200,200
1,200,30,0,0,1,1,14,5,200,0,0,0,0,200,200,200,17,17,0,200,200
0,200,15,0,0,0,1,12,6,3,0,0,0,0,200,200,200,22,200,0,40,200
0,200,15,0,0,0,1,12,6,3,0,0,0,0,200,200,200,22,200,0,40,200
0,200,30,0,0,0,1,2,0,1,0,0,0,0,200,200,200,0,200,1,66,200
0,200,30,2,2,0,1,10,2,4,0,0,0,0,200,200,200,18,18,0,200,200
0,200,30,2,2,0,1,10,2,4,0,0,0,0,200,200,200,18,18,0,37,200
0,200,30,0,0,0,1,12,5,4,0,0,0,0,200,200,200,21,0,0,200,200
0,200,30,0,0,0,1,12,5,4,0,0,0,0,200,200,200,21,0,0,48,200
0,200,25,1,2,0,1,12,6,3,0,0,0,0,200,200,200,17,2,0,22,200
0,200,25,1,2,0,1,12,6,3,0,0,0,0,200,200,200,17,2,1,44,200
1,200,25,1,2,0,1,12,6,3,0,0,0,0,200,200,200,17,2,1,200,200
0,200,35,0,0,0,1,9,2,2,0,0,0,1,200,200,200,16,0,1,46,200
5,200,35,0,0,0,1,9,2,2,0,0,0,1,200,200,200,16,0,1,50,200
1,200,35,0,0,0,1,9,2,2,0,0,0,1,200,200,200,16,0,0,200,200
0,200,15,2,2,0,1,0,6,1,0,0,0,0,1,200,200,17,0,0,29,200
0,200,15,2,2,0,1,0,6,1,0,0,0,0,1,200,200,17,0,0,68,200
0,200,30,1,2,0,1,12,5,4,0,0,0,0,1,200,200,0,0,0,200,200
0,200,30,1,2,0,1,12,5,4,0,0,0,0,1,200,200,0,0,1,200,200
1,200,30,1,2,0,1,12,5,4,0,0,0,0,1,200,200,0,0,1,200,200
1,200,30,1,2,0,1,12,5,4,0,0,0,0,1,200,200,0,0,1,200,200
0,200,30,0,0,0,1,7,5,200,0,0,0,0,200,200,200,0,0,1,25,200
0,200,30,1,2,0,1,10,2,200,0,0,0,0,200,200,200,7,200,0,200,200
0,200,30,1,2,0,1,10,2,200,0,0,0,0,200,200,200,7,200,0,200,200
0,200,30,1,2,0,1,9,5,4,0,0,0,1,1,200,200,17,200,0,29,200
5,200,30,1,2,0,1,9,5,4,0,0,0,1,1,200,200,17,200,1,57,200
0,200,30,0,0,0,1,7,12,1,0,0,0,0,200,200,200,0,0,0,34,200
0,200,20,0,0,200,200,7,5,2,0,200,200,0,200,200,1,0,200,2,200,200
0,200,30,0,0,0,1,7,200,200,0,0,0,0,200,200,200,20,200,0,36,200
0,200,15,0,0,0,3,7,4,200,0,0,0,0,200,200,200,20,200,2,200,200
0,200,30,1,2,0,1,10,3,200,0,0,0,1,200,200,1,0,200,2,200,200
0,200,30,1,2,0,1,10,3,200,0,0,0,1,200,200,1,0,200,1,44,200
0,200,30,1,2,0,1,10,3,200,0,0,0,1,200,200,1,0,200,0,45,200
0,200,30,0,0,0,1,12,2,4,0,0,0,1,200,200,200,17,11,0,200,200
0,200,30,0,0,0,1,12,2,4,0,0,0,1,200,200,200,17,11,1,200,200
0,200,0,0,0,0,1,7,7,200,0,0,0,0,200,200,200,23,23,1,41,200
0,200,25,0,0,0,1,10,7,1,0,0,0,0,200,200,1,0,0,2,200,200
0,200,25,0,0,0,1,10,7,1,0,0,0,0,200,200,1,0,0,1,42,200
0,200,30,0,0,0,1,12,6,4,0,0,0,0,200,200,1,22,200,1,200,200
0,200,30,0,0,0,1,12,6,4,0,0,0,0,200,200,1,22,200,0,51,200
0,200,30,0,0,0,1,10,7,0,0,0,0,0,200,200,200,0,0,0,63,200
0,200,30,0,0,0,1,10,7,0,0,0,0,0,200,200,200,0,0,1,200,200
1,200,30,0,0,0,1,10,7,0,0,0,0,0,200,200,200,0,0,0,49,200
0,200,30,0,0,0,1,12,5,2,0,1,0,0,200,200,1,17,200,0,200,200
0,200,30,0,0,0,1,12,5,2,0,1,0,0,200,200,1,17,200,0,51,200
4,200,30,0,0,0,1,8,5,2,0,0,0,1,200,200,200,0,0,0,43,200
1,200,30,0,0,0,1,8,5,2,0,0,0,1,200,200,200,0,0,1,37,200
0,200,30,1,2,0,1,10,5,200,0,0,0,0,200,200,200,18,17,1,23,200
0,200,30,1,2,0,1,10,5,200,0,0,0,0,200,200,200,18,17,0,30,200
1,200,30,1,2,0,1,10,5,200,0,0,0,0,200,200,200,18,17,0,35,200
0,200,30,2,2,0,1,0,5,2,0,0,0,1,1,200,200,17,16,1,35,200
0,200,30,2,2,0,1,0,5,2,0,0,0,1,1,200,200,17,16,1,55,200
0,200,30,0,0,0,1,0,7,2,0,0,0,0,200,200,200,0,200,1,42,200
0,200,30,0,0,0,1,0,7,2,0,0,0,0,200,200,200,0,200,0,79,200
0,200,30,0,0,0,1,0,5,2,0,0,0,0,1,200,200,6,11,0,41,200
0,200,30,0,0,0,1,0,5,2,0,0,0,0,1,200,200,6,11,0,26,200
1,200,30,0,0,0,1,0,5,2,0,0,0,0,1,200,200,6,11,1,25,200
0,200,30,1,2,2,1,12,5,4,0,1,200,1,1,200,200,21,21,0,51,200
0,200,30,1,2,2,1,12,5,4,0,1,200,1,1,200,200,21,21,1,56,200
1,200,30,1,2,2,1,12,5,4,0,1,200,1,1,200,200,21,21,1,24,200
0,200,30,0,0,0,1,12,2,6,0,0,0,0,200,200,200,0,0,1,20,200
0,200,30,0,0,0,1,12,2,6,0,0,0,0,200,200,200,0,0,0,48,200
0,200,30,2,2,0,1,10,5,2,0,0,3,0,1,200,200,0,0,1,200,200
0,200,30,2,2,0,1,10,5,2,0,0,3,0,1,200,200,0,0,1,52,200
1,200,30,2,2,0,1,10,5,2,0,0,3,0,1,200,200,0,0,1,200,200
1,200,30,2,2,0,1,10,5,2,0,0,3,0,1,200,200,0,0,0,200,200
1,200,30,2,2,0,1,10,5,2,0,0,3,0,1,200,200,0,0,0,200,200
1,200,30,2,2,0,1,10,5,2,0,0,3,0,1,200,200,0,0,0,200,200
0,200,35,1,2,0,1,10,5,4,0,0,0,0,200,200,200,18,27,1,31,200
0,200,35,1,2,0,1,10,5,4,0,0,0,0,200,200,200,18,27,0,70,200
0,200,40,0,0,0,1,10,3,8,0,0,0,0,200,200,1,16,200,0,200,200
0,200,40,0,0,0,1,10,3,8,0,0,0,0,200,200,1,16,200,0,22,200
1,200,40,0,0,0,1,10,3,8,0,0,0,0,200,200,1,16,200,0,22,200
1,200,40,0,0,0,1,10,3,8,0,0,0,0,200,200,1,16,200,200,200,200
1,200,40,0,0,0,1,10,3,8,0,0,0,0,200,200,1,16,200,200,200,200
0,200,30,2,2,0,1,10,5,2,0,0,0,0,200,200,1,18,200,2,200,200
0,200,30,2,2,0,1,10,5,2,0,0,0,0,200,200,1,18,200,1,63,200
0,200,15,0,12,0,1,0,0,1,0,0,0,1,200,200,200,25,14,1,18,200
0,200,15,0,12,0,1,0,0,1,0,0,0,1,200,200,200,25,14,0,25,200
1,200,15,0,12,0,1,0,0,1,0,0,0,1,200,200,200,25,14,1,24,200
1,200,15,0,12,0,1,0,0,1,0,0,0,1,200,200,200,25,14,1,17,200
1,200,15,0,12,0,1,0,0,1,0,0,0,1,200,200,200,25,14,0,17,200
0,200,30,0,200,0,1,12,5,2,0,0,0,0,200,200,200,0,200,0,26,200
0,200,30,0,200,0,1,12,5,2,0,0,0,0,200,200,200,0,200,0,63,200
0,200,30,1,2,0,1,0,5,4,0,0,0,0,1,200,200,6,200,1,200,200
0,200,30,1,2,0,1,0,5,4,0,0,0,0,1,200,200,6,200,1,37,200
0,200,15,0,0,0,1,7,7,2,0,0,0,0,200,200,200,22,200,1,48,200
0,200,30,1,2,0,3,10,2,2,0,0,0,1,1,200,1,0,19,0,200,200
0,200,30,1,2,0,3,10,2,2,0,0,0,1,1,200,1,0,19,1,25,200
1,200,30,1,2,0,3,10,2,2,0,0,0,1,1,200,1,0,19,1,200,200
0,200,30,0,0,0,1,7,5,200,0,0,0,0,200,200,200,12,12,0,30,200