PERSON_TYPE,CRASH_DATE_EST_I,POSTED_SPEED_LIMIT,TRAFFIC_CONTROL_DEVICE,DEVICE_CONDITION,WEATHER_CONDITION,LIGHTING_CONDITION,FIRST_CRASH_TYPE,TRAFFICWAY_TYPE,LANE_CNT,ALIGNMENT,ROADWAY_SURFACE_COND,ROAD_DEFECT,CRASH_TYPE,INTERSECTION_RELATED_I,NOT_RIGHT_OF_WAY_I,HIT_AND_RUN_I,PRIM_CONTRIBUTORY_CAUSE,SEC_CONTRIBUTORY_CAUSE,SEX,AGE,BAC_RESULT VALUE
0,200,35,0,0,0,1,7,5,200,0,0,0,0,200,200,200,200,200,1,200,200
0,200,30,0,0,0,1,7,5,2,0,200,200,0,200,200,200,22,22,1,71,200
1,200,30,0,0,0,1,7,5,2,0,200,200,0,200,200,200,22,22,0,77,200
0,200,30,0,0,0,1,3,5,4,0,0,200,1,200,1,200,16,0,0,25,200
0,200,30,0,0,0,1,3,5,4,0,0,200,1,200,1,200,16,0,0,24,200
1,200,30,0,0,0,1,3,5,4,0,0,200,1,200,1,200,16,0,0,25,200
0,200,30,0,0,2,1,0,2,2,0,1,0,0,200,200,200,17,200,1,200,200
0,200,30,0,0,2,1,0,2,2,0,1,0,0,200,200,200,17,200,0,36,200
0,200,30,200,200,200,200,7,5,200,0,200,200,0,200,200,1,0,200,2,200,200
0,200,35,0,0,0,1,12,3,4,0,0,0,0,200,200,200,200,200,0,40,200
0,200,35,0,0,0,1,12,3,4,0,0,0,0,200,200,200,200,200,1,59,200
0,200,20,0,0,0,1,7,7,1,0,0,200,0,200,200,200,0,0,1,28,200
0,200,30,0,0,1,1,7,7,200,0,0,0,0,200,1,200,0,200,1,53,200
0,200,30,4,0,0,1,14,2,2,0,0,0,1,1,200,1,16,0,2,200,200
0,200,30,4,0,0,1,14,2,2,0,0,0,1,1,200,1,16,0,0,60,200
0,200,30,0,0,0,1,7,6,1,0,0,0,0,200,200,200,0,0,0,28,200
0,200,30,12,12,0,1,12,5,4,0,0,12,1,200,200,200,21,28,1,41,200
0,200,30,12,12,0,1,12,5,4,0,0,12,1,200,200,200,21,28,0,43,200
0,1,30,0,0,0,1,12,5,2,0,0,0,0,200,200,200,17,23,1,36,200
0,1,30,0,0,0,1,12,5,2,0,0,0,0,200,200,200,17,23,0,56,200
0,200,30,0,0,0,1,12,2,4,0,0,0,0,200,200,200,11,0,0,37,200
0,200,30,0,0,0,1,12,2,4,0,0,0,0,200,200,200,11,0,1,23,200
0,200,30,0,0,0,1,2,2,200,0,0,0,0,200,200,200,0,200,1,37,200
0,200,25,0,0,0,1,12,6,1,0,0,0,0,200,200,200,17,0,0,200,200
0,200,25,0,0,0,1,12,6,1,0,0,0,0,200,200,200,17,0,0,98,200
0,200,25,0,0,0,1,12,6,3,0,0,0,0,200,200,1,17,21,1,200,200
0,200,25,0,0,0,1,12,6,3,0,0,0,0,200,200,1,17,21,0,38,200
0,200,30,0,0,0,1,10,2,2,0,0,0,0,200,200,200,18,200,0,33,200
0,200,30,0,0,0,1,10,2,2,0,0,0,0,200,200,200,18,200,0,54,200
0,200,30,0,0,0,1,12,2,2,1,0,0,0,200,200,1,22,0,0,200,200
0,200,30,0,0,0,1,12,2,2,1,0,0,0,200,200,1,22,0,1,44,200
0,200,30,2,2,0,1,0,2,200,0,0,0,1,1,200,200,17,33,0,28,200
0,200,30,2,2,0,1,0,2,200,0,0,0,1,1,200,200,17,33,1,25,200
0,200,30,1,2,0,1,14,5,2,0,0,0,0,200,200,200,0,200,1,43,200
0,200,30,1,2,0,1,14,5,2,0,0,0,0,200,200,200,0,200,0,62,200
0,200,30,1,2,0,1,10,5,200,0,0,0,0,1,200,200,11,200,0,200,200
0,200,30,1,2,0,1,10,5,200,0,0,0,0,1,200,200,11,200,1,200,200
0,200,30,1,2,0,1,14,12,0,0,0,0,0,1,200,200,6,33,0,200,200
0,200,30,1,2,0,1,14,12,0,0,0,0,0,1,200,200,6,33,0,27,200
1,200,30,1,2,0,1,14,12,0,0,0,0,0,1,200,200,6,33,0,30,200
1,200,30,1,2,0,1,14,12,0,0,0,0,0,1,200,200,6,33,200,17,200
1,200,30,1,2,0,1,14,12,0,0,0,0,0,1,200,200,6,33,1,200,200
0,200,30,1,2,0,1,14,5,2,0,0,0,0,0,200,200,0,11,0,28,200
0,200,30,1,2,0,1,14,5,2,0,0,0,0,0,200,200,0,11,0,29,200
1,200,30,1,2,0,1,14,5,2,0,0,0,0,0,200,200,0,11,0,200,200
1,200,30,1,2,0,1,14,5,2,0,0,0,0,0,200,200,0,11,1,200,200
1,200,30,1,2,0,1,14,5,2,0,0,0,0,0,200,200,0,11,0,200,200
0,200,30,1,2,0,1,12,6,200,0,0,0,0,200,200,200,22,200,0,77,200
0,200,30,1,2,0,1,12,6,200,0,0,0,0,200,200,200,22,200,1,49,200
0,200,35,1,2,0,1,12,5,200,0,0,12,0,1,200,200,21,0,1,60,200
0,200,35,1,2,0,1,12,5,200,0,0,12,0,1,200,200,21,0,1,21,200
1,200,35,1,2,0,1,12,5,200,0,0,12,0,1,200,200,21,0,1,1,200
0,200,30,0,0,0,1,5,5,2,0,0,200,0,200,200,200,0,27,1,200,200
0,200,30,0,0,0,1,10,5,2,0,0,0,0,200,200,200,18,0,1,28,200
0,200,30,0,0,0,1,10,5,2,0,0,0,0,200,200,200,18,0,1,38,200
0,200,30,1,2,0,1,10,5,4,0,0,200,0,1,200,200,16,12,1,28,200
0,200,30,1,2,0,1,10,5,4,0,0,200,0,1,200,200,16,12,0,33,200
0,200,15,0,0,0,1,7,7,200,0,0,0,0,200,1,1,200,200,2,200,200
0,200,25,0,0,0,1,12,5,4,0,0,0,0,200,200,200,22,17,1,75,200
0,200,25,0,0,0,1,12,5,4,0,0,0,0,200,200,200,22,17,0,62,200
0,200,30,1,2,0,1,10,5,3,0,0,0,0,200,200,200,18,200,0,28,200
0,200,30,1,2,0,1,10,5,3,0,0,0,0,200,200,200,18,200,0,28,200
1,200,30,1,2,0,1,10,5,3,0,0,0,0,200,200,200,18,200,2,200,200
1,200,30,1,2,0,1,10,5,3,0,0,0,0,200,200,200,18,200,1,200,200
0,200,30,0,0,0,1,10,5,2,0,0,0,0,200,200,200,18,200,1,200,200
0,200,30,0,0,0,1,10,5,2,0,0,0,0,200,200,200,18,200,0,200,200
0,200,30,0,0,0,1,10,5,2,0,0,0,0,200,200,200,18,200,0,36,200
0,200,30,2,2,0,1,0,5,2,0,0,0,0,200,200,200,5,5,0,68,200
0,200,30,2,2,0,1,0,5,2,0,0,0,0,200,200,200,5,5,0,29,200
0,200,30,1,2,0,1,14,5,6,0,0,200,0,1,200,1,21,200,0,200,200
0,200,30,1,2,0,1,14,5,6,0,0,200,0,1,200,1,21,200,1,23,200
1,200,30,1,2,0,1,14,5,6,0,0,200,0,1,200,1,21,200,0,200,200
0,200,25,1,2,0,1,0,2,2,0,0,0,0,200,200,200,6,0,1,39,200
0,200,25,1,2,0,1,0,2,2,0,0,0,0,200,200,200,6,0,0,59,200
1,200,25,1,2,0,1,0,2,2,0,0,0,0,200,200,200,6,0,1,64,200
5,200,30,1,2,1,1,9,3,4,0,0,0,1,1,200,200,11,0,1,31,200
0,200,30,1,2,1,1,9,3,4,0,0,0,1,1,200,200,11,0,1,0,200
0,200,30,0,0,0,1,7,6,1,0,0,0,0,200,200,200,0,200,0,56,200
1,200,30,0,0,0,1,7,6,1,0,0,0,0,200,200,200,0,200,1,200,200
1,200,30,0,0,0,1,7,6,1,0,0,0,0,200,200,200,0,200,1,200,200
0,200,30,1,2,0,1,10,2,4,0,0,0,0,200,200,200,16,0,0,200,200
0,200,30,1,2,0,1,10,2,4,0,0,0,0,200,200,200,16,0,1,47,200
0,200,30,0,0,0,1,7,12,200,0,0,0,0,200,200,1,20,200,0,200,200
0,200,30,1,2,0,1,10,2,4,0,0,0,1,1,200,200,18,200,0,56,200
0,200,30,1,2,0,1,10,2,4,0,0,0,1,1,200,200,18,200,1,31,200
0,200,30,0,0,0,1,10,3,200,0,0,0,0,200,200,200,18,200,0,29,200
0,200,30,0,0,0,1,10,3,200,0,0,0,0,200,200,200,18,200,0,70,200
0,200,30,0,2,0,1,8,3,4,0,0,0,0,200,200,200,0,200,0,58,200
4,200,30,0,2,0,1,8,3,4,0,0,0,0,200,200,200,0,200,1,20,200
0,200,30,0,0,0,1,7,2,2,0,0,0,0,200,200,200,0,0,0,27,200
0,200,35,2,2,0,1,10,5,4,0,0,0,0,200,200,200,18,0,1,48,200
0,200,35,2,2,0,1,10,5,4,0,0,0,0,200,200,200,18,0,0,64,200
0,200,30,1,2,0,1,10,5,4,0,0,0,0,1,200,1,18,16,0,200,200
0,200,30,1,2,0,1,10,5,4,0,0,0,0,1,200,1,18,16,1,200,200
0,200,30,1,2,0,1,14,1,2,0,0,0,1,1,200,200,23,200,0,63,200
0,200,30,1,2,0,1,14,1,2,0,0,0,1,1,200,200,23,200,1,28,200
1,200,30,1,2,0,1,14,1,2,0,0,0,1,1,200,200,23,200,1,5,200
1,200,30,1,2,0,1,14,1,2,0,0,0,1,1,200,200,23,200,1,62,200
0,200,30,1,2,0,1,14,3,4,0,0,0,1,1,200,200,16,6,0,55,200
0,200,30,1,2,0,1,14,3,4,0,0,0,1,1,200,200,16,6,1,26,200
0,200,30,1,2,0,1,10,5,2,0,0,0,0,1,200,200,18,200,0,32,200
0,200,30,1,2,0,1,10,5,2,0,0,0,0,1,200,200,18,200,1,46,200
0,200,30,1,200,0,1,12,5,2,0,0,0,0,200,200,200,21,200,1,22,200
0,200,30,1,200,0,1,12,5,2,0,0,0,0,200,200,200,21,200,0,53,200
1,200,30,1,200,0,1,12,5,2,0,0,0,0,200,200,200,21,200,1,200,200
1,200,30,1,200,0,1,12,5,2,0,0,0,0,200,200,200,21,200,0,200,200
0,200,30,0,0,0,1,7,5,200,0,0,0,0,200,200,200,0,200,0,42,200
0,200,30,1,2,0,1,12,2,4,0,0,0,0,1,200,200,21,200,0,16,200
0,200,30,1,2,0,1,12,2,4,0,0,0,0,1,200,200,21,200,1,47,200
0,200,25,0,0,0,1,7,5,2,0,0,0,0,200,200,1,0,200,2,200,200
0,200,30,0,0,0,1,14,5,2,0,0,0,0,1,200,200,0,0,1,200,200
0,200,30,0,0,0,1,14,5,2,0,0,0,0,1,200,200,0,0,0,200,200
0,200,30,0,0,200,200,7,6,200,0,0,200,0,200,200,1,0,0,2,200,200
0,200,30,0,0,0,1,7,6,2,0,0,0,0,200,200,1,0,0,2,200,200
0,200,30,0,0,0,1,5,5,200,0,0,0,0,200,200,200,23,23,0,200,200
0,200,30,0,0,0,1,5,5,200,0,0,0,0,200,200,200,23,23,1,33,200
1,200,30,0,0,0,1,5,5,200,0,0,0,0,200,200,200,23,23,200,200,200
0,200,30,0,0,0,1,10,5,200,0,0,0,0,200,200,200,0,0,0,200,200
0,200,30,0,0,0,1,10,5,200,0,0,0,0,200,200,200,0,0,0,44,200
0,200,30,0,0,0,1,7,5,200,0,0,0,0,200,200,0,0,11,2,200,200
0,200,0,0,0,0,1,7,7,200,0,0,200,0,200,200,1,0,0,1,200,200
0,200,30,0,0,0,1,7,6,1,0,0,0,0,200,200,200,12,200,0,200,200
1,200,30,0,0,0,1,7,6,1,0,0,0,0,200,200,200,12,200,0,56,200
0,200,30,0,0,0,2,11,5,2,0,0,0,1,200,200,200,21,200,0,62,200
0,200,30,0,0,0,2,11,5,2,0,0,0,1,200,200,200,21,200,1,54,200
0,200,30,0,0,0,1,7,2,2,0,0,0,1,200,200,1,0,200,2,200,200
0,200,30,1,2,0,1,10,5,4,0,200,200,1,1,200,1,16,0,0,200,200
0,200,30,1,2,0,1,10,5,4,0,200,200,1,1,200,1,16,0,1,41,200
1,200,30,1,2,0,1,10,5,4,0,200,200,1,1,200,1,16,0,0,38,200
1,200,30,1,2,0,1,10,5,4,0,200,200,1,1,200,1,16,0,0,3,200
1,200,30,1,2,0,1,10,5,4,0,200,200,1,1,200,1,16,0,0,10,200
1,200,30,1,2,0,1,10,5,4,0,200,200,1,1,200,1,16,0,1,7,200
0,200,25,0,0,0,1,0,5,200,0,0,0,1,200,200,200,8,200,0,69,200
0,200,25,0,0,0,1,0,5,200,0,0,0,1,200,200,200,8,200,1,60,200
0,200,30,2,2,0,1,0,12,0,0,0,0,0,1,200,200,17,16,1,20,200
0,200,30,2,2,0,1,0,12,0,0,0,0,0,1,200,200,17,16,1,54,200
0,200,25,0,0,0,1,3,5,2,0,0,0,1,200,200,200,22,200,0,0,200
0,200,25,0,0,0,1,3,5,2,0,0,0,1,200,200,200,22,200,0,31,200
1,200,25,0,0,0,1,3,5,2,0,0,0,1,200,200,200,22,200,0,61,200
0,200,30,0,0,0,1,7,3,2,0,0,0,0,200,200,200,11,200,0,37,200
0,200,30,1,2,1,1,10,5,4,0,0,0,0,1,200,200,18,11,1,51,200
0,200,30,1,2,1,1,10,5,4,0,0,0,0,1,200,200,18,11,0,59,200
0,200,35,0,0,0,1,10,5,2,0,0,0,0,200,200,200,18,200,0,36,200
0,200,35,0,0,0,1,10,5,2,0,0,0,0,200,200,200,18,200,0,24,200
0,200,25,0,0,0,1,12,2,2,0,0,0,0,200,200,1,0,0,0,200,200
0,200,25,0,0,0,1,12,2,2,0,0,0,0,200,200,1,0,0,1,36,200
0,200,30,0,0,0,1,10,2,4,0,0,0,0,200,200,1,20,25,2,200,200
0,200,30,0,0,0,1,10,2,4,0,0,0,0,200,200,1,20,25,0,39,200
0,200,30,0,0,0,1,10,2,2,0,0,200,1,200,200,200,18,18,1,21,200
0,200,30,0,0,0,1,10,2,2,0,0,200,1,200,200,200,18,18,0,22,200
1,200,30,0,0,0,1,10,2,2,0,0,200,1,200,200,200,18,18,0,28,200
1,200,30,0,0,0,1,10,2,2,0,0,200,1,200,200,200,18,18,0,1,200
0,200,30,1,2,0,1,10,5,200,0,1,0,0,200,200,1,200,200,0,200,200
0,200,30,1,2,0,1,10,5,200,0,1,0,0,200,200,1,200,200,0,32,200
0,200,30,1,200,0,1,12,5,4,0,0,200,0,200,200,200,0,0,0,200,200
0,200,30,1,200,0,1,12,5,4,0,0,200,0,200,200,200,0,0,1,31,200
0,200,15,0,0,0,1,7,2,2,0,0,0,0,200,200,200,0,200,0,57,200
4,200,30,1,2,0,1,8,5,2,0,200,200,0,200,200,200,18,22,0,200,200
0,200,30,1,2,0,1,8,5,2,0,200,200,0,200,200,200,18,22,0,60,200
0,200,30,1,2,0,1,10,5,200,0,0,0,0,200,200,200,0,200,1,41,200
0,200,30,1,2,0,1,10,5,200,0,0,0,0,200,200,200,0,200,1,200,200
1,200,30,1,2,0,1,10,5,200,0,0,0,0,200,200,200,0,200,1,14,200
1,200,30,1,2,0,1,10,5,200,0,0,0,0,200,200,200,0,200,0,3,200
1,200,30,1,2,0,1,10,5,200,0,0,0,0,200,200,200,0,200,0,200,200
0,200,30,1,2,0,1,14,5,3,0,0,200,0,200,200,200,200,200,0,55,200
0,200,30,1,2,0,1,14,5,3,0,0,200,0,200,200,200,200,200,1,24,200
0,200,30,1,2,0,1,10,3,4,0,0,200,0,200,200,1,16,18,0,200,200
0,200,30,1,2,0,1,10,3,4,0,0,200,0,200,200,1,16,18,1,19,200
1,200,30,1,2,0,1,10,3,4,0,0,200,0,200,200,1,16,18,1,19,200
1,200,30,1,2,0,1,10,3,4,0,0,200,0,200,200,1,16,18,1,12,200
1,200,30,1,2,0,1,10,3,4,0,0,200,0,200,200,1,16,18,1,14,200
0,200,30,2,2,0,1,10,5,2,0,0,0,0,1,200,200,0,0,1,200,200
0,200,30,2,2,0,1,10,5,2,0,0,0,0,1,200,200,0,0,0,200,200
0,200,30,0,0,0,1,12,5,2,0,0,0,0,200,200,1,21,200,0,200,200
0,200,30,0,0,0,1,12,5,2,0,0,0,0,200,200,1,21,200,0,46,200
0,200,30,0,0,0,1,0,5,1,0,0,0,0,200,200,200,17,200,0,200,200
0,200,30,0,0,0,1,0,5,1,0,0,0,0,200,200,200,17,200,1,44,200
1,200,30,0,0,0,1,0,5,1,0,0,0,0,200,200,200,17,200,1,14,200
0,200,25,0,0,0,1,7,2,2,0,0,0,0,200,200,1,0,0,2,200,200
0,200,30,1,2,0,1,0,12,200,0,0,200,1,1,200,200,0,200,1,38,200
0,200,30,1,2,0,1,0,12,200,0,0,200,1,1,200,200,0,200,1,31,200
0,200,30,1,2,0,1,0,12,200,0,0,200,1,1,200,200,0,200,1,21,200
1,200,30,1,2,0,1,0,12,200,0,0,200,1,1,200,200,0,200,0,8,200
1,200,30,1,2,0,1,0,12,200,0,0,200,1,1,200,200,0,200,1,19,200
1,200,30,1,2,0,1,0,12,200,0,0,200,1,1,200,200,0,200,1,22,200
0,200,30,0,0,1,1,12,5,4,0,0,0,0,200,200,200,21,17,0,36,200
0,200,30,0,0,1,1,12,5,4,0,0,0,0,200,200,200,21,17,1,50,200
0,200,30,0,3,0,1,14,3,1,0,0,0,0,200,200,200,0,200,1,47,200
0,200,30,0,3,0,1,14,3,1,0,0,0,0,200,200,200,0,200,0,34,200
0,200,30,200,200,0,1,10,5,200,0,200,200,0,200,200,200,0,200,0,39,200
0,200,30,200,200,0,1,10,5,200,0,200,200,0,200,200,200,0,200,1,62,200
0,200,30,1,2,0,1,10,3,4,0,0,0,0,1,200,200,22,200,0,33,200
0,200,30,1,2,0,1,10,3,4,0,0,0,0,1,200,200,22,200,0,57,200
1,200,30,1,2,0,1,10,3,4,0,0,0,0,1,200,200,22,200,1,200,200
0,200,30,0,0,0,1,7,5,200,0,0,0,0,200,200,1,11,200,1,200,200
0,200,30,1,2,0,1,12,2,4,0,0,0,0,1,200,200,22,200,0,63,200
0,200,30,1,2,0,1,12,2,4,0,0,0,0,1,200,200,22,200,0,63,200
0,200,30,1,2,0,1,10,3,4,0,0,0,0,1,200,200,18,200,0,34,200
0,200,30,1,2,0,1,10,3,4,0,0,0,0,1,200,200,18,200,1,49,200
0,200,30,200,200,200,200,10,5,2,0,200,200,0,200,200,200,0,200,0,33,200
0,200,30,200,200,200,200,10,5,2,0,200,200,0,200,200,200,0,200,0,22,200
0,200,30,1,2,2,1,10,5,2,0,1,0,0,200,200,200,18,200,1,64,200
0,200,30,1,2,2,1,10,5,2,0,1,0,0,200,200,200,18,200,0,200,200
0,200,30,0,0,2,1,14,5,2,0,1,0,1,200,200,200,17,200,0,46,200
0,200,30,0,0,2,1,14,5,2,0,1,0,1,200,200,200,17,200,0,31,200
1,200,30,0,0,2,1,14,5,2,0,1,0,1,200,200,200,17,200,0,46,200
0,200,30,0,0,2,3,14,5,2,0,1,0,1,1,200,200,21,25,0,18,200
0,200,30,0,0,2,3,14,5,2,0,1,0,1,1,200,200,21,25,1,58,200
1,200,30,0,0,2,3,14,5,2,0,1,0,1,1,200,200,21,25,1,10,200
0,200,30,0,0,0,1,0,5,2,0,0,0,0,200,200,200,17,17,0,20,200
0,200,30,0,0,0,1,0,5,2,0,0,0,0,200,200,200,17,17,0,61,200
0,200,35,0,0,2,4,2,5,2,0,1,0,1,200,200,200,0,0,2,200,200
1,200,35,0,0,2,4,2,5,2,0,1,0,1,200,200,200,0,0,0,47,200
0,200,30,0,0,1,1,10,6,200,0,0,200,0,200,200,200,0,0,1,200,200
0,200,30,0,0,1,1,10,6,200,0,0,200,0,200,200,200,0,0,1,38,200
0,200,30,0,0,2,1,7,7,0,0,1,0,0,200,200,1,20,200,2,200,200
1,200,30,0,0,2,1,7,7,0,0,1,0,0,200,200,1,20,200,0,200,200
0,200,30,0,0,2,1,12,6,2,0,1,0,0,200,200,200,11,0,0,200,200
0,200,30,0,0,2,1,12,6,2,0,1,0,0,200,200,200,11,0,0,24,200
0,200,30,0,0,2,3,7,5,2,0,1,200,0,200,200,200,16,200,0,59,200
0,200,30,0,0,0,1,10,6,1,0,0,200,1,200,200,200,18,18,0,42,200
0,200,30,0,0,0,1,10,6,1,0,0,200,1,200,200,200,18,18,1,36,200
1,200,30,0,0,0,1,10,6,1,0,0,200,1,200,200,200,18,18,0,12,200
4,200,30,0,3,2,4,8,5,200,0,1,0,1,200,200,200,33,0,0,52,200
0,200,30,0,0,2,2,7,5,2,0,1,0,0,200,200,200,0,200,0,77,200
1,200,30,0,0,2,2,7,5,2,0,1,0,0,200,200,200,0,200,0,200,200
0,200,30,0,200,2,1,10,5,200,0,1,0,0,200,200,200,0,200,1,26,200
0,200,30,0,200,2,1,10,5,200,0,1,0,0,200,200,200,0,200,1,27,200
0,200,35,0,0,2,1,12,5,200,0,1,0,0,200,200,200,21,11,1,20,200
0,200,35,0,0,2,1,12,5,200,0,1,0,0,200,200,200,21,11,0,59,200
0,200,30,1,2,1,4,10,1,3,0,0,0,0,1,200,200,18,200,0,30,200
0,200,30,1,2,1,4,10,1,3,0,0,0,0,1,200,200,18,200,0,45,200
0,200,30,1,2,1,4,10,1,3,0,0,0,0,1,200,200,18,200,1,23,200
1,200,30,1,2,1,4,10,1,3,0,0,0,0,1,200,200,18,200,0,26,200
1,200,30,1,2,1,4,10,1,3,0,0,0,0,1,200,200,18,200,0,26,200
0,200,30,1,0,2,1,10,5,200,0,1,0,0,200,200,1,17,18,1,200,200
0,200,30,1,0,2,1,10,5,200,0,1,0,0,200,200,1,17,18,1,32,200
1,200,30,1,0,2,1,10,5,200,0,1,0,0,200,200,1,17,18,0,34,200
0,200,30,200,200,0,1,12,5,200,0,0,200,0,200,200,200,0,200,0,41,200
0,200,30,200,200,0,1,12,5,200,0,0,200,0,200,200,200,0,200,1,51,200
0,200,30,0,0,0,1,7,2,4,0,200,200,0,200,200,1,11,16,2,200,200
1,200,30,0,0,0,1,7,2,4,0,200,200,0,200,200,1,11,16,0,34,200
1,200,30,0,0,0,1,7,2,4,0,200,200,0,200,200,1,11,16,0,55,200
0,200,30,1,2,2,1,10,5,2,0,1,0,1,200,200,200,34,18,0,49,200
0,200,30,1,2,2,1,10,5,2,0,1,0,1,200,200,200,34,18,0,60,200
0,200,30,1,2,2,1,14,2,200,0,1,0,0,1,200,200,23,200,1,39,200
0,200,30,1,2,2,1,14,2,200,0,1,0,0,1,200,200,23,200,1,34,200
0,200,30,0,0,2,1,14,5,2,0,1,0,1,200,200,200,0,200,0,45,200
0,200,30,0,0,2,1,14,5,2,0,1,0,1,200,200,200,0,200,0,27,200
1,200,30,0,0,2,1,14,5,2,0,1,0,1,200,200,200,0,200,200,200,200
1,200,30,0,0,2,1,14,5,2,0,1,0,1,200,200,200,0,200,200,200,200
0,200,25,1,2,2,3,8,5,2,0,1,0,1,1,200,200,0,0,0,54,200
4,200,25,1,2,2,3,8,5,2,0,1,0,1,1,200,200,0,0,0,33,200
1,200,25,1,2,2,3,8,5,2,0,1,0,1,1,200,200,0,0,1,26,200
0,200,25,1,2,2,3,9,5,200,0,1,0,1,1,200,200,33,7,0,32,200
5,200,25,1,2,2,3,9,5,200,0,1,0,1,1,200,200,33,7,1,30,200
1,200,25,1,2,2,3,9,5,200,0,1,0,1,1,200,200,33,7,200,200,200
1,200,25,1,2,2,3,9,5,200,0,1,0,1,1,200,200,33,7,200,200,200
1,200,25,1,2,2,3,9,5,200,0,1,0,1,1,200,200,33,7,200,200,200
0,200,25,0,0,0,1,0,2,4,0,0,0,0,200,200,200,0,0,0,33,200
0,200,25,0,0,0,1,0,2,4,0,0,0,0,200,200,200,0,0,1,47,200
0,200,30,0,0,2,4,0,5,1,0,1,0,0,200,200,200,17,16,1,20,200
0,200,30,0,0,2,4,0,5,1,0,1,0,0,200,200,200,17,16,0,41,200
1,200,30,0,0,2,4,0,5,1,0,1,0,0,200,200,200,17,16,1,200,200
0,200,30,1,2,0,1,0,5,2,0,0,0,0,200,200,200,17,0,2,200,200
0,200,30,1,2,0,1,0,5,2,0,0,0,0,200,200,200,17,0,0,32,200
0,200,35,0,0,2,0,7,5,200,0,1,0,1,200,200,200,16,200,1,30,200
1,200,35,0,0,2,0,7,5,200,0,1,0,1,200,200,200,16,200,1,200,200
1,200,35,0,0,2,0,7,5,200,0,1,0,1,200,200,200,16,200,0,200,200
0,200,35,0,0,2,2,6,3,2,0,1,0,1,200,200,0,16,34,2,200,200
0,200,30,0,0,2,1,10,5,2,0,0,0,0,200,200,200,0,200,0,33,200
0,200,30,0,0,2,1,10,5,2,0,0,0,0,200,200,200,0,200,0,36,200
0,200,35,0,0,2,3,14,2,4,0,1,0,0,200,200,200,34,34,1,36,200
0,200,35,0,0,2,3,14,2,4,0,1,0,0,200,200,200,34,34,1,25,200
0,0,30,1,2,0,4,10,5,200,0,1,0,0,1,200,200,200,18,0,35,200
0,0,30,1,2,0,4,10,5,200,0,1,0,0,1,200,200,200,18,1,52,200
0,200,30,1,2,0,1,12,5,2,0,0,0,0,200,200,200,0,0,1,25,200
0,200,30,1,2,0,1,12,5,2,0,0,0,0,200,200,200,0,0,1,53,200
4,200,30,0,0,0,1,8,12,2,0,0,0,0,200,200,1,0,200,0,200,200
1,200,30,0,0,0,1,8,12,2,0,0,0,0,200,200,1,0,200,0,200,200
0,200,30,1,2,0,1,0,5,200,0,0,0,0,200,200,200,6,200,0,54,200
0,200,30,1,2,0,1,0,5,200,0,0,0,0,200,200,200,6,200,0,25,200
0,200,35,0,0,2,4,0,2,4,0,1,0,1,200,200,1,17,200,0,200,200
0,200,35,0,0,2,4,0,2,4,0,1,0,1,200,200,1,17,200,1,56,200
0,200,30,1,2,2,1,14,5,4,0,1,200,1,1,200,1,17,11,0,200,200
0,200,30,1,2,2,1,14,5,4,0,1,200,1,1,200,1,17,11,0,25,200
1,200,30,1,2,2,1,14,5,4,0,1,200,1,1,200,1,17,11,200,200,200
0,200,35,0,0,2,1,12,5,2,0,1,0,0,200,200,200,23,34,1,25,200
0,200,35,0,0,2,1,12,5,2,0,1,0,0,200,200,200,23,34,0,56,200
0,200,30,7,2,2,1,10,2,4,0,1,0,0,1,200,200,18,34,1,49,200
0,200,30,7,2,2,1,10,2,4,0,1,0,0,1,200,200,18,34,0,35,200
0,200,25,0,0,2,3,9,5,2,0,1,0,1,200,200,1,17,200,2,200,200
5,200,25,0,0,2,3,9,5,2,0,1,0,1,200,200,1,17,200,1,11,200
0,200,30,200,200,200,200,9,2,1,0,200,200,1,1,200,1,0,0,1,200,200
5,200,30,200,200,200,200,9,2,1,0,200,200,1,1,200,1,0,0,1,18,200
0,200,30,1,2,2,3,2,5,0,0,1,0,1,1,200,200,34,0,1,32,200
1,200,30,1,2,2,3,2,5,0,0,1,0,1,1,200,200,34,0,1,11,200
0,200,30,0,0,0,3,6,7,0,0,1,0,1,200,1,200,11,34,1,32,200
1,200,30,0,0,0,3,6,7,0,0,1,0,1,200,1,200,11,34,0,37,200
1,200,30,0,0,0,3,6,7,0,0,1,0,1,200,1,200,11,34,2,3,200
1,200,30,0,0,0,3,6,7,0,0,1,0,1,200,1,200,11,34,1,9,200
1,200,30,0,0,0,3,6,7,0,0,1,0,1,200,1,200,11,34,2,5,200
0,200,20,0,0,2,3,7,5,2,0,1,200,0,200,200,200,34,20,1,53,200
0,200,30,200,200,200,200,12,5,200,0,200,200,0,200,200,200,0,200,1,26,200
0,200,30,200,200,200,200,12,5,200,0,200,200,0,200,200,200,0,200,1,28,200
0,200,30,200,200,200,200,7,2,4,0,200,0,0,200,200,200,17,0,0,26,200
0,200,10,0,0,0,1,7,12,200,0,200,200,0,200,0,1,0,200,2,200,200
0,200,30,0,0,0,4,10,6,200,0,0,0,0,200,200,200,22,200,0,55,200
0,200,30,0,0,0,4,10,6,200,0,0,0,0,200,200,200,22,200,0,28,200