PERSON_TYPE,CRASH_DATE_EST_I,POSTED_SPEED_LIMIT,TRAFFIC_CONTROL_DEVICE,DEVICE_CONDITION,WEATHER_CONDITION,LIGHTING_CONDITION,FIRST_CRASH_TYPE,TRAFFICWAY_TYPE,LANE_CNT,ALIGNMENT,ROADWAY_SURFACE_COND,ROAD_DEFECT,CRASH_TYPE,INTERSECTION_RELATED_I,NOT_RIGHT_OF_WAY_I,HIT_AND_RUN_I,PRIM_CONTRIBUTORY_CAUSE,SEC_CONTRIBUTORY_CAUSE,SEX,AGE,BAC_RESULT VALUE
0,200,40,3,200,2,3,12,3,8,0,1,200,0,200,200,200,0,200,0,200,200
0,200,40,3,200,2,3,12,3,8,0,1,200,0,200,200,200,0,200,0,21,200
1,200,40,3,200,2,3,12,3,8,0,1,200,0,200,200,200,0,200,0,20,200
1,200,40,3,200,2,3,12,3,8,0,1,200,0,200,200,200,0,200,1,21,200
1,200,40,3,200,2,3,12,3,8,0,1,200,0,200,200,200,0,200,0,20,200
5,200,30,0,0,2,3,9,5,2,0,1,0,1,200,200,0,0,0,1,65,200
0,200,30,0,0,2,3,9,5,2,0,1,0,1,200,200,0,0,0,0,200,200
0,200,30,1,1,2,3,10,5,200,0,1,0,0,200,200,200,0,0,0,23,200
0,200,30,1,1,2,3,10,5,200,0,1,0,0,200,200,200,0,0,0,37,200
0,200,30,0,0,0,2,2,3,2,0,0,0,1,200,200,200,0,200,0,24,200
0,200,30,1,2,2,3,14,5,4,0,1,200,0,1,200,200,17,200,0,21,200
0,200,30,1,2,2,3,14,5,4,0,1,200,0,1,200,200,17,200,0,22,200
0,200,30,0,0,2,3,2,5,200,0,1,200,1,200,200,200,15,200,0,58,200
0,200,35,1,2,0,3,7,5,2,0,1,0,0,200,200,1,0,0,2,200,200
0,200,30,0,0,1,4,7,5,2,0,1,0,1,200,200,200,25,34,0,18,200
1,200,30,0,0,1,4,7,5,2,0,1,0,1,200,200,200,25,34,200,200,200
0,200,30,1,200,2,3,10,5,200,0,1,200,0,200,200,200,18,200,0,37,200
0,200,30,1,200,2,3,10,5,200,0,1,200,0,200,200,200,18,200,0,56,200
0,200,30,1,200,2,3,10,5,200,0,1,200,0,200,200,200,18,200,1,54,200
0,200,30,0,0,2,3,7,6,1,0,1,0,0,200,200,1,20,0,1,30,200
5,200,30,0,0,2,3,9,5,4,2,1,0,1,1,200,200,23,34,0,20,200
0,200,30,0,0,2,3,9,5,4,2,1,0,1,1,200,200,23,34,0,32,200
1,200,30,0,0,2,3,9,5,4,2,1,0,1,1,200,200,23,34,200,200,200
0,200,30,0,0,0,1,2,5,1,0,0,0,0,200,200,200,0,0,2,200,200
0,200,30,0,0,2,0,4,12,200,0,1,1,0,200,1,200,0,0,0,66,200
3,200,30,0,0,2,0,4,12,200,0,1,1,0,200,1,200,0,0,200,200,200
0,200,35,1,2,2,3,10,5,2,0,1,12,0,1,200,1,0,0,0,200,200
0,200,35,1,2,2,3,10,5,2,0,1,12,0,1,200,1,0,0,1,60,200
1,200,35,1,2,2,3,10,5,2,0,1,12,0,1,200,1,0,0,1,54,200
0,200,30,0,0,2,3,6,3,200,3,1,0,1,200,200,200,0,200,2,200,200
0,1,30,1,2,2,3,14,5,200,0,1,200,0,200,200,200,17,21,0,82,200
0,1,30,1,2,2,3,14,5,200,0,1,200,0,200,200,200,17,21,1,49,200
0,200,25,0,0,2,0,2,7,200,0,1,0,0,200,0,200,34,200,0,26,200
1,200,25,0,0,2,0,2,7,200,0,1,0,0,200,0,200,34,200,200,200,200
0,200,35,0,0,0,0,7,5,4,0,1,0,1,1,200,200,14,14,1,58,200
0,200,30,200,200,200,3,12,5,200,0,1,200,0,200,200,1,23,200,0,46,200
0,200,30,200,200,200,3,12,5,200,0,1,200,0,200,200,1,23,200,0,48,200
0,200,30,1,2,0,3,14,2,1,0,0,0,1,0,200,200,14,21,0,17,200
0,200,30,1,2,0,3,14,2,1,0,0,0,1,0,200,200,14,21,0,24,200
0,200,30,1,2,0,0,10,2,4,0,1,0,1,200,200,200,32,16,1,41,0.2
0,200,30,1,2,0,0,10,2,4,0,1,0,1,200,200,200,32,16,0,27,200
1,200,30,1,2,0,0,10,2,4,0,1,0,1,200,200,200,32,16,0,18,200
1,200,30,1,2,0,0,10,2,4,0,1,0,1,200,200,200,32,16,0,23,200
1,200,30,1,2,0,0,10,2,4,0,1,0,1,200,200,200,32,16,1,19,200
1,200,30,1,2,0,0,10,2,4,0,1,0,1,200,200,200,32,16,0,37,200
0,200,40,0,0,0,3,2,5,2,0,1,0,1,200,200,200,1,0,0,37,200
0,200,30,1,2,2,0,14,5,200,0,1,0,0,1,200,200,17,200,0,35,200
0,200,30,1,2,2,0,14,5,200,0,1,0,0,1,200,200,17,200,0,38,200
0,200,30,0,0,0,3,10,5,200,0,0,0,0,200,200,200,18,200,0,38,200
0,200,30,0,0,0,3,10,5,200,0,0,0,0,200,200,200,18,200,1,44,200
0,200,30,1,2,2,3,10,3,200,0,1,0,0,1,200,200,0,200,0,28,200
0,200,30,1,2,2,3,10,3,200,0,1,0,0,1,200,200,0,200,1,200,200
0,200,30,0,0,0,3,7,5,2,0,1,0,1,200,200,1,16,15,0,200,200
1,200,30,0,0,0,3,7,5,2,0,1,0,1,200,200,1,16,15,0,16,200
1,200,30,0,0,0,3,7,5,2,0,1,0,1,200,200,1,16,15,1,14,200
1,200,30,0,0,0,3,7,5,2,0,1,0,1,200,200,1,16,15,0,33,200
1,200,30,0,0,0,3,7,5,2,0,1,0,1,200,200,1,16,15,1,16,200
0,200,30,0,0,2,3,12,2,1,0,1,200,1,200,200,200,22,10,0,51,200
0,200,30,0,0,2,3,12,2,1,0,1,200,1,200,200,200,22,10,1,51,200
0,200,40,0,0,2,3,12,3,4,0,1,0,0,200,200,200,34,25,0,39,200
0,200,40,0,0,2,3,12,3,4,0,1,0,0,200,200,200,34,25,0,46,200
0,200,35,1,2,0,3,0,5,4,0,1,0,1,1,200,1,6,0,0,200,200
0,200,35,1,2,0,3,0,5,4,0,1,0,1,1,200,1,6,0,0,57,200
0,200,30,1,2,2,0,2,2,4,3,1,0,1,200,200,1,0,200,0,200,200
1,200,30,1,2,2,0,2,2,4,3,1,0,1,200,200,1,0,200,1,26,200
0,200,30,1,2,2,3,14,2,7,0,1,0,0,0,200,200,0,0,0,23,200
0,200,30,1,2,2,3,14,2,7,0,1,0,0,0,200,200,0,0,0,43,200
0,200,25,0,0,2,200,12,3,3,3,1,0,1,200,200,200,34,200,0,23,200
0,200,25,0,0,2,200,12,3,3,3,1,0,1,200,200,200,34,200,0,26,200
0,1,30,1,2,2,3,14,2,2,0,1,0,1,1,200,200,17,34,0,62,200
0,1,30,1,2,2,3,14,2,2,0,1,0,1,1,200,200,17,34,0,47,200
0,200,30,1,2,2,3,2,2,2,0,1,0,1,1,200,200,0,200,2,200,200
1,200,30,1,2,2,3,2,2,2,0,1,0,1,1,200,200,0,200,1,21,200
1,200,30,1,2,2,3,2,2,2,0,1,0,1,1,200,200,0,200,200,22,200
1,200,30,1,2,2,3,2,2,2,0,1,0,1,1,200,200,0,200,1,19,200
0,200,30,1,2,2,3,0,2,4,0,1,0,0,1,200,1,16,34,0,200,200
0,200,30,1,2,2,3,0,2,4,0,1,0,0,1,200,1,16,34,1,39,200
1,200,30,1,2,2,3,0,2,4,0,1,0,0,1,200,1,16,34,0,36,200
0,200,30,1,2,2,3,12,5,200,0,1,0,0,200,200,200,18,22,0,44,200
0,200,30,1,2,2,3,12,5,200,0,1,0,0,200,200,200,18,22,0,34,200
0,200,30,1,2,2,2,10,3,6,0,1,0,1,200,200,200,34,34,0,30,200
0,200,30,1,2,2,2,10,3,6,0,1,0,1,200,200,200,34,34,0,41,200
0,200,30,0,0,2,1,14,5,2,0,1,0,1,200,200,200,34,0,1,22,200
0,200,30,0,0,2,1,14,5,2,0,1,0,1,200,200,200,34,0,1,34,200
0,1,25,0,0,2,1,7,5,1,0,1,0,0,200,200,1,0,0,2,200,200
0,200,30,1,2,2,1,14,5,8,0,1,0,1,1,200,200,17,200,0,23,200
0,200,30,1,2,2,1,14,5,8,0,1,0,1,1,200,200,17,200,0,52,200
0,200,30,1,2,0,2,14,5,6,0,0,0,1,1,200,200,0,200,0,71,200
0,200,30,1,2,0,2,14,5,6,0,0,0,1,1,200,200,0,200,0,33,200
0,200,30,1,2,0,1,10,2,4,0,0,0,1,200,200,200,18,200,1,39,200
0,200,30,1,2,0,1,10,2,4,0,0,0,1,200,200,200,18,200,0,55,200
0,200,35,1,2,2,1,10,2,4,0,1,0,1,1,200,200,16,6,0,31,200
0,200,35,1,2,2,1,10,2,4,0,1,0,1,1,200,200,16,6,0,66,200
0,200,30,3,0,2,1,9,5,4,0,1,200,1,200,200,200,200,200,1,36,200
5,200,30,3,0,2,1,9,5,4,0,1,200,1,200,200,200,200,200,1,20,200
0,200,30,1,2,0,1,14,2,2,0,0,0,0,1,200,200,23,23,0,51,200
0,200,30,1,2,0,1,14,2,2,0,0,0,0,1,200,200,23,23,0,34,200
0,200,0,0,0,2,1,10,2,200,0,1,0,1,200,200,200,8,200,1,45,200
0,200,0,0,0,2,1,10,2,200,0,1,0,1,200,200,200,8,200,1,28,200
0,200,0,0,0,2,1,10,2,200,0,1,0,1,200,200,200,8,200,1,39,200
0,200,30,1,2,0,1,10,5,6,0,0,200,0,200,200,200,16,200,0,47,200
0,200,30,1,2,0,1,10,5,6,0,0,200,0,200,200,200,16,200,1,39,200
0,200,30,0,0,0,1,10,5,200,0,0,0,0,200,200,200,18,18,0,28,200
0,200,30,0,0,0,1,10,5,200,0,0,0,0,200,200,200,18,18,0,24,200
0,200,30,0,0,0,1,10,5,200,0,0,0,0,200,200,200,18,18,0,25,200
0,200,30,1,2,200,3,12,3,200,0,200,0,0,200,200,1,22,22,0,200,200
0,200,30,1,2,200,3,12,3,200,0,200,0,0,200,200,1,22,22,1,45,200
0,200,30,0,0,2,3,0,5,4,0,1,0,1,200,200,200,17,200,0,32,200
0,200,30,0,0,2,3,0,5,4,0,1,0,1,200,200,200,17,200,1,30,200
1,200,30,0,0,2,3,0,5,4,0,1,0,1,200,200,200,17,200,1,200,200
1,200,30,0,0,2,3,0,5,4,0,1,0,1,200,200,200,17,200,1,13,200
0,1,30,0,0,200,200,7,2,2,0,200,0,0,200,200,1,0,200,2,200,200
0,200,30,2,2,1,1,7,2,4,0,1,0,0,200,200,200,17,200,0,58,200
1,200,30,2,2,1,1,7,2,4,0,1,0,0,200,200,200,17,200,1,25,200
0,200,30,0,0,0,1,7,5,2,0,12,12,0,200,200,200,0,0,1,32,200
0,200,30,1,200,0,2,10,5,200,0,0,200,0,200,200,200,16,200,1,200,200
0,200,30,1,200,0,2,10,5,200,0,0,200,0,200,200,200,16,200,0,47,200
0,200,30,0,0,0,1,7,6,1,0,0,0,0,200,200,1,0,0,2,200,200
0,200,30,1,2,2,1,10,5,4,0,1,0,0,200,200,200,18,16,0,200,200
0,200,30,1,2,2,1,10,5,4,0,1,0,0,200,200,200,18,16,1,55,200
5,200,30,1,2,2,2,9,3,3,0,1,0,1,1,200,200,17,34,1,28,200
0,200,30,1,2,2,2,9,3,3,0,1,0,1,1,200,200,17,34,1,55,200
0,200,30,1,2,0,1,10,2,6,0,1,0,1,1,200,200,16,34,0,52,200
0,200,30,1,2,0,1,10,2,6,0,1,0,1,1,200,200,16,34,1,38,200
0,200,30,0,0,0,1,12,5,200,0,0,0,0,200,200,200,0,0,1,41,200
0,200,30,0,0,0,1,12,5,200,0,0,0,0,200,200,200,0,0,1,55,200
1,200,30,0,0,0,1,12,5,200,0,0,0,0,200,200,200,0,0,1,55,200
0,200,30,1,2,0,1,10,3,4,0,1,0,0,200,200,200,34,0,0,37,200
0,200,30,1,2,0,1,10,3,4,0,1,0,0,200,200,200,34,0,0,42,200
0,200,30,3,2,2,1,0,2,4,0,1,0,0,1,200,1,10,200,0,200,200
0,200,30,3,2,2,1,0,2,4,0,1,0,0,1,200,1,10,200,1,31,200
0,200,20,12,2,1,1,4,6,1,0,0,12,0,200,200,200,28,3,1,20,200
0,200,30,1,2,1,1,10,5,200,0,0,0,0,200,200,1,20,200,1,200,200
0,200,30,1,2,1,1,10,5,200,0,0,0,0,200,200,1,20,200,1,30,200
0,200,30,1,2,2,1,12,2,3,0,1,0,0,200,200,1,34,15,2,200,200
0,200,30,1,2,2,1,12,2,3,0,1,0,0,200,200,1,34,15,0,55,200
0,200,30,0,0,0,1,12,2,200,0,0,0,0,200,200,200,17,17,1,55,200
0,200,30,0,0,0,1,12,2,200,0,0,0,0,200,200,200,17,17,1,59,200
0,200,30,1,2,0,1,0,3,2,0,0,0,1,1,200,200,0,0,0,23,200
0,200,30,1,2,0,1,0,3,2,0,0,0,1,1,200,200,0,0,0,32,200
0,200,30,0,0,1,1,12,2,200,0,0,0,0,200,200,200,0,0,0,77,200
0,200,30,0,0,1,1,12,2,200,0,0,0,0,200,200,200,0,0,0,27,200
0,200,30,0,0,0,1,10,2,200,0,0,0,1,200,200,200,9,16,0,16,200
0,200,30,0,0,0,1,10,2,200,0,0,0,1,200,200,200,9,16,1,36,200
0,200,30,0,0,0,1,10,2,200,0,0,0,1,200,200,200,9,16,1,29,200
1,200,30,0,0,0,1,10,2,200,0,0,0,1,200,200,200,9,16,1,1,200
0,200,30,1,2,1,1,12,6,200,0,0,0,0,200,200,1,18,200,0,200,200
0,200,30,1,2,1,1,12,6,200,0,0,0,0,200,200,1,18,200,0,31,200
0,200,30,0,0,0,1,7,5,2,0,0,0,0,200,200,1,11,0,2,200,200
0,200,20,0,0,0,1,10,12,200,0,0,0,1,200,200,200,21,200,0,51,200
0,200,20,0,0,0,1,10,12,200,0,0,0,1,200,200,200,21,200,0,58,200
0,200,20,0,0,0,1,10,12,200,0,0,0,1,200,200,200,21,200,1,54,200
0,200,30,0,0,1,1,12,5,2,2,0,3,0,200,200,200,21,200,0,41,200
0,200,30,0,0,1,1,12,5,2,2,0,3,0,200,200,200,21,200,0,50,200
0,200,30,0,0,0,1,12,6,3,0,0,0,0,200,200,200,17,21,0,200,200
0,200,30,0,0,0,1,12,6,3,0,0,0,0,200,200,200,17,21,0,52,200
0,200,30,2,2,1,1,10,5,1,0,0,0,0,200,200,200,18,200,1,40,200
0,200,30,2,2,1,1,10,5,1,0,0,0,0,200,200,200,18,200,0,46,200
0,200,15,0,0,0,1,0,7,200,0,0,0,0,200,200,200,0,200,0,26,200
0,200,15,0,0,0,1,0,7,200,0,0,0,0,200,200,200,0,200,1,61,200
0,200,15,0,0,0,1,7,5,3,0,0,0,1,200,200,200,21,0,1,44,200
0,200,30,2,2,0,1,0,5,2,0,0,0,1,200,200,200,17,200,1,20,200
0,200,30,2,2,0,1,0,5,2,0,0,0,1,200,200,200,17,200,0,55,200
1,200,30,2,2,0,1,0,5,2,0,0,0,1,200,200,200,17,200,200,200,200
0,200,25,1,2,2,1,14,3,3,0,1,0,0,1,200,200,0,200,1,66,200
0,200,25,1,2,2,1,14,3,3,0,1,0,0,1,200,200,0,200,0,29,200
1,200,25,1,2,2,1,14,3,3,0,1,0,0,1,200,200,0,200,1,29,200
1,200,25,1,2,2,1,14,3,3,0,1,0,0,1,200,200,0,200,1,1,200
0,200,30,0,0,0,1,10,3,4,0,0,0,0,200,200,200,22,200,0,23,200
0,200,30,0,0,0,1,10,3,4,0,0,0,0,200,200,200,22,200,1,48,200
0,200,20,0,0,0,1,7,6,1,0,0,0,0,200,200,200,20,200,0,55,200
0,200,35,0,0,0,1,12,2,200,0,0,0,0,200,200,200,22,16,0,75,200
0,200,35,0,0,0,1,12,2,200,0,0,0,0,200,200,200,22,16,1,32,200
1,200,35,0,0,0,1,12,2,200,0,0,0,0,200,200,200,22,16,1,200,200
1,200,35,0,0,0,1,12,2,200,0,0,0,0,200,200,200,22,16,200,200,200
0,200,30,1,2,0,1,14,3,4,0,0,0,1,1,200,1,22,0,1,200,200
0,200,30,1,2,0,1,14,3,4,0,0,0,1,1,200,1,22,0,0,35,200
0,200,30,2,0,0,1,12,2,200,0,0,0,0,200,200,200,21,17,0,25,200
0,200,30,2,0,0,1,12,2,200,0,0,0,0,200,200,200,21,17,0,39,200
1,200,30,2,0,0,1,12,2,200,0,0,0,0,200,200,200,21,17,1,38,200
1,200,30,2,0,0,1,12,2,200,0,0,0,0,200,200,200,21,17,1,14,200
1,200,30,2,0,0,1,12,2,200,0,0,0,0,200,200,200,21,17,0,55,200
0,200,30,0,0,0,1,14,5,200,0,0,0,0,1,200,200,17,200,1,40,200
0,200,30,0,0,0,1,14,5,200,0,0,0,0,1,200,200,17,200,0,22,200
1,200,30,0,0,0,1,14,5,200,0,0,0,0,1,200,200,17,200,0,71,200
0,200,30,2,0,0,1,10,2,4,0,0,0,0,200,200,200,18,17,1,21,200
0,200,30,2,0,0,1,10,2,4,0,0,0,0,200,200,200,18,17,0,44,200
0,200,30,200,200,0,1,2,6,200,0,0,1,0,200,200,200,28,28,0,44,200
0,200,30,0,0,0,1,12,5,200,0,0,0,0,200,200,200,0,200,0,45,200
0,200,30,0,0,0,1,12,5,200,0,0,0,0,200,200,200,0,200,1,48,200
1,200,30,0,0,0,1,12,5,200,0,0,0,0,200,200,200,0,200,0,36,200
0,200,15,0,0,0,1,7,12,200,0,0,0,1,200,1,200,11,0,1,59,200
5,200,15,0,0,0,1,7,12,200,0,0,0,1,200,1,200,11,0,0,64,200
5,200,15,0,0,0,1,7,12,200,0,0,0,1,200,1,200,11,0,0,57,200
0,200,20,0,0,200,3,7,6,1,0,200,0,0,200,200,1,0,200,2,200,200
0,200,30,0,0,0,1,12,6,4,0,0,0,0,200,200,200,22,16,1,51,200
0,200,30,0,0,0,1,12,6,4,0,0,0,0,200,200,200,22,16,0,200,200
0,200,30,1,2,0,1,10,6,2,0,0,200,0,200,200,1,18,16,0,200,200
0,200,30,1,2,0,1,10,6,2,0,0,200,0,200,200,1,18,16,1,24,200
1,200,30,1,2,0,1,10,6,2,0,0,200,0,200,200,1,18,16,0,34,200
1,200,30,1,2,0,1,10,6,2,0,0,200,0,200,200,1,18,16,1,29,200
0,200,30,200,200,0,1,12,5,200,0,0,0,0,200,200,200,22,17,1,48,200
0,200,30,200,200,0,1,12,5,200,0,0,0,0,200,200,200,22,17,0,48,200
0,200,30,0,0,0,4,7,5,200,0,0,0,0,200,200,1,0,200,1,200,200
0,200,30,1,2,2,1,10,2,4,0,1,0,0,200,200,1,18,200,0,200,200
0,200,30,1,2,2,1,10,2,4,0,1,0,0,200,200,1,18,200,1,31,200
1,200,30,1,2,2,1,10,2,4,0,1,0,0,200,200,1,18,200,200,200,200
0,200,5,12,0,200,200,7,7,200,0,200,200,0,200,0,1,0,0,2,200,200
0,200,35,1,2,0,1,14,5,4,0,0,0,0,200,200,200,23,23,0,33,200
0,200,35,1,2,0,1,14,5,4,0,0,0,0,200,200,200,23,23,0,200,200
0,200,30,0,0,0,1,10,5,2,0,0,0,0,200,200,200,0,200,0,69,200
0,200,30,0,0,0,1,10,5,2,0,0,0,0,200,200,200,0,200,0,23,200
0,200,30,0,0,0,1,10,5,2,0,0,0,0,200,200,200,0,200,0,55,200
0,200,30,0,0,0,1,10,12,2,0,0,0,0,200,200,200,8,18,0,75,200
0,200,30,0,0,0,1,10,12,2,0,0,0,0,200,200,200,8,18,1,25,200
0,200,30,0,0,0,1,10,12,2,0,0,0,0,200,200,200,8,18,0,37,200
0,1,25,1,0,1,1,12,6,3,0,0,0,0,1,200,200,0,0,1,43,200
0,1,25,1,0,1,1,12,6,3,0,0,0,0,1,200,200,0,0,0,46,200
0,200,30,0,0,0,1,12,5,2,0,0,0,0,200,200,1,22,0,1,200,200
0,200,30,0,0,0,1,12,5,2,0,0,0,0,200,200,1,22,0,1,72,200
4,200,30,2,0,0,1,8,2,2,0,0,0,1,1,200,200,17,17,0,42,200
0,200,30,2,0,0,1,8,2,2,0,0,0,1,1,200,200,17,17,0,54,200
0,200,20,0,0,1,1,7,5,2,0,0,0,0,200,200,1,200,200,2,200,200
0,200,15,0,0,0,1,9,0,200,0,0,0,1,200,200,200,20,200,0,42,200
5,200,15,0,0,0,1,9,0,200,0,0,0,1,200,200,200,20,200,0,60,200
0,200,30,0,0,0,1,7,5,200,0,0,0,0,200,200,1,0,0,2,200,200
0,200,30,1,2,0,1,12,2,4,0,0,0,0,200,200,200,21,200,0,37,200
0,200,30,1,2,0,1,12,2,4,0,0,0,0,200,200,200,21,200,1,84,200
0,200,30,2,2,0,1,14,3,4,0,0,200,0,200,200,1,17,200,1,200,200
0,200,30,2,2,0,1,14,3,4,0,0,200,0,200,200,1,17,200,0,55,200
0,200,30,1,2,0,1,12,5,4,0,0,0,1,1,200,200,12,200,0,43,200
0,200,30,1,2,0,1,12,5,4,0,0,0,1,1,200,200,12,200,1,49,200
0,200,30,0,0,0,1,7,5,4,0,0,0,0,200,200,200,200,200,0,40,200
0,200,30,1,2,0,1,10,2,200,0,12,12,0,1,200,200,18,200,1,29,200
0,200,30,1,2,0,1,10,2,200,0,12,12,0,1,200,200,18,200,0,51,200
1,200,30,1,2,0,1,10,2,200,0,12,12,0,1,200,200,18,200,1,28,200
0,200,30,0,0,0,1,12,5,2,0,0,0,0,200,200,200,20,200,0,64,200
0,200,30,0,0,0,1,12,5,2,0,0,0,0,200,200,200,20,200,0,50,200
0,200,30,1,2,0,1,12,5,4,0,0,200,0,200,200,1,22,28,2,200,200
0,200,30,1,2,0,1,12,5,4,0,0,200,0,200,200,1,22,28,0,56,200
1,200,30,1,2,0,1,12,5,4,0,0,200,0,200,200,1,22,28,0,34,200
1,200,30,1,2,0,1,12,5,4,0,0,200,0,200,200,1,22,28,1,200,200
1,200,30,1,2,0,1,12,5,4,0,0,200,0,200,200,1,22,28,0,200,200
0,200,30,0,0,0,1,14,5,2,0,0,0,0,200,200,200,17,17,0,50,200
0,200,30,0,0,0,1,14,5,2,0,0,0,0,200,200,200,17,17,0,54,200
1,200,30,0,0,0,1,14,5,2,0,0,0,0,200,200,200,17,17,1,200,200
0,200,30,0,0,200,200,12,5,2,0,200,200,0,200,200,200,17,200,1,200,200
0,200,30,0,0,200,200,12,5,2,0,200,200,0,200,200,200,17,200,1,66,200
0,200,30,1,2,0,1,10,3,4,0,1,0,0,1,200,1,0,0,0,200,200
0,200,30,1,2,0,1,10,3,4,0,1,0,0,1,200,1,0,0,0,33,200
0,200,30,1,2,0,1,10,3,4,0,1,0,0,1,200,1,0,0,2,200,200
1,200,30,1,2,0,1,10,3,4,0,1,0,0,1,200,1,0,0,200,200,200
1,200,30,1,2,0,1,10,3,4,0,1,0,0,1,200,1,0,0,0,59,200
0,200,35,0,0,0,1,12,5,2,0,0,0,0,200,200,1,11,200,0,200,200
0,200,35,0,0,0,1,12,5,2,0,0,0,0,200,200,1,11,200,1,52,200
0,200,30,2,0,0,1,3,5,4,0,0,0,1,1,200,200,17,200,0,26,200
0,200,30,2,0,0,1,3,5,4,0,0,0,1,1,200,200,17,200,1,29,200
0,200,30,2,0,0,1,3,5,4,0,0,0,1,1,200,200,17,200,0,48,200
1,200,30,2,0,0,1,3,5,4,0,0,0,1,1,200,200,17,200,1,200,200
0,200,15,2,2,0,1,0,8,1,0,0,0,1,1,200,200,0,0,1,26,200
0,200,15,2,2,0,1,0,8,1,0,0,0,1,1,200,200,0,0,1,68,200
0,200,30,1,200,0,1,10,5,200,0,0,200,0,1,200,200,18,200,0,71,200
0,200,30,1,200,0,1,10,5,200,0,0,200,0,1,200,200,18,200,1,26,200
0,200,30,1,2,0,1,7,5,200,0,0,0,0,200,200,200,12,12,0,200,200
0,200,30,1,2,2,1,10,5,200,0,1,200,1,200,200,200,18,18,1,19,200
0,200,30,1,2,2,1,10,5,200,0,1,200,1,200,200,200,18,18,0,57,200
1,200,30,1,2,2,1,10,5,200,0,1,200,1,200,200,200,18,18,0,29,200
0,200,30,0,0,0,1,7,7,200,0,0,0,0,200,200,1,25,200,2,200,200
0,200,30,0,0,0,1,12,5,2,0,0,0,0,200,200,200,21,200,1,200,200
0,200,30,0,0,0,1,12,5,2,0,0,0,0,200,200,200,21,200,0,34,200
0,200,30,0,0,0,1,9,2,4,0,0,0,1,200,200,200,0,0,0,39,200
5,200,30,0,0,0,1,9,2,4,0,0,0,1,200,200,200,0,0,0,61,200
0,200,30,0,0,0,1,14,5,2,0,0,0,0,200,200,1,23,200,0,200,200
0,200,30,0,0,0,1,14,5,2,0,0,0,0,200,200,1,23,200,0,200,200
0,200,30,1,2,0,1,12,3,4,0,0,0,0,200,200,200,0,0,0,28,200
0,200,30,1,2,0,1,12,3,4,0,0,0,0,200,200,200,0,0,1,53,200
0,200,30,1,2,0,1,0,3,200,0,0,0,1,1,200,200,17,200,0,22,200
0,200,30,1,2,0,1,0,3,200,0,0,0,1,1,200,200,17,200,0,43,200
0,200,25,0,0,0,1,7,5,200,0,0,0,0,200,200,200,11,16,0,48,200
0,200,25,0,0,0,1,7,5,1,0,0,0,0,200,200,200,0,200,0,37,200
0,200,30,1,2,0,1,14,5,4,0,0,0,1,1,200,200,23,200,0,200,200
0,200,30,1,2,0,1,14,5,4,0,0,0,1,1,200,200,23,200,1,38,200
0,200,30,0,0,0,1,9,12,1,0,2,12,1,1,200,200,0,0,0,57,200
5,200,30,0,0,0,1,9,12,1,0,2,12,1,1,200,200,0,0,0,49,200
1,200,30,0,0,0,1,0,2,200,0,0,0,1,200,200,200,21,17,0,27,200
0,200,30,0,0,0,1,0,2,200,0,0,0,1,200,200,200,21,17,1,57,200
0,200,30,0,0,0,1,0,2,200,0,0,0,1,200,200,200,21,17,0,46,200
1,200,30,0,0,0,1,0,2,200,0,0,0,1,200,200,200,21,17,1,87,200
0,200,30,0,0,0,1,7,5,1,0,200,200,0,200,200,200,0,0,0,200,200
0,200,25,0,0,0,1,7,5,2,0,0,0,0,200,200,200,21,200,0,22,200
0,200,30,1,2,2,1,14,2,4,0,1,0,0,200,200,200,17,16,0,20,200
0,200,30,1,2,2,1,14,2,4,0,1,0,0,200,200,200,17,16,1,33,200
1,200,30,1,2,2,1,14,2,4,0,1,0,0,200,200,200,17,16,0,15,200
1,200,30,1,2,2,1,14,2,4,0,1,0,0,200,200,200,17,16,1,0,200
0,200,30,0,0,0,1,0,6,200,0,0,0,0,200,200,200,0,200,0,20,200
0,200,30,0,0,0,1,0,6,200,0,0,0,0,200,200,200,0,200,0,22,200
0,200,0,0,0,0,1,7,2,2,0,0,0,0,200,200,200,25,200,0,29,200
0,200,25,0,0,0,1,14,2,2,0,0,0,0,200,200,1,0,0,0,200,200
0,200,25,0,0,0,1,14,2,2,0,0,0,0,200,200,1,0,0,1,35,200
0,200,30,1,2,0,1,10,5,200,0,0,0,0,200,200,200,16,16,2,200,200
0,200,30,1,2,0,1,10,5,200,0,0,0,0,200,200,200,16,16,0,34,200
0,200,30,1,2,0,1,10,2,2,0,0,0,0,1,200,200,18,200,0,57,200
0,200,30,1,2,0,1,10,2,2,0,0,0,0,1,200,200,18,200,0,33,200
0,200,30,1,2,0,1,10,5,2,0,0,0,0,200,200,200,18,11,1,200,200
0,200,30,1,2,0,1,10,5,2,0,0,0,0,200,200,200,18,11,1,40,200
0,200,30,0,0,0,1,7,6,1,0,0,200,0,200,200,1,20,0,0,200,200
0,200,0,0,0,0,1,2,7,200,0,0,0,1,200,1,200,11,16,0,19,200
5,200,0,0,0,0,1,2,7,200,0,0,0,1,200,1,200,11,16,1,74,200
5,200,0,0,0,0,1,2,7,200,0,0,0,1,200,1,200,11,16,1,43,200