PERSON_TYPE,CRASH_DATE_EST_I,POSTED_SPEED_LIMIT,TRAFFIC_CONTROL_DEVICE,DEVICE_CONDITION,WEATHER_CONDITION,LIGHTING_CONDITION,FIRST_CRASH_TYPE,TRAFFICWAY_TYPE,LANE_CNT,ALIGNMENT,ROADWAY_SURFACE_COND,ROAD_DEFECT,CRASH_TYPE,INTERSECTION_RELATED_I,NOT_RIGHT_OF_WAY_I,HIT_AND_RUN_I,PRIM_CONTRIBUTORY_CAUSE,SEC_CONTRIBUTORY_CAUSE,SEX,AGE,BAC_RESULT VALUE
0,200,30,0,0,0,1,11,5,2,0,0,0,0,200,200,200,22,16,0,50,200
0,200,30,0,0,0,1,11,5,2,0,0,0,0,200,200,200,22,16,1,39,200
0,200,25,0,0,0,1,10,2,4,0,0,0,0,200,200,200,0,0,0,29,200
0,200,25,0,0,0,1,10,2,4,0,0,0,0,200,200,200,0,0,0,30,200
0,200,30,1,2,0,1,12,2,4,0,0,0,0,0,200,200,200,200,0,34,200
0,200,30,1,2,0,1,12,2,4,0,0,0,0,0,200,200,200,200,0,61,200
1,200,30,1,2,0,1,12,2,4,0,0,0,0,0,200,200,200,200,0,47,200
1,200,30,1,2,0,1,12,2,4,0,0,0,0,0,200,200,200,200,0,55,200
0,200,30,0,0,0,1,7,5,2,0,0,0,0,200,200,1,200,200,0,200,200
0,200,30,0,0,0,1,2,5,4,1,0,1,0,200,200,200,29,200,0,42,200
0,0,20,2,12,0,1,12,6,200,0,0,0,0,200,200,200,0,0,0,20,200
0,0,20,2,12,0,1,12,6,200,0,0,0,0,200,200,200,0,0,0,18,200
1,0,20,2,12,0,1,12,6,200,0,0,0,0,200,200,200,0,0,1,19,200
0,200,30,0,0,0,1,12,5,4,0,0,0,0,200,200,200,0,200,1,63,200
0,200,30,0,0,0,1,12,5,4,0,0,0,0,200,200,200,0,200,1,48,200
0,200,15,0,0,0,1,11,0,1,0,0,0,0,200,200,200,22,0,0,200,200
0,200,15,0,0,0,1,11,0,1,0,0,0,0,200,200,200,22,0,0,24,200
0,200,30,1,2,0,1,12,6,2,0,0,0,0,200,200,200,22,200,0,20,200
0,200,30,1,2,0,1,12,6,2,0,0,0,0,200,200,200,22,200,1,35,200
0,200,30,0,0,0,1,12,5,4,0,0,0,0,200,200,200,0,0,0,21,200
0,200,30,0,0,0,1,12,5,4,0,0,0,0,200,200,200,0,0,0,63,200
0,200,30,0,0,0,1,12,5,4,0,0,0,0,200,200,200,0,0,0,36,200
0,200,35,0,0,0,1,14,7,2,0,0,200,0,200,1,200,17,0,0,18,200
0,200,35,0,0,0,1,14,7,2,0,0,200,0,200,1,200,17,0,1,28,200
0,200,30,0,0,0,1,14,5,4,0,0,0,1,1,200,200,16,17,0,20,200
0,200,30,0,0,0,1,14,5,4,0,0,0,1,1,200,200,16,17,1,28,200
1,200,30,0,0,0,1,14,5,4,0,0,0,1,1,200,200,16,17,1,64,200
0,200,25,0,0,0,1,0,5,200,0,0,0,0,200,200,200,17,23,0,59,200
0,200,25,0,0,0,1,0,5,200,0,0,0,0,200,200,200,17,23,1,39,200
0,200,30,0,0,0,1,11,7,0,0,0,0,1,200,1,200,33,0,0,62,200
0,200,30,0,0,0,1,11,7,0,0,0,0,1,200,1,200,33,0,0,56,200
0,200,30,0,0,0,1,14,2,2,0,0,0,1,200,200,200,17,200,0,66,200
0,200,30,0,0,0,1,14,2,2,0,0,0,1,200,200,200,17,200,0,33,200
0,200,30,0,0,0,1,14,2,2,0,0,0,1,200,200,200,17,200,2,200,200
0,200,30,0,0,0,1,7,5,200,0,0,0,0,200,200,1,20,200,2,200,200
0,200,30,1,2,0,1,10,5,4,0,0,0,1,1,200,200,18,200,0,24,200
0,200,30,1,2,0,1,10,5,4,0,0,0,1,1,200,200,18,200,1,22,200
1,200,30,1,2,0,1,10,5,4,0,0,0,1,1,200,200,18,200,0,22,200
0,200,30,0,0,0,1,10,5,200,0,0,0,0,200,200,200,18,18,0,27,200
0,200,30,0,0,0,1,10,5,200,0,0,0,0,200,200,200,18,18,0,52,200
0,200,30,0,0,0,1,10,5,200,0,0,0,0,200,200,200,18,18,0,31,200
0,200,30,0,0,0,1,10,5,200,0,0,0,0,200,200,200,18,18,0,200,200
0,200,10,0,0,0,1,7,7,200,0,0,200,0,200,200,200,0,200,1,31,200
0,200,30,2,2,0,1,10,5,2,0,0,0,0,0,200,200,18,200,0,57,200
0,200,30,2,2,0,1,10,5,2,0,0,0,0,0,200,200,18,200,0,25,200
0,200,25,0,0,0,1,14,2,2,0,0,0,0,200,200,200,0,0,0,18,200
0,200,25,0,0,0,1,14,2,2,0,0,0,0,200,200,200,0,0,0,20,200
0,200,30,0,0,1,1,14,5,200,0,0,0,0,1,200,200,10,25,1,46,200
0,200,30,0,0,1,1,14,5,200,0,0,0,0,1,200,200,10,25,1,21,200
0,200,20,0,0,0,1,10,5,200,0,200,200,0,200,200,200,18,18,0,21,200
0,200,20,0,0,0,1,10,5,200,0,200,200,0,200,200,200,18,18,0,50,200
0,200,30,1,2,0,1,10,5,4,0,0,0,0,200,200,200,18,11,1,200,200
0,200,30,1,2,0,1,10,5,4,0,0,0,0,200,200,200,18,11,0,50,200
0,200,30,2,2,0,1,0,5,2,0,0,0,1,1,200,200,17,0,0,29,200
0,200,30,2,2,0,1,0,5,2,0,0,0,1,1,200,200,17,0,0,32,200
1,200,30,2,2,0,1,0,5,2,0,0,0,1,1,200,200,17,0,1,36,200
0,200,45,0,0,0,1,12,6,4,0,0,0,0,200,200,200,17,22,1,24,200
0,200,45,0,0,0,1,12,6,4,0,0,0,0,200,200,200,17,22,1,27,200
0,1,30,0,0,200,200,7,6,1,0,200,200,0,200,200,1,0,0,2,200,200
0,200,30,1,1,0,1,0,2,2,0,0,200,0,1,200,1,6,0,0,200,200
0,200,30,1,1,0,1,0,2,2,0,0,200,0,1,200,1,6,0,0,40,200
1,200,30,1,1,0,1,0,2,2,0,0,200,0,1,200,1,6,0,0,16,200
0,200,15,0,0,0,1,0,7,200,0,0,0,1,200,200,200,14,17,0,28,200
0,200,15,0,0,0,1,0,7,200,0,0,0,1,200,200,200,14,17,0,58,200
0,200,0,200,200,0,1,8,2,2,0,0,200,1,200,200,1,22,17,2,200,200
4,200,0,200,200,0,1,8,2,2,0,0,200,1,200,200,1,22,17,0,66,200
0,200,5,12,12,0,1,12,12,200,0,0,0,0,200,200,200,0,0,0,30,200
0,200,5,12,12,0,1,12,12,200,0,0,0,0,200,200,200,0,0,0,47,200
0,200,30,0,0,0,1,7,6,200,0,0,0,0,200,200,1,200,200,2,200,200
0,200,30,1,2,0,1,10,5,200,0,0,0,0,200,200,200,0,200,0,23,200
0,200,30,1,2,0,1,10,5,200,0,0,0,0,200,200,200,0,200,0,28,200
0,200,30,1,2,0,1,10,2,4,0,0,0,0,200,200,1,17,0,0,200,200
0,200,30,1,2,0,1,10,2,4,0,0,0,0,200,200,1,17,0,1,55,200
0,200,30,200,200,0,1,10,5,200,0,0,200,0,200,200,200,18,18,0,58,200
0,200,30,200,200,0,1,10,5,200,0,0,200,0,200,200,200,18,18,0,38,200
0,200,30,1,2,0,1,9,5,2,0,0,0,1,1,200,200,0,200,1,61,200
5,200,30,1,2,0,1,9,5,2,0,0,0,1,1,200,200,0,200,0,200,200
0,200,30,0,0,0,1,2,6,1,0,0,0,1,200,200,200,0,0,1,69,200
3,200,30,0,0,0,1,2,6,1,0,0,0,1,200,200,200,0,0,200,200,200
0,200,35,1,2,0,1,10,5,200,0,0,0,0,200,200,1,0,200,1,200,200
0,200,35,1,2,0,1,10,5,200,0,0,0,0,200,200,1,0,200,1,34,200
0,200,30,0,0,0,1,14,5,3,0,0,200,0,200,200,200,0,0,1,33,200
0,200,30,0,0,0,1,14,5,3,0,0,200,0,200,200,200,0,0,0,31,200
1,200,30,0,0,0,1,14,5,3,0,0,200,0,200,200,200,0,0,0,200,200
0,200,45,0,0,0,0,12,5,200,0,1,0,0,200,200,200,23,200,1,66,200
0,200,45,0,0,0,0,12,5,200,0,1,0,0,200,200,200,23,200,0,45,200
0,200,30,2,2,0,1,0,5,2,0,0,0,0,1,200,200,17,0,0,66,200
0,200,30,2,2,0,1,0,5,2,0,0,0,0,1,200,200,17,0,1,27,200
0,200,30,0,0,0,1,14,5,2,0,200,200,0,200,200,200,22,200,0,71,200
0,200,30,0,0,0,1,14,5,2,0,200,200,0,200,200,200,22,200,1,30,200
0,200,30,0,0,0,1,7,5,200,0,0,0,0,200,200,200,20,20,1,200,200
1,200,30,0,0,0,1,7,5,200,0,0,0,0,200,200,200,20,20,0,63,200
0,200,30,0,0,0,1,0,5,200,0,0,0,0,200,200,200,11,200,0,200,200
0,200,30,0,0,0,1,0,5,200,0,0,0,0,200,200,200,11,200,1,200,200
0,200,30,0,0,0,1,7,5,200,0,0,0,0,200,200,1,18,200,2,200,200
0,200,10,0,0,0,1,0,7,1,0,0,0,0,200,200,200,17,20,1,24,200
0,200,10,0,0,0,1,0,7,1,0,0,0,0,200,200,200,17,20,1,41,200
0,200,30,0,0,0,1,0,12,1,0,200,200,0,200,200,200,0,0,0,54,200
0,200,30,0,0,0,1,0,12,1,0,200,200,0,200,200,200,0,0,0,37,200
0,200,30,200,200,0,1,14,6,1,0,0,200,0,200,200,200,0,0,0,24,200
0,200,30,200,200,0,1,14,6,1,0,0,200,0,200,200,200,0,0,0,51,200
0,200,35,200,0,0,1,12,5,2,0,0,0,0,200,200,200,0,0,0,67,200
0,200,35,200,0,0,1,12,5,2,0,0,0,0,200,200,200,0,0,0,31,200
0,200,15,0,0,0,1,12,0,1,0,0,0,0,200,200,200,17,16,0,22,200
0,200,15,0,0,0,1,12,0,1,0,0,0,0,200,200,200,17,16,1,22,200
1,200,15,0,0,0,1,12,0,1,0,0,0,0,200,200,200,17,16,1,200,200
0,200,30,200,200,0,1,7,7,200,0,0,200,0,200,200,1,0,0,2,200,200
0,200,25,2,2,0,1,12,6,200,0,0,0,0,200,200,200,20,0,0,37,200
0,200,25,2,2,0,1,12,6,200,0,0,0,0,200,200,200,20,0,0,52,200
0,200,30,0,0,0,3,7,5,2,0,0,0,0,200,200,200,0,0,0,200,200
1,200,30,0,0,0,3,7,5,2,0,0,0,0,200,200,200,0,0,0,200,200
1,200,30,0,0,0,3,7,5,2,0,0,0,0,200,200,200,0,0,0,200,200
0,200,30,0,0,0,1,10,5,200,0,0,0,0,200,200,200,200,200,0,19,200
0,200,30,0,0,0,1,10,5,200,0,0,0,0,200,200,200,200,200,1,44,200
1,200,30,0,0,0,1,10,5,200,0,0,0,0,200,200,200,200,200,1,200,200
0,200,30,1,2,0,1,12,200,200,0,0,0,0,200,200,200,0,200,0,200,200
0,200,30,1,2,0,1,12,200,200,0,0,0,0,200,200,200,0,200,0,200,200
1,200,30,1,2,0,1,12,200,200,0,0,0,0,200,200,200,0,200,1,200,200
0,200,30,1,2,0,1,12,2,4,0,0,0,0,1,200,1,0,0,0,200,200
0,200,30,1,2,0,1,12,2,4,0,0,0,0,1,200,1,0,0,0,41,200
0,200,30,0,0,0,1,7,7,200,0,0,0,0,200,200,200,0,0,1,73,200
0,200,30,0,0,0,1,10,3,2,0,0,0,0,200,200,200,16,18,1,42,200
0,200,30,0,0,0,1,10,3,2,0,0,0,0,200,200,200,16,18,0,21,200
1,200,30,0,0,0,1,10,3,2,0,0,0,0,200,200,200,16,18,0,56,200
1,200,30,0,0,0,1,10,3,2,0,0,0,0,200,200,200,16,18,0,18,200
1,200,30,0,0,0,1,10,3,2,0,0,0,0,200,200,200,16,18,1,57,200
1,200,30,0,0,0,1,10,3,2,0,0,0,0,200,200,200,16,18,0,27,200
0,200,25,0,0,0,1,9,6,2,0,0,0,1,200,200,200,0,200,1,33,200
5,200,25,0,0,0,1,9,6,2,0,0,0,1,200,200,200,0,200,1,36,200
1,200,25,0,0,0,1,9,6,2,0,0,0,1,200,200,200,0,200,0,30,200
0,200,30,1,2,0,1,14,2,2,0,0,200,1,1,200,200,0,200,1,35,200
0,200,30,1,2,0,1,14,2,2,0,0,200,1,1,200,200,0,200,0,55,200
1,200,30,1,2,0,1,14,2,2,0,0,200,1,1,200,200,0,200,1,22,200
0,200,20,2,2,0,1,10,5,2,0,0,0,1,1,200,1,11,0,0,200,200
0,200,20,2,2,0,1,10,5,2,0,0,0,1,1,200,1,11,0,1,27,200
0,200,30,0,0,0,1,7,5,2,0,0,0,1,200,200,200,21,0,1,53,200
0,200,25,2,0,0,1,10,5,200,0,0,0,0,200,200,200,18,21,0,200,200
0,200,25,2,0,0,1,10,5,200,0,0,0,0,200,200,200,18,21,0,57,200
0,200,30,1,2,0,1,10,5,2,0,0,0,0,200,200,200,0,0,0,32,200
0,200,30,1,2,0,1,10,5,2,0,0,0,0,200,200,200,0,0,1,28,200
0,200,0,0,0,12,200,7,7,200,0,0,0,0,200,200,1,0,21,2,200,200
0,200,30,1,2,0,1,10,3,200,0,0,0,0,200,200,200,16,200,0,36,200
0,200,30,1,2,0,1,10,3,200,0,0,0,0,200,200,200,16,200,0,51,200
1,200,30,1,2,0,1,10,3,200,0,0,0,0,200,200,200,16,200,0,200,200
1,200,30,1,2,0,1,10,3,200,0,0,0,0,200,200,200,16,200,1,200,200
0,200,30,0,0,0,1,7,5,6,0,0,0,0,200,200,200,0,200,1,71,200
1,200,30,0,0,0,1,7,5,6,0,0,0,0,200,200,200,0,200,0,33,200
0,200,30,1,2,0,1,12,5,200,0,0,0,0,200,200,1,0,200,2,200,200
0,200,30,1,2,0,1,12,5,200,0,0,0,0,200,200,1,0,200,1,59,200
0,200,30,0,0,0,1,10,6,200,0,0,0,0,200,200,200,16,0,1,64,200
0,200,30,0,0,0,1,10,6,200,0,0,0,0,200,200,200,16,0,0,63,200
0,200,30,1,2,0,1,12,5,200,0,0,0,0,1,200,200,200,200,0,51,200
0,200,30,1,2,0,1,12,5,200,0,0,0,0,1,200,200,200,200,0,48,200
1,200,30,1,2,0,1,12,5,200,0,0,0,0,1,200,200,200,200,0,200,200
0,200,30,200,200,0,1,7,6,200,0,200,200,0,200,200,1,0,200,2,200,200
0,200,30,0,0,0,1,7,7,0,0,0,0,0,200,1,200,0,0,1,200,200
1,200,30,0,0,0,1,7,7,0,0,0,0,0,200,1,200,0,0,1,200,200
0,200,30,0,0,0,1,10,5,4,0,0,0,0,200,200,200,18,0,0,27,200
0,200,30,0,0,0,1,10,5,4,0,0,0,0,200,200,200,18,0,1,35,200
1,200,30,0,0,0,1,10,5,4,0,0,0,0,200,200,200,18,0,1,2,200
0,200,30,1,2,0,1,0,2,2,0,0,0,1,1,200,200,17,11,1,59,200
0,200,30,1,2,0,1,0,2,2,0,0,0,1,1,200,200,17,11,0,26,200
0,200,30,1,2,0,1,0,2,2,0,0,0,1,1,200,200,17,11,0,52,200
1,200,30,1,2,0,1,0,2,2,0,0,0,1,1,200,200,17,11,0,31,200
0,200,30,1,200,0,1,14,12,4,0,0,0,1,1,200,200,6,200,1,30,200
0,200,30,1,200,0,1,14,12,4,0,0,0,1,1,200,200,6,200,0,53,200
0,200,30,1,200,0,1,14,12,4,0,0,0,1,1,200,200,6,200,0,37,200
0,200,30,1,2,0,1,4,5,4,0,0,1,1,200,200,200,0,0,0,31,200
0,200,30,0,0,0,1,10,5,2,0,0,0,0,200,200,1,18,16,0,200,200
0,200,30,0,0,0,1,10,5,2,0,0,0,0,200,200,1,18,16,0,48,200
0,200,30,0,0,0,1,10,5,2,0,200,200,0,200,200,200,0,0,0,200,200
0,200,30,0,0,0,1,10,5,2,0,200,200,0,200,200,200,0,0,1,200,200
0,200,30,0,0,0,1,10,5,2,0,200,200,0,200,200,200,0,0,1,31,200
1,200,30,0,0,0,1,10,5,2,0,200,200,0,200,200,200,0,0,0,9,200
1,200,30,0,0,0,1,10,5,2,0,200,200,0,200,200,200,0,0,0,3,200
0,200,30,0,200,0,1,10,2,200,0,0,0,0,200,200,1,0,0,1,200,200
0,200,30,0,200,0,1,10,2,200,0,0,0,0,200,200,1,0,0,1,49,200
0,200,30,0,200,0,1,10,2,200,0,0,0,0,200,200,1,0,0,0,43,200
0,200,30,0,0,0,1,12,6,200,0,0,0,0,200,200,200,200,200,0,23,200
0,200,30,0,0,0,1,12,6,200,0,0,0,0,200,200,200,200,200,1,33,200
0,200,30,1,2,0,1,9,5,200,0,0,0,1,1,200,200,17,200,1,29,200
5,200,30,1,2,0,1,9,5,200,0,0,0,1,1,200,200,17,200,1,55,200
0,200,35,2,0,0,1,0,5,4,0,0,0,1,1,200,200,17,0,1,19,200
0,200,35,2,0,0,1,0,5,4,0,0,0,1,1,200,200,17,0,1,25,200
0,200,30,1,2,0,1,10,5,200,0,0,0,0,200,200,200,0,200,1,31,200
0,200,30,1,2,0,1,10,5,200,0,0,0,0,200,200,200,0,200,1,21,200
1,200,30,1,2,0,1,10,5,200,0,0,0,0,200,200,200,0,200,1,47,200
0,1,30,1,2,0,1,0,2,4,0,0,0,1,1,200,200,0,0,1,18,200
0,1,30,1,2,0,1,0,2,4,0,0,0,1,1,200,200,0,0,1,79,200
1,1,30,1,2,0,1,0,2,4,0,0,0,1,1,200,200,0,0,0,20,200
1,1,30,1,2,0,1,0,2,4,0,0,0,1,1,200,200,0,0,1,5,200
1,1,30,1,2,0,1,0,2,4,0,0,0,1,1,200,200,0,0,1,8,200
1,1,30,1,2,0,1,0,2,4,0,0,0,1,1,200,200,0,0,0,1,200
0,200,30,0,0,0,1,14,2,2,0,200,200,1,1,200,200,16,14,0,18,200
0,200,30,0,0,0,1,14,2,2,0,200,200,1,1,200,200,16,14,1,17,200
1,200,30,0,0,0,1,14,2,2,0,200,200,1,1,200,200,16,14,0,21,200
0,200,30,0,0,0,1,5,0,200,0,0,12,0,200,200,200,28,0,0,60,200
0,200,30,0,0,0,1,12,5,2,0,0,0,0,200,200,1,22,16,0,200,200
0,200,30,0,0,0,1,12,5,2,0,0,0,0,200,200,1,22,16,0,35,200
1,200,30,0,0,0,1,12,5,2,0,0,0,0,200,200,1,22,16,1,200,200
1,200,30,0,0,0,1,12,5,2,0,0,0,0,200,200,1,22,16,0,200,200
0,200,30,1,2,0,1,0,2,4,0,0,0,1,200,200,200,0,0,0,20,200
0,200,30,1,2,0,1,0,2,4,0,0,0,1,200,200,200,0,0,0,24,200
0,200,30,0,0,0,1,7,6,1,0,0,0,0,0,200,1,0,0,2,200,200
0,200,30,0,0,0,1,0,2,4,0,0,0,0,1,200,200,0,200,0,51,200
0,200,30,0,0,0,1,0,2,4,0,0,0,0,1,200,200,0,200,1,26,200
0,200,30,1,2,0,1,14,5,1,0,0,200,0,200,200,0,8,25,0,24,200
0,200,30,1,2,0,1,14,5,1,0,0,200,0,200,200,0,8,25,1,19,200
1,200,30,1,2,0,1,14,5,1,0,0,200,0,200,200,0,8,25,200,200,200
0,200,30,0,0,0,1,12,6,1,0,200,200,0,200,200,200,0,200,1,43,200
0,200,30,0,0,0,1,12,6,1,0,200,200,0,200,200,200,0,200,0,49,200
0,200,30,1,2,0,1,12,2,2,0,0,0,0,200,200,200,0,0,0,200,200
0,200,30,1,2,0,1,12,2,2,0,0,0,0,200,200,200,0,0,1,29,200
0,200,30,1,2,0,1,14,2,4,0,0,0,0,1,200,1,16,0,2,200,200
0,200,30,1,2,0,1,14,2,4,0,0,0,0,1,200,1,16,0,0,35,200
0,200,30,1,2,0,1,14,2,4,0,0,0,0,1,200,1,16,0,1,69,200
0,200,30,0,0,0,1,10,5,200,0,0,0,1,200,200,200,18,200,0,26,200
0,200,30,0,0,0,1,10,5,200,0,0,0,1,200,200,200,18,200,1,24,200
0,200,30,1,2,0,1,7,5,200,0,0,0,0,200,200,200,20,200,1,27,200
0,200,35,0,0,0,1,10,5,2,0,0,0,1,0,200,200,16,200,0,42,200
0,200,35,0,0,0,1,10,5,2,0,0,0,1,0,200,200,16,200,1,43,200
0,200,35,0,0,0,1,10,5,2,0,0,0,1,0,200,200,16,200,0,29,200
0,200,35,0,0,0,1,10,5,2,0,0,0,1,0,200,200,16,200,1,27,200
0,200,30,0,0,0,1,14,6,3,0,0,0,0,200,200,200,18,200,0,45,200
0,200,30,0,0,0,1,14,6,3,0,0,0,0,200,200,200,18,200,1,200,200
1,200,30,0,0,0,1,14,6,3,0,0,0,0,200,200,200,18,200,0,200,200
0,200,30,2,0,0,1,0,5,2,0,0,0,1,200,200,200,17,200,0,19,200
0,200,30,2,0,0,1,0,5,2,0,0,0,1,200,200,200,17,200,0,27,200
0,200,30,2,0,0,1,0,5,2,0,0,0,1,200,200,200,17,200,1,36,200
1,200,30,2,0,0,1,0,5,2,0,0,0,1,200,200,200,17,200,0,200,200
1,200,30,2,0,0,1,0,5,2,0,0,0,1,200,200,200,17,200,0,22,200
1,200,30,2,0,0,1,0,5,2,0,0,0,1,200,200,200,17,200,200,200,200
1,200,30,2,0,0,1,0,5,2,0,0,0,1,200,200,200,17,200,1,2,200
0,200,30,1,2,0,1,8,5,2,0,0,0,1,200,200,200,17,0,0,69,200
4,200,30,1,2,0,1,8,5,2,0,0,0,1,200,200,200,17,0,0,22,200
0,200,30,1,2,0,1,10,5,200,0,0,0,0,200,200,200,0,0,1,200,200
0,200,30,1,2,0,1,10,5,200,0,0,0,0,200,200,200,0,0,1,36,200
1,200,30,1,2,0,1,10,5,200,0,0,0,0,200,200,200,0,0,0,8,200
0,200,30,0,0,0,1,7,7,1,0,0,0,0,200,200,200,0,0,2,200,200
0,200,30,0,0,0,1,12,5,2,0,0,0,0,200,200,200,17,200,1,40,200
0,200,30,0,0,0,1,12,5,2,0,0,0,0,200,200,200,17,200,1,45,200
0,200,15,0,0,0,1,7,7,200,0,0,0,0,200,200,1,0,0,0,200,200
0,200,30,0,0,0,1,14,2,2,0,0,0,1,1,200,200,17,16,0,30,200
0,200,30,0,0,0,1,14,2,2,0,0,0,1,1,200,200,17,16,0,23,200
0,200,30,2,2,0,1,8,5,4,0,0,0,1,200,200,200,33,0,1,46,200
4,200,30,2,2,0,1,8,5,4,0,0,0,1,200,200,200,33,0,1,79,200
1,200,30,2,2,0,1,8,5,4,0,0,0,1,200,200,200,33,0,1,32,200
0,200,30,1,2,0,1,10,6,200,0,0,0,1,200,200,200,18,200,0,200,200
0,200,30,1,2,0,1,10,6,200,0,0,0,1,200,200,200,18,200,0,200,200
1,200,30,1,2,0,1,10,6,200,0,0,0,1,200,200,200,18,200,1,200,200
0,200,30,0,0,0,1,14,5,200,0,0,0,1,1,200,200,6,200,1,57,200
0,200,30,0,0,0,1,14,5,200,0,0,0,1,1,200,200,6,200,0,19,200
1,200,30,0,0,0,1,14,5,200,0,0,0,1,1,200,200,6,200,1,58,200
0,200,30,1,2,0,1,14,5,2,0,0,0,0,1,200,200,17,0,0,52,200
0,200,30,1,2,0,1,14,5,2,0,0,0,0,1,200,200,17,0,0,33,200
1,200,30,1,2,0,1,14,5,2,0,0,0,0,1,200,200,17,0,1,48,200
1,200,30,1,2,0,1,14,5,2,0,0,0,0,1,200,200,17,0,0,6,200
0,200,30,1,2,0,1,10,2,2,0,0,0,0,200,200,200,0,200,1,22,200
0,200,30,1,2,0,1,10,2,2,0,0,0,0,200,200,200,0,200,1,23,200
0,200,25,0,0,0,1,7,2,2,0,0,0,0,200,200,1,0,0,2,200,200
0,200,25,0,0,0,1,14,2,200,0,0,0,1,200,200,200,17,200,1,26,200
0,200,25,0,0,0,1,14,2,200,0,0,0,1,200,200,200,17,200,1,23,200
0,200,30,200,200,0,1,10,5,200,0,0,200,0,200,200,200,14,14,0,45,200
0,200,30,200,200,0,1,10,5,200,0,0,200,0,200,200,200,14,14,0,42,200
0,200,30,2,2,0,1,10,2,200,0,0,200,0,200,200,200,0,34,1,37,200
0,200,30,2,2,0,1,10,2,200,0,0,200,0,200,200,200,0,34,0,34,200
0,200,30,0,0,0,1,7,3,2,0,0,0,0,1,200,200,0,200,1,35,200
0,200,30,1,2,0,1,14,5,200,0,0,0,1,1,200,200,23,200,0,32,200
0,200,30,1,2,0,1,14,5,200,0,0,0,1,1,200,200,23,200,1,37,200
0,200,25,0,0,0,1,12,5,2,0,0,0,0,200,200,200,17,16,1,22,200
0,200,25,0,0,0,1,12,5,2,0,0,0,0,200,200,200,17,16,1,42,200
0,200,30,0,0,0,1,10,7,200,0,0,0,0,200,200,200,0,0,0,27,200
0,200,30,0,0,0,1,10,7,200,0,0,0,0,200,200,200,0,0,1,65,200
0,200,30,0,0,0,1,12,5,4,0,0,0,0,200,200,200,21,27,1,44,200
0,200,30,0,0,0,1,12,5,4,0,0,0,0,200,200,200,21,27,1,30,200
0,200,30,0,0,0,1,10,2,200,0,0,0,0,200,200,200,0,200,0,200,200
0,200,30,0,0,0,1,10,2,200,0,0,0,0,200,200,200,0,200,0,67,200
0,200,30,0,0,0,1,14,2,200,0,0,0,0,200,200,200,17,16,0,40,200
0,200,30,0,0,0,1,14,2,200,0,0,0,0,200,200,200,17,16,1,30,200
0,200,30,1,2,0,1,12,3,5,0,0,0,0,1,200,200,17,21,1,37,200
0,200,30,1,2,0,1,12,3,5,0,0,0,0,1,200,200,17,21,0,51,200
0,200,30,0,0,0,1,8,2,2,0,0,0,1,200,200,200,0,200,0,23,200
4,200,30,0,0,0,1,8,2,2,0,0,0,1,200,200,200,0,200,200,200,200
0,200,30,0,0,0,1,7,5,200,0,0,0,0,200,200,200,20,20,0,46,200
0,200,35,0,0,0,1,7,5,200,0,0,0,0,200,200,1,0,200,2,200,200
0,200,30,0,0,0,1,14,5,2,0,0,0,1,1,200,200,17,200,1,21,200
0,200,30,0,0,0,1,14,5,2,0,0,0,1,1,200,200,17,200,0,48,200
0,200,30,1,200,0,1,14,5,200,0,200,200,0,1,200,1,0,200,0,200,200
0,200,30,1,200,0,1,14,5,200,0,200,200,0,1,200,1,0,200,0,55,200
0,200,30,0,0,0,1,14,2,4,0,0,0,1,200,200,200,22,200,0,21,200
0,200,30,0,0,0,1,14,2,4,0,0,0,1,200,200,200,22,200,0,27,200
1,200,30,0,0,0,1,14,2,4,0,0,0,1,200,200,200,22,200,0,15,200
1,200,30,0,0,0,1,14,2,4,0,0,0,1,200,200,200,22,200,0,2,200
1,200,30,0,0,0,1,14,2,4,0,0,0,1,200,200,200,22,200,1,14,200
0,200,30,1,2,0,1,0,5,3,0,0,0,0,200,200,1,6,200,1,200,200
0,200,30,1,2,0,1,0,5,3,0,0,0,0,200,200,1,6,200,0,33,200
0,200,30,1,2,0,1,14,5,200,0,0,0,0,1,200,200,17,200,1,33,200
0,200,30,1,2,0,1,14,5,200,0,0,0,0,1,200,200,17,200,0,37,200
0,200,30,0,0,0,4,14,2,2,0,0,0,0,200,200,200,22,10,1,58,200
0,200,30,0,0,0,4,14,2,2,0,0,0,0,200,200,200,22,10,0,30,200
1,200,30,0,0,0,4,14,2,2,0,0,0,0,200,200,200,22,10,0,30,200
1,200,30,0,0,0,4,14,2,2,0,0,0,0,200,200,200,22,10,0,8,200
1,200,30,0,0,0,4,14,2,2,0,0,0,0,200,200,200,22,10,1,3,200
1,200,30,0,0,0,4,14,2,2,0,0,0,0,200,200,200,22,10,1,4,200
0,200,30,1,2,0,1,10,2,4,0,200,200,0,200,200,200,18,15,1,200,200
0,200,30,1,2,0,1,10,2,4,0,200,200,0,200,200,200,18,15,0,45,200
0,200,30,200,200,0,1,8,5,200,0,0,0,1,200,200,1,6,6,2,200,200
4,200,30,200,200,0,1,8,5,200,0,0,0,1,200,200,1,6,6,1,36,200
0,200,30,0,0,0,1,0,0,2,0,0,0,0,200,200,200,20,20,0,55,200
0,200,30,0,0,0,1,0,0,2,0,0,0,0,200,200,200,20,20,0,200,200