PERSON_TYPE,CRASH_DATE_EST_I,POSTED_SPEED_LIMIT,TRAFFIC_CONTROL_DEVICE,DEVICE_CONDITION,WEATHER_CONDITION,LIGHTING_CONDITION,FIRST_CRASH_TYPE,TRAFFICWAY_TYPE,LANE_CNT,ALIGNMENT,ROADWAY_SURFACE_COND,ROAD_DEFECT,CRASH_TYPE,INTERSECTION_RELATED_I,NOT_RIGHT_OF_WAY_I,HIT_AND_RUN_I,PRIM_CONTRIBUTORY_CAUSE,SEC_CONTRIBUTORY_CAUSE,SEX,AGE,BAC_RESULT VALUE
0,1,30,0,0,0,1,7,6,1,0,0,0,0,200,200,1,200,200,2,200,200
0,200,30,1,2,0,1,9,5,200,0,0,0,1,200,200,200,200,200,0,46,200
5,200,30,1,2,0,1,9,5,200,0,0,0,1,200,200,200,200,200,1,26,200
0,200,30,0,0,0,1,10,5,4,0,0,0,0,1,200,200,16,200,0,200,200
0,200,30,0,0,0,1,10,5,4,0,0,0,0,1,200,200,16,200,0,21,200
1,200,30,0,0,0,1,10,5,4,0,0,0,0,1,200,200,16,200,0,21,200
1,200,30,0,0,0,1,10,5,4,0,0,0,0,1,200,200,16,200,1,200,200
0,200,30,1,2,0,3,2,6,6,0,0,0,1,200,200,200,2,2,0,21,200
0,200,30,0,0,0,1,10,2,2,0,0,0,0,200,200,200,0,0,0,200,200
0,200,30,0,0,0,1,10,2,2,0,0,0,0,200,200,200,0,0,2,65,200
1,200,30,0,0,0,1,10,2,2,0,0,0,0,200,200,200,0,0,0,70,200
0,200,35,1,2,0,1,10,2,2,0,0,0,0,1,200,200,18,0,0,24,200
0,200,35,1,2,0,1,10,2,2,0,0,0,0,1,200,200,18,0,0,45,200
0,200,30,0,0,0,1,0,5,200,0,0,0,0,200,200,200,200,200,0,200,200
0,200,30,0,0,0,1,0,5,200,0,0,0,0,200,200,200,200,200,0,51,200
1,200,30,0,0,0,1,0,5,200,0,0,0,0,200,200,200,200,200,0,200,200
0,200,30,0,0,0,1,7,2,200,0,0,0,0,200,200,1,0,0,2,200,200
0,1,10,0,0,2,3,7,12,0,0,1,0,0,200,200,200,0,0,1,23,200
0,200,30,4,2,0,0,12,2,2,0,0,0,0,1,200,200,16,0,0,23,200
0,200,30,4,2,0,0,12,2,2,0,0,0,0,1,200,200,16,0,0,27,200
0,200,30,0,0,0,3,12,7,200,0,0,0,0,200,200,200,17,0,0,200,200
0,200,30,0,0,0,3,12,7,200,0,0,0,0,200,200,200,17,0,0,38,200
0,200,30,1,2,0,1,7,2,200,0,0,0,0,200,200,1,0,0,2,200,200
0,200,25,1,2,0,1,7,5,200,0,0,0,0,200,200,200,23,200,1,200,200
1,200,25,1,2,0,1,7,5,200,0,0,0,0,200,200,200,23,200,2,200,200
0,200,30,0,0,0,1,7,5,2,0,0,0,0,200,200,200,0,0,0,200,200
0,200,30,0,0,0,4,14,5,200,0,0,0,0,200,200,1,0,0,2,200,200
0,200,30,0,0,0,4,14,5,200,0,0,0,0,200,200,1,0,0,1,53,200
0,200,30,0,0,0,200,7,6,200,0,0,1,0,200,200,1,11,8,0,200,200
0,200,15,0,0,0,3,7,200,200,0,0,0,1,200,200,200,7,11,0,19,200
0,200,30,0,0,0,3,7,6,2,0,0,0,1,200,200,200,0,16,0,32,200
0,200,30,1,2,0,0,11,5,200,0,0,0,0,200,200,200,21,200,1,47,200
0,200,30,1,2,0,0,11,5,200,0,0,0,0,200,200,200,21,200,1,46,200
1,200,30,1,2,0,0,11,5,200,0,0,0,0,200,200,200,21,200,1,71,200
1,200,30,1,2,0,0,11,5,200,0,0,0,0,200,200,200,21,200,0,8,200
1,200,30,1,2,0,0,11,5,200,0,0,0,0,200,200,200,21,200,0,12,200
0,200,30,1,2,0,3,10,5,2,0,0,0,0,200,200,200,18,200,2,200,200
0,200,30,1,2,0,3,10,5,2,0,0,0,0,200,200,200,18,200,0,42,200
0,200,30,1,2,2,0,11,5,200,0,1,0,0,1,200,200,17,0,0,50,200
0,200,30,1,2,2,0,11,5,200,0,1,0,0,1,200,200,17,0,0,43,200
0,200,25,2,2,0,1,10,6,1,0,0,0,0,1,200,200,8,8,1,34,200
0,200,25,2,2,0,1,10,6,1,0,0,0,0,1,200,200,8,8,0,58,200
0,200,30,1,2,0,3,14,3,4,0,0,0,1,1,200,200,6,0,0,18,200
0,200,30,1,2,0,3,14,3,4,0,0,0,1,1,200,200,6,0,0,51,200
0,1,30,200,200,200,200,7,5,200,0,200,200,0,200,200,1,0,0,1,38,200
0,200,35,1,2,0,1,14,3,6,0,0,0,0,1,200,200,23,21,1,47,200
0,200,35,1,2,0,1,14,3,6,0,0,0,0,1,200,200,23,21,0,31,200
0,200,10,0,0,0,1,2,7,200,0,0,0,0,200,200,200,0,200,1,56,200
1,200,10,0,0,0,1,2,7,200,0,0,0,0,200,200,200,0,200,1,200,200
0,200,10,0,0,0,0,3,7,200,0,0,0,1,200,200,1,0,0,2,200,200
0,200,10,0,0,0,0,3,7,200,0,0,0,1,200,200,1,0,0,0,47,200
1,200,10,0,0,0,0,3,7,200,0,0,0,1,200,200,1,0,0,0,22,200
0,200,20,0,0,0,3,7,6,1,0,0,0,1,200,200,1,0,0,0,200,200
1,200,20,0,0,0,3,7,6,1,0,0,0,1,200,200,1,0,0,200,200,200
1,200,20,0,0,0,3,7,6,1,0,0,0,1,200,200,1,0,0,200,200,200
1,200,20,0,0,0,3,7,6,1,0,0,0,1,200,200,1,0,0,200,200,200
0,200,30,0,0,0,3,7,5,200,0,0,0,1,200,200,1,0,0,0,200,200
1,200,30,0,0,0,3,7,5,200,0,0,0,1,200,200,1,0,0,0,33,200
0,200,30,1,2,0,3,0,6,3,0,0,0,1,1,200,200,6,16,0,24,200
0,200,30,1,2,0,3,0,6,3,0,0,0,1,1,200,200,6,16,0,30,200
1,200,30,1,2,0,3,0,6,3,0,0,0,1,1,200,200,6,16,0,200,200
1,200,30,1,2,0,3,0,6,3,0,0,0,1,1,200,200,6,16,0,34,200
0,200,30,0,0,0,3,10,5,200,0,0,0,0,200,200,1,18,200,0,200,200
0,200,30,0,0,0,3,10,5,200,0,0,0,0,200,200,1,18,200,1,57,200
1,200,30,0,0,0,3,10,5,200,0,0,0,0,200,200,1,18,200,1,62,200
1,200,30,0,0,0,3,10,5,200,0,0,0,0,200,200,1,18,200,1,59,200
0,200,5,0,0,0,0,2,7,2,0,0,0,0,200,1,0,14,0,2,200,200
0,200,30,2,2,0,3,0,5,4,0,200,200,1,1,200,1,5,17,2,200,200
0,200,30,2,2,0,3,0,5,4,0,200,200,1,1,200,1,5,17,0,23,200
0,200,30,0,0,0,3,7,6,1,0,0,200,1,200,200,200,32,200,0,27,0.18
1,200,30,0,0,0,3,7,6,1,0,0,200,1,200,200,200,32,200,1,44,200
0,200,15,0,0,0,3,7,7,0,0,0,0,0,200,200,1,20,16,0,200,200
1,200,15,0,0,0,3,7,7,0,0,0,0,0,200,200,1,20,16,1,35,200
1,200,15,0,0,0,3,7,7,0,0,0,0,0,200,200,1,20,16,1,19,200
1,200,15,0,0,0,3,7,7,0,0,0,0,0,200,200,1,20,16,1,14,200
1,200,15,0,0,0,3,7,7,0,0,0,0,0,200,200,1,20,16,1,10,200
1,200,15,0,0,0,3,7,7,0,0,0,0,0,200,200,1,20,16,1,13,200
0,200,30,2,2,0,3,3,5,200,0,0,0,1,1,200,200,17,16,0,37,200
0,200,30,2,2,0,3,3,5,200,0,0,0,1,1,200,200,17,16,1,23,200
0,200,35,1,2,0,3,0,6,3,0,0,0,0,1,200,200,0,0,0,44,200
0,200,35,1,2,0,3,0,6,3,0,0,0,0,1,200,200,0,0,0,34,200
0,200,30,200,200,0,3,12,6,2,0,200,200,0,200,200,1,16,0,0,200,200
0,200,30,200,200,0,3,12,6,2,0,200,200,0,200,200,1,16,0,1,27,200
1,200,30,200,200,0,3,12,6,2,0,200,200,0,200,200,1,16,0,0,200,200
1,200,30,200,200,0,3,12,6,2,0,200,200,0,200,200,1,16,0,0,200,200
0,200,30,0,0,0,3,7,6,200,0,0,0,1,200,200,200,2,200,0,39,200
0,200,30,0,0,0,1,12,6,200,0,0,0,0,200,200,200,0,200,1,200,200
0,200,30,0,0,0,1,12,6,200,0,0,0,0,200,200,200,0,200,0,43,200
0,200,30,0,0,0,3,7,5,1,0,0,0,1,200,200,200,12,200,0,26,200
1,200,30,0,0,0,3,7,5,1,0,0,0,1,200,200,200,12,200,1,28,200
0,200,30,0,0,0,4,10,6,1,0,0,0,0,200,200,1,0,200,0,200,200
0,200,30,0,0,0,4,10,6,1,0,0,0,0,200,200,1,0,200,1,27,200
0,200,30,1,2,0,3,0,5,2,0,0,0,1,1,200,1,6,14,0,200,200
0,200,30,1,2,0,3,0,5,2,0,0,0,1,1,200,1,6,14,0,52,200
0,200,25,0,0,0,0,10,6,1,0,0,0,0,200,200,200,200,200,0,32,200
0,200,35,0,0,0,1,10,5,200,0,0,0,0,200,200,200,18,18,0,200,200
0,200,35,0,0,0,1,10,5,200,0,0,0,0,200,200,200,18,18,1,53,200
0,200,20,2,2,0,3,7,5,2,0,0,0,1,200,200,1,0,0,2,200,200
0,200,30,0,0,0,3,7,6,200,0,0,0,1,200,200,200,200,200,0,23,200
0,200,30,1,2,0,3,0,5,4,0,0,0,0,1,200,1,6,6,2,200,200
0,200,30,1,2,0,3,0,5,4,0,0,0,0,1,200,1,6,6,0,35,200
0,200,30,0,0,0,3,5,2,2,0,0,200,0,200,200,200,32,25,0,22,200
1,200,30,0,0,0,3,5,2,2,0,0,200,0,200,200,200,32,25,0,38,200
0,200,30,0,0,0,0,7,6,1,0,0,0,1,200,200,1,0,0,0,200,200
0,1,30,1,2,0,4,7,5,2,0,0,0,0,200,200,1,0,200,1,200,200
0,200,30,0,0,0,3,7,6,200,0,0,0,0,0,200,1,0,0,2,200,200
0,200,30,0,0,0,4,7,6,200,0,0,0,1,200,200,200,11,200,1,17,200
1,200,30,0,0,0,4,7,6,200,0,0,0,1,200,200,200,11,200,1,20,200
0,1,30,0,0,0,1,11,5,2,2,0,3,1,200,200,1,0,0,1,200,200
0,1,30,0,0,0,1,11,5,2,2,0,3,1,200,200,1,0,0,1,19,200
0,200,30,3,2,0,1,7,2,4,0,0,0,0,200,200,200,21,200,0,56,200
0,200,55,0,0,0,1,12,3,4,0,0,200,0,200,200,200,21,200,0,41,200
0,200,55,0,0,0,1,12,3,4,0,0,200,0,200,200,200,21,200,0,38,200
0,200,30,1,2,0,1,2,1,2,0,0,0,0,1,200,200,23,11,0,43,200
3,200,30,1,2,0,1,2,1,2,0,0,0,0,1,200,200,23,11,2,200,200
0,200,30,0,0,0,1,12,5,4,0,0,0,0,200,200,200,25,200,0,38,200
0,200,30,0,0,0,1,12,5,4,0,0,0,0,200,200,200,25,200,0,45,200
1,200,30,0,0,0,1,12,5,4,0,0,0,0,200,200,200,25,200,1,45,200
0,200,30,0,0,0,1,7,5,200,0,0,0,0,200,200,200,0,0,2,200,200
0,200,30,0,0,0,0,14,5,200,0,0,0,0,200,200,200,23,17,1,200,200
0,200,30,0,0,0,0,14,5,200,0,0,0,0,200,200,200,23,17,1,40,200
0,200,15,0,0,0,1,6,0,1,0,0,0,0,200,200,200,27,27,1,49,200
0,200,30,11,2,2,1,10,5,2,0,1,0,0,200,200,1,0,0,0,200,200
0,200,30,11,2,2,1,10,5,2,0,1,0,0,200,200,1,0,0,0,59,200
0,200,30,1,2,0,1,10,5,0,0,0,0,0,1,200,200,18,18,1,67,200
0,200,30,1,2,0,1,10,5,0,0,0,0,0,1,200,200,18,18,1,47,200
0,200,30,0,0,0,1,14,5,200,0,0,0,0,200,200,200,23,200,1,31,200
0,200,30,0,0,0,1,14,5,200,0,0,0,0,200,200,200,23,200,1,33,200
1,200,30,0,0,0,1,14,5,200,0,0,0,0,200,200,200,23,200,1,32,200
0,200,0,0,0,0,1,7,7,200,0,0,0,0,200,1,200,0,200,0,52,200
0,200,30,1,3,0,1,0,5,4,0,0,0,0,1,200,200,0,0,0,55,200
0,200,30,1,3,0,1,0,5,4,0,0,0,0,1,200,200,0,0,0,30,200
0,200,30,2,200,0,1,10,6,2,0,0,200,0,1,200,1,18,0,0,200,200
0,200,30,2,200,0,1,10,6,2,0,0,200,0,1,200,1,18,0,1,29,200
1,200,30,2,200,0,1,10,6,2,0,0,200,0,1,200,1,18,0,200,200,200
0,200,30,0,0,0,1,9,3,200,0,0,0,1,200,200,200,0,200,0,32,200
5,200,30,0,0,0,1,9,3,200,0,0,0,1,200,200,200,0,200,0,58,200
0,200,30,0,0,0,2,10,2,2,0,0,0,0,1,200,200,17,18,0,42,200
0,200,30,0,0,0,2,10,2,2,0,0,0,0,1,200,200,17,18,0,31,200
0,200,30,3,2,0,1,8,2,2,0,0,0,1,200,200,200,17,7,1,45,200
4,200,30,3,2,0,1,8,2,2,0,0,0,1,200,200,200,17,7,0,25,200
1,200,30,3,2,0,1,8,2,2,0,0,0,1,200,200,200,17,7,0,47,200
0,200,30,2,2,0,1,8,6,1,0,0,0,0,1,200,1,0,200,0,200,200
4,200,30,2,2,0,1,8,6,1,0,0,0,0,1,200,1,0,200,0,12,200
0,200,30,0,0,0,1,0,7,2,0,200,200,0,200,200,200,0,0,1,64,200
0,200,30,0,0,0,1,0,7,2,0,200,200,0,200,200,200,0,0,1,78,200
0,200,30,0,0,0,1,14,5,4,0,200,200,0,200,200,200,23,200,1,26,200
0,200,30,0,0,0,1,14,5,4,0,200,200,0,200,200,200,23,200,1,54,200
0,200,30,1,1,0,1,10,5,6,0,0,0,0,1,200,200,0,200,1,26,200
0,200,30,1,1,0,1,10,5,6,0,0,0,0,1,200,200,0,200,0,51,200
0,200,30,1,2,0,1,14,2,4,0,0,0,0,200,200,1,23,0,2,200,200
0,200,30,1,2,0,1,14,2,4,0,0,0,0,200,200,1,23,0,1,40,200
0,200,30,0,0,0,1,12,5,4,0,0,0,0,200,200,200,21,200,0,43,200
0,200,30,0,0,0,1,12,5,4,0,0,0,0,200,200,200,21,200,0,20,200
1,200,30,0,0,0,1,12,5,4,0,0,0,0,200,200,200,21,200,1,18,200
0,200,30,0,0,0,1,9,5,2,0,0,200,0,200,200,1,25,17,1,200,200
5,200,30,0,0,0,1,9,5,2,0,0,200,0,200,200,1,25,17,0,37,200
0,200,15,0,0,0,1,7,12,0,0,0,0,0,200,200,200,20,20,0,59,200
0,200,30,0,0,0,1,11,4,2,2,0,0,1,200,200,200,21,200,1,34,200
0,200,30,0,0,0,1,11,4,2,2,0,0,1,200,200,200,21,200,0,59,200
0,200,30,0,0,0,1,14,0,1,0,0,0,1,200,200,200,17,33,0,66,200
0,200,30,0,0,0,1,14,0,1,0,0,0,1,200,200,200,17,33,1,70,200
1,200,30,0,0,0,1,14,0,1,0,0,0,1,200,200,200,17,33,0,64,200
0,200,30,1,2,0,1,10,2,200,0,0,0,0,200,200,200,18,0,0,46,200
0,200,30,1,2,0,1,10,2,200,0,0,0,0,200,200,200,18,0,0,57,200
0,200,30,2,2,0,1,10,2,2,0,0,0,1,1,200,200,18,200,0,74,200
0,200,30,2,2,0,1,10,2,2,0,0,0,1,1,200,200,18,200,0,42,200
0,200,25,0,2,0,1,7,5,200,0,0,0,0,200,200,200,23,200,0,31,200
0,200,30,0,0,0,1,12,3,200,0,0,0,0,200,200,1,17,200,2,200,200
0,200,30,0,0,0,1,12,3,200,0,0,0,0,200,200,1,17,200,1,51,200
0,200,30,0,0,0,1,10,7,200,0,0,0,0,200,1,200,20,20,1,26,200
0,200,30,0,0,0,1,10,7,200,0,0,0,0,200,1,200,20,20,0,34,200
0,200,25,1,2,0,1,10,5,200,0,0,0,0,200,200,200,18,0,0,71,200
0,200,25,1,2,0,1,10,5,200,0,0,0,0,200,200,200,18,0,0,66,200
0,200,30,0,0,0,1,7,6,200,0,0,0,0,200,200,1,0,0,2,200,200
0,200,30,0,0,0,1,3,2,2,0,0,0,1,200,200,1,0,200,2,200,200
0,200,30,0,0,0,1,3,2,2,0,0,0,1,200,200,1,0,200,0,74,200
1,200,30,0,0,0,1,3,2,2,0,0,0,1,200,200,1,0,200,1,70,200
0,200,30,0,0,0,1,7,5,2,0,0,0,0,200,200,1,200,200,2,200,200
0,200,30,2,2,0,1,0,5,200,0,0,0,0,200,200,200,17,0,1,50,200
0,200,30,2,2,0,1,0,5,200,0,0,0,0,200,200,200,17,0,1,37,200
0,0,30,1,2,0,1,8,3,200,0,0,0,1,1,200,200,17,22,0,74,200
4,0,30,1,2,0,1,8,3,200,0,0,0,1,1,200,200,17,22,0,49,200
0,200,30,1,2,0,1,12,5,1,0,0,0,0,1,200,200,0,25,0,29,200
0,200,30,1,2,0,1,12,5,1,0,0,0,0,1,200,200,0,25,0,59,200
0,200,15,0,0,0,1,7,7,1,0,0,0,0,200,1,200,0,200,0,51,200
0,200,30,2,2,0,1,10,6,1,0,0,0,0,1,200,200,18,200,1,46,200
0,200,30,2,2,0,1,10,6,1,0,0,0,0,1,200,200,18,200,0,200,200
1,200,30,2,2,0,1,10,6,1,0,0,0,0,1,200,200,18,200,1,13,200
0,1,30,0,0,0,0,7,6,4,0,0,0,0,200,200,1,22,0,2,200,200
0,1,20,0,0,0,1,12,5,1,0,0,0,0,200,200,200,0,0,0,44,200
0,1,20,0,0,0,1,12,5,1,0,0,0,0,200,200,200,0,0,0,21,200
0,200,25,0,0,0,1,7,5,200,0,0,0,0,200,200,200,22,0,0,52,200
0,200,30,1,2,0,1,14,6,4,0,0,0,0,1,200,200,21,200,0,49,200
0,200,30,1,2,0,1,14,6,4,0,0,0,0,1,200,200,21,200,1,62,200
1,200,30,1,2,0,1,14,6,4,0,0,0,0,1,200,200,21,200,1,88,200
0,200,25,0,0,0,1,7,5,200,0,0,0,0,200,200,200,0,200,0,70,200
0,200,30,0,0,0,1,7,5,2,0,0,0,0,200,200,1,14,14,1,200,200
0,200,20,0,0,0,3,7,6,1,0,0,0,0,200,200,1,0,200,2,200,200
0,200,10,0,0,0,1,0,7,200,0,0,0,0,200,200,200,0,0,0,38,200
0,200,10,0,0,0,1,0,7,200,0,0,0,0,200,200,200,0,0,1,32,200
0,200,30,0,3,0,1,0,2,200,0,0,0,0,200,200,200,17,17,1,29,200
0,200,30,0,3,0,1,0,2,200,0,0,0,0,200,200,200,17,17,0,200,200
0,200,30,0,0,0,1,14,5,2,0,0,0,1,1,200,200,17,23,0,60,200
0,200,30,0,0,0,1,14,5,2,0,0,0,1,1,200,200,17,23,1,32,200
1,200,30,0,0,0,1,14,5,2,0,0,0,1,1,200,200,17,23,1,200,200
1,200,30,0,0,0,1,14,5,2,0,0,0,1,1,200,200,17,23,1,200,200
1,200,30,0,0,0,1,14,5,2,0,0,0,1,1,200,200,17,23,0,200,200
0,200,30,1,2,0,1,14,6,200,0,0,0,1,1,200,200,22,200,1,23,200
0,200,30,1,2,0,1,14,6,200,0,0,0,1,1,200,200,22,200,0,38,200
0,200,30,0,0,0,1,14,2,4,0,0,0,1,200,200,200,23,200,0,19,200
0,200,30,0,0,0,1,14,2,4,0,0,0,1,200,200,200,23,200,0,27,200
0,200,30,0,0,0,1,12,2,200,0,0,0,0,200,200,200,0,0,0,67,200
0,200,30,0,0,0,1,12,2,200,0,0,0,0,200,200,200,0,0,0,60,200
0,200,40,0,0,0,1,12,3,8,0,0,0,0,200,200,200,11,200,1,30,200
0,200,40,0,0,0,1,12,3,8,0,0,0,0,200,200,200,11,200,1,51,200
0,200,20,0,0,0,1,7,5,2,0,0,3,0,200,200,200,12,0,0,42,200
0,200,20,0,0,0,1,12,7,1,0,0,0,0,200,200,200,0,0,1,34,200
0,200,20,0,0,0,1,12,7,1,0,0,0,0,200,200,200,0,0,1,24,200
1,200,20,0,0,0,1,12,7,1,0,0,0,0,200,200,200,0,0,0,200,200
0,200,30,1,2,0,1,12,3,200,0,0,0,0,200,200,200,17,17,1,45,200
0,200,30,1,2,0,1,12,3,200,0,0,0,0,200,200,200,17,17,0,56,200
1,200,30,1,2,0,1,12,3,200,0,0,0,0,200,200,200,17,17,0,52,200
0,200,30,3,2,0,1,12,3,6,3,0,0,0,1,200,200,17,200,0,39,200
0,200,30,3,2,0,1,12,3,6,3,0,0,0,1,200,200,17,200,0,200,200
0,200,30,1,2,0,1,10,2,200,0,0,0,1,200,200,200,18,200,1,28,200
0,200,30,1,2,0,1,10,2,200,0,0,0,1,200,200,200,18,200,0,21,200
0,200,15,0,0,0,1,12,12,1,0,0,3,0,200,200,200,0,200,0,43,200
0,200,15,0,0,0,1,12,12,1,0,0,3,0,200,200,200,0,200,0,54,200
0,200,30,1,2,0,1,12,5,2,3,0,0,0,200,200,1,21,22,0,200,200
0,200,30,1,2,0,1,12,5,2,3,0,0,0,200,200,1,21,22,1,24,200
1,200,30,1,2,0,1,12,5,2,3,0,0,0,200,200,1,21,22,0,200,200
1,200,30,1,2,0,1,12,5,2,3,0,0,0,200,200,1,21,22,200,200,200
0,200,30,0,0,0,1,7,3,4,0,0,0,0,200,200,1,0,0,2,200,200
0,200,30,0,0,0,1,2,0,1,0,0,0,0,200,200,200,0,0,0,23,200
1,200,30,0,0,0,1,2,0,1,0,0,0,0,200,200,200,0,0,0,200,200
1,200,30,0,0,0,1,2,0,1,0,0,0,0,200,200,200,0,0,0,200,200
0,0,30,1,2,0,1,14,6,200,0,0,200,0,200,200,200,33,200,0,56,200
0,0,30,1,2,0,1,14,6,200,0,0,200,0,200,200,200,33,200,0,58,200
0,200,30,0,0,0,1,12,2,2,0,0,0,0,200,200,200,16,23,0,36,200
0,200,30,0,0,0,1,12,2,2,0,0,0,0,200,200,200,16,23,1,52,200
0,200,30,0,0,0,1,9,2,2,0,0,0,1,200,200,200,20,16,1,200,200
5,200,30,0,0,0,1,9,2,2,0,0,0,1,200,200,200,20,16,0,45,200
1,200,30,0,0,0,1,9,2,2,0,0,0,1,200,200,200,20,16,1,200,200
0,200,30,2,2,0,1,14,2,200,2,0,0,1,1,200,200,17,33,0,78,200
0,200,30,2,2,0,1,14,2,200,2,0,0,1,1,200,200,17,33,0,40,200
0,200,30,1,2,0,1,10,2,2,0,0,0,0,200,200,200,7,18,1,50,200
0,200,30,1,2,0,1,10,2,2,0,0,0,0,200,200,200,7,18,1,18,200
1,200,30,1,2,0,1,10,2,2,0,0,0,0,200,200,200,7,18,1,200,200
0,200,30,0,0,0,1,10,3,200,0,0,0,0,200,200,200,20,200,0,53,200
0,200,30,0,0,0,1,10,3,200,0,0,0,0,200,200,200,20,200,1,25,200
1,200,30,0,0,0,1,10,3,200,0,0,0,0,200,200,200,20,200,0,27,200
1,200,30,0,0,0,1,10,3,200,0,0,0,0,200,200,200,20,200,0,7,200
0,200,30,0,0,0,1,10,5,2,0,0,0,0,200,200,200,0,200,0,44,200
0,200,30,0,0,0,1,10,5,2,0,0,0,0,200,200,200,0,200,1,17,200
0,200,15,0,0,0,1,0,7,200,0,0,0,0,200,200,200,20,200,1,25,200
0,200,15,0,0,0,1,0,7,200,0,0,0,0,200,200,200,20,200,0,33,200
1,200,15,0,0,0,1,0,7,200,0,0,0,0,200,200,200,20,200,200,200,200
1,200,15,0,0,0,1,0,7,200,0,0,0,0,200,200,200,20,200,200,200,200
1,200,15,0,0,0,1,0,7,200,0,0,0,0,200,200,200,20,200,200,200,200
0,200,30,0,0,0,1,14,5,4,0,0,0,0,1,200,200,17,23,1,200,200
0,200,30,0,0,0,1,14,5,4,0,0,0,0,1,200,200,17,23,0,200,200
0,200,5,0,0,0,1,10,7,200,0,0,0,0,200,1,200,20,200,1,35,200
0,200,5,0,0,0,1,10,7,200,0,0,0,0,200,1,200,20,200,1,26,200
1,200,5,0,0,0,1,10,7,200,0,0,0,0,200,1,200,20,200,0,1,200
0,200,30,0,0,0,1,10,5,4,0,0,0,0,200,200,200,18,0,0,200,200
0,200,30,0,0,0,1,10,5,4,0,0,0,0,200,200,200,18,0,0,42,200
1,200,30,0,0,0,1,10,5,4,0,0,0,0,200,200,200,18,0,1,200,200
0,200,30,1,2,0,1,14,5,200,0,0,0,0,1,200,200,23,200,1,49,200
0,200,30,1,2,0,1,14,5,200,0,0,0,0,1,200,200,23,200,1,52,200
0,200,30,2,2,0,1,10,5,4,0,0,0,0,200,200,200,20,200,0,22,200
0,200,30,2,2,0,1,10,5,4,0,0,0,0,200,200,200,20,200,0,67,200
1,200,30,2,2,0,1,10,5,4,0,0,0,0,200,200,200,20,200,0,20,200
0,200,30,1,2,0,1,10,5,200,0,0,0,0,1,200,200,22,16,0,30,200
0,200,30,1,2,0,1,10,5,200,0,0,0,0,1,200,200,22,16,0,65,200
0,200,30,0,0,0,1,14,2,200,0,0,0,0,200,200,200,17,0,0,65,200
0,200,30,0,0,0,1,14,2,200,0,0,0,0,200,200,200,17,0,1,74,200
0,200,30,1,2,0,1,10,200,200,0,0,0,0,200,200,200,16,16,0,77,200
0,200,30,1,2,0,1,10,200,200,0,0,0,0,200,200,200,16,16,0,39,200
0,200,30,0,0,0,1,7,2,2,0,0,0,0,200,200,200,18,0,0,29,200
0,200,30,0,0,0,1,12,5,4,0,0,0,0,200,200,200,17,0,0,200,200
0,200,30,0,0,0,1,12,5,4,0,0,0,0,200,200,200,17,0,1,200,200
0,200,30,0,0,0,1,10,5,2,0,0,0,0,200,200,200,0,0,0,36,200
0,200,30,0,0,0,1,10,5,2,0,0,0,0,200,200,200,0,0,0,53,200
1,200,30,0,0,0,1,10,5,2,0,0,0,0,200,200,200,0,0,0,200,200
0,200,30,0,0,200,200,7,2,2,0,200,200,0,200,200,1,0,200,2,200,200
0,200,20,2,2,0,1,2,5,2,0,0,0,1,1,200,200,25,16,0,54,200
0,200,25,0,0,0,1,7,6,1,0,0,0,0,200,200,1,0,0,0,200,200
0,200,30,1,2,0,1,14,5,3,0,0,0,0,200,200,200,21,22,0,29,200
0,200,30,1,2,0,1,14,5,3,0,0,0,0,200,200,200,21,22,1,51,200
1,200,30,1,2,0,1,14,5,3,0,0,0,0,200,200,200,21,22,2,200,200
0,200,35,200,200,0,1,14,5,2,0,0,200,1,1,200,200,16,0,0,29,200
0,200,35,200,200,0,1,14,5,2,0,0,200,1,1,200,200,16,0,1,25,200
1,200,35,200,200,0,1,14,5,2,0,0,200,1,1,200,200,16,0,0,30,200
0,200,30,2,0,0,1,10,5,2,0,0,0,0,200,200,1,0,200,0,200,200
0,200,30,2,0,0,1,10,5,2,0,0,0,0,200,200,1,0,200,0,52,200
0,200,30,0,0,0,1,7,7,200,0,0,0,0,200,1,200,20,200,0,61,200
0,200,30,2,2,0,1,10,6,1,0,0,0,0,1,200,200,18,200,0,200,200
0,200,30,2,2,0,1,10,6,1,0,0,0,0,1,200,200,18,200,0,200,200
1,200,30,2,2,0,1,10,6,1,0,0,0,0,1,200,200,18,200,1,200,200
1,200,30,2,2,0,1,10,6,1,0,0,0,0,1,200,200,18,200,1,200,200
1,200,30,2,2,0,1,10,6,1,0,0,0,0,1,200,200,18,200,0,200,200
0,200,35,0,0,0,1,14,5,200,2,0,0,1,1,200,200,17,5,1,22,200
0,200,35,0,0,0,1,14,5,200,2,0,0,1,1,200,200,17,5,0,71,200
1,200,35,0,0,0,1,14,5,200,2,0,0,1,1,200,200,17,5,0,41,200
0,200,30,0,0,0,1,7,5,2,0,0,0,0,200,200,1,0,0,2,200,200
0,200,30,0,0,0,1,10,5,200,0,0,0,1,200,200,200,18,200,1,43,200
0,200,30,0,0,0,1,10,5,200,0,0,0,1,200,200,200,18,200,1,19,200
0,200,20,0,12,0,1,7,12,200,0,0,0,0,200,200,1,0,200,2,200,200
0,200,30,0,0,0,1,7,6,200,0,0,0,0,200,200,1,0,200,2,200,200
0,200,35,0,0,0,1,7,6,200,0,0,0,0,200,200,1,18,200,2,200,200