PERSON_TYPE,CRASH_DATE_EST_I,POSTED_SPEED_LIMIT,TRAFFIC_CONTROL_DEVICE,DEVICE_CONDITION,WEATHER_CONDITION,LIGHTING_CONDITION,FIRST_CRASH_TYPE,TRAFFICWAY_TYPE,LANE_CNT,ALIGNMENT,ROADWAY_SURFACE_COND,ROAD_DEFECT,CRASH_TYPE,INTERSECTION_RELATED_I,NOT_RIGHT_OF_WAY_I,HIT_AND_RUN_I,PRIM_CONTRIBUTORY_CAUSE,SEC_CONTRIBUTORY_CAUSE,SEX,AGE,BAC_RESULT VALUE
0,200,20,0,0,0,1,7,6,1,0,0,0,0,200,200,200,11,200,0,30,200
0,200,30,0,0,0,1,0,5,200,0,0,0,0,1,200,200,0,0,0,33,200
0,200,30,0,0,0,1,0,5,200,0,0,0,0,1,200,200,0,0,1,22,200
0,200,30,0,0,0,1,12,2,200,0,0,0,0,200,200,200,0,0,0,200,200
0,200,30,0,0,0,1,12,2,200,0,0,0,0,200,200,200,0,0,0,17,200
0,200,25,0,0,0,1,10,2,4,0,0,0,0,200,200,200,0,0,0,19,200
0,200,25,0,0,0,1,10,2,4,0,0,0,0,200,200,200,0,0,1,36,200
0,200,25,0,0,0,1,10,2,4,0,0,0,0,200,200,200,0,0,1,200,200
0,200,25,0,0,0,1,10,2,4,0,0,0,0,200,200,200,0,0,1,27,200
0,200,30,1,2,0,1,14,2,4,0,0,0,0,1,200,200,33,17,1,200,200
0,200,30,1,2,0,1,14,2,4,0,0,0,0,1,200,200,33,17,0,24,200
0,200,35,1,200,0,1,9,5,4,0,0,0,1,1,200,1,17,0,2,200,200
5,200,35,1,200,0,1,9,5,4,0,0,0,1,1,200,1,17,0,200,39,200
0,200,20,0,0,0,1,12,6,200,0,0,0,0,200,200,200,0,0,0,63,200
0,200,20,0,0,0,1,12,6,200,0,0,0,0,200,200,200,0,0,0,27,200
0,200,30,0,0,0,1,10,12,200,0,0,0,0,200,200,200,200,200,0,200,200
0,200,30,0,0,0,1,10,12,200,0,0,0,0,200,200,200,200,200,0,30,200
0,200,30,0,0,0,1,7,0,200,0,0,0,0,200,200,200,0,0,1,45,200
0,200,30,1,2,0,1,14,5,4,0,0,0,1,0,200,200,8,200,0,78,200
0,200,30,1,2,0,1,14,5,4,0,0,0,1,0,200,200,8,200,0,31,200
0,200,30,1,2,0,1,14,5,4,0,0,0,1,0,200,200,8,200,0,44,200
0,200,30,0,0,0,1,10,5,200,0,0,0,0,200,200,200,18,18,0,37,200
0,200,30,0,0,0,1,10,5,200,0,0,0,0,200,200,200,18,18,0,32,200
0,200,10,0,0,0,1,7,5,200,0,0,0,0,200,1,200,0,0,0,200,200
0,200,30,1,12,0,1,0,5,2,0,0,0,0,1,200,1,0,0,1,200,200
0,200,30,1,12,0,1,0,5,2,0,0,0,0,1,200,1,0,0,1,200,200
0,200,30,1,2,0,1,0,5,4,0,0,0,1,1,200,200,6,200,1,39,200
0,200,30,1,2,0,1,0,5,4,0,0,0,1,1,200,200,6,200,0,39,200
0,200,30,0,0,0,1,10,6,200,0,0,0,0,200,200,200,11,200,0,22,200
0,200,30,0,0,0,1,10,6,200,0,0,0,0,200,200,200,11,200,0,46,200
0,200,30,2,2,0,1,0,6,1,0,0,0,0,200,200,200,17,0,0,72,200
0,200,30,2,2,0,1,0,6,1,0,0,0,0,200,200,200,17,0,1,26,200
0,200,30,200,200,200,200,7,5,200,0,200,200,0,200,200,1,0,200,2,200,200
0,200,30,0,0,0,1,7,5,200,0,0,3,1,200,200,200,15,29,0,22,200
1,200,30,0,0,0,1,7,5,200,0,0,3,1,200,200,200,15,29,0,18,200
1,200,30,0,0,0,1,7,5,200,0,0,3,1,200,200,200,15,29,0,20,200
0,200,30,0,0,0,1,7,7,200,0,0,0,0,200,200,200,0,0,0,71,200
0,200,30,0,0,0,1,7,6,1,0,0,0,0,200,200,1,25,200,0,200,200
0,200,30,0,0,0,1,12,5,200,0,0,0,0,200,200,1,0,0,0,200,200
0,200,30,0,0,0,1,12,5,200,0,0,0,0,200,200,1,0,0,1,26,200
1,200,30,0,0,0,1,12,5,200,0,0,0,0,200,200,1,0,0,1,20,200
0,200,30,2,2,0,1,7,3,4,0,0,0,1,200,200,200,11,11,1,23,200
1,200,30,2,2,0,1,7,3,4,0,0,0,1,200,200,200,11,11,0,27,200
0,200,10,200,200,200,200,12,200,200,0,200,200,0,200,1,200,0,0,0,50,200
0,200,10,200,200,200,200,12,200,200,0,200,200,0,200,1,200,0,0,1,51,200
0,200,30,0,0,0,1,10,5,2,0,0,0,0,200,200,200,0,0,0,200,200
0,200,30,0,0,0,1,10,5,2,0,0,0,0,200,200,200,0,0,0,200,200
1,200,30,0,0,0,1,10,5,2,0,0,0,0,200,200,200,0,0,1,200,200
1,200,30,0,0,0,1,10,5,2,0,0,0,0,200,200,200,0,0,0,200,200
1,200,30,0,0,0,1,10,5,2,0,0,0,0,200,200,200,0,0,1,200,200
0,200,30,1,2,0,1,14,5,4,0,0,200,0,200,200,200,17,23,0,42,200
0,200,30,1,2,0,1,14,5,4,0,0,200,0,200,200,200,17,23,1,41,200
1,200,30,1,2,0,1,14,5,4,0,0,200,0,200,200,200,17,23,1,16,200
1,200,30,1,2,0,1,14,5,4,0,0,200,0,200,200,200,17,23,1,1,200
0,200,30,0,0,0,1,10,5,2,0,0,0,0,200,200,1,16,0,1,200,200
0,200,30,0,0,0,1,10,5,2,0,0,0,0,200,200,1,16,0,0,53,200
0,200,30,200,200,0,4,12,5,3,0,200,200,1,200,200,200,21,22,1,24,200
0,200,30,200,200,0,4,12,5,3,0,200,200,1,200,200,200,21,22,1,35,200
1,200,30,200,200,0,4,12,5,3,0,200,200,1,200,200,200,21,22,1,200,200
0,200,30,0,0,0,1,8,2,200,0,0,0,1,200,200,200,16,17,0,28,200
4,200,30,0,0,0,1,8,2,200,0,0,0,1,200,200,200,16,17,0,31,200
0,200,30,2,2,0,1,14,6,200,0,1,0,0,1,200,1,8,6,1,200,200
0,200,30,2,2,0,1,14,6,200,0,1,0,0,1,200,1,8,6,1,45,200
0,200,30,2,2,0,1,14,6,200,0,1,0,0,1,200,1,8,6,1,47,200
1,200,30,2,2,0,1,14,6,200,0,1,0,0,1,200,1,8,6,1,200,200
1,200,30,2,2,0,1,14,6,200,0,1,0,0,1,200,1,8,6,0,200,200
0,200,30,0,0,0,1,10,2,2,0,0,0,0,200,200,1,16,18,0,200,200
0,200,30,0,0,0,1,10,2,2,0,0,0,0,200,200,1,16,18,1,19,200
1,200,30,0,0,0,1,10,2,2,0,0,0,0,200,200,1,16,18,1,17,200
1,200,30,0,0,0,1,10,2,2,0,0,0,0,200,200,1,16,18,1,16,200
0,1,30,0,0,0,1,7,6,1,0,0,0,1,200,200,200,0,0,2,200,200
0,200,30,0,0,0,1,14,6,1,0,0,0,0,200,200,200,17,17,1,61,200
0,200,30,0,0,0,1,14,6,1,0,0,0,0,200,200,200,17,17,1,28,200
0,200,30,2,1,0,1,0,5,4,0,0,0,1,1,200,200,11,200,1,26,200
0,200,30,2,1,0,1,0,5,4,0,0,0,1,1,200,200,11,200,0,69,200
0,200,30,1,2,0,1,10,2,4,0,0,0,0,0,200,200,18,0,1,41,200
0,200,30,1,2,0,1,10,2,4,0,0,0,0,0,200,200,18,0,0,71,200
0,200,30,1,2,0,1,10,2,4,0,0,0,0,0,200,200,18,0,0,47,200
0,200,30,0,0,0,1,10,5,200,0,0,0,0,200,200,200,18,18,0,27,200
0,200,30,0,0,0,1,10,5,200,0,0,0,0,200,200,200,18,18,0,27,200
0,200,10,0,0,0,1,4,7,200,0,0,0,0,200,200,200,200,200,1,30,200
0,200,30,1,2,0,1,14,5,200,1,0,0,0,1,200,200,23,0,0,51,200
0,200,30,1,2,0,1,14,5,200,1,0,0,0,1,200,200,23,0,1,25,200
1,200,30,1,2,0,1,14,5,200,1,0,0,0,1,200,200,23,0,0,200,200
0,200,30,2,2,0,1,0,5,2,0,0,0,1,1,200,200,17,16,0,27,200
0,200,30,2,2,0,1,0,5,2,0,0,0,1,1,200,200,17,16,0,19,200
1,200,30,2,2,0,1,0,5,2,0,0,0,1,1,200,200,17,16,1,17,200
0,200,30,0,0,0,1,7,2,2,0,0,0,0,200,200,1,0,0,2,200,200
1,200,30,0,0,0,1,7,2,2,0,0,0,0,200,200,1,0,0,1,28,200
0,1,30,0,0,0,1,7,5,200,0,0,0,0,200,200,1,18,200,2,200,200
0,0,30,2,2,0,1,0,2,6,0,0,0,1,200,200,200,17,17,1,41,200
0,0,30,2,2,0,1,0,2,6,0,0,0,1,200,200,200,17,17,1,73,200
1,0,30,2,2,0,1,0,2,6,0,0,0,1,200,200,200,17,17,0,9,200
0,200,30,0,0,0,1,12,5,2,0,0,0,0,200,200,1,21,200,2,200,200
0,200,30,0,0,0,1,12,5,2,0,0,0,0,200,200,1,21,200,1,43,200
0,200,40,0,0,0,1,10,3,200,0,0,0,0,200,200,200,0,0,1,200,200
0,200,40,0,0,0,1,10,3,200,0,0,0,0,200,200,200,0,0,1,200,200
0,200,30,200,200,0,1,8,5,200,0,200,200,1,200,200,200,22,21,1,200,200
4,200,30,200,200,0,1,8,5,200,0,200,200,1,200,200,200,22,21,0,35,200
0,200,30,0,0,0,1,12,6,4,0,0,0,1,200,200,200,21,16,0,36,200
0,200,30,0,0,0,1,12,6,4,0,0,0,1,200,200,200,21,16,1,43,200
1,200,30,0,0,0,1,12,6,4,0,0,0,1,200,200,200,21,16,1,30,200
1,200,30,0,0,0,1,12,6,4,0,0,0,1,200,200,200,21,16,1,6,200
1,200,30,0,0,0,1,12,6,4,0,0,0,1,200,200,200,21,16,0,5,200
0,200,30,0,0,0,1,3,5,200,0,0,0,1,200,200,200,0,21,0,77,200
0,200,30,0,0,0,1,3,5,200,0,0,0,1,200,200,200,0,21,1,55,200
0,200,30,2,2,0,1,10,5,4,0,0,0,1,1,200,200,0,0,2,200,200
0,200,30,2,2,0,1,10,5,4,0,0,0,1,1,200,200,0,0,0,36,200
0,200,30,2,2,0,1,10,5,4,0,0,0,1,1,200,200,0,0,0,73,200
0,200,30,0,0,0,1,0,7,200,0,0,0,0,200,200,200,20,0,1,200,200
0,200,30,0,0,0,1,0,7,200,0,0,0,0,200,200,200,20,0,1,35,200
0,200,30,0,0,0,1,14,2,200,0,0,0,0,200,200,200,17,200,1,28,200
0,200,30,0,0,0,1,14,2,200,0,0,0,0,200,200,200,17,200,0,39,200
1,200,30,0,0,0,1,14,2,200,0,0,0,0,200,200,200,17,200,0,34,200
0,200,30,0,0,0,1,7,5,2,0,0,0,1,200,200,1,19,25,0,25,200
0,200,15,0,0,0,1,0,0,1,0,0,0,1,200,200,0,17,0,1,17,200
0,200,15,0,0,0,1,0,0,1,0,0,0,1,200,200,0,17,0,1,36,200
1,200,15,0,0,0,1,0,0,1,0,0,0,1,200,200,0,17,0,1,17,200
0,200,30,1,2,0,1,10,5,200,0,0,0,0,200,200,200,0,0,0,39,200
0,200,30,1,2,0,1,10,5,200,0,0,0,0,200,200,200,0,0,0,29,200
0,200,30,0,0,0,1,12,5,200,0,0,0,0,200,200,200,0,0,0,56,200
0,200,30,0,0,0,1,12,5,200,0,0,0,0,200,200,200,0,0,0,35,200
0,200,15,0,0,0,1,7,6,1,0,0,0,1,200,200,1,0,0,0,200,200
0,200,30,2,2,0,1,11,12,2,0,0,0,0,1,200,1,0,0,1,48,200
0,200,30,1,2,0,1,12,5,200,0,0,200,0,200,200,200,22,0,1,45,200
0,200,30,1,2,0,1,12,5,200,0,0,200,0,200,200,200,22,0,1,32,200
0,200,30,0,0,0,1,7,3,2,0,0,0,1,1,200,200,27,16,0,39,200
1,200,30,0,0,0,1,7,3,2,0,0,0,1,1,200,200,27,16,0,18,200
1,200,30,0,0,0,1,7,3,2,0,0,0,1,1,200,200,27,16,0,16,200
0,200,30,0,0,0,1,12,200,200,0,0,0,0,200,200,200,0,0,0,25,200
0,200,30,0,0,0,1,12,200,200,0,0,0,0,200,200,200,0,0,0,29,200
0,200,30,1,2,0,1,10,5,4,0,200,200,1,200,200,200,11,18,1,200,200
0,200,30,1,2,0,1,10,5,4,0,200,200,1,200,200,200,11,18,0,32,200
0,200,30,0,0,0,1,0,7,2,0,0,0,0,200,200,200,20,20,1,61,200
0,200,30,0,0,0,1,0,7,2,0,0,0,0,200,200,200,20,20,0,200,200
0,200,30,1,2,0,1,14,5,3,0,0,0,0,200,200,200,21,23,0,61,200
0,200,30,1,2,0,1,14,5,3,0,0,0,0,200,200,200,21,23,0,54,200
0,200,30,0,0,0,1,10,5,2,0,0,0,0,200,200,200,18,200,0,26,200
0,200,30,0,0,0,1,10,5,2,0,0,0,0,200,200,200,18,200,1,28,200
0,200,30,0,0,0,1,10,5,2,0,0,0,0,200,200,200,18,200,0,60,200
0,200,30,0,0,0,1,14,5,2,0,0,0,0,200,200,200,17,200,0,50,200
0,200,30,0,0,0,1,14,5,2,0,0,0,0,200,200,200,17,200,0,27,200
0,200,30,0,0,0,1,0,0,200,0,0,0,1,200,200,200,17,200,0,43,200
0,200,30,0,0,0,1,0,0,200,0,0,0,1,200,200,200,17,200,1,43,200
1,200,30,0,0,0,1,0,0,200,0,0,0,1,200,200,200,17,200,0,42,200
1,200,30,0,0,0,1,0,0,200,0,0,0,1,200,200,200,17,200,0,14,200
1,200,30,0,0,0,1,0,0,200,0,0,0,1,200,200,200,17,200,0,11,200
1,200,30,0,0,0,1,0,0,200,0,0,0,1,200,200,200,17,200,1,8,200
4,200,30,0,0,0,1,8,2,2,0,0,0,0,200,200,200,17,200,0,35,200
1,200,30,0,0,0,1,8,2,2,0,0,0,0,200,200,200,17,200,0,200,200
1,200,30,0,0,0,1,8,2,2,0,0,0,0,200,200,200,17,200,0,200,200
0,200,30,0,0,0,1,7,5,2,0,0,0,0,200,200,1,0,0,2,200,200
0,200,30,0,0,0,1,12,5,200,0,0,0,0,200,200,200,0,0,0,200,200
0,200,30,0,0,0,1,12,5,200,0,0,0,0,200,200,200,0,0,0,32,200
0,200,30,2,2,0,1,14,2,4,0,0,0,0,1,200,200,17,200,0,29,200
0,200,30,2,2,0,1,14,2,4,0,0,0,0,1,200,200,17,200,1,36,200
0,200,30,1,2,0,1,10,2,4,0,200,12,0,200,200,200,18,16,1,39,200
0,200,30,1,2,0,1,10,2,4,0,200,12,0,200,200,200,18,16,0,41,200
1,200,30,1,2,0,1,10,2,4,0,200,12,0,200,200,200,18,16,1,21,200
1,200,30,1,2,0,1,10,2,4,0,200,12,0,200,200,200,18,16,0,12,200
1,200,30,1,2,0,1,10,2,4,0,200,12,0,200,200,200,18,16,0,9,200
0,200,30,1,2,0,1,12,2,2,0,0,0,0,200,200,200,22,0,0,200,200
0,200,30,1,2,0,1,12,2,2,0,0,0,0,200,200,200,22,0,0,200,200
0,200,30,1,2,0,1,10,5,4,0,0,0,0,200,200,200,20,11,1,24,200
0,200,30,1,2,0,1,10,5,4,0,0,0,0,200,200,200,20,11,0,63,200
0,200,30,1,2,0,1,10,5,4,0,0,0,0,200,200,200,20,11,1,41,200
0,200,30,200,200,0,1,10,5,200,0,0,200,0,200,200,1,0,200,1,200,200
0,200,30,200,200,0,1,10,5,200,0,0,200,0,200,200,1,0,200,1,26,200
0,200,30,2,2,0,1,0,5,2,0,0,0,0,200,200,200,17,17,1,35,200
0,200,30,2,2,0,1,0,5,2,0,0,0,0,200,200,200,17,17,0,32,200
0,200,5,0,0,0,1,2,7,200,0,0,0,0,200,1,1,20,0,2,200,200
0,200,30,0,0,0,1,10,5,2,0,0,0,1,200,200,1,16,200,2,200,200
0,200,30,0,0,0,1,10,5,2,0,0,0,1,200,200,1,16,200,0,33,200
0,200,30,200,200,0,1,14,5,200,0,0,200,0,200,200,200,0,200,0,24,200
0,200,30,200,200,0,1,14,5,200,0,0,200,0,200,200,200,0,200,0,21,200
0,200,30,200,200,0,1,14,5,200,0,0,200,0,200,200,200,0,200,1,31,200
0,200,10,0,0,0,1,12,12,2,0,0,0,0,200,200,1,20,11,1,20,200
0,200,10,0,0,0,1,12,12,2,0,0,0,0,200,200,1,20,11,1,39,200
0,200,30,0,0,0,1,0,5,4,0,200,200,0,200,200,200,22,22,1,30,200
0,200,30,0,0,0,1,0,5,4,0,200,200,0,200,200,200,22,22,0,38,200
1,200,30,0,0,0,1,0,5,4,0,200,200,0,200,200,200,22,22,0,200,200
1,200,30,0,0,0,1,0,5,4,0,200,200,0,200,200,200,22,22,1,200,200
0,200,35,0,0,0,1,7,7,200,0,0,0,0,200,200,200,200,200,0,200,200
0,200,30,0,0,0,1,10,2,2,0,0,0,0,200,200,200,18,0,0,24,200
0,200,30,0,0,0,1,10,2,2,0,0,0,0,200,200,200,18,0,0,39,200
1,200,30,0,0,0,1,10,2,2,0,0,0,0,200,200,200,18,0,2,200,200
0,200,30,2,2,0,1,0,5,2,0,0,0,1,1,200,200,11,16,1,49,200
0,200,30,2,2,0,1,0,5,2,0,0,0,1,1,200,200,11,16,1,61,200
0,1,30,0,0,0,1,7,6,200,0,0,0,0,200,200,1,22,200,0,200,200
0,200,0,2,2,0,1,10,200,2,0,0,0,0,200,200,200,18,0,0,18,200
0,200,0,2,2,0,1,10,200,2,0,0,0,0,200,200,200,18,0,1,36,200
0,200,25,0,0,0,4,7,5,2,0,0,0,0,200,200,200,11,200,0,14,200
4,200,30,1,2,0,2,8,5,6,0,0,0,0,1,200,200,3,200,0,28,200
0,200,30,1,2,0,2,8,5,6,0,0,0,0,1,200,200,3,200,1,24,200
0,200,25,0,0,0,3,10,2,2,0,0,0,0,200,200,200,0,0,1,200,200
0,200,25,0,0,0,3,10,2,2,0,0,0,0,200,200,200,0,0,1,27,200
0,200,30,0,0,0,1,7,12,200,0,0,0,0,200,200,200,20,200,1,200,200
0,200,30,1,2,0,1,0,5,2,0,0,0,0,1,200,200,6,16,0,200,200
0,200,30,1,2,0,1,0,5,2,0,0,0,0,1,200,200,6,16,1,200,200
0,200,30,0,0,0,1,10,5,200,0,0,0,0,200,200,200,200,200,0,37,200
0,200,30,0,0,0,1,10,5,200,0,0,0,0,200,200,200,200,200,0,48,200
0,200,30,0,0,0,1,12,5,2,0,0,0,0,200,200,200,21,0,1,25,200
0,200,30,0,0,0,1,12,5,2,0,0,0,0,200,200,200,21,0,0,51,200
0,200,30,1,2,0,1,12,6,2,0,0,0,1,1,200,200,23,200,0,24,200
1,200,30,1,2,0,1,12,6,2,0,0,0,1,1,200,200,23,200,1,28,200
1,200,30,1,2,0,1,12,6,2,0,0,0,1,1,200,200,23,200,1,24,200
1,200,30,1,2,0,1,12,6,2,0,0,0,1,1,200,200,23,200,1,200,200
0,200,30,1,2,0,1,12,6,2,0,0,0,1,1,200,200,23,200,1,31,200
0,200,30,1,2,0,1,14,5,2,0,0,0,0,200,200,1,0,0,1,200,200
0,200,30,1,2,0,1,14,5,2,0,0,0,0,200,200,1,0,0,0,200,200
0,200,30,1,2,0,1,10,5,2,0,0,0,0,200,200,200,30,200,0,200,200
0,200,30,1,2,0,1,10,5,2,0,0,0,0,200,200,200,30,200,0,41,200
0,200,20,0,0,0,1,0,7,200,0,0,0,0,200,200,200,20,0,0,45,200
0,200,30,200,200,0,1,0,5,2,0,0,0,1,1,200,200,0,0,0,54,200
0,200,30,200,200,0,1,0,5,2,0,0,0,1,1,200,200,0,0,0,33,200
0,200,30,0,0,0,1,7,5,2,0,0,0,0,200,200,200,0,0,0,200,200
1,200,30,0,0,0,1,7,5,2,0,0,0,0,200,200,200,0,0,0,200,200
1,200,30,0,0,0,1,7,5,2,0,0,0,0,200,200,200,0,0,0,200,200
0,200,25,0,0,0,1,0,2,2,0,0,0,0,200,200,200,0,0,0,61,200
0,200,25,0,0,0,1,0,2,2,0,0,0,0,200,200,200,0,0,1,17,200
0,200,30,1,0,0,1,0,3,200,0,0,0,1,1,200,200,17,0,0,26,200
0,200,30,1,0,0,1,0,3,200,0,0,0,1,1,200,200,17,0,1,22,200
1,200,30,1,0,0,1,0,3,200,0,0,0,1,1,200,200,17,0,1,25,200
0,200,25,0,0,0,1,7,6,1,0,0,200,0,200,200,1,0,0,2,200,200
0,200,30,0,0,0,1,14,5,2,0,0,0,0,200,200,200,18,200,0,58,200
0,200,30,0,0,0,1,14,5,2,0,0,0,0,200,200,200,18,200,1,27,200
1,200,30,0,0,0,1,14,5,2,0,0,0,0,200,200,200,18,200,2,200,200
1,200,30,0,0,0,1,14,5,2,0,0,0,0,200,200,200,18,200,2,200,200
1,200,30,0,0,0,1,14,5,2,0,0,0,0,200,200,200,18,200,2,200,200
1,200,30,0,0,0,1,14,5,2,0,0,0,0,200,200,200,18,200,2,200,200
0,200,30,0,0,0,2,14,5,2,0,0,0,0,200,200,200,23,23,0,68,200
0,200,30,0,0,0,2,14,5,2,0,0,0,0,200,200,200,23,23,0,200,200
0,200,30,0,0,0,4,10,2,4,0,0,200,0,200,200,1,21,0,1,200,200
0,200,30,0,0,0,4,10,2,4,0,0,200,0,200,200,1,21,0,1,23,200
0,200,30,0,0,0,2,10,5,200,0,0,0,0,200,200,200,200,200,0,200,200
0,200,30,0,0,0,2,10,5,200,0,0,0,0,200,200,200,200,200,0,23,200
0,200,30,0,0,0,2,10,5,200,0,0,0,0,200,200,200,200,200,1,200,200
0,200,30,0,0,0,1,12,3,4,0,0,0,0,200,200,200,22,0,0,22,200
0,200,30,0,0,0,1,12,3,4,0,0,0,0,200,200,200,22,0,0,34,200
1,200,30,0,0,0,1,12,3,4,0,0,0,0,200,200,200,22,0,1,22,200
0,200,20,0,0,0,1,10,5,4,0,0,0,0,200,200,200,18,11,0,57,200
0,200,20,0,0,0,1,10,5,4,0,0,0,0,200,200,200,18,11,0,25,200
0,200,15,0,0,0,1,10,7,1,0,0,200,0,200,200,200,0,0,1,17,200
0,200,15,0,0,0,1,10,7,1,0,0,200,0,200,200,200,0,0,0,61,200
1,200,15,0,0,0,1,10,7,1,0,0,200,0,200,200,200,0,0,1,200,200
0,200,25,0,0,0,1,12,2,2,0,0,0,0,200,200,200,0,0,1,16,200
0,200,25,0,0,0,1,12,2,2,0,0,0,0,200,200,200,0,0,0,36,200
0,200,30,0,0,0,1,10,5,4,0,0,200,0,200,200,200,16,0,1,24,200
0,200,30,0,0,0,1,10,5,4,0,0,200,0,200,200,200,16,0,0,48,200
0,200,30,0,0,0,1,10,5,4,0,0,200,0,200,200,200,16,0,0,33,200
0,200,30,0,0,0,1,7,5,200,0,0,0,0,200,200,200,11,27,1,53,200
0,200,30,0,0,0,1,10,5,200,0,0,0,0,200,200,200,18,18,0,58,200
0,200,30,0,0,0,1,10,5,200,0,0,0,0,200,200,200,18,18,1,45,200
0,200,30,12,12,0,4,9,5,2,0,0,0,1,200,200,200,17,32,1,76,200
5,200,30,12,12,0,4,9,5,2,0,0,0,1,200,200,200,17,32,0,66,200
0,200,30,0,0,0,4,0,4,1,0,200,200,0,200,200,200,20,20,0,38,200
0,200,30,0,0,0,4,0,4,1,0,200,200,0,200,200,200,20,20,1,54,200
1,200,30,0,0,0,4,0,4,1,0,200,200,0,200,200,200,20,20,1,200,200
1,200,30,0,0,0,4,0,4,1,0,200,200,0,200,200,200,20,20,1,22,200
0,200,30,0,0,0,1,7,5,200,0,0,0,0,200,200,200,21,200,0,28,200
0,200,0,0,0,0,2,14,5,2,0,0,0,0,200,200,200,17,200,2,200,200
0,200,0,0,0,0,2,14,5,2,0,0,0,0,200,200,200,17,200,1,45,200
0,200,30,2,2,0,3,0,5,2,0,0,0,1,1,200,200,17,0,0,23,200
0,200,30,2,2,0,3,0,5,2,0,0,0,1,1,200,200,17,0,1,26,200
0,200,30,1,2,0,4,12,2,200,0,0,0,0,200,200,200,11,200,0,35,200
0,200,30,1,2,0,4,12,2,200,0,0,0,0,200,200,200,11,200,0,0,200
4,200,30,0,0,0,0,8,6,1,0,0,0,1,200,200,200,25,200,0,26,200
0,200,30,8,2,0,3,7,2,2,0,0,0,1,200,200,1,16,0,0,38,200
0,200,15,0,0,0,3,2,7,200,0,0,0,1,200,200,200,14,0,0,35,200
0,200,30,0,0,0,3,7,5,2,0,0,0,1,200,200,200,0,200,0,59,200
5,200,30,0,0,0,3,7,5,2,0,0,0,1,200,200,200,0,200,1,47,200
1,200,30,0,0,0,3,7,5,2,0,0,0,1,200,200,200,0,200,0,45,200
0,200,35,0,0,0,3,7,7,0,0,0,0,0,200,1,1,0,200,2,200,200
0,200,30,200,0,0,1,7,5,4,0,0,200,0,200,200,1,0,200,1,200,200
0,200,30,0,0,0,1,14,2,4,0,0,0,0,200,200,200,200,200,0,24,200
0,200,30,0,0,0,1,14,2,4,0,0,0,0,200,200,200,200,200,1,30,200
1,200,30,0,0,0,1,14,2,4,0,0,0,0,200,200,200,200,200,200,1,200
0,200,30,1,2,0,3,14,5,200,0,0,0,0,200,200,200,17,200,0,27,200
0,200,30,1,2,0,3,14,5,200,0,0,0,0,200,200,200,17,200,0,74,200
0,200,15,0,0,0,1,11,5,2,0,0,200,0,200,200,1,25,200,0,22,200
0,200,15,0,0,0,1,11,5,2,0,0,200,0,200,200,1,25,200,1,22,200
0,200,30,0,0,0,0,14,5,4,0,200,200,1,200,200,0,17,22,0,28,200
0,200,30,0,0,0,0,14,5,4,0,200,200,1,200,200,0,17,22,0,200,200
0,200,15,0,2,0,3,14,6,1,0,0,0,1,200,200,1,10,16,0,200,200
0,200,15,0,2,0,3,14,6,1,0,0,0,1,200,200,1,10,16,1,47,200
0,0,30,0,0,0,1,7,5,4,0,0,0,0,200,200,1,0,0,2,200,200
0,200,35,0,0,0,3,10,7,200,0,0,0,1,200,200,1,20,0,0,200,200
0,200,35,0,0,0,3,10,7,200,0,0,0,1,200,200,1,20,0,0,40,200
0,200,30,0,0,0,4,7,6,200,0,0,0,0,200,200,1,200,200,2,200,200
0,200,30,1,2,0,3,10,5,2,0,0,0,1,1,200,200,16,200,1,24,200
0,200,30,1,2,0,3,10,5,2,0,0,0,1,1,200,200,16,200,1,63,200
1,200,30,1,2,0,3,10,5,2,0,0,0,1,1,200,200,16,200,0,42,200
0,200,30,0,0,0,0,14,5,200,0,0,0,0,200,200,200,17,18,0,200,200
0,200,30,0,0,0,0,14,5,200,0,0,0,0,200,200,200,17,18,0,23,200
0,200,30,0,0,0,3,7,6,2,0,0,0,0,200,200,200,20,0,0,57,200
0,200,30,0,0,0,3,12,3,6,0,0,0,0,200,200,200,0,0,0,29,200
0,200,30,0,0,0,3,12,3,6,0,0,0,0,200,200,200,0,0,0,22,200
0,200,30,0,0,0,4,10,5,2,0,0,0,0,200,200,200,30,200,0,56,200
0,200,30,0,0,0,4,10,5,2,0,0,0,0,200,200,200,30,200,1,24,200
1,200,30,0,0,0,4,10,5,2,0,0,0,0,200,200,200,30,200,0,200,200
0,200,30,1,2,0,0,14,2,4,0,0,0,1,1,200,200,17,16,0,25,200
0,200,30,1,2,0,0,14,2,4,0,0,0,1,1,200,200,17,16,0,31,200
1,200,30,1,2,0,0,14,2,4,0,0,0,1,1,200,200,17,16,0,21,200
0,200,30,200,200,0,3,9,5,2,0,0,0,1,200,200,200,0,0,0,31,200
5,200,30,200,200,0,3,9,5,2,0,0,0,1,200,200,200,0,0,1,29,200
1,200,30,200,200,0,3,9,5,2,0,0,0,1,200,200,200,0,0,0,37,200
0,200,30,1,2,0,3,10,8,2,2,0,0,1,1,200,200,18,200,0,21,200
0,200,30,1,2,0,3,10,8,2,2,0,0,1,1,200,200,18,200,1,28,200
0,200,35,0,0,0,3,12,5,4,0,0,0,0,200,200,200,17,11,0,25,200