PERSON_TYPE,CRASH_DATE_EST_I,POSTED_SPEED_LIMIT,TRAFFIC_CONTROL_DEVICE,DEVICE_CONDITION,WEATHER_CONDITION,LIGHTING_CONDITION,FIRST_CRASH_TYPE,TRAFFICWAY_TYPE,LANE_CNT,ALIGNMENT,ROADWAY_SURFACE_COND,ROAD_DEFECT,CRASH_TYPE,INTERSECTION_RELATED_I,NOT_RIGHT_OF_WAY_I,HIT_AND_RUN_I,PRIM_CONTRIBUTORY_CAUSE,SEC_CONTRIBUTORY_CAUSE,SEX,AGE,BAC_RESULT VALUE
0,200,35,0,0,0,3,12,5,4,0,0,0,0,200,200,200,17,11,0,55,200
0,200,30,0,0,0,3,12,6,4,0,0,0,0,200,200,200,21,200,0,64,200
0,200,30,0,0,0,3,12,6,4,0,0,0,0,200,200,200,21,200,0,56,200
0,200,30,1,2,0,3,8,5,2,0,0,0,1,200,200,200,0,200,0,49,200
4,200,30,1,2,0,3,8,5,2,0,0,0,1,200,200,200,0,200,0,35,200
1,200,30,1,2,0,3,8,5,2,0,0,0,1,200,200,200,0,200,200,200,200
0,200,30,1,2,0,3,12,2,200,0,0,0,0,200,200,200,0,0,1,25,200
0,200,30,1,2,0,3,12,2,200,0,0,0,0,200,200,200,0,0,0,37,200
1,200,30,1,2,0,3,12,2,200,0,0,0,0,200,200,200,0,0,1,36,200
1,200,30,1,2,0,3,12,2,200,0,0,0,0,200,200,200,0,0,0,14,200
1,200,30,1,2,0,3,12,2,200,0,0,0,0,200,200,200,0,0,0,5,200
1,200,30,1,2,0,3,12,2,200,0,0,0,0,200,200,200,0,0,0,11,200
1,200,30,1,2,0,3,12,2,200,0,0,0,0,200,200,200,0,0,0,200,200
0,200,30,1,2,0,3,12,2,200,0,0,0,0,200,200,1,21,200,2,200,200
0,200,30,1,2,0,3,12,2,200,0,0,0,0,200,200,1,21,200,1,25,200
0,200,30,1,2,0,3,0,3,4,0,0,0,1,1,200,200,6,200,0,53,200
0,200,30,1,2,0,3,0,3,4,0,0,0,1,1,200,200,6,200,1,42,200
0,200,0,0,0,0,3,7,7,1,0,0,0,0,200,200,1,200,200,2,200,200
0,200,30,1,2,0,3,10,5,3,0,0,0,0,1,200,1,18,200,0,200,200
0,200,30,1,2,0,3,10,5,3,0,0,0,0,1,200,1,18,200,1,22,200
0,200,30,1,2,0,3,0,5,200,0,0,0,1,1,200,200,0,200,0,60,200
0,200,30,1,2,0,3,0,5,200,0,0,0,1,1,200,200,0,200,0,53,200
1,200,30,1,2,0,3,0,5,200,0,0,0,1,1,200,200,0,200,200,200,200
1,200,30,1,2,0,3,0,5,200,0,0,0,1,1,200,200,0,200,1,200,200
1,200,30,1,2,0,3,0,5,200,0,0,0,1,1,200,200,0,200,0,12,200
0,200,30,200,200,0,4,14,5,4,0,0,200,1,1,200,1,0,200,1,200,200
0,200,30,200,200,0,4,14,5,4,0,0,200,1,1,200,1,0,200,1,20,200
0,200,30,2,2,200,200,10,5,2,0,200,200,0,200,200,200,200,200,0,35,200
0,200,30,2,2,200,200,10,5,2,0,200,200,0,200,200,200,200,200,0,30,200
0,200,30,2,2,200,200,10,5,2,0,200,200,0,200,200,200,200,200,1,21,200
1,200,30,2,2,200,200,10,5,2,0,200,200,0,200,200,200,200,200,0,42,200
0,200,25,0,0,0,3,9,6,1,0,0,0,0,200,200,1,25,200,1,200,200
5,200,25,0,0,0,3,9,6,1,0,0,0,0,200,200,1,25,200,1,20,200
1,200,25,0,0,0,3,9,6,1,0,0,0,0,200,200,1,25,200,1,200,200
0,200,30,0,0,0,3,10,5,200,0,0,0,0,200,200,200,18,200,0,200,200
0,200,30,0,0,0,3,10,5,200,0,0,0,0,200,200,200,18,200,0,25,200
0,200,30,0,0,0,3,12,3,3,0,0,0,0,200,200,1,21,200,1,200,200
0,200,30,0,0,0,3,12,3,3,0,0,0,0,200,200,1,21,200,1,38,200
0,200,45,0,0,0,3,4,3,8,0,0,1,0,200,200,200,29,200,0,31,200
0,200,30,0,0,0,3,7,7,200,0,0,0,0,200,200,200,0,0,1,28,200
0,200,30,1,2,0,3,12,6,2,0,0,0,0,200,200,200,0,0,0,44,200
0,200,30,1,2,0,3,12,6,2,0,0,0,0,200,200,200,0,0,1,26,200
0,200,30,0,200,0,3,2,5,200,0,200,200,1,200,200,200,14,200,0,27,200
0,200,30,0,0,0,3,7,12,1,0,0,0,0,200,200,1,20,20,2,200,200
0,1,30,1,2,0,3,14,5,200,0,0,0,1,1,200,200,0,0,1,34,200
0,1,30,1,2,0,3,14,5,200,0,0,0,1,1,200,200,0,0,0,19,200
1,1,30,1,2,0,3,14,5,200,0,0,0,1,1,200,200,0,0,0,23,200
1,1,30,1,2,0,3,14,5,200,0,0,0,1,1,200,200,0,0,1,18,200
0,200,40,0,0,0,3,10,3,3,0,0,0,0,200,200,200,18,11,0,39,200
0,200,40,0,0,0,3,10,3,3,0,0,0,0,200,200,200,18,11,0,24,200
0,200,40,0,0,0,3,10,3,3,0,0,0,0,200,200,200,18,11,0,17,200
0,200,30,2,0,0,3,0,12,1,0,0,0,1,1,200,200,17,16,0,23,200
0,200,30,2,0,0,3,0,12,1,0,0,0,1,1,200,200,17,16,1,18,200
0,200,35,0,0,0,3,12,6,2,0,0,0,0,200,200,1,17,200,2,200,200
0,200,35,0,0,0,3,12,6,2,0,0,0,0,200,200,1,17,200,0,56,200
0,200,30,200,200,0,3,14,2,200,0,0,200,1,200,200,1,23,23,0,200,200
0,200,30,200,200,0,3,14,2,200,0,0,200,1,200,200,1,23,23,0,19,200
0,1,30,1,2,0,0,7,5,2,0,0,0,1,200,200,1,0,0,2,200,200
0,200,30,1,2,0,3,10,3,3,0,0,0,1,200,200,200,18,16,0,35,200
0,200,30,1,2,0,3,10,3,3,0,0,0,1,200,200,200,18,16,0,41,200
0,200,30,1,2,0,3,10,2,4,0,0,0,0,200,200,1,0,0,0,200,200
0,200,30,1,2,0,3,10,2,4,0,0,0,0,200,200,1,0,0,0,46,200
0,1,30,0,0,0,3,7,2,200,0,0,0,1,200,200,1,0,200,0,24,200
0,200,25,0,0,0,3,7,5,2,2,0,0,0,200,200,1,0,200,2,200,200
0,200,30,0,0,0,3,7,6,1,0,0,0,0,200,200,1,200,0,2,200,200
0,200,30,2,2,0,3,0,2,2,0,0,200,1,1,200,200,32,17,0,55,0.2
0,200,30,2,2,0,3,0,2,2,0,0,200,1,1,200,200,32,17,1,28,200
1,200,30,2,2,0,3,0,2,2,0,0,200,1,1,200,200,32,17,0,7,200
1,200,30,2,2,0,3,0,2,2,0,0,200,1,1,200,200,32,17,1,0,200
0,200,30,0,0,0,2,7,2,2,0,0,200,0,200,200,1,0,0,1,22,200
0,200,25,0,0,0,3,10,5,4,0,0,200,0,200,200,200,18,18,0,53,200
0,200,25,0,0,0,3,10,5,4,0,0,200,0,200,200,200,18,18,0,27,200
0,200,25,0,0,0,3,10,5,4,0,0,200,0,200,200,200,18,18,2,200,200
1,200,25,0,0,0,3,10,5,4,0,0,200,0,200,200,200,18,18,0,53,200
0,200,30,1,2,0,3,9,6,3,0,0,0,1,1,200,200,0,0,0,57,200
5,200,30,1,2,0,3,9,6,3,0,0,0,1,1,200,200,0,0,1,23,200
0,200,30,2,2,0,3,2,5,1,3,0,0,1,0,200,200,16,32,0,54,0.16
1,200,30,2,2,0,3,2,5,1,3,0,0,1,0,200,200,16,32,1,57,200
0,200,20,2,2,0,3,0,6,1,0,0,0,1,1,200,200,5,200,0,54,200
0,200,20,2,2,0,3,0,6,1,0,0,0,1,1,200,200,5,200,0,17,200
1,200,20,2,2,0,3,0,6,1,0,0,0,1,1,200,200,5,200,1,200,200
1,200,20,2,2,0,3,0,6,1,0,0,0,1,1,200,200,5,200,0,200,200
1,200,20,2,2,0,3,0,6,1,0,0,0,1,1,200,200,5,200,200,200,200
0,200,30,0,0,0,3,10,5,200,0,0,0,1,200,200,200,18,16,0,44,200
0,200,30,0,0,0,3,10,5,200,0,0,0,1,200,200,200,18,16,0,52,200
0,200,30,0,0,0,3,14,2,2,0,0,0,0,200,200,200,22,16,0,20,200
0,200,30,0,0,0,3,14,2,2,0,0,0,0,200,200,200,22,16,0,75,200
1,200,30,0,0,0,3,14,2,2,0,0,0,0,200,200,200,22,16,1,21,200
0,200,30,200,200,0,3,7,5,200,0,0,0,0,200,200,200,0,0,0,22,200
1,200,30,200,200,0,3,7,5,200,0,0,0,0,200,200,200,0,0,0,27,200
0,200,30,1,3,0,3,12,5,200,0,0,0,0,200,200,1,0,0,0,200,200
0,200,30,1,3,0,3,12,5,200,0,0,0,0,200,200,1,0,0,0,21,200
0,200,30,2,2,0,3,0,5,200,0,0,200,0,200,200,200,17,200,1,47,200
0,200,30,2,2,0,3,0,5,200,0,0,200,0,200,200,200,17,200,0,42,200
0,200,30,0,0,0,3,0,5,200,0,0,0,1,200,200,200,17,14,0,25,200
0,200,30,0,0,0,3,0,5,200,0,0,0,1,200,200,200,17,14,1,27,200
1,200,30,0,0,0,3,0,5,200,0,0,0,1,200,200,200,17,14,1,33,200
1,200,30,0,0,0,3,0,5,200,0,0,0,1,200,200,200,17,14,1,16,200
1,200,30,0,0,0,3,0,5,200,0,0,0,1,200,200,200,17,14,1,17,200
0,1,30,0,0,200,200,7,5,2,0,200,200,0,200,200,1,0,0,2,200,200
0,200,30,0,0,0,3,12,6,3,0,0,0,0,200,200,200,0,0,1,44,200
0,200,30,0,0,0,3,12,6,3,0,0,0,0,200,200,200,0,0,0,27,200
0,200,25,2,200,0,200,9,200,200,0,0,0,1,200,200,1,0,0,2,200,200
5,200,25,2,200,0,200,9,200,200,0,0,0,1,200,200,1,0,0,1,36,200
0,200,20,0,0,0,3,7,6,1,0,0,0,1,200,200,1,25,18,2,200,200
1,200,20,0,0,0,3,7,6,1,0,0,0,1,200,200,1,25,18,1,36,200
0,200,20,0,0,0,0,7,6,200,0,0,0,1,200,200,200,16,14,1,26,200
1,200,20,0,0,0,0,7,6,200,0,0,0,1,200,200,200,16,14,1,25,200
0,200,25,0,200,0,3,9,6,200,0,0,200,1,200,200,1,16,0,2,200,200
0,200,25,0,200,0,3,9,6,200,0,0,200,1,200,200,1,16,0,2,200,200
5,200,25,0,200,0,3,9,6,200,0,0,200,1,200,200,1,16,0,0,33,200
0,200,30,0,0,0,3,0,6,1,0,0,0,0,200,200,0,17,33,0,0,200
0,200,30,0,0,0,3,0,6,1,0,0,0,0,200,200,0,17,33,0,200,200
0,200,40,0,0,0,3,5,3,4,0,0,0,1,200,200,1,0,0,2,200,200
0,200,15,0,0,0,3,11,0,200,0,0,3,1,200,200,1,11,11,0,200,200
0,200,15,0,0,0,3,11,0,200,0,0,3,1,200,200,1,11,11,0,23,200
0,200,35,3,0,0,3,12,5,2,0,0,0,0,200,200,200,22,18,1,21,200
0,200,35,3,0,0,3,12,5,2,0,0,0,0,200,200,200,22,18,0,30,200
1,200,30,2,2,0,0,0,5,2,0,0,0,1,1,200,1,17,0,200,200,200
0,200,30,2,2,0,0,0,5,2,0,0,0,1,1,200,1,17,0,0,23,200
0,200,30,2,2,0,0,0,5,2,0,0,0,1,1,200,1,17,0,0,200,200
0,200,30,1,2,0,2,10,1,200,0,200,200,0,200,200,1,22,200,1,63,200
0,200,30,1,2,0,2,10,1,200,0,200,200,0,200,200,1,22,200,2,200,200
0,200,30,200,200,0,0,12,5,2,0,0,200,0,200,200,200,0,0,0,61,200
0,200,30,200,200,0,0,12,5,2,0,0,200,0,200,200,200,0,0,0,55,200
0,200,30,0,0,0,1,7,2,200,0,0,0,0,200,200,1,0,0,2,200,200
0,200,30,0,0,0,3,7,5,2,0,0,0,1,200,200,200,7,9,0,53,200
0,200,30,0,0,0,1,14,5,2,0,0,0,1,1,200,200,17,16,0,38,200
0,200,30,0,0,0,1,14,5,2,0,0,0,1,1,200,200,17,16,0,47,200
1,200,30,0,0,0,1,14,5,2,0,0,0,1,1,200,200,17,16,1,37,200
1,200,30,0,0,0,1,14,5,2,0,0,0,1,1,200,200,17,16,1,36,200
1,200,30,0,0,0,1,14,5,2,0,0,0,1,1,200,200,17,16,0,38,200
0,200,30,12,0,0,1,2,2,4,2,0,0,1,200,200,200,27,16,1,65,200
0,200,30,12,0,0,1,2,2,4,2,0,0,1,200,200,200,27,16,0,200,200
0,200,35,0,0,0,1,2,5,200,0,0,0,1,200,200,200,11,200,1,21,200
0,200,30,1,2,0,1,0,5,0,2,0,0,1,1,200,200,0,200,0,50,200
0,200,30,1,2,0,1,0,5,0,2,0,0,1,1,200,200,0,200,1,31,200
0,200,30,1,2,0,1,10,2,4,0,0,0,0,1,200,200,14,22,0,200,200
0,200,30,1,2,0,1,10,2,4,0,0,0,0,1,200,200,14,22,0,44,200
0,1,30,0,0,200,200,7,5,2,0,200,1,1,200,200,1,16,0,2,200,200
0,200,30,0,0,0,1,10,5,4,0,0,0,0,200,200,200,0,200,0,37,200
0,200,30,0,0,0,1,10,5,4,0,0,0,0,200,200,200,0,200,1,26,200
1,200,30,0,0,0,1,10,5,4,0,0,0,0,200,200,200,0,200,0,31,200
1,200,30,0,0,0,1,10,5,4,0,0,0,0,200,200,200,0,200,1,29,200
1,200,30,0,0,0,1,10,5,4,0,0,0,0,200,200,200,0,200,1,35,200
1,200,30,0,0,0,1,10,5,4,0,0,0,0,200,200,200,0,200,0,16,200
1,200,30,0,0,0,1,10,5,4,0,0,0,0,200,200,200,0,200,0,15,200
1,200,30,0,0,0,1,10,5,4,0,0,0,0,200,200,200,0,200,0,13,200
0,200,30,0,0,0,1,0,6,200,0,0,0,0,200,200,200,0,200,0,23,200
0,200,30,0,0,0,1,0,6,200,0,0,0,0,200,200,200,0,200,0,24,200
0,200,30,0,0,0,0,7,5,200,0,0,0,0,200,200,1,0,0,1,200,200
0,200,0,0,0,0,1,7,2,2,0,0,0,0,200,200,1,0,200,2,200,200
0,200,30,0,0,0,1,7,5,200,0,0,0,1,200,200,200,11,16,0,25,200
0,200,30,1,2,0,1,10,2,200,0,200,200,0,200,200,1,0,0,0,200,200
0,200,30,1,2,0,1,10,2,200,0,200,200,0,200,200,1,0,0,1,25,200
0,200,30,0,0,0,1,7,5,4,0,0,0,0,200,200,1,0,0,2,200,200
0,200,30,1,2,0,1,12,2,4,0,0,0,0,200,200,200,21,21,0,49,200
0,200,30,1,2,0,1,12,2,4,0,0,0,0,200,200,200,21,21,0,31,200
0,200,30,0,0,0,1,7,6,200,0,0,0,0,200,200,200,27,200,1,26,200
0,200,20,1,2,0,1,10,5,4,0,0,0,0,1,200,200,0,200,1,60,200
0,200,20,1,2,0,1,10,5,4,0,0,0,0,1,200,200,0,200,0,68,200
0,200,20,1,2,0,1,10,5,4,0,0,0,0,1,200,200,0,200,1,200,200
0,200,30,0,0,0,1,10,5,2,0,0,0,1,200,200,200,18,14,0,0,200
0,200,30,0,0,0,1,10,5,2,0,0,0,1,200,200,200,18,14,1,42,200
0,200,30,0,0,0,1,10,5,2,0,0,0,1,200,200,200,18,14,1,53,200
1,200,30,0,0,0,1,10,5,2,0,0,0,1,200,200,200,18,14,0,25,200
1,200,30,0,0,0,1,10,5,2,0,0,0,1,200,200,200,18,14,1,13,200
0,200,30,0,0,0,1,10,6,2,0,0,0,1,200,200,200,0,0,0,67,200
0,200,30,0,0,0,1,10,6,2,0,0,0,1,200,200,200,0,0,0,64,200
0,200,30,1,2,0,1,10,5,2,0,0,0,1,200,200,200,7,200,1,58,200
0,200,30,1,2,0,1,10,5,2,0,0,0,1,200,200,200,7,200,1,34,200
0,200,30,1,2,0,1,10,5,2,0,0,0,1,200,200,200,7,200,0,44,200
1,200,30,1,2,0,1,10,5,2,0,0,0,1,200,200,200,7,200,0,32,200
0,1,35,0,0,0,0,7,2,2,0,0,0,0,200,200,1,200,0,2,200,200
0,200,30,1,2,0,1,0,2,0,0,0,0,1,1,200,200,6,16,1,53,200
0,200,30,1,2,0,1,0,2,0,0,0,0,1,1,200,200,6,16,0,41,200
1,200,30,1,2,0,1,0,2,0,0,0,0,1,1,200,200,6,16,0,28,200
0,200,30,0,0,0,1,0,7,200,0,0,0,0,200,200,200,20,200,0,52,200
0,200,30,0,0,0,1,0,7,200,0,0,0,0,200,200,200,20,200,1,55,200
0,200,30,0,0,0,1,7,5,2,0,0,0,1,200,0,200,0,200,1,29,200
0,200,30,0,0,0,1,7,2,200,0,0,0,1,200,200,1,0,200,2,200,200
0,1,25,0,0,0,1,7,6,1,0,0,0,0,200,200,200,0,200,0,200,200
0,200,30,0,0,0,1,7,5,2,0,0,0,0,200,200,200,20,200,0,69,200
1,200,30,0,0,0,1,7,5,2,0,0,0,0,200,200,200,20,200,0,38,200
0,200,30,0,0,0,3,7,6,200,0,0,0,0,200,200,1,0,200,2,200,200
0,200,30,1,2,0,1,12,6,4,0,0,0,0,200,200,1,0,0,0,200,200
0,200,30,1,2,0,1,12,6,4,0,0,0,0,200,200,1,0,0,0,39,200
0,200,30,2,0,0,1,0,6,2,0,0,0,1,1,200,200,10,10,0,47,200
0,200,30,2,0,0,1,0,6,2,0,0,0,1,1,200,200,10,10,0,39,200
1,200,30,2,0,0,1,0,6,2,0,0,0,1,1,200,200,10,10,1,32,200
0,200,30,0,0,0,1,11,5,2,0,0,0,0,200,200,1,0,16,2,200,200
0,200,30,0,0,0,1,11,5,2,0,0,0,0,200,200,1,0,16,1,58,200
0,200,30,0,0,0,1,12,5,200,0,0,0,0,200,200,200,22,0,0,33,200
0,200,30,0,0,0,1,12,5,200,0,0,0,0,200,200,200,22,0,1,55,200
0,1,30,0,0,200,200,7,6,1,0,200,0,0,200,200,1,0,0,2,200,200
0,1,25,0,0,0,200,7,6,1,0,0,0,0,200,200,1,0,0,2,200,200
0,200,30,0,0,0,1,3,7,200,0,0,0,0,200,200,200,0,200,0,25,200
0,200,30,0,0,0,1,3,7,200,0,0,0,0,200,200,200,0,200,1,38,200
1,200,30,0,0,0,1,3,7,200,0,0,0,0,200,200,200,0,200,0,14,200
1,200,30,0,0,0,1,3,7,200,0,0,0,0,200,200,200,0,200,1,10,200
1,200,30,0,0,0,1,3,7,200,0,0,0,0,200,200,200,0,200,1,9,200
0,200,30,1,2,0,1,10,2,4,0,0,0,0,1,200,200,18,18,1,26,200
0,200,30,1,2,0,1,10,2,4,0,0,0,0,1,200,200,18,18,1,36,200
0,200,30,1,2,0,1,14,3,2,0,0,0,0,200,200,200,23,23,0,29,200
0,200,30,1,2,0,1,14,3,2,0,0,0,0,200,200,200,23,23,1,24,200
0,200,30,1,2,0,1,10,3,2,0,0,0,0,1,200,200,18,11,0,60,200
0,200,30,1,2,0,1,10,3,2,0,0,0,0,1,200,200,18,11,1,40,200
1,200,30,1,2,0,1,10,3,2,0,0,0,0,1,200,200,18,11,1,38,200
1,200,30,1,2,0,1,10,3,2,0,0,0,0,1,200,200,18,11,0,17,200
0,1,20,0,0,200,0,7,6,200,0,0,0,0,200,200,1,0,200,2,200,200
0,200,30,1,2,0,1,10,5,200,0,0,0,0,200,200,200,18,18,1,200,200
0,200,30,1,2,0,1,10,5,200,0,0,0,0,200,200,200,18,18,1,22,200
0,200,30,1,2,0,1,10,5,200,0,0,0,0,200,200,200,18,18,0,200,200
0,200,30,0,0,0,1,14,2,4,0,0,0,0,200,200,200,23,0,1,200,200
0,200,30,0,0,0,1,14,2,4,0,0,0,0,200,200,200,23,0,1,33,200
0,200,30,0,0,0,1,12,6,200,0,0,0,0,200,200,200,0,200,0,51,200
0,200,30,0,0,0,1,12,6,200,0,0,0,0,200,200,200,0,200,0,19,200
0,200,30,0,0,0,1,1,5,2,0,0,0,0,200,200,200,1,200,0,30,200
0,200,30,1,2,0,1,10,3,200,0,0,0,0,200,200,200,7,7,1,74,200
0,200,30,1,2,0,1,10,3,200,0,0,0,0,200,200,200,7,7,1,52,200
0,200,30,2,2,0,1,10,2,200,0,0,200,0,200,200,1,0,0,0,200,200
0,200,30,2,2,0,1,10,2,200,0,0,200,0,200,200,1,0,0,0,63,200
0,200,30,1,2,0,1,0,1,200,0,0,0,0,200,200,1,6,0,2,200,200
0,200,30,1,2,0,1,0,1,200,0,0,0,0,200,200,1,6,0,1,32,200
0,200,30,2,2,0,1,0,7,0,0,0,0,1,200,200,1,17,5,0,200,200
0,200,30,2,2,0,1,0,7,0,0,0,0,1,200,200,1,17,5,1,36,200
0,200,30,0,0,0,1,7,2,1,0,0,0,1,200,200,1,22,21,2,200,200
0,1,30,2,2,0,1,0,5,200,0,0,0,0,1,200,200,5,11,1,22,200
0,1,30,2,2,0,1,0,5,200,0,0,0,0,1,200,200,5,11,0,39,200
1,1,30,2,2,0,1,0,5,200,0,0,0,0,1,200,200,5,11,1,37,200
0,1,45,0,0,0,3,12,200,2,0,0,0,0,200,200,200,0,0,0,200,200
0,1,45,0,0,0,3,12,200,2,0,0,0,0,200,200,200,0,0,0,26,200
1,1,45,0,0,0,3,12,200,2,0,0,0,0,200,200,200,0,0,1,200,200
1,1,45,0,0,0,3,12,200,2,0,0,0,0,200,200,200,0,0,1,200,200
0,200,30,1,2,0,1,14,2,200,0,0,0,0,200,200,200,23,200,1,18,200
0,200,30,1,2,0,1,14,2,200,0,0,0,0,200,200,200,23,200,1,23,200
0,200,30,2,0,0,1,10,5,2,0,0,0,0,200,200,1,0,0,2,200,200
0,200,30,2,0,0,1,10,5,2,0,0,0,0,200,200,1,0,0,0,28,200
0,1,30,0,0,0,1,1,5,2,0,0,0,0,200,1,0,200,200,0,200,200
0,0,30,0,0,0,3,7,6,200,0,0,0,0,200,200,1,21,200,2,200,200
0,1,15,0,0,200,200,7,7,200,0,200,0,1,200,1,1,0,200,2,200,200
0,200,30,1,2,0,1,0,5,2,0,0,0,1,1,200,200,0,0,1,41,200
0,200,30,1,2,0,1,0,5,2,0,0,0,1,1,200,200,0,0,1,62,200
1,200,30,1,2,0,1,0,5,2,0,0,0,1,1,200,200,0,0,1,44,200
1,200,30,1,2,0,1,0,5,2,0,0,0,1,1,200,200,0,0,1,3,200
0,1,30,0,0,0,1,0,7,200,0,0,0,0,200,200,200,0,200,0,58,200
0,1,30,0,0,0,1,0,7,200,0,0,0,0,200,200,200,0,200,0,72,200
0,200,30,2,2,0,1,10,6,1,3,0,0,0,1,200,200,20,25,0,38,200
0,200,30,2,2,0,1,10,6,1,3,0,0,0,1,200,200,20,25,1,50,200
0,200,20,0,0,0,1,12,6,1,0,0,0,0,200,200,200,0,200,0,27,200
0,200,20,0,0,0,1,12,6,1,0,0,0,0,200,200,200,0,200,1,36,200
0,200,30,1,2,0,1,10,2,2,0,0,0,0,1,200,200,18,16,0,60,200
0,200,30,1,2,0,1,10,2,2,0,0,0,0,1,200,200,18,16,0,54,200
0,200,30,1,2,0,1,10,2,2,0,0,0,0,1,200,200,18,16,0,49,200
1,200,30,1,2,0,1,10,2,2,0,0,0,0,1,200,200,18,16,1,54,200
1,200,30,1,2,0,1,10,2,2,0,0,0,0,1,200,200,18,16,1,15,200
1,200,30,1,2,0,1,10,2,2,0,0,0,0,1,200,200,18,16,1,15,200
1,200,30,1,2,0,1,10,2,2,0,0,0,0,1,200,200,18,16,1,14,200
1,200,30,1,2,0,1,10,2,2,0,0,0,0,1,200,200,18,16,1,5,200
0,200,30,1,2,0,1,14,3,6,0,0,0,1,1,200,200,0,0,0,46,200
0,200,30,1,2,0,1,14,3,6,0,0,0,1,1,200,200,0,0,0,80,200
0,200,30,1,2,0,1,14,3,6,0,0,0,1,1,200,200,0,0,0,59,200
1,200,30,1,2,0,1,14,3,6,0,0,0,1,1,200,200,0,0,200,200,200
0,200,30,1,2,0,1,10,5,200,0,0,0,1,200,200,200,18,18,1,200,200
0,200,30,1,2,0,1,10,5,200,0,0,0,1,200,200,200,18,18,0,32,200
1,200,30,1,2,0,1,10,5,200,0,0,0,1,200,200,200,18,18,0,33,200
1,200,30,1,2,0,1,10,5,200,0,0,0,1,200,200,200,18,18,0,11,200
1,200,30,1,2,0,1,10,5,200,0,0,0,1,200,200,200,18,18,0,9,200
1,200,30,1,2,0,1,10,5,200,0,0,0,1,200,200,200,18,18,1,6,200
0,200,30,1,2,0,1,14,5,4,0,0,0,1,1,200,200,0,200,0,20,200
0,200,30,1,2,0,1,14,5,4,0,0,0,1,1,200,200,0,200,0,30,200
0,200,30,0,0,0,1,12,2,200,0,0,0,0,200,200,1,23,200,2,200,200
0,200,30,0,0,0,1,12,2,200,0,0,0,0,200,200,1,23,200,0,70,200
0,200,0,0,0,0,1,2,2,4,0,0,0,0,200,200,200,0,200,1,61,200
0,200,30,2,2,0,1,14,2,2,0,0,0,1,1,200,200,0,200,1,20,200
0,200,30,2,2,0,1,14,2,2,0,0,0,1,1,200,200,0,200,0,22,200
0,1,30,0,0,200,3,7,6,1,0,200,0,0,200,200,1,0,200,2,200,200
0,200,30,0,0,0,1,14,5,200,0,0,0,0,200,200,1,0,0,2,200,200
0,200,30,0,0,0,1,14,5,200,0,0,0,0,200,200,1,0,0,1,49,200
0,200,30,0,0,0,1,7,2,200,0,0,0,0,200,200,200,0,0,1,29,200
0,200,25,0,0,0,1,7,6,1,0,0,200,0,200,200,200,0,0,0,63,200
0,200,10,0,0,0,1,10,7,2,0,0,0,0,200,1,1,20,200,1,200,200
0,200,10,0,0,0,1,10,7,2,0,0,0,0,200,1,1,20,200,1,75,200
1,200,10,0,0,0,1,10,7,2,0,0,0,0,200,1,1,20,200,0,200,200
0,200,30,1,2,0,3,14,5,0,0,0,0,0,1,200,200,17,200,1,26,200
0,200,30,1,2,0,3,14,5,0,0,0,0,0,1,200,200,17,200,1,25,200
1,200,30,1,2,0,3,14,5,0,0,0,0,0,1,200,200,17,200,0,200,200
1,200,30,1,2,0,3,14,5,0,0,0,0,0,1,200,200,17,200,1,200,200
1,200,30,1,2,0,3,14,5,0,0,0,0,0,1,200,200,17,200,0,200,200
0,200,30,0,0,0,1,14,5,4,0,0,0,1,1,200,200,0,200,1,62,200
0,200,30,0,0,0,1,14,5,4,0,0,0,1,1,200,200,0,200,1,30,200
0,200,15,0,0,0,1,9,0,200,0,200,200,1,200,200,200,0,200,0,200,200
5,200,15,0,0,0,1,9,0,200,0,200,200,1,200,200,200,0,200,0,24,200
0,200,30,0,0,0,2,12,5,4,0,0,0,0,200,200,200,0,0,0,22,200
0,200,30,0,0,0,2,12,5,4,0,0,0,0,200,200,200,0,0,0,61,200
1,200,30,0,0,0,2,12,5,4,0,0,0,0,200,200,200,0,0,0,200,200
0,200,30,1,2,0,1,10,5,200,0,0,0,0,200,200,200,0,0,1,38,200
0,200,30,1,2,0,1,10,5,200,0,0,0,0,200,200,200,0,0,1,28,200
0,200,30,1,2,0,1,7,2,200,0,0,0,0,200,200,200,200,200,1,49,200
1,200,30,1,2,0,1,7,2,200,0,0,0,0,200,200,200,200,200,1,200,200
0,200,30,1,2,0,1,12,5,200,0,0,0,0,200,200,200,21,0,0,200,200
0,200,30,1,2,0,1,12,5,200,0,0,0,0,200,200,200,21,0,0,33,200
0,200,30,0,0,0,1,12,5,200,0,0,0,0,200,200,200,0,0,0,46,200
0,200,30,0,0,0,1,12,5,200,0,0,0,0,200,200,200,0,0,0,60,200
0,200,30,0,0,0,1,2,5,2,0,0,0,1,200,1,200,25,16,0,200,200
1,200,30,0,0,0,1,2,5,2,0,0,0,1,200,1,200,25,16,0,38,200
0,200,0,0,0,0,1,7,5,200,0,0,0,0,200,200,1,20,200,0,200,200
0,200,30,0,0,0,0,7,5,200,0,0,0,0,200,200,1,0,0,0,200,200
0,200,10,0,0,0,3,0,7,200,0,0,0,0,200,200,200,0,0,0,200,200
0,200,10,0,0,0,3,0,7,200,0,0,0,0,200,200,200,0,0,0,25,200
1,200,10,0,0,0,3,0,7,200,0,0,0,0,200,200,200,0,0,1,200,200
0,200,30,0,0,0,1,12,5,200,0,0,0,0,200,200,200,0,0,0,27,200