PERSON_TYPE,CRASH_DATE_EST_I,POSTED_SPEED_LIMIT,TRAFFIC_CONTROL_DEVICE,DEVICE_CONDITION,WEATHER_CONDITION,LIGHTING_CONDITION,FIRST_CRASH_TYPE,TRAFFICWAY_TYPE,LANE_CNT,ALIGNMENT,ROADWAY_SURFACE_COND,ROAD_DEFECT,CRASH_TYPE,INTERSECTION_RELATED_I,NOT_RIGHT_OF_WAY_I,HIT_AND_RUN_I,PRIM_CONTRIBUTORY_CAUSE,SEC_CONTRIBUTORY_CAUSE,SEX,AGE,BAC_RESULT VALUE
0,200,30,0,0,0,1,12,5,200,0,0,0,0,200,200,200,0,0,0,49,200
0,200,0,0,0,0,1,12,7,0,0,0,0,0,200,200,200,20,200,1,35,200
0,200,0,0,0,0,1,12,7,0,0,0,0,0,200,200,200,20,200,0,36,200
0,200,30,0,0,0,1,7,3,2,0,0,0,0,200,200,200,11,200,0,56,200
0,200,30,0,0,0,1,2,6,200,0,0,0,0,200,200,200,0,0,0,29,200
0,200,30,2,2,0,1,0,5,2,0,0,0,1,200,200,1,17,200,1,200,200
0,200,30,2,2,0,1,0,5,2,0,0,0,1,200,200,1,17,200,1,43,200
1,200,30,2,2,0,1,0,5,2,0,0,0,1,200,200,1,17,200,0,22,200
1,200,30,2,2,0,1,0,5,2,0,0,0,1,200,200,1,17,200,1,17,200
0,200,15,0,0,0,1,3,7,1,0,0,0,0,200,1,200,0,0,0,200,200
0,200,15,0,0,0,1,3,7,1,0,0,0,0,200,1,200,0,0,0,34,200
0,200,30,0,0,0,1,10,5,4,0,0,0,0,200,200,200,18,200,0,0,200
0,200,30,0,0,0,1,10,5,4,0,0,0,0,200,200,200,18,200,1,44,200
1,200,30,0,0,0,1,10,5,4,0,0,0,0,200,200,200,18,200,0,200,200
1,200,30,0,0,0,1,10,5,4,0,0,0,0,200,200,200,18,200,1,29,200
0,200,30,0,0,0,1,10,2,2,0,0,0,0,200,200,1,0,200,0,22,200
0,200,30,0,0,0,1,10,2,2,0,0,0,0,200,200,1,0,200,0,60,200
0,200,30,1,2,0,1,14,5,2,0,0,0,1,200,200,200,6,0,1,23,200
0,200,30,1,2,0,1,14,5,2,0,0,0,1,200,200,200,6,0,0,21,200
1,200,30,1,2,0,1,14,5,2,0,0,0,1,200,200,200,6,0,0,0,200
0,200,30,0,0,1,1,7,0,1,0,0,0,0,200,200,200,17,22,1,27,200
1,200,30,0,0,1,1,7,0,1,0,0,0,0,200,200,200,17,22,1,2,200
1,200,30,0,0,1,1,7,0,1,0,0,0,0,200,200,200,17,22,1,7,200
0,200,30,1,2,0,3,12,5,200,0,0,0,0,200,200,1,0,200,0,200,200
0,200,30,1,2,0,3,12,5,200,0,0,0,0,200,200,1,0,200,0,42,200
1,200,30,1,2,0,3,12,5,200,0,0,0,0,200,200,1,0,200,0,200,200
0,200,15,0,0,0,1,7,0,1,0,0,200,0,200,200,200,11,0,0,24,200
1,200,15,0,0,0,1,7,0,1,0,0,200,0,200,200,200,11,0,0,20,200
0,200,35,0,0,0,1,7,5,200,0,0,0,0,200,200,1,25,200,0,200,200
0,200,30,0,0,0,200,7,5,2,0,0,0,0,200,200,1,0,0,2,200,200
0,200,30,0,0,0,1,12,5,200,0,0,0,0,200,200,200,200,200,0,36,200
0,200,30,0,0,0,1,12,5,200,0,0,0,0,200,200,200,200,200,1,43,200
1,200,30,0,0,0,1,12,5,200,0,0,0,0,200,200,200,200,200,1,200,200
0,200,30,0,0,0,1,2,5,200,0,0,0,0,200,200,1,0,0,2,200,200
0,200,30,1,2,0,1,14,5,2,0,0,0,0,200,200,1,18,18,2,200,200
0,200,30,1,2,0,1,14,5,2,0,0,0,0,200,200,1,18,18,0,59,200
0,1,15,0,0,0,1,7,7,200,0,0,0,0,200,1,200,11,200,0,19,200
1,1,15,0,0,0,1,7,7,200,0,0,0,0,200,1,200,11,200,0,17,200
0,200,30,0,0,0,1,10,5,200,0,0,0,0,200,200,0,0,0,1,25,200
0,200,30,0,0,0,1,10,5,200,0,0,0,0,200,200,0,0,0,1,25,200
0,200,30,0,0,0,1,10,5,200,0,0,0,0,200,200,200,0,0,1,32,200
0,200,30,0,0,0,1,10,5,200,0,0,0,0,200,200,200,0,0,0,39,200
0,200,20,0,0,0,1,12,3,200,0,0,0,0,200,200,200,6,200,2,200,200
0,200,20,0,0,0,1,2,12,200,0,0,0,0,200,1,1,0,0,2,200,200
0,200,30,0,0,0,3,14,5,200,0,0,0,0,1,200,1,11,200,2,200,200
0,200,30,0,0,0,3,14,5,200,0,0,0,0,1,200,1,11,200,0,50,200
0,200,30,2,2,0,1,10,2,2,0,0,0,0,200,200,200,18,0,0,200,200
0,200,30,2,2,0,1,10,2,2,0,0,0,0,200,200,200,18,0,0,44,200
0,200,25,1,2,0,1,12,6,3,0,0,0,0,1,200,200,0,200,1,43,200
0,200,25,1,2,0,1,12,6,3,0,0,0,0,1,200,200,0,200,1,21,200
0,200,25,1,2,0,1,10,5,2,0,0,0,0,200,200,200,18,200,1,28,200
0,200,25,1,2,0,1,10,5,2,0,0,0,0,200,200,200,18,200,0,70,200
0,200,35,0,0,0,1,12,2,4,0,0,0,0,200,200,1,0,0,2,200,200
0,200,35,0,0,0,1,12,2,4,0,0,0,0,200,200,1,0,0,1,36,200
0,200,30,0,0,0,1,14,2,4,0,0,0,1,200,200,200,23,21,1,21,200
0,200,30,0,0,0,1,14,2,4,0,0,0,1,200,200,200,23,21,0,33,200
1,200,30,0,0,0,1,14,2,4,0,0,0,1,200,200,200,23,21,0,24,200
0,200,20,0,0,0,1,7,6,2,0,0,0,1,200,1,200,0,200,0,200,200
1,200,20,0,0,0,1,7,6,2,0,0,0,1,200,1,200,0,200,1,50,200
0,200,30,1,2,0,1,10,2,4,0,0,0,1,1,200,200,0,0,1,28,200
0,200,30,1,2,0,1,10,2,4,0,0,0,1,1,200,200,0,0,0,51,200
1,200,30,1,2,0,1,10,2,4,0,0,0,1,1,200,200,0,0,0,9,200
1,200,30,1,2,0,1,10,2,4,0,0,0,1,1,200,200,0,0,1,4,200
1,200,30,1,2,0,1,10,2,4,0,0,0,1,1,200,200,0,0,0,8,200
1,200,30,1,2,0,1,10,2,4,0,0,0,1,1,200,200,0,0,200,50,200
1,200,30,1,2,0,1,10,2,4,0,0,0,1,1,200,200,0,0,0,49,200
0,200,30,0,2,0,1,14,2,4,0,0,0,1,200,200,200,21,0,0,44,200
0,200,30,0,2,0,1,14,2,4,0,0,0,1,200,200,200,21,0,0,34,200
1,200,30,0,2,0,1,14,2,4,0,0,0,1,200,200,200,21,0,1,6,200
1,200,30,0,2,0,1,14,2,4,0,0,0,1,200,200,200,21,0,1,200,200
0,200,30,0,0,0,1,12,3,6,0,0,0,0,200,200,200,0,0,0,200,200
0,200,30,0,0,0,1,12,3,6,0,0,0,0,200,200,200,0,0,0,200,200
0,200,30,0,0,0,1,12,2,4,0,200,200,0,200,200,200,17,17,0,23,200
0,200,30,0,0,0,1,12,2,4,0,200,200,0,200,200,200,17,17,1,42,200
1,200,30,0,0,0,1,12,2,4,0,200,200,0,200,200,200,17,17,1,24,200
1,200,30,0,0,0,1,12,2,4,0,200,200,0,200,200,200,17,17,1,17,200
0,200,35,1,2,0,3,10,5,7,0,0,0,0,200,200,1,18,21,0,200,200
0,200,35,1,2,0,3,10,5,7,0,0,0,0,200,200,1,18,21,1,37,200
0,200,15,0,0,0,1,7,7,200,0,0,0,0,200,1,200,20,200,0,53,200
1,200,15,0,0,0,1,7,7,200,0,0,0,0,200,1,200,20,200,0,48,200
0,200,30,2,0,0,1,7,5,200,0,0,0,0,200,200,200,25,200,1,200,200
1,200,30,2,0,0,1,7,5,200,0,0,0,0,200,200,200,25,200,1,200,200
0,200,30,1,2,0,1,10,5,2,0,0,0,0,1,200,200,16,200,0,200,200
0,200,30,1,2,0,1,10,5,2,0,0,0,0,1,200,200,16,200,0,200,200
0,200,0,0,0,0,1,7,7,0,0,0,0,0,200,1,200,0,200,1,74,200
0,1,30,0,0,0,1,7,6,200,0,0,0,0,200,200,1,11,200,2,200,200
0,200,30,1,2,0,1,10,5,2,0,0,0,0,200,200,200,18,26,0,27,200
0,200,30,1,2,0,1,10,5,2,0,0,0,0,200,200,200,18,26,1,36,200
0,1,30,0,0,0,3,7,6,200,0,0,0,0,200,200,1,0,200,2,200,200
0,200,30,0,0,0,1,7,5,200,0,0,0,0,200,200,1,0,0,2,200,200
0,200,30,200,200,200,3,10,200,1,0,200,200,0,200,200,200,20,200,0,200,200
0,200,30,200,200,200,3,10,200,1,0,200,200,0,200,200,200,20,200,1,25,200
1,200,30,200,200,200,3,10,200,1,0,200,200,0,200,200,200,20,200,1,31,200
1,200,30,200,200,200,3,10,200,1,0,200,200,0,200,200,200,20,200,1,200,200
1,200,30,200,200,200,3,10,200,1,0,200,200,0,200,200,200,20,200,0,200,200
0,200,30,0,0,0,1,7,6,200,0,0,0,0,200,200,1,200,200,2,200,200
0,200,30,1,2,0,1,10,6,200,0,0,200,0,1,200,200,8,8,0,53,200
0,200,30,1,2,0,1,10,6,200,0,0,200,0,1,200,200,8,8,1,51,200
0,200,30,1,2,0,1,10,5,200,0,0,0,0,1,200,1,18,200,0,200,200
0,200,30,1,2,0,1,10,5,200,0,0,0,0,1,200,1,18,200,0,74,200
1,200,30,1,2,0,1,10,5,200,0,0,0,0,1,200,1,18,200,0,200,200
0,200,30,1,2,0,1,14,6,3,0,0,0,0,200,200,200,23,200,0,36,200
0,200,30,1,2,0,1,14,6,3,0,0,0,0,200,200,200,23,200,0,30,200
0,200,30,0,0,0,1,12,5,4,0,0,0,0,200,200,200,17,17,1,57,200
0,200,30,0,0,0,1,12,5,4,0,0,0,0,200,200,200,17,17,1,200,200
0,200,30,0,0,0,1,7,2,2,0,0,200,0,200,200,200,0,0,1,200,200
1,200,30,0,0,0,1,7,2,2,0,0,200,0,200,200,200,0,0,1,95,200
0,200,15,0,0,0,1,10,5,2,0,0,0,0,200,200,1,17,0,0,200,200
0,200,15,0,0,0,1,10,5,2,0,0,0,0,200,200,1,17,0,1,60,200
0,200,15,0,0,0,1,10,5,2,0,0,0,0,200,200,1,17,0,1,51,200
0,200,15,0,0,0,1,10,5,2,0,0,0,0,200,200,1,17,0,0,40,200
1,200,15,0,0,0,1,10,5,2,0,0,0,0,200,200,1,17,0,0,11,200
0,200,30,0,0,0,1,7,5,2,0,0,0,0,200,200,1,21,200,0,200,200
1,200,30,0,0,0,1,7,5,2,0,0,0,0,200,200,1,21,200,0,200,200
0,200,30,2,2,0,1,10,2,2,0,0,0,0,1,200,200,16,0,0,18,200
0,200,30,2,2,0,1,10,2,2,0,0,0,0,1,200,200,16,0,1,50,200
1,200,30,2,2,0,1,10,2,2,0,0,0,0,1,200,200,16,0,0,49,200
0,200,30,2,2,0,1,14,2,200,1,0,0,1,1,200,200,0,200,0,48,200
0,200,30,2,2,0,1,14,2,200,1,0,0,1,1,200,200,0,200,0,55,200
0,200,30,1,2,0,1,10,5,2,2,0,0,0,200,200,200,18,0,0,30,200
0,200,30,1,2,0,1,10,5,2,2,0,0,0,200,200,200,18,0,0,45,200
0,200,30,0,0,0,1,14,5,200,0,0,0,0,200,200,200,17,0,0,20,200
0,200,30,0,0,0,1,14,5,200,0,0,0,0,200,200,200,17,0,0,21,200
0,200,30,0,0,0,1,14,2,200,0,0,0,1,200,200,200,23,200,0,65,200
0,200,30,0,0,0,1,14,2,200,0,0,0,1,200,200,200,23,200,0,69,200
1,200,30,0,0,0,1,14,2,200,0,0,0,1,200,200,200,23,200,1,65,200
0,200,0,0,0,0,1,12,5,4,0,0,0,0,200,200,1,21,0,0,200,200
0,200,0,0,0,0,1,12,5,4,0,0,0,0,200,200,1,21,0,1,65,200
0,200,30,0,0,0,1,10,1,5,0,0,0,0,200,200,1,0,200,0,200,200
0,200,30,0,0,0,1,10,1,5,0,0,0,0,200,200,1,0,200,0,42,200
0,200,30,2,2,0,1,0,2,4,0,0,0,1,1,200,200,17,33,0,20,200
0,200,30,2,2,0,1,0,2,4,0,0,0,1,1,200,200,17,33,0,63,200
0,200,30,2,2,0,1,0,2,4,0,0,0,1,1,200,200,17,33,0,200,200
0,200,30,0,0,0,1,7,0,200,0,0,200,0,200,200,200,200,200,0,25,200
0,200,30,0,0,0,1,12,5,200,0,0,0,0,200,200,1,0,0,0,200,200
0,200,30,0,0,0,1,12,5,200,0,0,0,0,200,200,1,0,0,0,64,200
0,200,30,0,0,0,1,7,5,2,0,0,0,1,200,200,200,13,25,0,30,200
1,200,30,0,0,0,1,7,5,2,0,0,0,1,200,200,200,13,25,0,18,200
1,200,30,0,0,0,1,7,5,2,0,0,0,1,200,200,200,13,25,0,20,200
0,200,30,1,2,0,1,12,2,2,0,0,0,1,200,200,200,21,16,0,66,200
0,200,30,1,2,0,1,12,2,2,0,0,0,1,200,200,200,21,16,1,19,200
0,200,30,1,2,0,1,12,2,2,0,0,0,1,200,200,200,21,16,1,28,200
0,1,25,0,0,0,200,7,6,1,0,0,0,0,200,200,1,0,0,2,200,200
0,200,30,2,2,0,1,14,2,2,0,0,0,0,1,200,200,0,200,1,81,200
0,200,30,2,2,0,1,14,2,2,0,0,0,0,1,200,200,0,200,0,31,200
0,200,30,0,0,0,1,12,2,4,2,0,0,0,200,200,200,22,16,0,65,200
0,200,30,0,0,0,1,12,2,4,2,0,0,0,200,200,200,22,16,1,61,200
1,200,30,0,0,0,1,12,2,4,2,0,0,0,200,200,200,22,16,1,52,200
1,200,30,0,0,0,1,12,2,4,2,0,0,0,200,200,200,22,16,0,12,200
0,200,30,0,0,0,1,7,7,200,0,0,0,0,200,1,200,0,0,1,65,200
0,200,30,1,2,0,1,10,5,200,0,0,200,0,200,200,200,18,11,1,0,200
0,200,30,1,2,0,1,10,5,200,0,0,200,0,200,200,200,18,11,0,28,200
0,200,30,0,0,0,1,12,2,4,0,0,0,0,1,200,200,11,0,1,20,200
0,200,30,0,0,0,1,12,2,4,0,0,0,0,1,200,200,11,0,1,64,200
1,200,30,0,0,0,1,12,2,4,0,0,0,0,1,200,200,11,0,1,22,200
1,200,30,0,0,0,1,12,2,4,0,0,0,0,1,200,200,11,0,1,22,200
1,200,30,0,0,0,1,12,2,4,0,0,0,0,1,200,200,11,0,1,23,200
0,200,15,0,0,0,1,7,7,1,0,0,0,0,200,1,200,0,200,1,200,200
0,200,30,1,2,2,1,12,3,4,0,0,0,0,200,200,1,22,0,0,200,200
0,200,30,1,2,2,1,12,3,4,0,0,0,0,200,200,1,22,0,1,42,200
0,200,30,1,2,0,1,14,6,2,0,0,0,1,0,200,200,23,0,0,51,200
0,200,30,1,2,0,1,14,6,2,0,0,0,1,0,200,200,23,0,0,33,200
0,200,30,2,2,0,1,0,2,4,0,0,0,1,1,200,1,16,200,0,200,200
0,200,30,2,2,0,1,0,2,4,0,0,0,1,1,200,1,16,200,0,25,200
1,200,30,2,2,0,1,0,2,4,0,0,0,1,1,200,1,16,200,0,29,200
0,200,30,0,0,0,1,12,5,2,0,0,0,1,200,200,200,21,11,1,36,200
0,200,30,0,0,0,1,12,5,2,0,0,0,1,200,200,200,21,11,0,36,200
0,200,30,0,0,0,1,10,5,200,0,0,0,0,200,200,200,7,0,0,18,200
0,200,30,0,0,0,1,10,5,200,0,0,0,0,200,200,200,7,0,1,51,200
0,200,5,12,2,0,1,10,3,11,0,0,0,1,200,200,200,16,17,0,40,200
0,200,5,12,2,0,1,10,3,11,0,0,0,1,200,200,200,16,17,0,59,200
0,200,30,0,0,0,1,12,5,200,0,0,0,0,200,200,200,22,200,0,0,200
0,200,30,0,0,0,1,12,5,200,0,0,0,0,200,200,200,22,200,0,24,200
1,200,30,0,0,0,1,12,5,200,0,0,0,0,200,200,200,22,200,1,200,200
1,200,30,0,0,0,1,12,5,200,0,0,0,0,200,200,200,22,200,2,200,200
1,200,30,0,0,0,1,12,5,200,0,0,0,0,200,200,200,22,200,2,200,200
0,200,30,0,0,0,1,7,5,200,0,0,0,0,200,200,200,200,200,1,20,200
1,200,30,0,0,0,1,7,5,200,0,0,0,0,200,200,200,200,200,0,46,200
0,200,30,1,2,0,1,10,2,4,0,0,0,0,200,200,200,18,0,0,40,200
0,200,30,1,2,0,1,10,2,4,0,0,0,0,200,200,200,18,0,0,58,200
1,200,30,1,2,0,1,10,2,4,0,0,0,0,200,200,200,18,0,0,8,200
0,200,25,1,2,0,1,14,5,200,0,0,0,0,1,200,1,0,200,2,200,200
0,200,25,1,2,0,1,14,5,200,0,0,0,0,1,200,1,0,200,0,60,200
0,200,30,1,2,0,1,7,5,2,0,0,0,0,1,200,200,23,18,0,49,200
0,200,30,0,0,0,1,10,5,2,0,0,0,1,200,200,1,0,0,2,200,200
0,200,30,0,0,0,1,10,5,2,0,0,0,1,200,200,1,0,0,1,25,200
0,200,30,0,200,0,1,9,2,200,0,0,3,1,1,200,1,200,200,2,200,200
5,200,30,0,200,0,1,9,2,200,0,0,3,1,1,200,1,200,200,1,37,200
0,200,35,1,2,0,1,14,5,2,0,0,200,0,1,200,200,23,0,0,31,200
0,200,35,1,2,0,1,14,5,2,0,0,200,0,1,200,200,23,0,0,35,200
0,200,30,0,0,0,1,14,5,2,0,0,0,1,1,200,200,17,200,0,31,200
0,200,30,0,0,0,1,14,5,2,0,0,0,1,1,200,200,17,200,1,46,200
0,1,30,1,2,0,1,14,2,4,0,0,0,1,200,200,200,22,22,1,26,200
0,1,30,1,2,0,1,14,2,4,0,0,0,1,200,200,200,22,22,0,0,200
0,200,30,1,2,0,1,14,5,4,0,0,0,0,1,200,200,17,16,0,25,200
0,200,30,1,2,0,1,14,5,4,0,0,0,0,1,200,200,17,16,0,33,200
0,200,15,0,0,0,1,7,0,1,0,0,0,0,200,200,200,22,0,0,25,200
1,200,15,0,0,0,1,7,0,1,0,0,0,0,200,200,200,22,0,0,29,200
0,200,30,1,2,0,1,10,2,200,0,0,0,0,200,200,200,18,18,0,18,200
0,200,30,1,2,0,1,10,2,200,0,0,0,0,200,200,200,18,18,1,43,200
1,200,30,1,2,0,1,10,2,200,0,0,0,0,200,200,200,18,18,1,13,200
0,200,30,0,0,0,1,12,3,200,0,0,0,0,200,1,200,21,200,0,60,200
0,200,30,0,0,0,1,12,3,200,0,0,0,0,200,1,200,21,200,0,57,200
1,200,30,0,0,0,1,12,3,200,0,0,0,0,200,1,200,21,200,0,200,200
1,200,30,0,0,0,1,12,3,200,0,0,0,0,200,1,200,21,200,1,200,200
0,200,30,0,0,0,1,7,7,200,0,0,0,0,200,200,200,200,200,1,200,200
0,200,30,0,0,0,1,7,6,2,0,0,0,0,200,200,200,0,200,1,200,200
1,200,30,0,0,0,1,7,6,2,0,0,0,0,200,200,200,0,200,0,200,200
1,200,30,0,0,0,1,7,6,2,0,0,0,0,200,200,200,0,200,1,200,200
1,200,30,0,0,0,1,7,6,2,0,0,0,0,200,200,200,0,200,0,200,200
1,200,30,0,0,0,1,7,6,2,0,0,0,0,200,200,200,0,200,1,200,200
1,200,30,0,0,0,1,7,6,2,0,0,0,0,200,200,200,0,200,1,200,200
0,200,30,2,2,0,1,14,2,2,0,0,0,0,1,200,200,17,0,0,41,200
0,200,30,2,2,0,1,14,2,2,0,0,0,0,1,200,200,17,0,0,56,200
1,200,30,2,2,0,1,14,2,2,0,0,0,0,1,200,200,17,0,2,200,200
0,200,30,0,0,0,1,12,5,200,0,0,0,0,200,200,200,0,0,0,54,200
0,200,30,0,0,0,1,12,5,200,0,0,0,0,200,200,200,0,0,0,59,200
0,200,25,0,0,0,1,7,6,200,0,0,0,0,200,200,1,200,200,2,200,200
0,200,0,12,12,12,1,7,7,200,0,0,0,0,200,1,200,11,200,0,46,200
0,200,10,0,0,0,1,7,7,200,0,0,0,0,200,200,1,0,200,2,200,200
0,200,15,0,0,0,1,7,7,2,0,0,0,0,200,1,1,0,200,2,200,200
0,1,20,0,0,200,0,7,6,1,0,200,200,0,200,200,1,0,0,2,200,200
0,200,30,0,0,0,200,7,5,2,0,0,0,0,200,200,1,0,200,2,200,200
0,200,30,2,2,0,1,14,5,4,0,0,0,1,1,200,200,0,17,0,34,200
0,200,30,2,2,0,1,14,5,4,0,0,0,1,1,200,200,0,17,1,19,200
1,200,30,2,2,0,1,14,5,4,0,0,0,1,1,200,200,0,17,1,15,200
1,200,30,2,2,0,1,14,5,4,0,0,0,1,1,200,200,0,17,0,17,200
0,200,30,1,2,0,1,14,5,200,0,0,0,1,200,200,200,0,0,1,28,200
0,200,30,1,2,0,1,14,5,200,0,0,0,1,200,200,200,0,0,1,19,200
0,200,40,1,2,0,1,10,3,1,0,0,0,0,200,200,200,0,0,0,200,200
0,200,40,1,2,0,1,10,3,1,0,0,0,0,200,200,200,0,0,1,200,200
1,200,40,1,2,0,1,10,3,1,0,0,0,0,200,200,200,0,0,1,200,200
0,200,35,1,2,0,1,0,5,4,0,0,0,1,1,200,200,11,17,1,55,200
0,200,35,1,2,0,1,0,5,4,0,0,0,1,1,200,200,11,17,0,58,200
1,200,35,1,2,0,1,0,5,4,0,0,0,1,1,200,200,11,17,1,37,200
1,200,35,1,2,0,1,0,5,4,0,0,0,1,1,200,200,11,17,0,9,200
0,200,30,1,2,0,1,10,5,200,0,0,0,0,1,200,1,18,200,0,200,200
0,200,30,1,2,0,1,10,5,200,0,0,0,0,1,200,1,18,200,0,36,200
0,200,30,0,0,0,1,7,5,2,0,0,0,0,200,200,1,23,0,0,200,200
0,200,30,1,2,0,1,10,2,2,0,0,0,0,1,200,200,7,0,0,62,200
0,200,30,1,2,0,1,10,2,2,0,0,0,0,1,200,200,7,0,0,21,200
0,200,35,0,12,0,0,8,2,2,0,0,0,1,200,200,200,200,200,0,27,200
4,200,35,0,12,0,0,8,2,2,0,0,0,1,200,200,200,200,200,1,54,200
0,200,30,0,0,0,1,0,7,200,0,0,0,0,200,1,200,200,200,1,200,200
0,200,30,0,0,0,1,0,7,200,0,0,0,0,200,1,200,200,200,0,31,200
1,200,30,0,0,0,1,0,7,200,0,0,0,0,200,1,200,200,200,1,200,200
1,200,30,0,0,0,1,0,7,200,0,0,0,0,200,1,200,200,200,0,200,200
0,200,30,0,0,0,1,2,5,200,0,0,0,1,1,200,1,0,0,0,200,200
0,200,10,0,0,0,1,0,7,200,0,0,0,0,200,200,200,17,200,0,58,200
0,200,10,0,0,0,1,0,7,200,0,0,0,0,200,200,200,17,200,1,26,200
0,200,30,1,2,0,1,8,5,2,0,0,0,1,200,200,1,0,200,1,200,200
4,200,30,1,2,0,1,8,5,2,0,0,0,1,200,200,1,0,200,0,61,200
0,200,30,0,0,0,1,10,7,200,0,0,200,0,200,200,200,18,200,0,200,200
0,200,30,0,0,0,1,10,7,200,0,0,200,0,200,200,200,18,200,0,25,200
1,200,30,0,0,0,1,10,7,200,0,0,200,0,200,200,200,18,200,0,23,200
0,200,30,0,0,0,1,7,2,2,0,0,200,0,200,200,200,0,0,0,28,200
0,200,30,0,0,0,1,7,5,200,0,0,0,0,200,200,200,200,200,0,200,200
1,200,30,0,0,0,1,7,5,200,0,0,0,0,200,200,200,200,200,0,200,200
0,1,30,9,2,0,1,10,2,4,0,0,12,1,1,200,200,16,0,1,18,200
0,1,30,9,2,0,1,10,2,4,0,0,12,1,1,200,200,16,0,0,36,200
0,200,30,0,0,0,1,14,5,4,0,0,0,0,200,200,200,18,200,0,20,200
0,200,30,0,0,0,1,14,5,4,0,0,0,0,200,200,200,18,200,1,28,200
1,200,30,0,0,0,1,14,5,4,0,0,0,0,200,200,200,18,200,1,3,200
0,200,30,1,2,0,1,14,3,6,0,0,0,1,1,200,200,25,3,2,200,200
0,200,30,1,2,0,1,14,3,6,0,0,0,1,1,200,200,25,3,0,31,200
1,200,30,1,2,0,1,14,3,6,0,0,0,1,1,200,200,25,3,200,200,200
1,200,30,1,2,0,1,14,3,6,0,0,0,1,1,200,200,25,3,200,200,200
1,200,30,1,2,0,1,14,3,6,0,0,0,1,1,200,200,25,3,200,200,200
0,200,30,0,0,0,1,3,2,2,0,0,0,1,200,200,200,7,200,0,37,200
0,200,30,0,0,0,1,3,2,2,0,0,0,1,200,200,200,7,200,0,34,200
1,200,30,0,0,0,1,3,2,2,0,0,0,1,200,200,200,7,200,0,27,200
0,200,30,0,0,0,1,10,2,200,0,0,0,1,200,200,1,200,200,2,200,200
0,200,30,0,0,0,1,10,2,200,0,0,0,1,200,200,1,200,200,1,57,200
0,200,30,1,2,0,0,10,2,4,0,0,0,0,1,200,200,16,200,1,18,200
0,200,30,1,2,0,0,10,2,4,0,0,0,0,1,200,200,16,200,0,30,200
0,200,30,2,2,0,1,0,2,200,0,0,0,1,1,200,200,17,200,0,25,200
0,200,30,2,2,0,1,0,2,200,0,0,0,1,1,200,200,17,200,0,45,200
0,200,30,1,2,0,1,10,5,2,0,0,0,1,200,200,1,0,200,1,42,200
0,200,30,1,2,0,1,10,5,2,0,0,0,1,200,200,1,0,200,0,200,200
1,200,30,1,2,0,1,10,5,2,0,0,0,1,200,200,1,0,200,1,46,200
1,200,30,1,2,0,1,10,5,2,0,0,0,1,200,200,1,0,200,0,200,200
0,200,30,0,2,0,1,12,5,4,0,0,0,0,200,200,200,0,0,2,200,200
0,200,30,0,2,0,1,12,5,4,0,0,0,0,200,200,200,0,0,1,27,200
0,200,30,0,0,0,1,7,5,200,0,0,0,0,200,200,1,0,0,2,200,200
0,200,30,1,2,0,1,0,12,2,0,0,0,0,1,200,200,6,16,1,63,200
0,200,30,1,2,0,1,0,12,2,0,0,0,0,1,200,200,6,16,1,28,200
1,200,30,1,2,0,1,0,12,2,0,0,0,0,1,200,200,6,16,1,26,200
0,1,20,0,0,200,0,7,5,2,0,200,0,0,200,200,1,0,0,2,200,200
0,200,30,0,0,0,1,7,5,2,0,0,0,0,200,200,200,0,200,0,26,200
1,200,30,0,0,0,1,7,5,2,0,0,0,0,200,200,200,0,200,0,29,200
0,200,30,0,0,0,1,0,7,1,0,0,0,0,200,200,1,17,200,1,200,200
0,200,30,0,0,0,1,0,7,1,0,0,0,0,200,200,1,17,200,0,17,200
0,200,30,0,0,0,1,12,2,200,0,0,0,0,200,200,200,21,200,1,49,200
0,200,30,0,0,0,1,12,2,200,0,0,0,0,200,200,200,21,200,0,65,200
1,200,30,0,0,0,1,12,2,200,0,0,0,0,200,200,200,21,200,1,200,200
0,200,30,0,0,0,1,7,7,0,0,0,0,0,200,0,200,0,200,1,50,200
0,200,30,1,2,0,1,10,5,200,0,0,200,0,200,200,1,18,200,0,200,200
0,200,30,1,2,0,1,10,5,200,0,0,200,0,200,200,1,18,200,0,23,200
1,200,30,1,2,0,1,10,5,200,0,0,200,0,200,200,1,18,200,1,23,200
0,200,30,2,2,0,1,10,6,200,0,0,0,0,200,200,200,200,200,0,20,200
0,200,30,2,2,0,1,10,6,200,0,0,0,0,200,200,200,200,200,1,52,200
1,200,30,2,2,0,1,10,6,200,0,0,0,0,200,200,200,200,200,0,200,200
1,200,30,2,2,0,1,10,6,200,0,0,0,0,200,200,200,200,200,0,200,200
1,200,30,2,2,0,1,10,6,200,0,0,0,0,200,200,200,200,200,0,200,200
0,200,30,1,2,0,1,14,5,200,0,0,0,0,1,200,1,17,200,0,200,200
0,200,30,1,2,0,1,14,5,200,0,0,0,0,1,200,1,17,200,1,55,200
0,200,30,0,0,0,1,7,6,1,0,0,0,1,200,200,1,0,0,0,200,200
0,200,30,0,0,0,1,10,2,2,0,0,200,0,200,200,200,0,0,0,40,200
0,200,30,0,0,0,1,10,2,2,0,0,200,0,200,200,200,0,0,1,35,200
0,200,30,1,2,0,1,14,5,200,0,0,0,0,1,200,200,0,0,1,29,200
0,200,30,1,2,0,1,14,5,200,0,0,0,0,1,200,200,0,0,0,25,200
0,1,30,0,0,0,1,7,6,1,0,0,0,1,200,200,200,0,200,2,200,200