PERSON_TYPE,CRASH_DATE_EST_I,POSTED_SPEED_LIMIT,TRAFFIC_CONTROL_DEVICE,DEVICE_CONDITION,WEATHER_CONDITION,LIGHTING_CONDITION,FIRST_CRASH_TYPE,TRAFFICWAY_TYPE,LANE_CNT,ALIGNMENT,ROADWAY_SURFACE_COND,ROAD_DEFECT,CRASH_TYPE,INTERSECTION_RELATED_I,NOT_RIGHT_OF_WAY_I,HIT_AND_RUN_I,PRIM_CONTRIBUTORY_CAUSE,SEC_CONTRIBUTORY_CAUSE,SEX,AGE,BAC_RESULT VALUE
0,200,30,1,2,0,3,0,5,2,0,0,0,0,200,200,1,0,200,0,200,200
0,200,30,1,2,0,3,0,5,2,0,0,0,0,200,200,1,0,200,2,200,200
0,200,25,1,2,0,1,0,5,200,0,0,0,0,200,200,200,6,200,0,200,200
0,200,25,1,2,0,1,0,5,200,0,0,0,0,200,200,200,6,200,1,23,200
0,200,15,0,0,0,1,0,0,1,0,0,0,1,200,200,200,17,16,1,22,200
0,200,15,0,0,0,1,0,0,1,0,0,0,1,200,200,200,17,16,0,18,200
1,200,15,0,0,0,1,0,0,1,0,0,0,1,200,200,200,17,16,0,1,200
1,200,15,0,0,0,1,0,0,1,0,0,0,1,200,200,200,17,16,0,3,200
0,200,30,1,2,0,1,14,2,4,0,0,200,1,1,200,200,6,200,0,25,200
0,200,30,1,2,0,1,14,2,4,0,0,200,1,1,200,200,6,200,0,31,200
1,200,30,1,2,0,1,14,2,4,0,0,200,1,1,200,200,6,200,1,29,200
0,200,30,1,2,0,1,14,2,4,0,0,0,0,1,200,1,6,200,0,200,200
0,200,30,1,2,0,1,14,2,4,0,0,0,0,1,200,1,6,200,1,63,200
1,200,30,1,2,0,1,14,2,4,0,0,0,0,1,200,1,6,200,1,19,200
0,200,30,0,0,0,1,12,5,200,0,0,0,0,200,200,200,0,0,0,53,200
0,200,30,0,0,0,1,12,5,200,0,0,0,0,200,200,200,0,0,1,23,200
0,200,30,200,200,0,1,7,5,200,0,0,200,0,200,200,200,0,200,0,63,200
1,200,30,200,200,0,1,7,5,200,0,0,200,0,200,200,200,0,200,0,200,200
0,200,30,0,0,0,1,7,5,200,0,0,200,0,200,200,1,200,200,2,200,200
0,200,30,1,2,0,1,12,2,2,0,0,0,0,200,200,200,22,21,0,200,200
0,200,30,1,2,0,1,12,2,2,0,0,0,0,200,200,200,22,21,0,58,200
0,200,30,1,2,0,1,12,2,2,0,0,0,0,200,200,200,22,21,1,43,200
0,200,30,0,0,0,1,12,6,200,0,0,0,0,200,200,200,20,200,1,46,200
0,200,30,0,0,0,1,12,6,200,0,0,0,0,200,200,200,20,200,0,43,200
0,200,30,2,2,0,1,14,5,2,0,0,200,1,1,200,200,17,200,1,17,200
0,200,30,2,2,0,1,14,5,2,0,0,200,1,1,200,200,17,200,1,28,200
0,1,30,0,0,0,1,7,7,1,0,0,0,0,200,200,1,0,0,2,200,200
0,200,30,0,0,0,1,7,2,200,0,0,0,0,200,200,1,0,200,0,200,200
1,200,30,0,0,0,1,7,2,200,0,0,0,0,200,200,1,0,200,1,200,200
0,200,35,0,0,0,1,7,6,1,0,0,0,0,200,200,1,0,0,0,200,200
0,200,30,2,2,0,1,0,2,200,0,0,0,0,1,200,200,11,17,0,87,200
0,200,30,2,2,0,1,0,2,200,0,0,0,0,1,200,200,11,17,0,63,200
0,200,30,1,2,0,1,9,2,2,0,0,0,1,200,200,1,6,200,2,200,200
5,200,30,1,2,0,1,9,2,2,0,0,0,1,200,200,1,6,200,0,29,200
0,200,15,2,2,0,1,7,5,2,0,0,0,1,200,200,200,14,200,0,24,200
1,200,15,2,2,0,1,7,5,2,0,0,0,1,200,200,200,14,200,0,19,200
1,200,15,2,2,0,1,7,5,2,0,0,0,1,200,200,200,14,200,0,200,200
0,200,30,200,200,200,200,7,6,200,0,200,200,0,200,200,1,0,200,2,200,200
0,200,30,1,2,0,1,14,2,2,0,0,0,0,1,200,200,21,200,1,60,200
0,200,30,1,2,0,1,14,2,2,0,0,0,0,1,200,200,21,200,0,60,200
1,200,30,1,2,0,1,14,2,2,0,0,0,0,1,200,200,21,200,0,67,200
0,200,30,0,0,0,1,14,6,2,0,0,0,0,200,200,200,17,200,0,30,200
0,200,30,0,0,0,1,14,6,2,0,0,0,0,200,200,200,17,200,0,47,200
1,200,30,0,0,0,1,14,6,2,0,0,0,0,200,200,200,17,200,0,28,200
1,200,30,0,0,0,1,14,6,2,0,0,0,0,200,200,200,17,200,1,26,200
0,200,30,1,2,0,1,0,2,4,0,0,0,1,200,200,1,6,17,1,200,200
0,200,30,1,2,0,1,0,2,4,0,0,0,1,200,200,1,6,17,1,27,200
1,200,30,1,2,0,1,0,2,4,0,0,0,1,200,200,1,6,17,0,200,200
0,200,30,0,0,0,1,10,5,2,0,0,0,0,1,200,200,18,16,1,200,200
0,200,30,0,0,0,1,10,5,2,0,0,0,0,1,200,200,18,16,1,200,200
1,200,30,0,0,0,1,10,5,2,0,0,0,0,1,200,200,18,16,2,200,200
1,200,30,0,0,0,1,10,5,2,0,0,0,0,1,200,200,18,16,0,200,200
1,200,30,0,0,0,1,10,5,2,0,0,0,0,1,200,200,18,16,1,200,200
1,200,30,0,0,0,1,10,5,2,0,0,0,0,1,200,200,18,16,1,200,200
1,200,30,0,0,0,1,10,5,2,0,0,0,0,1,200,200,18,16,1,200,200
0,200,30,1,2,200,200,10,5,2,0,200,200,0,1,200,200,0,0,0,25,200
0,200,30,1,2,200,200,10,5,2,0,200,200,0,1,200,200,0,0,0,60,200
0,200,30,0,0,0,1,0,5,200,0,0,0,0,200,200,200,17,0,0,31,200
0,200,30,0,0,0,1,0,5,200,0,0,0,0,200,200,200,17,0,0,39,200
0,200,30,0,0,0,1,11,12,200,0,0,0,0,200,200,200,20,200,0,50,200
0,200,30,0,0,0,1,11,12,200,0,0,0,0,200,200,200,20,200,1,32,200
0,200,30,1,2,0,1,10,5,200,0,0,0,0,200,200,200,18,200,1,200,200
0,200,30,1,2,0,1,10,5,200,0,0,0,0,200,200,200,18,200,1,32,200
0,200,0,0,0,0,1,7,7,1,0,0,0,0,200,1,1,0,0,2,200,200
0,200,30,0,0,0,1,10,5,200,0,0,0,0,200,200,1,200,200,0,200,200
0,200,30,0,0,0,1,10,5,200,0,0,0,0,200,200,1,200,200,0,33,200
0,200,30,0,0,0,1,10,5,200,0,0,0,0,200,200,1,200,200,2,200,200
0,200,30,1,2,0,1,12,2,3,0,0,0,0,200,200,200,17,0,0,27,200
0,200,30,1,2,0,1,12,2,3,0,0,0,0,200,200,200,17,0,1,36,200
0,200,30,0,0,0,1,10,6,200,0,0,0,0,200,200,200,17,200,0,200,200
0,200,30,0,0,0,1,10,6,200,0,0,0,0,200,200,200,17,200,0,63,200
0,200,30,2,2,0,1,0,6,1,0,0,0,0,1,200,200,33,17,0,38,200
0,200,30,2,2,0,1,0,6,1,0,0,0,0,1,200,200,33,17,1,17,200
1,200,30,2,2,0,1,0,6,1,0,0,0,0,1,200,200,33,17,1,2,200
1,200,30,2,2,0,1,0,6,1,0,0,0,0,1,200,200,33,17,1,17,200
0,200,30,0,0,0,1,0,7,0,0,0,0,0,200,200,200,20,200,1,61,200
0,200,30,0,0,0,1,0,7,0,0,0,0,0,200,200,200,20,200,1,41,200
1,200,30,0,0,0,1,0,7,0,0,0,0,0,200,200,200,20,200,1,200,200
1,200,30,0,0,0,1,0,7,0,0,0,0,0,200,200,200,20,200,1,200,200
1,200,30,0,0,0,1,0,7,0,0,0,0,0,200,200,200,20,200,1,200,200
1,200,30,0,0,0,1,0,7,0,0,0,0,0,200,200,200,20,200,1,200,200
0,200,30,0,0,0,3,7,5,200,0,0,0,0,200,200,1,0,0,2,200,200
0,200,30,0,0,0,1,14,2,4,0,0,0,0,200,200,200,21,200,0,30,200
0,200,30,0,0,0,1,14,2,4,0,0,0,0,200,200,200,21,200,1,29,200
0,200,30,0,0,0,1,7,7,200,0,0,0,0,200,200,1,0,200,2,200,200
0,200,30,0,0,0,1,12,6,3,0,0,0,1,200,200,200,11,0,1,20,200
0,200,30,0,0,0,1,12,6,3,0,0,0,1,200,200,200,11,0,0,30,200
1,200,30,0,0,0,1,12,6,3,0,0,0,1,200,200,200,11,0,0,3,200
0,0,30,0,0,0,1,7,5,4,0,0,0,1,200,200,1,0,0,2,200,200
0,200,30,0,0,0,4,2,0,1,0,0,0,0,200,1,1,200,200,1,200,200
0,200,30,2,2,0,2,12,6,1,0,0,0,0,200,200,200,17,0,1,27,200
0,200,30,2,2,0,2,12,6,1,0,0,0,0,200,200,200,17,0,0,40,200
0,1,25,0,0,200,0,7,5,2,0,200,200,0,200,200,1,0,0,2,200,200
0,200,30,0,0,0,3,7,5,2,0,0,0,0,200,200,1,0,0,2,200,200
0,200,30,0,0,0,1,10,5,4,0,0,0,0,200,200,200,18,18,0,35,200
0,200,30,0,0,0,1,10,5,4,0,0,0,0,200,200,200,18,18,0,30,200
1,200,30,0,0,0,1,10,5,4,0,0,0,0,200,200,200,18,18,1,200,200
4,200,30,0,0,0,1,8,5,200,0,0,0,0,200,200,200,0,0,0,200,200
0,200,30,0,0,0,1,8,5,200,0,0,0,0,200,200,200,0,0,0,200,200
0,200,30,1,2,0,1,12,5,200,0,0,0,0,1,200,200,23,23,1,34,200
0,200,30,1,2,0,1,12,5,200,0,0,0,0,1,200,200,23,23,0,28,200
0,200,30,1,2,0,1,12,5,2,0,0,0,0,200,200,200,21,200,1,48,200
0,200,30,1,2,0,1,12,5,2,0,0,0,0,200,200,200,21,200,1,55,200
0,200,30,0,0,0,1,12,6,200,2,0,0,1,200,200,200,0,200,1,200,200
0,200,30,0,0,0,1,12,6,200,2,0,0,1,200,200,200,0,200,1,200,200
0,200,30,1,2,0,1,14,5,200,0,0,0,0,1,200,200,0,0,0,58,200
0,200,30,1,2,0,1,14,5,200,0,0,0,0,1,200,200,0,0,0,30,200
0,200,20,2,2,0,4,8,6,1,0,0,0,1,1,200,200,16,5,0,63,200
4,200,20,2,2,0,4,8,6,1,0,0,0,1,1,200,200,16,5,0,55,200
0,200,35,0,0,0,1,7,5,2,0,0,0,0,1,200,1,0,200,2,200,200
0,200,30,0,0,0,4,0,5,200,0,0,200,0,200,200,200,17,200,1,21,200
0,200,30,0,0,0,4,0,5,200,0,0,200,0,200,200,200,17,200,0,22,200
0,200,30,1,2,0,3,14,2,2,0,0,0,0,1,200,1,18,0,0,200,200
0,200,30,1,2,0,3,14,2,2,0,0,0,0,1,200,1,18,0,0,66,200
0,200,30,1,2,0,3,14,2,2,0,0,0,0,1,200,1,18,0,1,200,200
0,200,30,0,0,0,3,7,7,200,0,0,0,0,200,1,1,0,0,2,200,200
0,200,30,1,2,0,4,7,2,4,0,0,0,0,200,200,200,0,0,0,64,200
1,200,30,1,2,0,4,7,2,4,0,0,0,0,200,200,200,0,0,0,200,200
0,200,30,1,2,0,1,0,5,0,0,0,0,1,1,200,0,16,6,0,21,200
0,200,30,1,2,0,1,0,5,0,0,0,0,1,1,200,0,16,6,0,36,200
0,200,30,1,2,0,1,0,5,0,0,0,0,1,1,200,0,16,6,1,60,200
1,200,30,1,2,0,1,0,5,0,0,0,0,1,1,200,0,16,6,0,22,200
0,200,20,0,0,0,2,7,7,200,0,0,0,0,200,200,1,0,0,2,200,200
0,200,20,0,0,0,1,0,12,1,2,0,0,0,1,200,200,17,16,1,200,200
0,200,20,0,0,0,1,0,12,1,2,0,0,0,1,200,200,17,16,1,59,200
0,200,30,1,2,0,1,10,5,200,0,0,200,0,200,200,1,18,200,1,200,200
0,200,30,1,2,0,1,10,5,200,0,0,200,0,200,200,1,18,200,0,50,200
1,200,30,1,2,0,1,10,5,200,0,0,200,0,200,200,1,18,200,1,46,200
1,200,30,1,2,0,1,10,5,200,0,0,200,0,200,200,1,18,200,0,11,200
0,200,30,0,0,0,1,5,2,200,0,0,0,1,1,200,200,17,17,1,25,200
0,200,30,0,0,0,1,5,2,200,0,0,0,1,1,200,200,17,17,0,26,200
0,200,35,1,2,0,4,0,5,4,0,0,0,0,1,200,200,0,200,0,47,200
0,200,35,1,2,0,4,0,5,4,0,0,0,0,1,200,200,0,200,0,32,200
0,200,0,0,0,0,3,12,7,1,0,0,0,0,200,200,1,11,0,0,200,200
0,200,0,0,0,0,3,12,7,1,0,0,0,0,200,200,1,11,0,0,31,200
0,200,30,1,2,0,3,10,12,200,0,0,0,0,200,200,200,18,16,0,45,200
0,200,30,1,2,0,3,10,12,200,0,0,0,0,200,200,200,18,16,0,28,200
1,200,30,1,2,0,3,10,12,200,0,0,0,0,200,200,200,18,16,1,10,200
0,200,30,1,2,0,1,12,5,3,0,0,0,1,1,200,200,21,200,1,61,200
0,200,30,1,2,0,1,12,5,3,0,0,0,1,1,200,200,21,200,1,29,200
1,200,30,1,2,0,1,12,5,3,0,0,0,1,1,200,200,21,200,1,58,200
0,200,30,0,0,0,3,10,5,4,0,0,0,0,200,200,200,18,200,0,54,200
0,200,30,0,0,0,3,10,5,4,0,0,0,0,200,200,200,18,200,0,35,200
0,200,10,0,0,0,200,12,7,1,0,0,200,0,200,200,1,200,200,1,200,200
0,200,10,0,0,0,200,12,7,1,0,0,200,0,200,200,1,200,200,0,38,200
1,200,10,0,0,0,200,12,7,1,0,0,200,0,200,200,1,200,200,1,200,200
1,200,10,0,0,0,200,12,7,1,0,0,200,0,200,200,1,200,200,200,200,200
0,200,30,1,2,0,1,12,5,200,0,0,0,0,200,200,200,22,200,0,200,200
0,200,30,1,2,0,1,12,5,200,0,0,0,0,200,200,200,22,200,1,19,200
1,200,30,1,2,0,1,12,5,200,0,0,0,0,200,200,200,22,200,1,19,200
0,200,20,0,0,0,3,7,6,1,0,0,0,0,200,200,200,0,16,0,45,200
0,200,35,1,2,0,3,10,3,4,0,0,0,0,1,200,200,0,0,0,28,200
0,200,35,1,2,0,3,10,3,4,0,0,0,0,1,200,200,0,0,0,32,200
0,200,30,0,0,200,3,10,5,2,0,200,200,0,200,200,200,0,200,0,54,200
0,200,30,0,0,200,3,10,5,2,0,200,200,0,200,200,200,0,200,0,53,200
0,200,30,0,0,0,1,14,5,4,0,0,200,0,1,200,200,23,22,1,200,200
0,200,30,0,0,0,1,14,5,4,0,0,200,0,1,200,200,23,22,0,18,200
0,200,35,1,2,0,3,12,5,200,0,0,0,0,1,200,1,0,21,2,200,200
0,200,35,1,2,0,3,12,5,200,0,0,0,0,1,200,1,0,21,1,29,200
0,200,30,0,0,0,3,7,5,200,0,0,0,0,200,200,1,0,0,2,200,200
0,200,15,0,0,0,3,7,7,200,0,0,0,0,200,200,1,0,200,2,200,200
0,200,30,1,2,0,1,14,200,4,0,0,0,0,200,200,200,21,200,0,43,200
0,200,30,1,2,0,1,14,200,4,0,0,0,0,200,200,200,21,200,1,63,200
0,200,30,0,0,0,3,7,7,200,0,0,0,0,200,200,200,0,0,1,200,200
1,200,30,0,0,0,3,7,7,200,0,0,0,0,200,200,200,0,0,0,32,200
0,200,30,1,2,0,3,0,5,6,0,0,0,1,1,200,200,6,200,1,20,200
0,200,30,1,2,0,3,0,5,6,0,0,0,1,1,200,200,6,200,0,28,200
1,200,30,1,2,0,3,0,5,6,0,0,0,1,1,200,200,6,200,0,200,200
0,200,30,0,0,0,3,10,5,200,0,0,0,0,200,200,200,0,200,1,26,200
0,200,30,0,0,0,3,10,5,200,0,0,0,0,200,200,200,0,200,0,200,200
0,200,30,1,2,0,3,10,2,200,0,0,0,0,200,200,0,0,0,0,27,200
0,200,30,1,2,0,3,10,2,200,0,0,0,0,200,200,0,0,0,0,40,200
0,200,25,0,0,0,3,10,5,200,0,0,0,0,200,200,1,22,200,0,200,200
0,200,25,0,0,0,3,10,5,200,0,0,0,0,200,200,1,22,200,0,53,200
0,200,30,2,2,0,3,2,5,2,0,0,0,1,1,200,200,12,0,0,30,200
1,200,30,2,2,0,3,2,5,2,0,0,0,1,1,200,200,12,0,1,29,200
0,200,30,2,0,0,3,0,6,2,0,0,0,1,1,200,200,17,200,1,37,200
0,200,30,2,0,0,3,0,6,2,0,0,0,1,1,200,200,17,200,1,30,200
5,200,30,2,0,0,3,0,6,2,0,0,0,1,1,200,200,17,200,0,3,200
5,200,30,2,0,0,3,0,6,2,0,0,0,1,1,200,200,17,200,1,31,200
1,200,30,2,0,0,3,0,6,2,0,0,0,1,1,200,200,17,200,1,200,200
0,200,30,1,2,0,3,10,5,2,0,0,0,1,1,200,200,22,21,1,25,200
0,200,30,1,2,0,3,10,5,2,0,0,0,1,1,200,200,22,21,0,25,200
1,200,30,1,2,0,3,10,5,2,0,0,0,1,1,200,200,22,21,1,24,200
1,200,30,1,2,0,3,10,5,2,0,0,0,1,1,200,200,22,21,1,55,200
5,200,30,2,2,0,3,9,2,200,0,0,0,1,200,200,200,0,200,1,81,200
0,200,30,2,2,0,3,9,2,200,0,0,0,1,200,200,200,0,200,0,33,200
0,200,35,1,200,0,1,12,2,200,0,0,0,0,200,200,200,0,0,0,200,200
0,200,35,1,200,0,1,12,2,200,0,0,0,0,200,200,200,0,0,1,36,200
0,200,25,0,0,0,3,7,5,200,0,0,0,1,200,200,200,0,0,0,71,200
0,200,30,2,2,0,0,0,5,2,0,0,0,1,1,200,200,17,17,1,25,200
0,200,30,2,2,0,0,0,5,2,0,0,0,1,1,200,200,17,17,1,45,200
0,200,30,1,2,0,3,10,2,3,0,0,0,0,1,200,200,18,200,0,46,200
0,200,30,1,2,0,3,10,2,3,0,0,0,0,1,200,200,18,200,1,19,200
0,200,30,0,0,0,0,7,2,2,0,0,0,0,200,200,1,23,0,2,200,200
0,200,30,3,2,0,3,12,5,4,0,0,0,0,200,200,200,17,17,0,34,200
0,200,30,3,2,0,3,12,5,4,0,0,0,0,200,200,200,17,17,0,54,200
1,200,30,3,2,0,3,12,5,4,0,0,0,0,200,200,200,17,17,1,200,200
4,200,30,1,2,0,3,8,5,200,0,0,200,1,1,200,200,6,17,0,0,200
0,200,30,1,2,0,3,8,5,200,0,0,200,1,1,200,200,6,17,1,23,200
1,200,30,1,2,0,3,8,5,200,0,0,200,1,1,200,200,6,17,0,28,200
1,200,30,1,2,0,3,8,5,200,0,0,200,1,1,200,200,6,17,1,29,200
0,200,30,12,12,0,3,12,5,2,0,0,0,0,200,200,1,0,200,2,200,200
0,200,30,12,12,0,3,12,5,2,0,0,0,0,200,200,1,0,200,0,44,200
0,200,30,0,0,0,3,10,12,3,3,0,0,1,200,200,1,16,200,0,35,200
0,200,30,0,0,0,3,10,12,3,3,0,0,1,200,200,1,16,200,0,37,200
1,200,30,0,0,0,3,10,12,3,3,0,0,1,200,200,1,16,200,1,32,200
1,200,30,0,0,0,3,10,12,3,3,0,0,1,200,200,1,16,200,1,37,200
1,200,30,0,0,0,3,10,12,3,3,0,0,1,200,200,1,16,200,0,36,200
1,200,30,0,0,0,3,10,12,3,3,0,0,1,200,200,1,16,200,1,34,200
0,200,35,0,2,0,3,7,2,6,0,0,0,0,200,200,0,21,21,1,31,200
1,200,35,0,2,0,3,7,2,6,0,0,0,0,200,200,0,21,21,1,200,200
1,200,35,0,2,0,3,7,2,6,0,0,0,0,200,200,0,21,21,1,200,200
0,200,30,1,2,0,3,14,2,2,0,0,0,0,1,200,200,17,200,1,70,200
0,200,30,1,2,0,3,14,2,2,0,0,0,0,1,200,200,17,200,0,37,200
1,200,30,1,2,0,3,14,2,2,0,0,0,0,1,200,200,17,200,200,200,200
0,200,30,1,2,0,3,14,12,4,0,0,200,0,1,200,200,23,23,0,27,200
0,200,30,1,2,0,3,14,12,4,0,0,200,0,1,200,200,23,23,0,28,200
0,200,30,1,200,0,3,0,5,2,0,0,0,0,200,200,1,6,14,1,200,200
0,200,30,1,200,0,3,0,5,2,0,0,0,0,200,200,1,6,14,1,66,200
1,200,30,1,200,0,3,0,5,2,0,0,0,0,200,200,1,6,14,1,28,200
0,200,30,1,2,0,3,10,5,2,0,0,0,1,200,200,1,22,18,1,54,200
0,200,30,1,2,0,3,10,5,2,0,0,0,1,200,200,1,22,18,0,200,200
0,200,45,1,2,0,3,12,3,4,0,0,0,0,1,200,200,21,200,1,42,200
0,200,45,1,2,0,3,12,3,4,0,0,0,0,1,200,200,21,200,0,43,200
0,200,20,0,0,0,3,7,5,2,2,0,3,0,200,200,1,200,200,2,200,200
0,200,30,0,0,0,3,12,2,4,0,0,0,1,0,200,200,0,200,0,21,200
0,200,30,0,0,0,3,12,2,4,0,0,0,1,0,200,200,0,200,0,72,200
0,200,30,2,2,0,3,14,5,2,0,0,0,1,200,200,1,17,11,2,200,200
0,200,30,2,2,0,3,14,5,2,0,0,0,1,200,200,1,17,11,1,21,200
1,200,30,2,2,0,3,14,5,2,0,0,0,1,200,200,1,17,11,1,23,200
1,200,30,2,2,0,3,14,5,2,0,0,0,1,200,200,1,17,11,1,22,200
0,200,10,0,0,0,3,7,7,200,0,0,0,0,200,200,200,11,11,2,200,200
0,200,45,0,0,0,3,10,3,4,0,0,0,1,200,200,1,11,11,0,62,200
0,200,45,0,0,0,3,10,3,4,0,0,0,1,200,200,1,11,11,1,200,200
1,200,45,0,0,0,3,10,3,4,0,0,0,1,200,200,1,11,11,0,30,200
1,200,45,0,0,0,3,10,3,4,0,0,0,1,200,200,1,11,11,1,25,200
1,200,45,0,0,0,3,10,3,4,0,0,0,1,200,200,1,11,11,1,30,200
0,1,35,0,0,0,3,7,6,200,0,0,0,1,200,200,200,0,0,0,38,200
1,1,35,0,0,0,3,7,6,200,0,0,0,1,200,200,200,0,0,0,200,200
1,1,35,0,0,0,3,7,6,200,0,0,0,1,200,200,200,0,0,1,200,200
0,200,30,1,2,0,3,10,2,4,0,0,0,1,200,200,1,18,15,1,200,200
0,200,30,1,2,0,3,10,2,4,0,0,0,1,200,200,1,18,15,0,20,200
0,200,30,2,2,0,3,11,6,200,0,0,12,0,1,200,1,23,17,2,200,200
0,200,30,2,2,0,3,11,6,200,0,0,12,0,1,200,1,23,17,0,45,200
1,200,30,2,2,0,3,11,6,200,0,0,12,0,1,200,1,23,17,200,200,200
1,200,30,2,2,0,3,11,6,200,0,0,12,0,1,200,1,23,17,1,200,200
0,200,30,1,2,0,3,12,5,200,0,0,0,0,200,200,200,0,200,0,21,200
0,200,30,1,2,0,3,12,5,200,0,0,0,0,200,200,200,0,200,0,29,200
1,200,30,1,2,0,3,12,5,200,0,0,0,0,200,200,200,0,200,0,13,200
1,200,30,1,2,0,3,12,5,200,0,0,0,0,200,200,200,0,200,1,32,200
1,200,30,1,2,0,3,12,5,200,0,0,0,0,200,200,200,0,200,0,0,200
0,200,30,1,2,0,1,12,5,4,0,0,0,0,1,200,200,17,200,0,49,200
0,200,30,1,2,0,1,12,5,4,0,0,0,0,1,200,200,17,200,0,31,200
1,200,30,1,2,0,1,12,5,4,0,0,0,0,1,200,200,17,200,200,200,200
0,200,30,1,2,0,3,10,3,3,0,0,0,0,1,200,1,0,0,2,200,200
0,200,30,1,2,0,3,10,3,3,0,0,0,0,1,200,1,0,0,0,50,200
0,200,30,1,2,0,3,10,3,3,0,0,0,0,1,200,1,0,0,1,31,200
1,200,30,1,2,0,3,10,3,3,0,0,0,0,1,200,1,0,0,1,30,200
1,200,30,1,2,0,3,10,3,3,0,0,0,0,1,200,1,0,0,0,6,200
0,200,30,0,0,0,3,0,5,2,0,0,0,1,1,200,200,17,200,0,29,200
0,200,30,0,0,0,3,0,5,2,0,0,0,1,1,200,200,17,200,0,20,200
1,200,30,0,0,0,3,0,5,2,0,0,0,1,1,200,200,17,200,0,23,200
1,200,30,0,0,0,3,0,5,2,0,0,0,1,1,200,200,17,200,1,22,200
1,200,30,0,0,0,3,0,5,2,0,0,0,1,1,200,200,17,200,1,14,200
0,200,30,0,0,0,3,3,5,4,0,0,0,1,200,200,1,19,25,0,200,200
0,200,30,0,0,0,3,3,5,4,0,0,0,1,200,200,1,19,25,1,34,200
1,200,30,0,0,0,3,3,5,4,0,0,0,1,200,200,1,19,25,1,34,200
4,1,25,0,0,0,3,8,5,200,0,0,0,0,200,200,200,200,200,0,21,200
0,1,25,0,0,0,3,8,5,200,0,0,0,0,200,200,200,200,200,0,34,200
1,1,25,0,0,0,3,8,5,200,0,0,0,0,200,200,200,200,200,0,24,200
0,200,30,1,2,0,1,10,2,8,0,0,200,0,1,200,200,18,18,1,26,200
0,200,30,1,2,0,1,10,2,8,0,0,200,0,1,200,200,18,18,0,21,200
0,200,30,1,2,0,0,0,2,4,0,0,0,0,1,200,1,16,0,0,200,200
0,200,30,1,2,0,0,0,2,4,0,0,0,0,1,200,1,16,0,0,58,200
0,1,30,1,2,0,3,10,5,2,0,0,0,0,200,200,1,16,16,1,200,200
0,1,30,1,2,0,3,10,5,2,0,0,0,0,200,200,1,16,16,1,23,200
0,200,30,1,2,0,0,10,5,200,0,0,0,0,200,200,200,0,0,0,44,200
0,200,30,1,2,0,0,10,5,200,0,0,0,0,200,200,200,0,0,1,28,200
1,200,30,1,2,0,0,10,5,200,0,0,0,0,200,200,200,0,0,0,27,200
1,200,30,1,2,0,0,10,5,200,0,0,0,0,200,200,200,0,0,1,45,200
1,200,30,1,2,0,0,10,5,200,0,0,0,0,200,200,200,0,0,1,51,200
0,200,30,0,0,0,3,7,6,2,0,0,0,1,200,200,200,7,0,0,49,200
0,200,30,0,0,0,3,7,6,200,0,0,0,1,200,200,1,32,25,0,33,200
0,200,30,0,0,0,3,11,5,2,0,0,0,1,200,200,1,0,0,0,200,200
0,200,30,0,0,0,3,11,5,2,0,0,0,1,200,200,1,0,0,0,34,200
0,200,30,0,0,0,3,7,5,200,0,0,0,0,200,200,1,0,200,2,200,200
0,200,30,0,0,0,3,7,5,2,0,0,0,0,200,200,1,16,25,0,200,200
0,200,30,1,2,0,3,14,6,3,0,0,0,0,1,200,200,17,200,0,22,200
0,200,30,1,2,0,3,14,6,3,0,0,0,0,1,200,200,17,200,0,43,200
0,1,35,1,200,0,3,10,3,200,0,0,200,1,200,200,1,24,200,2,200,200
0,1,35,1,200,0,3,10,3,200,0,0,200,1,200,200,1,24,200,0,22,200
0,200,30,1,2,0,3,14,5,4,0,0,0,1,1,200,200,23,21,0,38,200
0,200,30,1,2,0,3,14,5,4,0,0,0,1,1,200,200,23,21,0,37,200
1,200,30,1,2,0,3,14,5,4,0,0,0,1,1,200,200,23,21,0,23,200
0,200,30,1,2,0,3,10,2,200,2,0,0,0,200,200,200,0,0,0,0,200
0,200,30,1,2,0,3,10,2,200,2,0,0,0,200,200,200,0,0,1,200,200
1,200,30,1,2,0,3,10,2,200,2,0,0,0,200,200,200,0,0,1,39,200
1,200,30,1,2,0,3,10,2,200,2,0,0,0,200,200,200,0,0,1,6,200
0,200,30,0,0,0,3,7,5,2,0,0,0,1,200,200,1,25,25,0,200,200
0,1,30,0,0,0,3,7,5,2,0,0,200,0,200,200,200,11,0,0,26,200
0,200,45,0,0,0,3,12,12,4,0,0,0,0,1,200,1,0,200,2,200,200
0,200,45,0,0,0,3,12,12,4,0,0,0,0,1,200,1,0,200,1,26,200
0,200,30,0,0,0,3,12,2,6,0,0,0,1,200,200,200,22,0,0,31,200
0,200,30,0,0,0,3,12,2,6,0,0,0,1,200,200,200,22,0,0,34,200
1,200,30,0,0,0,3,12,2,6,0,0,0,1,200,200,200,22,0,1,36,200
1,200,30,0,0,0,3,12,2,6,0,0,0,1,200,200,200,22,0,0,15,200
1,200,30,0,0,0,3,12,2,6,0,0,0,1,200,200,200,22,0,0,5,200
1,200,30,0,0,0,3,12,2,6,0,0,0,1,200,200,200,22,0,0,11,200
0,200,20,0,0,0,3,7,6,1,0,0,0,1,200,200,200,0,0,1,25,200
0,200,30,0,0,0,3,7,3,2,0,0,0,0,200,200,200,21,200,0,200,200
0,200,30,0,0,0,3,12,2,6,0,0,0,0,200,200,1,23,11,0,200,200
0,200,30,0,0,0,3,12,2,6,0,0,0,0,200,200,1,23,11,0,24,200