PERSON_TYPE,CRASH_DATE_EST_I,POSTED_SPEED_LIMIT,TRAFFIC_CONTROL_DEVICE,DEVICE_CONDITION,WEATHER_CONDITION,LIGHTING_CONDITION,FIRST_CRASH_TYPE,TRAFFICWAY_TYPE,LANE_CNT,ALIGNMENT,ROADWAY_SURFACE_COND,ROAD_DEFECT,CRASH_TYPE,INTERSECTION_RELATED_I,NOT_RIGHT_OF_WAY_I,HIT_AND_RUN_I,PRIM_CONTRIBUTORY_CAUSE,SEC_CONTRIBUTORY_CAUSE,SEX,AGE,BAC_RESULT VALUE
1,200,30,0,0,0,3,12,2,6,0,0,0,0,200,200,1,23,11,1,200,200
1,200,30,0,0,0,3,12,2,6,0,0,0,0,200,200,1,23,11,2,200,200
0,200,40,0,0,0,0,12,3,8,5,0,1,1,200,200,1,25,0,2,200,200
0,200,40,0,0,0,0,12,3,8,5,0,1,1,200,200,1,25,0,0,38,200
0,200,30,0,2,0,3,10,7,200,0,0,0,0,200,200,1,17,27,0,200,200
0,200,30,0,2,0,3,10,7,200,0,0,0,0,200,200,1,17,27,0,31,200
0,200,30,1,2,0,3,12,2,4,0,0,0,0,1,200,200,0,0,0,28,200
0,200,30,1,2,0,3,12,2,4,0,0,0,0,1,200,200,0,0,0,27,200
0,200,5,0,0,0,0,2,7,200,0,200,200,0,200,200,200,0,200,0,38,200
0,200,30,0,0,200,3,7,2,2,0,200,200,1,200,200,1,10,200,1,24,200
0,200,30,1,2,0,3,12,2,2,0,0,0,1,1,200,200,0,200,0,40,200
0,200,30,1,2,0,3,12,2,2,0,0,0,1,1,200,200,0,200,0,45,200
1,200,30,1,2,0,3,12,2,2,0,0,0,1,1,200,200,0,200,0,26,200
1,200,30,1,2,0,3,12,2,2,0,0,0,1,1,200,200,0,200,0,26,200
1,200,30,1,2,0,3,12,2,2,0,0,0,1,1,200,200,0,200,0,26,200
0,200,30,0,0,0,0,7,2,4,0,0,200,1,200,200,200,16,21,1,28,200
1,200,30,0,0,0,0,7,2,4,0,0,200,1,200,200,200,16,21,1,35,200
0,200,30,1,2,0,3,14,2,200,0,0,0,0,1,200,200,0,0,2,200,200
0,200,30,1,2,0,3,14,2,200,0,0,0,0,1,200,200,0,0,0,50,200
0,200,30,200,200,0,3,10,2,4,0,0,0,0,200,200,200,0,200,0,20,200
0,200,30,200,200,0,3,10,2,4,0,0,0,0,200,200,200,0,200,0,45,200
0,200,30,1,2,0,3,12,5,200,0,0,0,1,1,200,200,18,11,0,33,200
0,200,30,1,2,0,3,12,5,200,0,0,0,1,1,200,200,18,11,0,23,200
0,200,30,1,2,0,3,10,5,4,0,0,0,1,200,200,1,16,27,0,200,200
0,200,30,1,2,0,3,10,5,4,0,0,0,1,200,200,1,16,27,0,32,200
0,1,25,200,200,0,0,7,2,200,0,0,200,1,200,200,0,0,0,2,200,200
0,200,30,0,0,0,3,12,5,4,0,0,0,0,200,200,1,22,0,1,200,200
0,200,30,0,0,0,3,12,5,4,0,0,0,0,200,200,1,22,0,0,25,200
0,200,25,0,0,0,3,7,5,200,0,0,0,1,200,200,0,0,200,2,200,200
1,200,25,0,0,0,3,7,5,200,0,0,0,1,200,200,0,0,200,200,200,200
0,200,30,0,0,0,2,7,5,200,0,0,0,1,200,200,200,12,0,0,26,200
0,200,30,1,2,0,3,10,5,2,0,0,0,0,1,200,1,6,16,0,200,200
0,200,30,1,2,0,3,10,5,2,0,0,0,0,1,200,1,6,16,1,55,200
1,200,30,0,0,0,2,7,5,2,0,12,12,1,200,200,1,0,0,0,200,200
0,200,30,0,0,0,2,7,5,2,0,12,12,1,200,200,1,0,0,0,200,200
1,200,30,0,0,0,2,7,5,2,0,12,12,1,200,200,1,0,0,0,200,200
0,200,30,0,0,0,2,7,2,2,0,0,0,1,200,200,200,0,0,1,19,200
0,200,35,0,0,0,3,12,5,200,0,0,0,1,1,200,1,17,0,0,200,200
0,200,35,0,0,0,3,12,5,200,0,0,0,1,1,200,1,17,0,0,24,200
0,200,35,1,2,0,2,2,5,200,0,0,0,1,200,200,200,27,200,0,32,200
0,200,25,1,2,0,2,12,5,2,0,0,200,0,200,200,200,23,0,0,200,200
0,200,25,1,2,0,2,12,5,2,0,0,200,0,200,200,200,23,0,0,21,200
0,1,35,0,0,0,200,7,2,4,0,0,0,1,200,200,1,0,200,2,200,200
0,0,25,0,0,0,200,7,5,200,0,0,0,0,200,200,1,200,200,2,200,200
0,200,30,0,0,0,1,14,2,200,0,0,0,0,200,200,200,22,200,1,26,200
0,200,30,0,0,0,1,14,2,200,0,0,0,0,200,200,200,22,200,0,80,200
0,200,30,0,0,0,1,2,2,2,0,0,0,1,200,1,1,0,0,0,200,200
1,200,30,0,0,0,1,2,2,2,0,0,0,1,200,1,1,0,0,1,200,200
0,200,30,0,0,0,2,7,5,2,0,0,0,1,200,200,1,200,200,0,200,200
1,200,30,0,0,0,2,7,5,2,0,0,0,1,200,200,1,200,200,1,200,200
0,200,30,0,0,0,2,7,2,4,0,0,0,1,200,200,1,0,200,2,200,200
0,200,30,0,0,0,2,7,5,2,0,0,0,1,200,200,200,11,20,0,19,200
1,200,30,0,0,0,2,7,5,2,0,0,0,1,200,200,200,11,20,0,200,200
0,200,30,2,12,0,1,0,2,2,0,0,200,0,200,200,1,5,200,2,200,200
0,200,30,2,12,0,1,0,2,2,0,0,200,0,200,200,1,5,200,0,33,200
0,200,30,0,0,0,1,12,2,4,0,0,0,0,200,200,200,21,21,1,71,200
0,200,30,0,0,0,1,12,2,4,0,0,0,0,200,200,200,21,21,0,53,200
0,200,35,0,0,0,1,7,6,1,0,0,0,0,200,200,200,0,0,0,26,200
0,200,30,2,2,0,1,10,5,200,0,200,200,0,200,200,200,18,11,0,200,200
0,200,30,2,2,0,1,10,5,200,0,200,200,0,200,200,200,18,11,0,200,200
0,200,30,1,2,0,1,14,12,0,0,0,0,1,1,200,1,6,0,0,200,200
0,200,30,1,2,0,1,14,12,0,0,0,0,1,1,200,1,6,0,1,26,200
1,200,30,1,2,0,1,14,12,0,0,0,0,1,1,200,1,6,0,1,25,200
1,200,30,1,2,0,1,14,12,0,0,0,0,1,1,200,1,6,0,1,200,200
0,1,30,200,200,200,200,7,6,1,0,200,200,0,200,200,200,0,0,2,200,200
0,200,30,0,0,0,1,2,0,200,0,0,0,0,200,200,1,0,0,2,200,200
0,200,30,0,0,0,1,14,2,4,0,0,0,0,200,200,1,17,200,0,200,200
0,200,30,0,0,0,1,14,2,4,0,0,0,0,200,200,1,17,200,0,33,200
0,1,30,0,0,0,200,7,2,2,0,0,0,0,200,200,1,18,0,2,200,200
0,200,30,0,0,0,1,7,5,2,0,0,0,1,200,200,200,11,200,1,50,200
0,200,10,0,0,0,1,7,7,200,0,0,0,0,200,200,1,0,0,2,200,200
0,200,30,2,2,0,1,14,5,200,0,0,0,0,200,200,200,0,0,1,38,200
0,200,30,2,2,0,1,14,5,200,0,0,0,0,200,200,200,0,0,1,50,200
0,200,30,2,2,0,1,0,2,200,0,0,0,1,1,200,200,17,5,0,66,200
0,200,30,2,2,0,1,0,2,200,0,0,0,1,1,200,200,17,5,1,45,200
0,200,30,0,0,0,1,11,2,2,0,0,0,1,200,200,200,0,200,0,21,200
0,200,30,0,0,0,1,11,2,2,0,0,0,1,200,200,200,0,200,0,44,200
0,200,30,0,0,0,1,11,2,2,0,0,0,1,200,200,200,0,200,0,61,200
1,200,30,0,0,0,1,11,2,2,0,0,0,1,200,200,200,0,200,1,5,200
1,200,30,0,0,0,1,11,2,2,0,0,0,1,200,200,200,0,200,1,4,200
0,200,30,1,2,0,1,10,5,200,0,0,0,0,200,200,200,18,0,1,26,200
0,200,30,1,2,0,1,10,5,200,0,0,0,0,200,200,200,18,0,0,45,200
0,200,30,0,0,0,1,0,6,200,0,0,0,0,200,200,200,0,0,0,53,200
0,200,30,0,0,0,1,0,6,200,0,0,0,0,200,200,200,0,0,0,37,200
0,200,32,1,2,0,1,12,2,2,0,0,0,0,0,200,200,22,200,1,76,200
0,200,32,1,2,0,1,12,2,2,0,0,0,0,0,200,200,22,200,0,26,200
1,200,32,1,2,0,1,12,2,2,0,0,0,0,0,200,200,22,200,1,23,200
0,200,35,0,0,0,1,9,5,2,0,0,0,1,200,200,200,200,200,0,50,200
5,200,35,0,0,0,1,9,5,2,0,0,0,1,200,200,200,200,200,1,47,200
0,200,30,0,200,0,1,10,2,2,0,0,0,1,200,200,200,16,0,0,41,200
0,200,30,0,200,0,1,10,2,2,0,0,0,1,200,200,200,16,0,0,37,200
0,200,30,0,200,0,1,10,2,2,0,0,0,1,200,200,200,16,0,1,64,200
0,200,0,0,0,0,1,7,7,0,0,0,0,0,200,1,200,0,200,2,200,200
0,1,30,0,0,0,3,7,7,200,0,0,0,0,200,1,1,0,200,2,200,200
0,200,30,0,0,0,200,7,5,2,0,0,0,0,200,200,1,0,0,2,200,200
0,200,30,0,0,0,1,7,6,200,0,0,0,0,200,200,200,0,0,0,200,200
0,200,30,0,0,0,3,7,2,2,0,0,0,0,200,200,1,0,200,2,200,200
0,200,30,0,0,200,200,11,5,200,0,200,200,0,200,200,200,0,200,0,24,200
0,200,30,0,0,200,200,11,5,200,0,200,200,0,200,200,200,0,200,1,56,200
1,200,30,0,0,200,200,11,5,200,0,200,200,0,200,200,200,0,200,2,200,200
1,200,30,0,0,200,200,11,5,200,0,200,200,0,200,200,200,0,200,2,200,200
0,1,30,200,200,200,200,7,6,200,0,200,200,0,200,200,1,0,0,2,200,200
0,200,25,0,0,0,1,12,5,200,0,0,0,1,200,200,200,17,200,1,22,200
0,200,25,0,0,0,1,12,5,200,0,0,0,1,200,200,200,17,200,0,30,200
0,200,35,0,0,0,1,7,5,200,0,0,0,0,200,200,1,0,0,2,200,200
0,200,30,2,2,0,1,10,3,2,2,1,12,1,1,200,200,28,29,0,44,200
0,200,30,2,2,0,1,10,3,2,2,1,12,1,1,200,200,28,29,1,48,200
1,200,30,2,2,0,1,10,3,2,2,1,12,1,1,200,200,28,29,1,9,200
1,200,30,2,2,0,1,10,3,2,2,1,12,1,1,200,200,28,29,0,8,200
1,200,30,2,2,0,1,10,3,2,2,1,12,1,1,200,200,28,29,0,5,200
1,200,30,2,2,0,1,10,3,2,2,1,12,1,1,200,200,28,29,0,1,200
0,200,25,0,0,0,1,7,5,200,0,0,0,0,1,200,200,11,200,0,44,200
0,1,25,1,2,0,1,12,6,3,0,0,0,0,1,200,200,0,0,0,51,200
0,1,25,1,2,0,1,12,6,3,0,0,0,0,1,200,200,0,0,0,48,200
1,1,25,1,2,0,1,12,6,3,0,0,0,0,1,200,200,0,0,1,3,200
0,200,30,1,2,0,1,10,5,200,0,0,0,1,1,200,200,18,0,0,53,200
0,200,30,1,2,0,1,10,5,200,0,0,0,1,1,200,200,18,0,0,34,200
0,200,20,0,0,0,1,7,6,2,0,0,0,0,200,200,200,12,0,0,52,200
0,200,30,1,2,0,1,14,5,200,0,0,0,0,200,200,200,18,0,0,46,200
0,200,30,1,2,0,1,14,5,200,0,0,0,0,200,200,200,18,0,1,37,200
1,200,30,1,2,0,1,14,5,200,0,0,0,0,200,200,200,18,0,0,40,200
1,200,30,1,2,0,1,14,5,200,0,0,0,0,200,200,200,18,0,0,9,200
1,200,30,1,2,0,1,14,5,200,0,0,0,0,200,200,200,18,0,1,10,200
0,200,30,2,2,0,1,0,12,1,0,0,0,0,1,200,200,0,0,1,30,200
0,200,30,2,2,0,1,0,12,1,0,0,0,0,1,200,200,0,0,0,39,200
1,200,30,2,2,0,1,0,12,1,0,0,0,0,1,200,200,0,0,1,38,200
1,200,30,2,2,0,1,0,12,1,0,0,0,0,1,200,200,0,0,0,3,200
0,200,30,1,2,0,1,14,8,3,0,0,0,0,1,200,200,0,0,1,44,200
0,200,30,1,2,0,1,14,8,3,0,0,0,0,1,200,200,0,0,1,46,200
0,1,15,10,2,0,1,7,6,1,0,0,0,0,200,200,1,0,0,2,200,200
0,200,30,2,2,0,3,11,6,1,0,0,0,0,1,200,200,0,200,1,21,200
0,200,30,2,2,0,3,11,6,1,0,0,0,0,1,200,200,0,200,1,28,200
0,200,30,0,0,0,1,12,2,4,0,0,0,1,200,200,200,22,16,0,30,200
0,200,30,0,0,0,1,12,2,4,0,0,0,1,200,200,200,22,16,0,30,200
1,200,30,0,0,0,1,12,2,4,0,0,0,1,200,200,200,22,16,0,28,200
1,200,30,0,0,0,1,12,2,4,0,0,0,1,200,200,200,22,16,1,28,200
0,200,30,0,0,0,1,12,5,2,0,0,200,0,200,200,200,0,0,1,39,200
0,200,30,0,0,0,1,12,5,2,0,0,200,0,200,200,200,0,0,0,200,200
0,200,30,0,0,0,1,10,3,2,0,0,0,0,200,200,200,11,200,1,28,200
0,200,30,0,0,0,1,10,3,2,0,0,0,0,200,200,200,11,200,1,40,200
0,200,25,0,0,0,1,7,5,200,0,0,0,0,200,200,1,17,200,2,200,200
0,200,30,1,2,0,1,10,5,2,0,0,0,0,1,200,200,18,200,1,23,200
0,200,30,1,2,0,1,10,5,2,0,0,0,0,1,200,200,18,200,1,43,200
1,200,30,1,2,0,1,10,5,2,0,0,0,0,1,200,200,18,200,1,11,200
0,200,30,2,2,0,1,0,5,200,0,0,0,1,1,200,200,17,200,0,26,200
0,200,30,2,2,0,1,0,5,200,0,0,0,1,1,200,200,17,200,1,30,200
0,200,15,0,0,0,1,9,7,200,0,0,0,1,200,0,200,33,200,1,22,200
5,200,15,0,0,0,1,9,7,200,0,0,0,1,200,0,200,33,200,1,61,200
0,200,30,0,0,0,4,5,2,200,0,0,1,0,200,200,200,0,200,1,64,200
0,200,40,1,2,0,1,10,3,8,0,0,0,0,200,200,1,18,200,0,200,200
0,200,40,1,2,0,1,10,3,8,0,0,0,0,200,200,1,18,200,0,53,200
0,200,30,0,0,0,1,10,5,4,0,0,0,0,200,200,200,0,0,1,200,200
0,200,30,0,0,0,1,10,5,4,0,0,0,0,200,200,200,0,0,0,57,200
0,200,30,0,0,0,1,10,5,2,0,0,0,1,1,200,200,18,200,0,32,200
0,200,30,0,0,0,1,10,5,2,0,0,0,1,1,200,200,18,200,0,29,200
1,200,30,0,0,0,1,10,5,2,0,0,0,1,1,200,200,18,200,1,25,200
1,200,30,0,0,0,1,10,5,2,0,0,0,1,1,200,200,18,200,1,4,200
0,200,30,1,2,0,1,10,3,200,0,0,0,1,200,200,1,16,200,0,200,200
0,200,30,1,2,0,1,10,3,200,0,0,0,1,200,200,1,16,200,1,40,200
1,200,30,1,2,0,1,10,3,200,0,0,0,1,200,200,1,16,200,0,200,200
0,200,30,1,2,0,1,11,2,4,0,0,0,1,1,200,1,17,17,2,200,200
0,200,30,1,2,0,1,11,2,4,0,0,0,1,1,200,1,17,17,0,36,200
0,200,30,1,2,0,1,14,6,0,0,0,0,1,1,200,1,6,16,0,200,200
0,200,30,1,2,0,1,14,6,0,0,0,0,1,1,200,1,6,16,1,59,200
0,200,15,0,0,0,1,7,7,200,0,0,0,0,200,200,200,200,200,0,55,200
0,200,30,0,0,0,1,14,5,2,0,0,0,0,200,200,200,0,200,0,56,200
0,200,30,0,0,0,1,14,5,2,0,0,0,0,200,200,200,0,200,0,45,200
1,200,30,0,0,0,1,14,5,2,0,0,0,0,200,200,200,0,200,1,64,200
0,200,30,200,200,0,1,8,5,2,0,0,0,1,200,200,200,17,200,1,54,200
4,200,30,200,200,0,1,8,5,2,0,0,0,1,200,200,200,17,200,1,42,200
0,200,30,0,0,0,1,12,6,200,0,0,0,0,200,200,200,0,200,0,200,200
0,200,30,0,0,0,1,12,6,200,0,0,0,0,200,200,200,0,200,0,64,200
1,200,30,0,0,0,1,12,6,200,0,0,0,0,200,200,200,0,200,200,200,200
0,200,35,2,2,0,1,11,5,2,0,0,0,0,200,200,200,200,200,0,42,200
0,200,35,2,2,0,1,11,5,2,0,0,0,0,200,200,200,200,200,1,44,200
0,200,25,0,0,0,3,2,5,200,0,0,0,0,200,1,200,0,200,1,35,200
3,200,25,0,0,0,3,2,5,200,0,0,0,0,200,1,200,0,200,0,200,200
0,200,30,1,2,0,1,14,3,2,0,0,0,1,1,200,200,17,16,0,40,200
0,200,30,1,2,0,1,14,3,2,0,0,0,1,1,200,200,17,16,0,52,200
1,200,30,1,2,0,1,14,3,2,0,0,0,1,1,200,200,17,16,0,0,200
1,200,30,1,2,0,1,14,3,2,0,0,0,1,1,200,200,17,16,1,40,200
1,200,30,1,2,0,1,14,3,2,0,0,0,1,1,200,200,17,16,1,9,200
1,200,30,1,2,0,1,14,3,2,0,0,0,1,1,200,200,17,16,1,51,200
0,200,15,0,0,0,1,14,6,1,0,0,0,0,200,200,200,0,0,1,33,200
0,200,15,0,0,0,1,14,6,1,0,0,0,0,200,200,200,0,0,1,26,200
0,200,35,1,2,0,1,14,2,2,2,0,0,1,1,200,200,17,17,0,68,200
0,200,35,1,2,0,1,14,2,2,2,0,0,1,1,200,200,17,17,0,28,200
1,200,35,1,2,0,1,14,2,2,2,0,0,1,1,200,200,17,17,1,58,200
0,0,35,1,2,0,1,10,2,2,0,200,200,0,200,200,1,18,18,2,200,200
0,0,35,1,2,0,1,10,2,2,0,200,200,0,200,200,1,18,18,0,51,200
0,200,30,0,0,0,1,10,3,6,0,0,200,0,200,200,200,17,200,0,25,200
0,200,30,0,0,0,1,10,3,6,0,0,200,0,200,200,200,17,200,0,25,200
0,0,30,0,0,0,1,7,5,1,0,0,0,0,200,200,1,0,0,2,200,200
0,200,15,0,0,0,1,7,7,200,0,0,0,0,200,200,200,0,0,0,200,200
0,200,30,0,0,0,1,12,2,1,0,0,0,1,200,200,200,0,0,0,28,200
0,200,30,0,0,0,1,12,2,1,0,0,0,1,200,200,200,0,0,0,71,200
1,200,30,0,0,0,1,12,2,1,0,0,0,1,200,200,200,0,0,1,69,200
0,200,30,200,200,0,1,10,5,200,0,0,200,0,200,200,1,0,200,0,200,200
0,200,30,200,200,0,1,10,5,200,0,0,200,0,200,200,1,0,200,1,49,200
0,200,30,1,2,0,1,12,5,2,0,0,0,0,200,200,200,21,200,1,29,200
0,200,30,1,2,0,1,12,5,2,0,0,0,0,200,200,200,21,200,0,47,200
1,200,30,1,2,0,1,12,5,2,0,0,0,0,200,200,200,21,200,0,200,200
0,200,30,2,2,0,1,14,5,200,0,0,0,0,1,200,200,17,16,1,54,200
0,200,30,2,2,0,1,14,5,200,0,0,0,0,1,200,200,17,16,0,54,200
0,200,30,0,0,0,1,7,5,200,0,0,0,0,200,200,200,0,200,0,200,200
0,200,30,1,2,0,1,12,5,200,0,0,0,0,200,200,200,0,200,0,32,200
0,200,30,1,2,0,1,12,5,200,0,0,0,0,200,200,200,0,200,1,25,200
0,200,25,0,0,0,1,12,6,1,0,0,0,1,200,200,200,11,7,0,38,200
0,200,25,0,0,0,1,12,6,1,0,0,0,1,200,200,200,11,7,1,65,200
1,200,25,0,0,0,1,12,6,1,0,0,0,1,200,200,200,11,7,0,200,200
0,200,30,0,0,0,3,7,6,1,0,0,0,0,200,200,1,20,16,2,200,200
0,200,30,0,0,0,0,12,2,4,0,200,200,0,200,200,200,17,0,0,31,200
0,200,30,0,0,0,0,12,2,4,0,200,200,0,200,200,200,17,0,0,46,200
0,200,30,1,1,0,1,14,5,2,0,0,0,0,200,200,200,17,23,1,68,200
0,200,30,1,1,0,1,14,5,2,0,0,0,0,200,200,200,17,23,1,50,200
1,200,30,1,1,0,1,14,5,2,0,0,0,0,200,200,200,17,23,0,18,200
0,200,30,0,0,0,1,7,5,2,0,0,0,0,200,200,200,25,200,0,200,200
0,200,0,0,0,0,1,7,7,200,0,0,0,0,200,1,1,0,200,2,200,200
0,200,30,0,0,0,1,10,3,2,0,0,0,1,200,200,200,0,33,0,21,200
0,200,30,0,0,0,1,10,3,2,0,0,0,1,200,200,200,0,33,1,33,200
0,200,20,0,0,0,1,12,2,2,0,0,0,1,200,200,200,17,0,1,22,200
0,200,20,0,0,0,1,12,2,2,0,0,0,1,200,200,200,17,0,0,22,200
0,200,15,0,0,0,1,0,7,3,0,0,0,0,200,200,200,20,0,0,200,200
0,200,15,0,0,0,1,0,7,3,0,0,0,0,200,200,200,20,0,0,47,200
1,200,15,0,0,0,1,0,7,3,0,0,0,0,200,200,200,20,0,1,44,200
0,200,30,1,2,0,1,10,5,200,0,0,0,0,200,200,200,8,200,1,22,200
0,200,30,1,2,0,1,10,5,200,0,0,0,0,200,200,200,8,200,1,200,200
1,200,30,1,2,0,1,10,5,200,0,0,0,0,200,200,200,8,200,0,5,200
0,200,10,0,0,0,1,7,7,200,0,0,200,0,200,200,1,0,0,2,200,200
0,200,30,200,200,0,1,14,5,200,0,200,200,0,200,200,200,0,200,0,40,200
0,200,30,200,200,0,1,14,5,200,0,200,200,0,200,200,200,0,200,1,38,200
1,200,30,200,200,0,1,14,5,200,0,200,200,0,200,200,200,0,200,0,200,200
1,200,30,200,200,0,1,14,5,200,0,200,200,0,200,200,200,0,200,0,200,200
0,200,30,0,0,0,1,10,5,4,0,0,0,0,200,200,200,18,200,2,200,200
0,200,30,0,0,0,1,10,5,4,0,0,0,0,200,200,200,18,200,0,48,200
1,200,30,0,0,0,1,10,5,4,0,0,0,0,200,200,200,18,200,1,200,200
1,200,30,0,0,0,1,10,5,4,0,0,0,0,200,200,200,18,200,1,200,200
1,200,30,0,0,0,1,10,5,4,0,0,0,0,200,200,200,18,200,1,8,200
0,200,30,2,2,0,1,10,6,200,0,200,200,0,200,200,200,0,200,0,59,200
0,200,30,2,2,0,1,10,6,200,0,200,200,0,200,200,200,0,200,1,200,200
0,200,0,1,2,0,1,10,5,1,0,0,0,0,200,200,1,0,0,0,200,200
0,200,0,1,2,0,1,10,5,1,0,0,0,0,200,200,1,0,0,0,55,200
0,200,0,1,2,0,1,10,5,1,0,0,0,0,200,200,1,0,0,1,68,200
0,200,30,0,0,0,1,0,5,200,0,0,0,0,200,200,200,0,200,1,25,200
0,200,30,0,0,0,1,0,5,200,0,0,0,0,200,200,200,0,200,1,28,200
0,200,30,0,0,0,1,0,0,200,0,0,200,0,200,200,200,11,200,1,41,200
0,200,30,0,0,0,1,0,0,200,0,0,200,0,200,200,200,11,200,1,20,200
0,200,30,0,0,0,1,7,5,2,0,200,200,0,200,200,1,0,0,2,200,200
0,200,30,1,2,0,1,10,5,200,0,0,200,1,1,200,200,18,200,0,29,200
0,200,30,1,2,0,1,10,5,200,0,0,200,1,1,200,200,18,200,0,58,200
0,200,30,0,0,0,4,10,5,4,0,0,0,0,200,200,200,0,0,0,42,200
0,200,30,0,0,0,4,10,5,4,0,0,0,0,200,200,200,0,0,0,65,200
0,200,0,0,0,0,1,7,7,0,0,0,0,0,200,1,1,0,0,2,200,200
0,200,30,1,2,0,1,10,5,200,0,0,200,0,200,200,200,0,200,0,200,200
0,200,30,1,2,0,1,10,5,200,0,0,200,0,200,200,200,0,200,1,58,200
0,200,5,0,0,0,1,7,0,1,0,0,0,0,200,200,1,0,0,0,200,200
0,200,30,0,0,0,1,7,2,1,0,0,0,1,0,200,200,12,0,0,33,200
1,200,30,0,0,0,1,7,2,1,0,0,0,1,0,200,200,12,0,1,34,200
0,200,30,0,0,0,1,12,2,2,0,0,0,0,200,200,200,0,200,0,39,200
0,200,30,0,0,0,1,12,2,2,0,0,0,0,200,200,200,0,200,1,18,200
1,200,30,0,0,0,1,12,2,2,0,0,0,0,200,200,200,0,200,0,200,200
0,200,10,0,0,0,1,7,6,2,0,0,0,0,200,200,1,22,11,0,200,200
1,200,10,0,0,0,1,7,6,2,0,0,0,0,200,200,1,22,11,0,25,200
0,200,30,0,0,0,1,7,4,1,0,0,2,0,200,200,200,11,11,1,79,200
0,200,30,1,2,0,1,14,2,4,0,0,0,1,1,200,200,17,14,1,20,200
0,200,30,1,2,0,1,14,2,4,0,0,0,1,1,200,200,17,14,0,28,200
1,200,30,1,2,0,1,14,2,4,0,0,0,1,1,200,200,17,14,1,200,200
1,200,30,1,2,0,1,14,2,4,0,0,0,1,1,200,200,17,14,1,200,200
0,200,30,1,2,200,200,12,5,200,0,200,200,0,1,200,200,0,200,0,27,200
0,200,30,1,2,200,200,12,5,200,0,200,200,0,1,200,200,0,200,0,22,200
0,200,30,1,2,0,1,12,2,2,0,0,0,0,200,200,1,0,200,1,200,200
0,200,30,1,2,0,1,12,2,2,0,0,0,0,200,200,1,0,200,1,35,200
0,200,25,0,0,0,1,0,5,2,0,0,0,1,200,200,200,11,0,0,200,200
0,200,25,0,0,0,1,0,5,2,0,0,0,1,200,200,200,11,0,0,28,200
1,200,25,0,0,0,1,0,5,2,0,0,0,1,200,200,200,11,0,0,200,200
0,200,30,0,0,0,1,0,5,2,0,0,0,0,200,200,200,17,20,0,20,200
0,200,30,0,0,0,1,0,5,2,0,0,0,0,200,200,200,17,20,0,22,200
0,200,30,0,0,0,1,12,5,200,0,0,200,0,200,200,200,11,200,0,36,200
0,200,30,0,0,0,1,12,5,200,0,0,200,0,200,200,200,11,200,1,200,200
0,1,30,0,0,0,3,7,2,2,0,0,200,0,200,200,1,0,0,2,200,200
0,1,30,0,0,0,1,7,6,4,0,0,0,0,200,200,200,20,20,0,200,200
0,200,30,2,0,0,1,10,2,2,0,0,0,0,200,200,200,18,200,0,64,200
0,200,30,2,0,0,1,10,2,2,0,0,0,0,200,200,200,18,200,1,25,200
0,200,30,1,2,0,1,12,3,6,0,0,0,0,1,200,200,22,200,0,51,200
0,200,30,1,2,0,1,12,3,6,0,0,0,0,1,200,200,22,200,1,34,200
1,200,30,1,2,0,1,12,3,6,0,0,0,0,1,200,200,22,200,0,21,200
0,200,30,1,2,0,1,14,5,200,0,0,0,0,200,200,200,0,0,1,28,200
0,200,30,1,2,0,1,14,5,200,0,0,0,0,200,200,200,0,0,0,56,200
1,200,30,1,2,0,1,14,5,200,0,0,0,0,200,200,200,0,0,1,200,200
1,200,30,1,2,0,1,14,5,200,0,0,0,0,200,200,200,0,0,1,200,200
1,200,30,1,2,0,1,14,5,200,0,0,0,0,200,200,200,0,0,1,200,200
0,200,25,1,2,0,1,12,6,200,0,0,0,0,1,200,1,0,200,0,200,200
0,200,25,1,2,0,1,12,6,200,0,0,0,0,1,200,1,0,200,0,38,200
1,200,25,1,2,0,1,12,6,200,0,0,0,0,1,200,1,0,200,0,6,200
1,200,25,1,2,0,1,12,6,200,0,0,0,0,1,200,1,0,200,1,6,200
0,200,30,0,0,0,1,14,5,200,0,0,0,0,200,200,1,200,200,2,200,200
0,200,30,0,0,0,1,14,5,200,0,0,0,0,200,200,1,200,200,0,27,200
1,200,30,0,0,0,1,14,5,200,0,0,0,0,200,200,1,200,200,1,200,200
1,200,30,0,0,0,1,14,5,200,0,0,0,0,200,200,1,200,200,1,200,200
1,200,30,0,0,0,1,14,5,200,0,0,0,0,200,200,1,200,200,0,200,200
0,200,30,1,2,0,1,14,5,2,0,0,0,0,200,200,200,0,11,0,81,200
0,200,30,1,2,0,1,14,5,2,0,0,0,0,200,200,200,0,11,0,48,200
0,200,30,0,0,0,1,12,6,2,0,0,0,0,200,200,200,0,200,0,29,200
0,200,30,0,0,0,1,12,6,2,0,0,0,0,200,200,200,0,200,1,34,200
1,200,30,0,0,0,1,12,6,2,0,0,0,0,200,200,200,0,200,1,33,200
0,200,30,0,0,0,1,10,5,2,0,0,0,0,200,200,200,18,200,0,35,200
0,200,30,0,0,0,1,10,5,2,0,0,0,0,200,200,200,18,200,0,62,200
1,200,30,0,0,0,1,10,5,2,0,0,0,0,200,200,200,18,200,1,63,200
0,200,30,1,2,0,1,0,6,4,0,0,0,0,200,200,200,6,6,0,36,200
0,200,30,1,2,0,1,0,6,4,0,0,0,0,200,200,200,6,6,0,42,200