PERSON_TYPE,CRASH_DATE_EST_I,POSTED_SPEED_LIMIT,TRAFFIC_CONTROL_DEVICE,DEVICE_CONDITION,WEATHER_CONDITION,LIGHTING_CONDITION,FIRST_CRASH_TYPE,TRAFFICWAY_TYPE,LANE_CNT,ALIGNMENT,ROADWAY_SURFACE_COND,ROAD_DEFECT,CRASH_TYPE,INTERSECTION_RELATED_I,NOT_RIGHT_OF_WAY_I,HIT_AND_RUN_I,PRIM_CONTRIBUTORY_CAUSE,SEC_CONTRIBUTORY_CAUSE,SEX,AGE,BAC_RESULT VALUE
1,200,30,1,2,0,1,0,6,4,0,0,0,0,200,200,200,6,6,1,38,200
1,200,30,1,2,0,1,0,6,4,0,0,0,0,200,200,200,6,6,1,6,200
1,200,30,1,2,0,1,0,6,4,0,0,0,0,200,200,200,6,6,1,10,200
1,200,30,1,2,0,1,0,6,4,0,0,0,0,200,200,200,6,6,0,17,200
0,200,1,1,0,0,1,10,6,4,0,0,200,0,200,200,200,18,0,1,200,200
0,200,1,1,0,0,1,10,6,4,0,0,200,0,200,200,200,18,0,0,26,200
0,200,40,1,2,0,1,10,2,4,0,0,0,0,1,200,1,8,0,1,200,200
0,200,40,1,2,0,1,10,2,4,0,0,0,0,1,200,1,8,0,0,59,200
0,200,15,0,0,0,1,0,7,1,0,0,200,0,200,1,200,17,200,0,33,200
0,200,15,0,0,0,1,0,7,1,0,0,200,0,200,1,200,17,200,0,34,200
0,200,30,1,2,0,1,0,5,4,0,0,0,0,200,200,200,6,6,0,200,200
0,200,30,1,2,0,1,0,5,4,0,0,0,0,200,200,200,6,6,1,29,200
0,1,30,0,0,0,1,11,5,4,0,0,0,0,1,200,200,200,200,1,64,200
0,1,30,0,0,0,1,11,5,4,0,0,0,0,1,200,200,200,200,0,64,200
0,200,30,0,0,0,1,7,5,200,0,0,200,0,200,200,200,20,11,0,79,200
0,200,30,1,2,0,1,12,5,200,0,0,0,0,200,200,200,22,22,0,200,200
0,200,30,1,2,0,1,12,5,200,0,0,0,0,200,200,200,22,22,0,32,200
0,200,30,0,0,0,0,7,6,200,0,0,0,0,200,200,1,0,0,1,200,200
0,200,25,0,2,0,1,7,6,200,0,0,0,0,200,200,200,21,200,0,36,200
0,200,40,0,0,0,1,12,3,4,0,0,0,0,200,200,200,21,0,0,33,200
0,200,40,0,0,0,1,12,3,4,0,0,0,0,200,200,200,21,0,1,24,200
1,200,40,0,0,0,1,12,3,4,0,0,0,0,200,200,200,21,0,1,200,200
1,200,40,0,0,0,1,12,3,4,0,0,0,0,200,200,200,21,0,2,200,200
0,200,30,0,0,0,1,10,7,200,0,200,200,0,200,200,1,0,200,2,200,200
0,200,30,0,0,0,1,10,7,200,0,200,200,0,200,200,1,0,200,0,25,200
1,200,30,0,0,0,1,10,7,200,0,200,200,0,200,200,1,0,200,1,200,200
0,200,30,0,0,0,1,12,3,200,0,0,0,0,200,200,200,16,200,0,63,200
0,200,30,0,0,0,1,12,3,200,0,0,0,0,200,200,200,16,200,1,78,200
0,200,10,0,0,0,1,9,7,200,0,0,0,1,200,200,200,20,11,0,60,200
5,200,10,0,0,0,1,9,7,200,0,0,0,1,200,200,200,20,11,0,94,200
0,200,30,0,200,1,1,12,6,200,0,0,0,0,200,200,1,0,11,0,200,200
0,200,30,0,200,1,1,12,6,200,0,0,0,0,200,200,1,0,11,0,32,200
1,200,30,0,200,1,1,12,6,200,0,0,0,0,200,200,1,0,11,1,30,200
0,200,0,0,0,0,3,12,5,200,0,0,0,0,200,200,200,11,200,0,37,200
0,200,0,0,0,0,3,12,5,200,0,0,0,0,200,200,200,11,200,1,0,200
0,200,30,0,0,0,1,10,5,200,0,0,0,0,200,200,200,0,0,0,43,200
0,200,30,0,0,0,1,10,5,200,0,0,0,0,200,200,200,0,0,0,22,200
1,200,30,0,0,0,1,10,5,200,0,0,0,0,200,200,200,0,0,1,200,200
0,200,30,1,2,0,1,12,5,4,0,0,0,0,1,200,200,21,200,1,200,200
0,200,30,1,2,0,1,12,5,4,0,0,0,0,1,200,200,21,200,1,50,200
1,200,30,1,2,0,1,12,5,4,0,0,0,0,1,200,200,21,200,0,200,200
1,200,30,1,2,0,1,12,5,4,0,0,0,0,1,200,200,21,200,1,200,200
0,200,30,1,2,0,1,14,5,200,0,0,200,0,200,200,200,0,200,0,200,200
0,200,30,1,2,0,1,14,5,200,0,0,200,0,200,200,200,0,200,1,26,200
1,200,30,1,2,0,1,14,5,200,0,0,200,0,200,200,200,0,200,1,21,200
1,200,30,1,2,0,1,14,5,200,0,0,200,0,200,200,200,0,200,2,200,200
0,200,30,200,200,0,1,14,5,200,0,0,200,0,200,200,200,0,200,1,27,200
0,200,30,200,200,0,1,14,5,200,0,0,200,0,200,200,200,0,200,1,27,200
0,200,30,0,0,0,1,10,2,2,0,0,200,1,200,200,200,18,0,1,23,200
0,200,30,0,0,0,1,10,2,2,0,0,200,1,200,200,200,18,0,1,30,200
0,200,30,0,0,0,1,10,2,2,0,0,200,1,200,200,200,18,0,0,72,200
1,200,30,0,0,0,1,10,2,2,0,0,200,1,200,200,200,18,0,1,200,200
0,200,30,0,0,0,1,10,2,4,0,0,0,0,200,200,1,0,0,0,200,200
0,200,30,0,0,0,1,10,2,4,0,0,0,0,200,200,1,0,0,1,23,200
0,200,30,1,1,0,1,12,6,200,0,0,0,1,200,200,200,21,17,0,52,200
0,200,30,1,1,0,1,12,6,200,0,0,0,1,200,200,200,21,17,0,53,200
1,200,30,1,1,0,1,12,6,200,0,0,0,1,200,200,200,21,17,1,51,200
0,200,30,1,2,0,1,10,2,2,0,0,0,0,1,200,1,0,200,0,200,200
0,200,30,1,2,0,1,10,2,2,0,0,0,0,1,200,1,0,200,0,62,200
1,200,30,1,2,0,1,10,2,2,0,0,0,0,1,200,1,0,200,1,58,200
0,200,30,2,2,0,1,14,5,200,0,0,0,0,1,200,200,10,16,0,29,200
0,200,30,2,2,0,1,14,5,200,0,0,0,0,1,200,200,10,16,1,23,200
0,200,30,0,0,0,1,7,6,1,0,0,0,0,200,200,1,0,0,2,200,200
0,200,10,0,0,0,1,7,7,200,0,0,0,0,200,1,1,0,0,0,200,200
0,200,30,0,0,0,1,10,5,2,1,0,0,1,200,200,200,18,200,0,56,200
0,200,30,0,0,0,1,10,5,2,1,0,0,1,200,200,200,18,200,0,67,200
0,200,30,0,0,0,1,10,5,2,1,0,0,1,200,200,200,18,200,1,65,200
1,200,30,0,0,0,1,10,5,2,1,0,0,1,200,200,200,18,200,0,66,200
1,200,30,0,0,0,1,10,5,2,1,0,0,1,200,200,200,18,200,0,10,200
1,200,30,0,0,0,1,10,5,2,1,0,0,1,200,200,200,18,200,1,6,200
0,200,35,0,0,0,1,14,3,4,0,0,0,0,1,200,200,17,200,0,23,200
0,200,35,0,0,0,1,14,3,4,0,0,0,0,1,200,200,17,200,0,70,200
0,200,35,1,200,2,1,9,2,4,0,1,200,1,200,200,200,6,200,0,45,200
5,200,35,1,200,2,1,9,2,4,0,1,200,1,200,200,200,6,200,0,48,200
0,200,30,0,0,0,1,2,12,200,0,0,0,0,200,200,200,0,0,2,200,200
0,200,35,1,2,0,1,10,5,2,0,1,0,0,200,200,200,0,0,1,26,200
0,200,35,1,2,0,1,10,5,2,0,1,0,0,200,200,200,0,0,0,26,200
0,200,30,1,2,2,1,14,5,2,0,1,0,1,1,200,0,34,200,0,23,200
0,200,30,1,2,2,1,14,5,2,0,1,0,1,1,200,0,34,200,0,26,200
1,200,30,1,2,2,1,14,5,2,0,1,0,1,1,200,0,34,200,1,18,200
1,200,30,1,2,2,1,14,5,2,0,1,0,1,1,200,0,34,200,1,23,200
0,200,30,1,2,0,1,10,5,200,0,0,200,0,200,200,200,11,200,0,200,200
0,200,30,1,2,0,1,10,5,200,0,0,200,0,200,200,200,11,200,1,28,200
0,200,0,1,2,0,1,14,5,1,0,0,0,0,200,200,200,0,0,0,59,200
0,200,0,1,2,0,1,14,5,1,0,0,0,0,200,200,200,0,0,1,27,200
1,200,0,1,2,0,1,14,5,1,0,0,0,0,200,200,200,0,0,0,200,200
1,200,0,1,2,0,1,14,5,1,0,0,0,0,200,200,200,0,0,0,31,200
0,200,30,0,0,1,1,14,5,2,0,0,0,1,200,200,200,17,200,1,49,200
0,200,30,0,0,1,1,14,5,2,0,0,0,1,200,200,200,17,200,1,22,200
0,200,30,0,0,0,1,10,5,200,0,0,0,0,200,200,200,0,0,1,23,200
0,200,30,0,0,0,1,10,5,200,0,0,0,0,200,200,200,0,0,0,29,200
1,200,30,0,0,0,1,10,5,200,0,0,0,0,200,200,200,0,0,0,29,200
0,200,30,0,0,1,1,12,2,4,0,200,0,0,1,200,200,17,200,0,59,200
0,200,30,0,0,1,1,12,2,4,0,200,0,0,1,200,200,17,200,0,36,200
0,200,30,2,2,0,1,10,5,200,0,0,0,0,200,200,1,200,200,0,200,200
0,200,30,2,2,0,1,10,5,200,0,0,0,0,200,200,1,200,200,0,31,200
0,200,0,0,0,0,1,12,2,200,0,0,0,0,200,200,200,11,200,0,58,200
0,200,0,0,0,0,1,12,2,200,0,0,0,0,200,200,200,11,200,0,41,200
0,200,30,0,0,0,1,7,6,1,0,0,0,1,200,1,200,200,0,1,50,200
0,200,40,0,0,0,1,10,3,5,0,0,0,0,200,200,1,18,200,0,200,200
0,200,40,0,0,0,1,10,3,5,0,0,0,0,200,200,1,18,200,0,33,200
0,200,30,1,2,0,1,10,5,200,0,0,0,0,200,200,1,18,200,0,57,200
0,200,30,1,2,0,1,10,5,200,0,0,0,0,200,200,1,18,200,1,200,200
1,200,30,1,2,0,1,10,5,200,0,0,0,0,200,200,1,18,200,1,46,200
0,200,30,0,0,0,1,14,5,1,3,0,0,0,200,200,1,0,0,0,200,200
0,200,30,0,0,0,1,14,5,1,3,0,0,0,200,200,1,0,0,1,37,200
1,200,30,0,0,0,1,14,5,1,3,0,0,0,200,200,1,0,0,0,200,200
1,200,30,0,0,0,1,14,5,1,3,0,0,0,200,200,1,0,0,0,200,200
0,200,20,1,2,0,1,10,5,4,0,0,0,0,200,200,200,18,16,0,30,200
0,200,20,1,2,0,1,10,5,4,0,0,0,0,200,200,200,18,16,0,0,200
1,200,20,1,2,0,1,10,5,4,0,0,0,0,200,200,200,18,16,1,200,200
1,200,20,1,2,0,1,10,5,4,0,0,0,0,200,200,200,18,16,1,23,200
0,200,30,0,0,1,4,2,5,4,0,1,1,1,200,1,200,200,200,0,23,200
1,200,30,0,0,1,4,2,5,4,0,1,1,1,200,1,200,200,200,1,200,200
0,200,30,0,0,2,1,10,3,200,0,1,0,0,1,200,1,0,0,0,200,200
0,200,30,0,0,2,1,10,3,200,0,1,0,0,1,200,1,0,0,1,22,200
0,200,30,0,0,2,1,7,5,200,0,1,0,0,200,200,200,23,23,0,18,200
1,200,30,0,0,2,1,7,5,200,0,1,0,0,200,200,200,23,23,1,18,200
1,200,30,0,0,2,1,7,5,200,0,1,0,0,200,200,200,23,23,0,200,200
1,200,30,0,0,2,1,7,5,200,0,1,0,0,200,200,200,23,23,1,37,200
0,200,30,0,0,2,1,10,5,200,0,1,0,0,200,200,200,34,0,0,25,200
0,200,30,0,0,2,1,10,5,200,0,1,0,0,200,200,200,34,0,0,38,200
0,1,30,0,0,0,1,12,6,1,0,1,3,0,200,200,200,200,0,0,31,200
0,1,30,0,0,0,1,12,6,1,0,1,3,0,200,200,200,200,0,0,28,200
0,200,25,0,0,200,1,7,5,2,0,200,0,0,200,200,1,0,200,0,200,200
0,200,30,0,0,200,200,10,5,200,0,200,200,0,200,200,200,0,200,1,37,200
0,200,30,0,0,200,200,10,5,200,0,200,200,0,200,200,200,0,200,1,23,200
0,200,25,1,2,0,1,10,5,200,0,0,0,0,200,200,1,16,200,1,200,200
0,200,25,1,2,0,1,10,5,200,0,0,0,0,200,200,1,16,200,1,52,200
1,200,25,1,2,0,1,10,5,200,0,0,0,0,200,200,1,16,200,200,200,200
0,200,25,0,0,0,1,0,2,2,0,1,0,1,200,200,200,17,16,1,18,200
0,1,30,0,0,0,1,7,2,2,0,0,0,0,200,200,1,0,200,2,200,200
0,200,30,2,0,2,1,10,6,2,0,1,0,1,200,200,200,18,200,1,74,200
0,200,30,2,0,2,1,10,6,2,0,1,0,1,200,200,200,18,200,0,62,200
1,200,30,2,0,2,1,10,6,2,0,1,0,1,200,200,200,18,200,1,40,200
1,200,30,2,0,2,1,10,6,2,0,1,0,1,200,200,200,18,200,0,10,200
1,200,30,2,0,2,1,10,6,2,0,1,0,1,200,200,200,18,200,0,4,200
0,200,30,1,2,2,1,10,3,3,0,1,0,0,200,200,200,18,16,0,31,200
0,200,30,1,2,2,1,10,3,3,0,1,0,0,200,200,200,18,16,1,42,200
1,200,30,1,2,2,1,10,3,3,0,1,0,0,200,200,200,18,16,1,24,200
1,200,30,1,2,2,1,10,3,3,0,1,0,0,200,200,200,18,16,0,42,200
1,200,30,1,2,2,1,10,3,3,0,1,0,0,200,200,200,18,16,1,6,200
1,200,30,1,2,2,1,10,3,3,0,1,0,0,200,200,200,18,16,0,8,200
1,200,30,1,2,2,1,10,3,3,0,1,0,0,200,200,200,18,16,1,4,200
0,200,25,200,200,2,1,12,5,200,0,1,0,0,200,200,200,0,200,0,21,200
0,200,25,200,200,2,1,12,5,200,0,1,0,0,200,200,200,0,200,0,32,200
0,200,30,0,0,0,1,12,2,4,2,0,0,0,200,200,1,0,0,0,200,200
0,200,30,0,0,0,1,12,2,4,2,0,0,0,200,200,1,0,0,1,51,200
4,200,30,1,2,0,1,8,5,1,0,0,0,0,1,200,200,18,200,0,13,200
0,200,30,200,200,0,1,10,7,200,0,0,200,0,200,200,200,0,200,1,0,200
0,200,30,200,200,0,1,10,7,200,0,0,200,0,200,200,200,0,200,1,46,200
0,200,30,0,0,0,1,12,5,200,0,0,0,0,200,200,200,11,200,0,53,200
0,200,30,0,0,0,1,12,5,200,0,0,0,0,200,200,200,11,200,0,21,200
0,200,30,1,2,2,1,10,5,4,0,1,0,1,1,200,200,16,15,0,50,200
0,200,30,1,2,2,1,10,5,4,0,1,0,1,1,200,200,16,15,0,29,200
0,200,20,0,0,0,1,7,5,200,0,0,0,0,200,200,1,0,0,2,200,200
0,200,30,0,0,0,3,12,5,200,0,0,0,0,200,200,200,21,200,0,200,200
0,200,30,0,0,0,3,12,5,200,0,0,0,0,200,200,200,21,200,0,60,200
0,200,30,0,0,0,1,10,5,200,0,0,0,0,200,200,1,0,0,1,200,200
0,200,30,0,0,0,1,10,5,200,0,0,0,0,200,200,1,0,0,1,200,200
1,200,30,0,0,0,1,10,5,200,0,0,0,0,200,200,1,0,0,0,200,200
1,200,30,0,0,0,1,10,5,200,0,0,0,0,200,200,1,0,0,0,200,200
1,200,30,0,0,0,1,10,5,200,0,0,0,0,200,200,1,0,0,1,200,200
0,200,30,0,0,0,1,2,3,2,0,0,0,1,200,200,200,11,0,0,49,200
1,200,30,0,0,0,1,2,3,2,0,0,0,1,200,200,200,11,0,0,21,200
1,200,30,0,0,0,1,2,3,2,0,0,0,1,200,200,200,11,0,0,35,200
1,200,30,0,0,0,1,2,3,2,0,0,0,1,200,200,200,11,0,0,33,200
0,200,30,1,2,0,3,10,5,2,0,0,200,0,1,200,200,18,200,0,35,200
0,200,30,1,2,0,3,10,5,2,0,0,200,0,1,200,200,18,200,0,24,200
0,200,30,1,2,0,1,12,5,2,0,0,0,0,1,200,1,22,0,1,200,200
0,200,30,1,2,0,1,12,5,2,0,0,0,0,1,200,1,22,0,1,43,200
0,200,30,0,0,0,4,10,5,200,0,0,0,1,200,200,1,200,200,0,200,200
0,200,30,0,0,0,4,10,5,200,0,0,0,1,200,200,1,200,200,1,24,200
1,200,30,0,0,0,4,10,5,200,0,0,0,1,200,200,1,200,200,0,200,200
1,200,30,0,0,0,4,10,5,200,0,0,0,1,200,200,1,200,200,0,200,200
1,200,30,0,0,0,4,10,5,200,0,0,0,1,200,200,1,200,200,0,200,200
0,200,30,1,2,0,1,10,2,2,0,0,0,1,200,200,200,19,16,0,0,200
0,200,30,1,2,0,1,10,2,2,0,0,0,1,200,200,200,19,16,1,16,200
1,200,30,1,2,0,1,10,2,2,0,0,0,1,200,200,200,19,16,1,48,200
0,200,30,0,0,0,1,10,7,200,0,0,200,0,200,200,1,0,11,0,200,200
0,200,30,0,0,0,1,10,7,200,0,0,200,0,200,200,1,0,11,1,27,200
0,200,30,1,2,0,1,14,5,200,0,200,200,0,200,200,200,0,200,1,20,200
0,200,30,1,2,0,1,14,5,200,0,200,200,0,200,200,200,0,200,1,27,200
0,200,30,0,0,0,1,7,5,2,0,0,0,0,200,200,1,0,0,2,200,200
0,200,30,0,0,0,1,10,5,200,0,0,0,0,200,200,1,0,0,1,200,200
0,200,30,0,0,0,1,10,5,200,0,0,0,0,200,200,1,0,0,1,20,200
0,200,30,0,0,0,1,7,5,2,0,0,0,0,200,200,200,13,0,0,46,200
0,200,30,0,0,0,1,10,5,4,0,0,200,0,200,200,200,18,200,0,40,200
0,200,30,0,0,0,1,10,5,4,0,0,200,0,200,200,200,18,200,0,32,200
0,200,10,0,0,0,1,2,0,200,0,0,0,0,200,200,1,0,0,2,200,200
0,200,35,1,2,0,1,10,2,200,0,0,0,0,200,200,200,18,200,0,49,200
0,200,35,1,2,0,1,10,2,200,0,0,0,0,200,200,200,18,200,0,30,200
0,200,30,1,2,0,1,10,5,2,0,0,0,0,1,200,200,18,200,0,38,200
0,200,30,1,2,0,1,10,5,2,0,0,0,0,1,200,200,18,200,0,31,200
0,200,30,1,2,0,1,14,6,3,0,0,0,0,1,200,200,0,200,0,21,200
0,200,30,1,2,0,1,14,6,3,0,0,0,0,1,200,200,0,200,0,56,200
1,200,30,1,2,0,1,14,6,3,0,0,0,0,1,200,200,0,200,0,200,200
0,200,20,0,0,1,1,7,6,1,0,1,0,0,200,200,1,16,11,0,200,200
0,200,30,1,2,0,1,12,5,200,0,0,0,0,200,200,200,0,200,0,26,200
0,200,30,1,2,0,1,12,5,200,0,0,0,0,200,200,200,0,200,1,20,200
1,200,30,1,2,0,1,12,5,200,0,0,0,0,200,200,200,0,200,1,20,200
0,200,30,0,0,0,1,10,5,200,0,0,200,0,1,200,200,17,200,0,32,200
0,200,30,0,0,0,1,10,5,200,0,0,200,0,1,200,200,17,200,1,200,200
0,200,30,2,2,0,1,0,5,2,0,0,0,0,200,200,1,0,200,0,200,200
0,200,30,2,2,0,1,0,5,2,0,0,0,0,200,200,1,0,200,1,33,200
0,200,15,0,0,0,1,7,7,1,0,0,0,0,200,0,200,20,200,0,24,200
0,200,25,0,0,0,1,7,5,2,0,1,200,0,200,200,1,0,0,2,200,200
0,200,35,0,0,0,2,9,3,200,0,0,0,1,200,200,200,200,200,0,38,200
5,200,35,0,0,0,2,9,3,200,0,0,0,1,200,200,200,200,200,0,48,200
0,200,30,0,0,0,4,7,5,2,0,0,0,0,200,200,200,8,200,0,21,200
0,200,30,0,0,0,1,7,6,200,0,0,0,0,200,200,200,0,200,1,73,200
0,200,30,1,2,0,3,4,5,2,0,0,1,0,200,200,200,200,200,0,35,200
0,200,30,200,200,0,3,5,3,4,0,0,12,0,200,200,200,29,200,1,39,200
0,200,30,0,0,0,0,10,7,200,0,0,0,0,200,1,200,200,200,0,29,200
0,200,30,0,0,0,0,10,7,200,0,0,0,0,200,1,200,200,200,0,26,200
1,200,30,0,0,0,0,10,7,200,0,0,0,0,200,1,200,200,200,0,200,200
1,200,30,0,0,0,0,10,7,200,0,0,0,0,200,1,200,200,200,1,200,200
0,200,35,0,0,0,3,14,5,4,0,0,0,1,200,200,200,32,16,1,0,200
0,200,35,0,0,0,3,14,5,4,0,0,0,1,200,200,200,32,16,1,33,200
1,200,35,0,0,0,3,14,5,4,0,0,0,1,200,200,200,32,16,0,44,200
1,200,35,0,0,0,3,14,5,4,0,0,0,1,200,200,200,32,16,1,60,200
0,200,30,0,0,0,3,14,5,200,0,0,0,0,200,200,200,21,200,0,200,200
0,200,30,0,0,0,3,14,5,200,0,0,0,0,200,200,200,21,200,0,34,200
1,200,30,0,0,0,3,14,5,200,0,0,0,0,200,200,200,21,200,1,34,200
0,200,30,1,2,0,1,0,5,3,0,0,0,0,1,200,200,6,200,0,35,200
0,200,30,1,2,0,1,0,5,3,0,0,0,0,1,200,200,6,200,0,39,200
0,200,30,1,2,0,0,10,5,200,0,0,0,0,200,200,200,18,11,0,200,200
0,200,30,1,2,0,0,10,5,200,0,0,0,0,200,200,200,18,11,1,20,200
1,200,30,1,2,0,0,10,5,200,0,0,0,0,200,200,200,18,11,0,200,200
0,200,30,200,200,0,1,8,3,200,0,0,200,1,1,200,1,200,200,2,200,200
4,200,30,200,200,0,1,8,3,200,0,0,200,1,1,200,1,200,200,0,61,200
0,200,30,0,0,1,0,7,7,200,0,0,0,0,200,200,200,11,16,1,200,200
0,200,10,0,0,0,4,7,7,1,0,0,0,0,200,200,1,0,20,1,200,200
0,200,30,1,2,0,3,10,5,2,0,0,0,0,1,200,1,16,200,0,200,200
0,200,30,1,2,0,3,10,5,2,0,0,0,0,1,200,1,16,200,0,72,200
1,200,30,1,2,0,3,10,5,2,0,0,0,0,1,200,1,16,200,0,69,200
0,200,30,0,0,0,200,2,0,1,0,200,200,0,200,200,1,0,0,2,200,200
0,200,30,0,0,0,3,4,5,2,0,0,1,1,200,200,200,29,200,0,38,200
0,200,30,1,2,0,1,10,3,4,0,200,200,0,200,200,200,18,18,0,25,200
0,200,30,1,2,0,1,10,3,4,0,200,200,0,200,200,200,18,18,0,59,200
0,200,30,1,2,0,1,10,3,4,0,200,200,0,200,200,200,18,18,0,29,200
0,200,30,2,2,0,3,7,3,4,0,0,0,0,1,200,200,22,200,0,46,200
0,200,30,0,0,0,3,2,2,200,0,0,0,1,200,1,200,32,200,0,38,0.13
0,200,30,0,12,0,0,7,2,2,0,0,0,1,200,200,200,16,200,0,50,200
0,200,35,0,0,0,3,10,2,200,0,0,0,1,200,200,200,7,200,1,21,200
0,200,35,0,0,0,3,10,2,200,0,0,0,1,200,200,200,7,200,1,32,200
1,200,35,0,0,0,3,10,2,200,0,0,0,1,200,200,200,7,200,1,20,200
1,200,35,0,0,0,3,10,2,200,0,0,0,1,200,200,200,7,200,0,32,200
1,200,35,0,0,0,3,10,2,200,0,0,0,1,200,200,200,7,200,1,25,200
0,200,30,0,0,0,3,7,2,4,0,0,0,1,200,200,200,0,200,1,25,200
1,200,30,0,0,0,3,7,2,4,0,0,0,1,200,200,200,0,200,1,2,200
0,200,30,1,2,0,0,7,5,200,0,0,0,1,200,200,0,32,200,0,30,200
0,200,30,0,0,0,3,7,6,1,0,0,0,1,200,200,200,7,200,0,21,200
1,200,30,0,0,0,3,7,6,1,0,0,0,1,200,200,200,7,200,1,200,200
0,200,25,0,0,0,3,7,5,2,0,0,0,0,200,200,200,20,20,0,31,200
1,200,25,0,0,0,3,7,5,2,0,0,0,0,200,200,200,20,20,1,200,200
1,200,25,0,0,0,3,7,5,2,0,0,0,0,200,200,200,20,20,0,200,200
0,200,30,3,2,0,3,7,6,2,0,0,200,0,200,200,200,0,0,0,21,200
1,200,30,3,2,0,3,7,6,2,0,0,200,0,200,200,200,0,0,0,33,200
0,200,30,0,0,0,3,7,5,2,0,0,0,0,200,200,1,11,0,2,200,200
0,1,30,0,0,0,200,9,2,4,0,0,0,1,200,200,1,0,200,0,50,200
5,1,30,0,0,0,200,9,2,4,0,0,0,1,200,200,1,0,200,0,50,200
1,1,30,0,0,0,200,9,2,4,0,0,0,1,200,200,1,0,200,200,200,200
1,1,30,0,0,0,200,9,2,4,0,0,0,1,200,200,1,0,200,200,200,200
1,1,30,0,0,0,200,9,2,4,0,0,0,1,200,200,1,0,200,200,200,200
1,1,30,0,0,0,200,9,2,4,0,0,0,1,200,200,1,0,200,200,200,200
1,1,30,0,0,0,200,9,2,4,0,0,0,1,200,200,1,0,200,200,200,200
1,1,30,0,0,0,200,9,2,4,0,0,0,1,200,200,1,0,200,200,200,200
0,200,30,2,2,0,0,0,6,200,0,0,0,0,200,200,1,17,11,2,200,200
0,200,30,2,2,0,0,0,6,200,0,0,0,0,200,200,1,17,11,0,26,200
0,200,30,0,0,0,3,2,5,2,3,0,0,1,200,200,200,16,11,1,35,200
0,200,30,1,2,0,3,7,5,2,0,0,0,0,200,200,1,16,11,2,200,200
1,200,30,1,2,0,3,7,5,2,0,0,0,0,200,200,1,16,11,200,200,200
0,200,50,0,0,0,0,12,5,2,0,0,0,0,200,200,1,0,21,0,200,200
0,200,50,0,0,0,0,12,5,2,0,0,0,0,200,200,1,0,21,0,48,200
0,200,30,2,200,200,3,10,2,200,0,200,200,0,200,200,200,18,18,1,57,200
0,200,30,2,200,200,3,10,2,200,0,200,200,0,200,200,200,18,18,1,41,200
0,200,30,1,2,0,3,0,3,3,0,0,0,1,1,200,200,6,16,1,19,200
0,200,30,1,2,0,3,0,3,3,0,0,0,1,1,200,200,6,16,1,19,200
1,200,30,1,2,0,3,0,3,3,0,0,0,1,1,200,200,6,16,0,22,200
1,200,30,1,2,0,3,0,3,3,0,0,0,1,1,200,200,6,16,1,200,200
1,200,30,1,2,0,3,0,3,3,0,0,0,1,1,200,200,6,16,0,200,200
1,200,30,1,2,0,3,0,3,3,0,0,0,1,1,200,200,6,16,1,20,200
1,200,30,1,2,0,3,0,3,3,0,0,0,1,1,200,200,6,16,1,22,200
0,200,30,0,0,0,0,2,5,200,0,0,0,1,200,200,200,14,200,1,21,200
5,200,35,1,2,0,0,9,5,4,0,0,0,1,1,200,1,0,0,1,63,200
0,200,35,1,2,0,0,9,5,4,0,0,0,1,1,200,1,0,0,2,200,200
0,200,30,0,0,0,3,14,5,2,0,200,200,0,1,200,200,17,200,1,20,200
0,200,30,0,0,0,3,14,5,2,0,200,200,0,1,200,200,17,200,1,27,200
0,200,25,0,0,0,3,7,6,1,0,0,0,1,1,200,1,0,200,2,200,200
0,200,30,2,2,0,3,10,5,200,0,0,0,1,1,200,200,7,16,1,36,200
0,200,30,2,2,0,3,10,5,200,0,0,0,1,1,200,200,7,16,1,49,200
0,200,30,1,2,0,3,10,5,200,0,0,0,0,200,200,200,0,0,1,27,200
0,200,30,1,2,0,3,10,5,200,0,0,0,0,200,200,200,0,0,0,40,200
1,200,30,1,2,0,3,10,5,200,0,0,0,0,200,200,200,0,0,0,200,200
0,200,30,200,200,0,2,0,5,6,0,0,200,0,1,200,200,0,200,1,19,200
0,200,30,200,200,0,2,0,5,6,0,0,200,0,1,200,200,0,200,0,54,200
0,200,30,0,0,0,3,10,5,4,0,0,200,0,200,200,1,20,20,1,200,200
0,200,30,0,0,0,3,10,5,4,0,0,200,0,200,200,1,20,20,0,24,200
0,200,30,0,0,0,3,7,6,200,0,0,200,1,200,200,1,7,200,0,20,200
1,200,30,0,0,0,3,7,6,200,0,0,200,1,200,200,1,7,200,0,200,200
0,200,25,0,0,0,3,7,5,1,0,0,0,0,200,200,0,16,200,0,22,200
0,200,30,0,0,0,1,7,5,200,0,0,0,0,200,200,200,0,200,0,28,200
0,200,30,0,0,0,3,7,5,2,0,0,0,0,200,200,1,0,200,0,200,200
0,200,30,0,0,0,3,10,7,1,0,0,0,0,200,200,200,18,0,1,32,200
0,200,30,0,0,0,3,10,7,1,0,0,0,0,200,200,200,18,0,1,30,200
1,200,30,0,0,0,3,10,7,1,0,0,0,0,200,200,200,18,0,1,200,200
0,200,30,0,0,0,0,7,5,2,0,0,0,1,200,200,1,0,19,2,200,200