PERSON_TYPE,CRASH_DATE_EST_I,POSTED_SPEED_LIMIT,TRAFFIC_CONTROL_DEVICE,DEVICE_CONDITION,WEATHER_CONDITION,LIGHTING_CONDITION,FIRST_CRASH_TYPE,TRAFFICWAY_TYPE,LANE_CNT,ALIGNMENT,ROADWAY_SURFACE_COND,ROAD_DEFECT,CRASH_TYPE,INTERSECTION_RELATED_I,NOT_RIGHT_OF_WAY_I,HIT_AND_RUN_I,PRIM_CONTRIBUTORY_CAUSE,SEC_CONTRIBUTORY_CAUSE,SEX,AGE,BAC_RESULT VALUE
0,200,30,2,2,0,3,10,5,2,0,0,0,1,1,200,200,0,0,1,27,200
0,200,30,2,2,0,3,10,5,2,0,0,0,1,1,200,200,0,0,1,43,200
1,200,30,2,2,0,3,10,5,2,0,0,0,1,1,200,200,0,0,1,28,200
0,200,30,0,0,0,3,10,2,2,0,0,0,1,200,200,1,0,16,2,200,200
0,200,30,0,0,0,3,10,2,2,0,0,0,1,200,200,1,0,16,0,35,200
0,0,30,2,0,0,3,10,5,2,0,0,200,0,1,200,200,18,11,1,26,200
0,0,30,2,0,0,3,10,5,2,0,0,200,0,1,200,200,18,11,1,25,200
0,200,30,1,2,0,3,2,2,4,0,0,0,1,1,200,200,16,200,0,33,200
0,200,30,1,2,0,2,12,5,4,0,0,0,0,200,200,200,21,0,1,24,200
0,200,30,1,2,0,2,12,5,4,0,0,0,0,200,200,200,21,0,1,33,200
1,200,30,1,2,0,2,12,5,4,0,0,0,0,200,200,200,21,0,0,41,200
0,200,30,1,2,0,1,14,6,2,0,0,0,0,200,200,200,23,200,0,28,200
0,200,30,1,2,0,1,14,6,2,0,0,0,0,200,200,200,23,200,0,64,200
0,0,30,0,0,0,1,7,6,1,0,0,0,0,200,200,200,32,32,0,33,200
0,200,30,0,0,2,3,7,6,1,0,0,0,0,200,200,1,0,200,2,200,200
0,200,30,1,2,0,1,10,2,6,0,0,0,0,200,200,200,11,0,1,20,200
0,200,30,1,2,0,1,10,2,6,0,0,0,0,200,200,200,11,0,1,25,200
1,200,30,1,2,0,1,10,2,6,0,0,0,0,200,200,200,11,0,1,20,200
0,200,30,1,2,0,1,10,3,8,0,0,0,0,200,200,200,18,200,0,24,200
0,200,30,1,2,0,1,10,3,8,0,0,0,0,200,200,200,18,200,0,17,200
0,200,30,2,2,0,1,0,12,200,0,0,0,1,1,200,200,5,0,1,25,200
0,200,30,2,2,0,1,0,12,200,0,0,0,1,1,200,200,5,0,0,39,200
0,200,30,0,0,0,1,14,5,200,0,0,0,0,200,200,200,0,0,0,30,200
0,200,30,0,0,0,1,14,5,200,0,0,0,0,200,200,200,0,0,0,47,200
0,1,30,0,200,0,200,7,200,200,0,200,200,0,200,200,200,0,0,2,200,200
0,200,30,1,200,0,1,10,5,200,0,0,0,0,1,200,200,0,200,0,25,200
0,200,30,1,200,0,1,10,5,200,0,0,0,0,1,200,200,0,200,0,29,200
0,200,30,1,2,0,1,9,5,200,0,0,0,1,1,200,200,17,22,0,200,200
5,200,30,1,2,0,1,9,5,200,0,0,0,1,1,200,200,17,22,1,23,200
0,1,30,1,2,0,200,0,6,0,0,200,200,0,1,200,1,0,200,0,200,200
0,1,30,1,2,0,200,0,6,0,0,200,200,0,1,200,1,0,200,1,25,200
0,200,30,1,2,0,1,12,2,200,0,0,0,0,200,200,200,22,200,0,31,200
0,200,30,1,2,0,1,12,2,200,0,0,0,0,200,200,200,22,200,1,61,200
0,1,45,2,0,2,1,2,3,200,3,1,1,0,200,200,200,0,0,1,31,200
0,200,30,2,2,0,1,12,2,4,0,0,0,0,200,200,200,0,0,1,71,200
0,200,30,2,2,0,1,12,2,4,0,0,0,0,200,200,200,0,0,0,45,200
0,200,30,0,0,0,1,7,5,2,0,0,0,0,200,200,200,0,0,1,55,200
0,200,25,0,0,0,1,14,5,200,0,0,0,0,200,200,200,17,16,0,57,200
0,200,25,0,0,0,1,14,5,200,0,0,0,0,200,200,200,17,16,1,45,200
0,200,25,0,0,0,1,5,5,2,0,0,0,0,200,200,200,200,200,1,37,200
0,200,30,1,2,0,1,10,2,5,0,0,0,1,200,200,200,16,200,1,27,200
0,200,30,1,2,0,1,10,2,5,0,0,0,1,200,200,200,16,200,1,32,200
0,200,30,1,2,0,1,10,2,5,0,0,0,1,200,200,200,16,200,0,32,200
0,200,30,0,0,0,1,10,5,2,0,0,0,0,200,200,1,0,22,0,200,200
0,200,30,0,0,0,1,10,5,2,0,0,0,0,200,200,1,0,22,0,60,200
0,200,30,1,2,0,1,10,2,200,0,0,0,0,200,200,200,0,0,0,52,200
0,200,30,1,2,0,1,10,2,200,0,0,0,0,200,200,200,0,0,0,36,200
0,200,30,200,2,200,200,7,5,2,0,200,0,0,200,200,1,0,0,2,200,200
0,200,30,1,2,0,1,14,3,0,0,0,0,1,200,200,200,17,200,1,18,200
0,200,30,1,2,0,1,14,3,0,0,0,0,1,200,200,200,17,200,1,31,200
0,200,30,0,0,0,1,2,5,2,0,0,0,1,200,200,200,0,200,0,25,200
0,200,30,0,0,0,1,5,5,2,0,0,0,0,200,200,200,200,200,1,42,200
0,200,30,1,2,0,1,9,2,200,0,0,0,1,1,200,200,17,200,1,71,200
5,200,30,1,2,0,1,9,2,200,0,0,0,1,1,200,200,17,200,1,9,200
1,200,30,1,2,0,1,9,2,200,0,0,0,1,1,200,200,17,200,1,9,200
0,200,35,1,2,0,1,12,5,2,0,0,0,0,200,200,1,22,22,0,200,200
0,200,35,1,2,0,1,12,5,2,0,0,0,0,200,200,1,22,22,0,0,200
0,200,30,0,0,0,1,0,2,200,0,0,0,0,200,200,200,0,0,1,50,200
0,200,30,0,0,0,1,0,2,200,0,0,0,0,200,200,200,0,0,1,64,200
0,200,30,0,0,0,0,3,5,200,0,0,0,1,200,200,1,23,200,2,200,200
0,200,30,0,0,0,0,3,5,200,0,0,0,1,200,200,1,23,200,1,0,200
0,1,30,200,200,200,200,7,6,1,0,200,200,0,0,200,1,200,200,2,200,200
0,200,25,0,0,0,1,2,0,200,0,0,0,0,200,1,200,33,200,0,41,200
0,200,30,0,0,0,1,7,6,1,0,0,0,0,200,200,200,0,200,0,42,200
0,200,25,0,0,0,1,7,5,200,0,0,0,0,200,200,200,0,0,1,58,200
0,200,30,1,1,0,1,8,5,2,0,0,0,1,1,200,200,14,23,0,74,200
4,200,30,1,1,0,1,8,5,2,0,0,0,1,1,200,200,14,23,1,44,200
0,200,30,1,2,0,1,14,2,200,0,0,0,0,1,200,200,0,0,1,36,200
0,200,30,1,2,0,1,14,2,200,0,0,0,0,1,200,200,0,0,1,53,200
0,200,30,0,0,200,200,10,5,200,0,200,200,0,200,200,1,0,200,0,200,200
0,200,30,0,0,200,200,10,5,200,0,200,200,0,200,200,1,0,200,2,200,200
0,200,30,0,0,200,200,10,5,200,0,200,200,0,200,200,1,0,200,0,52,200
0,200,25,0,0,0,1,2,5,2,0,0,0,1,200,0,200,0,200,0,27,200
1,200,25,0,0,0,1,2,5,2,0,0,0,1,200,0,200,0,200,0,29,200
0,200,25,2,2,0,1,0,5,200,0,0,0,1,1,200,200,5,17,1,58,200
0,200,25,2,2,0,1,0,5,200,0,0,0,1,1,200,200,5,17,1,45,200
0,200,30,1,2,0,1,14,5,200,0,0,0,0,200,200,200,22,22,0,37,200
0,200,30,1,2,0,1,14,5,200,0,0,0,0,200,200,200,22,22,1,23,200
0,200,30,1,2,0,1,10,5,200,0,0,200,0,200,200,1,0,0,1,200,200
0,200,30,1,2,0,1,10,5,200,0,0,200,0,200,200,1,0,0,0,200,200
1,200,30,1,2,0,1,10,5,200,0,0,200,0,200,200,1,0,0,1,200,200
0,200,25,0,0,0,3,7,7,200,0,0,200,0,200,200,1,0,0,2,200,200
0,200,30,0,0,0,1,12,3,3,0,0,0,0,200,200,200,200,200,1,29,200
0,200,30,0,0,0,1,12,3,3,0,0,0,0,200,200,200,200,200,0,47,200
1,200,30,0,0,0,1,12,3,3,0,0,0,0,200,200,200,200,200,0,200,200
1,200,30,0,0,0,1,12,3,3,0,0,0,0,200,200,200,200,200,1,200,200
0,200,30,0,0,0,1,12,5,2,0,0,0,0,200,200,1,22,11,1,200,200
0,200,30,0,0,0,1,12,5,2,0,0,0,0,200,200,1,22,11,0,32,200
0,200,35,0,0,0,1,12,5,2,0,0,0,0,200,200,200,22,18,1,33,200
0,200,35,0,0,0,1,12,5,2,0,0,0,0,200,200,200,22,18,1,30,200
0,200,25,0,0,0,1,12,6,200,0,0,0,0,200,200,200,17,200,0,45,200
0,200,25,0,0,0,1,12,6,200,0,0,0,0,200,200,200,17,200,1,53,200
0,1,30,2,2,0,1,7,6,200,0,0,0,1,1,200,200,0,200,1,51,200
0,200,30,1,2,0,0,12,5,2,0,0,0,0,1,200,200,0,0,0,200,200
0,200,30,1,2,0,0,12,5,2,0,0,0,0,1,200,200,0,0,0,45,200
0,200,30,1,2,0,3,12,2,200,0,200,200,0,200,200,200,0,0,0,31,200
0,200,30,1,2,0,3,12,2,200,0,200,200,0,200,200,200,0,0,0,31,200
0,200,30,1,2,0,1,10,2,200,0,0,0,0,200,200,1,0,200,0,200,200
0,200,30,1,2,0,1,10,2,200,0,0,0,0,200,200,1,0,200,1,40,200
0,1,0,0,0,200,0,7,12,200,0,200,200,0,200,200,1,0,1,2,200,200
0,200,30,1,2,0,1,14,5,200,0,0,0,0,200,200,200,17,23,1,21,200
0,200,30,1,2,0,1,14,5,200,0,0,0,0,200,200,200,17,23,0,48,200
1,200,30,1,2,0,1,14,5,200,0,0,0,0,200,200,200,17,23,1,200,200
0,200,5,0,0,0,1,2,7,200,0,0,0,0,200,1,1,20,200,2,200,200
0,200,30,0,0,0,2,8,2,200,0,0,0,0,200,200,200,17,0,1,47,200
4,200,30,0,0,0,2,8,2,200,0,0,0,0,200,200,200,17,0,0,35,200
0,200,30,0,0,0,1,7,6,200,0,0,0,0,200,200,200,0,200,0,27,200
0,200,30,1,2,0,1,10,3,200,0,0,0,0,200,200,200,16,200,0,20,200
0,200,30,1,2,0,1,10,3,200,0,0,0,0,200,200,200,16,200,0,63,200
1,200,30,1,2,0,1,10,3,200,0,0,0,0,200,200,200,16,200,0,200,200
0,200,25,0,0,0,1,2,0,1,0,0,0,0,200,1,200,20,21,0,42,200
0,200,30,0,0,0,1,0,5,2,0,0,200,0,200,200,200,20,33,1,84,200
0,200,30,0,0,0,1,0,5,2,0,0,200,0,200,200,200,20,33,1,31,200
1,200,30,0,0,0,1,0,5,2,0,0,200,0,200,200,200,20,33,0,23,200
0,200,30,0,0,0,1,7,2,4,0,0,0,0,200,200,200,0,0,2,200,200
0,200,30,0,0,0,1,14,5,2,0,0,0,0,200,200,200,17,17,1,38,200
0,200,30,0,0,0,1,14,5,2,0,0,0,0,200,200,200,17,17,0,39,200
0,0,25,2,2,0,3,7,6,2,0,0,0,0,200,200,1,0,0,2,200,200
0,200,30,0,0,0,1,12,6,1,0,0,0,0,200,200,200,0,17,0,35,200
0,200,30,0,0,0,1,12,6,1,0,0,0,0,200,200,200,0,17,0,57,200
0,200,30,1,2,0,1,10,5,4,0,0,0,1,1,200,200,0,0,2,200,200
0,200,30,1,2,0,1,10,5,4,0,0,0,1,1,200,200,0,0,1,60,200
0,200,0,0,0,0,1,7,7,200,0,0,0,0,200,0,200,25,0,1,33,200
1,200,0,0,0,0,1,7,7,200,0,0,0,0,200,0,200,25,0,0,5,200
1,200,0,0,0,0,1,7,7,200,0,0,0,0,200,0,200,25,0,1,1,200
0,200,25,1,2,0,1,10,5,200,0,0,0,0,200,200,200,8,16,0,30,200
0,200,25,1,2,0,1,10,5,200,0,0,0,0,200,200,200,8,16,0,38,200
1,200,25,1,2,0,1,10,5,200,0,0,0,0,200,200,200,8,16,1,200,200
0,1,30,0,0,0,3,7,2,200,0,0,0,0,200,200,1,0,200,2,200,200
0,200,30,1,2,0,1,14,3,200,0,0,0,0,1,200,200,22,200,0,27,200
0,200,30,1,2,0,1,14,3,200,0,0,0,0,1,200,200,22,200,0,63,200
0,1,20,2,2,0,1,10,6,1,0,200,0,0,1,200,1,200,200,0,200,200
0,1,20,2,2,0,1,10,6,1,0,200,0,0,1,200,1,200,200,1,200,200
0,200,30,0,0,0,1,10,5,2,0,0,0,1,200,200,200,18,200,0,48,200
0,200,30,0,0,0,1,10,5,2,0,0,0,1,200,200,200,18,200,0,31,200
0,200,30,0,0,0,1,8,5,2,0,0,0,1,1,200,200,33,0,1,27,200
4,200,30,0,0,0,1,8,5,2,0,0,0,1,1,200,200,33,0,0,25,200
0,200,30,200,200,0,1,12,5,200,0,200,200,0,200,200,200,200,200,0,28,200
0,200,30,200,200,0,1,12,5,200,0,200,200,0,200,200,200,200,200,0,51,200
1,200,30,200,200,0,1,12,5,200,0,200,200,0,200,200,200,200,200,1,45,200
0,200,35,0,0,0,1,7,5,2,0,0,0,0,200,200,200,0,0,0,55,200
0,200,30,1,2,0,1,7,2,2,0,0,0,0,200,200,0,0,200,2,200,200
0,200,25,1,2,0,1,14,5,200,0,0,0,1,1,200,200,23,23,0,36,200
1,200,25,1,2,0,1,14,5,200,0,0,0,1,1,200,200,23,23,0,27,200
0,200,35,0,0,0,1,12,5,200,0,0,0,0,200,200,1,22,25,0,200,200
0,200,35,0,0,0,1,12,5,200,0,0,0,0,200,200,1,22,25,0,54,200
0,200,30,0,0,0,1,14,5,200,0,0,0,0,200,200,200,0,0,0,200,200
0,200,30,0,0,0,1,14,5,200,0,0,0,0,200,200,200,0,0,0,37,200
0,200,25,0,0,0,1,14,6,200,0,0,0,0,1,200,200,0,200,0,51,200
0,200,25,0,0,0,1,14,6,200,0,0,0,0,1,200,200,0,200,0,48,200
0,200,35,0,0,0,1,10,5,2,0,0,0,0,200,200,200,18,18,0,30,200
0,200,35,0,0,0,1,10,5,2,0,0,0,0,200,200,200,18,18,0,27,200
0,200,20,0,0,0,1,12,5,2,0,0,0,0,200,200,200,17,200,1,23,200
0,200,20,0,0,0,1,12,5,2,0,0,0,0,200,200,200,17,200,0,37,200
0,200,30,1,2,0,1,14,2,200,0,0,0,0,200,200,200,17,0,1,44,200
0,200,30,1,2,0,1,14,2,200,0,0,0,0,200,200,200,17,0,1,59,200
1,200,30,1,2,0,1,14,2,200,0,0,0,0,200,200,200,17,0,0,57,200
1,200,30,1,2,0,1,14,2,200,0,0,0,0,200,200,200,17,0,0,200,200
0,200,15,0,0,0,1,7,5,200,0,0,0,0,200,200,1,0,0,2,200,200
0,200,30,1,2,0,1,12,6,3,0,0,0,0,1,200,200,21,200,1,28,200
0,200,30,1,2,0,1,12,6,3,0,0,0,0,1,200,200,21,200,1,27,200
0,200,30,0,0,0,3,2,8,200,0,0,0,0,200,200,200,0,0,0,30,200
0,200,15,0,0,200,1,0,200,200,0,0,200,0,200,200,200,20,200,0,62,200
0,200,15,0,0,200,1,0,200,200,0,0,200,0,200,200,200,20,200,0,200,200
0,200,35,0,0,0,1,14,5,200,0,0,2,1,200,200,200,23,200,2,200,200
0,200,35,0,0,0,1,14,5,200,0,0,2,1,200,200,200,23,200,1,41,200
0,200,30,0,0,0,1,7,6,1,0,0,3,0,200,200,200,28,0,1,33,200
0,200,30,0,0,0,200,7,2,200,0,0,0,0,200,200,1,0,0,2,200,200
0,200,35,0,0,0,1,12,5,200,0,0,0,0,200,200,200,0,0,1,25,200
0,200,35,0,0,0,1,12,5,200,0,0,0,0,200,200,200,0,0,1,69,200
0,200,35,0,0,0,1,10,3,2,0,0,0,1,200,200,200,18,0,0,32,200
0,200,35,0,0,0,1,10,3,2,0,0,0,1,200,200,200,18,0,0,26,200
1,200,35,0,0,0,1,10,3,2,0,0,0,1,200,200,200,18,0,1,27,200
1,200,35,0,0,0,1,10,3,2,0,0,0,1,200,200,200,18,0,1,23,200
0,200,30,1,2,0,1,10,5,2,0,0,0,0,1,200,1,0,200,0,200,200
0,200,30,1,2,0,1,10,5,2,0,0,0,0,1,200,1,0,200,1,40,200
0,200,30,1,2,0,1,10,5,200,0,0,0,0,200,200,200,0,0,0,200,200
0,200,30,1,2,0,1,10,5,200,0,0,0,0,200,200,200,0,0,0,48,200
0,1,30,0,0,1,3,7,6,200,0,0,0,0,200,200,1,200,0,2,200,200
0,200,30,0,0,0,1,12,5,200,0,0,0,0,1,200,200,0,0,0,30,200
0,200,30,0,0,0,1,12,5,200,0,0,0,0,1,200,200,0,0,0,64,200
0,1,30,0,0,0,0,7,5,2,0,0,0,0,200,200,1,0,200,2,200,200
0,200,35,1,2,0,1,14,5,200,0,0,0,1,1,200,200,17,25,1,48,200
0,200,35,1,2,0,1,14,5,200,0,0,0,1,1,200,200,17,25,1,23,200
0,200,15,0,0,0,1,7,7,200,0,0,0,0,200,1,1,0,0,1,200,200
1,200,15,0,0,0,1,7,7,200,0,0,0,0,200,1,1,0,0,0,18,200
1,200,15,0,0,0,1,7,7,200,0,0,0,0,200,1,1,0,0,0,16,200
0,200,30,0,0,0,1,2,6,200,0,0,0,0,200,1,200,0,200,0,17,200
0,200,30,0,0,0,1,12,5,200,0,0,0,0,200,200,200,0,0,1,200,200
0,200,30,0,0,0,1,12,5,200,0,0,0,0,200,200,200,0,0,0,200,200
0,200,30,2,2,0,1,7,5,2,0,0,200,0,200,200,200,200,200,0,31,200
1,200,30,2,2,0,1,7,5,2,0,0,200,0,200,200,200,200,200,0,33,200
1,200,30,2,2,0,1,7,5,2,0,0,200,0,200,200,200,200,200,0,35,200
0,200,30,1,2,0,1,14,5,200,0,0,0,1,1,200,200,17,200,1,43,200
0,200,30,1,2,0,1,14,5,200,0,0,0,1,1,200,200,17,200,0,22,200
1,200,30,1,2,0,1,14,5,200,0,0,0,1,1,200,200,17,200,0,9,200
0,200,25,1,2,0,1,12,2,200,0,0,0,0,1,200,200,22,200,0,60,200
0,200,25,1,2,0,1,12,2,200,0,0,0,0,1,200,200,22,200,0,28,200
0,200,30,1,2,0,1,10,5,200,0,0,0,1,1,200,200,18,0,0,44,200
0,200,30,1,2,0,1,10,5,200,0,0,0,1,1,200,200,18,0,1,24,200
0,200,35,0,0,0,1,0,2,4,0,0,0,0,200,200,200,4,200,1,38,200
0,200,35,0,0,0,1,0,2,4,0,0,0,0,200,200,200,4,200,0,69,200
0,200,30,0,0,0,1,10,12,1,0,0,0,0,200,0,200,0,200,0,27,200
0,200,30,0,0,0,1,10,12,1,0,0,0,0,200,0,200,0,200,0,49,200
0,200,35,1,2,0,1,12,6,3,0,0,0,0,200,200,200,0,200,0,73,200
0,200,35,1,2,0,1,12,6,3,0,0,0,0,200,200,200,0,200,0,49,200
0,200,10,0,0,0,1,5,7,200,0,0,0,0,200,200,200,0,200,0,68,200
0,200,30,0,0,0,1,7,2,2,0,0,0,0,200,200,1,0,200,2,200,200
0,200,30,0,0,0,1,12,5,2,0,0,0,1,200,200,200,23,200,0,53,200
0,200,30,0,0,0,1,12,5,2,0,0,0,1,200,200,200,23,200,1,47,200
0,200,35,0,2,0,1,14,2,200,0,0,0,0,200,200,1,25,200,0,200,200
0,200,35,0,2,0,1,14,2,200,0,0,0,0,200,200,1,25,200,1,40,200
0,200,20,0,0,0,1,3,7,200,0,0,0,0,200,200,200,25,200,1,200,200
0,200,20,0,0,0,1,3,7,200,0,0,0,0,200,200,200,25,200,1,35,200
0,200,30,1,2,0,1,14,5,3,0,0,0,0,1,200,1,22,23,2,200,200
0,200,30,1,2,0,1,14,5,3,0,0,0,0,1,200,1,22,23,0,46,200
0,200,30,1,2,0,1,14,12,0,0,0,0,0,1,200,200,200,200,1,28,200
0,200,30,1,2,0,1,14,12,0,0,0,0,0,1,200,200,200,200,1,200,200
0,1,25,200,200,200,200,7,5,200,0,200,200,0,200,200,1,0,0,2,200,200
0,1,30,0,0,0,3,7,6,200,0,0,0,0,200,200,1,0,200,2,200,200
0,200,35,0,0,0,0,7,5,200,0,1,0,0,200,200,1,0,0,2,200,200
1,200,35,0,0,0,0,7,5,200,0,1,0,0,200,200,1,0,0,0,25,200
1,200,35,0,0,0,0,7,5,200,0,1,0,0,200,200,1,0,0,1,200,200
0,200,20,0,0,0,1,5,7,1,0,0,0,0,200,1,1,0,200,2,200,200
0,200,30,2,2,0,1,10,5,2,0,0,0,0,200,200,200,18,5,0,28,200
0,200,30,2,2,0,1,10,5,2,0,0,0,0,200,200,200,18,5,0,67,200
0,200,35,0,0,0,1,10,5,200,0,0,0,0,200,200,200,18,0,1,39,200
0,200,35,0,0,0,1,10,5,200,0,0,0,0,200,200,200,18,0,0,63,200
0,200,30,0,0,0,1,12,6,2,0,0,0,0,200,200,200,20,200,1,47,200
0,200,30,0,0,0,1,12,6,2,0,0,0,0,200,200,200,20,200,0,30,200
0,200,30,0,0,0,1,12,5,200,0,0,0,0,200,200,200,0,200,1,200,200
0,200,30,0,0,0,1,12,5,200,0,0,0,0,200,200,200,0,200,0,200,200
0,200,35,1,2,0,1,10,3,200,0,0,0,0,200,200,200,16,200,0,52,200
0,200,35,1,2,0,1,10,3,200,0,0,0,0,200,200,200,16,200,0,36,200
0,200,30,0,0,0,1,7,5,200,0,0,0,0,200,200,1,0,200,2,200,200
0,200,30,0,0,0,1,7,7,200,0,0,0,0,200,200,200,0,0,0,52,200
1,200,30,0,0,0,1,7,7,200,0,0,0,0,200,200,200,0,0,1,200,200
0,200,30,0,0,0,1,10,5,200,0,0,0,0,200,200,200,200,200,2,35,200
0,200,30,0,0,0,1,10,5,200,0,0,0,0,200,200,200,200,200,1,70,200
0,200,25,0,0,0,1,12,6,1,0,0,0,0,200,200,200,17,7,0,36,200
0,200,25,0,0,0,1,12,6,1,0,0,0,0,200,200,200,17,7,0,200,200
1,200,25,0,0,0,1,12,6,1,0,0,0,0,200,200,200,17,7,200,200,200
0,200,30,0,0,0,1,12,5,200,0,0,0,0,200,200,200,16,16,0,27,200
0,200,30,0,0,0,1,12,5,200,0,0,0,0,200,200,200,16,16,0,42,200
0,200,30,1,2,0,1,12,2,4,0,0,200,0,1,200,1,21,11,0,200,200
0,200,30,1,2,0,1,12,2,4,0,0,200,0,1,200,1,21,11,1,45,200
1,200,30,1,2,0,1,12,2,4,0,0,200,0,1,200,1,21,11,0,12,200
0,200,35,1,2,0,1,12,5,200,0,0,0,0,200,200,200,21,0,1,67,200
0,200,35,1,2,0,1,12,5,200,0,0,0,0,200,200,200,21,0,1,64,200
0,1,25,0,0,0,3,7,6,200,0,0,0,0,200,200,1,0,200,2,200,200
0,200,35,0,0,0,0,12,5,2,0,0,0,0,200,200,200,18,200,0,200,200
0,200,35,0,0,0,0,12,5,2,0,0,0,0,200,200,200,18,200,0,22,200
1,200,35,0,0,0,0,12,5,2,0,0,0,0,200,200,200,18,200,0,200,200
1,200,35,0,0,0,0,12,5,2,0,0,0,0,200,200,200,18,200,0,200,200
0,200,20,0,0,0,1,10,2,4,0,0,200,0,200,200,200,18,18,1,39,200
0,200,20,0,0,0,1,10,2,4,0,0,200,0,200,200,200,18,18,0,39,200
0,200,30,1,2,0,1,10,5,4,0,0,0,0,0,200,1,0,0,1,200,200
0,200,30,1,2,0,1,10,5,4,0,0,0,0,0,200,1,0,0,1,57,200
0,200,30,0,0,200,1,8,2,200,2,200,200,1,200,200,1,16,23,1,200,200
4,200,30,0,0,200,1,8,2,200,2,200,200,1,200,200,1,16,23,0,23,200
0,200,15,0,0,0,1,0,7,1,0,0,0,0,200,1,200,17,200,0,34,200
0,200,15,0,0,0,1,0,7,1,0,0,0,0,200,1,200,17,200,0,23,200
0,200,30,0,0,0,1,10,5,200,0,0,0,0,200,200,200,18,200,1,22,200
0,200,30,0,0,0,1,10,5,200,0,0,0,0,200,200,200,18,200,1,49,200
0,200,30,1,2,0,1,10,5,200,0,0,0,0,200,200,200,0,0,0,19,200
0,200,30,1,2,0,1,10,5,200,0,0,0,0,200,200,200,0,0,0,52,200
0,200,30,0,0,0,1,12,6,4,0,0,0,0,200,200,1,20,0,0,200,200
0,200,30,0,0,0,1,12,6,4,0,0,0,0,200,200,1,20,0,0,34,200
1,200,30,0,0,0,1,12,6,4,0,0,0,0,200,200,1,20,0,0,200,200
0,0,30,1,2,0,1,12,5,4,0,0,200,0,1,200,200,0,0,1,47,200
0,0,30,1,2,0,1,12,5,4,0,0,200,0,1,200,200,0,0,0,31,200
0,200,25,0,0,0,1,12,5,2,0,0,0,0,200,200,200,17,21,0,40,200
0,200,25,0,0,0,1,12,5,2,0,0,0,0,200,200,200,17,21,0,81,200
0,200,30,1,2,0,1,10,5,4,0,0,0,0,200,200,200,0,0,1,46,200
0,200,30,1,2,0,1,10,5,4,0,0,0,0,200,200,200,0,0,0,37,200
0,200,15,0,0,0,1,7,7,200,0,0,0,0,200,1,1,35,200,2,200,200
0,200,30,0,0,0,1,10,5,200,0,0,0,0,200,200,200,0,0,0,44,200
0,200,30,0,0,0,1,10,5,200,0,0,0,0,200,200,200,0,0,1,44,200
0,200,10,0,0,0,1,7,7,200,0,0,0,0,200,200,200,23,0,1,25,200
1,200,10,0,0,0,1,7,7,200,0,0,0,0,200,200,200,23,0,200,200,200
0,200,30,1,2,0,1,10,3,4,0,0,0,0,1,200,200,0,200,0,59,200
0,200,30,1,2,0,1,10,3,4,0,0,0,0,1,200,200,0,200,0,37,200
0,200,30,0,0,0,1,12,2,2,0,0,0,0,1,200,200,22,17,1,39,200
0,200,30,0,0,0,1,12,2,2,0,0,0,0,1,200,200,22,17,0,60,200
0,200,30,2,2,0,1,10,2,2,0,0,200,1,1,200,1,18,0,0,200,200
0,200,30,2,2,0,1,10,2,2,0,0,200,1,1,200,1,18,0,1,61,200
0,200,30,0,0,0,1,2,2,2,0,0,0,1,200,200,200,0,0,0,41,200
0,200,30,1,2,0,1,10,5,2,0,0,0,0,1,200,200,18,16,0,43,200
0,200,30,1,2,0,1,10,5,2,0,0,0,0,1,200,200,18,16,1,77,200
0,200,30,0,0,0,1,0,5,2,0,0,0,0,200,200,200,0,0,0,25,200
0,200,30,0,0,0,1,0,5,2,0,0,0,0,200,200,200,0,0,1,40,200
1,200,30,0,0,0,1,0,5,2,0,0,0,0,200,200,200,0,0,1,22,200
1,200,30,0,0,0,1,0,5,2,0,0,0,0,200,200,200,0,0,1,9,200
1,200,30,0,0,0,1,0,5,2,0,0,0,0,200,200,200,0,0,1,7,200
0,200,30,0,0,0,1,10,5,2,0,0,0,0,200,200,200,16,18,0,51,200
0,200,30,0,0,0,1,10,5,2,0,0,0,0,200,200,200,16,18,0,32,200
0,200,30,0,0,0,1,10,5,1,0,0,0,0,200,200,200,18,16,2,200,200
0,200,30,0,0,0,1,10,5,1,0,0,0,0,200,200,200,18,16,0,28,200
0,200,30,1,3,0,1,14,2,200,0,0,0,1,200,200,200,0,200,1,28,200
0,200,30,1,3,0,1,14,2,200,0,0,0,1,200,200,200,0,200,0,56,200
1,200,30,1,3,0,1,14,2,200,0,0,0,1,200,200,200,0,200,0,6,200
0,200,30,1,2,0,1,10,5,4,0,0,0,0,1,200,1,0,200,1,200,200
0,200,30,1,2,0,1,10,5,4,0,0,0,0,1,200,1,0,200,1,29,200
1,200,30,1,2,0,1,10,5,4,0,0,0,0,1,200,1,0,200,1,43,200
0,200,35,0,0,0,1,12,5,200,0,0,0,0,200,200,200,23,0,0,16,200
0,200,35,0,0,0,1,12,5,200,0,0,0,0,200,200,200,23,0,0,63,200
0,200,30,0,0,0,1,10,6,200,0,0,0,0,200,200,200,20,0,1,31,200
0,200,30,0,0,0,1,10,6,200,0,0,0,0,200,200,200,20,0,0,29,200
0,200,30,0,0,0,1,12,3,200,0,0,0,0,200,200,200,0,0,0,67,200
0,200,30,0,0,0,1,12,3,200,0,0,0,0,200,200,200,0,0,0,50,200