PERSON_TYPE,CRASH_DATE_EST_I,POSTED_SPEED_LIMIT,TRAFFIC_CONTROL_DEVICE,DEVICE_CONDITION,WEATHER_CONDITION,LIGHTING_CONDITION,FIRST_CRASH_TYPE,TRAFFICWAY_TYPE,LANE_CNT,ALIGNMENT,ROADWAY_SURFACE_COND,ROAD_DEFECT,CRASH_TYPE,INTERSECTION_RELATED_I,NOT_RIGHT_OF_WAY_I,HIT_AND_RUN_I,PRIM_CONTRIBUTORY_CAUSE,SEC_CONTRIBUTORY_CAUSE,SEX,AGE,BAC_RESULT VALUE
0,200,30,0,0,0,1,10,5,200,0,0,0,0,200,200,200,18,7,0,27,200
0,200,30,0,0,0,1,10,5,200,0,0,0,0,200,200,200,18,7,0,41,200
0,200,25,2,12,0,4,10,5,2,0,0,0,1,0,200,200,18,200,1,22,200
0,200,25,2,12,0,4,10,5,2,0,0,0,1,0,200,200,18,200,1,65,200
0,1,30,0,0,0,1,7,6,2,0,0,0,0,200,200,1,21,0,2,200,200
0,200,30,0,0,0,4,11,5,2,0,200,200,0,1,200,200,0,200,0,200,200
0,200,30,0,0,0,4,11,5,2,0,200,200,0,1,200,200,0,200,0,30,200
0,200,30,200,200,0,3,7,2,200,0,0,200,0,200,200,1,0,200,2,200,200
0,200,15,0,0,0,1,7,0,1,0,0,0,0,200,200,200,12,16,0,22,200
0,200,30,0,0,0,4,12,5,2,0,0,0,0,200,200,200,22,17,0,70,200
0,200,30,0,0,0,4,12,5,2,0,0,0,0,200,200,200,22,17,0,63,200
1,200,30,0,0,0,4,12,5,2,0,0,0,0,200,200,200,22,17,0,81,200
0,200,30,1,2,0,3,8,3,4,0,0,0,1,1,200,200,6,200,0,36,200
4,200,30,1,2,0,3,8,3,4,0,0,0,1,1,200,200,6,200,1,27,200
0,200,30,0,0,0,3,14,2,4,0,0,0,1,1,200,200,33,33,1,41,200
0,200,30,0,0,0,3,14,2,4,0,0,0,1,1,200,200,33,33,0,34,200
0,200,30,1,200,0,3,14,5,200,0,0,0,0,200,200,1,0,0,1,200,200
0,200,30,1,200,0,3,14,5,200,0,0,0,0,200,200,1,0,0,0,60,200
1,200,30,1,200,0,3,14,5,200,0,0,0,0,200,200,1,0,0,1,32,200
1,200,30,1,200,0,3,14,5,200,0,0,0,0,200,200,1,0,0,1,8,200
0,200,35,0,0,0,200,7,2,2,0,0,0,0,200,200,1,200,200,2,200,200
0,200,30,0,0,0,0,10,3,2,0,0,0,0,0,200,200,18,18,1,46,200
0,200,30,0,0,0,0,10,3,2,0,0,0,0,0,200,200,18,18,0,23,200
0,200,30,1,2,0,3,10,5,2,0,0,200,0,200,200,200,18,0,0,38,200
0,200,30,1,2,0,3,10,5,2,0,0,200,0,200,200,200,18,0,1,22,200
0,200,30,1,2,0,3,10,5,2,0,0,200,0,200,200,200,18,0,0,200,200
1,200,30,1,2,0,3,10,5,2,0,0,200,0,200,200,200,18,0,1,200,200
1,200,30,1,2,0,3,10,5,2,0,0,200,0,200,200,200,18,0,0,200,200
0,200,30,0,0,0,1,14,5,200,0,0,0,0,200,200,200,0,0,1,30,200
0,200,30,0,0,0,1,14,5,200,0,0,0,0,200,200,200,0,0,0,21,200
0,1,30,0,0,0,1,14,5,200,0,0,200,0,200,200,200,11,0,0,200,200
0,1,30,0,0,0,1,14,5,200,0,0,200,0,200,200,200,11,0,0,70,200
0,200,30,0,200,0,200,7,6,1,0,200,200,0,200,200,1,0,200,2,200,200
0,200,30,1,2,0,3,9,5,2,0,0,0,1,200,200,1,6,200,2,200,200
5,200,30,1,2,0,3,9,5,2,0,0,0,1,200,200,1,6,200,0,53,200
0,200,30,1,2,0,3,9,5,2,0,0,0,1,200,200,200,17,0,0,72,200
5,200,30,1,2,0,3,9,5,2,0,0,0,1,200,200,200,17,0,1,72,200
0,200,30,0,0,0,3,14,5,4,0,0,200,0,200,200,200,22,200,1,56,200
0,200,30,0,0,0,3,14,5,4,0,0,200,0,200,200,200,22,200,0,61,200
0,1,30,0,0,0,3,12,5,200,0,0,200,0,200,200,200,21,22,1,58,200
0,1,30,0,0,0,3,12,5,200,0,0,200,0,200,200,200,21,22,1,23,200
0,200,35,1,2,0,3,12,5,200,0,0,0,0,200,200,200,21,200,0,16,200
0,200,35,1,2,0,3,12,5,200,0,0,0,0,200,200,200,21,200,1,24,200
1,200,35,1,2,0,3,12,5,200,0,0,0,0,200,200,200,21,200,0,51,200
0,1,25,0,0,200,3,7,6,1,0,200,200,0,200,200,1,0,0,2,200,200
0,200,35,1,2,0,0,14,2,4,0,0,0,0,1,200,200,23,11,0,200,200
0,200,35,1,2,0,0,14,2,4,0,0,0,0,1,200,200,23,11,1,40,200
1,200,35,1,2,0,0,14,2,4,0,0,0,0,1,200,200,23,11,1,200,200
1,200,35,1,2,0,0,14,2,4,0,0,0,0,1,200,200,23,11,1,200,200
0,200,30,1,2,0,3,0,3,4,0,0,0,1,1,200,200,6,32,0,65,200
0,200,30,1,2,0,3,0,3,4,0,0,0,1,1,200,200,6,32,0,47,200
0,200,20,2,2,0,3,0,5,2,0,0,0,0,200,1,1,0,200,2,200,200
0,200,20,2,2,0,3,0,5,2,0,0,0,0,200,1,1,0,200,1,31,200
0,200,30,1,2,0,3,14,1,4,0,0,0,1,1,200,200,0,0,1,55,200
0,200,30,1,2,0,3,14,1,4,0,0,0,1,1,200,200,0,0,0,85,200
0,200,30,1,200,0,3,14,2,200,0,200,200,1,1,200,200,18,200,0,29,200
0,200,30,1,200,0,3,14,2,200,0,200,200,1,1,200,200,18,200,0,19,200
1,200,30,1,200,0,3,14,2,200,0,200,200,1,1,200,200,18,200,1,29,200
1,200,30,1,200,0,3,14,2,200,0,200,200,1,1,200,200,18,200,0,34,200
1,200,30,1,200,0,3,14,2,200,0,200,200,1,1,200,200,18,200,2,20,200
1,200,30,1,200,0,3,14,2,200,0,200,200,1,1,200,200,18,200,1,4,200
1,200,30,1,200,0,3,14,2,200,0,200,200,1,1,200,200,18,200,0,12,200
1,200,30,1,200,0,3,14,2,200,0,200,200,1,1,200,200,18,200,0,10,200
0,200,25,0,0,0,3,12,6,2,0,0,0,0,200,200,200,0,0,0,62,200
0,200,25,0,0,0,3,12,6,2,0,0,0,0,200,200,200,0,0,0,68,200
0,200,5,0,0,0,3,0,7,200,0,0,0,0,200,200,200,0,200,0,19,200
0,200,5,0,0,0,3,0,7,200,0,0,0,0,200,200,200,0,200,0,25,200
0,200,20,0,0,0,3,12,6,1,0,0,200,1,200,200,200,17,16,0,51,0.05
0,200,20,0,0,0,3,12,6,1,0,0,200,1,200,200,200,17,16,0,24,200
1,200,20,0,0,0,3,12,6,1,0,0,200,1,200,200,200,17,16,0,200,200
0,200,30,0,0,0,1,14,5,4,0,0,0,0,200,200,200,23,200,1,200,200
0,200,30,0,0,0,1,14,5,4,0,0,0,0,200,200,200,23,200,1,17,200
0,200,30,0,0,0,3,7,7,200,0,0,0,0,200,200,1,20,0,2,200,200
0,200,30,1,2,0,4,10,5,2,0,0,0,1,1,200,200,18,16,0,45,200
0,200,30,1,2,0,4,10,5,2,0,0,0,1,1,200,200,18,16,0,20,200
1,200,30,1,2,0,4,10,5,2,0,0,0,1,1,200,200,18,16,0,49,200
1,200,30,1,2,0,4,10,5,2,0,0,0,1,1,200,200,18,16,1,18,200
0,200,30,1,2,0,3,14,5,4,0,0,0,1,1,200,200,17,0,1,25,200
0,200,30,1,2,0,3,14,5,4,0,0,0,1,1,200,200,17,0,0,24,200
1,200,30,1,2,0,3,14,5,4,0,0,0,1,1,200,200,17,0,1,29,200
0,200,30,0,0,0,3,2,6,1,0,0,0,1,200,200,0,0,0,0,28,200
1,200,30,0,0,0,3,2,6,1,0,0,0,1,200,200,0,0,0,200,200,200
1,200,30,0,0,0,3,2,6,1,0,0,0,1,200,200,0,0,0,200,200,200
0,200,30,1,2,0,3,0,5,200,0,0,0,1,1,200,200,0,200,1,24,200
0,200,30,1,2,0,3,0,5,200,0,0,0,1,1,200,200,0,200,0,39,200
0,200,30,1,2,0,3,0,2,200,0,0,200,1,1,200,200,0,200,0,50,200
0,200,30,1,2,0,3,0,2,200,0,0,200,1,1,200,200,0,200,0,28,200
0,200,15,0,0,0,3,7,7,0,0,0,0,0,200,200,200,20,20,0,19,200
0,200,30,0,0,0,4,10,6,1,0,0,0,0,200,200,200,11,0,1,25,200
0,200,30,0,0,0,4,10,6,1,0,0,0,0,200,200,200,11,0,1,31,200
0,200,30,0,0,0,0,7,5,2,0,0,0,1,200,200,1,27,25,1,200,200
0,200,30,0,0,0,0,12,5,200,0,0,0,0,200,200,200,21,11,1,13,200
0,200,30,0,0,0,0,12,5,200,0,0,0,0,200,200,200,21,11,1,34,200
0,200,30,0,0,0,3,7,5,2,0,0,0,1,200,200,200,7,200,0,32,200
0,200,30,1,2,0,3,0,2,200,0,0,200,1,1,200,200,17,200,0,20,200
0,200,30,1,2,0,3,0,2,200,0,0,200,1,1,200,200,17,200,0,27,200
1,200,30,1,2,0,3,0,2,200,0,0,200,1,1,200,200,17,200,0,0,200
0,200,30,0,0,0,1,9,5,4,0,0,0,1,200,200,1,25,0,2,200,200
5,200,30,0,0,0,1,9,5,4,0,0,0,1,200,200,1,25,0,1,23,200
1,200,30,0,0,0,1,9,5,4,0,0,0,1,200,200,1,25,0,0,200,200
0,200,30,1,2,0,3,10,1,4,0,0,0,0,1,200,200,200,18,0,200,200
0,200,30,1,2,0,3,10,1,4,0,0,0,0,1,200,200,200,18,1,20,200
1,200,30,1,2,0,3,10,1,4,0,0,0,0,1,200,200,200,18,1,200,200
0,200,30,1,2,0,3,0,5,200,0,0,0,1,1,200,200,7,200,0,70,200
0,200,30,1,2,0,3,0,5,200,0,0,0,1,1,200,200,7,200,0,32,200
1,200,30,1,2,0,3,0,5,200,0,0,0,1,1,200,200,7,200,1,27,200
0,200,45,0,0,0,3,5,3,8,0,0,0,1,200,200,200,11,0,0,29,200
1,200,45,0,0,0,3,5,3,8,0,0,0,1,200,200,200,11,0,1,31,200
0,200,30,0,0,0,0,7,5,200,0,0,0,1,200,200,200,0,200,1,50,200
0,200,25,0,0,0,2,7,6,1,0,0,200,0,200,200,200,0,21,1,45,200
0,200,30,2,2,0,1,0,5,200,0,0,0,0,200,200,1,0,0,2,200,200
0,200,30,2,2,0,1,0,5,200,0,0,0,0,200,200,1,0,0,0,53,200
0,200,30,1,2,0,1,2,5,2,0,0,0,1,200,200,200,25,21,0,29,200
0,200,25,0,0,0,1,0,6,1,0,0,0,1,200,200,200,17,200,1,37,200
0,200,25,0,0,0,1,0,6,1,0,0,0,1,200,200,200,17,200,0,31,200
0,1,20,0,0,0,0,12,5,1,0,0,0,0,200,200,200,0,0,0,30,200
0,1,20,0,0,0,0,12,5,1,0,0,0,0,200,200,200,0,0,0,31,200
0,200,35,0,0,0,1,12,5,4,0,0,0,0,200,200,200,18,18,0,40,200
0,200,35,0,0,0,1,12,5,4,0,0,0,0,200,200,200,18,18,1,29,200
0,200,30,1,2,0,1,10,2,2,0,0,0,0,200,200,200,18,0,0,55,200
0,200,30,1,2,0,1,10,2,2,0,0,0,0,200,200,200,18,0,1,63,200
1,200,30,1,2,0,1,10,2,2,0,0,0,0,200,200,200,18,0,0,200,200
0,200,30,0,0,0,1,14,5,200,0,0,0,0,200,200,200,0,0,1,24,200
0,200,30,0,0,0,1,14,5,200,0,0,0,0,200,200,200,0,0,0,0,200
0,200,35,0,0,0,1,12,5,2,0,0,0,0,200,200,200,0,0,1,46,200
0,200,35,0,0,0,1,12,5,2,0,0,0,0,200,200,200,0,0,0,200,200
0,200,35,1,2,0,1,0,2,200,0,0,0,1,1,200,200,6,7,0,28,200
0,200,35,1,2,0,1,0,2,200,0,0,0,1,1,200,200,6,7,0,56,200
1,200,35,1,2,0,1,0,2,200,0,0,0,1,1,200,200,6,7,0,200,200
1,200,35,1,2,0,1,0,2,200,0,0,0,1,1,200,200,6,7,0,200,200
1,200,35,1,2,0,1,0,2,200,0,0,0,1,1,200,200,6,7,1,25,200
1,200,35,1,2,0,1,0,2,200,0,0,0,1,1,200,200,6,7,1,50,200
1,200,35,1,2,0,1,0,2,200,0,0,0,1,1,200,200,6,7,1,78,200
0,200,35,1,2,0,1,12,6,4,0,0,0,0,1,200,200,23,21,0,44,200
0,200,35,1,2,0,1,12,6,4,0,0,0,0,1,200,200,23,21,0,55,200
0,200,30,0,12,0,1,12,3,200,0,0,12,0,200,200,200,28,200,0,63,200
0,200,30,0,12,0,1,12,3,200,0,0,12,0,200,200,200,28,200,1,28,200
1,200,30,0,12,0,1,12,3,200,0,0,12,0,200,200,200,28,200,0,39,200
0,200,30,0,0,0,1,10,5,1,0,0,0,1,200,200,200,14,16,1,33,200
0,200,30,0,0,0,1,10,5,1,0,0,0,1,200,200,200,14,16,0,41,200
0,200,30,0,0,0,1,12,5,200,0,0,0,0,200,200,200,17,200,0,25,200
0,200,30,0,0,0,1,12,5,200,0,0,0,0,200,200,200,17,200,0,66,200
0,200,30,0,0,0,3,7,6,1,0,0,0,0,200,200,1,0,0,2,200,200
0,200,30,0,0,0,1,0,5,4,0,0,0,0,200,200,1,16,14,2,200,200
0,200,30,0,0,0,1,0,5,4,0,0,0,0,200,200,1,16,14,1,26,200
0,200,30,0,0,0,1,10,5,200,0,0,0,1,200,200,200,33,200,1,34,200
0,200,30,0,0,0,1,10,5,200,0,0,0,1,200,200,200,33,200,0,37,200
0,200,30,3,5,0,1,7,5,2,0,0,3,0,200,200,200,22,0,1,56,200
0,200,45,1,2,0,2,10,3,8,0,0,0,0,200,200,200,18,11,1,38,200
0,200,45,1,2,0,2,10,3,8,0,0,0,0,200,200,200,18,11,1,37,200
0,200,30,1,2,0,1,12,2,8,0,0,0,0,1,200,200,22,21,1,58,200
0,200,30,1,2,0,1,12,2,8,0,0,0,0,1,200,200,22,21,0,52,200
0,200,30,2,1,0,1,9,5,2,0,0,0,1,1,200,200,200,7,1,31,200
5,200,30,2,1,0,1,9,5,2,0,0,0,1,1,200,200,200,7,1,41,200
0,200,0,0,0,0,2,7,6,200,0,0,0,0,200,200,200,0,0,1,200,200
0,200,30,0,0,0,1,12,3,200,0,0,0,0,200,200,200,0,200,0,48,200
0,200,30,0,0,0,1,12,3,200,0,0,0,0,200,200,200,0,200,0,44,200
0,200,30,2,2,0,1,0,5,2,0,0,0,0,200,200,1,17,0,0,200,200
0,200,30,2,2,0,1,0,5,2,0,0,0,0,200,200,1,17,0,1,31,200
0,200,30,0,0,0,1,10,2,2,0,0,0,0,200,200,1,0,200,0,200,200
0,200,30,0,0,0,1,10,2,2,0,0,0,0,200,200,1,0,200,0,33,200
1,200,30,0,0,0,1,10,2,2,0,0,0,0,200,200,1,0,200,0,200,200
0,200,30,1,2,0,1,14,5,6,0,0,0,1,1,200,200,17,11,1,28,200
0,200,30,1,2,0,1,14,5,6,0,0,0,1,1,200,200,17,11,1,33,200
0,200,30,0,0,0,1,7,5,4,0,0,0,0,200,200,1,0,200,2,200,200
0,200,30,0,0,0,1,7,6,1,0,0,0,0,200,200,1,0,21,0,200,200
0,200,30,1,2,0,1,14,1,2,0,0,0,0,1,200,200,23,21,0,56,200
0,200,30,1,2,0,1,14,1,2,0,0,0,0,1,200,200,23,21,1,43,200
0,200,30,0,0,0,1,10,5,2,0,0,0,0,200,200,200,18,200,0,44,200
0,200,30,0,0,0,1,10,5,2,0,0,0,0,200,200,200,18,200,0,37,200
0,200,30,1,1,0,1,10,2,2,0,0,0,0,200,200,200,0,0,1,28,200
0,200,30,1,1,0,1,10,2,2,0,0,0,0,200,200,200,0,0,1,50,200
0,200,20,0,0,0,1,2,0,1,0,0,0,1,200,200,200,14,14,1,25,200
0,200,30,0,0,0,1,12,2,200,0,0,0,0,200,200,200,17,200,1,32,200
0,200,30,0,0,0,1,12,2,200,0,0,0,0,200,200,200,17,200,0,59,200
1,200,30,0,0,0,1,12,2,200,0,0,0,0,200,200,200,17,200,200,200,200
0,200,30,0,0,0,1,10,7,200,0,0,0,0,200,200,200,0,0,1,200,200
0,200,30,0,0,0,1,10,7,200,0,0,0,0,200,200,200,0,0,1,24,200
1,200,30,0,0,0,1,10,7,200,0,0,0,0,200,200,200,0,0,0,43,200
0,200,0,1,2,0,1,11,5,4,0,0,0,0,200,200,200,21,11,0,200,200
0,200,0,1,2,0,1,11,5,4,0,0,0,0,200,200,200,21,11,1,40,200
0,200,35,0,0,0,1,10,3,200,0,0,0,0,200,200,200,18,200,1,38,200
0,200,35,0,0,0,1,10,3,200,0,0,0,0,200,200,200,18,200,0,65,200
0,200,20,2,2,0,1,14,5,3,0,0,0,1,1,200,200,22,200,0,29,200
0,200,20,2,2,0,1,14,5,3,0,0,0,1,1,200,200,22,200,0,36,200
0,200,30,0,0,0,1,7,5,200,0,0,0,0,200,200,200,0,0,0,18,200
1,200,30,0,0,0,1,7,5,200,0,0,0,0,200,200,200,0,0,1,31,200
0,200,35,1,2,0,1,10,2,2,0,0,0,0,200,200,0,18,0,0,60,200
0,200,35,1,2,0,1,10,2,2,0,0,0,0,200,200,0,18,0,0,28,200
0,200,35,1,2,0,1,10,2,2,0,0,0,0,200,200,0,18,0,2,200,200
0,200,35,0,0,0,1,7,5,200,0,0,0,0,200,200,0,0,200,2,200,200
0,200,30,0,0,0,1,0,6,2,0,0,0,0,200,200,200,17,200,0,200,200
0,200,30,0,0,0,1,0,6,2,0,0,0,0,200,200,200,17,200,0,41,200
0,200,0,0,0,0,1,0,7,200,0,0,0,0,200,1,200,20,20,1,85,200
0,200,0,0,0,0,1,0,7,200,0,0,0,0,200,1,200,20,20,1,25,200
0,200,30,3,2,0,1,14,2,2,5,0,0,0,200,200,200,23,16,0,48,200
0,200,30,3,2,0,1,14,2,2,5,0,0,0,200,200,200,23,16,0,42,200
0,200,0,0,0,0,1,14,2,2,0,0,0,0,200,200,200,0,0,1,22,200
0,200,0,0,0,0,1,14,2,2,0,0,0,0,200,200,200,0,0,0,67,200
0,200,30,0,0,0,1,14,5,2,0,0,0,0,1,200,200,17,18,0,31,200
0,200,30,0,0,0,1,14,5,2,0,0,0,0,1,200,200,17,18,0,79,200
0,200,30,1,2,0,1,10,2,4,0,0,0,0,200,200,200,11,0,0,35,200
0,200,30,1,2,0,1,10,2,4,0,0,0,0,200,200,200,11,0,0,63,200
0,200,30,1,2,0,1,10,2,4,0,0,0,0,200,200,200,11,0,0,200,200
0,200,15,0,0,0,1,10,2,200,0,0,0,0,200,1,200,18,200,0,31,200
0,200,15,0,0,0,1,10,2,200,0,0,0,0,200,1,200,18,200,1,53,200
1,200,15,0,0,0,1,10,2,200,0,0,0,0,200,1,200,18,200,0,200,200
1,200,15,0,0,0,1,10,2,200,0,0,0,0,200,1,200,18,200,0,200,200
1,200,15,0,0,0,1,10,2,200,0,0,0,0,200,1,200,18,200,1,200,200
1,200,15,0,0,0,1,10,2,200,0,0,0,0,200,1,200,18,200,0,200,200
1,200,15,0,0,0,1,10,2,200,0,0,0,0,200,1,200,18,200,0,200,200
0,200,30,1,2,0,1,14,6,3,0,0,0,1,1,200,200,17,0,0,31,200
0,200,30,1,2,0,1,14,6,3,0,0,0,1,1,200,200,17,0,1,34,200
1,200,30,1,2,0,1,14,6,3,0,0,0,1,1,200,200,17,0,1,200,200
0,1,35,0,0,0,1,7,7,200,0,0,0,0,200,1,200,0,0,1,74,200
0,200,30,0,0,0,1,12,5,2,0,0,0,0,200,200,200,21,0,1,71,200
0,200,30,0,0,0,1,12,5,2,0,0,0,0,200,200,200,21,0,0,44,200
0,200,35,0,0,0,1,10,6,200,0,0,0,0,200,200,200,0,0,1,54,200
0,200,35,0,0,0,1,10,6,200,0,0,0,0,200,200,200,0,0,0,78,200
0,200,30,0,0,0,1,14,5,200,0,0,0,0,200,200,200,0,200,0,21,200
0,200,30,0,0,0,1,14,5,200,0,0,0,0,200,200,200,0,200,0,44,200
4,200,35,0,0,0,1,8,5,2,0,0,0,1,200,200,1,0,200,0,200,200
0,200,35,0,0,0,1,8,5,2,0,0,0,1,200,200,1,0,200,0,30,200
0,200,30,0,0,0,1,7,2,2,0,0,0,1,200,200,1,25,16,2,200,200
0,200,30,0,0,0,1,12,5,200,0,0,0,0,200,200,200,200,200,1,36,200
0,200,30,0,0,0,1,12,5,200,0,0,0,0,200,200,200,200,200,0,48,200
1,200,30,0,0,0,1,12,5,200,0,0,0,0,200,200,200,200,200,0,35,200
1,200,30,0,0,0,1,12,5,200,0,0,0,0,200,200,200,200,200,0,63,200
0,200,30,0,0,200,200,7,4,200,0,200,0,0,200,200,200,11,0,1,200,200
0,200,0,0,0,0,1,0,7,200,0,0,0,0,200,200,200,20,11,2,200,200
0,200,0,0,0,0,1,0,7,200,0,0,0,0,200,200,200,20,11,1,33,200
5,200,30,0,0,0,1,9,5,4,0,0,0,0,200,200,200,18,18,0,200,200
0,200,30,0,0,0,1,9,5,4,0,0,0,0,200,200,200,18,18,0,200,200
0,200,30,1,2,0,3,10,5,6,0,0,0,0,200,200,200,18,18,0,28,200
0,200,30,1,2,0,3,10,5,6,0,0,0,0,200,200,200,18,18,1,36,200
1,200,30,1,2,0,3,10,5,6,0,0,0,0,200,200,200,18,18,1,36,200
3,200,30,0,0,0,1,5,5,2,0,0,1,0,200,200,200,200,200,200,200,200
0,200,30,0,0,0,1,5,5,2,0,0,1,0,200,200,200,200,200,0,37,200
0,1,30,0,0,0,1,7,6,1,0,0,0,0,200,200,200,12,200,0,44,200
0,200,0,2,2,0,1,0,2,2,0,0,0,1,200,200,1,0,200,0,200,200
0,200,0,2,2,0,1,0,2,2,0,0,0,1,200,200,1,0,200,1,37,200
1,200,0,2,2,0,1,0,2,2,0,0,0,1,200,200,1,0,200,1,15,200
1,200,0,2,2,0,1,0,2,2,0,0,0,1,200,200,1,0,200,1,4,200
1,200,0,2,2,0,1,0,2,2,0,0,0,1,200,200,1,0,200,1,5,200
0,200,30,0,0,0,1,7,5,2,0,0,0,0,200,200,200,0,0,1,34,200
1,200,30,0,0,0,1,7,5,2,0,0,0,0,200,200,200,0,0,1,43,200
0,200,25,0,0,0,1,7,0,1,0,0,0,0,200,200,200,18,200,0,69,200
0,0,0,0,0,0,1,7,7,0,0,0,200,0,200,200,200,0,200,0,46,200
0,200,10,0,0,0,1,7,7,200,0,0,0,0,200,200,1,0,200,2,200,200
0,200,30,1,0,0,1,14,2,200,0,0,0,0,200,200,200,17,0,1,22,200
0,200,30,1,0,0,1,14,2,200,0,0,0,0,200,200,200,17,0,0,53,200
0,200,30,0,0,0,1,7,5,2,0,0,0,0,200,200,200,7,200,1,50,200
1,200,30,0,0,0,1,7,5,2,0,0,0,0,200,200,200,7,200,0,200,200
0,200,30,2,2,0,1,10,5,2,0,0,0,0,1,200,200,16,0,1,17,200
0,200,30,2,2,0,1,10,5,2,0,0,0,0,1,200,200,16,0,0,29,200
1,200,30,2,2,0,1,10,5,2,0,0,0,0,1,200,200,16,0,1,54,200
0,200,30,1,2,0,1,14,5,200,0,0,0,0,200,200,200,0,0,1,44,200
0,200,30,1,2,0,1,14,5,200,0,0,0,0,200,200,200,0,0,0,20,200
0,200,0,1,2,0,1,10,3,6,0,0,0,0,200,200,200,18,11,1,37,200
0,200,0,1,2,0,1,10,3,6,0,0,0,0,200,200,200,18,11,0,61,200
0,200,10,0,0,0,1,0,12,1,0,0,0,0,200,1,200,0,200,0,58,200
0,200,10,0,0,0,1,0,12,1,0,0,0,0,200,1,200,0,200,1,76,200
0,200,30,0,0,0,0,7,2,200,0,0,0,0,200,200,1,0,0,2,200,200
0,200,30,0,0,0,1,3,2,2,0,0,0,0,200,200,200,20,200,0,54,200
0,200,30,0,0,0,1,3,2,2,0,0,0,0,200,200,200,20,200,0,86,200
0,200,30,2,2,0,1,0,2,2,0,0,0,1,200,200,1,0,200,0,200,200
0,200,30,2,2,0,1,0,2,2,0,0,0,1,200,200,1,0,200,0,57,200
0,200,25,0,0,0,1,11,12,1,0,0,0,0,1,200,200,22,21,0,27,200
0,200,25,0,0,0,1,11,12,1,0,0,0,0,1,200,200,22,21,0,50,200
0,1,5,0,0,200,200,7,7,200,0,200,0,0,200,200,1,0,0,2,200,200
0,200,30,0,0,0,1,14,5,4,0,0,0,1,200,200,200,0,0,1,28,200
0,200,30,0,0,0,1,14,5,4,0,0,0,1,200,200,200,0,0,1,41,200
0,200,30,1,2,0,1,14,5,2,0,0,0,0,1,200,200,0,0,0,200,200
0,200,30,1,2,0,1,14,5,2,0,0,0,0,1,200,200,0,0,0,23,200
0,200,30,1,2,0,1,10,5,6,0,0,0,0,200,200,200,0,200,1,24,200
0,200,30,1,2,0,1,10,5,6,0,0,0,0,200,200,200,0,200,1,50,200
0,200,30,2,2,0,1,12,5,200,0,0,0,1,200,200,200,21,200,0,47,200
0,200,30,2,2,0,1,12,5,200,0,0,0,1,200,200,200,21,200,1,64,200
0,200,30,0,0,0,1,12,5,4,0,0,200,0,200,200,200,0,0,0,68,200
0,200,30,0,0,0,1,12,5,4,0,0,200,0,200,200,200,0,0,0,70,200
0,200,30,1,2,0,1,12,6,200,0,0,0,0,1,200,200,0,200,0,72,200
0,200,30,1,2,0,1,12,6,200,0,0,0,0,1,200,200,0,200,0,52,200
0,200,5,0,0,0,1,7,7,200,0,0,0,0,200,200,200,0,0,2,200,200
0,200,30,2,0,0,1,10,5,2,0,0,0,0,1,200,200,18,0,0,56,200
0,200,30,2,0,0,1,10,5,2,0,0,0,0,1,200,200,18,0,0,44,200
0,200,30,1,2,0,1,10,2,5,0,0,0,1,200,200,200,7,16,1,47,200
0,200,30,1,2,0,1,10,2,5,0,0,0,1,200,200,200,7,16,0,50,200
0,1,0,0,0,0,1,0,7,0,0,200,200,0,200,1,200,0,0,0,48,200
1,1,0,0,0,0,1,0,7,0,0,200,200,0,200,1,200,0,0,1,200,200
0,1,0,0,0,0,1,0,7,0,0,200,200,0,200,1,200,0,0,1,67,200
0,200,20,0,0,0,1,7,2,2,0,0,0,0,200,200,1,0,0,1,200,200
0,200,30,0,0,0,1,7,2,2,0,0,0,0,200,200,200,20,0,0,49,200
0,200,15,0,0,0,1,12,7,200,0,0,0,0,200,200,1,22,0,0,200,200
0,200,15,0,0,0,1,12,7,200,0,0,0,0,200,200,1,22,0,1,83,200
0,200,30,0,0,0,1,14,1,4,0,0,3,1,1,200,1,17,200,0,70,200
0,200,30,0,0,0,1,14,1,4,0,0,3,1,1,200,1,17,200,1,22,200
1,200,30,0,0,0,1,14,1,4,0,0,3,1,1,200,1,17,200,1,25,200
1,200,30,0,0,0,1,14,1,4,0,0,3,1,1,200,1,17,200,200,200,200
1,200,30,0,0,0,1,14,1,4,0,0,3,1,1,200,1,17,200,1,1,200
0,200,30,0,0,0,1,0,2,200,0,0,2,0,200,200,1,0,0,0,200,200
0,200,30,0,0,0,1,0,2,200,0,0,2,0,200,200,1,0,0,0,36,200
1,200,30,0,0,0,1,0,2,200,0,0,2,0,200,200,1,0,0,1,200,200
1,200,30,0,0,0,1,0,2,200,0,0,2,0,200,200,1,0,0,1,200,200
0,200,20,0,0,200,1,5,0,1,0,0,200,0,200,200,200,200,200,0,23,200
1,200,20,0,0,200,1,5,0,1,0,0,200,0,200,200,200,200,200,1,200,200
1,200,20,0,0,200,1,5,0,1,0,0,200,0,200,200,200,200,200,0,200,200
0,200,25,0,0,0,1,12,5,1,0,0,0,0,200,200,200,0,0,1,51,200
0,200,25,0,0,0,1,12,5,1,0,0,0,0,200,200,200,0,0,0,44,200
0,200,30,0,0,0,1,10,7,200,0,0,0,0,200,200,200,0,200,1,200,200
0,200,30,0,0,0,1,10,7,200,0,0,0,0,200,200,200,0,200,0,40,200
0,200,50,0,0,0,1,12,6,200,0,0,0,0,200,200,1,21,200,0,200,200
0,200,50,0,0,0,1,12,6,200,0,0,0,0,200,200,1,21,200,0,62,200