PERSON_TYPE,CRASH_DATE_EST_I,POSTED_SPEED_LIMIT,TRAFFIC_CONTROL_DEVICE,DEVICE_CONDITION,WEATHER_CONDITION,LIGHTING_CONDITION,FIRST_CRASH_TYPE,TRAFFICWAY_TYPE,LANE_CNT,ALIGNMENT,ROADWAY_SURFACE_COND,ROAD_DEFECT,CRASH_TYPE,INTERSECTION_RELATED_I,NOT_RIGHT_OF_WAY_I,HIT_AND_RUN_I,PRIM_CONTRIBUTORY_CAUSE,SEC_CONTRIBUTORY_CAUSE,SEX,AGE,BAC_RESULT VALUE
1,200,30,1,2,0,1,10,3,200,0,0,0,1,200,200,1,18,11,1,46,200
0,200,30,0,0,0,1,0,7,200,0,0,200,0,200,200,200,17,0,0,0,200
0,200,30,0,0,0,1,0,7,200,0,0,200,0,200,200,200,17,0,0,38,200
0,200,30,1,200,0,1,14,5,200,0,200,200,1,1,200,200,0,200,1,200,200
0,200,30,1,200,0,1,14,5,200,0,200,200,1,1,200,200,0,200,1,27,200
1,200,30,1,200,0,1,14,5,200,0,200,200,1,1,200,200,0,200,0,18,200
1,200,30,1,200,0,1,14,5,200,0,200,200,1,1,200,200,0,200,1,1,200
0,200,30,0,0,0,1,9,5,2,0,0,200,1,1,200,200,16,200,1,28,200
5,200,30,0,0,0,1,9,5,2,0,0,200,1,1,200,200,16,200,1,7,200
0,200,15,0,0,0,1,14,12,1,0,0,0,0,200,200,200,17,11,0,28,200
0,200,15,0,0,0,1,14,12,1,0,0,0,0,200,200,200,17,11,0,51,200
0,200,30,0,0,0,1,7,5,2,0,0,0,0,200,200,1,18,200,2,200,200
0,200,30,0,0,0,1,12,5,200,0,0,0,0,200,200,1,0,0,1,200,200
0,200,30,0,0,0,1,12,5,200,0,0,0,0,200,200,1,0,0,1,45,200
0,1,30,0,0,0,1,0,5,2,0,0,0,0,200,200,200,17,200,0,43,200
0,1,30,0,0,0,1,0,5,2,0,0,0,0,200,200,200,17,200,0,52,200
1,1,30,0,0,0,1,0,5,2,0,0,0,0,200,200,200,17,200,1,41,200
0,200,30,2,2,0,1,0,5,200,0,0,0,1,1,200,200,0,200,1,45,200
0,200,30,2,2,0,1,0,5,200,0,0,0,1,1,200,200,0,200,1,37,200
1,200,30,2,2,0,1,0,5,200,0,0,0,1,1,200,200,0,200,0,2,200
0,200,30,1,2,0,1,14,5,200,0,0,200,0,200,200,200,11,200,0,72,200
0,200,30,1,2,0,1,14,5,200,0,0,200,0,200,200,200,11,200,0,36,200
0,200,30,0,0,0,1,10,5,2,0,0,0,1,200,200,200,16,18,1,62,200
0,200,30,0,0,0,1,10,5,2,0,0,0,1,200,200,200,16,18,1,64,200
0,200,30,0,0,0,1,14,5,2,0,0,0,0,200,200,200,0,0,1,29,200
0,200,30,0,0,0,1,14,5,2,0,0,0,0,200,200,200,0,0,1,34,200
0,200,30,1,2,0,1,14,5,200,2,0,0,1,1,200,200,11,0,0,37,200
0,200,30,1,2,0,1,14,5,200,2,0,0,1,1,200,200,11,0,0,35,200
1,200,30,1,2,0,1,14,5,200,2,0,0,1,1,200,200,11,0,1,31,200
0,200,30,0,0,0,1,2,5,2,0,0,0,1,200,200,200,11,200,0,52,200
0,200,30,0,0,0,1,2,12,0,0,0,0,0,200,200,200,200,200,0,54,200
0,200,35,2,2,0,1,0,6,1,0,0,0,1,1,200,200,5,0,1,31,200
0,200,35,2,2,0,1,0,6,1,0,0,0,1,1,200,200,5,0,0,78,200
0,200,25,0,0,0,1,10,5,4,0,0,0,1,200,200,200,18,200,1,20,200
0,200,25,0,0,0,1,10,5,4,0,0,0,1,200,200,200,18,200,1,19,200
0,200,30,2,200,0,1,14,5,2,0,200,200,0,200,200,200,0,0,0,0,200
0,200,30,2,200,0,1,14,5,2,0,200,200,0,200,200,200,0,0,0,55,200
1,200,30,2,200,0,1,14,5,2,0,200,200,0,200,200,200,0,0,1,38,200
1,200,30,2,200,0,1,14,5,2,0,200,200,0,200,200,200,0,0,0,10,200
1,200,30,2,200,0,1,14,5,2,0,200,200,0,200,200,200,0,0,0,8,200
1,200,30,2,200,0,1,14,5,2,0,200,200,0,200,200,200,0,0,1,19,200
0,200,35,2,2,0,1,0,2,5,0,0,0,1,1,200,200,17,22,1,23,200
0,200,35,2,2,0,1,0,2,5,0,0,0,1,1,200,200,17,22,0,57,200
1,200,35,2,2,0,1,0,2,5,0,0,0,1,1,200,200,17,22,1,24,200
0,200,30,0,0,200,200,7,2,2,0,200,0,0,200,200,1,0,200,2,200,200
0,200,30,3,1,0,1,12,3,200,0,0,0,0,1,200,200,0,0,1,19,200
0,200,30,3,1,0,1,12,3,200,0,0,0,0,1,200,200,0,0,0,58,200
0,200,30,1,2,0,1,10,6,3,0,0,2,0,200,200,200,18,18,0,22,200
0,200,30,1,2,0,1,10,6,3,0,0,2,0,200,200,200,18,18,1,36,200
1,200,30,1,2,0,1,10,6,3,0,0,2,0,200,200,200,18,18,200,200,200
1,200,30,1,2,0,1,10,6,3,0,0,2,0,200,200,200,18,18,200,200,200
1,200,30,1,2,0,1,10,6,3,0,0,2,0,200,200,200,18,18,200,200,200
1,200,30,1,2,0,1,10,6,3,0,0,2,0,200,200,200,18,18,200,200,200
1,200,30,1,2,0,1,10,6,3,0,0,2,0,200,200,200,18,18,200,200,200
0,200,30,1,2,0,1,14,5,4,0,0,0,1,1,200,200,17,33,1,21,200
0,200,30,1,2,0,1,14,5,4,0,0,0,1,1,200,200,17,33,0,34,200
0,200,25,0,0,0,1,10,2,4,0,0,0,0,200,200,200,0,0,1,58,200
0,200,25,0,0,0,1,10,2,4,0,0,0,0,200,200,200,0,0,0,26,200
0,200,30,0,200,0,1,9,2,2,0,0,200,1,200,200,1,0,0,2,200,200
5,200,30,0,200,0,1,9,2,2,0,0,200,1,200,200,1,0,0,0,4,200
0,200,30,1,2,0,1,12,5,2,0,0,0,0,200,200,1,0,0,2,200,200
0,200,30,1,2,0,1,12,5,2,0,0,0,0,200,200,1,0,0,1,52,200
0,200,30,1,2,0,1,0,5,200,0,0,200,0,200,200,200,11,200,0,21,200
0,200,30,1,2,0,1,0,5,200,0,0,200,0,200,200,200,11,200,0,29,200
0,200,30,0,0,0,1,7,7,200,0,0,0,0,200,200,1,0,200,0,70,200
0,200,20,0,0,0,1,8,6,1,0,0,200,1,200,200,200,0,0,0,43,200
4,200,20,0,0,0,1,8,6,1,0,0,200,1,200,200,200,0,0,0,33,200
0,200,30,0,0,0,1,7,5,2,0,0,0,0,200,200,1,0,0,0,200,200
0,200,25,0,0,0,1,7,2,1,0,0,0,0,200,200,1,0,0,2,200,200
0,200,30,0,0,0,1,14,6,3,0,0,0,0,1,200,200,17,200,0,39,200
0,200,30,0,0,0,1,14,6,3,0,0,0,0,1,200,200,17,200,1,25,200
1,200,30,0,0,0,1,14,6,3,0,0,0,0,1,200,200,17,200,1,37,200
1,200,30,0,0,0,1,14,6,3,0,0,0,0,1,200,200,17,200,1,59,200
1,200,30,0,0,0,1,14,6,3,0,0,0,0,1,200,200,17,200,1,12,200
0,1,20,0,0,0,1,7,6,1,0,0,0,0,200,200,200,0,200,1,30,200
0,200,20,0,0,0,1,7,6,1,0,0,200,0,200,200,200,200,200,2,200,200
0,200,30,2,2,0,1,14,5,4,0,0,0,0,1,200,200,0,0,0,64,200
0,200,30,2,2,0,1,14,5,4,0,0,0,0,1,200,200,0,0,0,59,200
1,200,30,2,2,0,1,14,5,4,0,0,0,0,1,200,200,0,0,0,29,200
1,200,30,2,2,0,1,14,5,4,0,0,0,0,1,200,200,0,0,1,56,200
0,200,10,0,0,0,1,7,7,200,0,200,200,0,200,1,200,17,200,1,68,200
1,200,10,0,0,0,1,7,7,200,0,200,200,0,200,1,200,17,200,0,26,200
0,200,0,12,0,0,1,7,7,200,0,0,0,0,200,1,200,200,200,0,30,200
0,200,30,0,0,0,1,0,5,2,0,0,0,1,1,200,200,0,0,0,36,200
0,200,30,0,0,0,1,0,5,2,0,0,0,1,1,200,200,0,0,0,45,200
0,200,30,0,0,0,1,0,5,2,0,0,0,1,1,200,200,0,0,0,29,200
0,200,30,0,0,0,1,0,7,200,0,0,0,0,200,200,200,0,0,0,43,200
0,200,30,0,0,0,1,0,7,200,0,0,0,0,200,200,200,0,0,1,32,200
0,200,30,0,0,0,1,8,5,2,0,0,0,1,200,200,200,17,11,0,27,200
4,200,30,0,0,0,1,8,5,2,0,0,0,1,200,200,200,17,11,0,55,200
0,200,30,1,0,0,3,10,5,2,0,0,0,0,200,200,200,18,200,1,33,200
0,200,30,1,0,0,3,10,5,2,0,0,0,0,200,200,200,18,200,0,23,200
1,200,30,1,0,0,3,10,5,2,0,0,0,0,200,200,200,18,200,0,34,200
1,200,30,1,0,0,3,10,5,2,0,0,0,0,200,200,200,18,200,1,200,200
0,200,30,0,0,0,1,12,6,2,0,0,0,0,200,200,1,0,0,1,200,200
0,200,30,0,0,0,1,12,6,2,0,0,0,0,200,200,1,0,0,0,200,200
0,200,30,1,2,0,1,10,5,6,0,200,200,1,1,200,200,18,18,0,200,200
0,200,30,1,2,0,1,10,5,6,0,200,200,1,1,200,200,18,18,0,51,200
1,200,30,1,2,0,1,10,5,6,0,200,200,1,1,200,200,18,18,0,48,200
1,200,30,1,2,0,1,10,5,6,0,200,200,1,1,200,200,18,18,0,15,200
1,200,30,1,2,0,1,10,5,6,0,200,200,1,1,200,200,18,18,1,13,200
1,200,30,1,2,0,1,10,5,6,0,200,200,1,1,200,200,18,18,2,47,200
1,200,30,1,2,0,1,10,5,6,0,200,200,1,1,200,200,18,18,1,52,200
1,200,30,1,2,0,1,10,5,6,0,200,200,1,1,200,200,18,18,0,21,200
0,200,30,1,2,0,1,0,2,200,0,0,0,0,200,200,1,22,21,1,200,200
0,200,30,1,2,0,1,0,2,200,0,0,0,0,200,200,1,22,21,0,34,200
0,200,30,0,0,0,1,10,5,2,0,0,0,1,200,200,200,11,0,0,19,200
0,200,30,0,0,0,1,10,5,2,0,0,0,1,200,200,200,11,0,0,63,200
0,200,30,0,0,0,1,7,7,200,0,0,0,0,200,200,1,0,0,2,200,200
5,200,30,0,0,0,1,9,5,2,0,0,0,0,200,200,200,17,4,0,58,200
0,200,30,0,0,0,1,9,5,2,0,0,0,0,200,200,200,17,4,0,31,200
0,200,20,0,0,0,1,12,5,1,0,0,0,0,1,200,200,17,200,0,18,200
0,200,20,0,0,0,1,12,5,1,0,0,0,0,1,200,200,17,200,1,65,200
0,200,15,0,0,0,1,7,6,1,0,0,0,1,200,0,200,11,8,0,33,200
0,200,30,0,0,0,1,10,5,2,2,0,0,0,200,200,200,16,11,1,29,200
0,200,30,0,0,0,1,10,5,2,2,0,0,0,200,200,200,16,11,1,60,200
0,200,10,0,0,0,1,11,7,1,0,0,0,0,200,1,200,25,200,0,61,200
0,200,10,0,0,0,1,11,7,1,0,0,0,0,200,1,200,25,200,0,56,200
0,200,0,0,0,0,1,7,5,1,0,0,0,0,200,200,1,0,0,2,200,200
0,200,30,0,0,0,1,10,5,2,0,0,0,0,200,200,200,18,200,1,200,200
0,200,30,0,0,0,1,10,5,2,0,0,0,0,200,200,200,18,200,0,22,200
0,200,30,0,0,0,1,12,5,4,0,0,0,0,200,200,200,17,16,0,48,200
0,200,30,0,0,0,1,12,5,4,0,0,0,0,200,200,200,17,16,0,31,200
0,200,35,1,2,0,1,14,6,2,0,0,0,1,1,200,200,23,200,1,25,200
0,200,35,1,2,0,1,14,6,2,0,0,0,1,1,200,200,23,200,0,37,200
0,200,30,0,0,0,1,14,5,200,0,0,0,1,200,200,200,17,200,0,55,200
0,200,30,0,0,0,1,14,5,200,0,0,0,1,200,200,200,17,200,0,20,200
0,200,30,0,0,0,1,12,12,200,0,0,0,0,200,200,1,4,16,2,200,200
0,200,30,0,0,0,1,12,12,200,0,0,0,0,200,200,1,4,16,0,56,200
0,200,30,0,0,0,1,10,5,200,0,0,12,1,200,200,200,16,18,1,200,200
0,200,30,0,0,0,1,10,5,200,0,0,12,1,200,200,200,16,18,1,53,200
0,200,25,2,2,0,1,0,5,200,0,0,0,0,200,200,200,17,200,0,26,200
0,200,25,2,2,0,1,0,5,200,0,0,0,0,200,200,200,17,200,1,34,200
1,200,25,2,2,0,1,0,5,200,0,0,0,0,200,200,200,17,200,0,30,200
0,200,30,0,0,0,1,0,5,2,0,0,0,1,1,200,200,17,0,1,50,200
0,200,30,0,0,0,1,0,5,2,0,0,0,1,1,200,200,17,0,0,55,200
1,200,30,0,0,0,1,0,5,2,0,0,0,1,1,200,200,17,0,0,14,200
1,200,30,0,0,0,1,0,5,2,0,0,0,1,1,200,200,17,0,0,12,200
0,200,30,0,0,200,200,7,5,2,0,200,3,1,200,200,1,0,200,2,200,200
0,200,45,0,0,0,1,10,3,200,5,0,0,0,200,200,200,0,0,0,35,200
0,200,45,0,0,0,1,10,3,200,5,0,0,0,200,200,200,0,0,1,200,200
0,200,45,0,0,0,1,10,3,200,5,0,0,0,200,200,200,0,0,0,21,200
0,200,25,0,0,1,1,7,6,1,0,200,0,0,200,200,200,0,200,0,200,200
1,200,25,0,0,1,1,7,6,1,0,200,0,0,200,200,200,0,200,0,200,200
0,200,30,0,0,0,1,2,12,200,0,0,1,0,200,200,200,200,200,1,0,200
0,200,30,1,2,0,1,12,5,2,0,0,0,0,1,200,200,17,0,0,20,200
0,200,30,1,2,0,1,12,5,2,0,0,0,0,1,200,200,17,0,0,58,200
0,1,30,0,0,0,200,7,7,0,0,0,0,0,200,1,1,0,200,2,200,200
0,200,30,0,0,0,1,10,5,200,0,0,0,0,200,200,200,18,200,0,20,200
0,200,30,0,0,0,1,10,5,200,0,0,0,0,200,200,200,18,200,1,51,200
0,200,0,0,0,0,1,7,6,1,0,0,0,0,200,200,200,20,200,0,200,200
0,200,30,0,0,0,1,10,2,2,0,0,0,1,200,200,200,16,200,1,51,200
0,200,30,0,0,0,1,10,2,2,0,0,0,1,200,200,200,16,200,0,20,200
1,200,30,0,0,0,1,10,2,2,0,0,0,1,200,200,200,16,200,1,28,200
1,200,30,0,0,0,1,10,2,2,0,0,0,1,200,200,200,16,200,1,5,200
0,200,30,1,2,0,1,10,2,200,0,0,0,1,200,200,200,18,0,0,32,200
0,200,30,1,2,0,1,10,2,200,0,0,0,1,200,200,200,18,0,1,39,200
0,200,30,1,2,0,1,10,2,2,0,0,0,0,200,200,200,18,0,0,200,200
0,200,30,1,2,0,1,10,2,2,0,0,0,0,200,200,200,18,0,1,81,200
0,200,30,0,0,0,1,14,5,200,0,0,200,0,200,200,200,17,200,0,17,200
0,200,30,0,0,0,1,14,5,200,0,0,200,0,200,200,200,17,200,0,46,200
0,200,25,0,0,0,1,14,3,4,0,0,0,1,1,200,1,10,17,0,30,200
0,200,25,0,0,0,1,14,3,4,0,0,0,1,1,200,1,10,17,0,53,200
1,200,25,0,0,0,1,14,3,4,0,0,0,1,1,200,1,10,17,0,28,200
1,200,25,0,0,0,1,14,3,4,0,0,0,1,1,200,1,10,17,0,41,200
0,200,30,0,0,0,1,7,2,2,0,0,0,1,200,200,1,22,200,0,30,200
0,200,30,2,2,0,1,0,2,200,0,0,0,0,200,200,200,16,17,0,30,200
0,200,30,2,2,0,1,0,2,200,0,0,0,0,200,200,200,16,17,1,70,200
0,200,30,1,200,0,1,10,2,4,0,0,3,0,200,200,200,16,200,1,34,200
0,200,30,1,200,0,1,10,2,4,0,0,3,0,200,200,200,16,200,0,64,200
0,200,35,0,0,0,1,12,5,200,0,0,0,0,200,200,1,21,0,2,200,200
0,200,35,0,0,0,1,12,5,200,0,0,0,0,200,200,1,21,0,1,31,200
0,200,30,0,2,0,1,12,5,2,0,0,0,0,200,200,200,11,200,0,49,200
0,200,30,0,2,0,1,12,5,2,0,0,0,0,200,200,200,11,200,1,50,200
0,200,30,1,2,0,1,10,5,2,0,0,0,0,200,200,1,0,0,2,200,200
0,200,30,1,2,0,1,10,5,2,0,0,0,0,200,200,1,0,0,1,37,200
0,200,25,0,0,0,1,10,2,2,0,0,0,0,200,200,200,0,0,0,22,200
0,200,25,0,0,0,1,10,2,2,0,0,0,0,200,200,200,0,0,0,66,200
0,200,30,0,0,0,1,10,5,1,0,0,0,0,0,200,200,18,22,0,32,200
0,200,30,0,0,0,1,10,5,1,0,0,0,0,0,200,200,18,22,1,45,200
0,200,30,0,0,0,1,10,5,1,0,0,0,0,0,200,200,18,22,2,200,200
1,200,30,0,0,0,1,10,5,1,0,0,0,0,0,200,200,18,22,0,200,200
0,200,30,1,2,0,1,14,3,2,0,0,0,0,200,200,1,0,16,0,200,200
0,200,30,1,2,0,1,14,3,2,0,0,0,0,200,200,1,0,16,1,20,200
1,200,30,1,2,0,1,14,3,2,0,0,0,0,200,200,1,0,16,0,200,200
1,200,30,1,2,0,1,14,3,2,0,0,0,0,200,200,1,0,16,0,200,200
0,200,30,0,0,0,1,8,3,2,0,0,0,1,200,200,200,0,200,1,40,200
4,200,30,0,0,0,1,8,3,2,0,0,0,1,200,200,200,0,200,0,30,200
0,200,30,0,0,200,1,10,5,2,0,200,200,0,200,200,200,0,0,0,46,200
0,200,30,0,0,200,1,10,5,2,0,200,200,0,200,200,200,0,0,1,22,200
1,200,30,0,0,200,1,10,5,2,0,200,200,0,200,200,200,0,0,0,13,200
0,200,30,1,2,0,1,14,5,2,2,0,0,0,200,200,200,17,16,1,62,200
0,200,30,1,2,0,1,14,5,2,2,0,0,0,200,200,200,17,16,1,35,200
1,200,30,1,2,0,1,14,5,2,2,0,0,0,200,200,200,17,16,0,65,200
0,200,30,0,0,0,1,10,2,4,0,0,0,0,200,200,200,0,0,0,30,200
0,200,30,0,0,0,1,10,2,4,0,0,0,0,200,200,200,0,0,0,53,200
0,200,0,0,0,0,1,7,6,1,0,0,200,0,200,200,200,0,0,1,17,200
0,200,40,0,0,0,1,10,3,8,0,0,0,0,200,200,200,0,200,0,55,200
0,200,40,0,0,0,1,10,3,8,0,0,0,0,200,200,200,0,200,0,0,200
0,200,30,0,200,0,2,10,5,4,0,0,0,1,200,200,200,25,11,1,38,200
0,200,30,0,200,0,2,10,5,4,0,0,0,1,200,200,200,25,11,1,17,200
0,200,30,0,200,0,2,10,5,4,0,0,0,1,200,200,200,25,11,1,19,200
1,200,30,0,200,0,2,10,5,4,0,0,0,1,200,200,200,25,11,1,17,200
0,200,0,1,2,0,1,10,5,1,0,0,0,0,200,200,200,0,0,1,25,200
0,200,0,1,2,0,1,10,5,1,0,0,0,0,200,200,200,0,0,0,44,200
0,200,30,1,2,0,1,11,5,5,0,0,0,0,1,200,1,20,0,0,200,200
0,200,30,1,2,0,1,11,5,5,0,0,0,0,1,200,1,20,0,0,32,200
1,200,30,1,2,0,1,11,5,5,0,0,0,0,1,200,1,20,0,0,200,200
0,200,30,2,2,0,1,10,5,200,0,0,0,0,1,200,200,0,0,0,200,200
0,200,30,2,2,0,1,10,5,200,0,0,0,0,1,200,200,0,0,0,50,200
0,200,30,0,0,0,1,2,12,200,0,0,0,0,200,200,200,7,200,1,22,200
0,200,30,2,200,0,1,0,2,200,0,0,0,1,1,200,200,5,0,0,70,200
0,200,30,2,200,0,1,0,2,200,0,0,0,1,1,200,200,5,0,1,27,200
0,200,10,0,0,0,1,7,7,200,0,0,0,0,200,200,1,0,200,2,200,200
0,200,30,2,0,0,1,0,1,200,0,0,0,0,1,200,200,17,16,1,46,200
0,200,30,2,0,0,1,0,1,200,0,0,0,0,1,200,200,17,16,1,31,200
1,200,30,2,0,0,1,0,1,200,0,0,0,0,1,200,200,17,16,0,200,200
1,200,30,2,0,0,1,0,1,200,0,0,0,0,1,200,200,17,16,0,1,200
0,200,30,200,200,0,1,7,6,1,0,0,0,1,200,0,1,0,200,2,200,200
0,200,30,0,0,0,1,10,2,200,0,0,0,0,200,200,200,18,11,0,18,200
0,200,30,0,0,0,1,10,2,200,0,0,0,0,200,200,200,18,11,1,42,200
1,200,30,0,0,0,1,10,2,200,0,0,0,0,200,200,200,18,11,0,50,200
0,200,30,1,2,0,1,10,5,2,0,0,0,0,200,200,1,18,0,1,200,200
0,200,30,1,2,0,1,10,5,2,0,0,0,0,200,200,1,18,0,1,30,200
0,200,30,0,0,0,1,0,5,1,0,0,0,0,200,200,200,200,200,0,28,200
0,200,30,0,0,0,1,0,5,1,0,0,0,0,200,200,200,200,200,0,31,200
0,200,25,0,0,0,1,7,2,2,0,0,0,0,200,200,1,0,0,2,200,200
0,200,35,1,2,0,1,14,5,200,0,0,200,0,200,200,200,0,200,0,22,200
0,200,35,1,2,0,1,14,5,200,0,0,200,0,200,200,200,0,200,1,26,200
1,200,35,1,2,0,1,14,5,200,0,0,200,0,200,200,200,0,200,0,26,200
0,200,20,0,0,0,1,9,6,200,0,0,0,1,200,200,200,16,200,1,42,200
5,200,20,0,0,0,1,9,6,200,0,0,0,1,200,200,200,16,200,1,12,200
0,200,30,0,0,0,1,10,7,200,2,0,0,0,200,1,200,20,200,1,23,200
0,200,30,0,0,0,1,10,7,200,2,0,0,0,200,1,200,20,200,1,0,200
1,200,30,0,0,0,1,10,7,200,2,0,0,0,200,1,200,20,200,1,200,200
0,200,30,0,0,0,1,7,2,4,0,200,200,0,200,200,200,11,11,1,33,200
1,200,30,0,0,0,1,7,2,4,0,200,200,0,200,200,200,11,11,0,47,200
1,200,30,0,0,0,1,7,2,4,0,200,200,0,200,200,200,11,11,0,200,200
0,200,30,0,0,0,1,10,5,2,0,0,0,0,200,200,200,18,200,0,37,200
0,200,30,0,0,0,1,10,5,2,0,0,0,0,200,200,200,18,200,0,25,200
0,200,30,0,0,0,1,0,6,200,0,0,0,0,200,200,1,17,0,0,200,200
0,200,30,0,0,0,1,0,6,200,0,0,0,0,200,200,1,17,0,0,29,200
0,200,30,0,0,0,1,14,5,200,0,0,0,0,200,200,200,0,0,0,200,200
0,200,30,0,0,0,1,14,5,200,0,0,0,0,200,200,200,0,0,0,25,200
1,200,30,0,0,0,1,14,5,200,0,0,0,0,200,200,200,0,0,1,200,200
0,200,30,0,0,0,1,9,5,200,0,0,0,1,200,200,1,25,0,0,27,200
5,200,30,0,0,0,1,9,5,200,0,0,0,1,200,200,1,25,0,0,3,200
0,200,30,0,0,0,1,7,6,1,0,0,0,0,200,200,1,0,200,2,200,200
0,200,30,0,12,0,1,12,3,6,0,0,0,0,200,200,200,200,200,0,76,200
0,200,30,0,12,0,1,12,3,6,0,0,0,0,200,200,200,200,200,0,36,200
0,1,20,0,0,0,1,7,6,1,0,0,0,0,200,200,1,0,200,2,200,200
0,1,0,0,0,0,0,7,7,0,0,0,0,0,200,200,1,0,0,0,200,200
0,200,30,0,0,0,1,7,5,200,0,0,0,1,200,200,200,8,11,1,38,200
4,200,30,0,0,0,1,8,5,200,0,0,0,0,200,200,200,0,0,0,200,200
0,200,30,0,0,0,1,8,5,200,0,0,0,0,200,200,200,0,0,0,35,200
0,200,40,200,200,0,4,12,5,4,0,0,0,1,200,200,1,18,200,0,200,200
0,200,40,200,200,0,4,12,5,4,0,0,0,1,200,200,1,18,200,0,44,200
1,200,40,200,200,0,4,12,5,4,0,0,0,1,200,200,1,18,200,200,200,200
1,200,40,200,200,0,4,12,5,4,0,0,0,1,200,200,1,18,200,1,28,200
0,200,30,0,0,0,1,10,3,8,0,200,200,0,200,200,200,18,18,0,35,200
0,200,30,0,0,0,1,10,3,8,0,200,200,0,200,200,200,18,18,1,24,200
0,200,30,0,0,0,1,10,3,8,0,200,200,0,200,200,200,18,18,0,200,200
1,200,30,0,0,0,1,10,3,8,0,200,200,0,200,200,200,18,18,2,200,200
0,200,30,1,5,0,0,10,5,200,0,0,0,0,1,200,200,18,200,0,17,200
0,200,30,1,5,0,0,10,5,200,0,0,0,0,1,200,200,18,200,0,17,200
1,200,30,1,5,0,0,10,5,200,0,0,0,0,1,200,200,18,200,1,38,200
0,200,30,2,2,0,1,7,6,200,0,0,0,0,200,200,1,0,200,0,39,200
1,200,30,2,2,0,1,7,6,200,0,0,0,0,200,200,1,0,200,0,23,200
1,200,30,2,2,0,1,7,6,200,0,0,0,0,200,200,1,0,200,1,18,200
0,200,30,1,2,0,1,14,12,0,2,0,200,0,1,200,1,16,17,1,59,200
0,200,30,1,2,0,1,14,12,0,2,0,200,0,1,200,1,16,17,0,200,200
1,200,30,1,2,0,1,14,12,0,2,0,200,0,1,200,1,16,17,1,200,200
0,200,15,0,0,0,0,7,6,200,0,0,0,0,200,200,1,0,0,2,200,200
0,200,20,0,0,0,0,0,5,2,0,0,0,1,1,200,200,16,11,1,60,200
0,200,20,0,0,0,0,0,5,2,0,0,0,1,1,200,200,16,11,1,18,200
1,200,20,0,0,0,0,0,5,2,0,0,0,1,1,200,200,16,11,0,21,200
0,200,30,0,0,0,4,7,5,2,0,0,0,0,200,200,200,25,11,0,35,200
0,200,30,1,2,0,1,12,5,200,0,0,200,0,200,200,1,11,200,0,200,200
0,200,30,1,2,0,1,12,5,200,0,0,200,0,200,200,1,11,200,0,26,200
0,200,30,0,0,0,1,7,5,200,0,0,0,0,200,200,200,20,200,1,36,200
0,200,35,0,0,0,1,14,5,4,0,0,0,0,200,200,200,23,200,1,31,200
0,200,35,0,0,0,1,14,5,4,0,0,0,0,200,200,200,23,200,1,58,200
0,200,30,0,0,0,1,2,4,200,0,0,0,1,200,200,1,0,200,1,200,200
0,200,30,1,2,0,1,14,5,4,0,0,0,0,1,200,1,16,0,0,200,200
0,200,30,1,2,0,1,14,5,4,0,0,0,0,1,200,1,16,0,1,47,200
0,200,30,1,2,0,1,10,2,200,0,0,0,0,200,200,200,18,0,1,200,200
0,200,30,1,2,0,1,10,2,200,0,0,0,0,200,200,200,18,0,1,66,200
0,200,35,0,0,0,3,0,2,1,0,0,0,1,200,200,200,23,0,0,36,200
0,200,35,0,0,0,3,0,2,1,0,0,0,1,200,200,200,23,0,0,46,200
0,200,0,0,0,0,1,7,2,200,0,0,0,0,200,200,1,0,200,2,200,200
0,200,30,2,2,0,0,0,5,2,0,0,0,1,1,200,200,5,200,1,45,200
0,200,30,2,2,0,0,0,5,2,0,0,0,1,1,200,200,5,200,1,24,200
0,1,30,2,2,0,1,10,5,2,0,0,0,1,200,200,200,16,18,0,23,200
0,1,30,2,2,0,1,10,5,2,0,0,0,1,200,200,200,16,18,1,41,200
0,1,30,2,2,0,1,10,5,2,0,0,0,1,200,200,200,16,18,0,28,200
0,1,30,2,2,0,1,10,5,2,0,0,0,1,200,200,200,16,18,0,17,200
0,200,30,0,0,0,1,7,5,2,0,0,0,0,200,200,1,0,200,2,200,200
0,200,30,0,0,0,3,14,5,200,0,0,0,0,200,200,200,23,200,0,61,200
0,200,30,0,0,0,3,14,5,200,0,0,0,0,200,200,200,23,200,0,21,200
0,200,45,0,0,0,0,12,3,5,2,0,0,0,200,200,1,21,0,2,200,200
0,200,45,0,0,0,0,12,3,5,2,0,0,0,200,200,1,21,0,1,38,200
0,200,35,0,0,0,3,7,7,200,0,0,0,0,200,1,1,0,0,2,200,200
0,200,35,0,0,0,1,12,2,4,0,0,0,0,200,200,1,22,0,2,200,200
0,200,35,0,0,0,1,12,2,4,0,0,0,0,200,200,1,22,0,1,31,200
0,200,30,200,200,0,3,10,200,1,0,200,200,0,1,200,200,7,200,1,58,200
0,200,30,200,200,0,3,10,200,1,0,200,200,0,1,200,200,7,200,0,27,200
1,200,30,200,200,0,3,10,200,1,0,200,200,0,1,200,200,7,200,1,36,200
1,200,30,200,200,0,3,10,200,1,0,200,200,0,1,200,200,7,200,0,17,200
1,200,30,200,200,0,3,10,200,1,0,200,200,0,1,200,200,7,200,0,18,200