PERSON_TYPE,CRASH_DATE_EST_I,POSTED_SPEED_LIMIT,TRAFFIC_CONTROL_DEVICE,DEVICE_CONDITION,WEATHER_CONDITION,LIGHTING_CONDITION,FIRST_CRASH_TYPE,TRAFFICWAY_TYPE,LANE_CNT,ALIGNMENT,ROADWAY_SURFACE_COND,ROAD_DEFECT,CRASH_TYPE,INTERSECTION_RELATED_I,NOT_RIGHT_OF_WAY_I,HIT_AND_RUN_I,PRIM_CONTRIBUTORY_CAUSE,SEC_CONTRIBUTORY_CAUSE,SEX,AGE,BAC_RESULT VALUE
1,200,30,200,200,0,3,10,200,1,0,200,200,0,1,200,200,7,200,1,16,200
0,200,30,0,0,0,1,14,5,4,0,0,0,1,200,200,200,23,200,0,50,200
0,200,30,0,0,0,1,14,5,4,0,0,0,1,200,200,200,23,200,1,23,200
0,1,0,0,0,0,4,7,7,200,0,0,0,0,200,1,200,0,200,2,200,200
0,200,5,0,0,0,0,7,7,0,0,0,200,0,200,1,1,0,0,1,200,200
0,200,30,0,0,0,1,12,6,1,0,0,0,0,200,200,1,22,25,2,200,200
0,200,30,0,0,0,1,12,6,1,0,0,0,0,200,200,1,22,25,1,45,200
0,200,30,0,0,0,3,14,2,2,0,0,0,0,200,200,200,23,200,1,29,200
0,200,30,0,0,0,3,14,2,2,0,0,0,0,200,200,200,23,200,0,32,200
1,200,30,0,0,0,3,14,2,2,0,0,0,0,200,200,200,23,200,1,31,200
0,200,30,10,2,0,3,14,2,200,0,0,0,0,200,200,200,23,21,0,200,200
0,200,30,10,2,0,3,14,2,200,0,0,0,0,200,200,200,23,21,0,66,200
0,200,30,0,0,200,4,7,6,1,0,200,200,0,200,200,200,0,200,0,200,200
0,200,30,1,2,0,3,12,2,4,0,0,200,0,0,200,1,22,17,0,200,200
0,200,30,1,2,0,3,12,2,4,0,0,200,0,0,200,1,22,17,1,45,200
0,200,30,0,0,0,3,12,5,3,0,0,0,0,200,200,200,0,200,0,46,200
0,200,30,0,0,0,3,12,5,3,0,0,0,0,200,200,200,0,200,0,55,200
0,200,40,1,2,0,3,10,3,200,0,0,0,1,200,200,200,18,200,0,21,200
0,200,40,1,2,0,3,10,3,200,0,0,0,1,200,200,200,18,200,1,19,200
1,200,40,1,2,0,3,10,3,200,0,0,0,1,200,200,200,18,200,1,18,200
0,200,35,0,0,0,0,14,12,200,0,0,200,0,200,1,200,0,0,0,29,200
0,200,35,0,0,0,0,14,12,200,0,0,200,0,200,1,200,0,0,0,26,200
0,200,25,1,2,0,3,12,3,200,0,0,0,0,200,200,200,21,21,0,39,200
0,200,25,1,2,0,3,12,3,200,0,0,0,0,200,200,200,21,21,0,34,200
0,200,30,1,2,0,1,12,5,200,0,0,0,0,200,200,200,200,200,0,19,200
0,200,30,1,2,0,1,12,5,200,0,0,0,0,200,200,200,200,200,1,61,200
0,200,30,1,2,0,3,10,1,3,0,0,0,0,200,200,200,9,18,0,20,200
0,200,30,1,2,0,3,10,1,3,0,0,0,0,200,200,200,9,18,0,22,200
0,200,30,1,2,0,3,10,1,3,0,0,0,0,200,200,200,9,18,0,29,200
0,200,30,0,0,0,0,12,6,2,0,0,0,0,200,200,200,21,0,0,53,200
0,200,30,0,0,0,0,12,6,2,0,0,0,0,200,200,200,21,0,1,36,200
0,200,30,0,0,0,0,7,7,200,0,0,0,0,200,1,1,0,200,2,200,200
0,200,30,0,0,0,3,14,5,4,0,0,0,1,200,200,200,23,35,0,37,200
0,200,30,0,0,0,3,14,5,4,0,0,0,1,200,200,200,23,35,0,32,200
0,200,30,1,2,0,2,10,6,1,0,0,0,1,200,200,200,16,18,2,200,200
0,200,30,1,2,0,2,10,6,1,0,0,0,1,200,200,200,16,18,1,24,200
1,200,30,1,2,0,2,10,6,1,0,0,0,1,200,200,200,16,18,0,25,200
0,200,30,2,2,0,1,10,5,200,0,0,0,1,1,200,200,20,0,0,200,200
0,200,30,2,2,0,1,10,5,200,0,0,0,1,1,200,200,20,0,1,25,200
1,200,30,2,2,0,1,10,5,200,0,0,0,1,1,200,200,20,0,0,5,200
0,200,30,1,2,0,3,10,5,4,0,0,0,0,1,200,200,16,200,1,19,200
0,200,30,1,2,0,3,10,5,4,0,0,0,0,1,200,200,16,200,0,35,200
0,200,30,1,2,0,3,10,2,4,0,0,0,0,200,200,200,16,16,0,47,200
0,200,30,1,2,0,3,10,2,4,0,0,0,0,200,200,200,16,16,1,28,200
1,200,30,1,2,0,3,10,2,4,0,0,0,0,200,200,200,16,16,200,200,200
0,200,30,0,0,0,3,7,5,2,0,0,0,1,200,200,200,0,200,1,39,200
0,200,30,1,2,0,3,10,2,4,0,0,0,0,200,200,200,7,18,1,62,200
0,200,30,1,2,0,3,10,2,4,0,0,0,0,200,200,200,7,18,0,33,200
1,200,30,1,2,0,3,10,2,4,0,0,0,0,200,200,200,7,18,1,200,200
0,200,30,2,2,0,3,0,6,1,0,0,200,1,1,200,1,5,17,2,200,200
0,200,30,2,2,0,3,0,6,1,0,0,200,1,1,200,1,5,17,0,33,200
0,200,30,0,0,0,3,12,5,2,0,0,200,0,200,200,200,22,0,0,34,200
0,200,30,0,0,0,3,12,5,2,0,0,200,0,200,200,200,22,0,0,29,200
1,200,30,0,0,0,3,12,5,2,0,0,200,0,200,200,200,22,0,0,200,200
1,200,30,0,0,0,3,12,5,2,0,0,200,0,200,200,200,22,0,1,200,200
0,200,30,0,0,0,3,2,12,1,0,0,0,1,200,200,200,13,0,0,29,200
0,200,30,0,0,0,0,7,5,2,0,0,0,0,200,200,200,0,0,0,200,200
0,200,15,0,0,0,200,2,12,0,2,0,200,1,200,1,200,0,0,0,71,200
0,200,30,200,200,0,3,4,5,200,0,0,1,1,200,200,200,28,0,1,44,200
3,200,30,200,200,0,3,4,5,200,0,0,1,1,200,200,200,28,0,200,200,200
0,200,40,3,0,0,4,12,3,8,0,200,200,0,200,200,1,0,200,0,200,200
0,200,40,3,0,0,4,12,3,8,0,200,200,0,200,200,1,0,200,0,55,200
1,200,40,3,0,0,4,12,3,8,0,200,200,0,200,200,1,0,200,0,200,200
0,200,30,1,2,0,3,0,6,2,0,0,0,1,1,200,200,6,200,0,19,200
0,200,30,1,2,0,3,0,6,2,0,0,0,1,1,200,200,6,200,0,50,200
1,200,30,1,2,0,3,0,6,2,0,0,0,1,1,200,200,6,200,1,18,200
0,200,30,1,2,0,3,10,3,3,0,0,0,0,200,200,1,20,20,0,200,200
0,200,30,1,2,0,3,10,3,3,0,0,0,0,200,200,1,20,20,0,39,200
1,200,30,1,2,0,3,10,3,3,0,0,0,0,200,200,1,20,20,1,32,200
1,200,30,1,2,0,3,10,3,3,0,0,0,0,200,200,1,20,20,200,200,200
1,200,30,1,2,0,3,10,3,3,0,0,0,0,200,200,1,20,20,200,200,200
1,200,30,1,2,0,3,10,3,3,0,0,0,0,200,200,1,20,20,0,6,200
0,200,30,2,2,0,3,0,5,1,0,0,0,0,1,200,1,17,200,2,200,200
0,200,30,2,2,0,3,0,5,1,0,0,0,0,1,200,1,17,200,1,43,200
1,200,30,2,2,0,3,0,5,1,0,0,0,0,1,200,1,17,200,0,60,200
1,200,30,2,2,0,3,0,5,1,0,0,0,0,1,200,1,17,200,1,10,200
0,200,30,2,2,0,3,12,2,10,0,0,0,0,200,200,200,8,21,0,62,200
0,200,30,2,2,0,3,12,2,10,0,0,0,0,200,200,200,8,21,0,29,200
0,200,30,1,2,0,0,5,5,200,0,0,0,0,1,200,200,11,200,0,61,200
1,200,30,1,2,0,0,5,5,200,0,0,0,0,1,200,200,11,200,1,33,200
0,200,30,0,0,0,0,10,7,200,0,0,0,0,200,200,200,18,0,0,51,200
0,200,30,0,0,0,0,10,7,200,0,0,0,0,200,200,200,18,0,1,28,200
1,200,30,0,0,0,0,10,7,200,0,0,0,0,200,200,200,18,0,0,8,200
0,0,0,0,0,0,0,7,5,200,0,0,0,0,200,200,1,200,200,2,200,200
0,1,30,1,1,0,3,14,2,200,0,0,0,1,1,200,200,17,200,1,22,200
0,1,30,1,1,0,3,14,2,200,0,0,0,1,1,200,200,17,200,0,20,200
0,0,30,0,0,0,3,10,5,4,0,0,0,1,1,200,1,18,200,2,200,200
0,0,30,0,0,0,3,10,5,4,0,0,0,1,1,200,1,18,200,0,0,200
1,0,30,0,0,0,3,10,5,4,0,0,0,1,1,200,1,18,200,0,200,200
1,0,30,0,0,0,3,10,5,4,0,0,0,1,1,200,1,18,200,0,200,200
0,200,35,0,0,0,3,7,2,200,0,0,0,1,200,200,200,32,25,0,48,200
0,200,30,2,2,0,3,0,5,2,0,0,200,1,1,200,200,17,200,1,21,200
0,200,30,2,2,0,3,0,5,2,0,0,200,1,1,200,200,17,200,0,20,200
1,200,30,2,2,0,3,0,5,2,0,0,200,1,1,200,200,17,200,1,24,200
0,200,30,0,0,0,3,7,5,200,0,0,0,0,200,200,200,200,200,2,200,200
0,200,30,0,0,0,3,14,5,2,0,0,0,0,200,200,200,23,23,0,41,200
0,200,30,0,0,0,3,14,5,2,0,0,0,0,200,200,200,23,23,1,29,200
0,200,15,0,12,0,3,10,7,200,0,0,0,0,200,200,1,18,22,1,200,200
0,200,15,0,12,0,3,10,7,200,0,0,0,0,200,200,1,18,22,0,32,200
1,200,15,0,12,0,3,10,7,200,0,0,0,0,200,200,1,18,22,0,52,200
1,200,15,0,12,0,3,10,7,200,0,0,0,0,200,200,1,18,22,1,36,200
0,200,25,0,0,0,0,7,6,1,0,0,0,0,200,200,200,200,200,1,200,200
0,1,5,0,0,0,3,7,5,2,0,0,0,0,200,1,200,0,0,2,200,200
0,200,30,1,2,0,3,10,2,200,0,0,0,0,200,200,200,6,25,0,27,200
0,200,30,1,2,0,3,10,2,200,0,0,0,0,200,200,200,6,25,1,23,200
0,200,25,0,0,0,3,7,6,1,0,0,0,1,200,200,200,15,200,0,20,200
0,200,30,0,0,0,3,12,5,200,0,0,0,1,200,200,200,21,200,1,26,200
0,200,30,0,0,0,3,12,5,200,0,0,0,1,200,200,200,21,200,0,41,200
1,200,30,0,0,0,3,12,5,200,0,0,0,1,200,200,200,21,200,1,23,200
1,200,30,0,0,0,3,12,5,200,0,0,0,1,200,200,200,21,200,0,30,200
0,200,35,0,0,0,3,9,5,200,0,0,200,1,200,200,1,0,0,0,200,200
5,200,35,0,0,0,3,9,5,200,0,0,200,1,200,200,1,0,0,0,45,200
1,200,35,0,0,0,3,9,5,200,0,0,200,1,200,200,1,0,0,0,200,200
0,200,30,2,2,0,3,7,5,1,0,0,0,1,1,200,200,8,11,0,16,200
1,200,30,2,2,0,3,7,5,1,0,0,0,1,1,200,200,8,11,0,51,200
0,200,30,0,0,0,3,14,12,200,0,0,0,0,1,200,1,22,23,0,200,200
0,200,30,0,0,0,3,14,12,200,0,0,0,0,1,200,1,22,23,0,27,200
1,200,30,0,0,0,3,14,12,200,0,0,0,0,1,200,1,22,23,1,200,200
0,200,35,0,0,0,3,2,3,200,3,0,0,1,200,1,200,0,0,1,200,200
0,200,30,0,0,0,2,7,5,200,0,0,0,1,200,200,200,12,12,1,18,200
0,200,45,1,2,0,1,10,3,8,0,0,0,1,200,200,200,18,11,0,22,200
0,200,45,1,2,0,1,10,3,8,0,0,0,1,200,200,200,18,11,1,43,200
0,200,45,0,0,0,1,2,12,4,0,0,0,1,200,200,200,13,200,0,35,200
1,200,45,0,0,0,1,2,12,4,0,0,0,1,200,200,200,13,200,1,36,200
0,200,30,1,2,0,1,14,5,2,0,0,0,0,1,200,1,6,200,1,200,200
0,200,30,1,2,0,1,14,5,2,0,0,0,0,1,200,1,6,200,1,23,200
0,200,30,0,0,0,2,7,5,2,0,0,0,1,200,200,1,0,0,2,200,200
0,200,30,1,2,0,1,0,2,0,0,0,0,1,1,200,200,6,16,1,48,200
0,200,30,1,2,0,1,0,2,0,0,0,0,1,1,200,200,6,16,1,30,200
1,200,30,1,2,0,1,0,2,0,0,0,0,1,1,200,200,6,16,0,41,200
1,200,30,1,2,0,1,0,2,0,0,0,0,1,1,200,200,6,16,0,40,200
1,200,30,1,2,0,1,0,2,0,0,0,0,1,1,200,200,6,16,0,46,200
1,200,30,1,2,0,1,0,2,0,0,0,0,1,1,200,200,6,16,0,36,200
1,200,30,1,2,0,1,0,2,0,0,0,0,1,1,200,200,6,16,1,69,200
0,200,30,0,0,0,0,7,5,2,0,0,0,0,200,200,200,0,200,0,54,200
0,200,30,0,0,0,1,7,2,200,0,0,0,1,200,200,200,18,200,0,21,200
1,200,30,0,0,0,1,7,2,200,0,0,0,1,200,200,200,18,200,0,23,200
0,200,30,0,0,0,1,7,2,2,0,0,0,0,200,200,200,0,0,1,78,200
1,200,30,0,0,0,1,7,2,2,0,0,0,0,200,200,200,0,0,0,49,200
0,1,30,2,2,200,200,7,6,1,0,200,200,0,200,200,1,0,200,2,200,200
0,200,35,1,2,0,3,12,3,4,0,0,0,0,200,200,1,0,0,1,200,200
0,200,35,1,2,0,3,12,3,4,0,0,0,0,200,200,1,0,0,1,43,200
0,1,30,0,0,0,1,7,2,2,0,0,0,1,1,200,200,0,200,0,52,200
0,200,30,0,0,0,1,2,5,4,0,0,0,1,200,200,1,0,0,2,200,200
0,200,30,0,0,0,1,2,5,4,0,0,0,1,200,200,1,0,0,0,27,200
0,200,30,2,2,0,1,0,5,200,0,0,0,0,200,200,1,5,17,1,33,200
0,200,30,2,2,0,1,0,5,200,0,0,0,0,200,200,1,5,17,1,200,200
1,200,30,2,2,0,1,0,5,200,0,0,0,0,200,200,1,5,17,200,200,200
0,200,30,0,0,0,1,14,5,4,0,0,0,1,200,200,200,23,11,1,35,200
0,200,30,0,0,0,1,14,5,4,0,0,0,1,200,200,200,23,11,1,42,200
1,200,30,0,0,0,1,14,5,4,0,0,0,1,200,200,200,23,11,1,200,200
0,200,15,0,0,0,1,7,7,0,0,0,0,0,200,1,1,0,0,2,200,200
0,200,30,0,0,0,1,7,12,200,0,0,0,1,200,200,200,16,0,0,28,200
0,200,25,0,0,0,3,7,5,200,0,0,0,0,200,0,200,0,200,2,200,200
1,200,25,0,0,0,3,7,5,200,0,0,0,0,200,0,200,0,200,200,200,200
0,200,30,0,0,0,3,10,2,2,0,0,0,0,200,200,1,18,14,2,200,200
0,200,30,0,0,0,3,10,2,2,0,0,0,0,200,200,1,18,14,1,24,200
0,200,30,0,0,0,3,10,2,2,0,0,0,0,200,200,1,18,14,2,200,200
0,200,35,0,0,0,1,10,5,200,0,0,0,0,200,200,200,16,17,1,200,200
0,200,35,0,0,0,1,10,5,200,0,0,0,0,200,200,200,16,17,0,22,200
0,200,30,0,0,0,1,2,5,2,0,0,0,1,200,1,200,0,0,1,21,200
0,200,30,0,0,0,1,7,6,200,0,0,0,1,200,200,200,18,200,1,23,200
1,200,30,0,0,0,1,7,6,200,0,0,0,1,200,200,200,18,200,1,200,200
1,200,30,0,0,0,1,7,6,200,0,0,0,1,200,200,200,18,200,1,22,200
0,200,30,0,0,0,1,10,5,200,0,1,0,0,200,200,200,0,200,1,67,200
0,200,30,0,0,0,1,10,5,200,0,1,0,0,200,200,200,0,200,0,200,200
0,200,0,0,0,0,1,2,5,2,0,0,1,0,200,200,200,28,29,1,35,200
0,200,30,0,0,0,1,10,5,1,0,0,0,0,200,200,200,20,200,0,30,200
0,200,30,0,0,0,1,10,5,1,0,0,0,0,200,200,200,20,200,0,33,200
0,200,30,0,0,0,1,14,5,2,0,0,0,0,200,200,0,20,20,1,21,200
0,200,30,0,0,0,1,14,5,2,0,0,0,0,200,200,0,20,20,1,21,200
1,200,30,0,0,0,1,14,5,2,0,0,0,0,200,200,0,20,20,1,19,200
1,200,30,0,0,0,1,14,5,2,0,0,0,0,200,200,0,20,20,0,24,200
1,200,30,0,0,0,1,14,5,2,0,0,0,0,200,200,0,20,20,0,23,200
0,200,30,0,0,0,1,0,2,2,2,0,0,0,200,200,200,0,200,1,68,200
0,200,30,0,0,0,1,0,2,2,2,0,0,0,200,200,200,0,200,0,0,200
0,200,30,0,0,0,1,12,3,6,0,0,0,1,200,200,200,17,21,0,51,200
0,200,30,0,0,0,1,12,3,6,0,0,0,1,200,200,200,17,21,0,45,200
0,200,0,1,2,0,1,10,3,6,0,0,0,0,200,200,200,18,11,1,200,200
0,200,0,1,2,0,1,10,3,6,0,0,0,0,200,200,200,18,11,0,47,200
0,200,30,1,2,0,1,10,2,200,0,0,0,0,1,200,200,16,200,0,22,200
0,200,30,1,2,0,1,10,2,200,0,0,0,0,1,200,200,16,200,1,48,200
0,200,30,0,0,0,1,7,5,1,0,0,0,0,200,200,1,0,200,2,200,200
0,200,30,1,2,0,1,14,5,4,0,0,0,1,1,200,200,6,16,0,27,200
0,200,30,1,2,0,1,14,5,4,0,0,0,1,1,200,200,6,16,1,41,200
1,200,30,1,2,0,1,14,5,4,0,0,0,1,1,200,200,6,16,0,8,200
1,200,30,1,2,0,1,14,5,4,0,0,0,1,1,200,200,6,16,0,17,200
0,1,30,0,0,0,1,7,7,200,0,0,0,0,200,200,1,0,0,2,200,200
0,200,15,0,0,0,1,7,7,0,0,0,0,0,200,200,1,0,0,2,200,200
0,200,0,0,0,0,1,7,7,0,0,0,0,0,200,1,200,20,0,1,31,200
0,200,30,0,0,0,1,0,5,200,0,0,0,0,200,200,200,17,0,1,200,200
0,200,30,0,0,0,1,0,5,200,0,0,0,0,200,200,200,17,0,0,33,200
0,200,30,0,0,0,1,0,0,200,0,0,0,0,200,200,1,17,200,0,200,200
0,200,30,0,0,0,1,0,0,200,0,0,0,0,200,200,1,17,200,1,25,200
1,200,30,0,0,0,1,0,0,200,0,0,0,0,200,200,1,17,200,0,25,200
0,200,30,1,2,0,1,14,3,3,3,0,0,0,1,200,1,0,200,1,200,200
0,200,30,1,2,0,1,14,3,3,3,0,0,0,1,200,1,0,200,0,75,200
0,200,15,0,0,0,3,2,0,200,0,0,0,0,200,200,200,0,0,0,37,200
0,200,30,0,0,0,1,11,5,200,0,0,0,0,200,200,1,17,17,0,200,200
0,200,30,0,0,0,1,11,5,200,0,0,0,0,200,200,1,17,17,0,62,200
0,1,20,0,0,0,1,7,5,2,0,0,3,0,200,200,1,0,21,2,200,200
0,200,30,0,0,0,1,14,2,2,0,0,0,0,200,200,200,17,200,0,30,200
0,200,30,0,0,0,1,14,2,2,0,0,0,0,200,200,200,17,200,0,0,200
0,200,10,0,0,0,1,7,7,1,0,0,0,0,200,1,1,0,200,0,200,200
1,200,10,0,0,0,1,7,7,1,0,0,0,0,200,1,1,0,200,0,92,200
0,1,30,0,0,0,0,7,2,200,0,0,0,0,200,200,1,0,0,2,200,200
0,200,30,0,0,0,1,12,5,2,0,0,0,1,200,200,200,17,0,0,22,200
0,200,30,0,0,0,1,12,5,2,0,0,0,1,200,200,200,17,0,1,27,200
0,200,30,0,0,0,1,12,5,2,0,0,0,1,200,200,200,17,0,0,200,200
1,200,30,0,0,0,1,12,5,2,0,0,0,1,200,200,200,17,0,1,200,200
0,200,30,0,0,0,1,0,7,200,0,0,0,0,200,200,200,17,0,0,57,200
0,200,30,0,0,0,1,0,7,200,0,0,0,0,200,200,200,17,0,0,24,200
0,200,30,0,0,0,1,12,5,200,0,0,0,0,200,200,1,17,22,0,200,200
0,200,30,0,0,0,1,12,5,200,0,0,0,0,200,200,1,17,22,1,23,200
0,200,10,0,0,0,1,0,7,2,0,0,0,0,200,1,200,20,200,1,73,200
0,200,10,0,0,0,1,0,7,2,0,0,0,0,200,1,200,20,200,1,56,200
0,200,30,0,0,0,1,7,6,200,0,0,0,0,200,200,200,0,200,1,32,200
1,200,30,0,0,0,1,7,6,200,0,0,0,0,200,200,200,0,200,1,200,200
1,200,30,0,0,0,1,7,6,200,0,0,0,0,200,200,200,0,200,200,200,200
0,200,30,1,2,0,1,10,5,200,0,0,0,1,1,200,200,0,0,1,56,200
0,200,30,1,2,0,1,10,5,200,0,0,0,1,1,200,200,0,0,1,50,200
1,200,30,1,2,0,1,10,5,200,0,0,0,1,1,200,200,0,0,1,38,200
0,200,30,1,2,0,1,10,5,2,0,0,0,1,200,200,200,0,0,0,22,200
0,200,30,1,2,0,1,10,5,2,0,0,0,1,200,200,200,0,0,0,36,200
0,200,30,1,2,0,1,14,3,200,0,0,0,0,1,200,200,0,0,1,20,200
0,200,30,1,2,0,1,14,3,200,0,0,0,0,1,200,200,0,0,1,27,200
0,200,5,0,0,0,1,7,7,1,0,0,0,0,200,200,200,0,0,1,200,200
0,200,30,0,0,0,1,7,5,200,0,0,0,0,200,200,200,17,18,1,44,200
1,200,30,0,0,0,1,7,5,200,0,0,0,0,200,200,200,17,18,1,200,200
1,200,30,0,0,0,1,7,5,200,0,0,0,0,200,200,200,17,18,1,200,200
1,200,30,0,0,0,1,7,5,200,0,0,0,0,200,200,200,17,18,0,1,200
0,200,25,0,0,0,1,2,0,1,0,0,0,0,200,1,200,20,0,0,200,200
0,200,30,0,0,0,1,7,12,200,0,0,0,0,200,200,200,20,200,0,200,200
0,200,30,1,2,0,0,14,5,2,0,0,200,0,200,200,200,0,0,1,35,200
0,200,30,1,2,0,0,14,5,2,0,0,200,0,200,200,200,0,0,0,41,200
1,200,30,1,2,0,0,14,5,2,0,0,200,0,200,200,200,0,0,1,200,200
0,200,25,0,0,0,1,7,6,1,0,0,0,0,200,200,1,0,0,2,200,200
0,200,30,0,0,0,1,14,5,1,0,0,0,0,200,200,200,17,0,1,66,200
0,200,30,0,0,0,1,14,5,1,0,0,0,0,200,200,200,17,0,1,29,200
0,200,30,0,0,200,200,7,6,1,0,200,0,0,200,200,1,0,0,2,200,200
0,1,15,0,0,0,3,2,0,1,0,0,0,0,200,200,1,0,200,2,200,200
0,1,30,0,0,0,1,7,6,200,0,0,0,1,200,200,1,0,0,2,200,200
0,200,30,2,2,2,1,2,5,1,0,1,1,0,200,200,200,29,200,0,27,200
0,1,30,0,0,0,1,7,6,1,0,0,0,0,200,200,1,0,0,2,200,200
0,200,15,0,0,0,1,10,2,4,0,0,0,0,200,200,200,18,0,0,52,200
0,200,15,0,0,0,1,10,2,4,0,0,0,0,200,200,200,18,0,1,51,200
1,200,15,0,0,0,1,10,2,4,0,0,0,0,200,200,200,18,0,1,25,200
1,200,15,0,0,0,1,10,2,4,0,0,0,0,200,200,200,18,0,0,5,200
1,200,15,0,0,0,1,10,2,4,0,0,0,0,200,200,200,18,0,0,5,200
0,200,30,1,2,0,1,10,2,200,0,0,0,1,200,200,200,0,200,0,64,200
0,200,30,1,2,0,1,10,2,200,0,0,0,1,200,200,200,0,200,1,40,200
0,200,20,0,0,0,1,7,7,1,0,0,200,0,200,200,200,0,0,1,30,200
0,200,30,2,2,0,1,0,5,200,0,0,0,1,1,200,200,5,0,0,52,200
0,200,30,2,2,0,1,0,5,200,0,0,0,1,1,200,200,5,0,0,32,200
0,200,35,0,0,0,1,0,2,2,0,0,0,0,200,200,200,17,200,1,20,200
0,200,35,0,0,0,1,0,2,2,0,0,0,0,200,200,200,17,200,0,31,200
1,200,35,0,0,0,1,0,2,2,0,0,0,0,200,200,200,17,200,1,28,200
1,200,35,0,0,0,1,0,2,2,0,0,0,0,200,200,200,17,200,0,10,200
1,200,35,0,0,0,1,0,2,2,0,0,0,0,200,200,200,17,200,1,7,200
0,200,30,0,0,0,1,7,7,200,0,0,0,0,200,1,200,4,16,1,73,200
0,200,30,0,0,0,1,11,5,2,0,200,200,0,200,200,200,20,20,0,52,200
0,200,30,0,0,0,1,11,5,2,0,200,200,0,200,200,200,20,20,0,32,200
0,200,30,1,2,0,1,14,2,200,0,0,0,0,1,200,200,17,16,0,57,200
0,200,30,1,2,0,1,14,2,200,0,0,0,0,1,200,200,17,16,0,31,200
0,200,30,0,0,0,1,7,5,2,0,0,0,1,200,200,200,14,0,1,24,200
0,200,30,1,2,0,1,10,3,4,0,0,0,0,0,200,200,18,200,0,29,200
0,200,30,1,2,0,1,10,3,4,0,0,0,0,0,200,200,18,200,1,39,200
1,200,30,1,2,0,1,10,3,4,0,0,0,0,0,200,200,18,200,0,10,200
1,200,30,1,2,0,1,10,3,4,0,0,0,0,0,200,200,18,200,1,61,200
0,200,35,1,2,0,1,0,5,200,0,0,0,1,1,200,200,6,200,1,19,200
0,200,35,1,2,0,1,0,5,200,0,0,0,1,1,200,200,6,200,1,23,200
0,200,30,1,2,0,1,0,5,200,0,0,0,0,200,200,200,17,17,1,23,200
0,200,30,1,2,0,1,0,5,200,0,0,0,0,200,200,200,17,17,0,47,200
0,1,30,0,0,0,1,7,0,1,0,0,0,0,200,200,1,0,21,2,200,200
0,200,30,2,2,0,1,0,5,2,0,0,0,1,1,200,200,5,17,0,62,200
0,200,30,2,2,0,1,0,5,2,0,0,0,1,1,200,200,5,17,1,21,200
1,200,30,2,2,0,1,0,5,2,0,0,0,1,1,200,200,5,17,1,66,200
1,200,30,2,2,0,1,0,5,2,0,0,0,1,1,200,200,5,17,1,25,200
1,200,30,2,2,0,1,0,5,2,0,0,0,1,1,200,200,5,17,1,20,200
1,200,30,2,2,0,1,0,5,2,0,0,0,1,1,200,200,5,17,0,1,200
0,200,30,1,2,0,1,10,5,200,0,0,0,0,200,200,200,0,200,0,39,200
0,200,30,1,2,0,1,10,5,200,0,0,0,0,200,200,200,0,200,0,39,200
1,200,30,1,2,0,1,10,5,200,0,0,0,0,200,200,200,0,200,1,41,200
0,200,20,1,2,0,1,10,5,2,0,0,0,0,200,200,200,18,0,1,53,200
0,200,20,1,2,0,1,10,5,2,0,0,0,0,200,200,200,18,0,0,26,200
0,200,30,200,200,0,1,10,5,2,0,0,0,0,200,200,1,18,18,1,200,200
0,200,30,200,200,0,1,10,5,2,0,0,0,0,200,200,1,18,18,0,59,200
0,200,40,0,0,0,1,10,3,200,0,0,0,1,200,200,200,18,16,0,23,200
0,200,40,0,0,0,1,10,3,200,0,0,0,1,200,200,200,18,16,0,30,200
0,200,40,0,0,0,1,10,3,200,0,0,0,1,200,200,200,18,16,0,47,200
0,200,40,0,0,0,1,10,3,200,0,0,0,1,200,200,200,18,16,0,30,200
0,200,30,1,2,0,1,14,12,4,2,0,0,0,1,200,200,16,200,1,200,200
0,200,30,1,2,0,1,14,12,4,2,0,0,0,1,200,200,16,200,0,48,200
1,200,30,1,2,0,1,14,12,4,2,0,0,0,1,200,200,16,200,0,15,200
1,200,30,1,2,0,1,14,12,4,2,0,0,0,1,200,200,16,200,0,14,200
1,200,30,1,2,0,1,14,12,4,2,0,0,0,1,200,200,16,200,1,10,200
0,200,20,200,200,0,1,7,12,200,0,200,200,0,200,200,200,200,200,1,67,200
0,200,30,0,0,0,0,7,5,200,0,0,0,0,200,200,1,200,200,2,200,200
0,200,15,0,0,0,1,8,5,2,0,0,0,1,200,1,200,17,16,1,34,200
4,200,15,0,0,0,1,8,5,2,0,0,0,1,200,1,200,17,16,0,200,200
0,200,30,1,2,0,1,14,12,4,1,0,0,0,200,200,200,6,6,0,49,200
0,200,30,1,2,0,1,14,12,4,1,0,0,0,200,200,200,6,6,0,50,200
0,200,30,0,0,0,1,14,2,2,0,0,0,0,200,200,200,0,0,0,19,200
0,200,30,0,0,0,1,14,2,2,0,0,0,0,200,200,200,0,0,0,26,200
1,200,30,0,0,0,1,14,2,2,0,0,0,0,200,200,200,0,0,0,18,200
0,200,30,2,2,0,1,8,2,0,0,0,0,1,1,200,200,17,0,0,83,200
4,200,30,2,2,0,1,8,2,0,0,0,0,1,1,200,200,17,0,0,69,200
0,200,30,0,0,0,1,14,6,0,0,0,0,0,1,200,200,17,33,0,42,200
0,200,30,0,0,0,1,14,6,0,0,0,0,0,1,200,200,17,33,0,45,200
1,200,30,0,0,0,1,14,6,0,0,0,0,0,1,200,200,17,33,200,49,200
0,200,30,0,0,0,1,5,2,4,0,0,1,0,200,200,200,0,200,0,38,200
1,200,30,0,0,0,1,5,2,4,0,0,1,0,200,200,200,0,200,0,29,200
1,200,30,0,0,0,1,5,2,4,0,0,1,0,200,200,200,0,200,0,35,200