PERSON_TYPE,CRASH_DATE_EST_I,POSTED_SPEED_LIMIT,TRAFFIC_CONTROL_DEVICE,DEVICE_CONDITION,WEATHER_CONDITION,LIGHTING_CONDITION,FIRST_CRASH_TYPE,TRAFFICWAY_TYPE,LANE_CNT,ALIGNMENT,ROADWAY_SURFACE_COND,ROAD_DEFECT,CRASH_TYPE,INTERSECTION_RELATED_I,NOT_RIGHT_OF_WAY_I,HIT_AND_RUN_I,PRIM_CONTRIBUTORY_CAUSE,SEC_CONTRIBUTORY_CAUSE,SEX,AGE,BAC_RESULT VALUE
0,200,10,0,0,0,1,0,7,0,0,0,0,0,200,200,200,20,0,0,55,200
0,200,10,0,0,0,1,0,7,0,0,0,0,0,200,200,200,20,0,1,26,200
0,200,30,2,2,0,1,0,6,200,0,0,0,0,200,200,1,6,6,2,200,200
0,200,30,2,2,0,1,0,6,200,0,0,0,0,200,200,1,6,6,0,53,200
0,200,30,2,2,0,1,10,5,2,0,0,0,0,1,200,200,7,18,1,25,200
0,200,30,2,2,0,1,10,5,2,0,0,0,0,1,200,200,7,18,1,34,200
1,200,30,2,2,0,1,10,5,2,0,0,0,0,1,200,200,7,18,200,200,200
0,200,30,0,0,0,1,7,5,2,0,0,0,0,200,200,1,0,200,2,200,200
0,200,20,0,0,0,1,10,2,2,0,0,0,0,200,200,200,22,18,0,49,200
0,200,20,0,0,0,1,10,2,2,0,0,0,0,200,200,200,22,18,0,52,200
0,200,30,0,0,0,1,0,5,2,0,0,0,0,200,200,200,17,16,1,18,200
0,200,30,0,0,0,1,0,5,2,0,0,0,0,200,200,200,17,16,0,23,200
1,200,30,0,0,0,1,0,5,2,0,0,0,0,200,200,200,17,16,1,200,200
0,200,30,1,2,0,1,12,5,200,0,0,0,0,200,200,200,17,21,1,23,200
0,200,30,1,2,0,1,12,5,200,0,0,0,0,200,200,200,17,21,0,28,200
0,200,5,0,0,0,1,0,7,0,0,0,0,1,200,200,200,0,0,0,43,200
0,200,5,0,0,0,1,0,7,0,0,0,0,1,200,200,200,0,0,0,19,200
0,1,30,0,3,0,1,10,3,4,0,0,0,0,200,200,200,18,18,0,49,200
0,1,30,0,3,0,1,10,3,4,0,0,0,0,200,200,200,18,18,0,200,200
0,200,30,0,0,0,1,7,5,2,1,0,0,1,200,200,200,25,11,1,59,200
0,200,30,1,2,0,1,14,3,200,0,0,0,0,1,200,1,21,21,0,200,200
0,200,30,1,2,0,1,14,3,200,0,0,0,0,1,200,1,21,21,0,31,200
0,200,30,1,0,0,1,10,5,200,0,0,0,0,200,200,1,16,200,0,200,200
0,200,30,1,0,0,1,10,5,200,0,0,0,0,200,200,1,16,200,0,31,200
1,200,30,1,0,0,1,10,5,200,0,0,0,0,200,200,1,16,200,1,200,200
0,200,20,0,0,0,1,7,6,200,0,0,0,0,200,200,1,0,0,2,200,200
0,200,30,1,2,0,1,14,5,2,0,0,0,1,1,200,200,17,0,0,23,200
0,200,30,1,2,0,1,14,5,2,0,0,0,1,1,200,200,17,0,1,49,200
0,200,30,1,2,0,1,10,2,4,0,0,200,1,200,200,200,18,200,0,68,200
0,200,30,1,2,0,1,10,2,4,0,0,200,1,200,200,200,18,200,0,44,200
5,200,30,1,2,0,1,9,2,4,0,0,0,1,1,200,200,17,16,0,32,200
0,200,30,1,2,0,1,9,2,4,0,0,0,1,1,200,200,17,16,0,18,200
0,200,30,1,2,0,1,0,2,200,0,0,0,1,1,200,200,0,200,1,50,200
0,200,30,1,2,0,1,0,2,200,0,0,0,1,1,200,200,0,200,0,42,200
1,200,30,1,2,0,1,0,2,200,0,0,0,1,1,200,200,0,200,0,29,200
1,200,30,1,2,0,1,0,2,200,0,0,0,1,1,200,200,0,200,1,5,200
0,200,30,1,2,0,1,14,3,6,0,0,0,1,1,200,200,23,21,0,48,200
0,200,30,1,2,0,1,14,3,6,0,0,0,1,1,200,200,23,21,0,28,200
0,200,30,1,2,0,1,10,5,5,0,200,200,0,200,200,200,18,7,0,37,200
0,200,30,1,2,0,1,10,5,5,0,200,200,0,200,200,200,18,7,0,200,200
1,200,30,1,2,0,1,10,5,5,0,200,200,0,200,200,200,18,7,2,200,200
0,200,20,1,0,0,1,8,6,1,0,0,0,1,200,200,200,22,200,0,47,200
4,200,20,1,0,0,1,8,6,1,0,0,0,1,200,200,200,22,200,0,56,200
1,200,20,1,0,0,1,8,6,1,0,0,0,1,200,200,200,22,200,1,33,200
0,200,30,1,2,0,1,14,5,2,0,0,0,0,1,200,200,22,22,0,31,200
0,200,30,1,2,0,1,14,5,2,0,0,0,0,1,200,200,22,22,1,70,200
1,200,30,1,2,0,1,14,5,2,0,0,0,0,1,200,200,22,22,1,74,200
0,200,25,0,0,0,1,2,12,1,0,0,0,0,200,200,200,0,0,0,71,200
0,200,30,1,2,0,1,10,2,2,0,0,0,1,0,200,200,18,16,0,52,200
0,200,30,1,2,0,1,10,2,2,0,0,0,1,0,200,200,18,16,0,20,200
0,200,15,1,2,0,1,11,7,2,0,0,0,1,1,200,1,20,0,0,200,200
0,200,15,1,2,0,1,11,7,2,0,0,0,1,1,200,1,20,0,1,60,200
0,200,30,1,2,0,1,11,5,4,0,0,0,1,200,200,1,0,0,2,200,200
0,200,30,1,2,0,1,11,5,4,0,0,0,1,200,200,1,0,0,1,51,200
0,200,30,0,0,0,1,10,7,2,0,0,0,0,200,200,200,20,200,0,31,200
0,200,30,0,0,0,1,10,7,2,0,0,0,0,200,200,200,20,200,0,24,200
1,200,30,0,0,0,1,10,7,2,0,0,0,0,200,200,200,20,200,1,24,200
0,200,30,200,200,0,1,7,200,200,0,200,200,0,200,200,1,200,200,2,200,200
0,200,30,0,0,0,1,9,5,2,0,0,0,1,200,200,200,200,200,1,47,200
5,200,30,0,0,0,1,9,5,2,0,0,0,1,200,200,200,200,200,0,10,200
1,200,30,0,0,0,1,9,5,2,0,0,0,1,200,200,200,200,200,0,10,200
0,200,30,1,2,0,1,10,5,5,0,0,0,0,200,200,1,16,0,0,200,200
0,200,30,1,2,0,1,10,5,5,0,0,0,0,200,200,1,16,0,1,55,200
0,200,15,0,0,0,1,12,7,2,0,0,0,0,200,1,200,0,0,1,28,200
0,200,15,0,0,0,1,12,7,2,0,0,0,0,200,1,200,0,0,0,24,200
0,200,30,0,200,0,1,14,2,4,0,0,200,0,200,200,200,17,17,0,20,200
0,200,30,0,200,0,1,14,2,4,0,0,200,0,200,200,200,17,17,0,43,200
0,200,30,2,2,0,1,14,2,200,0,0,0,1,1,200,200,17,17,0,19,200
0,200,30,2,2,0,1,14,2,200,0,0,0,1,1,200,200,17,17,0,28,200
1,200,30,2,2,0,1,14,2,200,0,0,0,1,1,200,200,17,17,0,50,200
1,200,30,2,2,0,1,14,2,200,0,0,0,1,1,200,200,17,17,1,27,200
0,200,30,0,0,0,1,10,5,200,0,0,0,0,200,200,200,18,0,1,16,200
0,200,30,0,0,0,1,10,5,200,0,0,0,0,200,200,200,18,0,0,37,200
0,200,30,1,2,0,1,12,6,2,0,0,0,0,200,200,1,17,17,2,200,200
0,200,30,1,2,0,1,12,6,2,0,0,0,0,200,200,1,17,17,0,200,200
0,200,30,0,0,0,1,7,5,4,0,0,0,0,200,200,200,23,200,0,63,200
0,200,25,2,0,0,1,0,5,200,0,0,0,1,200,200,1,200,200,0,200,200
0,200,25,2,0,0,1,0,5,200,0,0,0,1,200,200,1,200,200,0,24,200
1,200,25,2,0,0,1,0,5,200,0,0,0,1,200,200,1,200,200,1,21,200
0,200,35,1,2,0,1,10,2,2,0,0,0,1,200,200,200,6,18,1,30,200
0,200,35,1,2,0,1,10,2,2,0,0,0,1,200,200,200,6,18,0,37,200
1,200,35,1,2,0,1,10,2,2,0,0,0,1,200,200,200,6,18,0,27,200
0,200,30,12,0,0,1,10,2,200,0,0,0,0,200,200,200,18,18,0,20,200
0,200,30,12,0,0,1,10,2,200,0,0,0,0,200,200,200,18,18,0,34,200
0,200,30,1,2,0,1,10,2,4,0,0,0,0,200,200,200,18,0,0,21,200
0,200,30,1,2,0,1,10,2,4,0,0,0,0,200,200,200,18,0,1,51,200
0,200,30,1,2,0,1,0,6,0,0,0,0,1,1,200,200,6,17,1,22,200
0,200,30,1,2,0,1,0,6,0,0,0,0,1,1,200,200,6,17,0,56,200
1,200,30,1,2,0,1,0,6,0,0,0,0,1,1,200,200,6,17,0,23,200
1,200,30,1,2,0,1,0,6,0,0,0,0,1,1,200,200,6,17,1,20,200
0,200,0,0,0,0,1,0,7,200,0,0,12,0,200,200,200,20,200,0,25,200
0,200,0,0,0,0,1,0,7,200,0,0,12,0,200,200,200,20,200,0,58,200
0,200,10,0,0,0,1,0,7,200,0,0,200,0,200,1,200,17,0,1,29,200
0,200,10,0,0,0,1,0,7,200,0,0,200,0,200,1,200,17,0,0,21,200
0,200,30,2,2,0,1,12,5,2,0,0,0,0,200,200,200,17,22,0,62,200
0,200,30,2,2,0,1,12,5,2,0,0,0,0,200,200,200,17,22,1,28,200
0,200,20,2,0,0,1,10,12,1,0,0,0,0,200,200,200,18,7,1,60,200
0,200,20,2,0,0,1,10,12,1,0,0,0,0,200,200,200,18,7,1,35,200
0,200,30,0,0,0,1,11,5,200,0,0,200,0,200,200,1,0,0,0,200,200
0,200,30,0,0,0,1,11,5,200,0,0,200,0,200,200,1,0,0,0,33,200
1,200,30,0,0,0,1,11,5,200,0,0,200,0,200,200,1,0,0,0,200,200
1,200,30,0,0,0,1,11,5,200,0,0,200,0,200,200,1,0,0,0,200,200
0,200,35,0,0,0,1,7,5,2,0,0,0,0,200,200,200,0,0,0,62,200
0,200,30,0,0,0,1,9,2,2,0,0,0,1,200,200,1,200,200,0,200,200
5,200,30,0,0,0,1,9,2,2,0,0,0,1,200,200,1,200,200,0,30,200
0,200,25,0,200,200,3,7,6,1,0,200,0,0,200,200,1,200,200,2,200,200
0,200,5,0,0,0,1,0,7,0,0,0,0,0,200,200,200,0,200,1,20,200
0,200,5,0,0,0,1,0,7,0,0,0,0,0,200,200,200,0,200,0,30,200
1,200,5,0,0,0,1,0,7,0,0,0,0,0,200,200,200,0,200,0,25,200
0,200,30,0,0,0,1,0,5,2,0,0,0,1,200,200,1,25,16,2,200,200
0,200,30,0,0,0,1,0,5,2,0,0,0,1,200,200,1,25,16,0,55,200
1,200,30,0,0,0,1,0,5,2,0,0,0,1,200,200,1,25,16,1,29,200
0,200,30,1,2,0,1,12,5,200,0,0,0,0,200,200,200,21,8,1,200,200
0,200,30,1,2,0,1,12,5,200,0,0,0,0,200,200,200,21,8,0,23,200
1,200,45,0,0,0,1,10,6,3,0,0,0,0,200,200,200,0,200,0,200,200
0,200,45,0,0,0,1,10,6,3,0,0,0,0,200,200,200,0,200,0,200,200
0,200,45,0,0,0,1,10,6,3,0,0,0,0,200,200,200,0,200,0,200,200
1,200,45,0,0,0,1,10,6,3,0,0,0,0,200,200,200,0,200,0,200,200
1,200,45,0,0,0,1,10,6,3,0,0,0,0,200,200,200,0,200,1,200,200
1,200,45,0,0,0,1,10,6,3,0,0,0,0,200,200,200,0,200,0,200,200
1,200,45,0,0,0,1,10,6,3,0,0,0,0,200,200,200,0,200,1,200,200
1,200,45,0,0,0,1,10,6,3,0,0,0,0,200,200,200,0,200,1,200,200
1,200,45,0,0,0,1,10,6,3,0,0,0,0,200,200,200,0,200,0,200,200
0,200,15,0,0,0,1,7,7,200,0,0,0,0,200,1,200,21,200,2,200,200
0,1,35,0,0,0,1,2,6,4,2,0,0,1,200,200,0,0,0,2,200,200
0,200,30,0,0,0,1,12,5,200,0,0,0,0,200,200,200,17,200,0,83,200
0,200,30,0,0,0,1,12,5,200,0,0,0,0,200,200,200,17,200,0,48,200
1,200,30,0,0,0,1,12,5,200,0,0,0,0,200,200,200,17,200,1,48,200
0,200,30,200,200,0,1,10,5,2,0,0,200,0,200,200,200,18,18,1,34,200
0,200,30,200,200,0,1,10,5,2,0,0,200,0,200,200,200,18,18,1,49,200
0,200,35,0,0,0,1,7,7,200,0,1,0,0,200,200,1,0,200,0,66,200
0,200,30,0,0,0,1,12,5,200,0,0,0,1,200,200,1,200,200,1,200,200
0,200,30,0,0,0,1,12,5,200,0,0,0,1,200,200,1,200,200,0,42,200
0,200,30,1,2,0,1,5,3,2,0,0,0,0,200,200,200,200,200,0,41,200
0,200,30,2,2,0,1,14,5,200,0,0,0,0,1,200,200,5,11,0,67,200
0,200,30,2,2,0,1,14,5,200,0,0,0,0,1,200,200,5,11,0,28,200
0,200,30,2,0,0,1,0,5,2,0,0,0,1,1,200,200,5,22,0,200,200
0,200,30,2,0,0,1,0,5,2,0,0,0,1,1,200,200,5,22,1,26,200
1,200,30,2,0,0,1,0,5,2,0,0,0,1,1,200,200,5,22,0,7,200
0,200,30,0,0,0,1,7,6,1,0,0,0,0,200,200,1,0,0,2,200,200
0,200,30,1,2,0,1,4,5,4,0,0,0,1,200,200,200,18,0,0,24,200
1,200,30,1,2,0,1,4,5,4,0,0,0,1,200,200,200,18,0,0,24,200
0,200,30,1,2,0,1,12,2,2,0,0,0,0,200,200,200,21,0,0,200,200
0,200,30,1,2,0,1,12,2,2,0,0,0,0,200,200,200,21,0,0,20,200
1,200,30,1,2,0,1,12,2,2,0,0,0,0,200,200,200,21,0,1,19,200
0,200,30,0,0,0,1,12,5,200,0,0,0,0,200,200,200,21,200,0,26,200
0,200,30,0,0,0,1,12,5,200,0,0,0,0,200,200,200,21,200,0,41,200
0,200,35,0,0,0,1,7,5,200,0,0,0,0,200,200,1,0,200,2,200,200
0,200,20,1,2,0,1,12,5,2,0,0,0,0,200,200,1,22,200,1,200,200
0,200,20,1,2,0,1,12,5,2,0,0,0,0,200,200,1,22,200,0,31,200
1,200,20,1,2,0,1,12,5,2,0,0,0,0,200,200,1,22,200,1,51,200
0,200,30,0,3,0,1,7,5,4,2,0,0,0,200,200,1,0,0,2,200,200
0,200,30,2,2,0,1,0,5,0,0,0,0,1,1,200,200,0,0,1,41,200
0,200,30,2,2,0,1,0,5,0,0,0,0,1,1,200,200,0,0,0,27,200
0,200,30,0,0,0,1,7,5,2,0,0,0,0,200,200,200,0,200,0,52,200
0,200,35,0,200,0,2,0,0,1,0,0,200,0,1,200,1,0,0,2,200,200
0,200,35,0,200,0,2,0,0,1,0,0,200,0,1,200,1,0,0,1,25,200
0,200,30,0,0,0,1,2,3,200,0,1,0,0,200,200,200,0,0,1,22,200
0,200,30,2,2,0,1,7,6,200,0,0,0,0,200,200,1,0,0,2,200,200
0,200,30,1,2,0,1,10,5,200,0,0,0,0,200,200,200,27,18,0,38,200
0,200,30,1,2,0,1,10,5,200,0,0,0,0,200,200,200,27,18,1,59,200
1,200,30,1,2,0,1,10,5,200,0,0,0,0,200,200,200,27,18,0,20,200
0,200,30,1,2,0,1,12,5,3,0,0,0,0,1,200,1,16,21,0,42,200
0,200,30,1,2,0,1,12,5,3,0,0,0,0,1,200,1,16,21,1,200,200
0,200,20,0,0,1,1,0,0,1,0,0,0,0,200,200,200,0,17,0,28,200
0,200,20,0,0,1,1,0,0,1,0,0,0,0,200,200,200,0,17,1,42,200
0,200,25,2,2,0,1,0,5,2,0,0,0,1,1,200,200,17,5,0,40,200
0,200,25,2,2,0,1,0,5,2,0,0,0,1,1,200,200,17,5,1,25,200
1,200,25,2,2,0,1,0,5,2,0,0,0,1,1,200,200,17,5,1,54,200
1,200,25,2,2,0,1,0,5,2,0,0,0,1,1,200,200,17,5,1,4,200
0,200,30,0,0,0,1,7,6,1,0,0,0,0,200,200,1,0,200,2,200,200
0,200,10,0,0,0,1,7,7,200,0,200,200,0,200,200,1,0,0,2,200,200
0,200,30,1,2,0,1,12,6,4,0,0,0,0,1,200,200,22,11,0,22,200
0,200,30,1,2,0,1,12,6,4,0,0,0,0,1,200,200,22,11,0,33,200
0,200,30,0,0,0,1,12,5,200,0,0,0,0,1,200,200,200,200,0,39,200
0,200,30,0,0,0,1,12,5,200,0,0,0,0,1,200,200,200,200,0,60,200
0,200,25,1,2,0,1,14,5,200,0,0,0,0,200,200,200,17,200,1,26,200
0,200,25,1,2,0,1,14,5,200,0,0,0,0,200,200,200,17,200,0,34,200
0,200,30,0,0,0,1,5,0,1,0,0,0,0,200,200,200,17,200,0,28,200
1,200,30,0,0,0,1,5,0,1,0,0,0,0,200,200,200,17,200,0,29,200
0,200,35,1,2,0,1,11,2,4,0,0,3,1,200,200,200,0,0,0,23,200
0,200,35,1,2,0,1,11,2,4,0,0,3,1,200,200,200,0,0,1,48,200
1,200,35,1,2,0,1,11,2,4,0,0,3,1,200,200,200,0,0,1,15,200
0,200,30,1,200,2,3,10,5,2,0,1,200,1,200,200,200,15,16,1,30,200
0,200,30,1,200,2,3,10,5,2,0,1,200,1,200,200,200,15,16,0,46,200
0,200,25,0,0,0,1,12,5,200,0,0,0,0,200,200,200,200,200,1,24,200
0,200,25,0,0,0,1,12,5,200,0,0,0,0,200,200,200,200,200,1,19,200
1,200,25,0,0,0,1,12,5,200,0,0,0,0,200,200,200,200,200,0,22,200
0,200,30,2,0,0,1,5,5,2,0,0,0,0,1,200,1,14,16,1,200,200
0,200,30,0,0,2,4,7,5,200,0,1,200,0,200,200,1,0,0,1,200,200
0,200,30,0,0,0,1,12,2,200,0,0,0,0,200,200,200,21,200,1,28,200
0,200,30,0,0,0,1,12,2,200,0,0,0,0,200,200,200,21,200,0,51,200
1,200,30,0,0,0,1,12,2,200,0,0,0,0,200,200,200,21,200,1,200,200
1,200,30,0,0,0,1,12,2,200,0,0,0,0,200,200,200,21,200,1,200,200
1,200,30,0,0,0,1,12,2,200,0,0,0,0,200,200,200,21,200,200,200,200
0,200,30,1,1,0,1,10,6,200,0,0,0,0,200,200,200,17,16,0,31,200
0,200,30,1,1,0,1,10,6,200,0,0,0,0,200,200,200,17,16,1,37,200
0,200,30,0,0,0,1,7,7,3,0,0,0,0,200,200,200,0,0,1,60,200
1,200,30,0,0,0,1,7,7,3,0,0,0,0,200,200,200,0,0,1,31,200
0,200,30,2,2,0,1,0,5,0,0,0,0,1,1,200,1,25,200,2,200,200
0,200,30,2,2,0,1,0,5,0,0,0,0,1,1,200,1,25,200,0,26,200
0,200,30,0,0,0,1,2,0,1,0,0,0,0,200,1,1,11,0,2,200,200
0,200,35,1,2,0,1,0,5,2,0,0,0,1,1,200,200,6,200,0,55,200
0,200,35,1,2,0,1,0,5,2,0,0,0,1,1,200,200,6,200,0,23,200
1,200,35,1,2,0,1,0,5,2,0,0,0,1,1,200,200,6,200,1,200,200
1,200,35,1,2,0,1,0,5,2,0,0,0,1,1,200,200,6,200,1,200,200
1,200,35,1,2,0,1,0,5,2,0,0,0,1,1,200,200,6,200,1,200,200
1,200,35,1,2,0,1,0,5,2,0,0,0,1,1,200,200,6,200,1,200,200
1,200,35,1,2,0,1,0,5,2,0,0,0,1,1,200,200,6,200,0,21,200
1,200,35,1,2,0,1,0,5,2,0,0,0,1,1,200,200,6,200,0,20,200
0,200,30,1,2,0,1,12,5,2,0,0,0,0,200,200,1,21,27,0,200,200
0,200,30,1,2,0,1,12,5,2,0,0,0,0,200,200,1,21,27,0,51,200
0,200,30,0,0,0,1,7,5,200,0,0,0,0,200,200,200,0,0,0,31,200
0,200,35,0,0,0,4,2,5,2,0,0,200,1,200,1,200,11,0,0,55,200
0,200,20,0,0,1,4,7,5,2,0,1,0,0,200,200,200,8,200,0,29,200
1,200,20,0,0,1,4,7,5,2,0,1,0,0,200,200,200,8,200,0,200,200
0,200,30,0,0,0,3,7,5,4,0,0,0,0,200,200,200,8,200,0,24,200
0,200,30,0,0,0,4,9,6,1,0,0,0,1,200,200,200,0,0,0,25,200
5,200,30,0,0,0,4,9,6,1,0,0,0,1,200,200,200,0,0,0,7,200
0,200,15,0,0,0,1,7,6,1,0,0,0,0,200,200,1,14,0,0,200,200
0,200,30,0,0,0,3,7,5,2,0,0,0,0,200,200,200,200,200,1,25,200
1,200,30,0,0,0,3,7,5,2,0,0,0,0,200,200,200,200,200,0,200,200
0,200,15,0,0,0,1,7,6,1,0,0,0,0,200,200,1,14,0,0,200,200
0,200,20,2,2,0,3,14,5,2,0,0,0,0,200,200,200,22,23,1,20,200
0,200,20,2,2,0,3,14,5,2,0,0,0,0,200,200,200,22,23,0,36,200
0,200,30,0,0,0,4,10,6,1,0,0,0,0,200,200,200,0,200,0,71,200
0,200,30,0,0,0,4,10,6,1,0,0,0,0,200,200,200,0,200,0,43,200
1,200,30,0,0,0,4,10,6,1,0,0,0,0,200,200,200,0,200,0,200,200
0,200,30,1,2,0,3,14,5,4,0,0,0,1,1,200,200,14,16,0,34,200
0,200,30,1,2,0,3,14,5,4,0,0,0,1,1,200,200,14,16,1,48,200
0,200,35,1,2,0,3,14,5,200,0,0,0,1,1,200,200,11,200,1,17,200
0,200,35,1,2,0,3,14,5,200,0,0,0,1,1,200,200,11,200,1,28,200
1,200,35,1,2,0,3,14,5,200,0,0,0,1,1,200,200,11,200,0,19,200
1,200,35,1,2,0,3,14,5,200,0,0,0,1,1,200,200,11,200,1,19,200
1,200,35,1,2,0,3,14,5,200,0,0,0,1,1,200,200,11,200,1,21,200
1,200,35,1,2,0,3,14,5,200,0,0,0,1,1,200,200,11,200,1,33,200
1,200,35,1,2,0,3,14,5,200,0,0,0,1,1,200,200,11,200,1,6,200
1,200,35,1,2,0,3,14,5,200,0,0,0,1,1,200,200,11,200,1,46,200
1,200,35,1,2,0,3,14,5,200,0,0,0,1,1,200,200,11,200,0,9,200
1,200,35,1,2,0,3,14,5,200,0,0,0,1,1,200,200,11,200,0,7,200
0,200,35,1,2,0,4,9,5,2,0,0,12,1,200,1,200,32,0,1,30,0.21
5,200,35,1,2,0,4,9,5,2,0,0,12,1,200,1,200,32,0,0,36,200
0,200,30,0,0,0,200,7,5,2,0,0,200,0,200,200,1,0,0,2,200,200
0,200,10,0,0,0,0,7,7,200,0,1,0,0,200,200,200,20,200,1,25,200
0,200,30,0,0,2,3,7,5,2,0,1,0,0,200,200,1,20,0,0,200,200
0,200,30,0,0,2,3,8,5,200,0,1,0,1,200,200,200,23,200,0,29,200
4,200,30,0,0,2,3,8,5,200,0,1,0,1,200,200,200,23,200,0,47,200
0,200,30,0,0,0,3,12,5,200,0,0,0,0,200,200,1,0,0,2,200,200
0,200,30,0,0,0,3,12,5,200,0,0,0,0,200,200,1,0,0,1,25,200
1,200,30,0,0,0,3,12,5,200,0,0,0,0,200,200,1,0,0,1,28,200
1,200,30,0,0,0,3,12,5,200,0,0,0,0,200,200,1,0,0,0,27,200
0,200,30,3,2,2,3,12,5,200,0,1,0,1,200,200,200,0,0,0,44,200
0,200,30,3,2,2,3,12,5,200,0,1,0,1,200,200,200,0,0,1,36,200
0,200,30,1,2,0,3,10,2,200,0,0,0,0,200,200,200,18,0,0,24,200
0,200,30,1,2,0,3,10,2,200,0,0,0,0,200,200,200,18,0,0,52,200
0,200,30,0,0,2,3,9,6,1,0,1,0,1,200,200,200,17,0,0,53,200
5,200,30,0,0,2,3,9,6,1,0,1,0,1,200,200,200,17,0,1,10,200
0,200,30,0,0,2,3,12,2,4,0,1,0,0,200,200,200,23,11,1,20,200
0,200,30,0,0,2,3,12,2,4,0,1,0,0,200,200,200,23,11,0,38,200
1,200,30,0,0,2,3,12,2,4,0,1,0,0,200,200,200,23,11,0,200,200
1,200,30,0,0,2,3,12,2,4,0,1,0,0,200,200,200,23,11,0,200,200
1,200,30,0,0,2,3,12,2,4,0,1,0,0,200,200,200,23,11,0,200,200
0,200,30,0,0,0,3,9,5,4,0,0,0,0,200,200,200,0,200,0,38,200
5,200,30,0,0,0,3,9,5,4,0,0,0,0,200,200,200,0,200,0,200,200
0,200,30,0,0,0,3,10,3,4,0,0,0,0,200,200,1,18,0,1,200,200
0,200,30,0,0,0,3,10,3,4,0,0,0,0,200,200,1,18,0,0,24,200
0,200,30,1,2,0,4,12,5,4,0,0,0,0,1,200,200,22,0,0,200,200
0,200,30,1,2,0,4,12,5,4,0,0,0,0,1,200,200,22,0,1,25,200
1,200,30,1,2,0,4,12,5,4,0,0,0,0,1,200,200,22,0,1,25,200
0,200,30,1,2,0,3,10,5,2,0,0,0,0,200,200,200,18,200,0,200,200
0,200,30,1,2,0,3,10,5,2,0,0,0,0,200,200,200,18,200,0,24,200
0,200,30,1,2,2,3,0,2,2,0,1,0,0,200,200,200,0,19,1,31,200
0,200,30,1,2,2,3,0,2,2,0,1,0,0,200,200,200,0,19,1,28,200
1,200,30,1,2,2,3,0,2,2,0,1,0,0,200,200,200,0,19,0,29,200
0,200,30,200,200,0,1,12,2,2,0,0,0,0,1,200,200,22,0,0,49,200
0,200,30,200,200,0,1,12,2,2,0,0,0,0,1,200,200,22,0,0,58,200
1,200,30,200,200,0,1,12,2,2,0,0,0,0,1,200,200,22,0,1,57,200
0,0,20,0,0,2,3,7,6,1,0,1,0,1,200,200,1,200,200,2,200,200
0,200,30,0,0,2,3,2,3,2,0,0,0,1,200,200,200,15,33,0,38,200
0,200,30,2,2,2,3,9,5,2,0,1,0,1,200,200,1,200,200,2,200,200
5,200,30,2,2,2,3,9,5,2,0,1,0,1,200,200,1,200,200,0,19,200
0,200,30,0,0,2,3,0,7,200,0,1,0,0,200,200,200,0,0,1,25,200
0,200,30,0,0,2,3,0,7,200,0,1,0,0,200,200,200,0,0,0,53,200
0,200,35,1,2,2,3,14,3,4,0,1,0,1,1,200,200,0,0,1,19,200
0,200,35,1,2,2,3,14,3,4,0,1,0,1,1,200,200,0,0,0,43,200
1,200,35,1,2,2,3,14,3,4,0,1,0,1,1,200,200,0,0,200,200,200
0,200,30,0,0,2,3,2,3,1,0,1,2,1,200,200,200,0,200,2,200,200
0,200,30,0,0,2,0,7,5,2,0,1,0,0,200,200,1,0,0,0,200,200
0,200,30,2,2,2,3,10,5,200,0,1,0,0,200,200,200,200,200,0,37,200
0,200,30,2,2,2,3,10,5,200,0,1,0,0,200,200,200,200,200,1,37,200
1,200,30,2,2,2,3,10,5,200,0,1,0,0,200,200,200,200,200,1,10,200
0,200,30,0,0,0,3,8,5,2,0,0,0,1,200,200,200,23,23,0,29,200
4,200,30,0,0,0,3,8,5,2,0,0,0,1,200,200,200,23,23,0,47,200
0,200,30,0,0,2,3,14,2,2,0,1,0,1,200,200,200,23,17,0,30,200
0,200,30,0,0,2,3,14,2,2,0,1,0,1,200,200,200,23,17,0,200,200
0,200,35,1,2,2,3,10,3,2,0,1,200,1,200,200,1,34,200,2,200,200
0,200,35,1,2,2,3,10,3,2,0,1,200,1,200,200,1,34,200,0,24,200
0,200,35,1,2,2,3,10,3,2,0,1,200,1,200,200,1,34,200,1,34,200
1,200,35,1,2,2,3,10,3,2,0,1,200,1,200,200,1,34,200,0,200,200
0,200,30,0,0,0,1,14,5,4,0,0,0,0,200,200,200,18,200,0,200,200
0,200,30,0,0,0,1,14,5,4,0,0,0,0,200,200,200,18,200,1,200,200
0,1,30,0,0,2,0,7,6,200,0,1,200,0,200,200,1,0,0,0,200,200
0,200,30,0,0,2,3,7,5,2,0,1,0,0,200,200,1,16,20,0,200,200
0,200,30,1,2,2,3,3,5,2,0,1,0,0,200,200,200,0,200,0,30,200
0,200,30,1,2,2,3,3,5,2,0,1,0,0,200,200,200,0,200,0,24,200
0,200,30,1,2,2,3,12,2,2,0,1,200,0,200,200,200,11,22,1,200,200
0,200,30,1,2,2,3,12,2,2,0,1,200,0,200,200,200,11,22,0,47,200
0,1,30,2,2,2,3,10,5,2,0,1,0,0,1,200,200,16,200,0,17,200
0,1,30,2,2,2,3,10,5,2,0,1,0,0,1,200,200,16,200,0,57,200
1,1,30,2,2,2,3,10,5,2,0,1,0,0,1,200,200,16,200,200,200,200
1,1,30,2,2,2,3,10,5,2,0,1,0,0,1,200,200,16,200,0,200,200
1,1,30,2,2,2,3,10,5,2,0,1,0,0,1,200,200,16,200,1,200,200