PERSON_TYPE,CRASH_DATE_EST_I,POSTED_SPEED_LIMIT,TRAFFIC_CONTROL_DEVICE,DEVICE_CONDITION,WEATHER_CONDITION,LIGHTING_CONDITION,FIRST_CRASH_TYPE,TRAFFICWAY_TYPE,LANE_CNT,ALIGNMENT,ROADWAY_SURFACE_COND,ROAD_DEFECT,CRASH_TYPE,INTERSECTION_RELATED_I,NOT_RIGHT_OF_WAY_I,HIT_AND_RUN_I,PRIM_CONTRIBUTORY_CAUSE,SEC_CONTRIBUTORY_CAUSE,SEX,AGE,BAC_RESULT VALUE
1,1,30,2,2,2,3,10,5,2,0,1,0,0,1,200,200,16,200,1,200,200
1,1,30,2,2,2,3,10,5,2,0,1,0,0,1,200,200,16,200,1,200,200
0,200,30,1,2,2,3,14,3,4,0,1,0,1,1,200,200,17,0,1,21,200
0,200,30,1,2,2,3,14,3,4,0,1,0,1,1,200,200,17,0,0,49,200
5,200,30,1,2,2,3,9,5,2,0,1,0,1,1,200,200,6,200,0,52,200
0,200,30,1,2,2,3,9,5,2,0,1,0,1,1,200,200,6,200,0,25,200
0,1,30,2,0,2,3,14,2,4,0,1,0,1,200,200,200,0,21,0,26,200
0,1,30,2,0,2,3,14,2,4,0,1,0,1,200,200,200,0,21,1,32,200
1,1,30,2,0,2,3,14,2,4,0,1,0,1,200,200,200,0,21,1,19,200
0,1,30,1,2,2,3,10,5,2,0,1,200,0,200,200,1,18,16,1,200,200
0,1,30,1,2,2,3,10,5,2,0,1,200,0,200,200,1,18,16,1,29,200
0,1,30,1,2,2,3,10,5,2,0,1,200,0,200,200,1,18,16,1,30,200
0,200,15,0,0,0,0,10,0,200,0,0,0,0,200,200,200,20,200,0,39,200
0,200,15,0,0,0,0,10,0,200,0,0,0,0,200,200,200,20,200,0,27,200
0,200,30,1,2,2,3,14,12,200,0,1,0,1,1,200,200,17,0,0,44,200
0,200,30,1,2,2,3,14,12,200,0,1,0,1,1,200,200,17,0,1,20,200
0,200,35,1,200,2,3,10,5,200,0,1,0,0,200,200,1,0,0,0,200,200
0,200,35,1,200,2,3,10,5,200,0,1,0,0,200,200,1,0,0,0,50,200
0,200,30,0,0,0,1,7,5,2,0,0,0,0,200,200,1,200,200,2,200,200
0,200,30,2,2,2,3,14,4,3,0,1,0,0,1,200,200,17,34,0,36,200
0,200,30,2,2,2,3,14,4,3,0,1,0,0,1,200,200,17,34,1,44,200
0,200,20,0,0,2,3,7,6,1,0,1,0,0,200,200,1,14,0,1,200,200
0,200,30,0,0,2,3,7,5,2,0,1,0,0,200,200,1,16,11,0,200,200
0,200,30,1,2,2,0,10,3,4,0,1,0,1,1,200,200,16,18,0,48,200
0,200,30,1,2,2,0,10,3,4,0,1,0,1,1,200,200,16,18,1,22,200
1,200,30,1,2,2,0,10,3,4,0,1,0,1,1,200,200,16,18,1,55,200
1,200,30,1,2,2,0,10,3,4,0,1,0,1,1,200,200,16,18,1,60,200
5,200,30,0,0,2,3,9,5,4,0,1,0,1,200,200,200,6,200,0,200,200
0,200,30,0,0,2,3,9,5,4,0,1,0,1,200,200,200,6,200,0,21,200
1,200,30,0,0,2,3,9,5,4,0,1,0,1,200,200,200,6,200,1,20,200
0,200,35,1,2,2,3,7,2,2,0,1,0,1,200,200,200,12,12,0,29,200
1,200,35,1,2,2,3,7,2,2,0,1,0,1,200,200,200,12,12,1,21,200
0,200,35,1,2,2,3,12,5,6,0,1,3,0,200,200,200,0,0,0,200,200
0,200,35,1,2,2,3,12,5,6,0,1,3,0,200,200,200,0,0,0,40,200
1,200,35,1,2,2,3,12,5,6,0,1,3,0,200,200,200,0,0,0,200,200
1,200,35,1,2,2,3,12,5,6,0,1,3,0,200,200,200,0,0,0,200,200
0,200,35,1,2,2,3,0,2,6,0,1,200,1,1,200,200,16,200,0,34,0.44
0,200,35,1,2,2,3,0,2,6,0,1,200,1,1,200,200,16,200,1,68,200
1,200,35,1,2,2,3,0,2,6,0,1,200,1,1,200,200,16,200,0,66,200
0,200,35,0,200,0,1,7,6,200,0,0,200,0,200,200,1,0,0,0,200,200
0,200,30,0,0,2,3,10,5,2,0,1,0,1,200,200,200,18,0,0,20,200
0,200,30,0,0,2,3,10,5,2,0,1,0,1,200,200,200,18,0,0,32,200
1,200,30,0,0,2,3,10,5,2,0,1,0,1,200,200,200,18,0,1,16,200
1,200,30,0,0,2,3,10,5,2,0,1,0,1,200,200,200,18,0,0,16,200
1,200,30,0,0,2,3,10,5,2,0,1,0,1,200,200,200,18,0,0,20,200
0,200,25,0,0,0,3,10,5,1,0,0,0,0,200,200,200,18,0,0,25,200
0,200,25,0,0,0,3,10,5,1,0,0,0,0,200,200,200,18,0,0,31,200
0,200,30,1,2,2,0,10,3,2,0,1,0,0,1,200,200,18,34,0,39,200
0,200,30,1,2,2,0,10,3,2,0,1,0,0,1,200,200,18,34,0,25,200
0,200,30,0,0,2,3,10,2,2,0,1,0,0,200,200,1,18,34,0,200,200
0,200,30,0,0,2,3,10,2,2,0,1,0,0,200,200,1,18,34,0,200,200
0,200,30,0,0,2,3,10,2,2,0,1,0,0,200,200,1,18,34,1,28,200
0,1,30,0,0,2,3,9,6,2,0,1,0,1,200,200,1,0,0,2,200,200
5,1,30,0,0,2,3,9,6,2,0,1,0,1,200,200,1,0,0,0,3,200
0,200,30,1,2,2,3,12,2,8,0,1,0,0,1,200,200,23,0,0,24,200
0,200,30,1,2,2,3,12,2,8,0,1,0,0,1,200,200,23,0,1,31,200
0,0,30,0,0,0,4,7,6,1,0,0,0,0,200,200,200,0,200,2,200,200
0,200,30,1,2,2,3,14,5,4,0,1,0,1,1,200,200,17,34,0,19,200
0,200,30,1,2,2,3,14,5,4,0,1,0,1,1,200,200,17,34,0,28,200
1,200,30,1,2,2,3,14,5,4,0,1,0,1,1,200,200,17,34,0,18,200
1,200,30,1,2,2,3,14,5,4,0,1,0,1,1,200,200,17,34,1,27,200
5,200,30,2,2,2,3,9,5,200,0,1,0,1,1,200,1,16,34,0,63,200
0,200,30,2,2,2,3,9,5,200,0,1,0,1,1,200,1,16,34,2,200,200
0,200,30,0,0,2,3,12,5,2,0,1,0,0,200,200,200,7,21,0,23,200
0,200,30,0,0,2,3,12,5,2,0,1,0,0,200,200,200,7,21,0,36,200
1,200,30,0,0,2,3,12,5,2,0,1,0,0,200,200,200,7,21,200,200,200
1,200,30,0,0,2,3,12,5,2,0,1,0,0,200,200,200,7,21,200,200,200
1,200,30,0,0,2,3,12,5,2,0,1,0,0,200,200,200,7,21,200,200,200
0,200,35,1,2,2,3,14,2,3,0,1,0,1,1,200,200,6,200,0,27,200
0,200,35,1,2,2,3,14,2,3,0,1,0,1,1,200,200,6,200,0,23,200
1,200,35,1,2,2,3,14,2,3,0,1,0,1,1,200,200,6,200,1,19,200
1,200,35,1,2,2,3,14,2,3,0,1,0,1,1,200,200,6,200,1,27,200
0,200,30,1,2,2,3,14,5,4,0,1,0,1,1,200,200,17,0,0,70,200
0,200,30,1,2,2,3,14,5,4,0,1,0,1,1,200,200,17,0,0,19,200
5,200,30,2,2,2,3,9,5,2,0,1,0,1,1,200,200,17,16,0,40,200
0,200,30,2,2,2,3,9,5,2,0,1,0,1,1,200,200,17,16,1,32,200
0,200,30,1,2,2,3,10,2,200,0,1,0,0,200,200,1,0,0,0,200,200
0,200,30,1,2,2,3,10,2,200,0,1,0,0,200,200,1,0,0,1,56,200
0,200,30,0,0,2,3,5,3,4,0,1,0,1,200,200,200,0,0,0,59,200
0,200,25,0,0,2,3,12,6,200,0,1,0,0,200,200,200,8,0,0,43,200
0,200,25,0,0,2,3,12,6,200,0,1,0,0,200,200,200,8,0,1,22,200
1,200,25,0,0,2,3,12,6,200,0,1,0,0,200,200,200,8,0,1,51,200
1,200,25,0,0,2,3,12,6,200,0,1,0,0,200,200,200,8,0,1,14,200
0,200,40,0,0,2,3,12,3,4,0,1,0,0,200,200,1,34,25,0,200,200
0,200,40,0,0,2,3,12,3,4,0,1,0,0,200,200,1,34,25,1,24,200
0,200,30,0,0,2,3,3,5,200,0,1,0,1,200,200,200,17,200,1,31,200
0,200,30,0,0,2,3,3,5,200,0,1,0,1,200,200,200,17,200,0,65,200
1,200,30,0,0,2,3,3,5,200,0,1,0,1,200,200,200,17,200,0,31,200
1,200,30,0,0,2,3,3,5,200,0,1,0,1,200,200,200,17,200,1,37,200
1,200,30,0,0,2,3,3,5,200,0,1,0,1,200,200,200,17,200,2,14,200
1,200,30,0,0,2,3,3,5,200,0,1,0,1,200,200,200,17,200,0,6,200
1,200,30,0,0,2,3,3,5,200,0,1,0,1,200,200,200,17,200,1,12,200
1,200,30,0,0,2,3,3,5,200,0,1,0,1,200,200,200,17,200,0,22,200
1,200,30,0,0,2,3,3,5,200,0,1,0,1,200,200,200,17,200,1,54,200
1,200,30,0,0,2,3,3,5,200,0,1,0,1,200,200,200,17,200,1,18,200
0,200,30,0,0,2,3,12,6,1,0,1,200,0,200,200,1,17,0,2,200,200
0,200,30,0,0,2,3,12,6,1,0,1,200,0,200,200,1,17,0,0,40,200
0,200,30,1,2,2,3,0,2,200,0,1,0,1,200,200,1,0,0,0,200,200
0,200,30,1,2,2,3,0,2,200,0,1,0,1,200,200,1,0,0,1,56,200
1,200,30,1,2,2,3,0,2,200,0,1,0,1,200,200,1,0,0,0,38,200
0,200,35,0,0,2,0,2,200,1,0,1,200,1,200,200,200,34,15,1,20,200
0,200,30,2,0,0,3,0,5,200,0,0,0,1,200,200,1,0,0,1,200,200
0,200,30,2,0,0,3,0,5,200,0,0,0,1,200,200,1,0,0,0,26,200
0,200,35,3,2,2,3,12,2,200,0,1,0,1,1,200,200,16,25,0,38,200
0,200,35,3,2,2,3,12,2,200,0,1,0,1,1,200,200,16,25,0,36,200
1,200,35,3,2,2,3,12,2,200,0,1,0,1,1,200,200,16,25,0,32,200
1,200,35,3,2,2,3,12,2,200,0,1,0,1,1,200,200,16,25,0,32,200
0,200,30,1,2,0,3,10,6,4,0,0,0,0,200,200,200,0,200,1,40,200
0,200,30,1,2,0,3,10,6,4,0,0,0,0,200,200,200,0,200,0,33,200
0,200,30,1,3,2,3,14,2,4,0,1,0,1,1,200,200,32,0,0,31,200
0,200,30,1,3,2,3,14,2,4,0,1,0,1,1,200,200,32,0,1,44,200
0,200,30,0,0,2,3,14,5,2,0,1,0,0,1,200,200,23,16,0,23,200
0,200,30,0,0,2,3,14,5,2,0,1,0,0,1,200,200,23,16,1,18,200
1,200,30,0,0,2,3,14,5,2,0,1,0,0,1,200,200,23,16,1,12,200
1,200,30,0,0,2,3,14,5,2,0,1,0,0,1,200,200,23,16,1,38,200
0,200,30,2,2,2,3,0,5,2,0,1,0,1,1,200,200,5,5,1,66,200
0,200,30,2,2,2,3,0,5,2,0,1,0,1,1,200,200,5,5,1,28,200
0,200,30,1,2,0,1,10,1,200,0,0,0,0,200,200,200,18,0,0,200,200
0,200,30,1,2,0,1,10,1,200,0,0,0,0,200,200,200,18,0,1,23,200
1,200,30,1,2,0,1,10,1,200,0,0,0,0,200,200,200,18,0,1,24,200
1,200,30,1,2,0,1,10,1,200,0,0,0,0,200,200,200,18,0,0,200,200
1,200,30,1,2,0,1,10,1,200,0,0,0,0,200,200,200,18,0,1,200,200
0,200,30,0,0,2,3,10,2,4,0,1,0,0,200,200,1,18,0,2,200,200
0,200,30,0,0,2,3,10,2,4,0,1,0,0,200,200,1,18,0,1,60,200
0,200,30,0,0,2,3,11,2,4,0,1,0,0,200,200,200,10,25,1,200,200
0,200,30,0,0,2,3,11,2,4,0,1,0,0,200,200,200,10,25,1,35,200
1,200,30,0,0,2,3,11,2,4,0,1,0,0,200,200,200,10,25,0,200,200
0,200,40,0,3,2,3,2,3,200,0,1,2,1,200,200,200,16,11,0,19,200
1,200,40,0,3,2,3,2,3,200,0,1,2,1,200,200,200,16,11,1,18,200
0,200,30,0,2,2,3,7,6,1,0,1,0,0,200,200,200,20,200,1,34,200
0,200,30,0,0,2,3,12,5,2,0,1,0,1,200,200,200,17,10,0,47,200
0,200,30,0,0,2,3,12,5,2,0,1,0,1,200,200,200,17,10,1,56,200
1,200,30,0,0,2,3,12,5,2,0,1,0,1,200,200,200,17,10,0,42,200
0,200,30,2,2,2,3,7,5,2,0,1,0,1,200,200,1,0,200,2,200,200
0,200,30,0,0,2,3,7,2,4,0,1,0,0,0,0,0,0,0,1,30,200
0,200,30,1,2,2,3,0,5,2,0,1,0,0,1,200,200,0,200,0,34,200
0,200,30,1,2,2,3,0,5,2,0,1,0,0,1,200,200,0,200,0,43,200
0,200,40,0,0,2,3,12,3,8,0,1,0,0,200,200,1,23,0,2,200,200
0,200,40,0,0,2,3,12,3,8,0,1,0,0,200,200,1,23,0,0,35,200
0,200,30,0,0,2,3,2,5,4,0,1,0,1,200,200,1,15,0,0,23,200
1,200,30,0,0,2,3,2,5,4,0,1,0,1,200,200,1,15,0,0,200,200
1,200,30,0,0,2,3,2,5,4,0,1,0,1,200,200,1,15,0,0,200,200
0,200,30,0,0,2,3,7,5,2,0,1,0,1,200,200,1,0,200,2,200,200
0,200,30,1,2,0,3,14,6,3,0,0,0,0,1,200,1,21,0,0,200,200
0,200,30,1,2,0,3,14,6,3,0,0,0,0,1,200,1,21,0,1,39,200
0,200,30,0,0,1,3,14,5,2,0,1,0,1,1,200,200,19,32,0,28,200
0,200,30,0,0,1,3,14,5,2,0,1,0,1,1,200,200,19,32,0,29,200
1,200,30,0,0,1,3,14,5,2,0,1,0,1,1,200,200,19,32,0,200,200
0,200,30,1,2,2,3,3,2,4,0,1,0,1,200,200,200,16,10,0,29,200
0,200,30,1,2,2,3,3,2,4,0,1,0,1,200,200,200,16,10,1,56,200
1,200,30,1,2,2,3,3,2,4,0,1,0,1,200,200,200,16,10,0,58,200
0,200,30,1,2,2,3,3,2,6,0,1,200,1,1,1,0,10,11,0,28,200
0,200,30,1,2,2,3,3,2,6,0,1,200,1,1,1,0,10,11,0,23,200
0,200,30,0,0,0,3,7,2,2,0,0,0,0,200,200,200,11,0,1,22,200
1,200,30,0,0,0,3,7,2,2,0,0,0,0,200,200,200,11,0,0,21,200
0,200,25,0,0,2,3,7,6,1,0,1,0,1,200,200,200,27,200,0,24,200
0,200,25,1,2,0,3,0,5,4,0,1,0,0,200,200,1,6,6,2,200,200
0,200,25,1,2,0,3,0,5,4,0,1,0,0,200,200,1,6,6,1,34,200
0,200,30,2,2,2,3,7,5,2,0,1,0,1,200,200,200,0,0,0,28,200
0,200,30,0,0,0,3,9,2,4,0,1,0,1,200,200,1,0,17,2,200,200
5,200,30,0,0,0,3,9,2,4,0,1,0,1,200,200,1,0,17,1,34,200
0,200,30,0,0,0,3,7,6,1,0,1,0,0,200,200,1,18,18,2,200,200
0,1,30,1,2,0,3,10,5,4,0,0,200,0,200,200,200,18,16,0,200,200
0,1,30,1,2,0,3,10,5,4,0,0,200,0,200,200,200,18,16,1,34,200
0,200,30,0,0,0,3,7,6,1,0,1,0,0,200,200,1,0,0,2,200,200
0,200,35,1,2,0,3,0,5,2,0,0,0,1,200,200,200,6,16,0,29,200
0,200,35,1,2,0,3,0,5,2,0,0,0,1,200,200,200,6,16,0,37,200
0,200,30,0,0,200,3,0,5,4,0,200,0,1,200,200,200,17,0,0,23,200
0,200,30,0,0,200,3,0,5,4,0,200,0,1,200,200,200,17,0,0,26,200
1,200,30,0,0,200,3,0,5,4,0,200,0,1,200,200,200,17,0,1,27,200
1,200,30,0,0,200,3,0,5,4,0,200,0,1,200,200,200,17,0,1,24,200
0,200,30,2,2,0,3,12,12,1,0,1,0,0,200,200,1,22,200,0,200,200
0,200,30,2,2,0,3,12,12,1,0,1,0,0,200,200,1,22,200,0,26,200
0,200,30,0,0,1,3,7,6,2,0,1,0,1,200,200,200,16,200,1,29,200
0,200,25,2,2,0,3,7,2,2,0,1,0,0,1,200,200,14,200,0,46,200
0,200,30,0,0,0,3,7,5,2,0,0,0,1,200,200,200,11,0,1,22,200
0,200,20,2,2,2,3,2,5,200,0,1,0,1,200,200,200,0,0,2,200,200
0,200,30,0,0,0,3,7,5,200,0,0,0,1,200,200,1,19,0,1,40,200
0,200,30,0,2,0,0,7,2,200,0,1,0,1,200,0,200,14,16,0,24,200
0,200,30,0,0,0,3,7,5,200,0,1,0,0,200,200,1,0,0,1,200,200
0,200,30,1,2,2,3,14,5,4,0,1,0,1,1,200,200,17,0,0,28,200
0,200,30,1,2,2,3,14,5,4,0,1,0,1,1,200,200,17,0,0,56,200
1,200,30,1,2,2,3,14,5,4,0,1,0,1,1,200,200,17,0,0,44,200
1,200,30,1,2,2,3,14,5,4,0,1,0,1,1,200,200,17,0,1,33,200
1,200,30,1,2,2,3,14,5,4,0,1,0,1,1,200,200,17,0,0,25,200
1,200,30,1,2,2,3,14,5,4,0,1,0,1,1,200,200,17,0,0,24,200
0,200,15,0,0,12,3,7,0,200,0,1,0,0,200,200,1,0,0,1,200,200
0,1,45,0,200,0,2,12,12,3,0,1,0,1,200,200,200,200,200,0,18,200
0,1,45,0,200,0,2,12,12,3,0,1,0,1,200,200,200,200,200,0,29,200
1,1,45,0,200,0,2,12,12,3,0,1,0,1,200,200,200,200,200,0,19,200
1,1,45,0,200,0,2,12,12,3,0,1,0,1,200,200,200,200,200,200,200,200
0,200,30,0,0,0,2,7,2,200,0,0,0,0,200,200,200,22,17,2,200,200
0,200,25,0,0,200,2,2,5,2,0,0,0,1,200,200,200,0,0,0,200,200
1,200,25,0,0,200,2,2,5,2,0,0,0,1,200,200,200,0,0,0,200,200
0,1,30,0,0,200,200,7,5,2,0,200,0,0,200,200,1,0,200,2,200,200
0,200,30,0,0,0,2,7,6,1,0,0,0,0,200,200,1,0,16,2,200,200
0,200,15,0,0,0,2,2,6,1,0,0,200,0,200,0,200,21,200,1,31,200
0,200,25,0,0,0,1,10,5,200,0,0,0,0,200,200,200,18,18,0,28,200
0,200,25,0,0,0,1,10,5,200,0,0,0,0,200,200,200,18,18,0,37,200
0,200,30,2,2,0,1,0,5,4,2,0,0,1,1,200,200,17,11,0,29,200
0,200,30,2,2,0,1,0,5,4,2,0,0,1,1,200,200,17,11,0,47,200
0,200,30,0,0,0,3,14,5,4,0,0,0,0,200,200,200,23,200,0,62,200
0,200,30,0,0,0,3,14,5,4,0,0,0,0,200,200,200,23,200,0,52,200
0,200,30,0,0,0,1,12,6,2,0,0,0,0,200,200,200,22,17,0,53,200
0,200,30,0,0,0,1,12,6,2,0,0,0,0,200,200,200,22,17,1,26,200
0,200,30,0,0,0,1,12,2,2,0,0,0,0,200,200,200,0,0,0,27,200
0,200,30,0,0,0,1,12,2,2,0,0,0,0,200,200,200,0,0,0,72,200
0,200,30,0,0,0,1,10,2,2,0,0,12,0,200,200,200,28,18,0,22,200
0,200,30,0,0,0,1,10,2,2,0,0,12,0,200,200,200,28,18,0,29,200
0,200,30,0,0,0,1,12,5,2,0,0,0,0,200,200,200,0,0,0,47,200
0,200,30,0,0,0,1,12,5,2,0,0,0,0,200,200,200,0,0,0,36,200
0,200,30,2,2,0,1,0,2,200,0,0,0,1,200,200,200,17,200,1,33,200
0,200,30,2,2,0,1,0,2,200,0,0,0,1,200,200,200,17,200,0,27,200
1,200,30,2,2,0,1,0,2,200,0,0,0,1,200,200,200,17,200,1,19,200
0,200,30,0,0,0,1,2,2,2,0,0,0,0,200,1,1,25,16,2,200,200
0,200,30,0,0,0,1,14,2,4,0,0,0,0,200,200,200,17,0,0,200,200
0,200,30,0,0,0,1,14,2,4,0,0,0,0,200,200,200,17,0,0,45,200
0,200,10,0,0,0,1,7,7,200,0,0,0,0,200,200,1,0,0,0,200,200
0,1,30,0,0,0,3,7,6,1,0,0,0,0,200,200,200,0,0,2,200,200
0,200,35,1,2,0,1,8,3,200,0,0,1,1,1,200,200,200,200,0,34,200
4,200,35,1,2,0,1,8,3,200,0,0,1,1,1,200,200,200,200,0,200,200
0,200,0,0,0,0,1,7,8,200,4,0,0,0,200,200,200,16,200,0,31,200
0,200,30,0,0,0,1,2,5,200,0,0,0,0,1,200,200,200,200,0,26,200
0,200,35,0,0,0,1,5,0,200,0,0,0,0,200,1,1,0,200,2,200,200
0,200,30,1,2,0,1,14,3,6,0,0,0,1,1,200,200,17,6,0,50,200
0,200,30,1,2,0,1,14,3,6,0,0,0,1,1,200,200,17,6,1,66,200
0,200,30,1,2,0,3,12,5,3,0,0,0,0,200,200,200,0,0,0,200,200
0,200,30,1,2,0,3,12,5,3,0,0,0,0,200,200,200,0,0,0,25,200
0,200,30,2,2,0,1,10,2,2,0,0,0,0,1,200,200,16,200,1,62,200
0,200,30,2,2,0,1,10,2,2,0,0,0,0,1,200,200,16,200,1,43,200
1,200,30,2,2,0,1,10,2,2,0,0,0,0,1,200,200,16,200,1,21,200
1,200,30,2,2,0,1,10,2,2,0,0,0,0,1,200,200,16,200,1,8,200
1,200,30,2,2,0,1,10,2,2,0,0,0,0,1,200,200,16,200,1,12,200
1,200,30,2,2,0,1,10,2,2,0,0,0,0,1,200,200,16,200,1,8,200
0,200,30,0,0,0,1,2,6,1,0,0,0,0,200,1,1,0,200,2,200,200
0,1,25,0,0,200,200,7,6,200,0,200,200,0,200,200,200,22,0,2,200,200
0,1,30,0,0,200,0,7,6,1,0,200,200,0,200,200,1,0,0,2,200,200
0,1,30,0,0,200,200,7,7,200,0,200,0,0,200,200,1,0,200,2,200,200
0,200,30,0,0,0,1,2,12,200,0,0,0,0,200,200,200,200,200,0,32,200
0,200,30,0,0,0,1,0,5,200,0,0,0,0,200,200,200,17,0,1,200,200
0,200,30,0,0,0,1,0,5,200,0,0,0,0,200,200,200,17,0,0,40,200
0,200,30,1,2,0,1,10,6,3,0,1,0,1,200,200,200,7,16,0,29,200
0,200,30,1,2,0,1,10,6,3,0,1,0,1,200,200,200,7,16,1,36,200
1,200,30,1,2,0,1,10,6,3,0,1,0,1,200,200,200,7,16,200,200,200
0,0,30,200,200,0,1,7,2,200,0,0,0,0,200,200,200,200,200,1,58,200
0,200,5,0,0,0,1,0,7,200,0,0,0,0,200,1,200,20,200,0,60,200
0,200,5,0,0,0,1,0,7,200,0,0,0,0,200,1,200,20,200,1,30,200
0,200,30,0,0,0,1,10,5,2,0,0,0,0,1,200,200,11,200,1,78,200
0,200,30,0,0,0,1,10,5,2,0,0,0,0,1,200,200,11,200,0,49,200
0,200,15,0,0,0,1,7,7,200,0,0,0,0,200,200,200,17,18,0,63,200
0,200,15,0,0,0,1,7,7,1,0,0,0,0,200,1,1,0,19,2,200,200
4,200,30,1,2,0,1,8,5,200,0,0,0,1,1,200,200,6,17,0,61,200
0,200,30,1,2,0,1,8,5,200,0,0,0,1,1,200,200,6,17,1,35,200
0,200,30,0,0,0,1,11,5,2,0,0,0,0,200,200,200,0,0,1,27,200
0,200,30,0,0,0,1,11,5,2,0,0,0,0,200,200,200,0,0,0,54,200
0,200,40,200,200,200,3,10,2,4,0,200,0,1,200,200,200,18,16,0,25,200
0,200,40,200,200,200,3,10,2,4,0,200,0,1,200,200,200,18,16,0,25,200
1,200,40,200,200,200,3,10,2,4,0,200,0,1,200,200,200,18,16,1,14,200
1,200,40,200,200,200,3,10,2,4,0,200,0,1,200,200,200,18,16,0,2,200
0,200,35,0,0,0,1,10,2,2,0,0,0,1,200,200,200,18,200,0,20,200
0,200,35,0,0,0,1,10,2,2,0,0,0,1,200,200,200,18,200,0,52,200
0,200,35,0,0,0,1,12,5,4,0,0,0,0,200,200,200,17,17,1,28,200
0,200,35,0,0,0,1,12,5,4,0,0,0,0,200,200,200,17,17,1,30,200
0,200,30,0,200,0,1,10,5,2,0,0,0,0,200,200,200,20,0,1,68,200
0,200,30,0,200,0,1,10,5,2,0,0,0,0,200,200,200,20,0,0,35,200
0,200,30,0,0,0,3,7,5,200,0,0,0,0,200,200,200,16,16,0,40,200
1,200,30,0,0,0,3,7,5,200,0,0,0,0,200,200,200,16,16,0,60,200
0,200,30,0,0,0,1,12,2,200,0,0,0,0,200,200,200,22,200,0,42,200
0,200,30,0,0,0,1,12,2,200,0,0,0,0,200,200,200,22,200,1,22,200
0,200,25,0,0,0,1,7,6,1,0,0,0,0,200,200,1,0,0,2,200,200
0,1,25,2,2,0,1,10,5,200,0,0,0,0,200,200,200,16,17,1,65,200
0,1,25,2,2,0,1,10,5,200,0,0,0,0,200,200,200,16,17,1,49,200
0,1,30,0,0,200,200,7,2,2,0,200,0,0,200,200,1,0,0,2,200,200
0,200,30,1,0,0,1,7,5,2,2,0,0,0,200,200,1,0,0,2,200,200
0,200,30,0,0,0,1,12,5,200,0,0,0,0,200,200,200,17,200,0,64,200
0,200,30,0,0,0,1,12,5,200,0,0,0,0,200,200,200,17,200,0,34,200
1,200,30,0,0,0,1,12,5,200,0,0,0,0,200,200,200,17,200,1,35,200
0,200,35,0,0,0,1,3,2,200,0,0,0,1,200,200,1,21,200,0,27,200
0,200,35,0,0,0,1,3,2,200,0,0,0,1,200,200,1,21,200,0,28,200
0,200,35,0,0,0,1,3,2,200,0,0,0,1,200,200,1,21,200,0,55,200
1,200,35,0,0,0,1,3,2,200,0,0,0,1,200,200,1,21,200,0,29,200
1,200,35,0,0,0,1,3,2,200,0,0,0,1,200,200,1,21,200,0,33,200
0,200,20,0,0,0,1,10,5,2,0,0,12,0,200,200,200,18,0,0,30,200
0,200,20,0,0,0,1,10,5,2,0,0,12,0,200,200,200,18,0,0,54,200
0,200,30,1,2,0,1,9,5,4,0,0,0,1,1,200,200,17,200,0,50,200
5,200,30,1,2,0,1,9,5,4,0,0,0,1,1,200,200,17,200,1,45,200
0,200,35,0,0,0,1,10,5,200,0,0,0,0,200,200,1,18,200,0,200,200
0,200,35,0,0,0,1,10,5,200,0,0,0,0,200,200,1,18,200,1,49,200
0,200,30,0,0,0,1,10,5,200,0,0,200,0,200,200,200,20,0,0,40,200
0,200,30,0,0,0,1,10,5,200,0,0,200,0,200,200,200,20,0,1,41,200
0,200,30,0,0,0,1,9,2,200,0,0,0,1,200,200,1,20,200,0,200,200
5,200,30,0,0,0,1,9,2,200,0,0,0,1,200,200,1,20,200,0,52,200
0,200,35,0,0,0,1,14,2,6,0,0,0,0,200,200,200,23,17,0,53,200
0,200,35,0,0,0,1,14,2,6,0,0,0,0,200,200,200,23,17,0,55,200
0,200,10,0,0,0,1,2,8,1,0,0,0,0,200,1,200,0,0,0,46,200
0,200,30,0,0,0,1,7,5,1,0,0,0,0,200,200,1,20,200,2,200,200
1,200,30,0,0,0,1,7,5,1,0,0,0,0,200,200,1,20,200,1,200,200
1,200,30,0,0,0,1,7,5,1,0,0,0,0,200,200,1,20,200,2,200,200
1,200,30,0,0,0,1,7,5,1,0,0,0,0,200,200,1,20,200,0,200,200
0,200,30,1,2,0,1,14,2,200,0,0,0,0,200,200,1,0,200,2,200,200
0,200,30,1,2,0,1,14,2,200,0,0,0,0,200,200,1,0,200,0,68,200
0,200,35,1,2,0,1,14,5,4,0,0,0,0,200,200,200,0,200,2,200,200
0,200,35,1,2,0,1,14,5,4,0,0,0,0,200,200,200,0,200,0,39,200
0,200,30,1,2,0,1,10,5,2,0,0,0,1,200,200,200,18,200,0,36,200
0,200,30,1,2,0,1,10,5,2,0,0,0,1,200,200,200,18,200,0,51,200
0,200,35,0,0,2,3,7,6,1,0,1,0,0,200,200,1,0,0,2,200,200
0,200,15,0,0,0,1,2,12,2,0,0,0,0,200,1,200,200,200,0,44,200
0,200,30,0,0,2,3,0,6,200,0,1,0,0,200,200,200,0,0,0,200,200
0,200,30,0,0,2,3,0,6,200,0,1,0,0,200,200,200,0,0,0,59,200
0,200,30,0,0,0,1,2,5,2,0,0,0,0,200,200,200,200,200,1,31,200
1,200,30,0,0,0,1,2,5,2,0,0,0,0,200,200,200,200,200,0,200,200
1,200,30,0,0,0,1,2,5,2,0,0,0,0,200,200,200,200,200,1,200,200
0,200,30,0,0,0,1,10,7,200,0,0,0,0,200,200,0,17,200,0,48,200
0,200,30,0,0,0,1,10,7,200,0,0,0,0,200,200,0,17,200,1,200,200