PERSON_TYPE,CRASH_DATE_EST_I,POSTED_SPEED_LIMIT,TRAFFIC_CONTROL_DEVICE,DEVICE_CONDITION,WEATHER_CONDITION,LIGHTING_CONDITION,FIRST_CRASH_TYPE,TRAFFICWAY_TYPE,LANE_CNT,ALIGNMENT,ROADWAY_SURFACE_COND,ROAD_DEFECT,CRASH_TYPE,INTERSECTION_RELATED_I,NOT_RIGHT_OF_WAY_I,HIT_AND_RUN_I,PRIM_CONTRIBUTORY_CAUSE,SEC_CONTRIBUTORY_CAUSE,SEX,AGE,BAC_RESULT VALUE
1,200,30,0,0,0,1,10,7,200,0,0,0,0,200,200,0,17,200,1,200,200
1,200,30,0,0,0,1,10,7,200,0,0,0,0,200,200,0,17,200,0,200,200
1,200,30,0,0,0,1,10,7,200,0,0,0,0,200,200,0,17,200,0,24,200
1,200,30,0,0,0,1,10,7,200,0,0,0,0,200,200,0,17,200,0,6,200
0,200,30,0,0,0,1,12,5,4,0,0,0,0,200,200,200,21,200,0,28,200
0,200,30,0,0,0,1,12,5,4,0,0,0,0,200,200,200,21,200,0,58,200
0,200,30,0,0,0,1,7,5,2,0,0,0,0,200,200,200,20,0,1,21,200
1,200,30,0,0,0,1,7,5,2,0,0,0,0,200,200,200,20,0,1,25,200
1,200,30,0,0,0,1,7,5,2,0,0,0,0,200,200,200,20,0,1,1,200
0,1,20,0,0,0,1,7,6,1,0,0,0,0,200,200,1,0,0,2,200,200
0,200,30,1,2,0,1,12,3,200,2,0,12,1,1,200,1,17,14,0,200,200
0,200,30,1,2,0,1,12,3,200,2,0,12,1,1,200,1,17,14,1,57,200
0,200,30,1,2,0,1,12,3,200,2,0,12,1,1,200,1,17,14,0,65,200
0,200,30,1,2,0,1,12,3,200,2,0,12,1,1,200,1,17,14,0,65,200
1,200,30,1,2,0,1,12,3,200,2,0,12,1,1,200,1,17,14,0,44,200
0,200,30,0,0,0,1,10,5,200,0,0,0,0,200,200,200,0,0,1,31,200
0,200,30,0,0,0,1,10,5,200,0,0,0,0,200,200,200,0,0,0,56,200
0,200,30,0,0,0,1,10,5,200,0,0,0,0,200,200,200,0,0,0,200,200
1,200,30,0,0,0,1,10,5,200,0,0,0,0,200,200,200,0,0,0,55,200
0,200,40,0,0,0,1,12,3,8,0,0,0,1,200,200,200,11,200,0,18,200
0,200,40,0,0,0,1,12,3,8,0,0,0,1,200,200,200,11,200,0,34,200
0,200,30,2,0,0,1,0,5,2,0,0,0,1,1,200,200,5,14,1,33,200
0,200,30,2,0,0,1,0,5,2,0,0,0,1,1,200,200,5,14,0,58,200
0,200,30,2,0,0,1,0,5,2,0,0,0,1,1,200,200,5,14,1,28,200
0,200,35,0,0,0,1,7,3,2,0,0,0,1,200,200,200,7,200,1,28,200
0,200,35,0,0,0,1,10,5,4,0,0,0,0,200,200,200,18,18,0,25,200
0,200,35,0,0,0,1,10,5,4,0,0,0,0,200,200,200,18,18,1,43,200
1,200,35,0,0,0,1,10,5,4,0,0,0,0,200,200,200,18,18,1,200,200
0,200,25,0,0,200,3,7,6,200,0,200,200,0,200,200,1,17,200,2,200,200
0,200,25,0,0,200,1,12,5,200,0,200,200,0,200,200,200,22,22,1,39,200
0,200,25,0,0,200,1,12,5,200,0,200,200,0,200,200,200,22,22,0,36,200
0,200,35,1,2,0,1,10,5,200,0,0,0,1,1,200,1,0,0,0,200,200
0,200,35,1,2,0,1,10,5,200,0,0,0,1,1,200,1,0,0,1,34,200
1,200,35,1,2,0,1,10,5,200,0,0,0,1,1,200,1,0,0,1,200,200
1,200,35,1,2,0,1,10,5,200,0,0,0,1,1,200,1,0,0,1,44,200
1,200,35,1,2,0,1,10,5,200,0,0,0,1,1,200,1,0,0,1,200,200
1,200,35,1,2,0,1,10,5,200,0,0,0,1,1,200,1,0,0,1,15,200
0,200,20,0,0,0,1,11,6,1,0,0,0,0,200,200,200,20,0,0,27,200
0,200,20,0,0,0,1,11,6,1,0,0,0,0,200,200,200,20,0,0,56,200
0,200,15,0,0,0,0,7,7,1,0,0,0,0,200,200,1,0,0,2,200,200
0,200,20,0,0,0,0,7,2,1,0,0,0,0,200,200,200,17,17,2,200,200
0,200,25,0,0,0,1,7,5,1,0,0,0,0,200,200,1,0,0,2,200,200
0,200,30,0,0,0,1,2,5,200,0,0,0,1,200,200,1,0,0,0,200,200
0,200,35,0,0,0,1,14,3,8,0,0,0,0,200,200,200,21,200,1,64,200
0,200,35,0,0,0,1,14,3,8,0,0,0,0,200,200,200,21,200,0,46,200
0,200,0,0,0,0,1,11,5,200,0,0,0,0,200,200,1,21,200,0,200,200
0,200,0,0,0,0,1,11,5,200,0,0,0,0,200,200,1,21,200,0,59,200
0,200,20,0,0,0,1,7,7,0,0,0,0,0,200,200,1,16,0,2,200,200
1,200,20,0,0,0,1,7,7,0,0,0,0,0,200,200,1,16,0,2,200,200
0,200,30,1,2,0,1,10,3,5,0,0,0,0,1,200,200,8,200,1,26,200
0,200,30,1,2,0,1,10,3,5,0,0,0,0,1,200,200,8,200,1,60,200
0,200,25,0,0,0,1,2,12,200,0,0,200,0,200,200,200,0,0,1,29,200
0,200,30,1,2,0,1,10,5,4,0,0,0,0,200,200,200,18,200,0,30,200
0,200,30,1,2,0,1,10,5,4,0,0,0,0,200,200,200,18,200,0,49,200
1,200,30,1,2,0,1,10,5,4,0,0,0,0,200,200,200,18,200,1,75,200
1,200,30,1,2,0,1,10,5,4,0,0,0,0,200,200,200,18,200,0,75,200
0,200,30,1,2,0,1,14,12,200,0,0,0,0,1,200,1,0,0,0,200,200
0,200,30,1,2,0,1,14,12,200,0,0,0,0,1,200,1,0,0,1,67,200
0,200,15,0,0,0,1,2,0,200,2,0,0,1,200,1,1,25,200,0,200,200
1,200,15,0,0,0,1,2,0,200,2,0,0,1,200,1,1,25,200,0,200,200
0,200,30,1,2,0,1,12,2,2,0,0,3,0,200,200,200,22,0,0,36,200
0,200,30,1,2,0,1,12,2,2,0,0,3,0,200,200,200,22,0,1,26,200
0,200,30,1,2,0,1,10,5,200,0,0,0,0,200,200,200,18,0,0,51,200
0,200,30,1,2,0,1,10,5,200,0,0,0,0,200,200,200,18,0,0,22,200
0,200,30,0,0,0,1,12,2,200,0,0,0,0,200,200,200,22,200,0,63,200
0,200,30,0,0,0,1,12,2,200,0,0,0,0,200,200,200,22,200,0,20,200
0,200,30,0,0,0,1,7,5,2,0,0,0,0,200,200,200,20,20,0,44,200
0,200,30,1,2,0,1,14,5,0,0,0,0,0,1,200,1,23,200,2,200,200
0,200,30,1,2,0,1,14,5,0,0,0,0,0,1,200,1,23,200,0,36,200
0,200,25,0,1,0,0,10,5,2,0,0,0,0,200,200,200,18,18,0,200,200
0,200,25,0,1,0,0,10,5,2,0,0,0,0,200,200,200,18,18,0,24,200
0,200,30,0,0,0,1,2,4,0,0,0,0,0,200,200,200,16,200,1,69,200
0,200,30,1,2,2,3,14,3,200,0,1,200,1,200,200,1,0,200,0,200,200
0,200,30,1,2,2,3,14,3,200,0,1,200,1,200,200,1,0,200,0,22,200
1,200,30,1,2,2,3,14,3,200,0,1,200,1,200,200,1,0,200,1,200,200
1,200,30,1,2,2,3,14,3,200,0,1,200,1,200,200,1,0,200,1,200,200
1,200,30,1,2,2,3,14,3,200,0,1,200,1,200,200,1,0,200,0,200,200
1,200,30,1,2,2,3,14,3,200,0,1,200,1,200,200,1,0,200,1,200,200
1,200,30,1,2,2,3,14,3,200,0,1,200,1,200,200,1,0,200,200,200,200
1,200,30,1,2,2,3,14,3,200,0,1,200,1,200,200,1,0,200,1,200,200
0,200,30,0,0,0,1,7,4,1,0,0,200,0,1,200,200,200,200,1,86,200
0,200,30,0,0,0,1,7,7,0,0,0,0,0,200,200,200,11,200,1,86,200
0,200,30,1,2,0,1,10,12,2,0,0,0,0,1,200,200,0,200,1,25,200
0,200,30,1,2,0,1,10,12,2,0,0,0,0,1,200,200,0,200,1,56,200
0,200,30,1,2,0,1,10,12,2,0,0,0,0,1,200,200,0,200,1,200,200
0,1,45,0,0,2,0,10,2,4,0,1,0,0,200,200,1,0,0,0,200,200
0,1,45,0,0,2,0,10,2,4,0,1,0,0,200,200,1,0,0,0,48,200
0,200,15,0,0,200,1,7,7,200,0,200,0,0,200,1,1,0,200,2,200,200
0,200,30,1,2,0,1,10,5,200,0,0,0,0,200,200,200,18,200,1,47,200
0,200,30,1,2,0,1,10,5,200,0,0,0,0,200,200,200,18,200,0,49,200
0,200,55,0,0,0,1,10,3,200,0,0,0,0,200,200,200,0,0,1,22,200
0,200,55,0,0,0,1,10,3,200,0,0,0,0,200,200,200,0,0,1,42,200
0,200,30,0,0,0,1,12,5,2,0,0,0,1,200,200,200,21,200,1,34,200
0,200,30,0,0,0,1,12,5,2,0,0,0,1,200,200,200,21,200,1,57,200
1,200,30,0,0,0,1,12,5,2,0,0,0,1,200,200,200,21,200,1,200,200
0,200,30,0,0,0,1,7,7,0,0,0,1,0,200,1,200,20,200,0,51,200
0,200,30,0,0,0,1,12,2,4,0,0,0,1,200,200,200,17,200,1,81,200
0,200,30,0,0,0,1,12,2,4,0,0,0,1,200,200,200,17,200,1,24,200
1,200,30,0,0,0,1,12,2,4,0,0,0,1,200,200,200,17,200,1,36,200
1,200,30,0,0,0,1,12,2,4,0,0,0,1,200,200,200,17,200,1,8,200
0,200,5,0,0,0,1,0,5,200,0,0,0,0,200,200,200,20,200,0,60,200
0,200,5,0,0,0,1,0,5,200,0,0,0,0,200,200,200,20,200,0,82,200
0,200,30,0,0,0,1,10,2,200,0,0,0,0,1,200,200,18,17,0,85,200
0,200,30,0,0,0,1,10,2,200,0,0,0,0,1,200,200,18,17,1,0,200
0,200,30,0,0,0,1,10,2,2,0,0,0,1,200,200,1,0,0,1,200,200
0,200,30,0,0,0,1,10,2,2,0,0,0,1,200,200,1,0,0,1,45,200
0,200,30,1,2,0,1,11,2,200,0,0,0,0,200,200,200,0,200,0,35,200
0,200,30,1,2,0,1,11,2,200,0,0,0,0,200,200,200,0,200,0,200,200
0,200,30,0,0,2,3,7,5,200,0,1,0,1,200,200,1,17,200,1,35,200
0,200,10,0,0,0,1,7,7,0,0,0,0,0,200,200,200,11,200,1,25,200
0,200,30,0,0,0,1,0,2,2,0,0,0,1,200,200,200,21,21,1,200,200
0,200,30,0,0,0,1,0,2,2,0,0,0,1,200,200,200,21,21,1,35,200
1,200,30,0,0,0,1,0,2,2,0,0,0,1,200,200,200,21,21,1,22,200
1,200,30,0,0,0,1,0,2,2,0,0,0,1,200,200,200,21,21,1,24,200
1,200,30,0,0,0,1,0,2,2,0,0,0,1,200,200,200,21,21,1,24,200
0,200,30,0,3,0,0,7,5,200,0,0,0,0,200,200,200,0,0,0,57,200
0,200,30,0,0,0,1,10,5,200,0,0,0,0,1,200,200,0,0,0,50,200
0,200,30,0,0,0,1,10,5,200,0,0,0,0,1,200,200,0,0,0,23,200
0,200,30,1,2,0,1,10,5,4,0,0,0,1,1,200,200,18,16,1,24,200
0,200,30,1,2,0,1,10,5,4,0,0,0,1,1,200,200,18,16,1,27,200
0,1,30,0,0,0,3,7,5,1,0,0,0,0,200,200,1,0,200,2,200,200
0,200,15,0,0,0,1,12,6,200,0,0,0,0,200,200,200,200,200,0,51,200
0,200,15,0,0,0,1,12,6,200,0,0,0,0,200,200,200,200,200,1,24,200
1,200,15,0,0,0,1,12,6,200,0,0,0,0,200,200,200,200,200,1,46,200
0,200,30,0,0,0,1,14,2,4,0,0,0,1,200,200,200,0,200,0,43,200
0,200,30,0,0,0,1,14,2,4,0,0,0,1,200,200,200,0,200,1,26,200
0,200,45,0,0,0,3,4,3,8,0,1,1,0,200,200,200,29,200,0,21,200
0,200,30,1,2,0,1,5,3,200,0,0,0,1,200,200,200,0,200,0,36,200
0,200,30,1,2,0,1,5,3,200,0,0,0,1,200,200,200,0,200,1,21,200
1,200,30,1,2,0,1,5,3,200,0,0,0,1,200,200,200,0,200,1,42,200
1,200,30,1,2,0,1,5,3,200,0,0,0,1,200,200,200,0,200,1,41,200
1,200,30,1,2,0,1,5,3,200,0,0,0,1,200,200,200,0,200,1,19,200
1,200,30,1,2,0,1,5,3,200,0,0,0,1,200,200,200,0,200,0,21,200
0,200,30,2,2,0,1,10,5,200,0,0,0,0,200,200,1,18,0,1,200,200
0,200,30,2,2,0,1,10,5,200,0,0,0,0,200,200,1,18,0,1,54,200
0,200,30,0,0,0,1,10,5,200,0,0,0,0,200,200,1,16,200,2,200,200
0,200,30,0,0,0,1,10,5,200,0,0,0,0,200,200,1,16,200,1,39,200
0,200,30,0,0,200,1,7,3,6,0,200,200,0,200,200,1,0,0,2,200,200
0,200,30,0,3,0,1,7,5,2,0,0,0,0,200,200,1,0,200,1,200,200
1,200,30,0,3,0,1,7,5,2,0,0,0,0,200,200,1,0,200,200,200,200
0,200,30,1,2,1,1,12,5,4,0,0,0,0,1,200,200,21,16,0,18,200
0,200,30,1,2,1,1,12,5,4,0,0,0,0,1,200,200,21,16,1,46,200
1,200,30,1,2,1,1,12,5,4,0,0,0,0,1,200,200,21,16,1,19,200
1,200,30,1,2,1,1,12,5,4,0,0,0,0,1,200,200,21,16,0,1,200
0,200,30,1,2,0,1,0,5,200,0,0,0,0,200,200,200,0,0,1,29,200
0,200,30,1,2,0,1,0,5,200,0,0,0,0,200,200,200,0,0,1,25,200
1,200,30,1,2,0,1,0,5,200,0,0,0,0,200,200,200,0,0,1,25,200
1,200,30,1,2,0,1,0,5,200,0,0,0,0,200,200,200,0,0,200,200,200
0,200,30,0,0,0,1,10,5,4,0,0,0,1,200,200,200,18,16,1,22,200
0,200,30,0,0,0,1,10,5,4,0,0,0,1,200,200,200,18,16,1,21,200
0,200,30,1,0,0,1,10,5,2,0,0,0,1,200,200,200,18,200,0,47,200
0,200,30,1,0,0,1,10,5,2,0,0,0,1,200,200,200,18,200,1,47,200
0,200,30,1,2,0,1,10,5,200,0,0,0,0,200,200,200,20,0,0,31,200
0,200,30,1,2,0,1,10,5,200,0,0,0,0,200,200,200,20,0,1,37,200
0,200,30,0,0,0,1,12,3,4,0,0,12,0,200,200,200,0,200,0,0,200
0,200,30,0,0,0,1,12,3,4,0,0,12,0,200,200,200,0,200,1,32,200
0,200,30,2,2,0,0,0,2,2,0,0,0,0,200,200,200,0,0,1,31,200
0,200,30,2,2,0,0,0,2,2,0,0,0,0,200,200,200,0,0,1,36,200
1,200,30,2,2,0,0,0,2,2,0,0,0,0,200,200,200,0,0,0,7,200
1,200,30,2,2,0,0,0,2,2,0,0,0,0,200,200,200,0,0,0,44,200
1,200,30,2,2,0,0,0,2,2,0,0,0,0,200,200,200,0,0,0,7,200
0,200,30,0,200,0,3,10,5,200,0,0,0,0,200,200,200,0,200,0,200,200
0,200,30,0,200,0,3,10,5,200,0,0,0,0,200,200,200,0,200,0,200,200
0,200,30,0,0,0,1,7,3,200,0,0,0,0,200,200,1,0,0,2,200,200
1,200,30,0,0,0,1,7,3,200,0,0,0,0,200,200,1,0,0,1,40,200
0,200,40,0,0,0,1,10,3,5,0,0,0,0,200,200,200,0,0,1,200,200
0,200,40,0,0,0,1,10,3,5,0,0,0,0,200,200,200,0,0,1,200,200
0,200,30,1,2,2,0,10,5,4,0,1,0,0,200,200,200,16,0,1,29,200
0,200,30,1,2,2,0,10,5,4,0,1,0,0,200,200,200,16,0,1,55,200
0,200,20,0,0,0,1,7,2,2,0,0,0,0,200,200,1,0,0,2,200,200
0,200,30,200,200,0,1,14,5,200,0,0,0,1,200,200,200,0,0,0,20,200
0,200,30,200,200,0,1,14,5,200,0,0,0,1,200,200,200,0,0,0,33,200
1,200,30,200,200,0,1,14,5,200,0,0,0,1,200,200,200,0,0,0,17,200
0,200,30,200,200,0,1,10,5,200,0,0,200,0,200,200,200,18,200,0,200,200
0,200,30,200,200,0,1,10,5,200,0,0,200,0,200,200,200,18,200,0,37,200
0,200,25,0,0,0,1,10,2,4,0,0,0,0,200,200,1,0,0,2,200,200
0,200,25,0,0,0,1,10,2,4,0,0,0,0,200,200,1,0,0,1,36,200
0,200,15,0,0,0,1,7,5,200,0,0,0,0,200,200,1,200,200,2,200,200
4,200,30,0,0,0,1,8,5,2,0,0,0,1,200,200,1,200,200,0,43,200
0,200,30,0,0,0,1,8,5,2,0,0,0,1,200,200,1,200,200,0,200,200
0,200,30,0,0,0,1,10,5,2,0,0,0,0,200,200,200,0,0,1,46,200
0,200,30,0,0,0,1,10,5,2,0,0,0,0,200,200,200,0,0,0,50,200
0,200,30,1,2,0,1,2,2,4,2,0,0,0,200,200,200,12,200,0,51,200
0,200,10,0,0,0,1,12,7,2,0,0,0,0,200,200,200,21,20,0,60,200
0,200,10,0,0,0,1,12,7,2,0,0,0,0,200,200,200,21,20,1,200,200
0,200,30,0,0,1,1,0,7,0,0,0,0,0,200,200,1,20,27,0,200,200
0,200,30,0,0,1,1,0,7,0,0,0,0,0,200,200,1,20,27,1,65,200
0,200,20,0,0,0,1,0,7,200,0,0,0,0,200,200,200,17,200,0,36,200
0,200,20,0,0,0,1,0,7,200,0,0,0,0,200,200,200,17,200,1,54,200
0,200,15,0,0,0,1,12,0,1,0,0,0,0,200,200,200,22,33,0,59,200
0,200,15,0,0,0,1,12,0,1,0,0,0,0,200,200,200,22,33,0,35,200
0,200,30,0,0,0,1,5,2,4,0,0,0,0,200,200,200,0,0,1,31,200
3,200,30,0,0,0,1,5,2,4,0,0,0,0,200,200,200,0,0,200,200,200
0,200,25,0,0,2,3,12,2,2,0,1,0,0,200,200,200,0,0,0,200,200
0,200,25,0,0,2,3,12,2,2,0,1,0,0,200,200,200,0,0,1,31,200
0,200,30,0,0,0,1,0,6,1,0,0,0,0,200,200,200,20,16,0,60,200
0,200,30,0,0,0,1,0,6,1,0,0,0,0,200,200,200,20,16,0,23,200
0,200,30,2,2,0,1,10,5,2,0,0,0,0,1,200,200,17,0,0,200,200
0,200,30,2,2,0,1,10,5,2,0,0,0,0,1,200,200,17,0,0,38,200
1,200,30,2,2,0,1,10,5,2,0,0,0,0,1,200,200,17,0,1,32,200
0,200,30,0,0,0,1,10,2,4,0,0,0,1,200,200,200,18,16,0,37,200
0,200,30,0,0,0,1,10,2,4,0,0,0,1,200,200,200,18,16,1,85,200
0,200,30,0,0,2,1,10,5,4,0,1,0,0,200,200,200,16,8,0,25,200
0,200,30,0,0,2,1,10,5,4,0,1,0,0,200,200,200,16,8,0,53,200
0,200,30,0,0,0,1,7,7,200,0,0,0,0,200,200,1,0,0,2,200,200
0,200,25,0,0,0,1,2,6,1,0,0,0,0,200,200,200,0,0,1,27,200
0,200,20,0,0,200,3,7,5,200,0,200,0,0,200,200,1,200,200,2,200,200
0,200,30,2,2,2,1,8,6,1,0,1,0,1,1,200,200,5,17,0,69,200
4,200,30,2,2,2,1,8,6,1,0,1,0,1,1,200,200,5,17,0,36,200
0,200,30,0,0,0,1,12,5,200,0,0,200,1,200,200,200,0,0,1,63,200
0,200,30,0,0,0,1,12,5,200,0,0,200,1,200,200,200,0,0,1,54,200
1,200,30,0,0,0,1,12,5,200,0,0,200,1,200,200,200,0,0,200,200,200
1,200,30,0,0,0,1,12,5,200,0,0,200,1,200,200,200,0,0,200,200,200
0,200,30,0,0,2,1,7,6,200,0,1,0,0,200,200,1,0,0,1,200,200
0,200,15,0,0,0,1,2,0,1,0,0,0,0,200,1,200,0,200,0,33,200
0,200,30,2,2,2,1,10,5,200,0,1,0,1,1,200,200,10,200,1,200,200
0,200,30,2,2,2,1,10,5,200,0,1,0,1,1,200,200,10,200,1,200,200
0,200,25,0,0,0,1,0,0,200,0,0,0,0,200,200,200,33,0,0,54,200
0,200,25,0,0,0,1,0,0,200,0,0,0,0,200,200,200,33,0,0,200,200
0,200,20,2,2,0,1,11,5,200,0,0,12,0,200,200,200,28,29,0,200,200
0,200,20,2,2,0,1,11,5,200,0,0,12,0,200,200,200,28,29,1,63,200
0,200,30,0,0,2,1,12,2,4,0,1,0,0,1,200,200,34,200,0,25,200
0,200,30,0,0,2,1,12,2,4,0,1,0,0,1,200,200,34,200,1,42,200
0,200,30,1,2,2,1,10,1,4,0,1,3,1,200,200,200,34,34,0,33,200
0,200,30,1,2,2,1,10,1,4,0,1,3,1,200,200,200,34,34,0,73,200
0,200,0,1,2,0,1,10,2,200,0,0,0,0,200,200,200,18,0,1,35,200
0,200,0,1,2,0,1,10,2,200,0,0,0,0,200,200,200,18,0,0,24,200
0,1,30,0,0,0,3,7,6,1,0,0,0,1,200,200,1,0,0,2,200,200
0,200,30,0,0,2,1,14,5,2,0,1,0,0,200,200,200,34,11,1,19,200
0,200,30,0,0,2,1,14,5,2,0,1,0,0,200,200,200,34,11,0,28,200
0,200,35,0,0,0,1,10,5,200,0,0,200,0,200,200,200,0,200,0,200,200
0,200,35,0,0,0,1,10,5,200,0,0,200,0,200,200,200,0,200,0,200,200
0,0,30,0,0,0,1,7,7,200,0,0,0,0,200,200,1,0,200,2,200,200
0,200,30,2,2,0,1,11,2,2,0,0,12,0,1,200,200,22,28,1,63,200
0,200,30,2,2,0,1,11,2,2,0,0,12,0,1,200,200,22,28,0,35,200
1,200,30,2,2,0,1,11,2,2,0,0,12,0,1,200,200,22,28,1,4,200
1,200,30,2,2,0,1,11,2,2,0,0,12,0,1,200,200,22,28,1,64,200
0,200,30,1,2,0,1,10,5,2,0,1,0,0,200,200,200,18,16,0,23,200
0,200,30,1,2,0,1,10,5,2,0,1,0,0,200,200,200,18,16,0,58,200
0,200,25,1,200,2,4,12,5,200,0,1,200,0,200,200,1,23,200,2,200,200
0,200,25,1,200,2,4,12,5,200,0,1,200,0,200,200,1,23,200,0,37,200
0,200,30,1,2,2,1,10,12,3,0,1,0,0,200,200,0,22,11,2,200,200
0,200,30,1,2,2,1,10,12,3,0,1,0,0,200,200,0,22,11,0,23,200
0,200,30,1,2,2,1,10,12,3,0,1,0,0,200,200,0,22,11,0,34,200
5,200,35,1,2,2,1,9,3,4,0,1,0,1,1,200,200,200,3,0,60,200
0,200,35,1,2,2,1,9,3,4,0,1,0,1,1,200,200,200,3,1,35,200
0,200,30,1,2,2,1,14,2,4,0,1,0,0,1,200,200,0,0,0,25,200
0,200,30,1,2,2,1,14,2,4,0,1,0,0,1,200,200,0,0,0,23,200
0,200,30,2,2,1,1,14,12,0,0,1,0,1,1,200,200,17,23,1,32,200
0,200,30,2,2,1,1,14,12,0,0,1,0,1,1,200,200,17,23,1,37,200
1,200,30,2,2,1,1,14,12,0,0,1,0,1,1,200,200,17,23,0,17,200
1,200,30,2,2,1,1,14,12,0,0,1,0,1,1,200,200,17,23,0,3,200
1,200,30,2,2,1,1,14,12,0,0,1,0,1,1,200,200,17,23,0,17,200
1,200,30,2,2,1,1,14,12,0,0,1,0,1,1,200,200,17,23,1,16,200
0,200,30,0,0,0,1,11,5,2,0,0,200,1,200,200,200,12,200,0,18,200
0,200,30,0,0,0,1,11,5,2,0,0,200,1,200,200,200,12,200,0,59,200
0,200,30,1,2,0,0,10,5,4,0,0,0,0,200,200,200,18,18,1,31,200
0,200,30,1,2,0,0,10,5,4,0,0,0,0,200,200,200,18,18,0,36,200
0,200,30,200,200,0,1,0,12,4,0,1,200,1,1,200,200,200,200,0,27,200
0,200,30,200,200,0,1,0,12,4,0,1,200,1,1,200,200,200,200,0,17,200
1,200,30,200,200,0,1,0,12,4,0,1,200,1,1,200,200,200,200,0,17,200
1,200,30,200,200,0,1,0,12,4,0,1,200,1,1,200,200,200,200,0,16,200
0,200,30,0,0,2,1,10,5,2,0,1,0,0,200,200,200,18,200,0,42,200
0,200,30,0,0,2,1,10,5,2,0,1,0,0,200,200,200,18,200,0,82,200
0,200,30,0,0,0,1,7,5,2,0,0,0,0,200,200,1,200,200,2,200,200
0,200,25,0,0,0,1,1,2,2,0,0,0,0,200,200,200,0,0,1,57,200
0,200,30,0,0,12,1,14,5,4,0,1,0,1,200,200,200,17,200,1,30,200
0,200,30,0,0,12,1,14,5,4,0,1,0,1,200,200,200,17,200,1,59,200
0,200,30,0,0,12,1,14,5,4,0,1,0,1,200,200,200,17,200,0,45,200
1,200,30,0,0,12,1,14,5,4,0,1,0,1,200,200,200,17,200,1,200,200
0,200,30,0,0,2,2,12,6,200,0,1,0,0,200,200,200,200,200,1,22,200
0,200,30,0,0,2,2,12,6,200,0,1,0,0,200,200,200,200,200,1,38,200
0,200,30,0,0,1,1,7,5,2,0,0,0,1,200,200,200,11,200,1,38,200
1,200,30,0,0,1,1,7,5,2,0,0,0,1,200,200,200,11,200,1,200,200
1,200,30,0,0,1,1,7,5,2,0,0,0,1,200,200,200,11,200,1,10,200
1,200,30,0,0,1,1,7,5,2,0,0,0,1,200,200,200,11,200,0,200,200
0,200,30,2,2,2,1,0,12,1,0,1,3,0,200,200,1,0,200,0,200,200
0,200,30,2,2,2,1,0,12,1,0,1,3,0,200,200,1,0,200,1,41,200
0,200,30,2,2,0,1,0,5,2,0,0,0,0,1,200,1,0,0,0,200,200
0,200,30,2,2,0,1,0,5,2,0,0,0,0,1,200,1,0,0,1,57,200
1,200,30,2,2,0,1,0,5,2,0,0,0,0,1,200,1,0,0,1,200,200
1,200,30,2,2,0,1,0,5,2,0,0,0,0,1,200,1,0,0,1,26,200
0,200,30,1,2,2,1,14,2,2,0,1,0,1,200,200,200,23,200,0,36,200
0,200,30,1,2,2,1,14,2,2,0,1,0,1,200,200,200,23,200,0,42,200
0,200,30,1,2,0,1,10,2,2,0,1,0,0,200,200,200,17,0,2,200,200
0,200,30,1,2,0,1,10,2,2,0,1,0,0,200,200,200,17,0,0,26,200
0,200,30,0,0,2,1,10,5,6,0,1,12,0,200,200,1,18,16,1,200,200
0,200,30,0,0,2,1,10,5,6,0,1,12,0,200,200,1,18,16,0,30,200
0,200,30,1,2,0,1,10,5,200,0,0,0,1,200,200,200,18,200,1,21,200
0,200,30,1,2,0,1,10,5,200,0,0,0,1,200,200,200,18,200,1,57,200
1,200,30,1,2,0,1,10,5,200,0,0,0,1,200,200,200,18,200,0,59,200
0,200,30,1,2,2,1,12,6,200,0,1,0,0,200,200,200,22,200,0,200,200
0,200,30,1,2,2,1,12,6,200,0,1,0,0,200,200,200,22,200,1,200,200
1,200,30,1,2,2,1,12,6,200,0,1,0,0,200,200,200,22,200,0,200,200
1,200,30,1,2,2,1,12,6,200,0,1,0,0,200,200,200,22,200,0,200,200
1,200,30,1,2,2,1,12,6,200,0,1,0,0,200,200,200,22,200,0,200,200
1,200,30,1,2,2,1,12,6,200,0,1,0,0,200,200,200,22,200,2,200,200
1,200,30,1,2,2,1,12,6,200,0,1,0,0,200,200,200,22,200,0,200,200
1,200,30,1,2,2,1,12,6,200,0,1,0,0,200,200,200,22,200,0,200,200
1,200,30,1,2,2,1,12,6,200,0,1,0,0,200,200,200,22,200,0,200,200
1,200,30,1,2,2,1,12,6,200,0,1,0,0,200,200,200,22,200,0,200,200
1,200,30,1,2,2,1,12,6,200,0,1,0,0,200,200,200,22,200,0,200,200
1,200,30,1,2,2,1,12,6,200,0,1,0,0,200,200,200,22,200,0,200,200
1,200,30,1,2,2,1,12,6,200,0,1,0,0,200,200,200,22,200,0,200,200
1,200,30,1,2,2,1,12,6,200,0,1,0,0,200,200,200,22,200,200,200,200
1,200,30,1,2,2,1,12,6,200,0,1,0,0,200,200,200,22,200,2,200,200
1,200,30,1,2,2,1,12,6,200,0,1,0,0,200,200,200,22,200,2,200,200
1,200,30,1,2,2,1,12,6,200,0,1,0,0,200,200,200,22,200,1,200,200