PERSON_TYPE,CRASH_DATE_EST_I,POSTED_SPEED_LIMIT,TRAFFIC_CONTROL_DEVICE,DEVICE_CONDITION,WEATHER_CONDITION,LIGHTING_CONDITION,FIRST_CRASH_TYPE,TRAFFICWAY_TYPE,LANE_CNT,ALIGNMENT,ROADWAY_SURFACE_COND,ROAD_DEFECT,CRASH_TYPE,INTERSECTION_RELATED_I,NOT_RIGHT_OF_WAY_I,HIT_AND_RUN_I,PRIM_CONTRIBUTORY_CAUSE,SEC_CONTRIBUTORY_CAUSE,SEX,AGE,BAC_RESULT VALUE
0,200,25,1,2,0,1,10,5,200,0,0,0,0,200,200,200,18,18,0,22,200
0,200,25,1,2,0,1,10,5,200,0,0,0,0,200,200,200,18,18,0,34,200
1,200,25,1,2,0,1,10,5,200,0,0,0,0,200,200,200,18,18,1,35,200
0,200,35,0,0,0,2,10,5,4,0,0,0,1,200,200,1,14,200,1,17,200
0,200,35,0,0,0,2,10,5,4,0,0,0,1,200,200,1,14,200,0,200,200
0,200,30,0,0,0,1,7,5,200,0,0,0,0,200,200,1,0,0,0,200,200
4,1,30,0,0,0,1,8,5,2,0,0,0,1,200,200,200,0,200,0,25,200
0,200,30,1,2,0,4,0,5,4,0,0,0,1,1,200,1,6,200,0,200,200
0,200,30,1,2,0,4,0,5,4,0,0,0,1,1,200,1,6,200,0,21,200
0,200,30,1,2,0,3,14,3,4,0,1,0,1,1,200,200,17,6,0,19,200
0,200,30,1,2,0,3,14,3,4,0,1,0,1,1,200,200,17,6,0,59,200
0,1,35,0,0,0,3,14,5,4,0,0,0,1,200,200,200,23,23,1,59,200
0,1,35,0,0,0,3,14,5,4,0,0,0,1,200,200,200,23,23,0,24,200
1,1,35,0,0,0,3,14,5,4,0,0,0,1,200,200,200,23,23,1,25,200
1,1,35,0,0,0,3,14,5,4,0,0,0,1,200,200,200,23,23,0,4,200
1,1,35,0,0,0,3,14,5,4,0,0,0,1,200,200,200,23,23,1,56,200
0,200,30,0,0,0,3,10,5,2,0,0,0,0,200,200,200,16,18,0,34,200
0,200,30,0,0,0,3,10,5,2,0,0,0,0,200,200,200,16,18,1,49,200
0,200,30,0,0,0,3,10,3,2,0,0,0,0,200,200,200,0,200,0,22,200
0,200,30,0,0,0,3,10,3,2,0,0,0,0,200,200,200,0,200,0,23,200
1,200,30,0,0,0,3,10,3,2,0,0,0,0,200,200,200,0,200,1,41,200
1,200,30,0,0,0,3,10,3,2,0,0,0,0,200,200,200,0,200,1,41,200
1,200,30,0,0,0,3,10,3,2,0,0,0,0,200,200,200,0,200,0,37,200
1,200,30,0,0,0,3,10,3,2,0,0,0,0,200,200,200,0,200,0,34,200
1,200,30,0,0,0,3,10,3,2,0,0,0,0,200,200,200,0,200,0,22,200
0,200,25,0,0,0,1,7,5,200,0,0,0,0,200,200,200,20,200,0,200,200
1,200,25,0,0,0,1,7,5,200,0,0,0,0,200,200,200,20,200,0,200,200
1,200,25,0,0,0,1,7,5,200,0,0,0,0,200,200,200,20,200,1,200,200
0,200,25,0,0,0,3,7,6,1,0,0,0,0,200,200,1,0,200,0,200,200
0,200,30,1,2,0,3,10,6,4,0,0,0,0,1,200,1,18,200,0,200,200
0,200,30,1,2,0,3,10,6,4,0,0,0,0,1,200,1,18,200,0,36,200
0,1,30,1,200,0,3,0,6,1,2,0,200,1,200,200,1,0,0,0,200,200
0,1,30,1,200,0,3,0,6,1,2,0,200,1,200,200,1,0,0,0,26,200
0,1,35,0,0,0,1,12,2,2,0,0,0,0,200,200,1,17,200,0,200,200
0,1,35,0,0,0,1,12,2,2,0,0,0,0,200,200,1,17,200,1,200,200
0,200,30,0,0,0,1,5,5,1,0,0,0,0,200,200,200,200,200,0,42,200
0,200,30,1,2,0,3,0,3,3,0,1,3,0,200,200,1,0,0,0,200,200
0,200,30,1,2,0,3,0,3,3,0,1,3,0,200,200,1,0,0,0,22,200
0,200,30,0,0,0,3,0,6,0,0,0,0,1,1,200,200,17,200,0,17,200
0,200,30,0,0,0,3,0,6,0,0,0,0,1,1,200,200,17,200,0,45,200
0,1,30,0,0,200,200,7,5,4,0,200,200,0,200,200,1,0,200,2,200,200
0,200,30,0,0,2,3,7,2,2,0,1,0,0,200,200,1,10,11,2,200,200
0,200,30,2,2,0,3,14,5,200,0,0,200,1,1,200,200,23,0,0,23,200
0,200,30,2,2,0,3,14,5,200,0,0,200,1,1,200,200,23,0,1,58,200
1,200,30,2,2,0,3,14,5,200,0,0,200,1,1,200,200,23,0,1,45,200
0,200,30,1,2,0,3,12,2,4,0,0,0,0,1,200,200,21,0,0,29,200
0,200,30,1,2,0,3,12,2,4,0,0,0,0,1,200,200,21,0,0,31,200
0,200,35,0,0,0,3,12,2,6,0,0,0,1,1,200,200,23,11,0,33,200
0,200,35,0,0,0,3,12,2,6,0,0,0,1,1,200,200,23,11,0,65,200
1,200,35,0,0,0,3,12,2,6,0,0,0,1,1,200,200,23,11,200,200,200
1,200,35,0,0,0,3,12,2,6,0,0,0,1,1,200,200,23,11,200,200,200
1,200,35,0,0,0,3,12,2,6,0,0,0,1,1,200,200,23,11,200,200,200
1,200,35,0,0,0,3,12,2,6,0,0,0,1,1,200,200,23,11,200,200,200
1,200,35,0,0,0,3,12,2,6,0,0,0,1,1,200,200,23,11,200,200,200
0,200,30,1,2,1,3,10,2,200,0,0,0,0,200,200,1,18,16,0,200,200
0,200,30,1,2,1,3,10,2,200,0,0,0,0,200,200,1,18,16,0,53,200
1,200,30,1,2,1,3,10,2,200,0,0,0,0,200,200,1,18,16,0,53,200
1,200,30,1,2,1,3,10,2,200,0,0,0,0,200,200,1,18,16,0,10,200
0,200,10,0,0,0,0,7,5,200,0,0,0,0,200,200,200,0,0,0,50,200
0,200,30,0,0,0,3,7,5,2,0,0,0,1,200,200,1,18,17,2,200,200
1,200,30,0,0,0,3,7,5,2,0,0,0,1,200,200,1,18,17,1,69,200
0,200,30,1,2,0,3,10,2,5,0,0,0,0,1,200,1,25,11,2,200,200
0,200,30,1,2,0,3,10,2,5,0,0,0,0,1,200,1,25,11,1,24,200
0,200,30,1,2,0,3,10,5,2,0,0,200,1,1,200,200,16,200,0,50,200
0,200,30,1,2,0,3,10,5,2,0,0,200,1,1,200,200,16,200,1,32,200
1,200,30,1,2,0,3,10,5,2,0,0,200,1,1,200,200,16,200,0,200,200
1,200,30,1,2,0,3,10,5,2,0,0,200,1,1,200,200,16,200,1,200,200
0,200,30,1,2,2,1,10,5,200,0,1,0,0,200,200,200,0,0,1,35,200
0,200,30,1,2,2,1,10,5,200,0,1,0,0,200,200,200,0,0,1,37,200
0,200,30,200,200,0,1,14,2,4,0,0,0,0,200,200,200,22,200,0,68,200
0,200,30,200,200,0,1,14,2,4,0,0,0,0,200,200,200,22,200,0,40,200
0,200,25,0,0,0,3,7,6,200,0,0,0,0,200,200,200,32,200,0,200,200
1,200,25,0,0,0,3,7,6,200,0,0,0,0,200,200,200,32,200,0,200,200
0,200,30,0,200,0,3,0,0,1,0,0,12,1,200,200,0,0,0,2,200,200
0,200,30,0,200,0,3,0,0,1,0,0,12,1,200,200,0,0,0,0,61,200
1,200,30,0,200,0,3,0,0,1,0,0,12,1,200,200,0,0,0,1,40,200
0,200,0,0,0,0,3,2,4,200,0,0,0,0,200,1,200,11,200,0,24,200
0,200,30,0,0,0,3,2,6,200,0,0,0,1,200,1,200,13,200,1,26,200
1,200,30,0,0,0,3,2,6,200,0,0,0,1,200,1,200,13,200,0,25,200
0,200,30,0,0,0,3,7,5,4,0,0,0,0,200,200,1,20,200,2,200,200
0,200,30,1,2,0,0,7,5,200,0,0,0,1,200,200,200,0,200,1,21,200
1,200,30,1,2,0,0,7,5,200,0,0,0,1,200,200,200,0,200,200,200,200
0,200,30,0,0,0,0,10,6,1,0,0,0,1,200,200,0,14,22,1,21,200
0,200,30,0,0,0,0,10,6,1,0,0,0,1,200,200,0,14,22,0,23,200
1,200,30,0,0,0,0,10,6,1,0,0,0,1,200,200,0,14,22,0,23,200
0,200,30,0,0,0,3,12,6,1,0,0,200,0,200,200,200,200,200,0,60,200
0,200,30,0,0,0,3,12,6,1,0,0,200,0,200,200,200,200,200,0,33,200
1,200,30,0,0,0,3,12,6,1,0,0,200,0,200,200,200,200,200,1,200,200
0,200,30,0,0,0,3,7,5,1,0,0,0,1,200,200,200,0,200,0,41,200
0,200,20,0,0,0,3,7,5,200,0,0,0,1,200,200,200,12,0,0,44,200
0,200,30,0,0,0,3,7,5,2,0,0,0,1,200,200,1,21,16,1,18,200
0,200,30,7,0,0,3,10,2,2,0,0,200,0,200,200,200,20,11,0,46,200
0,200,30,7,0,0,3,10,2,2,0,0,200,0,200,200,200,20,11,0,35,200
0,200,30,1,2,0,3,7,6,2,0,0,0,0,200,200,200,11,200,0,23,200
0,200,30,1,2,0,3,14,5,4,0,0,0,1,1,200,200,6,200,0,39,200
0,200,30,1,2,0,3,14,5,4,0,0,0,1,1,200,200,6,200,1,27,200
0,200,35,1,2,0,2,14,5,5,0,0,0,1,200,200,200,16,200,0,30,200
0,200,35,1,2,0,2,14,5,5,0,0,0,1,200,200,200,16,200,1,67,200
0,200,30,1,2,0,1,14,2,2,0,0,0,0,1,200,200,0,200,0,29,200
0,200,30,1,2,0,1,14,2,2,0,0,0,0,1,200,200,0,200,1,29,200
1,200,30,1,2,0,1,14,2,2,0,0,0,0,1,200,200,0,200,0,200,200
1,200,30,1,2,0,1,14,2,2,0,0,0,0,1,200,200,0,200,0,200,200
0,200,30,1,2,0,1,10,5,6,2,0,0,0,1,200,200,22,0,1,36,200
0,200,30,1,2,0,1,10,5,6,2,0,0,0,1,200,200,22,0,0,33,200
0,200,30,0,0,0,1,7,5,2,0,0,0,0,200,200,1,200,200,2,200,200
0,200,30,1,0,0,1,0,2,200,0,0,0,0,1,200,200,17,17,0,47,200
0,200,30,1,0,0,1,0,2,200,0,0,0,0,1,200,200,17,17,0,51,200
0,200,30,1,2,0,1,14,2,200,0,0,0,0,200,200,200,17,200,0,46,200
0,200,30,1,2,0,1,14,2,200,0,0,0,0,200,200,200,17,200,0,30,200
0,200,45,1,2,0,1,10,2,2,0,0,0,0,200,200,200,16,200,0,35,200
0,200,45,1,2,0,1,10,2,2,0,0,0,0,200,200,200,16,200,1,50,200
0,200,30,1,2,0,1,10,2,200,0,0,0,0,200,200,200,12,0,0,44,200
0,200,30,1,2,0,1,10,2,200,0,0,0,0,200,200,200,12,0,0,40,200
0,200,20,0,0,0,1,7,2,200,0,0,0,0,200,200,200,17,17,1,200,200
0,200,35,1,2,2,1,0,5,200,0,1,0,0,1,200,200,34,20,0,51,200
0,200,35,1,2,2,1,0,5,200,0,1,0,0,1,200,200,34,20,0,200,200
4,200,30,0,0,0,1,8,12,200,0,0,0,0,200,200,200,0,200,0,200,200
0,200,30,0,0,0,1,8,12,200,0,0,0,0,200,200,200,0,200,1,52,200
0,200,30,0,0,0,1,12,2,200,0,0,0,0,200,200,200,0,0,1,55,200
0,200,30,0,0,0,1,12,2,200,0,0,0,0,200,200,200,0,0,1,35,200
1,200,30,0,0,0,1,12,2,200,0,0,0,0,200,200,200,0,0,1,200,200
0,200,30,2,2,0,1,0,5,2,0,0,0,0,1,200,200,0,200,0,71,200
0,200,30,2,2,0,1,0,5,2,0,0,0,0,1,200,200,0,200,0,47,200
1,200,30,2,2,0,1,0,5,2,0,0,0,0,1,200,200,0,200,1,37,200
0,200,35,0,0,0,1,2,5,200,0,0,0,0,200,200,200,11,200,0,39,200
4,200,35,0,0,0,1,8,3,200,0,0,0,1,200,200,200,0,200,0,19,200
0,200,25,1,2,0,1,14,2,5,0,0,0,1,200,200,200,23,21,0,60,200
0,200,25,1,2,0,1,14,2,5,0,0,0,1,200,200,200,23,21,1,31,200
1,200,25,1,2,0,1,14,2,5,0,0,0,1,200,200,200,23,21,1,4,200
0,200,30,0,0,0,1,5,0,1,0,0,0,0,200,200,200,33,0,0,58,200
0,200,30,0,0,0,3,7,5,200,0,0,0,0,200,200,200,0,0,1,200,200
0,200,35,1,2,2,1,7,5,2,0,1,0,0,0,200,200,33,11,1,41,200
0,200,30,1,2,0,1,10,2,4,0,0,200,0,200,200,200,22,22,1,27,200
0,200,30,1,2,0,1,10,2,4,0,0,200,0,200,200,200,22,22,0,39,200
0,200,30,0,0,2,3,12,6,5,0,1,0,0,200,200,1,0,0,2,200,200
0,200,30,0,0,2,3,12,6,5,0,1,0,0,200,200,1,0,0,1,51,200
0,200,30,1,2,0,1,12,2,7,0,0,0,0,1,200,200,22,16,0,41,200
0,200,30,1,2,0,1,12,2,7,0,0,0,0,1,200,200,22,16,0,0,200
0,1,30,0,0,200,200,7,5,2,0,200,0,0,200,200,200,0,0,2,200,200
0,200,30,0,3,0,1,0,5,200,0,0,0,0,200,200,1,0,0,0,200,200
0,200,30,0,3,0,1,0,5,200,0,0,0,0,200,200,1,0,0,0,21,200
0,200,30,0,0,0,1,12,2,200,0,0,0,0,200,200,200,21,200,1,26,200
0,200,30,0,0,0,1,12,2,200,0,0,0,0,200,200,200,21,200,0,35,200
0,200,30,0,0,0,1,0,6,200,0,0,0,0,200,200,200,17,200,0,35,200
0,200,30,0,0,0,1,0,6,200,0,0,0,0,200,200,200,17,200,1,40,200
0,200,0,0,0,0,1,7,0,200,0,0,200,0,200,200,200,20,200,0,67,200
0,200,20,0,0,0,1,7,6,1,0,0,0,0,200,200,1,200,200,0,200,200
0,200,30,0,0,0,1,7,5,4,0,0,0,0,200,200,1,22,0,0,200,200
4,200,30,0,0,0,1,8,5,2,0,0,0,1,200,200,200,0,0,1,19,200
0,200,30,0,0,0,1,8,5,2,0,0,0,1,200,200,200,0,0,0,36,200
0,200,30,0,0,0,1,0,5,200,0,0,0,0,200,200,200,17,200,0,19,200
0,200,30,0,0,0,1,0,5,200,0,0,0,0,200,200,200,17,200,0,39,200
1,200,30,0,0,0,1,0,5,200,0,0,0,0,200,200,200,17,200,1,2,200
0,200,30,1,2,0,1,10,2,200,0,0,0,0,200,200,1,0,0,0,200,200
0,200,30,1,2,0,1,10,2,200,0,0,0,0,200,200,200,18,17,1,59,200
0,200,30,1,2,0,1,10,2,200,0,0,0,0,200,200,200,18,17,1,34,200
0,200,30,10,2,0,1,2,5,200,2,0,0,1,200,200,200,3,200,1,51,200
0,200,35,2,2,0,1,0,5,2,0,0,0,1,200,200,200,17,5,1,27,200
0,200,35,2,2,0,1,0,5,2,0,0,0,1,200,200,200,17,5,0,63,200
1,200,35,2,2,0,1,0,5,2,0,0,0,1,200,200,200,17,5,0,60,200
0,200,40,2,0,0,1,14,2,200,0,0,0,0,1,200,200,23,200,1,19,200
0,200,40,2,0,0,1,14,2,200,0,0,0,0,1,200,200,23,200,0,68,200
1,200,40,2,0,0,1,14,2,200,0,0,0,0,1,200,200,23,200,0,21,200
0,200,30,1,2,0,1,10,2,200,0,0,0,0,200,200,200,0,200,1,23,200
0,200,30,1,2,0,1,10,2,200,0,0,0,0,200,200,200,0,200,0,45,200
0,1,25,2,2,0,1,10,5,1,0,0,0,0,200,200,1,0,200,2,200,200
0,1,25,2,2,0,1,10,5,1,0,0,0,0,200,200,1,0,200,1,43,200
1,1,25,2,2,0,1,10,5,1,0,0,0,0,200,200,1,0,200,0,15,200
0,200,15,0,0,0,1,7,12,1,0,0,0,0,200,200,200,20,20,1,56,200
0,200,30,0,0,0,1,5,0,200,0,0,0,0,200,1,200,17,200,0,59,200
0,200,30,0,0,0,1,2,5,2,0,0,0,1,200,1,1,0,200,2,200,200
0,200,30,0,0,0,1,7,5,2,0,0,0,0,200,200,1,25,200,2,200,200
0,200,15,0,0,0,1,7,5,2,0,0,2,0,200,200,200,0,200,1,50,200
0,200,35,2,2,0,1,0,2,4,0,0,0,0,200,200,200,17,200,0,42,200
0,200,35,2,2,0,1,0,2,4,0,0,0,0,200,200,200,17,200,0,65,200
1,200,35,2,2,0,1,0,2,4,0,0,0,0,200,200,200,17,200,1,6,200
0,200,30,0,0,0,1,10,5,200,0,0,0,0,200,200,200,11,200,0,200,200
0,200,30,0,0,0,1,10,5,200,0,0,0,0,200,200,200,11,200,1,39,200
0,200,30,2,0,0,1,10,5,200,0,0,0,0,200,200,200,0,0,0,200,200
0,200,30,2,0,0,1,10,5,200,0,0,0,0,200,200,200,0,0,0,56,200
0,200,30,0,0,0,1,4,5,200,0,0,1,0,200,200,200,0,0,0,56,200
0,200,20,0,0,0,1,10,2,200,0,0,0,1,1,200,200,18,18,1,50,200
0,200,20,0,0,0,1,10,2,200,0,0,0,1,1,200,200,18,18,0,23,200
0,200,30,0,0,0,1,10,2,200,0,0,0,1,200,200,200,16,200,1,18,200
0,200,30,0,0,0,1,10,2,200,0,0,0,1,200,200,200,16,200,0,41,200
0,200,30,0,0,0,1,10,2,200,0,0,0,1,200,200,200,16,200,0,35,200
1,200,30,0,0,0,1,10,2,200,0,0,0,1,200,200,200,16,200,1,34,200
1,200,30,0,0,0,1,10,2,200,0,0,0,1,200,200,200,16,200,0,6,200
1,200,30,0,0,0,1,10,2,200,0,0,0,1,200,200,200,16,200,1,2,200
1,200,30,0,0,0,1,10,2,200,0,0,0,1,200,200,200,16,200,1,15,200
1,200,30,0,0,0,1,10,2,200,0,0,0,1,200,200,200,16,200,1,16,200
0,200,10,0,0,0,1,7,0,0,0,0,0,0,200,200,200,0,0,1,39,200
0,200,30,1,0,0,1,7,2,200,0,0,0,0,200,200,200,0,200,0,59,200
0,200,30,1,2,0,1,10,2,200,0,0,0,1,200,200,200,18,11,1,34,200
0,200,30,1,2,0,1,10,2,200,0,0,0,1,200,200,200,18,11,0,60,200
0,200,30,0,0,0,1,14,5,4,0,0,0,0,200,200,200,0,0,1,57,200
0,200,30,0,0,0,1,14,5,4,0,0,0,0,200,200,200,0,0,0,58,200
0,200,30,0,0,0,1,14,5,2,0,0,0,0,0,200,200,0,0,1,36,200
0,200,30,0,0,0,1,14,5,2,0,0,0,0,0,200,200,0,0,1,64,200
1,200,30,0,0,0,1,14,5,2,0,0,0,0,0,200,200,0,0,0,41,200
0,200,30,1,2,0,1,10,1,200,0,0,0,0,200,200,1,18,200,0,200,200
0,200,30,1,2,0,1,10,1,200,0,0,0,0,200,200,1,18,200,1,42,200
0,200,30,2,2,0,1,10,5,2,0,0,0,0,200,200,200,0,0,0,43,200
0,200,30,2,2,0,1,10,5,2,0,0,0,0,200,200,200,0,0,1,34,200
0,200,15,0,0,0,1,7,7,0,0,0,0,0,200,200,200,200,200,0,200,200
0,200,30,0,0,2,0,10,5,200,0,1,0,0,200,200,200,0,0,0,200,200
0,200,30,0,0,2,0,10,5,200,0,1,0,0,200,200,200,0,0,1,31,200
0,200,30,0,0,0,1,14,2,200,0,0,0,1,1,200,200,17,200,1,19,200
0,200,30,0,0,0,1,14,2,200,0,0,0,1,1,200,200,17,200,0,51,200
0,200,30,2,2,0,1,0,5,200,0,0,0,0,1,200,200,0,0,0,70,200
0,200,30,2,2,0,1,0,5,200,0,0,0,0,1,200,200,0,0,1,51,200
0,200,30,0,0,0,1,7,5,4,0,0,0,1,1,200,200,0,200,0,32,200
0,200,30,1,2,0,1,14,5,200,0,0,0,0,1,200,200,0,200,0,61,200
0,200,30,1,2,0,1,14,5,200,0,0,0,0,1,200,200,0,200,0,57,200
0,200,30,1,2,0,1,3,5,200,0,0,0,0,1,200,200,20,200,0,22,200
0,200,30,1,2,0,1,3,5,200,0,0,0,0,1,200,200,20,200,1,64,200
1,200,30,1,2,0,1,3,5,200,0,0,0,0,1,200,200,20,200,200,200,200
0,200,30,1,2,0,1,10,3,5,0,0,0,0,1,200,200,18,18,1,37,200
0,200,30,1,2,0,1,10,3,5,0,0,0,0,1,200,200,18,18,1,28,200
0,200,35,0,0,0,1,10,5,2,0,0,0,1,200,200,1,15,16,0,23,200
0,200,35,0,0,0,1,10,5,2,0,0,0,1,200,200,1,15,16,1,17,200
1,200,35,0,0,0,1,10,5,2,0,0,0,1,200,200,1,15,16,0,11,200
0,200,30,1,2,0,1,10,1,200,0,0,0,1,1,200,200,18,16,0,36,200
0,200,30,1,2,0,1,10,1,200,0,0,0,1,1,200,200,18,16,0,23,200
0,200,30,1,2,0,1,10,1,200,0,0,0,1,1,200,200,18,16,1,52,200
0,1,20,0,0,0,1,7,6,1,0,0,0,0,200,200,1,0,0,2,200,200
0,200,15,0,0,0,1,2,0,1,0,0,0,0,200,200,200,20,200,0,42,200
0,200,30,0,0,0,1,10,5,2,0,0,0,0,200,200,200,200,200,0,24,200
0,200,30,0,0,0,1,10,5,2,0,0,0,0,200,200,200,200,200,1,22,200
0,200,0,0,0,0,1,7,7,200,0,0,0,0,200,1,200,20,200,1,55,200
0,200,35,0,0,0,1,10,5,200,0,0,0,1,200,200,200,18,25,0,36,200
0,200,35,0,0,0,1,10,5,200,0,0,0,1,200,200,200,18,25,0,25,200
0,200,30,0,0,0,1,12,3,6,0,0,0,0,200,200,200,0,200,0,73,200
0,200,30,0,0,0,1,12,3,6,0,0,0,0,200,200,200,0,200,0,29,200
0,200,30,0,0,0,1,14,5,2,0,0,200,0,200,200,200,0,0,1,82,200
0,200,30,0,0,0,1,14,5,2,0,0,200,0,200,200,200,0,0,1,20,200
0,200,30,0,0,0,1,14,3,4,0,0,0,0,1,200,200,17,17,0,30,200
0,200,30,0,0,0,1,14,3,4,0,0,0,0,1,200,200,17,17,1,41,200
0,200,30,1,2,0,1,10,5,200,0,0,0,0,200,200,200,18,200,1,200,200
0,200,30,1,2,0,1,10,5,200,0,0,0,0,200,200,200,18,200,0,62,200
0,200,30,0,0,0,1,10,5,200,0,0,0,0,200,200,1,18,200,2,200,200
0,200,30,0,0,0,1,10,5,200,0,0,0,0,200,200,1,18,200,1,49,200
0,200,30,0,0,0,1,7,5,2,0,0,0,0,200,200,200,200,200,1,55,200
0,200,25,0,0,0,3,7,6,1,0,0,0,0,200,200,1,20,0,2,200,200
0,200,30,0,0,0,1,7,5,200,0,0,0,0,200,200,200,0,0,1,23,200
0,200,45,3,2,0,1,10,2,4,0,0,0,1,200,200,200,11,16,1,28,200
0,200,45,3,2,0,1,10,2,4,0,0,0,1,200,200,200,11,16,0,75,200
1,200,45,3,2,0,1,10,2,4,0,0,0,1,200,200,200,11,16,0,48,200
0,200,55,1,2,0,1,14,3,2,0,0,0,1,1,200,200,17,8,1,17,200
0,200,55,1,2,0,1,14,3,2,0,0,0,1,1,200,200,17,8,1,31,200
1,200,55,1,2,0,1,14,3,2,0,0,0,1,1,200,200,17,8,1,23,200
0,200,25,1,2,0,1,10,2,5,0,0,0,1,200,200,200,0,200,0,67,200
0,200,25,1,2,0,1,10,2,5,0,0,0,1,200,200,200,0,200,0,58,200
0,0,30,1,2,0,1,10,2,2,0,0,0,1,1,200,200,0,0,0,200,200
0,0,30,1,2,0,1,10,2,2,0,0,0,1,1,200,200,0,0,1,68,200
1,0,30,1,2,0,1,10,2,2,0,0,0,1,1,200,200,0,0,0,50,200
0,200,30,0,0,0,1,12,6,2,0,0,0,0,200,200,200,0,0,0,44,200
0,200,30,0,0,0,1,12,6,2,0,0,0,0,200,200,200,0,0,0,52,200
0,200,30,0,0,0,1,12,2,200,0,0,0,0,200,200,200,17,200,0,76,200
0,200,30,0,0,0,1,12,2,200,0,0,0,0,200,200,200,17,200,1,43,200
0,200,30,3,2,0,1,12,3,4,0,0,0,1,200,200,200,21,11,0,56,200
0,200,30,3,2,0,1,12,3,4,0,0,0,1,200,200,200,21,11,0,54,200
1,200,30,3,2,0,1,12,3,4,0,0,0,1,200,200,200,21,11,0,200,200
0,200,10,0,0,0,1,7,7,200,0,0,0,0,200,200,200,0,0,1,25,200
0,200,30,1,0,0,1,14,5,200,0,0,0,0,1,200,200,17,17,1,50,200
0,200,30,1,0,0,1,14,5,200,0,0,0,0,1,200,200,17,17,0,56,200
0,200,30,0,0,2,1,10,5,4,0,1,0,0,200,200,200,18,0,1,29,200
0,200,30,0,0,2,1,10,5,4,0,1,0,0,200,200,200,18,0,0,54,200
0,200,30,1,2,0,1,10,5,4,0,0,0,1,200,200,1,0,0,0,200,200
0,200,30,1,2,0,1,10,5,4,0,0,0,1,200,200,1,0,0,1,23,200
1,200,30,1,2,0,1,10,5,4,0,0,0,1,200,200,1,0,0,1,53,200
0,200,30,1,2,0,1,10,5,2,0,0,0,0,200,200,200,18,18,0,28,200
0,200,30,1,2,0,1,10,5,2,0,0,0,0,200,200,200,18,18,0,28,200
0,200,30,1,2,0,1,12,1,2,0,0,0,1,1,200,200,17,0,0,35,200
0,200,30,1,2,0,1,12,1,2,0,0,0,1,1,200,200,17,0,0,37,200
0,200,30,1,2,0,1,12,1,2,0,0,0,1,1,200,200,17,0,0,33,200
0,200,35,0,0,0,1,10,5,2,0,0,0,0,200,200,200,18,200,0,45,200
0,200,35,0,0,0,1,10,5,2,0,0,0,0,200,200,200,18,200,1,25,200
0,0,30,0,0,0,1,12,3,3,0,0,0,0,200,200,200,0,0,1,37,200
0,0,30,0,0,0,1,12,3,3,0,0,0,0,200,200,200,0,0,0,72,200
1,0,30,0,0,0,1,12,3,3,0,0,0,0,200,200,200,0,0,0,200,200
0,1,30,0,0,0,3,7,6,200,0,0,0,0,200,200,1,0,200,2,200,200
0,200,0,1,2,0,1,14,6,4,0,0,0,0,200,200,200,0,0,0,40,200
0,200,0,1,2,0,1,14,6,4,0,0,0,0,200,200,200,0,0,0,58,200
0,200,30,0,0,0,1,7,5,200,0,0,0,0,200,200,1,0,0,2,200,200
0,1,30,200,200,200,200,14,5,200,0,200,200,0,200,200,1,0,0,2,200,200
0,1,30,200,200,200,200,14,5,200,0,200,200,0,200,200,1,0,0,1,36,200
0,200,30,0,0,0,1,12,5,200,0,0,200,0,200,200,200,17,200,0,30,200
0,200,30,0,0,0,1,12,5,200,0,0,200,0,200,200,200,17,200,0,41,200
0,200,20,0,0,0,1,7,6,1,0,0,0,1,200,200,1,200,200,2,200,200
0,200,30,0,0,0,1,14,5,200,0,0,0,0,200,200,200,23,200,1,38,200
0,200,30,0,0,0,1,14,5,200,0,0,0,0,200,200,200,23,200,0,31,200
1,200,30,0,0,0,1,14,5,200,0,0,0,0,200,200,200,23,200,2,200,200
1,200,30,0,0,0,1,14,5,200,0,0,0,0,200,200,200,23,200,0,200,200
1,200,30,0,0,0,1,14,5,200,0,0,0,0,200,200,200,23,200,1,200,200
0,200,40,3,2,0,1,10,3,8,3,0,0,0,1,200,200,16,18,0,74,200
0,200,40,3,2,0,1,10,3,8,3,0,0,0,1,200,200,16,18,0,23,200
0,200,30,0,0,0,1,12,2,2,0,0,0,0,200,200,200,17,0,0,200,200
0,200,30,0,0,0,1,12,2,2,0,0,0,0,200,200,200,17,0,0,200,200
0,200,10,0,0,0,1,7,7,200,0,200,200,0,200,1,200,20,200,1,73,200
1,200,10,0,0,0,1,7,7,200,0,200,200,0,200,1,200,20,200,1,30,200
0,200,30,0,0,0,1,11,6,1,0,0,0,0,200,200,200,21,200,1,200,200
0,200,30,0,0,0,1,11,6,1,0,0,0,0,200,200,200,21,200,1,200,200
1,200,30,0,0,0,1,11,6,1,0,0,0,0,200,200,200,21,200,1,200,200
1,200,30,0,0,0,1,11,6,1,0,0,0,0,200,200,200,21,200,1,200,200
1,200,30,0,0,0,1,11,6,1,0,0,0,0,200,200,200,21,200,1,200,200
1,200,30,0,0,0,1,11,6,1,0,0,0,0,200,200,200,21,200,1,200,200
0,200,30,0,0,0,1,2,6,1,0,2,4,0,200,1,200,29,0,0,35,200
1,200,30,0,0,0,1,2,6,1,0,2,4,0,200,1,200,29,0,0,32,200
0,200,25,0,0,0,1,12,5,200,0,0,0,0,200,200,1,200,200,0,200,200