PERSON_TYPE,CRASH_DATE_EST_I,POSTED_SPEED_LIMIT,TRAFFIC_CONTROL_DEVICE,DEVICE_CONDITION,WEATHER_CONDITION,LIGHTING_CONDITION,FIRST_CRASH_TYPE,TRAFFICWAY_TYPE,LANE_CNT,ALIGNMENT,ROADWAY_SURFACE_COND,ROAD_DEFECT,CRASH_TYPE,INTERSECTION_RELATED_I,NOT_RIGHT_OF_WAY_I,HIT_AND_RUN_I,PRIM_CONTRIBUTORY_CAUSE,SEC_CONTRIBUTORY_CAUSE,SEX,AGE,BAC_RESULT VALUE
0,200,25,0,0,0,1,12,5,200,0,0,0,0,200,200,1,200,200,0,65,200
0,200,15,0,0,200,4,7,0,200,0,200,200,0,200,200,200,0,200,1,29,200
0,200,30,1,2,0,1,12,2,4,0,0,0,0,1,200,200,25,0,0,22,200
0,200,30,1,2,0,1,12,2,4,0,0,0,0,1,200,200,25,0,1,50,200
0,200,15,0,0,0,1,14,2,2,0,0,0,1,200,1,200,10,16,2,200,200
0,200,15,0,0,0,1,14,2,2,0,0,0,1,200,1,200,10,16,0,45,200
0,200,30,1,2,0,1,14,2,2,0,0,0,1,1,200,200,17,200,1,73,200
0,200,30,1,2,0,1,14,2,2,0,0,0,1,1,200,200,17,200,1,23,200
0,200,25,0,0,0,1,12,2,2,0,0,0,0,200,200,1,0,0,0,200,200
0,200,25,0,0,0,1,12,2,2,0,0,0,0,200,200,1,0,0,0,54,200
0,200,45,200,200,0,1,10,5,200,0,200,200,0,200,200,200,0,200,0,200,200
0,200,45,200,200,0,1,10,5,200,0,200,200,0,200,200,200,0,200,0,22,200
0,200,30,1,2,0,1,10,5,200,0,0,0,0,200,200,200,18,200,1,65,200
0,200,30,1,2,0,1,10,5,200,0,0,0,0,200,200,200,18,200,0,200,200
0,200,3,1,2,0,1,14,5,5,0,0,0,0,1,200,200,0,200,1,200,200
0,200,3,1,2,0,1,14,5,5,0,0,0,0,1,200,200,0,200,0,34,200
1,200,3,1,2,0,1,14,5,5,0,0,0,0,1,200,200,0,200,2,200,200
0,1,30,0,0,0,1,10,12,200,0,0,0,0,200,200,200,18,200,0,27,200
0,1,30,0,0,0,1,10,12,200,0,0,0,0,200,200,200,18,200,0,200,200
0,200,30,0,0,0,1,12,6,2,0,0,0,0,200,200,1,23,0,0,200,200
0,200,30,0,0,0,1,12,6,2,0,0,0,0,200,200,1,23,0,0,200,200
0,200,30,1,2,0,1,10,5,4,0,0,200,0,200,200,200,18,18,0,200,200
0,200,30,1,2,0,1,10,5,4,0,0,200,0,200,200,200,18,18,1,60,200
0,200,30,1,2,0,1,7,5,2,0,0,0,0,200,200,200,22,0,0,200,200
1,200,30,1,2,0,1,7,5,2,0,0,0,0,200,200,200,22,0,0,41,200
0,200,30,0,0,0,1,12,5,2,0,0,0,0,200,200,200,22,16,0,77,200
0,200,30,0,0,0,1,12,5,2,0,0,0,0,200,200,200,22,16,0,58,200
0,200,30,0,0,0,1,10,4,200,0,0,0,0,200,200,200,20,20,0,28,200
0,200,30,0,0,0,1,10,4,200,0,0,0,0,200,200,200,20,20,1,68,200
0,200,30,1,2,0,1,10,2,200,0,0,0,0,200,200,200,18,200,0,200,200
0,200,30,1,2,0,1,10,2,200,0,0,0,0,200,200,200,18,200,0,51,200
0,200,30,0,0,0,1,10,2,4,0,0,0,0,200,200,200,18,18,0,53,200
0,200,30,0,0,0,1,10,2,4,0,0,0,0,200,200,200,18,18,0,33,200
0,200,30,200,200,0,1,9,6,200,0,200,200,1,200,200,200,17,200,0,200,200
5,200,30,200,200,0,1,9,6,200,0,200,200,1,200,200,200,17,200,0,27,200
0,200,30,0,0,0,1,7,5,2,0,0,0,0,200,200,200,20,200,1,200,200
0,200,30,200,200,200,200,7,200,200,0,200,200,0,200,200,1,0,200,0,200,200
0,200,35,2,2,0,1,0,5,200,0,0,0,0,1,200,0,17,0,1,41,200
0,200,35,2,2,0,1,0,5,200,0,0,0,0,1,200,0,17,0,0,24,200
0,200,30,0,0,0,1,9,5,2,0,0,0,1,200,200,200,0,200,0,51,200
5,200,30,0,0,0,1,9,5,2,0,0,0,1,200,200,200,0,200,1,64,200
0,200,30,200,200,0,1,9,200,200,0,200,200,1,1,200,1,17,200,2,200,200
5,200,30,200,200,0,1,9,200,200,0,200,200,1,1,200,1,17,200,0,21,200
0,1,30,0,0,0,1,7,5,200,0,0,0,0,200,200,1,11,200,0,200,200
0,200,0,2,2,0,1,10,5,2,0,0,0,0,200,200,200,18,0,0,22,200
0,200,0,2,2,0,1,10,5,2,0,0,0,0,200,200,200,18,0,0,34,200
1,200,0,2,2,0,1,10,5,2,0,0,0,0,200,200,200,18,0,1,21,200
1,200,0,2,2,0,1,10,5,2,0,0,0,0,200,200,200,18,0,0,23,200
0,200,30,0,0,0,0,12,6,1,0,0,200,1,200,200,1,22,0,1,28,200
0,200,30,0,0,0,0,12,6,1,0,0,200,1,200,200,1,22,0,1,27,200
1,200,30,0,0,0,0,12,6,1,0,0,200,1,200,200,1,22,0,0,29,200
0,200,30,0,0,0,1,14,5,4,0,0,0,0,200,200,200,23,200,1,200,200
0,200,30,0,0,0,1,14,5,4,0,0,0,0,200,200,200,23,200,0,200,200
0,200,30,200,200,200,200,7,6,1,0,200,200,0,200,200,1,0,0,2,200,200
0,200,30,1,2,0,1,10,5,4,0,0,0,1,200,200,200,16,16,0,78,200
0,200,30,1,2,0,1,10,5,4,0,0,0,1,200,200,200,16,16,1,34,200
1,200,30,1,2,0,1,10,5,4,0,0,0,1,200,200,200,16,16,1,67,200
0,200,30,0,0,0,1,10,5,4,0,0,0,0,200,200,200,18,0,0,36,200
0,200,30,0,0,0,1,10,5,4,0,0,0,0,200,200,200,18,0,0,27,200
0,200,30,0,0,0,1,2,0,200,0,0,0,0,200,200,1,0,200,0,200,200
0,200,30,2,2,0,1,10,5,200,0,0,0,0,1,200,200,18,200,1,76,200
0,200,30,2,2,0,1,10,5,200,0,0,0,0,1,200,200,18,200,1,30,200
0,200,30,0,0,0,1,10,5,2,0,0,0,0,200,200,200,0,200,0,22,200
0,200,30,0,0,0,1,10,5,2,0,0,0,0,200,200,200,0,200,0,71,200
0,200,25,1,2,0,1,14,2,4,0,0,0,0,200,200,200,0,0,0,23,200
0,200,25,1,2,0,1,14,2,4,0,0,0,0,200,200,200,0,0,1,46,200
0,200,30,1,2,0,1,0,2,200,0,0,0,1,1,200,200,6,17,0,24,200
0,200,30,1,2,0,1,0,2,200,0,0,0,1,1,200,200,6,17,0,36,200
1,200,30,1,2,0,1,0,2,200,0,0,0,1,1,200,200,6,17,0,20,200
1,200,30,1,2,0,1,0,2,200,0,0,0,1,1,200,200,6,17,1,61,200
0,200,30,0,0,0,1,12,5,4,0,0,0,0,200,200,1,0,0,0,200,200
0,200,30,0,0,0,1,12,5,4,0,0,0,0,200,200,1,0,0,1,24,200
0,200,30,1,2,0,1,12,2,2,0,0,0,0,200,200,200,17,0,1,53,200
0,200,30,1,2,0,1,12,2,2,0,0,0,0,200,200,200,17,0,0,21,200
0,200,3,12,12,0,1,7,2,200,0,0,0,0,200,200,1,0,200,2,200,200
0,200,30,0,0,0,1,7,5,2,0,0,0,0,200,200,1,11,200,0,26,200
1,200,30,0,0,0,1,7,5,2,0,0,0,0,200,200,1,11,200,0,27,200
0,200,30,0,0,0,1,10,2,2,0,0,0,1,200,200,200,18,200,1,56,200
0,200,30,0,0,0,1,10,2,2,0,0,0,1,200,200,200,18,200,1,26,200
0,200,30,0,200,0,1,2,0,200,0,0,0,1,200,200,200,14,25,0,200,200
1,200,30,0,200,0,1,2,0,200,0,0,0,1,200,200,200,14,25,200,200,200
1,200,30,0,200,0,1,2,0,200,0,0,0,1,200,200,200,14,25,0,17,200
0,200,30,1,2,0,1,10,2,200,0,0,0,0,1,200,200,18,200,0,24,200
0,200,30,1,2,0,1,10,2,200,0,0,0,0,1,200,200,18,200,1,32,200
0,200,30,200,2,0,1,0,5,1,0,0,0,1,200,200,200,22,200,0,35,200
0,200,30,200,2,0,1,0,5,1,0,0,0,1,200,200,200,22,200,1,40,200
1,200,30,200,2,0,1,0,5,1,0,0,0,1,200,200,200,22,200,1,20,200
1,200,30,200,2,0,1,0,5,1,0,0,0,1,200,200,200,22,200,1,200,200
1,200,30,200,2,0,1,0,5,1,0,0,0,1,200,200,200,22,200,1,200,200
0,200,30,0,0,0,1,7,2,2,0,0,0,0,200,200,200,20,0,1,56,200
0,200,35,0,0,0,1,12,5,4,0,0,0,0,200,200,200,22,0,0,28,200
0,200,35,0,0,0,1,12,5,4,0,0,0,0,200,200,200,22,0,0,50,200
0,200,30,0,0,0,1,7,5,1,0,0,0,1,200,200,200,1,200,0,84,200
0,200,30,1,2,0,1,12,5,3,0,0,0,1,200,200,200,21,0,0,43,200
0,200,30,1,2,0,1,12,5,3,0,0,0,1,200,200,200,21,0,1,50,200
0,200,0,0,0,0,1,12,2,200,0,0,0,0,200,200,200,0,200,0,21,200
0,200,0,0,0,0,1,12,2,200,0,0,0,0,200,200,200,0,200,0,57,200
0,200,30,1,2,0,1,14,5,2,0,0,0,0,200,200,200,25,11,0,87,200
0,200,30,1,2,0,1,14,5,2,0,0,0,0,200,200,200,25,11,1,19,200
1,200,30,1,2,0,1,14,5,2,0,0,0,0,200,200,200,25,11,1,51,200
0,200,30,0,0,0,1,0,5,2,0,0,0,1,200,200,1,17,0,0,200,200
0,200,30,0,0,0,1,0,5,2,0,0,0,1,200,200,1,17,0,0,32,200
0,200,30,0,0,0,1,14,5,2,0,0,0,1,0,200,200,0,200,0,59,200
0,200,30,0,0,0,1,14,5,2,0,0,0,1,0,200,200,0,200,1,22,200
0,200,25,2,2,0,1,14,5,2,0,0,0,1,1,200,200,11,0,0,39,200
0,200,25,2,2,0,1,14,5,2,0,0,0,1,1,200,200,11,0,0,38,200
0,200,30,1,2,0,1,14,12,200,0,0,0,0,1,200,200,0,0,1,200,200
0,200,30,1,2,0,1,14,12,200,0,0,0,0,1,200,200,0,0,1,200,200
0,200,30,1,2,0,1,12,5,2,0,0,0,0,1,200,200,0,0,1,41,200
0,200,30,1,2,0,1,12,5,2,0,0,0,0,1,200,200,0,0,0,40,200
0,200,30,0,2,0,1,12,2,4,0,0,0,0,200,200,1,22,22,0,200,200
0,200,30,0,2,0,1,12,2,4,0,0,0,0,200,200,1,22,22,1,0,200
0,200,30,200,200,0,1,10,2,2,0,0,0,0,200,200,200,0,0,0,200,200
0,200,30,200,200,0,1,10,2,2,0,0,0,0,200,200,200,0,0,0,63,200
0,200,30,1,2,0,1,14,5,4,0,0,0,0,1,200,200,23,200,1,200,200
0,200,30,1,2,0,1,14,5,4,0,0,0,0,1,200,200,23,200,1,200,200
0,200,30,1,2,0,1,8,5,2,0,0,0,1,1,200,200,6,11,0,56,200
4,200,30,1,2,0,1,8,5,2,0,0,0,1,1,200,200,6,11,1,38,200
0,200,30,2,0,0,1,10,5,200,0,0,0,0,200,200,200,20,20,1,200,200
0,200,30,2,0,0,1,10,5,200,0,0,0,0,200,200,200,20,20,0,82,200
0,200,25,0,0,0,1,7,5,2,0,0,0,0,200,200,200,15,11,0,3,200
0,200,30,200,200,200,200,10,200,200,0,200,200,0,200,200,200,0,200,1,24,200
0,200,30,200,200,200,200,10,200,200,0,200,200,0,200,200,200,0,200,1,33,200
0,200,30,200,200,200,200,10,200,200,0,200,200,0,200,200,200,0,200,1,26,200
0,200,35,0,0,0,1,14,5,200,0,0,0,1,1,200,200,23,200,1,20,200
0,200,35,0,0,0,1,14,5,200,0,0,0,1,1,200,200,23,200,1,37,200
0,200,0,1,2,0,1,14,5,1,0,0,0,0,200,200,1,0,0,0,200,200
0,200,0,1,2,0,1,14,5,1,0,0,0,0,200,200,1,0,0,1,42,200
1,200,0,1,2,0,1,14,5,1,0,0,0,0,200,200,1,0,0,0,29,200
0,200,30,1,2,0,1,10,3,5,0,0,0,0,1,200,200,18,0,0,37,200
0,200,30,1,2,0,1,10,3,5,0,0,0,0,1,200,200,18,0,0,77,200
0,200,30,0,0,0,1,10,5,2,0,0,0,1,200,200,200,18,200,0,22,200
0,200,30,0,0,0,1,10,5,2,0,0,0,1,200,200,200,18,200,1,29,200
0,200,30,0,0,0,1,10,5,2,0,0,0,1,200,200,200,18,200,1,40,200
0,200,30,1,2,0,1,10,2,2,0,0,0,0,1,200,200,0,200,0,43,200
0,200,30,1,2,0,1,10,2,2,0,0,0,0,1,200,200,0,200,0,54,200
0,200,30,1,2,0,1,10,2,2,0,0,0,0,200,200,200,18,0,0,200,200
0,200,30,1,2,0,1,10,2,2,0,0,0,0,200,200,200,18,0,0,56,200
0,200,30,1,2,0,1,12,5,200,0,200,200,0,200,200,200,16,200,0,18,200
0,200,30,1,2,0,1,12,5,200,0,200,200,0,200,200,200,16,200,1,32,200
0,1,30,0,0,200,200,7,2,2,0,200,0,0,200,200,1,0,0,2,200,200
0,200,30,0,0,0,1,14,5,200,0,0,0,0,0,200,200,17,17,1,200,200
0,200,30,0,0,0,1,14,5,200,0,0,0,0,0,200,200,17,17,1,80,200
0,200,30,2,2,0,1,14,6,2,0,0,0,0,1,200,200,17,200,1,33,200
0,200,30,2,2,0,1,14,6,2,0,0,0,0,1,200,200,17,200,0,36,200
0,1,30,0,0,2,0,0,5,2,0,1,0,0,200,200,200,22,0,0,30,200
0,1,30,0,0,2,0,0,5,2,0,1,0,0,200,200,200,22,0,0,36,200
1,1,30,0,0,2,0,0,5,2,0,1,0,0,200,200,200,22,0,1,200,200
0,200,30,1,2,0,1,10,5,200,0,0,0,1,1,200,200,16,0,0,40,200
0,200,30,1,2,0,1,10,5,200,0,0,0,1,1,200,200,16,0,0,66,200
0,200,30,1,2,0,1,10,5,200,0,0,0,1,1,200,200,16,0,1,22,200
1,200,30,1,2,0,1,10,5,200,0,0,0,1,1,200,200,16,0,1,44,200
1,200,30,1,2,0,1,10,5,200,0,0,0,1,1,200,200,16,0,0,23,200
1,200,30,1,2,0,1,10,5,200,0,0,0,1,1,200,200,16,0,0,0,200
1,200,30,1,2,0,1,10,5,200,0,0,0,1,1,200,200,16,0,0,2,200
0,200,30,1,2,0,1,8,5,4,0,0,0,0,200,200,200,17,200,1,24,200
4,200,30,1,2,0,1,8,5,4,0,0,0,0,200,200,200,17,200,0,24,200
0,200,30,1,0,0,1,10,5,2,0,0,0,0,200,200,200,18,18,0,42,200
0,200,30,1,0,0,1,10,5,2,0,0,0,0,200,200,200,18,18,0,200,200
0,200,30,0,0,0,1,0,3,2,0,0,0,1,200,200,200,17,17,1,46,200
0,200,30,0,0,0,1,0,3,2,0,0,0,1,200,200,200,17,17,0,52,200
1,200,30,0,0,0,1,0,3,2,0,0,0,1,200,200,200,17,17,0,24,200
0,200,20,2,2,0,1,14,2,200,0,0,0,1,200,200,200,17,200,1,30,200
0,200,20,2,2,0,1,14,2,200,0,0,0,1,200,200,200,17,200,1,73,200
0,200,30,0,0,0,1,14,3,2,0,0,0,0,1,200,0,0,0,1,61,200
0,200,30,0,0,0,1,14,3,2,0,0,0,0,1,200,0,0,0,1,34,200
0,200,30,0,0,0,1,10,5,200,0,0,0,0,200,200,200,18,0,1,200,200
0,200,30,0,0,0,1,10,5,200,0,0,0,0,200,200,200,18,0,0,28,200
0,200,35,1,2,0,1,12,5,4,0,0,0,0,200,200,200,16,200,1,32,200
0,200,35,1,2,0,1,12,5,4,0,0,0,0,200,200,200,16,200,0,35,200
0,200,30,0,0,0,1,2,6,2,0,0,0,1,200,1,200,7,200,0,25,200
5,200,35,2,2,0,1,9,5,4,0,0,0,1,200,200,200,17,0,1,56,200
0,200,35,2,2,0,1,9,5,4,0,0,0,1,200,200,200,17,0,0,27,200
0,200,15,0,0,0,1,2,0,200,0,0,0,0,200,200,200,33,200,0,200,200
0,200,30,0,0,0,1,7,5,2,0,0,0,0,200,200,1,0,0,2,200,200
0,200,30,2,2,0,1,11,5,2,0,0,0,1,1,200,200,0,0,0,25,200
0,200,30,2,2,0,1,11,5,2,0,0,0,1,1,200,200,0,0,0,21,200
0,200,30,2,2,0,1,7,2,2,0,0,0,0,200,200,1,0,0,1,200,200
0,200,20,0,0,0,2,7,5,1,0,0,0,0,200,200,1,0,0,2,200,200
0,200,30,1,2,0,1,9,5,2,0,0,0,0,1,200,200,17,200,2,200,200
5,200,30,1,2,0,1,9,5,2,0,0,0,0,1,200,200,17,200,1,22,200
0,1,30,0,0,0,1,12,5,2,0,0,0,0,200,200,200,17,0,1,57,200
0,1,30,0,0,0,1,12,5,2,0,0,0,0,200,200,200,17,0,0,42,200
0,200,30,1,2,0,1,0,3,200,0,0,0,1,1,200,200,6,6,1,36,200
0,200,30,1,2,0,1,0,3,200,0,0,0,1,1,200,200,6,6,1,79,200
1,200,30,1,2,0,1,0,3,200,0,0,0,1,1,200,200,6,6,1,17,200
1,200,30,1,2,0,1,0,3,200,0,0,0,1,1,200,200,6,6,1,12,200
1,200,30,1,2,0,1,0,3,200,0,0,0,1,1,200,200,6,6,1,0,200
1,200,30,1,2,0,1,0,3,200,0,0,0,1,1,200,200,6,6,1,15,200
1,200,30,1,2,0,1,0,3,200,0,0,0,1,1,200,200,6,6,1,9,200
1,200,30,1,2,0,1,0,3,200,0,0,0,1,1,200,200,6,6,1,10,200
0,200,25,0,0,0,1,0,2,2,0,0,0,0,200,200,200,0,0,1,18,200
0,200,25,0,0,0,1,0,2,2,0,0,0,0,200,200,200,0,0,0,36,200
0,200,30,1,2,0,1,8,8,1,0,0,0,1,1,200,200,17,0,1,51,200
4,200,30,1,2,0,1,8,8,1,0,0,0,1,1,200,200,17,0,0,29,200
0,200,30,0,0,0,1,12,2,200,0,0,0,0,200,200,200,21,200,1,48,200
0,200,30,0,0,0,1,12,2,200,0,0,0,0,200,200,200,21,200,0,44,200
0,200,40,0,0,0,1,10,3,4,0,0,0,0,200,200,200,18,0,1,27,200
0,200,40,0,0,0,1,10,3,4,0,0,0,0,200,200,200,18,0,1,47,200
0,200,30,1,2,0,1,11,5,2,0,0,0,0,200,200,1,0,200,2,200,200
0,200,30,1,2,0,1,11,5,2,0,0,0,0,200,200,1,0,200,0,45,200
0,200,30,0,0,0,1,7,7,0,0,0,0,0,200,200,1,0,0,1,200,200
0,200,30,2,2,0,1,0,3,6,0,0,0,1,1,200,200,17,17,0,68,200
0,200,30,2,2,0,1,0,3,6,0,0,0,1,1,200,200,17,17,0,22,200
0,200,30,0,0,0,1,12,5,200,0,0,0,0,200,200,1,22,22,0,200,200
0,200,30,0,0,0,1,12,5,200,0,0,0,0,200,200,1,22,22,1,50,200
1,200,30,0,0,0,1,12,5,200,0,0,0,0,200,200,1,22,22,0,25,200
1,200,30,0,0,0,1,12,5,200,0,0,0,0,200,200,1,22,22,0,17,200
1,200,30,0,0,0,1,12,5,200,0,0,0,0,200,200,1,22,22,0,18,200
0,200,10,0,0,0,1,7,7,200,0,0,0,0,200,200,200,0,200,1,200,200
0,200,30,0,0,0,1,3,6,200,0,0,0,0,200,200,1,20,200,0,200,200
0,200,30,0,0,0,1,3,6,200,0,0,0,0,200,200,1,20,200,0,64,200
0,200,0,0,0,0,1,9,7,0,0,0,0,1,200,1,1,25,0,0,200,200
5,200,0,0,0,0,1,9,7,0,0,0,0,1,200,1,1,25,0,0,53,200
0,200,30,1,2,0,1,7,5,2,0,0,0,0,1,200,200,3,0,0,25,200
0,200,30,200,200,200,200,7,5,200,0,0,0,0,200,200,1,22,22,2,200,200
0,200,30,0,0,0,1,9,12,200,0,0,0,1,200,200,200,16,200,0,29,200
5,200,30,0,0,0,1,9,12,200,0,0,0,1,200,200,200,16,200,0,25,200
0,1,30,0,0,0,1,12,5,2,0,0,0,1,200,200,200,22,200,0,200,200
0,1,30,0,0,0,1,12,5,2,0,0,0,1,200,200,200,22,200,1,37,200
0,1,30,0,0,0,1,12,5,2,0,0,0,1,200,200,200,22,200,1,62,200
1,1,30,0,0,0,1,12,5,2,0,0,0,1,200,200,200,22,200,0,49,200
0,200,30,1,2,0,1,14,5,200,0,0,0,0,200,200,200,21,17,1,200,200
0,200,30,1,2,0,1,14,5,200,0,0,0,0,200,200,200,21,17,0,28,200
0,200,30,0,0,0,1,5,5,200,0,0,0,0,200,200,200,0,0,0,58,200
0,200,25,0,0,0,1,7,7,1,0,0,0,0,200,200,1,0,0,2,200,200
0,200,30,0,0,0,1,14,3,200,0,0,0,1,1,200,200,17,11,1,21,200
0,200,30,0,0,0,1,14,3,200,0,0,0,1,1,200,200,17,11,0,59,200
1,200,30,0,0,0,1,14,3,200,0,0,0,1,1,200,200,17,11,1,58,200
0,200,30,0,0,0,1,10,5,200,0,0,0,0,200,200,200,200,200,0,26,200
0,200,30,0,0,0,1,10,5,200,0,0,0,0,200,200,200,200,200,0,75,200
0,200,30,0,0,0,1,7,6,200,0,0,0,0,200,200,200,12,200,0,29,200
0,200,30,0,0,0,1,14,2,2,0,0,0,0,200,200,200,0,0,1,65,200
0,200,30,0,0,0,1,14,2,2,0,0,0,0,200,200,200,0,0,0,47,200
0,200,30,0,0,0,1,10,5,2,0,0,0,0,200,200,200,8,16,0,70,200
0,200,30,0,0,0,1,10,5,2,0,0,0,0,200,200,200,8,16,1,57,200
0,200,30,0,0,0,1,12,5,2,0,0,0,0,0,200,200,21,200,0,25,200
0,200,30,0,0,0,1,12,5,2,0,0,0,0,0,200,200,21,200,0,50,200
1,200,30,0,0,0,1,12,5,2,0,0,0,0,0,200,200,21,200,2,200,200
0,200,25,0,0,0,1,14,2,2,0,0,0,0,1,200,200,23,17,1,25,200
0,200,25,0,0,0,1,14,2,2,0,0,0,0,1,200,200,23,17,0,21,200
0,200,30,0,0,0,1,12,5,1,0,0,0,0,200,200,200,17,200,0,47,200
0,200,30,0,0,0,1,12,5,1,0,0,0,0,200,200,200,17,200,1,34,200
0,200,30,0,0,0,1,11,7,200,0,0,0,0,200,200,200,20,200,0,49,200
0,200,30,0,0,0,1,11,7,200,0,0,0,0,200,200,200,20,200,1,31,200
0,200,30,0,0,0,1,12,5,4,0,0,0,0,200,200,1,0,200,1,200,200
0,200,30,0,0,0,1,12,5,4,0,0,0,0,200,200,1,0,200,1,28,200
0,200,30,1,2,0,2,8,5,4,0,0,0,1,1,200,200,0,0,1,43,200
4,200,30,1,2,0,2,8,5,4,0,0,0,1,1,200,200,0,0,0,36,200
0,200,35,200,200,0,1,8,12,200,0,0,0,1,1,200,200,0,0,1,65,200
4,200,35,200,200,0,1,8,12,200,0,0,0,1,1,200,200,0,0,0,56,200
0,200,30,1,2,0,1,12,5,5,0,0,0,1,200,200,1,18,0,0,200,200
0,200,30,1,2,0,1,12,5,5,0,0,0,1,200,200,1,18,0,1,51,200
0,200,30,1,2,0,1,12,5,5,0,0,0,1,200,200,1,18,0,0,200,200
0,200,35,0,0,0,1,14,5,2,0,0,0,0,1,200,200,17,0,0,36,200
0,200,35,0,0,0,1,14,5,2,0,0,0,0,1,200,200,17,0,1,23,200
0,200,30,0,0,0,1,1,5,200,0,0,0,0,200,200,200,1,1,0,71,200
0,200,30,0,0,0,3,10,5,200,0,0,0,0,200,200,1,18,200,0,200,200
0,200,30,0,0,0,3,10,5,200,0,0,0,0,200,200,1,18,200,1,40,200
0,200,30,0,0,0,1,14,5,4,0,0,0,1,200,200,200,17,33,0,54,200
0,200,30,0,0,0,1,14,5,4,0,0,0,1,200,200,200,17,33,0,35,200
1,200,30,0,0,0,1,14,5,4,0,0,0,1,200,200,200,17,33,0,36,200
0,200,30,1,2,0,1,12,5,2,0,0,0,0,200,200,200,22,200,0,200,200
0,200,30,1,2,0,1,12,5,2,0,0,0,0,200,200,200,22,200,1,47,200
0,200,30,0,0,0,1,14,3,4,0,0,0,1,0,200,200,16,18,0,51,200
0,200,30,0,0,0,1,14,3,4,0,0,0,1,0,200,200,16,18,0,53,200
0,200,30,0,0,0,1,12,5,4,0,0,0,0,200,200,1,21,0,2,200,200
0,200,30,0,0,0,1,12,5,4,0,0,0,0,200,200,1,21,0,1,61,200
0,200,30,0,0,0,1,10,2,2,0,0,0,1,1,200,200,18,0,0,46,200
0,200,30,0,0,0,1,10,2,2,0,0,0,1,1,200,200,18,0,1,43,200
1,200,30,0,0,0,1,10,2,2,0,0,0,1,1,200,200,18,0,0,42,200
0,200,30,2,200,2,0,0,5,2,0,1,200,0,1,200,200,0,0,0,22,200
0,200,30,2,200,2,0,0,5,2,0,1,200,0,1,200,200,0,0,0,24,200
0,200,30,0,0,0,1,10,3,3,0,0,0,0,200,200,1,18,0,1,200,200
0,200,30,0,0,0,1,10,3,3,0,0,0,0,200,200,1,18,0,1,26,200
0,200,30,0,0,0,1,10,3,3,0,0,0,0,200,200,1,18,0,0,32,200
0,200,30,200,200,0,1,10,2,4,0,0,200,1,200,200,200,18,18,0,53,200
0,200,30,200,200,0,1,10,2,4,0,0,200,1,200,200,200,18,18,0,42,200
0,200,10,0,0,0,3,7,5,2,0,1,0,0,200,200,1,0,200,2,200,200
0,200,30,0,0,0,1,0,5,2,0,0,0,0,200,200,1,17,16,0,200,200
0,200,30,0,0,0,1,0,5,2,0,0,0,0,200,200,1,17,16,1,200,200
1,200,30,0,0,0,1,0,5,2,0,0,0,0,200,200,1,17,16,1,200,200
0,0,30,0,0,0,1,7,5,2,0,0,3,0,200,200,1,0,200,2,200,200
0,200,30,2,2,0,1,7,5,0,0,0,0,1,1,200,200,11,200,0,18,200
0,200,30,1,2,0,1,10,3,4,0,0,0,0,1,200,200,0,200,1,38,200
0,200,30,1,2,0,1,10,3,4,0,0,0,0,1,200,200,0,200,0,56,200
0,200,30,0,0,0,1,8,5,4,0,0,0,0,1,200,200,17,200,1,35,200
4,200,30,0,0,0,1,8,5,4,0,0,0,0,1,200,200,17,200,0,31,200
0,200,20,0,0,0,1,7,5,200,0,0,0,0,200,200,200,0,0,0,25,200
0,200,30,0,0,0,1,12,5,2,0,0,0,0,200,1,200,22,14,0,25,200
0,200,30,0,0,0,1,12,5,2,0,0,0,0,200,1,200,22,14,0,23,200
0,200,30,0,0,0,1,12,5,200,0,0,0,0,200,200,200,200,200,1,47,200
0,200,30,0,0,0,1,12,5,200,0,0,0,0,200,200,200,200,200,1,52,200
1,200,30,0,0,0,1,12,5,200,0,0,0,0,200,200,200,200,200,1,200,200
1,200,30,0,0,0,1,12,5,200,0,0,0,0,200,200,200,200,200,1,200,200
0,200,30,0,0,0,1,12,6,200,0,0,0,0,200,200,200,0,0,0,200,200
0,200,30,0,0,0,1,12,6,200,0,0,0,0,200,200,200,0,0,0,55,200
0,200,30,200,200,0,1,12,5,200,0,200,200,0,200,200,200,0,200,0,57,200
0,200,30,200,200,0,1,12,5,200,0,200,200,0,200,200,200,0,200,0,58,200
0,200,30,0,0,0,1,0,5,200,0,0,0,0,200,200,200,0,200,0,200,200
0,200,30,0,0,0,1,0,5,200,0,0,0,0,200,200,200,0,200,1,200,200
0,200,30,0,0,0,1,12,2,2,0,200,0,0,200,200,1,23,0,2,200,200
0,200,25,2,2,0,1,11,5,200,0,0,0,0,1,200,200,17,200,0,31,200
0,200,25,2,2,0,1,11,5,200,0,0,0,0,1,200,200,17,200,1,40,200
1,200,25,2,2,0,1,11,5,200,0,0,0,0,1,200,200,17,200,200,200,200
1,200,25,2,2,0,1,11,5,200,0,0,0,0,1,200,200,17,200,200,200,200
1,200,25,2,2,0,1,11,5,200,0,0,0,0,1,200,200,17,200,200,200,200
0,200,30,0,0,0,1,12,5,200,0,0,0,0,200,200,1,22,200,0,68,200
0,200,30,0,0,0,1,12,5,200,0,0,0,0,200,200,1,22,200,0,200,200
0,200,30,200,200,200,200,7,7,200,0,200,200,0,200,200,200,0,200,1,20,200