PERSON_TYPE,CRASH_DATE_EST_I,POSTED_SPEED_LIMIT,TRAFFIC_CONTROL_DEVICE,DEVICE_CONDITION,WEATHER_CONDITION,LIGHTING_CONDITION,FIRST_CRASH_TYPE,TRAFFICWAY_TYPE,LANE_CNT,ALIGNMENT,ROADWAY_SURFACE_COND,ROAD_DEFECT,CRASH_TYPE,INTERSECTION_RELATED_I,NOT_RIGHT_OF_WAY_I,HIT_AND_RUN_I,PRIM_CONTRIBUTORY_CAUSE,SEC_CONTRIBUTORY_CAUSE,SEX,AGE,BAC_RESULT VALUE
0,200,35,0,0,0,0,12,6,200,0,0,0,0,1,200,200,0,0,0,19,200
0,200,30,0,0,0,3,12,5,2,0,0,0,1,200,200,200,16,0,0,39,200
0,200,30,0,0,0,3,12,5,2,0,0,0,1,200,200,200,16,0,0,31,200
0,200,30,1,2,0,3,10,3,8,0,0,0,1,1,200,200,16,18,0,25,200
0,200,30,1,2,0,3,10,3,8,0,0,0,1,1,200,200,16,18,0,64,200
1,200,30,1,2,0,3,10,3,8,0,0,0,1,1,200,200,16,18,0,34,200
0,200,30,0,0,0,3,6,3,4,0,0,0,1,200,200,200,27,200,0,23,200
5,200,30,1,2,0,3,9,5,4,0,0,0,1,1,200,200,200,200,1,24,200
0,200,30,1,2,0,3,9,5,4,0,0,0,1,1,200,200,200,200,1,54,200
0,200,30,0,0,0,3,2,6,200,0,0,0,1,200,200,200,0,200,2,200,200
0,200,30,0,0,0,3,10,5,3,0,0,0,0,200,200,1,11,21,1,200,200
0,200,30,0,0,0,3,10,5,3,0,0,0,0,200,200,1,11,21,1,40,200
0,200,30,0,0,0,3,2,3,4,0,0,0,1,200,200,200,14,0,0,26,200
0,200,30,0,0,0,3,10,5,2,0,0,0,0,200,200,1,18,200,1,200,200
0,200,30,0,0,0,3,10,5,2,0,0,0,0,200,200,1,18,200,0,52,200
1,200,30,0,0,0,3,10,5,2,0,0,0,0,200,200,1,18,200,200,200,200
0,200,30,0,0,0,200,7,5,200,0,0,0,1,200,200,1,0,200,2,200,200
0,1,10,0,0,0,200,7,12,200,0,0,0,0,200,1,1,20,0,2,200,200
0,200,30,0,0,0,2,7,5,2,0,0,0,1,200,200,1,0,200,2,200,200
0,200,15,0,0,0,1,2,0,1,0,0,0,1,200,1,200,11,11,0,16,200
0,200,40,0,0,0,1,12,3,8,0,0,0,0,200,200,200,21,200,1,21,200
0,200,40,0,0,0,1,12,3,8,0,0,0,0,200,200,200,21,200,0,26,200
0,200,30,0,0,0,1,7,5,200,0,0,0,0,200,200,1,0,0,2,200,200
0,200,30,1,2,0,1,0,5,200,0,0,0,1,1,200,200,3,16,0,40,200
0,200,30,1,2,0,1,0,5,200,0,0,0,1,1,200,200,3,16,0,30,200
1,200,30,1,2,0,1,0,5,200,0,0,0,1,1,200,200,3,16,1,200,200
0,200,30,0,0,0,1,5,5,2,0,0,0,1,200,200,1,0,200,2,200,200
0,200,30,0,0,0,1,7,6,200,0,0,0,0,200,200,1,0,0,2,200,200
0,1,30,200,200,200,200,0,6,2,0,200,200,0,1,200,200,200,200,1,200,200
0,1,30,200,200,200,200,0,6,2,0,200,200,0,1,200,200,200,200,1,200,200
0,200,30,2,2,0,1,14,12,2,0,0,0,1,1,200,200,5,200,0,29,200
0,200,30,2,2,0,1,14,12,2,0,0,0,1,1,200,200,5,200,0,64,200
1,200,30,2,2,0,1,14,12,2,0,0,0,1,1,200,200,5,200,1,32,200
0,200,30,0,0,0,1,14,2,200,0,0,0,0,1,200,200,18,200,1,59,200
0,200,30,0,0,0,1,14,2,200,0,0,0,0,1,200,200,18,200,0,52,200
0,1,30,0,0,0,1,14,5,1,0,0,0,0,200,200,1,20,17,0,200,200
0,1,30,0,0,0,1,14,5,1,0,0,0,0,200,200,1,20,17,1,21,200
0,200,10,0,0,0,1,7,7,200,0,0,0,0,200,200,200,0,20,0,44,200
0,200,30,0,0,0,1,12,5,4,0,0,0,0,200,200,200,21,200,1,26,200
0,200,30,0,0,0,1,12,5,4,0,0,0,0,200,200,200,21,200,0,52,200
0,200,0,0,0,0,1,7,7,0,0,0,0,0,200,200,200,20,200,1,49,200
0,200,30,0,0,0,3,7,5,200,0,0,0,0,200,200,1,20,200,2,200,200
0,1,30,0,0,2,1,7,5,200,0,0,0,1,200,200,1,27,0,2,200,200
0,200,30,0,0,0,1,2,12,200,0,0,0,0,200,1,200,0,200,0,34,200
0,200,0,0,0,0,1,11,7,2,0,0,0,0,200,1,200,0,200,0,75,200
0,200,0,0,0,0,1,11,7,2,0,0,0,0,200,1,200,0,200,1,49,200
0,200,45,3,0,0,1,10,12,3,0,0,0,1,200,200,200,0,200,1,21,200
0,200,45,3,0,0,1,10,12,3,0,0,0,1,200,200,200,0,200,0,65,200
0,200,45,3,0,0,1,10,12,3,0,0,0,1,200,200,200,0,200,1,45,200
1,200,45,3,0,0,1,10,12,3,0,0,0,1,200,200,200,0,200,1,21,200
0,200,30,1,2,0,1,0,5,200,0,0,0,1,1,200,200,6,17,1,60,200
0,200,30,1,2,0,1,0,5,200,0,0,0,1,1,200,200,6,17,0,30,200
0,200,30,0,0,0,1,10,5,3,0,0,0,0,1,200,200,18,200,0,70,200
0,200,30,0,0,0,1,10,5,3,0,0,0,0,1,200,200,18,200,1,25,200
1,200,30,0,0,0,1,10,5,3,0,0,0,0,1,200,200,18,200,0,26,200
0,200,30,0,0,0,1,10,2,200,0,0,1,0,200,200,200,18,200,0,47,200
0,200,30,0,0,0,1,10,2,200,0,0,1,0,200,200,200,18,200,1,53,200
1,200,30,0,0,0,1,10,2,200,0,0,1,0,200,200,200,18,200,0,44,200
1,200,30,0,0,0,1,10,2,200,0,0,1,0,200,200,200,18,200,1,56,200
0,200,30,1,2,0,1,14,6,2,0,0,0,1,1,200,200,21,200,0,23,200
0,200,30,1,2,0,1,14,6,2,0,0,0,1,1,200,200,21,200,0,39,200
0,200,30,1,2,0,1,9,12,200,0,0,0,1,200,200,200,8,17,0,67,200
5,200,30,1,2,0,1,9,12,200,0,0,0,1,200,200,200,8,17,1,200,200
0,200,30,0,0,0,1,14,2,2,0,0,0,0,200,200,1,23,17,0,200,200
0,200,30,0,0,0,1,14,2,2,0,0,0,0,200,200,1,23,17,1,22,200
0,1,30,200,200,200,200,2,200,1,0,200,200,0,200,200,1,200,200,2,200,200
0,1,30,200,200,200,200,2,200,1,0,200,200,0,200,200,1,200,200,0,200,200
0,200,30,0,0,0,200,7,2,200,0,0,0,0,200,200,0,0,0,2,200,200
0,200,30,1,2,0,1,10,5,4,0,0,0,0,200,200,200,18,200,0,39,200
0,200,30,1,2,0,1,10,5,4,0,0,0,0,200,200,200,18,200,0,38,200
1,200,30,1,2,0,1,10,5,4,0,0,0,0,200,200,200,18,200,1,4,200
1,200,30,1,2,0,1,10,5,4,0,0,0,0,200,200,200,18,200,0,6,200
1,200,30,1,2,0,1,10,5,4,0,0,0,0,200,200,200,18,200,0,10,200
1,200,30,1,2,0,1,10,5,4,0,0,0,0,200,200,200,18,200,0,38,200
1,200,30,1,2,0,1,10,5,4,0,0,0,0,200,200,200,18,200,1,37,200
1,200,30,1,2,0,1,10,5,4,0,0,0,0,200,200,200,18,200,1,2,200
0,200,30,1,2,0,1,10,5,5,0,0,0,0,200,200,200,0,200,0,52,200
0,200,30,1,2,0,1,10,5,5,0,0,0,0,200,200,200,0,200,0,64,200
0,200,35,1,0,0,1,14,3,200,0,0,0,1,200,200,200,17,200,1,33,200
0,200,35,1,0,0,1,14,3,200,0,0,0,1,200,200,200,17,200,0,28,200
3,200,30,0,0,0,1,5,5,2,0,0,0,0,200,200,200,21,200,0,200,200
0,200,30,0,0,0,1,5,5,2,0,0,0,0,200,200,200,21,200,0,24,200
1,200,30,0,0,0,1,5,5,2,0,0,0,0,200,200,200,21,200,0,200,200
0,200,30,0,0,0,1,7,5,200,0,0,0,0,200,200,200,13,200,0,58,200
0,200,30,0,0,0,200,7,5,2,0,0,0,0,200,200,1,0,200,2,200,200
0,200,10,0,0,0,1,7,7,200,0,0,0,0,200,1,200,0,200,0,45,200
1,200,10,0,0,0,1,7,7,200,0,0,0,0,200,1,200,0,200,1,200,200
1,200,10,0,0,0,1,7,7,200,0,0,0,0,200,1,200,0,200,1,200,200
0,200,30,9,2,0,1,10,3,4,0,0,0,0,200,200,200,18,200,0,46,200
0,200,30,9,2,0,1,10,3,4,0,0,0,0,200,200,200,18,200,0,59,200
0,200,15,0,0,0,1,7,0,1,0,0,0,0,200,200,200,20,200,0,33,200
0,200,35,1,2,0,1,0,12,200,0,0,0,0,1,200,200,17,11,1,20,200
0,200,35,1,2,0,1,0,12,200,0,0,0,0,1,200,200,17,11,0,52,200
1,200,35,1,2,0,1,0,12,200,0,0,0,0,1,200,200,17,11,1,16,200
1,200,35,1,2,0,1,0,12,200,0,0,0,0,1,200,200,17,11,1,17,200
0,200,40,0,0,0,1,10,3,200,0,0,0,1,200,200,200,18,200,0,35,200
0,200,40,0,0,0,1,10,3,200,0,0,0,1,200,200,200,18,200,0,36,200
0,200,25,0,0,0,1,7,6,200,0,0,0,0,200,200,200,200,200,1,200,200
0,200,30,2,3,0,1,0,2,200,0,0,0,0,200,200,200,17,200,1,24,200
0,200,30,2,3,0,1,0,2,200,0,0,0,0,200,200,200,17,200,1,23,200
0,200,30,1,2,0,1,10,2,200,0,0,0,0,200,200,200,0,200,1,54,200
0,200,30,1,2,0,1,10,2,200,0,0,0,0,200,200,200,0,200,0,42,200
0,200,30,1,2,0,1,12,2,2,0,0,0,0,1,200,200,0,200,0,30,200
0,200,30,1,2,0,1,12,2,2,0,0,0,0,1,200,200,0,200,0,33,200
0,200,30,0,0,0,1,10,5,4,0,0,12,0,200,200,200,28,18,0,47,200
0,200,30,0,0,0,1,10,5,4,0,0,12,0,200,200,200,28,18,1,37,200
0,200,30,1,2,0,1,12,5,200,0,0,0,0,200,200,200,22,16,0,18,200
0,200,30,1,2,0,1,12,5,200,0,0,0,0,200,200,200,22,16,0,50,200
0,200,35,1,2,0,1,14,2,4,0,0,0,1,1,200,200,17,17,1,42,200
0,200,35,1,2,0,1,14,2,4,0,0,0,1,1,200,200,17,17,0,48,200
1,200,35,1,2,0,1,14,2,4,0,0,0,1,1,200,200,17,17,1,9,200
1,200,35,1,2,0,1,14,2,4,0,0,0,1,1,200,200,17,17,1,0,200
1,200,35,1,2,0,1,14,2,4,0,0,0,1,1,200,200,17,17,1,70,200
1,200,35,1,2,0,1,14,2,4,0,0,0,1,1,200,200,17,17,1,53,200
1,200,35,1,2,0,1,14,2,4,0,0,0,1,1,200,200,17,17,1,9,200
1,200,35,1,2,0,1,14,2,4,0,0,0,1,1,200,200,17,17,0,6,200
0,200,30,2,2,0,1,2,6,1,0,0,0,0,0,200,200,0,200,0,58,200
0,200,30,0,0,0,1,7,6,200,0,0,0,1,200,200,200,200,200,1,53,200
0,200,15,0,0,0,1,0,6,200,0,0,0,0,200,200,200,17,11,1,32,200
0,200,15,0,0,0,1,0,6,200,0,0,0,0,200,200,200,17,11,0,200,200
0,200,30,2,0,0,1,7,3,4,0,0,0,1,200,200,200,0,0,0,32,200
0,200,30,0,0,0,1,12,6,200,0,0,0,0,200,200,200,21,200,0,30,200
0,200,30,0,0,0,1,12,6,200,0,0,0,0,200,200,200,21,200,0,58,200
0,200,25,0,0,0,1,7,5,2,0,0,0,0,200,200,200,0,200,1,43,200
0,200,30,0,0,0,1,14,5,200,0,0,0,0,200,200,200,0,17,1,31,200
0,200,30,0,0,0,1,14,5,200,0,0,0,0,200,200,200,0,17,1,58,200
0,200,30,2,3,0,1,14,2,200,0,0,0,0,200,200,200,18,200,0,26,200
0,200,30,2,3,0,1,14,2,200,0,0,0,0,200,200,200,18,200,1,56,200
0,200,35,0,0,0,1,2,5,200,0,0,0,0,200,200,200,0,0,0,200,200
0,200,30,0,0,0,1,10,2,4,0,0,0,1,1,200,200,13,200,1,49,200
0,200,30,0,0,0,1,10,2,4,0,0,0,1,1,200,200,13,200,1,47,200
0,200,35,1,2,0,4,14,5,200,0,0,0,0,200,200,200,22,17,0,50,200
0,200,35,1,2,0,4,14,5,200,0,0,0,0,200,200,200,22,17,0,70,200
0,200,30,1,2,0,1,14,2,4,0,0,0,1,1,200,200,17,17,1,60,200
0,200,30,1,2,0,1,14,2,4,0,0,0,1,1,200,200,17,17,0,28,200
0,200,10,0,0,0,1,10,7,200,0,0,0,0,200,200,200,18,200,1,200,200
0,200,10,0,0,0,1,10,7,200,0,0,0,0,200,200,200,18,200,1,56,200
0,200,15,0,0,0,1,7,7,200,0,0,0,0,200,200,1,0,200,2,200,200
0,200,0,0,0,0,1,0,12,2,0,0,0,1,200,1,200,0,200,0,27,200
0,200,0,0,0,0,1,0,12,2,0,0,0,1,200,1,200,0,200,0,26,200
1,200,0,0,0,0,1,0,12,2,0,0,0,1,200,1,200,0,200,1,26,200
1,200,0,0,0,0,1,0,12,2,0,0,0,1,200,1,200,0,200,1,41,200
0,200,25,0,0,0,1,7,6,200,0,0,0,1,200,200,1,25,16,0,23,200
1,200,25,0,0,0,1,7,6,200,0,0,0,1,200,200,1,25,16,0,27,200
0,200,0,0,0,0,1,14,2,200,0,0,0,0,200,200,200,23,0,0,83,200
0,200,0,0,0,0,1,14,2,200,0,0,0,0,200,200,200,23,0,0,49,200
0,200,30,200,200,0,1,10,5,200,0,0,0,1,1,200,200,18,0,1,50,200
0,200,30,200,200,0,1,10,5,200,0,0,0,1,1,200,200,18,0,0,51,200
0,200,25,0,0,0,1,7,5,200,0,0,0,0,200,200,200,0,0,0,26,200
0,200,30,0,0,0,1,7,6,200,0,0,0,1,200,200,200,0,0,1,48,200
1,200,30,0,0,0,1,7,6,200,0,0,0,1,200,200,200,0,0,1,64,200
0,1,30,0,0,0,1,7,5,200,0,0,0,0,200,200,200,200,200,1,200,200
1,1,30,0,0,0,1,7,5,200,0,0,0,0,200,200,200,200,200,1,82,200
0,200,0,0,0,0,1,5,2,2,0,0,0,0,200,200,1,0,0,0,200,200
0,200,30,1,2,0,1,10,2,2,0,0,0,0,1,200,200,0,200,0,19,200
0,200,30,1,2,0,1,10,2,2,0,0,0,0,1,200,200,0,200,0,36,200
0,200,25,0,0,0,3,7,6,1,0,0,0,0,200,200,200,0,0,0,21,200
0,200,30,0,0,200,1,2,5,2,0,200,1,0,200,200,200,29,200,0,45,200
0,1,30,200,200,200,200,7,6,2,0,200,200,0,200,200,1,200,200,2,200,200
0,200,30,0,0,0,1,7,6,1,0,0,0,0,200,200,200,11,13,0,27,200
1,200,30,0,0,0,1,7,6,1,0,0,0,0,200,200,200,11,13,0,200,200
0,200,25,0,0,0,1,2,12,200,0,0,0,1,200,1,1,25,16,0,23,200
1,200,25,0,0,0,1,2,12,200,0,0,0,1,200,1,1,25,16,0,27,200
0,200,10,0,0,0,1,7,7,200,0,0,0,0,200,200,1,0,200,2,200,200
0,200,30,0,0,0,1,12,2,4,0,0,0,1,200,200,200,17,200,0,74,200
0,200,30,0,0,0,1,12,2,4,0,0,0,1,200,200,200,17,200,1,62,200
1,200,30,0,0,0,1,12,2,4,0,0,0,1,200,200,200,17,200,0,71,200
0,200,0,0,0,0,1,10,7,200,0,0,0,0,200,200,200,11,0,1,74,200
0,200,0,0,0,0,1,10,7,200,0,0,0,0,200,200,200,11,0,1,70,200
0,200,35,0,0,0,1,14,5,2,0,0,0,0,200,200,200,17,200,1,75,200
0,200,35,0,0,0,1,14,5,2,0,0,0,0,200,200,200,17,200,0,24,200
0,200,30,2,2,0,1,2,5,4,3,0,0,0,200,200,200,5,0,1,47,200
0,200,15,0,0,0,1,2,0,200,0,0,0,0,200,200,1,0,200,2,200,200
0,200,30,0,0,0,1,12,6,1,0,0,0,1,200,200,200,17,200,0,23,200
0,200,30,0,0,0,1,12,6,1,0,0,0,1,200,200,200,17,200,1,19,200
0,200,30,0,0,0,1,10,5,200,0,0,0,1,1,200,200,18,200,0,44,200
0,200,30,0,0,0,1,10,5,200,0,0,0,1,1,200,200,18,200,0,21,200
0,200,30,0,0,0,1,9,5,2,0,0,0,1,200,200,200,200,200,0,27,200
5,200,30,0,0,0,1,9,5,2,0,0,0,1,200,200,200,200,200,0,2,200
0,200,25,1,2,0,1,10,5,2,0,0,0,0,200,200,200,16,0,0,49,200
0,200,25,1,2,0,1,10,5,2,0,0,0,0,200,200,200,16,0,0,24,200
1,200,25,1,2,0,1,10,5,2,0,0,0,0,200,200,200,16,0,0,25,200
0,200,30,0,0,0,1,7,6,1,0,0,0,1,200,200,0,32,27,0,64,200
0,200,30,0,0,0,1,12,5,4,0,0,0,1,200,200,200,17,17,0,32,200
0,200,30,0,0,0,1,12,5,4,0,0,0,1,200,200,200,17,17,0,55,200
1,200,30,0,0,0,1,12,5,4,0,0,0,1,200,200,200,17,17,1,200,200
0,200,30,0,0,0,1,7,2,200,0,0,0,0,200,200,200,21,200,0,28,200
0,200,30,0,0,0,1,0,0,1,0,0,0,0,200,200,200,17,20,0,49,200
0,200,30,0,0,0,1,0,0,1,0,0,0,0,200,200,200,17,20,1,52,200
0,200,30,2,12,0,1,0,5,2,0,0,0,1,200,200,200,17,33,1,25,200
0,200,30,2,12,0,1,0,5,2,0,0,0,1,200,200,200,17,33,0,80,200
0,200,30,2,200,0,1,0,1,3,0,0,200,1,1,200,1,17,33,0,200,200
0,200,30,2,200,0,1,0,1,3,0,0,200,1,1,200,1,17,33,1,24,200
0,200,20,0,0,0,1,7,6,200,0,0,0,0,200,200,1,18,0,2,200,200
0,200,30,0,0,0,1,14,2,4,0,0,0,0,200,200,200,17,23,0,44,200
0,200,30,0,0,0,1,14,2,4,0,0,0,0,200,200,200,17,23,0,70,200
1,200,30,0,0,0,1,14,2,4,0,0,0,0,200,200,200,17,23,0,200,200
1,200,30,0,0,0,1,14,2,4,0,0,0,0,200,200,200,17,23,1,200,200
1,200,30,0,0,0,1,14,2,4,0,0,0,0,200,200,200,17,23,0,200,200
0,200,30,0,0,0,1,9,2,2,0,0,0,1,200,200,1,20,0,0,200,200
5,200,30,0,0,0,1,9,2,2,0,0,0,1,200,200,1,20,0,0,25,200
0,200,30,1,2,0,1,12,5,5,0,0,0,0,200,200,1,16,0,2,200,200
0,200,30,1,2,0,1,12,5,5,0,0,0,0,200,200,1,16,0,1,61,200
0,200,15,0,0,0,1,7,0,200,0,0,0,0,200,200,1,0,200,0,200,200
0,200,15,0,0,0,1,12,6,1,0,0,0,0,200,200,200,0,0,0,32,200
0,200,15,0,0,0,1,12,6,1,0,0,0,0,200,200,200,0,0,1,39,200
1,200,15,0,0,0,1,12,6,1,0,0,0,0,200,200,200,0,0,0,200,200
0,1,35,0,0,0,1,7,5,200,0,0,0,0,200,200,1,0,0,2,200,200
0,200,30,0,0,0,1,12,5,2,0,0,0,0,200,200,1,22,200,1,43,200
0,200,30,0,0,0,1,12,5,2,0,0,0,0,200,200,1,22,200,0,200,200
0,200,30,1,2,0,1,10,5,0,0,0,0,1,1,200,200,18,16,1,20,200
0,200,30,1,2,0,1,10,5,0,0,0,0,1,1,200,200,18,16,1,34,200
0,200,30,1,2,0,1,10,5,0,0,0,0,1,1,200,200,18,16,1,200,200
0,200,30,1,2,0,1,10,5,0,0,0,0,1,1,200,200,18,16,1,38,200
1,200,30,1,2,0,1,10,5,0,0,0,0,1,1,200,200,18,16,1,5,200
1,200,30,1,2,0,1,10,5,0,0,0,0,1,1,200,200,18,16,1,200,200
1,200,30,1,2,0,1,10,5,0,0,0,0,1,1,200,200,18,16,1,200,200
1,200,30,1,2,0,1,10,5,0,0,0,0,1,1,200,200,18,16,0,13,200
1,200,30,1,2,0,1,10,5,0,0,0,0,1,1,200,200,18,16,1,3,200
0,200,30,1,2,0,1,14,5,2,0,0,0,0,1,200,200,23,11,0,40,200
0,200,30,1,2,0,1,14,5,2,0,0,0,0,1,200,200,23,11,0,51,200
1,200,30,1,2,0,1,14,5,2,0,0,0,0,1,200,200,23,11,0,53,200
1,200,30,1,2,0,1,14,5,2,0,0,0,0,1,200,200,23,11,0,45,200
0,200,30,0,0,0,1,10,2,200,0,0,0,0,200,200,200,18,200,1,31,200
0,200,30,0,0,0,1,10,2,200,0,0,0,0,200,200,200,18,200,0,200,200
0,200,30,0,0,0,1,14,2,4,0,0,0,0,200,200,200,0,200,1,61,200
0,200,30,0,0,0,1,14,2,4,0,0,0,0,200,200,200,0,200,1,45,200
0,200,30,0,0,0,1,7,7,200,0,0,0,0,200,1,200,0,0,2,200,200
0,200,30,1,2,0,1,10,2,2,0,0,0,0,200,200,200,16,18,1,16,200
0,200,30,1,2,0,1,10,2,2,0,0,0,0,200,200,200,16,18,1,45,200
0,200,30,1,2,0,1,10,2,2,0,0,0,0,200,200,200,16,18,0,34,200
0,200,25,2,0,0,1,2,5,200,0,0,0,0,200,1,200,12,0,1,79,200
0,200,30,1,2,0,1,0,2,2,2,0,0,1,1,200,200,6,6,0,51,200
0,200,30,1,2,0,1,0,2,2,2,0,0,1,1,200,200,6,6,1,26,200
1,200,30,1,2,0,1,0,2,2,2,0,0,1,1,200,200,6,6,0,26,200
1,200,30,1,2,0,1,0,2,2,2,0,0,1,1,200,200,6,6,0,26,200
0,200,25,0,0,200,200,7,6,1,0,0,0,0,200,200,1,0,0,2,200,200
0,200,30,1,2,0,1,10,2,2,0,0,0,0,200,200,1,17,16,1,200,200
0,200,30,1,2,0,1,10,2,2,0,0,0,0,200,200,1,17,16,0,200,200
1,200,30,1,2,0,1,10,2,2,0,0,0,0,200,200,1,17,16,1,61,200
0,200,30,1,2,0,1,14,5,4,0,0,0,0,1,200,200,17,200,0,47,200
0,200,30,1,2,0,1,14,5,4,0,0,0,0,1,200,200,17,200,0,33,200
0,1,30,0,0,0,3,14,2,1,0,0,0,0,1,200,200,22,200,0,24,200
0,1,30,0,0,0,3,14,2,1,0,0,0,0,1,200,200,22,200,0,31,200
0,200,30,1,2,0,1,12,2,2,0,0,0,0,1,200,200,22,0,0,21,200
0,200,30,1,2,0,1,12,2,2,0,0,0,0,1,200,200,22,0,0,200,200
0,200,25,0,2,0,1,10,3,2,0,0,0,1,200,200,200,33,18,0,21,200
0,200,25,0,2,0,1,10,3,2,0,0,0,1,200,200,200,33,18,1,54,200
1,200,25,0,2,0,1,10,3,2,0,0,0,1,200,200,200,33,18,1,26,200
0,200,35,1,2,0,1,12,5,200,0,0,0,0,200,200,200,17,0,0,70,200
0,200,35,1,2,0,1,12,5,200,0,0,0,0,200,200,200,17,0,1,79,200
0,200,30,0,0,0,1,7,5,200,0,0,200,0,200,200,1,0,200,2,200,200
0,200,30,1,2,0,1,10,5,2,0,0,0,0,1,200,200,18,200,1,66,200
0,200,30,1,2,0,1,10,5,2,0,0,0,0,1,200,200,18,200,0,46,200
0,200,30,0,0,0,1,10,2,4,0,0,0,0,200,200,200,0,200,0,200,200
0,200,30,0,0,0,1,10,2,4,0,0,0,0,200,200,200,0,200,1,49,200
0,200,30,0,0,0,1,9,5,200,0,200,200,1,1,200,1,0,200,2,200,200
5,200,30,0,0,0,1,9,5,200,0,200,200,1,1,200,1,0,200,1,45,200
0,200,30,1,2,0,1,14,5,4,0,0,0,1,1,200,200,0,200,0,29,200
0,200,30,1,2,0,1,14,5,4,0,0,0,1,1,200,200,0,200,0,35,200
1,200,30,1,2,0,1,14,5,4,0,0,0,1,1,200,200,0,200,1,26,200
0,200,0,0,0,0,1,5,7,0,0,0,0,0,200,200,200,200,200,0,43,200
3,200,0,0,0,0,1,5,7,0,0,0,0,0,200,200,200,200,200,200,200,200
0,200,30,0,0,0,1,7,7,200,0,0,0,0,200,200,200,20,200,1,56,200
1,200,30,0,0,0,1,7,7,200,0,0,0,0,200,200,200,20,200,1,200,200
0,200,20,0,0,0,1,2,5,200,2,0,0,0,200,1,1,200,11,0,13,200
1,200,20,0,0,0,1,2,5,200,2,0,0,0,200,1,1,200,11,0,4,200
0,200,0,0,0,0,1,10,7,200,0,0,200,0,200,1,200,17,200,1,43,200
0,200,0,0,0,0,1,10,7,200,0,0,200,0,200,1,200,17,200,0,36,200
0,200,30,0,0,0,1,14,2,200,0,0,0,1,1,200,1,0,0,1,200,200
0,200,30,0,0,0,1,14,2,200,0,0,0,1,1,200,1,0,0,0,50,200
0,200,20,0,0,0,1,14,5,200,0,0,0,0,200,200,200,17,0,1,25,200
0,200,20,0,0,0,1,14,5,200,0,0,0,0,200,200,200,17,0,1,54,200
0,200,35,0,0,0,1,7,2,2,0,0,0,1,200,200,200,21,0,0,33,200
0,200,20,0,0,0,1,7,5,2,0,0,0,0,200,200,1,200,200,2,200,200
0,200,30,0,200,0,1,12,6,1,0,0,200,0,200,200,200,11,11,0,200,200
0,200,30,0,200,0,1,12,6,1,0,0,200,0,200,200,200,11,11,1,65,200
0,200,35,1,2,0,1,10,1,200,0,0,0,1,1,200,200,18,18,1,76,200
0,200,35,1,2,0,1,10,1,200,0,0,0,1,1,200,200,18,18,0,36,200
1,200,35,1,2,0,1,10,1,200,0,0,0,1,1,200,200,18,18,1,84,200
1,200,35,1,2,0,1,10,1,200,0,0,0,1,1,200,200,18,18,1,58,200
1,200,35,1,2,0,1,10,1,200,0,0,0,1,1,200,200,18,18,1,89,200
0,200,30,0,0,0,1,7,6,1,0,0,0,0,200,200,1,0,0,2,200,200
0,200,30,0,0,0,1,10,5,200,0,0,0,0,200,200,200,0,0,0,21,200
0,200,30,0,0,0,1,10,5,200,0,0,0,0,200,200,200,0,0,0,41,200
1,200,30,0,0,0,1,10,5,200,0,0,0,0,200,200,200,0,0,1,200,200
0,200,15,1,2,0,1,0,5,2,0,0,0,0,200,200,200,21,200,0,200,200
0,200,15,1,2,0,1,0,5,2,0,0,0,0,200,200,200,21,200,1,29,200
0,200,40,0,0,0,1,10,3,200,0,0,0,0,200,200,200,16,0,0,23,200
0,200,40,0,0,0,1,10,3,200,0,0,0,0,200,200,200,16,0,1,31,200
0,200,30,1,2,2,1,10,2,200,0,1,0,0,200,200,200,18,200,0,24,200
0,200,30,1,2,2,1,10,2,200,0,1,0,0,200,200,200,18,200,0,21,200
0,200,20,2,2,0,1,14,5,200,0,0,0,0,1,200,200,17,200,0,66,200
0,200,20,2,2,0,1,14,5,200,0,0,0,0,1,200,200,17,200,0,84,200
0,200,15,0,0,0,1,7,0,200,0,0,0,1,200,200,200,0,200,0,36,200
0,200,35,0,0,0,1,10,3,200,0,0,0,0,200,200,200,18,200,1,26,200
0,200,35,0,0,0,1,10,3,200,0,0,0,0,200,200,200,18,200,0,28,200
0,200,35,0,0,0,1,10,3,200,0,0,0,0,200,200,200,18,200,1,20,200
0,200,30,1,2,0,1,10,3,200,0,0,0,0,200,200,200,18,200,0,21,200
0,200,30,1,2,0,1,10,3,200,0,0,0,0,200,200,200,18,200,0,77,200
0,200,30,1,2,0,1,10,5,2,0,0,0,0,200,1,200,18,16,1,58,200
0,200,30,1,2,0,1,10,5,2,0,0,0,0,200,1,200,18,16,0,26,200
0,200,30,0,0,0,1,7,5,200,0,0,0,0,200,200,1,200,200,1,200,200
1,200,30,0,0,0,1,7,5,200,0,0,0,0,200,200,1,200,200,1,30,200
0,200,30,2,0,0,3,10,6,1,0,0,0,0,200,200,1,18,0,0,200,200
0,200,30,2,0,0,3,10,6,1,0,0,0,0,200,200,1,18,0,1,33,200
0,200,30,0,0,0,1,0,6,1,0,0,0,0,200,200,200,17,200,1,23,200
0,200,30,0,0,0,1,0,6,1,0,0,0,0,200,200,200,17,200,1,23,200
1,200,30,0,0,0,1,0,6,1,0,0,0,0,200,200,200,17,200,0,200,200
0,200,15,0,0,0,1,7,7,200,0,0,0,0,200,200,200,0,0,2,200,200