PERSON_TYPE,CRASH_DATE_EST_I,POSTED_SPEED_LIMIT,TRAFFIC_CONTROL_DEVICE,DEVICE_CONDITION,WEATHER_CONDITION,LIGHTING_CONDITION,FIRST_CRASH_TYPE,TRAFFICWAY_TYPE,LANE_CNT,ALIGNMENT,ROADWAY_SURFACE_COND,ROAD_DEFECT,CRASH_TYPE,INTERSECTION_RELATED_I,NOT_RIGHT_OF_WAY_I,HIT_AND_RUN_I,PRIM_CONTRIBUTORY_CAUSE,SEC_CONTRIBUTORY_CAUSE,SEX,AGE,BAC_RESULT VALUE
0,200,30,0,0,0,1,12,5,200,0,0,0,0,200,200,200,17,200,1,21,200
0,200,30,0,0,0,1,12,5,200,0,0,0,0,200,200,200,17,200,1,32,200
1,200,30,0,0,0,1,12,5,200,0,0,0,0,200,200,200,17,200,0,23,200
1,200,30,0,0,0,1,12,5,200,0,0,0,0,200,200,200,17,200,0,200,200
1,200,30,0,0,0,1,12,5,200,0,0,0,0,200,200,200,17,200,0,200,200
1,200,30,0,0,0,1,12,5,200,0,0,0,0,200,200,200,17,200,1,0,200
1,200,30,0,0,0,1,12,5,200,0,0,0,0,200,200,200,17,200,0,14,200
0,200,35,1,200,200,0,9,5,4,0,200,200,1,200,200,1,0,0,2,200,200
5,200,35,1,200,200,0,9,5,4,0,200,200,1,200,200,1,0,0,0,71,200
0,200,30,0,0,0,1,7,2,2,0,0,200,1,200,200,200,17,0,0,37,200
1,200,30,0,0,0,1,7,2,2,0,0,200,1,200,200,200,17,0,0,8,200
1,200,30,0,0,0,1,7,2,2,0,0,200,1,200,200,200,17,0,1,27,200
0,200,35,1,2,0,1,14,5,200,0,0,0,0,1,200,200,22,0,1,25,200
0,200,35,1,2,0,1,14,5,200,0,0,0,0,1,200,200,22,0,1,35,200
0,200,30,1,200,0,1,10,5,200,0,0,200,0,200,200,200,16,200,0,28,200
0,200,30,1,200,0,1,10,5,200,0,0,200,0,200,200,200,16,200,1,46,200
0,200,30,12,12,0,1,10,5,3,0,0,0,0,200,200,1,18,0,2,200,200
0,200,30,12,12,0,1,10,5,3,0,0,0,0,200,200,1,18,0,0,47,200
1,200,30,12,12,0,1,10,5,3,0,0,0,0,200,200,1,18,0,1,41,200
1,200,30,12,12,0,1,10,5,3,0,0,0,0,200,200,1,18,0,1,3,200
1,200,30,12,12,0,1,10,5,3,0,0,0,0,200,200,1,18,0,1,0,200
0,200,0,0,0,0,1,2,7,2,0,0,200,0,200,1,200,0,0,0,30,200
0,200,30,0,0,0,1,9,6,200,0,0,0,1,200,200,1,16,33,0,200,200
5,200,30,0,0,0,1,9,6,200,0,0,0,1,200,200,1,16,33,0,8,200
0,200,35,0,0,0,1,14,5,4,2,0,2,1,200,200,1,18,0,0,200,200
0,200,35,0,0,0,1,14,5,4,2,0,2,1,200,200,1,18,0,1,45,200
1,200,35,0,0,0,1,14,5,4,2,0,2,1,200,200,1,18,0,0,9,200
1,200,35,0,0,0,1,14,5,4,2,0,2,1,200,200,1,18,0,0,200,200
1,200,35,0,0,0,1,14,5,4,2,0,2,1,200,200,1,18,0,0,14,200
0,200,25,0,0,0,1,7,5,1,0,0,0,1,200,200,1,200,200,2,200,200
1,200,25,0,0,0,1,7,5,1,0,0,0,1,200,200,1,200,200,200,200,200
0,200,25,0,0,0,1,14,2,2,0,0,0,0,200,200,1,0,0,0,200,200
0,200,25,0,0,0,1,14,2,2,0,0,0,0,200,200,1,0,0,1,33,200
0,200,30,1,2,0,1,14,5,4,0,0,0,0,1,200,200,10,3,0,22,200
0,200,30,1,2,0,1,14,5,4,0,0,0,0,1,200,200,10,3,0,23,200
0,200,30,0,0,0,1,12,6,1,0,0,0,0,200,200,200,11,0,0,36,200
0,200,30,0,0,0,1,12,6,1,0,0,0,0,200,200,200,11,0,0,54,200
1,200,30,0,0,0,1,12,6,1,0,0,0,0,200,200,200,11,0,1,45,200
1,200,30,0,0,0,1,12,6,1,0,0,0,0,200,200,200,11,0,0,18,200
1,200,30,0,0,0,1,12,6,1,0,0,0,0,200,200,200,11,0,0,7,200
0,200,30,1,2,0,1,10,5,2,0,0,0,0,200,200,200,8,18,0,37,200
0,200,30,1,2,0,1,10,5,2,0,0,0,0,200,200,200,8,18,0,28,200
0,200,30,0,0,0,0,7,6,200,0,0,0,0,200,200,1,200,200,2,200,200
0,1,30,0,0,0,2,7,5,2,0,0,0,0,200,200,1,0,200,2,200,200
0,200,25,0,0,0,0,7,7,200,0,0,0,0,200,1,200,0,0,2,200,200
0,200,30,1,2,0,1,12,5,200,0,0,0,0,200,200,200,17,200,1,22,200
0,200,30,1,2,0,1,12,5,200,0,0,0,0,200,200,200,17,200,1,36,200
1,200,30,1,2,0,1,12,5,200,0,0,0,0,200,200,200,17,200,0,20,200
1,200,30,1,2,0,1,12,5,200,0,0,0,0,200,200,200,17,200,0,36,200
1,200,30,1,2,0,1,12,5,200,0,0,0,0,200,200,200,17,200,1,10,200
4,200,30,0,0,0,1,8,6,1,0,0,0,1,200,200,200,10,200,0,12,200
0,200,30,0,0,0,1,8,6,1,0,0,0,1,200,200,200,10,200,0,0,200
0,200,30,1,2,0,1,10,3,2,0,200,200,0,1,200,200,7,7,0,27,200
0,200,30,1,2,0,1,10,3,2,0,200,200,0,1,200,200,7,7,1,38,200
1,200,30,1,2,0,1,10,3,2,0,200,200,0,1,200,200,7,7,1,58,200
1,200,30,1,2,0,1,10,3,2,0,200,200,0,1,200,200,7,7,1,17,200
1,200,30,1,2,0,1,10,3,2,0,200,200,0,1,200,200,7,7,1,17,200
0,200,30,0,0,0,1,9,5,2,0,0,0,1,200,200,1,0,0,2,200,200
5,200,30,0,0,0,1,9,5,2,0,0,0,1,200,200,1,0,0,0,81,200
0,200,30,0,0,0,1,8,5,2,2,0,0,0,200,200,1,0,19,1,71,200
4,200,30,0,0,0,1,8,5,2,2,0,0,0,200,200,1,0,19,0,200,200
0,200,20,0,0,0,1,12,5,4,0,0,0,0,200,200,200,21,200,1,48,200
0,200,20,0,0,0,1,12,5,4,0,0,0,0,200,200,200,21,200,1,42,200
1,200,20,0,0,0,1,12,5,4,0,0,0,0,200,200,200,21,200,1,39,200
1,200,20,0,0,0,1,12,5,4,0,0,0,0,200,200,200,21,200,0,4,200
1,200,20,0,0,0,1,12,5,4,0,0,0,0,200,200,200,21,200,1,200,200
0,200,30,2,2,0,1,0,5,1,0,0,0,1,1,200,200,10,16,1,0,200
0,200,30,2,2,0,1,0,5,1,0,0,0,1,1,200,200,10,16,0,0,200
0,200,30,0,0,0,1,11,4,200,0,0,0,0,200,200,200,20,0,0,200,200
0,200,30,0,0,0,1,11,4,200,0,0,0,0,200,200,200,20,0,1,31,200
0,200,30,0,0,0,1,10,5,200,0,0,0,0,200,200,1,22,17,2,200,200
0,200,30,0,0,0,1,10,5,200,0,0,0,0,200,200,1,22,17,1,64,200
0,200,30,2,2,0,1,14,5,4,0,0,0,0,1,200,200,17,16,1,200,200
0,200,30,2,2,0,1,14,5,4,0,0,0,0,1,200,200,17,16,0,200,200
0,200,30,2,2,0,1,7,5,2,0,0,0,1,200,200,200,15,25,0,27,200
1,200,30,2,2,0,1,7,5,2,0,0,0,1,200,200,200,15,25,0,44,200
1,200,30,2,2,0,1,7,5,2,0,0,0,1,200,200,200,15,25,1,38,200
1,200,30,2,2,0,1,7,5,2,0,0,0,1,200,200,200,15,25,1,3,200
0,200,30,1,2,0,1,12,3,2,0,0,0,1,1,200,200,7,23,1,25,200
0,200,30,1,2,0,1,12,3,2,0,0,0,1,1,200,200,7,23,0,40,200
0,200,30,1,2,0,1,12,3,2,0,0,0,1,1,200,200,7,23,0,46,200
1,200,30,1,2,0,1,12,3,2,0,0,0,1,1,200,200,7,23,1,28,200
0,200,35,1,2,0,1,14,2,4,0,0,200,1,1,200,1,17,23,0,200,200
0,200,35,1,2,0,1,14,2,4,0,0,200,1,1,200,1,17,23,0,18,200
1,200,35,1,2,0,1,14,2,4,0,0,200,1,1,200,1,17,23,0,17,200
0,200,30,0,0,0,1,10,2,200,0,0,0,0,200,200,200,0,0,0,68,200
0,200,30,0,0,0,1,10,2,200,0,0,0,0,200,200,200,0,0,0,31,200
1,200,30,0,0,0,1,10,2,200,0,0,0,0,200,200,200,0,0,1,3,200
1,200,30,0,0,0,1,10,2,200,0,0,0,0,200,200,200,0,0,1,9,200
1,200,30,0,0,0,1,10,2,200,0,0,0,0,200,200,200,0,0,1,6,200
1,200,30,0,0,0,1,10,2,200,0,0,0,0,200,200,200,0,0,1,7,200
1,200,30,0,0,0,1,10,2,200,0,0,0,0,200,200,200,0,0,0,22,200
0,200,30,1,2,0,1,10,2,4,0,0,0,0,200,200,200,0,200,0,200,200
0,200,30,1,2,0,1,10,2,4,0,0,0,0,200,200,200,0,200,1,77,200
1,200,30,1,2,0,1,10,2,4,0,0,0,0,200,200,200,0,200,1,77,200
0,200,10,0,0,0,1,2,12,200,0,0,0,0,200,200,200,0,0,0,29,200
0,200,10,0,0,0,1,0,7,200,0,0,0,0,200,1,200,0,0,0,52,200
0,200,10,0,0,0,1,0,7,200,0,0,0,0,200,1,200,0,0,1,21,200
0,1,30,0,0,0,1,10,6,3,2,0,2,0,200,200,1,18,25,1,200,200
0,1,30,0,0,0,1,10,6,3,2,0,2,0,200,200,1,18,25,0,45,200
0,200,30,200,200,0,1,10,5,200,0,200,200,0,200,200,200,0,200,0,68,200
0,200,30,200,200,0,1,10,5,200,0,200,200,0,200,200,200,0,200,0,45,200
0,200,25,0,0,0,1,10,2,4,0,0,0,0,200,200,200,0,0,0,58,200
0,200,25,0,0,0,1,10,2,4,0,0,0,0,200,200,200,0,0,0,200,200
0,200,30,0,200,0,1,10,5,2,0,0,200,0,200,200,200,18,18,1,90,200
0,200,30,0,200,0,1,10,5,2,0,0,200,0,200,200,200,18,18,0,45,200
0,200,30,0,0,0,1,10,5,2,0,0,0,0,200,200,1,0,200,0,200,200
0,200,30,0,0,0,1,10,5,2,0,0,0,0,200,200,1,0,200,0,37,200
1,200,30,0,0,0,1,10,5,2,0,0,0,0,200,200,1,0,200,1,40,200
1,200,30,0,0,0,1,10,5,2,0,0,0,0,200,200,1,0,200,1,12,200
1,200,30,0,0,0,1,10,5,2,0,0,0,0,200,200,1,0,200,0,20,200
0,200,30,0,0,0,1,12,5,200,0,0,0,0,200,200,1,17,200,0,200,200
0,200,30,0,0,0,1,12,5,200,0,0,0,0,200,200,1,17,200,0,46,200
1,200,30,0,0,0,1,12,5,200,0,0,0,0,200,200,1,17,200,1,200,200
0,200,30,1,2,0,1,10,3,200,0,0,200,0,1,200,200,18,16,0,53,0.22
0,200,30,1,2,0,1,10,3,200,0,0,200,0,1,200,200,18,16,0,34,200
0,200,30,1,2,0,1,12,6,200,0,0,0,0,200,200,200,23,200,1,200,200
0,200,30,1,2,0,1,12,6,200,0,0,0,0,200,200,200,23,200,1,24,200
0,200,25,1,2,0,1,0,5,2,0,0,0,1,200,200,200,6,17,1,26,200
0,200,25,1,2,0,1,0,5,2,0,0,0,1,200,200,200,6,17,1,28,200
1,200,25,1,2,0,1,0,5,2,0,0,0,1,200,200,200,6,17,1,56,200
1,200,25,1,2,0,1,0,5,2,0,0,0,1,200,200,200,6,17,1,4,200
0,200,25,1,2,0,1,10,5,4,0,0,0,0,200,200,200,16,18,0,26,200
0,200,25,1,2,0,1,10,5,4,0,0,0,0,200,200,200,16,18,1,34,200
1,200,25,1,2,0,1,10,5,4,0,0,0,0,200,200,200,16,18,1,27,200
0,200,35,1,2,0,1,10,3,4,0,0,0,1,200,200,200,18,0,0,59,200
0,200,35,1,2,0,1,10,3,4,0,0,0,1,200,200,200,18,0,1,54,200
1,200,35,1,2,0,1,10,3,4,0,0,0,1,200,200,200,18,0,0,52,200
0,200,25,0,0,0,1,7,6,2,0,0,0,0,200,200,200,11,200,0,19,200
0,200,30,0,0,0,1,12,5,200,0,0,0,0,200,200,1,0,0,2,200,200
0,200,30,0,0,0,1,12,5,200,0,0,0,0,200,200,1,0,0,0,28,200
0,200,30,1,2,0,1,10,5,200,0,0,0,0,200,200,1,20,0,0,41,200
0,200,30,1,2,0,1,10,5,200,0,0,0,0,200,200,1,20,0,1,200,200
0,200,45,0,0,0,1,2,3,200,0,200,1,0,200,200,200,200,200,0,49,200
0,200,30,1,2,0,1,12,3,200,0,0,0,0,1,200,200,4,17,0,25,200
0,200,30,1,2,0,1,12,3,200,0,0,0,0,1,200,200,4,17,1,57,200
0,200,30,1,2,0,1,12,3,200,0,0,0,0,1,200,200,4,17,1,200,200
0,200,10,0,0,0,1,10,7,200,0,0,0,0,200,200,200,20,0,0,47,200
0,200,10,0,0,0,1,10,7,200,0,0,0,0,200,200,200,20,0,0,200,200
0,200,30,1,2,0,1,14,5,4,0,0,0,0,1,200,200,17,0,0,57,200
0,200,30,1,2,0,1,14,5,4,0,0,0,0,1,200,200,17,0,0,55,200
1,200,30,1,2,0,1,14,5,4,0,0,0,0,1,200,200,17,0,1,50,200
1,200,30,1,2,0,1,14,5,4,0,0,0,0,1,200,200,17,0,0,200,200
0,200,30,2,2,0,1,10,2,4,0,0,0,0,200,200,0,18,25,1,54,200
0,200,30,2,2,0,1,10,2,4,0,0,0,0,200,200,0,18,25,1,33,200
1,200,30,2,2,0,1,10,2,4,0,0,0,0,200,200,0,18,25,200,200,200
1,200,30,2,2,0,1,10,2,4,0,0,0,0,200,200,0,18,25,200,200,200
1,200,30,2,2,0,1,10,2,4,0,0,0,0,200,200,0,18,25,200,200,200
0,200,30,0,0,0,1,7,5,200,0,0,0,0,200,200,200,0,200,1,28,200
0,200,30,1,1,0,1,10,5,4,0,0,0,0,0,200,200,18,200,1,25,200
0,200,30,1,1,0,1,10,5,4,0,0,0,0,0,200,200,18,200,1,47,200
1,200,30,1,1,0,1,10,5,4,0,0,0,0,0,200,200,18,200,1,17,200
1,200,30,1,1,0,1,10,5,4,0,0,0,0,0,200,200,18,200,1,200,200
1,200,30,1,1,0,1,10,5,4,0,0,0,0,0,200,200,18,200,1,13,200
1,200,30,1,1,0,1,10,5,4,0,0,0,0,0,200,200,18,200,1,18,200
0,200,30,1,2,0,1,14,5,2,0,0,0,0,1,200,200,17,16,0,200,200
0,200,30,1,2,0,1,14,5,2,0,0,0,0,1,200,200,17,16,0,200,200
1,200,30,1,2,0,1,14,5,2,0,0,0,0,1,200,200,17,16,0,200,200
1,200,30,1,2,0,1,14,5,2,0,0,0,0,1,200,200,17,16,0,200,200
0,200,30,0,0,0,1,12,5,2,0,200,200,1,200,200,200,17,200,0,25,200
0,200,30,0,0,0,1,12,5,2,0,200,200,1,200,200,200,17,200,1,71,200
0,200,30,1,2,0,1,14,5,2,0,0,0,0,1,200,1,6,200,0,200,200
0,200,30,1,2,0,1,14,5,2,0,0,0,0,1,200,1,6,200,0,29,200
1,200,30,1,2,0,1,14,5,2,0,0,0,0,1,200,1,6,200,0,2,200
0,200,30,0,0,0,1,12,2,4,0,0,0,0,200,200,200,21,200,1,56,200
0,200,30,0,0,0,1,12,2,4,0,0,0,0,200,200,200,21,200,1,24,200
0,200,30,0,0,0,1,7,6,1,0,0,0,1,200,200,200,200,200,1,40,200
1,200,30,0,0,0,1,7,6,1,0,0,0,1,200,200,200,200,200,1,62,200
0,200,30,2,2,0,1,0,5,2,0,0,0,1,1,200,200,5,11,1,24,200
0,200,30,2,2,0,1,0,5,2,0,0,0,1,1,200,200,5,11,0,28,200
1,200,30,2,2,0,1,0,5,2,0,0,0,1,1,200,200,5,11,1,38,200
0,200,15,0,0,0,1,14,5,200,0,0,0,0,200,0,200,23,200,0,58,200
0,200,15,0,0,0,1,14,5,200,0,0,0,0,200,0,200,23,200,0,39,200
0,200,25,0,0,0,0,7,6,200,0,0,0,0,200,200,1,0,0,2,200,200
0,200,30,0,0,0,0,7,2,2,0,0,0,0,200,200,200,0,200,0,200,200
0,1,20,0,0,0,1,7,5,2,0,0,0,0,200,200,200,32,32,1,63,200
0,200,25,0,0,200,3,7,6,2,0,200,200,0,200,200,1,0,200,2,200,200
0,200,35,2,2,0,1,12,3,3,0,0,0,0,200,200,200,21,200,1,19,200
0,200,35,2,2,0,1,12,3,3,0,0,0,0,200,200,200,21,200,0,26,200
0,200,30,0,0,0,1,7,5,2,0,0,0,0,200,200,1,32,27,1,63,200
0,200,30,0,0,0,1,10,5,200,0,0,0,0,200,200,200,18,0,0,24,200
0,200,30,0,0,0,1,10,5,200,0,0,0,0,200,200,200,18,0,1,37,200
0,1,30,0,0,0,1,14,5,2,0,0,0,1,1,200,200,23,200,0,56,200
0,1,30,0,0,0,1,14,5,2,0,0,0,1,1,200,200,23,200,0,24,200
0,200,25,2,0,0,1,0,6,200,0,0,0,1,1,200,200,17,5,0,30,200
0,200,25,2,0,0,1,0,6,200,0,0,0,1,1,200,200,17,5,0,30,200
0,200,30,0,0,0,1,2,5,2,0,0,0,1,200,1,1,0,0,0,200,200
0,200,25,1,2,0,1,0,5,1,0,0,0,0,200,200,200,20,0,0,29,200
0,200,25,1,2,0,1,0,5,1,0,0,0,0,200,200,200,20,0,1,23,200
0,200,35,0,0,0,4,14,5,4,0,0,0,1,200,200,200,16,33,0,39,200
0,200,35,0,0,0,4,14,5,4,0,0,0,1,200,200,200,16,33,0,36,200
1,200,35,0,0,0,4,14,5,4,0,0,0,1,200,200,200,16,33,0,23,200
1,200,35,0,0,0,4,14,5,4,0,0,0,1,200,200,200,16,33,0,22,200
0,200,30,200,200,0,1,7,5,2,0,0,0,1,200,200,200,16,16,0,17,200
1,200,30,200,200,0,1,7,5,2,0,0,0,1,200,200,200,16,16,0,20,200
1,200,30,200,200,0,1,7,5,2,0,0,0,1,200,200,200,16,16,0,13,200
0,200,30,2,2,0,1,14,2,200,0,0,0,0,1,200,200,17,0,0,72,200
0,200,30,2,2,0,1,14,2,200,0,0,0,0,1,200,200,17,0,1,20,200
1,200,30,2,2,0,1,14,2,200,0,0,0,0,1,200,200,17,0,0,53,200
0,1,30,200,200,200,200,11,5,200,0,200,200,0,200,200,1,0,0,2,200,200
0,1,30,200,200,200,200,11,5,200,0,200,200,0,200,200,1,0,0,1,0,200
0,200,30,0,0,0,1,7,5,2,0,0,0,0,200,200,1,0,200,1,200,200
0,200,30,0,0,0,1,7,12,200,0,0,0,0,200,1,200,20,20,1,37,200
1,200,30,0,0,0,1,7,12,200,0,0,0,0,200,1,200,20,20,1,200,200
0,200,30,0,0,0,1,12,6,1,0,200,200,0,200,200,200,20,11,0,66,200
0,200,30,0,0,0,1,12,6,1,0,200,200,0,200,200,200,20,11,1,56,200
0,200,10,0,0,0,1,7,5,200,0,0,0,0,200,200,1,0,0,1,200,200
0,200,30,2,2,0,1,14,5,200,0,0,0,0,1,200,200,23,200,0,62,200
0,200,30,2,2,0,1,14,5,200,0,0,0,0,1,200,200,23,200,0,25,200
0,200,30,2,0,0,1,7,5,2,0,0,0,0,200,200,1,0,200,2,200,200
0,200,30,0,0,0,1,12,6,1,0,0,0,0,200,200,200,17,0,1,25,200
0,200,30,0,0,0,1,12,6,1,0,0,0,0,200,200,200,17,0,0,34,200
0,200,25,0,0,0,1,7,5,200,0,0,0,0,200,200,1,16,0,0,200,200
0,200,25,2,2,0,1,10,5,1,0,0,0,0,0,200,200,18,0,0,40,200
0,200,25,2,2,0,1,10,5,1,0,0,0,0,0,200,200,18,0,0,37,200
0,200,25,2,2,0,1,10,5,1,0,0,0,0,0,200,200,18,0,0,62,200
0,200,30,0,0,0,1,7,6,200,0,0,200,1,200,200,1,25,16,0,200,200
0,200,30,0,0,0,1,0,5,1,0,0,0,1,200,200,1,16,21,1,200,200
0,200,30,0,0,0,1,0,5,1,0,0,0,1,200,200,1,16,21,1,61,200
0,200,30,1,2,0,1,14,2,2,0,0,0,0,1,200,200,23,200,0,23,200
0,200,30,1,2,0,1,14,2,2,0,0,0,0,1,200,200,23,200,0,32,200
0,200,30,0,0,0,1,10,5,200,0,0,0,0,200,200,200,20,200,1,34,200
0,200,30,0,0,0,1,10,5,200,0,0,0,0,200,200,200,20,200,0,37,200
0,0,40,12,12,0,1,12,6,3,3,0,0,0,200,200,200,21,16,0,93,200
0,0,40,12,12,0,1,12,6,3,3,0,0,0,200,200,200,21,16,1,62,200
0,200,30,0,0,0,1,7,6,1,0,0,0,0,200,200,200,0,200,0,200,200
0,200,35,1,2,0,1,11,2,200,0,0,0,1,200,200,1,0,200,2,200,200
0,200,35,1,2,0,1,11,2,200,0,0,0,1,200,200,1,0,200,1,30,200
0,200,30,0,0,0,1,10,6,1,0,0,0,0,200,200,200,0,0,1,23,200
0,200,30,0,0,0,1,10,6,1,0,0,0,0,200,200,200,0,0,0,26,200
0,200,30,0,0,0,1,10,5,2,0,0,0,1,200,200,200,32,25,0,48,0.25
0,200,30,0,0,0,1,10,5,2,0,0,0,1,200,200,200,32,25,0,19,200
1,200,30,0,0,0,1,10,5,2,0,0,0,1,200,200,200,32,25,1,19,200
0,200,15,0,0,0,1,0,12,1,0,0,200,0,200,1,200,20,0,1,200,200
0,200,15,0,0,0,1,0,12,1,0,0,200,0,200,1,200,20,0,0,60,200
0,200,30,1,2,0,1,14,3,6,0,0,0,1,1,1,200,0,0,1,51,200
0,200,30,1,2,0,1,14,3,6,0,0,0,1,1,1,200,0,0,1,31,200
0,200,25,0,0,0,1,12,5,2,0,200,200,0,200,200,1,22,0,0,200,200
0,200,25,0,0,0,1,12,5,2,0,200,200,0,200,200,1,22,0,0,67,200
0,200,10,0,0,0,1,7,5,0,0,0,0,0,200,1,200,25,200,1,20,200
0,200,30,2,2,0,4,10,5,2,0,0,0,1,200,200,200,11,18,0,46,200
0,200,30,2,2,0,4,10,5,2,0,0,0,1,200,200,200,11,18,0,29,200
1,200,30,2,2,0,4,10,5,2,0,0,0,1,200,200,200,11,18,1,200,200
1,200,30,2,2,0,4,10,5,2,0,0,0,1,200,200,200,11,18,0,200,200
1,200,30,2,2,0,4,10,5,2,0,0,0,1,200,200,200,11,18,1,200,200
1,200,30,2,2,0,4,10,5,2,0,0,0,1,200,200,200,11,18,1,200,200
1,200,30,2,2,0,4,10,5,2,0,0,0,1,200,200,200,11,18,1,200,200
0,200,30,0,0,0,1,11,6,1,0,0,0,0,200,200,200,0,0,0,48,200
0,200,30,0,0,0,1,11,6,1,0,0,0,0,200,200,200,0,0,1,19,200
1,200,30,0,0,0,1,11,6,1,0,0,0,0,200,200,200,0,0,0,18,200
1,200,30,0,0,0,1,11,6,1,0,0,0,0,200,200,200,0,0,1,12,200
0,200,30,0,0,0,1,7,5,4,0,0,0,1,200,200,1,0,200,0,200,200
0,200,30,0,0,0,4,10,2,2,0,0,0,0,200,200,200,0,200,0,38,200
0,200,30,0,0,0,4,10,2,2,0,0,0,0,200,200,200,0,200,0,48,200
0,200,30,0,0,0,3,7,3,4,0,0,0,1,200,200,200,27,0,0,63,200
5,200,30,0,0,0,3,7,3,4,0,0,0,1,200,200,200,27,0,0,46,200
0,200,30,0,200,0,4,12,5,2,0,0,200,0,200,200,200,0,0,1,33,200
0,200,30,0,200,0,4,12,5,2,0,0,200,0,200,200,200,0,0,1,67,200
0,200,30,2,0,0,1,10,5,200,0,0,0,0,200,200,200,16,200,1,72,200
0,200,30,2,0,0,1,10,5,200,0,0,0,0,200,200,200,16,200,1,53,200
0,200,30,0,0,0,3,7,3,4,0,0,0,0,200,200,1,0,0,2,200,200
0,200,35,2,2,0,4,0,2,200,0,0,0,0,1,200,200,0,0,0,17,200
0,200,35,2,2,0,4,0,2,200,0,0,0,0,1,200,200,0,0,0,48,200
0,200,30,1,2,0,4,10,5,4,0,0,0,0,1,200,200,18,16,0,62,200
0,200,30,1,2,0,4,10,5,4,0,0,0,0,1,200,200,18,16,1,56,200
0,200,30,0,0,0,1,10,5,2,0,0,0,0,200,200,200,18,16,0,20,200
0,200,30,0,0,0,1,10,5,2,0,0,0,0,200,200,200,18,16,1,28,200
0,200,30,0,0,0,1,10,5,2,0,0,0,0,200,200,200,18,16,0,200,200
0,200,30,0,0,0,0,12,6,1,0,0,0,1,200,200,200,0,0,0,42,200
0,200,30,0,0,0,0,12,6,1,0,0,0,1,200,200,200,0,0,1,18,200
0,200,15,0,0,0,3,7,0,1,0,0,0,0,200,200,200,0,0,1,36,200
0,200,30,1,2,0,3,10,2,200,0,0,0,0,1,200,200,6,20,0,38,200
0,200,30,1,2,0,3,10,2,200,0,0,0,0,1,200,200,6,20,1,23,200
0,200,30,0,0,0,3,8,6,1,0,0,0,1,200,200,200,0,0,0,64,200
4,200,30,0,0,0,3,8,6,1,0,0,0,1,200,200,200,0,0,1,20,200
0,200,35,1,2,0,3,14,3,3,0,0,200,0,1,200,200,23,200,0,77,200
0,200,35,1,2,0,3,14,3,3,0,0,200,0,1,200,200,23,200,1,60,200
0,200,30,0,0,0,3,7,6,200,0,0,200,0,200,200,200,20,0,0,62,200
0,200,30,200,200,0,1,14,2,4,0,0,0,0,200,200,200,23,21,1,48,200
0,200,30,200,200,0,1,14,2,4,0,0,0,0,200,200,200,23,21,0,19,200
1,200,30,200,200,0,1,14,2,4,0,0,0,0,200,200,200,23,21,0,16,200
0,1,30,1,2,0,3,10,5,200,0,0,200,0,200,200,1,18,16,2,200,200
0,1,30,1,2,0,3,10,5,200,0,0,200,0,200,200,1,18,16,1,22,200
0,1,30,1,2,0,3,10,5,200,0,0,200,0,200,200,1,18,16,2,200,200
0,200,30,0,0,0,0,2,5,1,0,0,0,1,200,1,1,0,200,2,200,200
1,200,30,0,0,0,0,2,5,1,0,0,0,1,200,1,1,0,200,0,200,200
5,200,20,0,0,0,3,9,6,1,0,0,0,1,200,200,200,200,200,0,8,200
0,200,20,0,0,0,3,9,6,1,0,0,0,1,200,200,200,200,200,0,38,200
0,200,35,1,2,0,3,14,5,4,0,0,0,1,1,200,200,17,23,0,18,200
0,200,35,1,2,0,3,14,5,4,0,0,0,1,1,200,200,17,23,1,20,200
1,200,35,1,2,0,3,14,5,4,0,0,0,1,1,200,200,17,23,0,18,200
1,200,35,1,2,0,3,14,5,4,0,0,0,1,1,200,200,17,23,0,19,200
1,200,35,1,2,0,3,14,5,4,0,0,0,1,1,200,200,17,23,1,0,200
0,200,35,0,0,0,3,0,3,6,0,0,0,0,200,200,200,0,0,0,34,200
0,200,35,0,0,0,3,0,3,6,0,0,0,0,200,200,200,0,0,0,0,200
0,200,5,0,0,200,1,2,7,200,0,200,0,0,200,1,200,0,0,0,28,200
0,1,20,0,0,0,3,7,6,1,0,0,0,0,200,200,200,0,200,0,200,200
0,200,10,0,0,0,4,2,0,1,0,0,0,0,200,200,200,0,0,0,22,200
3,200,10,0,0,0,4,2,0,1,0,0,0,0,200,200,200,0,0,1,200,200
0,200,15,200,200,200,200,7,7,200,0,200,200,0,200,1,200,21,0,1,20,200
1,200,15,200,200,200,200,7,7,200,0,200,200,0,200,1,200,21,0,1,200,200
0,200,30,2,2,0,3,0,5,4,0,0,200,1,1,200,200,0,0,0,48,200
0,200,30,2,2,0,3,0,5,4,0,0,200,1,1,200,200,0,0,1,68,200
0,200,30,1,2,0,3,14,2,200,0,0,0,1,1,200,200,32,17,0,68,200
0,200,30,1,2,0,3,14,2,200,0,0,0,1,1,200,200,32,17,0,69,200
1,200,30,1,2,0,3,14,2,200,0,0,0,1,1,200,200,32,17,0,56,200
1,200,30,1,2,0,3,14,2,200,0,0,0,1,1,200,200,32,17,0,44,200
1,200,30,1,2,0,3,14,2,200,0,0,0,1,1,200,200,32,17,1,60,200
0,200,30,12,12,0,3,9,5,200,0,0,0,1,200,200,1,0,200,0,200,200
5,200,30,12,12,0,3,9,5,200,0,0,0,1,200,200,1,0,200,0,62,200
0,200,35,2,200,0,0,11,2,200,0,0,0,1,200,200,200,10,0,0,16,200