PERSON_TYPE,CRASH_DATE_EST_I,POSTED_SPEED_LIMIT,TRAFFIC_CONTROL_DEVICE,DEVICE_CONDITION,WEATHER_CONDITION,LIGHTING_CONDITION,FIRST_CRASH_TYPE,TRAFFICWAY_TYPE,LANE_CNT,ALIGNMENT,ROADWAY_SURFACE_COND,ROAD_DEFECT,CRASH_TYPE,INTERSECTION_RELATED_I,NOT_RIGHT_OF_WAY_I,HIT_AND_RUN_I,PRIM_CONTRIBUTORY_CAUSE,SEC_CONTRIBUTORY_CAUSE,SEX,AGE,BAC_RESULT VALUE
0,200,35,2,200,0,0,11,2,200,0,0,0,1,200,200,200,10,0,0,30,200
1,200,35,2,200,0,0,11,2,200,0,0,0,1,200,200,200,10,0,1,22,200
1,200,35,2,200,0,0,11,2,200,0,0,0,1,200,200,200,10,0,0,33,200
0,200,40,0,0,0,1,10,3,4,0,0,0,1,200,200,1,0,0,1,200,200
0,200,40,0,0,0,1,10,3,4,0,0,0,1,200,200,1,0,0,0,76,200
0,200,30,0,0,0,3,7,5,2,2,0,12,1,200,200,200,0,0,0,200,200
1,200,30,0,0,0,3,7,5,2,2,0,12,1,200,200,200,0,0,1,200,200
1,200,30,0,0,0,3,7,5,2,2,0,12,1,200,200,200,0,0,0,200,200
0,200,40,0,0,0,0,5,3,8,0,200,4,0,200,200,200,29,11,0,38,200
0,200,30,200,200,200,200,12,2,4,0,200,200,0,200,200,200,11,0,0,21,200
0,200,30,200,200,200,200,12,2,4,0,200,200,0,200,200,200,11,0,0,24,200
0,200,30,1,2,0,3,12,3,8,0,0,0,0,200,200,1,0,200,0,200,200
0,200,30,1,2,0,3,12,3,8,0,0,0,0,200,200,1,0,200,0,26,200
0,200,30,200,200,0,1,10,5,4,0,0,200,0,200,200,200,18,200,1,54,200
0,200,30,200,200,0,1,10,5,4,0,0,200,0,200,200,200,18,200,1,33,200
0,200,30,1,2,0,3,10,6,200,0,0,0,0,1,200,1,0,200,0,200,200
0,200,30,1,2,0,3,10,6,200,0,0,0,0,1,200,1,0,200,1,42,200
1,200,30,1,2,0,3,10,6,200,0,0,0,0,1,200,1,0,200,0,44,200
0,200,30,1,2,0,3,14,5,1,0,0,0,1,1,200,200,17,32,0,41,200
0,200,30,1,2,0,3,14,5,1,0,0,0,1,1,200,200,17,32,1,31,200
0,200,35,1,2,0,3,10,5,200,0,0,0,0,200,200,200,18,18,0,85,200
0,200,35,1,2,0,3,10,5,200,0,0,0,0,200,200,200,18,18,0,35,200
0,200,30,2,2,0,3,0,5,2,0,200,200,0,1,200,200,7,9,0,23,200
0,200,30,2,2,0,3,0,5,2,0,200,200,0,1,200,200,7,9,0,35,200
0,200,25,2,2,0,3,0,6,1,0,0,0,1,1,200,1,0,200,2,200,200
0,200,25,2,2,0,3,0,6,1,0,0,0,1,1,200,1,0,200,0,24,200
1,200,25,2,2,0,3,0,6,1,0,0,0,1,1,200,1,0,200,2,200,200
0,200,30,0,0,0,3,10,3,200,0,200,200,0,200,200,1,0,0,2,200,200
0,200,30,0,0,0,3,10,3,200,0,200,200,0,200,200,1,0,0,1,58,200
0,200,30,2,200,0,3,11,2,2,0,0,200,0,1,200,200,17,0,1,200,200
0,200,30,2,200,0,3,11,2,2,0,0,200,0,1,200,200,17,0,0,18,200
1,200,30,2,200,0,3,11,2,2,0,0,200,0,1,200,200,17,0,1,200,200
1,200,30,2,200,0,3,11,2,2,0,0,200,0,1,200,200,17,0,0,200,200
0,200,30,0,0,0,3,9,5,2,0,0,0,1,200,200,1,200,200,2,200,200
5,200,30,0,0,0,3,9,5,2,0,0,0,1,200,200,1,200,200,0,30,200
0,200,30,0,0,0,3,7,5,1,0,0,0,1,200,1,1,0,25,0,200,200
0,200,30,0,0,0,3,7,5,1,0,0,0,1,200,1,1,0,25,1,26,200
1,200,30,0,0,0,3,7,5,1,0,0,0,1,200,1,1,0,25,200,30,200
0,200,30,0,0,0,1,7,5,200,0,0,0,0,200,200,1,0,0,2,200,200
0,200,30,2,2,0,3,10,2,2,0,0,0,0,1,200,200,7,18,0,34,200
0,200,30,2,2,0,3,10,2,2,0,0,0,0,1,200,200,7,18,0,20,200
0,200,30,1,2,0,3,12,5,4,0,0,0,0,1,200,200,21,21,0,47,200
0,200,30,1,2,0,3,12,5,4,0,0,0,0,1,200,200,21,21,0,52,200
1,200,30,1,2,0,3,12,5,4,0,0,0,0,1,200,200,21,21,1,200,200
0,200,30,200,200,200,200,10,5,2,0,200,200,0,200,200,200,11,0,0,30,200
0,200,30,200,200,200,200,10,5,2,0,200,200,0,200,200,200,11,0,0,67,200
0,200,40,1,2,0,3,10,3,8,0,0,0,1,1,200,200,16,18,1,27,200
0,200,40,1,2,0,3,10,3,8,0,0,0,1,1,200,200,16,18,0,34,200
0,200,30,1,3,200,3,14,3,4,0,200,200,1,1,200,200,0,0,0,24,200
0,200,30,1,3,200,3,14,3,4,0,200,200,1,1,200,200,0,0,0,26,200
1,200,30,1,3,200,3,14,3,4,0,200,200,1,1,200,200,0,0,1,26,200
0,200,30,1,2,0,3,10,2,200,0,0,0,0,1,200,1,18,16,1,200,200
0,200,30,1,2,0,3,10,2,200,0,0,0,0,1,200,1,18,16,0,33,200
1,200,30,1,2,0,3,10,2,200,0,0,0,0,1,200,1,18,16,0,200,200
0,200,15,0,0,0,0,7,0,1,0,0,0,0,200,200,200,20,200,0,200,200
1,200,15,0,0,0,0,7,0,1,0,0,0,0,200,200,200,20,200,0,200,200
0,200,30,1,2,0,3,14,2,200,0,0,0,0,200,200,200,0,0,0,20,200
0,200,30,1,2,0,3,14,2,200,0,0,0,0,200,200,200,0,0,0,34,200
0,200,25,1,2,0,0,12,5,4,0,0,0,0,200,200,200,17,0,0,25,200
0,200,25,1,2,0,0,12,5,4,0,0,0,0,200,200,200,17,0,0,43,200
1,200,25,1,2,0,0,12,5,4,0,0,0,0,200,200,200,17,0,0,16,200
0,200,30,200,200,0,200,12,200,200,0,0,200,0,200,200,200,0,200,0,30,200
0,200,30,200,200,0,200,12,200,200,0,0,200,0,200,200,200,0,200,1,42,200
1,200,30,200,200,0,200,12,200,200,0,0,200,0,200,200,200,0,200,0,28,200
0,200,30,0,0,0,0,2,2,200,0,0,200,1,200,200,200,12,200,0,200,200
0,1,30,1,2,0,3,14,3,4,0,0,0,1,1,200,200,0,0,1,20,200
0,1,30,1,2,0,3,14,3,4,0,0,0,1,1,200,200,0,0,1,31,200
0,200,30,2,2,0,3,7,5,2,0,0,0,0,200,200,200,20,16,0,21,200
0,200,30,2,2,0,3,7,5,2,0,0,0,0,200,200,200,20,16,0,48,200
0,1,30,0,0,0,3,7,2,4,0,0,0,0,200,200,1,0,200,2,200,200
0,200,30,2,2,0,0,0,5,2,0,0,0,1,1,200,200,17,0,1,25,200
0,200,30,2,2,0,0,0,5,2,0,0,0,1,1,200,200,17,0,1,54,200
0,0,30,0,0,0,3,2,3,4,0,0,200,0,200,200,200,12,200,0,58,200
0,1,30,0,0,0,3,7,6,2,0,0,0,0,200,200,1,200,200,0,200,200
0,200,25,2,2,0,3,8,5,200,0,0,0,1,1,200,200,0,0,1,28,200
4,200,25,2,2,0,3,8,5,200,0,0,0,1,1,200,200,0,0,0,38,200
0,200,30,0,0,0,3,7,6,200,0,0,0,0,200,200,0,0,0,2,200,200
0,200,40,0,0,0,3,12,5,4,0,0,0,0,200,200,1,17,11,0,200,200
0,200,40,0,0,0,3,12,5,4,0,0,0,0,200,200,1,17,11,0,29,200
0,200,35,1,2,0,4,0,12,6,0,0,0,1,1,200,200,6,0,0,29,200
0,200,35,1,2,0,4,0,12,6,0,0,0,1,1,200,200,6,0,1,20,200
1,200,35,1,2,0,4,0,12,6,0,0,0,1,1,200,200,6,0,1,20,200
1,200,35,1,2,0,4,0,12,6,0,0,0,1,1,200,200,6,0,1,22,200
0,200,30,0,0,0,3,12,5,200,0,0,0,0,200,200,200,17,200,0,39,200
0,200,30,0,0,0,3,12,5,200,0,0,0,0,200,200,200,17,200,1,63,200
1,200,30,0,0,0,3,12,5,200,0,0,0,0,200,200,200,17,200,0,35,200
1,200,30,0,0,0,3,12,5,200,0,0,0,0,200,200,200,17,200,1,56,200
1,200,30,0,0,0,3,12,5,200,0,0,0,0,200,200,200,17,200,1,71,200
0,200,30,0,0,0,3,7,5,2,0,0,200,0,200,200,0,25,200,0,30,200
0,200,30,0,0,0,3,7,5,2,0,0,200,0,200,200,0,25,200,0,30,200
0,200,30,0,0,0,0,11,7,200,0,0,0,1,200,200,1,20,0,1,200,200
0,200,30,0,0,0,0,11,7,200,0,0,0,1,200,200,1,20,0,1,32,200
0,200,30,0,0,0,0,0,6,2,0,200,0,0,200,200,200,25,8,0,23,200
0,200,30,0,0,0,0,0,6,2,0,200,0,0,200,200,200,25,8,0,35,200
0,200,30,1,2,0,3,0,5,200,0,0,0,1,1,200,200,6,200,0,24,200
0,200,30,1,2,0,3,0,5,200,0,0,0,1,1,200,200,6,200,1,56,200
0,200,30,0,0,0,3,12,3,2,0,0,0,0,200,200,200,18,200,0,54,200
0,200,30,0,0,0,3,12,3,2,0,0,0,0,200,200,200,18,200,0,31,200
0,200,30,0,0,0,3,12,2,2,0,0,0,0,200,200,1,18,200,0,200,200
0,200,30,0,0,0,3,12,2,2,0,0,0,0,200,200,1,18,200,1,27,200
0,200,35,1,2,0,3,7,5,2,0,0,0,1,200,200,0,25,15,0,32,200
0,200,25,0,0,0,0,7,6,1,0,0,0,1,200,200,1,0,0,0,200,200
0,200,20,0,0,0,3,0,5,2,0,0,0,1,200,200,1,17,200,0,200,200
0,200,20,0,0,0,3,0,5,2,0,0,0,1,200,200,1,17,200,1,59,200
0,200,30,0,0,0,3,0,6,1,0,0,0,1,200,200,200,20,200,1,25,200
0,200,30,0,0,0,3,0,6,1,0,0,0,1,200,200,200,20,200,1,31,200
0,200,20,0,0,0,3,7,6,1,0,0,0,0,200,1,200,32,0,0,48,0.14
0,200,30,1,2,0,3,14,3,4,0,0,0,1,1,200,200,17,0,0,32,200
0,200,30,1,2,0,3,14,3,4,0,0,0,1,1,200,200,17,0,0,29,200
1,200,30,1,2,0,3,14,3,4,0,0,0,1,1,200,200,17,0,1,31,200
1,200,30,1,2,0,3,14,3,4,0,0,0,1,1,200,200,17,0,1,10,200
1,200,30,1,2,0,3,14,3,4,0,0,0,1,1,200,200,17,0,1,4,200
1,200,30,1,2,0,3,14,3,4,0,0,0,1,1,200,200,17,0,1,10,200
1,200,30,1,2,0,3,14,3,4,0,0,0,1,1,200,200,17,0,1,8,200
1,200,30,1,2,0,3,14,3,4,0,0,0,1,1,200,200,17,0,1,25,200
1,200,30,1,2,0,3,14,3,4,0,0,0,1,1,200,200,17,0,1,33,200
1,200,30,1,2,0,3,14,3,4,0,0,0,1,1,200,200,17,0,0,30,200
0,200,30,0,0,0,1,12,2,2,0,0,0,0,200,200,200,0,0,1,51,200
0,200,30,0,0,0,1,12,2,2,0,0,0,0,200,200,200,0,0,0,42,200
0,200,30,0,0,0,0,7,5,200,0,0,0,1,200,200,200,0,200,1,69,200
0,200,30,0,0,0,3,10,5,4,0,0,200,0,200,200,200,18,0,0,37,200
0,200,30,0,0,0,3,10,5,4,0,0,200,0,200,200,200,18,0,0,44,200
0,200,30,2,200,200,3,10,5,2,0,200,200,0,1,200,200,0,200,0,42,200
0,200,30,2,200,200,3,10,5,2,0,200,200,0,1,200,200,0,200,0,30,200
0,200,30,0,0,0,3,7,6,1,0,0,0,1,200,200,1,0,0,0,200,200
1,200,30,0,0,0,3,7,6,1,0,0,0,1,200,200,1,0,0,0,200,200
0,200,35,0,0,0,3,12,3,8,0,0,1,0,200,200,200,21,29,0,26,200
0,200,35,0,0,0,3,12,3,8,0,0,1,0,200,200,200,21,29,1,29,200
0,1,30,0,0,0,3,7,5,2,0,0,0,1,200,200,0,8,0,0,33,200
0,200,30,0,0,0,3,7,6,1,0,0,0,0,200,200,200,200,200,0,37,200
0,200,30,0,0,0,3,12,5,2,0,0,200,0,200,200,200,22,200,0,45,200
0,200,30,0,0,0,3,12,5,2,0,0,200,0,200,200,200,22,200,0,33,200
0,200,30,0,0,0,2,7,6,1,0,0,200,1,200,200,1,0,200,2,200,200
0,200,30,1,2,0,3,10,2,2,0,0,0,0,200,200,200,18,7,0,30,200
0,200,30,1,2,0,3,10,2,2,0,0,0,0,200,200,200,18,7,1,41,200
0,200,30,1,2,0,0,14,5,200,0,0,0,0,1,200,200,0,0,0,200,200
0,200,30,1,2,0,0,14,5,200,0,0,0,0,1,200,200,0,0,1,50,200
0,0,25,0,0,0,3,7,6,1,0,0,0,0,200,200,1,11,200,1,200,200
0,200,30,1,2,0,3,14,5,200,0,0,0,0,1,200,200,23,21,1,21,200
0,200,30,1,2,0,3,14,5,200,0,0,0,0,1,200,200,23,21,0,27,200
1,200,30,1,2,0,3,14,5,200,0,0,0,0,1,200,200,23,21,0,22,200
1,200,30,1,2,0,3,14,5,200,0,0,0,0,1,200,200,23,21,1,21,200
1,200,30,1,2,0,3,14,5,200,0,0,0,0,1,200,200,23,21,0,32,200
0,200,15,0,0,0,3,10,0,1,0,0,0,0,200,200,200,20,0,0,23,200
0,200,15,0,0,0,3,10,0,1,0,0,0,0,200,200,200,20,0,1,200,200
1,200,15,0,0,0,3,10,0,1,0,0,0,0,200,200,200,20,0,0,200,200
0,0,30,2,200,0,3,10,2,2,1,200,12,1,200,200,200,29,16,0,27,200
0,0,30,2,200,0,3,10,2,2,1,200,12,1,200,200,200,29,16,0,21,200
1,0,30,2,200,0,3,10,2,2,1,200,12,1,200,200,200,29,16,0,20,200
1,0,30,2,200,0,3,10,2,2,1,200,12,1,200,200,200,29,16,1,21,200
0,200,35,2,0,0,3,10,5,2,0,0,200,0,1,200,200,0,200,0,53,200
0,200,35,2,0,0,3,10,5,2,0,0,200,0,1,200,200,0,200,0,50,200
0,200,25,2,2,0,3,2,5,2,0,0,0,1,200,200,1,0,0,0,23,200
0,200,30,0,0,0,2,7,6,1,0,0,0,0,200,200,0,20,16,1,200,200
0,200,30,0,0,0,3,7,5,200,0,0,0,1,200,200,200,0,200,1,45,200
1,200,30,0,0,0,3,7,5,200,0,0,0,1,200,200,200,0,200,1,37,200
1,200,30,0,0,0,3,7,5,200,0,0,0,1,200,200,200,0,200,1,38,200
1,200,30,0,0,0,3,7,5,200,0,0,0,1,200,200,200,0,200,1,27,200
0,200,30,0,0,0,3,7,5,200,0,0,0,1,200,200,1,0,200,0,200,200
0,200,30,0,0,0,3,10,2,2,0,0,0,0,200,200,200,30,18,0,27,200
0,200,30,0,0,0,3,10,2,2,0,0,0,0,200,200,200,30,18,0,200,200
0,200,10,0,0,0,3,7,7,200,0,0,0,0,200,200,200,22,200,0,31,200
0,200,30,0,0,0,3,10,200,200,0,0,0,0,200,200,200,18,200,1,200,200
0,200,30,0,0,0,3,10,200,200,0,0,0,0,200,200,200,18,200,0,25,200
0,200,30,1,2,0,3,0,2,1,0,0,0,1,1,200,200,17,16,0,32,200
0,200,30,1,2,0,3,0,2,1,0,0,0,1,1,200,200,17,16,0,200,200
1,200,30,1,2,0,3,0,2,1,0,0,0,1,1,200,200,17,16,0,36,200
0,200,30,1,2,0,3,3,1,3,0,0,200,1,1,200,200,6,6,0,30,200
0,200,30,1,2,0,3,3,1,3,0,0,200,1,1,200,200,6,6,0,50,200
1,200,30,1,2,0,3,3,1,3,0,0,200,1,1,200,200,6,6,0,18,200
0,200,35,2,2,0,3,0,5,200,0,0,0,1,1,200,200,17,17,1,24,200
0,200,35,2,2,0,3,0,5,200,0,0,0,1,1,200,200,17,17,1,53,200
0,200,30,0,0,0,3,10,5,2,0,0,0,0,200,200,200,0,0,1,49,200
0,200,30,0,0,0,3,10,5,2,0,0,0,0,200,200,200,0,0,1,24,200
0,200,15,0,0,0,3,7,6,1,0,0,0,0,200,200,1,0,200,0,200,200
0,200,30,0,0,0,1,12,6,200,0,0,0,0,200,200,200,21,200,0,31,200
0,200,30,0,0,0,1,12,6,200,0,0,0,0,200,200,200,21,200,1,34,200
0,200,30,0,0,0,1,7,5,2,0,0,0,1,200,200,200,12,12,0,26,200
0,200,30,1,2,0,1,10,5,2,0,0,0,0,1,200,200,0,18,1,34,200
0,200,30,1,2,0,1,10,5,2,0,0,0,0,1,200,200,0,18,0,56,200
0,200,0,0,0,200,200,7,5,200,0,200,0,1,200,200,1,0,200,2,200,200
0,200,30,1,2,0,1,9,2,200,0,0,0,1,200,200,0,17,0,2,200,200
5,200,30,1,2,0,1,9,2,200,0,0,0,1,200,200,0,17,0,1,30,200
0,200,30,0,0,0,2,7,6,1,0,0,0,0,200,200,200,18,20,1,25,200
1,200,30,0,0,0,2,7,6,1,0,0,0,0,200,200,200,18,20,0,34,200
0,200,30,1,1,0,1,10,5,4,0,0,0,0,200,200,200,0,18,0,200,200
0,200,30,1,1,0,1,10,5,4,0,0,0,0,200,200,200,0,18,0,21,200
0,200,30,0,0,0,1,2,5,4,0,0,0,1,200,200,200,0,0,0,68,200
0,200,30,0,0,0,0,7,7,0,0,0,0,0,200,200,1,20,20,1,200,200
3,200,30,0,0,0,1,2,3,2,3,0,0,1,200,1,200,4,28,0,200,200
0,200,30,0,0,0,1,2,3,2,3,0,0,1,200,1,200,4,28,1,20,200
0,200,25,0,0,0,1,2,2,2,0,0,0,0,200,200,200,11,0,0,32,200
0,200,30,0,0,0,3,7,2,2,0,0,0,0,200,200,1,0,200,2,200,200
0,200,30,0,0,0,1,10,5,4,0,0,200,0,200,200,1,18,22,2,200,200
0,200,30,0,0,0,1,10,5,4,0,0,200,0,200,200,1,18,22,1,47,200
0,1,30,200,200,0,3,2,6,1,0,0,3,1,200,200,1,16,0,2,200,200
0,1,30,10,2,0,3,2,6,1,0,0,0,0,200,1,1,0,0,2,200,200
0,200,30,0,0,0,1,5,5,2,0,0,0,0,200,1,200,20,200,0,29,200
0,200,10,0,0,0,1,2,0,200,2,0,0,1,200,200,200,14,200,0,64,200
0,200,30,0,0,0,2,7,7,200,0,200,200,0,200,200,1,0,200,0,200,200
1,200,30,0,0,0,2,7,7,200,0,200,200,0,200,200,1,0,200,0,61,200
0,200,30,1,2,0,1,12,5,5,0,0,0,0,200,200,200,18,22,0,70,200
0,200,30,1,2,0,1,12,5,5,0,0,0,0,200,200,200,18,22,1,67,200
1,200,30,1,2,0,1,12,5,5,0,0,0,0,200,200,200,18,22,0,68,200
0,200,30,2,0,0,1,2,6,2,0,0,0,0,200,200,200,0,0,0,0,200
1,200,30,2,0,0,1,2,6,2,0,0,0,0,200,200,200,0,0,0,200,200
0,200,30,0,0,0,1,10,7,200,0,200,200,0,200,1,200,20,200,0,200,200
0,200,30,0,0,0,1,10,7,200,0,200,200,0,200,1,200,20,200,0,29,200
0,200,25,0,0,0,1,7,6,200,0,0,0,0,200,200,1,0,0,2,200,200
0,200,30,0,0,0,1,10,5,200,0,0,0,0,200,200,200,18,0,0,200,200
0,200,30,0,0,0,1,10,5,200,0,0,0,0,200,200,200,18,0,1,44,200
1,200,30,0,0,0,1,10,5,200,0,0,0,0,200,200,200,18,0,1,200,200
0,200,30,0,0,0,1,7,5,2,0,0,0,0,200,200,200,15,11,2,200,200
0,200,20,0,0,0,1,7,6,200,0,0,0,0,200,200,200,14,20,0,42,200
1,200,20,0,0,0,1,7,6,200,0,0,0,0,200,200,200,14,20,1,43,200
0,200,15,0,0,0,1,0,7,2,0,0,0,0,200,200,200,17,11,1,40,200
0,200,15,0,0,0,1,0,7,2,0,0,0,0,200,200,200,17,11,0,30,200
1,200,15,0,0,0,1,0,7,2,0,0,0,0,200,200,200,17,11,1,35,200
1,200,15,0,0,0,1,0,7,2,0,0,0,0,200,200,200,17,11,1,14,200
1,200,15,0,0,0,1,0,7,2,0,0,0,0,200,200,200,17,11,1,11,200
1,200,15,0,0,0,1,0,7,2,0,0,0,0,200,200,200,17,11,1,26,200
1,200,15,0,0,0,1,0,7,2,0,0,0,0,200,200,200,17,11,0,5,200
0,200,15,0,0,0,1,7,7,200,0,0,3,0,200,200,1,0,0,2,200,200
0,200,25,0,0,0,1,8,5,2,0,0,0,0,200,200,200,0,200,1,51,200
4,200,25,0,0,0,1,8,5,2,0,0,0,0,200,200,200,0,200,0,56,200
0,200,20,0,0,0,0,7,6,1,0,0,0,0,200,200,1,20,0,2,200,200
0,200,30,2,0,2,1,7,5,1,0,0,0,1,1,200,200,5,25,0,37,200
0,200,30,1,2,0,1,12,5,2,0,0,0,0,200,200,1,0,0,1,200,200
0,200,30,1,2,0,1,12,5,2,0,0,0,0,200,200,1,0,0,0,36,200
0,200,30,0,0,0,1,10,5,2,0,0,0,0,200,200,200,18,200,1,24,200
0,200,30,0,0,0,1,10,5,2,0,0,0,0,200,200,200,18,200,0,47,200
0,200,30,0,0,0,1,8,5,4,0,0,0,1,200,200,1,200,200,2,200,200
4,200,30,0,0,0,1,8,5,4,0,0,0,1,200,200,1,200,200,0,14,200
0,200,30,1,2,0,1,14,6,200,0,0,0,0,1,200,1,23,200,1,200,200
0,200,30,1,2,0,1,14,6,200,0,0,0,0,1,200,1,23,200,0,53,200
0,200,25,2,2,0,1,7,5,200,0,0,0,0,200,200,1,0,0,2,200,200
0,200,30,0,0,200,200,7,12,1,0,200,0,0,200,200,200,0,0,2,200,200
0,200,30,1,2,0,1,10,3,4,0,0,0,0,200,200,200,200,200,1,34,200
0,200,30,1,2,0,1,10,3,4,0,0,0,0,200,200,200,200,200,0,42,200
0,200,30,0,0,0,1,10,2,4,0,0,0,0,200,200,1,18,0,0,200,200
0,200,30,0,0,0,1,10,2,4,0,0,0,0,200,200,1,18,0,0,51,200
1,200,30,0,0,0,1,10,2,4,0,0,0,0,200,200,1,18,0,1,200,200
0,200,30,0,0,0,1,14,5,2,0,0,0,0,200,200,200,0,0,1,25,200
0,200,30,0,0,0,1,14,5,2,0,0,0,0,200,200,200,0,0,1,24,200
0,1,30,0,0,0,4,7,7,200,0,0,0,0,200,200,1,25,200,2,200,200
0,200,30,200,200,0,1,10,5,4,0,0,200,0,200,200,200,200,200,0,20,200
0,200,30,200,200,0,1,10,5,4,0,0,200,0,200,200,200,200,200,0,19,200
1,200,30,200,200,0,1,10,5,4,0,0,200,0,200,200,200,200,200,1,55,200
1,200,30,200,200,0,1,10,5,4,0,0,200,0,200,200,200,200,200,1,55,200
0,200,30,0,0,0,1,12,5,4,0,0,0,0,200,200,200,21,200,1,33,200
0,200,30,0,0,0,1,12,5,4,0,0,0,0,200,200,200,21,200,0,44,200
1,200,30,0,0,0,1,12,5,4,0,0,0,0,200,200,200,21,200,200,200,200
1,200,30,0,0,0,1,12,5,4,0,0,0,0,200,200,200,21,200,200,200,200
1,200,30,0,0,0,1,12,5,4,0,0,0,0,200,200,200,21,200,200,200,200
1,200,30,0,0,0,1,12,5,4,0,0,0,0,200,200,200,21,200,200,200,200
1,200,30,0,0,0,1,12,5,4,0,0,0,0,200,200,200,21,200,200,200,200
0,200,30,200,200,0,1,7,5,2,0,0,200,0,200,200,1,200,200,2,200,200
0,200,30,0,0,0,1,0,5,2,0,0,0,0,200,200,200,17,33,0,34,200
0,200,30,0,0,0,1,0,5,2,0,0,0,0,200,200,200,17,33,0,61,200
1,200,30,0,0,0,1,0,5,2,0,0,0,0,200,200,200,17,33,1,34,200
1,200,30,0,0,0,1,0,5,2,0,0,0,0,200,200,200,17,33,1,3,200
0,200,25,2,2,0,1,0,5,2,0,0,0,0,1,200,200,5,200,1,200,200
0,200,25,2,2,0,1,0,5,2,0,0,0,0,1,200,200,5,200,0,44,200
0,200,30,0,0,0,1,7,2,2,0,0,0,0,200,200,200,200,200,0,49,200
1,200,30,0,0,0,1,7,2,2,0,0,0,0,200,200,200,200,200,0,29,200
0,200,0,0,0,0,1,7,7,200,0,0,0,0,200,200,1,0,0,2,200,200
1,200,0,0,0,0,1,7,7,200,0,0,0,0,200,200,1,0,0,2,200,200
1,200,0,0,0,0,1,7,7,200,0,0,0,0,200,200,1,0,0,2,200,200
1,200,0,0,0,0,1,7,7,200,0,0,0,0,200,200,1,0,0,2,200,200
0,200,30,0,0,0,1,7,6,1,0,0,0,0,200,200,1,0,0,2,200,200
0,1,20,2,2,0,1,0,5,1,0,0,0,0,200,200,200,0,0,0,39,200
0,1,20,2,2,0,1,0,5,1,0,0,0,0,200,200,200,0,0,1,22,200
0,200,30,2,2,0,1,0,5,2,0,0,0,1,1,200,200,0,200,1,22,200
0,200,30,2,2,0,1,0,5,2,0,0,0,1,1,200,200,0,200,1,55,200
1,200,30,2,2,0,1,0,5,2,0,0,0,1,1,200,200,0,200,200,200,200
0,200,25,0,0,0,1,7,6,1,0,0,0,0,200,200,200,0,0,0,35,200
0,1,25,2,0,0,3,7,5,2,0,0,0,0,200,200,1,0,0,2,200,200
0,200,30,1,2,0,1,10,5,4,0,0,0,1,200,200,200,16,0,0,42,200
0,200,30,1,2,0,1,10,5,4,0,0,0,1,200,200,200,16,0,0,58,200
0,1,20,0,0,0,200,7,7,1,0,0,0,0,200,200,1,0,0,2,200,200
0,200,30,0,0,200,200,7,5,2,0,200,0,0,200,200,1,0,200,2,200,200
0,200,30,0,0,0,3,7,6,1,0,0,0,0,200,200,1,0,0,2,200,200
0,200,30,1,2,0,1,14,8,2,0,0,200,0,200,200,200,21,200,1,21,200
0,200,30,1,2,0,1,14,8,2,0,0,200,0,200,200,200,21,200,0,24,200
1,200,30,1,2,0,1,14,8,2,0,0,200,0,200,200,200,21,200,1,200,200
0,200,30,0,0,0,1,10,2,2,0,0,0,0,200,200,1,0,200,1,200,200
0,200,30,0,0,0,1,10,2,2,0,0,0,0,200,200,1,0,200,1,51,200
0,200,30,1,200,0,3,14,200,2,0,200,200,0,1,200,200,0,0,0,200,200
0,200,30,1,200,0,3,14,200,2,0,200,200,0,1,200,200,0,0,0,22,200
0,200,30,1,2,0,1,12,2,2,0,0,0,0,200,200,1,22,21,0,200,200
0,200,30,1,2,0,1,12,2,2,0,0,0,0,200,200,1,22,21,1,24,200
1,200,30,1,2,0,1,12,2,2,0,0,0,0,200,200,1,22,21,1,5,200
0,200,35,2,2,0,1,0,5,2,0,0,0,1,1,200,1,0,0,0,200,200
0,200,35,2,2,0,1,0,5,2,0,0,0,1,1,200,1,0,0,0,76,200
0,200,30,0,0,0,1,2,5,2,0,0,0,0,200,200,1,0,200,1,200,200
0,200,30,0,0,0,1,12,2,2,0,0,0,0,200,200,1,22,200,1,200,200
0,200,30,0,0,0,1,12,2,2,0,0,0,0,200,200,1,22,200,0,34,200
0,200,30,0,0,0,1,7,6,3,0,0,0,0,200,200,0,20,200,0,39,200
0,200,35,1,2,0,1,10,3,200,0,0,0,1,0,200,200,16,12,0,43,200
0,200,35,1,2,0,1,10,3,200,0,0,0,1,0,200,200,16,12,1,40,200
0,200,35,0,0,0,1,12,5,200,0,0,0,1,200,200,200,25,21,0,23,200
0,200,35,0,0,0,1,12,5,200,0,0,0,1,200,200,200,25,21,0,35,200
0,200,30,0,0,0,1,7,4,0,3,0,0,0,200,200,0,11,200,0,55,200
0,200,10,0,0,0,1,2,7,200,0,0,0,0,200,1,200,200,200,1,62,200
0,200,30,1,2,0,1,11,5,200,0,0,0,1,200,200,1,21,14,0,200,200
0,200,30,1,2,0,1,11,5,200,0,0,0,1,200,200,1,21,14,0,49,200
0,200,30,1,2,0,1,11,5,200,0,0,0,1,200,200,1,21,14,1,27,200
1,200,30,1,2,0,1,11,5,200,0,0,0,1,200,200,1,21,14,1,200,200
0,200,30,0,0,0,1,10,2,4,0,0,0,0,200,200,1,17,20,2,200,200
0,200,30,0,0,0,1,10,2,4,0,0,0,0,200,200,1,17,20,1,52,200
0,1,20,0,0,200,200,7,5,200,0,200,0,0,200,200,1,0,200,2,200,200