PERSON_TYPE,CRASH_DATE_EST_I,POSTED_SPEED_LIMIT,TRAFFIC_CONTROL_DEVICE,DEVICE_CONDITION,WEATHER_CONDITION,LIGHTING_CONDITION,FIRST_CRASH_TYPE,TRAFFICWAY_TYPE,LANE_CNT,ALIGNMENT,ROADWAY_SURFACE_COND,ROAD_DEFECT,CRASH_TYPE,INTERSECTION_RELATED_I,NOT_RIGHT_OF_WAY_I,HIT_AND_RUN_I,PRIM_CONTRIBUTORY_CAUSE,SEC_CONTRIBUTORY_CAUSE,SEX,AGE,BAC_RESULT VALUE
0,200,35,0,0,0,1,12,2,4,0,0,0,0,200,200,1,0,0,0,29,200
1,200,35,0,0,0,1,12,2,4,0,0,0,0,200,200,1,0,0,1,10,200
0,1,25,0,0,200,200,7,6,1,0,200,200,1,200,200,1,0,0,2,200,200
0,200,30,1,2,0,1,14,5,200,0,0,200,0,200,200,200,0,200,0,29,200
0,200,30,1,2,0,1,14,5,200,0,0,200,0,200,200,200,0,200,0,25,200
1,200,30,1,2,0,1,14,5,200,0,0,200,0,200,200,200,0,200,0,200,200
0,1,30,0,3,0,1,14,2,4,0,0,0,0,200,200,1,25,25,0,200,200
0,1,30,0,3,0,1,14,2,4,0,0,0,0,200,200,1,25,25,0,44,200
1,1,30,0,3,0,1,14,2,4,0,0,0,0,200,200,1,25,25,1,36,200
1,1,30,0,3,0,1,14,2,4,0,0,0,0,200,200,1,25,25,0,4,200
1,1,30,0,3,0,1,14,2,4,0,0,0,0,200,200,1,25,25,200,12,200
1,1,30,0,3,0,1,14,2,4,0,0,0,0,200,200,1,25,25,0,11,200
0,200,30,0,0,0,4,14,5,4,0,0,0,0,200,200,200,23,200,1,24,200
0,200,30,0,0,0,4,14,5,4,0,0,0,0,200,200,200,23,200,0,26,200
1,200,30,0,0,0,4,14,5,4,0,0,0,0,200,200,200,23,200,1,21,200
0,200,30,1,2,0,3,10,5,2,0,0,0,1,200,200,1,11,0,0,200,200
0,200,30,1,2,0,3,10,5,2,0,0,0,1,200,200,1,11,0,1,21,200
0,200,30,1,2,0,3,10,5,2,0,0,0,1,200,200,1,11,0,0,58,200
1,200,30,1,2,0,3,10,5,2,0,0,0,1,200,200,1,11,0,1,13,200
1,200,30,1,2,0,3,10,5,2,0,0,0,1,200,200,1,11,0,1,11,200
1,200,30,1,2,0,3,10,5,2,0,0,0,1,200,200,1,11,0,0,8,200
1,200,30,1,2,0,3,10,5,2,0,0,0,1,200,200,1,11,0,1,7,200
1,200,30,1,2,0,3,10,5,2,0,0,0,1,200,200,1,11,0,1,44,200
1,200,30,1,2,0,3,10,5,2,0,0,0,1,200,200,1,11,0,1,8,200
0,200,30,1,2,0,3,12,2,2,0,0,0,0,200,200,200,21,200,0,29,200
0,200,30,1,2,0,3,12,2,2,0,0,0,0,200,200,200,21,200,0,31,200
0,200,30,1,2,0,1,10,1,200,0,0,0,0,1,200,200,18,32,0,66,200
0,200,30,1,2,0,1,10,1,200,0,0,0,0,1,200,200,18,32,1,31,200
0,200,30,0,0,0,4,12,5,200,0,0,0,1,200,200,200,22,16,0,38,200
0,200,30,0,0,0,4,12,5,200,0,0,0,1,200,200,200,22,16,0,31,200
0,200,10,0,0,0,4,7,7,10,2,0,200,0,200,1,1,0,0,2,200,200
0,200,30,1,2,0,3,12,6,3,0,0,0,0,200,200,200,23,0,1,25,200
0,200,30,1,2,0,3,12,6,3,0,0,0,0,200,200,200,23,0,0,0,200
1,200,30,1,2,0,3,12,6,3,0,0,0,0,200,200,200,23,0,0,39,200
0,200,30,0,0,0,1,12,5,2,0,0,0,0,200,200,1,0,0,2,200,200
0,200,30,0,0,0,1,12,5,2,0,0,0,0,200,200,1,0,0,1,24,200
0,200,30,0,0,0,0,10,2,2,0,0,0,1,200,200,1,0,0,2,200,200
0,200,30,0,0,0,0,10,2,2,0,0,0,1,200,200,1,0,0,1,55,200
1,200,30,0,0,0,0,10,2,2,0,0,0,1,200,200,1,0,0,1,200,200
1,200,30,0,0,0,0,10,2,2,0,0,0,1,200,200,1,0,0,0,36,200
0,200,30,0,200,200,200,7,5,200,0,200,0,0,200,200,1,0,0,2,200,200
0,200,30,0,0,0,1,10,5,200,0,0,0,0,200,200,200,0,0,0,25,200
0,200,30,0,0,0,1,10,5,200,0,0,0,0,200,200,200,0,0,1,35,200
1,200,30,0,0,0,1,10,5,200,0,0,0,0,200,200,200,0,0,1,35,200
1,200,30,0,0,0,1,10,5,200,0,0,0,0,200,200,200,0,0,0,41,200
1,200,30,0,0,0,1,10,5,200,0,0,0,0,200,200,200,0,0,1,3,200
1,200,30,0,0,0,1,10,5,200,0,0,0,0,200,200,200,0,0,0,6,200
1,200,30,0,0,0,1,10,5,200,0,0,0,0,200,200,200,0,0,0,8,200
1,200,30,0,0,0,1,10,5,200,0,0,0,0,200,200,200,0,0,1,10,200
0,200,30,0,0,0,3,14,5,4,0,0,200,0,1,200,1,17,25,0,200,200
0,200,30,0,0,0,3,14,5,4,0,0,200,0,1,200,1,17,25,0,33,200
0,200,30,0,0,200,3,7,5,2,0,0,0,0,200,200,1,0,200,2,200,200
0,200,25,2,2,0,0,0,5,2,0,0,0,0,200,200,200,17,200,0,26,200
0,200,25,2,2,0,0,0,5,2,0,0,0,0,200,200,200,17,200,1,20,200
1,200,25,2,2,0,0,0,5,2,0,0,0,0,200,200,200,17,200,1,33,200
1,200,25,2,2,0,0,0,5,2,0,0,0,0,200,200,200,17,200,1,2,200
1,200,25,2,2,0,0,0,5,2,0,0,0,0,200,200,200,17,200,1,200,200
0,0,35,0,200,0,3,12,2,4,0,0,0,1,0,200,200,14,15,0,35,200
0,0,35,0,200,0,3,12,2,4,0,0,0,1,0,200,200,14,15,1,21,200
1,0,35,0,200,0,3,12,2,4,0,0,0,1,0,200,200,14,15,0,6,200
1,0,35,0,200,0,3,12,2,4,0,0,0,1,0,200,200,14,15,0,3,200
0,200,30,0,0,0,1,0,0,200,0,0,0,0,200,200,200,16,0,0,65,200
0,200,30,0,0,0,1,0,0,200,0,0,0,0,200,200,200,16,0,1,22,200
0,200,15,0,0,0,3,7,5,200,0,0,0,0,200,200,200,27,0,1,33,200
0,200,30,0,0,0,3,12,7,1,0,0,0,0,200,200,200,0,0,0,25,200
0,200,30,0,0,0,3,12,7,1,0,0,0,0,200,200,200,0,0,1,46,200
0,0,30,0,0,0,200,7,6,1,0,0,0,0,200,200,1,0,0,2,200,200
0,200,30,2,2,0,1,14,2,6,0,0,0,1,200,200,200,17,0,1,30,200
0,200,30,2,2,0,1,14,2,6,0,0,0,1,200,200,200,17,0,0,23,200
1,200,30,2,2,0,1,14,2,6,0,0,0,1,200,200,200,17,0,1,200,200
0,200,30,1,2,0,3,14,5,4,0,0,0,0,1,200,200,16,11,0,85,200
0,200,30,1,2,0,3,14,5,4,0,0,0,0,1,200,200,16,11,0,25,200
1,200,30,1,2,0,3,14,5,4,0,0,0,0,1,200,200,16,11,1,79,200
1,200,30,1,2,0,3,14,5,4,0,0,0,0,1,200,200,16,11,0,74,200
0,200,30,200,200,0,2,10,5,4,0,0,200,0,200,200,1,200,0,2,200,200
0,200,30,200,200,0,2,10,5,4,0,0,200,0,200,200,1,200,0,0,35,200
1,200,30,200,200,0,2,10,5,4,0,0,200,0,200,200,1,200,0,1,200,200
0,200,30,2,2,0,3,10,6,200,0,0,0,0,200,200,200,16,200,0,38,200
0,200,30,2,2,0,3,10,6,200,0,0,0,0,200,200,200,16,200,1,35,200
0,200,30,0,0,0,3,11,5,200,0,0,0,0,200,200,200,16,200,1,30,200
0,200,30,0,0,0,3,11,5,200,0,0,0,0,200,200,200,16,200,1,32,200
0,200,30,200,200,0,200,2,200,200,0,0,200,0,200,200,200,200,0,1,43,200
1,200,30,12,12,0,1,12,6,1,0,0,0,0,200,200,200,200,7,1,28,200
0,200,30,12,12,0,1,12,6,1,0,0,0,0,200,200,200,200,7,0,47,200
0,200,30,12,12,0,1,12,6,1,0,0,0,0,200,200,200,200,7,1,24,200
1,200,30,12,12,0,1,12,6,1,0,0,0,0,200,200,200,200,7,1,24,200
0,1,25,2,0,0,3,0,5,200,0,0,0,1,1,200,200,200,200,0,46,200
0,1,25,2,0,0,3,0,5,200,0,0,0,1,1,200,200,200,200,1,27,200
1,1,25,2,0,0,3,0,5,200,0,0,0,1,1,200,200,200,200,0,26,200
1,1,25,2,0,0,3,0,5,200,0,0,0,1,1,200,200,200,200,0,26,200
1,1,25,2,0,0,3,0,5,200,0,0,0,1,1,200,200,200,200,1,4,200
0,200,30,1,2,0,3,10,1,5,0,0,0,0,200,200,200,6,18,2,200,200
0,200,30,1,2,0,3,10,1,5,0,0,0,0,200,200,200,6,18,0,27,200
0,200,30,1,2,0,3,10,1,5,0,0,0,0,200,200,200,6,18,0,44,200
0,200,35,1,2,0,0,10,5,4,0,0,0,0,200,200,200,0,0,1,29,200
0,200,35,1,2,0,0,10,5,4,0,0,0,0,200,200,200,0,0,0,200,200
1,200,35,1,2,0,0,10,5,4,0,0,0,0,200,200,200,0,0,0,200,200
1,200,35,1,2,0,0,10,5,4,0,0,0,0,200,200,200,0,0,1,200,200
0,200,30,2,2,0,3,0,5,200,0,0,0,1,200,200,1,5,200,1,200,200
0,200,30,2,2,0,3,0,5,200,0,0,0,1,200,200,1,5,200,0,23,200
0,200,30,1,2,0,3,10,5,2,0,0,0,0,1,200,0,20,200,1,200,200
0,200,30,1,2,0,3,10,5,2,0,0,0,0,1,200,0,20,200,0,69,200
0,200,30,1,2,0,1,10,2,4,0,0,0,0,200,200,1,16,0,2,200,200
0,200,30,1,2,0,1,10,2,4,0,0,0,0,200,200,1,16,0,1,50,200
0,200,30,0,0,0,0,12,5,4,0,0,200,0,200,200,1,17,0,2,200,200
0,200,30,0,0,0,0,12,5,4,0,0,200,0,200,200,1,17,0,0,44,200
0,200,30,1,2,0,3,10,5,2,0,0,0,0,1,200,200,18,27,1,25,200
0,200,30,1,2,0,3,10,5,2,0,0,0,0,1,200,200,18,27,0,28,200
0,200,30,1,2,0,3,14,5,200,0,0,0,0,200,200,200,0,0,0,200,200
0,200,30,1,2,0,3,14,5,200,0,0,0,0,200,200,200,0,0,0,26,200
0,200,30,0,0,0,3,10,6,1,0,0,0,0,200,200,1,16,200,0,200,200
0,200,30,0,0,0,3,10,6,1,0,0,0,0,200,200,1,16,200,0,24,200
1,200,30,0,0,0,3,10,6,1,0,0,0,0,200,200,1,16,200,1,200,200
0,200,10,0,0,0,3,10,0,200,0,0,3,0,200,200,200,20,200,0,57,200
0,200,10,0,0,0,3,10,0,200,0,0,3,0,200,200,200,20,200,1,32,200
0,200,30,1,2,0,3,10,1,2,0,0,0,1,1,200,1,0,0,0,200,200
0,200,30,1,2,0,3,10,1,2,0,0,0,1,1,200,1,0,0,0,42,200
0,200,30,0,0,0,3,12,2,2,0,0,0,0,200,200,1,21,200,2,200,200
0,200,30,0,0,0,3,12,2,2,0,0,0,0,200,200,1,21,200,0,28,200
0,200,30,2,12,0,3,14,5,2,0,0,0,0,1,200,200,0,200,1,61,200
0,200,30,2,12,0,3,14,5,2,0,0,0,0,1,200,200,0,200,1,31,200
1,200,30,2,12,0,3,14,5,2,0,0,0,0,1,200,200,0,200,0,54,200
0,200,10,0,0,0,0,7,7,200,0,0,0,0,200,1,1,20,0,0,200,200
1,200,10,0,0,0,0,7,7,200,0,0,0,0,200,1,1,20,0,1,36,200
0,1,30,0,0,0,3,10,12,2,0,0,0,0,200,200,1,25,18,0,200,200
0,1,30,0,0,0,3,10,12,2,0,0,0,0,200,200,1,25,18,0,51,200
1,1,30,0,0,0,3,10,12,2,0,0,0,0,200,200,1,25,18,0,200,200
0,200,30,0,0,0,0,3,5,2,0,0,0,1,200,200,200,0,0,0,41,200
0,200,30,0,0,0,0,3,5,2,0,0,0,1,200,200,200,0,0,1,21,200
1,200,30,0,0,0,0,3,5,2,0,0,0,1,200,200,200,0,0,1,20,200
0,200,30,1,2,0,3,14,3,200,0,0,0,0,200,200,1,0,0,0,200,200
0,200,30,1,2,0,3,14,3,200,0,0,0,0,200,200,1,0,0,1,23,200
1,200,30,1,2,0,3,14,3,200,0,0,0,0,200,200,1,0,0,0,24,200
0,200,30,1,2,0,3,10,5,4,0,0,0,1,200,200,200,0,200,0,62,200
0,200,30,1,2,0,3,10,5,4,0,0,0,1,200,200,200,0,200,0,32,200
0,200,30,1,2,0,2,14,2,4,0,0,0,1,1,200,200,6,200,0,200,200
0,200,30,1,2,0,2,14,2,4,0,0,0,1,1,200,200,6,200,0,64,200
0,200,30,1,2,0,2,14,2,4,0,0,0,1,1,200,200,6,200,0,33,200
1,200,30,1,2,0,2,14,2,4,0,0,0,1,1,200,200,6,200,0,25,200
1,200,30,1,2,0,2,14,2,4,0,0,0,1,1,200,200,6,200,0,35,200
1,200,30,1,2,0,2,14,2,4,0,0,0,1,1,200,200,6,200,0,25,200
1,200,30,1,2,0,2,14,2,4,0,0,0,1,1,200,200,6,200,200,200,200
1,200,30,1,2,0,2,14,2,4,0,0,0,1,1,200,200,6,200,0,200,200
1,200,30,1,2,0,2,14,2,4,0,0,0,1,1,200,200,6,200,0,51,200
1,200,30,1,2,0,2,14,2,4,0,0,0,1,1,200,200,6,200,0,34,200
1,200,30,1,2,0,2,14,2,4,0,0,0,1,1,200,200,6,200,0,53,200
1,200,30,1,2,0,2,14,2,4,0,0,0,1,1,200,200,6,200,1,30,200
1,200,30,1,2,0,2,14,2,4,0,0,0,1,1,200,200,6,200,0,58,200
0,200,30,1,2,0,1,0,2,2,0,0,0,1,1,200,1,6,0,0,34,200
0,200,30,1,2,0,1,0,2,2,0,0,0,1,1,200,1,6,0,0,52,200
1,200,30,1,2,0,1,0,2,2,0,0,0,1,1,200,1,6,0,0,31,200
0,200,30,0,0,0,4,2,5,2,0,0,0,1,200,200,1,200,200,0,200,200
0,200,30,0,0,0,3,7,6,1,0,0,0,0,200,200,1,0,0,0,33,200
0,200,30,0,0,0,1,14,1,6,0,0,0,0,200,200,200,200,17,0,50,200
0,200,30,0,0,0,1,14,1,6,0,0,0,0,200,200,200,200,17,0,32,200
0,200,30,0,0,0,1,10,5,200,0,0,0,0,200,200,200,0,0,0,43,200
0,200,30,0,0,0,1,10,5,200,0,0,0,0,200,200,200,0,0,0,200,200
1,200,30,0,0,0,1,10,5,200,0,0,0,0,200,200,200,0,0,0,34,200
0,200,30,0,0,0,1,10,5,200,0,0,0,0,200,200,200,18,18,0,56,200
0,200,30,0,0,0,1,10,5,200,0,0,0,0,200,200,200,18,18,0,65,200
0,200,35,1,2,0,1,10,5,4,0,0,0,0,200,200,200,0,0,0,46,200
0,200,35,1,2,0,1,10,5,4,0,0,0,0,200,200,200,0,0,1,39,200
0,200,30,0,0,0,1,12,2,6,0,0,0,0,1,200,200,22,16,1,40,200
0,200,30,0,0,0,1,12,2,6,0,0,0,0,1,200,200,22,16,1,36,200
0,200,30,0,0,0,1,12,2,4,0,0,0,0,200,200,200,22,0,0,19,200
0,200,30,0,0,0,1,12,2,4,0,0,0,0,200,200,200,22,0,0,34,200
0,200,30,2,2,0,1,10,5,200,0,0,0,0,1,200,200,18,16,0,25,200
0,200,30,2,2,0,1,10,5,200,0,0,0,0,1,200,200,18,16,0,45,200
0,200,30,2,2,0,1,10,5,200,0,0,0,0,1,200,200,18,16,1,43,200
0,200,30,1,2,0,1,12,2,2,0,0,0,0,200,200,1,17,17,0,200,200
0,200,30,1,2,0,1,12,2,2,0,0,0,0,200,200,1,17,17,0,34,200
0,200,30,1,1,0,1,14,2,200,0,0,1,1,1,200,200,17,200,1,55,200
0,200,30,1,1,0,1,14,2,200,0,0,1,1,1,200,200,17,200,0,24,200
0,200,30,0,0,0,1,12,5,200,0,0,12,0,200,200,1,0,200,2,200,200
0,200,30,0,0,0,1,12,5,200,0,0,12,0,200,200,1,0,200,1,55,200
4,200,30,0,0,0,1,8,5,2,0,0,0,1,200,200,200,200,200,0,18,200
0,200,30,1,2,0,2,9,5,4,0,0,200,0,200,200,1,0,200,1,200,200
5,200,30,1,2,0,2,9,5,4,0,0,200,0,200,200,1,0,200,0,52,200
0,1,30,1,2,0,1,10,5,3,0,0,200,0,1,200,1,18,200,1,50,200
0,1,30,1,2,0,1,10,5,3,0,0,200,0,1,200,1,18,200,0,200,200
0,200,30,1,200,200,200,12,5,4,0,200,200,0,1,200,200,16,0,0,34,200
0,200,30,1,200,200,200,12,5,4,0,200,200,0,1,200,200,16,0,0,65,200
0,200,30,0,0,0,1,10,2,200,0,0,0,0,200,200,200,0,0,1,24,200
0,200,30,0,0,0,1,10,2,200,0,0,0,0,200,200,200,0,0,0,200,200
0,200,30,0,0,0,1,12,6,2,0,0,0,0,200,200,200,200,200,0,29,200
0,200,30,0,0,0,1,12,6,2,0,0,0,0,200,200,200,200,200,0,50,200
0,200,30,1,2,0,1,9,5,2,0,0,0,1,1,200,200,0,0,0,22,200
5,200,30,1,2,0,1,9,5,2,0,0,0,1,1,200,200,0,0,0,28,200
0,200,15,0,0,0,1,7,5,2,0,0,0,0,200,200,1,0,0,2,200,200
0,200,30,0,0,200,200,12,5,2,0,200,0,1,1,200,200,0,0,0,46,200
0,200,30,0,0,200,200,12,5,2,0,200,0,1,1,200,200,0,0,1,200,200
0,200,35,0,0,0,1,12,5,4,0,0,0,0,200,200,200,0,0,1,25,200
0,200,35,0,0,0,1,12,5,4,0,0,0,0,200,200,200,0,0,0,76,200
0,200,30,1,2,0,1,10,5,200,0,0,0,0,200,200,200,18,18,0,65,200
0,200,30,1,2,0,1,10,5,200,0,0,0,0,200,200,200,18,18,1,34,200
1,200,30,1,2,0,1,10,5,200,0,0,0,0,200,200,200,18,18,1,200,200
0,200,30,0,0,0,1,10,2,2,0,0,0,0,200,200,200,18,11,0,18,200
0,200,30,0,0,0,1,10,2,2,0,0,0,0,200,200,200,18,11,0,0,200
0,200,30,1,1,0,1,10,2,4,0,0,0,0,200,200,200,7,200,0,47,200
0,200,30,1,1,0,1,10,2,4,0,0,0,0,200,200,200,7,200,1,41,200
0,200,30,0,0,0,1,10,2,2,0,0,0,0,200,200,200,0,0,0,41,200
0,200,30,0,0,0,1,10,2,2,0,0,0,0,200,200,200,0,0,0,37,200
0,200,30,0,0,0,1,12,5,200,0,0,0,1,200,200,200,11,200,0,54,200
0,200,30,0,0,0,1,12,5,200,0,0,0,1,200,200,200,11,200,1,53,200
1,200,30,0,0,0,1,12,5,200,0,0,0,1,200,200,200,11,200,1,20,200
1,200,30,0,0,0,1,12,5,200,0,0,0,1,200,200,200,11,200,1,0,200
0,200,30,1,2,0,1,8,5,4,2,0,0,0,200,200,1,0,0,2,200,200
4,200,30,1,2,0,1,8,5,4,2,0,0,0,200,200,1,0,0,0,22,200
0,200,30,0,0,0,1,12,5,2,0,0,0,0,200,200,200,22,200,0,25,200
0,200,30,0,0,0,1,12,5,2,0,0,0,0,200,200,200,22,200,0,30,200
0,200,30,1,2,0,1,10,2,2,0,0,0,1,1,200,200,6,16,0,45,200
0,200,30,1,2,0,1,10,2,2,0,0,0,1,1,200,200,6,16,1,57,200
1,200,30,1,2,0,1,10,2,2,0,0,0,1,1,200,200,6,16,0,23,200
0,200,30,1,2,0,1,10,2,200,0,0,0,0,200,1,200,18,20,0,61,200
0,200,30,1,2,0,1,10,2,200,0,0,0,0,200,1,200,18,20,1,37,200
0,1,30,0,0,0,1,12,6,2,0,0,0,0,200,200,200,11,0,1,55,200
0,1,30,0,0,0,1,12,6,2,0,0,0,0,200,200,200,11,0,0,39,200
0,200,30,0,0,0,1,7,5,2,0,0,0,0,200,200,200,28,28,0,59,200
0,200,30,2,2,0,1,0,5,2,0,0,0,0,200,200,200,17,17,1,57,200
0,200,30,2,2,0,1,0,5,2,0,0,0,0,200,200,200,17,17,1,32,200
0,200,30,1,2,0,1,12,2,200,0,0,0,0,1,200,200,22,200,0,40,200
0,200,30,1,2,0,1,12,2,200,0,0,0,0,1,200,200,22,200,0,32,200
1,200,30,1,2,0,1,12,2,200,0,0,0,0,1,200,200,22,200,0,1,200
1,200,30,1,2,0,1,12,2,200,0,0,0,0,1,200,200,22,200,1,32,200
0,200,30,2,2,0,1,14,5,2,0,0,0,0,1,200,200,0,0,1,29,200
0,200,30,2,2,0,1,14,5,2,0,0,0,0,1,200,200,0,0,1,34,200
0,200,30,0,0,0,1,8,5,2,0,0,0,1,200,200,200,0,0,0,39,200
4,200,30,0,0,0,1,8,5,2,0,0,0,1,200,200,200,0,0,1,12,200
0,200,30,2,2,0,1,14,5,200,0,0,0,1,1,200,1,5,200,0,200,200
0,200,30,2,2,0,1,14,5,200,0,0,0,1,1,200,1,5,200,1,30,200
0,200,10,0,0,0,3,7,7,200,0,0,0,0,200,200,1,0,0,0,200,200
0,200,35,0,0,0,1,12,2,200,0,0,0,1,200,200,200,17,200,0,26,200
0,200,35,0,0,0,1,12,2,200,0,0,0,1,200,200,200,17,200,0,18,200
0,200,30,1,2,0,1,14,5,200,0,0,0,0,200,200,1,23,200,1,47,200
0,200,30,1,2,0,1,14,5,200,0,0,0,0,200,200,1,23,200,2,200,200
0,200,30,0,0,0,1,7,7,0,0,0,0,0,200,1,1,200,200,1,200,200
0,200,30,2,2,0,1,14,2,4,0,0,0,0,200,200,200,0,0,0,54,200
0,200,30,2,2,0,1,14,2,4,0,0,0,0,200,200,200,0,0,1,49,200
1,200,30,2,2,0,1,14,2,4,0,0,0,0,200,200,200,0,0,1,70,200
0,200,30,0,0,0,1,12,5,4,0,0,0,0,200,200,200,21,22,0,21,200
0,200,30,0,0,0,1,12,5,4,0,0,0,0,200,200,200,21,22,0,42,200
0,200,25,2,2,0,1,0,5,2,0,0,0,0,1,200,200,17,0,0,39,200
0,200,25,2,2,0,1,0,5,2,0,0,0,0,1,200,200,17,0,1,22,200
0,200,40,3,5,0,1,12,3,4,5,0,0,0,200,200,200,0,0,0,22,200
0,200,40,3,5,0,1,12,3,4,5,0,0,0,200,200,200,0,0,0,41,200
0,200,30,1,2,0,1,14,2,2,0,0,0,1,1,200,200,17,23,1,27,200
0,200,30,1,2,0,1,14,2,2,0,0,0,1,1,200,200,17,23,1,53,200
0,200,25,0,0,0,1,12,5,2,0,0,0,0,200,200,200,200,200,0,56,200
0,200,25,0,0,0,1,12,5,2,0,0,0,0,200,200,200,200,200,1,55,200
0,200,15,200,200,200,200,7,7,200,0,200,200,0,200,200,200,11,200,1,19,200
1,200,15,200,200,200,200,7,7,200,0,200,200,0,200,200,200,11,200,1,13,200
1,200,15,200,200,200,200,7,7,200,0,200,200,0,200,200,200,11,200,0,0,200
0,200,30,1,2,0,1,12,6,3,0,0,0,0,200,200,200,23,200,1,29,200
0,200,30,1,2,0,1,12,6,3,0,0,0,0,200,200,200,23,200,0,54,200
0,200,30,1,2,0,1,0,12,4,0,0,0,1,1,200,200,12,200,0,81,200
0,200,30,1,2,0,1,0,12,4,0,0,0,1,1,200,200,12,200,0,43,200
0,200,30,0,0,0,1,7,3,4,0,0,0,0,200,200,200,0,0,1,49,200
0,200,25,0,0,0,200,7,5,200,0,0,0,1,200,200,1,0,200,2,200,200
0,200,25,1,2,0,1,10,2,2,0,0,0,1,200,200,200,18,0,0,28,200
0,200,25,1,2,0,1,10,2,2,0,0,0,1,200,200,200,18,0,0,32,200
1,200,25,1,2,0,1,10,2,2,0,0,0,1,200,200,200,18,0,1,33,200
1,200,25,1,2,0,1,10,2,2,0,0,0,1,200,200,200,18,0,1,8,200
1,200,25,1,2,0,1,10,2,2,0,0,0,1,200,200,200,18,0,0,6,200
0,200,20,2,2,0,200,7,5,2,0,0,0,0,200,200,1,21,200,2,200,200
0,200,30,0,0,0,1,7,5,200,0,0,0,0,200,200,1,20,20,0,200,200
0,200,30,0,0,0,1,14,2,2,0,0,0,0,200,200,200,20,200,0,200,200
0,200,30,0,0,0,1,14,2,2,0,0,0,0,200,200,200,20,200,1,43,200
1,200,30,0,0,0,1,14,2,2,0,0,0,0,200,200,200,20,200,1,200,200
1,200,30,0,0,0,1,14,2,2,0,0,0,0,200,200,200,20,200,0,33,200
1,200,30,0,0,0,1,14,2,2,0,0,0,0,200,200,200,20,200,1,200,200
0,200,30,2,0,0,1,14,2,4,0,0,0,0,200,200,200,17,200,0,28,200
0,200,30,2,0,0,1,14,2,4,0,0,0,0,200,200,200,17,200,1,38,200
0,200,30,0,0,0,3,7,6,1,0,0,0,0,200,200,1,0,1,2,200,200
0,200,30,0,0,0,1,14,5,2,0,0,0,0,200,200,200,17,17,0,45,200
0,200,30,0,0,0,1,14,5,2,0,0,0,0,200,200,200,17,17,1,54,200
0,200,30,1,2,0,1,9,2,2,0,0,0,1,1,200,200,17,200,0,77,200
5,200,30,1,2,0,1,9,2,2,0,0,0,1,1,200,200,17,200,0,57,200
1,200,30,1,2,0,1,9,2,2,0,0,0,1,1,200,200,17,200,1,81,200
0,200,30,0,0,0,1,7,5,2,0,0,0,0,200,200,200,17,200,0,200,200
1,200,30,0,0,0,1,7,5,2,0,0,0,0,200,200,200,17,200,0,57,200
0,200,30,1,1,0,1,12,6,2,0,0,0,0,200,200,1,22,200,2,200,200
0,200,30,1,1,0,1,12,6,2,0,0,0,0,200,200,1,22,200,1,47,200
0,200,30,0,0,0,3,12,6,3,0,0,0,0,200,200,200,17,200,0,200,200
0,200,30,0,0,0,3,12,6,3,0,0,0,0,200,200,200,17,200,0,33,200
0,1,25,1,2,0,1,12,5,0,0,0,0,0,1,200,200,21,0,0,200,200
0,1,25,1,2,0,1,12,5,0,0,0,0,0,1,200,200,21,0,1,48,200
0,200,30,0,0,0,1,0,5,200,0,0,0,0,200,200,200,0,0,1,56,200
0,200,30,0,0,0,1,0,5,200,0,0,0,0,200,200,200,0,0,1,29,200
0,200,25,1,2,0,1,14,5,5,0,0,0,0,200,200,1,23,200,2,200,200
0,200,25,1,2,0,1,14,5,5,0,0,0,0,200,200,1,23,200,1,72,200
0,200,30,0,0,0,1,10,5,1,0,0,0,0,200,200,200,20,20,0,200,200
0,200,30,0,0,0,1,10,5,1,0,0,0,0,200,200,200,20,20,1,200,200
1,200,30,0,0,0,1,10,5,1,0,0,0,0,200,200,200,20,20,1,16,200
1,200,30,0,0,0,1,10,5,1,0,0,0,0,200,200,200,20,20,1,1,200
1,200,30,0,0,0,1,10,5,1,0,0,0,0,200,200,200,20,20,1,3,200
1,200,30,0,0,0,1,10,5,1,0,0,0,0,200,200,200,20,20,1,1,200
0,200,30,0,0,0,1,12,2,200,0,0,0,0,200,200,1,0,0,2,200,200
1,200,30,0,0,0,1,12,2,200,0,0,0,0,200,200,1,0,0,1,200,200
1,200,30,0,0,0,1,12,2,200,0,0,0,0,200,200,1,0,0,1,200,200
0,200,30,0,0,0,1,12,5,200,0,0,0,0,200,200,1,0,0,1,200,200
0,200,30,0,0,0,1,12,5,200,0,0,0,0,200,200,1,0,0,1,66,200
0,200,20,0,2,0,1,2,6,2,0,0,0,0,200,0,200,20,11,0,37,200
0,200,30,0,0,200,1,7,5,200,0,0,0,0,200,200,200,0,200,0,200,200
0,200,30,2,2,0,1,10,2,200,0,0,0,0,200,200,200,0,0,0,66,200
0,200,30,2,2,0,1,10,2,200,0,0,0,0,200,200,200,0,0,0,74,200
0,200,30,0,0,0,1,10,5,2,0,1,0,1,200,200,200,18,200,1,23,200
0,200,30,0,0,0,1,10,5,2,0,1,0,1,200,200,200,18,200,1,24,200
0,200,30,0,0,0,1,10,5,2,0,1,0,1,200,200,200,18,200,2,200,200
1,200,30,0,0,0,1,10,5,2,0,1,0,1,200,200,200,18,200,1,31,200
1,200,30,0,0,0,1,10,5,2,0,1,0,1,200,200,200,18,200,0,7,200
1,200,30,0,0,0,1,10,5,2,0,1,0,1,200,200,200,18,200,0,2,200
0,200,5,0,0,200,1,7,7,1,0,0,0,0,200,1,200,0,0,0,49,200
0,200,30,0,0,0,1,14,5,4,0,0,0,1,200,200,200,17,200,0,19,200