PERSON_TYPE,CRASH_DATE_EST_I,POSTED_SPEED_LIMIT,TRAFFIC_CONTROL_DEVICE,DEVICE_CONDITION,WEATHER_CONDITION,LIGHTING_CONDITION,FIRST_CRASH_TYPE,TRAFFICWAY_TYPE,LANE_CNT,ALIGNMENT,ROADWAY_SURFACE_COND,ROAD_DEFECT,CRASH_TYPE,INTERSECTION_RELATED_I,NOT_RIGHT_OF_WAY_I,HIT_AND_RUN_I,PRIM_CONTRIBUTORY_CAUSE,SEC_CONTRIBUTORY_CAUSE,SEX,AGE,BAC_RESULT VALUE
0,200,30,0,0,0,1,14,5,4,0,0,0,1,200,200,200,17,200,0,89,200
0,1,30,0,0,0,1,7,5,2,0,0,0,0,200,200,1,0,0,2,200,200
0,200,0,0,0,0,1,14,5,200,0,0,0,0,200,200,200,23,11,0,18,200
0,200,0,0,0,0,1,14,5,200,0,0,0,0,200,200,200,23,11,1,62,200
0,200,30,1,2,0,1,0,6,2,0,0,0,0,1,200,200,0,200,1,44,200
0,200,30,1,2,0,1,0,6,2,0,0,0,0,1,200,200,0,200,0,28,200
1,200,30,1,2,0,1,0,6,2,0,0,0,0,1,200,200,0,200,1,27,200
1,200,30,1,2,0,1,0,6,2,0,0,0,0,1,200,200,0,200,0,9,200
1,200,30,1,2,0,1,0,6,2,0,0,0,0,1,200,200,0,200,1,5,200
0,200,30,2,2,0,1,12,5,2,0,0,12,0,200,200,200,0,200,1,56,200
0,200,30,2,2,0,1,12,5,2,0,0,12,0,200,200,200,0,200,0,58,200
0,200,30,0,0,0,1,10,5,2,0,0,0,0,1,200,200,20,200,0,22,200
0,200,30,0,0,0,1,10,5,2,0,0,0,0,1,200,200,20,200,0,43,200
0,200,30,1,2,0,1,10,5,200,0,0,0,0,200,200,200,18,0,0,21,200
0,200,30,1,2,0,1,10,5,200,0,0,0,0,200,200,200,18,0,1,45,200
0,200,30,0,200,2,0,12,3,200,0,1,200,0,200,200,1,15,34,2,200,200
0,200,30,0,200,2,0,12,3,200,0,1,200,0,200,200,1,15,34,1,68,200
0,200,25,0,0,0,1,7,6,1,0,0,0,0,200,200,200,11,7,0,36,200
0,200,30,1,200,0,1,10,5,2,0,0,0,1,200,200,200,16,0,0,44,200
0,200,30,1,200,0,1,10,5,2,0,0,0,1,200,200,200,16,0,0,73,200
0,200,30,1,200,0,1,10,5,2,0,0,0,1,200,200,200,16,0,1,58,200
1,200,30,1,200,0,1,10,5,2,0,0,0,1,200,200,200,16,0,0,200,200
0,1,30,0,0,0,200,7,5,2,0,0,0,0,200,200,1,0,200,2,200,200
0,200,25,1,2,0,1,0,12,200,0,0,0,1,1,200,200,0,200,0,61,200
0,200,25,1,2,0,1,0,12,200,0,0,0,1,1,200,200,0,200,0,81,200
1,200,25,1,2,0,1,0,12,200,0,0,0,1,1,200,200,0,200,1,77,200
0,200,0,0,0,0,1,14,2,4,0,0,0,1,200,200,200,17,200,0,28,200
0,200,0,0,0,0,1,14,2,4,0,0,0,1,200,200,200,17,200,0,32,200
1,200,0,0,0,0,1,14,2,4,0,0,0,1,200,200,200,17,200,1,21,200
1,200,0,0,0,0,1,14,2,4,0,0,0,1,200,200,200,17,200,1,47,200
0,200,0,1,2,0,1,10,3,2,0,0,0,1,200,200,200,0,200,0,31,200
0,200,0,1,2,0,1,10,3,2,0,0,0,1,200,200,200,0,200,0,62,200
0,200,30,0,0,0,4,11,6,2,0,0,0,0,200,200,200,20,20,0,19,200
0,200,30,0,0,0,4,11,6,2,0,0,0,0,200,200,200,20,20,1,46,200
0,200,0,1,2,0,1,12,5,200,0,0,0,0,200,200,200,22,11,0,200,200
0,200,0,1,2,0,1,12,5,200,0,0,0,0,200,200,200,22,11,1,47,200
0,200,30,200,200,0,1,7,5,2,0,0,200,0,200,200,1,0,200,2,200,200
0,200,30,0,0,0,1,14,5,2,0,0,200,0,200,200,1,0,0,0,200,200
0,200,30,0,0,0,1,14,5,2,0,0,200,0,200,200,1,0,0,0,76,200
0,200,30,1,2,0,1,12,2,0,0,0,0,0,1,200,200,0,200,0,23,200
0,200,30,1,2,0,1,12,2,0,0,0,0,0,1,200,200,0,200,0,43,200
0,200,30,0,0,0,200,7,5,2,0,0,0,0,200,200,1,0,0,2,200,200
0,200,30,1,2,0,1,14,5,2,0,0,0,0,1,200,200,23,17,1,30,200
0,200,30,1,2,0,1,14,5,2,0,0,0,0,1,200,200,23,17,1,28,200
1,200,30,1,2,0,1,14,5,2,0,0,0,0,1,200,200,23,17,0,200,200
1,200,30,1,2,0,1,14,5,2,0,0,0,0,1,200,200,23,17,1,200,200
0,200,35,1,5,0,1,12,1,2,0,0,0,0,200,200,1,0,0,0,200,200
0,200,35,1,5,0,1,12,1,2,0,0,0,0,200,200,1,0,0,1,38,200
0,200,30,2,2,0,1,14,2,4,0,0,0,0,1,200,200,0,0,1,25,200
0,200,30,2,2,0,1,14,2,4,0,0,0,0,1,200,200,0,0,1,200,200
1,200,30,2,2,0,1,14,2,4,0,0,0,0,1,200,200,0,0,1,200,200
0,200,0,1,2,0,1,10,5,200,0,0,0,0,200,200,1,30,18,1,200,200
0,200,0,1,2,0,1,10,5,200,0,0,0,0,200,200,1,30,18,1,24,200
0,200,35,1,2,0,3,14,5,1,0,0,0,0,1,200,200,0,0,0,26,200
0,200,35,1,2,0,3,14,5,1,0,0,0,0,1,200,200,0,0,1,27,200
0,200,10,0,200,0,1,7,7,200,0,0,0,0,200,200,1,0,200,2,200,200
0,200,30,1,2,0,1,14,12,200,0,0,0,1,1,200,200,0,0,0,68,200
0,200,30,1,2,0,1,14,12,200,0,0,0,1,1,200,200,0,0,0,39,200
1,200,30,1,2,0,1,14,12,200,0,0,0,1,1,200,200,0,0,1,33,200
1,200,30,1,2,0,1,14,12,200,0,0,0,1,1,200,200,0,0,1,25,200
1,200,30,1,2,0,1,14,12,200,0,0,0,1,1,200,200,0,0,0,6,200
1,200,30,1,2,0,1,14,12,200,0,0,0,1,1,200,200,0,0,1,3,200
0,200,10,12,12,0,1,12,7,0,0,0,0,0,200,200,200,11,200,0,55,200
0,200,10,12,12,0,1,12,7,0,0,0,0,0,200,200,200,11,200,0,41,200
0,200,30,1,2,0,1,14,6,2,0,0,0,0,200,200,200,23,200,1,200,200
0,200,30,1,2,0,1,14,6,2,0,0,0,0,200,200,200,23,200,0,49,200
0,200,30,1,2,0,1,9,5,2,2,0,200,1,0,200,1,200,200,1,68,200
5,200,30,1,2,0,1,9,5,2,2,0,200,1,0,200,1,200,200,0,72,200
0,200,30,1,200,0,1,12,5,3,0,0,200,0,1,200,1,22,21,1,200,200
0,200,30,1,200,0,1,12,5,3,0,0,200,0,1,200,1,22,21,0,62,200
0,200,40,0,200,0,1,12,3,4,0,0,0,0,200,200,1,21,16,0,200,200
0,200,40,0,200,0,1,12,3,4,0,0,0,0,200,200,1,21,16,0,63,200
0,200,25,0,0,0,1,2,6,1,0,0,0,0,200,200,200,20,0,0,25,200
1,200,25,0,0,0,1,2,6,1,0,0,0,0,200,200,200,20,0,0,27,200
0,200,30,0,0,0,1,10,3,4,0,0,0,0,200,200,1,18,18,2,200,200
0,200,30,0,0,0,1,10,3,4,0,0,0,0,200,200,1,18,18,1,200,200
0,200,10,0,0,0,1,10,4,1,0,200,200,0,200,200,200,18,18,1,40,200
0,200,10,0,0,0,1,10,4,1,0,200,200,0,200,200,200,18,18,0,48,200
0,200,30,1,0,0,1,10,5,4,0,0,0,0,1,200,200,7,200,1,38,200
0,200,30,1,0,0,1,10,5,4,0,0,0,0,1,200,200,7,200,1,74,200
1,200,30,1,0,0,1,10,5,4,0,0,0,0,1,200,200,7,200,1,10,200
1,200,30,1,0,0,1,10,5,4,0,0,0,0,1,200,200,7,200,0,5,200
0,200,30,1,2,2,3,10,2,200,0,1,0,0,1,200,1,0,200,0,200,200
0,200,30,1,2,2,3,10,2,200,0,1,0,0,1,200,1,0,200,1,19,200
1,200,30,1,2,2,3,10,2,200,0,1,0,0,1,200,1,0,200,1,18,200
0,200,25,2,2,0,1,14,5,2,0,0,0,1,1,200,200,23,0,1,52,200
0,200,25,2,2,0,1,14,5,2,0,0,0,1,1,200,200,23,0,0,27,200
0,200,30,0,0,0,1,7,6,1,0,0,0,0,200,200,200,0,0,0,54,200
0,200,30,0,0,0,1,12,2,2,0,0,0,0,200,200,200,22,21,1,0,200
0,200,30,0,0,0,1,12,2,2,0,0,0,0,200,200,200,22,21,1,29,200
1,200,30,0,0,0,1,12,2,2,0,0,0,0,200,200,200,22,21,1,2,200
0,1,10,0,0,200,200,7,7,200,0,200,200,0,200,200,1,0,0,2,200,200
0,200,30,1,2,0,1,7,5,200,0,0,0,0,200,200,1,200,200,0,200,200
0,200,30,0,0,0,1,10,2,200,0,0,0,1,200,200,200,18,200,1,42,200
0,200,30,0,0,0,1,10,2,200,0,0,0,1,200,200,200,18,200,0,43,200
1,200,30,0,0,0,1,10,2,200,0,0,0,1,200,200,200,18,200,0,4,200
0,200,30,0,0,0,4,7,7,1,0,0,0,0,200,200,1,0,0,2,200,200
0,200,30,0,0,0,1,7,0,200,0,0,0,0,200,200,0,0,0,2,200,200
0,200,30,200,200,200,200,7,5,200,0,0,200,0,200,200,200,0,200,0,22,200
0,200,30,0,0,0,1,10,6,200,0,0,0,0,200,200,200,18,200,0,63,200
0,200,30,0,0,0,1,10,6,200,0,0,0,0,200,200,200,18,200,1,200,200
0,200,35,1,2,0,1,14,3,5,0,0,0,0,1,200,200,0,22,1,20,200
0,200,35,1,2,0,1,14,3,5,0,0,0,0,1,200,200,0,22,0,67,200
1,200,35,1,2,0,1,14,3,5,0,0,0,0,1,200,200,0,22,0,2,200
1,200,35,1,2,0,1,14,3,5,0,0,0,0,1,200,200,0,22,0,3,200
1,200,35,1,2,0,1,14,3,5,0,0,0,0,1,200,200,0,22,0,200,200
1,200,35,1,2,0,1,14,3,5,0,0,0,0,1,200,200,0,22,0,200,200
0,200,30,200,200,0,1,5,5,200,0,0,200,0,200,200,200,0,200,1,57,200
0,200,30,0,0,0,1,10,3,200,0,0,0,0,200,200,200,11,11,0,74,200
0,200,30,0,0,0,1,10,3,200,0,0,0,0,200,200,200,11,11,0,50,200
4,200,30,0,0,0,1,8,5,2,0,0,0,1,1,1,200,16,200,0,16,200
0,200,30,0,0,0,1,8,5,2,0,0,0,1,1,1,200,16,200,0,200,200
0,200,0,0,12,0,1,7,12,1,4,200,200,0,200,200,200,20,200,0,54,200
1,200,0,0,12,0,1,7,12,1,4,200,200,0,200,200,200,20,200,200,29,200
1,200,0,0,12,0,1,7,12,1,4,200,200,0,200,200,200,20,200,0,5,200
0,200,30,0,0,0,2,10,5,200,0,0,0,0,200,200,200,200,200,0,22,200
0,200,30,0,0,0,2,10,5,200,0,0,0,0,200,200,200,200,200,0,58,200
0,200,30,1,2,0,1,12,6,200,0,0,0,0,200,200,200,0,0,0,200,200
0,200,30,1,2,0,1,12,6,200,0,0,0,0,200,200,200,0,0,0,200,200
0,200,20,0,0,0,3,7,5,2,2,0,0,0,200,200,1,16,0,2,200,200
0,200,30,0,0,0,1,0,6,3,0,0,0,0,200,200,200,0,0,0,39,200
0,200,30,0,0,0,1,0,6,3,0,0,0,0,200,200,200,0,0,1,55,200
0,200,35,2,2,0,1,14,2,200,0,0,0,0,200,200,200,0,0,0,21,200
0,200,35,2,2,0,1,14,2,200,0,0,0,0,200,200,200,0,0,1,59,200
1,200,35,2,2,0,1,14,2,200,0,0,0,0,200,200,200,0,0,0,22,200
0,200,30,0,0,0,1,10,5,2,0,200,200,1,200,200,200,18,18,1,33,200
0,200,30,0,0,0,1,10,5,2,0,200,200,1,200,200,200,18,18,1,34,200
0,200,30,0,0,0,1,10,5,2,0,200,200,1,200,200,200,18,18,1,200,200
1,200,30,0,0,0,1,10,5,2,0,200,200,1,200,200,200,18,18,1,200,200
0,200,30,12,2,0,1,7,5,2,0,0,0,0,200,200,200,20,34,0,57,200
1,200,30,12,2,0,1,7,5,2,0,0,0,0,200,200,200,20,34,0,44,200
0,200,30,1,2,0,1,10,5,4,0,0,0,0,200,200,200,18,0,0,200,200
0,200,30,1,2,0,1,10,5,4,0,0,0,0,200,200,200,18,0,1,75,200
1,200,30,1,2,0,1,10,5,4,0,0,0,0,200,200,200,18,0,1,200,200
0,200,30,0,0,0,1,7,6,200,0,0,0,0,200,200,200,0,0,0,65,200
0,200,25,1,2,0,1,14,5,2,0,0,200,0,200,200,200,0,200,0,200,200
0,200,25,1,2,0,1,14,5,2,0,0,200,0,200,200,200,0,200,0,68,200
0,200,15,0,0,0,1,0,7,1,0,0,2,0,200,1,200,0,0,1,34,200
0,200,15,0,0,0,1,0,7,1,0,0,2,0,200,1,200,0,0,1,51,200
0,200,30,0,200,0,3,10,12,200,0,0,0,0,200,200,1,18,18,2,200,200
0,200,30,0,200,0,3,10,12,200,0,0,0,0,200,200,1,18,18,1,49,200
0,200,25,0,0,0,1,7,6,200,0,0,0,0,200,200,200,0,0,1,28,200
0,200,35,0,0,0,1,10,5,2,0,0,0,0,200,200,1,0,200,0,200,200
0,200,35,0,0,0,1,10,5,2,0,0,0,0,200,200,1,0,200,1,37,200
0,200,35,1,2,0,1,14,1,2,0,0,0,0,1,200,200,6,6,1,41,200
0,200,35,1,2,0,1,14,1,2,0,0,0,0,1,200,200,6,6,0,70,200
0,200,30,0,0,0,1,14,2,4,0,0,0,0,200,200,1,0,200,0,200,200
0,200,30,0,0,0,1,14,2,4,0,0,0,0,200,200,1,0,200,1,23,200
0,200,0,0,0,0,1,7,7,200,0,0,0,0,200,200,200,0,0,0,200,200
1,200,0,0,0,0,1,7,7,200,0,0,0,0,200,200,200,0,0,1,200,200
0,200,30,1,2,0,1,10,2,200,0,0,0,1,200,200,200,18,18,0,50,200
0,200,30,1,2,0,1,10,2,200,0,0,0,1,200,200,200,18,18,1,45,200
1,200,30,1,2,0,1,10,2,200,0,0,0,1,200,200,200,18,18,0,200,200
0,1,30,0,0,0,200,7,6,200,0,200,0,0,200,200,1,0,200,2,200,200
0,200,30,1,2,0,1,9,5,2,0,0,0,1,200,200,200,23,17,0,49,200
5,200,30,1,2,0,1,9,5,2,0,0,0,1,200,200,200,23,17,1,65,200
0,200,30,1,2,0,1,0,5,0,0,0,0,0,1,200,200,0,0,0,200,200
0,200,30,1,2,0,1,0,5,0,0,0,0,0,1,200,200,0,0,0,200,200
0,200,30,0,0,0,1,12,5,200,0,0,0,0,200,200,200,200,200,1,200,200
0,200,30,0,0,0,1,12,5,200,0,0,0,0,200,200,200,200,200,1,18,200
1,200,30,0,0,0,1,12,5,200,0,0,0,0,200,200,200,200,200,1,200,200
0,200,30,1,2,0,1,12,6,200,0,0,0,0,1,200,200,17,16,0,50,200
0,200,30,1,2,0,1,12,6,200,0,0,0,0,1,200,200,17,16,0,51,200
0,200,30,0,0,0,1,12,3,4,0,0,0,0,200,200,1,21,11,1,200,200
0,200,30,0,0,0,1,12,3,4,0,0,0,0,200,200,1,21,11,1,41,200
0,200,40,0,0,0,2,10,3,11,4,0,1,1,200,200,200,28,29,0,23,200
0,200,40,0,0,0,2,10,3,11,4,0,1,1,200,200,200,28,29,0,58,200
0,200,45,1,2,0,1,12,5,1,0,0,0,0,1,200,200,22,22,0,60,200
0,200,45,1,2,0,1,12,5,1,0,0,0,0,1,200,200,22,22,0,35,200
0,200,30,0,0,0,1,7,5,1,0,0,0,0,200,200,200,0,0,0,200,200
1,200,30,0,0,0,1,7,5,1,0,0,0,0,200,200,200,0,0,0,200,200
0,200,30,1,2,0,1,10,2,4,0,200,200,0,1,200,200,7,20,1,53,200
0,200,30,1,2,0,1,10,2,4,0,200,200,0,1,200,200,7,20,0,59,200
0,1,30,0,0,0,1,7,5,200,0,0,0,0,200,200,1,200,200,2,200,200
0,200,35,1,2,0,1,10,2,4,0,0,0,1,200,200,200,16,18,0,37,200
0,200,35,1,2,0,1,10,2,4,0,0,0,1,200,200,200,16,18,1,31,200
0,200,35,1,2,0,1,10,2,4,0,0,0,1,200,200,200,16,18,1,57,200
0,200,30,1,2,0,1,10,3,2,0,0,0,0,1,200,200,16,200,1,53,200
0,200,30,1,2,0,1,10,3,2,0,0,0,0,1,200,200,16,200,1,64,200
0,200,20,0,0,0,1,12,2,2,0,0,12,0,200,200,200,200,200,0,23,200
0,200,20,0,0,0,1,12,2,2,0,0,12,0,200,200,200,200,200,0,29,200
0,200,30,1,2,0,3,10,5,2,0,200,200,0,1,200,200,0,0,1,21,200
0,200,30,1,2,0,3,10,5,2,0,200,200,0,1,200,200,0,0,0,48,200
0,200,30,1,2,0,1,10,5,200,0,0,0,0,200,200,200,0,200,0,200,200
0,200,30,1,2,0,1,10,5,200,0,0,0,0,200,200,200,0,200,1,37,200
1,200,30,1,2,0,1,10,5,200,0,0,0,0,200,200,200,0,200,1,11,200
1,200,30,1,2,0,1,10,5,200,0,0,0,0,200,200,200,0,200,1,5,200
0,200,30,1,2,0,1,12,5,200,0,0,0,0,200,200,200,0,0,1,200,200
0,200,30,1,2,0,1,12,5,200,0,0,0,0,200,200,200,0,0,0,200,200
0,200,30,0,0,0,1,0,2,2,0,0,0,0,200,200,200,17,200,0,19,200
0,200,30,0,0,0,1,0,2,2,0,0,0,0,200,200,200,17,200,1,56,200
0,200,10,0,0,0,1,7,12,200,0,0,0,0,200,200,200,20,200,1,43,200
0,200,30,0,0,0,1,7,6,200,0,0,0,0,200,200,1,0,200,2,200,200
0,200,25,0,0,0,1,7,5,2,0,0,1,0,200,200,200,0,0,0,20,200
0,200,30,0,1,0,1,7,5,1,0,0,0,0,200,200,200,0,200,1,36,200
0,200,10,0,0,0,1,11,7,200,0,0,0,0,200,1,200,0,200,0,33,200
0,200,10,0,0,0,1,11,7,200,0,0,0,0,200,1,200,0,200,0,71,200
1,200,10,0,0,0,1,11,7,200,0,0,0,0,200,1,200,0,200,0,31,200
0,200,30,0,0,0,1,12,6,200,0,0,0,0,200,200,200,17,0,0,31,200
0,200,30,0,0,0,1,12,6,200,0,0,0,0,200,200,200,17,0,0,31,200
0,200,30,0,0,0,1,12,3,6,0,0,0,0,200,200,200,22,0,1,84,200
0,200,30,0,0,0,1,12,3,6,0,0,0,0,200,200,200,22,0,0,0,200
1,200,30,0,0,0,1,12,3,6,0,0,0,0,200,200,200,22,0,0,59,200
1,200,30,0,0,0,1,12,3,6,0,0,0,0,200,200,200,22,0,1,30,200
0,200,10,0,0,0,1,7,7,1,4,0,0,0,200,200,1,0,0,2,200,200
0,200,45,0,0,0,1,10,3,4,0,0,0,0,200,200,200,15,200,1,37,200
0,200,45,0,0,0,1,10,3,4,0,0,0,0,200,200,200,15,200,0,58,200
1,200,45,0,0,0,1,10,3,4,0,0,0,0,200,200,200,15,200,200,200,200
0,1,30,0,0,0,1,14,5,2,0,0,0,0,200,200,200,18,11,0,0,200
0,1,30,0,0,0,1,14,5,2,0,0,0,0,200,200,200,18,11,0,66,200
0,1,30,0,0,0,1,14,5,2,0,0,0,0,200,200,200,18,11,0,52,200
0,200,30,1,2,0,1,14,6,4,0,0,0,1,200,200,200,0,0,0,62,200
0,200,30,1,2,0,1,14,6,4,0,0,0,1,200,200,200,0,0,0,22,200
0,200,30,1,2,0,1,7,5,200,0,0,0,0,200,200,200,17,200,0,67,200
0,200,30,1,2,0,1,14,2,4,0,0,0,1,1,200,200,0,0,1,51,200
0,200,30,1,2,0,1,14,2,4,0,0,0,1,1,200,200,0,0,0,46,200
0,200,30,1,2,0,1,0,5,2,0,0,0,1,1,200,200,6,200,0,30,200
0,200,30,1,2,0,1,0,5,2,0,0,0,1,1,200,200,6,200,0,69,200
1,200,30,1,2,0,1,0,5,2,0,0,0,1,1,200,200,6,200,1,200,200
0,200,30,0,0,0,1,0,2,200,0,0,0,0,200,200,200,17,200,0,20,200
0,200,30,0,0,0,1,0,2,200,0,0,0,0,200,200,200,17,200,1,73,200
1,200,30,0,0,0,1,0,2,200,0,0,0,0,200,200,200,17,200,0,41,200
0,200,30,200,200,200,200,7,5,200,0,200,200,0,200,200,1,0,200,2,200,200
0,200,20,0,0,0,1,14,6,1,0,0,0,0,200,200,200,20,20,0,65,200
0,200,20,0,0,0,1,14,6,1,0,0,0,0,200,200,200,20,20,0,37,200
0,200,30,0,0,0,1,12,2,200,0,0,0,0,200,200,200,17,16,0,74,200
0,200,30,0,0,0,1,12,2,200,0,0,0,0,200,200,200,17,16,0,47,200
0,200,15,0,0,0,1,11,7,25,0,0,200,0,200,1,200,0,0,0,47,200
0,200,15,0,0,0,1,11,7,25,0,0,200,0,200,1,200,0,0,1,62,200
0,200,30,0,0,0,1,0,2,4,0,0,0,1,0,200,200,22,17,0,61,200
0,200,30,0,0,0,1,0,2,4,0,0,0,1,0,200,200,22,17,0,23,200
0,200,30,1,2,0,1,0,1,2,0,0,0,1,1,200,200,33,0,0,58,200
0,200,30,1,2,0,1,0,1,2,0,0,0,1,1,200,200,33,0,0,30,200
1,200,30,1,2,0,1,0,1,2,0,0,0,1,1,200,200,33,0,1,200,200
0,200,30,0,0,0,1,14,5,4,0,0,0,0,200,200,200,200,200,1,47,200
0,200,30,0,0,0,1,14,5,4,0,0,0,0,200,200,200,200,200,0,54,200
0,200,30,0,0,0,1,10,2,4,0,0,0,0,200,200,1,18,11,2,200,200
0,200,30,0,0,0,1,10,2,4,0,0,0,0,200,200,1,18,11,1,49,200
0,200,20,0,0,0,1,7,7,200,0,0,0,0,200,1,1,11,200,2,200,200
0,200,30,1,1,0,1,10,5,200,0,0,0,0,200,200,200,0,0,1,51,200
0,200,30,1,1,0,1,10,5,200,0,0,0,0,200,200,200,0,0,1,25,200
1,200,30,1,1,0,1,10,5,200,0,0,0,0,200,200,200,0,0,1,7,200
0,200,30,0,0,0,1,14,5,2,0,0,0,0,200,200,200,0,200,0,53,200
0,200,30,0,0,0,1,14,5,2,0,0,0,0,200,200,200,0,200,1,56,200
0,200,30,0,0,0,1,7,5,2,0,0,0,1,1,200,200,32,9,0,33,0.1
0,200,30,1,2,0,1,11,5,200,0,0,0,0,1,200,200,0,0,0,43,200
0,200,30,1,2,0,1,11,5,200,0,0,0,0,1,200,200,0,0,0,42,200
0,200,30,1,2,0,1,12,2,4,0,0,0,0,1,200,1,22,0,0,200,200
0,200,30,1,2,0,1,12,2,4,0,0,0,0,1,200,1,22,0,1,19,200
0,200,30,0,0,0,1,12,5,2,0,200,200,0,200,200,200,0,0,0,22,200
0,200,30,0,0,0,1,12,5,2,0,200,200,0,200,200,200,0,0,0,50,200
0,200,30,1,2,0,1,12,5,200,0,0,0,0,200,200,1,22,200,0,200,200
0,200,30,1,2,0,1,12,5,200,0,0,0,0,200,200,1,22,200,0,57,200
1,200,30,1,2,0,1,12,5,200,0,0,0,0,200,200,1,22,200,1,200,200
0,200,30,1,2,0,1,14,5,200,0,0,200,0,200,200,200,28,28,0,29,200
0,200,30,1,2,0,1,14,5,200,0,0,200,0,200,200,200,28,28,1,45,200
0,200,30,1,2,0,0,10,5,200,0,0,0,0,200,200,200,18,16,0,200,200
0,200,30,1,2,0,0,10,5,200,0,0,0,0,200,200,200,18,16,1,27,200
0,200,30,1,2,0,1,12,5,200,0,0,200,0,1,200,200,21,0,1,29,200
0,200,30,1,2,0,1,12,5,200,0,0,200,0,1,200,200,21,0,1,46,200
0,200,55,0,0,0,1,12,3,8,0,200,200,1,200,200,1,21,22,1,200,200
0,200,55,0,0,0,1,12,3,8,0,200,200,1,200,200,1,21,22,0,25,200
0,200,30,2,2,0,1,10,5,2,0,0,0,0,1,200,200,18,200,0,42,200
0,200,30,2,2,0,1,10,5,2,0,0,0,0,1,200,200,18,200,0,43,200
0,200,30,1,2,0,1,9,5,200,0,0,0,1,1,200,200,0,200,1,43,200
5,200,30,1,2,0,1,9,5,200,0,0,0,1,1,200,200,0,200,0,65,200
0,200,30,0,0,0,1,14,2,2,0,0,0,0,200,200,200,17,23,0,51,200
0,200,30,0,0,0,1,14,2,2,0,0,0,0,200,200,200,17,23,0,46,200
0,200,30,0,0,0,1,14,5,2,0,0,0,0,1,200,200,0,0,0,200,200
0,200,30,0,0,0,1,14,5,2,0,0,0,0,1,200,200,0,0,0,200,200
0,200,30,0,0,0,1,7,3,2,0,0,0,1,200,200,200,11,0,1,35,200
1,200,30,0,0,0,1,7,3,2,0,0,0,1,200,200,200,11,0,1,35,200
1,200,30,0,0,0,1,7,3,2,0,0,0,1,200,200,200,11,0,1,0,200
1,200,30,0,0,0,1,7,3,2,0,0,0,1,200,200,200,11,0,0,44,200
1,200,30,0,0,0,1,7,3,2,0,0,0,1,200,200,200,11,0,1,47,200
0,200,5,0,0,0,1,7,7,1,0,0,0,0,200,1,200,0,200,0,200,200
0,200,30,1,2,0,1,10,5,200,0,0,0,0,1,200,1,18,0,0,200,200
0,200,30,1,2,0,1,10,5,200,0,0,0,0,1,200,1,18,0,0,50,200
0,200,30,0,0,0,1,10,5,200,0,0,0,0,200,200,200,200,200,1,66,200
0,200,30,0,0,0,1,10,5,200,0,0,0,0,200,200,200,200,200,0,200,200
1,200,30,0,0,0,1,10,5,200,0,0,0,0,200,200,200,200,200,1,200,200
5,200,30,0,0,0,1,9,5,2,0,0,0,1,200,200,200,13,21,0,55,200
0,200,30,0,0,0,1,9,5,2,0,0,0,1,200,200,200,13,21,0,74,200
0,200,30,0,0,0,1,12,2,2,0,0,0,1,200,200,200,17,200,0,30,200
4,200,30,0,0,0,1,12,2,2,0,0,0,1,200,200,200,17,200,0,28,200
0,200,30,2,2,0,1,10,5,2,0,0,0,0,200,200,200,16,11,0,80,200
0,200,30,2,2,0,1,10,5,2,0,0,0,0,200,200,200,16,11,1,38,200
0,200,30,0,200,0,1,10,7,200,0,0,0,0,200,200,200,18,14,1,31,200
0,200,30,0,200,0,1,10,7,200,0,0,0,0,200,200,200,18,14,0,18,200
0,200,30,1,2,0,1,12,6,3,2,0,0,0,1,200,200,0,0,0,44,200
0,200,30,1,2,0,1,12,6,3,2,0,0,0,1,200,200,0,0,1,21,200
0,1,20,0,0,200,200,7,5,2,0,200,0,0,200,200,1,0,0,2,200,200
0,200,30,0,0,0,1,0,5,2,0,0,0,0,200,200,200,20,11,1,26,200
0,200,30,0,0,0,1,0,5,2,0,0,0,0,200,200,200,20,11,1,54,200
0,200,30,0,0,0,1,7,12,200,0,0,0,0,200,1,200,11,0,0,46,200
0,200,35,1,2,0,1,14,2,2,0,0,0,0,1,200,200,17,0,0,60,200
0,200,35,1,2,0,1,14,2,2,0,0,0,0,1,200,200,17,0,0,67,200
0,200,30,0,200,0,1,10,6,200,0,0,0,0,200,200,1,18,18,1,200,200
0,200,30,0,200,0,1,10,6,200,0,0,0,0,200,200,1,18,18,0,49,200
0,200,30,0,0,0,1,10,5,2,0,200,200,0,200,200,200,18,18,0,0,200
0,200,30,0,0,0,1,10,5,2,0,200,200,0,200,200,200,18,18,1,31,200
0,200,30,1,2,0,1,10,5,2,0,0,0,0,200,200,200,16,11,1,21,200
0,200,30,1,2,0,1,10,5,2,0,0,0,0,200,200,200,16,11,0,61,200
0,200,30,200,200,200,200,0,5,200,0,200,200,0,200,200,200,17,200,1,200,200
0,200,30,200,200,200,200,0,5,200,0,200,200,0,200,200,200,17,200,1,23,200
0,200,30,1,2,0,1,10,5,200,0,0,0,0,200,200,200,18,200,0,33,200
0,200,30,1,2,0,1,10,5,200,0,0,0,0,200,200,200,18,200,0,48,200
0,0,30,1,2,0,1,10,5,2,0,0,0,0,1,200,200,18,16,1,30,200
0,0,30,1,2,0,1,10,5,2,0,0,0,0,1,200,200,18,16,1,20,200
0,200,0,0,0,0,1,0,7,0,0,0,0,0,200,1,200,20,11,1,68,200