PERSON_TYPE,CRASH_DATE_EST_I,POSTED_SPEED_LIMIT,TRAFFIC_CONTROL_DEVICE,DEVICE_CONDITION,WEATHER_CONDITION,LIGHTING_CONDITION,FIRST_CRASH_TYPE,TRAFFICWAY_TYPE,LANE_CNT,ALIGNMENT,ROADWAY_SURFACE_COND,ROAD_DEFECT,CRASH_TYPE,INTERSECTION_RELATED_I,NOT_RIGHT_OF_WAY_I,HIT_AND_RUN_I,PRIM_CONTRIBUTORY_CAUSE,SEC_CONTRIBUTORY_CAUSE,SEX,AGE,BAC_RESULT VALUE
0,200,0,0,0,0,1,0,7,0,0,0,0,0,200,1,200,20,11,0,200,200
0,200,30,1,2,0,1,10,2,2,0,0,0,0,200,200,1,18,16,2,200,200
0,200,30,1,2,0,1,10,2,2,0,0,0,0,200,200,1,18,16,0,35,200
0,200,30,1,2,0,1,8,5,4,0,0,0,1,1,200,200,11,0,0,56,200
4,200,30,1,2,0,1,8,5,4,0,0,0,1,1,200,200,11,0,0,19,200
1,200,30,1,2,0,1,8,5,4,0,0,0,1,1,200,200,11,0,0,54,200
0,200,25,0,0,0,1,0,5,200,0,0,0,0,200,200,200,17,0,1,28,200
0,200,25,0,0,0,1,0,5,200,0,0,0,0,200,200,200,17,0,0,45,200
1,200,25,0,0,0,1,0,5,200,0,0,0,0,200,200,200,17,0,1,13,200
1,200,25,0,0,0,1,0,5,200,0,0,0,0,200,200,200,17,0,1,10,200
1,200,25,0,0,0,1,0,5,200,0,0,0,0,200,200,200,17,0,1,9,200
0,200,30,1,2,0,1,7,5,2,0,0,0,0,200,200,200,22,22,0,61,200
1,200,30,1,2,0,1,7,5,2,0,0,0,0,200,200,200,22,22,0,61,200
0,200,25,0,0,0,1,14,5,2,0,200,200,0,200,200,200,23,23,0,34,200
0,200,25,0,0,0,1,14,5,2,0,200,200,0,200,200,200,23,23,0,64,200
0,200,30,0,0,200,1,10,3,4,0,200,200,0,200,200,200,0,0,1,39,200
0,200,30,0,0,200,1,10,3,4,0,200,200,0,200,200,200,0,0,0,28,200
0,200,30,1,2,0,1,10,2,4,0,0,0,0,1,200,200,18,2,0,38,200
0,200,30,1,2,0,1,10,2,4,0,0,0,0,1,200,200,18,2,0,28,200
0,1,30,200,200,0,1,7,5,2,0,0,0,1,200,200,1,0,0,2,200,200
0,200,30,0,0,0,1,7,5,2,0,0,0,0,200,200,1,0,200,0,200,200
0,200,30,1,2,0,1,12,3,4,0,0,0,0,0,200,200,0,200,0,200,200
0,200,30,1,2,0,1,12,3,4,0,0,0,0,0,200,200,0,200,0,38,200
1,200,30,1,2,0,1,12,3,4,0,0,0,0,0,200,200,0,200,1,41,200
0,0,30,12,12,0,1,7,5,2,0,0,200,0,200,200,1,0,0,2,200,200
0,200,30,0,0,0,0,7,5,2,0,0,0,0,200,200,200,0,200,0,6,200
0,200,30,1,2,0,1,10,2,200,0,0,0,0,200,200,200,20,200,0,48,200
0,200,30,1,2,0,1,10,2,200,0,0,0,0,200,200,200,20,200,0,32,200
0,200,0,0,0,0,1,14,5,1,0,0,0,0,200,200,200,0,0,0,77,200
0,200,0,0,0,0,1,14,5,1,0,0,0,0,200,200,200,0,0,1,60,200
0,200,30,0,0,0,1,12,5,2,0,0,0,1,200,200,200,16,0,1,35,200
0,200,30,0,0,0,1,12,5,2,0,0,0,1,200,200,200,16,0,0,45,200
0,200,35,0,0,0,1,10,5,4,1,0,0,1,200,200,200,16,0,0,57,200
0,200,35,0,0,0,1,10,5,4,1,0,0,1,200,200,200,16,0,0,43,200
0,200,35,0,0,0,1,10,5,4,1,0,0,1,200,200,200,16,0,0,38,200
0,200,30,0,0,0,1,7,7,0,0,0,0,0,200,1,200,20,11,1,63,200
0,200,30,2,200,0,1,10,5,200,0,0,0,0,200,200,200,18,18,1,37,200
0,200,30,2,200,0,1,10,5,200,0,0,0,0,200,200,200,18,18,0,45,200
0,200,10,0,0,0,1,0,7,200,0,0,0,0,200,1,200,0,0,1,59,200
0,200,10,0,0,0,1,0,7,200,0,0,0,0,200,1,200,0,0,0,38,200
0,200,30,0,0,0,1,0,6,2,0,0,200,0,200,200,200,0,0,0,19,200
0,200,30,0,0,0,1,0,6,2,0,0,200,0,200,200,200,0,0,1,30,200
0,200,30,0,0,0,1,12,3,3,0,0,0,0,200,200,200,11,200,0,15,200
0,200,30,0,0,0,1,12,3,3,0,0,0,0,200,200,200,11,200,0,55,200
0,200,30,0,0,0,1,10,6,1,0,0,0,0,200,200,200,20,200,0,58,200
0,200,30,0,0,0,1,10,6,1,0,0,0,0,200,200,200,20,200,1,44,200
0,200,30,2,0,0,1,10,5,200,0,200,200,0,200,200,200,18,0,0,23,200
0,200,30,2,0,0,1,10,5,200,0,200,200,0,200,200,200,18,0,0,35,200
0,200,30,2,0,0,1,10,5,200,0,200,200,0,200,200,200,18,0,1,65,200
0,200,30,0,0,0,1,7,6,2,0,0,0,1,1,200,1,0,200,2,200,200
0,200,45,0,0,0,1,12,5,8,0,200,200,0,200,200,200,21,22,0,200,200
0,200,45,0,0,0,1,12,5,8,0,200,200,0,200,200,200,21,22,0,20,200
0,200,45,0,0,0,1,12,5,8,0,200,200,0,200,200,200,21,22,2,200,200
0,200,45,0,0,0,1,12,5,8,0,200,200,0,200,200,200,21,22,2,200,200
0,200,30,0,0,0,1,7,6,1,0,0,0,1,0,200,200,0,0,1,25,200
0,200,35,1,2,0,1,10,5,4,0,0,0,0,200,200,200,18,0,0,60,200
0,200,35,1,2,0,1,10,5,4,0,0,0,0,200,200,200,18,0,1,54,200
0,200,35,1,2,0,1,10,5,4,0,0,0,0,200,200,200,18,0,1,34,200
0,200,25,2,2,0,1,0,5,2,0,0,0,0,1,200,200,0,28,1,20,200
0,200,25,2,2,0,1,0,5,2,0,0,0,0,1,200,200,0,28,1,23,200
1,200,25,2,2,0,1,0,5,2,0,0,0,0,1,200,200,0,28,0,23,200
1,200,25,2,2,0,1,0,5,2,0,0,0,0,1,200,200,0,28,1,24,200
1,200,25,2,2,0,1,0,5,2,0,0,0,0,1,200,200,0,28,200,200,200
0,200,15,0,0,0,1,0,0,1,0,0,0,0,200,200,200,20,11,0,23,200
0,200,15,0,0,0,1,0,0,1,0,0,0,0,200,200,200,20,11,0,42,200
0,200,30,2,200,0,1,10,2,2,0,200,200,0,1,200,200,18,0,0,66,200
0,200,30,2,200,0,1,10,2,2,0,200,200,0,1,200,200,18,0,1,200,200
0,200,30,0,0,0,1,10,5,2,0,0,0,1,200,200,200,16,200,2,56,200
0,200,30,0,0,0,1,10,5,2,0,0,0,1,200,200,200,16,200,0,52,200
0,200,30,0,0,0,1,10,5,2,0,0,0,1,200,200,200,16,200,0,60,200
1,200,30,0,0,0,1,10,5,2,0,0,0,1,200,200,200,16,200,1,54,200
0,200,35,1,0,0,1,0,5,200,0,0,0,0,200,200,200,6,0,0,35,200
0,200,35,1,0,0,1,0,5,200,0,0,0,0,200,200,200,6,0,1,35,200
0,200,40,0,0,0,1,12,3,8,1,0,0,0,200,200,200,0,0,1,42,200
0,200,40,0,0,0,1,12,3,8,1,0,0,0,200,200,200,0,0,0,36,200
1,200,40,0,0,0,1,12,3,8,1,0,0,0,200,200,200,0,0,0,11,200
1,200,40,0,0,0,1,12,3,8,1,0,0,0,200,200,200,0,0,1,11,200
0,200,30,0,0,0,1,7,6,200,0,0,0,0,200,200,200,20,0,0,200,200
0,200,30,1,2,0,1,14,5,2,0,0,0,0,1,200,200,0,200,0,200,200
0,200,30,1,2,0,1,14,5,2,0,0,0,0,1,200,200,0,200,1,59,200
0,200,30,1,3,0,1,0,5,8,0,0,0,1,1,200,200,17,6,1,39,200
0,200,30,1,3,0,1,0,5,8,0,0,0,1,1,200,200,17,6,1,25,200
1,200,30,1,3,0,1,0,5,8,0,0,0,1,1,200,200,17,6,1,30,200
0,200,30,0,0,0,1,10,5,200,0,0,0,0,200,200,200,200,200,0,200,200
0,200,30,0,0,0,1,10,5,200,0,0,0,0,200,200,200,200,200,0,32,200
1,200,30,0,0,0,1,10,5,200,0,0,0,0,200,200,200,200,200,0,200,200
0,200,35,4,0,0,1,12,3,200,0,0,200,0,200,200,200,32,25,0,200,200
0,200,35,4,0,0,1,12,3,200,0,0,200,0,200,200,200,32,25,0,26,200
5,200,15,0,0,0,1,9,6,1,0,0,0,1,200,200,200,200,200,0,6,200
0,200,15,0,0,0,1,9,6,1,0,0,0,1,200,200,200,200,200,1,31,200
0,200,30,0,0,0,1,14,5,2,0,0,0,1,200,200,200,17,200,1,27,200
0,200,30,0,0,0,1,14,5,2,0,0,0,1,200,200,200,17,200,0,34,200
1,200,30,0,0,0,1,14,5,2,0,0,0,1,200,200,200,17,200,1,27,200
1,200,30,0,0,0,1,14,5,2,0,0,0,1,200,200,200,17,200,1,200,200
0,200,20,0,2,0,1,7,6,1,0,0,0,1,200,200,200,0,200,0,42,200
0,200,35,0,0,0,1,10,6,200,0,0,0,1,200,200,200,18,200,1,35,200
0,200,35,0,0,0,1,10,6,200,0,0,0,1,200,200,200,18,200,0,17,200
0,200,30,200,200,0,1,12,5,200,0,0,0,0,200,200,200,0,0,0,200,200
0,200,30,200,200,0,1,12,5,200,0,0,0,0,200,200,200,0,0,1,87,200
0,200,30,0,0,0,1,14,2,4,0,0,0,0,200,200,200,17,0,0,50,200
0,200,30,0,0,0,1,14,2,4,0,0,0,0,200,200,200,17,0,1,39,200
0,200,30,0,0,0,1,10,5,2,0,0,200,0,200,200,200,0,0,1,31,200
0,200,30,0,0,0,1,10,5,2,0,0,200,0,200,200,200,0,0,1,58,200
0,200,30,0,0,0,1,12,5,200,0,0,0,0,1,200,1,0,0,1,200,200
0,200,30,0,0,0,1,12,5,200,0,0,0,0,1,200,1,0,0,0,56,200
0,200,30,2,2,0,1,10,5,200,0,0,0,0,200,200,200,0,0,0,200,200
0,200,30,2,2,0,1,10,5,200,0,0,0,0,200,200,200,0,0,0,50,200
0,200,30,0,0,0,1,14,5,200,0,0,0,1,200,200,200,23,200,0,46,200
0,200,30,0,0,0,1,14,5,200,0,0,0,1,200,200,200,23,200,0,46,200
1,200,30,0,0,0,1,14,5,200,0,0,0,1,200,200,200,23,200,1,39,200
0,200,30,0,0,0,1,7,12,200,0,200,200,0,200,1,200,20,11,0,200,200
4,200,30,0,0,0,1,8,2,2,0,0,0,0,200,200,200,21,200,1,62,200
1,200,30,0,0,0,1,8,2,2,0,0,0,0,200,200,200,21,200,0,59,200
1,200,30,0,0,0,1,8,2,2,0,0,0,0,200,200,200,21,200,0,58,200
0,200,30,0,0,0,1,7,5,2,0,0,0,0,200,200,200,200,200,0,26,200
0,200,45,0,0,0,1,12,5,4,0,0,0,0,200,200,1,18,200,0,200,200
0,200,45,0,0,0,1,12,5,4,0,0,0,0,200,200,1,18,200,1,53,200
0,200,30,1,2,0,1,10,5,4,0,0,0,0,200,200,1,18,200,0,200,200
0,200,30,1,2,0,1,10,5,4,0,0,0,0,200,200,1,18,200,1,43,200
0,200,30,0,0,0,1,14,2,200,0,0,0,0,1,200,200,0,0,0,40,200
0,200,30,0,0,0,1,14,2,200,0,0,0,0,1,200,200,0,0,1,42,200
0,200,30,0,0,0,1,7,12,200,0,0,0,0,200,200,1,0,200,2,200,200
0,200,30,0,0,0,1,10,5,200,0,0,0,0,200,200,200,200,200,1,200,200
0,200,30,0,0,0,1,10,5,200,0,0,0,0,200,200,200,200,200,0,22,200
0,200,30,2,2,0,1,14,5,2,0,0,0,1,200,200,200,0,0,1,66,200
0,200,30,2,2,0,1,14,5,2,0,0,0,1,200,200,200,0,0,1,29,200
0,200,30,1,200,0,1,10,2,200,0,0,0,1,200,200,200,200,200,0,47,200
0,200,30,1,200,0,1,10,2,200,0,0,0,1,200,200,200,200,200,0,54,200
0,200,30,2,2,0,1,12,5,200,0,0,0,0,1,200,1,0,0,0,200,200
0,200,30,2,2,0,1,12,5,200,0,0,0,0,1,200,1,0,0,1,27,200
0,200,30,2,2,0,1,8,5,200,0,0,0,1,200,200,200,0,0,0,35,200
4,200,30,2,2,0,1,8,5,200,0,0,0,1,200,200,200,0,0,0,53,200
0,200,30,0,0,0,3,8,6,3,0,0,0,1,200,200,200,0,200,1,200,200
4,200,30,0,0,0,3,8,6,3,0,0,0,1,200,200,200,0,200,0,200,200
0,200,30,0,0,0,1,10,5,200,0,0,0,0,200,200,200,0,0,0,32,200
0,200,30,0,0,0,1,10,5,200,0,0,0,0,200,200,200,0,0,1,50,200
0,200,30,2,2,0,1,0,5,2,0,200,200,0,1,200,200,17,17,0,27,200
0,200,30,2,2,0,1,0,5,2,0,200,200,0,1,200,200,17,17,1,31,200
1,200,30,2,2,0,1,0,5,2,0,200,200,0,1,200,200,17,17,1,200,200
1,200,30,2,2,0,1,0,5,2,0,200,200,0,1,200,200,17,17,0,200,200
1,200,30,2,2,0,1,0,5,2,0,200,200,0,1,200,200,17,17,1,200,200
0,200,25,0,0,0,1,11,7,200,0,0,0,0,200,200,200,0,0,0,54,200
0,200,25,0,0,0,1,11,7,200,0,0,0,0,200,200,200,0,0,0,39,200
0,200,30,0,0,0,1,5,5,200,0,0,0,0,200,200,200,0,0,1,50,200
0,200,30,0,0,0,1,10,5,2,0,0,0,0,200,200,200,18,0,0,69,200
0,200,30,0,0,0,1,10,5,2,0,0,0,0,200,200,200,18,0,0,38,200
1,200,30,0,0,0,1,10,5,2,0,0,0,0,200,200,200,18,0,1,88,200
0,200,30,0,0,0,1,0,6,200,0,0,0,0,200,200,200,17,0,1,53,200
0,200,30,0,0,0,1,0,6,200,0,0,0,0,200,200,200,17,0,1,22,200
1,200,30,0,0,0,1,0,6,200,0,0,0,0,200,200,200,17,0,0,22,200
0,200,30,0,0,0,1,14,5,200,0,0,0,0,200,200,200,200,200,0,200,200
0,200,30,0,0,0,1,14,5,200,0,0,0,0,200,200,200,200,200,0,24,200
0,200,30,200,200,0,1,12,6,200,0,0,200,0,200,200,200,0,200,1,48,200
0,200,30,200,200,0,1,12,6,200,0,0,200,0,200,200,200,0,200,0,38,200
0,200,30,0,0,0,1,7,2,2,0,0,0,0,200,200,200,0,200,2,200,200
0,200,30,0,0,0,1,7,2,2,0,0,0,0,200,200,0,0,0,0,86,200
0,200,30,1,2,0,1,14,5,2,0,0,0,0,1,200,200,22,200,0,200,200
0,200,30,1,2,0,1,14,5,2,0,0,0,0,1,200,200,22,200,0,39,200
0,200,30,0,0,0,1,12,2,4,0,0,0,0,200,200,200,0,200,1,61,200
0,200,30,0,0,0,1,12,2,4,0,0,0,0,200,200,200,0,200,1,31,200
1,200,30,0,0,0,1,12,2,4,0,0,0,0,200,200,200,0,200,1,58,200
0,200,30,0,0,0,1,12,6,200,0,0,0,0,200,200,200,17,16,0,50,200
0,200,30,0,0,0,1,12,6,200,0,0,0,0,200,200,200,17,16,0,51,200
0,200,30,0,0,0,1,10,200,200,0,0,0,0,200,200,200,0,0,0,200,200
0,200,30,0,0,0,1,10,200,200,0,0,0,0,200,200,200,0,0,1,200,200
0,200,30,0,0,0,1,10,12,200,0,0,0,0,1,200,1,0,200,1,200,200
0,200,30,0,0,0,1,10,12,200,0,0,0,0,1,200,1,0,200,0,36,200
0,200,30,0,0,0,1,14,5,200,0,0,0,0,200,200,200,0,200,1,27,200
0,200,30,0,0,0,1,14,5,200,0,0,0,0,200,200,200,0,200,0,25,200
1,200,30,0,0,0,1,14,5,200,0,0,0,0,200,200,200,0,200,1,200,200
1,200,30,0,0,0,1,14,5,200,0,0,0,0,200,200,200,0,200,1,200,200
1,200,30,0,0,0,1,14,5,200,0,0,0,0,200,200,200,0,200,1,200,200
0,200,15,0,0,0,1,7,6,1,0,0,0,1,200,200,200,20,11,0,21,200
0,200,30,1,2,0,1,14,2,4,0,0,0,0,200,200,200,17,0,0,52,200
0,200,30,1,2,0,1,14,2,4,0,0,0,0,200,200,200,17,0,1,27,200
1,200,30,1,2,0,1,14,2,4,0,0,0,0,200,200,200,17,0,0,20,200
1,200,30,1,2,0,1,14,2,4,0,0,0,0,200,200,200,17,0,0,43,200
0,200,30,0,0,0,1,7,5,1,0,0,0,0,200,200,1,0,0,2,200,200
0,200,30,200,200,0,1,0,5,200,0,0,200,0,200,200,200,18,200,1,200,200
0,200,30,200,200,0,1,0,5,200,0,0,200,0,200,200,200,18,200,0,37,200
0,200,30,1,2,0,4,14,2,200,0,0,0,1,1,200,1,16,15,0,200,200
0,200,30,1,2,0,4,14,2,200,0,0,0,1,1,200,1,16,15,1,42,200
0,200,30,1,2,0,1,9,5,4,0,0,0,1,1,200,200,0,0,1,70,200
5,200,30,1,2,0,1,9,5,4,0,0,0,1,1,200,200,0,0,1,30,200
0,200,30,0,0,0,1,10,5,200,0,0,0,0,200,200,1,200,200,0,200,200
0,200,30,0,0,0,1,10,5,200,0,0,0,0,200,200,1,200,200,1,19,200
1,200,30,0,0,0,1,10,5,200,0,0,0,0,200,200,1,200,200,1,200,200
1,200,30,0,0,0,1,10,5,200,0,0,0,0,200,200,1,200,200,1,200,200
1,200,30,0,0,0,1,10,5,200,0,0,0,0,200,200,1,200,200,0,200,200
1,200,30,0,0,0,1,10,5,200,0,0,0,0,200,200,1,200,200,0,200,200
0,200,10,0,0,0,1,7,7,200,0,0,0,0,200,200,1,0,0,2,200,200
0,200,30,2,2,0,1,14,2,2,0,0,0,0,1,1,200,17,16,1,26,200
0,200,30,2,2,0,1,14,2,2,0,0,0,0,1,1,200,17,16,1,46,200
0,200,30,0,0,0,1,7,2,2,0,0,0,0,200,200,1,200,200,2,200,200
0,200,30,0,0,0,1,7,5,200,0,0,0,0,200,200,200,0,0,0,200,200
0,200,30,0,0,0,1,8,3,6,0,0,0,1,200,200,200,18,0,0,36,200
4,200,30,0,0,0,1,8,3,6,0,0,0,1,200,200,200,18,0,0,32,200
1,200,30,0,0,0,1,8,3,6,0,0,0,1,200,200,200,18,0,1,35,200
0,200,30,1,2,0,1,14,5,200,0,0,200,0,1,200,200,0,0,0,200,200
0,200,30,1,2,0,1,14,5,200,0,0,200,0,1,200,200,0,0,1,35,200
1,200,30,1,2,0,1,14,5,200,0,0,200,0,1,200,200,0,0,1,200,200
0,200,35,0,0,0,1,7,5,2,0,0,0,0,200,200,1,0,0,2,200,200
0,200,35,1,2,0,3,0,3,8,0,0,0,1,200,200,200,6,17,1,53,200
0,200,35,1,2,0,3,0,3,8,0,0,0,1,200,200,200,6,17,0,27,200
0,200,35,1,2,0,1,12,5,200,0,0,0,0,200,200,200,21,0,1,200,200
0,200,35,1,2,0,1,12,5,200,0,0,0,0,200,200,200,21,0,1,57,200
0,200,30,9,2,0,1,2,200,1,0,0,0,0,200,200,1,0,0,0,200,200
0,200,30,0,0,0,1,10,5,200,0,0,0,0,200,200,1,200,200,1,200,200
0,200,30,0,0,0,1,10,5,200,0,0,0,0,200,200,1,200,200,0,33,200
1,200,30,0,0,0,1,10,5,200,0,0,0,0,200,200,1,200,200,1,200,200
0,200,30,0,0,0,4,10,5,2,0,0,0,1,1,200,200,16,200,0,49,200
0,200,30,0,0,0,4,10,5,2,0,0,0,1,1,200,200,16,200,0,47,200
5,200,30,0,0,0,4,10,5,2,0,0,0,1,1,200,200,16,200,1,67,200
0,200,30,0,2,0,0,7,6,1,0,0,200,1,200,200,200,0,0,0,32,200
0,200,30,0,0,0,1,10,5,2,0,0,200,0,200,200,200,0,0,0,200,200
0,200,30,0,0,0,1,10,5,2,0,0,200,0,200,200,200,0,0,1,28,200
0,200,30,1,2,0,4,10,5,200,0,0,0,0,200,200,1,18,0,0,200,200
0,200,30,1,2,0,4,10,5,200,0,0,0,0,200,200,1,18,0,1,31,200
1,200,30,1,2,0,4,10,5,200,0,0,0,0,200,200,1,18,0,0,200,200
0,1,15,0,0,0,1,0,5,200,0,0,0,0,200,200,200,17,16,1,200,200
0,1,15,0,0,0,1,0,5,200,0,0,0,0,200,200,200,17,16,1,200,200
0,200,30,12,12,0,3,12,6,1,0,0,200,0,200,200,200,17,17,0,71,200
0,200,30,12,12,0,3,12,6,1,0,0,200,0,200,200,200,17,17,0,58,200
1,200,30,12,12,0,3,12,6,1,0,0,200,0,200,200,200,17,17,1,200,200
0,200,30,1,2,0,3,10,2,200,0,0,0,0,1,200,1,0,200,2,200,200
0,200,30,1,2,0,3,10,2,200,0,0,0,0,1,200,1,0,200,0,37,200
0,200,30,0,0,0,1,10,3,4,0,0,0,0,200,200,200,18,200,0,48,200
0,200,30,0,0,0,1,10,3,4,0,0,0,0,200,200,200,18,200,1,70,200
0,200,20,0,12,0,2,7,6,1,0,0,0,0,200,200,1,20,200,1,200,200
0,200,30,1,2,0,1,14,5,2,0,0,0,1,1,200,200,14,3,0,52,200
0,200,30,1,2,0,1,14,5,2,0,0,0,1,1,200,200,14,3,0,25,200
0,200,15,0,0,0,3,7,7,200,0,0,0,0,200,200,1,0,200,2,200,200
0,200,30,1,2,0,1,14,12,7,0,0,12,0,1,200,200,18,15,0,25,200
0,200,30,1,2,0,1,14,12,7,0,0,12,0,1,200,200,18,15,1,35,200
0,200,30,1,2,0,2,14,0,1,0,0,0,0,200,200,200,23,200,0,45,200
0,200,30,1,2,0,2,14,0,1,0,0,0,0,200,200,200,23,200,1,54,200
0,200,30,1,2,0,4,7,5,4,0,0,0,0,200,200,200,0,0,0,200,200
0,200,30,1,2,0,1,10,5,200,0,0,0,1,200,200,200,18,0,1,200,200
0,200,30,1,2,0,1,10,5,200,0,0,0,1,200,200,200,18,0,1,48,200
0,200,30,2,2,0,3,12,2,2,0,0,0,0,200,200,200,16,16,0,61,200
0,200,30,2,2,0,3,12,2,2,0,0,0,0,200,200,200,16,16,0,49,200
0,200,30,0,0,0,0,7,5,2,0,0,0,0,200,200,200,7,200,1,32,200
0,1,30,0,0,0,3,7,5,200,0,0,0,0,200,200,1,0,200,2,200,200
0,200,30,2,2,0,3,9,5,2,0,0,0,1,200,200,1,5,17,0,200,200
5,200,30,2,2,0,3,9,5,2,0,0,0,1,200,200,1,5,17,1,26,200
1,200,30,2,2,0,3,9,5,2,0,0,0,1,200,200,1,5,17,1,200,200
0,200,35,0,0,0,3,12,5,200,0,0,0,0,200,200,200,7,0,0,53,200
0,200,35,0,0,0,3,12,5,200,0,0,0,0,200,200,200,7,0,0,44,200
0,200,30,0,0,200,1,4,2,200,0,200,1,0,200,200,200,29,200,0,64,200
3,200,30,0,0,200,1,4,2,200,0,200,1,0,200,200,200,29,200,200,200,200
0,200,30,0,0,0,1,10,5,4,0,0,0,1,200,200,200,7,16,0,29,200
0,200,30,0,0,0,1,10,5,4,0,0,0,1,200,200,200,7,16,0,30,200
0,200,30,1,2,0,3,12,6,3,0,0,0,0,200,200,200,21,0,1,23,200
0,200,30,1,2,0,3,12,6,3,0,0,0,0,200,200,200,21,0,0,57,200
0,200,30,1,2,0,3,12,6,3,0,0,0,0,200,200,200,21,0,0,53,200
1,200,30,1,2,0,3,12,6,3,0,0,0,0,200,200,200,21,0,1,25,200
1,200,30,1,2,0,3,12,6,3,0,0,0,0,200,200,200,21,0,0,9,200
1,200,30,1,2,0,3,12,6,3,0,0,0,0,200,200,200,21,0,0,8,200
1,200,30,1,2,0,3,12,6,3,0,0,0,0,200,200,200,21,0,0,28,200
0,1,30,1,2,0,3,14,3,200,0,0,0,1,1,1,200,6,23,1,20,200
0,1,30,1,2,0,3,14,3,200,0,0,0,1,1,1,200,6,23,0,23,200
0,200,10,0,0,0,3,0,7,200,0,0,0,0,200,200,200,20,200,1,26,200
0,200,10,0,0,0,3,0,7,200,0,0,0,0,200,200,200,20,200,0,40,200
1,200,10,0,0,0,3,0,7,200,0,0,0,0,200,200,200,20,200,1,200,200
1,200,10,0,0,0,3,0,7,200,0,0,0,0,200,200,200,20,200,1,200,200
0,200,30,0,0,0,1,10,5,2,0,0,0,1,200,200,200,18,0,1,43,200
0,200,30,0,0,0,1,10,5,2,0,0,0,1,200,200,200,18,0,0,43,200
0,1,30,12,2,0,3,12,5,2,0,0,0,0,1,200,1,22,16,0,200,200
0,1,30,12,2,0,3,12,5,2,0,0,0,0,1,200,1,22,16,1,51,200
1,1,30,12,2,0,3,12,5,2,0,0,0,0,1,200,1,22,16,0,200,200
0,200,30,1,1,0,3,12,6,3,0,0,200,0,200,200,200,21,200,0,200,200
0,200,30,1,1,0,3,12,6,3,0,0,200,0,200,200,200,21,200,0,53,200
0,200,30,0,0,0,3,7,5,4,0,0,0,1,200,200,200,27,200,0,27,200
0,200,30,1,200,0,3,8,5,2,0,0,0,1,200,200,1,17,200,0,200,200
4,200,30,1,200,0,3,8,5,2,0,0,0,1,200,200,1,17,200,0,35,200
0,200,30,0,0,0,3,10,3,4,0,0,0,1,200,200,200,16,0,0,25,200
0,200,30,0,0,0,3,10,3,4,0,0,0,1,200,200,200,16,0,0,26,200
0,200,30,200,200,0,4,10,5,4,0,0,200,0,200,200,200,18,200,0,56,200
0,200,30,200,200,0,4,10,5,4,0,0,200,0,200,200,200,18,200,0,24,200
0,200,15,0,0,0,200,0,5,2,0,0,200,0,200,200,200,23,200,0,46,200
0,200,15,0,0,0,200,0,5,2,0,0,200,0,200,200,200,23,200,1,17,200
0,200,30,0,0,0,1,7,6,1,0,0,0,0,200,200,1,0,200,2,200,200
0,200,35,0,0,0,3,7,5,2,0,0,0,1,200,200,200,16,0,1,19,200
0,200,30,0,0,0,3,7,5,200,0,0,0,0,200,200,200,0,0,1,36,200
1,200,30,0,0,0,3,7,5,200,0,0,0,0,200,200,200,0,0,1,200,200
0,200,30,0,0,0,3,7,5,2,0,200,0,0,200,200,200,0,200,0,52,200
0,200,30,0,0,0,3,7,6,1,0,0,0,1,1,200,200,16,16,0,29,200
5,200,30,0,0,0,3,7,6,1,0,0,0,1,1,200,200,16,16,1,45,200
0,200,30,0,0,0,3,10,5,200,0,0,0,0,200,200,200,18,0,1,29,200
0,200,30,0,0,0,3,10,5,200,0,0,0,0,200,200,200,18,0,0,60,200
1,200,30,0,0,0,3,10,5,200,0,0,0,0,200,200,200,18,0,200,200,200
0,200,30,1,2,0,3,10,5,2,0,0,0,0,200,200,1,16,14,2,200,200
0,200,30,1,2,0,3,10,5,2,0,0,0,0,200,200,1,16,14,0,0,200
1,200,30,1,2,0,3,10,5,2,0,0,0,0,200,200,1,16,14,0,32,200
1,200,30,1,2,0,3,10,5,2,0,0,0,0,200,200,1,16,14,0,28,200
1,200,30,1,2,0,3,10,5,2,0,0,0,0,200,200,1,16,14,200,5,200
0,200,30,0,0,0,3,12,6,1,0,0,0,1,200,200,1,0,0,1,27,200
0,200,30,0,0,0,3,12,6,1,0,0,0,1,200,200,1,0,0,0,56,200
0,200,10,0,0,0,3,7,7,0,0,0,0,0,200,200,1,20,0,1,39,200
0,200,35,0,0,0,3,2,3,200,0,0,0,0,200,200,200,0,200,0,27,200
0,1,25,0,0,0,200,7,6,1,0,0,0,0,200,200,1,200,200,2,200,200
0,200,20,0,0,0,3,9,5,2,0,0,4,0,200,200,200,20,200,0,29,200
5,200,20,0,0,0,3,9,5,2,0,0,4,0,200,200,200,20,200,0,22,200
1,200,20,0,0,0,3,9,5,2,0,0,4,0,200,200,200,20,200,1,36,200
1,200,20,0,0,0,3,9,5,2,0,0,4,0,200,200,200,20,200,1,200,200
1,200,20,0,0,0,3,9,5,2,0,0,4,0,200,200,200,20,200,1,200,200
0,200,30,1,2,0,3,12,2,2,0,0,0,0,200,200,200,22,11,0,200,200
0,200,30,1,2,0,3,12,2,2,0,0,0,0,200,200,200,22,11,0,31,200
1,200,30,1,2,0,3,12,2,2,0,0,0,0,200,200,200,22,11,1,26,200