PERSON_TYPE,CRASH_DATE_EST_I,POSTED_SPEED_LIMIT,TRAFFIC_CONTROL_DEVICE,DEVICE_CONDITION,WEATHER_CONDITION,LIGHTING_CONDITION,FIRST_CRASH_TYPE,TRAFFICWAY_TYPE,LANE_CNT,ALIGNMENT,ROADWAY_SURFACE_COND,ROAD_DEFECT,CRASH_TYPE,INTERSECTION_RELATED_I,NOT_RIGHT_OF_WAY_I,HIT_AND_RUN_I,PRIM_CONTRIBUTORY_CAUSE,SEC_CONTRIBUTORY_CAUSE,SEX,AGE,BAC_RESULT VALUE
0,200,30,2,0,0,3,0,5,1,0,0,0,0,200,200,200,5,16,0,200,200
0,200,30,2,0,0,3,0,5,1,0,0,0,0,200,200,200,5,16,0,45,200
0,200,30,0,0,0,3,12,6,1,0,0,0,0,200,200,200,200,200,1,22,200
0,200,30,0,0,0,3,12,6,1,0,0,0,0,200,200,200,200,200,0,22,200
1,200,30,0,0,0,3,12,6,1,0,0,0,0,200,200,200,200,200,0,200,200
0,200,30,1,2,0,3,0,5,4,0,0,200,1,1,200,1,17,17,0,200,200
0,200,30,1,2,0,3,0,5,4,0,0,200,1,1,200,1,17,17,1,35,200
0,200,35,1,2,0,1,10,3,200,0,0,0,0,200,200,200,18,200,1,45,200
0,200,35,1,2,0,1,10,3,200,0,0,0,0,200,200,200,18,200,1,29,200
0,200,30,2,1,0,0,14,2,200,0,200,200,0,1,200,200,0,200,0,47,200
0,200,30,2,1,0,0,14,2,200,0,200,200,0,1,200,200,0,200,0,45,200
1,200,30,2,1,0,0,14,2,200,0,200,200,0,1,200,200,0,200,1,200,200
0,0,15,0,0,0,0,7,5,1,0,0,3,0,200,0,1,0,0,2,200,200
0,200,30,0,0,0,1,12,2,200,0,0,0,0,200,200,200,22,0,1,29,200
0,200,30,0,0,0,1,12,2,200,0,0,0,0,200,200,200,22,0,0,54,200
0,200,25,0,0,0,1,7,6,1,0,0,0,1,200,200,1,0,200,0,200,200
0,200,30,1,2,0,1,0,2,0,0,0,0,1,1,200,200,6,16,0,56,200
0,200,30,1,2,0,1,0,2,0,0,0,0,1,1,200,200,6,16,1,49,200
0,200,30,0,0,0,2,7,6,1,0,0,0,0,200,200,200,20,0,0,51,200
0,200,30,0,0,0,1,12,5,4,0,0,0,0,200,200,1,200,200,2,200,200
0,200,30,0,0,0,1,12,5,4,0,0,0,0,200,200,1,200,200,0,72,200
0,200,30,1,2,0,1,12,5,4,0,0,0,0,200,200,1,0,0,0,200,200
0,200,30,1,2,0,1,12,5,4,0,0,0,0,200,200,1,0,0,1,0,200
0,200,30,1,2,0,1,0,5,200,0,0,0,1,1,200,200,6,25,0,27,200
0,200,30,1,2,0,1,0,5,200,0,0,0,1,1,200,200,6,25,0,59,200
0,200,30,0,0,0,1,12,12,2,0,0,0,0,1,200,200,17,11,0,59,200
0,200,30,0,0,0,1,12,12,2,0,0,0,0,1,200,200,17,11,0,26,200
0,200,30,1,2,0,1,0,2,0,0,0,0,0,1,200,200,6,16,1,42,200
0,200,30,1,2,0,1,0,2,0,0,0,0,0,1,200,200,6,16,1,26,200
0,200,30,0,0,0,1,7,6,1,0,0,0,0,200,200,200,20,200,0,200,200
0,200,30,2,2,0,1,12,5,200,1,0,200,0,200,200,200,22,0,0,200,200
0,200,30,2,2,0,1,12,5,200,1,0,200,0,200,200,200,22,0,0,51,200
0,200,30,2,2,0,1,12,5,200,1,0,200,0,200,200,200,22,0,0,200,200
0,200,30,1,2,0,1,10,5,4,0,0,0,0,200,200,200,18,0,0,50,200
0,200,30,1,2,0,1,10,5,4,0,0,0,0,200,200,200,18,0,1,35,200
0,200,30,1,2,0,1,8,2,200,0,0,0,1,1,200,200,17,11,0,41,200
4,200,30,1,2,0,1,8,2,200,0,0,0,1,1,200,200,17,11,1,32,200
0,200,30,0,0,0,1,14,2,200,0,0,0,1,200,200,0,23,200,1,27,200
0,200,30,0,0,0,1,14,2,200,0,0,0,1,200,200,0,23,200,0,24,200
1,200,30,0,0,0,1,14,2,200,0,0,0,1,200,200,0,23,200,1,21,200
1,200,30,0,0,0,1,14,2,200,0,0,0,1,200,200,0,23,200,0,16,200
0,200,30,0,0,0,1,7,5,2,0,0,200,0,200,200,1,20,0,2,200,200
0,0,30,0,0,0,1,7,6,1,0,0,200,0,200,200,1,0,200,2,200,200
0,200,30,0,0,0,3,7,6,1,0,0,0,1,200,200,1,0,200,2,200,200
0,200,30,1,2,0,1,14,5,4,0,0,0,1,1,200,200,0,0,1,0,200
0,200,30,1,2,0,1,14,5,4,0,0,0,1,1,200,200,0,0,1,33,200
0,200,30,1,2,0,1,14,5,4,0,0,0,1,1,200,200,0,0,1,26,200
0,200,30,1,2,0,1,12,5,200,0,0,0,0,200,200,200,0,0,0,28,200
0,200,30,1,2,0,1,12,5,200,0,0,0,0,200,200,200,0,0,0,55,200
0,200,30,0,0,0,1,11,5,200,0,0,0,0,200,200,200,0,0,0,42,200
0,200,30,0,0,0,1,11,5,200,0,0,0,0,200,200,200,0,0,1,27,200
0,1,25,0,0,0,1,0,12,4,0,0,0,0,0,200,200,22,0,0,41,200
0,1,25,0,0,0,1,0,12,4,0,0,0,0,0,200,200,22,0,0,34,200
0,200,30,0,0,0,1,0,7,200,0,0,0,0,200,1,200,20,200,0,63,200
0,200,30,0,0,0,1,0,7,200,0,0,0,0,200,1,200,20,200,0,17,200
0,200,35,1,2,0,1,14,2,200,0,0,0,0,200,200,200,23,200,0,36,200
0,200,35,1,2,0,1,14,2,200,0,0,0,0,200,200,200,23,200,0,45,200
0,200,25,0,0,0,1,12,5,2,0,0,0,0,200,200,200,22,16,1,31,200
0,200,25,0,0,0,1,12,5,2,0,0,0,0,200,200,200,22,16,0,34,200
0,200,40,0,0,0,1,10,3,4,2,0,0,1,200,200,200,9,16,1,28,200
0,200,40,0,0,0,1,10,3,4,2,0,0,1,200,200,200,9,16,1,24,200
0,200,40,0,0,0,1,10,3,4,2,0,0,1,200,200,200,9,16,1,32,200
0,200,20,0,0,0,1,7,5,200,0,0,0,0,200,200,1,0,200,2,200,200
0,200,30,1,2,0,1,10,5,200,0,0,0,0,200,200,200,16,17,1,26,200
0,200,30,1,2,0,1,10,5,200,0,0,0,0,200,200,200,16,17,1,44,200
0,200,30,1,2,0,1,10,6,4,0,0,0,0,200,200,200,18,200,1,30,200
0,200,30,1,2,0,1,10,6,4,0,0,0,0,200,200,200,18,200,0,50,200
0,1,30,1,200,6,1,0,2,2,0,200,200,1,1,200,200,17,16,0,33,200
0,1,30,1,200,6,1,0,2,2,0,200,200,1,1,200,200,17,16,1,56,200
0,200,30,2,2,0,1,8,5,200,0,0,3,0,1,200,200,23,17,0,200,200
4,200,30,2,2,0,1,8,5,200,0,0,3,0,1,200,200,23,17,0,32,200
0,200,30,0,0,0,1,10,5,200,0,0,0,1,200,200,200,16,0,0,18,200
0,200,30,0,0,0,1,10,5,200,0,0,0,1,200,200,200,16,0,1,29,200
0,200,30,0,0,0,1,10,5,200,0,0,0,1,200,200,200,16,0,1,60,200
0,200,30,0,0,0,1,10,5,200,0,0,0,1,200,200,200,16,0,0,66,200
0,200,30,1,2,0,1,10,5,1,0,0,0,0,200,200,200,11,18,0,19,200
0,200,30,1,2,0,1,10,5,1,0,0,0,0,200,200,200,11,18,0,62,200
1,200,30,1,2,0,1,10,5,1,0,0,0,0,200,200,200,11,18,1,19,200
1,200,30,1,2,0,1,10,5,1,0,0,0,0,200,200,200,11,18,0,55,200
1,200,30,1,2,0,1,10,5,1,0,0,0,0,200,200,200,11,18,0,33,200
0,200,40,0,0,0,1,12,3,8,0,0,0,0,200,200,200,11,200,1,32,200
0,200,40,0,0,0,1,12,3,8,0,0,0,0,200,200,200,11,200,1,57,200
1,200,40,0,0,0,1,12,3,8,0,0,0,0,200,200,200,11,200,1,62,200
0,200,30,1,2,0,1,10,2,3,0,0,0,0,200,200,200,18,0,0,29,200
0,200,30,1,2,0,1,10,2,3,0,0,0,0,200,200,200,18,0,1,35,200
0,200,30,0,0,0,1,10,5,2,0,0,0,1,200,200,200,16,200,1,0,200
0,200,30,0,0,0,1,10,5,2,0,0,0,1,200,200,200,16,200,0,52,200
0,200,30,0,0,0,1,12,2,4,0,0,0,0,200,200,200,21,17,0,63,200
0,200,30,0,0,0,1,12,2,4,0,0,0,0,200,200,200,21,17,1,20,200
1,200,30,0,0,0,1,12,2,4,0,0,0,0,200,200,200,21,17,1,21,200
0,200,30,1,2,0,1,12,5,4,0,0,0,0,200,200,200,22,17,0,54,200
0,200,30,1,2,0,1,12,5,4,0,0,0,0,200,200,200,22,17,1,38,200
1,200,30,1,2,0,1,12,5,4,0,0,0,0,200,200,200,22,17,0,35,200
0,200,30,0,0,0,0,7,6,1,0,0,0,0,200,200,1,0,200,2,200,200
0,200,30,1,2,0,1,12,2,2,0,0,0,0,1,200,1,22,200,0,200,200
0,200,30,1,2,0,1,12,2,2,0,0,0,0,1,200,1,22,200,1,36,200
1,200,30,1,2,0,1,12,2,2,0,0,0,0,1,200,1,22,200,1,200,200
0,200,30,0,0,0,1,7,3,4,0,0,0,0,200,200,1,0,200,1,200,200
1,200,30,0,0,0,1,7,3,4,0,0,0,0,200,200,1,0,200,0,54,200
0,200,30,1,2,0,3,14,12,200,0,0,0,0,1,200,1,6,200,1,200,200
0,200,30,1,2,0,3,14,12,200,0,0,0,0,1,200,1,6,200,0,22,200
1,200,30,1,2,0,3,14,12,200,0,0,0,0,1,200,1,6,200,1,23,200
0,200,30,1,2,0,1,7,5,2,0,0,0,0,200,200,200,22,27,1,59,200
0,200,35,1,2,0,1,14,5,4,0,0,0,0,200,200,200,18,200,0,60,200
0,200,35,1,2,0,1,14,5,4,0,0,0,0,200,200,200,18,200,0,66,200
1,200,35,1,2,0,1,14,5,4,0,0,0,0,200,200,200,18,200,0,200,200
1,200,30,1,2,0,1,14,3,4,0,0,0,0,1,200,200,17,0,200,200,200
1,200,30,1,2,0,1,14,3,4,0,0,0,0,1,200,200,17,0,200,200,200
0,200,30,1,2,0,1,14,3,4,0,0,0,0,1,200,200,17,0,0,74,200
0,200,30,1,2,0,1,14,3,4,0,0,0,0,1,200,200,17,0,0,23,200
1,200,30,1,2,0,1,14,3,4,0,0,0,0,1,200,200,17,0,200,200,200
1,200,30,1,2,0,1,14,3,4,0,0,0,0,1,200,200,17,0,1,40,200
1,200,30,1,2,0,1,14,3,4,0,0,0,0,1,200,200,17,0,200,200,200
1,200,30,1,2,0,1,14,3,4,0,0,0,0,1,200,200,17,0,200,200,200
1,200,30,1,2,0,1,14,3,4,0,0,0,0,1,200,200,17,0,200,200,200
1,200,30,1,2,0,1,14,3,4,0,0,0,0,1,200,200,17,0,200,200,200
1,200,30,1,2,0,1,14,3,4,0,0,0,0,1,200,200,17,0,200,200,200
1,200,30,1,2,0,1,14,3,4,0,0,0,0,1,200,200,17,0,200,200,200
1,200,30,1,2,0,1,14,3,4,0,0,0,0,1,200,200,17,0,200,200,200
1,200,30,1,2,0,1,14,3,4,0,0,0,0,1,200,200,17,0,200,200,200
1,200,30,1,2,0,1,14,3,4,0,0,0,0,1,200,200,17,0,200,200,200
1,200,30,1,2,0,1,14,3,4,0,0,0,0,1,200,200,17,0,200,200,200
1,200,30,1,2,0,1,14,3,4,0,0,0,0,1,200,200,17,0,200,200,200
1,200,30,1,2,0,1,14,3,4,0,0,0,0,1,200,200,17,0,200,200,200
1,200,30,1,2,0,1,14,3,4,0,0,0,0,1,200,200,17,0,200,200,200
1,200,30,1,2,0,1,14,3,4,0,0,0,0,1,200,200,17,0,200,200,200
1,200,30,1,2,0,1,14,3,4,0,0,0,0,1,200,200,17,0,200,200,200
1,200,30,1,2,0,1,14,3,4,0,0,0,0,1,200,200,17,0,200,200,200
1,200,30,1,2,0,1,14,3,4,0,0,0,0,1,200,200,17,0,200,200,200
1,200,30,1,2,0,1,14,3,4,0,0,0,0,1,200,200,17,0,200,200,200
1,200,30,1,2,0,1,14,3,4,0,0,0,0,1,200,200,17,0,200,200,200
1,200,30,1,2,0,1,14,3,4,0,0,0,0,1,200,200,17,0,200,200,200
1,200,30,1,2,0,1,14,3,4,0,0,0,0,1,200,200,17,0,200,200,200
1,200,30,1,2,0,1,14,3,4,0,0,0,0,1,200,200,17,0,200,200,200
1,200,30,1,2,0,1,14,3,4,0,0,0,0,1,200,200,17,0,200,200,200
1,200,30,1,2,0,1,14,3,4,0,0,0,0,1,200,200,17,0,200,200,200
1,200,30,1,2,0,1,14,3,4,0,0,0,0,1,200,200,17,0,200,200,200
1,200,30,1,2,0,1,14,3,4,0,0,0,0,1,200,200,17,0,200,200,200
1,200,30,1,2,0,1,14,3,4,0,0,0,0,1,200,200,17,0,200,200,200
1,200,30,1,2,0,1,14,3,4,0,0,0,0,1,200,200,17,0,200,200,200
1,200,30,1,2,0,1,14,3,4,0,0,0,0,1,200,200,17,0,200,200,200
1,200,30,1,2,0,1,14,3,4,0,0,0,0,1,200,200,17,0,200,200,200
1,200,30,1,2,0,1,14,3,4,0,0,0,0,1,200,200,17,0,200,200,200
1,200,30,1,2,0,1,14,3,4,0,0,0,0,1,200,200,17,0,200,200,200
1,200,30,1,2,0,1,14,3,4,0,0,0,0,1,200,200,17,0,200,200,200
1,200,30,1,2,0,1,14,3,4,0,0,0,0,1,200,200,17,0,200,200,200
1,200,30,1,2,0,1,14,3,4,0,0,0,0,1,200,200,17,0,200,200,200
1,200,30,1,2,0,1,14,3,4,0,0,0,0,1,200,200,17,0,200,200,200
0,200,25,0,0,0,1,7,5,2,0,0,0,0,200,200,1,0,200,2,200,200
0,200,0,1,2,0,1,14,5,200,0,0,0,0,200,200,200,23,11,0,29,200
0,200,0,1,2,0,1,14,5,200,0,0,0,0,200,200,200,23,11,0,43,200
0,200,30,0,0,0,1,10,2,200,0,0,0,1,200,200,200,18,7,1,52,200
0,200,30,0,0,0,1,10,2,200,0,0,0,1,200,200,200,18,7,0,71,200
0,200,20,1,2,0,1,3,3,6,0,0,0,1,1,200,200,6,200,0,26,200
0,200,20,1,2,0,1,3,3,6,0,0,0,1,1,200,200,6,200,0,36,200
1,200,20,1,2,0,1,3,3,6,0,0,0,1,1,200,200,6,200,0,74,200
0,200,30,1,2,0,1,12,2,2,0,0,0,0,1,200,1,22,16,1,25,200
0,200,30,1,2,0,1,12,2,2,0,0,0,0,1,200,1,22,16,0,44,200
0,200,30,0,0,0,1,12,5,200,0,0,0,0,200,200,200,17,16,0,0,200
0,200,30,0,0,0,1,12,5,200,0,0,0,0,200,200,200,17,16,0,25,200
0,200,30,1,2,0,1,10,5,200,0,0,0,0,200,200,200,18,0,1,52,200
0,200,30,1,2,0,1,10,5,200,0,0,0,0,200,200,200,18,0,1,57,200
0,1,30,0,0,0,0,7,5,200,0,0,0,0,200,200,1,0,0,2,200,200
0,200,30,0,0,0,1,7,5,1,0,0,0,0,200,200,1,0,0,2,200,200
0,200,30,0,0,0,1,7,5,2,0,0,0,0,200,200,200,18,0,0,45,200
0,1,30,0,0,0,1,7,2,200,0,0,0,0,200,200,1,0,0,2,200,200
0,200,30,0,0,0,1,12,2,200,0,0,0,1,200,200,1,21,200,0,200,200
0,200,30,0,0,0,1,12,2,200,0,0,0,1,200,200,1,21,200,1,61,200
1,200,30,0,0,0,1,12,2,200,0,0,0,1,200,200,1,21,200,0,66,200
1,200,30,0,0,0,1,12,2,200,0,0,0,1,200,200,1,21,200,1,54,200
0,200,30,0,0,0,1,12,5,200,0,0,0,0,200,200,200,0,200,0,26,200
0,200,30,0,0,0,1,12,5,200,0,0,0,0,200,200,200,0,200,1,83,200
1,200,30,0,0,0,1,12,5,200,0,0,0,0,200,200,200,0,200,1,22,200
1,200,30,0,0,0,1,12,5,200,0,0,0,0,200,200,200,0,200,1,77,200
0,200,30,0,0,0,1,7,7,200,0,0,0,0,200,200,200,20,200,0,200,200
0,200,30,2,2,0,1,0,5,2,0,0,0,1,1,200,200,17,200,1,27,200
0,200,30,2,2,0,1,0,5,2,0,0,0,1,1,200,200,17,200,0,56,200
1,200,30,2,2,0,1,0,5,2,0,0,0,1,1,200,200,17,200,1,28,200
0,1,30,0,0,200,4,7,5,2,0,200,0,0,200,200,1,0,200,2,200,200
0,200,30,0,0,0,1,7,0,1,0,0,0,0,200,200,1,0,0,2,200,200
0,200,30,0,0,0,1,10,5,2,0,0,0,1,200,200,200,18,200,1,26,200
0,200,30,0,0,0,1,10,5,2,0,0,0,1,200,200,200,18,200,1,45,200
0,200,30,200,0,0,1,14,5,4,0,0,0,0,1,200,200,0,0,1,44,200
0,200,30,200,0,0,1,14,5,4,0,0,0,0,1,200,200,0,0,0,21,200
0,200,30,0,0,0,1,7,5,2,0,0,0,0,200,200,200,20,0,0,63,200
0,200,35,0,0,0,1,0,5,200,0,0,0,0,200,200,1,0,0,0,51,200
0,200,35,0,0,0,1,0,5,200,0,0,0,0,200,200,1,0,0,2,200,200
0,200,30,0,0,0,1,14,1,4,0,0,0,1,200,200,200,23,200,0,66,200
0,200,30,0,0,0,1,14,1,4,0,0,0,1,200,200,200,23,200,1,40,200
1,200,30,0,0,0,1,14,1,4,0,0,0,1,200,200,200,23,200,0,42,200
0,200,25,0,0,0,1,7,6,1,0,0,0,0,200,200,1,0,0,2,200,200
0,200,30,0,0,0,1,9,5,2,0,0,0,1,200,200,200,20,17,0,49,200
5,200,30,0,0,0,1,9,5,2,0,0,0,1,200,200,200,20,17,1,73,200
1,200,30,0,0,0,1,9,5,2,0,0,0,1,200,200,200,20,17,1,200,200
1,200,30,0,0,0,1,9,5,2,0,0,0,1,200,200,200,20,17,1,200,200
0,200,30,1,2,0,1,12,12,4,0,12,12,0,200,200,200,200,200,0,69,200
0,200,30,1,2,0,1,12,12,4,0,12,12,0,200,200,200,200,200,0,26,200
1,200,30,1,2,0,1,12,12,4,0,12,12,0,200,200,200,200,200,2,200,200
0,200,30,0,0,0,1,7,2,2,0,0,0,0,200,200,1,200,200,2,200,200
0,200,25,1,2,0,1,10,5,200,0,0,0,0,1,200,1,200,23,1,43,200
0,200,25,1,2,0,1,10,5,200,0,0,0,0,1,200,1,200,23,0,200,200
0,200,35,0,0,0,1,7,5,200,0,0,0,0,200,200,1,0,0,2,200,200
0,200,30,0,0,0,1,7,6,1,0,0,0,0,200,200,200,0,0,0,74,200
1,200,30,0,0,0,1,7,6,1,0,0,0,0,200,200,200,0,0,1,44,200
1,200,30,0,0,0,1,7,6,1,0,0,0,0,200,200,200,0,0,0,11,200
0,200,35,1,2,0,1,10,2,200,0,0,0,0,200,200,200,18,200,0,41,200
0,200,35,1,2,0,1,10,2,200,0,0,0,0,200,200,200,18,200,0,35,200
0,200,30,2,2,0,1,10,6,200,0,0,0,1,1,200,200,0,200,0,63,200
0,200,30,2,2,0,1,10,6,200,0,0,0,1,1,200,200,0,200,0,53,200
0,200,30,0,0,0,1,12,200,2,0,0,0,0,200,200,200,17,17,0,200,200
0,200,30,0,0,0,1,12,200,2,0,0,0,0,200,200,200,17,17,0,27,200
0,200,30,0,0,0,1,12,2,200,0,0,0,0,200,200,200,17,17,0,84,200
0,200,30,0,0,0,1,12,2,200,0,0,0,0,200,200,200,17,17,1,70,200
1,200,30,0,0,0,1,12,2,200,0,0,0,0,200,200,200,17,17,1,68,200
0,200,30,0,0,0,1,12,2,2,0,1,0,0,200,200,200,22,0,0,26,200
0,200,30,0,0,0,1,12,2,2,0,1,0,0,200,200,200,22,0,0,47,200
0,200,35,0,0,0,1,14,5,2,0,0,0,0,1,200,200,23,21,0,50,200
0,200,35,0,0,0,1,14,5,2,0,0,0,0,1,200,200,23,21,0,36,200
0,1,30,1,2,0,1,14,4,200,0,0,0,1,200,200,200,22,22,0,33,200
0,1,30,1,2,0,1,14,4,200,0,0,0,1,200,200,200,22,22,0,28,200
0,200,30,1,2,0,1,12,1,2,0,0,0,0,1,200,200,21,11,0,31,200
0,200,30,1,2,0,1,12,1,2,0,0,0,0,1,200,200,21,11,0,25,200
0,200,30,1,2,0,1,12,6,4,0,0,0,0,200,200,1,21,200,0,200,200
0,200,30,1,2,0,1,12,6,4,0,0,0,0,200,200,1,21,200,0,73,200
0,200,30,0,0,200,200,7,200,200,0,200,200,0,200,200,1,0,200,2,200,200
0,200,20,0,0,0,1,10,6,1,0,0,200,0,200,200,200,0,20,0,30,200
0,200,20,0,0,0,1,10,6,1,0,0,200,0,200,200,200,0,20,0,27,200
0,200,30,1,2,0,1,10,5,4,0,0,0,0,200,200,200,22,18,0,26,200
0,200,30,1,2,0,1,10,5,4,0,0,0,0,200,200,200,22,18,1,29,200
1,200,30,1,2,0,1,10,5,4,0,0,0,0,200,200,200,22,18,1,14,200
1,200,30,1,2,0,1,10,5,4,0,0,0,0,200,200,200,22,18,1,7,200
1,200,30,1,2,0,1,10,5,4,0,0,0,0,200,200,200,22,18,0,0,200
1,200,30,1,2,0,1,10,5,4,0,0,0,0,200,200,200,22,18,0,2,200
1,200,30,1,2,0,1,10,5,4,0,0,0,0,200,200,200,22,18,1,200,200
0,1,25,0,0,0,1,7,6,200,0,0,0,0,200,200,1,16,0,2,200,200
0,200,30,0,0,0,1,7,2,200,0,0,0,0,200,200,200,0,0,0,30,200
0,200,30,0,200,0,1,7,5,2,0,0,0,1,200,200,1,25,25,0,23,200
0,200,30,1,2,0,1,10,3,8,0,0,0,1,1,200,200,8,11,0,53,200
0,200,30,1,2,0,1,10,3,8,0,0,0,1,1,200,200,8,11,0,50,200
0,200,30,1,2,0,1,10,2,200,0,0,0,0,200,200,200,18,17,0,200,200
0,200,30,1,2,0,1,10,2,200,0,0,0,0,200,200,200,18,17,0,58,200
0,200,35,1,2,0,1,10,2,200,0,0,0,0,200,200,200,18,22,1,200,200
0,200,35,1,2,0,1,10,2,200,0,0,0,0,200,200,200,18,22,0,52,200
0,200,0,0,0,0,1,12,6,3,0,0,0,0,200,200,200,22,21,2,200,200
0,200,0,0,0,0,1,12,6,3,0,0,0,0,200,200,200,22,21,0,33,200
1,200,0,0,0,0,1,12,6,3,0,0,0,0,200,200,200,22,21,1,200,200
0,200,30,0,0,0,1,2,5,200,0,0,0,0,200,0,200,0,200,0,67,200
0,200,30,1,2,0,1,12,5,4,0,0,0,0,1,200,200,21,16,1,21,200
0,200,30,1,2,0,1,12,5,4,0,0,0,0,1,200,200,21,16,1,46,200
1,200,30,1,2,0,1,12,5,4,0,0,0,0,1,200,200,21,16,1,16,200
1,200,30,1,2,0,1,12,5,4,0,0,0,0,1,200,200,21,16,1,10,200
0,200,35,1,2,0,1,14,2,200,0,0,0,0,1,200,200,23,200,0,35,200
0,200,35,1,2,0,1,14,2,200,0,0,0,0,1,200,200,23,200,0,18,200
1,200,35,1,2,0,1,14,2,200,0,0,0,0,1,200,200,23,200,1,18,200
0,200,30,9,0,0,1,10,5,4,0,0,0,1,200,200,200,18,0,1,28,200
0,200,30,9,0,0,1,10,5,4,0,0,0,1,200,200,200,18,0,0,81,200
0,200,30,9,0,0,1,10,5,4,0,0,0,1,200,200,200,18,0,0,32,200
0,200,30,0,0,0,1,11,5,2,0,0,0,0,200,200,1,0,0,2,200,200
0,200,30,0,0,0,1,11,5,2,0,0,0,0,200,200,1,0,0,0,41,200
0,200,30,2,2,0,1,9,6,2,0,0,0,1,1,200,200,17,16,0,49,200
5,200,30,2,2,0,1,9,6,2,0,0,0,1,1,200,200,17,16,1,27,200
4,200,30,0,0,0,1,8,0,200,0,0,0,0,200,200,1,33,21,1,200,200
0,200,30,0,0,0,1,8,0,200,0,0,0,0,200,200,1,33,21,1,26,200
0,200,30,0,0,0,1,10,5,2,0,0,0,0,200,200,200,18,18,0,200,200
0,200,30,0,0,0,1,10,5,2,0,0,0,0,200,200,200,18,18,0,62,200
0,200,25,0,0,0,1,0,6,200,0,0,0,1,200,200,1,17,200,0,200,200
0,200,25,0,0,0,1,0,6,200,0,0,0,1,200,200,1,17,200,0,48,200
0,200,30,0,0,0,1,14,6,1,0,0,0,0,200,200,200,17,16,1,53,200
0,200,30,0,0,0,1,14,6,1,0,0,0,0,200,200,200,17,16,1,23,200
0,200,30,0,0,0,1,7,5,2,0,0,0,1,200,200,200,18,0,0,60,200
0,200,30,0,0,0,1,2,2,4,0,0,0,1,1,1,200,16,11,0,42,200
0,200,30,0,0,200,200,7,6,1,0,200,200,1,200,200,1,0,200,2,200,200
0,1,30,0,0,0,1,7,2,4,0,0,0,0,200,200,200,22,200,0,19,200
0,200,30,0,0,0,1,10,2,200,0,0,0,0,1,200,200,18,200,0,47,200
0,200,30,0,0,0,1,10,2,200,0,0,0,0,1,200,200,18,200,0,52,200
0,200,30,1,2,0,1,10,5,4,0,0,0,1,200,200,200,7,200,0,25,200
0,200,30,1,2,0,1,10,5,4,0,0,0,1,200,200,200,7,200,1,22,200
0,200,30,1,2,0,1,0,2,200,0,0,0,1,1,200,200,6,200,1,52,200
0,200,30,1,2,0,1,0,2,200,0,0,0,1,1,200,200,6,200,0,26,200
0,200,30,1,2,0,1,0,2,200,0,0,0,1,1,200,200,6,200,0,64,200
0,200,30,0,200,0,1,14,5,4,0,0,200,0,200,200,200,17,0,0,31,200
0,200,30,0,200,0,1,14,5,4,0,0,200,0,200,200,200,17,0,0,32,200
0,200,30,0,0,0,1,7,2,2,0,0,0,0,200,200,200,23,16,0,39,200
1,200,30,0,0,0,1,7,2,2,0,0,0,0,200,200,200,23,16,0,42,200
0,200,30,0,0,0,1,0,1,200,0,0,0,0,200,200,200,21,200,1,61,200
0,200,30,0,0,0,1,0,1,200,0,0,0,0,200,200,200,21,200,1,41,200
0,200,30,200,2,0,1,0,2,200,0,0,0,1,1,200,200,17,200,1,20,200
0,200,30,200,2,0,1,0,2,200,0,0,0,1,1,200,200,17,200,0,39,200
0,200,30,200,2,0,1,0,2,200,0,0,0,1,1,200,200,17,200,0,37,200
1,200,30,200,2,0,1,0,2,200,0,0,0,1,1,200,200,17,200,1,200,200
0,200,35,1,2,0,1,10,5,200,0,0,0,0,1,200,200,0,200,0,200,200
0,200,35,1,2,0,1,10,5,200,0,0,0,0,1,200,200,0,200,1,36,200
1,200,35,1,2,0,1,10,5,200,0,0,0,0,1,200,200,0,200,0,200,200
1,200,35,1,2,0,1,10,5,200,0,0,0,0,1,200,200,0,200,1,3,200
0,200,15,0,0,0,1,0,7,200,0,0,200,0,200,1,200,0,200,0,71,200
0,200,15,0,0,0,1,0,7,200,0,0,200,0,200,1,200,0,200,1,23,200
0,200,30,2,2,0,1,0,5,200,0,0,0,0,1,200,200,0,0,1,43,200
0,200,30,2,2,0,1,0,5,200,0,0,0,0,1,200,200,0,0,1,74,200
0,200,30,1,2,0,1,14,3,0,0,0,0,0,200,200,200,0,0,0,200,200
0,200,30,1,2,0,1,14,3,0,0,0,0,0,200,200,200,0,0,1,200,200
0,200,5,0,0,0,1,3,7,1,4,0,0,0,200,200,1,20,200,1,200,200
0,200,5,0,0,0,1,3,7,1,4,0,0,0,200,200,1,20,200,1,33,200
1,200,5,0,0,0,1,3,7,1,4,0,0,0,200,200,1,20,200,1,200,200
0,200,30,0,0,0,1,12,8,2,0,0,0,0,200,200,200,22,17,0,30,200
0,200,30,0,0,0,1,12,8,2,0,0,0,0,200,200,200,22,17,1,39,200
0,200,10,0,0,0,1,7,6,1,0,0,0,0,200,200,1,0,0,2,200,200
0,200,35,0,3,0,1,12,3,200,0,0,0,0,200,200,200,22,200,0,60,200
0,200,35,0,3,0,1,12,3,200,0,0,0,0,200,200,200,22,200,0,31,200
0,200,30,1,2,0,1,12,2,4,0,0,0,0,200,200,200,21,200,0,18,200
0,200,30,1,2,0,1,12,2,4,0,0,0,0,200,200,200,21,200,0,48,200
0,200,30,1,2,0,1,14,5,4,2,0,0,1,200,200,200,23,23,0,33,200