PERSON_TYPE,CRASH_DATE_EST_I,POSTED_SPEED_LIMIT,TRAFFIC_CONTROL_DEVICE,DEVICE_CONDITION,WEATHER_CONDITION,LIGHTING_CONDITION,FIRST_CRASH_TYPE,TRAFFICWAY_TYPE,LANE_CNT,ALIGNMENT,ROADWAY_SURFACE_COND,ROAD_DEFECT,CRASH_TYPE,INTERSECTION_RELATED_I,NOT_RIGHT_OF_WAY_I,HIT_AND_RUN_I,PRIM_CONTRIBUTORY_CAUSE,SEC_CONTRIBUTORY_CAUSE,SEX,AGE,BAC_RESULT VALUE
0,200,30,1,2,0,1,14,5,4,2,0,0,1,200,200,200,23,23,0,29,200
0,200,30,1,2,0,1,14,5,4,2,0,0,1,200,200,200,23,23,0,32,200
1,200,30,1,2,0,1,14,5,4,2,0,0,1,200,200,200,23,23,0,55,200
0,200,30,1,2,0,1,14,5,200,0,0,2,0,200,200,1,0,0,0,200,200
0,200,30,1,2,0,1,14,5,200,0,0,2,0,200,200,1,0,0,0,19,200
0,200,30,1,2,0,1,10,2,2,0,0,0,0,1,200,200,200,200,0,64,200
0,200,30,1,2,0,1,10,2,2,0,0,0,0,1,200,200,200,200,1,200,200
1,200,30,1,2,0,1,10,2,2,0,0,0,0,1,200,200,200,200,1,19,200
0,200,30,0,0,0,1,12,2,200,0,0,0,0,200,200,200,17,200,0,36,200
0,200,30,0,0,0,1,12,2,200,0,0,0,0,200,200,200,17,200,0,65,200
0,200,30,0,0,0,1,14,5,200,0,0,0,0,200,200,1,35,200,0,200,200
0,200,30,0,0,0,1,14,5,200,0,0,0,0,200,200,1,35,200,0,41,200
0,200,20,0,0,0,1,0,5,200,0,0,0,1,1,200,200,10,16,0,24,200
0,200,20,0,0,0,1,0,5,200,0,0,0,1,1,200,200,10,16,0,45,200
1,200,20,0,0,0,1,0,5,200,0,0,0,1,1,200,200,10,16,2,19,200
0,200,25,0,0,0,1,12,5,200,0,0,0,0,200,200,200,11,200,1,45,200
0,200,25,0,0,0,1,12,5,200,0,0,0,0,200,200,200,11,200,0,68,200
0,200,30,0,0,0,1,7,7,200,0,0,0,0,200,200,200,0,200,2,200,200
0,200,30,1,2,0,1,10,5,200,0,0,0,1,1,200,200,18,200,1,32,200
0,200,30,1,2,0,1,10,5,200,0,0,0,1,1,200,200,18,200,1,26,200
1,200,30,1,2,0,1,10,5,200,0,0,0,1,1,200,200,18,200,0,29,200
0,200,30,0,0,0,1,11,5,200,2,0,200,0,200,200,200,23,200,1,40,200
0,200,30,0,0,0,1,11,5,200,2,0,200,0,200,200,200,23,200,0,30,200
1,200,30,0,0,0,1,11,5,200,2,0,200,0,200,200,200,23,200,1,200,200
1,200,30,0,0,0,1,11,5,200,2,0,200,0,200,200,200,23,200,0,200,200
0,200,30,0,0,0,1,14,5,2,0,0,0,0,200,200,200,17,200,1,20,200
0,200,30,0,0,0,1,14,5,2,0,0,0,0,200,200,200,17,200,1,39,200
0,200,20,0,0,0,1,4,200,1,0,0,200,1,200,200,200,0,0,0,43,200
0,200,30,1,2,0,1,10,5,2,0,0,0,0,200,200,200,7,18,0,24,200
0,200,30,1,2,0,1,10,5,2,0,0,0,0,200,200,200,7,18,1,53,200
0,200,30,2,2,0,1,0,2,200,0,0,0,0,1,200,200,33,200,0,55,200
0,200,30,2,2,0,1,0,2,200,0,0,0,0,1,200,200,33,200,1,24,200
1,200,30,2,2,0,1,0,2,200,0,0,0,0,1,200,200,33,200,1,200,200
0,200,30,1,2,0,1,14,2,5,0,0,0,0,1,200,200,0,200,1,0,200
0,200,30,1,2,0,1,14,2,5,0,0,0,0,1,200,200,0,200,0,65,200
1,200,30,1,2,0,1,14,2,5,0,0,0,0,1,200,200,0,200,1,64,200
0,200,30,0,0,0,1,9,2,2,0,0,0,1,1,200,200,33,200,0,54,200
5,200,30,0,0,0,1,9,2,2,0,0,0,1,1,200,200,33,200,0,17,200
0,200,30,1,2,0,1,14,2,200,0,0,0,0,1,200,200,17,16,0,62,200
0,200,30,1,2,0,1,14,2,200,0,0,0,0,1,200,200,17,16,1,87,200
0,200,30,0,0,0,1,7,6,200,0,0,0,0,200,200,1,0,0,2,200,200
0,200,30,12,12,0,1,12,5,200,0,0,0,0,200,200,200,17,17,0,33,200
0,200,30,12,12,0,1,12,5,200,0,0,0,0,200,200,200,17,17,0,68,200
0,200,30,1,2,0,1,10,6,200,0,0,0,0,200,200,200,0,0,0,200,200
0,200,30,1,2,0,1,10,6,200,0,0,0,0,200,200,200,0,0,0,200,200
0,200,30,0,0,0,1,12,5,200,0,0,0,0,200,200,200,0,0,0,44,200
0,200,30,0,0,0,1,12,5,200,0,0,0,0,200,200,200,0,0,1,31,200
0,1,30,1,2,0,1,10,5,200,0,0,0,0,200,200,1,16,18,0,67,200
0,1,30,1,2,0,1,10,5,200,0,0,0,0,200,200,1,16,18,0,200,200
1,1,30,1,2,0,1,10,5,200,0,0,0,0,200,200,1,16,18,200,200,200
0,1,30,0,0,0,1,14,2,2,0,0,0,1,200,200,200,21,23,0,63,200
0,1,30,0,0,0,1,14,2,2,0,0,0,1,200,200,200,21,23,0,35,200
0,200,5,0,0,0,1,0,7,0,0,0,0,0,200,200,200,20,200,0,60,200
0,200,5,0,0,0,1,0,7,0,0,0,0,0,200,200,200,20,200,1,33,200
0,200,30,1,2,0,1,8,5,200,0,0,0,1,0,200,1,0,200,0,200,200
4,200,30,1,2,0,1,8,5,200,0,0,0,1,0,200,1,0,200,0,25,200
0,200,25,2,200,0,1,0,5,2,0,0,0,1,1,200,200,17,0,0,69,200
0,200,25,2,200,0,1,0,5,2,0,0,0,1,1,200,200,17,0,1,31,200
1,200,25,2,200,0,1,0,5,2,0,0,0,1,1,200,200,17,0,0,33,200
0,200,30,0,3,0,1,0,12,0,0,0,0,0,200,200,1,17,11,2,200,200
0,200,30,0,3,0,1,0,12,0,0,0,0,0,200,200,1,17,11,1,55,200
0,200,30,0,0,0,1,7,5,200,0,0,0,0,200,200,200,11,200,0,55,200
0,200,30,2,2,0,1,0,5,2,0,0,0,1,1,200,200,5,200,0,20,200
0,200,30,2,2,0,1,0,5,2,0,0,0,1,1,200,200,5,200,0,45,200
0,200,30,0,0,0,1,14,5,200,0,0,0,0,200,200,1,200,200,2,200,200
0,200,30,0,0,0,1,14,5,200,0,0,0,0,200,200,1,200,200,1,21,200
0,200,30,200,200,0,1,14,5,200,0,0,0,1,1,200,200,16,16,1,75,200
0,200,30,200,200,0,1,14,5,200,0,0,0,1,1,200,200,16,16,1,20,200
0,200,30,0,0,0,1,12,5,200,0,0,0,0,200,200,200,0,0,1,64,200
0,200,30,0,0,0,1,12,5,200,0,0,0,0,200,200,200,0,0,0,54,200
0,200,30,0,0,0,1,12,2,4,0,0,0,1,200,200,200,23,0,0,200,200
0,200,30,0,0,0,1,12,2,4,0,0,0,1,200,200,200,23,0,1,53,200
0,200,30,0,0,0,1,12,2,4,0,0,0,1,200,200,200,23,0,1,44,200
1,200,30,0,0,0,1,12,2,4,0,0,0,1,200,200,200,23,0,1,17,200
1,200,30,0,0,0,1,12,2,4,0,0,0,1,200,200,200,23,0,0,16,200
1,200,30,0,0,0,1,12,2,4,0,0,0,1,200,200,200,23,0,200,9,200
1,200,30,0,0,0,1,12,2,4,0,0,0,1,200,200,200,23,0,200,8,200
0,200,30,2,2,0,1,0,5,200,0,0,0,0,200,200,1,5,200,1,200,200
0,200,30,2,2,0,1,0,5,200,0,0,0,0,200,200,1,5,200,0,45,200
0,0,30,2,2,0,1,14,3,2,0,0,0,1,200,200,200,17,17,0,50,200
0,0,30,2,2,0,1,14,3,2,0,0,0,1,200,200,200,17,17,0,33,200
0,1,15,0,0,0,1,10,7,200,0,0,0,0,200,200,1,0,0,0,200,200
0,1,15,0,0,0,1,10,7,200,0,0,0,0,200,200,1,0,0,0,59,200
0,200,30,0,0,0,1,8,5,200,0,200,200,1,200,200,1,0,200,0,200,200
4,200,30,0,0,0,1,8,5,200,0,200,200,1,200,200,1,0,200,0,15,200
0,200,15,2,2,0,1,0,5,2,0,0,0,0,1,200,200,17,16,0,54,200
0,200,15,2,2,0,1,0,5,2,0,0,0,0,1,200,200,17,16,1,46,200
1,200,15,2,2,0,1,0,5,2,0,0,0,0,1,200,200,17,16,0,53,200
0,200,30,0,0,0,1,12,2,200,0,0,0,0,200,200,1,0,0,0,200,200
0,200,30,0,0,0,1,12,2,200,0,0,0,0,200,200,1,0,0,0,38,200
0,200,30,0,0,0,1,10,3,200,0,0,200,0,200,200,200,18,17,0,59,200
0,200,30,0,0,0,1,10,3,200,0,0,200,0,200,200,200,18,17,0,26,200
0,200,30,0,0,0,1,0,0,200,0,0,0,0,200,200,200,17,16,0,17,200
0,200,30,0,0,0,1,0,0,200,0,0,0,0,200,200,200,17,16,0,20,200
0,200,0,0,0,0,1,7,7,200,0,0,200,0,200,200,1,0,0,1,200,200
0,200,30,0,0,0,1,7,7,200,0,0,0,0,200,200,1,200,200,2,200,200
0,200,30,0,0,0,1,12,3,200,0,0,0,1,200,200,200,21,16,0,50,200
0,200,30,0,0,0,1,12,3,200,0,0,0,1,200,200,200,21,16,0,62,200
0,200,30,1,2,0,1,14,8,2,0,0,200,0,1,200,200,23,0,0,49,200
0,200,30,1,2,0,1,14,8,2,0,0,200,0,1,200,200,23,0,1,37,200
1,200,30,1,2,0,1,14,8,2,0,0,200,0,1,200,200,23,0,0,200,200
0,200,30,1,2,0,1,9,2,4,0,0,0,1,1,200,200,33,200,0,41,200
5,200,30,1,2,0,1,9,2,4,0,0,0,1,1,200,200,33,200,1,39,200
0,200,30,0,0,0,1,7,6,1,0,0,0,1,200,200,1,10,200,2,200,200
0,200,30,0,0,0,1,9,5,2,0,0,0,1,200,200,1,0,0,1,200,200
5,200,30,0,0,0,1,9,5,2,0,0,0,1,200,200,1,0,0,0,15,200
1,200,30,0,0,0,1,9,5,2,0,0,0,1,200,200,1,0,0,200,200,200
0,200,30,0,0,0,1,12,2,4,0,0,0,0,200,200,200,22,22,0,65,200
0,200,30,0,0,0,1,12,2,4,0,0,0,0,200,200,200,22,22,1,46,200
0,200,30,0,0,0,1,10,5,2,0,0,0,1,1,200,200,0,200,1,23,200
0,200,30,0,0,0,1,10,5,2,0,0,0,1,1,200,200,0,200,1,32,200
1,200,30,0,0,0,1,10,5,2,0,0,0,1,1,200,200,0,200,1,10,200
0,200,20,0,0,0,1,7,7,200,0,0,0,0,200,200,1,0,0,2,200,200
0,200,30,1,2,0,1,10,5,200,0,0,0,1,200,200,200,18,200,0,47,200
0,200,30,1,2,0,1,10,5,200,0,0,0,1,200,200,200,18,200,0,60,200
0,200,30,2,0,0,1,10,5,2,2,1,0,1,200,200,1,16,11,1,200,200
0,200,30,2,0,0,1,10,5,2,2,1,0,1,200,200,1,16,11,1,62,200
0,200,25,0,0,0,1,10,5,200,0,0,0,0,200,200,200,200,200,0,200,200
0,200,25,0,0,0,1,10,5,200,0,0,0,0,200,200,200,200,200,1,32,200
0,200,30,1,200,0,1,8,5,2,0,0,200,1,1,200,200,0,200,0,37,200
4,200,30,1,200,0,1,8,5,2,0,0,200,1,1,200,200,0,200,0,37,200
0,200,30,12,0,0,1,12,2,200,0,0,0,0,200,200,200,0,33,0,65,200
0,200,30,12,0,0,1,12,2,200,0,0,0,0,200,200,200,0,33,0,24,200
0,200,30,2,2,0,1,14,5,4,0,0,200,1,1,200,200,5,0,0,24,200
0,200,30,2,2,0,1,14,5,4,0,0,200,1,1,200,200,5,0,1,64,200
0,200,15,0,0,200,200,7,7,200,0,0,200,0,200,1,1,0,200,2,200,200
0,200,30,0,0,0,1,7,6,1,0,0,0,0,200,200,1,25,200,2,200,200
0,200,20,0,0,0,1,10,5,2,0,0,0,0,200,200,200,18,200,0,67,200
0,200,20,0,0,0,1,10,5,2,0,0,0,0,200,200,200,18,200,1,64,200
0,200,30,0,0,0,1,14,5,2,0,0,0,0,200,200,200,17,17,1,64,200
0,200,30,0,0,0,1,14,5,2,0,0,0,0,200,200,200,17,17,0,47,200
0,200,30,1,2,0,1,10,5,2,0,0,0,0,200,200,1,18,16,1,200,200
0,200,30,1,2,0,1,10,5,2,0,0,0,0,200,200,1,18,16,1,26,200
1,200,30,1,2,0,1,10,5,2,0,0,0,0,200,200,1,18,16,1,200,200
0,200,30,0,0,0,1,7,5,200,0,0,200,0,200,200,1,14,14,1,200,200
1,200,30,0,0,0,1,7,5,200,0,0,200,0,200,200,1,14,14,1,28,200
0,200,30,0,0,0,1,14,5,2,0,0,200,0,200,200,200,23,200,0,19,200
0,200,30,0,0,0,1,14,5,2,0,0,200,0,200,200,200,23,200,0,69,200
0,200,30,1,2,0,1,7,5,200,0,1,0,0,200,200,200,21,21,0,37,200
1,200,30,1,2,0,1,7,5,200,0,1,0,0,200,200,200,21,21,0,200,200
0,200,30,0,0,0,1,11,2,200,0,0,200,1,200,200,200,10,0,0,38,200
0,200,30,0,0,0,1,11,2,200,0,0,200,1,200,200,200,10,0,1,41,200
1,200,30,0,0,0,1,11,2,200,0,0,200,1,200,200,200,10,0,1,200,200
1,200,30,0,0,0,1,11,2,200,0,0,200,1,200,200,200,10,0,1,43,200
0,200,30,0,0,0,1,10,5,200,0,0,0,0,200,200,200,0,200,0,37,200
0,200,30,0,0,0,1,10,5,200,0,0,0,0,200,200,200,0,200,0,65,200
0,200,35,1,2,0,1,12,2,2,0,0,0,0,1,200,200,0,0,0,34,200
0,200,35,1,2,0,1,12,2,2,0,0,0,0,1,200,200,0,0,0,59,200
1,200,35,1,2,0,1,12,2,2,0,0,0,0,1,200,200,0,0,1,55,200
1,200,35,1,2,0,1,12,2,2,0,0,0,0,1,200,200,0,0,0,8,200
0,200,30,1,1,0,1,0,5,200,0,0,0,1,1,200,1,6,14,0,35,200
0,200,30,1,1,0,1,0,5,200,0,0,0,1,1,200,1,6,14,1,55,200
1,200,30,1,1,0,1,0,5,200,0,0,0,1,1,200,1,6,14,0,33,200
1,200,30,1,1,0,1,0,5,200,0,0,0,1,1,200,1,6,14,0,35,200
0,200,30,1,200,0,1,14,2,4,0,0,200,0,1,200,200,22,0,1,38,200
0,200,30,1,200,0,1,14,2,4,0,0,200,0,1,200,200,22,0,1,43,200
1,200,30,1,200,0,1,14,2,4,0,0,200,0,1,200,200,22,0,1,200,200
0,200,5,2,12,0,1,11,7,2,0,0,0,0,200,200,200,6,0,1,42,200
0,200,5,2,12,0,1,11,7,2,0,0,0,0,200,200,200,6,0,0,28,200
0,200,35,0,0,0,1,8,5,2,0,0,200,0,200,200,1,0,0,1,200,200
4,200,35,0,0,0,1,8,5,2,0,0,200,0,200,200,1,0,0,0,17,200
0,1,30,0,0,0,1,7,5,4,0,0,0,1,200,200,200,0,200,1,83,200
0,200,15,0,0,0,1,7,7,200,0,0,0,0,200,200,1,0,0,2,200,200
0,200,30,0,0,0,1,12,5,200,0,0,0,0,200,200,200,21,200,0,48,200
0,200,30,0,0,0,1,12,5,200,0,0,0,0,200,200,200,21,200,1,42,200
0,200,25,0,0,0,1,7,6,1,0,0,0,0,200,200,200,0,0,2,200,200
0,200,30,2,2,0,1,0,5,4,0,0,0,0,200,200,1,0,0,0,200,200
0,200,30,2,2,0,1,0,5,4,0,0,0,0,200,200,1,0,0,0,200,200
1,200,30,2,2,0,1,0,5,4,0,0,0,0,200,200,1,0,0,1,200,200
0,200,30,0,0,0,1,10,5,200,0,0,0,0,200,200,200,200,200,1,200,200
0,200,30,0,0,0,1,10,5,200,0,0,0,0,200,200,200,200,200,0,62,200
0,200,30,1,2,0,1,10,5,2,0,0,0,0,1,200,200,0,0,0,46,200
0,200,30,1,2,0,1,10,5,2,0,0,0,0,1,200,200,0,0,1,37,200
4,200,30,0,0,0,1,8,4,0,0,0,0,1,200,200,200,200,200,0,22,200
0,200,30,0,0,0,1,8,4,0,0,0,0,1,200,200,200,200,200,0,36,200
0,200,10,0,0,0,1,14,7,0,0,0,0,1,200,1,200,8,8,1,54,200
0,200,10,0,0,0,1,14,7,0,0,0,0,1,200,1,200,8,8,0,38,200
0,200,30,0,0,0,1,11,5,200,0,0,200,0,200,200,1,0,0,0,200,200
0,200,30,0,0,0,1,11,5,200,0,0,200,0,200,200,1,0,0,1,60,200
0,200,30,1,12,0,1,10,2,200,0,12,200,0,200,200,200,0,0,0,20,200
0,200,30,1,12,0,1,10,2,200,0,12,200,0,200,200,200,0,0,0,53,200
0,200,30,1,12,0,1,10,2,200,0,12,200,0,200,200,200,0,0,0,57,200
0,200,30,0,200,0,1,0,2,2,0,0,0,1,200,200,200,5,14,0,29,200
0,200,30,0,200,0,1,0,2,2,0,0,0,1,200,200,200,5,14,0,54,200
0,200,30,1,2,0,1,14,5,2,0,200,200,0,200,200,200,22,22,1,51,200
0,200,30,1,2,0,1,14,5,2,0,200,200,0,200,200,200,22,22,0,36,200
1,200,30,1,2,0,1,14,5,2,0,200,200,0,200,200,200,22,22,1,200,200
0,200,10,0,0,0,1,10,0,200,0,0,0,0,200,200,200,20,200,0,73,200
0,200,10,0,0,0,1,10,0,200,0,0,0,0,200,200,200,20,200,1,63,200
0,200,30,1,2,0,1,10,2,3,0,0,200,0,1,200,1,18,0,0,200,200
0,200,30,1,2,0,1,10,2,3,0,0,200,0,1,200,1,18,0,1,37,200
1,200,30,1,2,0,1,10,2,3,0,0,200,0,1,200,1,18,0,1,200,200
0,200,30,0,0,0,1,7,6,200,0,0,0,0,200,200,200,0,200,1,40,200
0,200,30,1,2,0,1,14,5,200,0,0,2,0,200,200,1,17,200,0,200,200
0,200,30,1,2,0,1,14,5,200,0,0,2,0,200,200,1,17,200,0,34,200
0,200,30,0,0,0,1,9,6,1,0,0,200,1,200,200,1,0,0,0,200,200
5,200,30,0,0,0,1,9,6,1,0,0,200,1,200,200,1,0,0,1,42,200
0,200,30,0,0,0,1,0,5,200,0,0,0,0,200,200,200,0,0,1,200,200
0,200,30,0,0,0,1,0,5,200,0,0,0,0,200,200,200,0,0,0,41,200
0,200,30,0,0,0,1,10,7,200,0,0,0,0,200,200,200,200,200,1,200,200
0,200,30,0,0,0,1,10,7,200,0,0,0,0,200,200,200,200,200,0,17,200
4,200,30,2,2,0,1,8,2,2,0,0,0,1,1,200,200,5,200,0,21,200
0,200,30,2,2,0,1,8,2,2,0,0,0,1,1,200,200,5,200,0,56,200
0,200,30,0,0,0,1,14,5,4,0,0,0,0,200,200,200,25,0,1,39,200
0,200,30,0,0,0,1,14,5,4,0,0,0,0,200,200,200,25,0,1,20,200
0,200,10,0,0,0,1,14,7,200,0,200,200,0,200,1,200,0,200,1,29,200
0,200,10,0,0,0,1,14,7,200,0,200,200,0,200,1,200,0,200,1,50,200
0,200,30,1,2,0,1,14,2,2,0,0,0,0,1,200,200,17,0,0,60,200
0,200,30,1,2,0,1,14,2,2,0,0,0,0,1,200,200,17,0,0,51,200
0,200,15,0,0,0,1,7,7,200,0,0,12,0,200,200,200,0,11,0,52,200
0,200,30,0,0,0,1,12,2,2,0,0,0,0,200,200,200,22,200,1,54,200
0,200,30,0,0,0,1,12,2,2,0,0,0,0,200,200,200,22,200,1,40,200
0,200,30,1,2,0,1,10,5,200,0,0,0,0,200,200,1,0,0,2,200,200
0,200,30,1,2,0,1,10,5,200,0,0,0,0,200,200,1,0,0,0,61,200
0,200,25,0,0,0,1,7,5,2,0,0,0,0,200,200,1,23,200,0,200,200
0,200,30,0,0,0,1,14,3,2,0,0,0,1,1,200,200,0,0,0,56,200
0,200,30,0,0,0,1,14,3,2,0,0,0,1,1,200,200,0,0,0,30,200
1,200,30,0,0,0,1,14,3,2,0,0,0,1,1,200,200,0,0,0,55,200
0,200,15,0,0,0,1,10,7,200,0,0,0,0,200,1,200,20,200,1,70,200
0,200,15,0,0,0,1,10,7,200,0,0,0,0,200,1,200,20,200,0,68,200
0,200,30,0,0,0,1,8,3,200,0,0,0,0,200,200,200,0,0,0,200,200
4,200,30,0,0,0,1,8,3,200,0,0,0,0,200,200,200,0,0,0,200,200
0,200,30,3,12,0,1,10,2,4,0,0,0,1,0,200,200,0,200,1,29,200
0,200,30,3,12,0,1,10,2,4,0,0,0,1,0,200,200,0,200,1,64,200
1,200,30,3,12,0,1,10,2,4,0,0,0,1,0,200,200,0,200,1,20,200
0,200,30,0,0,0,1,12,5,200,0,0,0,0,1,200,1,17,200,1,200,200
0,200,30,0,0,0,1,12,5,200,0,0,0,0,1,200,1,17,200,1,53,200
0,200,30,0,0,0,1,10,2,2,0,0,0,0,200,200,200,20,0,0,38,200
0,200,30,0,0,0,1,10,2,2,0,0,0,0,200,200,200,20,0,0,21,200
0,1,30,0,0,0,1,14,2,2,0,0,0,0,200,200,200,23,22,0,33,200
0,1,30,0,0,0,1,14,2,2,0,0,0,0,200,200,200,23,22,0,38,200
0,200,25,2,2,0,1,10,5,200,0,0,0,0,1,200,1,20,0,0,22,200
0,200,25,2,2,0,1,10,5,200,0,0,0,0,1,200,1,20,0,0,200,200
0,200,25,1,2,0,1,14,2,4,3,0,0,0,1,200,1,18,200,0,200,200
0,200,25,1,2,0,1,14,2,4,3,0,0,0,1,200,1,18,200,1,59,200
0,200,10,0,0,0,1,7,7,0,0,0,0,0,200,200,200,11,200,0,68,200
0,200,30,0,0,0,1,7,12,1,0,0,0,0,200,200,1,0,0,2,200,200
5,200,30,1,2,0,1,9,2,2,0,0,0,1,200,200,200,3,200,0,78,200
0,200,30,1,2,0,1,9,2,2,0,0,0,1,200,200,200,3,200,1,35,200
0,200,30,0,0,0,1,12,5,2,0,0,0,1,200,200,200,17,200,0,29,200
0,200,30,0,0,0,1,12,5,2,0,0,0,1,200,200,200,17,200,0,64,200
1,200,30,0,0,0,1,12,5,2,0,0,0,1,200,200,200,17,200,0,14,200
1,200,30,0,0,0,1,12,5,2,0,0,0,1,200,200,200,17,200,1,10,200
0,200,30,8,2,0,1,7,7,0,0,0,0,0,200,200,1,0,200,2,200,200
0,200,30,0,0,0,1,12,5,200,0,0,0,0,200,200,1,200,200,1,200,200
0,200,30,0,0,0,1,12,5,200,0,0,0,0,200,200,1,200,200,1,25,200
0,200,30,1,2,0,1,2,5,2,0,0,0,1,200,200,200,32,200,1,37,200
0,200,30,0,2,0,1,12,5,2,0,0,0,0,200,200,1,0,0,2,200,200
0,200,30,0,2,0,1,12,5,2,0,0,0,0,200,200,1,0,0,1,56,200
0,200,30,0,0,0,1,14,2,4,0,0,0,0,200,200,200,17,33,0,22,200
0,200,30,0,0,0,1,14,2,4,0,0,0,0,200,200,200,17,33,0,45,200
1,200,30,0,0,0,1,14,2,4,0,0,0,0,200,200,200,17,33,1,50,200
0,200,30,0,0,0,1,10,5,2,0,0,200,0,200,200,200,0,0,0,200,200
0,200,30,0,0,0,1,10,5,2,0,0,200,0,200,200,200,0,0,0,31,200
0,200,30,0,0,0,1,10,5,200,0,0,0,1,200,200,200,18,0,0,200,200
0,200,30,0,0,0,1,10,5,200,0,0,0,1,200,200,200,18,0,0,59,200
1,200,30,0,0,0,1,10,5,200,0,0,0,1,200,200,200,18,0,1,54,200
0,200,30,1,2,0,1,12,2,200,0,0,0,0,200,200,200,4,17,0,21,200
0,200,30,1,2,0,1,12,2,200,0,0,0,0,200,200,200,4,17,0,54,200
0,200,25,0,0,0,0,12,7,0,0,0,0,0,200,200,200,0,200,0,0,200
0,200,25,0,0,0,0,12,7,0,0,0,0,0,200,200,200,0,200,1,200,200
0,200,30,1,2,0,1,12,5,200,0,0,0,0,200,200,200,0,0,1,29,200
0,200,30,1,2,0,1,12,5,200,0,0,0,0,200,200,200,0,0,1,35,200
1,200,30,1,2,0,1,12,5,200,0,0,0,0,200,200,200,0,0,0,40,200
0,200,30,1,2,0,1,14,5,200,0,0,0,0,200,200,1,23,200,2,200,200
0,200,30,1,2,0,1,14,5,200,0,0,0,0,200,200,1,23,200,1,19,200
1,200,30,1,2,0,1,14,5,200,0,0,0,0,200,200,1,23,200,0,18,200
0,200,0,200,200,0,1,2,4,200,0,0,0,0,200,200,200,200,200,1,17,200
0,200,30,0,0,0,1,12,5,200,0,0,0,0,200,200,200,0,200,0,64,200
0,200,30,0,0,0,1,12,5,200,0,0,0,0,200,200,200,0,200,1,80,200
0,200,30,0,0,0,1,7,5,200,0,0,0,0,200,200,200,11,200,1,0,200
0,200,30,1,2,0,1,14,5,200,0,0,0,0,1,200,1,18,200,0,200,200
0,200,30,1,2,0,1,14,5,200,0,0,0,0,1,200,1,18,200,0,65,200
1,200,30,1,2,0,1,14,5,200,0,0,0,0,1,200,1,18,200,1,17,200
1,200,30,1,2,0,1,14,5,200,0,0,0,0,1,200,1,18,200,0,200,200
1,200,30,1,2,0,1,14,5,200,0,0,0,0,1,200,1,18,200,2,200,200
0,200,30,0,0,0,1,12,3,200,0,0,0,0,200,200,200,200,200,1,62,200
0,200,30,0,0,0,1,12,3,200,0,0,0,0,200,200,200,200,200,0,36,200
0,200,30,2,200,0,1,0,2,200,0,0,0,0,1,200,200,17,200,1,29,200
0,200,30,2,200,0,1,0,2,200,0,0,0,0,1,200,200,17,200,0,31,200
1,200,30,2,200,0,1,0,2,200,0,0,0,0,1,200,200,17,200,1,23,200
0,200,30,0,0,0,1,12,5,200,0,0,0,0,200,200,200,0,0,0,32,200
0,200,30,0,0,0,1,12,5,200,0,0,0,0,200,200,200,0,0,1,36,200
0,200,30,0,0,0,1,7,200,200,0,0,200,0,200,200,1,0,200,2,200,200
0,200,30,0,0,0,1,7,5,200,0,0,0,0,200,200,200,200,200,0,39,200
0,200,30,0,0,0,1,14,5,2,0,0,200,0,1,200,200,17,200,0,31,200
0,200,30,0,0,0,1,14,5,2,0,0,200,0,1,200,200,17,200,0,60,200
1,200,30,0,0,0,1,14,5,2,0,0,200,0,1,200,200,17,200,1,58,200
0,200,30,0,0,0,1,10,6,1,0,0,0,0,200,200,200,18,200,0,34,200
0,200,30,0,0,0,1,10,6,1,0,0,0,0,200,200,200,18,200,1,30,200
0,200,30,2,2,0,1,10,5,200,0,0,0,0,200,200,200,18,11,0,200,200
0,200,30,2,2,0,1,10,5,200,0,0,0,0,200,200,200,18,11,0,47,200
0,200,30,0,0,0,1,12,6,5,0,0,0,0,200,200,200,22,0,0,53,200
0,200,30,0,0,0,1,12,6,5,0,0,0,0,200,200,200,22,0,1,23,200
0,200,40,200,200,0,1,12,3,200,0,200,200,0,200,200,200,22,16,1,27,200
0,200,40,200,200,0,1,12,3,200,0,200,200,0,200,200,200,22,16,1,37,200
0,200,30,0,0,0,1,7,2,2,0,0,0,0,200,200,200,0,200,0,45,200
0,200,30,0,0,0,1,7,6,200,0,0,0,0,200,200,1,0,0,0,200,200
1,200,30,0,0,0,1,7,6,200,0,0,0,0,200,200,1,0,0,0,200,200
1,200,30,0,0,0,1,7,6,200,0,0,0,0,200,200,1,0,0,1,200,200
1,200,30,0,0,0,1,7,6,200,0,0,0,0,200,200,1,0,0,0,200,200
1,200,30,0,0,0,1,7,6,200,0,0,0,0,200,200,1,0,0,1,200,200
0,200,10,0,0,0,1,7,7,200,0,0,0,0,200,1,200,25,200,1,39,200
1,200,10,0,0,0,1,7,7,200,0,0,0,0,200,1,200,25,200,1,51,200
0,200,35,0,0,0,1,12,6,3,0,0,0,1,200,200,200,21,200,0,48,200
0,200,35,0,0,0,1,12,6,3,0,0,0,1,200,200,200,21,200,0,44,200
0,200,30,0,0,0,1,8,2,2,0,0,0,1,200,200,200,0,0,0,63,200
4,200,30,0,0,0,1,8,2,2,0,0,0,1,200,200,200,0,0,0,17,200
0,0,10,0,0,0,1,10,1,200,0,0,0,0,200,200,200,12,200,0,200,200