PERSON_TYPE,CRASH_DATE_EST_I,POSTED_SPEED_LIMIT,TRAFFIC_CONTROL_DEVICE,DEVICE_CONDITION,WEATHER_CONDITION,LIGHTING_CONDITION,FIRST_CRASH_TYPE,TRAFFICWAY_TYPE,LANE_CNT,ALIGNMENT,ROADWAY_SURFACE_COND,ROAD_DEFECT,CRASH_TYPE,INTERSECTION_RELATED_I,NOT_RIGHT_OF_WAY_I,HIT_AND_RUN_I,PRIM_CONTRIBUTORY_CAUSE,SEC_CONTRIBUTORY_CAUSE,SEX,AGE,BAC_RESULT VALUE
0,0,10,0,0,0,1,10,1,200,0,0,0,0,200,200,200,12,200,1,62,200
0,200,20,0,0,0,1,11,7,200,0,0,0,0,200,1,200,17,200,1,200,200
0,200,20,0,0,0,1,11,7,200,0,0,0,0,200,1,200,17,200,1,39,200
1,200,20,0,0,0,1,11,7,200,0,0,0,0,200,1,200,17,200,0,5,200
0,200,30,0,0,0,1,7,12,200,0,0,0,0,200,200,200,200,200,1,24,200
0,200,30,0,0,0,1,12,5,200,0,0,0,0,200,200,200,0,0,0,47,200
0,200,30,0,0,0,1,12,5,200,0,0,0,0,200,200,200,0,0,0,26,200
0,200,30,1,2,0,1,7,6,200,0,0,0,0,200,200,1,0,0,2,200,200
0,200,30,0,0,0,1,10,3,3,0,0,0,1,200,200,200,0,200,2,200,200
0,200,30,0,0,0,1,10,3,3,0,0,0,1,200,200,200,0,200,0,51,200
1,200,30,0,0,0,1,10,3,3,0,0,0,1,200,200,200,0,200,1,34,200
0,200,0,1,2,0,1,10,2,2,0,0,0,0,200,200,200,18,0,0,30,200
0,200,0,1,2,0,1,10,2,2,0,0,0,0,200,200,200,18,0,1,42,200
0,200,30,2,2,0,1,0,5,200,0,0,0,1,200,200,200,5,17,2,200,200
0,200,30,2,2,0,1,0,5,200,0,0,0,1,200,200,200,5,17,1,22,200
0,200,30,1,2,0,1,14,2,4,0,0,0,0,1,200,200,21,0,1,24,200
0,200,30,1,2,0,1,14,2,4,0,0,0,0,1,200,200,21,0,1,24,200
1,200,30,1,2,0,1,14,2,4,0,0,0,0,1,200,200,21,0,1,200,200
1,200,30,1,2,0,1,14,2,4,0,0,0,0,1,200,200,21,0,0,11,200
1,200,30,1,2,0,1,14,2,4,0,0,0,0,1,200,200,21,0,1,200,200
1,200,30,1,2,0,1,14,2,4,0,0,0,0,1,200,200,21,0,0,12,200
1,200,30,1,2,0,1,14,2,4,0,0,0,0,1,200,200,21,0,0,11,200
0,200,30,0,0,0,1,14,7,200,0,0,200,0,200,200,200,0,0,0,60,200
0,200,30,0,0,0,1,14,7,200,0,0,200,0,200,200,200,0,0,1,30,200
0,200,30,0,0,0,1,12,6,200,0,0,200,1,200,200,200,17,200,0,55,200
0,200,30,0,0,0,1,12,6,200,0,0,200,1,200,200,200,17,200,0,60,200
0,200,0,0,0,0,1,2,12,200,0,0,0,0,200,1,200,17,11,2,200,200
0,200,0,0,0,0,1,2,12,200,0,0,0,0,200,1,200,17,11,2,200,200
0,200,30,1,2,0,1,14,12,200,0,0,0,0,1,200,1,0,0,2,200,200
0,200,30,1,2,0,1,14,12,200,0,0,0,0,1,200,1,0,0,0,200,200
0,200,30,0,0,0,1,7,7,200,0,0,0,0,200,200,200,0,0,1,39,200
0,200,30,0,0,0,1,10,5,200,0,0,2,0,200,200,1,200,200,0,200,200
0,200,30,0,0,0,1,10,5,200,0,0,2,0,200,200,1,200,200,0,52,200
0,200,30,0,0,0,1,12,6,1,0,0,0,0,200,200,1,0,0,1,200,200
0,200,30,0,0,0,1,12,6,1,0,0,0,0,200,200,1,0,0,1,28,200
0,200,30,1,2,200,1,12,2,200,0,0,200,0,1,200,200,0,200,0,200,200
0,200,30,1,2,200,1,12,2,200,0,0,200,0,1,200,200,0,200,0,51,200
0,1,30,0,2,0,1,0,3,6,0,0,0,0,200,200,1,0,0,0,200,200
0,1,30,0,2,0,1,0,3,6,0,0,0,0,200,200,1,0,0,1,37,200
0,200,30,0,0,0,1,10,2,4,0,0,200,0,200,200,200,0,200,1,42,200
0,200,30,0,0,0,1,10,2,4,0,0,200,0,200,200,200,0,200,0,33,200
0,200,30,3,2,0,1,10,2,2,2,0,0,0,200,200,200,16,0,0,29,200
0,200,30,3,2,0,1,10,2,2,2,0,0,0,200,200,200,16,0,0,36,200
0,200,30,3,2,0,1,10,2,2,2,0,0,0,200,200,200,16,0,0,200,200
0,200,30,0,0,0,1,7,5,2,0,0,0,0,200,200,200,0,200,1,60,200
0,200,30,2,2,0,1,14,12,0,0,0,0,0,1,200,200,17,11,1,24,200
0,200,30,2,2,0,1,14,12,0,0,0,0,0,1,200,200,17,11,1,27,200
0,200,30,1,2,0,1,14,5,200,0,0,0,0,1,200,200,23,200,1,64,200
0,200,30,1,2,0,1,14,5,200,0,0,0,0,1,200,200,23,200,0,26,200
0,200,35,1,2,0,4,14,5,5,0,0,0,0,1,200,200,33,0,1,42,200
0,200,35,1,2,0,4,14,5,5,0,0,0,0,1,200,200,33,0,0,46,200
1,200,35,1,2,0,4,14,5,5,0,0,0,0,1,200,200,33,0,1,43,200
0,200,30,0,0,0,1,7,200,200,0,0,0,0,200,200,200,0,18,1,200,200
1,200,30,0,0,0,1,7,200,200,0,0,0,0,200,200,200,0,18,1,19,200
0,200,30,1,2,0,1,12,6,2,0,0,0,0,1,200,1,21,200,0,200,200
0,200,30,1,2,0,1,12,6,2,0,0,0,0,1,200,1,21,200,0,46,200
0,200,30,0,0,0,1,14,5,200,0,0,0,1,200,200,200,23,200,1,36,200
0,200,30,0,0,0,1,14,5,200,0,0,0,1,200,200,200,23,200,0,42,200
0,200,25,0,0,0,1,0,12,2,0,0,0,0,1,200,200,5,200,0,20,200
0,200,25,0,0,0,1,0,12,2,0,0,0,0,1,200,200,5,200,0,23,200
1,200,25,0,0,0,1,0,12,2,0,0,0,0,1,200,200,5,200,1,16,200
1,200,25,0,0,0,1,0,12,2,0,0,0,0,1,200,200,5,200,1,17,200
0,200,30,2,2,0,1,14,6,1,0,0,0,0,1,200,200,17,200,0,200,200
0,200,30,2,2,0,1,14,6,1,0,0,0,0,1,200,200,17,200,0,27,200
0,0,15,0,0,0,1,7,2,2,0,0,0,0,200,200,1,0,0,2,200,200
0,200,30,0,0,0,1,14,5,2,0,0,0,0,200,200,200,0,200,1,200,200
0,200,30,0,0,0,1,14,5,2,0,0,0,0,200,200,200,0,200,1,44,200
0,200,30,1,2,0,1,10,2,4,0,0,0,0,200,200,200,16,11,0,200,200
0,200,30,1,2,0,1,10,2,4,0,0,0,0,200,200,200,16,11,1,54,200
0,1,30,0,0,0,1,7,6,1,0,0,0,0,200,200,200,0,0,2,200,200
0,200,30,1,2,0,1,10,5,4,0,200,200,0,200,200,200,22,22,0,50,200
0,200,30,1,2,0,1,10,5,4,0,200,200,0,200,200,200,22,22,0,62,200
0,200,15,0,0,0,1,7,6,1,0,0,0,0,200,200,1,10,0,0,200,200
0,200,30,0,0,0,1,2,5,200,0,0,0,0,200,200,200,0,0,1,64,200
0,200,30,1,2,0,1,10,5,2,0,0,0,0,200,200,200,18,200,0,45,200
0,200,30,1,2,0,1,10,5,2,0,0,0,0,200,200,200,18,200,1,30,200
0,200,30,1,2,0,1,10,5,2,0,0,0,0,200,200,200,16,11,0,200,200
0,200,30,1,2,0,1,10,5,2,0,0,0,0,200,200,200,16,11,0,25,200
0,200,30,0,0,0,0,7,6,200,0,0,0,0,200,200,0,200,200,1,200,200
0,200,15,0,0,0,2,7,12,2,0,0,0,0,200,200,200,22,0,1,200,200
0,200,30,1,2,0,4,14,5,6,0,0,0,0,1,200,200,18,0,0,46,200
0,200,30,1,2,0,4,14,5,6,0,0,0,0,1,200,200,18,0,1,57,200
0,200,20,0,0,0,3,7,0,200,0,0,0,0,200,200,200,20,200,0,28,200
0,200,30,2,2,0,4,10,5,2,0,0,0,0,200,200,200,0,0,0,200,200
0,200,30,2,2,0,4,10,5,2,0,0,0,0,200,200,200,0,0,1,200,200
0,200,30,0,0,0,1,12,2,3,0,0,200,0,200,200,1,0,0,2,200,200
0,200,30,0,0,0,1,12,2,3,0,0,200,0,200,200,1,0,0,1,75,200
0,200,10,0,0,0,1,2,7,200,0,0,0,0,200,200,1,0,0,0,200,200
5,200,15,0,0,0,4,9,0,200,0,0,0,1,200,200,200,200,200,0,36,200
0,200,15,0,0,0,4,9,0,200,0,0,0,1,200,200,200,200,200,0,72,200
0,200,30,0,0,0,3,10,2,2,0,0,0,1,200,200,200,18,16,1,23,200
0,200,30,0,0,0,3,10,2,2,0,0,0,1,200,200,200,18,16,0,59,200
0,200,30,2,2,0,4,0,2,2,0,0,0,0,200,200,200,5,16,0,46,200
0,200,30,2,2,0,4,0,2,2,0,0,0,0,200,200,200,5,16,1,40,200
0,1,45,1,2,0,1,7,5,200,0,0,0,0,200,200,1,11,200,2,200,200
0,200,30,1,2,0,3,10,5,2,0,0,0,1,200,200,200,18,18,1,18,200
0,200,30,1,2,0,3,10,5,2,0,0,0,1,200,200,200,18,18,1,39,200
0,200,30,0,0,0,3,7,5,200,0,0,0,0,200,200,200,20,200,1,31,200
1,200,30,0,0,0,3,7,5,200,0,0,0,0,200,200,200,20,200,1,10,200
0,200,35,0,0,0,3,2,5,4,0,0,0,1,200,200,200,8,200,0,200,200
1,200,35,0,0,0,3,2,5,4,0,0,0,1,200,200,200,8,200,1,38,200
1,200,35,0,0,0,3,2,5,4,0,0,0,1,200,200,200,8,200,1,200,200
1,200,35,0,0,0,3,2,5,4,0,0,0,1,200,200,200,8,200,1,200,200
0,200,35,0,0,0,3,10,2,2,0,0,0,1,1,200,1,18,16,1,55,200
1,200,35,0,0,0,3,10,2,2,0,0,0,1,1,200,1,18,16,1,200,200
1,200,35,0,0,0,3,10,2,2,0,0,0,1,1,200,1,18,16,1,200,200
0,200,35,0,0,0,3,10,2,2,0,0,0,1,1,200,1,18,16,2,200,200
0,200,30,0,0,0,3,7,6,200,0,0,0,0,200,200,1,25,12,0,200,200
1,200,30,0,0,0,3,7,6,200,0,0,0,0,200,200,1,25,12,200,200,200
0,200,5,0,0,200,1,7,7,200,1,200,0,0,200,1,1,0,0,2,200,200
0,200,30,0,0,0,0,7,5,2,0,0,0,0,200,200,200,0,21,1,52,200
0,200,30,0,0,0,3,7,6,1,0,0,3,0,200,200,1,11,0,1,200,200
1,200,30,0,0,0,3,7,6,1,0,0,3,0,200,200,1,11,0,200,200,200
0,200,30,1,2,0,3,10,5,4,0,0,0,0,1,200,200,18,200,0,25,200
0,200,30,1,2,0,3,10,5,4,0,0,0,0,1,200,200,18,200,1,52,200
1,200,30,1,2,0,3,10,5,4,0,0,0,0,1,200,200,18,200,1,55,200
0,200,35,1,2,0,3,12,2,200,0,0,0,0,200,200,200,17,16,1,24,200
0,200,35,1,2,0,3,12,2,200,0,0,0,0,200,200,200,17,16,1,24,200
0,200,30,1,2,0,3,10,2,2,0,0,0,0,200,200,200,8,8,0,54,200
0,200,30,1,2,0,3,10,2,2,0,0,0,0,200,200,200,8,8,0,43,200
1,200,30,1,2,0,3,10,2,2,0,0,0,0,200,200,200,8,8,1,200,200
1,200,30,1,2,0,3,10,2,2,0,0,0,0,200,200,200,8,8,1,200,200
0,200,30,1,2,0,1,10,5,2,0,0,0,0,200,200,200,18,18,0,200,200
0,200,30,1,2,0,1,10,5,2,0,0,0,0,200,200,200,18,18,1,39,200
0,200,30,0,0,0,3,10,2,200,0,0,0,0,200,200,200,18,18,1,26,200
0,200,30,0,0,0,3,10,2,200,0,0,0,0,200,200,200,18,18,0,33,200
0,200,30,0,0,0,3,10,2,200,0,0,0,0,200,200,200,18,18,0,28,200
0,200,30,0,0,0,1,7,6,1,0,0,0,0,200,200,1,0,200,2,200,200
0,200,40,0,0,0,3,2,3,8,0,0,0,1,200,200,0,0,200,0,200,200
1,200,40,0,0,0,3,2,3,8,0,0,0,1,200,200,0,0,200,0,200,200
0,200,30,0,0,0,4,10,5,4,0,0,0,0,200,200,1,18,200,0,200,200
0,200,30,0,0,0,4,10,5,4,0,0,0,0,200,200,1,18,200,1,28,200
5,200,30,1,2,0,3,9,2,200,0,0,0,1,200,200,200,200,200,0,74,200
0,200,30,1,2,0,3,9,2,200,0,0,0,1,200,200,200,200,200,0,29,200
0,200,30,1,2,0,3,10,5,2,0,0,200,0,200,200,0,18,200,1,200,200
0,200,30,1,2,0,3,10,5,2,0,0,200,0,200,200,0,18,200,0,65,200
0,200,30,0,0,0,1,12,5,2,0,0,0,0,200,200,200,20,17,1,200,200
0,200,30,0,0,0,1,12,5,2,0,0,0,0,200,200,200,20,17,1,200,200
1,200,30,0,0,0,1,12,5,2,0,0,0,0,200,200,200,20,17,1,200,200
0,200,35,0,0,0,3,14,3,4,0,0,0,1,200,200,1,23,16,0,200,200
0,200,35,0,0,0,3,14,3,4,0,0,0,1,200,200,1,23,16,1,62,200
0,200,35,0,0,0,3,14,3,4,0,0,0,1,200,200,1,23,16,2,200,200
0,200,35,0,0,0,3,14,2,4,0,0,0,0,200,200,200,23,200,0,49,200
0,200,35,0,0,0,3,14,2,4,0,0,0,0,200,200,200,23,200,0,68,200
0,0,30,1,2,0,1,10,3,8,0,0,0,1,1,200,1,15,6,2,200,200
0,0,30,1,2,0,1,10,3,8,0,0,0,1,1,200,1,15,6,0,200,200
1,0,30,1,2,0,1,10,3,8,0,0,0,1,1,200,1,15,6,1,39,200
1,0,30,1,2,0,1,10,3,8,0,0,0,1,1,200,1,15,6,1,200,200
0,200,30,2,2,0,3,14,5,2,0,0,0,1,1,200,200,17,0,0,29,200
0,200,30,2,2,0,3,14,5,2,0,0,0,1,1,200,200,17,0,0,23,200
1,200,30,2,2,0,3,14,5,2,0,0,0,1,1,200,200,17,0,0,22,200
1,200,30,2,2,0,3,14,5,2,0,0,0,1,1,200,200,17,0,0,200,200
0,200,25,0,0,0,3,7,5,200,0,0,0,1,200,200,1,0,0,0,200,200
0,200,30,1,2,0,3,0,6,200,0,0,0,1,1,200,200,6,17,1,30,200
0,200,30,1,2,0,3,0,6,200,0,0,0,1,1,200,200,6,17,1,37,200
0,200,30,0,0,0,3,2,5,1,0,0,0,1,200,200,200,27,200,1,19,200
0,200,30,12,2,0,3,7,5,2,0,0,0,1,200,200,200,20,15,0,21,200
0,200,25,0,0,0,3,7,6,1,0,0,0,0,200,200,200,27,200,1,23,200
0,200,30,0,0,0,3,7,7,200,0,0,0,0,200,200,200,11,0,1,19,200
1,200,30,0,0,0,3,7,7,200,0,0,0,0,200,200,200,11,0,0,26,200
1,200,30,0,0,0,3,7,7,200,0,0,0,0,200,200,200,11,0,1,32,200
1,200,30,0,0,0,3,7,7,200,0,0,0,0,200,200,200,11,0,1,37,200
0,200,30,0,5,0,3,2,5,2,0,0,0,0,200,200,200,28,200,0,39,200
0,200,0,0,0,0,3,7,0,200,0,0,0,0,200,200,200,20,200,1,35,200
0,200,30,0,0,0,3,2,6,2,0,0,0,1,200,1,200,0,0,0,19,200
0,200,40,0,0,0,3,12,3,200,0,0,0,1,200,200,1,0,0,2,200,200
0,200,40,0,0,0,3,12,3,200,0,0,0,1,200,200,1,0,0,1,36,200
0,200,25,2,2,0,3,7,2,2,0,0,0,1,200,200,200,5,16,0,53,200
0,200,30,1,2,0,3,10,5,2,0,0,0,0,200,200,0,16,18,0,58,200
0,200,30,1,2,0,3,10,5,2,0,0,0,0,200,200,0,16,18,1,50,200
0,200,40,1,2,0,3,14,3,8,0,0,0,0,200,200,1,23,200,2,200,200
0,200,40,1,2,0,3,14,3,8,0,0,0,0,200,200,1,23,200,0,58,200
0,200,35,1,2,0,0,12,5,200,0,0,0,0,200,200,200,17,200,0,41,200
0,200,35,1,2,0,0,12,5,200,0,0,0,0,200,200,200,17,200,1,27,200
1,200,35,1,2,0,0,12,5,200,0,0,0,0,200,200,200,17,200,1,200,200
0,200,35,0,0,0,3,7,2,200,0,0,0,1,200,200,200,16,200,1,27,200
0,200,30,0,0,0,1,12,8,2,0,0,0,0,200,200,200,0,200,0,26,200
0,200,30,0,0,0,1,12,8,2,0,0,0,0,200,200,200,0,200,0,45,200
0,200,30,1,2,0,1,10,5,4,0,0,0,0,200,200,200,18,0,1,40,200
0,200,30,1,2,0,1,10,5,4,0,0,0,0,200,200,200,18,0,0,39,200
0,200,30,1,2,0,1,10,5,2,0,0,0,0,200,200,200,18,0,0,44,200
0,200,30,1,2,0,1,10,5,2,0,0,0,0,200,200,200,18,0,1,200,200
0,200,35,0,0,0,1,2,2,200,0,0,0,0,200,200,200,0,200,1,39,200
0,200,30,0,0,0,1,12,5,4,0,0,0,0,200,200,200,21,21,0,33,200
0,200,30,0,0,0,1,12,5,4,0,0,0,0,200,200,200,21,21,0,26,200
0,200,30,0,0,0,1,7,5,200,0,0,0,0,200,200,200,21,0,1,33,200
0,200,30,1,2,0,1,14,5,4,0,0,0,0,200,200,1,17,20,0,200,200
0,200,30,1,2,0,1,14,5,4,0,0,0,0,200,200,1,17,20,1,27,200
0,200,30,1,2,0,1,10,5,4,0,0,0,1,1,200,200,18,18,0,23,200
0,200,30,1,2,0,1,10,5,4,0,0,0,1,1,200,200,18,18,1,26,200
0,200,30,1,2,0,1,12,5,200,0,0,0,0,200,200,200,21,0,0,31,200
0,200,30,1,2,0,1,12,5,200,0,0,0,0,200,200,200,21,0,0,62,200
0,200,30,0,0,0,1,14,5,4,0,0,0,0,200,200,200,0,200,0,50,200
0,200,30,0,0,0,1,14,5,4,0,0,0,0,200,200,200,0,200,0,18,200
0,1,20,0,0,0,3,7,6,1,0,0,0,0,200,200,1,0,0,2,200,200
0,200,30,2,2,0,1,0,12,0,3,0,0,0,1,200,200,17,0,1,57,200
0,200,30,2,2,0,1,0,12,0,3,0,0,0,1,200,200,17,0,0,28,200
1,200,30,2,2,0,1,0,12,0,3,0,0,0,1,200,200,17,0,1,28,200
0,200,30,0,0,0,1,7,2,200,0,0,0,0,200,200,200,0,200,0,40,200
0,200,30,2,2,0,1,14,1,200,0,0,0,0,200,200,200,17,200,1,34,200
0,200,30,2,2,0,1,14,1,200,0,0,0,0,200,200,200,17,200,1,29,200
0,200,35,0,0,0,1,10,5,4,0,0,0,0,200,200,200,28,0,0,17,200
0,200,35,0,0,0,1,10,5,4,0,0,0,0,200,200,200,28,0,1,55,200
0,200,30,0,0,0,1,10,2,2,0,0,0,0,200,200,200,16,18,0,39,200
0,200,30,0,0,0,1,10,2,2,0,0,0,0,200,200,200,16,18,0,34,200
0,200,30,0,0,0,1,12,3,4,0,0,0,0,200,200,200,22,33,1,68,200
0,200,30,0,0,0,1,12,3,4,0,0,0,0,200,200,200,22,33,1,58,200
0,200,35,1,2,0,1,14,2,200,0,0,200,1,1,200,200,0,200,0,56,200
0,200,35,1,2,0,1,14,2,200,0,0,200,1,1,200,200,0,200,0,58,200
0,200,30,0,0,0,1,0,3,4,0,0,0,0,200,200,200,17,21,0,60,200
0,200,30,0,0,0,1,0,3,4,0,0,0,0,200,200,200,17,21,0,67,200
0,200,30,0,0,0,0,7,5,4,0,0,0,0,200,200,1,0,200,2,200,200
0,200,30,1,2,0,1,10,5,6,0,0,0,0,200,200,0,0,0,0,46,200
0,200,30,1,2,0,1,10,5,6,0,0,0,0,200,200,0,0,0,0,200,200
0,200,30,2,0,0,1,14,6,2,0,0,0,1,1,200,200,5,200,1,32,200
0,200,30,2,0,0,1,14,6,2,0,0,0,1,1,200,200,5,200,0,69,200
0,200,30,2,0,0,1,14,6,2,0,0,0,1,1,200,200,5,200,1,27,200
1,200,30,2,0,0,1,14,6,2,0,0,0,1,1,200,200,5,200,1,32,200
1,200,30,2,0,0,1,14,6,2,0,0,0,1,1,200,200,5,200,0,28,200
1,200,30,2,0,0,1,14,6,2,0,0,0,1,1,200,200,5,200,0,27,200
0,200,30,0,0,0,1,12,2,2,0,0,0,1,200,200,200,17,14,0,26,200
0,200,30,0,0,0,1,12,2,2,0,0,0,1,200,200,200,17,14,1,37,200
0,200,30,0,0,0,1,10,3,200,0,0,0,0,200,200,200,18,18,1,28,200
0,200,30,0,0,0,1,10,3,200,0,0,0,0,200,200,200,18,18,0,60,200
1,200,30,0,0,0,1,10,3,200,0,0,0,0,200,200,200,18,18,1,51,200
0,200,15,0,0,0,1,0,7,200,0,0,0,0,200,1,200,11,11,0,45,200
0,200,15,0,0,0,1,0,7,200,0,0,0,0,200,1,200,11,11,0,55,200
0,200,30,1,2,0,1,12,3,4,0,0,0,0,1,200,200,17,17,0,27,200
0,200,30,1,2,0,1,12,3,4,0,0,0,0,1,200,200,17,17,1,32,200
0,200,30,0,0,0,1,12,2,2,0,0,0,0,200,200,200,22,200,0,32,200
0,200,30,0,0,0,1,12,2,2,0,0,0,0,200,200,200,22,200,1,40,200
1,200,30,0,0,0,1,12,2,2,0,0,0,0,200,200,200,22,200,1,200,200
0,200,20,0,0,0,1,7,7,200,0,0,0,0,200,200,200,20,200,0,24,200
0,200,30,1,1,0,1,9,5,4,0,0,0,1,1,200,200,17,0,0,31,200
5,200,30,1,1,0,1,9,5,4,0,0,0,1,1,200,200,17,0,0,16,200
0,200,30,0,0,0,1,7,5,2,0,0,0,1,200,200,200,0,0,0,39,200
0,200,30,0,0,0,1,10,5,2,0,0,0,1,200,200,200,0,0,1,60,200
0,200,30,0,0,0,1,10,5,2,0,0,0,1,200,200,200,0,0,1,200,200
0,200,30,0,0,0,1,9,5,4,0,0,0,1,200,200,200,0,0,0,61,200
5,200,30,0,0,0,1,9,5,4,0,0,0,1,200,200,200,0,0,1,74,200
0,200,30,1,2,0,1,14,2,200,0,0,0,0,200,200,1,23,200,0,200,200
0,200,30,1,2,0,1,14,2,200,0,0,0,0,200,200,1,23,200,1,49,200
0,200,30,0,0,0,1,12,5,200,0,0,0,0,200,200,200,18,17,0,28,200
0,200,30,0,0,0,1,12,5,200,0,0,0,0,200,200,200,18,17,0,52,200
0,200,30,0,0,0,1,12,6,1,0,0,0,0,200,200,200,17,0,0,44,200
0,200,30,0,0,0,1,12,6,1,0,0,0,0,200,200,200,17,0,0,21,200
0,200,15,0,0,0,1,7,7,1,0,0,0,0,200,200,1,17,20,1,200,200
1,200,15,0,0,0,1,7,7,1,0,0,0,0,200,200,1,17,20,1,200,200
0,200,30,0,0,0,1,12,5,4,0,0,0,0,200,200,1,0,0,2,200,200
0,200,30,0,0,0,1,12,5,4,0,0,0,0,200,200,1,0,0,1,53,200
0,200,35,1,2,0,1,10,2,8,0,0,0,0,200,200,200,20,20,0,61,200
0,200,35,1,2,0,1,10,2,8,0,0,0,0,200,200,200,20,20,0,39,200
0,200,30,0,200,0,1,9,5,200,0,0,200,1,200,200,200,17,0,1,49,200
5,200,30,0,200,0,1,9,5,200,0,0,200,1,200,200,200,17,0,1,36,200
0,200,30,2,200,200,3,14,3,200,0,200,200,0,1,200,200,0,200,0,200,200
0,200,30,2,200,200,3,14,3,200,0,200,200,0,1,200,200,0,200,1,40,200
1,200,30,2,200,200,3,14,3,200,0,200,200,0,1,200,200,0,200,1,200,200
1,200,30,2,200,200,3,14,3,200,0,200,200,0,1,200,200,0,200,1,200,200
0,200,30,1,2,0,1,10,1,200,0,0,0,1,200,200,200,18,200,1,43,200
0,200,30,1,2,0,1,10,1,200,0,0,0,1,200,200,200,18,200,1,28,200
1,200,30,1,2,0,1,10,1,200,0,0,0,1,200,200,200,18,200,1,200,200
1,200,30,1,2,0,1,10,1,200,0,0,0,1,200,200,200,18,200,0,200,200
0,200,30,2,2,0,1,10,5,200,0,0,0,1,200,200,200,18,0,0,46,200
0,200,30,2,2,0,1,10,5,200,0,0,0,1,200,200,200,18,0,1,50,200
0,200,0,1,2,0,1,8,1,4,0,0,0,1,1,200,200,17,0,0,45,200
4,200,0,1,2,0,1,8,1,4,0,0,0,1,1,200,200,17,0,1,19,200
0,200,30,0,0,0,1,11,5,200,0,0,0,0,200,200,200,0,0,1,36,200
0,200,30,0,0,0,1,11,5,200,0,0,0,0,200,200,200,0,0,0,53,200
1,200,30,0,0,0,1,11,5,200,0,0,0,0,200,200,200,0,0,1,6,200
0,200,30,0,0,0,1,0,2,2,0,0,0,0,200,200,200,0,200,0,200,200
0,200,30,0,0,0,1,0,2,2,0,0,0,0,200,200,200,0,200,0,68,200
0,200,35,1,2,0,1,14,5,200,0,0,0,0,200,200,200,21,25,1,24,200
0,200,35,1,2,0,1,14,5,200,0,0,0,0,200,200,200,21,25,0,38,200
0,200,0,2,2,0,1,0,5,200,0,0,0,0,200,200,200,17,17,1,32,200
0,200,0,2,2,0,1,0,5,200,0,0,0,0,200,200,200,17,17,1,33,200
0,200,30,0,0,0,1,10,6,2,0,0,0,0,200,200,200,20,20,1,200,200
0,200,30,0,0,0,1,10,6,2,0,0,0,0,200,200,200,20,20,1,32,200
0,1,20,0,0,0,200,7,5,5,0,0,0,0,200,200,1,0,200,2,200,200
0,200,30,0,0,0,1,0,5,200,0,0,0,1,200,200,200,20,200,1,24,200
0,200,30,0,0,0,1,0,5,200,0,0,0,1,200,200,200,20,200,0,57,200
0,200,30,2,2,0,1,3,5,200,0,0,0,0,1,200,200,0,0,1,66,200
0,200,30,2,2,0,1,3,5,200,0,0,0,0,1,200,200,0,0,0,47,200
1,200,30,2,2,0,1,3,5,200,0,0,0,0,1,200,200,0,0,1,200,200
1,200,30,2,2,0,1,3,5,200,0,0,0,0,1,200,200,0,0,1,200,200
1,200,30,2,2,0,1,3,5,200,0,0,0,0,1,200,200,0,0,1,200,200
0,200,30,0,0,0,1,7,5,2,0,0,200,0,200,200,1,0,200,2,200,200
0,200,30,1,2,0,1,12,1,4,0,0,0,1,200,200,200,0,0,1,24,200
0,200,30,1,2,0,1,12,1,4,0,0,0,1,200,200,200,0,0,1,35,200
0,200,30,0,0,0,1,7,5,2,0,0,0,0,200,200,200,11,200,0,68,200
0,200,30,2,200,0,1,14,2,200,0,0,0,0,1,200,200,23,200,0,79,200
0,200,30,2,200,0,1,14,2,200,0,0,0,0,1,200,200,23,200,0,59,200
0,200,30,0,0,0,1,10,5,200,0,0,0,0,200,200,200,0,200,0,34,200
0,200,30,0,0,0,1,10,5,200,0,0,0,0,200,200,200,0,200,1,48,200
1,200,30,0,0,0,1,10,5,200,0,0,0,0,200,200,200,0,200,1,30,200
1,200,30,0,0,0,1,10,5,200,0,0,0,0,200,200,200,0,200,1,1,200
1,200,30,0,0,0,1,10,5,200,0,0,0,0,200,200,200,0,200,0,14,200
0,200,30,0,0,0,1,10,5,200,0,0,0,0,200,200,200,0,200,0,0,200
0,200,30,0,0,0,1,10,5,200,0,0,0,0,200,200,200,0,200,1,43,200
1,200,30,0,0,0,1,10,5,200,0,0,0,0,200,200,200,0,200,0,200,200
0,200,30,2,2,0,1,14,5,4,0,0,0,0,1,200,200,0,200,0,66,200
0,200,30,2,2,0,1,14,5,4,0,0,0,0,1,200,200,0,200,1,27,200
0,200,30,2,2,0,1,14,3,2,0,0,0,0,200,200,200,23,17,1,24,200
0,200,30,2,2,0,1,14,3,2,0,0,0,0,200,200,200,23,17,1,30,200
1,200,30,2,2,0,1,14,3,2,0,0,0,0,200,200,200,23,17,1,200,200
0,200,30,1,2,0,1,10,2,200,0,0,0,0,1,200,200,18,200,0,24,200
0,200,30,1,2,0,1,10,2,200,0,0,0,0,1,200,200,18,200,1,65,200
1,200,30,1,2,0,1,10,2,200,0,0,0,0,1,200,200,18,200,1,200,200
0,200,30,0,0,0,1,0,5,200,0,0,0,0,200,200,200,23,200,0,79,200
0,200,30,0,0,0,1,0,5,200,0,0,0,0,200,200,200,23,200,1,39,200
0,200,10,0,0,0,3,7,7,2,0,0,0,0,200,1,200,0,200,0,24,200
0,200,30,1,2,0,1,12,5,1,0,0,0,1,1,200,200,21,21,1,62,200
0,200,30,1,2,0,1,12,5,1,0,0,0,1,1,200,200,21,21,0,75,200