PERSON_TYPE,CRASH_DATE_EST_I,POSTED_SPEED_LIMIT,TRAFFIC_CONTROL_DEVICE,DEVICE_CONDITION,WEATHER_CONDITION,LIGHTING_CONDITION,FIRST_CRASH_TYPE,TRAFFICWAY_TYPE,LANE_CNT,ALIGNMENT,ROADWAY_SURFACE_COND,ROAD_DEFECT,CRASH_TYPE,INTERSECTION_RELATED_I,NOT_RIGHT_OF_WAY_I,HIT_AND_RUN_I,PRIM_CONTRIBUTORY_CAUSE,SEC_CONTRIBUTORY_CAUSE,SEX,AGE,BAC_RESULT VALUE
0,200,30,1,2,0,1,10,2,4,0,0,0,1,200,200,200,18,200,0,32,200
0,200,30,1,2,0,1,10,2,4,0,0,0,1,200,200,200,18,200,0,23,200
0,200,30,0,0,0,1,7,5,2,0,200,200,0,200,200,200,0,0,0,44,200
0,200,30,1,2,0,1,10,2,7,0,0,0,0,200,200,200,16,200,0,21,200
0,200,30,1,2,0,1,10,2,7,0,0,0,0,200,200,200,16,200,1,37,200
0,200,30,0,0,0,1,11,7,2,0,0,0,0,200,200,200,0,0,0,22,200
0,200,30,0,0,0,1,11,7,2,0,0,0,0,200,200,200,0,0,0,41,200
0,200,35,1,2,0,1,12,2,200,0,0,0,0,200,200,1,22,200,0,200,200
0,200,35,1,2,0,1,12,2,200,0,0,0,0,200,200,1,22,200,0,47,200
0,200,30,1,2,0,1,14,2,4,0,0,0,0,1,200,200,17,11,0,64,200
0,200,30,1,2,0,1,14,2,4,0,0,0,0,1,200,200,17,11,1,27,200
0,200,30,1,2,0,1,10,2,4,0,0,0,0,1,200,200,18,18,0,59,200
0,200,30,1,2,0,1,10,2,4,0,0,0,0,1,200,200,18,18,1,47,200
0,1,30,1,2,0,1,10,5,200,0,0,0,0,200,200,200,18,0,0,46,200
0,1,30,1,2,0,1,10,5,200,0,0,0,0,200,200,200,18,0,1,35,200
1,1,30,1,2,0,1,10,5,200,0,0,0,0,200,200,200,18,0,1,34,200
0,200,40,0,0,0,1,10,3,8,0,0,0,0,200,200,200,18,16,0,33,200
0,200,40,0,0,0,1,10,3,8,0,0,0,0,200,200,200,18,16,0,63,200
0,200,30,1,2,200,1,10,5,4,0,200,200,0,200,200,1,0,0,0,200,200
0,200,30,1,2,200,1,10,5,4,0,200,200,0,200,200,1,0,0,0,59,200
0,0,30,1,2,0,1,14,5,4,0,0,0,1,1,200,200,17,6,0,49,200
0,0,30,1,2,0,1,14,5,4,0,0,0,1,1,200,200,17,6,1,20,200
0,200,30,0,0,0,1,14,5,200,0,0,0,0,200,200,1,22,22,0,200,200
0,200,30,0,0,0,1,14,5,200,0,0,0,0,200,200,1,22,22,0,26,200
1,200,30,0,0,0,1,14,5,200,0,0,0,0,200,200,1,22,22,1,28,200
0,1,30,1,2,0,1,12,2,3,0,0,200,0,200,200,200,0,200,1,32,200
0,1,30,1,2,0,1,12,2,3,0,0,200,0,200,200,200,0,200,1,61,200
0,200,30,0,0,0,1,12,6,2,0,0,0,0,200,200,200,17,200,0,29,200
0,200,30,0,0,0,1,12,6,2,0,0,0,0,200,200,200,17,200,0,19,200
0,200,30,0,0,0,4,7,5,200,0,0,0,0,200,200,200,0,0,1,51,200
0,200,30,0,0,0,1,7,5,4,0,0,0,0,200,200,200,22,11,0,18,200
1,200,30,0,0,0,1,7,5,4,0,0,0,0,200,200,200,22,11,0,31,200
0,200,30,11,0,0,1,2,5,2,2,0,0,1,200,1,200,0,32,0,41,200
0,200,30,1,2,0,1,0,2,4,0,0,0,0,1,200,200,31,200,0,25,200
0,200,30,1,2,0,1,0,2,4,0,0,0,0,1,200,200,31,200,0,60,200
0,200,30,2,2,0,1,0,2,200,0,0,0,0,200,200,200,17,17,1,63,200
0,200,30,2,2,0,1,0,2,200,0,0,0,0,200,200,200,17,17,1,29,200
0,1,30,0,0,0,1,5,7,1,0,0,0,0,200,200,200,20,33,1,51,200
0,200,30,0,0,0,1,10,5,200,0,0,0,0,200,200,200,0,200,0,38,200
0,200,30,0,0,0,1,10,5,200,0,0,0,0,200,200,200,0,200,1,33,200
0,200,30,1,2,0,1,12,12,0,0,0,0,0,1,200,1,22,11,2,200,200
0,200,30,1,2,0,1,12,12,0,0,0,0,0,1,200,1,22,11,1,62,200
0,200,30,1,2,0,1,10,2,200,0,0,0,0,200,200,200,0,200,0,22,200
0,200,30,1,2,0,1,10,2,200,0,0,0,0,200,200,200,0,200,1,31,200
0,200,30,0,0,0,1,7,2,2,0,0,0,0,200,200,200,20,16,0,25,200
1,200,30,0,0,0,1,7,2,2,0,0,0,0,200,200,200,20,16,0,33,200
0,200,35,2,2,0,1,8,5,200,0,0,0,0,200,200,200,200,200,0,58,200
4,200,35,2,2,0,1,8,5,200,0,0,0,0,200,200,200,200,200,0,200,200
0,200,35,0,0,0,1,12,5,200,0,0,0,0,200,200,200,200,200,2,31,200
0,200,35,0,0,0,1,12,5,200,0,0,0,0,200,200,200,200,200,1,45,200
0,200,30,0,0,0,1,7,6,1,0,0,0,0,200,200,200,22,33,0,37,200
0,200,30,2,2,0,1,0,5,2,0,0,0,0,1,200,200,0,0,0,22,200
0,200,30,2,2,0,1,0,5,2,0,0,0,0,1,200,200,0,0,0,23,200
0,200,15,0,0,0,1,5,0,200,0,0,0,0,200,200,200,11,28,0,46,200
0,200,30,1,2,0,1,10,3,4,0,0,0,0,200,200,200,17,17,0,26,200
0,200,30,1,2,0,1,10,3,4,0,0,0,0,200,200,200,17,17,1,68,200
0,1,20,0,0,0,200,7,6,1,0,0,0,0,200,200,1,0,200,2,200,200
0,200,15,0,0,0,1,10,5,200,0,0,0,0,200,200,200,20,17,1,27,200
0,200,15,0,0,0,1,10,5,200,0,0,0,0,200,200,200,20,17,0,50,200
1,200,15,0,0,0,1,10,5,200,0,0,0,0,200,200,200,20,17,0,200,200
0,200,25,0,0,0,1,7,7,200,0,0,0,0,200,200,1,0,0,2,200,200
0,200,30,0,0,0,1,7,5,200,0,0,0,0,200,200,200,0,200,1,39,200
1,200,30,0,0,0,1,7,5,200,0,0,0,0,200,200,200,0,200,0,200,200
0,200,30,2,2,0,1,0,5,2,0,0,0,0,1,200,200,17,5,0,38,200
0,200,30,2,2,0,1,0,5,2,0,0,0,0,1,200,200,17,5,1,31,200
0,200,35,1,2,0,1,10,2,200,0,0,0,0,200,200,1,25,200,0,200,200
0,200,35,1,2,0,1,10,2,200,0,0,0,0,200,200,1,25,200,0,58,200
0,200,30,0,0,0,1,10,12,200,0,0,0,1,200,1,200,27,7,0,70,200
0,200,30,0,0,0,1,10,12,200,0,0,0,1,200,1,200,27,7,1,56,200
1,200,30,0,0,0,1,10,12,200,0,0,0,1,200,1,200,27,7,1,65,200
1,200,30,0,0,0,1,10,12,200,0,0,0,1,200,1,200,27,7,1,200,200
0,200,30,0,0,0,1,12,5,2,0,0,0,0,200,200,200,11,16,0,21,200
0,200,30,0,0,0,1,12,5,2,0,0,0,0,200,200,200,11,16,0,26,200
0,200,30,0,0,0,1,14,5,2,0,200,200,0,200,200,200,17,23,0,78,200
0,200,30,0,0,0,1,14,5,2,0,200,200,0,200,200,200,17,23,0,33,200
1,200,30,0,0,0,1,14,5,2,0,200,200,0,200,200,200,17,23,0,200,200
0,200,30,200,200,0,1,7,5,4,0,0,200,0,200,200,200,11,11,2,200,200
0,200,30,0,0,0,1,2,6,1,0,0,0,0,1,200,1,23,0,2,200,200
0,200,30,0,0,0,1,10,5,2,2,0,0,1,200,200,200,18,18,1,36,200
0,200,30,0,0,0,1,10,5,2,2,0,0,1,200,200,200,18,18,0,57,200
0,200,30,0,0,0,1,10,5,2,2,0,0,1,200,200,200,18,18,0,53,200
1,200,30,0,0,0,1,10,5,2,2,0,0,1,200,200,200,18,18,0,7,200
1,200,30,0,0,0,1,10,5,2,2,0,0,1,200,200,200,18,18,1,3,200
1,200,30,0,0,0,1,10,5,2,2,0,0,1,200,200,200,18,18,1,37,200
1,200,30,0,0,0,1,10,5,2,2,0,0,1,200,200,200,18,18,0,34,200
1,200,30,0,0,0,1,10,5,2,2,0,0,1,200,200,200,18,18,0,20,200
0,200,30,1,2,0,1,0,5,200,0,0,0,1,1,200,200,0,200,0,0,200
0,200,30,1,2,0,1,0,5,200,0,0,0,1,1,200,200,0,200,1,62,200
0,200,30,1,2,0,1,0,5,200,0,0,0,1,1,200,200,0,200,1,26,200
1,200,30,1,2,0,1,0,5,200,0,0,0,1,1,200,200,0,200,1,68,200
0,200,30,1,0,0,3,10,5,2,0,0,0,0,1,200,1,0,200,2,200,200
0,200,30,1,0,0,3,10,5,2,0,0,0,0,1,200,1,0,200,0,200,200
0,200,30,1,2,0,1,14,2,4,0,0,0,0,200,200,200,0,200,1,84,200
0,200,30,1,2,0,1,14,2,4,0,0,0,0,200,200,200,0,200,1,27,200
0,200,30,1,2,0,1,14,2,4,0,0,0,0,200,200,200,0,200,0,48,200
0,200,20,0,0,0,3,7,6,1,0,0,0,0,200,200,1,200,200,2,200,200
0,200,25,0,0,0,3,2,0,200,0,0,0,0,200,1,200,0,0,1,200,200
0,200,30,0,0,0,1,14,5,2,0,0,0,0,200,200,200,17,200,1,35,200
0,200,30,0,0,0,1,14,5,2,0,0,0,0,200,200,200,17,200,0,25,200
0,200,30,1,2,0,1,10,5,200,0,0,0,0,200,200,1,15,18,0,200,200
0,200,30,1,2,0,1,10,5,200,0,0,0,0,200,200,1,15,18,0,32,200
0,200,30,1,2,0,1,10,5,200,0,0,0,0,1,200,200,0,0,0,43,200
0,200,30,1,2,0,1,10,5,200,0,0,0,0,1,200,200,0,0,0,56,200
0,200,30,1,2,0,1,14,5,2,0,0,200,0,200,200,200,17,200,1,23,200
0,200,30,1,2,0,1,14,5,2,0,0,200,0,200,200,200,17,200,1,48,200
0,200,30,0,0,0,3,0,7,3,2,0,200,0,200,1,200,20,200,0,23,200
0,200,30,0,0,0,3,0,7,3,2,0,200,0,200,1,200,20,200,1,61,200
0,200,30,0,0,0,1,10,5,200,0,0,0,0,200,200,200,12,16,0,43,200
0,200,30,0,0,0,1,10,5,200,0,0,0,0,200,200,200,12,16,0,64,200
0,1,30,0,0,200,200,7,5,200,0,200,0,0,200,200,1,0,0,2,200,200
0,200,30,1,2,0,1,14,5,2,0,0,0,0,200,200,200,200,200,0,200,200
0,200,30,1,2,0,1,14,5,2,0,0,0,0,200,200,200,200,200,0,200,200
0,200,30,0,0,0,1,10,5,2,0,0,0,0,200,200,200,18,200,0,31,200
0,200,30,0,0,0,1,10,5,2,0,0,0,0,200,200,200,18,200,0,44,200
0,200,30,0,0,0,1,10,2,2,0,0,0,0,1,200,200,18,200,0,17,200
0,200,30,0,0,0,1,10,2,2,0,0,0,0,1,200,200,18,200,1,36,200
1,200,30,0,0,0,1,10,2,2,0,0,0,0,1,200,200,18,200,1,0,200
0,200,30,2,2,0,4,7,5,2,0,0,200,0,200,200,1,0,0,0,200,200
1,200,30,2,2,0,4,7,5,2,0,0,200,0,200,200,1,0,0,0,37,200
1,200,30,2,2,0,4,7,5,2,0,0,200,0,200,200,1,0,0,2,200,200
1,200,30,2,2,0,4,7,5,2,0,0,200,0,200,200,1,0,0,2,200,200
1,200,30,2,2,0,4,7,5,2,0,0,200,0,200,200,1,0,0,2,200,200
0,200,30,1,2,0,1,14,5,2,0,0,0,1,1,200,200,17,200,0,71,200
0,200,30,1,2,0,1,14,5,2,0,0,0,1,1,200,200,17,200,1,84,200
0,200,30,200,200,200,200,7,5,200,0,200,200,0,200,200,1,0,200,2,200,200
0,200,30,1,2,0,1,3,5,4,2,0,0,0,1,200,200,0,200,1,20,200
0,200,30,1,2,0,1,3,5,4,2,0,0,0,1,200,200,0,200,0,24,200
0,200,30,2,2,0,3,0,5,200,0,0,0,0,200,200,200,5,5,1,34,200
0,200,30,2,2,0,3,0,5,200,0,0,0,0,200,200,200,5,5,0,41,200
0,200,30,0,0,0,1,7,5,2,0,200,200,0,200,200,200,22,22,1,27,200
0,200,30,1,2,0,0,10,5,2,0,0,200,0,200,200,200,18,0,0,200,200
0,200,30,1,2,0,0,10,5,2,0,0,200,0,200,200,200,18,0,1,57,200
1,200,30,1,2,0,0,10,5,2,0,0,200,0,200,200,200,18,0,0,55,200
0,200,30,2,2,0,1,0,5,4,0,0,0,1,1,200,200,0,0,1,63,200
0,200,30,2,2,0,1,0,5,4,0,0,0,1,1,200,200,0,0,1,40,200
0,200,30,2,2,0,1,10,2,2,0,0,0,0,200,200,200,18,200,1,37,200
0,200,30,2,2,0,1,10,2,2,0,0,0,0,200,200,200,18,200,1,38,200
1,200,30,2,2,0,1,10,2,2,0,0,0,0,200,200,200,18,200,0,7,200
0,200,30,1,2,0,1,10,3,4,0,0,0,0,200,200,200,0,0,0,34,200
0,200,30,1,2,0,1,10,3,4,0,0,0,0,200,200,200,0,0,1,51,200
5,200,30,0,0,0,1,9,5,4,0,0,0,1,200,200,200,200,200,1,52,200
0,200,30,0,0,0,1,9,5,4,0,0,0,1,200,200,200,200,200,0,22,200
0,200,30,1,2,0,1,14,5,200,0,0,0,0,1,200,200,18,16,0,22,200
0,200,30,1,2,0,1,14,5,200,0,0,0,0,1,200,200,18,16,0,34,200
0,200,30,0,0,0,1,2,5,2,0,0,0,0,200,1,1,0,200,0,200,200
0,200,30,1,2,0,1,10,5,4,2,0,0,0,1,200,200,16,11,0,26,200
0,200,30,1,2,0,1,10,5,4,2,0,0,0,1,200,200,16,11,0,54,200
1,200,30,1,2,0,1,10,5,4,2,0,0,0,1,200,200,16,11,1,10,200
0,200,30,1,2,0,1,12,5,200,0,0,200,0,1,200,200,0,0,0,200,200
0,200,30,1,2,0,1,12,5,200,0,0,200,0,1,200,200,0,0,1,65,200
0,200,10,0,0,0,1,7,7,200,0,0,0,0,200,200,200,0,200,1,68,200
0,200,30,1,2,0,1,10,2,2,0,0,0,0,200,200,200,18,200,1,23,200
0,200,30,1,2,0,1,10,2,2,0,0,0,0,200,200,200,18,200,1,25,200
0,200,30,1,2,0,1,14,5,4,0,0,0,0,200,200,200,17,21,0,45,200
0,200,30,1,2,0,1,14,5,4,0,0,0,0,200,200,200,17,21,1,28,200
0,200,30,0,0,0,1,11,7,200,0,0,0,0,200,1,200,20,200,0,36,200
0,200,30,0,0,0,1,11,7,200,0,0,0,0,200,1,200,20,200,0,63,200
1,200,30,0,0,0,1,11,7,200,0,0,0,0,200,1,200,20,200,1,62,200
0,200,30,0,0,0,1,10,5,2,0,0,0,0,200,200,200,18,200,0,38,200
0,200,30,0,0,0,1,10,5,2,0,0,0,0,200,200,200,18,200,1,25,200
0,200,30,1,2,0,1,12,2,200,0,0,0,1,200,200,200,16,12,0,48,200
0,200,30,1,2,0,1,12,2,200,0,0,0,1,200,200,200,16,12,1,39,200
0,200,15,0,0,0,1,5,7,200,0,0,0,0,200,1,200,0,0,0,39,200
0,200,30,0,0,0,1,7,5,200,0,0,0,0,200,200,200,0,0,0,38,200
0,200,30,1,2,0,1,14,5,2,0,0,0,0,1,200,200,0,0,0,62,200
0,200,30,1,2,0,1,14,5,2,0,0,0,0,1,200,200,0,0,0,42,200
0,200,20,2,0,0,1,14,12,0,2,0,0,0,1,200,200,17,16,0,51,200
0,200,20,2,0,0,1,14,12,0,2,0,0,0,1,200,200,17,16,1,17,200
1,200,20,2,0,0,1,14,12,0,2,0,0,0,1,200,200,17,16,0,14,200
0,200,30,0,0,0,1,10,5,2,0,0,0,1,1,200,200,18,200,1,200,200
0,200,30,0,0,0,1,10,5,2,0,0,0,1,1,200,200,18,200,0,200,200
0,200,30,0,0,0,1,7,5,2,0,0,0,0,200,200,1,0,0,2,200,200
0,200,30,200,200,0,1,10,5,200,0,0,200,0,200,200,200,18,18,1,40,200
0,200,30,200,200,0,1,10,5,200,0,0,200,0,200,200,200,18,18,1,33,200
1,200,30,200,200,0,1,10,5,200,0,0,200,0,200,200,200,18,18,1,37,200
0,200,30,0,0,0,1,10,2,2,0,0,0,0,200,200,200,16,200,0,36,200
0,200,30,0,0,0,1,10,2,2,0,0,0,0,200,200,200,16,200,0,29,200
0,200,30,1,2,0,1,12,3,6,0,0,0,0,200,200,200,0,0,0,59,200
0,200,30,1,2,0,1,12,3,6,0,0,0,0,200,200,200,0,0,0,54,200
0,200,30,1,2,0,1,12,12,2,0,0,0,0,200,200,1,21,4,1,200,200
0,200,30,1,2,0,1,12,12,2,0,0,0,0,200,200,1,21,4,0,58,200
1,200,30,1,2,0,1,12,12,2,0,0,0,0,200,200,1,21,4,1,200,200
0,200,30,0,0,0,1,14,6,3,0,0,0,0,200,200,200,22,200,0,52,200
0,200,30,0,0,0,1,14,6,3,0,0,0,0,200,200,200,22,200,0,37,200
0,200,30,0,0,0,1,2,7,200,0,0,0,1,0,1,200,0,200,1,41,200
0,200,30,0,0,0,1,7,6,200,0,0,200,0,200,200,200,11,0,0,58,200
0,200,30,0,0,0,1,0,5,200,0,0,0,0,200,200,1,17,200,2,200,200
0,200,30,0,0,0,1,0,5,200,0,0,0,0,200,200,1,17,200,0,43,200
1,200,30,0,0,0,1,0,5,200,0,0,0,0,200,200,1,17,200,0,18,200
0,200,30,1,2,0,1,0,5,2,0,0,200,0,200,200,200,17,0,0,21,200
0,200,30,1,2,0,1,0,5,2,0,0,200,0,200,200,200,17,0,0,26,200
0,200,30,0,0,0,1,7,6,200,0,0,0,0,200,200,200,200,200,0,45,200
1,200,30,0,0,0,1,7,6,200,0,0,0,0,200,200,200,200,200,0,53,200
0,200,30,0,0,0,1,12,3,200,0,0,0,0,200,200,200,17,200,0,200,200
0,200,30,0,0,0,1,12,3,200,0,0,0,0,200,200,200,17,200,0,35,200
0,200,30,0,0,0,1,10,5,200,0,0,0,1,200,200,200,18,17,0,38,200
0,200,30,0,0,0,1,10,5,200,0,0,0,1,200,200,200,18,17,1,69,200
0,200,30,0,0,0,1,10,5,200,0,0,0,1,200,200,200,18,17,0,200,200
1,200,30,0,0,0,1,10,5,200,0,0,0,1,200,200,200,18,17,0,11,200
1,200,30,0,0,0,1,10,5,200,0,0,0,1,200,200,200,18,17,1,61,200
0,200,30,1,2,0,1,8,5,200,0,0,0,0,200,200,200,6,200,1,75,200
4,200,30,1,2,0,1,8,5,200,0,0,0,0,200,200,200,6,200,0,200,200
0,200,30,0,0,0,1,0,7,1,0,0,0,0,200,200,200,17,200,0,64,200
0,200,30,0,0,0,1,0,7,1,0,0,0,0,200,200,200,17,200,0,56,200
0,200,35,200,200,0,1,7,5,2,0,0,0,0,200,200,1,0,0,2,200,200
0,200,25,0,0,0,1,7,6,200,0,0,0,0,200,200,1,0,0,2,200,200
0,200,30,0,0,0,1,14,7,200,0,0,0,0,200,200,200,0,200,0,20,200
0,200,30,0,0,0,1,14,7,200,0,0,0,0,200,200,200,0,200,0,46,200
0,200,30,0,0,0,1,0,7,200,0,0,0,0,200,200,1,0,0,1,200,200
0,200,30,0,0,0,1,0,7,200,0,0,0,0,200,200,1,0,0,0,54,200
0,200,30,2,3,0,1,10,7,200,0,0,200,0,200,200,1,20,20,1,200,200
0,200,30,2,3,0,1,10,7,200,0,0,200,0,200,200,1,20,20,1,34,200
0,200,30,0,0,0,1,0,5,2,0,0,0,0,200,200,200,0,200,1,24,200
0,200,30,0,0,0,1,0,5,2,0,0,0,0,200,200,200,0,200,1,52,200
0,200,30,0,0,0,1,14,5,200,0,0,0,0,200,200,200,0,0,1,46,200
0,200,30,0,0,0,1,14,5,200,0,0,0,0,200,200,200,0,0,1,50,200
0,200,30,1,200,0,1,0,5,200,0,0,200,0,1,200,200,6,16,0,43,200
0,200,30,1,200,0,1,0,5,200,0,0,200,0,1,200,200,6,16,1,25,200
0,200,30,200,200,0,1,14,2,2,0,0,200,0,1,200,200,0,200,1,0,200
0,200,30,200,200,0,1,14,2,2,0,0,200,0,1,200,200,0,200,0,26,200
0,200,30,2,2,0,1,0,5,200,0,0,0,0,200,200,200,17,16,1,21,200
0,200,30,2,2,0,1,0,5,200,0,0,0,0,200,200,200,17,16,0,59,200
0,200,30,1,2,0,1,14,2,4,0,0,0,0,200,200,200,23,200,0,200,200
0,200,30,1,2,0,1,14,2,4,0,0,0,0,200,200,200,23,200,1,66,200
0,200,0,0,0,0,1,7,7,200,0,0,0,0,200,200,200,11,200,0,200,200
1,200,0,0,0,0,1,7,7,200,0,0,0,0,200,200,200,11,200,1,48,200
0,200,30,0,0,0,1,12,5,4,0,0,0,0,200,200,200,17,0,1,32,200
0,200,30,0,0,0,1,12,5,4,0,0,0,0,200,200,200,17,0,1,36,200
0,0,30,1,2,0,1,7,2,2,0,0,0,0,200,200,1,0,200,2,200,200
0,200,30,1,2,0,1,10,2,2,0,0,0,0,200,200,200,17,0,0,200,200
0,200,30,1,2,0,1,10,2,2,0,0,0,0,200,200,200,17,0,1,46,200
0,200,30,1,2,0,1,10,2,2,0,0,0,0,200,200,200,17,0,0,80,200
0,200,30,0,200,0,1,7,5,200,0,0,0,1,200,200,200,20,20,1,60,200
1,200,30,0,200,0,1,7,5,200,0,0,0,1,200,200,200,20,20,1,56,200
1,200,30,0,200,0,1,7,5,200,0,0,0,1,200,200,200,20,20,1,56,200
1,200,30,0,200,0,1,7,5,200,0,0,0,1,200,200,200,20,20,1,60,200
1,200,30,0,200,0,1,7,5,200,0,0,0,1,200,200,200,20,20,1,40,200
0,200,30,0,0,0,1,10,2,2,0,0,0,0,200,200,200,18,200,0,43,200
0,200,30,0,0,0,1,10,2,2,0,0,0,0,200,200,200,18,200,1,200,200
0,200,30,0,2,0,1,10,6,200,0,0,0,0,200,200,1,16,0,1,200,200
0,200,30,0,2,0,1,10,6,200,0,0,0,0,200,200,1,16,0,1,73,200
0,200,30,0,0,0,1,10,2,4,0,0,12,1,200,200,200,18,0,1,21,200
0,200,30,0,0,0,1,10,2,4,0,0,12,1,200,200,200,18,0,0,42,200
0,200,40,0,0,0,1,12,3,200,0,0,0,0,200,200,200,18,200,0,29,200
0,200,40,0,0,0,1,12,3,200,0,0,0,0,200,200,200,18,200,0,38,200
1,200,40,0,0,0,1,12,3,200,0,0,0,0,200,200,200,18,200,1,2,200
0,200,35,2,2,0,1,0,5,2,0,0,0,0,200,200,200,5,7,0,47,200
0,200,35,2,2,0,1,0,5,2,0,0,0,0,200,200,200,5,7,0,19,200
0,200,30,1,2,0,1,9,5,2,0,0,0,1,1,200,200,23,6,1,79,200
5,200,30,1,2,0,1,9,5,2,0,0,0,1,1,200,200,23,6,0,8,200
0,200,30,0,0,0,1,7,5,1,0,0,0,0,200,200,1,22,22,2,200,200
0,200,30,0,0,0,1,12,5,2,2,0,0,0,1,200,200,22,200,1,200,200
0,200,30,0,0,0,1,12,5,2,2,0,0,0,1,200,200,22,200,0,64,200
0,200,30,1,2,0,1,14,3,6,0,0,0,0,200,200,1,17,23,0,200,200
0,200,30,1,2,0,1,14,3,6,0,0,0,0,200,200,1,17,23,0,55,200
0,200,35,0,0,0,1,14,5,200,0,0,0,1,200,200,200,23,17,0,32,200
0,200,35,0,0,0,1,14,5,200,0,0,0,1,200,200,200,23,17,0,37,200
0,200,30,0,0,0,1,14,6,2,0,0,0,0,200,200,200,0,0,1,74,200
0,200,30,0,0,0,1,14,6,2,0,0,0,0,200,200,200,0,0,1,80,200
0,200,30,0,0,0,1,10,2,200,0,0,0,0,200,200,1,0,200,2,200,200
0,200,30,0,0,0,1,10,2,200,0,0,0,0,200,200,1,0,200,0,53,200
0,200,30,0,0,0,1,10,2,200,0,0,0,0,200,200,1,0,200,2,200,200
0,200,30,1,0,0,1,14,3,200,0,0,2,0,200,200,200,22,200,0,53,200
0,200,30,1,0,0,1,14,3,200,0,0,2,0,200,200,200,22,200,1,26,200
1,200,30,1,0,0,1,14,3,200,0,0,2,0,200,200,200,22,200,0,200,200
0,200,30,2,2,0,1,10,5,4,0,0,0,0,200,200,200,17,22,1,31,200
0,200,30,2,2,0,1,10,5,4,0,0,0,0,200,200,200,17,22,1,47,200
0,200,30,2,2,0,1,10,5,4,0,0,0,0,200,200,200,17,22,0,41,200
0,200,25,0,2,0,1,7,5,200,0,0,0,0,200,200,200,0,200,2,200,200
0,200,25,0,0,0,1,7,6,200,0,0,0,0,200,200,1,200,200,2,200,200
0,200,30,0,0,0,1,7,200,200,0,0,0,0,200,200,1,0,0,2,200,200
0,200,30,1,2,0,1,10,2,2,0,0,0,0,1,200,200,16,0,1,20,200
0,200,30,1,2,0,1,10,2,2,0,0,0,0,1,200,200,16,0,1,26,200
0,200,30,1,2,0,1,0,5,200,0,0,0,0,200,200,200,6,16,1,200,200
0,200,30,1,2,0,1,0,5,200,0,0,0,0,200,200,200,6,16,0,43,200
0,200,30,1,2,0,1,12,2,7,0,0,0,0,200,200,200,18,0,0,51,200
0,200,30,1,2,0,1,12,2,7,0,0,0,0,200,200,200,18,0,1,28,200
1,200,30,1,2,0,1,12,2,7,0,0,0,0,200,200,200,18,0,1,47,200
0,200,30,0,0,0,1,7,0,200,0,0,200,0,200,200,1,0,0,2,200,200
0,200,30,0,0,0,1,14,5,4,0,0,0,1,1,200,200,16,25,0,17,200
0,200,30,0,0,0,1,14,5,4,0,0,0,1,1,200,200,16,25,0,30,200
0,200,30,1,2,0,1,10,6,1,0,0,0,1,200,200,200,17,18,1,34,200
0,200,30,1,2,0,1,10,6,1,0,0,0,1,200,200,200,17,18,1,17,200
0,200,30,1,2,0,1,10,6,1,0,0,0,1,200,200,200,17,18,1,38,200
1,200,30,1,2,0,1,10,6,1,0,0,0,1,200,200,200,17,18,0,67,200
1,200,30,1,2,0,1,10,6,1,0,0,0,1,200,200,200,17,18,1,200,200
1,200,30,1,2,0,1,10,6,1,0,0,0,1,200,200,200,17,18,0,200,200
0,200,10,0,0,0,1,9,6,1,0,0,0,1,200,200,200,0,0,0,62,200
5,200,10,0,0,0,1,9,6,1,0,0,0,1,200,200,200,0,0,0,11,200
0,200,20,0,0,0,3,7,12,200,0,0,0,0,200,200,200,0,200,2,200,200
0,200,30,0,0,0,1,14,5,2,0,0,0,0,200,200,1,17,200,0,42,200
0,200,30,0,0,0,1,14,5,2,0,0,0,0,200,200,1,17,200,0,21,200
0,200,30,12,12,0,0,12,2,8,0,0,0,0,200,200,1,0,200,1,44,200
0,200,30,0,0,0,1,14,5,200,0,0,0,0,200,200,200,0,200,1,41,200
0,200,30,0,0,0,1,14,5,200,0,0,0,0,200,200,200,0,200,1,31,200
1,200,30,0,0,0,1,14,5,200,0,0,0,0,200,200,200,0,200,1,200,200
1,200,30,0,0,0,1,14,5,200,0,0,0,0,200,200,200,0,200,1,200,200
1,200,30,0,0,0,1,14,5,200,0,0,0,0,200,200,200,0,200,1,200,200
1,200,30,0,0,0,1,14,5,200,0,0,0,0,200,200,200,0,200,0,200,200
0,200,35,1,2,0,1,14,5,200,0,0,0,0,200,200,200,23,22,1,200,200
0,200,35,1,2,0,1,14,5,200,0,0,0,0,200,200,200,23,22,0,29,200
0,200,30,1,200,0,1,9,2,4,0,0,0,1,1,200,1,0,0,2,200,200
5,200,30,1,200,0,1,9,2,4,0,0,0,1,1,200,1,0,0,0,57,200
0,200,30,4,2,0,1,10,5,200,0,0,200,0,200,200,200,18,200,1,200,200
0,200,30,4,2,0,1,10,5,200,0,0,200,0,200,200,200,18,200,0,69,200
0,200,30,0,0,0,1,12,5,2,0,0,0,0,200,200,1,22,17,1,200,200
0,200,30,0,0,0,1,12,5,2,0,0,0,0,200,200,1,22,17,1,51,200
0,200,30,0,0,0,1,10,2,2,0,0,0,0,200,200,200,18,200,0,60,200
0,200,30,0,0,0,1,10,2,2,0,0,0,0,200,200,200,18,200,0,29,200