PERSON_TYPE,CRASH_DATE_EST_I,POSTED_SPEED_LIMIT,TRAFFIC_CONTROL_DEVICE,DEVICE_CONDITION,WEATHER_CONDITION,LIGHTING_CONDITION,FIRST_CRASH_TYPE,TRAFFICWAY_TYPE,LANE_CNT,ALIGNMENT,ROADWAY_SURFACE_COND,ROAD_DEFECT,CRASH_TYPE,INTERSECTION_RELATED_I,NOT_RIGHT_OF_WAY_I,HIT_AND_RUN_I,PRIM_CONTRIBUTORY_CAUSE,SEC_CONTRIBUTORY_CAUSE,SEX,AGE,BAC_RESULT VALUE
1,200,30,0,0,0,1,12,12,2,0,0,0,0,200,200,200,200,200,200,200,200
0,200,20,1,2,0,1,12,6,3,0,0,0,0,200,200,200,21,0,1,52,200
0,200,20,1,2,0,1,12,6,3,0,0,0,0,200,200,200,21,0,0,46,200
0,200,30,0,0,0,1,12,12,200,0,0,0,0,200,200,200,17,17,1,44,200
0,200,30,0,0,0,1,12,12,200,0,0,0,0,200,200,200,17,17,1,26,200
0,200,35,0,0,0,1,10,5,2,0,0,0,1,200,200,200,18,0,1,30,200
0,200,35,0,0,0,1,10,5,2,0,0,0,1,200,200,200,18,0,1,25,200
0,1,30,200,200,200,200,7,200,200,0,200,200,0,200,200,1,200,200,2,200,200
0,200,30,1,2,0,1,14,5,4,0,0,0,1,1,200,200,17,11,1,41,200
0,200,30,1,2,0,1,14,5,4,0,0,0,1,1,200,200,17,11,1,25,200
1,200,30,1,2,0,1,14,5,4,0,0,0,1,1,200,200,17,11,1,35,200
1,200,30,1,2,0,1,14,5,4,0,0,0,1,1,200,200,17,11,0,1,200
0,200,30,1,2,0,1,14,5,4,0,0,200,0,1,200,200,0,0,1,82,200
0,200,30,1,2,0,1,14,5,4,0,0,200,0,1,200,200,0,0,0,36,200
0,200,30,0,0,0,1,10,5,2,0,0,200,0,200,200,1,0,0,0,200,200
0,200,30,0,0,0,1,10,5,2,0,0,200,0,200,200,1,0,0,0,52,200
1,200,30,0,0,0,1,10,5,2,0,0,200,0,200,200,1,0,0,1,200,200
0,200,30,0,0,0,1,10,5,2,0,0,0,0,200,200,200,21,21,1,200,200
0,200,30,0,0,0,1,10,5,2,0,0,0,0,200,200,200,21,21,0,22,200
0,200,30,0,0,0,1,8,2,2,0,0,0,0,200,200,200,0,0,1,200,200
4,200,30,0,0,0,1,8,2,2,0,0,0,0,200,200,200,0,0,0,38,200
0,200,30,0,0,0,1,2,6,200,0,0,1,0,200,200,200,0,200,0,66,200
0,200,15,0,0,0,1,7,8,200,0,0,0,0,200,200,200,0,200,2,200,200
0,200,30,2,2,0,1,0,5,200,0,0,0,1,200,200,200,0,0,1,56,200
0,200,30,2,2,0,1,0,5,200,0,0,0,1,200,200,200,0,0,0,75,200
0,200,30,1,2,0,1,14,1,200,0,0,0,0,200,200,200,0,200,1,30,200
0,200,30,1,2,0,1,14,1,200,0,0,0,0,200,200,200,0,200,0,54,200
0,200,30,7,12,0,1,9,5,200,0,0,12,1,200,200,200,0,0,1,200,200
5,200,30,7,12,0,1,9,5,200,0,0,12,1,200,200,200,0,0,0,200,200
0,200,30,1,2,0,1,14,2,200,0,0,0,0,200,200,200,0,200,0,38,200
0,200,30,1,2,0,1,14,2,200,0,0,0,0,200,200,200,0,200,1,34,200
0,200,25,0,0,200,3,7,6,1,2,200,0,0,200,200,1,11,200,2,200,200
0,200,30,1,2,0,1,14,6,4,0,0,0,1,1,200,200,22,200,1,26,200
0,200,30,1,2,0,1,14,6,4,0,0,0,1,1,200,200,22,200,0,30,200
0,200,30,2,2,0,2,0,2,2,0,0,0,0,1,200,200,18,0,0,51,200
0,200,30,2,2,0,2,0,2,2,0,0,0,0,1,200,200,18,0,1,43,200
0,200,30,1,2,0,1,10,5,4,0,0,0,0,1,200,200,16,200,1,22,200
0,200,30,1,2,0,1,10,5,4,0,0,0,0,1,200,200,16,200,0,73,200
1,200,30,1,2,0,1,10,5,4,0,0,0,0,1,200,200,16,200,1,200,200
0,200,35,1,2,0,1,10,2,200,0,0,0,0,1,200,1,18,200,1,200,200
0,200,35,1,2,0,1,10,2,200,0,0,0,0,1,200,1,18,200,1,28,200
0,1,30,0,0,200,200,7,6,1,0,200,0,0,200,200,1,0,200,2,200,200
0,200,20,0,0,0,1,0,7,1,0,0,0,0,200,200,200,11,0,1,79,200
0,200,20,0,0,0,1,0,7,1,0,0,0,0,200,200,200,11,0,1,28,200
0,200,30,2,2,0,1,11,5,2,0,0,0,0,1,200,200,17,22,0,43,200
0,200,30,2,2,0,1,11,5,2,0,0,0,0,1,200,200,17,22,1,30,200
0,1,30,0,0,0,3,7,5,2,0,0,0,0,200,200,1,0,200,2,200,200
0,200,30,0,0,0,1,7,6,1,0,0,0,0,200,200,200,0,0,0,51,200
0,200,30,0,0,0,1,12,2,200,0,0,0,0,200,200,200,21,0,0,42,200
0,200,30,0,0,0,1,12,2,200,0,0,0,0,200,200,200,21,0,0,60,200
0,200,15,0,0,0,1,7,7,200,0,0,0,0,200,0,200,200,0,1,61,200
0,200,30,0,0,0,1,0,12,5,0,0,0,1,1,200,1,10,17,0,200,200
0,200,30,0,0,0,1,0,12,5,0,0,0,1,1,200,1,10,17,0,50,200
0,200,30,0,0,0,1,2,0,1,0,0,0,0,200,200,200,20,200,0,48,200
1,200,30,0,0,0,1,2,0,1,0,0,0,0,200,200,200,20,200,0,200,200
0,1,30,200,200,200,200,10,8,1,2,200,200,0,1,200,200,200,200,1,200,200
0,1,30,200,200,200,200,10,8,1,2,200,200,0,1,200,200,200,200,1,200,200
0,200,10,0,0,0,1,7,7,2,0,0,0,0,200,200,200,2,2,0,57,200
1,200,10,0,0,0,1,7,7,2,0,0,0,0,200,200,200,2,2,1,39,200
1,200,10,0,0,0,1,7,7,2,0,0,0,0,200,200,200,2,2,1,8,200
1,200,10,0,0,0,1,7,7,2,0,0,0,0,200,200,200,2,2,1,7,200
1,200,10,0,0,0,1,7,7,2,0,0,0,0,200,200,200,2,2,0,67,200
0,200,30,0,0,0,1,12,5,200,0,0,0,0,200,200,1,28,17,1,200,200
0,200,30,0,0,0,1,12,5,200,0,0,0,0,200,200,1,28,17,0,62,200
0,200,30,3,200,0,1,7,2,2,0,0,200,1,200,200,200,21,0,0,74,200
0,1,30,1,2,0,1,7,5,2,0,0,0,0,200,200,200,0,0,0,26,200
1,1,30,1,2,0,1,7,5,2,0,0,0,0,200,200,200,0,0,1,200,200
1,1,30,1,2,0,1,7,5,2,0,0,0,0,200,200,200,0,0,1,200,200
1,1,30,1,2,0,1,7,5,2,0,0,0,0,200,200,200,0,0,1,200,200
1,1,30,1,2,0,1,7,5,2,0,0,0,0,200,200,200,0,0,1,200,200
1,1,30,1,2,0,1,7,5,2,0,0,0,0,200,200,200,0,0,1,200,200
0,200,30,0,0,0,1,14,2,200,0,0,0,0,200,200,200,17,200,0,52,200
0,200,30,0,0,0,1,14,2,200,0,0,0,0,200,200,200,17,200,0,62,200
0,200,30,0,0,0,1,14,5,200,0,0,0,0,200,200,200,25,23,0,56,200
0,200,30,0,0,0,1,14,5,200,0,0,0,0,200,200,200,25,23,0,29,200
0,200,30,0,0,0,1,7,7,200,0,0,0,0,200,1,200,20,200,0,200,200
0,200,30,1,2,0,1,8,5,4,0,0,0,1,1,200,1,0,200,2,200,200
4,200,30,1,2,0,1,8,5,4,0,0,0,1,1,200,1,0,200,1,52,200
0,200,30,0,0,0,1,10,2,2,0,0,0,1,200,200,200,16,18,1,29,200
0,200,30,0,0,0,1,10,2,2,0,0,0,1,200,200,200,16,18,1,53,200
0,200,20,0,0,0,1,7,6,1,0,0,0,1,200,200,200,0,0,1,29,200
0,200,30,1,2,0,1,10,5,2,0,0,0,1,1,200,200,18,0,0,46,200
0,200,30,1,2,0,1,10,5,2,0,0,0,1,1,200,200,18,0,0,18,200
0,200,30,1,2,0,1,10,5,2,0,0,0,1,1,200,200,18,0,0,19,200
0,200,30,1,2,0,1,14,2,200,0,0,200,0,1,200,200,0,0,1,55,200
0,200,30,1,2,0,1,14,2,200,0,0,200,0,1,200,200,0,0,1,38,200
1,200,30,1,2,0,1,14,2,200,0,0,200,0,1,200,200,0,0,1,20,200
1,200,30,1,2,0,1,14,2,200,0,0,200,0,1,200,200,0,0,1,42,200
0,200,30,0,0,0,1,12,2,4,0,0,0,0,200,200,200,22,200,1,200,200
0,200,30,0,0,0,1,12,2,4,0,0,0,0,200,200,200,22,200,0,61,200
0,200,30,2,2,0,1,0,5,200,0,0,0,1,1,200,200,33,200,0,39,200
0,200,30,2,2,0,1,0,5,200,0,0,0,1,1,200,200,33,200,0,70,200
0,200,30,0,0,0,1,0,5,200,0,0,0,0,200,200,200,22,22,1,200,200
0,200,30,0,0,0,1,0,5,200,0,0,0,0,200,200,200,22,22,0,66,200
0,200,0,0,0,0,1,7,2,200,0,0,0,0,200,200,200,23,200,1,35,200
1,200,0,0,0,0,1,7,2,200,0,0,0,0,200,200,200,23,200,1,1,200
1,200,0,0,0,0,1,7,2,200,0,0,0,0,200,200,200,23,200,0,3,200
1,200,0,0,0,0,1,7,2,200,0,0,0,0,200,200,200,23,200,0,32,200
0,1,30,1,200,200,1,10,5,2,0,200,200,0,1,200,200,200,200,0,200,200
0,1,30,1,200,200,1,10,5,2,0,200,200,0,1,200,200,200,200,0,200,200
0,200,30,0,0,0,1,7,5,200,0,0,0,0,200,200,1,0,0,2,200,200
1,200,30,0,0,0,1,7,5,200,0,0,0,0,200,200,1,0,0,0,49,200
1,200,30,0,0,0,1,7,5,200,0,0,0,0,200,200,1,0,0,0,200,200
0,200,30,1,2,0,1,12,2,200,0,0,0,0,1,200,1,25,22,0,200,200
0,200,30,1,2,0,1,12,2,200,0,0,0,0,1,200,1,25,22,1,41,200
0,200,30,1,2,0,1,12,2,200,0,0,0,0,1,200,1,25,22,0,34,200
1,200,30,1,2,0,1,12,2,200,0,0,0,0,1,200,1,25,22,0,200,200
0,200,30,1,2,0,1,10,3,6,0,0,0,0,200,200,200,0,0,0,61,200
0,200,30,1,2,0,1,10,3,6,0,0,0,0,200,200,200,0,0,1,17,200
0,200,30,0,0,0,1,12,5,200,0,0,0,0,1,200,200,200,200,1,200,200
0,200,30,0,0,0,1,12,5,200,0,0,0,0,1,200,200,200,200,1,47,200
0,200,0,0,0,0,1,0,12,200,0,0,0,0,200,0,200,17,200,0,72,200
0,200,0,0,0,0,1,0,12,200,0,0,0,0,200,0,200,17,200,0,52,200
1,200,0,0,0,0,1,0,12,200,0,0,0,0,200,0,200,17,200,0,200,200
0,200,30,2,2,0,1,8,5,2,0,0,0,1,1,200,200,0,0,1,200,200
4,200,30,2,2,0,1,8,5,2,0,0,0,1,1,200,200,0,0,1,18,200
0,200,30,0,0,0,3,7,5,200,0,0,0,0,200,200,200,0,0,1,39,200
0,200,30,1,2,0,1,7,2,200,2,0,0,0,1,200,200,22,200,1,66,200
0,200,30,0,0,0,1,7,7,200,0,0,0,0,200,200,200,23,200,0,20,200
0,200,30,0,0,0,1,0,2,2,0,0,0,0,200,200,200,0,200,0,47,200
0,200,30,0,0,0,1,0,2,2,0,0,0,0,200,200,200,0,200,1,57,200
0,1,30,200,200,200,200,7,6,1,0,200,200,0,200,200,1,200,200,2,200,200
0,200,45,0,0,0,1,12,3,200,0,0,200,0,200,200,200,0,0,1,58,200
0,200,45,0,0,0,1,12,3,200,0,0,200,0,200,200,200,0,0,1,54,200
0,200,30,1,3,0,1,10,5,2,0,0,0,0,200,200,200,18,200,0,200,200
0,200,30,1,3,0,1,10,5,2,0,0,0,0,200,200,200,18,200,1,43,200
0,200,30,1,3,0,1,10,5,2,0,0,0,0,200,200,200,18,200,1,200,200
0,200,35,1,2,0,1,12,2,200,0,0,0,1,1,200,200,22,200,1,25,200
0,200,35,1,2,0,1,12,2,200,0,0,0,1,1,200,200,22,200,0,36,200
1,200,35,1,2,0,1,12,2,200,0,0,0,1,1,200,200,22,200,0,25,200
1,200,35,1,2,0,1,12,2,200,0,0,0,1,1,200,200,22,200,0,5,200
0,200,30,2,2,0,1,0,5,4,0,0,0,0,1,200,200,17,0,0,25,200
0,200,30,2,2,0,1,0,5,4,0,0,0,0,1,200,200,17,0,0,67,200
1,200,30,2,2,0,1,0,5,4,0,0,0,0,1,200,200,17,0,1,63,200
1,200,30,2,2,0,1,0,5,4,0,0,0,0,1,200,200,17,0,1,22,200
1,200,30,2,2,0,1,0,5,4,0,0,0,0,1,200,200,17,0,0,23,200
1,200,30,2,2,0,1,0,5,4,0,0,0,0,1,200,200,17,0,0,22,200
0,200,30,1,1,0,1,14,2,200,0,0,0,1,1,200,200,0,200,1,29,200
0,200,30,1,1,0,1,14,2,200,0,0,0,1,1,200,200,0,200,0,62,200
0,200,30,1,2,0,1,5,5,200,0,200,1,0,200,200,200,28,0,1,46,200
0,200,35,0,0,0,1,0,4,200,0,0,0,1,200,200,200,33,0,0,29,200
0,200,35,0,0,0,1,0,4,200,0,0,0,1,200,200,200,33,0,0,31,200
0,200,30,1,2,0,1,10,5,1,0,0,0,0,200,200,200,20,20,1,43,200
0,200,30,1,2,0,1,10,5,1,0,0,0,0,200,200,200,20,20,1,53,200
0,200,30,1,2,0,1,10,5,2,0,0,0,0,200,200,200,0,200,0,35,200
0,200,30,1,2,0,1,10,5,2,0,0,0,0,200,200,200,0,200,0,47,200
0,200,30,1,2,0,1,10,5,2,0,0,0,0,200,200,200,0,200,0,32,200
1,200,30,1,2,0,1,10,5,2,0,0,0,0,200,200,200,0,200,1,200,200
1,200,30,1,2,0,1,10,5,2,0,0,0,0,200,200,200,0,200,2,200,200
0,200,30,0,0,0,1,7,5,200,0,0,200,0,200,200,1,0,200,2,200,200
1,200,30,0,0,0,1,7,5,200,0,0,200,0,200,200,1,0,200,0,200,200
0,200,15,0,0,0,1,8,0,1,0,0,0,0,200,200,200,33,200,0,43,200
4,200,15,0,0,0,1,8,0,1,0,0,0,0,200,200,200,33,200,200,200,200
0,200,30,0,0,0,1,7,2,2,0,0,0,0,200,200,200,21,11,0,56,200
0,200,30,2,2,0,0,14,2,2,2,0,0,0,0,200,200,17,200,0,62,200
0,200,30,2,2,0,0,14,2,2,2,0,0,0,0,200,200,17,200,0,32,200
0,200,30,1,2,0,1,10,3,4,0,0,0,0,200,200,200,0,0,0,36,200
0,200,30,1,2,0,1,10,3,4,0,0,0,0,200,200,200,0,0,1,39,200
0,200,0,0,0,0,1,0,7,200,0,0,0,0,200,1,200,20,18,0,47,200
0,200,0,0,0,0,1,0,7,200,0,0,0,0,200,1,200,20,18,0,25,200
1,200,0,0,0,0,1,0,7,200,0,0,0,0,200,1,200,20,18,1,40,200
1,200,0,0,0,0,1,0,7,200,0,0,0,0,200,1,200,20,18,0,23,200
1,200,0,0,0,0,1,0,7,200,0,0,0,0,200,1,200,20,18,0,20,200
1,200,0,0,0,0,1,0,7,200,0,0,0,0,200,1,200,20,18,0,23,200
0,200,5,0,0,0,1,0,7,200,0,0,0,0,200,1,200,0,20,0,70,200
0,200,5,0,0,0,1,0,7,200,0,0,0,0,200,1,200,0,20,1,71,200
0,200,35,0,0,0,0,12,12,3,0,0,0,0,200,200,200,8,200,0,20,200
0,200,35,0,0,0,0,12,12,3,0,0,0,0,200,200,200,8,200,1,58,200
1,200,35,0,0,0,0,12,12,3,0,0,0,0,200,200,200,8,200,0,200,200
1,200,35,0,0,0,0,12,12,3,0,0,0,0,200,200,200,8,200,1,24,200
1,200,35,0,0,0,0,12,12,3,0,0,0,0,200,200,200,8,200,1,200,200
0,200,30,2,2,0,1,0,2,200,0,0,0,1,1,200,200,22,200,0,20,200
0,200,30,2,2,0,1,0,2,200,0,0,0,1,1,200,200,22,200,0,70,200
0,200,30,0,0,0,4,11,5,200,0,0,0,0,200,200,1,11,200,2,200,200
0,200,30,0,0,0,4,11,5,200,0,0,0,0,200,200,1,11,200,0,62,200
0,200,30,1,2,0,1,10,2,4,0,0,0,1,200,200,200,16,18,1,28,200
0,200,30,1,2,0,1,10,2,4,0,0,0,1,200,200,200,16,18,1,200,200
0,200,25,0,0,0,1,7,5,2,0,0,0,0,200,200,200,0,11,0,69,200
0,200,30,1,2,0,1,10,5,200,0,0,0,0,200,200,200,17,17,0,52,200
0,200,30,1,2,0,1,10,5,200,0,0,0,0,200,200,200,17,17,0,47,200
0,0,30,1,2,0,1,0,1,4,0,0,0,1,1,200,200,11,17,0,65,200
0,0,30,1,2,0,1,0,1,4,0,0,0,1,1,200,200,11,17,1,47,200
1,0,30,1,2,0,1,0,1,4,0,0,0,1,1,200,200,11,17,1,13,200
1,0,30,1,2,0,1,0,1,4,0,0,0,1,1,200,200,11,17,1,9,200
1,0,30,1,2,0,1,0,1,4,0,0,0,1,1,200,200,11,17,1,73,200
1,0,30,1,2,0,1,0,1,4,0,0,0,1,1,200,200,11,17,0,59,200
1,0,30,1,2,0,1,0,1,4,0,0,0,1,1,200,200,11,17,1,72,200
1,0,30,1,2,0,1,0,1,4,0,0,0,1,1,200,200,11,17,1,58,200
0,200,30,0,0,0,1,8,5,200,0,0,0,1,200,200,200,200,200,1,200,200
4,200,30,0,0,0,1,8,5,200,0,0,0,1,200,200,200,200,200,1,29,200
0,200,30,1,0,0,1,10,5,4,0,0,0,0,200,200,200,0,200,0,19,200
0,200,30,1,0,0,1,10,5,4,0,0,0,0,200,200,200,0,200,0,44,200
0,200,30,1,2,1,1,14,2,200,0,0,12,0,1,200,200,0,0,0,200,200
0,200,30,1,2,1,1,14,2,200,0,0,12,0,1,200,200,0,0,1,26,200
0,200,30,2,2,0,1,0,5,2,0,0,0,0,200,200,1,5,5,0,200,200
0,200,30,2,2,0,1,0,5,2,0,0,0,0,200,200,1,5,5,0,23,200
0,200,30,1,2,0,1,14,5,4,0,0,0,0,1,200,1,0,200,2,200,200
0,200,30,1,2,0,1,14,5,4,0,0,0,0,1,200,1,0,200,0,65,200
0,200,30,0,0,0,1,0,3,2,0,0,200,0,200,200,200,21,200,0,47,200
0,200,30,0,0,0,1,0,3,2,0,0,200,0,200,200,200,21,200,1,57,200
0,200,30,1,2,0,1,14,3,200,0,0,0,0,1,200,200,21,23,0,25,200
0,200,30,1,2,0,1,14,3,200,0,0,0,0,1,200,200,21,23,1,23,200
0,200,15,0,0,0,1,2,0,200,0,12,0,0,200,1,1,25,16,2,200,200
0,200,30,0,0,0,1,7,2,2,0,0,0,0,200,200,200,0,200,0,200,200
1,200,30,0,0,0,1,7,2,2,0,0,0,0,200,200,200,0,200,0,200,200
0,200,30,0,0,0,1,10,6,1,0,0,0,0,200,200,200,0,0,1,44,200
0,200,30,0,0,0,1,10,6,1,0,0,0,0,200,200,200,0,0,1,43,200
0,200,30,0,0,0,1,10,3,200,0,200,200,1,200,200,200,18,200,0,51,200
0,200,30,0,0,0,1,10,3,200,0,200,200,1,200,200,200,18,200,1,45,200
1,200,30,0,0,0,1,10,3,200,0,200,200,1,200,200,200,18,200,1,44,200
1,200,30,0,0,0,1,10,3,200,0,200,200,1,200,200,200,18,200,1,15,200
0,200,30,0,0,0,1,12,7,200,0,0,0,0,200,200,200,0,0,1,200,200
0,200,30,0,0,0,1,12,7,200,0,0,0,0,200,200,200,0,0,1,22,200
0,200,30,0,0,0,1,0,5,2,0,0,0,1,200,200,200,17,17,1,64,200
0,200,30,0,0,0,1,0,5,2,0,0,0,1,200,200,200,17,17,1,63,200
1,200,30,0,0,0,1,0,5,2,0,0,0,1,200,200,200,17,17,1,81,200
1,200,30,0,0,0,1,0,5,2,0,0,0,1,200,200,200,17,17,1,40,200
0,200,30,0,0,0,1,14,5,200,0,0,0,0,200,200,200,17,17,0,48,200
0,200,30,0,0,0,1,14,5,200,0,0,0,0,200,200,200,17,17,0,28,200
0,200,30,2,0,0,1,14,5,200,0,0,0,0,200,200,200,17,23,0,58,200
0,200,30,2,0,0,1,14,5,200,0,0,0,0,200,200,200,17,23,1,24,200
0,200,30,200,200,0,1,12,5,2,2,0,0,0,1,200,200,16,18,0,23,200
0,200,30,200,200,0,1,12,5,2,2,0,0,0,1,200,200,16,18,0,200,200
0,1,30,200,200,200,200,7,5,200,0,200,200,0,200,200,1,0,0,2,200,200
0,200,30,0,0,200,200,7,5,200,0,0,200,0,200,200,200,17,200,1,26,200
0,1,30,0,0,0,0,7,6,1,0,0,200,0,200,200,1,0,0,2,200,200
0,200,30,1,2,0,1,12,2,4,0,0,0,0,1,200,200,22,0,0,34,200
0,200,30,1,2,0,1,12,2,4,0,0,0,0,1,200,200,22,0,1,0,200
1,200,30,1,2,0,1,12,2,4,0,0,0,0,1,200,200,22,0,0,200,200
0,200,30,0,0,0,1,14,5,2,0,0,0,1,200,200,1,23,0,2,200,200
0,200,30,0,0,0,1,14,5,2,0,0,0,1,200,200,1,23,0,0,58,200
0,200,30,0,0,0,1,7,5,200,0,200,200,0,200,200,200,0,200,0,49,200
0,200,0,1,2,0,3,0,2,4,0,0,0,0,200,200,200,0,0,1,21,200
0,200,0,1,2,0,3,0,2,4,0,0,0,0,200,200,200,0,0,1,200,200
1,200,0,1,2,0,3,0,2,4,0,0,0,0,200,200,200,0,0,1,55,200
0,200,30,0,0,0,1,12,2,2,0,0,0,0,200,200,200,0,200,0,37,200
0,200,30,0,0,0,1,12,2,2,0,0,0,0,200,200,200,0,200,0,29,200
1,200,30,0,0,0,1,12,2,2,0,0,0,0,200,200,200,0,200,1,200,200
0,200,35,1,2,0,1,14,5,200,0,0,0,0,200,200,200,23,23,0,21,200
0,200,35,1,2,0,1,14,5,200,0,0,0,0,200,200,200,23,23,0,19,200
1,200,35,1,2,0,1,14,5,200,0,0,0,0,200,200,200,23,23,0,50,200
0,200,30,0,0,0,1,10,2,4,0,0,0,0,200,200,200,17,11,1,200,200
0,200,30,0,0,0,1,10,2,4,0,0,0,0,200,200,200,17,11,1,31,200
0,200,25,3,2,0,1,14,2,4,0,0,0,1,200,200,200,17,17,0,24,200
0,200,25,3,2,0,1,14,2,4,0,0,0,1,200,200,200,17,17,0,31,200
1,200,25,3,2,0,1,14,2,4,0,0,0,1,200,200,200,17,17,1,58,200
0,200,10,0,0,0,1,7,7,1,0,0,0,0,200,200,1,20,200,1,200,200
0,200,20,2,2,0,1,11,5,2,0,0,0,0,200,200,1,14,17,0,200,200
0,200,20,2,2,0,1,11,5,2,0,0,0,0,200,200,1,14,17,1,24,200
0,200,30,0,0,0,1,10,6,200,0,0,0,0,200,200,200,18,200,0,21,200
0,200,30,0,0,0,1,10,6,200,0,0,0,0,200,200,200,18,200,0,32,200
0,200,30,1,2,0,1,12,5,2,0,0,0,0,200,200,200,0,0,0,34,200
0,200,30,1,2,0,1,12,5,2,0,0,0,0,200,200,200,0,0,0,71,200
0,200,30,0,0,0,1,12,6,2,0,0,0,0,200,200,200,0,200,0,36,200
0,200,30,0,0,0,1,12,6,2,0,0,0,0,200,200,200,0,200,2,200,200
0,200,30,1,2,0,1,12,5,4,0,0,0,0,1,200,200,0,200,1,200,200
0,200,30,1,2,0,1,12,5,4,0,0,0,0,1,200,200,0,200,0,200,200
1,200,30,1,2,0,1,12,5,4,0,0,0,0,1,200,200,0,200,0,200,200
1,200,30,1,2,0,1,12,5,4,0,0,0,0,1,200,200,0,200,0,200,200
1,200,30,1,2,0,1,12,5,4,0,0,0,0,1,200,200,0,200,1,200,200
1,200,30,1,2,0,1,12,5,4,0,0,0,0,1,200,200,0,200,0,200,200
0,200,30,1,2,0,1,14,5,200,0,0,200,0,1,200,200,17,200,1,44,200
0,200,30,1,2,0,1,14,5,200,0,0,200,0,1,200,200,17,200,1,200,200
0,200,30,0,0,0,1,0,5,200,0,0,200,0,200,200,200,17,200,1,19,200
0,200,30,0,0,0,1,0,5,200,0,0,200,0,200,200,200,17,200,0,40,200
1,200,30,0,0,0,1,0,5,200,0,0,200,0,200,200,200,17,200,0,18,200
1,200,30,0,0,0,1,0,5,200,0,0,200,0,200,200,200,17,200,1,39,200
1,200,30,0,0,0,1,0,5,200,0,0,200,0,200,200,200,17,200,1,6,200
1,200,30,0,0,0,1,0,5,200,0,0,200,0,200,200,200,17,200,0,9,200
1,200,30,0,0,0,1,0,5,200,0,0,200,0,200,200,200,17,200,0,3,200
0,200,25,1,2,0,1,10,2,4,0,0,0,0,200,200,200,0,0,0,200,200
0,200,25,1,2,0,1,10,2,4,0,0,0,0,200,200,200,0,0,0,47,200
0,200,30,0,0,0,1,8,2,2,0,0,0,0,200,200,200,11,200,1,62,200
4,200,30,0,0,0,1,8,2,2,0,0,0,0,200,200,200,11,200,1,25,200
0,200,30,0,0,0,1,10,2,2,0,0,0,1,200,200,200,0,0,1,48,200
0,200,30,0,0,0,1,10,2,2,0,0,0,1,200,200,200,0,0,0,54,200
0,200,30,200,200,0,1,12,5,200,0,0,200,0,200,200,200,0,200,1,70,200
0,200,30,200,200,0,1,12,5,200,0,0,200,0,200,200,200,0,200,1,47,200
1,200,30,200,200,0,1,12,5,200,0,0,200,0,200,200,200,0,200,1,200,200
0,200,30,0,0,0,1,10,2,200,0,0,0,1,200,200,200,200,200,0,200,200
0,200,30,0,0,0,1,10,2,200,0,0,0,1,200,200,200,200,200,0,63,200
0,200,35,1,2,0,1,7,5,2,0,0,0,0,200,200,200,0,0,1,68,200
0,200,30,1,2,0,1,10,2,200,0,0,200,0,1,200,200,17,200,1,200,200
0,200,30,1,2,0,1,10,2,200,0,0,200,0,1,200,200,17,200,1,36,200
0,200,30,1,2,0,1,14,5,2,0,0,200,0,200,200,1,23,200,0,200,200
0,200,30,1,2,0,1,14,5,2,0,0,200,0,200,200,1,23,200,0,65,200
0,0,30,0,0,0,1,2,5,2,0,0,0,1,200,200,1,0,0,2,200,200
0,200,30,1,2,0,1,10,5,200,0,0,0,0,1,200,200,18,200,0,200,200
0,200,30,1,2,0,1,10,5,200,0,0,0,0,1,200,200,18,200,1,40,200
0,200,30,0,0,0,1,10,5,200,0,0,0,0,200,200,200,20,16,1,55,200
0,200,30,0,0,0,1,10,5,200,0,0,0,0,200,200,200,20,16,1,31,200
0,200,35,1,2,0,1,12,5,2,0,0,0,1,200,200,200,22,22,0,21,200
0,200,35,1,2,0,1,12,5,2,0,0,0,1,200,200,200,22,22,0,59,200
0,200,30,1,2,0,1,2,5,2,0,0,0,1,200,200,200,11,200,1,21,200
1,200,30,1,2,0,1,2,5,2,0,0,0,1,200,200,200,11,200,0,24,200
1,200,30,1,2,0,1,2,5,2,0,0,0,1,200,200,200,11,200,1,2,200
1,200,30,1,2,0,1,2,5,2,0,0,0,1,200,200,200,11,200,1,12,200
0,200,30,0,0,0,1,14,5,2,0,0,0,0,1,200,200,23,200,0,200,200
0,200,30,0,0,0,1,14,5,2,0,0,0,0,1,200,200,23,200,1,41,200
1,200,30,0,0,0,1,14,5,2,0,0,0,0,1,200,200,23,200,0,200,200
0,200,30,1,2,0,1,10,5,2,0,0,0,1,200,200,200,0,0,0,57,200
0,200,30,1,2,0,1,10,5,2,0,0,0,1,200,200,200,0,0,1,36,200
1,200,30,1,2,0,1,10,5,2,0,0,0,1,200,200,200,0,0,0,200,200
0,1,10,0,0,0,1,7,8,2,5,0,0,0,200,1,1,23,0,2,200,200
0,1,30,0,0,0,200,7,6,1,0,0,0,0,200,200,1,11,0,2,200,200
1,1,30,0,0,0,200,7,6,1,0,0,0,0,200,200,1,11,0,2,200,200
0,200,30,0,0,0,1,7,7,200,0,0,0,0,200,200,200,11,200,2,200,200
0,200,30,0,0,0,1,10,5,2,0,0,0,1,200,200,200,0,200,1,50,200
0,200,30,0,0,0,1,10,5,2,0,0,0,1,200,200,200,0,200,0,50,200
0,200,30,0,0,0,1,7,2,2,0,0,0,1,200,200,200,0,200,0,200,200