PERSON_TYPE,CRASH_DATE_EST_I,POSTED_SPEED_LIMIT,TRAFFIC_CONTROL_DEVICE,DEVICE_CONDITION,WEATHER_CONDITION,LIGHTING_CONDITION,FIRST_CRASH_TYPE,TRAFFICWAY_TYPE,LANE_CNT,ALIGNMENT,ROADWAY_SURFACE_COND,ROAD_DEFECT,CRASH_TYPE,INTERSECTION_RELATED_I,NOT_RIGHT_OF_WAY_I,HIT_AND_RUN_I,PRIM_CONTRIBUTORY_CAUSE,SEC_CONTRIBUTORY_CAUSE,SEX,AGE,BAC_RESULT VALUE
1,200,30,2,200,0,3,14,5,2,0,0,200,1,200,200,1,16,17,1,56,200
0,200,35,0,0,0,3,5,3,4,0,0,0,1,200,200,200,25,200,0,15,200
0,200,35,0,0,0,3,5,3,4,0,0,0,1,200,200,200,25,200,0,73,200
1,200,35,0,0,0,3,5,3,4,0,0,0,1,200,200,200,25,200,1,17,200
0,200,35,1,2,0,3,14,3,4,0,0,0,0,1,200,200,23,200,0,29,200
0,200,35,1,2,0,3,14,3,4,0,0,0,0,1,200,200,23,200,0,52,200
0,200,30,0,0,0,3,10,2,4,0,0,200,1,200,200,200,0,0,1,37,200
0,200,30,0,0,0,3,10,2,4,0,0,200,1,200,200,200,0,0,0,20,200
1,200,30,0,0,0,3,10,2,4,0,0,200,1,200,200,200,0,0,0,23,200
1,200,30,0,0,0,3,10,2,4,0,0,200,1,200,200,200,0,0,0,20,200
0,200,10,0,0,0,1,0,7,200,0,0,0,0,200,200,200,20,200,0,40,200
0,200,10,0,0,0,1,0,7,200,0,0,0,0,200,200,200,20,200,0,38,200
0,200,25,0,0,0,3,7,5,4,0,0,200,0,200,200,1,21,0,2,200,200
0,200,30,1,2,0,3,14,3,4,0,0,0,1,1,200,200,0,0,1,24,200
0,200,30,1,2,0,3,14,3,4,0,0,0,1,1,200,200,0,0,0,42,200
4,200,30,1,2,0,3,8,5,0,0,0,200,1,1,200,200,6,200,0,54,200
0,200,30,1,2,0,3,8,5,0,0,0,200,1,1,200,200,6,200,0,37,200
0,200,30,0,0,0,3,7,5,4,0,0,200,0,200,200,1,0,0,2,200,200
0,200,30,1,2,0,3,0,6,2,0,0,0,1,1,200,200,6,200,0,50,200
0,200,30,1,2,0,3,0,6,2,0,0,0,1,1,200,200,6,200,0,27,200
0,200,30,1,2,0,3,10,2,4,0,0,0,0,200,200,1,18,16,0,200,200
0,200,30,1,2,0,3,10,2,4,0,0,0,0,200,200,1,18,16,1,49,200
0,200,30,1,200,0,3,10,6,200,0,0,200,0,200,200,1,18,0,2,200,200
0,200,30,1,200,0,3,10,6,200,0,0,200,0,200,200,1,18,0,1,55,200
0,200,25,0,0,0,3,7,5,2,0,0,0,1,200,200,200,7,0,1,27,200
1,200,25,0,0,0,3,7,5,2,0,0,0,1,200,200,200,7,0,1,1,200
0,200,30,1,2,0,3,10,2,8,0,0,200,1,1,200,1,16,18,0,200,200
0,200,30,1,2,0,3,10,2,8,0,0,200,1,1,200,1,16,18,1,41,200
0,200,30,0,0,0,0,10,2,200,0,0,0,0,1,200,200,23,200,0,23,200
0,200,30,0,0,0,0,10,2,200,0,0,0,0,1,200,200,23,200,0,32,200
0,200,30,1,2,0,3,14,12,200,0,0,0,0,1,200,1,21,23,0,200,200
0,200,30,1,2,0,3,14,12,200,0,0,0,0,1,200,1,21,23,1,58,200
1,200,30,1,2,0,3,14,12,200,0,0,0,0,1,200,1,21,23,1,200,200
0,200,35,0,0,0,1,10,5,4,0,0,0,0,200,200,200,18,200,0,33,200
0,200,35,0,0,0,1,10,5,4,0,0,0,0,200,200,200,18,200,0,61,200
0,200,30,0,0,0,3,7,3,6,0,0,200,1,200,200,200,32,16,1,26,0.17
0,0,15,0,0,0,4,7,7,1,0,0,0,0,200,1,1,0,0,2,200,200
0,200,30,2,2,0,3,10,5,200,0,0,0,1,1,200,200,18,200,0,41,200
0,200,30,2,2,0,3,10,5,200,0,0,0,1,1,200,200,18,200,1,200,200
1,200,30,2,2,0,3,10,5,200,0,0,0,1,1,200,200,18,200,200,200,200
1,200,30,2,2,0,3,10,5,200,0,0,0,1,1,200,200,18,200,200,200,200
0,200,30,1,2,0,3,10,2,200,0,0,200,1,200,200,1,0,200,0,29,200
0,200,30,1,2,0,3,10,2,200,0,0,200,1,200,200,1,0,200,0,42,200
1,200,30,1,2,0,3,10,2,200,0,0,200,1,200,200,1,0,200,1,43,200
0,200,30,1,2,0,0,14,3,4,0,0,0,1,1,200,200,17,0,0,48,200
0,200,30,1,2,0,0,14,3,4,0,0,0,1,1,200,200,17,0,0,32,200
0,200,30,1,2,0,3,12,12,200,0,0,0,0,1,200,200,0,21,1,18,200
0,200,30,1,2,0,3,12,12,200,0,0,0,0,1,200,200,0,21,0,35,200
1,200,30,1,2,0,3,12,12,200,0,0,0,0,1,200,200,0,21,0,18,200
0,200,30,1,2,0,3,14,5,2,0,0,0,0,1,200,1,0,0,0,200,200
0,200,30,1,2,0,3,14,5,2,0,0,0,0,1,200,1,0,0,0,34,200
0,200,30,1,2,0,3,14,5,200,0,0,0,1,1,200,1,6,17,0,23,200
0,200,30,1,2,0,3,14,5,200,0,0,0,1,1,200,1,6,17,0,66,200
4,200,30,0,0,0,1,8,2,200,0,0,0,0,200,200,1,200,200,1,24,200
0,200,30,0,0,0,1,8,2,200,0,0,0,0,200,200,1,200,200,0,200,200
0,200,30,1,2,0,0,10,2,200,0,0,0,0,200,200,200,17,200,0,19,200
0,200,30,1,2,0,0,10,2,200,0,0,0,0,200,200,200,17,200,1,24,200
0,200,25,0,0,0,1,14,2,200,2,0,0,0,200,200,200,33,33,0,28,200
0,200,25,0,0,0,1,14,2,200,2,0,0,0,200,200,200,33,33,0,35,200
0,1,25,3,2,0,3,14,6,4,0,0,0,0,1,200,200,23,23,0,24,200
0,1,25,3,2,0,3,14,6,4,0,0,0,0,1,200,200,23,23,0,41,200
1,1,25,3,2,0,3,14,6,4,0,0,0,0,1,200,200,23,23,1,19,200
0,1,30,1,2,0,1,7,5,200,0,0,0,0,200,1,200,200,200,2,200,200
0,1,30,0,0,0,3,7,5,1,0,0,0,1,200,200,1,0,25,2,200,200
0,200,30,0,0,0,3,1,5,4,0,0,0,0,200,200,200,1,200,1,24,200
0,200,30,2,1,0,3,10,5,2,0,0,0,0,1,200,200,18,16,0,22,200
0,200,30,2,1,0,3,10,5,2,0,0,0,0,1,200,200,18,16,1,33,200
0,200,30,0,0,2,3,12,5,200,0,1,0,0,200,200,200,22,18,0,45,200
0,200,30,0,0,2,3,12,5,200,0,1,0,0,200,200,200,22,18,0,200,200
0,200,30,200,200,0,200,7,6,1,0,0,200,0,200,200,200,0,0,0,60,200
0,200,30,2,2,0,3,2,5,2,0,0,200,1,1,200,1,19,200,0,200,200
1,200,30,2,2,0,3,2,5,2,0,0,200,1,1,200,1,19,200,1,29,200
0,1,30,0,0,0,3,7,6,1,0,0,0,0,200,200,1,22,0,2,200,200
0,200,35,0,0,0,3,2,6,200,0,0,0,1,200,200,200,25,32,0,27,0.15
0,200,35,1,2,0,3,10,2,200,0,0,0,0,200,200,200,18,0,1,53,200
0,200,35,1,2,0,3,10,2,200,0,0,0,0,200,200,200,18,0,1,26,200
0,200,30,0,0,0,3,7,5,200,0,0,0,1,200,200,200,0,0,0,25,200
0,200,15,0,0,0,1,9,7,200,0,0,0,1,200,200,1,17,18,1,200,200
5,200,15,0,0,0,1,9,7,200,0,0,0,1,200,200,1,17,18,0,200,200
0,200,30,0,0,0,3,12,5,200,0,0,0,1,200,200,200,0,200,2,200,200
0,200,30,0,0,0,3,12,5,200,0,0,0,1,200,200,200,0,200,2,200,200
0,200,30,0,0,0,2,12,5,4,0,0,0,1,0,200,200,21,21,1,54,200
0,200,30,0,0,0,2,12,5,4,0,0,0,1,0,200,200,21,21,0,29,200
1,200,30,0,0,0,2,12,5,4,0,0,0,1,0,200,200,21,21,0,31,200
0,200,30,0,2,0,2,14,5,2,0,0,0,0,1,200,200,16,21,0,60,200
0,200,30,0,2,0,2,14,5,2,0,0,0,0,1,200,200,16,21,0,64,200
0,200,20,0,0,0,1,12,6,1,0,0,0,1,200,200,200,0,0,1,25,200
0,200,20,0,0,0,1,12,6,1,0,0,0,1,200,200,200,0,0,1,22,200
1,200,20,0,0,0,1,12,6,1,0,0,0,1,200,200,200,0,0,1,200,200
1,200,20,0,0,0,1,12,6,1,0,0,0,1,200,200,200,0,0,1,200,200
0,200,30,0,0,0,1,14,5,200,0,12,12,0,200,200,200,0,200,0,54,200
0,200,30,0,0,0,1,14,5,200,0,12,12,0,200,200,200,0,200,0,37,200
0,1,30,0,0,0,1,7,5,2,0,0,0,0,200,200,1,0,0,2,200,200
0,1,30,0,0,0,1,7,5,200,0,0,0,0,200,200,1,0,0,2,200,200
0,1,30,0,0,0,3,7,3,200,0,0,0,1,200,200,200,0,200,1,29,200
4,200,30,0,0,0,1,8,5,2,0,0,0,0,200,200,200,0,0,0,200,200
1,200,30,0,0,0,1,8,5,2,0,0,0,0,200,200,200,0,0,0,55,200
0,200,30,0,0,0,1,7,6,200,0,0,0,0,200,200,1,0,200,2,200,200
0,1,30,0,0,200,1,7,6,1,0,0,0,0,200,200,1,0,0,2,200,200
0,1,30,200,200,200,1,10,5,2,0,200,200,0,1,200,200,200,200,0,200,200
0,1,30,200,200,200,1,10,5,2,0,200,200,0,1,200,200,200,200,0,200,200
1,1,30,200,200,200,1,10,5,2,0,200,200,0,1,200,200,200,200,1,200,200
0,200,30,0,0,0,1,12,6,2,0,0,0,1,200,200,200,22,200,0,20,200
0,200,30,0,0,0,1,12,6,2,0,0,0,1,200,200,200,22,200,0,27,200
0,200,35,1,2,0,1,10,2,200,0,0,0,0,1,200,200,18,200,0,31,200
0,200,35,1,2,0,1,10,2,200,0,0,0,0,1,200,200,18,200,0,23,200
0,200,30,0,0,0,1,12,6,1,0,0,0,0,200,200,200,21,200,0,38,200
0,200,30,0,0,0,1,12,6,1,0,0,0,0,200,200,200,21,200,1,23,200
0,200,35,0,0,0,1,12,5,2,0,0,0,1,200,200,200,0,200,0,63,200
0,200,35,0,0,0,1,12,5,2,0,0,0,1,200,200,200,0,200,1,59,200
0,200,30,0,0,0,1,12,6,200,0,0,0,0,200,200,200,0,0,0,200,200
0,200,30,0,0,0,1,12,6,200,0,0,0,0,200,200,200,0,0,1,21,200
0,200,30,0,0,0,1,0,5,200,0,0,0,0,1,200,200,17,0,0,40,200
0,200,30,0,0,0,1,0,5,200,0,0,0,0,1,200,200,17,0,1,36,200
0,200,30,2,2,0,1,0,5,2,0,0,0,1,1,200,200,17,33,1,51,200
0,200,30,2,2,0,1,0,5,2,0,0,0,1,1,200,200,17,33,1,30,200
0,200,30,0,0,0,1,7,6,1,0,0,0,0,200,200,200,0,200,0,47,200
0,1,30,1,2,0,1,8,2,4,0,0,0,1,1,200,200,17,18,1,52,200
4,1,30,1,2,0,1,8,2,4,0,0,0,1,1,200,200,17,18,0,41,200
0,1,30,0,0,0,4,7,5,200,0,0,0,0,200,200,1,0,200,0,200,200
0,200,30,0,0,0,1,7,6,200,0,0,200,1,200,200,200,33,33,1,25,200
0,200,30,2,2,0,1,0,2,200,0,0,0,1,1,200,200,17,200,0,47,200
0,200,30,2,2,0,1,0,2,200,0,0,0,1,1,200,200,17,200,1,24,200
0,200,30,1,2,0,1,0,5,4,0,0,0,1,1,200,200,6,200,1,18,200
0,200,30,1,2,0,1,0,5,4,0,0,0,1,1,200,200,6,200,1,51,200
1,200,30,1,2,0,1,0,5,4,0,0,0,1,1,200,200,6,200,0,21,200
1,200,30,1,2,0,1,0,5,4,0,0,0,1,1,200,200,6,200,1,42,200
0,200,30,0,0,0,1,12,5,2,0,0,0,0,200,200,200,21,200,1,40,200
0,200,30,0,0,0,1,12,5,2,0,0,0,0,200,200,200,21,200,0,28,200
0,200,35,1,2,0,1,10,2,2,0,0,0,0,200,200,200,0,18,1,70,200
0,200,35,1,2,0,1,10,2,2,0,0,0,0,200,200,200,0,18,0,39,200
0,200,25,0,0,0,1,7,6,1,0,0,0,0,200,200,1,0,200,2,200,200
5,200,30,200,12,0,1,7,5,2,0,0,0,1,200,200,1,20,20,1,200,200
0,200,30,200,12,0,1,7,5,2,0,0,0,1,200,200,1,20,20,2,200,200
1,200,30,200,12,0,1,7,5,2,0,0,0,1,200,200,1,20,20,200,200,200
0,200,30,1,2,0,1,14,12,6,0,0,0,0,1,200,1,0,17,0,200,200
0,200,30,1,2,0,1,14,12,6,0,0,0,0,1,200,1,0,17,1,26,200
0,200,30,2,2,0,1,10,2,1,0,0,0,1,200,200,0,18,0,0,200,200
0,200,30,2,2,0,1,10,2,1,0,0,0,1,200,200,0,18,0,1,45,200
1,200,30,2,2,0,1,10,2,1,0,0,0,1,200,200,0,18,0,200,200,200
1,200,30,2,2,0,1,10,2,1,0,0,0,1,200,200,0,18,0,0,44,200
1,200,30,2,2,0,1,10,2,1,0,0,0,1,200,200,0,18,0,1,11,200
0,200,30,0,0,0,1,12,5,4,0,0,0,0,200,200,200,0,0,0,42,200
0,200,30,0,0,0,1,12,5,4,0,0,0,0,200,200,200,0,0,0,62,200
0,200,30,0,0,0,1,10,2,2,0,0,0,0,200,200,200,16,18,0,31,200
0,200,30,0,0,0,1,10,2,2,0,0,0,0,200,200,200,16,18,1,49,200
0,200,30,0,0,0,1,12,7,2,0,0,0,0,200,200,200,0,0,0,29,200
0,200,30,0,0,0,1,12,7,2,0,0,0,0,200,200,200,0,0,1,41,200
0,200,25,2,2,0,1,12,5,200,0,0,0,0,200,200,200,11,23,0,55,200
0,200,25,2,2,0,1,12,5,200,0,0,0,0,200,200,200,11,23,0,33,200
0,200,35,2,12,0,1,0,5,2,2,0,0,1,1,200,200,33,17,0,19,200
0,200,35,2,12,0,1,0,5,2,2,0,0,1,1,200,200,33,17,0,54,200
0,200,30,0,0,0,1,7,5,2,0,0,0,0,200,200,200,11,11,1,63,200
0,200,15,0,0,0,1,0,5,200,0,0,0,0,200,200,200,0,0,1,26,200
0,200,15,0,0,0,1,0,5,200,0,0,0,0,200,200,200,0,0,1,49,200
1,200,15,0,0,0,1,0,5,200,0,0,0,0,200,200,200,0,0,0,200,200
0,200,45,0,200,0,3,2,3,4,0,0,0,1,200,200,200,11,200,0,58,200
0,200,25,0,0,0,1,10,5,2,0,0,0,0,200,200,200,18,0,0,48,200
0,200,25,0,0,0,1,10,5,2,0,0,0,0,200,200,200,18,0,0,58,200
0,200,30,0,0,0,1,10,2,4,0,0,0,0,200,200,1,0,0,0,200,200
0,200,30,0,0,0,1,10,2,4,0,0,0,0,200,200,1,0,0,1,57,200
1,200,30,0,0,0,1,10,2,4,0,0,0,0,200,200,1,0,0,0,200,200
0,200,30,0,0,0,1,10,2,4,0,0,0,0,200,200,200,16,200,0,19,200
0,200,30,0,0,0,1,10,2,4,0,0,0,0,200,200,200,16,200,1,53,200
0,200,30,0,0,0,1,10,2,4,0,0,0,0,200,200,200,16,200,0,58,200
0,200,30,0,0,0,1,2,5,2,0,0,0,1,200,1,200,0,0,0,39,200
0,200,30,0,0,0,1,14,5,200,0,0,0,0,200,200,200,17,0,1,68,200
0,200,30,0,0,0,1,14,5,200,0,0,0,0,200,200,200,17,0,0,24,200
0,200,25,0,0,0,1,7,5,1,0,0,0,0,200,200,200,8,200,1,43,200
0,200,30,1,200,0,1,14,5,1,0,0,0,0,1,200,200,18,17,2,200,200
0,200,30,1,200,0,1,14,5,1,0,0,0,0,1,200,200,18,17,0,53,200
0,200,30,0,0,0,1,7,6,200,0,0,0,0,200,200,200,11,200,0,58,200
0,200,30,0,0,0,1,7,6,200,0,0,0,0,200,200,200,11,200,0,52,200
0,200,30,0,0,0,1,12,5,200,0,0,0,0,200,200,200,22,21,0,32,200
0,200,30,0,0,0,1,12,5,200,0,0,0,0,200,200,200,22,21,0,26,200
0,200,30,0,0,0,1,0,7,200,0,0,0,1,200,1,200,20,17,1,39,200
0,200,30,0,0,0,1,0,7,200,0,0,0,1,200,1,200,20,17,0,27,200
0,200,30,0,0,0,1,8,2,4,0,0,0,1,200,200,200,21,200,0,21,200
4,200,30,0,0,0,1,8,2,4,0,0,0,1,200,200,200,21,200,0,0,200
0,200,30,1,2,0,1,10,2,2,0,0,0,0,200,200,200,16,200,1,90,200
0,200,30,1,2,0,1,10,2,2,0,0,0,0,200,200,200,16,200,0,25,200
1,200,30,1,2,0,1,10,2,2,0,0,0,0,200,200,200,16,200,0,18,200
1,200,30,1,2,0,1,10,2,2,0,0,0,0,200,200,200,16,200,0,5,200
0,200,35,2,2,0,1,0,2,200,0,0,0,1,1,200,200,17,200,1,66,200
0,200,35,2,2,0,1,0,2,200,0,0,0,1,1,200,200,17,200,0,27,200
0,200,30,200,200,0,1,10,5,1,0,200,200,0,0,200,200,16,200,0,39,200
0,200,30,200,200,0,1,10,5,1,0,200,200,0,0,200,200,16,200,1,37,200
1,200,30,200,200,0,1,10,5,1,0,200,200,0,0,200,200,16,200,0,19,200
1,200,30,200,200,0,1,10,5,1,0,200,200,0,0,200,200,16,200,1,4,200
0,1,10,0,0,0,1,0,7,2,0,200,200,0,200,1,200,200,200,1,200,200
0,200,30,0,0,0,1,2,7,200,0,0,0,0,200,200,200,0,0,0,52,200
0,200,30,0,0,0,1,10,2,2,0,0,0,1,200,200,200,27,200,1,61,200
0,200,30,0,0,0,1,10,2,2,0,0,0,1,200,200,200,27,200,1,27,200
0,200,15,0,0,0,1,2,0,1,0,0,12,1,200,1,200,0,200,0,35,200
1,200,15,0,0,0,1,2,0,1,0,0,12,1,200,1,200,0,200,1,29,200
0,200,30,12,2,200,3,2,7,200,0,200,0,0,200,200,1,0,0,2,200,200
0,200,25,0,0,0,1,12,5,2,0,0,0,0,200,200,200,21,0,0,31,200
0,200,25,0,0,0,1,12,5,2,0,0,0,0,200,200,200,21,0,1,69,200
0,200,30,1,2,0,1,14,5,200,0,0,0,0,200,200,200,21,200,0,41,200
0,200,30,1,2,0,1,14,5,200,0,0,0,0,200,200,200,21,200,1,27,200
1,200,30,1,2,0,1,14,5,200,0,0,0,0,200,200,200,21,200,1,200,200
0,200,30,1,2,0,1,14,5,2,0,0,0,0,1,200,200,33,33,0,58,200
0,200,30,1,2,0,1,14,5,2,0,0,0,0,1,200,200,33,33,0,18,200
0,1,30,0,0,200,200,7,6,1,0,0,0,0,200,200,1,0,0,2,200,200
0,200,30,0,0,0,1,7,6,200,0,0,0,0,200,200,1,18,0,2,200,200
0,200,30,0,0,0,1,14,5,4,0,0,0,0,200,200,200,0,0,0,37,200
0,200,30,0,0,0,1,14,5,4,0,0,0,0,200,200,200,0,0,0,30,200
0,200,30,0,0,0,1,7,5,2,0,0,0,0,200,200,200,20,20,0,72,200
0,1,0,0,0,200,200,7,7,200,0,200,200,0,200,200,1,0,200,2,200,200
0,200,30,200,200,0,1,12,3,2,0,0,200,0,200,200,200,0,0,0,69,200
0,200,30,200,200,0,1,12,3,2,0,0,200,0,200,200,200,0,0,0,55,200
0,200,5,0,0,0,1,7,7,1,0,0,0,0,200,1,1,0,200,0,200,200
0,200,30,2,2,0,1,11,5,2,0,0,0,0,200,200,0,23,21,1,200,200
0,200,30,2,2,0,1,11,5,2,0,0,0,0,200,200,0,23,21,0,46,200
0,200,30,0,0,0,1,12,2,200,0,0,0,0,200,200,1,28,4,1,200,200
0,200,30,0,0,0,1,12,2,200,0,0,0,0,200,200,1,28,4,0,39,200
0,200,0,1,200,0,1,14,8,2,3,0,0,0,200,200,200,0,0,0,74,200
0,200,0,1,200,0,1,14,8,2,3,0,0,0,200,200,200,0,0,0,46,200
1,200,0,1,200,0,1,14,8,2,3,0,0,0,200,200,200,0,0,1,200,200
0,200,30,0,0,0,1,11,5,200,0,0,0,0,200,200,200,33,200,0,34,200
0,200,30,0,0,0,1,11,5,200,0,0,0,0,200,200,200,33,200,1,18,200
0,200,30,0,0,0,1,7,6,1,0,0,0,1,200,200,200,20,200,0,62,200
4,200,30,1,2,0,1,8,1,2,0,0,0,1,200,200,200,22,0,0,24,200
0,200,30,1,2,0,1,8,1,2,0,0,0,1,200,200,200,22,0,0,40,200
0,200,35,0,0,0,1,10,5,200,0,0,0,0,200,200,200,11,0,0,58,200
0,200,35,0,0,0,1,10,5,200,0,0,0,0,200,200,200,11,0,0,38,200
0,200,35,0,0,0,1,10,5,200,0,0,0,0,200,200,200,11,0,0,50,200
1,200,35,0,0,0,1,10,5,200,0,0,0,0,200,200,200,11,0,1,45,200
1,200,35,0,0,0,1,10,5,200,0,0,0,0,200,200,200,11,0,1,18,200
0,200,25,1,12,0,1,9,12,200,0,0,0,1,1,200,1,17,200,2,200,200
5,200,25,1,12,0,1,9,12,200,0,0,0,1,1,200,1,17,200,0,43,200
0,200,30,1,2,0,1,9,2,4,0,0,0,1,1,200,1,0,200,2,200,200
5,200,30,1,2,0,1,9,2,4,0,0,0,1,1,200,1,0,200,1,31,200
0,200,30,1,2,0,1,14,2,4,0,0,0,1,1,200,200,17,200,0,25,200
0,200,30,1,2,0,1,14,2,4,0,0,0,1,1,200,200,17,200,0,29,200
1,200,30,1,2,0,1,14,2,4,0,0,0,1,1,200,200,17,200,1,23,200
0,200,30,0,0,200,1,7,5,2,0,0,0,0,200,200,1,200,200,0,200,200
0,200,30,0,0,0,1,10,6,4,0,0,3,1,1,200,200,0,0,1,21,200
0,200,30,0,0,0,1,10,6,4,0,0,3,1,1,200,200,0,0,1,32,200
0,1,30,200,200,200,1,14,2,2,3,200,200,0,1,200,200,200,200,0,200,200
0,1,30,200,200,200,1,14,2,2,3,200,200,0,1,200,200,200,200,0,200,200
1,1,30,200,200,200,1,14,2,2,3,200,200,0,1,200,200,200,200,1,200,200
1,1,30,200,200,200,1,14,2,2,3,200,200,0,1,200,200,200,200,1,200,200
1,1,30,200,200,200,1,14,2,2,3,200,200,0,1,200,200,200,200,2,200,200
1,1,30,200,200,200,1,14,2,2,3,200,200,0,1,200,200,200,200,2,200,200
1,1,30,200,200,200,1,14,2,2,3,200,200,0,1,200,200,200,200,0,200,200
1,1,30,200,200,200,1,14,2,2,3,200,200,0,1,200,200,200,200,1,200,200
0,200,30,0,0,200,200,5,5,2,0,200,1,0,200,200,200,200,200,0,64,200
0,200,30,0,0,0,1,10,5,200,0,0,0,0,200,200,200,18,0,1,23,200
0,200,30,0,0,0,1,10,5,200,0,0,0,0,200,200,200,18,0,0,31,200
1,200,30,0,0,0,1,10,5,200,0,0,0,0,200,200,200,18,0,1,47,200
1,200,30,0,0,0,1,10,5,200,0,0,0,0,200,200,200,18,0,0,19,200
1,200,30,0,0,0,1,10,5,200,0,0,0,0,200,200,200,18,0,0,2,200
0,200,30,0,0,0,1,7,7,200,0,0,0,0,200,200,200,0,200,0,37,200
0,200,30,0,0,0,1,10,5,2,0,0,0,1,200,200,200,18,0,2,200,200
0,200,30,0,0,0,1,10,5,2,0,0,0,1,200,200,200,18,0,0,59,200
0,200,30,0,0,0,3,7,6,200,0,0,0,0,200,200,1,0,0,0,200,200
4,200,30,2,2,0,1,8,2,2,0,0,0,1,1,200,200,17,200,0,14,200
0,200,30,2,2,0,1,8,2,2,0,0,0,1,1,200,200,17,200,1,28,200
0,200,30,1,2,0,1,12,5,3,0,0,0,0,200,200,200,22,22,0,25,200
0,200,30,1,2,0,1,12,5,3,0,0,0,0,200,200,200,22,22,1,64,200
0,200,30,0,0,0,1,7,6,200,0,0,0,0,200,200,1,20,200,2,200,200
0,200,30,0,0,0,1,12,2,4,0,0,0,1,200,200,200,21,17,1,49,200
0,200,30,0,0,0,1,12,2,4,0,0,0,1,200,200,200,21,17,0,18,200
0,200,30,1,2,0,1,14,5,200,0,0,0,0,200,200,200,12,0,0,53,200
0,200,30,1,2,0,1,14,5,200,0,0,0,0,200,200,200,12,0,1,58,200
1,200,30,1,2,0,1,14,5,200,0,0,0,0,200,200,200,12,0,0,35,200
0,200,35,1,2,0,1,10,5,200,0,0,0,1,200,200,200,17,16,0,42,200
0,200,35,1,2,0,1,10,5,200,0,0,0,1,200,200,200,17,16,1,60,200
0,200,10,0,0,0,1,12,6,1,0,0,0,0,200,200,200,200,200,0,200,200
0,200,10,0,0,0,1,12,6,1,0,0,0,0,200,200,200,200,200,0,200,200
0,1,10,0,0,0,3,7,7,1,5,0,0,0,200,1,200,23,0,2,200,200
0,200,35,0,0,0,1,2,5,200,0,0,0,0,200,200,200,25,200,1,37,200
0,200,30,0,0,0,1,12,6,4,0,0,0,0,200,200,200,11,200,1,21,200
0,200,30,0,0,0,1,12,6,4,0,0,0,0,200,200,200,11,200,0,59,200
0,200,30,0,0,0,1,7,6,1,0,0,0,0,200,200,200,8,200,0,71,200
1,200,30,0,0,0,1,7,6,1,0,0,0,0,200,200,200,8,200,0,39,200
0,200,10,0,0,0,1,7,12,1,0,0,2,0,200,200,1,22,200,0,200,200
0,200,30,1,200,0,1,10,5,200,0,0,0,1,200,200,1,18,200,0,200,200
0,200,30,1,200,0,1,10,5,200,0,0,0,1,200,200,1,18,200,1,25,200
0,200,30,1,200,0,1,10,5,200,0,0,0,1,200,200,1,18,200,0,31,200
1,200,30,1,200,0,1,10,5,200,0,0,0,1,200,200,1,18,200,1,18,200
1,200,30,1,200,0,1,10,5,200,0,0,0,1,200,200,1,18,200,1,23,200
1,200,30,1,200,0,1,10,5,200,0,0,0,1,200,200,1,18,200,0,26,200
0,200,35,1,2,0,1,10,5,200,0,12,0,0,200,200,200,18,0,1,25,200
0,200,35,1,2,0,1,10,5,200,0,12,0,0,200,200,200,18,0,0,42,200
4,200,30,2,2,0,1,8,5,200,0,0,0,1,1,200,200,17,200,0,24,200
0,200,30,2,2,0,1,8,5,200,0,0,0,1,1,200,200,17,200,0,60,200
0,200,30,0,0,0,1,10,6,200,0,0,0,0,200,200,200,12,11,0,30,200
0,200,30,0,0,0,1,10,6,200,0,0,0,0,200,200,200,12,11,0,55,200
0,200,30,0,0,0,1,0,7,200,0,0,0,0,200,200,200,16,200,1,29,200
0,200,30,0,0,0,1,0,7,200,0,0,0,0,200,200,200,16,200,0,49,200
1,200,30,0,0,0,1,0,7,200,0,0,0,0,200,200,200,16,200,1,9,200
1,200,30,0,0,0,1,0,7,200,0,0,0,0,200,200,200,16,200,0,11,200
0,200,15,0,0,0,0,12,8,200,0,0,200,0,200,200,200,0,200,0,41,200
0,200,15,0,0,0,0,12,8,200,0,0,200,0,200,200,200,0,200,0,58,200
0,200,30,1,2,0,1,14,5,2,0,0,0,0,200,200,200,18,200,0,54,200
0,200,30,1,2,0,1,14,5,2,0,0,0,0,200,200,200,18,200,0,27,200
0,200,30,0,0,0,1,7,2,200,0,0,0,1,200,200,1,0,200,2,200,200
0,200,30,2,2,0,1,10,5,2,0,0,0,0,200,200,200,18,200,1,35,200
0,200,30,2,2,0,1,10,5,2,0,0,0,0,200,200,200,18,200,1,69,200
0,200,30,0,0,0,1,10,5,200,0,0,0,0,200,200,1,18,16,0,200,200
0,200,30,0,0,0,1,10,5,200,0,0,0,0,200,200,1,18,16,1,37,200
0,200,25,0,0,0,1,12,6,200,0,0,0,1,200,200,1,14,25,0,20,200
0,200,25,0,0,0,1,12,6,200,0,0,0,1,200,200,1,14,25,0,52,200
0,200,30,1,2,0,1,12,6,1,0,0,0,0,1,200,1,22,11,0,200,200
0,200,30,1,2,0,1,12,6,1,0,0,0,0,1,200,1,22,11,1,39,200
0,200,30,1,2,0,1,12,2,4,0,0,0,0,1,200,200,22,16,1,65,200