PERSON_TYPE,CRASH_DATE_EST_I,POSTED_SPEED_LIMIT,TRAFFIC_CONTROL_DEVICE,DEVICE_CONDITION,WEATHER_CONDITION,LIGHTING_CONDITION,FIRST_CRASH_TYPE,TRAFFICWAY_TYPE,LANE_CNT,ALIGNMENT,ROADWAY_SURFACE_COND,ROAD_DEFECT,CRASH_TYPE,INTERSECTION_RELATED_I,NOT_RIGHT_OF_WAY_I,HIT_AND_RUN_I,PRIM_CONTRIBUTORY_CAUSE,SEC_CONTRIBUTORY_CAUSE,SEX,AGE,BAC_RESULT VALUE
0,200,30,1,2,0,1,12,2,4,0,0,0,0,1,200,200,22,16,0,27,200
1,200,30,1,2,0,1,12,2,4,0,0,0,0,1,200,200,22,16,0,8,200
1,200,30,1,2,0,1,12,2,4,0,0,0,0,1,200,200,22,16,0,29,200
0,200,20,1,2,0,1,0,2,4,0,0,0,1,1,200,200,6,0,0,44,200
0,200,20,1,2,0,1,0,2,4,0,0,0,1,1,200,200,6,0,0,45,200
1,200,20,1,2,0,1,0,2,4,0,0,0,1,1,200,200,6,0,0,53,200
0,200,30,2,1,0,1,7,2,2,0,0,0,0,200,200,1,0,0,2,200,200
0,200,30,0,0,0,1,12,2,200,0,0,0,0,200,200,200,17,200,0,28,200
0,200,30,0,0,0,1,12,2,200,0,0,0,0,200,200,200,17,200,1,63,200
0,200,25,1,2,0,1,10,2,4,0,0,0,0,200,200,200,0,0,0,47,200
0,200,25,1,2,0,1,10,2,4,0,0,0,0,200,200,200,0,0,0,31,200
0,200,30,0,0,0,1,7,6,1,0,200,200,0,200,200,1,25,0,1,200,200
0,200,30,0,0,0,1,12,2,200,0,0,0,0,200,200,200,17,0,0,68,200
0,200,30,0,0,0,1,12,2,200,0,0,0,0,200,200,200,17,0,0,48,200
0,200,30,0,0,0,1,10,12,4,0,0,0,0,200,200,200,16,17,1,200,200
0,200,30,0,0,0,1,10,12,4,0,0,0,0,200,200,200,16,17,1,48,200
0,200,30,0,0,0,1,10,5,4,0,12,0,0,200,200,200,18,200,1,66,200
0,200,30,0,0,0,1,10,5,4,0,12,0,0,200,200,200,18,200,1,41,200
1,200,30,0,0,0,1,10,5,4,0,12,0,0,200,200,200,18,200,1,59,200
1,200,30,0,0,0,1,10,5,4,0,12,0,0,200,200,200,18,200,0,9,200
0,200,35,0,0,0,1,7,7,200,0,0,0,0,200,200,200,20,200,0,200,200
0,200,30,1,2,0,1,10,3,200,0,0,0,1,1,200,200,16,11,0,30,200
0,200,30,1,2,0,1,10,3,200,0,0,0,1,1,200,200,16,11,0,22,200
0,200,35,0,0,0,1,10,5,2,0,0,0,0,200,200,1,18,0,0,200,200
0,200,35,0,0,0,1,10,5,2,0,0,0,0,200,200,1,18,0,1,42,200
0,200,30,1,2,0,1,10,2,2,0,0,0,1,200,200,200,18,200,0,29,200
0,200,30,1,2,0,1,10,2,2,0,0,0,1,200,200,200,18,200,0,42,200
0,200,30,1,2,0,1,0,6,200,0,0,0,1,1,200,200,6,16,1,39,200
0,200,30,1,2,0,1,0,6,200,0,0,0,1,1,200,200,6,16,1,61,200
1,200,30,1,2,0,1,0,6,200,0,0,0,1,1,200,200,6,16,0,17,200
1,200,30,1,2,0,1,0,6,200,0,0,0,1,1,200,200,6,16,1,17,200
1,200,30,1,2,0,1,0,6,200,0,0,0,1,1,200,200,6,16,1,22,200
0,200,30,2,2,0,1,14,5,2,0,0,0,0,1,200,200,17,200,0,68,200
0,200,30,2,2,0,1,14,5,2,0,0,0,0,1,200,200,17,200,0,22,200
0,200,30,1,2,0,1,10,5,200,0,0,0,0,1,200,200,18,200,0,17,200
0,200,30,1,2,0,1,10,5,200,0,0,0,0,1,200,200,18,200,0,23,200
0,200,30,1,2,0,1,10,5,200,0,0,0,0,1,200,200,18,200,1,24,200
0,200,30,0,0,200,1,5,4,200,0,200,200,0,200,200,200,0,200,0,200,200
0,200,30,0,0,0,1,11,5,200,0,0,0,0,200,200,200,21,200,0,55,200
0,200,30,0,0,0,1,11,5,200,0,0,0,0,200,200,200,21,200,0,43,200
0,200,30,0,0,0,1,7,6,200,0,0,200,0,200,200,1,0,200,2,200,200
0,200,30,0,0,200,200,10,5,200,0,0,200,0,200,200,200,17,200,1,28,200
0,200,30,0,0,200,200,10,5,200,0,0,200,0,200,200,200,17,200,0,0,200
0,200,30,0,0,0,1,10,12,200,0,0,0,1,1,200,200,18,0,0,16,200
0,200,30,0,0,0,1,10,12,200,0,0,0,1,1,200,200,18,0,1,66,200
1,200,30,0,0,0,1,10,12,200,0,0,0,1,1,200,200,18,0,1,16,200
1,200,30,0,0,0,1,10,12,200,0,0,0,1,1,200,200,18,0,1,73,200
0,200,30,0,0,0,1,2,6,200,0,0,0,0,200,200,1,0,0,1,200,200
1,200,30,0,0,0,1,2,6,200,0,0,0,0,200,200,1,0,0,1,200,200
0,200,30,0,0,0,1,2,5,200,0,0,1,0,200,200,200,0,0,1,52,200
0,200,30,0,0,0,1,12,6,1,0,0,0,0,200,200,200,11,0,1,89,200
0,200,30,0,0,0,1,12,6,1,0,0,0,0,200,200,200,11,0,0,29,200
1,200,30,0,0,0,1,12,6,1,0,0,0,0,200,200,200,11,0,1,21,200
1,200,30,0,0,0,1,12,6,1,0,0,0,0,200,200,200,11,0,0,20,200
0,200,25,1,2,0,1,10,2,2,0,0,0,0,200,200,200,2,18,0,22,200
0,200,25,1,2,0,1,10,2,2,0,0,0,0,200,200,200,2,18,0,43,200
0,200,0,0,0,0,0,2,5,1,0,0,0,0,200,1,1,0,0,2,200,200
0,200,55,0,0,0,1,12,3,200,0,0,0,0,200,200,200,22,17,0,73,200
0,200,55,0,0,0,1,12,3,200,0,0,0,0,200,200,200,22,17,0,56,200
0,200,30,1,2,0,1,7,2,1,0,0,0,0,200,200,200,11,200,1,35,200
1,200,30,1,2,0,1,7,2,1,0,0,0,0,200,200,200,11,200,1,11,200
1,200,30,1,2,0,1,7,2,1,0,0,0,0,200,200,200,11,200,1,11,200
1,200,30,1,2,0,1,7,2,1,0,0,0,0,200,200,200,11,200,1,6,200
0,200,25,0,0,0,1,12,2,2,0,0,0,0,200,200,200,0,0,0,57,200
0,200,25,0,0,0,1,12,2,2,0,0,0,0,200,200,200,0,0,1,56,200
0,200,30,0,0,0,1,7,5,2,0,0,0,0,200,200,1,0,0,2,200,200
0,200,30,1,2,0,1,10,2,4,0,0,0,0,200,200,200,18,0,0,25,200
0,200,30,1,2,0,1,10,2,4,0,0,0,0,200,200,200,18,0,1,35,200
0,0,35,0,0,0,1,12,5,2,0,0,0,0,1,200,0,16,22,1,50,200
0,0,35,0,0,0,1,12,5,2,0,0,0,0,1,200,0,16,22,1,51,200
0,0,35,0,0,0,1,12,5,2,0,0,0,0,1,200,0,16,22,1,28,200
1,0,35,0,0,0,1,12,5,2,0,0,0,0,1,200,0,16,22,1,18,200
1,0,35,0,0,0,1,12,5,2,0,0,0,0,1,200,0,16,22,1,200,200
0,200,30,1,2,0,1,10,5,2,0,0,0,0,200,200,200,18,200,0,51,200
0,200,30,1,2,0,1,10,5,2,0,0,0,0,200,200,200,18,200,1,35,200
1,200,30,1,2,0,1,10,5,2,0,0,0,0,200,200,200,18,200,1,200,200
0,200,30,200,200,0,1,14,5,200,0,200,200,0,200,200,200,0,200,0,46,200
0,200,30,200,200,0,1,14,5,200,0,200,200,0,200,200,200,0,200,1,62,200
0,200,0,2,2,0,1,14,7,0,0,0,0,0,200,200,200,0,0,0,200,200
0,200,0,2,2,0,1,14,7,0,0,0,0,0,200,200,200,0,0,0,200,200
0,200,15,0,0,0,1,7,7,1,0,0,0,0,200,200,200,17,0,0,66,200
1,200,15,0,0,0,1,7,7,1,0,0,0,0,200,200,200,17,0,0,200,200
1,200,15,0,0,0,1,7,7,1,0,0,0,0,200,200,200,17,0,1,200,200
0,200,30,1,2,0,1,9,5,200,0,0,0,0,200,200,200,0,0,0,200,200
5,200,30,1,2,0,1,9,5,200,0,0,0,0,200,200,200,0,0,1,200,200
0,200,30,2,2,0,1,9,5,2,0,0,0,1,1,200,200,33,200,1,60,200
5,200,30,2,2,0,1,9,5,2,0,0,0,1,1,200,200,33,200,0,31,200
0,200,30,0,0,0,1,7,5,2,0,0,0,0,200,200,200,23,200,0,33,200
0,200,30,2,2,0,1,9,5,2,0,0,0,1,1,200,1,5,17,0,200,200
5,200,30,2,2,0,1,9,5,2,0,0,0,1,1,200,1,5,17,1,31,200
0,200,30,4,2,0,1,10,2,200,0,0,0,0,200,200,200,16,0,0,33,200
0,200,30,4,2,0,1,10,2,200,0,0,0,0,200,200,200,16,0,0,51,200
0,200,25,0,0,0,1,12,2,2,0,0,0,0,200,200,200,0,0,0,47,200
0,200,25,0,0,0,1,12,2,2,0,0,0,0,200,200,200,0,0,0,29,200
0,200,30,1,2,0,1,14,2,200,0,0,0,0,200,200,200,0,0,0,53,200
0,200,30,1,2,0,1,14,2,200,0,0,0,0,200,200,200,0,0,1,25,200
0,200,35,1,2,0,1,14,6,3,0,0,0,0,1,200,200,23,0,0,69,200
0,200,35,1,2,0,1,14,6,3,0,0,0,0,1,200,200,23,0,0,29,200
0,200,30,0,0,0,1,12,5,200,0,0,0,0,200,200,200,21,0,0,46,200
0,200,30,0,0,0,1,12,5,200,0,0,0,0,200,200,200,21,0,0,47,200
1,200,30,0,0,0,1,12,5,200,0,0,0,0,200,200,200,21,0,1,65,200
1,200,30,0,0,0,1,12,5,200,0,0,0,0,200,200,200,21,0,1,26,200
1,200,30,0,0,0,1,12,5,200,0,0,0,0,200,200,200,21,0,0,200,200
0,200,30,0,0,0,1,7,7,200,0,0,0,0,200,200,200,20,200,1,25,200
1,200,30,0,0,0,1,7,7,200,0,0,0,0,200,200,200,20,200,1,200,200
1,200,30,0,0,0,1,7,7,200,0,0,0,0,200,200,200,20,200,2,200,200
1,200,30,0,0,0,1,7,7,200,0,0,0,0,200,200,200,20,200,2,200,200
1,200,30,0,0,0,1,7,7,200,0,0,0,0,200,200,200,20,200,2,200,200
0,200,10,0,0,0,1,0,7,200,0,0,0,0,200,1,200,0,0,1,30,200
0,200,10,0,0,0,1,0,7,200,0,0,0,0,200,1,200,0,0,0,46,200
0,200,35,1,2,0,1,10,3,6,0,0,0,1,200,200,200,7,200,1,60,200
0,200,35,1,2,0,1,10,3,6,0,0,0,1,200,200,200,7,200,1,24,200
0,200,30,1,2,0,1,0,5,200,0,0,0,1,1,200,200,0,0,0,30,200
0,200,30,1,2,0,1,0,5,200,0,0,0,1,1,200,200,0,0,0,50,200
1,200,30,1,2,0,1,0,5,200,0,0,0,1,1,200,200,0,0,0,29,200
0,200,30,0,0,0,1,9,2,200,0,0,0,1,200,200,1,0,0,1,200,200
5,200,30,0,0,0,1,9,2,200,0,0,0,1,200,200,1,0,0,0,80,200
0,200,15,0,0,0,1,7,7,200,0,0,0,0,200,200,200,25,200,0,34,200
0,200,30,0,0,0,1,7,5,2,0,0,0,1,200,200,200,11,0,1,44,200
0,200,30,1,2,0,1,0,2,4,0,0,0,0,1,200,1,17,200,0,200,200
0,200,30,1,2,0,1,0,2,4,0,0,0,0,1,200,1,17,200,0,33,200
0,200,10,9,2,0,1,3,7,2,0,0,0,0,200,200,200,0,0,0,36,200
0,200,10,9,2,0,1,3,7,2,0,0,0,0,200,200,200,0,0,0,35,200
0,200,30,0,0,0,1,10,2,4,0,0,0,1,200,200,200,0,0,1,36,200
0,200,30,0,0,0,1,10,2,4,0,0,0,1,200,200,200,0,0,0,28,200
1,200,30,0,0,0,1,10,2,4,0,0,0,1,200,200,200,0,0,1,33,200
1,200,30,0,0,0,1,10,2,4,0,0,0,1,200,200,200,0,0,0,12,200
1,200,30,0,0,0,1,10,2,4,0,0,0,1,200,200,200,0,0,1,16,200
1,200,30,0,0,0,1,10,2,4,0,0,0,1,200,200,200,0,0,0,16,200
1,200,30,0,0,0,1,10,2,4,0,0,0,1,200,200,200,0,0,1,27,200
1,200,30,0,0,0,1,10,2,4,0,0,0,1,200,200,200,0,0,1,37,200
1,200,30,0,0,0,1,10,2,4,0,0,0,1,200,200,200,0,0,1,9,200
0,200,0,0,0,0,1,7,7,200,0,0,0,0,200,200,200,0,0,1,42,200
0,200,5,0,0,0,1,10,7,200,0,0,0,0,200,200,200,18,200,1,37,200
0,200,5,0,0,0,1,10,7,200,0,0,0,0,200,200,200,18,200,1,54,200
0,1,30,0,0,200,200,7,5,200,0,200,0,0,200,200,1,0,200,2,200,200
0,200,30,0,0,0,1,10,2,200,0,0,0,0,200,200,200,18,11,0,29,200
0,200,30,0,0,0,1,10,2,200,0,0,0,0,200,200,200,18,11,0,62,200
0,200,30,0,0,0,1,7,1,4,0,0,0,0,200,200,200,200,200,0,47,200
0,200,25,0,0,0,1,7,5,2,0,0,0,0,200,200,1,0,200,1,200,200
1,200,25,0,0,0,1,7,5,2,0,0,0,0,200,200,1,0,200,1,200,200
0,200,30,1,2,0,1,14,5,2,0,0,0,0,1,200,200,0,200,0,29,200
0,200,30,1,2,0,1,14,5,2,0,0,0,0,1,200,200,0,200,1,25,200
0,200,30,1,2,0,1,12,5,2,0,0,0,0,1,200,200,22,200,0,74,200
0,200,30,1,2,0,1,12,5,2,0,0,0,0,1,200,200,22,200,1,42,200
0,200,35,1,2,0,1,14,3,200,0,0,0,0,200,200,200,16,200,0,35,200
0,200,35,1,2,0,1,14,3,200,0,0,0,0,200,200,200,16,200,1,200,200
0,200,30,0,0,0,1,7,5,200,0,0,0,0,200,200,200,0,200,2,200,200
0,200,10,0,0,0,1,12,7,0,0,0,0,0,200,0,1,20,20,0,200,200
0,200,10,0,0,0,1,12,7,0,0,0,0,0,200,0,1,20,20,1,54,200
0,200,30,1,2,0,1,10,5,2,0,0,0,0,200,200,200,6,6,1,200,200
0,200,30,1,2,0,1,10,5,2,0,0,0,0,200,200,200,6,6,1,33,200
0,200,15,0,0,0,1,10,4,200,0,0,0,1,200,200,200,18,200,0,200,200
0,200,15,0,0,0,1,10,4,200,0,0,0,1,200,200,200,18,200,0,200,200
0,200,15,0,0,0,1,10,4,200,0,0,0,1,200,200,200,18,200,0,200,200
0,200,30,0,0,0,1,7,5,200,0,0,0,0,200,200,200,23,8,1,34,200
0,200,30,0,0,0,1,14,5,4,0,0,0,0,200,200,200,0,0,0,79,200
0,200,30,0,0,0,1,14,5,4,0,0,0,0,200,200,200,0,0,0,54,200
1,200,30,0,0,0,1,14,5,4,0,0,0,0,200,200,200,0,0,1,61,200
0,200,30,1,2,0,1,14,5,0,0,0,0,1,200,200,200,0,200,0,49,200
0,200,30,1,2,0,1,14,5,0,0,0,0,1,200,200,200,0,200,1,55,200
0,200,30,0,0,0,1,7,2,2,0,0,0,0,200,200,1,0,200,2,200,200
0,200,30,1,2,0,1,10,5,200,0,0,0,0,200,200,1,18,200,0,200,200
0,200,30,1,2,0,1,10,5,200,0,0,0,0,200,200,1,18,200,0,28,200
0,200,30,1,2,0,1,14,2,4,0,0,0,0,200,200,200,17,22,0,26,200
0,200,30,1,2,0,1,14,2,4,0,0,0,0,200,200,200,17,22,0,45,200
0,200,30,0,0,0,1,12,2,3,0,0,200,0,200,200,1,21,0,0,200,200
0,200,30,0,0,0,1,12,2,3,0,0,200,0,200,200,1,21,0,0,75,200
0,1,30,0,0,0,200,12,6,1,0,0,3,0,200,200,200,0,0,0,60,200
0,1,30,0,0,0,200,12,6,1,0,0,3,0,200,200,200,0,0,1,31,200
1,1,30,0,0,0,200,12,6,1,0,0,3,0,200,200,200,0,0,0,200,200
0,200,25,0,0,0,1,10,2,2,0,0,0,0,200,200,200,0,0,0,59,200
0,200,25,0,0,0,1,10,2,2,0,0,0,0,200,200,200,0,0,1,34,200
0,200,30,1,2,0,1,12,5,2,0,0,0,0,200,200,200,22,200,0,200,200
0,200,30,1,2,0,1,12,5,2,0,0,0,0,200,200,200,22,200,1,68,200
0,200,30,1,2,0,1,10,5,200,0,0,0,1,1,200,200,0,200,0,23,200
0,200,30,1,2,0,1,10,5,200,0,0,0,1,1,200,200,0,200,1,25,200
0,200,30,1,2,0,1,10,5,200,0,0,0,1,1,200,200,0,200,0,71,200
1,200,30,1,2,0,1,10,5,200,0,0,0,1,1,200,200,0,200,0,4,200
1,200,30,1,2,0,1,10,5,200,0,0,0,1,1,200,200,0,200,0,200,200
0,200,30,0,0,0,1,7,2,2,0,0,12,1,200,200,1,0,200,2,200,200
0,200,30,2,2,0,1,14,2,4,0,0,0,0,1,200,200,0,0,0,46,200
0,200,30,2,2,0,1,14,2,4,0,0,0,0,1,200,200,0,0,0,35,200
1,200,30,2,2,0,1,14,2,4,0,0,0,0,1,200,200,0,0,1,31,200
0,200,30,1,2,0,1,0,2,2,0,0,0,0,200,200,1,17,200,1,200,200
0,200,30,1,2,0,1,0,2,2,0,0,0,0,200,200,1,17,200,1,27,200
0,200,30,1,2,0,1,10,5,2,0,0,0,0,200,200,200,18,200,0,40,200
0,200,30,1,2,0,1,10,5,2,0,0,0,0,200,200,200,18,200,0,42,200
1,200,30,1,2,0,1,10,5,2,0,0,0,0,200,200,200,18,200,0,200,200
0,200,30,0,0,0,1,12,5,2,0,200,0,0,0,200,200,17,0,1,22,200
0,200,30,0,0,0,1,12,5,2,0,200,0,0,0,200,200,17,0,0,71,200
0,200,30,2,2,0,1,0,5,200,0,0,0,1,200,200,1,14,5,0,200,200
0,200,30,2,2,0,1,0,5,200,0,0,0,1,200,200,1,14,5,1,58,200
0,200,30,4,0,0,1,10,5,200,0,0,0,0,200,200,1,18,200,0,200,200
0,200,30,4,0,0,1,10,5,200,0,0,0,0,200,200,1,18,200,0,41,200
1,200,30,4,0,0,1,10,5,200,0,0,0,0,200,200,1,18,200,1,200,200
1,200,30,4,0,0,1,10,5,200,0,0,0,0,200,200,1,18,200,0,200,200
1,200,30,4,0,0,1,10,5,200,0,0,0,0,200,200,1,18,200,0,200,200
0,200,35,0,0,0,1,10,3,200,0,0,0,1,200,200,200,16,200,0,46,200
0,200,35,0,0,0,1,10,3,200,0,0,0,1,200,200,200,16,200,1,61,200
1,200,35,0,0,0,1,10,3,200,0,0,0,1,200,200,200,16,200,0,200,200
0,200,20,0,0,0,1,12,5,200,0,0,0,0,200,200,200,21,0,0,200,200
0,200,20,0,0,0,1,12,5,200,0,0,0,0,200,200,200,21,0,0,22,200
0,200,20,0,0,0,1,7,6,1,0,0,200,0,200,200,1,0,0,2,200,200
0,200,35,1,2,0,1,10,5,1,0,0,0,0,1,200,0,18,16,1,21,200
0,200,35,1,2,0,1,10,5,1,0,0,0,0,1,200,0,18,16,0,29,200
0,200,20,1,2,0,1,10,5,6,0,0,0,0,200,200,200,18,11,0,35,200
0,200,20,1,2,0,1,10,5,6,0,0,0,0,200,200,200,18,11,1,30,200
1,200,20,1,2,0,1,10,5,6,0,0,0,0,200,200,200,18,11,0,5,200
1,200,20,1,2,0,1,10,5,6,0,0,0,0,200,200,200,18,11,1,0,200
0,200,30,1,2,0,1,10,5,200,0,0,200,0,1,200,200,21,11,0,21,200
0,200,30,1,2,0,1,10,5,200,0,0,200,0,1,200,200,21,11,0,27,200
0,200,45,0,0,0,1,10,3,200,0,0,0,1,200,200,200,16,18,1,41,200
0,200,45,0,0,0,1,10,3,200,0,0,0,1,200,200,200,16,18,0,35,200
0,200,30,0,0,0,1,14,5,4,0,0,0,0,1,200,200,17,22,0,200,200
0,200,30,0,0,0,1,14,5,4,0,0,0,0,1,200,200,17,22,0,54,200
1,200,30,0,0,0,1,14,5,4,0,0,0,0,1,200,200,17,22,0,5,200
0,200,30,0,0,0,1,12,2,200,0,0,200,0,200,200,200,17,200,0,200,200
0,200,30,0,0,0,1,12,2,200,0,0,200,0,200,200,200,17,200,1,43,200
0,200,30,1,2,0,1,12,2,2,0,0,0,0,0,200,1,22,16,0,200,200
0,200,30,1,2,0,1,12,2,2,0,0,0,0,0,200,1,22,16,0,43,200
0,200,30,1,2,0,1,12,6,200,0,0,0,0,200,200,200,21,17,0,200,200
0,200,30,1,2,0,1,12,6,200,0,0,0,0,200,200,200,21,17,0,64,200
0,200,30,0,0,0,1,12,5,4,0,0,0,0,200,200,200,21,21,0,54,200
0,200,30,0,0,0,1,12,5,4,0,0,0,0,200,200,200,21,21,0,40,200
0,200,30,1,2,0,1,10,5,2,0,0,0,0,200,200,200,0,0,0,31,200
0,200,30,1,2,0,1,10,5,2,0,0,0,0,200,200,200,0,0,0,50,200
0,200,30,0,0,0,1,2,2,4,0,0,0,1,200,200,200,27,200,0,56,200
1,200,30,0,0,0,1,2,2,4,0,0,0,1,200,200,200,27,200,0,63,200
0,200,30,0,0,0,1,7,6,2,0,0,0,0,200,200,200,25,200,1,31,200
1,200,30,0,0,0,1,7,6,2,0,0,0,0,200,200,200,25,200,1,42,200
0,200,15,0,0,0,1,2,0,200,0,0,0,0,200,200,200,7,25,0,82,200
0,200,40,0,0,0,1,14,2,6,0,0,0,1,1,200,200,23,200,0,63,200
0,200,40,0,0,0,1,14,2,6,0,0,0,1,1,200,200,23,200,1,200,200
1,200,40,0,0,0,1,14,2,6,0,0,0,1,1,200,200,23,200,1,63,200
0,200,30,1,2,0,1,10,2,2,0,0,0,0,200,200,200,7,18,0,34,200
0,200,30,1,2,0,1,10,2,2,0,0,0,0,200,200,200,7,18,0,25,200
1,200,30,1,2,0,1,10,2,2,0,0,0,0,200,200,200,7,18,1,21,200
4,200,30,0,0,0,1,8,2,2,0,0,200,1,200,200,200,17,18,1,22,200
0,200,30,0,0,0,1,8,2,2,0,0,200,1,200,200,200,17,18,1,53,200
0,200,30,2,2,0,1,14,5,200,0,0,200,0,1,200,200,17,200,1,52,200
0,200,30,2,2,0,1,14,5,200,0,0,200,0,1,200,200,17,200,0,40,200
0,200,30,0,0,0,1,0,5,2,0,0,0,0,200,200,200,20,11,0,55,200
0,200,30,0,0,0,1,0,5,2,0,0,0,0,200,200,200,20,11,0,39,200
0,200,30,1,2,0,1,8,5,2,0,0,0,1,1,200,1,17,18,1,200,200
4,200,30,1,2,0,1,8,5,2,0,0,0,1,1,200,1,17,18,1,32,200
0,200,15,0,0,0,1,7,7,200,0,0,0,0,200,1,200,16,200,1,21,200
0,200,30,1,2,0,1,12,2,4,0,0,0,0,200,200,1,0,200,0,200,200
0,200,30,1,2,0,1,12,2,4,0,0,0,0,200,200,1,0,200,0,42,200
0,200,15,0,0,0,1,7,7,200,0,0,0,0,200,200,200,0,0,0,45,200
0,200,30,0,0,0,1,7,6,1,0,0,200,0,200,200,200,0,0,0,200,200
0,200,0,1,2,0,1,10,2,4,0,0,0,0,200,200,200,18,1,0,200,200
0,200,0,1,2,0,1,10,2,4,0,0,0,0,200,200,200,18,1,1,27,200
0,200,35,0,0,0,1,14,6,200,0,0,0,0,200,200,200,16,200,1,200,200
0,200,35,0,0,0,1,14,6,200,0,0,0,0,200,200,200,16,200,0,38,200
1,200,35,0,0,0,1,14,6,200,0,0,0,0,200,200,200,16,200,1,38,200
0,200,25,0,0,0,1,7,6,1,0,0,0,0,200,200,200,0,200,0,52,200
0,200,20,0,0,0,1,7,6,200,0,0,0,1,200,200,1,0,200,2,200,200
0,200,30,1,2,0,1,0,3,6,3,0,0,1,1,200,200,6,17,0,48,200
0,200,30,1,2,0,1,0,3,6,3,0,0,1,1,200,200,6,17,0,29,200
1,200,30,1,2,0,1,0,3,6,3,0,0,1,1,200,200,6,17,0,200,200
1,200,30,1,2,0,1,0,3,6,3,0,0,1,1,200,200,6,17,1,41,200
0,200,30,1,0,0,0,10,5,200,0,0,200,0,200,200,200,18,200,1,34,200
0,200,30,1,0,0,0,10,5,200,0,0,200,0,200,200,200,18,200,0,46,200
0,200,30,2,0,0,1,14,5,4,0,0,0,1,200,200,1,7,25,0,21,200
0,200,30,2,0,0,1,14,5,4,0,0,0,1,200,200,1,7,25,1,21,200
0,200,30,0,0,0,1,0,2,4,0,0,0,0,200,200,1,17,17,1,200,200
0,200,30,0,0,0,1,0,2,4,0,0,0,0,200,200,1,17,17,0,29,200
0,200,30,0,0,0,1,12,5,2,0,0,0,0,200,200,1,0,0,0,200,200
0,200,30,0,0,0,1,12,5,2,0,0,0,0,200,200,1,0,0,0,33,200
0,200,30,0,0,0,1,7,5,2,0,0,0,1,200,200,200,0,200,0,27,200
0,200,30,0,0,0,1,0,6,200,0,0,200,0,200,200,0,0,200,1,200,200
0,200,30,0,0,0,1,0,6,200,0,0,200,0,200,200,0,0,200,1,40,200
0,200,30,1,2,0,1,10,2,4,0,0,0,0,1,200,200,0,200,1,200,200
0,200,30,1,2,0,1,10,2,4,0,0,0,0,1,200,200,0,200,0,90,200
0,200,30,1,2,0,1,10,2,4,0,0,0,0,1,200,200,0,200,0,200,200
1,200,30,1,2,0,1,10,2,4,0,0,0,0,1,200,200,0,200,1,69,200
1,200,30,1,2,0,1,10,2,4,0,0,0,0,1,200,200,0,200,0,200,200
0,200,30,0,0,0,1,7,5,2,0,0,0,0,200,200,1,0,0,1,200,200
0,200,30,1,2,0,1,12,5,4,0,0,0,0,200,200,200,0,200,1,48,200
0,200,30,1,2,0,1,12,5,4,0,0,0,0,200,200,200,0,200,0,69,200
1,200,30,1,2,0,1,12,5,4,0,0,0,0,200,200,200,0,200,1,67,200
1,200,30,1,2,0,1,12,5,4,0,0,0,0,200,200,200,0,200,1,200,200
0,200,20,0,0,0,1,7,7,1,0,0,0,0,200,1,200,20,0,1,31,200
1,200,20,0,0,0,1,7,7,1,0,0,0,0,200,1,200,20,0,0,4,200
1,200,20,0,0,0,1,7,7,1,0,0,0,0,200,1,200,20,0,0,4,200
1,200,20,0,0,0,1,7,7,1,0,0,0,0,200,1,200,20,0,1,38,200
1,200,20,0,0,0,1,7,7,1,0,0,0,0,200,1,200,20,0,0,14,200
1,200,20,0,0,0,1,7,7,1,0,0,0,0,200,1,200,20,0,0,5,200
1,200,20,0,0,0,1,7,7,1,0,0,0,0,200,1,200,20,0,0,3,200
0,1,30,0,0,0,1,7,5,2,0,0,0,1,200,200,1,0,0,2,200,200
0,200,30,3,2,0,1,10,7,1,0,0,0,0,200,1,200,11,0,0,26,200
0,200,30,3,2,0,1,10,7,1,0,0,0,0,200,1,200,11,0,0,64,200
0,200,25,0,0,0,1,3,2,2,0,0,0,1,200,200,1,0,0,1,200,200
0,200,25,0,0,0,1,3,2,2,0,0,0,1,200,200,1,0,0,1,78,200
0,200,15,2,2,2,1,7,6,1,0,0,0,0,1,200,200,16,0,1,26,200
0,200,30,0,0,0,1,12,2,200,0,0,0,0,0,200,200,16,0,1,48,200
0,200,30,0,0,0,1,12,2,200,0,0,0,0,0,200,200,16,0,0,50,200
0,200,35,1,2,0,1,12,5,4,0,0,0,0,200,200,200,11,200,1,77,200
0,200,35,1,2,0,1,12,5,4,0,0,0,0,200,200,200,11,200,0,67,200
0,200,35,0,0,0,1,12,3,200,0,0,0,0,200,200,200,22,200,0,44,200
0,200,35,0,0,0,1,12,3,200,0,0,0,0,200,200,200,22,200,0,34,200
1,200,35,0,0,0,1,12,3,200,0,0,0,0,200,200,200,22,200,0,22,200
0,200,25,0,0,0,1,5,4,1,0,0,0,0,200,1,200,200,200,1,53,200
0,200,30,12,2,0,1,12,5,200,0,0,0,0,1,200,200,22,21,0,34,200
0,200,30,12,2,0,1,12,5,200,0,0,0,0,1,200,200,22,21,0,0,200
0,200,30,0,0,0,1,7,12,1,0,0,0,0,200,200,200,23,23,0,32,200
0,200,35,1,2,0,1,14,5,200,0,0,0,0,1,200,1,22,0,2,200,200
0,200,35,1,2,0,1,14,5,200,0,0,0,0,1,200,1,22,0,0,29,200
0,200,30,1,2,0,1,10,5,200,0,0,0,1,200,200,200,200,200,0,29,200
0,200,30,1,2,0,1,10,5,200,0,0,0,1,200,200,200,200,200,0,50,200
0,200,30,0,0,0,1,7,5,2,0,0,0,1,200,200,200,32,200,0,44,0.27
0,200,30,0,0,0,1,12,5,200,0,0,0,0,200,200,200,22,16,0,20,200