PERSON_TYPE,CRASH_DATE_EST_I,POSTED_SPEED_LIMIT,TRAFFIC_CONTROL_DEVICE,DEVICE_CONDITION,WEATHER_CONDITION,LIGHTING_CONDITION,FIRST_CRASH_TYPE,TRAFFICWAY_TYPE,LANE_CNT,ALIGNMENT,ROADWAY_SURFACE_COND,ROAD_DEFECT,CRASH_TYPE,INTERSECTION_RELATED_I,NOT_RIGHT_OF_WAY_I,HIT_AND_RUN_I,PRIM_CONTRIBUTORY_CAUSE,SEC_CONTRIBUTORY_CAUSE,SEX,AGE,BAC_RESULT VALUE
0,200,30,0,0,0,1,12,5,200,0,0,0,0,200,200,200,22,16,0,36,200
1,200,30,0,0,0,1,12,5,200,0,0,0,0,200,200,200,22,16,0,200,200
0,200,30,1,2,0,1,12,5,2,0,0,0,0,200,200,200,22,200,1,70,200
0,200,30,1,2,0,1,12,5,2,0,0,0,0,200,200,200,22,200,1,27,200
0,200,30,1,2,0,1,12,5,2,0,0,0,0,200,200,200,22,200,1,53,200
0,200,30,2,2,0,1,10,5,3,0,0,0,0,200,200,200,0,0,1,41,200
0,200,30,2,2,0,1,10,5,3,0,0,0,0,200,200,200,0,0,0,48,200
0,1,30,0,0,0,1,14,1,2,0,0,0,1,200,200,200,17,22,1,51,200
0,1,30,0,0,0,1,14,1,2,0,0,0,1,200,200,200,17,22,0,50,200
0,200,30,0,0,0,1,12,2,2,0,0,0,0,1,200,1,0,200,0,200,200
0,200,30,0,0,0,1,12,2,2,0,0,0,0,1,200,1,0,200,1,39,200
0,200,30,2,2,0,1,0,5,200,0,0,12,0,1,200,200,33,28,0,74,200
0,200,30,2,2,0,1,0,5,200,0,0,12,0,1,200,200,33,28,0,67,200
0,200,30,1,2,0,1,14,3,200,0,0,0,0,200,200,200,0,0,1,59,200
0,200,30,1,2,0,1,14,3,200,0,0,0,0,200,200,200,0,0,0,58,200
0,200,30,0,0,0,1,12,2,2,0,0,0,1,200,200,200,23,4,0,29,200
0,200,30,0,0,0,1,12,2,2,0,0,0,1,200,200,200,23,4,1,0,200
0,200,30,3,2,0,1,14,2,2,0,0,0,0,0,200,1,22,0,0,200,200
0,200,30,3,2,0,1,14,2,2,0,0,0,0,0,200,1,22,0,1,31,200
0,0,30,0,0,0,1,7,7,200,0,12,12,0,200,200,1,0,0,2,200,200
0,200,40,1,2,0,1,12,3,4,0,0,0,1,200,200,200,17,17,1,49,200
0,200,40,1,2,0,1,12,3,4,0,0,0,1,200,200,200,17,17,0,54,200
0,200,30,0,0,0,1,12,5,2,0,0,0,0,1,200,200,0,0,1,26,200
0,200,30,0,0,0,1,12,5,2,0,0,0,0,1,200,200,0,0,0,31,200
0,200,20,0,0,0,1,7,7,1,0,0,0,0,200,200,0,0,0,2,200,200
0,200,30,1,2,0,1,10,2,2,0,0,200,1,1,200,200,12,0,0,200,200
0,200,30,1,2,0,1,10,2,2,0,0,200,1,1,200,200,12,0,1,45,200
0,200,30,0,0,200,1,14,2,200,0,0,200,0,200,200,200,0,200,0,200,200
0,200,30,0,0,200,1,14,2,200,0,0,200,0,200,200,200,0,200,0,49,200
0,200,30,1,2,0,1,14,5,2,0,0,0,0,200,200,200,20,200,1,26,200
0,200,30,1,2,0,1,14,5,2,0,0,0,0,200,200,200,20,200,0,30,200
0,200,30,1,2,0,1,12,6,3,0,0,0,0,200,200,200,21,0,2,200,200
0,200,30,1,2,0,1,12,6,3,0,0,0,0,200,200,200,21,0,1,43,200
1,200,30,1,2,0,1,12,6,3,0,0,0,0,200,200,200,21,0,0,42,200
1,200,30,1,2,0,1,12,6,3,0,0,0,0,200,200,200,21,0,1,18,200
0,200,35,1,2,0,1,14,5,200,0,0,0,0,200,200,200,16,200,1,50,200
0,200,35,1,2,0,1,14,5,200,0,0,0,0,200,200,200,16,200,0,49,200
0,200,30,0,0,0,2,12,6,200,0,0,0,0,200,200,200,17,16,0,19,200
0,200,30,0,0,0,2,12,6,200,0,0,0,0,200,200,200,17,16,1,47,200
0,200,45,0,0,0,1,12,5,200,0,0,0,0,200,200,200,22,17,1,25,200
0,200,45,0,0,0,1,12,5,200,0,0,0,0,200,200,200,22,17,1,27,200
0,200,30,0,0,0,1,0,5,2,0,0,0,0,1,200,200,17,200,1,20,200
0,200,30,0,0,0,1,0,5,2,0,0,0,0,1,200,200,17,200,1,17,200
1,200,30,0,0,0,1,0,5,2,0,0,0,0,1,200,200,17,200,1,34,200
1,200,30,0,0,0,1,0,5,2,0,0,0,0,1,200,200,17,200,1,1,200
0,200,15,0,0,0,3,7,5,200,0,0,200,0,200,200,200,0,200,1,39,200
0,200,15,2,2,0,1,14,6,1,0,0,0,0,1,200,1,22,200,1,200,200
0,200,15,2,2,0,1,14,6,1,0,0,0,0,1,200,1,22,200,0,19,200
0,200,30,0,0,0,1,7,5,2,0,0,0,0,200,200,1,0,200,0,200,200
0,200,35,0,0,0,1,10,5,4,0,0,0,1,200,200,200,0,0,1,34,200
0,200,35,0,0,0,1,10,5,4,0,0,0,1,200,200,200,0,0,1,56,200
0,200,35,0,0,0,1,10,5,4,0,0,0,1,200,200,200,0,0,1,50,200
1,200,35,0,0,0,1,10,5,4,0,0,0,1,200,200,200,0,0,0,9,200
0,200,30,0,0,0,1,7,7,200,0,0,0,0,200,200,1,11,200,0,200,200
0,200,30,0,0,0,1,5,200,200,0,0,0,0,200,200,200,200,200,1,55,200
0,200,30,200,200,0,1,10,5,200,0,0,200,0,200,200,200,0,200,0,16,200
0,200,30,200,200,0,1,10,5,200,0,0,200,0,200,200,200,0,200,1,44,200
0,200,30,1,2,0,1,12,2,2,0,0,0,0,200,200,1,0,200,0,200,200
0,200,30,1,2,0,1,12,2,2,0,0,0,0,200,200,1,0,200,1,30,200
0,200,30,0,200,200,1,7,6,1,0,200,0,0,200,200,1,200,200,2,200,200
0,200,30,200,200,0,1,8,2,2,0,0,0,1,200,200,1,0,0,0,200,200
4,200,30,200,200,0,1,8,2,2,0,0,0,1,200,200,1,0,0,0,20,200
0,200,0,1,2,0,1,10,2,4,0,0,0,0,200,200,200,18,0,1,30,200
0,200,0,1,2,0,1,10,2,4,0,0,0,0,200,200,200,18,0,1,23,200
0,200,30,1,2,0,4,10,3,4,0,0,0,0,200,200,200,7,7,1,27,200
0,200,30,1,2,0,4,10,3,4,0,0,0,0,200,200,200,7,7,1,71,200
0,200,30,1,2,0,4,10,3,4,0,0,0,0,200,200,200,7,7,1,36,200
0,200,45,0,0,0,1,12,3,4,2,0,0,0,200,200,200,21,21,1,25,200
0,200,45,0,0,0,1,12,3,4,2,0,0,0,200,200,200,21,21,0,53,200
1,200,45,0,0,0,1,12,3,4,2,0,0,0,200,200,200,21,21,0,9,200
0,200,30,0,0,0,1,8,2,2,0,0,0,1,200,200,200,0,200,0,63,200
4,200,30,0,0,0,1,8,2,2,0,0,0,1,200,200,200,0,200,0,44,200
0,200,30,0,0,0,1,10,2,200,0,0,0,0,200,200,200,18,18,0,200,200
0,200,30,0,0,0,1,10,2,200,0,0,0,0,200,200,200,18,18,0,65,200
0,200,25,1,2,0,1,8,5,2,0,0,0,1,1,200,1,17,200,0,200,200
4,200,25,1,2,0,1,8,5,2,0,0,0,1,1,200,1,17,200,0,25,200
0,200,30,0,0,0,1,10,5,2,0,0,0,0,200,200,1,18,200,0,200,200
0,200,30,0,0,0,1,10,5,2,0,0,0,0,200,200,1,18,200,0,75,200
0,200,30,0,0,0,1,10,5,200,0,0,0,0,200,200,1,200,200,1,200,200
0,200,30,0,0,0,1,10,5,200,0,0,0,0,200,200,1,200,200,0,35,200
0,0,15,0,0,200,200,2,12,1,0,200,0,0,200,1,200,0,0,1,71,200
1,0,15,0,0,200,200,2,12,1,0,200,0,0,200,1,200,0,0,0,83,200
0,200,30,1,2,0,1,12,5,2,0,0,200,0,200,200,200,18,22,2,200,200
0,200,30,1,2,0,1,12,5,2,0,0,200,0,200,200,200,18,22,0,19,200
0,200,5,0,0,0,1,7,12,200,0,0,0,0,200,200,200,0,16,0,42,200
0,200,20,0,0,0,4,7,5,2,0,0,0,1,200,200,200,11,200,1,51,200
1,200,20,0,0,0,4,7,5,2,0,0,0,1,200,200,200,11,200,0,44,200
1,200,20,0,0,0,4,7,5,2,0,0,0,1,200,200,200,11,200,0,28,200
0,200,30,0,0,0,1,12,5,200,0,0,0,0,200,200,200,0,0,0,47,200
0,200,30,0,0,0,1,12,5,200,0,0,0,0,200,200,200,0,0,0,22,200
0,200,30,0,0,0,1,14,5,200,0,0,0,1,200,200,200,23,200,0,49,200
0,200,30,0,0,0,1,14,5,200,0,0,0,1,200,200,200,23,200,0,18,200
1,200,30,0,0,0,1,14,5,200,0,0,0,1,200,200,200,23,200,1,17,200
0,200,30,2,2,0,1,0,5,2,0,0,0,1,1,200,200,17,11,1,44,200
0,200,30,2,2,0,1,0,5,2,0,0,0,1,1,200,200,17,11,0,25,200
1,200,30,2,2,0,1,0,5,2,0,0,0,1,1,200,200,17,11,1,20,200
0,200,30,1,2,0,3,10,2,2,0,0,0,0,200,200,200,18,0,0,200,200
0,200,30,1,2,0,3,10,2,2,0,0,0,0,200,200,200,18,0,1,30,200
0,200,30,7,5,0,1,10,5,200,0,0,0,1,200,200,200,20,0,0,200,200
0,200,30,7,5,0,1,10,5,200,0,0,0,1,200,200,200,20,0,1,29,200
1,200,30,7,5,0,1,10,5,200,0,0,0,1,200,200,200,20,0,0,25,200
1,200,30,7,5,0,1,10,5,200,0,0,0,1,200,200,200,20,0,0,200,200
1,200,30,7,5,0,1,10,5,200,0,0,0,1,200,200,200,20,0,1,2,200
0,200,10,0,0,0,1,7,7,2,0,0,0,0,200,200,1,15,25,1,200,200
0,200,30,0,0,0,1,0,2,4,0,0,200,0,200,200,1,17,0,1,200,200
0,200,30,0,0,0,1,0,2,4,0,0,200,0,200,200,1,17,0,0,70,200
1,200,30,0,0,0,1,0,2,4,0,0,200,0,200,200,1,17,0,1,20,200
0,200,15,0,0,0,4,2,0,1,0,0,0,0,200,200,200,33,0,0,30,200
0,200,30,1,2,0,1,10,5,200,0,0,0,0,1,200,200,18,200,0,49,200
0,200,30,1,2,0,1,10,5,200,0,0,0,0,1,200,200,18,200,1,29,200
1,200,30,1,2,0,1,10,5,200,0,0,0,0,1,200,200,18,200,0,200,200
0,200,30,2,2,0,1,8,12,200,0,0,0,0,1,200,200,5,0,1,26,200
4,200,30,2,2,0,1,8,12,200,0,0,0,0,1,200,200,5,0,0,28,200
0,200,30,0,0,0,1,7,5,4,0,0,0,1,200,200,200,11,0,0,32,200
0,200,30,0,0,0,4,12,5,4,0,0,0,0,200,200,200,0,200,0,22,200
0,200,30,0,0,0,4,12,5,4,0,0,0,0,200,200,200,0,200,1,23,200
1,200,30,0,0,0,4,12,5,4,0,0,0,0,200,200,200,0,200,0,5,200
1,200,30,0,0,0,4,12,5,4,0,0,0,0,200,200,200,0,200,0,0,200
0,200,30,0,0,0,4,14,3,200,0,0,0,1,1,200,200,33,200,0,27,200
0,200,30,0,0,0,4,14,3,200,0,0,0,1,1,200,200,33,200,0,32,200
0,200,25,2,2,0,1,0,5,2,0,0,0,1,1,200,200,17,11,1,26,200
0,200,25,2,2,0,1,0,5,2,0,0,0,1,1,200,200,17,11,0,63,200
1,200,25,2,2,0,1,0,5,2,0,0,0,1,1,200,200,17,11,1,24,200
1,200,25,2,2,0,1,0,5,2,0,0,0,1,1,200,200,17,11,0,29,200
0,200,30,0,0,0,1,9,6,1,0,0,0,1,1,200,200,16,16,0,23,200
5,200,30,0,0,0,1,9,6,1,0,0,0,1,1,200,200,16,16,0,64,200
0,200,30,0,0,0,4,7,5,200,0,0,0,1,200,200,200,200,0,0,25,200
0,200,55,0,0,0,2,12,6,4,0,0,0,1,200,200,1,0,0,2,200,200
0,200,55,0,0,0,2,12,6,4,0,0,0,1,200,200,1,0,0,0,24,200
0,200,30,0,0,0,4,14,5,200,0,0,0,0,200,200,1,22,200,0,200,200
0,200,30,0,0,0,4,14,5,200,0,0,0,0,200,200,1,22,200,1,68,200
0,200,30,0,0,0,1,11,5,200,0,0,0,0,200,200,1,21,200,1,200,200
0,200,30,0,0,0,1,11,5,200,0,0,0,0,200,200,1,21,200,0,25,200
0,200,30,1,2,0,3,10,5,2,0,0,0,1,1,200,200,18,0,0,23,200
0,200,30,1,2,0,3,10,5,2,0,0,0,1,1,200,200,18,0,0,69,200
1,200,30,1,2,0,3,10,5,2,0,0,0,1,1,200,200,18,0,1,69,200
4,200,30,0,0,0,3,8,5,2,0,0,0,1,200,200,200,0,200,0,48,200
0,200,30,200,200,0,3,9,5,2,0,0,200,1,1,200,200,200,200,1,39,200
5,200,30,200,200,0,3,9,5,2,0,0,200,1,1,200,200,200,200,0,6,200
1,200,30,200,200,0,3,9,5,2,0,0,200,1,1,200,200,200,200,0,200,200
1,200,30,200,200,0,3,9,5,2,0,0,200,1,1,200,200,200,200,1,200,200
0,200,30,1,2,0,1,9,5,4,0,0,0,1,1,200,1,27,200,0,25,200
5,200,30,1,2,0,1,9,5,4,0,0,0,1,1,200,1,27,200,1,53,200
0,200,30,0,0,0,2,7,6,3,0,0,0,0,200,200,1,200,200,2,200,200
0,200,20,0,0,0,1,7,2,2,0,0,3,0,200,200,1,20,11,0,200,200
5,200,25,0,0,0,3,9,6,1,0,0,0,0,200,200,200,0,0,0,0,200
0,200,25,0,0,0,3,9,6,1,0,0,0,0,200,200,200,0,0,1,34,200
1,200,25,0,0,0,3,9,6,1,0,0,0,0,200,200,200,0,0,0,18,200
0,200,35,1,2,0,3,14,5,2,2,0,0,0,200,200,1,0,0,0,200,200
0,200,35,1,2,0,3,14,5,2,2,0,0,0,200,200,1,0,0,0,24,200
1,200,35,1,2,0,3,14,5,2,2,0,0,0,200,200,1,0,0,0,19,200
0,200,30,1,2,0,1,7,5,2,0,0,0,0,200,200,200,22,22,0,29,200
0,200,30,0,0,0,0,7,5,200,0,0,0,0,200,200,200,0,0,0,200,200
0,200,30,0,0,0,3,7,2,2,0,0,0,0,200,200,1,16,0,2,200,200
0,200,35,1,2,0,4,0,2,2,0,0,0,1,1,200,200,0,0,1,20,200
0,200,35,1,2,0,4,0,2,2,0,0,0,1,1,200,200,0,0,0,200,200
0,200,30,1,2,0,3,9,5,2,0,0,0,1,200,200,200,16,17,0,58,200
5,200,30,1,2,0,3,9,5,2,0,0,0,1,200,200,200,16,17,1,59,200
0,200,30,0,0,0,4,2,5,200,0,0,1,0,200,200,200,29,0,0,0,200
0,200,30,1,2,0,3,12,1,4,0,0,0,0,1,200,200,0,0,0,23,200
0,200,30,1,2,0,3,12,1,4,0,0,0,0,1,200,200,0,0,0,65,200
0,200,30,0,0,0,3,7,5,2,0,0,0,0,200,200,200,0,200,0,60,200
1,200,30,0,0,0,3,7,5,2,0,0,0,0,200,200,200,0,200,1,42,200
1,200,30,0,0,0,3,7,5,2,0,0,0,0,200,200,200,0,200,0,46,200
0,200,35,0,0,0,0,10,3,200,0,0,0,0,200,200,200,0,0,0,25,200
0,200,35,0,0,0,0,10,3,200,0,0,0,0,200,200,200,0,0,1,45,200
1,200,35,0,0,0,0,10,3,200,0,0,0,0,200,200,200,0,0,1,20,200
0,200,25,2,2,0,3,14,5,2,0,0,0,1,1,200,200,23,200,0,21,200
0,200,25,2,2,0,3,14,5,2,0,0,0,1,1,200,200,23,200,1,22,200
0,200,25,0,0,0,0,2,0,1,0,0,200,1,200,1,1,25,14,0,20,200
1,200,25,0,0,0,0,2,0,1,0,0,200,1,200,1,1,25,14,0,21,200
1,200,25,0,0,0,0,2,0,1,0,0,200,1,200,1,1,25,14,0,23,200
0,200,30,1,2,0,0,10,2,200,0,0,0,1,200,200,200,18,0,0,200,200
0,200,30,1,2,0,0,10,2,200,0,0,0,1,200,200,200,18,0,1,30,200
0,200,30,0,0,0,3,10,5,4,0,0,200,0,200,200,200,18,0,1,17,200
0,200,30,0,0,0,3,10,5,4,0,0,200,0,200,200,200,18,0,1,19,200
1,200,30,0,0,0,3,10,5,4,0,0,200,0,200,200,200,18,0,0,18,200
0,200,30,0,0,0,3,10,5,2,0,0,0,0,200,200,200,0,200,1,53,200
0,200,30,0,0,0,3,10,5,2,0,0,0,0,200,200,200,0,200,1,55,200
1,200,30,0,0,0,3,10,5,2,0,0,0,0,200,200,200,0,200,0,200,200
0,200,30,1,2,0,3,12,5,4,0,0,0,0,1,200,200,21,0,0,43,200
0,200,30,1,2,0,3,12,5,4,0,0,0,0,1,200,200,21,0,1,26,200
0,200,30,0,0,0,3,7,6,200,0,0,0,0,200,200,200,32,0,1,60,200
0,200,30,0,0,0,1,7,2,200,0,0,0,0,200,200,200,0,200,1,36,200
1,200,30,0,0,0,1,7,2,200,0,0,0,0,200,200,200,0,200,0,200,200
1,200,30,0,0,0,1,7,2,200,0,0,0,0,200,200,200,0,200,2,200,200
1,200,30,0,0,0,1,7,2,200,0,0,0,0,200,200,200,0,200,2,200,200
1,200,30,0,0,0,1,7,2,200,0,0,0,0,200,200,200,0,200,1,32,200
1,200,30,0,0,0,1,7,2,200,0,0,0,0,200,200,200,0,200,0,200,200
0,200,30,1,2,0,3,10,3,200,0,0,0,0,200,200,200,0,0,1,200,200
0,200,30,1,2,0,3,10,3,200,0,0,0,0,200,200,200,0,0,0,55,200
0,200,30,1,2,0,3,0,2,2,0,0,0,1,1,200,200,6,16,0,51,200
0,200,30,1,2,0,3,0,2,2,0,0,0,1,1,200,200,6,16,1,42,200
0,200,30,1,2,0,3,0,2,2,0,0,0,1,1,200,200,6,16,1,55,200
1,200,30,1,2,0,3,0,2,2,0,0,0,1,1,200,200,6,16,1,1,200
1,200,30,1,2,0,3,0,2,2,0,0,0,1,1,200,200,6,16,0,34,200
0,200,30,1,2,0,3,14,3,6,0,0,0,1,1,200,200,23,21,1,25,200
0,200,30,1,2,0,3,14,3,6,0,0,0,1,1,200,200,23,21,1,24,200
1,200,30,1,2,0,3,14,3,6,0,0,0,1,1,200,200,23,21,0,29,200
4,200,35,1,2,0,3,8,5,2,0,0,0,0,1,200,200,6,200,0,200,200
0,200,35,1,2,0,3,8,5,2,0,0,0,0,1,200,200,6,200,0,37,200
0,200,30,0,0,0,3,12,2,6,0,0,0,0,200,200,200,22,200,1,26,200
0,200,30,0,0,0,3,12,2,6,0,0,0,0,200,200,200,22,200,0,41,200
0,200,30,2,2,0,3,0,5,2,0,0,0,0,200,200,1,14,22,2,200,200
0,200,30,2,2,0,3,0,5,2,0,0,0,0,200,200,1,14,22,1,22,200
1,200,30,2,2,0,3,0,5,2,0,0,0,0,200,200,1,14,22,0,26,200
0,200,30,2,2,0,1,14,2,2,0,0,0,0,1,200,200,23,0,1,54,200
0,200,30,2,2,0,1,14,2,2,0,0,0,0,1,200,200,23,0,1,41,200
0,200,30,2,2,0,3,0,6,0,0,0,200,1,1,200,200,0,0,1,22,200
0,200,30,2,2,0,3,0,6,0,0,0,200,1,1,200,200,0,0,0,200,200
1,200,30,2,2,0,3,0,6,0,0,0,200,1,1,200,200,0,0,0,15,200
1,200,30,2,2,0,3,0,6,0,0,0,200,1,1,200,200,0,0,1,200,200
0,200,30,1,2,0,3,2,3,4,0,0,12,0,1,200,200,16,0,1,59,200
0,200,30,1,200,200,200,10,5,200,0,200,200,0,200,200,200,0,0,0,4,200
0,200,30,1,200,200,200,10,5,200,0,200,200,0,200,200,200,0,0,0,57,200
1,200,30,1,200,200,200,10,5,200,0,200,200,0,200,200,200,0,0,1,56,200
0,200,30,1,2,0,3,14,2,4,0,0,0,1,1,200,200,23,16,0,33,200
0,200,30,1,2,0,3,14,2,4,0,0,0,1,1,200,200,23,16,0,26,200
1,200,30,1,2,0,3,14,2,4,0,0,0,1,1,200,200,23,16,1,22,200
1,200,30,1,2,0,3,14,2,4,0,0,0,1,1,200,200,23,16,0,49,200
0,200,30,0,0,0,0,12,5,4,0,0,0,1,200,200,1,22,21,2,200,200
0,200,30,0,0,0,0,12,5,4,0,0,0,1,200,200,1,22,21,0,38,200
0,200,30,0,0,0,3,3,5,2,0,0,0,1,200,200,1,0,0,1,200,200
0,200,30,0,0,0,3,3,5,2,0,0,0,1,200,200,1,0,0,0,28,200
1,200,30,0,0,0,3,3,5,2,0,0,0,1,200,200,1,0,0,0,200,200
0,200,25,0,0,0,3,10,6,2,0,0,0,0,200,200,200,18,0,0,24,200
0,200,25,0,0,0,3,10,6,2,0,0,0,0,200,200,200,18,0,0,51,200
0,200,30,1,2,0,3,0,2,200,0,0,200,0,1,200,200,6,6,1,55,200
0,200,30,1,2,0,3,0,2,200,0,0,200,0,1,200,200,6,6,1,24,200
1,200,30,1,2,0,3,0,2,200,0,0,200,0,1,200,200,6,6,0,38,200
0,200,30,1,2,0,3,12,1,4,0,0,0,0,200,200,200,21,200,0,200,200
0,200,30,1,2,0,3,12,1,4,0,0,0,0,200,200,200,21,200,1,30,200
0,200,30,200,200,200,3,7,2,2,0,200,200,1,200,200,200,0,0,0,57,200
0,200,30,3,2,0,3,10,5,2,0,0,200,0,200,200,200,18,7,0,26,200
0,200,30,3,2,0,3,10,5,2,0,0,200,0,200,200,200,18,7,0,61,200
0,200,30,2,2,0,3,0,2,200,0,0,0,1,1,200,200,17,200,0,60,200
0,200,30,2,2,0,3,0,2,200,0,0,0,1,1,200,200,17,200,0,40,200
1,200,30,2,2,0,3,0,2,200,0,0,0,1,1,200,200,17,200,0,28,200
1,200,30,2,2,0,3,0,2,200,0,0,0,1,1,200,200,17,200,1,25,200
1,200,30,2,2,0,3,0,2,200,0,0,0,1,1,200,200,17,200,1,39,200
1,200,30,2,2,0,3,0,2,200,0,0,0,1,1,200,200,17,200,1,53,200
0,200,30,1,2,0,3,10,5,200,0,0,0,1,200,200,200,16,12,0,29,200
0,200,30,1,2,0,3,10,5,200,0,0,0,1,200,200,200,16,12,0,47,200
0,200,30,3,2,0,3,10,2,200,0,0,200,1,200,200,1,18,200,2,200,200
0,200,30,3,2,0,3,10,2,200,0,0,200,1,200,200,1,18,200,1,45,200
0,200,30,0,0,0,3,12,5,6,0,0,0,0,200,200,200,0,0,0,200,200
0,200,30,0,0,0,3,12,5,6,0,0,0,0,200,200,200,0,0,0,0,200
1,200,30,0,0,0,3,12,5,6,0,0,0,0,200,200,200,0,0,2,200,200
1,200,30,0,0,0,3,12,5,6,0,0,0,0,200,200,200,0,0,2,200,200
0,200,30,1,2,0,3,0,5,4,0,0,0,0,1,200,200,6,200,0,25,200
0,200,30,1,2,0,3,0,5,4,0,0,0,0,1,200,200,6,200,0,48,200
4,200,30,1,2,0,3,8,5,4,0,0,0,0,1,200,200,11,11,0,28,200
0,200,30,1,2,0,3,8,5,4,0,0,0,0,1,200,200,11,11,0,30,200
0,200,30,1,2,0,3,0,3,200,0,0,0,0,1,200,200,0,200,0,58,200
0,200,30,1,2,0,3,0,3,200,0,0,0,0,1,200,200,0,200,0,25,200
1,200,30,1,2,0,3,0,3,200,0,0,0,0,1,200,200,0,200,1,200,200
0,200,30,0,200,0,2,7,2,2,0,0,200,1,1,200,200,0,0,0,43,200
0,200,30,0,0,0,3,14,5,2,0,0,0,1,200,200,200,17,0,0,21,200
0,200,30,0,0,0,3,14,5,2,0,0,0,1,200,200,200,17,0,0,19,200
1,200,30,0,0,0,3,14,5,2,0,0,0,1,200,200,200,17,0,0,21,200
0,200,45,0,0,0,3,10,3,6,0,0,200,0,200,200,200,18,0,1,27,200
0,200,45,0,0,0,3,10,3,6,0,0,200,0,200,200,200,18,0,1,25,200
0,200,30,1,2,0,3,14,5,3,0,0,0,1,1,200,200,23,6,1,0,200
0,200,30,1,2,0,3,14,5,3,0,0,0,1,1,200,200,23,6,1,20,200
0,200,30,1,2,0,3,14,5,3,0,0,0,1,1,200,200,23,6,1,21,200
1,200,30,1,2,0,3,14,5,3,0,0,0,1,1,200,200,23,6,1,27,200
1,200,30,1,2,0,3,14,5,3,0,0,0,1,1,200,200,23,6,0,22,200
1,200,30,1,2,0,3,14,5,3,0,0,0,1,1,200,200,23,6,1,21,200
0,200,30,1,2,0,3,10,5,200,0,0,0,0,1,200,200,0,0,0,43,200
0,200,30,1,2,0,3,10,5,200,0,0,0,0,1,200,200,0,0,0,19,200
0,200,30,1,2,0,3,10,5,200,0,0,0,0,1,200,200,0,0,0,19,200
0,200,30,0,0,0,3,7,5,2,0,0,0,1,200,200,1,16,200,2,200,200
0,200,30,2,2,0,3,0,5,2,0,0,0,0,200,200,1,17,17,2,200,200
0,200,30,2,2,0,3,0,5,2,0,0,0,0,200,200,1,17,17,0,67,200
0,200,30,1,200,0,3,12,12,200,0,0,0,0,1,200,200,17,31,0,28,200
0,200,30,1,200,0,3,12,12,200,0,0,0,0,1,200,200,17,31,1,58,200
0,200,35,0,0,0,3,2,7,200,0,0,0,1,200,1,200,32,16,0,31,200
0,200,30,1,2,0,3,12,5,2,0,0,0,0,1,200,1,0,0,1,200,200
0,200,30,1,2,0,3,12,5,2,0,0,0,0,1,200,1,0,0,1,37,200
1,200,30,1,2,0,3,12,5,2,0,0,0,0,1,200,1,0,0,0,32,200
1,200,30,1,2,0,3,12,5,2,0,0,0,0,1,200,1,0,0,1,15,200
1,200,30,1,2,0,3,12,5,2,0,0,0,0,1,200,1,0,0,0,6,200
1,200,30,1,2,0,3,12,5,2,0,0,0,0,1,200,1,0,0,1,9,200
0,200,25,1,2,0,3,0,5,4,0,0,4,1,1,200,200,6,200,1,20,200
0,200,25,1,2,0,3,0,5,4,0,0,4,1,1,200,200,6,200,1,19,200
1,200,25,1,2,0,3,0,5,4,0,0,4,1,1,200,200,6,200,1,20,200
1,200,25,1,2,0,3,0,5,4,0,0,4,1,1,200,200,6,200,1,0,200
0,1,30,0,0,0,3,14,5,2,0,0,0,1,200,200,200,23,21,1,25,200
0,1,30,0,0,0,3,14,5,2,0,0,0,1,200,200,200,23,21,0,24,200
1,1,30,0,0,0,3,14,5,2,0,0,0,1,200,200,200,23,21,200,24,200
0,200,10,0,0,0,3,7,7,2,0,0,0,0,200,200,1,200,200,2,200,200
0,200,25,0,0,0,3,10,5,200,0,0,0,0,200,200,200,18,200,0,22,200
0,200,25,0,0,0,3,10,5,200,0,0,0,0,200,200,200,18,200,0,40,200
0,200,30,0,0,0,0,12,5,2,0,0,0,1,200,200,200,23,0,0,29,200
0,200,30,0,0,0,0,12,5,2,0,0,0,1,200,200,200,23,0,0,25,200
1,200,30,0,0,0,0,12,5,2,0,0,0,1,200,200,200,23,0,1,25,200
0,1,30,3,2,0,3,3,2,4,0,0,0,1,200,200,0,21,16,0,200,200
0,1,30,3,2,0,3,3,2,4,0,0,0,1,200,200,0,21,16,0,30,200
0,200,30,3,2,0,3,12,6,1,0,0,0,0,200,200,1,16,22,0,200,200
0,200,30,3,2,0,3,12,6,1,0,0,0,0,200,200,1,16,22,0,28,200
1,200,30,3,2,0,3,12,6,1,0,0,0,0,200,200,1,16,22,0,200,200
1,200,30,3,2,0,3,12,6,1,0,0,0,0,200,200,1,16,22,1,200,200
0,200,45,0,0,0,3,2,3,8,3,0,0,1,200,0,200,0,200,1,22,200
1,200,45,0,0,0,3,2,3,8,3,0,0,1,200,0,200,0,200,0,20,200
0,200,30,2,2,0,3,10,12,200,0,0,0,0,1,200,200,22,12,0,24,200
0,200,30,2,2,0,3,10,12,200,0,0,0,0,1,200,200,22,12,0,33,200
1,200,30,2,2,0,3,10,12,200,0,0,0,0,1,200,200,22,12,1,31,200
0,200,30,1,2,0,3,10,5,200,0,0,0,0,1,200,200,0,0,1,29,200
0,200,30,1,2,0,3,10,5,200,0,0,0,0,1,200,200,0,0,0,40,200
0,200,30,0,0,0,3,7,5,2,0,0,0,1,200,200,200,32,16,0,25,0.08
0,200,30,12,200,0,3,10,5,2,0,0,200,0,1,200,1,19,19,0,200,200
0,200,30,12,200,0,3,10,5,2,0,0,200,0,1,200,1,19,19,1,47,200
0,200,30,0,0,0,3,7,2,4,0,0,0,0,200,200,1,0,200,2,200,200
1,200,30,0,0,0,3,7,2,4,0,0,0,0,200,200,1,0,200,2,200,200