PERSON_TYPE,CRASH_DATE_EST_I,POSTED_SPEED_LIMIT,TRAFFIC_CONTROL_DEVICE,DEVICE_CONDITION,WEATHER_CONDITION,LIGHTING_CONDITION,FIRST_CRASH_TYPE,TRAFFICWAY_TYPE,LANE_CNT,ALIGNMENT,ROADWAY_SURFACE_COND,ROAD_DEFECT,CRASH_TYPE,INTERSECTION_RELATED_I,NOT_RIGHT_OF_WAY_I,HIT_AND_RUN_I,PRIM_CONTRIBUTORY_CAUSE,SEC_CONTRIBUTORY_CAUSE,SEX,AGE,BAC_RESULT VALUE
0,200,30,0,0,0,3,7,2,2,0,0,0,1,200,200,200,21,200,0,19,200
0,200,30,0,0,0,3,7,5,2,0,0,0,1,200,200,200,16,0,1,25,200
0,200,30,0,0,0,3,7,5,2,0,0,200,0,200,200,200,7,200,0,51,200
1,200,30,0,0,0,3,7,5,2,0,0,200,0,200,200,200,7,200,1,200,200
0,200,30,200,200,0,2,8,2,2,0,0,200,1,200,200,1,0,0,2,200,200
4,200,30,200,200,0,2,8,2,2,0,0,200,1,200,200,1,0,0,0,48,200
0,200,25,2,2,0,3,12,2,200,0,0,0,0,200,200,200,22,22,1,200,200
0,200,25,2,2,0,3,12,2,200,0,0,0,0,200,200,200,22,22,0,56,200
1,200,25,2,2,0,3,12,2,200,0,0,0,0,200,200,200,22,22,1,39,200
0,1,30,0,0,0,3,7,5,2,0,0,0,1,200,200,1,0,200,0,200,200
0,200,30,0,0,2,3,7,5,2,0,1,0,0,200,200,1,20,0,0,200,200
0,0,30,0,0,0,3,2,5,200,2,0,0,1,200,200,200,0,0,1,28,200
0,200,30,0,0,0,3,7,5,2,0,0,0,1,200,200,200,0,200,0,36,200
1,200,30,0,0,0,3,7,5,2,0,0,0,1,200,200,200,0,200,0,36,200
0,200,30,1,2,2,2,0,6,2,0,1,0,0,1,200,1,6,0,0,200,200
0,200,30,1,2,2,2,0,6,2,0,1,0,0,1,200,1,6,0,0,64,200
0,200,30,0,0,0,2,7,5,2,0,0,0,1,200,200,0,19,19,1,39,200
0,1,30,200,200,0,200,9,3,2,0,200,200,1,200,200,1,200,200,2,200,200
5,1,30,200,200,0,200,9,3,2,0,200,200,1,200,200,1,200,200,1,21,200
0,200,25,0,0,2,2,7,6,200,0,1,0,0,200,200,1,0,0,2,200,200
0,200,30,0,0,0,1,7,6,1,0,0,0,1,200,200,200,27,200,0,24,200
0,1,30,0,0,2,1,10,5,2,0,1,0,1,1,200,200,18,16,1,29,200
0,1,30,0,0,2,1,10,5,2,0,1,0,1,1,200,200,18,16,1,37,200
0,200,35,0,2,1,2,10,5,200,0,0,0,0,200,200,200,25,200,1,28,200
0,200,35,0,2,1,2,10,5,200,0,0,0,0,200,200,200,25,200,0,41,200
0,200,30,0,0,2,1,3,5,4,0,1,0,1,200,200,200,10,16,0,39,200
0,200,30,0,0,2,1,3,5,4,0,1,0,1,200,200,200,10,16,0,58,200
1,200,30,0,0,2,1,3,5,4,0,1,0,1,200,200,200,10,16,0,45,200
1,200,30,0,0,2,1,3,5,4,0,1,0,1,200,200,200,10,16,0,51,200
0,200,30,0,0,2,1,12,6,200,0,1,0,0,200,200,200,21,200,0,37,200
0,200,30,0,0,2,1,12,6,200,0,1,0,0,200,200,200,21,200,1,24,200
0,200,15,0,0,2,2,2,0,200,0,1,0,0,200,1,1,0,0,2,200,200
0,200,25,1,2,2,1,10,5,4,0,1,0,1,1,200,200,18,200,0,42,200
0,200,25,1,2,2,1,10,5,4,0,1,0,1,1,200,200,18,200,0,57,200
0,200,35,0,0,2,1,0,5,4,0,1,0,0,200,200,200,17,17,0,200,200
0,200,35,0,0,2,1,0,5,4,0,1,0,0,200,200,200,17,17,1,26,200
0,200,30,0,0,2,4,0,5,2,0,1,0,1,200,200,200,23,200,1,23,200
0,200,30,0,0,2,4,0,5,2,0,1,0,1,200,200,200,23,200,0,52,200
0,200,30,0,0,0,0,14,5,200,0,0,2,0,200,200,200,0,0,1,200,200
0,200,30,0,0,0,0,14,5,200,0,0,2,0,200,200,200,0,0,0,66,200
0,200,20,2,2,2,1,10,5,2,0,1,0,0,200,200,200,18,34,0,58,200
0,200,20,2,2,2,1,10,5,2,0,1,0,0,200,200,200,18,34,0,60,200
0,200,30,1,2,2,1,10,5,200,0,1,200,0,200,200,1,16,18,0,200,200
0,200,30,1,2,2,1,10,5,200,0,1,200,0,200,200,1,16,18,1,55,200
1,200,30,1,2,2,1,10,5,200,0,1,200,0,200,200,1,16,18,0,40,200
1,200,30,1,2,2,1,10,5,200,0,1,200,0,200,200,1,16,18,0,47,200
0,200,30,1,2,2,1,14,6,200,0,1,0,1,1,200,200,23,17,1,24,200
0,200,30,1,2,2,1,14,6,200,0,1,0,1,1,200,200,23,17,1,18,200
0,200,10,0,0,2,1,7,7,1,0,1,0,0,200,200,200,200,16,0,200,200
0,200,30,0,0,2,1,0,5,2,0,1,0,0,200,200,200,0,0,0,34,200
0,200,30,0,0,2,1,0,5,2,0,1,0,0,200,200,200,0,0,0,31,200
0,200,35,1,2,2,1,14,2,3,5,1,0,1,1,200,200,16,34,0,17,200
0,200,35,1,2,2,1,14,2,3,5,1,0,1,1,200,200,16,34,0,77,200
0,200,30,0,0,2,1,14,2,2,0,1,0,0,200,200,200,18,34,0,32,200
0,200,30,0,0,2,1,14,2,2,0,1,0,0,200,200,200,18,34,0,38,200
0,1,20,2,2,200,200,7,2,2,0,200,0,0,200,200,1,18,18,2,200,200
0,200,30,0,0,2,1,10,2,200,0,1,0,1,200,200,200,18,200,0,52,200
0,200,30,0,0,2,1,10,2,200,0,1,0,1,200,200,200,18,200,1,24,200
0,200,30,0,0,2,1,10,2,200,0,1,0,1,200,200,200,18,200,1,32,200
1,200,30,0,0,2,1,10,2,200,0,1,0,1,200,200,200,18,200,1,31,200
0,200,30,0,0,2,1,7,7,200,0,1,0,0,200,200,200,0,200,0,23,200
1,200,30,0,0,2,1,7,7,200,0,1,0,0,200,200,200,0,200,1,200,200
0,200,30,1,2,0,1,14,2,4,0,0,0,0,200,200,200,23,0,1,200,200
0,200,30,1,2,0,1,14,2,4,0,0,0,0,200,200,200,23,0,1,41,200
0,200,0,0,0,0,1,7,6,1,0,0,0,0,200,200,1,200,200,2,200,200
0,200,35,0,0,2,1,0,3,200,0,1,0,1,200,200,200,17,200,0,36,200
0,200,35,0,0,2,1,0,3,200,0,1,0,1,200,200,200,17,200,0,30,200
0,200,0,0,0,0,1,7,7,1,0,0,0,0,200,1,200,21,21,1,200,200
0,200,30,0,0,0,1,0,5,1,0,0,0,0,200,200,200,20,0,1,45,200
0,200,30,0,0,0,1,0,5,1,0,0,0,0,200,200,200,20,0,0,75,200
0,200,30,1,2,2,1,0,5,2,0,1,0,1,1,200,200,6,7,1,23,200
0,200,30,1,2,2,1,0,5,2,0,1,0,1,1,200,200,6,7,0,44,200
1,200,30,1,2,2,1,0,5,2,0,1,0,1,1,200,200,6,7,1,20,200
1,200,30,1,2,2,1,0,5,2,0,1,0,1,1,200,200,6,7,0,23,200
0,200,30,0,0,2,1,7,2,200,0,1,0,0,200,200,1,0,0,0,200,200
4,200,35,0,0,2,1,8,5,2,0,1,0,1,200,200,200,200,200,0,21,200
5,200,30,11,2,0,1,13,6,200,0,0,0,1,200,200,200,19,0,0,45,200
0,200,30,11,2,0,1,13,6,200,0,0,0,1,200,200,200,19,0,2,200,200
0,200,30,1,2,2,1,10,5,200,0,1,0,0,200,200,200,0,0,0,200,200
0,200,30,1,2,2,1,10,5,200,0,1,0,0,200,200,200,0,0,0,29,200
1,200,30,1,2,2,1,10,5,200,0,1,0,0,200,200,200,0,0,1,59,200
0,1,30,0,0,0,1,7,6,200,0,0,0,0,200,200,1,17,18,0,200,200
0,200,30,1,2,2,1,0,2,200,0,1,0,1,1,200,200,17,200,0,67,200
0,200,30,1,2,2,1,0,2,200,0,1,0,1,1,200,200,17,200,1,28,200
0,200,30,1,2,2,1,10,5,4,0,1,0,0,200,200,200,18,0,0,32,200
0,200,30,1,2,2,1,10,5,4,0,1,0,0,200,200,200,18,0,1,42,200
1,200,30,1,2,2,1,10,5,4,0,1,0,0,200,200,200,18,0,1,11,200
0,200,30,1,2,2,1,10,2,200,0,1,0,0,200,200,200,16,0,2,200,200
0,200,30,1,2,2,1,10,2,200,0,1,0,0,200,200,200,16,0,1,49,200
0,200,25,0,0,2,1,2,3,200,0,1,0,1,200,200,200,14,11,0,66,200
0,200,35,0,0,2,1,7,5,200,0,1,0,0,200,200,200,0,200,1,93,200
0,200,30,0,0,1,1,7,5,200,0,1,200,0,200,200,1,0,0,0,200,200
0,200,30,1,2,2,1,14,2,4,0,1,0,1,200,200,200,17,0,0,26,200
0,200,30,1,2,2,1,14,2,4,0,1,0,1,200,200,200,17,0,0,27,200
0,200,25,1,2,2,1,10,12,200,0,1,0,0,200,200,200,0,200,1,56,200
0,200,25,1,2,2,1,10,12,200,0,1,0,0,200,200,200,0,200,1,57,200
1,200,25,1,2,2,1,10,12,200,0,1,0,0,200,200,200,0,200,0,84,200
0,200,25,0,0,0,1,7,5,200,0,0,0,0,200,200,1,200,200,2,200,200
0,200,40,0,0,1,1,10,5,2,0,1,0,1,200,200,200,18,16,0,46,200
0,200,40,0,0,1,1,10,5,2,0,1,0,1,200,200,200,18,16,0,63,200
0,200,30,1,2,2,1,14,12,8,0,1,0,1,1,200,200,6,6,0,29,200
0,200,30,1,2,2,1,14,12,8,0,1,0,1,1,200,200,6,6,0,16,200
0,200,30,0,0,2,1,10,5,2,0,1,0,1,200,200,200,18,16,0,64,200
0,200,30,0,0,2,1,10,5,2,0,1,0,1,200,200,200,18,16,1,21,200
0,200,30,1,2,0,1,10,2,200,0,1,0,0,200,200,200,0,0,0,52,200
0,200,30,1,2,0,1,10,2,200,0,1,0,0,200,200,200,0,0,1,75,200
0,200,30,1,2,0,1,10,5,200,0,0,0,0,1,200,200,7,6,0,46,200
0,200,30,1,2,0,1,10,5,200,0,0,0,0,1,200,200,7,6,0,200,200
0,200,30,1,2,0,1,10,5,2,0,0,0,0,200,200,200,18,200,1,26,200
0,200,30,1,2,0,1,10,5,2,0,0,0,0,200,200,200,18,200,0,45,200
0,200,30,1,2,2,1,10,5,200,0,1,0,1,1,200,200,18,200,0,200,200
0,200,30,1,2,2,1,10,5,200,0,1,0,1,1,200,200,18,200,0,44,200
1,200,30,1,2,2,1,10,5,200,0,1,0,1,1,200,200,18,200,1,200,200
1,200,30,1,2,2,1,10,5,200,0,1,0,1,1,200,200,18,200,1,200,200
0,1,25,0,0,0,200,7,5,200,0,0,0,0,200,200,1,0,0,2,200,200
0,200,30,1,2,1,1,10,2,2,0,1,0,1,1,200,200,16,28,1,23,200
0,200,30,1,2,1,1,10,2,2,0,1,0,1,1,200,200,16,28,1,65,200
1,200,30,1,2,1,1,10,2,2,0,1,0,1,1,200,200,16,28,1,95,200
0,200,30,2,2,2,1,0,3,3,0,1,0,1,1,200,200,17,200,1,76,200
0,200,30,2,2,2,1,0,3,3,0,1,0,1,1,200,200,17,200,1,33,200
1,200,30,2,2,2,1,0,3,3,0,1,0,1,1,200,200,17,200,0,0,200
1,200,30,2,2,2,1,0,3,3,0,1,0,1,1,200,200,17,200,1,1,200
0,200,30,1,2,2,1,8,2,4,0,1,0,1,1,200,200,17,200,0,32,200
4,200,30,1,2,2,1,8,2,4,0,1,0,1,1,200,200,17,200,0,24,200
1,200,30,1,2,2,1,8,2,4,0,1,0,1,1,200,200,17,200,0,9,200
0,200,30,2,2,2,1,14,5,4,0,1,200,1,1,200,200,17,0,1,60,200
0,200,30,2,2,2,1,14,5,4,0,1,200,1,1,200,200,17,0,0,54,200
1,200,30,2,2,2,1,14,5,4,0,1,200,1,1,200,200,17,0,1,200,200
0,200,15,0,0,0,1,7,7,2,0,0,0,0,200,200,1,11,0,0,200,200
0,200,35,1,2,2,1,10,5,2,0,1,0,1,200,200,200,16,200,0,54,200
0,200,35,1,2,2,1,10,5,2,0,1,0,1,200,200,200,16,200,1,52,200
0,200,0,0,0,0,1,2,7,0,0,0,0,0,200,200,200,20,200,0,40,200
1,200,0,0,0,0,1,2,7,0,0,0,0,0,200,200,200,20,200,1,30,200
0,200,30,1,2,0,1,12,2,200,0,0,0,0,200,200,200,17,0,0,200,200
0,200,30,1,2,0,1,12,2,200,0,0,0,0,200,200,200,17,0,0,29,200
0,200,20,1,2,0,1,10,12,200,0,0,0,0,200,200,200,0,200,0,34,200
0,200,20,1,2,0,1,10,12,200,0,0,0,0,200,200,200,0,200,1,31,200
0,1,25,0,0,0,1,7,6,1,0,0,0,0,200,200,1,0,0,1,200,200
0,200,30,0,0,1,1,10,5,200,0,0,0,0,200,200,200,18,0,1,27,200
0,200,30,0,0,1,1,10,5,200,0,0,0,0,200,200,200,18,0,0,53,200
0,200,0,0,0,0,1,12,7,200,0,0,0,0,200,200,200,17,21,1,65,200
0,200,0,0,0,0,1,12,7,200,0,0,0,0,200,200,200,17,21,1,42,200
0,200,0,0,0,2,1,7,7,200,0,200,0,0,200,200,1,200,200,2,200,200
0,200,30,2,2,2,1,0,5,200,0,1,0,1,1,200,1,17,14,1,35,200
0,200,10,0,0,0,0,2,7,1,0,0,0,0,200,1,200,20,0,0,200,200
0,200,30,0,0,0,1,12,6,1,0,0,0,0,200,200,200,17,0,0,200,200
0,200,30,0,0,0,1,12,6,1,0,0,0,0,200,200,200,17,0,1,47,200
0,200,15,0,0,1,1,7,6,200,0,1,0,0,200,200,200,0,200,0,52,200
0,200,20,0,0,0,1,7,12,200,0,0,0,0,200,1,200,18,18,1,26,200
0,200,30,0,0,2,1,7,5,2,0,1,0,0,200,200,200,16,200,0,61,200
1,200,30,0,0,2,1,7,5,2,0,1,0,0,200,200,200,16,200,1,51,200
0,200,20,2,2,2,1,7,6,1,0,1,0,0,200,200,0,16,16,2,200,200
0,200,10,0,0,0,1,10,7,200,0,0,0,0,200,200,200,18,0,0,38,200
0,200,10,0,0,0,1,10,7,200,0,0,0,0,200,200,200,18,0,0,200,200
0,200,30,1,2,0,0,10,5,2,0,0,0,0,1,200,1,18,0,0,200,200
0,200,30,1,2,0,0,10,5,2,0,0,0,0,1,200,1,18,0,0,33,200
0,200,25,0,0,2,1,7,6,200,0,1,0,0,200,200,1,0,0,2,200,200
0,200,25,1,2,0,1,10,12,200,0,0,0,0,200,200,200,0,200,0,200,200
0,200,25,1,2,0,1,10,12,200,0,0,0,0,200,200,200,0,200,0,29,200
0,200,30,1,2,2,1,10,2,200,0,1,0,1,200,200,200,27,200,0,24,200
0,200,30,1,2,2,1,10,2,200,0,1,0,1,200,200,200,27,200,0,38,200
0,1,30,1,2,2,1,14,5,4,0,1,0,0,200,200,200,0,0,0,41,200
0,1,30,1,2,2,1,14,5,4,0,1,0,0,200,200,200,0,0,1,33,200
0,200,35,1,2,0,1,10,12,200,0,0,0,0,200,200,1,0,200,1,38,200
0,200,35,1,2,0,1,10,12,200,0,0,0,0,200,200,1,0,200,0,200,200
0,200,30,1,2,2,1,10,5,2,0,1,0,0,1,200,1,18,16,1,20,200
0,200,30,1,2,2,1,10,5,2,0,1,0,0,1,200,1,18,16,1,200,200
0,200,30,1,2,0,1,10,5,4,0,0,0,0,1,200,200,0,200,1,24,200
0,200,30,1,2,0,1,10,5,4,0,0,0,0,1,200,200,0,200,0,41,200
0,200,30,2,2,2,1,0,5,4,0,1,0,1,1,200,200,33,0,0,51,200
0,200,30,2,2,2,1,0,5,4,0,1,0,1,1,200,200,33,0,0,63,200
1,200,30,2,2,2,1,0,5,4,0,1,0,1,1,200,200,33,0,0,62,200
0,200,30,0,0,0,3,10,5,2,0,0,0,0,200,200,200,0,0,0,30,200
0,200,30,0,0,0,3,10,5,2,0,0,0,0,200,200,200,0,0,0,200,200
0,200,35,1,2,2,1,10,2,4,0,1,0,1,200,200,200,15,200,1,42,200
0,200,35,1,2,2,1,10,2,4,0,1,0,1,200,200,200,15,200,1,26,200
1,200,35,1,2,2,1,10,2,4,0,1,0,1,200,200,200,15,200,1,200,200
0,200,30,1,2,0,1,12,2,4,0,0,0,1,200,200,200,11,25,1,27,200
0,200,30,1,2,0,1,12,2,4,0,0,0,1,200,200,200,11,25,1,29,200
0,1,30,200,200,200,200,7,5,200,0,200,200,0,200,200,1,0,0,2,200,200
0,200,30,0,0,2,1,14,2,2,0,1,0,1,200,200,200,17,200,1,30,200
0,200,30,0,0,2,1,14,2,2,0,1,0,1,200,200,200,17,200,1,40,200
0,200,30,0,0,2,1,14,2,200,0,1,0,0,200,200,1,17,200,1,200,200
0,200,30,0,0,2,1,14,2,200,0,1,0,0,200,200,1,17,200,0,24,200
1,200,30,0,0,2,1,14,2,200,0,1,0,0,200,200,1,17,200,1,200,200
0,200,30,2,2,2,1,10,1,200,0,1,0,0,200,200,200,18,16,1,15,200
0,200,30,2,2,2,1,10,1,200,0,1,0,0,200,200,200,18,16,0,40,200
1,200,30,2,2,2,1,10,1,200,0,1,0,0,200,200,200,18,16,1,29,200
1,200,30,2,2,2,1,10,1,200,0,1,0,0,200,200,200,18,16,0,20,200
1,200,30,2,2,2,1,10,1,200,0,1,0,0,200,200,200,18,16,0,14,200
1,200,30,2,2,2,1,10,1,200,0,1,0,0,200,200,200,18,16,1,15,200
0,200,30,0,0,0,3,11,5,200,0,0,0,0,200,200,200,22,16,0,89,200
0,200,30,0,0,0,3,11,5,200,0,0,0,0,200,200,200,22,16,0,74,200
0,200,30,0,0,0,1,12,5,200,0,1,200,0,200,200,200,22,200,2,200,200
0,200,30,0,0,0,1,12,5,200,0,1,200,0,200,200,200,22,200,1,21,200
0,200,30,1,2,2,1,10,2,2,0,1,0,0,200,200,200,18,0,0,28,200
0,200,30,1,2,2,1,10,2,2,0,1,0,0,200,200,200,18,0,1,27,200
1,200,30,1,2,2,1,10,2,2,0,1,0,0,200,200,200,18,0,1,31,200
0,200,35,0,0,0,1,12,5,4,0,0,0,0,200,200,200,17,17,0,49,200
0,200,35,0,0,0,1,12,5,4,0,0,0,0,200,200,200,17,17,0,31,200
0,200,30,0,2,0,200,7,6,2,0,200,0,0,200,200,1,18,0,2,200,200
0,200,30,0,0,0,1,14,2,200,0,1,0,0,1,200,0,0,0,0,33,200
0,200,30,0,0,0,1,14,2,200,0,1,0,0,1,200,0,0,0,0,66,200
0,200,30,1,2,2,1,0,0,200,0,1,0,0,200,200,1,200,200,2,200,200
0,200,30,1,2,2,1,0,0,200,0,1,0,0,200,200,1,200,200,1,36,200
1,200,30,1,2,2,1,0,0,200,0,1,0,0,200,200,1,200,200,1,200,200
0,200,30,1,2,2,2,14,3,6,0,1,0,0,1,200,200,0,0,0,200,200
0,200,30,1,2,2,2,14,3,6,0,1,0,0,1,200,200,0,0,0,43,200
0,200,15,0,0,0,1,7,7,200,0,0,0,0,200,200,1,200,200,2,200,200
0,200,25,0,0,0,1,7,6,200,0,0,0,0,200,200,200,0,0,0,200,200
0,200,20,1,2,2,1,10,2,2,0,1,200,0,1,200,200,18,34,0,25,200
0,200,20,1,2,2,1,10,2,2,0,1,200,0,1,200,200,18,34,0,63,200
0,1,20,0,0,0,3,7,5,2,0,0,0,0,200,200,1,16,16,2,200,200
0,200,30,0,0,2,1,7,6,1,0,1,200,0,200,200,1,0,0,2,200,200
0,200,30,1,2,2,1,10,5,4,0,1,0,0,200,200,200,18,0,0,26,200
0,200,30,1,2,2,1,10,5,4,0,1,0,0,200,200,200,18,0,1,59,200
0,200,35,1,2,0,1,14,3,200,0,0,0,0,1,200,200,23,17,1,200,200
0,200,35,1,2,0,1,14,3,200,0,0,0,0,1,200,200,23,17,0,52,200
0,200,30,1,0,0,1,12,5,2,2,0,0,0,200,200,1,21,200,2,200,200
0,200,30,1,0,0,1,12,5,2,2,0,0,0,200,200,1,21,200,0,73,200
0,200,30,0,0,2,1,10,2,4,0,1,0,0,200,200,200,18,200,1,24,200
0,200,30,0,0,2,1,10,2,4,0,1,0,0,200,200,200,18,200,1,44,200
0,200,30,0,0,2,1,10,2,2,0,1,0,0,200,200,1,0,200,0,200,200
0,200,30,0,0,2,1,10,2,2,0,1,0,0,200,200,1,0,200,0,37,200
0,200,30,0,0,2,1,7,2,2,0,1,200,0,200,200,200,0,0,0,24,200
1,200,30,0,0,2,1,7,2,2,0,1,200,0,200,200,200,0,0,0,43,200
1,200,30,0,0,2,1,7,2,2,0,1,200,0,200,200,200,0,0,0,61,200
1,200,30,0,0,2,1,7,2,2,0,1,200,0,200,200,200,0,0,0,9,200
1,200,30,0,0,2,1,7,2,2,0,1,200,0,200,200,200,0,0,0,11,200
1,200,30,0,0,2,1,7,2,2,0,1,200,0,200,200,200,0,0,1,49,200
0,200,20,1,2,2,1,10,5,200,0,1,200,0,200,200,200,18,200,0,66,200
0,200,20,1,2,2,1,10,5,200,0,1,200,0,200,200,200,18,200,1,18,200
1,200,20,1,2,2,1,10,5,200,0,1,200,0,200,200,200,18,200,1,200,200
0,200,30,1,2,2,1,12,5,4,0,1,0,1,1,200,200,22,17,0,0,200
0,200,30,1,2,2,1,12,5,4,0,1,0,1,1,200,200,22,17,1,57,200
1,200,30,1,2,2,1,12,5,4,0,1,0,1,1,200,200,22,17,1,10,200
0,200,20,0,0,2,1,10,2,4,0,1,0,0,200,200,200,18,34,1,37,200
0,200,20,0,0,2,1,10,2,4,0,1,0,0,200,200,200,18,34,0,24,200
0,200,35,1,2,0,1,12,6,200,0,1,0,0,200,200,1,18,200,2,200,200
0,200,35,1,2,0,1,12,6,200,0,1,0,0,200,200,1,18,200,1,22,200
0,200,10,0,0,0,1,0,0,1,0,200,200,0,200,200,200,17,0,1,200,200
0,200,10,0,0,0,1,0,0,1,0,200,200,0,200,200,200,17,0,0,23,200
1,200,10,0,0,0,1,0,0,1,0,200,200,0,200,200,200,17,0,0,200,200
0,1,30,0,0,0,1,10,5,2,0,0,0,0,200,200,200,0,200,0,200,200
0,1,30,0,0,0,1,10,5,2,0,0,0,0,200,200,200,0,200,1,34,200
0,1,30,0,0,0,1,10,5,2,0,0,0,0,200,200,200,0,200,0,62,200
0,200,30,0,0,0,1,10,2,200,0,1,0,0,0,200,200,0,0,0,30,200
0,200,30,0,0,0,1,10,2,200,0,1,0,0,0,200,200,0,0,0,42,200
0,200,30,12,12,0,1,10,5,1,0,1,0,1,200,200,200,18,18,0,30,200
0,200,30,12,12,0,1,10,5,1,0,1,0,1,200,200,200,18,18,0,200,200
1,200,30,12,12,0,1,10,5,1,0,1,0,1,200,200,200,18,18,1,200,200
1,200,30,12,12,0,1,10,5,1,0,1,0,1,200,200,200,18,18,0,200,200
0,200,30,0,0,0,1,14,5,1,0,0,0,1,200,200,200,17,16,0,45,200
0,200,30,0,0,0,1,14,5,1,0,0,0,1,200,200,200,17,16,0,47,200
1,200,30,0,0,0,1,14,5,1,0,0,0,1,200,200,200,17,16,1,55,200
0,200,25,0,0,0,1,0,6,200,0,0,0,0,200,200,200,0,200,1,200,200
0,200,25,0,0,0,1,0,6,200,0,0,0,0,200,200,200,0,200,1,27,200
0,200,30,0,0,0,1,12,5,2,0,1,0,0,200,200,200,17,200,1,200,200
0,200,30,0,0,0,1,12,5,2,0,1,0,0,200,200,200,17,200,0,57,200
0,200,30,0,0,2,1,10,5,2,0,1,0,1,200,200,200,0,200,1,24,200
0,200,30,0,0,2,1,10,5,2,0,1,0,1,200,200,200,0,200,1,41,200
0,200,30,0,0,0,1,7,7,200,0,0,0,0,200,200,200,0,0,0,38,200
0,200,55,0,0,2,1,12,3,200,0,1,0,0,200,200,200,21,200,1,200,200
0,200,55,0,0,2,1,12,3,200,0,1,0,0,200,200,200,21,200,0,31,200
1,200,55,0,0,2,1,12,3,200,0,1,0,0,200,200,200,21,200,1,30,200
1,200,55,0,0,2,1,12,3,200,0,1,0,0,200,200,200,21,200,0,6,200
1,200,55,0,0,2,1,12,3,200,0,1,0,0,200,200,200,21,200,1,5,200
0,200,30,0,0,1,1,14,5,4,0,1,0,0,1,200,200,17,0,1,49,200
0,200,30,0,0,1,1,14,5,4,0,1,0,0,1,200,200,17,0,1,26,200
0,200,35,1,2,0,1,12,3,200,0,0,0,0,200,200,1,0,0,2,200,200
0,200,35,1,2,0,1,12,3,200,0,0,0,0,200,200,1,0,0,1,39,200
0,200,30,200,200,0,1,12,5,200,0,0,200,0,200,200,200,18,200,0,66,200
0,200,30,200,200,0,1,12,5,200,0,0,200,0,200,200,200,18,200,0,200,200
0,200,30,1,2,0,2,14,12,3,0,1,0,0,1,200,200,0,0,0,200,200
0,200,30,1,2,0,2,14,12,3,0,1,0,0,1,200,200,0,0,0,62,200
0,200,30,0,0,0,1,0,5,200,0,1,0,0,200,200,200,17,22,0,43,200
0,200,30,0,0,0,1,0,5,200,0,1,0,0,200,200,200,17,22,0,43,200
0,200,15,2,2,0,1,0,7,2,0,0,0,0,200,1,200,17,17,0,67,200
0,200,15,2,2,0,1,0,7,2,0,0,0,0,200,1,200,17,17,1,26,200
1,200,15,2,2,0,1,0,7,2,0,0,0,0,200,1,200,17,17,0,200,200
0,200,35,0,2,0,1,14,5,2,0,0,0,0,200,200,200,23,23,0,41,200
0,200,35,0,2,0,1,14,5,2,0,0,0,0,200,200,200,23,23,1,39,200
0,200,20,0,0,0,1,11,5,200,0,200,200,0,200,200,200,15,0,0,0,200
0,200,20,0,0,0,1,11,5,200,0,200,200,0,200,200,200,15,0,1,21,200
0,200,30,1,2,0,1,10,5,200,0,1,0,0,200,200,200,18,200,0,27,200
0,200,30,1,2,0,1,10,5,200,0,1,0,0,200,200,200,18,200,1,43,200
0,200,30,2,2,0,1,14,5,200,0,0,0,0,200,200,200,23,23,1,29,200
0,200,30,2,2,0,1,14,5,200,0,0,0,0,200,200,200,23,23,1,200,200
0,200,30,0,0,0,1,12,6,2,0,0,0,1,200,200,200,0,200,0,23,200
0,200,30,0,0,0,1,12,6,2,0,0,0,1,200,200,200,0,200,1,45,200
1,200,30,0,0,0,1,12,6,2,0,0,0,1,200,200,200,0,200,1,200,200
1,200,30,0,0,0,1,12,6,2,0,0,0,1,200,200,200,0,200,1,200,200
1,200,30,0,0,0,1,12,6,2,0,0,0,1,200,200,200,0,200,0,200,200
1,200,30,0,0,0,1,12,6,2,0,0,0,1,200,200,200,0,200,0,9,200
0,200,30,1,2,1,1,14,5,4,0,0,0,0,1,200,200,22,17,1,50,200
0,200,30,1,2,1,1,14,5,4,0,0,0,0,1,200,200,22,17,0,200,200
0,200,30,1,2,0,1,12,5,4,0,1,0,0,200,200,200,0,200,0,27,200
0,200,30,1,2,0,1,12,5,4,0,1,0,0,200,200,200,0,200,1,37,200
1,200,30,1,2,0,1,12,5,4,0,1,0,0,200,200,200,0,200,1,200,200
1,200,30,1,2,0,1,12,5,4,0,1,0,0,200,200,200,0,200,1,200,200
1,200,30,1,2,0,1,12,5,4,0,1,0,0,200,200,200,0,200,1,200,200
1,200,30,1,2,0,1,12,5,4,0,1,0,0,200,200,200,0,200,1,200,200
0,200,30,0,0,0,1,10,1,4,0,0,0,1,200,200,200,18,0,1,40,200
0,200,30,0,0,0,1,10,1,4,0,0,0,1,200,200,200,18,0,1,37,200
1,200,30,0,0,0,1,10,1,4,0,0,0,1,200,200,200,18,0,0,57,200
0,200,30,0,0,0,1,10,5,200,0,1,0,0,200,200,200,200,200,0,20,200
0,200,30,0,0,0,1,10,5,200,0,1,0,0,200,200,200,200,200,0,43,200
1,200,30,0,0,0,1,10,5,200,0,1,0,0,200,200,200,200,200,0,200,200
1,200,30,0,0,0,1,10,5,200,0,1,0,0,200,200,200,200,200,0,200,200