PERSON_TYPE,CRASH_DATE_EST_I,POSTED_SPEED_LIMIT,TRAFFIC_CONTROL_DEVICE,DEVICE_CONDITION,WEATHER_CONDITION,LIGHTING_CONDITION,FIRST_CRASH_TYPE,TRAFFICWAY_TYPE,LANE_CNT,ALIGNMENT,ROADWAY_SURFACE_COND,ROAD_DEFECT,CRASH_TYPE,INTERSECTION_RELATED_I,NOT_RIGHT_OF_WAY_I,HIT_AND_RUN_I,PRIM_CONTRIBUTORY_CAUSE,SEC_CONTRIBUTORY_CAUSE,SEX,AGE,BAC_RESULT VALUE
0,1,30,0,0,0,1,12,2,4,0,0,0,0,200,200,200,21,0,1,48,200
0,1,30,0,0,0,1,12,2,4,0,0,0,0,200,200,200,21,0,1,31,200
0,200,30,200,200,2,1,10,2,200,0,1,0,0,200,200,200,18,0,0,38,200
0,200,30,200,200,2,1,10,2,200,0,1,0,0,200,200,200,18,0,1,47,200
0,200,30,0,0,0,1,12,5,4,0,0,0,1,200,200,200,17,200,0,38,200
0,200,30,0,0,0,1,12,5,4,0,0,0,1,200,200,200,17,200,0,31,200
1,200,30,0,0,0,1,12,5,4,0,0,0,1,200,200,200,17,200,1,24,200
0,200,35,0,0,0,1,10,5,200,0,1,0,0,200,200,200,0,0,1,62,200
0,200,35,0,0,0,1,10,5,200,0,1,0,0,200,200,200,0,0,1,44,200
1,200,35,0,0,0,1,10,5,200,0,1,0,0,200,200,200,0,0,1,46,200
0,200,35,0,0,0,1,10,5,200,0,1,0,0,200,200,200,18,200,0,51,200
0,200,35,0,0,0,1,10,5,200,0,1,0,0,200,200,200,18,200,0,30,200
0,200,30,2,2,0,1,0,2,200,0,0,0,0,1,200,200,5,0,0,33,200
0,200,30,2,2,0,1,0,2,200,0,0,0,0,1,200,200,5,0,0,57,200
0,200,30,1,2,1,1,10,5,4,0,1,0,0,1,200,1,18,0,0,200,200
0,200,30,1,2,1,1,10,5,4,0,1,0,0,1,200,1,18,0,0,22,200
1,200,30,1,2,1,1,10,5,4,0,1,0,0,1,200,1,18,0,1,26,200
0,200,45,0,0,1,1,10,3,200,0,0,0,1,200,200,200,17,22,0,38,200
0,200,45,0,0,1,1,10,3,200,0,0,0,1,200,200,200,17,22,0,58,200
0,200,30,10,2,1,1,12,5,200,0,200,0,0,200,200,200,0,0,0,33,200
0,200,30,10,2,1,1,12,5,200,0,200,0,0,200,200,200,0,0,0,43,200
0,200,25,1,2,0,1,14,6,200,0,1,0,0,200,200,200,22,0,0,33,200
0,200,25,1,2,0,1,14,6,200,0,1,0,0,200,200,200,22,0,1,27,200
0,200,30,0,0,0,1,14,12,1,0,0,0,0,200,200,200,0,200,0,36,200
0,200,30,0,0,0,1,14,12,1,0,0,0,0,200,200,200,0,200,0,47,200
1,200,30,0,0,0,1,14,12,1,0,0,0,0,200,200,200,0,200,0,200,200
0,200,30,1,2,0,1,14,2,200,0,0,0,0,200,200,200,31,200,0,29,200
0,200,30,1,2,0,1,14,2,200,0,0,0,0,200,200,200,31,200,1,20,200
0,200,30,0,0,0,1,0,2,200,0,0,0,1,200,200,200,17,0,0,84,200
0,200,30,0,0,0,1,0,2,200,0,0,0,1,200,200,200,17,0,1,61,200
0,200,30,0,0,1,1,10,5,4,0,0,0,1,1,200,200,0,0,1,51,200
0,200,30,0,0,1,1,10,5,4,0,0,0,1,1,200,200,0,0,1,33,200
0,200,30,0,0,1,1,10,5,4,0,0,0,1,1,200,200,0,0,0,66,200
1,200,30,0,0,1,1,10,5,4,0,0,0,1,1,200,200,0,0,1,35,200
0,200,30,1,0,1,1,7,7,200,0,1,0,0,200,200,1,0,0,1,200,200
0,200,30,200,200,0,1,10,5,200,0,0,200,0,200,200,200,18,200,0,200,200
0,200,30,200,200,0,1,10,5,200,0,0,200,0,200,200,200,18,200,1,36,200
0,200,30,0,0,1,1,10,5,4,0,1,0,0,200,200,200,18,0,0,34,200
0,200,30,0,0,1,1,10,5,4,0,1,0,0,200,200,200,18,0,0,21,200
0,200,30,0,0,0,1,7,7,200,0,0,0,1,200,200,200,27,33,0,28,200
0,200,15,0,0,0,1,2,4,200,0,0,0,0,200,200,200,200,200,0,57,200
0,200,30,0,0,0,1,10,5,200,0,0,1,0,200,200,200,18,0,0,24,200
0,200,30,0,0,0,1,10,5,200,0,0,1,0,200,200,200,18,0,0,56,200
0,0,30,0,0,0,1,10,2,4,0,0,0,1,200,200,200,16,200,1,25,200
0,0,30,0,0,0,1,10,2,4,0,0,0,1,200,200,200,16,200,1,32,200
1,0,30,0,0,0,1,10,2,4,0,0,0,1,200,200,200,16,200,1,48,200
1,0,30,0,0,0,1,10,2,4,0,0,0,1,200,200,200,16,200,1,200,200
1,0,30,0,0,0,1,10,2,4,0,0,0,1,200,200,200,16,200,0,58,200
1,0,30,0,0,0,1,10,2,4,0,0,0,1,200,200,200,16,200,1,14,200
1,0,30,0,0,0,1,10,2,4,0,0,0,1,200,200,200,16,200,1,200,200
0,200,30,0,0,0,1,10,5,200,0,0,0,0,200,200,200,200,200,1,200,200
0,200,30,0,0,0,1,10,5,200,0,0,0,0,200,200,200,200,200,1,23,200
0,200,25,0,0,0,1,11,5,200,0,0,0,0,200,200,1,23,200,1,200,200
0,200,25,0,0,0,1,11,5,200,0,0,0,0,200,200,1,23,200,1,70,200
1,200,25,0,0,0,1,11,5,200,0,0,0,0,200,200,1,23,200,1,200,200
0,200,30,1,2,1,1,14,2,0,0,1,0,1,1,200,200,17,200,0,34,200
0,200,30,1,2,1,1,14,2,0,0,1,0,1,1,200,200,17,200,1,25,200
0,200,30,0,0,1,1,10,5,4,0,1,0,0,200,200,200,18,22,0,19,200
0,200,30,0,0,1,1,10,5,4,0,1,0,0,200,200,200,18,22,0,53,200
0,200,30,1,2,2,1,14,5,3,0,1,0,0,1,200,200,0,0,0,33,200
0,200,30,1,2,2,1,14,5,3,0,1,0,0,1,200,200,0,0,0,34,200
0,200,30,1,2,0,1,12,2,4,0,0,0,0,200,200,200,0,200,0,27,200
0,200,30,1,2,0,1,12,2,4,0,0,0,0,200,200,200,0,200,1,37,200
0,200,65,12,200,2,1,10,12,200,0,1,0,0,200,200,200,21,200,0,56,200
0,200,65,12,200,2,1,10,12,200,0,1,0,0,200,200,200,21,200,0,73,200
0,200,30,1,2,1,1,14,5,200,0,12,0,1,1,200,200,23,17,0,42,200
0,200,30,1,2,1,1,14,5,200,0,12,0,1,1,200,200,23,17,0,22,200
0,200,30,1,2,1,1,14,5,200,0,12,0,1,1,200,200,23,17,0,63,200
1,200,30,1,2,1,1,14,5,200,0,12,0,1,1,200,200,23,17,1,23,200
1,200,30,1,2,1,1,14,5,200,0,12,0,1,1,200,200,23,17,1,3,200
1,200,30,1,2,1,1,14,5,200,0,12,0,1,1,200,200,23,17,0,21,200
0,200,15,0,0,0,1,10,7,200,0,0,0,0,200,1,200,20,16,1,23,200
0,200,15,0,0,0,1,10,7,200,0,0,0,0,200,1,200,20,16,1,20,200
0,200,30,1,2,0,1,14,5,200,0,0,4,1,1,200,200,23,21,0,36,200
0,200,30,1,2,0,1,14,5,200,0,0,4,1,1,200,200,23,21,1,24,200
0,200,35,1,2,0,1,0,5,4,0,0,0,1,1,200,200,6,16,0,21,200
0,200,35,1,2,0,1,0,5,4,0,0,0,1,1,200,200,6,16,0,34,200
0,200,35,1,2,0,1,0,5,4,0,0,0,1,1,200,200,6,16,0,24,200
1,200,35,1,2,0,1,0,5,4,0,0,0,1,1,200,200,6,16,200,200,200
1,200,35,1,2,0,1,0,5,4,0,0,0,1,1,200,200,6,16,0,200,200
0,200,30,1,2,0,1,0,2,2,0,0,200,0,1,200,200,8,0,0,200,200
0,200,30,1,2,0,1,0,2,2,0,0,200,0,1,200,200,8,0,0,23,200
0,200,30,0,0,2,1,10,5,2,0,1,0,0,200,200,200,15,0,1,55,200
0,200,30,0,0,2,1,10,5,2,0,1,0,0,200,200,200,15,0,0,200,200
0,200,30,0,0,1,1,12,5,4,0,1,0,0,200,200,200,0,200,1,27,200
0,200,30,0,0,1,1,12,5,4,0,1,0,0,200,200,200,0,200,0,200,200
0,200,30,0,0,0,1,7,5,200,0,0,0,1,200,200,200,23,11,0,34,200
0,200,30,0,0,0,1,14,5,200,0,0,0,0,200,200,200,0,0,0,35,200
0,200,30,0,0,0,1,14,5,200,0,0,0,0,200,200,200,0,0,0,33,200
0,200,25,1,1,0,1,14,1,3,0,0,0,0,200,200,200,17,200,0,22,200
0,200,25,1,1,0,1,14,1,3,0,0,0,0,200,200,200,17,200,0,25,200
0,200,30,0,0,1,1,7,5,2,0,0,0,1,200,200,200,21,200,0,27,200
0,200,30,0,0,0,1,14,5,2,0,0,0,0,200,200,200,0,200,1,22,200
0,200,30,0,0,0,1,14,5,2,0,0,0,0,200,200,200,0,200,0,200,200
1,200,30,0,0,0,1,14,5,2,0,0,0,0,200,200,200,0,200,0,200,200
1,200,30,0,0,0,1,14,5,2,0,0,0,0,200,200,200,0,200,1,200,200
1,200,30,0,0,0,1,14,5,2,0,0,0,0,200,200,200,0,200,2,200,200
0,200,30,0,0,0,1,10,7,200,0,0,0,0,200,200,200,20,200,1,200,200
0,200,30,0,0,0,1,10,7,200,0,0,0,0,200,200,200,20,200,1,23,200
0,200,35,0,0,0,1,12,5,200,0,0,0,0,200,200,1,21,0,0,200,200
0,200,35,0,0,0,1,12,5,200,0,0,0,0,200,200,1,21,0,0,23,200
0,200,30,0,0,2,1,7,5,200,0,1,0,0,200,200,200,0,0,1,200,200
0,200,30,1,2,1,1,3,5,4,0,0,0,0,200,200,200,20,0,0,23,200
0,200,30,1,2,1,1,3,5,4,0,0,0,0,200,200,200,20,0,1,59,200
0,200,30,0,0,0,1,10,5,2,0,0,0,0,200,200,200,11,0,1,47,200
0,200,30,0,0,0,1,10,5,2,0,0,0,0,200,200,200,11,0,0,35,200
1,200,30,0,0,0,1,10,5,2,0,0,0,0,200,200,200,11,0,0,51,200
1,200,30,0,0,0,1,10,5,2,0,0,0,0,200,200,200,11,0,0,200,200
1,200,30,0,0,0,1,10,5,2,0,0,0,0,200,200,200,11,0,0,200,200
0,200,30,0,0,0,1,12,6,1,0,0,0,0,200,200,1,0,200,0,200,200
0,200,30,0,0,0,1,12,6,1,0,0,0,0,200,200,1,0,200,0,57,200
0,200,30,0,0,2,1,7,5,2,0,1,0,0,200,200,200,0,0,1,36,200
0,200,25,1,2,0,1,14,5,4,0,0,0,1,200,200,200,17,33,0,22,200
0,200,25,1,2,0,1,14,5,4,0,0,0,1,200,200,200,17,33,0,55,200
1,200,25,1,2,0,1,14,5,4,0,0,0,1,200,200,200,17,33,1,21,200
0,200,30,0,0,1,1,0,5,2,0,0,0,0,200,200,200,17,0,0,18,200
0,200,30,0,0,1,1,0,5,2,0,0,0,0,200,200,200,17,0,0,48,200
0,200,30,2,2,200,1,0,5,200,0,200,200,0,200,200,200,17,17,0,46,200
0,200,30,2,2,200,1,0,5,200,0,200,200,0,200,200,200,17,17,0,40,200
1,200,30,2,2,200,1,0,5,200,0,200,200,0,200,200,200,17,17,1,200,200
0,200,30,0,0,0,1,7,2,2,0,0,0,0,200,200,200,200,200,1,51,200
0,200,30,0,0,0,1,7,5,200,0,0,0,0,200,200,200,7,7,1,58,200
0,200,30,0,0,2,1,10,5,2,0,1,0,0,200,200,200,18,0,0,25,200
0,200,30,0,0,2,1,10,5,2,0,1,0,0,200,200,200,18,0,1,200,200
0,200,30,1,2,0,1,10,5,2,0,0,0,0,200,200,200,18,200,0,200,200
0,200,30,1,2,0,1,10,5,2,0,0,0,0,200,200,200,18,200,1,49,200
0,200,5,0,0,0,1,7,7,200,0,0,0,0,200,200,200,0,200,0,82,200
0,200,15,0,0,0,1,11,7,1,0,0,0,0,200,200,200,20,200,1,35,200
0,200,15,0,0,0,1,11,7,1,0,0,0,0,200,200,200,20,200,0,26,200
0,200,30,2,2,0,1,0,5,3,0,0,0,0,200,200,200,17,17,0,46,200
0,200,30,2,2,0,1,0,5,3,0,0,0,0,200,200,200,17,17,0,40,200
0,200,30,0,0,0,1,14,2,200,0,0,0,1,1,200,200,17,0,0,17,200
0,200,30,0,0,0,1,14,2,200,0,0,0,1,1,200,200,17,0,0,19,200
1,200,30,0,0,0,1,14,2,200,0,0,0,1,1,200,200,17,0,0,17,200
1,200,30,0,0,0,1,14,2,200,0,0,0,1,1,200,200,17,0,0,22,200
0,200,30,0,0,0,1,14,2,4,0,0,0,0,200,200,1,23,21,2,200,200
0,200,30,0,0,0,1,14,2,4,0,0,0,0,200,200,1,23,21,0,60,200
0,200,30,0,0,0,1,7,5,200,0,1,0,0,200,200,200,200,200,0,28,200
0,200,30,1,2,0,1,10,2,200,0,0,0,0,200,200,1,0,0,1,200,200
0,200,30,1,2,0,1,10,2,200,0,0,0,0,200,200,1,0,0,0,43,200
0,200,30,0,0,0,3,10,5,200,0,0,0,1,200,200,200,20,11,0,200,200
0,200,30,0,0,0,3,10,5,200,0,0,0,1,200,200,200,20,11,1,32,200
1,200,30,0,0,0,3,10,5,200,0,0,0,1,200,200,200,20,11,1,30,200
1,200,30,0,0,0,3,10,5,200,0,0,0,1,200,200,200,20,11,1,40,200
0,200,30,200,200,0,1,10,5,200,0,0,200,0,200,200,1,0,200,0,200,200
0,200,30,200,200,0,1,10,5,200,0,0,200,0,200,200,1,0,200,0,35,200
0,200,30,2,2,0,1,0,5,200,0,0,0,0,200,200,1,20,200,2,200,200
0,200,30,2,2,0,1,0,5,200,0,0,0,0,200,200,1,20,200,0,36,200
0,200,25,0,0,0,1,7,6,1,0,0,0,0,200,200,1,0,0,2,200,200
0,200,20,0,0,0,1,7,6,200,0,0,0,0,200,200,1,20,200,1,200,200
0,200,30,2,2,0,4,10,5,200,0,0,0,0,200,200,200,18,16,0,52,200
0,200,30,2,2,0,4,10,5,200,0,0,0,0,200,200,200,18,16,0,200,200
0,200,30,0,0,0,3,7,6,200,0,0,0,0,200,200,1,0,200,2,200,200
0,200,30,1,2,0,1,2,1,200,0,0,0,1,200,200,200,32,32,0,41,200
0,200,30,1,200,0,1,0,5,4,0,0,200,0,1,200,200,0,0,1,200,200
0,200,30,1,200,0,1,0,5,4,0,0,200,0,1,200,200,0,0,0,57,200
0,200,30,0,0,0,1,10,5,200,0,0,0,0,200,200,200,0,0,0,69,200
0,200,30,0,0,0,1,10,5,200,0,0,0,0,200,200,200,0,0,1,43,200
1,200,30,0,0,0,1,10,5,200,0,0,0,0,200,200,200,0,0,1,200,200
1,200,30,0,0,0,1,10,5,200,0,0,0,0,200,200,200,0,0,1,200,200
0,200,30,0,0,0,1,7,12,200,0,0,0,0,200,200,1,0,0,2,200,200
0,200,30,1,2,0,1,0,5,200,0,0,0,1,1,200,200,16,200,0,53,200
0,200,30,1,2,0,1,0,5,200,0,0,0,1,1,200,200,16,200,0,28,200
0,200,30,200,200,0,1,10,5,200,0,200,200,1,200,200,200,0,200,0,23,200
0,200,30,200,200,0,1,10,5,200,0,200,200,1,200,200,200,0,200,1,64,200
0,200,30,1,2,0,1,14,5,2,0,0,0,0,1,200,200,22,200,1,43,200
0,200,30,1,2,0,1,14,5,2,0,0,0,0,1,200,200,22,200,0,40,200
0,1,3,1,0,0,1,10,2,4,0,0,0,0,200,200,200,0,200,0,43,200
0,1,3,1,0,0,1,10,2,4,0,0,0,0,200,200,200,0,200,1,45,200
0,200,30,1,2,0,1,0,5,200,0,0,0,1,1,200,1,6,17,0,200,200
0,200,30,1,2,0,1,0,5,200,0,0,0,1,1,200,1,6,17,0,21,200
0,200,20,0,0,0,1,14,2,200,0,0,0,0,200,200,200,0,0,1,60,200
0,200,20,0,0,0,1,14,2,200,0,0,0,0,200,200,200,0,0,0,49,200
1,200,20,0,0,0,1,14,2,200,0,0,0,0,200,200,200,0,0,0,1,200
1,200,20,0,0,0,1,14,2,200,0,0,0,0,200,200,200,0,0,0,32,200
0,200,30,0,0,0,1,14,5,200,0,0,0,1,200,200,200,17,11,1,49,200
0,200,30,0,0,0,1,14,5,200,0,0,0,1,200,200,200,17,11,1,34,200
1,200,30,0,0,0,1,14,5,200,0,0,0,1,200,200,200,17,11,1,7,200
0,200,0,1,2,0,1,10,2,3,0,0,0,0,200,200,200,0,0,1,67,200
0,200,0,1,2,0,1,10,2,3,0,0,0,0,200,200,200,0,0,0,58,200
0,200,30,1,2,0,1,10,5,200,0,0,0,1,200,200,200,18,200,0,26,200
0,200,30,1,2,0,1,10,5,200,0,0,0,1,200,200,200,18,200,0,53,200
1,200,30,1,2,0,1,10,5,200,0,0,0,1,200,200,200,18,200,1,200,200
0,200,30,2,2,0,4,0,5,200,0,0,0,0,0,200,1,5,16,0,200,200
0,200,30,2,2,0,4,0,5,200,0,0,0,0,0,200,1,5,16,0,26,200
0,200,30,0,0,0,1,10,6,1,0,0,0,0,1,200,200,0,200,1,200,200
0,200,30,0,0,0,1,10,6,1,0,0,0,0,1,200,200,0,200,1,34,200
1,200,30,0,0,0,1,10,6,1,0,0,0,0,1,200,200,0,200,1,200,200
1,200,30,0,0,0,1,10,6,1,0,0,0,0,1,200,200,0,200,1,67,200
0,200,30,1,2,0,1,10,5,200,0,0,0,0,200,200,200,16,200,0,26,200
0,200,30,1,2,0,1,10,5,200,0,0,0,0,200,200,200,16,200,1,32,200
1,200,30,1,2,0,1,10,5,200,0,0,0,0,200,200,200,16,200,0,200,200
1,200,30,1,2,0,1,10,5,200,0,0,0,0,200,200,200,16,200,200,200,200
0,1,20,0,0,200,200,7,6,1,0,200,0,0,200,200,1,0,0,2,200,200
0,200,30,0,0,0,4,8,5,4,0,0,0,1,1,200,200,17,200,1,19,200
4,200,30,0,0,0,4,8,5,4,0,0,0,1,1,200,200,17,200,1,19,200
0,200,5,0,0,0,1,7,7,200,0,0,200,0,200,200,200,17,0,1,200,200
0,200,30,1,2,0,4,0,5,4,0,0,0,1,1,200,200,6,16,1,25,200
0,200,30,1,2,0,4,0,5,4,0,0,0,1,1,200,200,6,16,0,53,200
1,200,30,1,2,0,4,0,5,4,0,0,0,1,1,200,200,6,16,1,40,200
0,200,35,1,2,0,1,10,5,200,2,200,200,0,200,200,1,0,200,1,200,200
0,200,35,1,2,0,1,10,5,200,2,200,200,0,200,200,1,0,200,1,23,200
0,200,30,0,0,0,1,10,5,2,0,0,0,1,0,200,200,200,12,0,34,200
0,200,30,0,0,0,1,10,5,2,0,0,0,1,0,200,200,200,12,0,50,200
0,200,30,1,2,0,1,10,5,200,0,0,0,0,200,200,1,200,200,0,200,200
0,200,30,1,2,0,1,10,5,200,0,0,0,0,200,200,1,200,200,1,49,200
1,200,30,1,2,0,1,10,5,200,0,0,0,0,200,200,1,200,200,0,200,200
0,200,30,200,200,0,1,2,6,200,0,200,1,0,200,200,200,29,200,1,45,200
0,200,30,1,2,0,4,10,5,2,0,0,0,0,1,200,200,0,0,1,200,200
0,200,30,1,2,0,4,10,5,2,0,0,0,0,1,200,200,0,0,0,29,200
1,200,30,1,2,0,4,10,5,2,0,0,0,0,1,200,200,0,0,200,200,200
0,200,30,0,0,0,1,7,5,200,0,0,0,0,200,200,200,0,0,0,20,200
1,200,30,0,0,0,1,7,5,200,0,0,0,0,200,200,200,0,0,0,57,200
0,200,20,2,2,0,1,0,2,2,0,0,0,1,1,200,1,17,0,2,200,200
0,200,20,2,2,0,1,0,2,2,0,0,0,1,1,200,1,17,0,1,31,200
0,200,30,1,2,0,4,0,2,4,0,0,0,1,1,200,1,6,25,0,200,200
0,200,30,1,2,0,4,0,2,4,0,0,0,1,1,200,1,6,25,1,55,200
0,200,30,1,2,0,4,0,2,4,0,0,0,1,1,200,1,6,25,0,69,200
1,200,30,1,2,0,4,0,2,4,0,0,0,1,1,200,1,6,25,0,12,200
1,200,30,1,2,0,4,0,2,4,0,0,0,1,1,200,1,6,25,0,8,200
0,200,30,0,0,0,1,7,5,2,0,0,0,0,200,200,200,0,0,1,200,200
0,1,0,0,0,0,1,7,7,200,0,0,200,0,200,200,1,0,0,2,200,200
0,200,30,0,0,0,1,10,2,2,0,0,0,0,200,200,200,0,200,0,53,200
0,200,30,0,0,0,1,10,2,2,0,0,0,0,200,200,200,0,200,0,62,200
0,200,30,0,0,0,3,12,6,200,0,0,0,0,200,200,200,21,200,0,56,200
0,200,30,0,0,0,3,12,6,200,0,0,0,0,200,200,200,21,200,0,29,200
1,200,30,0,0,0,3,12,6,200,0,0,0,0,200,200,200,21,200,1,41,200
0,200,20,0,0,0,2,10,2,200,0,0,200,0,200,200,200,18,18,0,65,200
0,200,20,0,0,0,2,10,2,200,0,0,200,0,200,200,200,18,18,0,2,200
0,200,30,0,0,0,1,7,6,1,0,0,200,0,200,200,1,0,0,2,200,200
0,200,30,1,2,0,1,12,5,200,0,0,0,0,1,200,200,17,0,2,28,200
0,200,30,1,2,0,1,12,5,200,0,0,0,0,1,200,200,17,0,1,33,200
0,200,30,0,0,0,1,7,6,1,0,0,0,0,200,200,200,0,0,0,66,200
1,200,30,0,0,0,1,7,6,1,0,0,0,0,200,200,200,0,0,1,200,200
0,200,30,0,0,0,2,10,6,200,0,0,0,0,200,200,200,200,200,1,200,200
0,200,30,0,0,0,2,10,6,200,0,0,0,0,200,200,200,200,200,1,30,200
0,200,30,1,200,0,2,10,2,200,0,0,0,0,200,200,200,0,0,0,23,200
0,200,30,1,200,0,2,10,2,200,0,0,0,0,200,200,200,0,0,0,50,200
0,200,30,1,2,0,3,14,5,2,0,0,200,0,200,200,200,17,200,0,70,200
0,200,30,1,2,0,3,14,5,2,0,0,200,0,200,200,200,17,200,0,36,200
0,200,40,0,0,0,3,0,5,200,0,0,0,1,1,200,200,14,16,0,21,200
0,200,40,0,0,0,3,0,5,200,0,0,0,1,1,200,200,14,16,0,29,200
0,200,30,1,2,0,3,10,6,3,0,0,0,0,200,200,200,18,200,1,48,200
0,200,30,1,2,0,3,10,6,3,0,0,0,0,200,200,200,18,200,0,21,200
1,200,30,1,2,0,3,10,6,3,0,0,0,0,200,200,200,18,200,1,22,200
1,200,30,1,2,0,3,10,6,3,0,0,0,0,200,200,200,18,200,1,69,200
0,1,30,200,200,0,3,14,3,2,0,200,0,0,200,200,200,21,8,0,41,200
0,1,30,200,200,0,3,14,3,2,0,200,0,0,200,200,200,21,8,1,26,200
0,200,30,1,2,0,3,10,2,8,0,0,0,0,1,200,1,16,17,1,200,200
0,200,30,1,2,0,3,10,2,8,0,0,0,0,1,200,1,16,17,0,44,200
0,200,30,1,2,0,3,10,2,200,0,0,0,0,200,200,1,0,0,0,200,200
0,200,30,1,2,0,3,10,2,200,0,0,0,0,200,200,1,0,0,0,62,200
1,200,30,1,2,0,3,10,2,200,0,0,0,0,200,200,1,0,0,1,69,200
0,200,30,0,0,0,3,7,5,1,0,0,0,1,200,200,200,7,200,0,24,200
0,200,30,0,0,0,3,7,6,3,0,200,200,0,200,200,200,1,13,0,56,200
0,200,30,1,2,2,1,0,5,2,0,1,0,0,1,200,200,17,0,1,61,200
0,200,30,1,2,2,1,0,5,2,0,1,0,0,1,200,200,17,0,0,53,200
0,200,30,0,0,0,4,0,5,200,0,0,0,0,200,200,200,17,21,0,25,200
0,200,30,0,0,0,4,0,5,200,0,0,0,0,200,200,200,17,21,1,0,200
0,200,30,0,0,0,3,7,5,2,0,0,0,0,200,200,200,20,200,0,36,200
0,200,30,0,0,0,3,9,6,1,0,0,200,1,200,200,200,0,0,1,46,200
5,200,30,0,0,0,3,9,6,1,0,0,200,1,200,200,200,0,0,0,6,200
1,200,30,0,0,0,3,9,6,1,0,0,200,1,200,200,200,0,0,0,45,200
0,200,25,0,0,0,3,8,6,1,0,0,0,1,1,200,200,33,16,1,36,200
4,200,25,0,0,0,3,8,6,1,0,0,0,1,1,200,200,33,16,0,10,200
1,200,25,0,0,0,3,8,6,1,0,0,0,1,1,200,200,33,16,0,0,200
1,200,25,0,0,0,3,8,6,1,0,0,0,1,1,200,200,33,16,0,2,200
0,200,30,1,200,0,3,12,2,200,0,0,0,0,200,200,200,22,22,0,26,200
0,200,30,1,200,0,3,12,2,200,0,0,0,0,200,200,200,22,22,1,24,200
1,200,30,1,200,0,3,12,2,200,0,0,0,0,200,200,200,22,22,0,29,200
0,200,30,0,0,0,3,10,5,200,0,0,0,1,1,200,200,16,18,1,44,200
0,200,30,0,0,0,3,10,5,200,0,0,0,1,1,200,200,16,18,0,23,200
0,200,30,0,0,0,3,10,5,200,0,0,0,1,1,200,200,16,18,0,38,200
1,200,30,0,0,0,3,10,5,200,0,0,0,1,1,200,200,16,18,1,200,200
0,200,30,0,0,0,4,9,5,2,0,0,0,1,200,200,200,33,17,0,23,200
5,200,30,0,0,0,4,9,5,2,0,0,0,1,200,200,200,33,17,0,60,200
0,200,0,0,0,0,200,7,7,0,0,0,0,0,200,1,200,11,0,0,86,200
0,200,30,0,0,0,0,10,5,2,0,0,0,0,0,200,200,18,200,0,200,200
0,200,30,0,0,0,0,10,5,2,0,0,0,0,0,200,200,18,200,0,53,200
0,200,40,1,2,0,3,10,3,8,0,0,0,0,1,200,200,18,19,0,29,200
0,200,40,1,2,0,3,10,3,8,0,0,0,0,1,200,200,18,19,1,21,200
0,200,40,1,2,0,3,10,3,8,0,0,0,0,1,200,200,18,19,0,25,200
0,200,40,1,2,0,3,10,3,8,0,0,0,0,1,200,200,18,19,0,28,200
1,200,40,1,2,0,3,10,3,8,0,0,0,0,1,200,200,18,19,0,200,200
1,200,40,1,2,0,3,10,3,8,0,0,0,0,1,200,200,18,19,0,30,200
1,200,40,1,2,0,3,10,3,8,0,0,0,0,1,200,200,18,19,0,22,200
0,200,30,1,2,0,3,14,2,2,0,0,200,0,1,200,200,23,200,0,36,200
0,200,30,1,2,0,3,14,2,2,0,0,200,0,1,200,200,23,200,0,22,200
0,200,0,0,0,0,3,7,7,200,0,0,0,1,200,1,1,0,200,0,200,200
0,200,30,1,2,0,3,10,3,2,0,0,0,0,200,200,200,18,200,1,23,200
0,200,30,1,2,0,3,10,3,2,0,0,0,0,200,200,200,18,200,1,30,200
0,200,0,200,200,0,3,0,5,2,0,0,200,1,1,200,200,17,200,0,200,200
0,200,0,200,200,0,3,0,5,2,0,0,200,1,1,200,200,17,200,1,38,200
0,200,15,0,0,0,3,7,2,200,0,0,0,0,200,200,200,11,0,0,24,200
1,200,15,0,0,0,3,7,2,200,0,0,0,0,200,200,200,11,0,0,23,200
1,200,15,0,0,0,3,7,2,200,0,0,0,0,200,200,200,11,0,0,86,200
0,200,30,0,0,0,3,2,5,2,0,0,0,1,200,200,1,0,200,1,200,200
0,200,30,1,2,0,3,2,5,2,0,0,0,1,1,200,200,0,0,0,42,200
0,200,20,0,0,2,200,7,6,200,0,1,0,0,200,200,1,0,200,2,200,200
0,200,30,0,0,0,0,11,5,200,0,0,200,1,200,200,200,10,21,0,41,200
0,200,30,0,0,0,0,11,5,200,0,0,200,1,200,200,200,10,21,0,59,200
1,200,30,0,0,0,0,11,5,200,0,0,200,1,200,200,200,10,21,1,47,200
0,200,30,1,2,0,3,12,5,4,0,0,200,0,1,200,1,21,21,0,200,200
0,200,30,1,2,0,3,12,5,4,0,0,200,0,1,200,1,21,21,0,34,200
0,200,30,200,200,0,3,12,2,2,0,0,0,0,200,200,1,22,0,2,200,200
0,200,30,200,200,0,3,12,2,2,0,0,0,0,200,200,1,22,0,1,73,200
0,200,30,1,2,0,3,10,5,4,0,0,200,0,1,200,200,18,0,1,34,200
0,200,30,1,2,0,3,10,5,4,0,0,200,0,1,200,200,18,0,0,59,200
1,200,30,1,2,0,3,10,5,4,0,0,200,0,1,200,200,18,0,1,60,200