PERSON_TYPE,CRASH_DATE_EST_I,POSTED_SPEED_LIMIT,TRAFFIC_CONTROL_DEVICE,DEVICE_CONDITION,WEATHER_CONDITION,LIGHTING_CONDITION,FIRST_CRASH_TYPE,TRAFFICWAY_TYPE,LANE_CNT,ALIGNMENT,ROADWAY_SURFACE_COND,ROAD_DEFECT,CRASH_TYPE,INTERSECTION_RELATED_I,NOT_RIGHT_OF_WAY_I,HIT_AND_RUN_I,PRIM_CONTRIBUTORY_CAUSE,SEC_CONTRIBUTORY_CAUSE,SEX,AGE,BAC_RESULT VALUE
0,200,15,0,0,0,3,7,6,1,0,0,200,0,200,200,1,0,200,2,200,200
0,200,15,0,0,0,3,7,6,200,0,0,0,0,200,200,1,0,200,2,200,200
0,200,25,0,0,0,0,7,200,1,0,0,12,0,200,200,1,0,0,0,23,200
0,200,30,0,0,0,3,14,2,200,0,0,0,0,200,200,200,0,0,0,200,200
0,200,30,0,0,0,3,14,2,200,0,0,0,0,200,200,200,0,0,1,21,200
1,200,30,0,0,0,3,14,2,200,0,0,0,0,200,200,200,0,0,1,17,200
1,200,30,0,0,0,3,14,2,200,0,0,0,0,200,200,200,0,0,1,16,200
0,200,30,2,2,0,3,0,5,200,0,0,0,1,1,200,200,17,200,1,24,200
0,200,30,2,2,0,3,0,5,200,0,0,0,1,1,200,200,17,200,0,29,200
0,200,30,1,2,0,3,14,5,4,0,0,0,0,0,200,200,23,200,1,55,200
0,200,30,1,2,0,3,14,5,4,0,0,0,0,0,200,200,23,200,0,21,200
0,200,30,0,0,0,3,7,2,4,0,0,0,1,200,200,1,25,25,0,200,200
0,1,30,1,2,0,0,14,5,2,0,0,0,0,200,200,200,22,22,1,28,200
0,1,30,1,2,0,0,14,5,2,0,0,0,0,200,200,200,22,22,0,25,200
0,200,10,0,0,200,4,7,7,200,0,200,200,0,200,200,200,0,0,2,200,200
0,200,30,2,2,12,3,0,5,200,0,0,0,1,1,200,200,14,5,0,24,200
0,200,30,2,2,12,3,0,5,200,0,0,0,1,1,200,200,14,5,0,24,200
1,200,30,2,2,12,3,0,5,200,0,0,0,1,1,200,200,14,5,1,23,200
1,200,30,2,2,12,3,0,5,200,0,0,0,1,1,200,200,14,5,1,18,200
0,200,35,1,2,0,3,14,5,4,0,0,0,0,1,200,200,17,200,0,200,200
0,200,35,1,2,0,3,14,5,4,0,0,0,0,1,200,200,17,200,1,35,200
0,1,30,0,0,0,3,11,5,200,0,0,0,1,200,200,200,0,200,0,19,200
0,1,30,0,0,0,3,11,5,200,0,0,0,1,200,200,200,0,200,0,22,200
1,1,30,0,0,0,3,11,5,200,0,0,0,1,200,200,200,0,200,1,20,200
0,200,30,1,2,0,3,14,5,4,0,0,0,0,1,200,200,18,18,0,62,200
0,200,30,1,2,0,3,14,5,4,0,0,0,0,1,200,200,18,18,0,27,200
0,200,30,0,0,0,3,10,6,3,0,0,200,0,200,200,200,18,0,0,32,200
0,200,30,0,0,0,3,10,6,3,0,0,200,0,200,200,200,18,0,0,35,200
0,200,35,1,2,0,3,14,2,2,0,0,0,0,1,200,200,17,16,1,56,200
0,200,35,1,2,0,3,14,2,2,0,0,0,0,1,200,200,17,16,0,52,200
0,200,30,1,2,0,3,0,5,2,0,0,0,0,1,200,200,11,6,1,35,200
0,200,30,1,2,0,3,0,5,2,0,0,0,0,1,200,200,11,6,0,54,200
1,200,30,1,2,0,3,0,5,2,0,0,0,0,1,200,200,11,6,0,41,200
1,200,30,1,2,0,3,0,5,2,0,0,0,0,1,200,200,11,6,1,200,200
0,200,30,1,2,0,3,10,5,200,0,200,200,0,200,200,200,0,200,0,83,200
0,200,30,1,2,0,3,10,5,200,0,200,200,0,200,200,200,0,200,1,32,200
0,200,30,0,0,0,0,9,5,2,0,0,200,1,200,200,200,17,16,1,48,200
5,200,30,0,0,0,0,9,5,2,0,0,200,1,200,200,200,17,16,0,67,200
0,200,25,0,0,0,3,7,5,1,0,0,0,0,200,200,1,0,0,2,200,200
0,200,30,0,0,0,0,10,5,2,0,0,0,0,200,200,200,18,200,0,46,200
0,200,30,0,0,0,0,10,5,2,0,0,0,0,200,200,200,18,200,0,52,200
0,200,30,0,0,0,3,2,3,200,0,0,0,1,200,200,200,0,0,0,36,200
1,200,30,0,0,0,3,2,3,200,0,0,0,1,200,200,200,0,0,1,29,200
0,200,35,0,0,0,3,7,2,200,0,0,0,1,200,200,200,8,200,0,34,200
0,200,30,7,12,0,3,7,2,2,0,0,200,1,200,200,200,32,17,0,34,200
0,200,30,0,0,0,3,7,5,2,0,0,0,0,200,200,200,0,200,0,31,200
0,200,30,1,2,0,3,10,2,4,0,0,0,0,200,200,200,18,0,0,35,200
0,200,30,1,2,0,3,10,2,4,0,0,0,0,200,200,200,18,0,1,200,200
0,200,30,1,2,0,3,10,2,4,0,0,0,0,200,200,200,18,0,0,27,200
0,200,30,1,2,0,3,10,2,4,0,0,0,0,200,200,200,18,0,0,200,200
1,200,30,1,2,0,3,10,2,4,0,0,0,0,200,200,200,18,0,1,200,200
1,200,30,1,2,0,3,10,2,4,0,0,0,0,200,200,200,18,0,0,200,200
1,200,30,1,2,0,3,10,2,4,0,0,0,0,200,200,200,18,0,1,200,200
1,200,30,1,2,0,3,10,2,4,0,0,0,0,200,200,200,18,0,1,200,200
1,200,30,1,2,0,3,10,2,4,0,0,0,0,200,200,200,18,0,1,200,200
0,200,30,0,0,0,3,12,12,0,0,0,0,0,200,200,200,0,0,0,28,200
0,200,30,0,0,0,3,12,12,0,0,0,0,0,200,200,200,0,0,0,30,200
0,200,25,0,0,0,3,7,6,1,0,200,0,0,200,200,200,15,8,0,25,200
0,200,30,0,0,0,3,12,5,200,0,0,0,1,200,200,1,25,16,2,200,200
0,200,30,0,0,0,3,12,5,200,0,0,0,1,200,200,1,25,16,0,31,200
1,200,30,0,0,0,3,12,5,200,0,0,0,1,200,200,1,25,16,1,30,200
0,200,30,1,2,0,3,0,5,200,0,0,0,1,1,200,200,6,19,0,30,200
0,200,30,1,2,0,3,0,5,200,0,0,0,1,1,200,200,6,19,0,28,200
1,200,30,0,0,0,200,12,5,2,0,200,200,0,200,200,200,0,0,2,200,200
0,200,30,0,0,0,200,12,5,2,0,200,200,0,200,200,200,0,0,2,200,200
0,200,30,0,0,0,200,12,5,2,0,200,200,0,200,200,200,0,0,0,38,200
1,200,30,0,0,0,200,12,5,2,0,200,200,0,200,200,200,0,0,2,200,200
0,200,20,0,0,0,3,7,6,1,0,0,0,1,200,200,1,14,0,1,200,200
0,200,30,0,0,0,3,2,5,1,0,0,0,1,200,200,1,0,0,2,200,200
0,200,30,0,0,0,3,7,5,2,0,0,0,1,200,200,200,13,0,1,23,200
0,200,30,1,2,0,0,10,2,200,0,0,0,1,1,200,200,11,0,1,26,200
0,200,30,1,2,0,0,10,2,200,0,0,0,1,1,200,200,11,0,1,37,200
0,200,30,1,2,0,0,10,2,200,0,0,0,1,1,200,200,11,0,1,36,200
0,200,30,0,0,0,2,2,2,4,0,0,0,1,200,200,200,32,25,1,29,200
0,200,25,0,0,0,3,11,6,200,0,0,0,0,200,200,200,32,22,1,30,200
0,200,25,0,0,0,3,11,6,200,0,0,0,0,200,200,200,32,22,0,53,200
1,200,25,0,0,0,3,11,6,200,0,0,0,0,200,200,200,32,22,1,35,200
1,200,25,0,0,0,3,11,6,200,0,0,0,0,200,200,200,32,22,0,41,200
1,200,25,0,0,0,3,11,6,200,0,0,0,0,200,200,200,32,22,0,39,200
1,200,25,0,0,0,3,11,6,200,0,0,0,0,200,200,200,32,22,1,24,200
1,200,25,0,0,0,3,11,6,200,0,0,0,0,200,200,200,32,22,0,28,200
0,200,30,1,2,0,3,12,5,200,0,0,0,0,200,200,1,22,200,0,200,200
0,200,30,1,2,0,3,12,5,200,0,0,0,0,200,200,1,22,200,0,37,200
1,200,30,1,2,0,3,12,5,200,0,0,0,0,200,200,1,22,200,0,22,200
1,200,30,1,2,0,3,12,5,200,0,0,0,0,200,200,1,22,200,0,21,200
0,200,30,0,0,0,3,14,5,200,0,0,0,0,200,200,200,23,17,0,20,200
0,200,30,0,0,0,3,14,5,200,0,0,0,0,200,200,200,23,17,1,56,200
0,200,30,0,0,0,3,2,5,4,0,0,0,1,200,1,200,7,11,1,32,200
1,200,30,0,0,0,3,2,5,4,0,0,0,1,200,1,200,7,11,1,200,200
0,200,20,200,200,0,3,7,5,200,0,0,200,1,200,200,1,0,200,2,200,200
0,200,30,0,0,0,2,7,5,2,0,0,0,1,200,200,200,32,21,0,36,200
0,200,30,1,2,0,3,10,2,4,0,0,0,1,1,200,200,18,18,1,40,200
0,200,30,1,2,0,3,10,2,4,0,0,0,1,1,200,200,18,18,0,33,200
0,200,0,1,2,0,2,10,5,200,0,0,0,0,200,200,200,16,11,0,200,200
0,200,0,1,2,0,2,10,5,200,0,0,0,0,200,200,200,16,11,1,58,200
0,200,30,1,2,0,3,0,6,3,0,0,200,1,1,200,200,32,200,0,32,200
0,200,30,1,2,0,3,0,6,3,0,0,200,1,1,200,200,32,200,0,45,200
0,200,30,1,2,0,2,3,1,4,0,0,0,1,1,200,1,21,200,0,200,200
0,200,30,1,2,0,2,3,1,4,0,0,0,1,1,200,1,21,200,0,33,200
1,200,30,1,2,0,2,3,1,4,0,0,0,1,1,200,1,21,200,1,25,200
0,200,30,0,0,0,3,2,2,2,0,0,0,0,200,200,200,0,200,0,39,200
1,200,30,0,0,0,3,2,2,2,0,0,0,0,200,200,200,0,200,0,200,200
0,200,30,0,0,0,1,7,5,200,0,0,0,0,200,200,1,0,0,2,200,200
0,200,30,0,0,0,1,7,5,2,0,0,0,1,200,200,200,11,0,0,30,200
0,1,30,0,0,0,1,14,2,200,0,0,0,1,200,200,200,0,0,0,32,200
0,1,30,0,0,0,1,14,2,200,0,0,0,1,200,200,200,0,0,0,23,200
0,0,30,0,0,0,2,7,6,1,0,0,3,0,200,200,200,0,0,0,30,200
0,200,25,0,0,0,2,7,5,2,0,0,0,1,200,200,200,12,12,1,65,200
0,200,30,2,2,0,1,0,3,200,0,0,0,1,1,200,1,6,200,0,200,200
0,200,30,2,2,0,1,0,3,200,0,0,0,1,1,200,1,6,200,1,51,200
1,200,30,2,2,0,1,0,3,200,0,0,0,1,1,200,1,6,200,200,200,200
0,200,25,0,0,0,1,7,7,200,0,0,0,0,200,200,200,8,0,1,66,200
0,200,30,1,2,0,2,10,5,4,0,0,0,0,200,200,1,0,0,1,200,200
0,200,30,1,2,0,2,10,5,4,0,0,0,0,200,200,1,0,0,0,63,200
0,1,30,1,200,2,1,2,5,200,0,0,200,0,200,1,200,23,0,0,35,200
0,200,30,1,2,0,1,0,5,200,0,0,0,1,1,200,200,0,200,0,34,200
0,200,30,1,2,0,1,0,5,200,0,0,0,1,1,200,200,0,200,1,39,200
0,200,20,0,0,0,1,7,6,1,0,0,0,0,200,200,1,15,0,0,200,200
0,200,30,0,0,200,200,7,5,200,0,200,200,0,200,200,1,0,0,2,200,200
0,200,0,0,0,0,1,7,5,200,0,0,0,0,200,200,200,20,11,1,52,200
0,200,30,1,2,0,1,7,2,4,0,0,0,1,1,200,1,0,23,0,30,200
0,200,20,0,0,0,1,7,200,200,0,0,200,1,200,200,200,14,200,0,200,200
5,200,20,0,0,0,1,7,200,200,0,0,200,1,200,200,200,14,200,1,34,200
0,200,30,1,2,0,1,10,5,4,0,0,0,0,200,200,1,0,200,0,200,200
0,200,30,1,2,0,1,10,5,4,0,0,0,0,200,200,1,0,200,1,36,200
1,200,30,1,2,0,1,10,5,4,0,0,0,0,200,200,1,0,200,0,200,200
0,200,30,1,2,0,1,3,2,2,0,0,0,0,1,200,200,20,200,1,25,200
0,200,30,1,2,0,1,3,2,2,0,0,0,0,1,200,200,20,200,1,37,200
0,200,30,1,2,0,1,0,6,0,0,0,0,1,1,200,200,0,200,1,49,200
0,200,30,1,2,0,1,0,6,0,0,0,0,1,1,200,200,0,200,1,70,200
1,200,30,1,2,0,1,0,6,0,0,0,0,1,1,200,200,0,200,0,28,200
1,200,30,1,2,0,1,0,6,0,0,0,0,1,1,200,200,0,200,1,200,200
0,200,30,0,0,0,1,7,5,200,0,0,0,0,200,200,200,0,0,0,73,200
1,200,30,0,0,0,1,7,5,200,0,0,0,0,200,200,200,0,0,0,22,200
1,200,30,0,0,0,1,7,5,200,0,0,0,0,200,200,200,0,0,1,29,200
0,200,30,0,0,0,0,7,6,1,0,0,0,0,200,200,1,0,200,2,200,200
0,200,30,0,0,0,1,10,2,200,0,0,0,0,200,200,200,200,200,0,25,200
0,200,30,0,0,0,1,10,2,200,0,0,0,0,200,200,200,200,200,1,29,200
1,200,30,0,0,0,1,10,2,200,0,0,0,0,200,200,200,200,200,1,200,200
1,200,30,0,0,0,1,10,2,200,0,0,0,0,200,200,200,200,200,0,200,200
1,200,30,0,0,0,1,10,2,200,0,0,0,0,200,200,200,200,200,1,200,200
0,200,30,0,0,0,1,12,2,4,0,0,200,0,200,200,200,16,18,0,29,200
0,200,30,0,0,0,1,12,2,4,0,0,200,0,200,200,200,16,18,0,19,200
1,200,30,0,0,0,1,12,2,4,0,0,200,0,200,200,200,16,18,0,18,200
0,0,25,0,200,0,4,7,5,2,0,0,200,0,200,200,1,0,200,2,200,200
0,200,30,1,2,0,1,12,5,2,0,0,0,0,200,200,1,22,17,0,200,200
0,200,30,1,2,0,1,12,5,2,0,0,0,0,200,200,1,22,17,0,45,200
0,200,30,0,0,0,1,12,2,2,0,0,0,0,200,200,200,17,0,0,58,200
0,200,30,0,0,0,1,12,2,2,0,0,0,0,200,200,200,17,0,0,32,200
0,200,0,1,2,0,1,14,6,200,0,0,0,0,200,200,200,23,21,0,200,200
0,200,0,1,2,0,1,14,6,200,0,0,0,0,200,200,200,23,21,1,56,200
0,200,30,0,0,2,1,12,5,6,0,0,0,0,200,200,200,22,0,0,41,200
0,200,30,0,0,2,1,12,5,6,0,0,0,0,200,200,200,22,0,0,38,200
0,1,30,0,0,200,200,7,5,200,0,200,200,0,200,200,1,0,0,2,200,200
0,200,30,0,0,200,200,7,2,2,0,200,0,1,200,200,1,18,200,2,200,200
0,200,30,0,0,0,3,7,5,2,0,0,1,0,200,200,1,0,0,2,200,200
4,200,25,1,2,0,1,8,6,1,0,0,0,1,200,200,200,6,200,1,65,200
0,200,25,1,2,0,1,8,6,1,0,0,0,1,200,200,200,6,200,1,36,200
1,200,25,1,2,0,1,8,6,1,0,0,0,1,200,200,200,6,200,1,56,200
1,200,25,1,2,0,1,8,6,1,0,0,0,1,200,200,200,6,200,1,5,200
1,200,25,1,2,0,1,8,6,1,0,0,0,1,200,200,200,6,200,1,11,200
1,200,25,1,2,0,1,8,6,1,0,0,0,1,200,200,200,6,200,1,0,200
0,1,20,0,0,200,200,7,5,200,0,200,200,0,200,200,1,0,0,2,200,200
0,200,30,2,2,0,1,14,5,2,0,0,200,1,200,200,200,33,200,0,45,200
0,200,30,2,2,0,1,14,5,2,0,0,200,1,200,200,200,33,200,1,27,200
0,200,20,0,0,0,1,2,6,1,0,0,0,1,200,1,200,14,16,0,32,200
0,200,30,0,0,200,1,10,5,2,0,200,0,0,200,200,200,0,200,0,34,200
0,200,30,0,0,200,1,10,5,2,0,200,0,0,200,200,200,0,200,0,57,200
0,1,25,0,0,0,1,0,5,2,0,0,0,0,200,200,1,0,0,2,200,200
0,1,25,0,0,0,1,0,5,2,0,0,0,0,200,200,1,0,0,1,38,200
0,200,35,1,2,0,1,12,5,4,0,0,0,0,200,200,1,22,0,1,27,200
0,200,35,1,2,0,1,12,5,4,0,0,0,0,200,200,1,22,0,0,200,200
0,200,30,2,2,0,1,10,5,2,0,0,0,1,200,200,200,18,8,1,20,200
0,200,30,2,2,0,1,10,5,2,0,0,0,1,200,200,200,18,8,1,75,200
0,1,30,200,200,200,200,7,5,2,0,200,200,0,200,200,1,0,0,2,200,200
0,200,30,1,2,0,1,10,5,4,0,0,0,1,1,200,200,18,200,0,200,200
0,200,30,1,2,0,1,10,5,4,0,0,0,1,1,200,200,18,200,0,68,200
1,200,30,1,2,0,1,10,5,4,0,0,0,1,1,200,200,18,200,0,200,200
1,200,30,1,2,0,1,10,5,4,0,0,0,1,1,200,200,18,200,1,200,200
1,200,30,1,2,0,1,10,5,4,0,0,0,1,1,200,200,18,200,1,200,200
0,200,30,0,0,0,1,10,3,200,0,0,0,0,200,200,200,0,0,0,53,200
0,200,30,0,0,0,1,10,3,200,0,0,0,0,200,200,200,0,0,0,55,200
0,200,40,0,0,0,1,10,3,8,0,0,0,1,200,200,200,18,200,0,45,200
0,200,40,0,0,0,1,10,3,8,0,0,0,1,200,200,200,18,200,0,42,200
1,200,40,0,0,0,1,10,3,8,0,0,0,1,200,200,200,18,200,0,41,200
0,200,30,2,12,2,1,0,5,2,0,1,0,0,200,200,200,0,17,0,19,200
0,200,30,2,12,2,1,0,5,2,0,1,0,0,200,200,200,0,17,1,34,200
1,200,30,2,12,2,1,0,5,2,0,1,0,0,200,200,200,0,17,0,33,200
0,200,30,1,2,0,1,10,5,2,0,0,0,1,200,200,200,18,200,0,18,200
0,200,30,1,2,0,1,10,5,2,0,0,0,1,200,200,200,18,200,0,29,200
0,200,30,0,0,0,3,8,5,200,0,0,0,1,200,200,200,0,0,1,200,200
4,200,30,0,0,0,3,8,5,200,0,0,0,1,200,200,200,0,0,0,32,200
0,200,30,0,0,0,1,10,5,2,0,0,0,0,200,200,200,18,200,1,25,200
0,200,30,0,0,0,1,10,5,2,0,0,0,0,200,200,200,18,200,1,67,200
0,200,30,0,0,0,1,7,6,2,0,0,0,0,200,200,1,0,0,2,200,200
0,200,30,0,0,0,1,7,2,4,0,0,0,0,200,200,200,11,200,1,43,200
0,200,20,0,0,0,3,7,5,2,0,0,0,1,200,200,200,18,0,0,200,200
1,200,20,0,0,0,3,7,5,2,0,0,0,1,200,200,200,18,0,1,21,200
1,200,20,0,0,0,3,7,5,2,0,0,0,1,200,200,200,18,0,1,30,200
0,200,30,1,2,0,1,0,2,4,0,0,0,0,1,200,200,0,200,1,33,200
0,200,30,1,2,0,1,0,2,4,0,0,0,0,1,200,200,0,200,0,200,200
1,200,30,1,2,0,1,0,2,4,0,0,0,0,1,200,200,0,200,1,200,200
0,200,35,0,0,0,1,10,3,200,0,0,0,1,200,200,1,18,200,0,200,200
0,200,35,0,0,0,1,10,3,200,0,0,0,1,200,200,1,18,200,1,37,200
0,200,35,0,0,0,1,14,2,4,0,0,0,1,200,200,200,16,200,0,18,200
0,200,35,0,0,0,1,14,2,4,0,0,0,1,200,200,200,16,200,0,74,200
0,200,35,0,0,0,1,14,2,4,0,0,0,1,200,200,200,16,200,0,80,200
0,200,30,1,2,0,1,14,5,2,0,0,0,1,1,200,200,17,11,0,30,200
0,200,30,1,2,0,1,14,5,2,0,0,0,1,1,200,200,17,11,0,48,200
1,200,30,1,2,0,1,14,5,2,0,0,0,1,1,200,200,17,11,0,16,200
1,200,30,1,2,0,1,14,5,2,0,0,0,1,1,200,200,17,11,1,48,200
0,200,30,1,2,0,1,10,5,4,0,0,200,0,200,200,200,23,200,1,200,200
0,200,30,1,2,0,1,10,5,4,0,0,200,0,200,200,200,23,200,0,43,200
0,200,30,0,0,0,1,7,6,1,0,0,0,0,200,200,1,0,0,2,200,200
0,200,30,2,2,0,1,7,5,2,0,0,0,0,200,200,1,0,200,2,200,200
0,200,30,0,0,0,1,10,5,2,0,0,0,1,200,200,1,18,18,1,200,200
0,200,30,0,0,0,1,10,5,2,0,0,0,1,200,200,1,18,18,0,49,200
0,200,30,0,0,0,1,10,5,2,0,0,0,1,200,200,1,18,18,1,27,200
1,200,30,0,0,0,1,10,5,2,0,0,0,1,200,200,1,18,18,0,11,200
0,200,30,2,2,0,1,0,5,6,0,0,0,0,1,200,200,17,200,1,200,200
0,200,30,2,2,0,1,0,5,6,0,0,0,0,1,200,200,17,200,1,200,200
1,200,30,2,2,0,1,0,5,6,0,0,0,0,1,200,200,17,200,1,200,200
1,200,30,2,2,0,1,0,5,6,0,0,0,0,1,200,200,17,200,1,200,200
0,200,30,1,2,0,1,12,2,4,0,0,0,0,200,200,200,4,200,1,36,200
0,200,30,1,2,0,1,12,2,4,0,0,0,0,200,200,200,4,200,1,28,200
4,200,30,1,1,0,1,8,2,2,0,0,0,1,200,200,200,11,200,0,45,200
0,200,30,1,1,0,1,8,2,2,0,0,0,1,200,200,200,11,200,0,36,200
0,200,30,0,0,0,1,7,2,2,0,0,0,0,200,200,1,0,200,2,200,200
0,200,30,0,0,0,1,9,5,2,3,0,0,1,200,200,1,0,0,0,46,200
5,200,30,0,0,0,1,9,5,2,3,0,0,1,200,200,1,0,0,0,2,200
5,200,30,0,0,0,1,9,5,2,3,0,0,1,200,200,1,0,0,0,10,200
0,200,30,1,2,0,2,0,5,3,0,0,0,1,1,200,200,6,17,1,31,200
0,200,30,1,2,0,2,0,5,3,0,0,0,1,1,200,200,6,17,1,21,200
1,200,30,1,2,0,2,0,5,3,0,0,0,1,1,200,200,6,17,1,26,200
1,200,30,1,2,0,2,0,5,3,0,0,0,1,1,200,200,6,17,1,22,200
1,200,30,1,2,0,2,0,5,3,0,0,0,1,1,200,200,6,17,1,21,200
1,200,30,1,2,0,2,0,5,3,0,0,0,1,1,200,200,6,17,1,24,200
1,200,30,1,2,0,2,0,5,3,0,0,0,1,1,200,200,6,17,1,30,200
0,200,30,0,0,0,1,7,6,200,0,0,200,0,200,200,1,0,0,0,200,200
0,200,30,0,0,0,1,10,5,2,0,0,1,0,200,200,200,0,200,1,52,200
0,200,30,0,0,0,1,10,5,2,0,0,1,0,200,200,200,0,200,0,27,200
1,200,30,0,0,0,1,10,5,2,0,0,1,0,200,200,200,0,200,0,36,200
0,200,30,0,0,0,0,7,5,2,0,0,0,0,1,200,200,20,200,0,200,200
0,200,5,0,0,0,1,10,12,200,0,0,200,0,200,1,200,20,20,1,200,200
0,200,5,0,0,0,1,10,12,200,0,0,200,0,200,1,200,20,20,1,46,200
0,200,30,2,12,0,1,0,5,200,0,0,0,1,1,200,200,0,0,0,32,200
0,200,30,2,12,0,1,0,5,200,0,0,0,1,1,200,200,0,0,1,30,200
0,200,10,0,0,0,1,7,7,200,0,0,0,0,200,1,200,0,0,2,200,200
0,200,30,0,0,0,4,10,5,200,0,0,0,0,200,200,200,200,200,1,31,200
0,200,30,0,0,0,4,10,5,200,0,0,0,0,200,200,200,200,200,1,50,200
0,200,30,0,0,0,4,10,5,200,0,0,0,0,200,200,200,200,200,0,62,200
1,200,30,0,0,0,4,10,5,200,0,0,0,0,200,200,200,200,200,0,200,200
0,200,30,0,0,0,1,14,2,200,0,0,0,0,200,200,200,4,17,0,24,200
0,200,30,0,0,0,1,14,2,200,0,0,0,0,200,200,200,4,17,0,26,200
0,200,30,0,0,0,1,11,7,200,0,0,0,0,200,200,200,20,17,0,28,200
0,200,30,0,0,0,1,11,7,200,0,0,0,0,200,200,200,20,17,1,25,200
0,200,30,0,0,0,3,10,5,4,0,0,0,0,200,200,200,18,200,0,200,200
0,200,30,0,0,0,3,10,5,4,0,0,0,0,200,200,200,18,200,0,200,200
0,200,30,0,0,0,3,12,5,2,0,0,0,0,200,200,1,0,200,1,200,200
0,200,30,0,0,0,3,12,5,2,0,0,0,0,200,200,1,0,200,1,24,200
0,200,30,2,2,0,1,10,5,2,0,0,0,0,1,200,200,0,0,1,45,200
0,200,30,2,2,0,1,10,5,2,0,0,0,0,1,200,200,0,0,0,40,200
1,200,30,2,2,0,1,10,5,2,0,0,0,0,1,200,200,0,0,1,200,200
0,200,30,0,0,0,1,7,5,2,0,0,0,0,200,200,200,0,200,0,200,200
1,200,30,0,0,0,1,7,5,2,0,0,0,0,200,200,200,0,200,0,200,200
0,0,30,2,0,0,1,10,6,200,0,0,0,0,200,200,200,20,10,1,72,200
0,0,30,2,0,0,1,10,6,200,0,0,0,0,200,200,200,20,10,1,45,200
1,0,30,2,0,0,1,10,6,200,0,0,0,0,200,200,200,20,10,0,200,200
0,200,30,0,0,0,1,7,6,200,0,0,0,0,200,200,1,0,0,2,200,200
0,200,25,0,12,0,1,7,2,2,0,0,0,0,200,200,200,200,200,0,39,200
0,200,30,1,2,0,1,10,2,4,0,0,0,0,200,200,200,0,0,1,16,200
0,200,30,1,2,0,1,10,2,4,0,0,0,0,200,200,200,0,0,0,28,200
0,200,20,2,0,0,3,7,5,2,2,0,0,0,200,200,1,16,200,2,200,200
0,200,35,1,2,0,1,10,5,200,0,0,0,0,200,200,200,18,200,1,31,200
0,200,35,1,2,0,1,10,5,200,0,0,0,0,200,200,200,18,200,1,53,200
1,200,35,1,2,0,1,10,5,200,0,0,0,0,200,200,200,18,200,0,9,200
0,200,30,1,2,0,0,14,5,200,0,0,0,0,200,200,1,0,0,2,200,200
0,200,30,1,2,0,0,14,5,200,0,0,0,0,200,200,1,0,0,1,39,200
0,200,35,0,0,0,1,10,5,200,0,0,0,0,200,200,1,0,0,0,200,200
0,200,35,0,0,0,1,10,5,200,0,0,0,0,200,200,1,0,0,0,45,200
0,200,30,200,200,0,200,10,5,200,0,200,200,0,200,200,1,0,200,0,200,200
0,200,30,200,200,0,200,10,5,200,0,200,200,0,200,200,1,0,200,0,38,200
0,200,30,200,200,0,200,10,5,200,0,200,200,0,200,200,1,0,200,0,48,200
0,200,30,200,200,0,200,10,5,200,0,200,200,0,200,200,1,0,200,2,200,200
0,200,30,2,2,0,1,0,2,2,0,0,0,1,1,200,200,17,200,1,21,200
0,200,30,2,2,0,1,0,2,2,0,0,0,1,1,200,200,17,200,1,51,200
0,200,30,1,2,0,1,14,5,4,0,0,0,0,1,200,200,17,17,1,19,200
0,200,30,1,2,0,1,14,5,4,0,0,0,0,1,200,200,17,17,0,48,200
1,200,30,1,2,0,1,14,5,4,0,0,0,0,1,200,200,17,17,200,200,200
1,200,30,1,2,0,1,14,5,4,0,0,0,0,1,200,200,17,17,200,200,200
0,200,30,0,0,0,1,12,6,2,2,0,0,0,200,200,1,22,200,2,200,200
0,200,30,0,0,0,1,12,6,2,2,0,0,0,200,200,1,22,200,0,36,200
0,200,10,0,0,0,1,7,7,200,0,0,200,0,200,1,200,0,200,0,42,200
1,200,10,0,0,0,1,7,7,200,0,0,200,0,200,1,200,0,200,1,200,200
1,200,10,0,0,0,1,7,7,200,0,0,200,0,200,1,200,0,200,0,200,200
0,200,30,1,2,0,1,14,5,4,0,0,0,1,1,200,1,11,3,0,200,200
0,200,30,1,2,0,1,14,5,4,0,0,0,1,1,200,1,11,3,1,31,200
1,200,30,1,2,0,1,14,5,4,0,0,0,1,1,200,1,11,3,1,14,200
1,200,30,1,2,0,1,14,5,4,0,0,0,1,1,200,1,11,3,1,21,200
1,200,30,1,2,0,1,14,5,4,0,0,0,1,1,200,1,11,3,0,200,200
1,200,30,1,2,0,1,14,5,4,0,0,0,1,1,200,1,11,3,0,200,200
1,200,30,1,2,0,1,14,5,4,0,0,0,1,1,200,1,11,3,1,23,200
1,200,30,1,2,0,1,14,5,4,0,0,0,1,1,200,1,11,3,1,5,200
0,200,20,0,0,0,1,12,2,200,0,0,0,0,200,200,200,22,22,0,28,200
0,200,20,0,0,0,1,12,2,200,0,0,0,0,200,200,200,22,22,0,26,200
0,200,30,0,0,0,1,12,6,3,0,0,200,0,200,200,200,16,17,1,36,200
0,200,30,0,0,0,1,12,6,3,0,0,200,0,200,200,200,16,17,1,25,200
1,200,30,0,0,0,1,12,6,3,0,0,200,0,200,200,200,16,17,1,2,200
0,200,30,1,2,0,1,0,2,2,0,0,200,1,1,200,200,0,200,0,50,200
0,200,30,1,2,0,1,0,2,2,0,0,200,1,1,200,200,0,200,1,50,200
0,200,30,0,0,0,1,14,5,200,0,0,0,1,1,200,200,22,200,0,27,200