PERSON_TYPE,CRASH_DATE_EST_I,POSTED_SPEED_LIMIT,TRAFFIC_CONTROL_DEVICE,DEVICE_CONDITION,WEATHER_CONDITION,LIGHTING_CONDITION,FIRST_CRASH_TYPE,TRAFFICWAY_TYPE,LANE_CNT,ALIGNMENT,ROADWAY_SURFACE_COND,ROAD_DEFECT,CRASH_TYPE,INTERSECTION_RELATED_I,NOT_RIGHT_OF_WAY_I,HIT_AND_RUN_I,PRIM_CONTRIBUTORY_CAUSE,SEC_CONTRIBUTORY_CAUSE,SEX,AGE,BAC_RESULT VALUE
0,200,30,0,0,0,1,14,5,200,0,0,0,1,1,200,200,22,200,0,67,200
1,200,30,0,0,0,1,14,5,200,0,0,0,1,1,200,200,22,200,200,200,200
0,1,25,0,0,200,200,7,6,1,0,200,0,0,200,200,1,0,200,2,200,200
0,200,30,1,2,0,0,10,5,200,3,0,200,0,200,200,200,18,0,0,39,200
0,200,30,1,2,0,0,10,5,200,3,0,200,0,200,200,200,18,0,0,47,200
0,200,30,1,2,0,0,10,5,200,3,0,200,0,200,200,200,18,0,1,42,200
0,200,30,0,0,0,1,7,2,4,2,0,0,0,200,200,1,16,200,2,200,200
0,200,30,0,0,0,1,10,5,200,0,0,0,0,200,200,200,200,200,0,65,200
0,200,30,0,0,0,1,10,5,200,0,0,0,0,200,200,200,200,200,0,20,200
1,200,30,0,0,0,1,10,5,200,0,0,0,0,200,200,200,200,200,0,200,200
1,200,30,0,0,0,1,10,5,200,0,0,0,0,200,200,200,200,200,1,200,200
1,200,30,0,0,0,1,10,5,200,0,0,0,0,200,200,200,200,200,1,200,200
0,200,30,0,0,0,1,10,5,200,0,0,0,0,200,200,200,18,16,0,36,200
0,200,30,0,0,0,1,10,5,200,0,0,0,0,200,200,200,18,16,1,22,200
1,200,30,0,0,0,1,10,5,200,0,0,0,0,200,200,200,18,16,1,200,200
0,200,30,0,0,0,4,7,7,1,0,0,0,0,200,1,1,0,200,2,200,200
0,200,30,0,0,0,1,10,2,200,0,0,0,0,200,200,200,16,0,1,48,200
0,200,30,0,0,0,1,10,2,200,0,0,0,0,200,200,200,16,0,1,45,200
0,200,40,0,0,0,1,10,3,9,4,0,0,1,200,200,200,0,0,1,45,200
0,200,40,0,0,0,1,10,3,9,4,0,0,1,200,200,200,0,0,0,23,200
1,200,40,0,0,0,1,10,3,9,4,0,0,1,200,200,200,0,0,0,20,200
1,200,40,0,0,0,1,10,3,9,4,0,0,1,200,200,200,0,0,1,18,200
0,200,35,0,0,0,1,12,2,200,0,0,0,0,200,200,1,21,21,0,200,200
0,200,35,0,0,0,1,12,2,200,0,0,0,0,200,200,1,21,21,1,35,200
0,200,40,1,2,0,1,10,3,200,0,0,0,0,200,200,200,0,0,1,200,200
0,200,40,1,2,0,1,10,3,200,0,0,0,0,200,200,200,0,0,0,200,200
0,200,5,200,200,200,200,10,7,200,0,200,200,0,200,200,200,0,0,0,200,200
0,200,5,200,200,200,200,10,7,200,0,200,200,0,200,200,200,0,0,0,31,200
0,200,25,1,2,0,1,9,5,2,0,0,0,1,1,200,200,17,200,0,75,200
5,200,25,1,2,0,1,9,5,2,0,0,0,1,1,200,200,17,200,1,47,200
0,200,30,200,200,0,1,12,6,200,0,0,200,0,200,200,200,0,200,0,30,200
0,200,30,200,200,0,1,12,6,200,0,0,200,0,200,200,200,0,200,0,59,200
0,200,30,1,2,0,1,10,2,2,0,0,200,0,1,200,200,18,0,0,34,200
0,200,30,1,2,0,1,10,2,2,0,0,200,0,1,200,200,18,0,1,29,200
0,200,30,0,0,0,1,14,5,6,0,0,0,0,200,200,1,0,0,0,200,200
0,200,30,0,0,0,1,14,5,6,0,0,0,0,200,200,1,0,0,1,37,200
0,200,15,0,0,0,1,2,0,1,0,0,0,0,200,200,200,0,0,1,24,200
0,200,30,0,0,0,1,7,5,200,0,0,0,0,200,200,200,0,0,0,200,200
0,200,30,200,200,200,200,7,5,200,0,200,200,0,200,200,1,0,200,2,200,200
0,200,30,1,2,0,1,0,5,2,0,0,0,1,1,200,200,6,200,1,36,200
0,200,30,1,2,0,1,0,5,2,0,0,0,1,1,200,200,6,200,1,18,200
1,200,30,1,2,0,1,0,5,2,0,0,0,1,1,200,200,6,200,1,40,200
0,200,40,1,2,0,1,11,3,200,0,0,0,1,200,200,1,0,200,2,200,200
0,200,40,1,2,0,1,11,3,200,0,0,0,1,200,200,1,0,200,0,30,200
1,200,40,1,2,0,1,11,3,200,0,0,0,1,200,200,1,0,200,0,15,200
1,200,40,1,2,0,1,11,3,200,0,0,0,1,200,200,1,0,200,0,15,200
1,200,40,1,2,0,1,11,3,200,0,0,0,1,200,200,1,0,200,1,7,200
0,200,30,2,2,0,1,9,5,2,0,0,0,0,200,200,200,17,0,1,21,200
5,200,30,2,2,0,1,9,5,2,0,0,0,0,200,200,200,17,0,0,200,200
0,1,30,0,0,200,200,7,6,1,0,200,0,0,200,200,1,0,0,2,200,200
0,200,30,0,0,0,1,7,5,1,0,0,0,1,200,200,200,200,200,1,65,200
0,200,30,2,2,0,1,14,5,2,0,0,0,1,200,200,1,21,25,0,200,200
0,200,30,2,2,0,1,14,5,2,0,0,0,1,200,200,1,21,25,1,19,200
0,200,30,0,0,0,0,12,6,200,0,0,0,0,200,200,200,22,200,0,35,200
0,200,30,0,0,0,0,12,6,200,0,0,0,0,200,200,200,22,200,0,19,200
0,200,30,0,0,0,1,5,2,4,0,0,0,0,200,200,200,200,200,0,47,200
0,200,30,1,2,0,1,12,5,2,0,0,0,0,200,200,200,0,0,1,200,200
0,200,30,1,2,0,1,12,5,2,0,0,0,0,200,200,200,0,0,0,200,200
1,200,30,1,2,0,1,12,5,2,0,0,0,0,200,200,200,0,0,1,200,200
1,200,30,1,2,0,1,12,5,2,0,0,0,0,200,200,200,0,0,0,200,200
1,200,30,1,2,0,1,12,5,2,0,0,0,0,200,200,200,0,0,0,200,200
1,200,30,1,2,0,1,12,5,2,0,0,0,0,200,200,200,0,0,1,200,200
0,200,30,200,200,0,1,0,5,200,0,0,200,1,200,200,200,0,200,0,53,200
0,200,30,200,200,0,1,0,5,200,0,0,200,1,200,200,200,0,200,0,40,200
0,200,30,0,0,1,1,12,5,2,0,200,200,0,200,200,1,18,16,0,200,200
0,200,30,0,0,1,1,12,5,2,0,200,200,0,200,200,1,18,16,1,20,200
0,200,35,0,0,0,1,12,2,2,0,0,0,1,200,200,200,17,200,0,18,200
0,200,35,0,0,0,1,12,2,2,0,0,0,1,200,200,200,17,200,0,27,200
0,200,30,1,2,0,1,12,5,2,0,0,0,0,1,200,200,21,200,1,200,200
0,200,30,1,2,0,1,12,5,2,0,0,0,0,1,200,200,21,200,0,200,200
1,200,30,1,2,0,1,12,5,2,0,0,0,0,1,200,200,21,200,0,200,200
1,200,30,1,2,0,1,12,5,2,0,0,0,0,1,200,200,21,200,1,200,200
1,200,30,1,2,0,1,12,5,2,0,0,0,0,1,200,200,21,200,0,200,200
0,200,30,2,0,0,1,7,6,1,0,0,0,1,200,200,200,16,11,0,22,200
1,200,30,2,0,0,1,7,6,1,0,0,0,1,200,200,200,16,11,0,200,200
0,200,30,0,0,0,1,7,6,2,0,0,0,0,200,200,200,7,0,1,52,200
0,200,30,0,0,0,1,7,5,2,0,200,200,0,200,200,1,0,0,2,200,200
0,200,30,1,2,0,1,10,5,200,0,0,0,0,200,200,1,0,200,0,57,200
0,200,30,1,2,0,1,10,5,200,0,0,0,0,200,200,1,0,200,0,29,200
0,200,35,200,200,0,1,7,2,2,0,200,200,1,200,200,200,200,200,0,56,200
0,1,25,0,0,0,1,11,5,2,0,0,0,0,200,200,1,0,200,0,200,200
0,1,25,0,0,0,1,11,5,2,0,0,0,0,200,200,1,0,200,0,22,200
0,200,30,0,0,0,1,12,5,200,0,0,0,0,200,200,200,22,16,1,71,200
0,200,30,0,0,0,1,12,5,200,0,0,0,0,200,200,200,22,16,0,54,200
1,200,30,0,0,0,1,12,5,200,0,0,0,0,200,200,200,22,16,0,200,200
1,200,30,0,0,0,1,12,5,200,0,0,0,0,200,200,200,22,16,1,200,200
0,200,30,1,2,0,1,10,5,200,0,0,0,0,200,200,200,18,0,0,30,200
0,200,30,1,2,0,1,10,5,200,0,0,0,0,200,200,200,18,0,1,200,200
0,200,40,0,0,2,1,2,3,4,3,1,0,1,200,200,200,34,12,0,31,200
0,200,35,0,0,0,1,14,2,200,0,0,0,0,200,200,1,23,23,1,200,200
0,200,35,0,0,0,1,14,2,200,0,0,0,0,200,200,1,23,23,1,31,200
0,1,30,1,2,0,3,10,5,200,0,0,0,0,200,200,200,20,200,0,20,200
0,1,30,1,2,0,3,10,5,200,0,0,0,0,200,200,200,20,200,1,74,200
0,200,30,1,2,0,1,14,3,6,0,0,0,1,1,200,200,17,0,1,0,200
0,200,30,1,2,0,1,14,3,6,0,0,0,1,1,200,200,17,0,1,28,200
1,200,30,1,2,0,1,14,3,6,0,0,0,1,1,200,200,17,0,1,16,200
1,200,30,1,2,0,1,14,3,6,0,0,0,1,1,200,200,17,0,0,9,200
1,200,30,1,2,0,1,14,3,6,0,0,0,1,1,200,200,17,0,0,13,200
1,200,30,1,2,0,1,14,3,6,0,0,0,1,1,200,200,17,0,200,28,200
0,200,30,1,2,0,1,10,5,4,0,0,0,0,200,200,200,16,200,1,25,200
0,200,30,1,2,0,1,10,5,4,0,0,0,0,200,200,200,16,200,1,53,200
1,200,30,1,2,0,1,10,5,4,0,0,0,0,200,200,200,16,200,200,200,200
0,200,30,1,2,0,1,0,5,4,0,0,0,1,1,200,200,0,0,1,24,200
0,200,30,1,2,0,1,0,5,4,0,0,0,1,1,200,200,0,0,1,57,200
0,200,30,1,2,0,1,10,5,2,0,0,0,0,200,200,200,18,200,1,71,200
0,200,30,1,2,0,1,10,5,2,0,0,0,0,200,200,200,18,200,0,22,200
0,200,30,1,2,0,1,14,5,200,0,0,0,0,1,200,200,200,200,0,200,200
0,200,30,1,2,0,1,14,5,200,0,0,0,0,1,200,200,200,200,1,54,200
0,200,30,0,0,2,1,14,5,2,0,1,0,0,200,200,200,17,200,0,44,200
0,200,30,0,0,2,1,14,5,2,0,1,0,0,200,200,200,17,200,1,25,200
1,200,30,0,0,2,1,14,5,2,0,1,0,0,200,200,200,17,200,0,200,200
0,200,30,0,0,0,1,10,5,200,0,0,0,1,200,200,200,0,0,0,76,200
0,200,30,0,0,0,1,10,5,200,0,0,0,1,200,200,200,0,0,0,67,200
1,200,30,0,0,0,1,10,5,200,0,0,0,1,200,200,200,0,0,0,60,200
0,200,30,200,0,0,1,10,5,2,0,0,0,0,200,200,200,4,0,0,26,200
0,200,30,200,0,0,1,10,5,2,0,0,0,0,200,200,200,4,0,1,52,200
1,200,30,200,0,0,1,10,5,2,0,0,0,0,200,200,200,4,0,0,17,200
0,200,30,0,0,0,1,10,5,200,0,0,0,0,200,200,200,18,18,1,38,200
0,200,30,0,0,0,1,10,5,200,0,0,0,0,200,200,200,18,18,0,55,200
0,200,10,0,0,0,1,7,7,200,0,0,200,0,200,200,200,0,200,1,200,200
0,200,30,0,0,0,1,12,6,1,0,0,0,0,200,200,0,11,22,0,20,200
0,200,30,0,0,0,1,12,6,1,0,0,0,0,200,200,0,11,22,0,28,200
0,200,30,0,0,0,1,12,6,1,0,0,0,0,200,200,0,11,22,0,200,200
0,200,30,1,2,0,1,10,2,6,0,0,0,0,1,200,1,18,11,2,200,200
0,200,30,1,2,0,1,10,2,6,0,0,0,0,1,200,1,18,11,0,27,200
0,200,30,1,2,0,1,10,2,6,0,0,0,0,1,200,1,18,11,0,18,200
0,200,30,0,0,0,0,7,6,200,0,0,0,0,200,200,1,0,200,2,200,200
0,200,20,0,0,0,1,7,6,1,0,0,0,1,200,200,1,0,200,0,200,200
1,200,20,0,0,0,1,7,6,1,0,0,0,1,200,200,1,0,200,200,200,200
5,200,30,0,0,0,1,9,5,200,0,0,0,1,200,200,200,200,17,0,19,200
0,200,30,0,0,0,1,9,5,200,0,0,0,1,200,200,200,200,17,1,54,200
1,200,30,0,0,0,1,9,5,200,0,0,0,1,200,200,200,200,17,1,22,200
0,200,30,1,2,0,1,14,6,2,0,0,0,0,200,200,200,23,0,1,200,200
0,200,30,1,2,0,1,14,6,2,0,0,0,0,200,200,200,23,0,0,200,200
0,200,30,1,2,0,1,10,5,2,0,0,0,0,200,200,200,18,11,1,19,200
0,200,30,1,2,0,1,10,5,2,0,0,0,0,200,200,200,18,11,0,67,200
0,200,25,2,2,0,1,7,6,1,0,0,0,0,200,200,1,15,16,0,31,200
0,200,30,2,0,2,1,14,2,2,0,1,0,0,0,200,200,17,200,0,39,200
0,200,30,2,0,2,1,14,2,2,0,1,0,0,0,200,200,17,200,0,62,200
0,200,30,0,0,0,1,14,2,2,0,0,0,0,200,200,200,22,21,0,50,200
0,200,30,0,0,0,1,14,2,2,0,0,0,0,200,200,200,22,21,0,33,200
0,200,30,0,0,0,1,10,2,200,0,0,0,0,0,200,1,18,16,0,200,200
0,200,30,0,0,0,1,10,2,200,0,0,0,0,0,200,1,18,16,1,24,200
0,200,25,0,0,0,1,7,6,1,0,200,0,0,200,200,1,0,0,2,200,200
0,200,30,0,0,0,4,12,5,200,0,0,0,0,200,200,200,22,16,0,16,200
0,200,30,0,0,0,4,12,5,200,0,0,0,0,200,200,200,22,16,1,21,200
1,200,30,0,0,0,4,12,5,200,0,0,0,0,200,200,200,22,16,1,200,200
0,200,30,0,0,0,1,14,5,4,0,0,0,1,200,200,200,0,0,1,52,200
0,200,30,0,0,0,1,14,5,4,0,0,0,1,200,200,200,0,0,1,34,200
0,200,30,200,200,0,1,10,5,200,0,0,200,0,200,200,200,18,200,0,18,200
0,200,30,200,200,0,1,10,5,200,0,0,200,0,200,200,200,18,200,1,52,200
4,200,30,200,200,0,1,8,5,200,0,0,200,0,200,200,200,0,200,0,200,200
0,200,30,200,200,0,1,8,5,200,0,0,200,0,200,200,200,0,200,1,31,200
0,200,30,0,0,0,1,0,0,1,0,0,0,0,200,200,200,17,200,1,22,200
0,200,30,0,0,0,1,0,0,1,0,0,0,0,200,200,200,17,200,0,37,200
0,200,30,1,2,0,1,0,5,6,0,0,0,1,1,200,200,6,6,1,19,200
0,200,30,1,2,0,1,0,5,6,0,0,0,1,1,200,200,6,6,0,25,200
1,200,30,1,2,0,1,0,5,6,0,0,0,1,1,200,200,6,6,1,19,200
0,200,30,1,2,0,1,10,5,200,0,0,0,0,200,200,200,18,200,0,57,200
0,200,30,1,2,0,1,10,5,200,0,0,0,0,200,200,200,18,200,0,37,200
0,200,30,0,0,0,4,2,5,2,0,0,0,1,200,200,200,0,0,0,62,200
0,200,30,0,0,0,1,7,6,1,0,0,0,0,200,200,1,0,200,0,200,200
0,200,30,1,2,0,4,0,2,2,0,0,0,1,1,200,200,6,0,1,18,200
0,200,30,1,2,0,4,0,2,2,0,0,0,1,1,200,200,6,0,1,41,200
0,200,30,1,2,0,4,0,2,2,0,0,0,1,1,200,200,6,0,1,34,200
1,200,30,1,2,0,4,0,2,2,0,0,0,1,1,200,200,6,0,1,18,200
1,200,30,1,2,0,4,0,2,2,0,0,0,1,1,200,200,6,0,0,20,200
0,200,30,1,2,0,2,14,1,3,0,0,0,1,1,200,200,17,200,0,26,200
0,200,30,1,2,0,2,14,1,3,0,0,0,1,1,200,200,17,200,1,31,200
1,200,30,1,2,0,2,14,1,3,0,0,0,1,1,200,200,17,200,1,24,200
1,200,30,1,2,0,2,14,1,3,0,0,0,1,1,200,200,17,200,0,21,200
0,200,20,0,0,0,1,7,6,1,0,0,0,0,200,200,1,200,200,2,200,200
0,200,30,0,0,0,1,7,3,200,0,0,0,0,200,200,200,200,200,0,25,200
0,200,30,0,0,0,1,7,3,200,0,0,0,0,200,200,200,200,200,1,26,200
1,200,30,0,0,0,1,7,3,200,0,0,0,0,200,200,200,200,200,0,36,200
1,200,30,0,0,0,1,7,3,200,0,0,0,0,200,200,200,200,200,1,6,200
0,200,30,0,0,0,1,14,5,2,0,0,0,0,200,200,200,11,0,0,200,200
0,200,30,0,0,0,1,14,5,2,0,0,0,0,200,200,200,11,0,0,55,200
0,200,30,2,2,0,1,10,5,2,0,0,0,0,1,200,1,18,200,1,200,200
0,200,30,2,2,0,1,10,5,2,0,0,0,0,1,200,1,18,200,0,48,200
4,200,30,1,2,0,1,8,5,2,0,0,0,0,1,200,200,22,200,0,200,200
0,200,30,1,2,0,1,8,5,2,0,0,0,0,1,200,200,22,200,0,23,200
1,200,30,1,2,0,1,8,5,2,0,0,0,0,1,200,200,22,200,0,200,200
0,1,30,0,0,0,1,12,5,200,0,0,0,0,200,200,200,17,200,1,44,200
0,1,30,0,0,0,1,12,5,200,0,0,0,0,200,200,200,17,200,1,49,200
1,0,5,0,0,200,200,7,7,200,0,200,200,0,200,200,200,0,0,1,200,200
0,200,0,0,0,0,4,7,7,0,0,0,0,0,200,200,200,11,11,0,42,200
0,200,30,0,0,0,1,14,2,200,0,0,0,0,200,200,200,8,16,0,44,200
0,200,30,0,0,0,1,14,2,200,0,0,0,0,200,200,200,8,16,0,42,200
0,200,30,0,0,0,4,7,5,2,0,0,0,1,200,200,200,16,200,1,69,200
0,200,30,0,0,0,1,12,6,200,0,0,200,0,200,200,1,22,200,0,200,200
0,200,30,0,0,0,1,12,6,200,0,0,200,0,200,200,1,22,200,1,22,200
1,200,30,0,0,0,1,12,6,200,0,0,200,0,200,200,1,22,200,1,1,200
0,200,30,0,0,0,3,0,5,2,0,0,0,0,200,200,1,16,200,0,200,200
0,200,30,0,0,0,3,0,5,2,0,0,0,0,200,200,1,16,200,0,37,200
1,200,30,0,0,0,3,0,5,2,0,0,0,0,200,200,1,16,200,0,17,200
1,200,30,0,0,0,3,0,5,2,0,0,0,0,200,200,1,16,200,0,200,200
0,200,30,3,200,0,1,12,2,4,0,0,0,0,200,200,200,22,0,1,28,200
0,200,30,3,200,0,1,12,2,4,0,0,0,0,200,200,200,22,0,1,36,200
4,200,30,1,200,0,4,8,5,4,0,0,200,1,1,200,200,6,200,0,57,200
0,200,30,1,200,0,4,8,5,4,0,0,200,1,1,200,200,6,200,1,46,200
0,200,30,1,2,0,1,14,2,200,0,0,0,1,1,200,1,6,200,0,200,200
0,200,30,1,2,0,1,14,2,200,0,0,0,1,1,200,1,6,200,0,30,200
0,200,30,0,0,0,3,0,2,200,0,0,0,0,200,200,200,33,0,0,18,200
0,200,30,0,0,0,3,0,2,200,0,0,0,0,200,200,200,33,0,0,23,200
0,200,30,1,2,0,3,7,5,4,0,0,0,1,200,200,1,0,0,0,29,200
0,200,25,0,0,0,0,10,5,2,1,0,200,0,200,200,1,18,16,2,200,200
0,200,25,0,0,0,0,10,5,2,1,0,200,0,200,200,1,18,16,1,29,200
0,200,30,1,200,200,200,10,5,2,0,200,200,0,200,200,200,0,0,1,20,200
0,200,30,1,200,200,200,10,5,2,0,200,200,0,200,200,200,0,0,1,42,200
1,200,30,1,200,200,200,10,5,2,0,200,200,0,200,200,200,0,0,2,200,200
0,200,45,0,0,0,3,12,3,200,0,0,0,0,200,200,200,0,200,1,17,200
0,200,45,0,0,0,3,12,3,200,0,0,0,0,200,200,200,0,200,1,26,200
0,200,30,1,2,0,1,10,5,2,0,0,0,0,200,200,200,18,18,1,19,200
0,200,30,1,2,0,1,10,5,2,0,0,0,0,200,200,200,18,18,1,51,200
1,200,30,1,2,0,1,10,5,2,0,0,0,0,200,200,200,18,18,0,37,200
0,200,30,200,200,0,3,3,5,200,0,0,200,0,200,200,1,25,16,1,200,200
0,200,30,200,200,0,3,3,5,200,0,0,200,0,200,200,1,25,16,1,41,200
0,200,30,0,0,0,3,7,5,2,0,0,200,0,200,200,200,20,20,0,29,200
0,200,30,0,0,2,3,9,2,4,0,1,200,1,200,200,1,14,15,2,200,200
5,200,30,0,0,2,3,9,2,4,0,1,200,1,200,200,1,14,15,0,64,200
0,200,25,0,0,0,3,12,2,200,0,0,0,0,200,200,200,21,21,0,28,200
0,200,25,0,0,0,3,12,2,200,0,0,0,0,200,200,200,21,21,0,61,200
1,200,25,0,0,0,3,12,2,200,0,0,0,0,200,200,200,21,21,0,30,200
0,200,30,1,2,0,3,14,1,200,0,0,0,0,1,200,200,6,0,0,34,200
0,200,30,1,2,0,3,14,1,200,0,0,0,0,1,200,200,6,0,0,23,200
0,200,30,2,2,0,3,10,5,200,0,0,0,1,1,200,200,16,0,1,32,200
0,200,30,2,2,0,3,10,5,200,0,0,0,1,1,200,200,16,0,1,31,200
1,200,30,2,2,0,3,10,5,200,0,0,0,1,1,200,200,16,0,0,30,200
0,200,30,2,2,2,3,14,2,2,0,1,0,1,1,200,200,17,200,1,35,200
0,200,30,2,2,2,3,14,2,2,0,1,0,1,1,200,200,17,200,0,37,200
0,200,30,1,2,0,3,10,2,2,0,0,0,1,200,200,200,16,200,0,23,200
0,200,30,1,2,0,3,10,2,2,0,0,0,1,200,200,200,16,200,1,45,200
0,200,30,1,2,0,3,10,3,200,1,0,0,0,200,200,1,20,0,0,200,200
0,200,30,1,2,0,3,10,3,200,1,0,0,0,200,200,1,20,0,0,38,200
1,200,30,1,2,0,3,10,3,200,1,0,0,0,200,200,1,20,0,1,33,200
0,200,30,0,0,0,0,0,5,2,0,0,0,0,1,200,200,0,17,0,29,200
0,200,30,0,0,0,0,0,5,2,0,0,0,0,1,200,200,0,17,0,28,200
1,200,30,0,0,0,0,0,5,2,0,0,0,0,1,200,200,0,17,0,200,200
0,200,30,1,2,0,3,10,2,200,0,0,0,0,200,200,1,0,0,0,200,200
0,200,30,1,2,0,3,10,2,200,0,0,0,0,200,200,1,0,0,1,46,200
0,200,15,0,0,0,200,11,7,200,0,0,200,0,200,200,200,20,17,0,26,200
0,200,15,0,0,0,200,11,7,200,0,0,200,0,200,200,200,20,17,0,26,200
1,200,15,0,0,0,200,11,7,200,0,0,200,0,200,200,200,20,17,0,200,200
0,200,30,0,0,0,200,7,0,200,0,0,200,0,200,200,1,16,0,1,200,200
1,200,30,0,0,0,200,7,0,200,0,0,200,0,200,200,1,16,0,0,200,200
1,200,30,0,0,0,200,7,0,200,0,0,200,0,200,200,1,16,0,1,28,200
0,200,30,0,0,0,1,12,6,200,0,0,0,0,200,200,200,17,200,0,35,200
0,200,30,0,0,0,1,12,6,200,0,0,0,0,200,200,200,17,200,0,22,200
1,200,30,0,0,0,1,12,6,200,0,0,0,0,200,200,200,17,200,1,21,200
1,200,30,0,0,0,1,12,6,200,0,0,0,0,200,200,200,17,200,1,200,200
0,200,30,0,0,0,3,12,5,200,0,0,0,1,200,200,1,0,0,1,200,200
0,200,30,0,0,0,3,12,5,200,0,0,0,1,200,200,1,0,0,0,46,200
0,200,30,0,0,0,3,12,5,200,0,0,0,1,200,200,1,0,0,0,30,200
1,200,30,0,0,0,3,12,5,200,0,0,0,1,200,200,1,0,0,1,200,200
0,200,30,0,0,0,1,10,2,2,0,0,0,0,200,200,200,18,0,1,50,200
0,200,30,0,0,0,1,10,2,2,0,0,0,0,200,200,200,18,0,2,200,200
0,200,30,0,0,0,3,2,2,4,0,0,0,1,200,200,200,27,0,0,36,200
0,200,30,0,0,0,3,2,6,1,0,0,0,1,200,1,0,0,0,0,52,200
0,200,30,0,0,2,3,7,6,200,0,1,0,1,200,200,1,0,200,2,200,200
0,200,30,0,0,2,3,7,5,2,0,1,0,0,200,200,200,34,11,0,36,200
1,200,30,0,0,2,3,7,5,2,0,1,0,0,200,200,200,34,11,0,27,200
1,200,30,0,0,2,3,7,5,2,0,1,0,0,200,200,200,34,11,1,22,200
1,200,30,0,0,2,3,7,5,2,0,1,0,0,200,200,200,34,11,0,200,200
0,1,30,0,0,0,3,7,5,2,0,0,0,0,200,200,1,0,0,2,200,200
0,200,30,1,2,0,3,10,5,200,0,0,0,0,1,200,200,18,16,0,200,200
0,200,30,1,2,0,3,10,5,200,0,0,0,0,1,200,200,18,16,1,22,200
0,200,30,0,0,0,3,12,2,2,0,0,3,0,200,200,200,17,200,0,29,200
0,200,30,0,0,0,3,12,2,2,0,0,3,0,200,200,200,17,200,0,23,200
0,200,30,0,0,1,3,14,2,4,3,0,3,0,200,200,200,18,11,0,48,200
0,200,30,0,0,1,3,14,2,4,3,0,3,0,200,200,200,18,11,0,54,200
1,200,30,0,0,1,3,14,2,4,3,0,3,0,200,200,200,18,11,200,200,200
0,200,20,0,0,0,3,7,6,200,0,0,0,0,200,200,200,200,200,0,200,200
0,200,30,0,0,0,0,12,6,3,0,0,0,1,1,200,200,17,17,1,54,200
0,200,30,0,0,0,0,12,6,3,0,0,0,1,1,200,200,17,17,0,30,200
0,200,30,0,200,0,3,7,6,1,0,0,0,0,200,200,200,4,200,0,200,200
0,200,30,0,0,0,3,12,5,2,0,0,0,0,200,200,1,20,0,1,200,200
0,200,30,0,0,0,3,12,5,2,0,0,0,0,200,200,1,20,0,1,42,200
0,200,30,0,200,0,3,9,5,4,0,200,200,1,200,200,200,0,0,1,25,200
5,200,30,0,200,0,3,9,5,4,0,200,200,1,200,200,200,0,0,0,200,200
0,200,25,0,0,0,3,7,5,200,0,0,0,0,200,200,1,22,200,0,200,200
0,200,25,0,0,0,3,7,2,2,0,0,0,1,200,200,200,0,200,0,56,200
0,200,30,0,0,1,3,7,1,200,0,0,0,0,200,200,1,20,20,2,200,200
0,200,30,1,2,0,3,14,5,200,0,0,0,1,1,200,200,17,23,1,24,200
0,200,30,1,2,0,3,14,5,200,0,0,0,1,1,200,200,17,23,1,23,200
0,200,40,0,0,0,3,10,3,4,0,0,0,1,200,200,200,12,200,1,20,200
0,200,40,0,0,0,3,10,3,4,0,0,0,1,200,200,200,12,200,0,28,200
0,200,30,0,12,0,3,9,5,2,0,0,0,1,200,200,200,0,0,1,29,200
5,200,30,0,12,0,3,9,5,2,0,0,0,1,200,200,200,0,0,1,36,200
0,200,35,0,0,0,0,7,0,2,0,0,0,0,200,200,1,0,200,0,200,200
0,0,15,0,0,0,3,7,6,1,0,0,0,0,200,200,1,0,200,2,200,200
0,200,30,200,200,0,3,10,5,200,0,0,0,0,200,200,1,0,0,0,200,200
0,200,30,200,200,0,3,10,5,200,0,0,0,0,200,200,1,0,0,1,42,200
0,200,30,1,2,0,3,7,2,2,0,0,0,1,200,200,200,200,200,0,50,200
0,200,30,0,0,0,3,7,5,4,0,0,0,1,200,200,1,0,27,0,20,200
0,200,30,0,0,6,2,10,5,4,0,1,0,0,200,200,200,0,0,0,56,200
0,200,30,0,0,6,2,10,5,4,0,1,0,0,200,200,200,0,0,0,51,200
0,1,30,0,12,0,3,7,6,1,0,0,200,0,200,200,1,0,200,2,200,200
0,200,30,1,2,0,1,3,12,200,0,0,0,1,200,200,1,0,0,2,200,200
0,200,30,1,2,0,1,3,12,200,0,0,0,1,200,200,1,0,0,0,45,200
0,200,20,0,0,0,1,12,6,200,0,0,0,0,200,200,200,17,11,0,56,200
0,200,20,0,0,0,1,12,6,200,0,0,0,0,200,200,200,17,11,0,35,200
1,200,20,0,0,0,1,12,6,200,0,0,0,0,200,200,200,17,11,1,200,200
1,200,20,0,0,0,1,12,6,200,0,0,0,0,200,200,200,17,11,0,200,200
0,200,30,0,0,0,1,10,5,2,0,0,200,1,200,200,200,16,7,1,21,200
0,200,30,0,0,0,1,10,5,2,0,0,200,1,200,200,200,16,7,0,56,200
0,200,30,0,0,0,1,10,5,2,0,0,200,1,200,200,200,16,7,1,48,200
0,200,30,1,2,0,3,10,3,200,0,0,0,1,200,200,200,16,200,0,27,200