PERSON_TYPE,CRASH_DATE_EST_I,POSTED_SPEED_LIMIT,TRAFFIC_CONTROL_DEVICE,DEVICE_CONDITION,WEATHER_CONDITION,LIGHTING_CONDITION,FIRST_CRASH_TYPE,TRAFFICWAY_TYPE,LANE_CNT,ALIGNMENT,ROADWAY_SURFACE_COND,ROAD_DEFECT,CRASH_TYPE,INTERSECTION_RELATED_I,NOT_RIGHT_OF_WAY_I,HIT_AND_RUN_I,PRIM_CONTRIBUTORY_CAUSE,SEC_CONTRIBUTORY_CAUSE,SEX,AGE,BAC_RESULT VALUE
0,200,30,1,2,0,3,10,3,200,0,0,0,1,200,200,200,16,200,0,25,200
0,200,30,0,0,0,1,12,6,4,0,0,0,0,200,200,0,17,17,0,200,200
0,200,30,0,0,0,1,12,6,4,0,0,0,0,200,200,0,17,17,0,60,200
0,1,30,0,0,0,1,7,5,2,0,0,0,0,200,200,200,33,0,0,50,200
0,200,20,0,0,0,1,7,6,1,0,0,0,0,200,200,1,0,200,2,200,200
0,200,15,0,0,0,1,7,0,200,0,0,0,0,200,200,1,0,0,1,200,200
0,200,30,0,0,0,1,9,6,200,0,0,0,1,200,200,1,16,200,0,200,200
5,200,30,0,0,0,1,9,6,200,0,0,0,1,200,200,1,16,200,0,65,200
0,200,30,0,0,0,3,7,5,2,0,0,0,0,200,200,200,0,0,0,24,200
0,200,30,1,2,0,1,10,5,200,0,0,0,0,1,200,200,18,200,1,36,200
0,200,30,1,2,0,1,10,5,200,0,0,0,0,1,200,200,18,200,0,50,200
0,200,25,1,2,0,1,10,5,2,0,0,0,0,200,200,200,0,0,1,200,200
0,200,25,1,2,0,1,10,5,2,0,0,0,0,200,200,200,0,0,1,200,200
0,200,30,1,2,0,1,2,5,2,0,0,0,1,200,200,200,16,200,1,31,200
1,200,30,1,2,0,1,2,5,2,0,0,0,1,200,200,200,16,200,200,200,200
0,200,30,0,0,0,3,10,3,6,0,0,0,0,200,200,1,18,18,0,200,200
0,200,30,0,0,0,3,10,3,6,0,0,0,0,200,200,1,18,18,0,56,200
0,200,25,0,0,0,1,11,5,1,0,0,0,0,200,200,1,0,0,1,200,200
0,200,25,0,0,0,1,11,5,1,0,0,0,0,200,200,1,0,0,1,31,200
0,200,30,0,0,0,1,7,2,200,0,0,0,0,200,200,1,0,0,2,200,200
0,200,15,0,0,0,1,7,0,1,0,0,0,0,200,200,200,0,0,0,17,200
0,200,30,0,0,0,1,14,2,0,0,0,0,1,1,200,200,17,16,0,41,200
0,200,30,0,0,0,1,14,2,0,0,0,0,1,1,200,200,17,16,0,52,200
0,200,20,0,0,0,1,12,2,2,0,0,0,0,200,200,200,0,0,0,56,200
0,200,20,0,0,0,1,12,2,2,0,0,0,0,200,200,200,0,0,1,43,200
0,200,0,2,2,0,1,14,5,200,0,0,0,0,200,200,200,20,200,0,60,200
0,200,0,2,2,0,1,14,5,200,0,0,0,0,200,200,200,20,200,0,25,200
0,200,30,0,0,0,1,7,6,200,0,0,0,1,200,200,200,0,0,1,31,200
5,200,30,0,0,0,1,7,6,200,0,0,0,1,200,200,200,0,0,1,47,200
1,200,30,0,0,0,1,7,6,200,0,0,0,1,200,200,200,0,0,0,46,200
0,200,30,1,2,0,3,10,3,4,0,0,0,0,1,200,200,21,11,0,21,200
0,200,30,1,2,0,3,10,3,4,0,0,0,0,1,200,200,21,11,0,200,200
1,200,30,1,2,0,3,10,3,4,0,0,0,0,1,200,200,21,11,1,20,200
0,200,20,0,0,0,1,14,3,6,0,0,0,0,1,200,200,17,11,0,31,200
0,200,20,0,0,0,1,14,3,6,0,0,0,0,1,200,200,17,11,1,52,200
0,200,30,0,0,0,1,12,5,4,0,0,0,0,200,200,200,0,200,0,44,0.35
0,200,30,0,0,0,1,12,5,4,0,0,0,0,200,200,200,0,200,1,23,200
1,200,30,0,0,0,1,12,5,4,0,0,0,0,200,200,200,0,200,1,25,200
0,200,30,2,2,0,1,14,5,2,0,0,0,0,200,200,200,22,200,0,54,200
0,200,30,2,2,0,1,14,5,2,0,0,0,0,200,200,200,22,200,0,44,200
0,200,30,0,0,0,1,14,5,2,0,0,0,0,1,200,200,0,0,1,44,200
0,200,30,0,0,0,1,14,5,2,0,0,0,0,1,200,200,0,0,0,38,200
0,200,30,0,0,0,1,7,6,200,0,0,0,0,200,200,200,11,0,0,22,200
0,200,30,1,2,2,1,12,5,4,0,0,0,0,200,200,200,16,200,0,30,200
0,200,30,1,2,2,1,12,5,4,0,0,0,0,200,200,200,16,200,0,53,200
1,200,30,1,2,2,1,12,5,4,0,0,0,0,200,200,200,16,200,1,12,200
1,200,30,1,2,2,1,12,5,4,0,0,0,0,200,200,200,16,200,1,9,200
1,200,30,1,2,2,1,12,5,4,0,0,0,0,200,200,200,16,200,1,11,200
1,200,30,1,2,2,1,12,5,4,0,0,0,0,200,200,200,16,200,1,15,200
1,200,30,1,2,2,1,12,5,4,0,0,0,0,200,200,200,16,200,1,12,200
1,200,30,1,2,2,1,12,5,4,0,0,0,0,200,200,200,16,200,1,6,200
1,200,30,1,2,2,1,12,5,4,0,0,0,0,200,200,200,16,200,0,10,200
0,200,30,2,2,0,1,0,2,1,0,0,0,1,1,200,1,5,0,0,200,200
0,200,30,2,2,0,1,0,2,1,0,0,0,1,1,200,1,5,0,1,26,200
1,200,30,2,2,0,1,0,2,1,0,0,0,1,1,200,1,5,0,0,200,200
0,200,30,0,0,0,1,12,2,200,0,0,0,0,200,200,1,0,200,2,200,200
0,200,30,0,0,0,1,12,2,200,0,0,0,0,200,200,1,0,200,0,65,200
0,200,30,0,0,0,3,7,6,200,0,0,0,0,200,200,1,0,200,2,200,200
0,200,30,0,3,0,1,7,2,2,0,0,0,0,200,200,200,0,0,1,38,200
0,200,30,0,0,0,3,10,5,2,0,0,200,0,1,200,200,0,0,0,25,200
0,200,30,0,0,0,3,10,5,2,0,0,200,0,1,200,200,0,0,0,61,200
0,200,30,0,0,0,1,10,5,2,0,0,0,0,200,200,200,0,0,1,200,200
0,200,30,0,0,0,1,10,5,2,0,0,0,0,200,200,200,0,0,0,47,200
0,200,30,0,0,0,1,10,5,200,0,0,200,0,200,200,200,200,200,0,31,200
0,200,30,0,0,0,1,10,5,200,0,0,200,0,200,200,200,200,200,1,43,200
0,200,30,200,200,200,200,10,2,200,0,200,200,0,200,200,200,0,200,0,200,200
0,200,30,200,200,200,200,10,2,200,0,200,200,0,200,200,200,0,200,1,59,200
0,200,30,0,0,0,1,12,3,6,0,0,0,0,200,200,200,17,17,0,53,200
0,200,30,0,0,0,1,12,3,6,0,0,0,0,200,200,200,17,17,1,50,200
0,200,30,1,2,0,1,12,2,200,0,200,200,0,1,200,200,0,0,1,25,200
0,200,30,1,2,0,1,12,2,200,0,200,200,0,1,200,200,0,0,0,36,200
0,200,30,0,0,0,1,7,5,200,0,0,0,0,200,200,1,21,11,0,200,200
0,200,10,0,0,0,0,0,7,200,0,0,0,0,200,200,200,0,0,0,200,200
0,200,10,0,0,0,0,0,7,200,0,0,0,0,200,200,200,0,0,1,34,200
0,200,30,1,2,0,1,12,5,3,2,0,0,0,200,200,1,21,0,1,32,200
0,200,30,1,2,0,1,12,5,3,2,0,0,0,200,200,1,21,0,0,200,200
1,200,30,1,2,0,1,12,5,3,2,0,0,0,200,200,1,21,0,0,200,200
1,200,30,1,2,0,1,12,5,3,2,0,0,0,200,200,1,21,0,200,200,200
1,200,30,1,2,0,1,12,5,3,2,0,0,0,200,200,1,21,0,200,200,200
0,200,30,0,0,0,1,10,5,200,0,0,0,0,200,200,200,18,200,1,48,200
0,200,30,0,0,0,1,10,5,200,0,0,0,0,200,200,200,18,200,0,66,200
0,200,30,1,2,0,1,12,6,200,0,0,0,0,200,200,200,23,4,0,39,200
0,200,30,1,2,0,1,12,6,200,0,0,0,0,200,200,200,23,4,0,25,200
0,200,35,1,2,0,1,10,5,2,0,0,0,1,200,200,200,0,200,1,25,200
0,200,35,1,2,0,1,10,5,2,0,0,0,1,200,200,200,0,200,1,43,200
0,200,35,1,2,0,1,10,5,2,0,0,0,1,200,200,200,0,200,0,26,200
0,200,35,1,2,0,1,10,5,2,0,0,0,1,200,200,200,0,200,1,32,200
4,200,30,0,0,0,1,8,5,200,0,0,0,1,200,200,200,17,200,0,29,200
0,200,30,0,0,0,1,8,5,200,0,0,0,1,200,200,200,17,200,0,67,200
0,1,20,0,0,0,3,7,6,200,0,0,0,0,200,200,1,18,14,2,200,200
0,200,35,0,0,0,1,12,2,2,0,0,0,1,200,200,200,21,22,0,20,200
0,200,35,0,0,0,1,12,2,2,0,0,0,1,200,200,200,21,22,0,45,200
0,200,30,0,0,200,0,12,5,4,0,200,200,0,200,200,1,0,0,0,200,200
0,200,30,0,0,200,0,12,5,4,0,200,200,0,200,200,1,0,0,1,19,200
0,200,30,0,0,0,1,10,5,2,0,0,0,0,200,200,200,0,0,0,200,200
0,200,30,0,0,0,1,10,5,2,0,0,0,0,200,200,200,0,0,0,54,200
1,200,30,0,0,0,1,10,5,2,0,0,0,0,200,200,200,0,0,1,200,200
0,200,30,0,0,0,1,12,3,3,0,0,0,0,200,200,200,22,200,0,40,200
0,200,30,0,0,0,1,12,3,3,0,0,0,0,200,200,200,22,200,1,32,200
1,200,30,0,0,0,1,12,3,3,0,0,0,0,200,200,200,22,200,0,40,200
0,200,30,0,0,0,1,7,6,200,0,0,0,0,200,200,200,16,200,1,19,200
0,200,30,2,0,0,1,10,5,200,0,0,0,0,200,200,200,0,0,1,47,200
0,200,30,2,0,0,1,10,5,200,0,0,0,0,200,200,200,0,0,0,51,200
1,200,30,2,0,0,1,10,5,200,0,0,0,0,200,200,200,0,0,1,3,200
0,200,30,0,0,200,1,7,5,2,0,200,0,0,200,200,1,21,0,2,200,200
0,200,30,2,2,0,1,10,2,2,0,2,12,0,1,200,200,18,16,0,24,200
0,200,30,2,2,0,1,10,2,2,0,2,12,0,1,200,200,18,16,1,38,200
1,200,30,2,2,0,1,10,2,2,0,2,12,0,1,200,200,18,16,1,4,200
0,200,30,1,2,0,1,14,5,4,0,0,0,0,200,200,200,22,22,0,53,200
0,200,30,1,2,0,1,14,5,4,0,0,0,0,200,200,200,22,22,0,53,200
1,200,30,1,2,0,1,14,5,4,0,0,0,0,200,200,200,22,22,1,200,200
1,200,30,1,2,0,1,14,5,4,0,0,0,0,200,200,200,22,22,0,60,200
1,200,30,1,2,0,1,14,5,4,0,0,0,0,200,200,200,22,22,0,54,200
0,1,5,0,0,0,0,7,7,20,0,0,0,0,200,1,1,21,16,2,200,200
0,200,30,1,2,0,1,14,3,4,0,0,0,0,1,200,200,17,200,0,32,200
0,200,30,1,2,0,1,14,3,4,0,0,0,0,1,200,200,17,200,1,25,200
0,200,15,0,0,0,0,7,5,200,0,0,0,0,200,200,1,0,200,1,200,200
0,1,30,200,200,0,1,7,6,1,0,0,0,0,200,200,1,0,200,2,200,200
0,200,35,1,2,0,1,14,5,200,0,0,0,1,200,200,200,23,23,0,53,200
0,200,35,1,2,0,1,14,5,200,0,0,0,1,200,200,200,23,23,1,30,200
0,200,30,1,2,6,1,14,5,4,5,0,0,0,1,200,200,0,0,0,31,200
0,200,30,1,2,6,1,14,5,4,5,0,0,0,1,200,200,0,0,0,67,200
1,200,30,1,2,6,1,14,5,4,5,0,0,0,1,200,200,0,0,0,200,200
0,200,30,0,0,0,1,11,5,2,0,0,200,0,200,200,200,2,200,0,37,200
0,200,30,0,0,0,1,11,5,2,0,0,200,0,200,200,200,2,200,0,64,200
0,200,30,0,0,0,1,14,3,3,0,0,0,0,200,200,200,17,17,0,69,200
0,200,30,0,0,0,1,14,3,3,0,0,0,0,200,200,200,17,17,1,46,200
0,200,20,0,0,0,1,7,6,1,0,0,0,0,1,200,200,11,200,0,36,200
0,1,30,0,0,200,200,7,6,1,0,200,200,0,200,200,1,0,200,2,200,200
0,200,30,2,0,0,1,0,12,2,0,0,0,0,1,200,200,5,0,1,31,200
0,200,30,2,0,0,1,0,12,2,0,0,0,0,1,200,200,5,0,0,59,200
0,200,20,0,0,0,1,10,5,2,0,0,0,0,200,200,200,20,200,0,47,200
0,200,20,0,0,0,1,10,5,2,0,0,0,0,200,200,200,20,200,0,24,200
1,200,20,0,0,0,1,10,5,2,0,0,0,0,200,200,200,20,200,1,200,200
4,200,30,2,2,2,3,8,5,1,0,1,0,1,1,200,200,0,0,0,39,200
0,200,30,2,2,2,3,8,5,1,0,1,0,1,1,200,200,0,0,1,200,200
0,200,30,0,0,0,1,5,7,0,0,0,0,0,200,1,200,0,0,0,57,200
0,200,30,0,0,0,1,2,5,4,0,0,12,0,0,200,1,16,0,2,200,200
0,200,30,0,0,0,1,9,0,200,0,0,0,0,200,200,1,14,200,1,200,200
5,200,30,0,0,0,1,9,0,200,0,0,0,0,200,200,1,14,200,0,33,200
0,200,30,0,0,0,1,10,3,4,3,0,0,0,200,200,200,0,0,1,38,200
0,200,30,0,0,0,1,10,3,4,3,0,0,0,200,200,200,0,0,0,58,200
1,200,30,0,0,0,1,10,3,4,3,0,0,0,200,200,200,0,0,1,200,200
0,1,30,0,0,200,200,7,6,1,0,200,200,0,200,200,1,0,200,2,200,200
0,200,30,1,2,0,1,0,5,4,0,0,0,1,1,200,200,6,6,1,68,200
0,200,30,1,2,0,1,0,5,4,0,0,0,1,1,200,200,6,6,0,38,200
0,1,20,0,0,1,1,7,6,200,0,200,0,0,200,200,1,0,200,2,200,200
0,200,25,0,0,0,3,7,6,1,0,0,0,0,200,200,1,0,200,2,200,200
0,200,30,1,2,0,1,12,5,2,0,0,0,1,200,200,200,22,0,0,52,200
0,200,30,1,2,0,1,12,5,2,0,0,0,1,200,200,200,22,0,0,47,200
1,200,30,1,2,0,1,12,5,2,0,0,0,1,200,200,200,22,0,0,200,200
0,200,30,0,0,0,1,10,5,2,0,0,0,0,200,200,200,18,200,0,21,200
0,200,30,0,0,0,1,10,5,2,0,0,0,0,200,200,200,18,200,0,52,200
0,200,30,1,2,0,1,10,5,2,0,0,0,1,1,200,200,18,200,0,33,200
0,200,30,1,2,0,1,10,5,2,0,0,0,1,1,200,200,18,200,0,69,200
0,200,30,0,0,0,1,12,4,3,0,0,0,0,200,200,200,21,200,0,22,200
0,200,30,0,0,0,1,12,4,3,0,0,0,0,200,200,200,21,200,0,33,200
0,200,30,1,2,0,1,12,3,6,0,0,0,0,1,200,1,21,11,1,24,200
0,200,30,1,2,0,1,12,3,6,0,0,0,0,1,200,1,21,11,1,51,200
1,200,30,1,2,0,1,12,3,6,0,0,0,0,1,200,1,21,11,1,2,200
1,200,30,1,2,0,1,12,3,6,0,0,0,0,1,200,1,21,11,0,1,200
1,200,30,1,2,0,1,12,3,6,0,0,0,0,1,200,1,21,11,1,4,200
1,200,30,1,2,0,1,12,3,6,0,0,0,0,1,200,1,21,11,1,2,200
0,200,30,0,0,2,1,0,3,6,0,0,0,0,200,200,200,17,200,0,43,200
0,200,30,0,0,2,1,0,3,6,0,0,0,0,200,200,200,17,200,0,51,200
1,200,30,0,0,2,1,0,3,6,0,0,0,0,200,200,200,17,200,0,200,200
0,200,30,2,2,0,1,0,2,200,0,0,0,1,1,200,200,17,200,1,32,200
0,200,30,2,2,0,1,0,2,200,0,0,0,1,1,200,200,17,200,1,37,200
1,200,30,2,2,0,1,0,2,200,0,0,0,1,1,200,200,17,200,1,4,200
0,200,30,2,200,0,1,0,5,4,0,200,200,1,1,200,1,17,200,1,200,200
0,200,30,2,200,0,1,0,5,4,0,200,200,1,1,200,1,17,200,0,28,200
1,200,30,2,200,0,1,0,5,4,0,200,200,1,1,200,1,17,200,1,27,200
0,200,25,0,0,0,1,7,5,200,0,200,200,0,200,200,1,0,0,2,200,200
0,200,30,0,0,0,1,0,7,4,0,0,200,0,200,200,200,0,0,0,45,200
0,200,30,0,0,0,1,0,7,4,0,0,200,0,200,200,200,0,0,0,34,200
1,200,30,0,0,0,1,0,7,4,0,0,200,0,200,200,200,0,0,1,1,200
1,200,30,0,0,0,1,0,7,4,0,0,200,0,200,200,200,0,0,0,200,200
0,200,30,0,0,0,1,12,5,200,0,0,0,0,200,200,200,22,22,0,34,200
0,200,30,0,0,0,1,12,5,200,0,0,0,0,200,200,200,22,22,0,45,200
0,200,5,0,0,0,3,7,7,200,0,0,0,0,200,200,1,0,200,2,200,200
0,200,35,1,2,0,1,2,2,200,0,0,0,0,1,200,200,23,11,0,30,200
0,200,15,0,0,0,1,0,7,200,0,0,0,0,200,200,200,11,11,1,45,200
0,200,15,0,0,0,1,0,7,200,0,0,0,0,200,200,200,11,11,0,30,200
0,1,30,3,5,200,200,7,2,2,0,200,3,1,200,200,1,0,0,2,200,200
0,200,20,0,0,0,1,7,5,2,0,2,12,1,200,200,200,20,28,0,64,200
0,1,25,0,0,200,200,7,12,1,0,200,0,0,200,200,0,0,200,2,200,200
0,200,35,0,0,0,1,7,5,200,0,0,0,0,200,200,1,0,0,1,200,200
1,200,35,0,0,0,1,7,5,200,0,0,0,0,200,200,1,0,0,0,200,200
0,200,30,1,0,0,1,14,12,200,0,0,0,0,200,200,200,11,0,1,200,200
0,200,30,1,0,0,1,14,12,200,0,0,0,0,200,200,200,11,0,0,200,200
0,200,30,12,2,0,1,2,3,2,0,0,0,1,200,200,200,3,16,1,62,200
0,200,30,0,0,0,1,2,2,4,0,0,0,0,200,200,200,0,0,0,54,200
0,200,35,0,0,0,1,2,0,200,0,0,0,0,200,200,1,0,200,2,200,200
0,200,30,1,2,0,1,14,5,4,0,0,0,0,1,200,200,17,200,0,58,200
0,200,30,1,2,0,1,14,5,4,0,0,0,0,1,200,200,17,200,0,58,200
0,200,30,1,2,0,1,12,2,2,0,0,0,0,1,200,200,21,200,0,67,200
0,200,30,1,2,0,1,12,2,2,0,0,0,0,1,200,200,21,200,1,72,200
0,200,30,0,0,2,1,12,0,1,0,1,3,0,200,200,1,22,22,0,200,200
0,200,30,0,0,2,1,12,0,1,0,1,3,0,200,200,1,22,22,1,27,200
1,200,30,0,0,2,1,12,0,1,0,1,3,0,200,200,1,22,22,0,200,200
0,200,30,0,0,0,1,14,5,200,0,0,0,1,200,200,200,23,23,0,41,200
0,200,30,0,0,0,1,14,5,200,0,0,0,1,200,200,200,23,23,1,24,200
0,200,30,0,0,0,1,7,6,200,0,0,0,0,200,200,1,0,0,2,200,200
0,200,30,0,0,200,200,7,6,200,0,200,200,0,200,200,1,0,200,2,200,200
0,200,30,0,0,1,1,7,2,200,0,0,0,1,200,200,200,7,11,0,20,200
0,200,30,0,0,0,0,10,5,3,0,0,0,0,200,200,200,0,0,1,37,200
0,200,30,0,0,0,0,10,5,3,0,0,0,0,200,200,200,0,0,0,55,200
0,200,30,0,0,0,1,10,5,2,0,0,0,0,200,200,200,11,0,1,59,200
0,200,30,0,0,0,1,10,5,2,0,0,0,0,200,200,200,11,0,0,45,200
0,1,30,0,0,0,200,7,5,2,0,0,0,0,200,200,1,0,0,2,200,200
0,200,30,0,0,0,1,12,5,2,0,0,0,0,200,200,200,22,200,0,51,200
0,200,30,0,0,0,1,12,5,2,0,0,0,0,200,200,200,22,200,1,49,200
1,200,30,0,0,0,1,12,5,2,0,0,0,0,200,200,200,22,200,0,200,200
1,200,30,0,0,0,1,12,5,2,0,0,0,0,200,200,200,22,200,1,200,200
0,200,30,0,0,0,1,12,3,6,0,0,0,1,200,200,200,21,21,0,22,200
0,200,30,0,0,0,1,12,3,6,0,0,0,1,200,200,200,21,21,0,62,200
0,200,30,0,0,0,1,7,12,200,0,0,0,0,200,200,1,11,0,2,200,200
0,200,30,1,2,0,1,8,1,2,0,0,0,1,1,200,200,12,0,0,48,200
4,200,30,1,2,0,1,8,1,2,0,0,0,1,1,200,200,12,0,0,27,200
0,200,30,0,0,0,1,7,5,200,0,0,0,0,200,200,1,0,0,2,200,200
0,200,30,1,2,0,1,10,5,4,0,0,0,0,200,200,200,16,200,0,200,200
0,200,30,1,2,0,1,10,5,4,0,0,0,0,200,200,200,16,200,0,34,200
0,200,10,0,0,0,1,7,7,200,0,0,0,0,200,200,1,0,200,2,200,200
0,200,30,0,0,0,1,12,12,200,0,0,0,0,200,200,200,17,17,0,84,200
0,200,30,0,0,0,1,12,12,200,0,0,0,0,200,200,200,17,17,0,31,200
1,200,30,0,0,0,1,12,12,200,0,0,0,0,200,200,200,17,17,0,42,200
0,200,30,1,2,0,1,12,5,2,0,0,0,0,1,200,200,21,200,0,200,200
0,200,30,1,2,0,1,12,5,2,0,0,0,0,1,200,200,21,200,0,200,200
0,200,30,2,2,0,1,0,5,2,0,0,0,1,200,200,200,0,200,1,26,200
0,200,30,2,2,0,1,0,5,2,0,0,0,1,200,200,200,0,200,0,22,200
1,200,30,2,2,0,1,0,5,2,0,0,0,1,200,200,200,0,200,0,14,200
0,200,30,1,2,0,1,14,5,200,0,0,0,0,200,200,200,17,200,1,200,200
0,200,30,1,2,0,1,14,5,200,0,0,0,0,200,200,200,17,200,0,23,200
0,200,30,1,2,0,1,14,3,3,0,0,0,0,1,200,200,23,200,0,42,200
0,200,30,1,2,0,1,14,3,3,0,0,0,0,1,200,200,23,200,0,21,200
1,200,30,1,2,0,1,14,3,3,0,0,0,0,1,200,200,23,200,1,21,200
0,200,30,2,2,0,1,7,6,1,0,0,0,0,200,200,1,20,0,2,200,200
0,200,30,0,0,0,0,7,5,2,0,0,0,0,200,200,1,0,0,2,200,200
0,200,30,0,0,0,1,7,5,200,0,0,2,0,200,200,200,20,200,0,200,200
1,200,30,0,0,0,1,7,5,200,0,0,2,0,200,200,200,20,200,1,23,200
0,200,15,0,0,0,1,0,7,200,0,0,0,0,200,1,200,20,200,1,20,200
0,200,15,0,0,0,1,0,7,200,0,0,0,0,200,1,200,20,200,0,56,200
1,200,15,0,0,0,1,0,7,200,0,0,0,0,200,1,200,20,200,1,200,200
0,200,10,0,0,0,1,2,4,1,0,0,0,0,200,200,1,0,11,1,200,200
0,200,30,1,2,2,1,14,5,200,0,1,0,1,1,200,200,23,200,1,84,200
0,200,30,1,2,2,1,14,5,200,0,1,0,1,1,200,200,23,200,1,39,200
0,200,30,0,0,0,1,14,6,200,0,0,0,0,0,200,200,23,17,1,200,200
0,200,30,0,0,0,1,14,6,200,0,0,0,0,0,200,200,23,17,1,58,200
0,200,30,0,0,0,3,7,6,1,0,0,0,0,200,200,1,0,200,2,200,200
0,200,20,0,0,0,1,7,5,200,0,0,0,0,200,200,1,0,200,2,200,200
0,200,20,0,200,200,1,7,6,200,0,200,0,1,200,200,200,200,200,1,53,200
0,200,30,1,2,0,1,12,5,200,0,0,0,0,200,200,200,0,0,0,37,200
0,200,30,1,2,0,1,12,5,200,0,0,0,0,200,200,200,0,0,1,59,200
1,200,30,1,2,0,1,12,5,200,0,0,0,0,200,200,200,0,0,0,200,200
1,200,30,1,2,0,1,12,5,200,0,0,0,0,200,200,200,0,0,0,200,200
1,200,30,1,2,0,1,12,5,200,0,0,0,0,200,200,200,0,0,0,200,200
1,200,30,1,2,0,1,12,5,200,0,0,0,0,200,200,200,0,0,0,200,200
1,200,30,1,2,0,1,12,5,200,0,0,0,0,200,200,200,0,0,0,200,200
1,200,30,1,2,0,1,12,5,200,0,0,0,0,200,200,200,0,0,0,200,200
1,200,30,1,2,0,1,12,5,200,0,0,0,0,200,200,200,0,0,0,200,200
1,200,30,1,2,0,1,12,5,200,0,0,0,0,200,200,200,0,0,0,200,200
1,200,30,1,2,0,1,12,5,200,0,0,0,0,200,200,200,0,0,0,200,200
1,200,30,1,2,0,1,12,5,200,0,0,0,0,200,200,200,0,0,0,200,200
1,200,30,1,2,0,1,12,5,200,0,0,0,0,200,200,200,0,0,0,200,200
1,200,30,1,2,0,1,12,5,200,0,0,0,0,200,200,200,0,0,0,200,200
1,200,30,1,2,0,1,12,5,200,0,0,0,0,200,200,200,0,0,0,200,200
1,200,30,1,2,0,1,12,5,200,0,0,0,0,200,200,200,0,0,0,200,200
1,200,30,1,2,0,1,12,5,200,0,0,0,0,200,200,200,0,0,0,200,200
0,200,30,0,0,0,1,7,5,2,0,0,0,0,200,200,1,0,200,2,200,200
0,200,30,1,2,0,1,10,2,200,0,0,3,0,1,200,200,16,16,0,26,200
0,200,30,1,2,0,1,10,2,200,0,0,3,0,1,200,200,16,16,0,53,200
0,200,35,1,2,0,1,0,5,2,0,0,0,1,1,200,200,6,200,0,26,200
0,200,35,1,2,0,1,0,5,2,0,0,0,1,1,200,200,6,200,0,24,200
0,200,35,1,2,0,1,0,5,2,0,0,0,1,1,200,200,6,200,0,71,200
0,200,35,1,2,0,1,0,5,2,0,0,0,1,1,200,200,6,200,0,66,200
1,200,35,1,2,0,1,0,5,2,0,0,0,1,1,200,200,6,200,1,62,200
0,0,30,0,0,0,1,10,2,2,0,0,0,1,200,200,200,22,34,1,65,200
0,0,30,0,0,0,1,10,2,2,0,0,0,1,200,200,200,22,34,0,68,200
0,200,30,1,200,200,1,10,5,200,0,200,200,0,1,200,200,17,200,0,200,200
0,200,30,1,200,200,1,10,5,200,0,200,200,0,1,200,200,17,200,0,65,200
0,200,30,0,0,0,1,12,5,2,0,0,0,0,200,200,200,0,11,0,200,200
0,200,30,0,0,0,1,12,5,2,0,0,0,0,200,200,200,0,11,0,59,200
0,200,30,0,0,0,1,10,5,2,0,200,200,1,200,200,200,18,18,0,53,200
0,200,30,0,0,0,1,10,5,2,0,200,200,1,200,200,200,18,18,0,62,200
0,200,30,0,0,0,1,10,5,2,0,200,200,1,200,200,200,18,18,0,200,200
0,1,30,0,0,0,3,7,7,200,0,0,0,0,200,200,1,0,200,2,200,200
0,200,30,1,2,2,1,8,3,200,0,1,200,1,1,200,200,2,200,1,25,200
4,200,30,1,2,2,1,8,3,200,0,1,200,1,1,200,200,2,200,0,63,200
0,200,30,0,0,0,1,12,5,2,0,0,0,0,200,200,200,22,200,0,64,200
0,200,30,0,0,0,1,12,5,2,0,0,0,0,200,200,200,22,200,2,200,200
0,200,30,1,2,2,1,10,2,2,0,1,0,0,200,200,200,0,0,1,47,200
0,200,30,1,2,2,1,10,2,2,0,1,0,0,200,200,200,0,0,1,30,200
0,200,30,1,2,0,1,10,5,2,0,0,0,0,1,200,200,18,200,1,25,200
0,200,30,1,2,0,1,10,5,2,0,0,0,0,1,200,200,18,200,0,47,200
0,200,25,0,0,0,1,10,5,2,0,0,200,0,200,200,200,0,200,0,51,200
0,200,25,0,0,0,1,10,5,2,0,0,200,0,200,200,200,0,200,1,38,200
1,200,25,0,0,0,1,10,5,2,0,0,200,0,200,200,200,0,200,1,68,200
1,200,25,0,0,0,1,10,5,2,0,0,200,0,200,200,200,0,200,0,68,200
0,200,30,1,2,0,1,11,5,1,0,0,200,0,200,200,200,20,0,1,39,200
0,200,30,1,2,0,1,11,5,1,0,0,200,0,200,200,200,20,0,0,23,200
1,200,30,1,2,0,1,11,5,1,0,0,200,0,200,200,200,20,0,0,21,200
1,200,30,1,2,0,1,11,5,1,0,0,200,0,200,200,200,20,0,0,19,200
0,200,30,1,2,2,1,10,5,200,0,1,0,0,200,200,1,0,200,1,200,200
0,1,30,0,0,0,1,0,0,200,0,0,0,0,200,200,200,17,200,0,55,200
0,1,30,0,0,0,1,0,0,200,0,0,0,0,200,200,200,17,200,0,200,200
0,200,30,1,2,0,1,10,5,4,0,0,0,0,200,200,200,16,11,0,47,200
0,200,30,1,2,0,1,10,5,4,0,0,0,0,200,200,200,16,11,1,59,200
0,200,30,1,2,0,1,10,5,4,0,0,0,0,200,200,200,16,11,1,68,200
0,200,30,2,2,0,1,0,5,200,0,0,0,0,200,200,200,200,200,0,54,200
0,200,30,2,2,0,1,0,5,200,0,0,0,0,200,200,200,200,200,1,61,200