PERSON_TYPE,CRASH_DATE_EST_I,POSTED_SPEED_LIMIT,TRAFFIC_CONTROL_DEVICE,DEVICE_CONDITION,WEATHER_CONDITION,LIGHTING_CONDITION,FIRST_CRASH_TYPE,TRAFFICWAY_TYPE,LANE_CNT,ALIGNMENT,ROADWAY_SURFACE_COND,ROAD_DEFECT,CRASH_TYPE,INTERSECTION_RELATED_I,NOT_RIGHT_OF_WAY_I,HIT_AND_RUN_I,PRIM_CONTRIBUTORY_CAUSE,SEC_CONTRIBUTORY_CAUSE,SEX,AGE,BAC_RESULT VALUE
1,200,30,2,2,0,1,0,5,200,0,0,0,0,200,200,200,200,200,1,200,200
0,200,30,1,2,0,1,10,2,2,0,1,0,1,200,200,200,18,34,1,51,200
0,200,30,1,2,0,1,10,2,2,0,1,0,1,200,200,200,18,34,1,23,200
1,200,30,1,2,0,1,10,2,2,0,1,0,1,200,200,200,18,34,1,14,200
0,200,30,0,0,0,1,10,3,2,0,0,0,0,200,200,200,0,0,1,200,200
0,200,30,0,0,0,1,10,3,2,0,0,0,0,200,200,200,0,0,0,49,200
1,200,30,0,0,0,1,10,3,2,0,0,0,0,200,200,200,0,0,1,200,200
0,200,30,200,200,0,1,10,2,4,0,0,200,0,200,200,200,18,200,0,47,200
0,200,30,200,200,0,1,10,2,4,0,0,200,0,200,200,200,18,200,0,69,200
0,200,30,200,200,0,1,10,2,4,0,0,200,0,200,200,200,18,200,1,59,200
1,200,30,200,200,0,1,10,2,4,0,0,200,0,200,200,200,18,200,1,68,200
0,200,10,9,0,0,1,0,2,2,3,0,0,0,200,200,200,33,200,1,52,200
0,200,10,9,0,0,1,0,2,2,3,0,0,0,200,200,200,33,200,0,36,200
1,200,10,9,0,0,1,0,2,2,3,0,0,0,200,200,200,33,200,0,21,200
0,200,30,2,2,0,1,9,6,2,0,0,0,1,1,200,200,17,200,0,30,200
5,200,30,2,2,0,1,9,6,2,0,0,0,1,1,200,200,17,200,0,55,200
0,200,30,0,0,0,1,12,5,4,0,0,0,0,200,200,200,17,17,1,200,200
0,200,30,0,0,0,1,12,5,4,0,0,0,0,200,200,200,17,17,0,65,200
5,200,20,5,0,0,1,9,6,200,0,1,0,1,200,200,200,0,0,1,13,200
0,200,20,5,0,0,1,9,6,200,0,1,0,1,200,200,200,0,0,0,31,200
0,200,30,0,0,200,1,7,2,200,0,0,0,0,200,200,1,0,0,2,200,200
0,200,30,1,2,0,1,10,3,6,0,0,0,0,200,200,1,15,21,0,36,200
0,200,30,1,2,0,1,10,3,6,0,0,0,0,200,200,1,15,21,0,36,200
0,200,30,1,2,0,1,10,3,4,0,0,0,0,200,200,200,16,11,0,48,200
0,200,30,1,2,0,1,10,3,4,0,0,0,0,200,200,200,16,11,1,59,200
0,200,30,200,200,0,1,14,5,200,0,200,200,0,200,200,200,0,200,0,32,200
0,200,30,200,200,0,1,14,5,200,0,200,200,0,200,200,200,0,200,1,34,200
0,200,30,0,0,2,1,10,2,4,0,1,12,1,200,200,200,16,200,0,37,200
0,200,30,0,0,2,1,10,2,4,0,1,12,1,200,200,200,16,200,0,42,200
0,200,30,1,2,2,1,10,2,2,0,1,0,0,200,200,200,16,15,0,20,200
0,200,30,1,2,2,1,10,2,2,0,1,0,0,200,200,200,16,15,1,59,200
0,200,30,0,0,0,1,10,5,200,0,0,0,0,200,200,1,18,18,1,200,200
0,200,30,0,0,0,1,10,5,200,0,0,0,0,200,200,1,18,18,1,0,200
0,200,30,0,0,0,1,0,5,2,0,1,0,1,200,200,1,0,200,0,200,200
0,200,30,0,0,0,1,0,5,2,0,1,0,1,200,200,1,0,200,0,73,200
1,200,30,0,0,0,1,0,5,2,0,1,0,1,200,200,1,0,200,1,22,200
0,200,30,1,2,0,1,7,5,200,0,0,0,1,200,200,200,22,22,0,22,200
0,200,30,1,2,0,1,7,5,200,0,0,0,1,200,200,200,22,22,0,32,200
0,200,20,0,0,0,1,10,7,2,0,0,0,1,200,200,1,20,20,0,200,200
0,200,20,0,0,0,1,10,7,2,0,0,0,1,200,200,1,20,20,1,20,200
0,200,30,1,2,0,1,10,5,2,0,0,0,0,200,200,1,20,200,0,200,200
0,200,30,1,2,0,1,10,5,2,0,0,0,0,200,200,1,20,200,1,24,200
0,200,25,0,0,0,1,10,5,200,0,1,0,0,200,200,200,200,200,0,48,200
0,200,25,0,0,0,1,10,5,200,0,1,0,0,200,200,200,200,200,0,68,200
0,200,30,0,0,0,1,12,200,200,0,0,0,0,200,200,200,200,200,0,200,200
0,200,30,0,0,0,1,12,200,200,0,0,0,0,200,200,200,200,200,0,39,200
1,200,30,0,0,0,1,12,200,200,0,0,0,0,200,200,200,200,200,0,200,200
0,200,30,0,0,0,1,12,5,200,0,1,0,1,200,200,200,0,0,0,54,200
0,200,30,0,0,0,1,12,5,200,0,1,0,1,200,200,200,0,0,0,23,200
0,200,30,0,0,0,1,7,5,200,0,0,0,0,200,200,200,17,200,0,33,200
0,200,20,0,0,0,1,3,5,2,0,0,0,0,200,200,200,20,11,0,21,200
0,200,20,0,0,0,1,3,5,2,0,0,0,0,200,200,200,20,11,1,32,200
0,200,30,0,2,0,1,10,2,2,0,0,0,1,200,200,200,16,18,0,29,200
0,200,30,0,2,0,1,10,2,2,0,0,0,1,200,200,200,16,18,0,25,200
1,200,30,0,2,0,1,10,2,2,0,0,0,1,200,200,200,16,18,0,28,200
1,200,30,0,2,0,1,10,2,2,0,0,0,1,200,200,200,16,18,0,31,200
0,200,30,1,2,2,1,10,5,0,0,1,0,0,1,200,200,34,18,0,29,200
0,200,30,1,2,2,1,10,5,0,0,1,0,0,1,200,200,34,18,0,55,200
0,200,30,1,2,2,1,10,5,200,0,1,12,1,200,200,200,0,200,0,60,200
0,200,30,1,2,2,1,10,5,200,0,1,12,1,200,200,200,0,200,0,41,200
1,200,30,1,2,2,1,10,5,200,0,1,12,1,200,200,200,0,200,0,41,200
0,200,30,0,0,0,1,7,6,200,0,0,0,0,200,200,1,200,200,2,200,200
0,200,30,2,2,0,1,14,5,2,0,0,0,0,1,200,1,25,11,0,200,200
0,200,30,2,2,0,1,14,5,2,0,0,0,0,1,200,1,25,11,1,29,200
0,200,45,1,2,0,1,10,3,4,0,0,0,0,200,200,200,0,200,0,55,200
0,200,45,1,2,0,1,10,3,4,0,0,0,0,200,200,200,0,200,0,73,200
1,200,45,1,2,0,1,10,3,4,0,0,0,0,200,200,200,0,200,1,200,200
0,200,25,0,0,0,1,12,5,4,0,0,200,0,200,200,1,21,18,1,200,200
0,200,25,0,0,0,1,12,5,4,0,0,200,0,200,200,1,21,18,0,23,200
0,200,30,0,0,2,1,10,2,2,0,1,0,1,200,200,200,16,0,1,38,200
0,200,30,0,0,2,1,10,2,2,0,1,0,1,200,200,200,16,0,1,63,200
0,200,30,1,2,1,1,14,6,2,0,0,0,0,200,200,1,18,11,1,200,200
0,200,30,1,2,1,1,14,6,2,0,0,0,0,200,200,1,18,11,1,21,200
0,200,30,1,2,0,1,10,2,4,0,0,200,0,200,200,1,16,200,0,200,200
0,200,30,1,2,0,1,10,2,4,0,0,200,0,200,200,1,16,200,0,31,200
0,200,30,0,0,0,1,7,6,1,0,0,0,0,200,200,200,200,200,1,46,200
1,200,30,0,0,0,1,7,6,1,0,0,0,0,200,200,200,200,200,0,13,200
1,200,30,0,0,0,1,7,6,1,0,0,0,0,200,200,200,200,200,0,15,200
1,200,30,0,0,0,1,7,6,1,0,0,0,0,200,200,200,200,200,0,15,200
1,200,30,0,0,0,1,7,6,1,0,0,0,0,200,200,200,200,200,1,14,200
1,200,30,0,0,0,1,7,6,1,0,0,0,0,200,200,200,200,200,1,15,200
1,200,30,0,0,0,1,7,6,1,0,0,0,0,200,200,200,200,200,0,14,200
1,200,30,0,0,0,1,7,6,1,0,0,0,0,200,200,200,200,200,0,200,200
1,200,30,0,0,0,1,7,6,1,0,0,0,0,200,200,200,200,200,1,58,200
1,200,30,0,0,0,1,7,6,1,0,0,0,0,200,200,200,200,200,200,200,200
0,200,30,1,2,0,1,10,6,2,0,0,0,0,1,200,1,18,200,1,200,200
0,200,30,1,2,0,1,10,6,2,0,0,0,0,1,200,1,18,200,1,21,200
0,200,30,0,0,0,1,12,2,4,0,0,0,0,200,200,200,22,11,0,200,200
0,200,30,0,0,0,1,12,2,4,0,0,0,0,200,200,200,22,11,0,56,200
0,200,25,200,200,0,1,10,2,200,0,0,200,0,200,200,1,0,0,0,53,200
0,200,25,200,200,0,1,10,2,200,0,0,200,0,200,200,1,0,0,1,200,200
0,200,30,0,0,0,1,7,5,2,0,0,0,0,200,200,200,0,200,2,200,200
0,200,30,0,0,200,200,14,2,200,0,200,200,0,200,200,1,0,200,0,200,200
0,200,30,0,0,200,200,14,2,200,0,200,200,0,200,200,1,0,200,0,75,200
0,200,35,0,0,0,1,0,5,200,0,0,0,0,200,200,200,0,0,2,200,200
0,200,35,0,0,0,1,0,5,200,0,0,0,0,200,200,200,0,0,0,0,200
0,200,30,0,0,0,1,10,2,4,0,0,0,1,200,200,1,0,200,0,200,200
0,200,30,0,0,0,1,10,2,4,0,0,0,1,200,200,1,0,200,0,44,200
0,200,30,0,0,0,1,10,2,4,0,0,0,1,200,200,1,0,200,0,32,200
0,200,30,1,2,0,1,10,2,2,0,0,200,0,1,200,200,18,0,0,62,200
0,200,30,1,2,0,1,10,2,2,0,0,200,0,1,200,200,18,0,1,25,200
0,200,30,1,2,0,1,12,2,4,0,0,200,1,1,200,200,17,200,1,76,200
0,200,30,1,2,0,1,12,2,4,0,0,200,1,1,200,200,17,200,0,39,200
1,200,30,1,2,0,1,12,2,4,0,0,200,1,1,200,200,17,200,0,52,200
0,1,30,0,0,0,1,14,5,200,0,0,0,0,200,200,200,18,200,0,73,200
0,1,30,0,0,0,1,14,5,200,0,0,0,0,200,200,200,18,200,1,33,200
0,200,30,1,2,2,1,10,5,0,0,1,0,0,1,200,200,34,18,0,28,200
0,200,30,1,2,2,1,10,5,0,0,1,0,0,1,200,200,34,18,0,200,200
0,200,30,0,0,0,1,10,2,200,0,1,200,0,200,200,1,0,0,2,200,200
0,200,30,0,0,0,1,10,2,200,0,1,200,0,200,200,1,0,0,0,50,200
0,200,30,2,200,2,1,0,5,2,0,1,200,0,200,200,200,0,0,1,25,200
0,200,30,2,200,2,1,0,5,2,0,1,200,0,200,200,200,0,0,1,19,200
0,200,30,0,0,0,1,7,5,2,0,0,0,0,200,200,200,21,200,1,200,200
0,200,30,2,2,0,1,10,5,2,0,0,0,1,200,200,1,18,18,0,200,200
0,200,30,2,2,0,1,10,5,2,0,0,0,1,200,200,1,18,18,0,49,200
1,200,30,2,2,0,1,10,5,2,0,0,0,1,200,200,1,18,18,1,200,200
1,200,30,2,2,0,1,10,5,2,0,0,0,1,200,200,1,18,18,200,200,200
0,200,15,0,0,0,1,9,5,1,0,0,200,1,200,200,200,200,0,0,30,200
5,200,15,0,0,0,1,9,5,1,0,0,200,1,200,200,200,200,0,0,54,200
5,200,15,0,0,0,1,9,5,1,0,0,200,1,200,200,200,200,0,0,38,200
0,200,30,0,0,0,1,0,5,1,0,0,0,0,200,200,200,20,20,0,31,200
0,200,30,0,0,0,1,0,5,1,0,0,0,0,200,200,200,20,20,1,48,200
0,200,20,0,0,0,1,10,5,4,0,0,0,0,200,200,200,16,18,0,34,200
0,200,20,0,0,0,1,10,5,4,0,0,0,0,200,200,200,16,18,1,59,200
0,200,25,1,2,0,1,10,5,200,0,0,0,0,200,200,200,0,200,0,54,200
0,200,25,1,2,0,1,10,5,200,0,0,0,0,200,200,200,0,200,0,23,200
0,200,30,0,0,0,1,10,6,2,2,0,12,1,200,200,1,16,200,2,200,200
0,200,30,0,0,0,1,10,6,2,2,0,12,1,200,200,1,16,200,0,200,200
0,200,30,0,0,0,1,10,6,2,2,0,12,1,200,200,1,16,200,1,38,200
0,200,30,0,0,0,1,14,7,200,0,0,0,0,200,200,1,10,200,1,200,200
0,200,30,0,0,0,1,14,7,200,0,0,0,0,200,200,1,10,200,0,56,200
0,200,30,1,2,2,1,7,6,4,0,1,0,0,200,200,200,7,200,0,33,200
1,200,30,1,2,2,1,7,6,4,0,1,0,0,200,200,200,7,200,0,22,200
0,200,30,1,2,0,2,14,5,200,0,0,0,0,1,200,1,0,200,0,200,200
0,200,30,1,2,0,2,14,5,200,0,0,0,0,1,200,1,0,200,0,39,200
0,200,30,1,2,0,1,10,5,4,0,0,0,0,200,200,200,0,0,0,50,200
0,200,30,1,2,0,1,10,5,4,0,0,0,0,200,200,200,0,0,1,57,200
0,200,30,0,0,0,1,7,5,200,0,0,0,0,200,200,1,0,200,2,200,200
0,200,30,2,2,0,1,0,5,200,0,0,0,1,200,200,200,5,17,1,66,200
0,200,30,2,2,0,1,0,5,200,0,0,0,1,200,200,200,5,17,0,35,200
0,200,30,0,0,0,1,7,5,200,0,0,0,0,200,200,1,0,0,2,200,200
0,200,30,1,2,2,1,14,5,1,0,1,0,0,1,200,200,23,200,0,41,200
0,200,30,1,2,2,1,14,5,1,0,1,0,0,1,200,200,23,200,0,49,200
1,200,30,1,2,2,1,14,5,1,0,1,0,0,1,200,200,23,200,1,200,200
0,200,30,0,0,0,1,10,5,200,0,0,0,0,200,200,200,0,0,0,40,200
0,200,30,0,0,0,1,10,5,200,0,0,0,0,200,200,200,0,0,1,60,200
0,200,30,0,0,0,1,7,6,1,0,0,200,1,200,200,1,0,0,2,200,200
0,200,20,0,0,0,1,12,2,200,0,0,0,0,200,200,200,200,200,0,76,200
0,200,20,0,0,0,1,12,2,200,0,0,0,0,200,200,200,200,200,0,22,200
0,200,30,0,0,0,1,11,5,2,0,0,0,0,200,200,200,0,200,1,200,200
0,200,30,0,0,0,1,11,5,2,0,0,0,0,200,200,200,0,200,0,200,200
0,200,30,0,0,0,1,7,5,2,0,200,200,0,200,200,1,22,22,0,200,200
0,200,30,0,0,0,1,10,3,2,0,0,0,0,200,200,1,9,11,0,200,200
0,200,30,0,0,0,1,10,3,2,0,0,0,0,200,200,1,9,11,1,50,200
0,200,30,0,0,0,1,7,6,1,0,0,0,0,200,200,1,0,0,2,200,200
0,200,30,0,0,0,1,12,5,200,0,0,0,0,200,200,200,0,0,0,26,200
0,200,30,0,0,0,1,12,5,200,0,0,0,0,200,200,200,0,0,0,29,200
0,200,30,0,0,0,1,14,5,200,0,0,0,0,200,200,1,23,200,0,200,200
0,200,30,0,0,0,1,14,5,200,0,0,0,0,200,200,1,23,200,0,33,200
0,200,30,0,0,2,1,8,5,2,0,1,0,1,200,200,1,0,0,1,200,200
4,200,30,0,0,2,1,8,5,2,0,1,0,1,200,200,1,0,0,0,35,200
0,200,30,1,2,0,1,14,5,2,0,0,0,0,200,200,200,0,200,0,200,200
0,200,30,1,2,0,1,14,5,2,0,0,0,0,200,200,200,0,200,1,26,200
1,200,30,1,2,0,1,14,5,2,0,0,0,0,200,200,200,0,200,1,49,200
0,200,30,0,0,0,1,0,5,2,0,0,0,0,200,200,200,20,200,0,21,200
0,200,30,0,0,0,1,0,5,2,0,0,0,0,200,200,200,20,200,1,58,200
0,200,10,0,0,0,1,7,7,2,0,0,0,0,200,1,200,20,200,0,83,200
0,200,30,0,0,0,1,7,7,200,0,0,0,0,200,1,200,0,200,0,25,200
0,200,30,0,0,0,1,12,6,200,0,0,0,0,200,200,200,0,0,0,65,200
0,200,30,0,0,0,1,12,6,200,0,0,0,0,200,200,200,0,0,0,65,200
0,200,30,0,0,2,1,10,3,2,0,1,0,0,200,200,1,18,200,0,200,200
0,200,30,0,0,2,1,10,3,2,0,1,0,0,200,200,1,18,200,1,28,200
0,200,35,1,2,0,1,10,3,5,0,0,0,1,200,200,200,18,16,1,22,200
0,200,35,1,2,0,1,10,3,5,0,0,0,1,200,200,200,18,16,1,46,200
0,200,35,1,2,0,1,10,3,5,0,0,0,1,200,200,200,18,16,0,33,200
1,200,35,1,2,0,1,10,3,5,0,0,0,1,200,200,200,18,16,1,20,200
1,200,35,1,2,0,1,10,3,5,0,0,0,1,200,200,200,18,16,0,14,200
1,200,35,1,2,0,1,10,3,5,0,0,0,1,200,200,200,18,16,0,58,200
0,200,45,0,0,0,1,10,3,4,0,0,0,0,200,200,200,18,0,0,63,200
0,200,45,0,0,0,1,10,3,4,0,0,0,0,200,200,200,18,0,0,60,200
0,200,30,1,2,0,1,10,5,4,0,200,200,0,200,200,200,11,18,0,200,200
0,200,30,1,2,0,1,10,5,4,0,200,200,0,200,200,200,11,18,0,82,200
0,200,30,1,2,0,1,10,8,2,2,0,200,0,1,200,200,18,0,0,24,200
0,200,30,1,2,0,1,10,8,2,2,0,200,0,1,200,200,18,0,0,28,200
0,200,30,0,0,0,1,12,2,6,0,0,0,0,200,200,200,17,200,1,200,200
0,200,30,0,0,0,1,12,2,6,0,0,0,0,200,200,200,17,200,0,200,200
0,200,30,0,0,0,1,12,2,6,0,0,0,0,200,200,200,17,200,0,200,200
1,200,30,0,0,0,1,12,2,6,0,0,0,0,200,200,200,17,200,1,200,200
4,200,20,0,0,0,1,8,6,200,0,0,0,0,200,200,200,0,200,0,25,200
0,200,30,2,2,0,1,8,5,0,0,0,0,0,1,200,1,16,11,2,200,200
4,200,30,2,2,0,1,8,5,0,0,0,0,0,1,200,1,16,11,0,23,200
0,1,35,1,2,0,1,0,2,200,0,0,0,0,1,200,200,6,0,1,21,200
0,1,35,1,2,0,1,0,2,200,0,0,0,0,1,200,200,6,0,1,56,200
0,200,20,0,0,0,3,3,6,1,0,0,0,1,200,200,1,10,0,2,200,200
0,200,20,0,0,0,3,3,6,1,0,0,0,1,200,200,1,10,0,1,65,200
0,200,30,2,2,0,1,10,5,2,0,0,0,0,200,200,200,16,200,1,69,200
0,200,30,2,2,0,1,10,5,2,0,0,0,0,200,200,200,16,200,1,63,200
1,200,30,2,2,0,1,10,5,2,0,0,0,0,200,200,200,16,200,0,63,200
0,200,30,0,0,0,1,7,5,4,0,0,0,0,200,200,200,0,200,0,0,200
0,200,25,0,0,0,1,7,6,1,0,0,0,0,200,200,1,0,0,2,200,200
0,200,30,0,0,0,1,12,2,200,0,0,0,1,200,200,200,0,0,0,30,200
0,200,30,0,0,0,1,12,2,200,0,0,0,1,200,200,200,0,0,1,39,200
1,200,30,0,0,0,1,12,2,200,0,0,0,1,200,200,200,0,0,1,2,200
1,200,30,0,0,0,1,12,2,200,0,0,0,1,200,200,200,0,0,1,51,200
0,200,30,0,0,0,1,7,6,200,0,0,0,0,200,200,200,0,200,2,200,200
0,1,30,1,2,0,3,12,3,4,0,0,0,0,200,200,1,22,22,1,200,200
0,1,30,1,2,0,3,12,3,4,0,0,0,0,200,200,1,22,22,0,19,200
0,200,30,0,0,0,1,10,7,200,0,0,0,0,200,200,1,11,11,0,200,200
0,200,30,0,0,0,1,10,7,200,0,0,0,0,200,200,1,11,11,1,35,200
0,200,30,0,0,0,1,0,5,1,0,0,0,0,200,200,200,17,200,1,20,200
0,200,30,0,0,0,1,0,5,1,0,0,0,0,200,200,200,17,200,1,34,200
0,200,30,200,200,0,1,10,2,2,0,0,0,0,200,200,200,0,0,0,18,200
0,200,30,200,200,0,1,10,2,2,0,0,0,0,200,200,200,0,0,1,200,200
0,200,30,1,2,0,1,14,12,0,0,0,0,0,200,200,200,0,0,0,200,200
0,200,30,1,2,0,1,14,12,0,0,0,0,0,200,200,200,0,0,1,200,200
0,200,30,2,2,0,1,14,6,2,0,0,0,0,1,200,200,17,200,0,200,200
0,200,30,2,2,0,1,14,6,2,0,0,0,0,1,200,200,17,200,0,200,200
1,200,30,2,2,0,1,14,6,2,0,0,0,0,1,200,200,17,200,0,200,200
0,200,30,0,0,0,1,7,2,4,2,0,0,0,200,200,1,16,200,2,200,200
0,200,30,1,2,0,1,0,2,4,0,0,0,0,1,200,1,17,11,0,200,200
0,200,30,1,2,0,1,0,2,4,0,0,0,0,1,200,1,17,11,1,53,200
1,200,30,1,2,0,1,0,2,4,0,0,0,0,1,200,1,17,11,1,24,200
1,200,30,1,2,0,1,0,2,4,0,0,0,0,1,200,1,17,11,0,5,200
1,200,30,1,2,0,1,0,2,4,0,0,0,0,1,200,1,17,11,1,4,200
1,200,30,1,2,0,1,0,2,4,0,0,0,0,1,200,1,17,11,1,1,200
1,200,30,1,2,0,1,0,2,4,0,0,0,0,1,200,1,17,11,1,14,200
0,200,30,0,0,0,1,10,5,2,0,0,0,1,200,200,200,8,18,1,31,200
0,200,30,0,0,0,1,10,5,2,0,0,0,1,200,200,200,8,18,1,32,200
0,200,30,0,0,0,1,10,5,2,0,0,0,1,200,200,200,8,18,1,53,200
1,200,30,0,0,0,1,10,5,2,0,0,0,1,200,200,200,8,18,1,34,200
1,200,30,0,0,0,1,10,5,2,0,0,0,1,200,200,200,8,18,1,2,200
1,200,30,0,0,0,1,10,5,2,0,0,0,1,200,200,200,8,18,1,5,200
1,200,30,0,0,0,1,10,5,2,0,0,0,1,200,200,200,8,18,1,4,200
1,200,30,0,0,0,1,10,5,2,0,0,0,1,200,200,200,8,18,1,4,200
0,200,5,0,0,200,1,7,7,1,0,200,200,0,200,200,1,0,0,0,200,200
0,200,30,0,0,0,1,14,5,2,0,0,0,1,200,200,200,0,0,1,42,200
0,200,30,0,0,0,1,14,5,2,0,0,0,1,200,200,200,0,0,1,23,200
1,200,30,0,0,0,1,14,5,2,0,0,0,1,200,200,200,0,0,1,11,200
0,200,30,1,2,0,1,14,5,2,0,0,0,0,1,200,200,22,200,0,43,200
0,200,30,1,2,0,1,14,5,2,0,0,0,0,1,200,200,22,200,0,35,200
0,200,30,11,12,0,1,10,5,2,0,200,200,0,200,200,200,33,0,0,33,200
0,200,30,11,12,0,1,10,5,2,0,200,200,0,200,200,200,33,0,1,18,200
0,200,30,1,2,0,4,0,6,2,0,0,0,0,1,200,200,11,0,0,31,200
0,200,30,1,2,0,4,0,6,2,0,0,0,0,1,200,200,11,0,1,71,200
0,200,25,2,2,200,0,2,4,1,2,200,0,0,200,1,1,0,0,2,200,200
0,200,30,0,0,0,1,12,2,2,0,0,200,1,200,200,200,17,11,1,27,200
0,200,30,0,0,0,1,12,2,2,0,0,200,1,200,200,200,17,11,0,51,200
0,200,5,0,0,0,1,7,7,2,0,0,0,0,200,200,200,20,0,0,38,200
1,200,5,0,0,0,1,7,7,2,0,0,0,0,200,200,200,20,0,1,79,200
1,200,5,0,0,0,1,7,7,2,0,0,0,0,200,200,200,20,0,0,46,200
1,200,5,0,0,0,1,7,7,2,0,0,0,0,200,200,200,20,0,0,22,200
1,200,5,0,0,0,1,7,7,2,0,0,0,0,200,200,200,20,0,0,40,200
4,200,30,0,0,0,1,8,5,2,0,0,0,1,200,200,200,0,0,0,27,200
0,200,30,0,0,0,1,8,5,2,0,0,0,1,200,200,200,0,0,1,21,200
0,200,30,0,0,0,1,7,7,0,0,0,0,0,200,200,1,25,200,2,200,200
0,200,30,0,0,0,1,10,5,200,0,0,0,0,200,200,200,0,0,1,37,200
0,200,30,0,0,0,1,10,5,200,0,0,0,0,200,200,200,0,0,1,30,200
0,200,0,0,0,0,1,0,7,0,0,0,0,0,200,1,200,20,11,0,44,200
0,200,0,0,0,0,1,0,7,0,0,0,0,0,200,1,200,20,11,1,61,200
0,200,30,0,0,0,1,0,2,4,0,0,0,0,200,200,200,17,200,0,22,200
0,200,30,0,0,0,1,0,2,4,0,0,0,0,200,200,200,17,200,0,48,200
1,200,30,0,0,0,1,0,2,4,0,0,0,0,200,200,200,17,200,0,36,200
0,200,15,0,0,0,1,0,7,200,0,0,2,0,200,200,200,20,17,1,80,200
0,200,15,0,0,0,1,0,7,200,0,0,2,0,200,200,200,20,17,1,67,200
0,200,30,0,0,0,1,10,7,200,0,0,0,0,200,200,200,200,200,0,200,200
0,200,30,0,0,0,1,10,7,200,0,0,0,0,200,200,200,200,200,0,31,200
0,200,40,0,0,0,1,10,3,8,0,0,0,1,200,200,200,16,11,1,24,200
0,200,40,0,0,0,1,10,3,8,0,0,0,1,200,200,200,16,11,1,37,200
1,200,40,0,0,0,1,10,3,8,0,0,0,1,200,200,200,16,11,1,4,200
0,200,30,1,2,0,1,14,3,200,0,0,0,0,1,200,200,0,200,0,53,200
0,200,30,1,2,0,1,14,3,200,0,0,0,0,1,200,200,0,200,0,37,200
0,200,30,1,2,0,1,14,5,2,0,0,0,0,200,200,200,17,200,0,26,200
0,200,30,1,2,0,1,14,5,2,0,0,0,0,200,200,200,17,200,0,62,200
0,200,40,1,2,0,1,14,3,6,0,0,0,0,1,200,1,0,200,0,200,200
0,200,40,1,2,0,1,14,3,6,0,0,0,0,1,200,1,0,200,1,54,200
1,200,40,1,2,0,1,14,3,6,0,0,0,0,1,200,1,0,200,1,200,200
0,200,30,0,0,0,1,10,2,200,0,0,200,0,200,200,200,17,200,0,28,200
0,200,30,0,0,0,1,10,2,200,0,0,200,0,200,200,200,17,200,1,39,200
0,200,30,200,200,0,1,10,5,2,0,0,200,1,200,200,200,0,0,0,35,200
0,200,30,200,200,0,1,10,5,2,0,0,200,1,200,200,200,0,0,1,49,200
0,200,30,2,2,0,1,10,5,200,0,0,0,0,200,200,200,0,200,1,32,200
0,200,30,2,2,0,1,10,5,200,0,0,0,0,200,200,200,0,200,0,45,200
0,200,30,2,2,0,1,10,5,2,0,0,0,0,1,200,200,18,200,1,200,200
0,200,30,2,2,0,1,10,5,2,0,0,0,0,1,200,200,18,200,1,200,200
5,200,30,0,0,0,1,9,2,4,0,0,0,1,200,200,200,33,200,0,35,200
0,200,30,0,0,0,1,9,2,4,0,0,0,1,200,200,200,33,200,0,37,200
0,200,30,0,0,0,1,10,5,200,0,0,0,1,200,200,200,18,18,0,0,200
0,200,30,0,0,0,1,10,5,200,0,0,0,1,200,200,200,18,18,0,38,200
0,200,30,1,2,0,1,14,5,200,0,0,0,0,1,200,200,22,200,1,30,200
0,200,30,1,2,0,1,14,5,200,0,0,0,0,1,200,200,22,200,0,37,200
0,200,30,1,2,0,1,12,2,2,0,0,0,0,1,200,200,23,200,0,70,200
0,200,30,1,2,0,1,12,2,2,0,0,0,0,1,200,200,23,200,1,46,200
1,200,30,1,2,0,1,12,2,2,0,0,0,0,1,200,200,23,200,1,200,200
0,200,30,0,0,0,1,14,5,2,0,0,0,1,200,200,0,10,14,0,200,200
0,200,30,0,0,0,1,14,5,2,0,0,0,1,200,200,0,10,14,0,200,200
1,200,30,0,0,0,1,14,5,2,0,0,0,1,200,200,0,10,14,0,200,200
1,200,30,0,0,0,1,14,5,2,0,0,0,1,200,200,0,10,14,0,200,200
0,200,25,0,0,0,1,14,7,200,0,0,200,0,200,200,200,11,200,1,28,200
0,200,25,0,0,0,1,14,7,200,0,0,200,0,200,200,200,11,200,0,41,200
1,200,25,0,0,0,1,14,7,200,0,0,200,0,200,200,200,11,200,0,23,200
1,200,25,0,0,0,1,14,7,200,0,0,200,0,200,200,200,11,200,0,7,200
0,200,25,1,2,0,1,10,5,4,0,0,0,0,200,200,200,18,200,1,36,200
0,200,25,1,2,0,1,10,5,4,0,0,0,0,200,200,200,18,200,1,23,200
0,200,30,1,2,200,1,14,6,2,0,200,0,0,1,200,200,23,200,0,37,200
0,200,30,1,2,200,1,14,6,2,0,200,0,0,1,200,200,23,200,0,32,200
0,200,30,0,0,0,1,12,12,4,0,0,0,0,200,200,200,23,0,1,26,200
0,200,30,0,0,0,1,12,12,4,0,0,0,0,200,200,200,23,0,0,47,200
1,200,30,0,0,0,1,12,12,4,0,0,0,0,200,200,200,23,0,2,200,200
0,200,30,0,0,0,1,7,6,3,0,0,0,0,200,200,200,22,200,0,52,200
0,200,35,1,2,0,1,12,5,200,0,0,0,0,200,200,200,21,0,0,32,200