PERSON_TYPE,CRASH_DATE_EST_I,POSTED_SPEED_LIMIT,TRAFFIC_CONTROL_DEVICE,DEVICE_CONDITION,WEATHER_CONDITION,LIGHTING_CONDITION,FIRST_CRASH_TYPE,TRAFFICWAY_TYPE,LANE_CNT,ALIGNMENT,ROADWAY_SURFACE_COND,ROAD_DEFECT,CRASH_TYPE,INTERSECTION_RELATED_I,NOT_RIGHT_OF_WAY_I,HIT_AND_RUN_I,PRIM_CONTRIBUTORY_CAUSE,SEC_CONTRIBUTORY_CAUSE,SEX,AGE,BAC_RESULT VALUE
0,200,35,1,2,0,1,12,5,200,0,0,0,0,200,200,200,21,0,0,37,200
0,200,30,1,2,0,1,10,3,200,0,0,0,0,200,200,200,0,0,0,200,200
0,200,30,1,2,0,1,10,3,200,0,0,0,0,200,200,200,0,0,0,200,200
0,200,30,1,2,0,1,9,1,3,0,0,0,1,1,200,200,0,200,0,46,200
5,200,30,1,2,0,1,9,1,3,0,0,0,1,1,200,200,0,200,1,43,200
1,200,30,1,2,0,1,9,1,3,0,0,0,1,1,200,200,0,200,200,200,200
0,200,30,2,2,0,1,0,5,200,0,0,0,1,0,200,1,5,0,1,200,200
0,200,30,2,2,0,1,0,5,200,0,0,0,1,0,200,1,5,0,1,21,200
1,200,30,2,2,0,1,0,5,200,0,0,0,1,0,200,1,5,0,1,39,200
0,200,30,0,0,0,1,7,7,200,0,0,0,0,200,200,1,0,200,0,200,200
0,200,30,0,0,0,1,14,3,200,0,0,0,0,200,200,200,33,0,1,39,200
0,200,30,0,0,0,1,14,3,200,0,0,0,0,200,200,200,33,0,0,42,200
0,200,35,1,2,0,1,14,12,200,0,0,0,1,1,200,200,6,16,1,44,200
0,200,35,1,2,0,1,14,12,200,0,0,0,1,1,200,200,6,16,0,54,200
0,200,30,1,2,0,1,12,5,200,0,0,0,0,200,200,200,21,200,0,44,200
0,200,30,1,2,0,1,12,5,200,0,0,0,0,200,200,200,21,200,1,34,200
0,200,30,0,0,0,1,14,5,2,0,0,0,0,1,200,200,22,11,0,200,200
0,200,30,0,0,0,1,14,5,2,0,0,0,0,1,200,200,22,11,0,52,200
0,200,30,0,0,0,1,12,6,1,0,0,0,1,200,200,200,17,200,0,33,200
0,200,30,0,0,0,1,12,6,1,0,0,0,1,200,200,200,17,200,0,25,200
1,200,30,0,0,0,1,12,6,1,0,0,0,1,200,200,200,17,200,0,200,200
0,200,35,0,0,0,1,12,5,2,0,0,0,0,200,200,200,17,200,0,27,200
0,200,35,0,0,0,1,12,5,2,0,0,0,0,200,200,200,17,200,0,45,200
0,200,15,0,0,0,1,10,7,1,0,0,200,0,200,1,1,20,0,1,200,200
0,200,15,0,0,0,1,10,7,1,0,0,200,0,200,1,1,20,0,0,23,200
0,200,30,0,0,0,1,7,5,200,0,0,0,0,200,200,1,0,200,1,200,200
0,1,30,10,2,0,1,7,6,200,0,0,0,0,200,200,200,20,20,0,63,200
1,1,30,10,2,0,1,7,6,200,0,0,0,0,200,200,200,20,20,0,48,200
1,1,30,10,2,0,1,7,6,200,0,0,0,0,200,200,200,20,20,1,17,200
0,200,30,0,0,0,1,7,6,1,0,0,0,0,200,200,200,0,0,0,54,200
0,200,30,0,0,0,1,1,5,2,0,0,0,1,1,200,1,17,0,0,200,200
5,200,30,0,0,0,1,1,5,2,0,0,0,1,1,200,1,17,0,0,200,200
0,200,0,0,0,0,1,7,12,2,0,0,0,0,200,200,200,20,11,0,61,200
3,200,30,1,2,0,1,2,3,2,0,1,0,1,1,200,200,25,25,2,200,200
0,200,30,1,2,0,1,2,3,2,0,1,0,1,1,200,200,25,25,0,53,200
1,200,30,1,2,0,1,2,3,2,0,1,0,1,1,200,200,25,25,1,62,200
1,200,30,1,2,0,1,2,3,2,0,1,0,1,1,200,200,25,25,1,66,200
0,200,5,200,200,0,2,7,12,200,0,200,200,0,200,1,200,0,200,0,33,200
0,200,30,0,0,0,1,14,5,200,0,0,0,1,200,200,200,0,200,0,55,200
0,200,30,0,0,0,1,14,5,200,0,0,0,1,200,200,200,0,200,1,38,200
0,200,30,0,0,0,1,10,5,3,0,0,200,0,200,200,1,0,0,2,200,200
0,200,30,0,0,0,1,10,5,3,0,0,200,0,200,200,1,0,0,1,22,200
0,200,30,0,0,0,1,10,5,3,0,0,200,0,200,200,1,0,0,1,45,200
0,200,30,1,2,2,1,10,5,2,0,0,0,0,200,200,200,16,11,0,51,200
0,200,30,1,2,2,1,10,5,2,0,0,0,0,200,200,200,16,11,1,17,200
0,200,30,1,2,2,1,10,5,2,0,0,0,0,200,200,200,16,11,0,28,200
0,200,30,1,2,2,1,10,5,2,0,0,0,0,200,200,200,16,11,0,200,200
0,200,30,0,0,0,2,10,5,200,0,0,0,0,200,200,200,200,200,0,29,200
0,200,30,0,0,0,2,10,5,200,0,0,0,0,200,200,200,200,200,0,40,200
1,200,30,0,0,0,2,10,5,200,0,0,0,0,200,200,200,200,200,1,200,200
1,200,30,0,0,0,2,10,5,200,0,0,0,0,200,200,200,200,200,0,200,200
1,200,30,0,0,0,2,10,5,200,0,0,0,0,200,200,200,200,200,1,200,200
0,200,30,0,0,0,1,12,6,1,0,200,200,0,200,200,200,22,22,0,200,200
0,200,30,0,0,0,1,12,6,1,0,200,200,0,200,200,200,22,22,0,24,200
0,200,30,200,1,0,1,14,2,2,0,0,200,0,200,200,200,22,22,0,200,200
0,200,30,200,1,0,1,14,2,2,0,0,200,0,200,200,200,22,22,1,63,200
0,1,5,0,0,0,1,10,7,2,0,0,0,0,200,200,1,0,200,2,200,200
0,1,5,0,0,0,1,10,7,2,0,0,0,0,200,200,1,0,200,0,56,200
0,200,30,1,2,0,3,14,5,2,0,0,0,1,1,200,200,17,23,0,53,200
0,200,30,1,2,0,3,14,5,2,0,0,0,1,1,200,200,17,23,1,22,200
1,200,30,1,2,0,3,14,5,2,0,0,0,1,1,200,200,17,23,1,37,200
0,200,30,0,0,0,2,10,5,200,0,0,0,0,200,200,200,200,200,0,29,200
0,200,30,0,0,0,2,10,5,200,0,0,0,0,200,200,200,200,200,1,19,200
0,200,30,1,2,0,1,10,3,200,0,0,0,0,200,200,1,0,200,0,200,200
0,200,30,1,2,0,1,10,3,200,0,0,0,0,200,200,1,0,200,1,57,200
1,200,30,1,2,0,1,10,3,200,0,0,0,0,200,200,1,0,200,0,38,200
0,200,30,1,2,0,3,10,2,2,0,0,0,0,200,200,200,16,11,0,200,200
0,200,30,1,2,0,3,10,2,2,0,0,0,0,200,200,200,16,11,0,32,200
0,200,30,0,0,0,2,7,5,2,0,0,0,0,200,200,200,20,200,0,200,200
0,200,25,1,2,0,1,12,5,2,0,0,0,0,1,200,200,22,200,1,200,200
0,200,25,1,2,0,1,12,5,2,0,0,0,0,1,200,200,22,200,0,60,200
1,200,25,1,2,0,1,12,5,2,0,0,0,0,1,200,200,22,200,0,200,200
0,200,30,0,0,0,3,5,3,2,0,0,1,0,200,200,200,29,200,1,53,200
0,200,30,0,0,0,1,12,12,4,0,0,0,1,200,200,200,21,200,0,72,200
0,200,30,0,0,0,1,12,12,4,0,0,0,1,200,200,200,21,200,1,29,200
0,200,30,0,0,0,3,7,5,2,0,0,0,0,200,200,1,16,25,2,200,200
0,200,30,0,0,0,3,12,2,4,0,200,200,0,200,200,200,16,0,1,200,200
0,200,30,0,0,0,3,12,2,4,0,200,200,0,200,200,200,16,0,1,59,200
0,1,30,2,2,0,1,0,6,1,0,0,0,0,1,200,200,0,200,1,41,200
0,1,30,2,2,0,1,0,6,1,0,0,0,0,1,200,200,0,200,0,24,200
0,200,30,2,0,0,0,10,2,200,0,0,0,0,1,200,1,18,200,0,200,200
0,200,30,2,0,0,0,10,2,200,0,0,0,0,1,200,1,18,200,0,23,200
0,200,35,1,2,0,0,14,3,4,0,0,0,0,200,200,200,0,0,0,54,200
0,200,35,1,2,0,0,14,3,4,0,0,0,0,200,200,200,0,0,1,0,200
0,200,30,1,2,0,1,10,5,4,0,0,0,0,200,200,200,18,0,0,19,200
0,200,30,1,2,0,1,10,5,4,0,0,0,0,200,200,200,18,0,1,29,200
0,200,30,0,0,0,3,2,2,4,0,1,200,0,200,200,200,13,200,0,36,200
0,200,20,0,0,0,1,0,7,200,0,0,0,0,200,1,200,0,0,0,64,200
0,200,20,0,0,0,1,0,7,200,0,0,0,0,200,1,200,0,0,1,58,200
4,200,35,1,2,0,0,8,5,200,0,0,0,1,1,200,200,35,200,0,33,200
0,200,35,1,2,0,0,8,5,200,0,0,0,1,1,200,200,35,200,0,51,200
0,200,30,0,0,0,1,14,7,200,0,0,0,0,200,200,200,23,200,0,32,200
0,200,30,0,0,0,1,14,7,200,0,0,0,0,200,200,200,23,200,2,200,200
0,200,30,0,0,0,4,14,2,1,0,0,0,0,200,200,200,17,200,1,26,200
0,200,30,0,0,0,4,14,2,1,0,0,0,0,200,200,200,17,200,0,43,200
0,200,30,0,0,0,1,7,6,1,0,0,0,0,200,200,200,200,200,2,200,200
0,200,30,1,2,0,1,10,6,3,0,0,200,0,1,200,200,18,200,0,48,200
0,200,30,1,2,0,1,10,6,3,0,0,200,0,1,200,200,18,200,1,33,200
0,200,30,2,2,0,1,0,5,200,0,0,0,0,1,200,200,17,200,0,41,200
0,200,30,2,2,0,1,0,5,200,0,0,0,0,1,200,200,17,200,0,200,200
0,200,25,0,0,0,3,7,5,200,0,0,0,0,200,200,200,20,11,0,16,200
0,200,30,2,2,0,1,0,5,1,0,0,0,0,1,200,200,5,200,0,26,200
0,200,30,2,2,0,1,0,5,1,0,0,0,0,1,200,200,5,200,0,23,200
1,200,30,2,2,0,1,0,5,1,0,0,0,0,1,200,200,5,200,0,200,200
1,200,30,2,2,0,1,0,5,1,0,0,0,0,1,200,200,5,200,0,200,200
1,200,30,2,2,0,1,0,5,1,0,0,0,0,1,200,200,5,200,0,200,200
0,200,30,1,2,0,1,14,5,3,0,0,0,0,200,200,1,21,17,2,200,200
0,200,30,1,2,0,1,14,5,3,0,0,0,0,200,200,1,21,17,1,69,200
0,200,5,0,0,0,3,7,7,200,0,1,0,0,200,0,1,0,0,0,200,200
0,200,35,1,2,0,3,10,5,200,0,0,0,0,1,200,200,0,0,0,24,200
0,200,35,1,2,0,3,10,5,200,0,0,0,0,1,200,200,0,0,0,200,200
1,200,35,1,2,0,3,10,5,200,0,0,0,0,1,200,200,0,0,0,20,200
1,200,35,1,2,0,3,10,5,200,0,0,0,0,1,200,200,0,0,0,26,200
1,200,35,1,2,0,3,10,5,200,0,0,0,0,1,200,200,0,0,0,20,200
1,200,35,1,2,0,3,10,5,200,0,0,0,0,1,200,200,0,0,0,20,200
0,200,35,0,0,0,0,12,6,2,0,0,0,0,200,200,200,0,0,0,44,200
0,200,35,0,0,0,0,12,6,2,0,0,0,0,200,200,200,0,0,1,39,200
0,200,35,1,2,0,3,14,5,200,0,0,0,0,200,200,200,23,23,0,24,200
0,200,35,1,2,0,3,14,5,200,0,0,0,0,200,200,200,23,23,1,19,200
0,200,30,0,0,0,3,2,5,200,0,0,0,0,200,1,200,0,0,0,52,200
0,200,30,0,0,0,3,7,6,1,0,0,0,1,200,200,200,32,0,1,45,0.18
0,200,30,12,12,0,3,8,2,200,0,0,0,1,200,200,200,21,200,0,56,200
4,200,30,12,12,0,3,8,2,200,0,0,0,1,200,200,200,21,200,0,21,200
1,200,30,12,12,0,3,8,2,200,0,0,0,1,200,200,200,21,200,0,36,200
0,200,30,1,2,0,3,10,3,200,0,0,0,0,200,200,200,0,0,1,34,200
0,200,30,1,2,0,3,10,3,200,0,0,0,0,200,200,200,0,0,1,36,200
1,200,30,1,2,0,3,10,3,200,0,0,0,0,200,200,200,0,0,0,2,200
1,200,30,1,2,0,3,10,3,200,0,0,0,0,200,200,200,0,0,1,5,200
0,200,10,0,0,1,0,7,7,200,0,2,200,0,200,200,200,11,200,0,34,200
0,200,30,0,0,0,1,12,6,200,0,0,0,0,200,200,200,21,0,0,200,200
0,200,30,0,0,0,1,12,6,200,0,0,0,0,200,200,200,21,0,1,200,200
0,200,30,200,200,0,3,7,5,4,0,0,200,0,200,200,1,16,200,0,55,200
1,200,30,200,200,0,3,7,5,4,0,0,200,0,200,200,1,16,200,0,54,200
0,200,35,1,1,0,3,2,3,200,0,0,0,1,200,200,1,21,200,2,200,200
0,200,35,1,1,0,3,2,3,200,0,0,0,1,200,200,1,21,200,0,36,200
0,200,20,2,2,0,3,7,6,1,0,0,0,0,200,200,1,0,0,0,200,200
0,200,30,1,2,200,200,10,2,2,0,200,0,0,1,200,200,18,200,0,200,200
0,200,30,1,2,200,200,10,2,2,0,200,0,0,1,200,200,18,200,0,44,200
0,200,30,0,0,0,3,7,6,1,0,0,0,0,200,200,1,25,20,0,200,200
1,200,30,0,0,0,3,7,6,1,0,0,0,0,200,200,1,25,20,0,200,200
0,200,30,0,0,0,0,14,5,2,0,0,0,1,0,200,1,25,200,2,200,200
0,200,30,0,0,0,0,14,5,2,0,0,0,1,0,200,1,25,200,0,22,200
1,200,30,0,0,0,0,14,5,2,0,0,0,1,0,200,1,25,200,0,16,200
0,200,30,1,2,0,0,14,2,200,0,0,0,1,1,200,200,6,17,0,55,200
0,200,30,1,2,0,0,14,2,200,0,0,0,1,1,200,200,6,17,1,36,200
1,200,30,1,2,0,0,14,2,200,0,0,0,1,1,200,200,6,17,1,200,200
0,200,30,0,0,0,1,2,5,2,0,0,12,0,200,200,200,15,28,0,200,200
0,200,30,1,2,0,3,14,5,200,0,0,0,0,200,200,1,6,0,2,200,200
0,200,30,1,2,0,3,14,5,200,0,0,0,0,200,200,1,6,0,1,21,200
0,1,30,0,0,0,3,7,6,1,0,0,0,0,200,200,1,0,0,2,200,200
4,200,30,2,2,0,3,8,2,2,0,0,0,1,1,200,200,5,16,0,50,200
0,200,30,2,2,0,3,8,2,2,0,0,0,1,1,200,200,5,16,0,32,200
0,200,30,0,0,0,0,2,5,2,3,1,0,1,200,200,200,0,200,0,35,200
0,200,30,0,0,0,3,2,5,2,0,0,0,1,1,200,200,16,0,1,28,200
1,200,30,0,0,0,3,2,5,2,0,0,0,1,1,200,200,16,0,1,26,200
0,200,20,2,2,0,3,7,2,2,0,0,0,0,200,200,1,0,0,0,29,200
0,200,25,0,0,0,3,2,2,2,0,0,0,1,200,200,200,25,200,0,21,200
0,200,30,0,0,0,3,7,6,1,0,0,200,1,200,200,200,27,25,1,21,200
0,200,30,0,0,0,1,2,5,4,0,0,0,0,200,200,200,12,0,1,41,200
0,1,25,0,0,0,1,7,5,200,0,0,0,0,200,200,200,0,0,2,200,200
0,200,35,1,1,0,1,12,2,200,0,0,0,0,200,200,200,4,3,0,62,200
0,200,35,1,1,0,1,12,2,200,0,0,0,0,200,200,200,4,3,0,56,200
1,200,35,1,1,0,1,12,2,200,0,0,0,0,200,200,200,4,3,0,26,200
0,200,30,1,1,0,1,12,5,200,0,0,0,0,200,200,200,18,18,0,75,200
0,200,30,1,1,0,1,12,5,200,0,0,0,0,200,200,200,18,18,1,42,200
0,200,25,1,2,0,1,10,2,4,0,0,0,1,1,200,200,18,0,0,21,200
0,200,25,1,2,0,1,10,2,4,0,0,0,1,1,200,200,18,0,0,58,200
0,200,35,0,0,0,1,10,2,2,0,0,0,0,200,200,200,0,200,0,49,200
0,200,35,0,0,0,1,10,2,2,0,0,0,0,200,200,200,0,200,0,60,200
0,200,15,0,0,0,1,11,5,200,0,0,0,0,200,200,200,11,200,0,55,200
0,200,15,0,0,0,1,11,5,200,0,0,0,0,200,200,200,11,200,0,19,200
0,200,35,1,2,0,1,14,5,1,0,0,0,0,200,200,200,0,0,1,41,200
0,200,35,1,2,0,1,14,5,1,0,0,0,0,200,200,200,0,0,1,41,200
0,200,30,0,0,0,1,10,6,200,0,0,0,0,200,200,200,18,200,1,43,200
0,200,30,0,0,0,1,10,6,200,0,0,0,0,200,200,200,18,200,1,31,200
0,200,30,0,0,200,200,7,6,1,0,200,200,0,200,200,1,200,200,2,200,200
0,200,30,0,0,0,1,14,2,2,0,0,0,0,1,200,200,17,33,0,21,200
0,200,30,0,0,0,1,14,2,2,0,0,0,0,1,200,200,17,33,1,28,200
0,200,30,1,2,0,1,12,2,200,0,0,0,0,200,200,200,22,200,0,0,200
0,200,30,1,2,0,1,12,2,200,0,0,0,0,200,200,200,22,200,0,26,200
0,200,30,0,0,0,1,12,6,2,0,0,0,0,200,200,200,21,200,2,200,200
0,200,30,0,0,0,1,12,6,2,0,0,0,0,200,200,200,21,200,0,29,200
0,200,30,0,0,0,1,12,5,2,0,0,3,0,200,200,200,17,200,0,48,200
0,200,30,0,0,0,1,12,5,2,0,0,3,0,200,200,200,17,200,0,29,200
0,200,30,1,2,0,1,10,5,200,0,0,0,1,200,200,200,18,200,0,34,200
0,200,30,1,2,0,1,10,5,200,0,0,0,1,200,200,200,18,200,0,47,200
0,200,30,0,0,0,1,14,5,2,0,0,200,0,200,200,200,23,17,1,18,200
0,200,30,0,0,0,1,14,5,2,0,0,200,0,200,200,200,23,17,1,29,200
0,200,30,0,0,0,1,10,2,4,0,0,0,0,200,200,200,18,14,0,44,200
0,200,30,0,0,0,1,10,2,4,0,0,0,0,200,200,200,18,14,1,50,200
0,200,30,0,0,0,1,10,2,4,0,0,0,0,200,200,200,18,14,1,33,200
1,200,30,0,0,0,1,10,2,4,0,0,0,0,200,200,200,18,14,1,9,200
0,200,35,3,2,0,1,10,3,3,2,0,0,0,200,200,200,21,0,2,200,200
0,200,35,3,2,0,1,10,3,3,2,0,0,0,200,200,200,21,0,1,32,200
0,200,35,3,2,0,1,10,3,3,2,0,0,0,200,200,200,21,0,1,49,200
1,200,35,3,2,0,1,10,3,3,2,0,0,0,200,200,200,21,0,1,72,200
1,200,35,3,2,0,1,10,3,3,2,0,0,0,200,200,200,21,0,200,200,200
1,200,35,3,2,0,1,10,3,3,2,0,0,0,200,200,200,21,0,0,18,200
1,200,35,3,2,0,1,10,3,3,2,0,0,0,200,200,200,21,0,0,11,200
0,200,30,1,2,0,1,14,1,2,0,0,0,1,1,200,200,32,200,1,36,200
0,200,30,1,2,0,1,14,1,2,0,0,0,1,1,200,200,32,200,1,41,200
4,200,30,2,2,0,1,8,5,2,0,0,0,1,1,200,200,0,0,0,19,200
0,200,30,2,2,0,1,8,5,2,0,0,0,1,1,200,200,0,0,1,52,200
0,200,30,1,0,0,1,10,5,2,0,0,0,0,200,200,200,4,3,1,200,200
0,200,30,1,0,0,1,10,5,2,0,0,0,0,200,200,200,4,3,1,36,200
1,200,30,1,0,0,1,10,5,2,0,0,0,0,200,200,200,4,3,1,9,200
0,200,30,2,2,0,3,0,6,200,0,0,0,0,200,200,200,0,0,1,29,200
0,200,30,2,2,0,3,0,6,200,0,0,0,0,200,200,200,0,0,1,25,200
1,200,30,2,2,0,3,0,6,200,0,0,0,0,200,200,200,0,0,1,200,200
1,200,30,2,2,0,3,0,6,200,0,0,0,0,200,200,200,0,0,0,200,200
0,200,30,9,2,0,1,12,2,200,0,0,0,0,200,200,200,22,11,0,27,200
0,200,30,9,2,0,1,12,2,200,0,0,0,0,200,200,200,22,11,1,70,200
0,200,30,0,0,0,1,12,5,4,0,0,0,0,200,200,200,21,11,1,44,200
0,200,30,0,0,0,1,12,5,4,0,0,0,0,200,200,200,21,11,0,50,200
0,1,30,0,0,0,1,12,5,3,3,0,0,0,200,200,200,17,0,1,40,200
0,1,30,0,0,0,1,12,5,3,3,0,0,0,200,200,200,17,0,1,26,200
0,200,30,1,200,0,1,12,5,2,0,0,0,0,200,200,200,25,0,1,22,200
0,200,30,1,200,0,1,12,5,2,0,0,0,0,200,200,200,25,0,1,42,200
0,200,25,1,2,0,1,14,5,0,0,0,0,0,1,200,200,0,0,1,68,200
0,200,25,1,2,0,1,14,5,0,0,0,0,0,1,200,200,0,0,0,66,200
1,200,25,1,2,0,1,14,5,0,0,0,0,0,1,200,200,0,0,0,66,200
0,200,30,0,0,0,1,10,0,1,0,0,0,1,200,200,200,16,18,0,50,200
0,200,30,0,0,0,1,10,0,1,0,0,0,1,200,200,200,16,18,0,47,200
0,200,10,0,0,0,1,12,7,200,0,0,0,0,200,1,200,20,16,0,40,200
0,200,10,0,0,0,1,12,7,200,0,0,0,0,200,1,200,20,16,0,31,200
0,200,10,0,0,0,1,7,7,200,0,0,0,0,200,200,200,11,200,1,50,200
1,200,10,0,0,0,1,7,7,200,0,0,0,0,200,200,200,11,200,1,48,200
0,200,30,0,0,0,1,1,5,200,0,0,0,0,200,200,1,1,200,2,200,200
0,200,30,0,0,0,1,11,5,200,0,0,0,0,1,200,200,0,0,1,43,200
0,200,30,0,0,0,1,11,5,200,0,0,0,0,1,200,200,0,0,1,59,200
0,200,30,0,0,0,1,10,5,200,0,0,0,0,200,200,200,0,0,0,16,200
0,200,30,0,0,0,1,10,5,200,0,0,0,0,200,200,200,0,0,0,39,200
0,200,30,1,2,0,1,10,3,6,0,0,0,0,200,200,200,0,200,0,54,200
0,200,30,1,2,0,1,10,3,6,0,0,0,0,200,200,200,0,200,1,63,200
1,200,30,1,2,0,1,10,3,6,0,0,0,0,200,200,200,0,200,0,200,200
0,200,30,2,2,0,1,8,5,2,0,0,0,1,1,200,1,17,17,0,200,200
4,200,30,2,2,0,1,8,5,2,0,0,0,1,1,200,1,17,17,0,57,200
0,200,30,1,2,0,1,10,5,200,0,0,0,0,200,200,200,16,17,0,28,200
0,200,30,1,2,0,1,10,5,200,0,0,0,0,200,200,200,16,17,1,49,200
0,200,30,0,0,0,1,8,2,0,0,0,0,1,1,200,200,17,16,0,52,200
4,200,30,0,0,0,1,8,2,0,0,0,0,1,1,200,200,17,16,0,32,200
0,200,35,0,0,0,1,7,5,4,0,200,200,0,200,200,200,0,0,1,71,200
1,200,35,0,0,0,1,7,5,4,0,200,200,0,200,200,200,0,0,0,68,200
1,200,35,0,0,0,1,7,5,4,0,200,200,0,200,200,200,0,0,0,52,200
0,200,30,2,2,0,1,0,2,2,0,0,0,0,1,200,200,22,0,0,36,200
0,200,30,2,2,0,1,0,2,2,0,0,0,0,1,200,200,22,0,1,17,200
0,200,30,2,2,0,1,0,5,0,0,0,0,1,1,200,200,33,17,1,57,200
0,200,30,2,2,0,1,0,5,0,0,0,0,1,1,200,200,33,17,1,41,200
1,200,30,2,2,0,1,0,5,0,0,0,0,1,1,200,200,33,17,1,22,200
0,200,30,0,0,200,200,7,5,200,0,200,12,0,200,200,200,20,200,0,48,200
1,200,30,0,0,200,200,7,5,200,0,200,12,0,200,200,200,20,200,200,200,200
0,200,15,0,0,0,1,7,5,200,0,0,0,0,200,200,200,0,0,0,29,200
0,200,35,0,0,0,0,7,3,2,0,0,0,0,200,200,0,0,0,0,200,200
0,200,30,2,2,0,1,0,5,200,0,0,0,0,200,200,200,21,17,1,200,200
0,200,30,2,2,0,1,0,5,200,0,0,0,0,200,200,200,21,17,0,200,200
0,200,30,0,0,0,1,14,12,2,0,0,0,1,200,200,200,21,23,1,34,200
0,200,30,0,0,0,1,14,12,2,0,0,0,1,200,200,200,21,23,0,28,200
1,200,30,0,0,0,1,14,12,2,0,0,0,1,200,200,200,21,23,0,200,200
0,200,30,0,0,0,1,10,5,200,0,0,0,1,200,200,200,18,11,0,24,200
0,200,30,0,0,0,1,10,5,200,0,0,0,1,200,200,200,18,11,1,48,200
0,200,25,0,0,0,1,2,6,1,0,0,0,0,200,200,200,0,200,0,52,200
0,200,30,0,0,0,1,10,2,200,0,0,200,1,200,200,200,18,200,1,28,200
0,200,30,0,0,0,1,10,2,200,0,0,200,1,200,200,200,18,200,1,44,200
0,200,30,2,2,0,1,12,5,2,0,0,0,0,1,200,200,0,0,1,45,200
0,200,30,2,2,0,1,12,5,2,0,0,0,0,1,200,200,0,0,0,47,200
1,200,30,2,2,0,1,12,5,2,0,0,0,0,1,200,200,0,0,1,200,200
0,200,30,2,12,2,1,14,12,200,0,1,0,1,1,200,200,17,200,1,46,200
0,200,30,2,12,2,1,14,12,200,0,1,0,1,1,200,200,17,200,1,36,200
1,200,30,2,12,2,1,14,12,200,0,1,0,1,1,200,200,17,200,200,200,200
1,200,30,2,12,2,1,14,12,200,0,1,0,1,1,200,200,17,200,0,200,200
1,200,30,2,12,2,1,14,12,200,0,1,0,1,1,200,200,17,200,0,15,200
0,200,30,1,0,0,1,0,2,2,0,0,0,0,200,200,200,22,0,0,200,200
0,200,30,1,0,0,1,0,2,2,0,0,0,0,200,200,200,22,0,0,72,200
0,200,30,0,0,0,1,10,2,200,0,0,0,0,200,200,1,18,0,0,200,200
0,200,30,0,0,0,1,10,2,200,0,0,0,0,200,200,1,18,0,0,26,200
0,200,30,0,0,0,1,10,2,200,0,0,0,0,200,200,1,18,0,1,27,200
0,200,30,0,0,0,1,10,2,200,0,0,0,0,200,200,1,18,0,0,200,200
0,200,5,0,0,0,1,10,7,2,0,0,0,0,200,200,1,0,0,1,200,200
1,200,5,0,0,0,1,10,7,2,0,0,0,0,200,200,1,0,0,0,200,200
0,200,5,0,0,0,1,10,7,2,0,0,0,0,200,200,1,0,0,0,70,200
0,200,35,2,2,0,1,14,5,200,0,0,0,0,1,200,200,17,200,0,21,200
0,200,35,2,2,0,1,14,5,200,0,0,0,0,1,200,200,17,200,0,52,200
0,200,30,1,2,0,1,12,5,200,0,0,0,0,200,200,200,22,11,0,57,200
0,200,30,1,2,0,1,12,5,200,0,0,0,0,200,200,200,22,11,0,34,200
0,200,30,0,0,0,1,10,5,200,0,0,0,0,200,200,1,16,200,0,200,200
0,200,30,0,0,0,1,10,5,200,0,0,0,0,200,200,1,16,200,1,57,200
0,200,30,2,2,0,1,0,5,2,0,0,0,0,1,200,200,17,33,0,28,200
0,200,30,2,2,0,1,0,5,2,0,0,0,0,1,200,200,17,33,1,29,200
1,200,30,2,2,0,1,0,5,2,0,0,0,0,1,200,200,17,33,1,4,200
1,200,30,2,2,0,1,0,5,2,0,0,0,0,1,200,200,17,33,0,6,200
0,200,30,0,0,0,1,12,2,1,0,0,0,0,200,200,1,22,25,2,200,200
0,200,30,0,0,0,1,12,2,1,0,0,0,0,200,200,1,22,25,0,0,200
0,200,30,2,2,0,1,12,5,200,0,0,0,0,200,200,1,18,0,0,200,200
0,200,30,2,2,0,1,12,5,200,0,0,0,0,200,200,1,18,0,0,72,200
1,200,30,2,2,0,1,12,5,200,0,0,0,0,200,200,1,18,0,1,66,200
0,200,30,2,2,0,1,8,5,2,0,0,0,1,1,200,200,23,200,0,27,200
4,200,30,2,2,0,1,8,5,2,0,0,0,1,1,200,200,23,200,1,34,200
0,200,30,0,0,0,1,0,5,2,0,0,0,0,200,200,1,17,17,0,200,200
0,200,30,0,0,0,1,0,5,2,0,0,0,0,200,200,1,17,17,1,28,200
1,200,30,0,0,0,1,0,5,2,0,0,0,0,200,200,1,17,17,1,8,200
0,200,35,0,0,0,1,12,3,200,0,0,0,0,200,200,1,22,0,2,200,200
0,200,35,0,0,0,1,12,3,200,0,0,0,0,200,200,1,22,0,1,42,200
0,200,30,0,0,0,1,10,2,2,0,0,0,1,200,200,200,25,23,0,28,200
0,200,30,0,0,0,1,10,2,2,0,0,0,1,200,200,200,25,23,0,32,200
1,200,30,0,0,0,1,10,2,2,0,0,0,1,200,200,200,25,23,0,32,200
1,200,30,0,0,0,1,10,2,2,0,0,0,1,200,200,200,25,23,0,68,200
1,200,30,0,0,0,1,10,2,2,0,0,0,1,200,200,200,25,23,0,200,200
0,200,30,0,200,0,1,10,5,200,0,0,0,1,200,200,200,8,18,0,50,200
0,200,30,0,200,0,1,10,5,200,0,0,0,1,200,200,200,8,18,0,47,200
0,200,30,0,200,0,1,10,5,200,0,0,0,1,200,200,200,8,18,1,65,200
0,200,35,1,2,0,1,14,2,4,0,0,0,0,200,200,200,17,23,0,34,200