PERSON_TYPE,CRASH_DATE_EST_I,POSTED_SPEED_LIMIT,TRAFFIC_CONTROL_DEVICE,DEVICE_CONDITION,WEATHER_CONDITION,LIGHTING_CONDITION,FIRST_CRASH_TYPE,TRAFFICWAY_TYPE,LANE_CNT,ALIGNMENT,ROADWAY_SURFACE_COND,ROAD_DEFECT,CRASH_TYPE,INTERSECTION_RELATED_I,NOT_RIGHT_OF_WAY_I,HIT_AND_RUN_I,PRIM_CONTRIBUTORY_CAUSE,SEC_CONTRIBUTORY_CAUSE,SEX,AGE,BAC_RESULT VALUE
0,200,30,0,0,0,1,12,5,200,0,0,0,0,200,200,200,0,200,1,200,200
0,200,30,0,0,0,1,12,5,200,0,0,0,0,200,200,200,0,200,1,55,200
1,200,30,0,0,0,1,12,5,200,0,0,0,0,200,200,200,0,200,1,48,200
0,200,30,1,2,0,1,12,5,3,0,200,200,0,200,200,200,21,22,0,24,200
0,200,30,1,2,0,1,12,5,3,0,200,200,0,200,200,200,21,22,0,24,200
0,200,30,1,2,0,1,10,5,200,0,0,0,0,1,200,200,18,200,1,200,200
0,200,30,1,2,0,1,10,5,200,0,0,0,0,1,200,200,18,200,0,61,200
0,200,30,0,0,0,1,12,5,200,0,0,0,0,0,200,200,200,200,0,24,200
0,200,30,0,0,0,1,12,5,200,0,0,0,0,0,200,200,200,200,0,50,200
1,200,30,0,0,0,1,12,5,200,0,0,0,0,0,200,200,200,200,0,48,200
0,1,40,0,0,0,1,10,200,3,0,0,200,0,200,200,200,33,200,0,51,200
0,1,40,0,0,0,1,10,200,3,0,0,200,0,200,200,200,33,200,0,56,200
0,200,30,0,0,0,1,7,6,2,0,200,200,0,200,200,1,0,200,2,200,200
0,200,30,1,2,0,1,10,2,200,0,0,200,0,200,200,200,18,200,0,42,200
0,200,30,1,2,0,1,10,2,200,0,0,200,0,200,200,200,18,200,0,23,200
0,200,30,2,200,0,1,8,5,0,0,200,200,1,1,200,200,200,200,1,200,200
4,200,30,2,200,0,1,8,5,0,0,200,200,1,1,200,200,200,200,1,24,200
0,200,30,0,0,0,1,7,5,200,0,0,0,0,200,200,1,200,200,2,200,200
0,200,30,0,2,0,1,12,5,200,0,0,0,0,200,200,200,21,21,0,38,200
0,200,30,0,2,0,1,12,5,200,0,0,0,0,200,200,200,21,21,0,74,200
0,1,30,1,2,0,1,9,2,4,0,0,0,1,1,200,1,0,200,2,200,200
5,1,30,1,2,0,1,9,2,4,0,0,0,1,1,200,1,0,200,0,8,200
3,200,30,1,2,0,1,5,5,2,0,0,0,0,1,200,1,3,200,0,200,200
0,200,30,1,2,0,1,5,5,2,0,0,0,0,1,200,1,3,200,0,45,200
0,200,30,0,0,0,1,10,5,200,0,200,200,0,200,200,1,18,200,1,200,200
0,200,30,0,0,0,1,10,5,200,0,200,200,0,200,200,1,18,200,1,61,200
0,200,30,1,0,0,1,12,5,4,0,0,0,0,200,200,1,22,200,0,200,200
0,200,30,1,0,0,1,12,5,4,0,0,0,0,200,200,1,22,200,0,63,200
0,200,25,2,2,0,1,14,5,200,0,0,0,1,1,200,200,0,200,0,77,200
0,200,25,2,2,0,1,14,5,200,0,0,0,1,1,200,200,0,200,1,43,200
0,200,30,0,200,0,1,14,2,2,0,0,0,0,200,200,200,23,22,1,27,200
0,200,30,0,200,0,1,14,2,2,0,0,0,0,200,200,200,23,22,0,29,200
0,200,30,0,0,0,1,10,5,2,0,200,200,0,200,200,1,0,200,2,200,200
0,200,30,0,0,0,1,10,5,2,0,200,200,0,200,200,1,0,200,0,29,200
1,200,30,0,0,0,1,10,5,2,0,200,200,0,200,200,1,0,200,1,35,200
0,200,30,0,0,0,1,12,6,200,0,0,0,0,200,200,200,17,200,1,43,200
0,200,30,0,0,0,1,12,6,200,0,0,0,0,200,200,200,17,200,1,68,200
0,200,35,0,0,0,1,10,5,200,0,0,0,1,200,200,200,0,200,0,35,200
0,200,35,0,0,0,1,10,5,200,0,0,0,1,200,200,200,0,200,0,43,200
0,200,30,0,0,0,1,10,6,1,0,0,0,1,200,200,1,14,25,0,21,200
0,200,30,0,0,0,1,10,6,1,0,0,0,1,200,200,1,14,25,0,39,200
0,200,30,1,2,0,1,12,3,6,0,0,0,0,1,200,200,22,0,0,43,200
0,200,30,1,2,0,1,12,3,6,0,0,0,0,1,200,200,22,0,1,55,200
1,200,30,1,2,0,1,12,3,6,0,0,0,0,1,200,200,22,0,200,200,200
0,200,30,0,0,0,1,0,7,200,0,0,0,0,200,200,200,0,200,0,44,200
0,200,30,0,0,0,1,0,7,200,0,0,0,0,200,200,200,0,200,0,38,200
1,200,30,0,0,0,1,0,7,200,0,0,0,0,200,200,200,0,200,1,200,200
0,200,30,0,0,0,1,10,2,2,2,0,0,1,200,200,200,0,200,1,29,200
0,200,30,0,0,0,1,10,2,2,2,0,0,1,200,200,200,0,200,0,27,200
0,200,30,0,0,0,1,10,2,2,2,0,0,1,200,200,200,0,200,0,50,200
1,200,30,0,0,0,1,10,2,2,2,0,0,1,200,200,200,0,200,1,23,200
0,200,30,2,2,0,1,14,5,200,0,0,0,0,1,200,200,0,200,1,17,200
0,200,30,2,2,0,1,14,5,200,0,0,0,0,1,200,200,0,200,0,36,200
0,200,30,0,0,0,1,0,5,200,0,0,0,0,200,200,1,200,200,0,200,200
0,200,30,0,0,0,1,0,5,200,0,0,0,0,200,200,1,200,200,0,55,200
0,200,30,3,0,0,1,12,5,200,4,0,0,0,200,200,200,22,21,0,31,200
0,200,30,3,0,0,1,12,5,200,4,0,0,0,200,200,200,22,21,0,42,200
1,200,30,3,0,0,1,12,5,200,4,0,0,0,200,200,200,22,21,1,28,200
0,200,30,0,0,0,1,10,2,1,0,0,3,0,200,200,200,21,21,0,89,200
0,200,30,0,0,0,1,10,2,1,0,0,3,0,200,200,200,21,21,0,50,200
0,200,30,1,2,0,1,12,5,2,0,0,0,0,1,200,200,17,200,1,200,200
0,200,30,1,2,0,1,12,5,2,0,0,0,0,1,200,200,17,200,0,200,200
1,200,30,1,2,0,1,12,5,2,0,0,0,0,1,200,200,17,200,1,200,200
1,200,30,1,2,0,1,12,5,2,0,0,0,0,1,200,200,17,200,2,200,200
4,200,30,1,2,0,1,8,5,200,0,0,0,1,1,200,200,22,0,0,16,200
0,200,30,1,2,0,1,8,5,200,0,0,0,1,1,200,200,22,0,0,64,200
0,200,20,0,0,0,1,7,12,1,0,0,0,0,200,200,200,200,200,0,200,200
0,200,35,0,0,0,1,10,5,2,0,0,0,0,200,200,200,18,16,0,28,200
0,200,35,0,0,0,1,10,5,2,0,0,0,0,200,200,200,18,16,0,47,200
0,200,30,2,2,0,1,14,5,200,0,0,200,0,1,200,200,17,200,0,88,200
0,200,30,2,2,0,1,14,5,200,0,0,200,0,1,200,200,17,200,0,78,200
0,200,20,0,0,0,1,7,7,200,0,0,0,0,200,200,1,16,0,0,200,200
1,200,20,0,0,0,1,7,7,200,0,0,0,0,200,200,1,16,0,1,200,200
0,200,30,2,2,0,1,9,5,2,0,0,0,1,200,200,200,5,17,1,39,200
5,200,30,2,2,0,1,9,5,2,0,0,0,1,200,200,200,5,17,1,42,200
1,200,30,2,2,0,1,9,5,2,0,0,0,1,200,200,200,5,17,1,13,200
0,1,30,0,0,0,1,5,5,2,0,0,0,1,200,1,200,27,200,0,19,200
0,200,10,0,0,0,1,4,7,200,0,0,0,0,200,1,200,12,200,0,54,200
0,1,30,0,0,0,1,7,5,4,0,0,0,0,200,200,1,0,200,2,200,200
0,200,35,1,2,0,1,14,1,6,0,0,0,1,1,200,200,17,16,0,60,200
0,200,35,1,2,0,1,14,1,6,0,0,0,1,1,200,200,17,16,1,30,200
1,200,35,1,2,0,1,14,1,6,0,0,0,1,1,200,200,17,16,1,26,200
1,200,35,1,2,0,1,14,1,6,0,0,0,1,1,200,200,17,16,1,60,200
0,0,5,0,0,0,1,7,7,200,0,0,200,0,200,200,200,0,0,2,200,200
0,200,30,0,0,0,1,12,6,200,0,0,0,0,200,200,200,0,200,0,200,200
0,200,30,0,0,0,1,12,6,200,0,0,0,0,200,200,200,0,200,1,76,200
0,200,30,0,0,0,1,7,7,200,0,0,0,0,200,200,1,0,0,2,200,200
0,200,30,1,2,0,1,14,5,2,0,0,0,0,1,200,200,23,20,1,31,200
0,200,30,1,2,0,1,14,5,2,0,0,0,0,1,200,200,23,20,1,27,200
0,200,30,2,2,0,1,9,2,2,0,0,200,1,1,200,1,17,0,0,200,200
5,200,30,2,2,0,1,9,2,2,0,0,200,1,1,200,1,17,0,1,46,200
0,200,30,0,0,0,1,12,5,200,0,0,0,0,200,200,200,0,200,1,40,200
0,200,30,0,0,0,1,12,5,200,0,0,0,0,200,200,200,0,200,1,42,200
0,200,30,2,2,0,1,0,5,200,0,0,0,0,200,200,1,0,0,2,200,200
0,200,30,2,2,0,1,0,5,200,0,0,0,0,200,200,1,0,0,1,41,200
0,200,30,2,0,0,1,0,5,2,0,0,0,0,1,200,200,5,17,0,79,200
0,200,30,2,0,0,1,0,5,2,0,0,0,0,1,200,200,5,17,0,52,200
0,200,30,2,2,0,1,0,5,200,0,0,0,0,200,200,200,200,200,1,63,200
0,200,30,2,2,0,1,0,5,200,0,0,0,0,200,200,200,200,200,1,50,200
1,200,30,2,2,0,1,0,5,200,0,0,0,0,200,200,200,200,200,0,200,200
0,200,30,0,0,0,1,7,6,1,0,0,200,0,200,200,1,0,200,2,200,200
0,200,30,0,0,0,1,7,5,200,0,0,0,0,200,200,1,0,0,2,200,200
0,200,30,2,2,0,1,0,5,200,0,0,0,0,1,200,200,0,0,0,49,200
0,200,30,2,2,0,1,0,5,200,0,0,0,0,1,200,200,0,0,1,31,200
0,1,35,1,2,0,1,5,2,4,0,0,12,0,200,200,200,0,200,1,51,200
1,1,35,1,2,0,1,5,2,4,0,0,12,0,200,200,200,0,200,1,9,200
0,200,30,1,2,0,1,14,5,200,0,0,200,0,1,200,200,17,200,1,35,200
0,200,30,1,2,0,1,14,5,200,0,0,200,0,1,200,200,17,200,0,33,200
0,200,30,1,2,0,1,14,3,200,0,0,0,0,200,200,200,0,0,1,65,200
0,200,30,1,2,0,1,14,3,200,0,0,0,0,200,200,200,0,0,1,50,200
0,200,30,0,0,0,1,2,12,1,0,0,0,0,200,200,200,33,200,0,42,200
1,200,30,0,0,0,1,2,12,1,0,0,0,0,200,200,200,33,200,0,29,200
0,200,30,0,0,0,1,10,5,200,0,0,0,1,200,200,200,18,18,0,200,200
0,200,30,0,0,0,1,10,5,200,0,0,0,1,200,200,200,18,18,0,46,200
1,200,30,0,0,0,1,10,5,200,0,0,0,1,200,200,200,18,18,1,54,200
0,200,45,0,0,0,1,12,3,200,0,0,0,1,200,200,1,22,200,2,200,200
0,200,45,0,0,0,1,12,3,200,0,0,0,1,200,200,1,22,200,1,43,200
0,200,45,0,0,0,1,12,3,200,0,0,0,1,200,200,1,22,200,1,39,200
1,200,45,0,0,0,1,12,3,200,0,0,0,1,200,200,1,22,200,0,8,200
1,200,45,0,0,0,1,12,3,200,0,0,0,1,200,200,1,22,200,1,9,200
0,200,30,0,0,0,1,7,6,1,0,200,200,0,200,200,1,0,0,2,200,200
0,200,30,1,2,0,1,8,5,4,0,0,0,1,200,200,200,17,200,2,200,200
4,200,30,1,2,0,1,8,5,4,0,0,0,1,200,200,200,17,200,0,14,200
0,200,30,0,0,0,1,12,5,4,0,0,0,0,200,200,200,17,0,0,48,200
0,200,30,0,0,0,1,12,5,4,0,0,0,0,200,200,200,17,0,1,84,200
5,200,30,1,2,0,1,9,6,200,0,0,0,1,200,200,200,0,0,0,14,200
0,200,30,1,2,0,1,9,6,200,0,0,0,1,200,200,200,0,0,1,200,200
0,200,30,0,0,0,1,10,5,200,0,0,0,0,200,200,200,200,200,0,63,200
0,200,30,0,0,0,1,10,5,200,0,0,0,0,200,200,200,200,200,0,60,200
0,200,30,1,2,0,1,14,5,200,0,0,0,0,1,200,200,6,200,1,25,200
0,200,30,1,2,0,1,14,5,200,0,0,0,0,1,200,200,6,200,0,62,200
0,1,30,0,0,0,1,7,5,1,0,0,200,0,200,200,1,0,200,0,200,200
0,200,30,1,0,0,1,0,5,200,0,0,0,0,200,200,200,0,0,0,35,200
0,200,30,1,0,0,1,0,5,200,0,0,0,0,200,200,200,0,0,1,31,200
0,200,30,0,0,0,1,0,5,200,0,0,0,0,0,200,200,0,0,1,24,200
0,200,30,0,0,0,1,0,5,200,0,0,0,0,0,200,200,0,0,0,31,200
0,200,10,0,0,0,1,0,7,1,0,0,200,0,200,1,200,17,0,0,34,200
0,200,10,0,0,0,1,0,7,1,0,0,200,0,200,1,200,17,0,1,52,200
0,200,30,0,0,0,1,10,5,200,0,0,0,0,200,200,1,0,0,0,200,200
0,200,30,0,0,0,1,10,5,200,0,0,0,0,200,200,1,0,0,0,66,200
0,200,10,0,0,0,1,2,4,200,2,0,0,0,200,1,1,200,200,1,200,200
0,200,30,0,2,0,1,7,200,200,0,0,0,0,200,200,1,0,0,2,200,200
0,200,30,2,2,0,1,10,6,1,0,200,200,0,200,200,1,20,20,2,200,200
0,200,30,2,2,0,1,10,6,1,0,200,200,0,200,200,1,20,20,0,27,200
0,200,45,0,0,0,1,12,3,8,0,0,200,0,200,200,1,17,0,0,200,200
0,200,45,0,0,0,1,12,3,8,0,0,200,0,200,200,1,17,0,1,38,200
1,200,45,0,0,0,1,12,3,8,0,0,200,0,200,200,1,17,0,0,200,200
0,200,30,0,2,0,1,7,5,200,0,0,0,0,200,200,1,0,0,2,200,200
0,200,35,0,0,0,1,14,5,2,0,0,3,1,1,200,200,0,0,1,30,200
0,200,35,0,0,0,1,14,5,2,0,0,3,1,1,200,200,0,0,0,56,200
0,200,30,0,0,0,4,10,5,200,0,0,0,0,200,200,200,18,200,0,63,200
0,200,30,0,0,0,4,10,5,200,0,0,0,0,200,200,200,18,200,1,25,200
0,200,30,1,2,0,1,0,5,4,0,0,0,1,1,200,200,14,200,0,22,200
0,200,30,1,2,0,1,0,5,4,0,0,0,1,1,200,200,14,200,0,200,200
0,200,30,2,2,0,1,7,5,2,0,0,0,0,200,200,200,200,200,1,28,200
0,200,30,0,0,0,1,10,5,2,0,0,0,0,200,200,1,18,0,0,200,200
0,200,30,0,0,0,1,10,5,2,0,0,0,0,200,200,1,18,0,1,31,200
1,200,30,0,0,0,1,10,5,2,0,0,0,0,200,200,1,18,0,1,200,200
0,200,15,0,0,0,1,7,7,200,0,0,0,0,200,200,1,0,200,2,200,200
0,0,30,1,200,0,4,12,5,4,3,0,200,0,1,200,1,21,0,0,200,200
0,0,30,1,200,0,4,12,5,4,3,0,200,0,1,200,1,21,0,1,24,200
0,200,30,2,2,0,1,10,3,4,0,0,0,1,200,200,200,0,200,0,60,200
0,200,30,2,2,0,1,10,3,4,0,0,0,1,200,200,200,0,200,0,33,200
1,200,30,2,2,0,1,10,3,4,0,0,0,1,200,200,200,0,200,0,55,200
1,200,30,2,2,0,1,10,3,4,0,0,0,1,200,200,200,0,200,0,36,200
0,200,30,2,2,0,1,0,6,200,0,0,200,0,1,200,200,7,0,1,18,200
0,200,30,2,2,0,1,0,6,200,0,0,200,0,1,200,200,7,0,1,34,200
0,200,10,0,0,0,1,7,7,200,0,0,0,0,200,200,200,0,200,1,67,200
0,200,30,1,2,0,1,9,5,3,0,200,200,1,200,200,1,17,17,0,200,200
5,200,30,1,2,0,1,9,5,3,0,200,200,1,200,200,1,17,17,1,34,200
0,200,30,1,2,0,1,12,5,200,0,0,0,0,200,200,1,0,0,0,200,200
0,200,30,1,2,0,1,12,5,200,0,0,0,0,200,200,1,0,0,0,52,200
0,1,30,0,0,0,1,14,2,4,0,0,0,0,200,200,200,25,14,0,28,200
0,1,30,0,0,0,1,14,2,4,0,0,0,0,200,200,200,25,14,0,0,200
0,200,30,0,0,0,1,7,5,2,0,0,0,0,200,200,1,0,0,2,200,200
0,200,10,0,0,0,4,7,5,2,0,0,0,0,200,200,200,20,200,0,20,200
0,200,35,0,0,0,4,12,3,4,0,0,200,0,200,200,200,17,0,0,26,200
0,200,35,0,0,0,4,12,3,4,0,0,200,0,200,200,200,17,0,0,36,200
0,200,30,0,0,0,200,7,5,200,0,0,0,0,200,200,1,22,200,2,200,200
0,200,30,1,200,0,3,14,5,4,0,0,0,1,200,200,1,0,200,0,59,200
0,200,30,1,200,0,3,14,5,4,0,0,0,1,200,200,1,0,200,2,200,200
0,200,30,0,0,0,1,14,5,2,0,0,12,0,200,200,200,25,28,0,26,200
0,200,30,0,0,0,1,14,5,2,0,0,12,0,200,200,200,25,28,1,29,200
1,200,30,0,0,0,1,14,5,2,0,0,12,0,200,200,200,25,28,2,200,200
0,200,30,1,200,200,4,14,2,200,0,200,200,0,200,200,200,17,17,0,200,200
0,200,30,1,200,200,4,14,2,200,0,200,200,0,200,200,200,17,17,0,64,200
0,200,30,200,200,0,1,7,5,2,0,200,200,0,200,200,1,11,0,2,200,200
0,200,30,0,0,0,1,10,5,200,0,0,0,0,200,200,200,0,200,0,21,200
0,200,30,0,0,0,1,10,5,200,0,0,0,0,200,200,200,0,200,0,37,200
0,200,30,200,200,0,200,10,200,2,0,200,200,0,200,200,1,16,0,0,200,200
0,200,30,200,200,0,200,10,200,2,0,200,200,0,200,200,1,16,0,1,28,200
1,200,30,200,200,0,200,10,200,2,0,200,200,0,200,200,1,16,0,1,200,200
1,200,30,200,200,0,200,10,200,2,0,200,200,0,200,200,1,16,0,0,200,200
0,200,30,1,2,0,3,14,1,5,0,0,0,1,1,200,200,18,0,0,0,200
0,200,30,1,2,0,3,14,1,5,0,0,0,1,1,200,200,18,0,1,38,200
1,200,30,1,2,0,3,14,1,5,0,0,0,1,1,200,200,18,0,0,12,200
1,200,30,1,2,0,3,14,1,5,0,0,0,1,1,200,200,18,0,1,6,200
0,200,30,0,0,0,3,2,3,200,0,0,0,1,200,200,200,0,0,1,55,200
0,200,10,0,0,0,3,7,12,200,0,0,0,1,200,1,200,32,20,0,47,200
0,200,30,1,200,200,1,12,2,2,0,200,200,0,200,200,200,0,200,1,25,200
0,200,30,1,200,200,1,12,2,2,0,200,200,0,200,200,200,0,200,2,200,200
0,200,25,0,0,0,3,7,6,1,0,0,0,1,200,200,1,21,16,1,12,200
1,200,25,0,0,0,3,7,6,1,0,0,0,1,200,200,1,21,16,1,68,200
0,200,45,1,2,0,1,10,3,200,0,0,0,0,200,200,200,18,200,1,79,200
0,200,45,1,2,0,1,10,3,200,0,0,0,0,200,200,200,18,200,1,31,200
1,200,45,1,2,0,1,10,3,200,0,0,0,0,200,200,200,18,200,0,36,200
0,200,30,1,2,0,3,10,2,2,0,200,1,0,200,200,1,18,16,0,200,200
0,200,30,1,2,0,3,10,2,2,0,200,1,0,200,200,1,18,16,0,55,200
0,200,30,2,2,0,3,7,5,2,0,0,0,0,200,200,200,16,200,0,50,200
0,200,30,0,0,0,3,7,6,200,0,0,0,0,1,200,200,0,0,0,32,200
1,200,30,0,0,0,3,7,6,200,0,0,0,0,1,200,200,0,0,0,44,200
1,200,30,0,0,0,3,7,6,200,0,0,0,0,1,200,200,0,0,0,34,200
0,200,25,0,0,0,3,10,6,2,0,0,0,0,200,200,200,20,0,1,49,200
0,200,25,0,0,0,3,10,6,2,0,0,0,0,200,200,200,20,0,0,41,200
0,200,30,0,0,0,3,8,2,1,0,0,0,1,200,200,1,200,200,2,200,200
4,200,30,0,0,0,3,8,2,1,0,0,0,1,200,200,1,200,200,0,14,200
0,200,30,1,2,0,3,10,5,4,0,0,0,0,200,200,200,7,0,1,26,200
0,200,30,1,2,0,3,10,5,4,0,0,0,0,200,200,200,7,0,0,27,200
1,200,30,1,2,0,3,10,5,4,0,0,0,0,200,200,200,7,0,1,200,200
0,200,30,1,2,0,3,10,6,2,0,0,0,1,1,200,1,25,16,0,200,200
0,200,30,1,2,0,3,10,6,2,0,0,0,1,1,200,1,25,16,0,25,200
0,200,25,0,0,0,3,2,5,2,0,0,0,1,200,200,200,11,200,1,50,200
0,200,30,2,2,0,3,14,6,2,0,0,0,0,200,200,1,22,25,0,200,200
0,200,30,2,2,0,3,14,6,2,0,0,0,0,200,200,1,22,25,0,32,200
1,200,30,2,2,0,3,14,6,2,0,0,0,0,200,200,1,22,25,0,26,200
1,200,30,2,2,0,3,14,6,2,0,0,0,0,200,200,1,22,25,0,42,200
0,200,30,1,2,200,3,10,5,2,0,200,0,0,200,200,200,16,0,0,22,200
0,200,30,1,2,200,3,10,5,2,0,200,0,0,200,200,200,16,0,1,27,200
0,200,30,0,0,0,1,7,3,4,0,0,0,0,200,200,200,22,11,1,200,200
0,200,30,1,2,0,0,10,5,200,0,0,0,0,200,200,200,0,0,1,31,200
0,200,30,1,2,0,0,10,5,200,0,0,0,0,200,200,200,0,0,0,53,200
0,200,30,0,0,0,3,10,12,1,0,0,0,0,200,200,200,7,18,0,19,200
0,200,30,0,0,0,3,10,12,1,0,0,0,0,200,200,200,7,18,0,23,200
1,200,30,0,0,0,3,10,12,1,0,0,0,0,200,200,200,7,18,0,18,200
1,200,30,0,0,0,3,10,12,1,0,0,0,0,200,200,200,7,18,0,18,200
0,200,30,200,200,0,4,12,5,200,0,0,200,0,1,200,200,21,22,0,48,200
0,200,30,200,200,0,4,12,5,200,0,0,200,0,1,200,200,21,22,1,34,200
0,200,30,2,2,0,3,0,5,2,0,0,0,0,1,200,200,0,17,1,45,200
0,200,30,2,2,0,3,0,5,2,0,0,0,0,1,200,200,0,17,0,46,200
0,200,30,0,0,0,3,2,5,2,0,0,0,1,200,200,200,11,200,0,35,200
0,200,30,1,2,0,3,14,5,2,0,0,0,1,1,200,200,6,21,1,24,200
0,200,30,1,2,0,3,14,5,2,0,0,0,1,1,200,200,6,21,0,25,200
1,200,30,1,2,0,3,14,5,2,0,0,0,1,1,200,200,6,21,1,25,200
1,200,30,1,2,0,3,14,5,2,0,0,0,1,1,200,200,6,21,1,200,200
1,200,30,1,2,0,3,14,5,2,0,0,0,1,1,200,200,6,21,200,200,200
0,200,30,200,200,200,1,10,200,200,0,200,200,0,200,200,200,16,0,0,200,200
0,200,30,200,200,200,1,10,200,200,0,200,200,0,200,200,200,16,0,0,51,200
0,200,30,0,0,0,3,7,6,3,0,0,0,1,200,200,200,32,27,0,30,200
0,200,30,0,0,0,3,12,3,200,0,0,0,0,200,200,1,0,200,1,200,200
0,200,30,0,0,0,3,12,3,200,0,0,0,0,200,200,1,0,200,1,39,200
0,200,30,0,0,0,3,2,3,2,3,0,0,1,200,200,200,16,7,0,23,200
0,200,25,1,200,0,3,14,3,2,0,0,0,0,1,200,200,17,23,1,70,200
0,200,25,1,200,0,3,14,3,2,0,0,0,0,1,200,200,17,23,0,200,200
0,200,20,12,12,0,3,7,6,1,0,0,0,1,200,200,200,32,3,0,22,200
0,200,30,0,0,0,3,3,5,2,0,0,0,1,200,200,200,0,0,0,43,200
0,200,30,0,0,0,3,3,5,2,0,0,0,1,200,200,200,0,0,0,19,200
0,200,30,0,0,0,3,7,2,2,0,0,0,1,200,200,1,0,200,1,200,200
0,1,30,0,2,0,3,10,1,4,0,0,0,0,200,200,200,25,200,0,34,200
0,1,30,0,2,0,3,10,1,4,0,0,0,0,200,200,200,25,200,0,42,200
0,200,20,0,0,0,3,7,5,200,0,0,0,1,200,200,1,14,16,0,45,200
4,200,30,0,0,0,3,8,12,200,0,0,0,1,0,0,200,17,200,0,15,200
0,200,30,0,0,0,3,8,12,200,0,0,0,1,0,0,200,17,200,1,200,200
0,200,30,1,2,0,0,0,5,2,0,0,0,0,1,200,200,17,200,0,19,200
0,200,30,1,2,0,0,0,5,2,0,0,0,0,1,200,200,17,200,0,23,200
1,200,30,1,2,0,0,0,5,2,0,0,0,0,1,200,200,17,200,0,16,200
1,200,30,1,2,0,0,0,5,2,0,0,0,0,1,200,200,17,200,0,40,200
0,200,15,200,0,0,1,7,0,1,0,0,200,0,200,0,1,28,33,2,200,200
0,200,35,0,0,0,3,14,2,200,0,0,0,0,200,200,200,23,200,0,54,200
0,200,35,0,0,0,3,14,2,200,0,0,0,0,200,200,200,23,200,0,30,200
0,200,30,0,0,0,3,7,5,200,0,0,0,1,200,200,200,0,22,0,60,200
0,200,30,0,0,0,3,2,5,200,0,0,0,1,200,200,200,0,0,0,30,200
0,200,30,0,0,0,1,2,5,2,0,0,0,0,200,1,200,0,0,0,52,200
0,200,30,1,2,0,1,10,8,2,0,0,0,0,200,200,1,0,200,2,200,200
0,200,30,1,2,0,1,10,8,2,0,0,0,0,200,200,1,0,200,0,29,200
0,200,30,0,0,0,1,7,5,200,0,0,0,1,200,200,200,27,27,1,23,200
0,200,30,1,2,0,1,0,5,2,0,0,0,0,1,200,200,6,200,1,49,200
0,200,30,1,2,0,1,0,5,2,0,0,0,0,1,200,200,6,200,1,23,200
1,200,30,1,2,0,1,0,5,2,0,0,0,0,1,200,200,6,200,1,200,200
0,200,20,1,2,0,1,0,5,200,0,0,200,1,1,200,200,0,0,0,48,200
0,200,20,1,2,0,1,0,5,200,0,0,200,1,1,200,200,0,0,1,46,200
0,200,15,0,0,0,1,7,7,1,0,0,0,0,200,200,200,0,0,2,200,200
0,200,20,0,0,0,1,7,6,1,0,0,0,0,200,200,1,20,200,2,200,200
0,200,15,2,2,0,1,0,6,1,0,0,0,0,200,200,200,0,0,0,41,200
0,200,15,2,2,0,1,0,6,1,0,0,0,0,200,200,200,0,0,0,32,200
0,200,30,0,0,0,1,7,5,2,0,0,0,0,200,200,1,20,200,0,200,200
1,200,30,0,0,0,1,7,5,2,0,0,0,0,200,200,1,20,200,0,200,200
0,200,30,1,2,0,1,14,2,2,0,0,0,0,1,200,200,23,16,1,34,200
0,200,30,1,2,0,1,14,2,2,0,0,0,0,1,200,200,23,16,0,40,200
0,200,25,0,0,0,1,0,6,1,0,0,0,0,200,200,200,20,0,1,41,200
0,200,25,0,0,0,1,0,6,1,0,0,0,0,200,200,200,20,0,1,30,200
4,200,30,1,2,0,1,8,12,200,0,0,0,0,1,200,200,6,200,0,200,200
0,200,30,1,2,0,1,8,12,200,0,0,0,0,1,200,200,6,200,0,200,200
0,200,30,2,2,0,1,9,2,2,0,0,0,1,200,200,200,0,200,0,30,200
5,200,30,2,2,0,1,9,2,2,0,0,0,1,200,200,200,0,200,0,39,200
0,200,35,1,2,0,1,14,5,200,0,0,0,0,1,200,200,18,200,0,67,200
0,200,35,1,2,0,1,14,5,200,0,0,0,0,1,200,200,18,200,0,50,200
0,200,30,0,0,0,1,10,2,2,0,0,0,1,200,200,200,16,200,1,26,200
0,200,30,0,0,0,1,10,2,2,0,0,0,1,200,200,200,16,200,0,38,200
0,1,30,0,0,0,1,7,5,200,0,0,0,1,200,200,200,16,0,0,35,200
0,200,25,1,2,200,200,10,2,4,0,0,200,0,1,200,200,18,16,1,28,200
0,200,25,1,2,200,200,10,2,4,0,0,200,0,1,200,200,18,16,1,47,200
0,200,5,1,2,0,1,12,7,2,0,0,0,0,1,200,200,20,0,0,51,200
0,200,5,1,2,0,1,12,7,2,0,0,0,0,1,200,200,20,0,1,29,200
4,200,30,2,2,0,1,8,5,200,0,0,0,0,1,200,200,33,11,1,32,200
0,200,30,2,2,0,1,8,5,200,0,0,0,0,1,200,200,33,11,1,25,200
0,200,30,1,2,0,1,12,6,3,0,0,0,1,1,200,200,22,21,1,36,200
0,200,30,1,2,0,1,12,6,3,0,0,0,1,1,200,200,22,21,0,28,200
0,200,30,0,0,0,1,14,5,2,0,0,0,1,200,200,200,23,17,1,17,200
0,200,30,0,0,0,1,14,5,2,0,0,0,1,200,200,200,23,17,0,42,200