PERSON_TYPE,CRASH_DATE_EST_I,POSTED_SPEED_LIMIT,TRAFFIC_CONTROL_DEVICE,DEVICE_CONDITION,WEATHER_CONDITION,LIGHTING_CONDITION,FIRST_CRASH_TYPE,TRAFFICWAY_TYPE,LANE_CNT,ALIGNMENT,ROADWAY_SURFACE_COND,ROAD_DEFECT,CRASH_TYPE,INTERSECTION_RELATED_I,NOT_RIGHT_OF_WAY_I,HIT_AND_RUN_I,PRIM_CONTRIBUTORY_CAUSE,SEC_CONTRIBUTORY_CAUSE,SEX,AGE,BAC_RESULT VALUE
0,200,30,1,2,0,1,0,5,6,0,0,0,0,200,200,200,0,0,0,200,200
0,200,30,1,2,0,1,0,5,6,0,0,0,0,200,200,200,0,0,1,61,200
1,200,30,1,2,0,1,0,5,6,0,0,0,0,200,200,200,0,0,0,200,200
1,200,30,1,2,0,1,0,5,6,0,0,0,0,200,200,200,0,0,0,200,200
0,200,30,1,2,0,1,10,2,200,0,0,0,0,200,200,200,18,16,0,32,200
0,200,30,1,2,0,1,10,2,200,0,0,0,0,200,200,200,18,16,0,26,200
1,200,30,1,2,0,1,10,2,200,0,0,0,0,200,200,200,18,16,1,6,200
1,200,30,1,2,0,1,10,2,200,0,0,0,0,200,200,200,18,16,1,1,200
0,200,0,2,2,0,1,10,2,2,0,0,0,0,200,200,1,0,200,0,200,200
0,200,0,2,2,0,1,10,2,2,0,0,0,0,200,200,1,0,200,1,69,200
0,200,15,0,0,0,3,2,0,1,0,0,0,0,200,200,200,0,200,1,41,200
0,200,30,2,2,0,1,0,2,2,0,0,0,1,1,200,200,17,0,1,25,200
0,200,30,2,2,0,1,0,2,2,0,0,0,1,1,200,200,17,0,0,29,200
0,200,30,1,2,0,1,10,2,200,0,0,0,0,200,200,200,16,16,1,200,200
0,200,30,1,2,0,1,10,2,200,0,0,0,0,200,200,200,16,16,0,43,200
0,200,30,0,0,0,1,14,5,2,0,0,0,0,200,200,200,0,0,0,43,200
0,200,30,0,0,0,1,14,5,2,0,0,0,0,200,200,200,0,0,1,42,200
1,200,30,0,0,0,1,14,5,2,0,0,0,0,200,200,200,0,0,0,8,200
1,200,30,0,0,0,1,14,5,2,0,0,0,0,200,200,200,0,0,1,6,200
0,200,30,0,0,0,1,10,2,4,0,0,0,0,200,200,200,18,18,0,50,200
0,200,30,0,0,0,1,10,2,4,0,0,0,0,200,200,200,18,18,1,55,200
0,200,25,0,0,0,1,7,6,1,0,0,0,1,200,200,200,0,200,1,28,200
0,200,30,1,2,0,1,12,2,4,0,0,0,0,200,200,200,22,200,0,62,200
0,200,30,1,2,0,1,12,2,4,0,0,0,0,200,200,200,22,200,0,39,200
0,200,30,2,2,0,1,14,5,2,0,0,0,1,1,200,200,17,200,0,46,200
0,200,30,2,2,0,1,14,5,2,0,0,0,1,1,200,200,17,200,0,57,200
0,200,30,2,2,0,1,14,5,2,0,0,0,1,1,200,200,17,200,0,40,200
1,200,30,2,2,0,1,14,5,2,0,0,0,1,1,200,200,17,200,1,200,200
0,200,30,0,0,0,1,7,2,200,0,0,0,0,200,200,1,20,200,2,200,200
0,200,30,1,2,0,1,10,5,200,0,0,0,0,200,200,1,17,200,0,200,200
0,200,30,1,2,0,1,10,5,200,0,0,0,0,200,200,1,17,200,0,32,200
0,200,30,2,2,0,1,14,5,2,0,0,0,0,1,200,200,17,23,0,66,200
0,200,30,2,2,0,1,14,5,2,0,0,0,0,1,200,200,17,23,0,47,200
0,200,30,2,2,0,1,12,3,4,0,0,0,0,200,200,200,21,0,0,25,200
0,200,30,2,2,0,1,12,3,4,0,0,0,0,200,200,200,21,0,1,29,200
0,200,30,1,2,0,1,8,5,0,0,0,0,1,1,200,1,0,200,2,200,200
4,200,30,1,2,0,1,8,5,0,0,0,0,1,1,200,1,0,200,0,20,200
0,1,30,0,0,0,1,3,5,4,0,0,0,1,200,200,200,17,16,1,17,200
0,1,30,0,0,0,1,3,5,4,0,0,0,1,200,200,200,17,16,1,200,200
0,1,30,0,0,0,1,3,5,4,0,0,0,1,200,200,200,17,16,0,57,200
0,1,30,0,0,0,1,3,5,4,0,0,0,1,200,200,200,17,16,1,71,200
0,200,30,0,0,0,1,12,3,4,0,0,0,0,200,200,200,0,7,0,49,200
0,200,30,0,0,0,1,12,3,4,0,0,0,0,200,200,200,0,7,1,39,200
1,200,30,0,0,0,1,12,3,4,0,0,0,0,200,200,200,0,7,1,5,200
0,200,30,0,0,0,1,7,6,1,0,0,0,1,200,200,200,27,22,0,77,200
0,200,30,0,0,0,1,12,5,200,0,0,0,0,200,200,200,22,22,0,200,200
0,200,30,0,0,0,1,12,5,200,0,0,0,0,200,200,200,22,22,1,26,200
0,200,30,0,0,0,1,10,2,200,0,0,0,0,200,200,200,21,18,0,60,200
0,200,30,0,0,0,1,10,2,200,0,0,0,0,200,200,200,21,18,0,45,200
1,200,30,0,0,0,1,10,2,200,0,0,0,0,200,200,200,21,18,1,25,200
0,200,0,0,0,0,1,7,2,2,0,0,0,0,200,200,200,0,200,1,200,200
1,200,0,0,0,0,1,7,2,2,0,0,0,0,200,200,200,0,200,1,39,200
0,200,30,1,2,0,1,12,6,3,0,0,0,1,200,200,200,17,200,0,37,200
0,200,30,1,2,0,1,12,6,3,0,0,0,1,200,200,200,17,200,0,33,200
1,200,30,1,2,0,1,12,6,3,0,0,0,1,200,200,200,17,200,1,200,200
0,200,30,0,0,0,1,12,2,200,0,0,0,0,200,200,1,22,200,0,200,200
0,200,30,0,0,0,1,12,2,200,0,0,0,0,200,200,1,22,200,0,23,200
0,200,30,0,0,0,3,7,5,1,0,0,0,0,200,200,200,17,17,0,33,200
0,1,30,0,0,200,200,7,5,2,0,200,0,0,200,200,1,0,0,2,200,200
4,200,30,2,2,0,1,8,5,4,0,0,0,0,200,200,200,18,0,0,18,200
0,200,30,2,2,0,1,8,5,4,0,0,0,0,200,200,200,18,0,0,49,200
0,200,30,0,0,0,1,7,5,200,0,0,0,0,200,200,1,0,0,2,200,200
1,200,30,0,0,0,1,7,5,200,0,0,0,0,200,200,1,0,0,0,200,200
1,200,30,0,0,0,1,7,5,200,0,0,0,0,200,200,1,0,0,0,200,200
1,200,30,0,0,0,1,7,5,200,0,0,0,0,200,200,1,0,0,1,31,200
0,200,25,0,0,0,1,7,6,1,0,0,0,0,200,200,1,0,0,2,200,200
0,200,3,0,0,0,1,10,5,2,0,0,0,0,200,200,200,0,0,1,48,200
0,200,3,0,0,0,1,10,5,2,0,0,0,0,200,200,200,0,0,0,74,200
0,200,30,1,2,0,4,14,3,4,0,0,0,0,1,200,200,17,200,0,88,200
0,200,30,1,2,0,4,14,3,4,0,0,0,0,1,200,200,17,200,1,44,200
0,200,30,1,2,0,1,12,5,200,0,0,0,0,1,200,1,17,200,0,200,200
0,200,30,1,2,0,1,12,5,200,0,0,0,0,1,200,1,17,200,0,78,200
0,200,35,0,0,0,1,10,5,200,0,0,0,0,200,200,200,0,0,0,42,200
0,200,35,0,0,0,1,10,5,200,0,0,0,0,200,200,200,0,0,0,0,200
0,200,30,0,0,0,1,4,5,4,0,0,0,1,200,200,200,11,34,0,25,200
0,200,30,0,0,0,1,3,5,2,0,0,0,0,200,200,1,18,18,0,200,200
0,200,30,0,0,0,1,3,5,2,0,0,0,0,200,200,1,18,18,0,53,200
1,200,30,0,0,0,1,3,5,2,0,0,0,0,200,200,1,18,18,1,62,200
1,200,30,0,0,0,1,3,5,2,0,0,0,0,200,200,1,18,18,0,69,200
0,200,30,0,0,0,1,7,5,2,0,0,0,1,200,200,200,2,0,0,37,200
0,1,30,0,0,0,200,7,6,1,0,0,0,0,200,200,1,11,200,2,200,200
0,200,30,0,0,0,1,8,5,200,0,0,0,0,200,200,200,200,200,0,59,200
4,200,30,0,0,0,1,8,5,200,0,0,0,0,200,200,200,200,200,1,47,200
1,200,30,0,0,0,1,8,5,200,0,0,0,0,200,200,200,200,200,1,200,200
0,200,30,1,0,0,1,10,2,200,0,0,0,1,200,200,200,16,200,0,20,200
0,200,30,1,0,0,1,10,2,200,0,0,0,1,200,200,200,16,200,1,200,200
0,200,30,1,0,0,1,10,2,200,0,0,0,1,200,200,200,16,200,0,26,200
1,200,30,1,0,0,1,10,2,200,0,0,0,1,200,200,200,16,200,1,20,200
1,200,30,1,0,0,1,10,2,200,0,0,0,1,200,200,200,16,200,1,28,200
1,200,30,1,0,0,1,10,2,200,0,0,0,1,200,200,200,16,200,1,2,200
1,200,30,1,0,0,1,10,2,200,0,0,0,1,200,200,200,16,200,1,24,200
1,200,30,1,0,0,1,10,2,200,0,0,0,1,200,200,200,16,200,0,2,200
1,200,30,1,0,0,1,10,2,200,0,0,0,1,200,200,200,16,200,200,3,200
0,200,30,2,2,0,1,12,6,1,0,0,0,1,1,200,200,17,0,0,37,200
0,200,30,2,2,0,1,12,6,1,0,0,0,1,1,200,200,17,0,1,27,200
0,200,30,9,2,0,1,12,5,3,0,0,0,0,1,200,200,3,21,0,70,200
0,200,30,9,2,0,1,12,5,3,0,0,0,0,1,200,200,3,21,0,47,200
0,200,30,0,0,0,1,14,5,2,0,0,200,0,200,200,200,0,200,0,18,200
0,200,30,0,0,0,1,14,5,2,0,0,200,0,200,200,200,0,200,1,22,200
1,200,30,0,0,0,1,14,5,2,0,0,200,0,200,200,200,0,200,0,200,200
0,200,5,0,0,0,1,7,0,200,0,0,0,1,200,200,1,15,16,0,200,200
1,200,5,0,0,0,1,7,0,200,0,0,0,1,200,200,1,15,16,1,200,200
1,200,5,0,0,0,1,7,0,200,0,0,0,1,200,200,1,15,16,0,200,200
0,200,30,0,0,0,1,7,6,1,0,0,0,1,200,1,200,25,25,0,47,200
0,1,30,0,0,0,1,0,2,2,0,0,0,1,200,200,1,17,0,0,200,200
0,1,30,0,0,0,1,0,2,2,0,0,0,1,200,200,1,17,0,1,200,200
0,200,35,0,0,0,1,12,3,200,0,0,0,0,200,200,200,11,200,1,27,200
0,200,35,0,0,0,1,12,3,200,0,0,0,0,200,200,200,11,200,0,50,200
0,200,20,0,0,0,1,10,2,200,0,0,0,0,0,200,200,12,12,0,28,200
0,200,20,0,0,0,1,10,2,200,0,0,0,0,0,200,200,12,12,0,48,200
1,200,20,0,0,0,1,10,2,200,0,0,0,0,0,200,200,12,12,0,200,200
1,200,20,0,0,0,1,10,2,200,0,0,0,0,0,200,200,12,12,1,18,200
0,200,30,0,0,0,1,0,5,2,0,0,0,1,200,200,200,17,17,1,28,200
0,200,30,0,0,0,1,0,5,2,0,0,0,1,200,200,200,17,17,0,54,200
0,1,30,0,0,200,200,7,6,1,0,200,0,0,200,200,1,0,0,2,200,200
0,200,25,0,0,200,3,7,6,200,0,200,200,0,200,200,200,17,200,1,200,200
0,200,35,0,0,0,1,12,5,4,0,0,0,0,200,200,1,17,17,0,200,200
0,200,35,0,0,0,1,12,5,4,0,0,0,0,200,200,1,17,17,1,32,200
1,200,35,0,0,0,1,12,5,4,0,0,0,0,200,200,1,17,17,1,30,200
0,200,30,1,2,0,1,12,2,4,0,0,0,0,200,200,200,21,21,0,69,200
0,200,30,1,2,0,1,12,2,4,0,0,0,0,200,200,200,21,21,1,48,200
0,200,30,0,0,0,1,14,3,200,0,0,0,0,200,200,1,23,17,1,200,200
0,200,30,0,0,0,1,14,3,200,0,0,0,0,200,200,1,23,17,0,35,200
0,200,15,0,0,0,1,7,7,200,0,0,200,0,200,1,200,0,0,1,55,200
0,200,30,0,0,0,1,14,3,8,0,0,200,0,200,200,200,0,200,0,200,200
0,200,30,0,0,0,1,14,3,8,0,0,200,0,200,200,200,0,200,0,46,200
1,200,30,0,0,0,1,14,3,8,0,0,200,0,200,200,200,0,200,0,28,200
1,200,30,0,0,0,1,14,3,8,0,0,200,0,200,200,200,0,200,1,22,200
0,200,30,12,12,0,1,7,7,2,0,0,200,0,200,200,1,0,0,0,200,200
0,200,30,0,0,0,1,2,5,200,0,0,0,0,200,200,200,22,22,0,50,200
0,200,30,0,0,0,1,2,5,200,0,0,0,0,200,200,200,22,22,0,24,200
0,200,30,0,0,0,1,12,5,2,0,0,0,0,200,200,200,22,11,0,59,200
0,200,30,0,0,0,1,12,5,2,0,0,0,0,200,200,200,22,11,1,64,200
0,200,30,0,0,0,1,10,5,200,0,0,0,0,200,200,200,18,17,1,19,200
0,200,30,0,0,0,1,10,5,200,0,0,0,0,200,200,200,18,17,0,66,200
1,200,30,0,0,0,1,10,5,200,0,0,0,0,200,200,200,18,17,0,200,200
0,200,30,1,2,0,1,14,5,200,0,0,0,0,200,200,200,17,200,0,46,200
0,200,30,1,2,0,1,14,5,200,0,0,0,0,200,200,200,17,200,1,45,200
1,200,30,1,2,0,1,14,5,200,0,0,0,0,200,200,200,17,200,1,200,200
1,200,30,1,2,0,1,14,5,200,0,0,0,0,200,200,200,17,200,0,12,200
1,200,30,1,2,0,1,14,5,200,0,0,0,0,200,200,200,17,200,1,7,200
1,200,30,1,2,0,1,14,5,200,0,0,0,0,200,200,200,17,200,1,42,200
0,200,30,1,2,0,1,12,5,4,0,0,0,0,200,200,200,0,200,1,200,200
0,200,30,1,2,0,1,12,5,4,0,0,0,0,200,200,200,0,200,1,200,200
0,200,30,1,2,0,1,14,5,4,0,0,0,1,1,200,200,17,23,1,25,200
0,200,30,1,2,0,1,14,5,4,0,0,0,1,1,200,200,17,23,1,58,200
0,200,30,1,2,0,1,12,3,6,0,0,0,0,200,200,200,11,0,1,200,200
0,200,30,1,2,0,1,12,3,6,0,0,0,0,200,200,200,11,0,1,37,200
0,200,30,1,2,0,1,3,5,2,0,0,0,1,200,200,200,22,11,0,22,200
0,200,30,1,2,0,1,3,5,2,0,0,0,1,200,200,200,22,11,0,59,200
0,200,15,0,0,0,1,7,7,200,0,0,0,0,200,1,200,11,200,0,33,200
1,200,15,0,0,0,1,7,7,200,0,0,0,0,200,1,200,11,200,0,35,200
0,200,35,0,0,0,1,7,3,200,0,0,0,0,200,200,200,8,200,0,42,200
0,200,30,0,0,0,1,14,2,4,0,200,200,0,200,200,200,11,11,1,31,200
0,200,30,0,0,0,1,14,2,4,0,200,200,0,200,200,200,11,11,0,45,200
0,200,30,1,2,0,1,14,2,4,0,0,0,0,200,200,200,17,23,1,32,200
0,200,30,1,2,0,1,14,2,4,0,0,0,0,200,200,200,17,23,1,32,200
0,200,25,0,0,200,1,7,5,2,0,200,200,0,200,200,200,20,0,0,200,200
1,200,25,0,0,200,1,7,5,2,0,200,200,0,200,200,200,20,0,1,200,200
0,200,30,1,2,0,1,14,6,0,0,0,0,0,1,200,200,23,200,0,200,200
0,200,30,1,2,0,1,14,6,0,0,0,0,0,1,200,200,23,200,1,67,200
0,200,30,2,2,0,1,14,2,200,0,0,0,1,1,200,200,17,200,1,23,200
0,200,30,2,2,0,1,14,2,200,0,0,0,1,1,200,200,17,200,1,28,200
1,200,30,2,2,0,1,14,2,200,0,0,0,1,1,200,200,17,200,1,12,200
1,200,30,2,2,0,1,14,2,200,0,0,0,1,1,200,200,17,200,1,1,200
0,1,30,2,2,0,1,2,2,2,0,0,0,0,1,200,200,13,0,0,41,200
1,1,30,2,2,0,1,2,2,2,0,0,0,0,1,200,200,13,0,0,41,200
0,200,25,2,1,0,1,10,5,2,0,0,0,1,200,200,200,0,0,0,21,200
0,200,25,2,1,0,1,10,5,2,0,0,0,1,200,200,200,0,0,1,31,200
1,200,25,2,1,0,1,10,5,2,0,0,0,1,200,200,200,0,0,1,200,200
1,200,25,2,1,0,1,10,5,2,0,0,0,1,200,200,200,0,0,1,200,200
1,200,25,2,1,0,1,10,5,2,0,0,0,1,200,200,200,0,0,1,200,200
0,200,30,0,0,0,1,10,5,4,0,0,0,0,200,200,200,18,18,1,24,200
0,200,30,0,0,0,1,10,5,4,0,0,0,0,200,200,200,18,18,0,200,200
0,200,30,2,2,0,1,0,2,2,0,0,0,0,200,200,1,0,0,0,200,200
0,200,30,2,2,0,1,0,2,2,0,0,0,0,200,200,1,0,0,1,31,200
0,200,30,0,0,0,1,12,2,4,0,0,0,0,200,200,1,14,0,1,75,200
0,200,30,0,0,0,1,12,2,4,0,0,0,0,200,200,1,14,0,0,200,200
0,200,30,0,0,0,1,7,6,1,0,0,0,0,200,200,200,200,200,1,60,200
0,200,25,0,0,0,1,9,12,200,0,0,0,1,200,200,200,0,200,0,37,200
5,200,25,0,0,0,1,9,12,200,0,0,0,1,200,200,200,0,200,1,5,200
0,200,30,1,2,0,1,12,5,200,0,0,0,0,1,200,200,0,0,1,200,200
0,200,30,1,2,0,1,12,5,200,0,0,0,0,1,200,200,0,0,0,52,200
0,200,30,0,0,0,1,2,3,200,0,0,0,1,200,200,200,12,200,1,68,200
0,200,30,2,2,0,1,0,2,0,0,0,0,1,1,200,200,17,16,0,49,200
0,200,30,2,2,0,1,0,2,0,0,0,0,1,1,200,200,17,16,0,45,200
0,200,30,0,0,0,1,10,5,200,0,0,0,0,200,200,200,0,0,1,26,200
0,200,30,0,0,0,1,10,5,200,0,0,0,0,200,200,200,0,0,1,61,200
0,200,15,0,0,0,4,7,7,200,0,0,0,0,200,1,1,20,16,0,200,200
0,200,35,0,0,0,1,10,2,200,0,0,0,1,200,200,200,18,200,1,36,200
0,200,35,0,0,0,1,10,2,200,0,0,0,1,200,200,200,18,200,1,48,200
0,200,30,0,0,0,1,12,2,200,0,0,0,0,200,200,200,11,11,0,33,200
0,200,30,0,0,0,1,12,2,200,0,0,0,0,200,200,200,11,11,0,61,200
1,200,30,0,0,0,1,12,2,200,0,0,0,0,200,200,200,11,11,0,30,200
1,200,30,0,0,0,1,12,2,200,0,0,0,0,200,200,200,11,11,0,200,200
0,200,30,1,2,0,1,12,5,200,0,0,0,0,1,200,1,0,0,2,200,200
0,200,30,1,2,0,1,12,5,200,0,0,0,0,1,200,1,0,0,0,53,200
0,200,30,0,0,0,1,10,5,200,0,0,0,0,200,200,200,0,0,0,37,200
0,200,30,0,0,0,1,10,5,200,0,0,0,0,200,200,200,0,0,1,23,200
0,200,30,0,0,0,1,12,5,4,0,0,0,0,200,200,200,22,200,1,28,200
0,200,30,0,0,0,1,12,5,4,0,0,0,0,200,200,200,22,200,1,22,200
0,200,30,200,200,0,1,12,5,2,0,200,200,1,200,200,200,12,200,1,55,200
0,200,30,200,200,0,1,12,5,2,0,200,200,1,200,200,200,12,200,0,54,200
0,200,30,1,2,0,1,12,5,200,0,0,0,0,200,200,1,11,200,2,200,200
0,200,30,1,2,0,1,12,5,200,0,0,0,0,200,200,1,11,200,1,28,200
0,200,30,0,0,0,1,14,5,200,0,0,0,1,200,200,200,0,0,0,0,200
0,200,30,0,0,0,1,14,5,200,0,0,0,1,200,200,200,0,0,1,60,200
0,200,10,200,200,0,1,14,7,200,0,0,200,0,200,200,200,0,0,0,200,200
0,200,10,200,200,0,1,14,7,200,0,0,200,0,200,200,200,0,0,0,24,200
1,200,10,200,200,0,1,14,7,200,0,0,200,0,200,200,200,0,0,1,61,200
0,200,30,0,0,0,1,7,0,200,0,0,0,0,200,200,200,11,200,0,53,200
0,200,30,1,2,0,1,12,6,5,0,0,0,0,1,200,200,0,200,0,200,200
0,200,30,1,2,0,1,12,6,5,0,0,0,0,1,200,200,0,200,0,200,200
0,200,30,200,200,200,200,10,5,200,0,200,200,0,200,200,200,0,200,0,37,200
0,200,30,200,200,200,200,10,5,200,0,200,200,0,200,200,200,0,200,1,24,200
0,200,30,0,0,0,1,10,2,2,0,0,0,1,200,200,200,18,200,0,35,200
0,200,30,0,0,0,1,10,2,2,0,0,0,1,200,200,200,18,200,0,47,200
1,200,30,0,0,0,1,10,2,2,0,0,0,1,200,200,200,18,200,1,47,200
0,200,30,0,0,0,1,11,7,200,0,0,0,0,200,200,200,0,200,0,200,200
0,200,30,0,0,0,1,11,7,200,0,0,0,0,200,200,200,0,200,1,39,200
0,200,30,0,0,0,1,10,5,200,0,200,200,1,200,200,1,18,200,0,56,200
0,200,30,0,0,0,1,10,5,200,0,200,200,1,200,200,1,18,200,1,39,200
1,200,30,0,0,0,1,10,5,200,0,200,200,1,200,200,1,18,200,0,0,200
1,200,30,0,0,0,1,10,5,200,0,200,200,1,200,200,1,18,200,1,200,200
0,200,30,1,2,0,1,14,3,1,0,0,0,1,1,200,200,17,200,0,50,200
0,200,30,1,2,0,1,14,3,1,0,0,0,1,1,200,200,17,200,0,46,200
1,200,30,1,2,0,1,14,3,1,0,0,0,1,1,200,200,17,200,1,200,200
4,200,30,1,2,0,1,8,1,4,0,0,0,1,1,200,200,6,0,1,19,200
0,200,30,1,2,0,1,8,1,4,0,0,0,1,1,200,200,6,0,1,39,200
0,200,30,0,0,0,1,11,7,200,0,0,0,0,200,1,200,0,0,0,55,200
0,200,30,0,0,0,1,11,7,200,0,0,0,0,200,1,200,0,0,1,50,200
0,200,10,0,0,0,1,14,7,1,2,0,0,0,200,200,200,16,17,1,36,200
0,200,10,0,0,0,1,14,7,1,2,0,0,0,200,200,200,16,17,0,18,200
0,200,30,0,0,0,1,9,2,200,0,0,0,1,200,200,200,0,200,0,78,200
5,200,30,0,0,0,1,9,2,200,0,0,0,1,200,200,200,0,200,0,21,200
0,200,30,1,2,0,1,14,6,200,0,0,0,0,200,200,200,17,0,0,200,200
0,200,30,1,2,0,1,14,6,200,0,0,0,0,200,200,200,17,0,0,200,200
0,200,30,0,0,0,1,12,5,2,0,200,200,0,200,200,200,17,17,0,23,200
0,200,30,0,0,0,1,12,5,2,0,200,200,0,200,200,200,17,17,0,57,200
0,200,30,1,200,0,0,14,5,200,0,0,200,0,200,200,200,23,0,0,68,200
0,200,30,1,200,0,0,14,5,200,0,0,200,0,200,200,200,23,0,0,30,200
0,200,30,1,2,0,1,14,5,200,0,0,0,0,1,200,200,200,200,1,60,200
0,200,30,1,2,0,1,14,5,200,0,0,0,0,1,200,200,200,200,0,59,200
0,200,30,0,0,0,1,3,5,200,0,0,200,0,200,200,1,0,0,0,200,200
0,200,30,0,0,0,1,3,5,200,0,0,200,0,200,200,1,0,0,1,44,200
0,200,30,1,2,0,1,10,5,200,0,0,0,0,200,200,200,18,16,0,71,200
0,200,30,1,2,0,1,10,5,200,0,0,0,0,200,200,200,18,16,0,25,200
0,200,30,1,2,0,1,10,5,200,0,0,0,0,200,200,200,18,16,0,200,200
0,200,30,1,2,0,1,10,3,2,0,0,0,0,200,200,200,18,0,0,41,200
0,200,30,1,2,0,1,10,3,2,0,0,0,0,200,200,200,18,0,1,41,200
4,200,0,1,2,0,1,8,2,4,0,0,0,0,200,200,200,0,0,2,200,200
0,200,0,1,2,0,1,8,2,4,0,0,0,0,200,200,200,0,0,0,84,200
0,200,30,1,2,0,1,8,5,2,0,0,0,1,200,200,200,0,0,0,55,200
4,200,30,1,2,0,1,8,5,2,0,0,0,1,200,200,200,0,0,0,34,200
1,200,30,1,2,0,1,8,5,2,0,0,0,1,200,200,200,0,0,1,200,200
0,200,30,0,3,0,1,7,6,1,0,0,200,0,200,200,1,25,35,2,200,200
0,200,25,0,0,0,1,12,5,2,0,0,0,1,200,200,200,20,200,1,23,200
0,200,25,0,0,0,1,12,5,2,0,0,0,1,200,200,200,20,200,1,24,200
0,200,35,1,2,0,1,0,6,200,0,0,0,1,1,200,200,3,200,0,21,200
0,200,35,1,2,0,1,0,6,200,0,0,0,1,1,200,200,3,200,0,43,200
1,200,35,1,2,0,1,0,6,200,0,0,0,1,1,200,200,3,200,0,4,200
1,200,35,1,2,0,1,0,6,200,0,0,0,1,1,200,200,3,200,1,3,200
0,1,30,200,200,200,1,2,5,4,0,200,200,0,200,200,200,0,200,1,74,200
0,200,30,0,0,0,1,10,5,200,0,0,0,0,200,200,200,0,0,0,32,200
0,200,30,0,0,0,1,10,5,200,0,0,0,0,200,200,200,0,0,0,200,200
0,200,30,1,2,0,1,12,5,200,0,0,0,0,1,200,200,22,200,0,20,200
0,200,30,1,2,0,1,12,5,200,0,0,0,0,1,200,200,22,200,0,46,200
1,200,30,1,2,0,1,12,5,200,0,0,0,0,1,200,200,22,200,0,200,200
0,200,30,1,2,0,1,10,5,200,0,0,0,0,200,200,200,0,200,0,200,200
0,200,30,1,2,0,1,10,5,200,0,0,0,0,200,200,200,0,200,1,72,200
0,200,30,1,2,0,1,14,12,200,0,0,0,0,1,200,200,0,0,0,200,200
0,200,30,1,2,0,1,14,12,200,0,0,0,0,1,200,200,0,0,0,200,200
0,200,20,1,2,0,1,7,5,2,0,0,0,0,200,200,200,22,200,0,200,200
0,200,30,1,2,0,1,10,2,200,0,0,0,0,200,200,200,0,0,0,32,200
0,200,30,1,2,0,1,10,2,200,0,0,0,0,200,200,200,0,0,1,35,200
0,200,30,0,0,0,1,12,5,200,0,0,200,0,200,200,1,17,200,0,200,200
0,200,30,0,0,0,1,12,5,200,0,0,200,0,200,200,1,17,200,1,55,200
0,200,30,0,0,0,1,0,5,200,0,0,0,0,200,200,200,0,0,1,20,200
0,200,30,0,0,0,1,0,5,200,0,0,0,0,200,200,200,0,0,0,27,200
0,1,30,2,12,0,1,0,6,200,2,0,0,1,1,200,200,17,17,1,51,200
0,1,30,2,12,0,1,0,6,200,2,0,0,1,1,200,200,17,17,1,30,200
1,1,30,2,12,0,1,0,6,200,2,0,0,1,1,200,200,17,17,0,200,200
1,1,30,2,12,0,1,0,6,200,2,0,0,1,1,200,200,17,17,1,200,200
0,200,20,0,0,0,1,8,12,200,0,0,0,1,200,200,200,0,0,0,26,200
4,200,20,0,0,0,1,8,12,200,0,0,0,1,200,200,200,0,0,0,25,200
0,200,30,3,0,0,1,12,12,3,0,0,0,0,200,200,200,22,23,0,21,200
0,200,30,3,0,0,1,12,12,3,0,0,0,0,200,200,200,22,23,1,30,200
0,200,30,12,0,0,1,5,7,200,3,0,2,0,200,200,200,200,200,1,36,200
0,200,30,2,0,0,1,12,6,1,0,0,0,0,0,200,200,0,200,1,23,200
0,200,30,2,0,0,1,12,6,1,0,0,0,0,0,200,200,0,200,0,60,200
1,200,30,2,0,0,1,12,6,1,0,0,0,0,0,200,200,0,200,0,200,200
0,200,30,200,200,200,200,7,7,200,0,0,200,0,200,200,200,0,200,0,23,200
1,200,30,200,200,200,200,7,7,200,0,0,200,0,200,200,200,0,200,0,62,200
0,200,30,0,0,0,1,14,5,200,0,0,0,0,200,200,200,0,200,1,40,200
0,200,30,0,0,0,1,14,5,200,0,0,0,0,200,200,200,0,200,0,70,200
1,200,30,0,0,0,1,14,5,200,0,0,0,0,200,200,200,0,200,1,67,200
0,200,35,2,2,0,1,0,3,4,0,0,0,1,1,1,200,17,200,0,29,200
0,200,35,2,2,0,1,0,3,4,0,0,0,1,1,1,200,17,200,0,29,200
0,200,30,1,2,0,1,10,2,200,0,200,200,0,200,200,1,0,200,0,200,200
0,200,30,1,2,0,1,10,2,200,0,200,200,0,200,200,1,0,200,1,32,200
0,1,30,200,200,200,200,0,5,200,0,200,200,0,200,200,1,0,0,2,200,200
0,1,30,200,200,200,200,0,5,200,0,200,200,0,200,200,1,0,0,0,33,200
0,200,30,0,0,200,1,7,5,200,0,200,200,0,200,200,1,17,200,2,200,200
0,200,30,0,0,0,1,10,3,2,0,0,0,0,200,200,200,18,200,0,22,200
0,200,30,0,0,0,1,10,3,2,0,0,0,0,200,200,200,18,200,0,47,200
0,200,10,0,0,0,1,7,7,200,0,200,200,0,200,1,1,0,200,2,200,200
0,200,30,1,200,0,1,10,3,6,0,0,200,0,1,200,200,0,0,0,27,200
0,200,30,1,200,0,1,10,3,6,0,0,200,0,1,200,200,0,0,0,40,200