PERSON_TYPE,CRASH_DATE_EST_I,POSTED_SPEED_LIMIT,TRAFFIC_CONTROL_DEVICE,DEVICE_CONDITION,WEATHER_CONDITION,LIGHTING_CONDITION,FIRST_CRASH_TYPE,TRAFFICWAY_TYPE,LANE_CNT,ALIGNMENT,ROADWAY_SURFACE_COND,ROAD_DEFECT,CRASH_TYPE,INTERSECTION_RELATED_I,NOT_RIGHT_OF_WAY_I,HIT_AND_RUN_I,PRIM_CONTRIBUTORY_CAUSE,SEC_CONTRIBUTORY_CAUSE,SEX,AGE,BAC_RESULT VALUE
0,200,30,0,0,0,4,2,6,2,0,0,0,1,200,1,200,27,200,0,27,200
0,200,30,0,0,0,3,7,2,2,0,0,0,0,200,200,200,12,2,0,31,200
0,200,15,0,0,0,1,7,0,1,0,0,0,0,200,200,1,0,25,2,200,200
0,200,30,200,200,0,1,9,200,200,0,0,200,1,200,200,1,14,200,2,200,200
5,200,30,200,200,0,1,9,200,200,0,0,200,1,200,200,1,14,200,1,39,200
0,200,30,1,2,0,1,10,2,2,0,200,200,1,200,200,1,0,200,0,200,200
0,200,30,1,2,0,1,10,2,2,0,200,200,1,200,200,1,0,200,0,47,200
0,200,30,1,200,0,1,14,5,200,0,0,200,0,200,200,200,17,200,1,29,200
0,200,30,1,200,0,1,14,5,200,0,0,200,0,200,200,200,17,200,1,25,200
0,200,25,0,0,0,0,11,5,2,0,0,0,0,200,200,200,0,0,1,31,200
0,200,25,0,0,0,0,11,5,2,0,0,0,0,200,200,200,0,0,0,67,200
0,200,30,0,0,0,3,7,5,200,0,0,0,0,200,200,200,0,200,2,200,200
0,200,30,0,0,0,3,12,3,4,0,0,0,0,200,200,200,0,0,1,36,200
0,200,30,0,0,0,3,12,3,4,0,0,0,0,200,200,200,0,0,1,33,200
1,200,30,0,0,0,3,12,3,4,0,0,0,0,200,200,200,0,0,1,14,200
1,200,30,0,0,0,3,12,3,4,0,0,0,0,200,200,200,0,0,1,15,200
1,200,30,0,0,0,3,12,3,4,0,0,0,0,200,200,200,0,0,1,47,200
1,200,30,0,0,0,3,12,3,4,0,0,0,0,200,200,200,0,0,200,200,200
5,200,30,2,12,0,3,9,12,1,0,0,0,0,200,200,200,0,200,1,66,200
0,200,30,2,12,0,3,9,12,1,0,0,0,0,200,200,200,0,200,0,0,200
0,200,30,0,0,0,3,12,3,4,0,0,200,0,200,200,1,21,0,0,200,200
0,200,30,0,0,0,3,12,3,4,0,0,200,0,200,200,1,21,0,1,35,200
0,200,30,1,2,0,4,10,1,3,0,0,0,1,200,200,200,32,18,0,63,200
0,200,30,1,2,0,4,10,1,3,0,0,0,1,200,200,200,32,18,1,55,200
0,200,30,2,2,0,3,14,2,2,0,0,0,0,1,200,200,17,16,0,42,200
0,200,30,2,2,0,3,14,2,2,0,0,0,0,1,200,200,17,16,0,200,200
1,200,30,2,2,0,3,14,2,2,0,0,0,0,1,200,200,17,16,0,31,200
1,200,30,2,2,0,3,14,2,2,0,0,0,0,1,200,200,17,16,0,44,200
1,200,30,2,2,0,3,14,2,2,0,0,0,0,1,200,200,17,16,0,200,200
0,200,25,1,2,0,3,10,2,200,0,0,0,0,200,200,200,7,7,1,23,200
0,200,25,1,2,0,3,10,2,200,0,0,0,0,200,200,200,7,7,1,24,200
1,200,25,1,2,0,3,10,2,200,0,0,0,0,200,200,200,7,7,0,200,200
0,200,30,0,0,0,3,7,3,2,0,0,0,1,200,200,200,27,19,1,26,200
0,200,30,1,2,0,3,8,5,2,0,0,200,1,1,200,1,0,0,2,200,200
4,200,30,1,2,0,3,8,5,2,0,0,200,1,1,200,1,0,0,0,15,200
0,200,30,0,0,0,3,7,6,1,0,0,0,1,200,200,1,10,200,2,200,200
0,200,30,1,2,0,3,14,6,2,0,0,0,0,200,200,200,23,17,0,43,200
0,200,30,1,2,0,3,14,6,2,0,0,0,0,200,200,200,23,17,0,22,200
0,200,30,0,0,0,3,10,2,200,0,0,0,0,200,200,200,18,0,1,40,200
0,200,30,0,0,0,3,10,2,200,0,0,0,0,200,200,200,18,0,0,200,200
0,200,30,0,0,0,3,10,2,200,0,0,0,0,200,200,200,18,0,2,200,200
0,200,40,0,0,0,3,10,3,8,0,0,200,1,200,200,1,18,0,2,200,200
0,200,40,0,0,0,3,10,3,8,0,0,200,1,200,200,1,18,0,1,21,200
0,200,40,0,0,0,3,10,3,8,0,0,200,1,200,200,1,18,0,1,59,200
0,200,35,1,2,0,3,14,5,0,0,0,0,0,1,200,200,23,200,0,59,200
0,200,35,1,2,0,3,14,5,0,0,0,0,0,1,200,200,23,200,0,36,200
0,1,30,1,2,0,1,7,5,4,0,0,0,0,200,200,0,27,11,1,200,200
0,200,30,2,2,0,3,12,6,1,0,0,0,0,200,200,1,0,0,1,200,200
0,200,30,2,2,0,3,12,6,1,0,0,0,0,200,200,1,0,0,0,25,200
0,200,30,0,0,0,3,7,6,1,0,0,0,0,200,200,1,25,0,2,200,200
0,200,30,0,0,0,3,14,5,4,0,0,0,0,0,200,1,17,0,0,33,200
0,200,30,0,0,0,3,14,5,4,0,0,0,0,0,200,1,17,0,0,200,200
1,200,30,0,0,0,3,14,5,4,0,0,0,0,0,200,1,17,0,1,200,200
0,200,30,0,0,0,3,0,5,2,0,0,0,0,200,200,200,20,200,0,49,200
0,200,30,0,0,0,3,0,5,2,0,0,0,0,200,200,200,20,200,1,25,200
0,200,30,1,200,0,3,10,2,4,0,0,200,0,200,200,1,16,0,0,200,200
0,200,30,1,200,0,3,10,2,4,0,0,200,0,200,200,1,16,0,0,51,200
1,200,30,1,200,0,3,10,2,4,0,0,200,0,200,200,1,16,0,1,28,200
1,200,30,1,200,0,3,10,2,4,0,0,200,0,200,200,1,16,0,0,49,200
0,200,30,1,2,0,3,12,12,3,0,0,0,0,200,200,200,22,11,1,26,200
0,200,30,1,2,0,3,12,12,3,0,0,0,0,200,200,200,22,11,0,47,200
0,200,30,0,0,0,3,3,5,2,0,0,0,1,200,200,200,32,0,0,24,200
0,200,30,0,0,0,3,3,5,2,0,0,0,1,200,200,200,32,0,1,19,200
0,200,30,1,200,0,0,10,2,1,0,0,200,0,200,200,200,18,200,1,42,200
0,200,30,1,200,0,0,10,2,1,0,0,200,0,200,200,200,18,200,0,34,200
0,200,30,0,0,0,0,7,6,1,0,0,0,1,200,200,200,0,0,1,30,200
1,200,30,0,0,0,0,7,6,1,0,0,0,1,200,200,200,0,0,1,30,200
0,200,30,1,2,0,3,2,5,200,0,0,0,1,200,200,200,0,200,0,29,200
0,1,30,0,0,0,3,0,5,2,0,0,0,1,200,200,1,0,0,2,200,200
0,1,30,0,0,0,3,0,5,2,0,0,0,1,200,200,1,0,0,0,24,200
0,200,30,1,2,0,3,10,5,2,0,0,0,0,200,200,200,18,0,0,55,200
0,200,30,1,2,0,3,10,5,2,0,0,0,0,200,200,200,18,0,0,22,200
0,200,30,0,0,0,3,7,6,200,0,0,0,0,200,200,200,16,0,1,35,200
1,200,30,0,0,0,3,7,6,200,0,0,0,0,200,200,200,16,0,0,45,200
0,200,30,2,2,0,3,7,5,1,0,0,0,1,200,200,200,7,200,0,35,200
1,200,30,2,2,0,3,7,5,1,0,0,0,1,200,200,200,7,200,1,33,200
0,200,30,0,0,0,3,2,3,2,0,0,0,1,200,1,1,0,0,0,35,200
1,200,30,0,0,0,3,2,3,2,0,0,0,1,200,1,1,0,0,1,31,200
0,200,30,2,2,0,3,0,2,2,0,0,0,1,1,200,200,0,0,0,33,200
0,200,30,2,2,0,3,0,2,2,0,0,0,1,1,200,200,0,0,0,32,200
1,200,30,2,2,0,3,0,2,2,0,0,0,1,1,200,200,0,0,1,31,200
0,0,30,1,2,0,3,7,5,200,0,0,12,1,200,200,200,32,27,1,32,200
0,1,30,0,0,0,3,7,6,200,0,0,0,0,200,200,1,200,200,2,200,200
0,200,30,0,0,0,1,7,5,2,0,0,0,0,200,200,200,11,200,0,46,200
0,200,25,1,0,0,3,10,5,200,0,0,0,0,200,200,1,16,15,0,200,200
0,200,25,1,0,0,3,10,5,200,0,0,0,0,200,200,1,16,15,0,42,200
0,200,30,2,2,0,1,10,5,200,0,0,0,0,200,200,200,16,200,0,21,200
0,200,30,2,2,0,1,10,5,200,0,0,0,0,200,200,200,16,200,0,63,200
0,200,35,1,2,0,1,14,5,4,2,0,0,1,1,200,200,17,17,1,44,200
0,200,35,1,2,0,1,14,5,4,2,0,0,1,1,200,200,17,17,1,36,200
1,200,35,1,2,0,1,14,5,4,2,0,0,1,1,200,200,17,17,1,10,200
0,1,30,0,0,200,200,7,6,2,0,200,0,0,200,200,1,0,200,2,200,200
0,200,30,0,0,0,1,10,3,8,0,0,0,0,200,200,200,8,200,1,61,200
0,200,30,0,0,0,1,10,3,8,0,0,0,0,200,200,200,8,200,0,49,200
0,200,15,10,2,0,3,7,2,2,0,0,0,1,200,200,200,0,0,0,200,200
1,200,15,10,2,0,3,7,2,2,0,0,0,1,200,200,200,0,0,0,200,200
0,200,30,1,2,0,1,12,5,4,0,0,0,0,200,200,200,21,23,0,42,200
0,200,30,1,2,0,1,12,5,4,0,0,0,0,200,200,200,21,23,0,25,200
0,200,30,1,2,0,1,12,2,2,0,0,0,0,200,200,200,22,0,0,200,200
0,200,30,1,2,0,1,12,2,2,0,0,0,0,200,200,200,22,0,0,49,200
0,200,35,1,0,0,1,10,2,4,0,0,0,0,1,200,200,18,18,0,43,200
0,200,35,1,0,0,1,10,2,4,0,0,0,0,1,200,200,18,18,0,59,200
0,200,30,1,2,0,1,12,6,3,0,0,0,0,1,200,200,17,17,1,70,200
0,200,30,1,2,0,1,12,6,3,0,0,0,0,1,200,200,17,17,1,43,200
0,200,30,1,2,200,4,10,5,5,0,200,0,0,200,200,200,6,200,0,200,200
0,200,30,1,2,200,4,10,5,5,0,200,0,0,200,200,200,6,200,1,48,200
0,200,30,0,0,0,1,7,5,1,0,0,0,0,200,200,200,20,20,1,73,200
0,200,30,1,2,0,1,14,5,4,0,0,0,1,1,200,200,17,0,0,52,200
0,200,30,1,2,0,1,14,5,4,0,0,0,1,1,200,200,17,0,0,29,200
0,200,30,1,2,0,1,8,2,200,0,0,0,1,1,200,200,6,200,0,32,200
4,200,30,1,2,0,1,8,2,200,0,0,0,1,1,200,200,6,200,0,20,200
0,200,30,0,0,0,1,12,5,2,0,0,0,0,200,200,200,22,0,0,66,200
0,200,30,0,0,0,1,12,5,2,0,0,0,0,200,200,200,22,0,1,200,200
0,200,30,0,0,0,1,12,3,6,0,0,0,1,200,200,1,21,22,0,200,200
0,200,30,0,0,0,1,12,3,6,0,0,0,1,200,200,1,21,22,1,24,200
0,200,30,0,0,0,1,7,5,200,0,0,0,0,200,200,200,0,0,1,200,200
0,200,20,0,0,0,1,7,0,200,0,0,3,1,200,0,200,12,0,0,60,200
0,200,30,2,0,0,1,0,5,200,0,0,0,1,1,200,1,5,17,2,200,200
0,200,30,2,0,0,1,0,5,200,0,0,0,1,1,200,1,5,17,1,44,200
0,0,30,0,0,0,1,7,5,2,0,0,0,0,200,200,1,0,0,2,200,200
0,200,30,2,2,0,1,0,2,4,0,0,0,1,1,200,200,17,200,1,21,200
0,200,30,2,2,0,1,0,2,4,0,0,0,1,1,200,200,17,200,1,63,200
0,200,30,0,0,200,1,12,6,2,0,0,0,0,200,200,200,22,11,1,32,200
0,200,30,0,0,200,1,12,6,2,0,0,0,0,200,200,200,22,11,0,24,200
0,200,30,0,0,0,1,11,5,1,0,0,0,0,200,200,200,20,200,0,64,200
0,200,30,0,0,0,1,11,5,1,0,0,0,0,200,200,200,20,200,0,61,200
0,200,30,10,2,0,1,7,2,2,0,0,0,0,200,200,200,3,200,0,27,200
0,200,25,0,0,0,1,7,5,1,0,0,0,1,200,200,1,0,0,2,200,200
0,200,30,0,0,0,1,14,2,200,0,0,0,0,200,200,200,18,17,0,65,200
0,200,30,0,0,0,1,14,2,200,0,0,0,0,200,200,200,18,17,1,51,200
0,200,30,0,0,0,1,14,2,200,0,0,0,0,200,200,200,18,17,1,200,200
0,200,20,0,0,0,1,7,6,200,0,0,0,0,200,200,200,11,200,0,200,200
0,200,30,0,0,0,1,10,3,6,0,0,0,0,200,200,1,0,200,2,200,200
0,200,30,0,0,0,1,10,3,6,0,0,0,0,200,200,1,0,200,2,200,200
0,200,30,0,0,0,1,10,3,6,0,0,0,0,200,200,1,0,200,1,27,200
0,200,30,0,0,0,1,10,3,6,0,0,0,0,200,200,1,0,200,0,28,200
0,1,30,0,0,0,1,7,6,1,0,0,0,0,200,200,1,17,200,2,200,200
0,200,30,0,0,0,1,14,2,200,0,0,0,1,200,200,200,22,22,1,33,200
0,200,30,0,0,0,1,14,2,200,0,0,0,1,200,200,200,22,22,0,28,200
1,200,30,0,0,0,1,14,2,200,0,0,0,1,200,200,200,22,22,1,27,200
1,200,30,0,0,0,1,14,2,200,0,0,0,1,200,200,200,22,22,0,6,200
1,200,30,0,0,0,1,14,2,200,0,0,0,1,200,200,200,22,22,0,5,200
0,200,30,0,0,0,1,12,2,2,0,0,0,0,200,200,200,0,200,0,59,200
0,200,30,0,0,0,1,12,2,2,0,0,0,0,200,200,200,0,200,0,22,200
0,200,30,0,0,0,0,2,5,200,0,0,3,0,200,1,1,20,200,2,200,200
3,200,30,0,0,0,0,2,5,200,0,0,3,0,200,1,1,20,200,0,200,200
0,200,30,1,2,0,1,2,5,6,0,0,0,0,1,200,1,23,11,2,200,200
0,200,35,0,0,0,1,10,2,200,0,0,200,1,200,200,200,18,200,0,57,200
0,200,35,0,0,0,1,10,2,200,0,0,200,1,200,200,200,18,200,0,48,200
1,200,35,0,0,0,1,10,2,200,0,0,200,1,200,200,200,18,200,0,200,200
0,200,30,0,0,0,1,10,5,2,0,0,200,0,200,200,200,0,200,1,59,200
0,200,30,0,0,0,1,10,5,2,0,0,200,0,200,200,200,0,200,0,66,200
1,200,30,0,0,0,1,10,5,2,0,0,200,0,200,200,200,0,200,1,57,200
0,200,30,11,2,0,1,2,5,2,0,0,0,1,1,200,200,0,0,0,32,200
0,200,30,0,0,0,1,3,5,200,0,0,0,1,200,200,200,0,0,0,200,200
0,200,30,0,0,0,1,3,5,200,0,0,0,1,200,200,200,0,0,0,52,200
1,200,30,0,0,0,1,3,5,200,0,0,0,1,200,200,200,0,0,1,200,200
0,200,35,1,2,0,1,14,3,3,0,0,0,1,1,200,200,16,0,0,19,200
0,200,35,1,2,0,1,14,3,3,0,0,0,1,1,200,200,16,0,0,44,200
1,200,30,0,1,0,1,10,2,1,0,0,0,0,200,200,200,18,0,1,200,200
0,200,30,0,1,0,1,10,2,1,0,0,0,0,200,200,200,18,0,0,200,200
0,200,30,0,1,0,1,10,2,1,0,0,0,0,200,200,200,18,0,0,44,200
0,200,0,1,2,0,1,10,5,3,0,0,0,1,1,200,200,0,0,0,45,200
0,200,0,1,2,0,1,10,5,3,0,0,0,1,1,200,200,0,0,0,38,200
1,200,0,1,2,0,1,10,5,3,0,0,0,1,1,200,200,0,0,0,2,200
0,200,30,1,2,0,1,12,2,200,0,0,12,0,1,200,0,21,200,1,42,200
0,200,30,1,2,0,1,12,2,200,0,0,12,0,1,200,0,21,200,0,47,200
1,200,30,1,2,0,1,12,2,200,0,0,12,0,1,200,0,21,200,0,7,200
1,200,30,1,2,0,1,12,2,200,0,0,12,0,1,200,0,21,200,1,3,200
0,200,30,0,0,0,1,14,5,2,0,0,200,1,1,200,200,0,0,0,26,200
0,200,30,0,0,0,1,14,5,2,0,0,200,1,1,200,200,0,0,1,35,200
1,200,30,0,0,0,1,14,5,2,0,0,200,1,1,200,200,0,0,1,200,200
1,200,30,0,0,0,1,14,5,2,0,0,200,1,1,200,200,0,0,1,200,200
0,200,35,1,2,0,1,14,3,200,0,0,0,1,1,200,200,17,16,0,17,200
0,200,35,1,2,0,1,14,3,200,0,0,0,1,1,200,200,17,16,0,45,200
5,200,35,1,2,0,1,14,3,200,0,0,0,1,1,200,200,17,16,0,66,200
0,200,35,1,2,0,1,14,5,4,0,0,0,0,200,200,200,22,23,0,50,200
0,200,35,1,2,0,1,14,5,4,0,0,0,0,200,200,200,22,23,1,26,200
0,200,30,0,0,0,3,7,5,200,0,0,0,0,200,200,1,200,200,2,200,200
0,200,30,0,2,0,1,7,2,1,0,0,0,0,200,200,200,22,8,0,34,200
0,200,30,0,0,0,1,12,5,4,0,0,0,0,200,200,200,11,11,0,200,200
0,200,30,0,0,0,1,12,5,4,0,0,0,0,200,200,200,11,11,0,39,200
0,200,30,1,2,0,1,14,6,3,0,0,0,0,1,200,200,23,21,0,29,200
0,200,30,1,2,0,1,14,6,3,0,0,0,0,1,200,200,23,21,0,61,200
0,200,30,0,0,0,1,12,6,2,0,0,0,0,200,200,200,17,21,0,35,200
0,200,30,0,0,0,1,12,6,2,0,0,0,0,200,200,200,17,21,0,29,200
0,200,30,1,2,0,1,10,2,200,0,0,0,1,1,200,1,18,200,2,200,200
0,200,30,1,2,0,1,10,2,200,0,0,0,1,1,200,1,18,200,0,63,200
1,200,30,1,2,0,1,10,2,200,0,0,0,1,1,200,1,18,200,1,71,200
1,200,30,1,2,0,1,10,2,200,0,0,0,1,1,200,1,18,200,0,22,200
1,200,30,1,2,0,1,10,2,200,0,0,0,1,1,200,1,18,200,1,64,200
1,200,30,1,2,0,1,10,2,200,0,0,0,1,1,200,1,18,200,0,9,200
0,200,30,0,0,0,1,7,7,2,0,0,0,0,200,1,0,200,200,2,200,200
0,200,30,0,0,0,1,7,5,4,0,0,0,0,200,200,1,11,200,0,200,200
0,200,30,0,0,0,1,14,5,200,0,0,0,0,200,200,200,17,11,1,44,200
0,200,30,0,0,0,1,14,5,200,0,0,0,0,200,200,200,17,11,1,43,200
1,200,30,0,0,0,1,14,5,200,0,0,0,0,200,200,200,17,11,1,3,200
1,200,30,0,0,0,1,14,5,200,0,0,0,0,200,200,200,17,11,0,6,200
1,200,30,0,0,0,1,14,5,200,0,0,0,0,200,200,200,17,11,1,8,200
0,200,30,2,2,0,1,14,5,2,0,0,0,0,1,200,200,17,23,1,20,200
0,200,30,2,2,0,1,14,5,2,0,0,0,0,1,200,200,17,23,0,69,200
0,200,0,0,0,200,200,2,12,1,3,200,200,0,200,1,200,12,12,1,29,200
0,200,30,0,0,0,1,2,5,200,0,0,0,1,200,200,200,11,12,0,21,200
0,200,0,0,0,0,1,12,5,200,0,0,0,0,200,200,200,11,200,1,33,200
0,200,0,0,0,0,1,12,5,200,0,0,0,0,200,200,200,11,200,0,68,200
1,200,0,0,0,0,1,12,5,200,0,0,0,0,200,200,200,11,200,1,63,200
0,0,30,0,0,0,4,5,5,6,0,0,0,0,200,200,200,200,200,0,72,200
0,200,30,0,0,0,1,12,2,200,0,0,0,0,200,200,200,21,200,1,40,200
0,200,30,0,0,0,1,12,2,200,0,0,0,0,200,200,200,21,200,0,47,200
0,200,30,0,0,0,1,7,5,200,0,0,0,0,200,200,200,11,0,1,18,200
0,200,30,1,2,0,3,14,12,0,0,0,0,0,1,200,200,200,200,0,70,200
0,200,30,1,2,0,3,14,12,0,0,0,0,0,1,200,200,200,200,0,43,200
0,200,30,0,0,0,1,7,2,4,0,0,0,1,200,200,200,7,200,0,19,200
0,200,30,0,0,0,1,7,2,4,0,0,0,1,200,200,200,7,200,0,78,200
0,200,30,0,0,0,3,14,2,200,0,0,0,0,1,200,200,17,200,1,23,200
0,200,30,0,0,0,3,14,2,200,0,0,0,0,1,200,200,17,200,0,81,200
0,1,25,0,0,200,200,7,5,2,0,200,200,0,200,200,1,10,1,2,200,200
0,200,25,0,0,0,1,12,5,200,0,0,0,1,200,200,200,22,200,1,54,200
0,200,25,0,0,0,1,12,5,200,0,0,0,1,200,200,200,22,200,1,24,200
1,200,25,0,0,0,1,12,5,200,0,0,0,1,200,200,200,22,200,0,20,200
1,200,25,0,0,0,1,12,5,200,0,0,0,1,200,200,200,22,200,0,22,200
0,1,20,0,0,0,1,7,5,1,0,0,0,0,200,200,200,0,0,0,24,200
1,1,20,0,0,0,1,7,5,1,0,0,0,0,200,200,200,0,0,0,24,200
0,200,30,0,0,0,1,7,6,3,0,0,0,1,200,200,200,16,8,2,200,200
0,200,30,0,0,0,1,7,6,3,0,0,0,1,200,200,200,16,8,0,36,200
1,200,30,0,0,0,1,7,6,3,0,0,0,1,200,200,200,16,8,0,50,200
0,200,30,0,0,0,1,7,6,3,0,0,0,0,200,200,1,23,200,0,200,200
0,200,15,0,0,0,200,7,7,200,0,0,0,0,200,200,1,0,0,2,200,200
0,200,30,1,1,0,1,2,5,200,0,0,0,0,200,200,200,18,18,0,28,200
0,200,30,1,1,0,1,2,5,200,0,0,0,0,200,200,200,18,18,0,48,200
1,200,30,1,1,0,1,2,5,200,0,0,0,0,200,200,200,18,18,200,200,200
0,200,25,0,0,0,1,7,5,200,0,0,0,0,200,200,1,0,0,2,200,200
0,200,30,0,0,0,1,10,2,2,0,0,0,1,200,200,200,18,0,1,47,200
0,200,30,0,0,0,1,10,2,2,0,0,0,1,200,200,200,18,0,1,26,200
0,200,30,2,0,0,1,10,5,200,0,0,0,0,200,200,1,22,18,0,200,200
0,200,30,2,0,0,1,10,5,200,0,0,0,0,200,200,1,22,18,0,29,200
0,200,30,1,2,0,1,12,5,4,0,0,0,0,1,200,1,17,200,1,200,200
0,200,30,1,2,0,1,12,5,4,0,0,0,0,1,200,1,17,200,0,23,200
0,200,30,0,0,0,1,7,5,4,2,0,0,0,200,200,200,27,27,0,74,200
0,200,30,0,0,0,1,7,6,200,1,0,1,0,200,200,200,0,200,1,67,200
1,200,30,0,0,0,1,7,6,200,1,0,1,0,200,200,200,0,200,1,43,200
0,200,30,2,2,0,2,10,5,200,0,0,0,0,200,200,200,8,200,0,42,200
0,200,30,2,2,0,2,10,5,200,0,0,0,0,200,200,200,8,200,0,200,200
0,200,30,0,0,0,1,11,6,1,0,0,0,0,200,200,200,0,200,1,32,200
0,200,30,0,0,0,1,11,6,1,0,0,0,0,200,200,200,0,200,1,36,200
0,1,25,0,0,200,200,7,5,1,0,200,200,0,200,200,1,0,0,2,200,200
0,200,30,1,2,0,1,5,2,200,0,0,4,1,200,200,200,28,0,1,25,200
1,200,30,1,2,0,1,5,2,200,0,0,4,1,200,200,200,28,0,0,200,200
1,200,30,1,2,0,1,5,2,200,0,0,4,1,200,200,200,28,0,1,200,200
0,200,30,1,2,0,1,14,5,4,0,0,200,0,1,200,200,200,200,1,24,200
0,200,30,1,2,0,1,14,5,4,0,0,200,0,1,200,200,200,200,0,21,200
1,200,30,1,2,0,1,14,5,4,0,0,200,0,1,200,200,200,200,0,200,200
1,200,30,1,2,0,1,14,5,4,0,0,200,0,1,200,200,200,200,1,200,200
0,200,30,0,0,0,1,12,3,2,0,0,0,0,200,200,200,200,200,0,200,200
0,200,30,0,0,0,1,12,3,2,0,0,0,0,200,200,200,200,200,1,200,200
0,200,30,1,2,0,1,14,5,2,0,0,0,0,1,200,200,23,21,0,41,200
0,200,30,1,2,0,1,14,5,2,0,0,0,0,1,200,200,23,21,0,30,200
0,200,30,0,2,0,1,7,5,2,0,0,0,1,200,200,1,0,200,2,200,200
0,200,30,0,0,0,1,7,3,200,0,0,0,0,200,200,1,1,200,0,200,200
0,200,35,1,2,0,1,0,5,200,0,0,0,1,1,200,200,27,6,1,73,200
0,200,35,1,2,0,1,0,5,200,0,0,0,1,1,200,200,27,6,1,69,200
0,200,30,0,0,0,1,5,5,200,0,0,0,1,200,200,200,12,0,1,37,200
0,1,30,0,0,0,1,11,7,1,0,0,0,0,200,200,1,0,0,1,200,200
0,1,30,0,0,0,1,11,7,1,0,0,0,0,200,200,1,0,0,0,65,200
0,200,30,1,2,0,1,14,2,2,0,0,0,0,1,200,200,23,16,0,26,200
0,200,30,1,2,0,1,14,2,2,0,0,0,0,1,200,200,23,16,0,21,200
0,200,30,1,2,0,1,14,2,4,0,0,0,0,200,200,200,17,17,0,88,200
0,200,30,1,2,0,1,14,2,4,0,0,0,0,200,200,200,17,17,1,27,200
0,200,30,0,0,0,1,12,3,200,0,0,0,0,200,200,200,0,0,0,58,200
0,200,30,0,0,0,1,12,3,200,0,0,0,0,200,200,200,0,0,1,59,200
0,200,30,0,0,0,1,7,2,2,0,0,0,1,200,200,0,16,15,1,18,200
0,200,30,1,200,0,1,12,12,4,0,0,0,1,1,200,200,23,0,1,22,200
0,200,30,1,200,0,1,12,12,4,0,0,0,1,1,200,200,23,0,1,37,200
0,200,30,1,2,1,1,10,2,2,0,0,0,1,1,200,200,16,18,1,26,200
0,200,30,1,2,1,1,10,2,2,0,0,0,1,1,200,200,16,18,1,51,200
0,200,30,1,2,0,1,12,2,2,0,0,0,0,200,200,200,0,200,0,33,200
0,200,30,1,2,0,1,12,2,2,0,0,0,0,200,200,200,0,200,1,39,200
0,1,30,0,0,0,1,12,5,200,0,0,0,0,200,200,200,17,0,0,29,200
0,1,30,0,0,0,1,12,5,200,0,0,0,0,200,200,200,17,0,1,36,200
0,200,30,1,2,0,1,14,2,4,0,0,0,1,200,200,200,17,23,1,34,200
0,200,30,1,2,0,1,14,2,4,0,0,0,1,200,200,200,17,23,1,34,200
0,200,30,0,0,0,1,12,6,4,2,0,0,0,200,200,200,29,200,0,37,200
0,200,30,0,0,0,1,12,6,4,2,0,0,0,200,200,200,29,200,0,83,200
1,200,30,0,0,0,1,12,6,4,2,0,0,0,200,200,200,29,200,1,85,200
0,200,15,0,0,0,200,7,12,200,0,200,200,0,200,1,1,0,200,2,200,200
0,200,30,0,0,0,1,7,6,200,0,0,0,1,200,200,1,0,0,0,200,200
0,1,30,1,2,0,1,14,5,2,0,0,0,0,1,200,200,17,200,0,73,200
0,1,30,1,2,0,1,14,5,2,0,0,0,0,1,200,200,17,200,1,24,200
0,200,0,0,0,0,1,2,0,1,0,0,0,0,200,200,200,0,200,2,200,200
4,200,0,1,2,0,1,8,2,2,0,0,0,1,1,200,200,11,200,0,25,200
0,200,0,1,2,0,1,8,2,2,0,0,0,1,1,200,200,11,200,0,71,200
0,200,30,0,0,0,1,14,1,5,0,0,0,0,200,200,200,23,200,0,200,200
0,200,30,0,0,0,1,14,1,5,0,0,0,0,200,200,200,23,200,0,34,200
1,200,30,0,0,0,1,14,1,5,0,0,0,0,200,200,200,23,200,1,28,200
0,200,30,12,0,0,1,12,2,2,0,0,0,0,200,200,200,22,16,0,30,200
0,200,30,12,0,0,1,12,2,2,0,0,0,0,200,200,200,22,16,1,70,200
0,200,30,0,0,0,1,10,2,4,0,0,0,0,200,200,200,18,17,0,35,200
0,200,30,0,0,0,1,10,2,4,0,0,0,0,200,200,200,18,17,0,66,200
1,200,30,0,0,0,1,10,2,4,0,0,0,0,200,200,200,18,17,0,22,200
0,200,30,2,2,0,1,0,5,4,0,0,0,1,1,200,200,5,0,0,39,200
0,200,30,2,2,0,1,0,5,4,0,0,0,1,1,200,200,5,0,0,56,200
1,200,30,2,2,0,1,0,5,4,0,0,0,1,1,200,200,5,0,0,27,200
0,200,30,0,0,0,1,12,1,4,0,200,200,0,200,200,200,0,0,1,59,200
0,200,30,0,0,0,1,12,1,4,0,200,200,0,200,200,200,0,0,0,200,200
0,200,30,1,2,0,1,0,2,4,0,0,0,0,0,200,200,17,22,0,38,200
0,200,30,1,2,0,1,0,2,4,0,0,0,0,0,200,200,17,22,0,36,200
0,200,30,0,200,0,1,7,2,2,0,0,0,0,200,200,200,0,0,1,200,200
0,200,30,0,0,0,1,2,6,200,0,0,12,0,200,200,200,0,200,1,71,200
0,200,30,0,0,0,1,14,1,6,0,0,0,1,200,200,1,17,200,0,65,200
0,200,30,0,0,0,1,14,1,6,0,0,0,1,200,200,1,17,200,2,200,200
1,200,30,0,0,0,1,14,1,6,0,0,0,1,200,200,1,17,200,1,66,200
0,200,30,1,2,0,4,12,2,2,0,0,0,0,200,200,1,22,0,2,200,200