PERSON_TYPE,CRASH_DATE_EST_I,POSTED_SPEED_LIMIT,TRAFFIC_CONTROL_DEVICE,DEVICE_CONDITION,WEATHER_CONDITION,LIGHTING_CONDITION,FIRST_CRASH_TYPE,TRAFFICWAY_TYPE,LANE_CNT,ALIGNMENT,ROADWAY_SURFACE_COND,ROAD_DEFECT,CRASH_TYPE,INTERSECTION_RELATED_I,NOT_RIGHT_OF_WAY_I,HIT_AND_RUN_I,PRIM_CONTRIBUTORY_CAUSE,SEC_CONTRIBUTORY_CAUSE,SEX,AGE,BAC_RESULT VALUE
0,200,30,2,2,0,3,0,1,200,0,0,0,0,200,200,200,0,0,2,200,200
0,200,30,2,2,0,3,0,1,200,0,0,0,0,200,200,200,0,0,0,27,200
0,200,30,0,0,0,1,10,3,2,0,0,0,1,200,200,200,16,200,1,200,200
0,200,30,0,0,0,1,10,3,2,0,0,0,1,200,200,200,16,200,0,38,200
0,200,30,0,0,0,4,10,6,1,0,0,0,0,200,200,1,0,0,2,200,200
0,200,30,0,0,0,4,10,6,1,0,0,0,0,200,200,1,0,0,1,36,200
0,200,30,1,2,0,4,8,5,8,0,0,0,1,1,200,200,0,200,0,200,200
4,200,30,1,2,0,4,8,5,8,0,0,0,1,1,200,200,0,200,0,30,200
1,200,30,1,2,0,4,8,5,8,0,0,0,1,1,200,200,0,200,0,200,200
0,200,30,0,0,0,1,7,6,1,0,0,200,0,200,200,1,0,0,2,200,200
0,200,30,1,2,0,1,12,5,200,0,0,200,0,0,200,200,21,0,1,200,200
0,200,30,1,2,0,1,12,5,200,0,0,200,0,0,200,200,21,0,1,66,200
0,0,25,200,200,0,2,7,6,200,0,0,0,0,200,200,1,0,0,2,200,200
0,200,30,0,0,0,3,7,6,1,0,0,0,1,200,200,200,11,200,0,83,200
0,1,30,0,0,0,1,7,5,200,0,0,200,0,200,200,1,0,0,2,200,200
0,200,30,0,0,0,3,14,2,200,0,0,0,1,200,200,200,21,11,0,18,200
0,200,30,0,0,0,3,14,2,200,0,0,0,1,200,200,200,21,11,1,56,200
0,200,30,1,2,0,3,12,5,200,0,0,0,0,1,200,1,20,0,2,200,200
0,200,30,1,2,0,3,12,5,200,0,0,0,0,1,200,1,20,0,1,33,200
0,200,30,1,2,0,4,10,5,4,0,0,200,0,200,200,200,18,0,1,200,200
0,200,30,1,2,0,4,10,5,4,0,0,200,0,200,200,200,18,0,0,26,200
1,200,30,1,2,0,4,10,5,4,0,0,200,0,200,200,200,18,0,0,200,200
0,200,25,0,0,0,3,7,6,1,0,0,0,0,200,200,1,0,200,0,200,200
0,200,30,0,0,0,3,14,5,200,0,0,200,0,200,200,200,22,17,0,38,200
0,200,30,0,0,0,3,14,5,200,0,0,200,0,200,200,200,22,17,1,23,200
1,200,30,0,0,0,3,14,5,200,0,0,200,0,200,200,200,22,17,200,200,200
0,0,30,0,0,0,3,7,2,2,0,0,200,0,200,200,1,20,200,0,200,200
0,200,30,0,0,0,3,2,5,2,0,0,0,1,200,200,0,0,0,0,200,200
1,200,30,0,0,0,3,2,5,2,0,0,0,1,200,200,0,0,0,200,200,200
0,200,5,0,0,0,1,2,5,2,0,0,0,0,200,1,200,21,200,0,71,200
0,200,25,0,0,0,3,7,6,200,0,0,0,1,200,200,1,0,200,0,200,200
0,200,30,0,0,0,3,7,5,2,0,0,0,0,200,200,1,16,21,2,200,200
0,200,30,1,2,0,3,14,6,4,0,0,200,0,1,200,200,23,23,0,45,200
0,200,30,0,0,0,0,10,5,1,0,0,0,0,200,200,200,18,200,0,25,200
0,200,30,0,0,0,0,10,5,1,0,0,0,0,200,200,200,18,200,1,25,200
1,200,30,0,0,0,0,10,5,1,0,0,0,0,200,200,200,18,200,1,22,200
0,200,30,2,200,0,3,0,5,2,0,0,0,1,1,200,200,17,200,1,34,200
0,200,30,2,200,0,3,0,5,2,0,0,0,1,1,200,200,17,200,0,53,200
1,200,30,2,200,0,3,0,5,2,0,0,0,1,1,200,200,17,200,0,11,200
1,200,30,2,200,0,3,0,5,2,0,0,0,1,1,200,200,17,200,0,55,200
1,200,30,2,200,0,3,0,5,2,0,0,0,1,1,200,200,17,200,1,35,200
1,200,30,2,200,0,3,0,5,2,0,0,0,1,1,200,200,17,200,0,13,200
1,200,30,2,200,0,3,0,5,2,0,0,0,1,1,200,200,17,200,1,49,200
1,200,30,2,200,0,3,0,5,2,0,0,0,1,1,200,200,17,200,0,5,200
1,200,30,2,200,0,3,0,5,2,0,0,0,1,1,200,200,17,200,1,8,200
0,200,30,0,0,0,3,12,5,2,0,0,0,0,200,200,200,32,0,0,23,0.17
0,200,30,0,0,0,3,12,5,2,0,0,0,0,200,200,200,32,0,0,28,200
0,200,30,1,2,0,3,10,5,200,0,0,0,0,200,200,1,0,0,1,200,200
0,200,30,1,2,0,3,10,5,200,0,0,0,0,200,200,1,0,0,2,200,200
0,200,30,0,0,200,200,7,6,200,0,200,200,0,200,200,1,0,0,2,200,200
0,200,30,0,0,1,0,2,0,1,0,0,3,0,200,200,200,20,33,0,28,200
1,200,30,0,0,1,0,2,0,1,0,0,3,0,200,200,200,20,33,0,34,200
0,200,25,0,0,0,3,2,7,0,0,0,0,0,200,200,200,11,16,0,52,200
0,200,30,6,200,0,3,14,5,2,0,0,0,0,1,200,200,0,0,0,26,200
0,200,30,6,200,0,3,14,5,2,0,0,0,0,1,200,200,0,0,1,29,200
0,200,30,2,2,0,3,7,5,2,0,0,0,0,0,200,1,25,16,1,200,200
0,0,30,0,0,0,3,7,3,4,0,0,0,0,200,200,1,0,0,2,200,200
0,200,30,2,2,0,3,10,5,2,0,0,0,1,1,200,0,32,5,0,76,200
0,200,30,2,2,0,3,10,5,2,0,0,0,1,1,200,0,32,5,0,52,200
0,200,30,0,0,0,3,9,6,1,0,0,0,1,200,200,200,11,11,1,11,200
5,200,30,0,0,0,3,9,6,1,0,0,0,1,200,200,200,11,11,0,66,200
0,200,30,1,2,1,3,0,2,200,0,0,0,1,1,200,200,32,200,0,24,0.12
0,200,30,1,2,1,3,0,2,200,0,0,0,1,1,200,200,32,200,1,26,200
1,200,30,1,2,1,3,0,2,200,0,0,0,1,1,200,200,32,200,0,34,200
0,200,30,0,0,0,3,7,6,1,0,0,0,1,200,200,1,0,0,2,200,200
0,200,30,0,0,0,3,7,6,3,0,0,0,0,200,200,1,20,0,0,200,200
0,1,30,0,0,0,3,14,5,2,0,0,0,0,0,200,1,23,0,1,200,200
0,1,30,0,0,0,3,14,5,2,0,0,0,0,0,200,1,23,0,0,39,200
4,200,30,1,200,200,3,8,1,2,0,200,200,0,1,200,200,0,200,1,200,200
0,200,30,1,200,200,3,8,1,2,0,200,200,0,1,200,200,0,200,0,49,200
0,200,30,0,0,0,0,6,2,2,0,0,0,1,200,200,200,0,0,0,28,200
1,200,30,0,0,0,0,6,2,2,0,0,0,1,200,200,200,0,0,1,12,200
0,200,30,0,0,0,0,2,12,0,0,0,1,0,200,200,200,0,0,0,51,200
0,0,30,0,0,0,3,11,5,2,2,0,0,1,200,200,1,21,0,0,200,200
0,0,30,0,0,0,3,11,5,2,2,0,0,1,200,200,1,21,0,0,28,200
1,0,30,0,0,0,3,11,5,2,2,0,0,1,200,200,1,21,0,1,25,200
1,0,30,0,0,0,3,11,5,2,2,0,0,1,200,200,1,21,0,0,200,200
0,200,30,0,0,0,2,7,5,1,0,0,0,1,200,200,200,0,7,1,19,200
0,200,30,0,0,0,0,0,5,200,0,0,0,0,200,200,200,20,200,0,23,200
0,200,30,0,0,0,0,0,5,200,0,0,0,0,200,200,200,20,200,0,73,200
1,200,30,0,0,0,0,0,5,200,0,0,0,0,200,200,200,20,200,200,200,200
0,200,30,1,2,0,3,10,2,4,0,0,0,1,1,200,1,0,0,0,200,200
0,200,30,1,2,0,3,10,2,4,0,0,0,1,1,200,1,0,0,1,58,200
0,200,25,0,0,0,2,7,5,200,0,0,0,0,200,200,200,17,200,1,32,200
0,1,30,0,3,0,0,7,5,2,2,0,0,0,1,200,1,0,0,1,200,200
0,200,30,1,2,0,1,14,3,5,3,0,0,1,1,200,200,17,200,0,28,200
0,200,30,1,2,0,1,14,3,5,3,0,0,1,1,200,200,17,200,1,40,200
0,200,30,0,0,0,1,14,2,4,0,0,0,1,200,200,200,17,17,0,33,200
0,200,30,0,0,0,1,14,2,4,0,0,0,1,200,200,200,17,17,0,22,200
1,200,30,0,0,0,1,14,2,4,0,0,0,1,200,200,200,17,17,1,49,200
1,200,30,0,0,0,1,14,2,4,0,0,0,1,200,200,200,17,17,0,23,200
0,200,30,1,0,0,1,10,5,2,0,0,1,0,200,200,200,18,200,0,36,200
0,200,30,1,0,0,1,10,5,2,0,0,1,0,200,200,200,18,200,0,52,200
0,200,30,0,0,0,3,7,5,4,0,0,0,1,200,200,200,16,12,1,24,200
1,200,30,0,0,0,3,7,5,4,0,0,0,1,200,200,200,16,12,1,23,200
0,200,35,0,0,0,1,7,5,200,0,0,0,0,200,200,1,0,0,2,200,200
0,200,30,0,0,0,1,10,6,200,2,1,2,1,200,200,200,16,200,0,34,200
0,200,30,0,0,0,1,10,6,200,2,1,2,1,200,200,200,16,200,1,35,200
0,200,45,0,0,0,1,2,3,8,0,0,0,0,200,200,200,0,0,0,55,200
0,200,30,2,0,0,3,10,5,2,0,0,0,0,200,200,1,18,200,0,200,200
0,200,30,2,0,0,3,10,5,2,0,0,0,0,200,200,1,18,200,1,44,200
0,200,30,0,0,0,4,11,5,1,0,0,0,1,200,200,1,0,200,2,200,200
0,200,30,0,0,0,4,11,5,1,0,0,0,1,200,200,1,0,200,1,200,200
1,200,30,0,0,0,4,11,5,1,0,0,0,1,200,200,1,0,200,0,43,200
0,200,35,1,2,0,3,9,2,2,0,0,0,1,200,200,1,0,0,0,200,200
5,200,35,1,2,0,3,9,2,2,0,0,0,1,200,200,1,0,0,0,26,200
1,200,35,1,2,0,3,9,2,2,0,0,0,1,200,200,1,0,0,200,200,200
5,200,30,1,2,0,1,9,2,2,0,0,0,1,1,200,200,0,0,0,22,200
0,200,30,1,2,0,1,9,2,2,0,0,0,1,1,200,200,0,0,1,50,200
0,1,30,0,0,0,1,14,5,1,0,0,0,0,200,200,200,0,0,0,50,200
0,1,30,0,0,0,1,14,5,1,0,0,0,0,200,200,200,0,0,0,37,200
0,1,30,2,200,0,1,14,5,2,1,200,200,0,1,200,200,200,200,1,200,200
0,1,30,2,200,0,1,14,5,2,1,200,200,0,1,200,200,200,200,0,200,200
0,200,30,0,0,0,1,7,5,200,0,0,0,0,200,200,200,21,200,1,27,200
0,200,15,0,3,0,1,7,5,2,0,0,0,0,200,200,1,0,0,2,200,200
0,200,30,0,0,0,1,10,5,4,0,0,200,0,1,200,200,17,200,1,40,200
0,200,30,0,0,0,1,10,5,4,0,0,200,0,1,200,200,17,200,0,59,200
0,1,30,0,0,0,200,7,6,1,0,0,0,0,200,200,1,0,27,2,200,200
0,200,25,0,0,0,1,2,0,1,0,0,0,0,200,200,200,33,0,0,42,200
0,200,30,2,2,0,1,12,5,2,0,0,0,0,200,200,200,21,8,0,30,200
0,200,30,2,2,0,1,12,5,2,0,0,0,0,200,200,200,21,8,0,55,200
0,200,15,0,0,0,3,10,12,0,1,0,0,0,200,200,1,0,200,1,200,200
0,200,15,0,0,0,3,10,12,0,1,0,0,0,200,200,1,0,200,1,73,200
1,200,15,0,0,0,3,10,12,0,1,0,0,0,200,200,1,0,200,0,200,200
0,200,25,0,2,0,1,10,2,200,0,0,0,1,200,200,200,18,200,0,42,200
0,200,25,0,2,0,1,10,2,200,0,0,0,1,200,200,200,18,200,0,52,200
1,200,25,0,2,0,1,10,2,200,0,0,0,1,200,200,200,18,200,1,28,200
0,200,25,0,0,0,1,7,5,2,0,0,0,0,200,200,1,0,0,2,200,200
0,200,30,0,0,0,1,12,5,2,0,0,0,0,1,200,200,0,200,1,37,200
0,200,30,0,0,0,1,12,5,2,0,0,0,0,1,200,200,0,200,1,19,200
1,200,30,0,0,0,1,12,5,2,0,0,0,0,1,200,200,0,200,0,200,200
0,200,20,0,0,0,1,7,5,2,0,0,0,1,200,200,1,0,0,0,200,200
0,0,30,1,2,0,1,14,3,200,2,0,0,1,1,200,200,17,17,1,31,200
0,0,30,1,2,0,1,14,3,200,2,0,0,1,1,200,200,17,17,0,40,200
0,200,35,0,0,0,1,12,3,2,0,0,0,0,200,200,200,16,200,1,28,200
0,200,35,0,0,0,1,12,3,2,0,0,0,0,200,200,200,16,200,0,45,200
0,1,10,0,0,200,200,7,7,2,0,200,200,0,200,1,200,200,200,2,200,200
0,1,25,0,0,0,1,7,5,200,0,0,0,0,200,200,1,0,0,2,200,200
0,200,30,1,2,0,1,12,3,200,0,0,0,0,200,200,200,22,200,1,200,200
0,200,30,1,2,0,1,12,3,200,0,0,0,0,200,200,200,22,200,1,200,200
0,200,25,12,0,0,1,3,2,2,0,0,0,1,1,200,200,20,16,0,37,200
0,200,25,12,0,0,1,3,2,2,0,0,0,1,1,200,200,20,16,1,22,200
0,200,30,1,2,0,1,10,1,200,0,0,0,0,1,200,200,18,18,0,28,200
0,200,30,1,2,0,1,10,1,200,0,0,0,0,1,200,200,18,18,0,46,200
0,200,30,0,0,0,1,12,5,200,0,0,0,0,200,200,200,21,16,0,200,200
0,200,30,0,0,0,1,12,5,200,0,0,0,0,200,200,200,21,16,0,40,200
0,200,35,1,2,0,1,10,3,4,0,0,0,0,200,200,200,18,200,0,39,200
0,200,35,1,2,0,1,10,3,4,0,0,0,0,200,200,200,18,200,0,200,200
0,200,35,1,2,0,1,10,3,4,0,0,0,0,200,200,200,18,200,0,40,200
1,200,35,1,2,0,1,10,3,4,0,0,0,0,200,200,200,18,200,1,200,200
0,200,30,0,0,0,1,14,5,2,0,0,0,0,200,200,200,23,22,0,41,200
0,200,30,0,0,0,1,14,5,2,0,0,0,0,200,200,200,23,22,0,60,200
0,200,35,0,0,0,1,10,5,200,0,0,0,0,200,200,1,18,200,1,200,200
0,200,35,0,0,0,1,10,5,200,0,0,0,0,200,200,1,18,200,0,54,200
0,200,45,3,2,0,1,10,3,4,0,0,0,1,200,200,200,11,11,1,47,200
0,200,45,3,2,0,1,10,3,4,0,0,0,1,200,200,200,11,11,0,53,200
0,200,45,3,2,0,1,10,3,4,0,0,0,1,200,200,200,11,11,1,28,200
0,200,45,3,2,0,1,10,3,4,0,0,0,1,200,200,200,11,11,1,53,200
0,200,30,0,0,0,1,14,6,3,0,0,0,0,200,200,200,0,0,0,67,200
0,200,30,0,0,0,1,14,6,3,0,0,0,0,200,200,200,0,0,0,66,200
0,200,30,0,0,0,1,10,5,2,0,0,0,0,200,200,200,18,200,1,26,200
0,200,30,0,0,0,1,10,5,2,0,0,0,0,200,200,200,18,200,0,67,200
0,200,30,0,0,0,1,0,7,200,0,0,0,0,200,1,200,17,0,0,200,200
0,200,30,0,0,0,1,0,7,200,0,0,0,0,200,1,200,17,0,0,46,200
1,200,30,0,0,0,1,0,7,200,0,0,0,0,200,1,200,17,0,0,200,200
0,200,30,1,2,2,1,12,5,200,0,1,0,0,200,200,1,22,23,1,200,200
0,200,30,1,2,2,1,12,5,200,0,1,0,0,200,200,1,22,23,0,86,200
0,200,30,0,0,0,3,2,3,2,0,0,0,0,200,200,200,3,29,0,45,200
0,1,30,2,0,0,1,12,5,2,0,0,0,0,200,200,200,0,0,0,200,200
0,1,30,2,0,0,1,12,5,2,0,0,0,0,200,200,200,0,0,0,23,200
0,200,30,0,0,0,1,7,5,4,0,0,0,0,200,200,200,200,200,0,49,200
1,200,30,0,0,0,1,7,5,4,0,0,0,0,200,200,200,200,200,0,200,200
1,200,30,0,0,0,1,7,5,4,0,0,0,0,200,200,200,200,200,0,200,200
1,200,30,0,0,0,1,7,5,4,0,0,0,0,200,200,200,200,200,0,200,200
0,200,30,0,200,200,200,7,5,200,0,200,0,0,200,200,1,0,200,2,200,200
0,200,30,0,0,0,1,10,5,2,0,0,0,1,200,200,200,27,27,0,27,200
0,200,30,0,0,0,1,10,5,2,0,0,0,1,200,200,200,27,27,1,26,200
0,200,30,0,0,0,1,10,5,2,0,0,0,1,200,200,200,27,27,0,27,200
0,200,30,0,0,0,1,10,5,2,0,0,0,1,200,200,200,27,27,0,40,200
0,200,30,0,0,0,1,10,5,2,0,0,0,1,200,200,200,27,27,0,28,200
0,200,10,0,0,0,1,0,7,1,0,0,0,0,200,1,200,20,200,1,200,200
0,200,10,0,0,0,1,0,7,1,0,0,0,0,200,1,200,20,200,1,56,200
0,200,30,0,0,0,1,12,6,3,0,0,0,0,200,200,200,22,200,0,200,200
0,200,30,0,0,0,1,12,6,3,0,0,0,0,200,200,200,22,200,0,200,200
0,200,5,2,2,0,1,14,7,4,0,0,0,1,1,200,200,0,0,1,73,200
0,200,5,2,2,0,1,14,7,4,0,0,0,1,1,200,200,0,0,1,0,200
0,200,30,1,2,0,1,14,5,200,0,0,0,0,200,200,1,200,200,2,200,200
0,200,30,1,2,0,1,14,5,200,0,0,0,0,200,200,1,200,200,1,31,200
0,200,20,0,0,2,1,12,6,200,0,0,2,0,200,200,200,0,200,0,200,200
0,200,20,0,0,2,1,12,6,200,0,0,2,0,200,200,200,0,200,0,64,200
0,1,30,200,200,200,200,7,5,1,0,200,200,1,200,200,1,200,200,2,200,200
0,200,30,0,0,0,1,7,5,2,0,0,0,0,200,200,200,0,200,1,59,200
1,200,30,0,0,0,1,7,5,2,0,0,0,0,200,200,200,0,200,1,200,200
0,200,35,0,0,0,1,10,2,200,0,0,0,0,200,200,200,18,18,0,37,200
0,200,35,0,0,0,1,10,2,200,0,0,0,0,200,200,200,18,18,1,23,200
0,200,30,1,2,0,1,10,5,2,0,0,0,0,1,200,200,18,0,0,34,200
0,200,30,1,2,0,1,10,5,2,0,0,0,0,1,200,200,18,0,0,53,200
1,200,30,1,2,0,1,10,5,2,0,0,0,0,1,200,200,18,0,0,8,200
0,1,30,0,0,200,200,7,5,2,0,200,200,0,200,200,1,0,200,2,200,200
0,200,30,1,2,0,1,10,6,200,0,0,0,0,200,200,200,20,200,0,39,200
0,200,30,1,2,0,1,10,6,200,0,0,0,0,200,200,200,20,200,1,25,200
1,200,30,1,2,0,1,10,6,200,0,0,0,0,200,200,200,20,200,0,61,200
0,200,30,1,2,0,1,14,2,2,0,0,0,0,200,200,200,22,22,0,35,200
0,200,30,1,2,0,1,14,2,2,0,0,0,0,200,200,200,22,22,0,40,200
1,200,30,1,2,0,1,14,2,2,0,0,0,0,200,200,200,22,22,0,12,200
0,200,35,1,2,0,1,10,2,2,0,0,0,0,200,200,200,18,18,1,36,200
0,200,35,1,2,0,1,10,2,2,0,0,0,0,200,200,200,18,18,0,44,200
0,1,20,0,0,0,0,7,12,1,0,0,0,0,200,200,1,21,200,2,200,200
0,200,30,1,2,0,1,14,2,200,0,0,0,0,1,200,200,0,200,0,68,200
0,200,30,1,2,0,1,14,2,200,0,0,0,0,1,200,200,0,200,1,70,200
1,200,30,1,2,0,1,14,2,200,0,0,0,0,1,200,200,0,200,1,200,200
0,200,30,0,2,2,2,10,5,200,0,1,0,1,200,200,200,18,18,1,28,200
0,200,30,0,2,2,2,10,5,200,0,1,0,1,200,200,200,18,18,1,19,200
1,200,30,0,2,2,2,10,5,200,0,1,0,1,200,200,200,18,18,1,28,200
1,200,30,0,2,2,2,10,5,200,0,1,0,1,200,200,200,18,18,0,0,200
0,200,30,12,0,0,1,12,12,200,0,0,0,0,200,200,200,11,0,0,200,200
0,200,30,12,0,0,1,12,12,200,0,0,0,0,200,200,200,11,0,1,200,200
1,200,30,12,0,0,1,12,12,200,0,0,0,0,200,200,200,11,0,2,200,200
0,200,39,0,0,0,1,7,4,200,0,0,0,0,200,200,200,11,27,0,91,200
0,200,30,0,0,0,1,14,5,200,0,0,0,0,200,200,200,0,200,1,21,200
0,200,30,0,0,0,1,14,5,200,0,0,0,0,200,200,200,0,200,1,0,200
0,1,15,0,0,0,3,7,6,200,0,0,0,0,200,200,1,0,200,2,200,200
0,200,30,0,0,0,1,10,5,2,0,0,0,0,200,200,200,18,200,1,18,200
0,200,30,0,0,0,1,10,5,2,0,0,0,0,200,200,200,18,200,0,24,200
1,200,30,0,0,0,1,10,5,2,0,0,0,0,200,200,200,18,200,1,22,200
0,200,30,0,0,0,1,7,12,200,3,0,0,0,200,200,200,200,200,0,73,200
0,200,30,1,2,0,1,0,5,200,0,1,0,0,200,200,200,0,0,0,24,200
0,200,30,1,2,0,1,0,5,200,0,1,0,0,200,200,200,0,0,1,59,200
0,200,35,1,2,2,1,12,2,4,0,1,0,0,200,200,200,25,200,0,47,200
0,200,35,1,2,2,1,12,2,4,0,1,0,0,200,200,200,25,200,0,65,200
0,200,30,0,0,1,1,10,3,6,0,0,0,0,200,200,200,20,11,0,53,200
0,200,30,0,0,1,1,10,3,6,0,0,0,0,200,200,200,20,11,1,26,200
1,200,30,0,0,1,1,10,3,6,0,0,0,0,200,200,200,20,11,0,26,200
0,1,30,1,2,0,1,10,5,2,0,0,0,0,200,200,200,0,0,1,29,200
0,1,30,1,2,0,1,10,5,2,0,0,0,0,200,200,200,0,0,1,28,200
0,200,30,1,2,0,1,14,5,2,0,0,0,1,1,200,200,23,200,0,65,200
0,200,30,1,2,0,1,14,5,2,0,0,0,1,1,200,200,23,200,1,35,200
0,200,25,0,0,2,1,5,6,200,0,1,0,0,200,200,1,25,200,0,200,200
0,200,35,1,2,0,3,10,5,2,0,0,0,0,200,200,200,8,8,0,43,200
0,200,35,1,2,0,3,10,5,2,0,0,0,0,200,200,200,8,8,1,43,200
0,200,30,1,2,0,1,10,5,5,0,0,0,1,1,200,200,0,0,0,28,200
0,200,30,1,2,0,1,10,5,5,0,0,0,1,1,200,200,0,0,1,36,200
0,200,30,0,0,2,1,14,5,4,0,1,0,1,200,200,200,17,200,0,200,200
0,200,30,0,0,2,1,14,5,4,0,1,0,1,200,200,200,17,200,0,200,200
0,200,30,9,2,2,1,12,3,6,0,0,0,0,200,200,200,22,200,0,48,200
0,200,30,9,2,2,1,12,3,6,0,0,0,0,200,200,200,22,200,0,46,200
0,1,20,0,0,0,0,7,12,200,0,0,0,0,200,200,1,21,200,2,200,200
0,200,30,0,0,2,1,14,5,2,0,1,200,0,200,200,200,0,200,0,53,200
0,200,30,0,0,2,1,14,5,2,0,1,200,0,200,200,200,0,200,0,50,200
0,200,35,0,0,2,1,10,2,4,0,1,0,0,200,200,200,0,0,1,63,200
0,200,35,0,0,2,1,10,2,4,0,1,0,0,200,200,200,0,0,1,69,200
1,200,35,0,0,2,1,10,2,4,0,1,0,0,200,200,200,0,0,1,14,200
1,200,35,0,0,2,1,10,2,4,0,1,0,0,200,200,200,0,0,0,36,200
0,200,30,1,1,1,1,10,5,4,0,0,0,0,200,200,1,16,200,0,200,200
0,200,30,1,1,1,1,10,5,4,0,0,0,0,200,200,1,16,200,1,38,200
0,200,35,0,0,2,1,7,2,4,0,1,0,0,200,200,200,0,0,1,21,200
1,200,35,0,0,2,1,7,2,4,0,1,0,0,200,200,200,0,0,1,24,200
1,200,35,0,0,2,1,7,2,4,0,1,0,0,200,200,200,0,0,1,46,200
0,1,0,0,0,200,200,7,6,1,0,200,0,0,200,200,1,0,200,2,200,200
0,0,30,0,0,2,1,7,5,200,0,1,0,0,200,200,1,0,200,2,200,200
0,200,30,3,2,0,1,12,5,2,0,0,0,0,200,200,200,0,0,1,51,200
0,200,30,3,2,0,1,12,5,2,0,0,0,0,200,200,200,0,0,1,27,200
0,200,30,0,0,0,1,2,6,200,0,0,0,0,200,200,1,10,200,0,200,200
0,200,40,0,0,0,1,4,2,200,0,0,1,0,200,200,200,29,0,0,46,200
0,200,30,0,0,2,1,12,3,6,0,1,0,0,200,200,200,21,200,0,27,200
0,200,30,0,0,2,1,12,3,6,0,1,0,0,200,200,200,21,200,1,44,200
0,200,30,0,0,0,1,10,5,200,0,0,0,1,200,200,200,18,18,0,43,200
0,200,30,0,0,0,1,10,5,200,0,0,0,1,200,200,200,18,18,0,57,200
0,200,30,2,0,1,1,7,5,2,0,0,0,0,200,200,200,23,7,0,31,200
1,200,30,2,0,1,1,7,5,2,0,0,0,0,200,200,200,23,7,200,200,200
1,200,30,2,0,1,1,7,5,2,0,0,0,0,200,200,200,23,7,0,51,200
0,200,30,0,0,0,1,10,2,200,0,0,0,1,200,200,200,18,200,1,20,200
0,200,30,0,0,0,1,10,2,200,0,0,0,1,200,200,200,18,200,0,22,200
0,200,30,0,0,0,1,10,2,200,0,0,0,1,200,200,200,18,200,1,50,200
1,200,30,0,0,0,1,10,2,200,0,0,0,1,200,200,200,18,200,1,22,200
1,200,30,0,0,0,1,10,2,200,0,0,0,1,200,200,200,18,200,2,23,200
1,200,30,0,0,0,1,10,2,200,0,0,0,1,200,200,200,18,200,1,27,200
1,200,30,0,0,0,1,10,2,200,0,0,0,1,200,200,200,18,200,1,200,200
4,200,25,1,2,2,1,8,3,2,0,1,0,0,1,200,200,21,200,0,200,200
0,200,25,1,2,2,1,8,3,2,0,1,0,0,1,200,200,21,200,0,73,200
1,200,25,1,2,2,1,8,3,2,0,1,0,0,1,200,200,21,200,0,42,200
0,200,30,0,0,0,1,10,2,4,0,1,0,1,200,200,200,18,0,0,46,200
0,200,30,0,0,0,1,10,2,4,0,1,0,1,200,200,200,18,0,1,23,200
0,200,30,0,0,0,1,14,5,200,0,1,0,0,200,200,200,21,17,0,21,200
0,200,30,0,0,0,1,14,5,200,0,1,0,0,200,200,200,21,17,0,42,200
1,200,30,0,0,0,1,14,5,200,0,1,0,0,200,200,200,21,17,0,200,200
0,200,35,1,2,2,1,10,2,2,0,1,0,0,200,200,200,18,200,0,29,200
0,200,35,1,2,2,1,10,2,2,0,1,0,0,200,200,200,18,200,0,25,200
0,200,30,0,0,1,1,7,5,200,0,0,0,0,200,200,200,22,200,0,73,200
0,200,30,1,2,0,1,10,5,4,0,0,0,0,200,200,200,18,200,0,200,200
0,200,30,1,2,0,1,10,5,4,0,0,0,0,200,200,200,18,200,0,76,200
0,200,30,0,0,0,1,7,5,200,0,0,0,0,200,200,1,21,200,0,200,200
0,200,30,2,2,2,1,14,5,4,0,1,0,1,1,200,200,16,0,1,34,200
0,200,30,2,2,2,1,14,5,4,0,1,0,1,1,200,200,16,0,0,62,200
0,200,30,1,2,0,1,10,2,200,0,1,0,0,1,200,1,20,200,2,200,200
0,200,30,1,2,0,1,10,2,200,0,1,0,0,1,200,1,20,200,1,19,200
0,200,30,1,2,0,1,14,5,4,0,0,0,0,1,200,1,0,0,0,200,200
0,200,30,1,2,0,1,14,5,4,0,0,0,0,1,200,1,0,0,1,44,200
1,200,30,1,2,0,1,14,5,4,0,0,0,0,1,200,1,0,0,1,17,200
0,200,30,0,0,0,3,14,2,2,0,0,0,0,200,200,200,17,0,1,45,200
0,200,30,0,0,0,3,14,2,2,0,0,0,0,200,200,200,17,0,1,28,200
0,200,30,2,0,1,1,5,3,1,0,0,12,1,200,200,200,28,0,0,23,200
0,200,30,2,0,1,1,5,3,1,0,0,12,1,200,200,200,28,0,0,58,200
0,200,5,1,2,2,1,14,5,6,0,1,0,1,1,200,200,18,0,1,47,200
0,200,5,1,2,2,1,14,5,6,0,1,0,1,1,200,200,18,0,0,62,200
0,200,30,0,0,0,1,12,2,4,0,1,0,0,200,200,200,0,0,1,28,200
0,200,30,0,0,0,1,12,2,4,0,1,0,0,200,200,200,0,0,0,21,200
0,200,30,0,0,0,1,12,5,4,0,0,0,0,200,200,200,0,200,0,200,200
0,200,30,0,0,0,1,12,5,4,0,0,0,0,200,200,200,0,200,0,27,200
1,200,30,0,0,0,1,12,5,4,0,0,0,0,200,200,200,0,200,1,200,200
1,200,30,0,0,0,1,12,5,4,0,0,0,0,200,200,200,0,200,1,200,200