PERSON_TYPE,CRASH_DATE_EST_I,POSTED_SPEED_LIMIT,TRAFFIC_CONTROL_DEVICE,DEVICE_CONDITION,WEATHER_CONDITION,LIGHTING_CONDITION,FIRST_CRASH_TYPE,TRAFFICWAY_TYPE,LANE_CNT,ALIGNMENT,ROADWAY_SURFACE_COND,ROAD_DEFECT,CRASH_TYPE,INTERSECTION_RELATED_I,NOT_RIGHT_OF_WAY_I,HIT_AND_RUN_I,PRIM_CONTRIBUTORY_CAUSE,SEC_CONTRIBUTORY_CAUSE,SEX,AGE,BAC_RESULT VALUE
1,200,30,0,0,0,1,12,5,4,0,0,0,0,200,200,200,0,200,1,200,200
0,200,30,1,2,0,1,10,5,2,0,0,0,0,1,200,200,18,0,1,21,200
0,200,30,1,2,0,1,10,5,2,0,0,0,0,1,200,200,18,0,0,37,200
0,200,30,1,2,0,1,14,6,2,0,0,0,0,200,200,200,17,200,0,30,200
0,200,30,1,2,0,1,14,6,2,0,0,0,0,200,200,200,17,200,0,25,200
0,200,30,1,2,0,1,12,5,4,0,0,0,0,1,200,200,22,0,1,45,200
0,200,30,1,2,0,1,12,5,4,0,0,0,0,1,200,200,22,0,1,25,200
1,200,30,1,2,0,1,12,5,4,0,0,0,0,1,200,200,22,0,0,200,200
0,200,30,0,0,1,1,12,2,200,0,0,0,0,200,200,200,0,200,1,72,200
0,200,30,0,0,1,1,12,2,200,0,0,0,0,200,200,200,0,200,0,28,200
0,200,35,2,2,0,1,0,12,200,0,0,0,1,200,200,200,17,200,0,70,200
0,200,35,2,2,0,1,0,12,200,0,0,0,1,200,200,200,17,200,0,33,200
1,200,35,2,2,0,1,0,12,200,0,0,0,1,200,200,200,17,200,0,200,200
1,200,35,2,2,0,1,0,12,200,0,0,0,1,200,200,200,17,200,1,200,200
1,200,35,2,2,0,1,0,12,200,0,0,0,1,200,200,200,17,200,0,200,200
0,200,20,0,0,0,1,11,5,200,0,0,0,0,200,200,200,200,200,0,200,200
0,200,20,0,0,0,1,11,5,200,0,0,0,0,200,200,200,200,200,1,200,200
1,200,20,0,0,0,1,11,5,200,0,0,0,0,200,200,200,200,200,1,200,200
0,200,30,0,0,2,1,14,5,200,0,1,0,0,200,200,200,23,17,1,72,200
0,200,30,0,0,2,1,14,5,200,0,1,0,0,200,200,200,23,17,0,35,200
0,200,10,0,0,200,1,7,7,200,0,200,200,0,200,200,1,0,0,2,200,200
0,200,30,2,2,2,1,0,5,2,0,1,0,0,1,200,200,34,15,0,21,200
0,200,30,2,2,2,1,0,5,2,0,1,0,0,1,200,200,34,15,0,36,200
1,200,30,2,2,2,1,0,5,2,0,1,0,0,1,200,200,34,15,1,17,200
0,200,30,200,200,0,1,14,6,3,0,1,0,0,200,200,200,22,0,0,76,200
0,200,30,200,200,0,1,14,6,3,0,1,0,0,200,200,200,22,0,1,22,200
0,200,30,1,2,1,1,10,5,200,0,1,200,0,200,200,1,0,0,1,200,200
0,200,30,1,2,1,1,10,5,200,0,1,200,0,200,200,1,0,0,0,32,200
0,200,30,0,0,0,3,0,0,200,0,0,0,1,200,200,200,0,200,0,200,200
0,200,30,0,0,0,3,0,0,200,0,0,0,1,200,200,200,0,200,0,31,200
1,200,30,0,0,0,3,0,0,200,0,0,0,1,200,200,200,0,200,1,30,200
1,200,30,0,0,0,3,0,0,200,0,0,0,1,200,200,200,0,200,1,2,200
0,200,35,0,0,2,1,12,3,200,0,1,0,1,200,200,1,25,22,0,200,200
0,200,35,0,0,2,1,12,3,200,0,1,0,1,200,200,1,25,22,1,29,200
1,200,35,0,0,2,1,12,3,200,0,1,0,1,200,200,1,25,22,0,200,200
1,200,35,0,0,2,1,12,3,200,0,1,0,1,200,200,1,25,22,0,200,200
1,200,35,0,0,2,1,12,3,200,0,1,0,1,200,200,1,25,22,1,57,200
0,200,30,0,0,0,1,11,5,2,0,0,0,0,200,200,200,0,200,0,55,200
0,200,30,0,0,0,1,11,5,2,0,0,0,0,200,200,200,0,200,0,58,200
1,200,30,0,0,0,1,11,5,2,0,0,0,0,200,200,200,0,200,0,200,200
1,200,30,0,0,0,1,11,5,2,0,0,0,0,200,200,200,0,200,0,200,200
0,200,30,0,0,0,1,12,5,2,0,0,0,0,200,200,200,11,200,0,64,200
0,200,30,0,0,0,1,12,5,2,0,0,0,0,200,200,200,11,200,0,200,200
1,200,35,1,200,2,1,14,5,2,0,200,200,0,200,200,200,200,200,200,200,200
0,200,35,1,200,2,1,14,5,2,0,200,200,0,200,200,200,200,200,0,56,200
0,200,35,1,200,2,1,14,5,2,0,200,200,0,200,200,200,200,200,0,60,200
1,200,35,1,200,2,1,14,5,2,0,200,200,0,200,200,200,200,200,1,200,200
0,200,15,0,0,0,1,7,7,200,0,0,0,0,200,1,200,20,16,1,52,200
1,200,15,0,0,0,1,7,7,200,0,0,0,0,200,1,200,20,16,1,200,200
1,200,15,0,0,0,1,7,7,200,0,0,0,0,200,1,200,20,16,1,200,200
0,200,30,0,0,2,1,10,5,200,0,1,0,1,200,200,200,0,0,0,56,200
0,200,30,0,0,2,1,10,5,200,0,1,0,1,200,200,200,0,0,0,46,200
0,200,30,1,2,0,1,14,5,4,0,1,0,1,1,200,200,17,34,0,58,200
0,200,30,1,2,0,1,14,5,4,0,1,0,1,1,200,200,17,34,1,57,200
0,200,30,1,2,0,1,14,5,4,0,1,0,1,1,200,200,17,34,0,74,200
0,200,30,0,0,0,1,7,2,2,0,0,0,0,200,200,1,0,200,0,200,200
0,200,30,0,0,0,1,11,2,2,0,0,0,0,200,200,0,0,200,0,200,200
0,200,30,0,0,0,1,11,2,2,0,0,0,0,200,200,0,0,200,0,29,200
0,200,30,1,200,0,1,14,2,200,0,1,0,1,200,200,200,0,200,0,20,200
0,200,30,1,200,0,1,14,2,200,0,1,0,1,200,200,200,0,200,0,53,200
0,200,30,1,2,0,1,7,2,200,0,0,0,0,200,200,0,0,200,1,35,200
0,200,30,1,2,1,1,12,6,200,0,0,0,0,1,200,200,21,200,0,43,200
0,200,30,1,2,1,1,12,6,200,0,0,0,0,1,200,200,21,200,0,21,200
1,200,30,1,2,1,1,12,6,200,0,0,0,0,1,200,200,21,200,0,200,200
0,200,30,1,2,2,1,0,5,4,0,1,0,0,1,200,200,6,200,1,72,200
0,200,30,1,2,2,1,0,5,4,0,1,0,0,1,200,200,6,200,1,24,200
0,200,30,0,0,2,1,14,5,2,0,1,0,1,200,200,200,0,0,1,19,200
0,200,30,0,0,2,1,14,5,2,0,1,0,1,200,200,200,0,0,0,28,200
0,200,0,0,0,0,1,0,7,200,0,0,0,0,200,1,200,0,200,1,34,200
0,200,0,0,0,0,1,0,7,200,0,0,0,0,200,1,200,0,200,1,57,200
0,1,30,0,0,0,1,7,5,2,0,0,0,0,200,200,200,20,200,0,200,200
0,200,35,12,2,0,1,14,12,2,0,0,0,0,200,200,1,23,22,0,200,200
0,200,35,12,2,0,1,14,12,2,0,0,0,0,200,200,1,23,22,0,49,200
0,200,30,2,2,0,1,0,5,4,0,0,0,0,1,200,200,17,200,0,200,200
0,200,30,2,2,0,1,0,5,4,0,0,0,0,1,200,200,17,200,0,64,200
0,200,20,0,0,0,1,12,2,200,0,0,200,0,200,200,200,0,200,0,200,200
0,200,20,0,0,0,1,12,2,200,0,0,200,0,200,200,200,0,200,0,28,200
0,200,30,2,2,0,1,10,2,4,0,0,0,0,1,200,1,18,200,1,200,200
0,200,30,2,2,0,1,10,2,4,0,0,0,0,1,200,1,18,200,1,28,200
1,200,30,2,2,0,1,10,2,4,0,0,0,0,1,200,1,18,200,1,10,200
1,200,30,2,2,0,1,10,2,4,0,0,0,0,1,200,1,18,200,2,200,200
0,200,30,1,2,2,1,10,5,200,0,1,0,0,200,200,200,0,200,0,27,200
0,200,30,1,2,2,1,10,5,200,0,1,0,0,200,200,200,0,200,1,38,200
0,200,30,0,0,0,1,7,200,200,0,0,200,0,200,200,200,0,0,0,27,200
0,200,30,200,200,2,1,10,7,200,0,1,200,0,200,200,200,0,200,1,39,200
0,200,30,200,200,2,1,10,7,200,0,1,200,0,200,200,200,0,200,0,38,200
0,200,30,0,0,0,1,10,6,2,0,0,0,0,200,200,1,20,20,0,200,200
0,200,30,0,0,0,1,10,6,2,0,0,0,0,200,200,1,20,20,1,29,200
0,1,30,0,0,200,3,7,6,1,0,200,0,0,200,200,1,0,200,2,200,200
0,200,30,0,0,0,1,12,5,200,0,0,0,0,200,200,1,0,0,0,200,200
0,200,30,0,0,0,1,12,5,200,0,0,0,0,200,200,1,0,0,0,61,200
0,200,30,1,2,0,1,14,5,200,0,1,0,1,200,200,200,0,200,0,52,200
0,200,30,1,2,0,1,14,5,200,0,1,0,1,200,200,200,0,200,1,51,200
1,200,30,1,2,0,1,14,5,200,0,1,0,1,200,200,200,0,200,1,36,200
1,200,30,1,2,0,1,14,5,200,0,1,0,1,200,200,200,0,200,1,70,200
0,200,35,1,2,2,1,12,6,200,0,1,0,0,200,200,1,16,200,0,200,200
0,200,35,1,2,2,1,12,6,200,0,1,0,0,200,200,1,16,200,0,26,200
0,200,30,1,2,0,1,0,2,2,0,0,0,0,1,200,200,6,200,1,56,200
0,200,30,1,2,0,1,0,2,2,0,0,0,0,1,200,200,6,200,0,41,200
0,200,30,0,0,1,2,7,5,200,0,0,0,0,200,200,200,20,0,0,43,200
0,200,30,0,0,2,1,10,5,2,0,1,200,0,200,200,200,18,0,0,46,200
0,200,30,0,0,2,1,10,5,2,0,1,200,0,200,200,200,18,0,0,23,200
0,200,10,0,0,2,1,7,7,1,0,1,200,0,200,1,200,33,0,1,76,200
1,200,10,0,0,2,1,7,7,1,0,1,200,0,200,1,200,33,0,1,11,200
0,200,30,2,2,2,1,2,5,2,0,1,0,1,1,200,200,34,0,2,200,200
0,200,30,0,0,0,1,0,6,1,0,0,3,1,200,200,200,23,0,1,31,200
0,200,30,0,0,0,1,0,6,1,0,0,3,1,200,200,200,23,0,0,34,200
1,200,30,0,0,0,1,0,6,1,0,0,3,1,200,200,200,23,0,0,10,200
1,200,30,0,0,0,1,0,6,1,0,0,3,1,200,200,200,23,0,1,34,200
1,200,30,0,0,0,1,0,6,1,0,0,3,1,200,200,200,23,0,0,7,200
1,200,30,0,0,0,1,0,6,1,0,0,3,1,200,200,200,23,0,0,6,200
0,200,30,0,0,2,1,10,5,2,0,1,0,0,200,200,200,18,34,0,23,200
0,200,30,0,0,2,1,10,5,2,0,1,0,0,200,200,200,18,34,0,29,200
0,200,30,0,0,2,1,10,5,2,0,1,0,0,200,200,200,18,34,2,200,200
0,200,30,0,0,0,1,7,7,200,0,0,0,0,200,1,200,0,200,0,20,200
1,200,30,0,0,0,1,7,7,200,0,0,0,0,200,1,200,0,200,0,47,200
1,200,30,0,0,0,1,7,7,200,0,0,0,0,200,1,200,0,200,1,71,200
1,200,30,0,0,0,1,7,7,200,0,0,0,0,200,1,200,0,200,0,7,200
1,200,30,0,0,0,1,7,7,200,0,0,0,0,200,1,200,0,200,1,11,200
1,200,30,0,0,0,1,7,7,200,0,0,0,0,200,1,200,0,200,1,42,200
0,200,35,1,2,0,1,10,5,4,0,1,0,1,200,200,200,18,200,0,51,200
0,200,35,1,2,0,1,10,5,4,0,1,0,1,200,200,200,18,200,1,17,200
0,200,30,0,0,0,1,12,3,3,0,0,0,0,200,200,200,17,22,1,200,200
0,200,30,0,0,0,1,12,3,3,0,0,0,0,200,200,200,17,22,1,47,200
1,200,30,0,0,0,1,12,3,3,0,0,0,0,200,200,200,17,22,0,200,200
0,200,30,1,2,2,1,12,5,4,0,1,0,0,200,200,1,22,200,1,47,200
0,200,30,1,2,2,1,12,5,4,0,1,0,0,200,200,1,22,200,2,200,200
0,200,30,0,0,2,1,10,2,2,0,1,200,0,200,200,200,7,18,0,32,200
0,200,30,0,0,2,1,10,2,2,0,1,200,0,200,200,200,7,18,1,70,200
0,200,30,0,0,2,1,10,2,2,0,1,200,0,200,200,200,7,18,1,200,200
0,200,30,1,2,1,1,10,2,2,0,1,0,0,1,200,1,0,200,2,200,200
0,200,30,1,2,1,1,10,2,2,0,1,0,0,1,200,1,0,200,1,67,200
0,200,30,0,0,0,0,14,2,2,0,0,0,0,1,200,200,17,2,0,32,200
0,200,30,0,0,0,0,14,2,2,0,0,0,0,1,200,200,17,2,0,43,200
1,200,30,0,0,0,0,14,2,2,0,0,0,0,1,200,200,17,2,0,200,200
1,200,30,0,0,0,0,14,2,2,0,0,0,0,1,200,200,17,2,1,200,200
0,200,30,0,0,0,1,14,5,200,0,0,0,0,1,200,200,0,200,1,18,200
0,200,30,0,0,0,1,14,5,200,0,0,0,0,1,200,200,0,200,1,21,200
1,200,30,0,0,0,1,14,5,200,0,0,0,0,1,200,200,0,200,1,16,200
0,200,30,0,0,0,1,7,2,200,0,0,0,0,200,200,1,22,200,2,200,200
0,200,30,0,0,1,1,14,5,2,0,0,0,0,1,200,200,23,21,0,22,200
0,200,30,0,0,1,1,14,5,2,0,0,0,0,1,200,200,23,21,0,48,200
0,200,10,0,0,0,1,7,7,1,0,200,200,0,200,1,200,0,0,0,200,200
1,200,10,0,0,0,1,7,7,1,0,200,200,0,200,1,200,0,0,1,46,200
0,200,35,1,2,0,1,11,3,200,0,0,0,0,200,200,200,20,200,0,66,200
0,200,35,1,2,0,1,11,3,200,0,0,0,0,200,200,200,20,200,1,24,200
0,200,30,2,2,2,1,10,5,200,0,1,0,0,200,200,200,34,18,0,28,200
0,200,30,2,2,2,1,10,5,200,0,1,0,0,200,200,200,34,18,1,52,200
0,200,30,0,0,0,1,7,5,2,0,0,0,0,200,200,200,18,18,1,200,200
0,200,15,0,0,1,1,7,3,2,0,0,0,0,200,200,200,0,200,1,37,200
0,200,30,1,2,2,1,10,5,200,0,1,0,0,1,200,1,18,200,1,200,200
0,200,30,1,2,2,1,10,5,200,0,1,0,0,1,200,1,18,200,1,55,200
0,200,30,2,0,0,4,10,5,200,0,0,0,0,200,200,200,0,200,0,200,200
0,200,30,2,0,0,4,10,5,200,0,0,0,0,200,200,200,0,200,0,200,200
0,200,30,0,0,200,200,14,5,4,0,200,0,1,1,200,1,17,25,0,200,200
0,200,30,0,0,200,200,14,5,4,0,200,0,1,1,200,1,17,25,1,200,200
5,200,30,0,0,200,200,14,5,4,0,200,0,1,1,200,1,17,25,0,51,200
0,200,35,0,0,2,1,12,5,4,0,1,200,0,200,200,200,0,200,0,55,200
0,200,35,0,0,2,1,12,5,4,0,1,200,0,200,200,200,0,200,0,23,200
1,200,35,0,0,2,1,12,5,4,0,1,200,0,200,200,200,0,200,200,200,200
0,200,30,2,2,1,1,0,2,2,3,0,0,0,1,200,200,5,17,0,33,200
0,200,30,2,2,1,1,0,2,2,3,0,0,0,1,200,200,5,17,1,30,200
0,200,30,1,2,2,1,10,2,3,0,1,12,1,1,200,200,34,200,1,33,200
0,200,30,1,2,2,1,10,2,3,0,1,12,1,1,200,200,34,200,0,48,200
1,200,30,1,2,2,1,10,2,3,0,1,12,1,1,200,200,34,200,0,200,200
0,200,30,1,2,0,1,12,5,200,0,1,0,0,200,200,1,22,16,0,200,200
0,200,30,1,2,0,1,12,5,200,0,1,0,0,200,200,1,22,16,0,21,200
0,200,30,1,2,0,1,14,5,4,0,1,200,1,1,200,200,23,21,0,38,200
0,200,30,1,2,0,1,14,5,4,0,1,200,1,1,200,200,23,21,1,50,200
0,200,40,0,0,1,1,10,3,9,0,1,0,0,200,200,1,0,0,0,200,200
0,200,40,0,0,1,1,10,3,9,0,1,0,0,200,200,1,0,0,0,36,200
0,200,15,0,0,0,3,10,7,200,0,0,0,0,200,200,200,20,200,0,19,200
0,200,15,0,0,0,3,10,7,200,0,0,0,0,200,200,200,20,200,0,33,200
1,200,15,0,0,0,3,10,7,200,0,0,0,0,200,200,200,20,200,1,200,200
0,200,30,0,0,1,1,14,5,200,0,200,200,0,200,200,200,23,23,0,56,200
0,200,30,0,0,1,1,14,5,200,0,200,200,0,200,200,200,23,23,1,20,200
0,200,30,200,200,0,1,10,5,200,0,1,200,0,200,200,1,0,200,0,200,200
0,200,30,200,200,0,1,10,5,200,0,1,200,0,200,200,1,0,200,0,25,200
0,200,30,2,0,0,1,10,5,200,0,0,200,0,200,200,200,0,200,0,200,200
0,200,30,2,0,0,1,10,5,200,0,0,200,0,200,200,200,0,200,1,200,200
0,200,30,0,0,2,1,14,3,200,0,1,0,1,200,200,200,16,16,0,200,200
0,200,30,0,0,2,1,14,3,200,0,1,0,1,200,200,200,16,16,1,55,200
0,200,10,0,0,2,1,7,7,1,0,1,0,0,200,200,200,34,0,1,200,200
0,200,30,0,0,2,1,10,2,200,0,1,200,0,200,200,200,34,200,1,54,200
0,200,30,0,0,2,1,10,2,200,0,1,200,0,200,200,200,34,200,1,200,200
0,200,30,0,0,2,1,10,2,200,0,1,200,0,200,200,200,34,200,0,40,200
0,200,30,0,0,2,1,10,2,200,0,1,0,1,1,200,200,18,200,0,45,200
0,200,30,0,0,2,1,10,2,200,0,1,0,1,1,200,200,18,200,1,49,200
1,200,30,0,0,2,1,10,2,200,0,1,0,1,1,200,200,18,200,200,200,200
0,200,30,0,0,2,1,7,6,1,0,1,0,0,200,200,1,0,0,2,200,200
0,200,30,1,2,2,1,14,2,4,0,1,0,1,1,200,1,22,200,2,200,200
0,200,30,1,2,2,1,14,2,4,0,1,0,1,1,200,1,22,200,1,72,200
1,200,30,1,2,2,1,14,2,4,0,1,0,1,1,200,1,22,200,1,70,200
0,200,25,0,0,1,1,0,6,1,0,1,1,1,200,200,200,17,0,1,23,200
0,200,25,0,0,1,1,0,6,1,0,1,1,1,200,200,200,17,0,0,40,200
1,200,25,0,0,1,1,0,6,1,0,1,1,1,200,200,200,17,0,1,22,200
1,200,25,0,0,1,1,0,6,1,0,1,1,1,200,200,200,17,0,1,26,200
0,200,30,1,2,1,1,10,5,2,0,0,0,1,1,200,200,16,18,0,27,200
0,200,30,1,2,1,1,10,5,2,0,0,0,1,1,200,200,16,18,0,40,200
0,200,30,1,2,1,1,10,5,2,0,0,0,1,1,200,200,16,18,1,52,200
0,200,30,1,2,1,1,10,5,2,0,0,0,1,1,200,200,16,18,1,37,200
0,200,30,1,2,1,1,10,5,2,0,0,0,1,1,200,200,16,18,0,200,200
0,200,30,1,2,0,1,14,5,200,0,0,0,1,200,200,200,17,17,0,34,200
0,200,30,1,2,0,1,14,5,200,0,0,0,1,200,200,200,17,17,0,50,200
1,200,30,1,2,0,1,14,5,200,0,0,0,1,200,200,200,17,17,1,200,200
1,200,30,1,2,0,1,14,5,200,0,0,0,1,200,200,200,17,17,0,200,200
0,200,30,1,2,0,1,10,5,4,0,0,0,0,200,200,200,16,0,1,200,200
0,200,30,1,2,0,1,10,5,4,0,0,0,0,200,200,200,16,0,0,46,200
4,200,30,0,0,0,1,8,2,2,0,0,0,0,200,200,200,0,200,0,27,200
0,200,20,0,0,0,1,10,2,200,0,0,200,0,200,200,200,18,18,0,42,200
0,200,20,0,0,0,1,10,2,200,0,0,200,0,200,200,200,18,18,1,40,200
0,200,30,0,0,2,1,14,5,4,0,1,200,0,0,200,200,17,11,1,39,200
0,200,30,0,0,2,1,14,5,4,0,1,200,0,0,200,200,17,11,1,43,200
0,200,30,2,2,12,1,8,5,2,0,1,0,1,1,200,200,0,0,1,63,200
4,200,30,2,2,12,1,8,5,2,0,1,0,1,1,200,200,0,0,1,23,200
0,200,30,0,200,2,0,7,6,1,0,1,0,1,200,200,1,0,0,2,200,200
0,200,35,0,0,2,1,12,6,1,0,1,200,0,200,200,200,17,17,0,46,200
0,200,35,0,0,2,1,12,6,1,0,1,200,0,200,200,200,17,17,0,52,200
0,200,30,1,2,0,1,12,6,2,0,0,0,0,200,200,200,22,23,0,40,200
0,200,30,1,2,0,1,12,6,2,0,0,0,0,200,200,200,22,23,0,18,200
1,200,30,1,2,0,1,12,6,2,0,0,0,0,200,200,200,22,23,1,200,200
0,200,30,2,2,2,1,0,2,200,0,1,0,1,200,0,200,5,34,0,89,200
0,200,30,2,2,2,1,0,2,200,0,1,0,1,200,0,200,5,34,0,35,200
0,200,30,2,2,0,1,0,5,4,0,0,0,1,1,200,200,17,11,1,32,200
0,200,30,2,2,0,1,0,5,4,0,0,0,1,1,200,200,17,11,1,32,200
1,200,30,2,2,0,1,0,5,4,0,0,0,1,1,200,200,17,11,0,39,200
0,0,30,0,0,200,0,7,5,2,0,200,0,0,200,200,1,0,200,2,200,200
0,200,30,200,0,0,1,12,5,200,0,0,200,0,200,200,1,0,200,0,200,200
0,200,30,200,0,0,1,12,5,200,0,0,200,0,200,200,1,0,200,0,56,200
0,200,30,1,2,0,1,12,5,200,0,0,0,0,200,200,1,21,200,1,200,200
0,200,30,1,2,0,1,12,5,200,0,0,0,0,200,200,1,21,200,0,30,200
0,200,30,0,0,0,1,4,5,2,0,0,0,0,200,200,200,29,29,1,28,200
0,200,30,0,0,1,1,14,5,4,2,0,0,0,200,200,200,17,20,1,19,200
0,200,30,0,0,1,1,14,5,4,2,0,0,0,200,200,200,17,20,0,29,200
1,200,30,0,0,1,1,14,5,4,2,0,0,0,200,200,200,17,20,0,16,200
1,200,30,0,0,1,1,14,5,4,2,0,0,0,200,200,200,17,20,1,17,200
1,200,30,0,0,1,1,14,5,4,2,0,0,0,200,200,200,17,20,1,24,200
0,1,30,0,0,0,200,7,6,1,0,200,0,0,200,200,1,0,0,2,200,200
0,200,20,0,0,2,1,2,7,200,0,1,0,0,200,1,1,0,0,1,200,200
0,200,30,0,0,0,1,14,5,200,0,0,0,0,200,200,200,23,200,0,23,200
0,200,30,0,0,0,1,14,5,200,0,0,0,0,200,200,200,23,200,0,55,200
1,200,30,0,0,0,1,14,5,200,0,0,0,0,200,200,200,23,200,0,200,200
0,200,30,0,0,0,1,12,2,2,0,0,0,1,200,200,200,21,0,0,65,200
0,200,30,0,0,0,1,12,2,2,0,0,0,1,200,200,200,21,0,0,40,200
0,200,30,0,0,0,1,12,2,2,0,0,0,1,200,200,200,21,0,1,75,200
0,200,30,0,0,0,1,12,2,2,0,0,0,1,200,200,200,21,0,0,46,200
0,200,30,0,0,0,1,12,2,2,0,0,0,1,200,200,200,21,0,1,62,200
0,200,30,0,0,0,1,14,3,4,0,0,200,0,200,200,200,17,0,0,38,200
0,200,30,0,0,0,1,14,3,4,0,0,200,0,200,200,200,17,0,0,36,200
1,200,30,0,0,0,1,14,3,4,0,0,200,0,200,200,200,17,0,0,200,200
0,200,30,1,2,1,1,10,5,4,0,1,0,0,200,200,1,18,200,1,44,200
0,200,30,1,2,1,1,10,5,4,0,1,0,0,200,200,1,18,200,1,20,200
1,200,30,1,2,1,1,10,5,4,0,1,0,0,200,200,1,18,200,0,22,200
0,200,30,0,0,0,1,14,5,200,0,1,0,0,200,200,1,11,0,2,200,200
0,200,30,0,0,0,1,14,5,200,0,1,0,0,200,200,1,11,0,0,20,200
0,200,30,0,0,2,1,14,5,2,0,1,0,0,200,200,200,22,11,0,18,200
0,200,30,0,0,2,1,14,5,2,0,1,0,0,200,200,200,22,11,1,30,200
1,200,30,0,0,2,1,14,5,2,0,1,0,0,200,200,200,22,11,1,4,200
0,200,30,1,2,0,1,12,6,4,0,0,0,0,200,200,1,22,2,0,200,200
0,200,30,1,2,0,1,12,6,4,0,0,0,0,200,200,1,22,2,1,37,200
1,200,30,1,2,0,1,12,6,4,0,0,0,0,200,200,1,22,2,1,37,200
0,200,30,0,0,2,1,7,7,200,0,1,200,0,200,0,1,0,0,2,200,200
0,200,30,200,0,0,1,14,5,200,0,0,200,0,200,200,200,0,200,1,47,200
0,200,30,200,0,0,1,14,5,200,0,0,200,0,200,200,200,0,200,1,39,200
0,200,15,0,0,0,3,2,7,200,0,0,0,0,200,1,200,25,16,1,200,200
1,200,15,0,0,0,3,2,7,200,0,0,0,0,200,1,200,25,16,0,200,200
0,200,55,0,0,0,1,10,3,4,0,0,0,1,200,200,200,16,16,0,29,200
0,200,55,0,0,0,1,10,3,4,0,0,0,1,200,200,200,16,16,1,34,200
0,200,55,0,0,0,1,10,3,4,0,0,0,1,200,200,200,16,16,1,39,200
1,200,55,0,0,0,1,10,3,4,0,0,0,1,200,200,200,16,16,0,80,200
1,200,55,0,0,0,1,10,3,4,0,0,0,1,200,200,200,16,16,1,74,200
0,200,30,0,0,2,1,14,200,200,0,1,0,0,200,200,200,0,0,0,56,200
0,200,30,0,0,2,1,14,200,200,0,1,0,0,200,200,200,0,0,0,26,200
0,200,30,0,0,0,1,2,3,2,0,0,0,0,200,200,200,0,0,1,37,200
0,200,30,0,0,0,1,10,3,200,0,1,200,0,200,200,200,0,200,0,22,200
0,200,30,0,0,0,1,10,3,200,0,1,200,0,200,200,200,0,200,1,25,200
0,200,30,0,0,0,1,10,3,200,0,1,200,0,200,200,200,0,200,0,200,200
0,200,30,2,0,1,1,0,5,2,0,1,0,0,200,200,200,17,200,0,21,200
0,200,30,2,0,1,1,0,5,2,0,1,0,0,200,200,200,17,200,0,41,200
1,200,30,2,0,1,1,0,5,2,0,1,0,0,200,200,200,17,200,0,200,200
0,200,30,0,0,2,1,7,6,1,0,1,0,0,200,200,200,8,20,1,25,200
0,200,30,200,200,1,1,0,5,2,0,200,200,0,1,200,200,0,0,1,29,200
0,200,30,200,200,1,1,0,5,2,0,200,200,0,1,200,200,0,0,1,22,200
1,200,30,200,200,1,1,0,5,2,0,200,200,0,1,200,200,0,0,1,200,200
0,200,30,0,0,0,1,10,5,2,0,0,0,0,200,200,200,7,18,0,44,200
0,200,30,0,0,0,1,10,5,2,0,0,0,0,200,200,200,7,18,0,46,200
1,200,30,0,0,0,1,10,5,2,0,0,0,0,200,200,200,7,18,1,46,200
1,200,30,0,0,0,1,10,5,2,0,0,0,0,200,200,200,7,18,0,14,200
1,200,30,0,0,0,1,10,5,2,0,0,0,0,200,200,200,7,18,1,13,200
0,200,35,1,2,2,1,12,5,4,0,1,0,0,1,200,1,22,200,2,200,200
0,200,35,1,2,2,1,12,5,4,0,1,0,0,1,200,1,22,200,0,23,200
0,200,30,0,0,0,1,14,5,200,0,0,0,0,200,200,200,23,16,1,71,200
0,200,30,0,0,0,1,14,5,200,0,0,0,0,200,200,200,23,16,0,48,200
1,200,30,0,0,0,1,14,5,2,0,0,200,0,200,200,1,23,200,200,200,200
0,200,30,0,0,0,1,14,5,2,0,0,200,0,200,200,1,23,200,2,200,200
0,200,30,0,0,0,1,14,5,2,0,0,200,0,200,200,1,23,200,1,63,200
1,200,30,0,0,0,1,14,5,2,0,0,200,0,200,200,1,23,200,200,200,200
1,200,30,0,0,0,1,14,5,2,0,0,200,0,200,200,1,23,200,2,200,200
1,200,30,0,0,0,1,14,5,2,0,0,200,0,200,200,1,23,200,2,200,200
0,200,30,0,0,200,1,11,5,1,0,200,200,0,200,200,200,0,0,1,22,200
0,200,30,0,0,200,1,11,5,1,0,200,200,0,200,200,200,0,0,0,61,200
1,200,30,0,0,200,1,11,5,1,0,200,200,0,200,200,200,0,0,1,54,200
0,200,30,0,0,2,1,12,5,3,0,1,0,0,200,200,1,22,11,1,200,200
0,200,30,0,0,2,1,12,5,3,0,1,0,0,200,200,1,22,11,1,40,200
0,200,30,0,0,200,1,0,5,200,0,200,200,0,200,200,200,17,17,0,200,200
0,200,30,0,0,200,1,0,5,200,0,200,200,0,200,200,200,17,17,1,39,200
1,200,30,0,0,200,1,0,5,200,0,200,200,0,200,200,200,17,17,1,200,200