PERSON_TYPE,CRASH_DATE_EST_I,POSTED_SPEED_LIMIT,TRAFFIC_CONTROL_DEVICE,DEVICE_CONDITION,WEATHER_CONDITION,LIGHTING_CONDITION,FIRST_CRASH_TYPE,TRAFFICWAY_TYPE,LANE_CNT,ALIGNMENT,ROADWAY_SURFACE_COND,ROAD_DEFECT,CRASH_TYPE,INTERSECTION_RELATED_I,NOT_RIGHT_OF_WAY_I,HIT_AND_RUN_I,PRIM_CONTRIBUTORY_CAUSE,SEC_CONTRIBUTORY_CAUSE,SEX,AGE,BAC_RESULT VALUE
1,200,30,0,0,200,1,0,5,200,0,200,200,0,200,200,200,17,17,0,4,200
0,200,30,0,0,0,1,2,7,0,0,0,0,0,200,200,200,0,200,1,0,200
1,200,30,0,0,0,1,2,7,0,0,0,0,0,200,200,200,0,200,1,33,200
0,200,30,0,0,2,1,7,2,4,0,1,0,1,200,200,200,12,0,1,41,200
0,200,30,2,2,0,1,12,5,4,0,1,0,0,1,200,200,22,200,1,61,200
0,200,30,2,2,0,1,12,5,4,0,1,0,0,1,200,200,22,200,0,41,200
0,200,30,0,0,2,1,14,5,200,0,1,0,1,1,200,200,17,16,0,41,200
0,200,30,0,0,2,1,14,5,200,0,1,0,1,1,200,200,17,16,0,29,200
0,200,30,1,2,0,1,14,3,4,0,0,0,0,1,200,1,6,31,2,200,200
0,200,30,1,2,0,1,14,3,4,0,0,0,0,1,200,1,6,31,1,67,200
0,1,10,0,0,200,200,7,7,200,0,200,200,0,200,200,200,0,0,1,200,200
0,200,0,0,0,0,1,12,7,200,0,0,0,0,200,1,200,0,200,0,200,200
0,200,0,0,0,0,1,12,7,200,0,0,0,0,200,1,200,0,200,0,53,200
0,200,30,0,0,2,1,7,6,1,0,1,0,1,200,200,0,34,14,0,200,200
0,200,30,0,0,0,1,14,5,3,0,0,200,1,200,200,1,0,0,1,79,200
0,200,30,0,0,0,1,14,5,3,0,0,200,1,200,200,1,0,0,0,200,200
0,200,25,2,2,0,1,14,2,4,0,0,0,0,1,200,200,0,0,1,54,200
0,200,25,2,2,0,1,14,2,4,0,0,0,0,1,200,200,0,0,1,32,200
0,200,30,0,0,0,1,7,5,4,0,0,0,0,200,200,1,0,200,0,200,200
0,200,30,0,0,2,1,12,5,4,0,1,0,0,200,200,1,22,200,1,200,200
0,200,30,0,0,2,1,12,5,4,0,1,0,0,200,200,1,22,200,1,35,200
0,200,30,1,2,2,1,10,2,200,0,1,0,0,200,200,200,18,16,0,36,200
0,200,30,1,2,2,1,10,2,200,0,1,0,0,200,200,200,18,16,1,24,200
1,200,30,1,2,2,1,10,2,200,0,1,0,0,200,200,200,18,16,0,19,200
1,200,30,1,2,2,1,10,2,200,0,1,0,0,200,200,200,18,16,1,25,200
1,200,30,1,2,2,1,10,2,200,0,1,0,0,200,200,200,18,16,200,200,200
0,200,15,0,0,2,1,0,7,200,0,1,0,0,1,1,200,0,200,0,17,200
0,200,15,0,0,2,1,0,7,200,0,1,0,0,1,1,200,0,200,1,28,200
1,200,15,0,0,2,1,0,7,200,0,1,0,0,1,1,200,0,200,200,200,200
1,200,15,0,0,2,1,0,7,200,0,1,0,0,1,1,200,0,200,200,200,200
1,200,15,0,0,2,1,0,7,200,0,1,0,0,1,1,200,0,200,200,200,200
0,200,30,0,0,0,1,10,5,2,0,0,200,0,200,200,1,0,0,0,200,200
0,200,30,0,0,0,1,10,5,2,0,0,200,0,200,200,1,0,0,0,33,200
1,200,30,0,0,0,1,10,5,2,0,0,200,0,200,200,1,0,0,1,33,200
1,200,30,0,0,0,1,10,5,2,0,0,200,0,200,200,1,0,0,0,200,200
0,200,30,0,0,0,4,7,6,200,0,0,0,0,200,200,1,200,200,2,200,200
0,200,20,0,0,0,1,12,5,2,0,0,0,0,200,200,200,0,200,0,19,200
0,200,20,0,0,0,1,12,5,2,0,0,0,0,200,200,200,0,200,0,44,200
0,200,30,2,0,2,1,14,5,200,0,1,0,0,200,200,200,17,0,0,60,200
0,200,30,2,0,2,1,14,5,200,0,1,0,0,200,200,200,17,0,0,43,200
0,200,30,1,2,0,1,12,2,4,0,0,0,0,200,200,200,0,200,1,200,200
0,200,30,1,2,0,1,12,2,4,0,0,0,0,200,200,200,0,200,1,30,200
0,200,30,1,2,0,1,12,2,4,0,0,0,0,200,200,200,0,200,1,40,200
1,200,30,1,2,0,1,12,2,4,0,0,0,0,200,200,200,0,200,0,200,200
0,200,30,2,0,2,1,14,0,2,0,1,0,1,200,200,1,3,23,0,200,200
0,200,30,2,0,2,1,14,0,2,0,1,0,1,200,200,1,3,23,0,41,200
0,200,30,0,0,1,1,8,5,2,0,1,0,1,200,200,200,0,200,0,59,200
4,200,30,0,0,1,1,8,5,2,0,1,0,1,200,200,200,0,200,0,58,200
1,200,30,0,0,1,1,8,5,2,0,1,0,1,200,200,200,0,200,1,43,200
0,200,30,1,200,0,1,12,5,4,0,0,200,0,200,200,200,21,0,1,35,200
0,200,30,1,200,0,1,12,5,4,0,0,200,0,200,200,200,21,0,0,35,200
0,200,35,1,2,0,1,10,8,4,0,1,0,0,200,200,200,18,0,0,35,200
0,200,35,1,2,0,1,10,8,4,0,1,0,0,200,200,200,18,0,1,56,200
0,200,30,0,0,2,2,14,2,6,0,1,0,0,200,200,200,17,0,0,52,200
0,200,30,0,0,2,2,14,2,6,0,1,0,0,200,200,200,17,0,1,50,200
0,200,20,0,0,1,1,10,2,4,0,0,0,1,1,200,200,20,200,0,58,200
0,200,20,0,0,1,1,10,2,4,0,0,0,1,1,200,200,20,200,0,56,200
1,200,20,0,0,1,1,10,2,4,0,0,0,1,1,200,200,20,200,1,24,200
0,200,30,0,0,0,1,7,6,200,0,0,0,0,200,200,200,0,0,0,62,200
0,200,30,200,200,0,1,12,5,200,0,0,200,0,200,200,1,0,200,1,200,200
0,200,30,200,200,0,1,12,5,200,0,0,200,0,200,200,1,0,200,0,57,200
0,200,15,0,0,0,1,10,0,1,0,0,0,0,200,200,200,20,200,0,28,200
0,200,15,0,0,0,1,10,0,1,0,0,0,0,200,200,200,20,200,1,28,200
0,200,25,1,2,200,1,12,200,200,0,200,200,0,200,200,200,21,200,0,27,200
0,200,25,1,2,200,1,12,200,200,0,200,200,0,200,200,200,21,200,0,25,200
4,200,30,0,0,0,1,8,6,1,0,0,0,0,200,200,1,25,0,0,200,200
0,200,30,0,0,0,1,8,6,1,0,0,0,0,200,200,1,25,0,1,56,200
0,200,30,0,0,2,1,0,5,2,0,1,200,1,200,200,1,17,0,2,200,200
0,200,30,0,0,2,1,0,5,2,0,1,200,1,200,200,1,17,0,0,24,200
0,200,30,0,0,1,1,14,5,4,0,1,0,1,1,200,200,0,23,1,62,200
0,200,30,0,0,1,1,14,5,4,0,1,0,1,1,200,200,0,23,0,28,200
0,200,30,0,0,2,1,10,5,200,0,1,200,0,200,200,200,0,0,0,30,200
0,200,30,0,0,2,1,10,5,200,0,1,200,0,200,200,200,0,0,1,200,200
1,200,30,0,0,2,1,10,5,200,0,1,200,0,200,200,200,0,0,1,4,200
0,200,25,0,0,0,1,14,5,200,0,0,0,0,200,200,200,23,200,0,200,200
0,200,25,0,0,0,1,14,5,200,0,0,0,0,200,200,200,23,200,0,21,200
0,200,30,0,0,0,4,14,5,200,0,0,0,0,200,200,200,17,16,0,200,200
0,200,30,0,0,0,4,14,5,200,0,0,0,0,200,200,200,17,16,0,59,200
0,200,35,2,2,0,1,0,7,200,0,0,0,0,200,200,1,0,0,1,200,200
0,200,35,2,2,0,1,0,7,200,0,0,0,0,200,200,1,0,0,0,28,200
1,200,35,2,2,0,1,0,7,200,0,0,0,0,200,200,1,0,0,200,200,200
1,200,35,2,2,0,1,0,7,200,0,0,0,0,200,200,1,0,0,1,26,200
0,200,30,0,0,2,4,0,6,200,0,1,0,1,1,200,200,34,0,1,30,200
0,200,30,0,0,2,4,0,6,200,0,1,0,1,1,200,200,34,0,1,37,200
0,200,30,2,2,0,0,10,5,2,0,0,200,0,1,200,1,0,0,0,200,200
0,200,30,2,2,0,0,10,5,2,0,0,200,0,1,200,1,0,0,0,40,200
0,200,30,0,0,0,1,7,5,200,0,0,0,0,200,200,0,21,200,0,20,200
0,200,30,1,2,0,1,10,5,200,0,0,0,0,1,200,200,18,200,1,21,200
0,200,30,1,2,0,1,10,5,200,0,0,0,0,1,200,200,18,200,0,24,200
0,1,10,0,0,2,1,12,7,1,0,1,0,0,200,0,200,0,200,0,44,200
0,1,10,0,0,2,1,12,7,1,0,1,0,0,200,0,200,0,200,1,57,200
1,1,10,0,0,2,1,12,7,1,0,1,0,0,200,0,200,0,200,200,15,200
1,1,10,0,0,2,1,12,7,1,0,1,0,0,200,0,200,0,200,1,42,200
1,1,10,0,0,2,1,12,7,1,0,1,0,0,200,0,200,0,200,1,13,200
0,200,30,1,0,2,1,10,5,200,0,1,200,0,200,200,200,15,200,1,26,200
0,200,30,1,0,2,1,10,5,200,0,1,200,0,200,200,200,15,200,0,47,200
0,200,10,0,0,0,1,3,7,200,0,200,200,0,200,1,1,0,200,0,200,200
0,200,10,0,0,0,1,3,7,200,0,200,200,0,200,1,1,0,200,1,29,200
1,200,10,0,0,0,1,3,7,200,0,200,200,0,200,1,1,0,200,1,28,200
0,200,35,1,2,2,1,10,3,200,0,1,0,0,1,200,200,0,200,0,45,200
0,200,35,1,2,2,1,10,3,200,0,1,0,0,1,200,200,0,200,0,79,200
0,200,30,2,2,2,1,14,5,200,0,1,0,1,0,200,1,17,0,0,200,200
0,200,30,2,2,2,1,14,5,200,0,1,0,1,0,200,1,17,0,1,20,200
1,200,30,2,2,2,1,14,5,200,0,1,0,1,0,200,1,17,0,1,200,200
0,200,30,0,0,0,1,10,2,2,0,1,0,1,200,200,200,15,16,0,45,200
0,200,30,0,0,0,1,10,2,2,0,1,0,1,200,200,200,15,16,1,40,200
1,200,30,0,0,0,1,10,2,2,0,1,0,1,200,200,200,15,16,1,4,200
0,200,30,1,2,0,1,14,5,200,0,0,0,0,200,200,200,0,0,0,34,200
0,200,30,1,2,0,1,14,5,200,0,0,0,0,200,200,200,0,0,1,37,200
0,200,20,0,0,0,1,0,2,200,0,0,0,0,200,200,200,0,17,1,46,200
0,200,20,0,0,0,1,0,2,200,0,0,0,0,200,200,200,0,17,1,18,200
0,200,35,0,0,0,1,2,5,4,2,0,200,1,200,200,1,0,0,2,200,200
0,200,30,1,2,0,4,10,5,4,0,0,0,1,200,200,200,27,15,0,63,200
0,200,30,1,2,0,4,10,5,4,0,0,0,1,200,200,200,27,15,0,200,200
0,200,30,0,0,2,1,2,6,1,0,1,0,0,200,200,200,1,200,1,55,200
0,200,30,1,2,0,4,10,2,200,0,0,0,0,200,200,200,18,0,1,28,200
0,200,30,1,2,0,4,10,2,200,0,0,0,0,200,200,200,18,0,0,43,200
0,200,30,0,0,2,2,14,2,6,0,1,0,1,1,200,200,17,16,1,19,200
0,200,30,0,0,2,2,14,2,6,0,1,0,1,1,200,200,17,16,0,39,200
1,200,30,0,0,2,2,14,2,6,0,1,0,1,1,200,200,17,16,0,30,200
0,200,30,0,0,0,1,12,5,200,0,0,0,0,200,200,1,21,21,0,200,200
0,200,30,0,0,0,1,12,5,200,0,0,0,0,200,200,1,21,21,0,57,200
0,200,30,1,2,2,4,10,3,200,0,1,200,1,200,200,1,0,200,1,200,200
0,200,30,1,2,2,4,10,3,200,0,1,200,1,200,200,1,0,200,0,70,200
0,200,30,1,2,2,4,10,3,200,0,1,200,1,200,200,1,0,200,1,48,200
0,200,35,0,0,200,1,8,2,200,0,200,0,1,200,200,1,10,17,2,200,200
4,200,35,0,0,200,1,8,2,200,0,200,0,1,200,200,1,10,17,0,16,200
1,200,35,0,0,200,1,8,2,200,0,200,0,1,200,200,1,10,17,0,200,200
0,200,30,0,0,0,4,10,3,4,0,1,0,0,200,200,1,0,0,2,200,200
0,200,30,0,0,0,4,10,3,4,0,1,0,0,200,200,1,0,0,0,62,200
1,200,30,0,0,0,4,10,3,4,0,1,0,0,200,200,1,0,0,1,30,200
0,200,30,200,200,200,200,10,5,200,0,200,200,0,200,200,200,0,200,0,26,200
0,200,30,200,200,200,200,10,5,200,0,200,200,0,200,200,200,0,200,0,56,200
0,200,55,7,2,0,1,14,6,4,0,0,0,0,200,200,200,22,11,1,41,200
0,200,55,7,2,0,1,14,6,4,0,0,0,0,200,200,200,22,11,0,64,200
0,200,30,1,2,0,1,0,5,200,0,0,0,0,1,200,200,17,200,1,22,200
0,200,30,1,2,0,1,0,5,200,0,0,0,0,1,200,200,17,200,0,59,200
0,200,25,1,2,200,200,10,5,200,0,200,0,0,200,200,1,200,200,0,200,200
0,200,25,1,2,200,200,10,5,200,0,200,0,0,200,200,1,200,200,1,23,200
0,200,30,1,2,0,4,10,5,4,0,0,200,0,200,200,200,18,0,1,35,200
0,200,30,1,2,0,4,10,5,4,0,0,200,0,200,200,200,18,0,0,31,200
0,200,30,0,0,0,1,10,6,200,0,0,0,0,200,200,1,18,200,1,200,200
0,200,30,0,0,0,1,10,6,200,0,0,0,0,200,200,1,18,200,1,34,200
0,200,30,0,0,2,0,14,5,4,0,1,0,0,200,200,200,23,21,0,62,200
0,200,30,0,0,2,0,14,5,4,0,1,0,0,200,200,200,23,21,0,31,200
1,200,30,0,0,2,0,14,5,4,0,1,0,0,200,200,200,23,21,1,77,200
0,200,25,0,0,2,3,7,5,1,0,1,0,1,200,200,1,0,0,2,200,200
0,200,35,1,2,2,3,10,5,2,0,1,0,0,200,200,200,16,200,0,34,200
0,200,35,1,2,2,3,10,5,2,0,1,0,0,200,200,200,16,200,1,42,200
0,200,20,0,0,0,1,7,7,1,0,0,0,0,200,200,1,0,0,2,200,200
0,200,30,0,200,2,3,2,5,2,0,1,0,1,200,200,200,15,34,0,200,200
0,200,30,0,0,12,3,7,3,4,0,1,0,0,200,200,0,11,34,0,24,200
0,200,30,0,0,2,4,10,5,2,0,1,0,0,200,200,200,18,200,0,56,200
0,200,30,0,0,2,4,10,5,2,0,1,0,0,200,200,200,18,200,0,45,200
0,200,30,0,0,2,3,10,3,200,0,1,0,1,200,200,1,17,200,1,200,200
0,200,30,0,0,2,3,10,3,200,0,1,0,1,200,200,1,17,200,1,24,200
1,200,30,0,0,2,3,10,3,200,0,1,0,1,200,200,1,17,200,0,35,200
0,200,30,1,2,2,1,14,5,200,0,1,0,0,1,200,200,17,200,1,33,200
0,200,30,1,2,2,1,14,5,200,0,1,0,0,1,200,200,17,200,0,37,200
0,200,45,0,0,0,3,10,3,4,0,0,0,0,200,200,200,21,200,0,28,200
0,200,45,0,0,0,3,10,3,4,0,0,0,0,200,200,200,21,200,0,26,200
1,200,45,0,0,0,3,10,3,4,0,0,0,0,200,200,200,21,200,1,23,200
1,200,45,0,0,0,3,10,3,4,0,0,0,0,200,200,200,21,200,0,2,200
0,200,30,1,2,0,1,14,5,200,0,0,0,0,200,200,200,17,16,0,200,200
0,200,30,1,2,0,1,14,5,200,0,0,0,0,200,200,200,17,16,1,59,200
0,200,30,1,2,2,0,14,5,4,0,1,0,0,1,200,200,34,200,0,86,200
0,200,30,1,2,2,0,14,5,4,0,1,0,0,1,200,200,34,200,1,39,200
0,200,35,2,200,0,3,10,2,4,0,200,200,1,200,200,1,0,0,0,200,200
0,200,35,2,200,0,3,10,2,4,0,200,200,1,200,200,1,0,0,0,55,200
1,200,35,2,200,0,3,10,2,4,0,200,200,1,200,200,1,0,0,1,200,200
1,200,35,2,200,0,3,10,2,4,0,200,200,1,200,200,1,0,0,1,16,200
0,200,30,0,0,1,3,10,5,2,0,1,0,0,200,200,200,18,16,0,54,200
0,200,30,0,0,1,3,10,5,2,0,1,0,0,200,200,200,18,16,0,45,200
0,200,30,1,2,2,3,10,5,4,0,1,0,0,0,200,200,18,200,0,16,200
0,200,30,1,2,2,3,10,5,4,0,1,0,0,0,200,200,18,200,0,69,200
1,200,30,1,2,2,3,10,5,4,0,1,0,0,0,200,200,18,200,1,68,200
1,200,30,1,2,2,3,10,5,4,0,1,0,0,0,200,200,18,200,0,18,200
0,200,30,1,2,0,3,12,2,200,0,0,0,0,200,200,200,21,0,0,200,200
0,200,30,1,2,0,3,12,2,200,0,0,0,0,200,200,200,21,0,1,35,200
0,200,30,1,2,0,3,14,1,5,0,1,0,1,1,200,200,17,0,1,25,200
0,200,30,1,2,0,3,14,1,5,0,1,0,1,1,200,200,17,0,0,71,200
1,200,30,1,2,0,3,14,1,5,0,1,0,1,1,200,200,17,0,0,3,200
1,200,30,1,2,0,3,14,1,5,0,1,0,1,1,200,200,17,0,0,6,200
1,200,30,1,2,0,3,14,1,5,0,1,0,1,1,200,200,17,0,1,2,200
1,200,30,1,2,0,3,14,1,5,0,1,0,1,1,200,200,17,0,0,9,200
1,200,30,1,2,0,3,14,1,5,0,1,0,1,1,200,200,17,0,1,65,200
0,200,30,2,2,2,3,0,5,3,0,1,0,1,1,200,200,17,200,0,27,200
0,200,30,2,2,2,3,0,5,3,0,1,0,1,1,200,200,17,200,0,38,200
1,200,30,2,2,2,3,0,5,3,0,1,0,1,1,200,200,17,200,200,200,200
1,200,30,2,2,2,3,0,5,3,0,1,0,1,1,200,200,17,200,200,200,200
1,200,30,2,2,2,3,0,5,3,0,1,0,1,1,200,200,17,200,200,200,200
0,200,30,2,2,0,1,0,6,200,0,0,0,0,1,200,200,17,17,1,21,200
0,200,30,2,2,0,1,0,6,200,0,0,0,0,1,200,200,17,17,1,26,200
5,200,25,2,2,2,3,9,5,2,0,1,0,1,200,200,200,17,34,0,19,200
0,200,25,2,2,2,3,9,5,2,0,1,0,1,200,200,200,17,34,0,0,200
0,200,20,0,0,0,3,12,5,2,0,1,0,1,200,200,200,17,200,0,20,200
0,200,20,0,0,0,3,12,5,2,0,1,0,1,200,200,200,17,200,0,55,200
0,200,30,0,0,2,3,8,5,2,0,1,0,1,200,200,200,200,0,0,48,200
4,200,30,0,0,2,3,8,5,2,0,1,0,1,200,200,200,200,0,0,23,200
0,200,30,0,0,2,3,10,6,200,0,1,0,0,200,200,1,14,18,2,200,200
0,200,30,0,0,2,3,10,6,200,0,1,0,0,200,200,1,14,18,0,24,200
1,200,30,0,0,2,3,10,6,200,0,1,0,0,200,200,1,14,18,0,20,200
1,200,30,0,0,2,3,10,6,200,0,1,0,0,200,200,1,14,18,0,24,200
0,200,30,0,0,0,1,10,6,3,0,0,0,0,200,200,1,17,200,2,200,200
0,200,30,0,0,0,1,10,6,3,0,0,0,0,200,200,1,17,200,0,48,200
0,200,30,0,0,2,3,0,5,4,0,1,0,0,200,200,200,0,200,1,51,200
0,200,30,0,0,2,3,0,5,4,0,1,0,0,200,200,200,0,200,0,59,200
0,200,30,0,0,2,3,3,2,4,0,1,0,1,200,200,200,21,0,0,21,200
0,200,30,0,0,2,3,3,2,4,0,1,0,1,200,200,200,21,0,0,50,200
1,200,30,0,0,2,3,3,2,4,0,1,0,1,200,200,200,21,0,0,200,200
0,200,30,0,0,2,3,10,5,4,0,1,0,0,200,200,200,18,34,0,27,200
0,200,30,0,0,2,3,10,5,4,0,1,0,0,200,200,200,18,34,0,37,200
0,200,30,0,0,2,3,10,5,4,0,1,0,0,200,200,200,18,34,0,41,200
1,200,30,0,0,2,3,10,5,4,0,1,0,0,200,200,200,18,34,1,200,200
0,200,15,0,0,2,3,7,0,1,2,1,200,1,200,200,1,0,0,2,200,200
0,200,30,0,0,0,3,10,5,2,0,0,0,0,200,200,200,18,16,0,200,200
0,200,30,0,0,0,3,10,5,2,0,0,0,0,200,200,200,18,16,1,22,200
1,200,30,0,0,0,3,10,5,2,0,0,0,0,200,200,200,18,16,1,22,200
0,200,30,0,200,2,3,2,6,3,0,1,200,0,200,200,0,12,200,1,200,200
0,200,35,0,0,0,3,12,5,4,0,0,0,0,200,200,200,21,200,0,32,200
0,200,35,0,0,0,3,12,5,4,0,0,0,0,200,200,200,21,200,0,34,200
0,1,30,0,0,2,3,0,5,4,0,1,0,1,1,200,200,0,200,0,24,200
0,1,30,0,0,2,3,0,5,4,0,1,0,1,1,200,200,0,200,1,29,200
1,1,30,0,0,2,3,0,5,4,0,1,0,1,1,200,200,0,200,0,22,200
1,1,30,0,0,2,3,0,5,4,0,1,0,1,1,200,200,0,200,0,30,200
0,200,5,0,0,2,3,7,7,200,0,1,0,0,200,1,200,0,200,0,0,200
0,200,10,0,0,200,1,7,7,200,0,0,0,0,200,200,0,23,21,1,200,200
0,200,35,0,0,2,4,10,5,200,0,1,0,0,200,200,200,34,18,0,29,200
0,200,35,0,0,2,4,10,5,200,0,1,0,0,200,200,200,34,18,0,57,200
0,200,30,0,0,0,3,10,5,2,0,0,0,0,200,200,200,18,16,1,27,200
0,200,30,0,0,0,3,10,5,2,0,0,0,0,200,200,200,18,16,0,39,200
0,200,30,1,12,2,3,0,5,5,0,1,0,1,1,200,200,0,0,0,24,200
0,200,30,1,12,2,3,0,5,5,0,1,0,1,1,200,200,0,0,0,35,200
1,200,30,1,12,2,3,0,5,5,0,1,0,1,1,200,200,0,0,1,24,200
1,200,30,1,12,2,3,0,5,5,0,1,0,1,1,200,200,0,0,0,24,200
1,200,30,1,12,2,3,0,5,5,0,1,0,1,1,200,200,0,0,0,42,200
0,200,30,0,0,0,1,10,2,4,0,0,0,0,200,200,200,18,0,1,200,200
0,200,30,0,0,0,1,10,2,4,0,0,0,0,200,200,200,18,0,1,34,200
0,200,30,0,0,2,3,10,5,2,0,1,0,1,200,200,1,18,200,0,200,200
0,200,30,0,0,2,3,10,5,2,0,1,0,1,200,200,1,18,200,0,22,200
0,200,30,2,2,2,3,6,3,2,1,1,0,1,200,200,1,0,0,2,200,200
0,200,30,1,2,2,3,10,5,4,0,1,0,1,200,200,200,16,18,0,31,200
0,200,30,1,2,2,3,10,5,4,0,1,0,1,200,200,200,16,18,0,38,200
1,200,30,1,2,2,3,10,5,4,0,1,0,1,200,200,200,16,18,1,200,200
1,200,30,1,2,2,3,10,5,4,0,1,0,1,200,200,200,16,18,0,12,200
1,200,30,1,2,2,3,10,5,4,0,1,0,1,200,200,200,16,18,1,7,200
1,200,30,1,2,2,3,10,5,4,0,1,0,1,200,200,200,16,18,0,5,200
0,200,30,1,2,2,0,14,5,4,0,1,0,1,1,200,1,0,200,2,200,200
0,200,30,1,2,2,0,14,5,4,0,1,0,1,1,200,1,0,200,1,200,200
1,200,30,1,2,2,0,14,5,4,0,1,0,1,1,200,1,0,200,1,28,200
1,200,30,1,2,2,0,14,5,4,0,1,0,1,1,200,1,0,200,1,200,200
0,200,30,0,0,2,3,10,5,2,0,1,0,0,200,200,1,17,200,1,200,200
0,200,30,0,0,2,3,10,5,2,0,1,0,0,200,200,1,17,200,0,28,200
1,200,30,0,0,2,3,10,5,2,0,1,0,0,200,200,1,17,200,1,200,200
0,200,30,0,0,0,3,3,5,4,0,0,0,1,200,200,200,10,0,0,36,200
0,200,30,0,0,0,3,3,5,4,0,0,0,1,200,200,200,10,0,0,22,200
1,200,30,0,0,0,3,3,5,4,0,0,0,1,200,200,200,10,0,0,38,200
1,200,30,0,0,0,3,3,5,4,0,0,0,1,200,200,200,10,0,1,23,200
1,200,30,0,0,0,3,3,5,4,0,0,0,1,200,200,200,10,0,1,20,200
0,200,30,1,2,2,3,10,5,4,0,1,0,0,200,200,200,18,200,0,68,200
0,200,30,1,2,2,3,10,5,4,0,1,0,0,200,200,200,18,200,0,21,200
0,200,25,0,0,2,3,2,3,4,3,1,0,1,200,200,200,15,25,0,19,200
0,200,30,2,2,2,3,0,2,200,0,1,200,0,200,200,1,17,200,0,200,200
0,200,30,2,2,2,3,0,2,200,0,1,200,0,200,200,1,17,200,1,26,200
0,200,30,1,2,2,3,12,5,2,0,1,0,0,1,200,1,23,200,1,200,200
0,200,30,1,2,2,3,12,5,2,0,1,0,0,1,200,1,23,200,0,34,200
1,200,30,1,2,2,3,12,5,2,0,1,0,0,1,200,1,23,200,0,200,200
0,200,30,200,200,200,200,14,5,2,0,200,200,0,1,200,0,0,200,2,200,200
0,200,30,200,200,200,200,14,5,2,0,200,200,0,1,200,0,0,200,0,30,200
0,200,30,2,2,2,3,0,5,2,0,1,0,0,200,200,200,0,0,1,55,200
0,200,30,2,2,2,3,0,5,2,0,1,0,0,200,200,200,0,0,1,200,200
0,200,30,0,0,0,3,7,12,1,0,0,0,0,200,200,200,11,200,0,31,200
0,200,30,1,2,2,3,10,3,200,0,1,0,0,200,200,200,0,0,0,200,200
0,200,30,1,2,2,3,10,3,200,0,1,0,0,200,200,200,0,0,0,200,200
1,200,30,1,2,2,3,10,3,200,0,1,0,0,200,200,200,0,0,1,200,200
0,200,30,1,1,0,3,10,1,4,0,0,0,1,200,200,200,16,18,0,54,200
0,200,30,1,1,0,3,10,1,4,0,0,0,1,200,200,200,16,18,0,24,200
0,200,30,1,1,0,3,10,1,4,0,0,0,1,200,200,200,16,18,0,35,200
1,200,30,1,1,0,3,10,1,4,0,0,0,1,200,200,200,16,18,1,39,200
0,1,30,0,0,2,3,3,6,200,0,1,0,0,1,200,200,0,200,2,200,200
0,1,30,0,0,2,3,3,6,200,0,1,0,0,1,200,200,0,200,1,19,200
1,1,30,0,0,2,3,3,6,200,0,1,0,0,1,200,200,0,200,1,19,200
1,1,30,0,0,2,3,3,6,200,0,1,0,0,1,200,200,0,200,1,13,200
1,1,30,0,0,2,3,3,6,200,0,1,0,0,1,200,200,0,200,1,14,200
1,1,30,0,0,2,3,3,6,200,0,1,0,0,1,200,200,0,200,1,14,200
0,200,20,0,0,2,3,7,5,2,0,1,0,1,200,200,200,15,25,0,39,200
0,200,30,1,2,2,3,10,3,2,2,1,0,1,200,200,1,18,16,1,200,200
0,200,30,1,2,2,3,10,3,2,2,1,0,1,200,200,1,18,16,1,59,200
1,200,30,1,2,2,3,10,3,2,2,1,0,1,200,200,1,18,16,0,200,200
1,200,30,1,2,2,3,10,3,2,2,1,0,1,200,200,1,18,16,1,200,200
1,200,30,1,2,2,3,10,3,2,2,1,0,1,200,200,1,18,16,200,200,200
0,200,30,2,200,2,3,0,6,1,0,1,0,1,1,200,0,5,14,0,200,200
0,200,30,2,200,2,3,0,6,1,0,1,0,1,1,200,0,5,14,1,37,200
1,200,30,2,200,2,3,0,6,1,0,1,0,1,1,200,0,5,14,1,17,200
0,200,30,1,2,0,3,14,2,6,0,1,0,0,1,200,200,12,4,0,43,200
0,200,30,1,2,0,3,14,2,6,0,1,0,0,1,200,200,12,4,0,44,200
1,200,30,1,2,0,3,14,2,6,0,1,0,0,1,200,200,12,4,200,200,200
1,200,30,1,2,0,3,14,2,6,0,1,0,0,1,200,200,12,4,200,200,200
1,200,30,1,2,0,3,14,2,6,0,1,0,0,1,200,200,12,4,200,200,200
1,200,30,1,2,0,3,14,2,6,0,1,0,0,1,200,200,12,4,200,200,200
1,200,30,1,2,0,3,14,2,6,0,1,0,0,1,200,200,12,4,200,200,200
0,200,30,0,200,2,3,0,6,200,0,1,200,1,1,200,1,0,200,1,200,200
0,200,30,0,200,2,3,0,6,200,0,1,200,1,1,200,1,0,200,0,26,200
4,200,30,1,2,2,3,8,2,3,0,1,200,1,200,200,200,21,200,0,22,200
0,200,30,1,2,2,3,8,2,3,0,1,200,1,200,200,200,21,200,0,24,200
0,200,30,1,2,0,3,0,2,2,0,0,0,1,1,200,200,0,0,0,43,200
0,200,30,1,2,0,3,0,2,2,0,0,0,1,1,200,200,0,0,0,35,200
1,200,30,1,2,0,3,0,2,2,0,0,0,1,1,200,200,0,0,0,48,200
0,200,30,0,0,0,3,7,6,1,0,0,0,0,200,200,200,0,0,1,25,200
0,200,30,1,2,0,3,0,6,2,0,0,200,1,200,200,200,0,200,1,19,200
0,200,30,1,2,0,3,0,6,2,0,0,200,1,200,200,200,0,200,0,58,200