PERSON_TYPE,CRASH_DATE_EST_I,POSTED_SPEED_LIMIT,TRAFFIC_CONTROL_DEVICE,DEVICE_CONDITION,WEATHER_CONDITION,LIGHTING_CONDITION,FIRST_CRASH_TYPE,TRAFFICWAY_TYPE,LANE_CNT,ALIGNMENT,ROADWAY_SURFACE_COND,ROAD_DEFECT,CRASH_TYPE,INTERSECTION_RELATED_I,NOT_RIGHT_OF_WAY_I,HIT_AND_RUN_I,PRIM_CONTRIBUTORY_CAUSE,SEC_CONTRIBUTORY_CAUSE,SEX,AGE,BAC_RESULT VALUE
1,200,30,1,2,0,3,0,6,2,0,0,200,1,200,200,200,0,200,1,20,200
0,200,30,0,0,2,4,12,5,200,0,1,0,0,200,200,200,22,200,0,59,200
0,200,30,0,0,2,4,12,5,200,0,1,0,0,200,200,200,22,200,0,28,200
0,200,35,1,2,2,3,2,2,4,0,1,0,1,1,200,200,0,0,0,44,200
0,200,30,2,12,0,3,0,6,3,0,1,0,1,1,200,200,17,0,1,26,200
0,200,30,2,12,0,3,0,6,3,0,1,0,1,1,200,200,17,0,1,41,200
1,200,30,2,12,0,3,0,6,3,0,1,0,1,1,200,200,17,0,0,21,200
1,200,30,2,12,0,3,0,6,3,0,1,0,1,1,200,200,17,0,1,27,200
0,200,35,0,0,0,3,7,3,200,0,0,0,0,200,200,200,0,200,0,49,200
0,200,30,1,2,0,3,10,2,4,0,0,0,1,200,200,200,32,6,0,29,200
0,200,30,1,2,0,3,10,2,4,0,0,0,1,200,200,200,32,6,0,44,200
0,200,30,1,2,0,3,10,2,4,0,0,0,1,200,200,200,32,6,0,38,200
1,200,30,1,2,0,3,10,2,4,0,0,0,1,200,200,200,32,6,1,59,200
1,200,30,1,2,0,3,10,2,4,0,0,0,1,200,200,200,32,6,0,8,200
1,200,30,1,2,0,3,10,2,4,0,0,0,1,200,200,200,32,6,1,34,200
0,200,30,1,2,2,3,10,5,3,0,1,0,0,1,200,200,16,32,0,36,200
0,200,30,1,2,2,3,10,5,3,0,1,0,0,1,200,200,16,32,1,32,200
0,200,30,1,2,2,3,10,5,3,0,1,0,0,1,200,200,16,32,1,23,200
0,200,30,2,2,0,3,7,6,1,0,1,0,0,200,200,1,0,0,2,200,200
0,200,30,1,2,200,3,14,2,2,0,200,200,1,1,200,1,0,200,0,200,200
0,200,30,1,2,200,3,14,2,2,0,200,200,1,1,200,1,0,200,0,21,200
0,200,30,0,0,2,3,7,5,1,0,1,0,0,200,200,200,0,0,1,30,200
1,200,30,0,0,2,3,7,5,1,0,1,0,0,200,200,200,0,0,1,38,200
0,1,30,0,0,2,3,7,6,1,0,1,0,1,200,200,200,27,200,0,23,200
0,200,15,0,0,0,3,7,6,1,0,0,200,1,200,200,200,32,200,0,48,0.16
0,200,30,0,0,2,3,7,5,2,0,1,0,1,200,200,200,0,0,0,25,200
0,200,30,1,2,2,3,10,5,4,0,1,0,0,200,200,1,18,0,1,200,200
0,200,30,1,2,2,3,10,5,4,0,1,0,0,200,200,1,18,0,0,53,200
1,200,30,1,2,2,3,10,5,4,0,1,0,0,200,200,1,18,0,0,200,200
0,200,30,0,0,2,3,7,5,200,0,1,200,1,200,200,200,27,200,1,24,200
0,0,30,0,0,0,3,7,5,2,0,1,0,1,1,200,200,0,200,0,37,200
0,200,30,1,2,2,3,0,5,4,0,1,0,0,1,200,200,6,0,0,18,200
0,200,30,1,2,2,3,0,5,4,0,1,0,0,1,200,200,6,0,0,53,200
0,200,30,0,0,2,0,5,7,200,0,1,0,1,200,200,200,20,200,0,34,200
0,200,25,0,0,2,3,7,5,2,0,1,0,1,200,200,1,25,25,0,200,200
0,200,30,1,2,2,3,10,5,200,0,1,0,1,200,200,200,16,200,1,30,200
0,200,30,1,2,2,3,10,5,200,0,1,0,1,200,200,200,16,200,0,25,200
1,200,30,1,2,2,3,10,5,200,0,1,0,1,200,200,200,16,200,0,36,200
0,200,30,0,0,2,3,12,5,4,0,3,0,0,200,200,200,32,200,0,17,200
0,200,30,0,0,2,3,12,5,4,0,3,0,0,200,200,200,32,200,1,23,200
0,200,30,0,0,2,3,14,5,2,0,1,0,1,1,200,200,10,17,1,22,200
0,200,30,0,0,2,3,14,5,2,0,1,0,1,1,200,200,10,17,0,26,200
1,200,30,0,0,2,3,14,5,2,0,1,0,1,1,200,200,10,17,0,200,200
0,200,30,1,2,2,0,0,5,200,0,1,0,1,1,200,200,0,0,0,32,200
0,200,30,1,2,2,0,0,5,200,0,1,0,1,1,200,200,0,0,1,47,200
1,200,30,1,2,2,0,0,5,200,0,1,0,1,1,200,200,0,0,0,200,200
0,200,30,1,2,0,3,2,1,4,0,0,0,1,0,200,200,0,0,0,22,200
1,200,30,1,2,0,3,2,1,4,0,0,0,1,0,200,200,0,0,0,24,200
0,200,35,2,2,2,3,10,2,200,0,1,0,0,1,200,200,18,34,0,28,200
0,200,35,2,2,2,3,10,2,200,0,1,0,0,1,200,200,18,34,0,41,200
0,200,30,1,2,2,3,0,5,4,0,1,0,0,1,200,1,6,17,2,200,200
0,200,30,1,2,2,3,0,5,4,0,1,0,0,1,200,1,6,17,0,25,200
1,200,30,1,2,2,3,0,5,4,0,1,0,0,1,200,1,6,17,0,56,200
0,200,25,0,0,2,2,7,5,200,0,1,0,1,200,200,1,0,0,0,200,200
1,200,25,0,0,2,2,7,5,200,0,1,0,1,200,200,1,0,0,0,200,200
1,200,25,0,0,2,2,7,5,200,0,1,0,1,200,200,1,0,0,0,200,200
0,200,25,0,0,2,2,2,5,2,3,1,0,1,200,200,200,34,0,0,29,200
0,200,30,0,0,2,1,0,5,200,0,1,0,0,1,1,1,5,5,0,200,200
0,200,30,0,0,2,1,0,5,200,0,1,0,0,1,1,1,5,5,0,50,200
0,200,30,0,0,0,1,0,12,200,0,0,0,0,200,200,200,17,16,0,200,200
0,200,30,0,0,0,1,0,12,200,0,0,0,0,200,200,200,17,16,0,26,200
0,200,25,1,200,2,1,10,2,2,0,1,0,0,200,200,200,18,18,0,200,200
0,200,25,1,200,2,1,10,2,2,0,1,0,0,200,200,200,18,18,1,60,200
0,200,40,3,2,2,1,2,3,4,3,1,0,1,200,200,200,34,11,0,23,200
0,200,30,0,0,2,1,10,3,8,3,1,0,1,200,200,200,15,16,0,25,200
0,200,30,0,0,2,1,10,3,8,3,1,0,1,200,200,200,15,16,0,36,200
0,200,30,0,0,2,1,10,3,8,3,1,0,1,200,200,200,15,16,0,65,200
1,200,30,0,0,2,1,10,3,8,3,1,0,1,200,200,200,15,16,1,44,200
0,200,30,0,0,2,3,7,6,1,0,1,0,1,200,200,200,15,25,0,32,200
0,200,30,0,0,2,1,12,5,4,2,1,0,1,200,200,1,11,15,0,17,200
0,200,30,0,0,2,1,12,5,4,2,1,0,1,200,200,1,11,15,1,35,200
0,200,30,0,0,2,1,12,5,4,2,1,0,1,200,200,1,11,15,1,43,200
1,200,30,0,0,2,1,12,5,4,2,1,0,1,200,200,1,11,15,0,16,200
0,200,30,1,2,2,4,0,2,4,0,1,0,1,200,200,200,22,200,0,51,200
0,200,30,1,2,2,4,0,2,4,0,1,0,1,200,200,200,22,200,0,30,200
0,200,30,1,2,2,1,10,5,2,0,1,0,0,200,200,200,0,0,1,39,200
0,200,30,1,2,2,1,10,5,2,0,1,0,0,200,200,200,0,0,0,47,200
0,200,30,1,2,2,1,14,1,0,0,1,200,1,1,200,200,3,34,0,46,200
0,200,30,1,2,2,1,14,1,0,0,1,200,1,1,200,200,3,34,0,50,200
1,200,30,1,2,2,1,14,1,0,0,1,200,1,1,200,200,3,34,1,48,200
0,200,30,0,0,2,1,12,5,2,0,1,0,0,200,200,200,22,200,1,65,200
0,200,30,0,0,2,1,12,5,2,0,1,0,0,200,200,200,22,200,0,42,200
0,200,30,200,200,200,0,7,200,200,0,200,0,0,200,200,1,200,200,0,200,200
0,200,30,2,2,2,1,0,2,2,0,1,0,0,1,200,200,17,200,0,45,200
0,200,30,2,2,2,1,0,2,2,0,1,0,0,1,200,200,17,200,0,46,200
1,200,30,2,2,2,1,0,2,2,0,1,0,0,1,200,200,17,200,1,44,200
0,200,30,1,2,2,1,0,8,2,0,1,0,0,1,200,200,15,200,0,42,200
0,200,30,1,2,2,1,0,8,2,0,1,0,0,1,200,200,15,200,1,40,200
0,200,30,1,2,2,1,10,12,0,0,1,0,0,1,200,200,34,200,0,20,200
0,200,30,1,2,2,1,10,12,0,0,1,0,0,1,200,200,34,200,0,53,200
0,200,35,0,0,2,1,12,5,2,0,1,0,1,1,200,200,21,16,1,21,200
0,200,35,0,0,2,1,12,5,2,0,1,0,1,1,200,200,21,16,0,38,200
0,200,30,0,0,2,3,7,5,200,0,1,0,0,200,200,0,0,0,1,35,200
0,200,30,0,0,2,1,7,6,1,0,1,0,0,200,200,1,0,0,0,200,200
0,200,30,0,0,2,1,14,5,200,0,1,0,1,200,200,200,0,200,0,37,200
1,200,30,0,0,2,1,14,5,200,0,1,0,1,200,200,200,0,200,1,25,200
1,200,30,0,0,2,1,14,5,200,0,1,0,1,200,200,200,0,200,1,2,200
0,200,5,0,0,2,1,7,7,200,0,1,0,0,200,1,1,20,0,2,200,200
0,200,25,0,0,0,3,7,6,200,0,1,0,0,200,200,1,16,200,2,200,200
0,200,30,0,0,0,0,7,5,2,0,0,0,0,200,200,1,0,0,2,200,200
0,200,0,0,0,2,1,2,7,200,0,1,0,0,200,1,1,0,0,2,200,200
0,200,30,1,2,2,1,10,5,2,0,1,0,0,200,200,200,18,18,0,56,200
0,200,30,1,2,2,1,10,5,2,0,1,0,0,200,200,200,18,18,1,95,200
0,1,30,0,0,2,1,7,5,200,0,1,0,0,200,200,1,200,200,1,200,200
0,200,30,0,0,2,1,2,0,1,0,1,0,1,200,1,200,0,200,1,27,200
0,200,15,0,0,1,1,2,0,1,0,1,0,0,200,1,1,20,19,0,19,200
1,200,15,0,0,1,1,2,0,1,0,1,0,0,200,1,1,20,19,0,19,200
0,200,30,0,12,2,1,7,5,1,0,1,0,0,200,200,1,23,200,2,200,200
0,200,25,0,0,200,200,7,6,200,0,200,0,0,200,200,200,22,0,0,23,200
0,200,35,0,0,2,1,7,7,0,0,1,200,1,200,0,200,0,0,1,31,200
1,200,35,0,0,2,1,7,7,0,0,1,200,1,200,0,200,0,0,0,34,200
0,200,30,0,0,0,4,12,5,200,0,0,0,0,200,200,200,17,200,1,23,200
0,200,30,0,0,0,4,12,5,200,0,0,0,0,200,200,200,17,200,1,29,200
0,200,0,0,0,2,3,7,5,200,0,1,0,0,200,200,200,21,11,2,200,200
0,200,30,0,0,2,1,7,5,4,0,1,0,1,200,200,1,21,16,0,19,200
1,200,30,0,0,2,1,7,5,4,0,1,0,1,200,200,1,21,16,0,200,200
0,200,30,1,2,200,1,10,5,5,0,200,0,0,200,200,200,0,200,1,49,200
0,200,30,1,2,200,1,10,5,5,0,200,0,0,200,200,200,0,200,0,45,200
0,200,0,0,0,200,1,9,7,200,0,1,0,1,200,200,1,20,200,0,200,200
5,200,0,0,0,200,1,9,7,200,0,1,0,1,200,200,1,20,200,1,73,200
0,200,30,1,2,2,1,0,5,4,0,1,200,1,1,200,200,15,200,1,52,200
0,200,30,1,2,2,1,0,5,4,0,1,200,1,1,200,200,15,200,0,64,200
1,200,30,1,2,2,1,0,5,4,0,1,200,1,1,200,200,15,200,1,23,200
0,200,30,2,2,1,1,0,5,0,0,1,0,0,1,200,200,17,200,1,62,200
0,200,30,2,2,1,1,0,5,0,0,1,0,0,1,200,200,17,200,0,42,200
1,200,30,2,2,1,1,0,5,0,0,1,0,0,1,200,200,17,200,0,16,200
0,1,30,0,0,200,200,7,5,200,0,200,0,0,200,200,1,0,0,2,200,200
0,200,30,1,2,2,1,7,5,2,0,1,0,0,200,200,200,0,0,1,27,200
0,200,30,2,2,2,2,7,5,1,0,1,0,0,1,200,1,0,0,2,200,200
0,200,25,0,200,2,1,12,12,200,0,1,0,0,200,200,200,22,17,1,200,200
0,200,25,0,200,2,1,12,12,200,0,1,0,0,200,200,200,22,17,1,46,200
0,200,30,1,2,2,1,10,2,4,0,1,0,0,200,200,200,16,18,0,22,200
0,200,30,1,2,2,1,10,2,4,0,1,0,0,200,200,200,16,18,0,27,200
1,200,30,1,2,2,1,10,2,4,0,1,0,0,200,200,200,16,18,1,200,200
0,200,35,0,0,2,1,10,5,200,0,1,0,0,200,200,1,0,0,0,200,200
0,200,35,0,0,2,1,10,5,200,0,1,0,0,200,200,1,0,0,1,33,200
0,200,35,0,0,2,1,10,5,200,0,1,0,0,200,200,1,0,0,0,200,200
0,200,30,1,2,0,1,14,8,200,0,0,0,0,1,200,200,17,11,1,22,200
0,200,30,1,2,0,1,14,8,200,0,0,0,0,1,200,200,17,11,0,29,200
0,200,35,0,0,2,3,7,6,200,0,1,0,0,200,200,200,0,200,2,200,200
0,200,30,0,0,2,1,10,5,200,0,1,0,0,200,200,1,18,200,2,200,200
0,200,30,0,0,2,1,10,5,200,0,1,0,0,200,200,1,18,200,1,31,200
1,200,30,0,0,2,1,10,5,200,0,1,0,0,200,200,1,18,200,1,29,200
0,200,30,2,2,0,1,12,6,2,0,0,0,0,1,200,200,21,15,0,44,200
0,200,30,2,2,0,1,12,6,2,0,0,0,0,1,200,200,21,15,0,58,200
1,200,30,2,2,0,1,12,6,2,0,0,0,0,1,200,200,21,15,0,200,200
0,200,30,1,2,2,1,12,6,3,0,1,0,1,200,200,1,32,200,0,200,200
0,200,30,1,2,2,1,12,6,3,0,1,0,1,200,200,1,32,200,0,32,200
1,200,30,1,2,2,1,12,6,3,0,1,0,1,200,200,1,32,200,1,42,200
1,200,30,1,2,2,1,12,6,3,0,1,0,1,200,200,1,32,200,1,200,200
0,200,30,0,0,2,1,7,7,200,0,1,0,1,200,1,200,200,200,0,29,200
0,200,30,0,0,0,1,7,7,200,0,0,0,0,200,200,1,0,0,2,200,200
0,200,30,0,0,2,1,7,5,200,0,1,0,0,200,200,200,16,0,2,200,200
0,200,20,0,0,0,1,7,5,1,0,1,0,0,200,200,200,200,200,0,34,200
0,200,30,1,2,2,1,10,12,0,0,1,0,0,1,200,1,200,200,0,200,200
0,200,30,1,2,2,1,10,12,0,0,1,0,0,1,200,1,200,200,1,35,200
0,200,35,0,0,0,1,14,2,200,0,1,0,0,200,200,200,0,200,0,43,200
0,200,35,0,0,0,1,14,2,200,0,1,0,0,200,200,200,0,200,0,57,200
0,200,30,0,0,2,3,7,2,1,0,1,0,0,200,200,1,0,0,2,200,200
0,200,35,2,2,2,1,10,2,4,0,1,0,1,200,200,200,18,18,0,200,200
0,200,35,2,2,2,1,10,2,4,0,1,0,1,200,200,200,18,18,1,32,200
0,200,20,0,0,200,1,7,5,200,0,200,0,0,200,200,200,200,200,2,200,200
0,200,30,0,0,0,1,7,5,200,0,0,0,0,200,200,200,0,200,2,200,200
0,200,30,1,2,2,1,0,3,7,0,1,0,1,1,200,200,6,11,1,41,200
0,200,30,1,2,2,1,0,3,7,0,1,0,1,1,200,200,6,11,0,43,200
0,200,30,1,2,2,1,0,3,7,0,1,0,1,1,200,200,6,11,0,41,200
0,0,25,0,0,0,3,7,6,1,0,0,0,0,200,200,200,0,200,2,200,200
0,200,30,1,2,2,1,10,5,2,0,1,0,0,1,200,200,34,200,0,18,200
0,200,30,1,2,2,1,10,5,2,0,1,0,0,1,200,200,34,200,0,26,200
1,200,30,1,2,2,1,10,5,2,0,1,0,0,1,200,200,34,200,1,22,200
0,200,30,1,2,2,1,10,6,4,0,1,0,0,200,200,200,16,18,1,51,200
0,200,30,1,2,2,1,10,6,4,0,1,0,0,200,200,200,16,18,0,50,200
0,200,30,1,2,2,1,14,5,2,0,1,0,0,200,200,200,200,200,1,24,200
0,200,30,1,2,2,1,14,5,2,0,1,0,0,200,200,200,200,200,1,34,200
1,200,30,1,2,2,1,14,5,2,0,1,0,0,200,200,200,200,200,1,31,200
0,200,30,0,0,2,1,8,2,200,0,1,0,1,200,200,200,0,200,1,46,200
4,200,30,0,0,2,1,8,2,200,0,1,0,1,200,200,200,0,200,0,33,200
0,200,30,1,2,2,1,12,5,4,0,1,0,0,200,200,200,21,17,1,54,200
0,200,30,1,2,2,1,12,5,4,0,1,0,0,200,200,200,21,17,1,42,200
0,200,30,0,0,2,1,12,5,2,0,1,0,0,200,200,200,17,22,0,36,200
0,200,30,0,0,2,1,12,5,2,0,1,0,0,200,200,200,17,22,0,200,200
0,200,30,1,2,0,1,12,5,2,0,0,0,0,200,200,1,0,200,0,200,200
0,200,30,1,2,0,1,12,5,2,0,0,0,0,200,200,1,0,200,0,44,200
1,200,30,1,2,0,1,12,5,2,0,0,0,0,200,200,1,0,200,1,43,200
0,200,35,1,2,2,1,10,5,2,0,1,0,0,200,200,200,0,0,0,31,200
0,200,35,1,2,2,1,10,5,2,0,1,0,0,200,200,200,0,0,0,25,200
0,200,20,0,0,2,1,7,6,1,0,1,0,1,200,200,1,0,200,2,200,200
0,200,35,0,0,2,1,10,0,200,0,1,0,0,200,200,1,25,200,0,200,200
0,200,35,0,0,2,1,10,0,200,0,1,0,0,200,200,1,25,200,0,32,200
0,200,30,0,0,2,1,10,2,4,0,1,0,0,200,200,1,11,16,1,200,200
0,200,30,0,0,2,1,10,2,4,0,1,0,0,200,200,1,11,16,0,0,200
0,200,30,1,2,2,1,14,3,200,0,1,0,1,1,200,1,17,200,0,200,200
0,200,30,1,2,2,1,14,3,200,0,1,0,1,1,200,1,17,200,0,44,200
0,200,30,0,0,2,3,12,5,200,0,1,0,0,200,200,1,0,0,0,200,200
0,200,30,0,0,2,3,12,5,200,0,1,0,0,200,200,1,0,0,0,64,200
1,200,30,0,0,2,3,12,5,200,0,1,0,0,200,200,1,0,0,200,200,200
1,200,30,0,0,2,3,12,5,200,0,1,0,0,200,200,1,0,0,0,200,200
0,200,15,0,0,0,1,4,7,200,0,0,1,0,200,200,200,29,200,0,57,200
0,1,15,0,0,200,200,7,5,200,0,200,0,0,200,200,1,0,200,2,200,200
0,1,25,2,0,0,1,3,6,1,0,0,0,0,200,200,200,0,0,0,30,200
0,1,25,2,0,0,1,3,6,1,0,0,0,0,200,200,200,0,0,0,60,200
0,200,30,0,0,2,1,10,2,2,0,1,0,0,200,200,200,18,0,1,35,200
0,200,30,0,0,2,1,10,2,2,0,1,0,0,200,200,200,18,0,0,46,200
1,200,30,0,0,2,1,10,2,2,0,1,0,0,200,200,200,18,0,1,12,200
1,200,30,0,0,2,1,10,2,2,0,1,0,0,200,200,200,18,0,1,9,200
1,200,30,0,0,2,1,10,2,2,0,1,0,0,200,200,200,18,0,0,1,200
1,200,30,0,0,2,1,10,2,2,0,1,0,0,200,200,200,18,0,1,43,200
0,200,15,0,0,1,1,14,5,1,0,1,0,1,200,200,200,22,21,0,74,200
0,200,15,0,0,1,1,14,5,1,0,1,0,1,200,200,200,22,21,0,18,200
1,200,15,0,0,1,1,14,5,1,0,1,0,1,200,200,200,22,21,1,200,200
1,200,15,0,0,1,1,14,5,1,0,1,0,1,200,200,200,22,21,200,200,200
0,200,35,1,2,2,1,10,2,4,0,1,0,0,200,200,1,0,0,2,200,200
0,200,35,1,2,2,1,10,2,4,0,1,0,0,200,200,1,0,0,0,63,200
0,200,30,1,2,2,1,8,3,3,0,1,0,1,1,200,200,17,33,0,21,200
4,200,30,1,2,2,1,8,3,3,0,1,0,1,1,200,200,17,33,0,24,200
1,200,30,1,2,2,1,8,3,3,0,1,0,1,1,200,200,17,33,1,22,200
0,200,30,0,0,2,1,7,7,2,0,1,200,0,200,200,1,0,11,2,200,200
0,200,30,1,2,2,1,14,1,200,0,1,0,1,1,200,200,17,34,0,25,200
0,200,30,1,2,2,1,14,1,200,0,1,0,1,1,200,200,17,34,0,28,200
0,200,30,1,2,0,1,10,5,4,0,1,200,0,200,200,1,0,0,0,200,200
0,200,30,1,2,0,1,10,5,4,0,1,200,0,200,200,1,0,0,0,70,200
0,200,5,0,0,0,1,7,7,200,3,0,0,0,200,1,200,10,10,1,200,200
0,200,40,0,0,0,1,7,3,8,2,0,0,1,200,200,200,21,16,0,62,200
5,200,40,0,0,0,1,7,3,8,2,0,0,1,200,200,200,21,16,1,52,200
0,200,40,0,0,0,1,7,3,8,2,0,0,1,200,200,200,21,16,1,33,200
0,200,30,0,0,2,1,10,5,2,0,1,0,0,200,200,200,34,18,1,29,200
0,200,30,0,0,2,1,10,5,2,0,1,0,0,200,200,200,34,18,0,57,200
1,200,30,0,0,2,1,10,5,2,0,1,0,0,200,200,200,34,18,1,57,200
0,200,20,0,0,1,1,0,12,4,0,1,2,1,1,200,200,32,0,1,59,200
0,200,20,0,0,1,1,0,12,4,0,1,2,1,1,200,200,32,0,1,24,200
1,200,20,0,0,1,1,0,12,4,0,1,2,1,1,200,200,32,0,1,200,200
1,200,20,0,0,1,1,0,12,4,0,1,2,1,1,200,200,32,0,0,200,200
1,200,20,0,0,1,1,0,12,4,0,1,2,1,1,200,200,32,0,0,200,200
1,200,20,0,0,1,1,0,12,4,0,1,2,1,1,200,200,32,0,1,200,200
0,200,30,0,0,2,1,10,3,200,0,1,0,0,200,200,200,16,200,0,200,200
0,200,30,0,0,2,1,10,3,200,0,1,0,0,200,200,200,16,200,1,200,200
0,200,30,200,200,2,1,10,2,200,0,1,200,1,200,200,200,18,0,0,29,200
0,200,30,200,200,2,1,10,2,200,0,1,200,1,200,200,200,18,0,0,51,200
1,200,30,200,200,2,1,10,2,200,0,1,200,1,200,200,200,18,0,0,67,200
0,200,15,0,0,0,1,7,7,200,0,0,0,0,200,200,200,20,16,0,26,200
0,200,30,0,0,0,1,12,5,2,0,0,0,0,200,200,200,0,0,0,65,200
0,200,30,0,0,0,1,12,5,2,0,0,0,0,200,200,200,0,0,1,28,200
1,200,30,0,0,0,1,12,5,2,0,0,0,0,200,200,200,0,0,0,200,200
1,200,30,0,0,0,1,12,5,2,0,0,0,0,200,200,200,0,0,0,200,200
1,200,30,0,0,0,1,12,5,2,0,0,0,0,200,200,200,0,0,0,200,200
1,200,30,0,0,0,1,12,5,2,0,0,0,0,200,200,200,0,0,1,200,200
1,200,30,0,0,0,1,12,5,2,0,0,0,0,200,200,200,0,0,0,200,200
0,1,30,0,0,2,3,7,6,1,0,1,0,0,200,200,200,0,200,2,200,200
0,200,30,0,0,0,1,12,12,4,0,0,0,0,1,200,200,200,200,0,50,200
0,200,30,0,0,0,1,12,12,4,0,0,0,0,1,200,200,200,200,1,33,200
0,200,25,200,200,2,1,9,2,200,0,1,0,1,1,200,200,17,34,0,21,200
5,200,25,200,200,2,1,9,2,200,0,1,0,1,1,200,200,17,34,0,30,200
0,200,35,2,2,0,0,10,5,200,0,1,0,0,1,200,1,22,0,0,200,200
0,200,35,2,2,0,0,10,5,200,0,1,0,0,1,200,1,22,0,0,28,200
0,200,30,0,0,0,4,12,5,200,0,0,0,0,200,200,1,21,21,2,200,200
0,200,30,0,0,0,4,12,5,200,0,0,0,0,200,200,1,21,21,0,26,200
1,200,30,0,0,0,4,12,5,200,0,0,0,0,200,200,1,21,21,2,200,200
0,200,15,0,0,0,1,0,2,2,0,0,0,0,200,200,200,0,200,0,18,200
0,200,15,0,0,0,1,0,2,2,0,0,0,0,200,200,200,0,200,1,22,200
0,200,35,0,0,0,1,14,3,4,0,0,0,0,200,200,200,18,200,0,42,200
0,200,35,0,0,0,1,14,3,4,0,0,0,0,200,200,200,18,200,0,37,200
1,200,35,0,0,0,1,14,3,4,0,0,0,0,200,200,200,18,200,1,18,200
0,200,30,1,2,1,1,14,6,200,0,0,0,0,1,200,200,21,200,1,43,200
0,200,30,1,2,1,1,14,6,200,0,0,0,0,1,200,200,21,200,0,32,200
0,200,30,1,2,2,1,10,12,3,0,1,0,1,1,1,200,6,22,1,31,200
0,200,30,1,2,2,1,10,12,3,0,1,0,1,1,1,200,6,22,0,24,200
0,200,30,1,2,2,1,10,12,3,0,1,0,1,1,1,200,6,22,1,23,200
0,200,30,1,2,2,1,10,12,3,0,1,0,1,1,1,200,6,22,0,41,200
0,200,30,1,2,2,1,10,12,3,0,1,0,1,1,1,200,6,22,1,29,200
1,200,30,1,2,2,1,10,12,3,0,1,0,1,1,1,200,6,22,0,60,200
1,200,30,1,2,2,1,10,12,3,0,1,0,1,1,1,200,6,22,1,60,200
0,200,30,1,2,0,1,10,3,6,0,1,0,0,1,200,200,18,7,0,25,200
0,200,30,1,2,0,1,10,3,6,0,1,0,0,1,200,200,18,7,0,39,200
0,200,30,200,200,200,1,12,5,200,0,0,200,0,200,200,200,0,200,0,53,200
0,200,30,200,200,200,1,12,5,200,0,0,200,0,200,200,200,0,200,1,60,200
0,200,30,1,2,0,1,10,3,4,0,1,0,1,1,200,200,18,200,0,33,200
0,200,30,1,2,0,1,10,3,4,0,1,0,1,1,200,200,18,200,0,45,200
0,200,30,2,2,2,1,10,5,2,0,1,0,1,1,200,200,0,34,1,24,200
0,200,30,2,2,2,1,10,5,2,0,1,0,1,1,200,200,0,34,1,29,200
1,200,30,2,2,2,1,10,5,2,0,1,0,1,1,200,200,0,34,1,8,200
1,200,30,2,2,2,1,10,5,2,0,1,0,1,1,200,200,0,34,1,11,200
0,200,30,2,2,0,1,10,5,200,0,0,200,0,200,200,1,16,0,1,200,200
0,200,30,2,2,0,1,10,5,200,0,0,200,0,200,200,1,16,0,0,23,200
1,200,30,2,2,0,1,10,5,200,0,0,200,0,200,200,1,16,0,1,18,200
0,1,30,0,0,0,1,7,6,200,0,0,0,0,200,200,1,0,200,2,200,200
0,200,30,0,0,0,1,11,5,200,0,0,0,0,200,200,200,0,0,0,200,200
0,200,30,0,0,0,1,11,5,200,0,0,0,0,200,200,200,0,0,1,58,200
0,200,30,0,0,2,1,12,5,2,0,1,0,0,200,200,200,0,0,0,48,200
0,200,30,0,0,2,1,12,5,2,0,1,0,0,200,200,200,0,0,0,86,200
0,200,25,0,0,0,1,0,6,1,0,0,0,0,200,200,1,17,16,0,49,200
0,200,30,1,2,0,1,10,5,200,0,0,0,1,200,200,200,18,200,0,57,200
0,200,30,1,2,0,1,10,5,200,0,0,0,1,200,200,200,18,200,0,40,200
0,200,30,1,2,0,1,10,5,200,0,0,0,1,200,200,200,18,200,0,33,200
1,200,30,1,2,0,1,10,5,200,0,0,0,1,200,200,200,18,200,0,200,200
1,200,30,1,2,0,1,10,5,200,0,0,0,1,200,200,200,18,200,1,37,200
1,200,30,1,2,0,1,10,5,200,0,0,0,1,200,200,200,18,200,1,9,200
1,200,30,1,2,0,1,10,5,200,0,0,0,1,200,200,200,18,200,1,6,200
1,200,30,1,2,0,1,10,5,200,0,0,0,1,200,200,200,18,200,0,1,200
0,200,30,0,0,0,1,7,7,200,0,0,0,0,200,200,1,25,200,1,200,200
1,200,30,0,0,0,1,7,7,200,0,0,0,0,200,200,1,25,200,0,200,200
0,200,30,0,0,200,200,7,5,1,0,200,200,0,200,200,1,0,200,0,200,200
0,200,30,1,2,0,1,14,5,4,0,0,0,0,1,200,200,23,200,0,28,200
0,200,30,1,2,0,1,14,5,4,0,0,0,0,1,200,200,23,200,0,23,200
1,200,30,1,2,0,1,14,5,4,0,0,0,0,1,200,200,23,200,0,200,200
0,200,20,0,0,2,1,7,3,200,0,1,0,0,200,200,200,0,0,1,75,200
0,200,30,1,2,0,1,14,6,200,0,0,0,1,200,200,200,0,200,1,21,200
0,200,30,1,2,0,1,14,6,200,0,0,0,1,200,200,200,0,200,0,38,200
0,200,0,2,2,2,1,0,5,1,0,1,0,0,200,200,1,0,0,0,200,200
0,200,0,2,2,2,1,0,5,1,0,1,0,0,200,200,1,0,0,1,36,200
0,200,30,0,0,0,3,3,6,200,0,0,0,0,200,200,1,20,0,2,200,200
0,200,30,0,0,0,3,3,6,200,0,0,0,0,200,200,1,20,0,1,27,200
0,200,30,0,0,200,2,7,5,2,0,200,0,0,200,200,1,0,200,2,200,200
0,200,30,0,0,0,1,11,6,2,0,0,0,0,200,200,200,20,11,0,41,200