PERSON_TYPE,CRASH_DATE_EST_I,POSTED_SPEED_LIMIT,TRAFFIC_CONTROL_DEVICE,DEVICE_CONDITION,WEATHER_CONDITION,LIGHTING_CONDITION,FIRST_CRASH_TYPE,TRAFFICWAY_TYPE,LANE_CNT,ALIGNMENT,ROADWAY_SURFACE_COND,ROAD_DEFECT,CRASH_TYPE,INTERSECTION_RELATED_I,NOT_RIGHT_OF_WAY_I,HIT_AND_RUN_I,PRIM_CONTRIBUTORY_CAUSE,SEC_CONTRIBUTORY_CAUSE,SEX,AGE,BAC_RESULT VALUE
0,200,30,0,0,0,1,11,6,2,0,0,0,0,200,200,200,20,11,1,27,200
0,200,25,1,2,1,1,7,5,200,0,0,0,0,200,200,200,0,0,0,30,200
0,1,30,0,0,200,3,7,2,2,0,200,0,0,200,200,1,0,0,2,200,200
0,200,15,0,0,0,1,10,7,200,0,0,0,0,200,200,1,18,16,1,200,200
0,200,15,0,0,0,1,10,7,200,0,0,0,0,200,200,1,18,16,1,25,200
1,200,15,0,0,0,1,10,7,200,0,0,0,0,200,200,1,18,16,0,200,200
1,200,15,0,0,0,1,10,7,200,0,0,0,0,200,200,1,18,16,0,200,200
1,200,15,0,0,0,1,10,7,200,0,0,0,0,200,200,1,18,16,1,200,200
0,200,30,0,0,0,1,7,5,200,0,1,0,0,200,200,200,20,0,0,200,200
0,200,30,12,12,0,1,14,2,2,0,0,0,1,200,200,200,23,17,1,26,200
0,200,30,12,12,0,1,14,2,2,0,0,0,1,200,200,200,23,17,0,39,200
0,200,30,0,0,0,1,10,7,2,0,0,200,0,200,1,1,18,200,0,200,200
0,200,30,0,0,0,1,10,7,2,0,0,200,0,200,1,1,18,200,1,31,200
0,200,30,2,200,0,1,14,2,200,0,200,200,0,1,200,200,23,200,1,24,200
0,200,30,2,200,0,1,14,2,200,0,200,200,0,1,200,200,23,200,0,33,200
1,200,30,2,200,0,1,14,2,200,0,200,200,0,1,200,200,23,200,0,22,200
1,200,30,2,200,0,1,14,2,200,0,200,200,0,1,200,200,23,200,1,4,200
1,200,30,2,200,0,1,14,2,200,0,200,200,0,1,200,200,23,200,1,8,200
0,200,30,1,2,0,1,10,5,200,0,0,0,0,200,200,200,18,0,1,48,200
0,200,30,1,2,0,1,10,5,200,0,0,0,0,200,200,200,18,0,1,34,200
1,200,30,1,2,0,1,10,5,200,0,0,0,0,200,200,200,18,0,1,10,200
0,200,25,0,0,0,200,12,7,200,0,0,200,0,200,200,1,0,0,0,200,200
0,200,25,0,0,0,200,12,7,200,0,0,200,0,200,200,1,0,0,0,52,200
0,200,30,200,200,0,1,10,5,200,0,0,200,0,200,200,200,0,200,1,0,200
0,200,30,200,200,0,1,10,5,200,0,0,200,0,200,200,200,0,200,1,34,200
0,200,30,0,0,0,1,10,2,200,0,200,0,0,1,200,200,0,200,0,200,200
0,200,30,0,0,0,1,10,2,200,0,200,0,0,1,200,200,0,200,1,48,200
0,200,30,0,0,0,1,10,0,1,0,0,0,0,200,200,200,0,0,1,200,200
0,200,30,0,0,0,1,10,0,1,0,0,0,0,200,200,200,0,0,1,200,200
0,200,35,0,0,0,1,14,5,4,2,0,0,1,200,200,200,10,10,0,47,200
0,200,35,0,0,0,1,14,5,4,2,0,0,1,200,200,200,10,10,0,31,200
1,200,35,0,0,0,1,14,5,4,2,0,0,1,200,200,200,10,10,1,25,200
1,200,35,0,0,0,1,14,5,4,2,0,0,1,200,200,200,10,10,0,26,200
0,200,30,0,0,1,1,2,2,200,0,0,12,1,200,200,200,29,29,1,33,200
0,200,35,2,0,1,1,10,2,200,0,0,200,0,200,200,200,5,200,0,200,200
0,200,35,2,0,1,1,10,2,200,0,0,200,0,200,200,200,5,200,0,33,200
0,200,30,0,0,0,1,11,5,200,0,0,200,0,200,200,200,0,0,0,56,200
0,200,30,0,0,0,1,11,5,200,0,0,200,0,200,200,200,0,0,1,21,200
1,200,30,0,0,0,1,11,5,200,0,0,200,0,200,200,200,0,0,1,61,200
0,200,10,0,0,0,1,0,7,200,0,200,200,0,200,1,200,20,200,0,25,200
0,200,10,0,0,0,1,0,7,200,0,200,200,0,200,1,200,20,200,0,49,200
0,200,30,1,200,0,1,12,2,4,0,200,200,0,1,200,200,11,0,0,0,200
0,200,30,1,200,0,1,12,2,4,0,200,200,0,1,200,200,11,0,1,25,200
0,200,35,0,0,1,1,0,5,200,0,0,0,0,200,200,200,17,17,0,39,200
0,200,35,0,0,1,1,0,5,200,0,0,0,0,200,200,200,17,17,0,49,200
0,200,10,0,0,0,1,2,12,200,0,0,0,0,200,1,200,20,0,0,42,200
1,200,30,0,0,0,1,7,3,3,0,0,0,0,200,200,200,21,0,0,74,200
1,200,30,0,0,0,1,7,3,3,0,0,0,0,200,200,200,21,0,1,63,200
0,200,30,0,0,0,1,7,3,3,0,0,0,0,200,200,200,21,0,1,45,200
0,200,30,0,0,0,1,7,200,200,0,200,200,0,200,200,1,0,0,2,200,200
0,200,30,0,0,0,1,2,7,200,0,0,0,0,200,1,200,200,200,2,200,200
0,200,30,0,0,0,1,7,6,1,0,0,0,0,200,200,200,10,0,0,36,200
1,200,30,0,0,0,1,7,6,1,0,0,0,0,200,200,200,10,0,0,38,200
0,200,30,0,0,2,1,12,6,200,0,0,0,0,200,200,200,21,200,1,200,200
0,200,30,0,0,2,1,12,6,200,0,0,0,0,200,200,200,21,200,0,72,200
1,200,30,0,0,2,1,12,6,200,0,0,0,0,200,200,200,21,200,0,200,200
0,200,35,0,0,0,1,7,5,200,0,0,0,0,200,200,1,0,0,2,200,200
0,200,30,1,2,0,1,12,2,6,0,0,0,0,200,200,200,4,22,0,74,200
0,200,30,1,2,0,1,12,2,6,0,0,0,0,200,200,200,4,22,1,21,200
0,200,20,0,0,0,1,8,7,0,0,0,0,1,200,200,200,33,200,1,30,200
4,200,20,0,0,0,1,8,7,0,0,0,0,1,200,200,200,33,200,0,21,200
0,200,30,0,0,2,1,12,5,200,0,1,200,0,200,200,1,0,0,2,200,200
0,200,30,0,0,2,1,12,5,200,0,1,200,0,200,200,1,0,0,0,23,200
0,200,30,0,0,0,1,10,5,200,0,0,0,0,200,200,200,200,200,0,63,200
0,200,30,0,0,0,1,10,5,200,0,0,0,0,200,200,200,200,200,0,34,200
0,200,30,0,0,0,1,7,6,200,0,0,0,0,200,200,1,0,200,2,200,200
0,200,30,1,2,2,1,10,5,200,0,1,0,1,200,200,200,0,0,1,22,200
0,200,30,1,2,2,1,10,5,200,0,1,0,1,200,200,200,0,0,0,82,200
0,200,30,0,0,0,1,12,3,6,0,0,200,0,200,200,200,21,200,0,55,200
0,200,30,0,0,0,1,12,3,6,0,0,200,0,200,200,200,21,200,1,0,200
0,200,20,0,0,0,1,12,2,2,3,0,0,0,1,200,0,0,200,0,27,200
0,200,20,0,0,0,1,12,2,2,3,0,0,0,1,200,0,0,200,1,50,200
0,200,35,1,2,0,1,12,6,200,0,0,0,0,1,200,1,200,200,0,200,200
0,200,35,1,2,0,1,12,6,200,0,0,0,0,1,200,1,200,200,1,53,200
0,200,30,0,0,0,1,12,2,2,0,0,0,0,200,200,200,17,200,0,59,200
0,200,30,0,0,0,1,12,2,2,0,0,0,0,200,200,200,17,200,0,57,200
1,200,30,0,0,0,1,12,2,2,0,0,0,0,200,200,200,17,200,1,200,200
0,200,30,0,0,0,2,9,5,200,0,0,0,0,200,200,200,200,200,1,48,200
5,200,30,0,0,0,2,9,5,200,0,0,0,0,200,200,200,200,200,0,16,200
1,200,30,0,0,0,2,9,5,200,0,0,0,0,200,200,200,200,200,1,200,200
1,200,30,0,0,0,2,9,5,200,0,0,0,0,200,200,200,200,200,1,200,200
1,200,30,0,0,0,2,9,5,200,0,0,0,0,200,200,200,200,200,0,200,200
0,1,30,0,0,200,200,7,6,1,0,200,0,0,200,200,1,0,200,2,200,200
0,200,30,1,2,0,1,10,2,2,0,1,0,1,1,200,200,18,16,1,28,200
0,200,30,1,2,0,1,10,2,2,0,1,0,1,1,200,200,18,16,1,39,200
0,200,30,1,2,0,1,10,2,2,0,1,0,1,1,200,200,18,16,1,68,200
1,200,30,1,2,0,1,10,2,2,0,1,0,1,1,200,200,18,16,1,0,200
0,200,30,1,200,0,4,10,5,2,0,0,0,1,200,200,200,18,200,1,30,200
0,200,30,1,200,0,4,10,5,2,0,0,0,1,200,200,200,18,200,0,74,200
0,200,30,1,200,0,4,10,5,2,0,0,0,1,200,200,200,18,200,1,49,200
1,200,30,1,200,0,4,10,5,2,0,0,0,1,200,200,200,18,200,0,18,200
1,200,30,1,200,0,4,10,5,2,0,0,0,1,200,200,200,18,200,1,55,200
1,200,30,1,200,0,4,10,5,2,0,0,0,1,200,200,200,18,200,1,200,200
0,200,20,0,0,0,1,7,2,200,0,0,200,0,200,200,200,20,20,0,52,200
0,200,35,1,2,0,1,12,3,200,0,0,0,0,200,200,200,21,21,0,200,200
0,200,35,1,2,0,1,12,3,200,0,0,0,0,200,200,200,21,21,1,60,200
0,200,30,2,200,1,1,10,2,2,0,0,0,1,1,200,200,16,0,0,200,200
0,200,30,2,200,1,1,10,2,2,0,0,0,1,1,200,200,16,0,0,24,200
0,200,30,0,0,0,1,12,5,4,0,0,200,0,1,200,1,21,200,0,200,200
0,200,30,0,0,0,1,12,5,4,0,0,200,0,1,200,1,21,200,0,39,200
1,200,30,0,0,0,1,12,5,4,0,0,200,0,1,200,1,21,200,1,200,200
1,200,30,0,0,0,1,12,5,4,0,0,200,0,1,200,1,21,200,1,200,200
0,200,30,0,0,0,1,7,5,200,0,200,200,0,200,200,1,0,0,2,200,200
0,200,30,0,0,0,1,9,2,2,0,0,0,1,200,200,200,200,200,1,56,200
5,200,30,0,0,0,1,9,2,2,0,0,0,1,200,200,200,200,200,1,9,200
1,200,30,0,0,0,1,9,2,2,0,0,0,1,200,200,200,200,200,1,76,200
0,200,30,2,2,0,1,9,5,200,0,0,0,1,1,200,200,200,200,1,48,200
5,200,30,2,2,0,1,9,5,200,0,0,0,1,1,200,200,200,200,1,9,200
0,200,30,0,0,2,0,7,6,200,0,1,0,0,200,200,1,200,200,2,200,200
0,200,30,0,0,0,1,7,5,200,0,0,0,0,200,200,200,0,13,0,35,200
0,200,30,0,0,1,1,7,2,2,0,0,0,1,200,200,200,0,0,0,32,200
0,0,30,0,0,200,3,7,6,1,0,1,0,1,200,200,1,0,200,2,200,200
4,200,30,0,0,0,1,8,7,200,0,0,0,0,200,200,200,0,200,0,200,200
0,200,30,0,0,0,1,8,7,200,0,0,0,0,200,200,200,0,200,1,57,200
0,200,35,200,200,2,1,14,5,4,0,200,200,1,200,200,200,0,200,0,24,200
0,200,35,200,200,2,1,14,5,4,0,200,200,1,200,200,200,0,200,1,31,200
0,200,30,0,0,0,1,10,5,2,2,0,0,0,200,200,200,200,200,0,28,200
0,200,30,0,0,0,1,10,5,2,2,0,0,0,200,200,200,200,200,0,62,200
1,200,30,0,0,0,1,10,5,2,2,0,0,0,200,200,200,200,200,0,35,200
1,200,30,0,0,0,1,10,5,2,2,0,0,0,200,200,200,200,200,0,69,200
0,200,30,0,0,0,1,7,5,200,0,0,0,0,200,200,200,17,200,1,57,200
0,200,30,0,0,0,1,7,6,1,0,0,0,0,200,200,1,0,200,1,200,200
0,200,30,200,200,0,1,0,5,200,0,0,200,0,200,200,1,0,200,0,200,200
0,200,30,200,200,0,1,0,5,200,0,0,200,0,200,200,1,0,200,0,24,200
0,200,15,0,0,0,1,7,12,200,0,0,0,0,200,200,200,0,0,0,54,200
0,200,30,0,0,0,1,0,0,200,0,0,0,0,200,200,1,200,200,0,200,200
0,200,30,0,0,0,1,0,0,200,0,0,0,0,200,200,1,200,200,0,47,200
1,200,30,0,0,0,1,0,0,200,0,0,0,0,200,200,1,200,200,1,200,200
0,200,30,0,0,1,1,0,2,4,0,0,0,0,200,200,200,17,16,0,23,200
0,200,30,0,0,1,1,0,2,4,0,0,0,0,200,200,200,17,16,1,38,200
1,200,30,0,0,1,1,0,2,4,0,0,0,0,200,200,200,17,16,1,20,200
1,200,30,0,0,1,1,0,2,4,0,0,0,0,200,200,200,17,16,0,38,200
1,200,30,0,0,1,1,0,2,4,0,0,0,0,200,200,200,17,16,1,3,200
0,200,30,1,2,1,1,10,2,200,0,0,0,0,1,200,200,0,0,0,200,200
0,200,30,1,2,1,1,10,2,200,0,0,0,0,1,200,200,0,0,0,0,200
0,200,20,0,0,0,1,10,2,200,0,0,0,0,200,200,1,18,22,2,200,200
0,200,20,0,0,0,1,10,2,200,0,0,0,0,200,200,1,18,22,0,68,200
0,1,30,2,2,0,1,14,5,200,0,0,0,0,1,200,200,17,200,1,200,200
0,1,30,2,2,0,1,14,5,200,0,0,0,0,1,200,200,17,200,0,28,200
0,1,15,0,0,0,1,7,5,2,0,0,0,0,200,200,1,0,200,2,200,200
0,200,35,0,0,2,1,12,6,200,0,0,200,0,200,200,200,0,200,1,200,200
0,200,35,0,0,2,1,12,6,200,0,0,200,0,200,200,200,0,200,1,72,200
1,200,35,0,0,2,1,12,6,200,0,0,200,0,200,200,200,0,200,0,21,200
0,200,30,0,0,0,1,14,5,2,0,0,0,1,200,200,200,22,200,0,56,200
0,200,30,0,0,0,1,14,5,2,0,0,0,1,200,200,200,22,200,0,53,200
0,200,30,0,0,0,1,12,2,200,0,0,0,1,200,200,200,17,0,1,200,200
0,200,30,0,0,0,1,12,2,200,0,0,0,1,200,200,200,17,0,0,58,200
0,200,30,1,2,2,1,10,5,4,0,1,200,0,200,200,200,18,0,0,200,200
0,200,30,1,2,2,1,10,5,4,0,1,200,0,200,200,200,18,0,0,24,200
0,200,30,1,200,0,1,14,1,4,0,1,200,0,200,200,200,0,0,0,21,200
0,200,30,1,200,0,1,14,1,4,0,1,200,0,200,200,200,0,0,0,50,200
0,200,30,3,12,0,1,7,2,2,0,0,0,0,200,200,1,22,0,0,200,200
1,200,30,3,12,0,1,7,2,2,0,0,0,0,200,200,1,22,0,0,200,200
0,0,10,0,0,0,1,7,7,2,0,0,0,0,200,200,1,0,0,2,200,200
0,200,30,0,0,0,1,14,5,200,0,0,0,0,200,200,1,200,200,1,200,200
0,200,30,0,0,0,1,14,5,200,0,0,0,0,200,200,1,200,200,0,27,200
0,200,25,0,0,0,1,14,5,2,0,0,0,0,1,200,200,23,0,0,42,200
0,200,25,0,0,0,1,14,5,2,0,0,0,0,1,200,200,23,0,0,50,200
0,200,30,200,200,1,1,14,5,1,0,200,200,0,200,200,200,0,0,0,57,200
0,200,30,200,200,1,1,14,5,1,0,200,200,0,200,200,200,0,0,1,28,200
0,200,30,0,0,0,1,10,2,200,0,0,0,0,200,200,200,0,200,0,28,200
0,200,30,0,0,0,1,10,2,200,0,0,0,0,200,200,200,0,200,1,29,200
1,200,30,0,0,0,1,10,2,200,0,0,0,0,200,200,200,0,200,1,200,200
0,200,30,0,0,0,1,0,5,200,0,0,0,0,1,200,200,200,200,1,67,200
0,200,30,0,0,0,1,0,5,200,0,0,0,0,1,200,200,200,200,0,46,200
0,200,30,0,0,0,1,0,2,200,0,0,0,0,1,200,200,11,200,0,18,200
0,200,30,0,0,0,1,0,2,200,0,0,0,0,1,200,200,11,200,1,32,200
0,200,30,0,0,0,1,7,5,2,0,0,0,0,200,200,200,33,33,0,67,200
0,200,30,1,2,0,3,12,2,4,0,0,0,0,200,200,1,0,200,1,200,200
0,200,30,1,2,0,3,12,2,4,0,0,0,0,200,200,1,0,200,0,32,200
0,200,30,0,0,0,1,2,6,1,0,0,0,0,200,200,1,200,200,0,200,200
0,200,25,1,2,1,1,9,7,200,0,1,0,1,200,0,1,8,200,1,200,200
5,200,25,1,2,1,1,9,7,200,0,1,0,1,200,0,1,8,200,1,35,200
1,200,25,1,2,1,1,9,7,200,0,1,0,1,200,0,1,8,200,1,200,200
1,200,25,1,2,1,1,9,7,200,0,1,0,1,200,0,1,8,200,1,200,200
1,200,25,1,2,1,1,9,7,200,0,1,0,1,200,0,1,8,200,200,200,200
1,200,25,1,2,1,1,9,7,200,0,1,0,1,200,0,1,8,200,200,200,200
0,200,30,0,0,1,1,2,6,1,0,0,0,0,200,200,200,20,0,0,200,200
1,200,30,0,0,1,1,2,6,1,0,0,0,0,200,200,200,20,0,0,200,200
0,200,30,0,0,0,1,12,5,4,0,0,0,0,200,200,200,0,200,1,34,200
0,200,30,0,0,0,1,12,5,4,0,0,0,0,200,200,200,0,200,0,31,200
1,200,30,0,0,0,1,12,5,4,0,0,0,0,200,200,200,0,200,0,200,200
1,200,30,0,0,0,1,12,5,4,0,0,0,0,200,200,200,0,200,0,200,200
1,200,30,0,0,0,1,12,5,4,0,0,0,0,200,200,200,0,200,1,200,200
1,200,30,0,0,0,1,12,5,4,0,0,0,0,200,200,200,0,200,1,200,200
1,200,30,0,0,0,1,12,5,4,0,0,0,0,200,200,200,0,200,1,200,200
0,200,30,0,2,2,1,10,5,4,0,1,0,1,200,200,200,18,200,1,21,200
0,200,30,0,2,2,1,10,5,4,0,1,0,1,200,200,200,18,200,1,71,200
1,200,30,0,2,2,1,10,5,4,0,1,0,1,200,200,200,18,200,0,20,200
1,200,30,0,2,2,1,10,5,4,0,1,0,1,200,200,200,18,200,0,79,200
0,200,30,1,2,0,1,10,5,2,0,0,0,0,200,200,1,0,0,0,200,200
0,200,30,1,2,0,1,10,5,2,0,0,0,0,200,200,1,0,0,1,47,200
0,200,30,2,2,0,1,14,5,0,0,0,0,0,1,200,200,17,200,1,53,200
0,200,30,2,2,0,1,14,5,0,0,0,0,0,1,200,200,17,200,1,30,200
0,200,30,1,200,0,1,8,2,4,0,200,200,0,1,200,1,25,0,1,200,200
4,200,30,1,200,0,1,8,2,4,0,200,200,0,1,200,1,25,0,0,53,200
0,200,30,0,0,0,1,7,6,1,0,0,0,0,200,200,200,11,20,2,200,200
0,200,30,0,0,0,1,12,3,4,0,0,0,0,200,200,200,0,200,1,200,200
0,200,30,0,0,0,1,12,3,4,0,0,0,0,200,200,200,0,200,1,63,200
1,200,30,0,0,0,1,12,3,4,0,0,0,0,200,200,200,0,200,1,31,200
1,200,30,0,0,0,1,12,3,4,0,0,0,0,200,200,200,0,200,2,200,200
1,200,30,0,0,0,1,12,3,4,0,0,0,0,200,200,200,0,200,2,200,200
0,200,30,0,0,0,1,7,7,200,0,0,0,0,200,1,1,0,200,2,200,200
0,200,30,1,2,0,1,12,5,200,0,0,0,1,200,200,1,21,0,1,200,200
0,200,30,1,2,0,1,12,5,200,0,0,0,1,200,200,1,21,0,1,54,200
0,200,30,0,0,2,0,2,5,2,0,1,0,1,200,0,200,16,25,1,33,0.19
1,200,30,0,0,2,0,2,5,2,0,1,0,1,200,0,200,16,25,0,200,200
0,200,30,1,2,2,1,10,2,2,0,1,0,1,1,200,1,16,0,0,200,200
0,200,30,1,2,2,1,10,2,2,0,1,0,1,1,200,1,16,0,1,47,200
1,200,30,1,2,2,1,10,2,2,0,1,0,1,1,200,1,16,0,0,39,200
0,200,30,0,0,0,1,0,5,200,0,0,0,0,1,200,200,17,200,0,200,200
0,200,30,0,0,0,1,0,5,200,0,0,0,0,1,200,200,17,200,1,36,200
0,200,30,0,0,1,1,14,5,2,0,1,0,1,200,200,200,17,21,0,32,200
0,200,30,0,0,1,1,14,5,2,0,1,0,1,200,200,200,17,21,0,46,200
1,200,30,0,0,1,1,14,5,2,0,1,0,1,200,200,200,17,21,0,33,200
1,200,30,0,0,1,1,14,5,2,0,1,0,1,200,200,200,17,21,1,29,200
1,200,30,0,0,1,1,14,5,2,0,1,0,1,200,200,200,17,21,1,39,200
0,200,35,2,12,0,1,7,6,1,0,0,0,0,200,200,200,22,0,0,43,200
1,200,35,2,12,0,1,7,6,1,0,0,0,0,200,200,200,22,0,0,50,200
0,200,30,0,0,0,1,12,5,200,0,0,0,0,200,200,200,21,200,1,28,200
0,200,30,0,0,0,1,12,5,200,0,0,0,0,200,200,200,21,200,0,50,200
1,200,30,0,0,0,1,12,5,200,0,0,0,0,200,200,200,21,200,1,200,200
1,200,30,0,0,0,1,12,5,200,0,0,0,0,200,200,200,21,200,0,200,200
1,200,30,0,0,0,1,12,5,200,0,0,0,0,200,200,200,21,200,200,200,200
0,200,30,1,2,2,0,10,3,4,0,1,0,1,1,200,200,0,0,1,31,200
0,200,30,1,2,2,0,10,3,4,0,1,0,1,1,200,200,0,0,1,54,200
1,200,30,1,2,2,0,10,3,4,0,1,0,1,1,200,200,0,0,0,200,200
0,200,30,2,2,2,1,0,5,2,0,1,0,0,1,200,200,5,5,1,28,200
0,200,30,2,2,2,1,0,5,2,0,1,0,0,1,200,200,5,5,1,41,200
0,200,30,2,2,0,1,0,5,200,0,1,0,0,200,200,200,17,16,1,38,200
0,200,30,2,2,0,1,0,5,200,0,1,0,0,200,200,200,17,16,0,32,200
1,200,30,2,2,0,1,0,5,200,0,1,0,0,200,200,200,17,16,0,200,200
0,200,30,0,0,0,1,10,6,3,0,0,0,0,200,200,200,18,200,0,42,200
0,200,30,0,0,0,1,10,6,3,0,0,0,0,200,200,200,18,200,0,23,200
1,200,30,0,0,0,1,10,6,3,0,0,0,0,200,200,200,18,200,1,200,200
0,200,30,0,0,0,1,10,5,200,0,0,200,1,200,200,1,0,200,0,200,200
0,200,30,0,0,0,1,10,5,200,0,0,200,1,200,200,1,0,200,0,50,200
0,200,35,0,0,2,0,2,5,200,0,1,1,0,200,200,200,29,28,0,30,200
0,200,10,0,0,0,1,7,5,200,0,0,0,0,200,1,200,0,0,0,54,200
1,200,10,0,0,0,1,7,5,200,0,0,0,0,200,1,200,0,0,1,41,200
1,200,10,0,0,0,1,7,5,200,0,0,0,0,200,1,200,0,0,0,7,200
1,200,10,0,0,0,1,7,5,200,0,0,0,0,200,1,200,0,0,1,5,200
1,200,10,0,0,0,1,7,5,200,0,0,0,0,200,1,200,0,0,0,87,200
1,200,10,0,0,0,1,7,5,200,0,0,0,0,200,1,200,0,0,1,83,200
1,200,10,0,0,0,1,7,5,200,0,0,0,0,200,1,200,0,0,0,67,200
0,200,30,0,0,0,0,10,12,3,0,0,0,0,200,200,1,20,0,0,200,200
0,200,30,0,0,0,0,10,12,3,0,0,0,0,200,200,1,20,0,1,29,200
0,200,30,0,0,0,1,14,5,2,0,0,0,1,200,200,200,23,0,1,58,200
0,200,30,0,0,0,1,14,5,2,0,0,0,1,200,200,200,23,0,1,57,200
1,200,30,0,0,0,1,14,5,2,0,0,0,1,200,200,200,23,0,0,57,200
0,200,30,0,3,0,1,14,5,200,0,0,0,0,200,200,200,17,0,1,27,200
0,200,30,0,3,0,1,14,5,200,0,0,0,0,200,200,200,17,0,0,45,200
0,200,30,0,0,0,1,10,200,200,0,0,0,0,200,200,200,200,200,1,29,200
0,200,30,0,0,0,1,10,200,200,0,0,0,0,200,200,200,200,200,0,41,200
1,200,30,0,0,0,1,10,200,200,0,0,0,0,200,200,200,200,200,1,200,200
0,200,20,0,0,0,1,10,6,200,0,3,0,0,200,200,200,200,200,1,24,200
0,200,20,0,0,0,1,10,6,200,0,3,0,0,200,200,200,200,200,0,26,200
0,200,30,0,0,0,1,10,5,3,0,0,200,1,200,200,200,18,200,0,19,200
0,200,30,0,0,0,1,10,5,3,0,0,200,1,200,200,200,18,200,1,32,200
1,200,30,0,0,0,1,10,5,3,0,0,200,1,200,200,200,18,200,1,52,200
0,200,30,0,0,0,1,7,5,200,0,0,0,0,200,200,1,0,0,2,200,200
1,200,30,0,0,0,1,7,5,200,0,0,0,0,200,200,1,0,0,0,61,200
1,200,30,0,0,0,1,7,5,200,0,0,0,0,200,200,1,0,0,1,46,200
1,200,30,0,0,0,1,7,5,200,0,0,0,0,200,200,1,0,0,1,200,200
1,200,30,0,0,0,1,7,5,200,0,0,0,0,200,200,1,0,0,1,200,200
0,200,30,200,0,0,1,14,5,200,0,0,200,0,200,200,200,0,200,0,25,200
0,200,30,200,0,0,1,14,5,200,0,0,200,0,200,200,200,0,200,1,53,200
0,200,30,2,2,0,1,0,3,4,0,0,0,1,1,200,200,17,0,0,40,200
0,200,30,2,2,0,1,0,3,4,0,0,0,1,1,200,200,17,0,0,31,200
1,200,30,2,2,0,1,0,3,4,0,0,0,1,1,200,200,17,0,0,29,200
1,200,30,2,2,0,1,0,3,4,0,0,0,1,1,200,200,17,0,1,30,200
1,200,30,2,2,0,1,0,3,4,0,0,0,1,1,200,200,17,0,1,29,200
1,200,30,2,2,0,1,0,3,4,0,0,0,1,1,200,200,17,0,0,1,200
0,200,30,1,2,1,1,10,5,4,0,200,200,0,200,200,1,0,200,2,200,200
0,200,30,1,2,1,1,10,5,4,0,200,200,0,200,200,1,0,200,0,73,200
0,200,15,0,0,0,1,7,6,1,0,0,0,0,200,200,200,23,200,0,38,200
0,200,30,0,0,0,1,7,5,200,0,200,200,0,200,200,1,0,200,2,200,200
0,200,30,0,0,0,1,7,6,3,0,0,12,0,200,200,200,200,200,1,60,200
0,200,30,1,2,0,1,10,5,4,0,0,0,0,1,200,200,16,7,0,31,200
0,200,30,1,2,0,1,10,5,4,0,0,0,0,1,200,200,16,7,0,51,200
0,200,30,0,0,2,1,10,5,2,0,1,200,0,200,200,200,0,0,0,200,200
0,200,30,0,0,2,1,10,5,2,0,1,200,0,200,200,200,0,0,0,23,200
0,200,25,0,0,200,200,0,5,2,0,200,200,0,200,200,1,17,200,0,200,200
0,200,25,0,0,200,200,0,5,2,0,200,200,0,200,200,1,17,200,1,41,200
0,200,30,1,2,0,1,9,2,2,0,0,0,1,1,200,200,20,20,0,35,200
5,200,30,1,2,0,1,9,2,2,0,0,0,1,1,200,200,20,20,1,60,200
0,200,30,1,2,1,1,14,2,4,0,0,0,1,1,200,200,0,0,1,20,200
0,200,30,1,2,1,1,14,2,4,0,0,0,1,1,200,200,0,0,0,23,200
1,200,30,1,2,1,1,14,2,4,0,0,0,1,1,200,200,0,0,1,200,200
0,200,30,0,0,0,1,7,7,200,0,0,0,0,200,200,200,200,200,0,17,200
1,200,30,0,0,0,1,7,7,200,0,0,0,0,200,200,200,200,200,0,200,200
1,200,30,0,0,0,1,7,7,200,0,0,0,0,200,200,200,200,200,0,200,200
0,200,15,0,0,0,1,14,7,200,0,1,0,0,200,1,200,17,16,1,27,200
0,200,15,0,0,0,1,14,7,200,0,1,0,0,200,1,200,17,16,0,25,200
1,200,15,0,0,0,1,14,7,200,0,1,0,0,200,1,200,17,16,1,200,200
1,200,15,0,0,0,1,14,7,200,0,1,0,0,200,1,200,17,16,0,200,200
1,200,15,0,0,0,1,14,7,200,0,1,0,0,200,1,200,17,16,1,200,200
1,200,15,0,0,0,1,14,7,200,0,1,0,0,200,1,200,17,16,0,200,200
0,200,30,0,0,0,1,10,5,2,0,0,0,0,200,200,200,18,200,0,17,200
0,200,30,0,0,0,1,10,5,2,0,0,0,0,200,200,200,18,200,0,22,200
1,200,30,0,0,0,1,10,5,2,0,0,0,0,200,200,200,18,200,1,200,200
0,200,10,0,0,0,1,10,7,1,0,0,200,0,200,200,1,0,0,0,200,200
0,200,10,0,0,0,1,10,7,1,0,0,200,0,200,200,1,0,0,0,0,200
0,200,25,1,2,1,3,10,5,5,0,0,0,0,1,200,200,8,200,0,51,200
0,200,25,1,2,1,3,10,5,5,0,0,0,0,1,200,200,8,200,1,35,200
1,200,25,1,2,1,3,10,5,5,0,0,0,0,1,200,200,8,200,1,28,200
0,200,30,0,0,1,1,2,6,1,0,200,200,1,200,200,200,14,11,1,36,200