PERSON_TYPE,CRASH_DATE_EST_I,POSTED_SPEED_LIMIT,TRAFFIC_CONTROL_DEVICE,DEVICE_CONDITION,WEATHER_CONDITION,LIGHTING_CONDITION,FIRST_CRASH_TYPE,TRAFFICWAY_TYPE,LANE_CNT,ALIGNMENT,ROADWAY_SURFACE_COND,ROAD_DEFECT,CRASH_TYPE,INTERSECTION_RELATED_I,NOT_RIGHT_OF_WAY_I,HIT_AND_RUN_I,PRIM_CONTRIBUTORY_CAUSE,SEC_CONTRIBUTORY_CAUSE,SEX,AGE,BAC_RESULT VALUE
0,200,30,1,2,0,1,14,5,200,0,0,0,0,1,200,200,17,200,0,52,200
0,200,30,1,2,0,1,14,5,200,0,0,0,0,1,200,200,17,200,0,40,200
0,200,30,0,0,0,1,14,5,4,0,0,0,1,1,200,200,17,17,1,58,200
0,200,30,0,0,0,1,14,5,4,0,0,0,1,1,200,200,17,17,0,40,200
1,200,30,0,0,0,1,14,5,4,0,0,0,1,1,200,200,17,17,1,34,200
0,200,35,0,0,0,1,7,7,200,0,0,200,0,200,200,200,0,200,1,200,200
0,200,30,0,0,0,1,7,0,3,0,0,0,0,200,200,1,0,0,2,200,200
0,200,30,0,0,0,1,7,2,4,0,0,0,1,200,200,200,200,23,0,47,200
0,200,30,1,2,0,4,10,5,200,0,1,0,0,200,200,200,18,8,0,65,200
0,200,30,1,2,0,4,10,5,200,0,1,0,0,200,200,200,18,8,1,39,200
0,200,30,0,0,0,1,12,6,2,0,0,200,0,200,200,200,11,200,1,32,200
0,200,30,0,0,0,1,12,6,2,0,0,200,0,200,200,200,11,200,0,55,200
0,200,30,1,2,0,4,14,5,200,0,0,0,1,200,200,200,11,0,0,62,200
0,200,30,1,2,0,4,14,5,200,0,0,0,1,200,200,200,11,0,0,26,200
0,200,30,0,0,0,1,12,2,2,0,0,0,1,200,200,200,17,200,1,45,200
0,200,30,0,0,0,1,12,2,2,0,0,0,1,200,200,200,17,200,0,43,200
1,200,30,0,0,0,1,12,2,2,0,0,0,1,200,200,200,17,200,0,10,200
1,200,30,0,0,0,1,12,2,2,0,0,0,1,200,200,200,17,200,1,39,200
1,200,30,0,0,0,1,12,2,2,0,0,0,1,200,200,200,17,200,0,5,200
1,200,30,0,0,0,1,12,2,2,0,0,0,1,200,200,200,17,200,0,9,200
0,200,30,0,0,0,2,14,2,2,0,0,0,0,1,200,200,17,0,0,44,200
0,200,30,0,0,0,2,14,2,2,0,0,0,0,1,200,200,17,0,1,21,200
0,200,30,1,2,1,1,14,5,0,0,200,200,0,200,200,1,0,200,2,200,200
0,200,30,1,2,1,1,14,5,0,0,200,200,0,200,200,1,0,200,1,30,200
1,200,30,1,2,1,1,14,5,0,0,200,200,0,200,200,1,0,200,0,30,200
1,200,30,1,2,1,1,14,5,0,0,200,200,0,200,200,1,0,200,0,0,200
0,200,30,0,0,0,4,7,6,1,0,0,0,0,200,200,200,0,200,0,61,200
0,200,30,0,0,0,4,7,7,200,0,0,0,0,200,1,200,20,200,0,200,200
0,200,15,0,0,0,1,7,200,200,0,0,0,0,200,200,200,0,0,0,200,200
0,200,30,1,2,2,4,14,5,4,0,1,0,1,1,200,200,0,0,0,40,200
0,200,30,1,2,2,4,14,5,4,0,1,0,1,1,200,200,0,0,0,39,200
0,200,30,0,0,0,1,12,5,3,0,0,200,0,200,200,200,21,200,0,42,200
0,200,30,0,0,0,1,12,5,3,0,0,200,0,200,200,200,21,200,0,63,200
0,200,30,0,0,1,3,14,2,200,0,0,0,1,1,200,200,22,200,0,23,200
0,200,30,0,0,1,3,14,2,200,0,0,0,1,1,200,200,22,200,0,29,200
1,200,30,0,0,1,3,14,2,200,0,0,0,1,1,200,200,22,200,1,24,200
0,200,30,1,2,1,1,10,5,2,0,0,0,0,200,200,1,6,17,0,200,200
0,200,30,1,2,1,1,10,5,2,0,0,0,0,200,200,1,6,17,0,23,200
0,200,30,1,2,1,1,10,5,2,0,0,0,0,200,200,1,6,17,2,200,200
0,200,35,0,0,0,3,5,5,2,0,0,0,1,200,200,200,11,200,1,16,200
0,200,30,0,0,0,3,14,5,4,0,0,0,0,200,200,200,0,200,0,54,200
0,200,30,0,0,0,3,14,5,4,0,0,0,0,200,200,200,0,200,0,47,200
1,200,30,0,0,0,3,14,5,4,0,0,0,0,200,200,200,0,200,1,51,200
0,200,30,0,0,0,3,2,5,2,0,0,0,1,200,200,200,0,200,0,200,200
0,200,35,200,200,0,4,10,2,200,0,0,0,0,200,200,200,18,0,1,200,200
0,200,35,200,200,0,4,10,2,200,0,0,0,0,200,200,200,18,0,1,65,200
0,200,30,0,0,200,3,2,7,2,0,200,200,0,200,1,200,16,200,1,42,200
1,200,30,0,0,200,3,2,7,2,0,200,200,0,200,1,200,16,200,0,33,200
1,200,30,0,0,200,3,2,7,2,0,200,200,0,200,1,200,16,200,1,5,200
1,200,30,0,0,200,3,2,7,2,0,200,200,0,200,1,200,16,200,0,1,200
1,200,30,0,0,200,3,2,7,2,0,200,200,0,200,1,200,16,200,200,200,200
0,200,30,2,2,0,3,14,5,2,0,0,0,0,1,200,200,23,22,0,40,200
0,200,30,2,2,0,3,14,5,2,0,0,0,0,1,200,200,23,22,0,20,200
0,200,30,0,0,2,3,0,5,2,0,1,0,0,200,200,200,17,0,0,31,200
0,200,30,0,0,2,3,0,5,2,0,1,0,0,200,200,200,17,0,0,32,200
0,200,35,1,2,0,1,10,5,200,0,0,0,0,1,200,1,20,200,0,200,200
0,200,35,1,2,0,1,10,5,200,0,0,0,0,1,200,1,20,200,1,34,200
0,200,30,0,0,0,3,7,5,2,0,0,0,0,200,200,1,0,0,2,200,200
0,200,30,0,0,2,3,10,5,2,0,1,0,0,200,200,200,18,12,0,34,200
0,200,30,0,0,2,3,10,5,2,0,1,0,0,200,200,200,18,12,0,57,200
1,200,30,0,0,2,3,10,5,2,0,1,0,0,200,200,200,18,12,1,54,200
0,200,30,1,2,0,1,12,2,2,0,0,0,0,1,200,200,21,0,1,37,200
0,200,30,1,2,0,1,12,2,2,0,0,0,0,1,200,200,21,0,2,200,200
0,200,30,0,0,2,3,10,5,2,0,1,0,1,200,200,1,18,200,0,200,200
0,200,30,0,0,2,3,10,5,2,0,1,0,1,200,200,1,18,200,1,31,200
0,200,30,2,2,2,3,12,5,200,0,1,0,0,1,200,200,22,11,0,32,200
0,200,30,2,2,2,3,12,5,200,0,1,0,0,1,200,200,22,11,0,31,200
1,200,30,2,2,2,3,12,5,200,0,1,0,0,1,200,200,22,11,0,16,200
0,200,25,1,2,2,3,14,8,3,0,1,0,0,1,200,200,23,200,1,38,200
0,200,25,1,2,2,3,14,8,3,0,1,0,0,1,200,200,23,200,0,28,200
0,200,30,1,2,0,3,10,5,2,0,0,0,0,1,200,200,18,200,0,28,200
0,200,30,1,2,0,3,10,5,2,0,0,0,0,1,200,200,18,200,0,22,200
1,200,30,1,2,0,3,10,5,2,0,0,0,0,1,200,200,18,200,0,200,200
1,200,30,1,2,0,3,10,5,2,0,0,0,0,1,200,200,18,200,1,200,200
0,200,35,1,3,0,3,10,2,6,0,1,0,1,200,200,200,16,0,0,63,200
0,200,35,1,3,0,3,10,2,6,0,1,0,1,200,200,200,16,0,0,25,200
0,200,35,1,3,0,3,10,2,6,0,1,0,1,200,200,200,16,0,0,57,200
1,200,35,1,3,0,3,10,2,6,0,1,0,1,200,200,200,16,0,1,59,200
1,200,35,1,3,0,3,10,2,6,0,1,0,1,200,200,200,16,0,1,14,200
0,200,30,0,0,2,3,12,5,4,0,1,0,0,200,200,200,21,200,0,45,200
0,200,30,0,0,2,3,12,5,4,0,1,0,0,200,200,200,21,200,0,44,200
0,200,30,1,2,2,3,14,5,200,0,1,0,1,1,200,1,17,200,0,200,200
0,200,30,1,2,2,3,14,5,200,0,1,0,1,1,200,1,17,200,1,20,200
0,200,25,1,2,0,3,9,5,2,0,0,0,1,200,200,200,6,3,0,46,200
5,200,25,1,2,0,3,9,5,2,0,0,0,1,200,200,200,6,3,0,35,200
0,200,30,200,200,0,3,0,5,2,0,0,0,1,200,200,1,33,0,0,21,200
0,200,30,200,200,0,3,0,5,2,0,0,0,1,200,200,1,33,0,1,48,200
0,200,30,12,200,0,3,11,3,200,0,0,200,1,0,200,200,10,200,0,18,200
0,200,30,12,200,0,3,11,3,200,0,0,200,1,0,200,200,10,200,0,38,200
1,200,30,12,200,0,3,11,3,200,0,0,200,1,0,200,200,10,200,200,200,200
0,200,35,0,0,2,3,7,5,200,0,1,0,1,200,200,1,11,34,1,200,200
0,200,30,2,2,0,3,0,5,2,0,0,0,1,1,200,200,5,0,0,38,200
0,200,30,2,2,0,3,0,5,2,0,0,0,1,1,200,200,5,0,0,20,200
0,200,30,0,0,0,1,7,6,2,0,0,0,0,200,200,1,22,21,2,200,200
0,200,30,0,0,1,0,12,2,3,3,1,200,0,200,200,200,21,200,0,27,200
0,200,30,0,0,1,0,12,2,3,3,1,200,0,200,200,200,21,200,0,34,200
0,200,25,4,2,0,3,14,8,200,0,1,0,0,200,200,200,32,0,1,28,200
0,200,25,4,2,0,3,14,8,200,0,1,0,0,200,200,200,32,0,1,50,200
0,200,30,1,2,0,3,10,5,4,0,0,0,0,200,200,1,16,17,1,200,200
0,200,30,1,2,0,3,10,5,4,0,0,0,0,200,200,1,16,17,1,42,200
0,200,30,1,2,12,3,3,1,200,0,1,0,1,1,200,200,25,16,0,200,200
0,200,30,1,2,12,3,3,1,200,0,1,0,1,1,200,200,25,16,0,47,200
0,200,30,1,2,2,3,14,5,4,0,1,0,1,1,200,200,17,0,0,59,200
0,200,30,1,2,2,3,14,5,4,0,1,0,1,1,200,200,17,0,1,26,200
0,200,30,200,2,0,0,0,7,0,0,0,0,0,200,200,200,20,0,0,30,200
0,200,30,200,2,0,0,0,7,0,0,0,0,0,200,200,200,20,0,0,200,200
0,200,30,0,0,2,3,7,6,200,0,1,0,1,200,200,1,200,200,2,200,200
0,1,35,1,2,2,3,14,5,4,0,1,0,1,200,200,1,11,34,1,200,200
0,1,35,1,2,2,3,14,5,4,0,1,0,1,200,200,1,11,34,0,29,200
0,1,30,0,0,12,200,7,7,200,5,200,0,1,200,1,1,0,0,2,200,200
0,200,35,2,2,0,3,0,12,4,0,1,0,1,1,200,200,5,200,0,23,200
0,200,35,2,2,0,3,0,12,4,0,1,0,1,1,200,200,5,200,0,39,200
0,200,30,0,0,2,3,7,6,200,0,1,0,1,200,200,200,0,200,0,37,200
0,200,30,1,2,0,0,14,5,200,0,1,0,0,1,200,200,0,17,0,25,200
0,200,30,1,2,0,0,14,5,200,0,1,0,0,1,200,200,0,17,1,28,200
0,200,50,12,12,2,3,14,5,200,0,1,200,0,200,200,200,18,11,1,29,200
0,200,50,12,12,2,3,14,5,200,0,1,200,0,200,200,200,18,11,1,18,200
0,200,30,0,0,0,1,10,5,200,0,0,0,1,200,200,200,18,200,0,28,200
0,200,30,0,0,0,1,10,5,200,0,0,0,1,200,200,200,18,200,0,63,200
0,200,30,1,2,0,3,10,5,2,0,0,0,0,200,200,1,18,18,1,200,200
0,200,30,1,2,0,3,10,5,2,0,0,0,0,200,200,1,18,18,1,39,200
0,200,30,0,0,2,3,0,5,2,0,1,0,0,1,200,200,17,200,0,46,200
0,200,30,0,0,2,3,0,5,2,0,1,0,0,1,200,200,17,200,0,19,200
0,200,30,1,2,2,3,10,6,2,0,1,0,0,200,200,200,18,200,0,53,200
0,200,30,1,2,2,3,10,6,2,0,1,0,0,200,200,200,18,200,0,200,200
0,200,30,0,0,2,0,10,7,1,0,1,0,0,200,200,1,0,0,1,200,200
0,200,30,0,0,2,0,10,7,1,0,1,0,0,200,200,1,0,0,0,37,200
0,200,30,1,2,200,200,10,2,4,0,200,200,0,200,200,1,200,200,2,200,200
0,200,30,1,2,200,200,10,2,4,0,200,200,0,200,200,1,200,200,0,38,200
0,200,30,0,0,2,3,2,5,4,0,0,12,0,200,200,200,200,200,1,55,200
0,200,30,1,2,2,3,10,5,200,0,1,0,1,200,200,200,18,200,0,41,200
0,200,30,1,2,2,3,10,5,200,0,1,0,1,200,200,200,18,200,0,23,200
0,200,30,1,200,0,3,10,2,4,0,200,0,0,200,200,200,18,16,0,36,200
0,200,30,1,200,0,3,10,2,4,0,200,0,0,200,200,200,18,16,0,57,200
0,200,35,0,0,2,3,7,12,2,0,1,200,0,200,200,200,16,0,1,46,200
1,200,35,0,0,2,3,7,12,2,0,1,200,0,200,200,200,16,0,200,200,200
0,200,35,0,0,200,1,10,5,200,0,200,200,1,200,200,1,11,18,1,200,200
0,200,35,0,0,200,1,10,5,200,0,200,200,1,200,200,1,11,18,1,29,200
0,200,30,1,2,2,3,14,3,2,0,1,0,1,1,200,200,34,11,1,36,200
0,200,30,1,2,2,3,14,3,2,0,1,0,1,1,200,200,34,11,0,23,200
0,200,30,2,2,2,3,0,5,200,0,1,0,1,1,200,200,17,200,0,52,200
0,200,30,2,2,2,3,0,5,200,0,1,0,1,1,200,200,17,200,0,63,200
0,200,30,1,2,0,3,7,5,200,0,0,0,1,200,200,200,14,16,2,200,200
0,200,30,1,2,2,3,9,5,1,0,1,0,1,1,200,200,200,200,0,25,200
5,200,30,1,2,2,3,9,5,1,0,1,0,1,1,200,200,200,200,0,29,200
0,200,30,200,200,0,3,14,5,2,0,0,0,0,1,200,200,23,17,0,31,200
0,200,30,200,200,0,3,14,5,2,0,0,0,0,1,200,200,23,17,0,31,200
0,200,15,0,0,2,3,2,6,200,0,1,200,0,200,1,1,0,200,0,200,200
0,200,30,0,0,2,1,12,5,200,0,1,0,0,200,200,200,0,0,1,19,200
0,200,30,0,0,2,1,12,5,200,0,1,0,0,200,200,200,0,0,1,46,200
0,200,30,0,0,2,3,7,5,200,0,1,0,0,200,200,200,20,200,0,49,200
0,200,30,0,0,0,0,5,5,2,0,0,1,0,200,200,200,0,0,0,27,200
0,200,30,0,0,0,3,10,2,200,0,0,0,0,200,200,200,20,20,0,34,200
0,200,30,0,0,0,3,10,2,200,0,0,0,0,200,200,200,20,20,0,30,200
0,1,30,0,0,1,0,2,5,2,0,1,0,1,200,200,0,0,0,2,200,200
0,200,30,0,0,200,3,8,2,4,0,1,0,1,200,200,1,0,0,2,200,200
4,200,30,0,0,200,3,8,2,4,0,1,0,1,200,200,1,0,0,0,56,200
0,200,30,1,2,2,3,10,2,2,0,1,0,1,200,200,1,32,32,1,28,200
0,200,30,1,2,2,3,10,2,2,0,1,0,1,200,200,1,32,32,1,33,200
1,200,30,1,2,2,3,10,2,2,0,1,0,1,200,200,1,32,32,1,200,200
1,200,30,1,2,2,3,10,2,2,0,1,0,1,200,200,1,32,32,2,200,200
1,200,30,1,2,2,3,10,2,2,0,1,0,1,200,200,1,32,32,2,200,200
1,200,30,1,2,2,3,10,2,2,0,1,0,1,200,200,1,32,32,2,200,200
0,200,10,0,0,12,200,2,7,200,0,0,0,0,200,200,200,20,0,0,36,200
1,200,10,0,0,12,200,2,7,200,0,0,0,0,200,200,200,20,0,1,46,200
1,200,10,0,0,12,200,2,7,200,0,0,0,0,200,200,200,20,0,0,27,200
0,1,30,1,2,2,3,2,2,4,0,1,0,1,200,200,1,0,0,2,200,200
1,1,30,1,2,2,3,2,2,4,0,1,0,1,200,200,1,0,0,200,200,200
1,1,30,1,2,2,3,2,2,4,0,1,0,1,200,200,1,0,0,200,200,200
1,1,30,1,2,2,3,2,2,4,0,1,0,1,200,200,1,0,0,200,200,200
0,200,30,1,2,2,3,3,5,4,0,1,0,1,1,200,200,27,16,0,0,200
0,200,30,1,2,2,3,3,5,4,0,1,0,1,1,200,200,27,16,0,49,200
0,200,30,1,2,2,3,3,5,4,0,1,0,1,1,200,200,27,16,0,49,200
1,200,30,1,2,2,3,3,5,4,0,1,0,1,1,200,200,27,16,0,22,200
1,200,30,1,2,2,3,3,5,4,0,1,0,1,1,200,200,27,16,1,45,200
0,200,20,200,200,2,3,7,6,1,0,1,0,0,200,200,1,0,200,2,200,200
0,200,30,1,2,2,3,14,2,2,0,1,200,0,1,200,1,17,200,0,200,200
0,200,30,1,2,2,3,14,2,2,0,1,200,0,1,200,1,17,200,0,37,200
1,200,30,1,2,2,3,14,2,2,0,1,200,0,1,200,1,17,200,200,200,200
1,200,30,1,2,2,3,14,2,2,0,1,200,0,1,200,1,17,200,200,200,200
0,200,30,2,2,2,3,0,5,1,0,1,200,1,1,200,1,200,200,2,200,200
0,200,30,2,2,2,3,0,5,1,0,1,200,1,1,200,1,200,200,0,31,200
0,1,30,0,0,2,3,2,3,2,0,1,200,1,200,0,0,0,0,2,200,200
0,200,35,1,200,2,3,10,6,2,0,1,200,0,200,200,200,15,16,1,37,200
0,200,35,1,200,2,3,10,6,2,0,1,200,0,200,200,200,15,16,1,39,200
0,200,30,1,2,2,3,10,3,4,0,1,0,0,200,200,200,18,0,0,30,200
0,200,30,1,2,2,3,10,3,4,0,1,0,0,200,200,200,18,0,1,67,200
0,1,30,2,2,12,3,2,6,2,0,1,3,1,1,200,200,32,27,0,38,0.16
0,200,15,0,0,2,0,7,6,200,0,1,0,0,200,200,200,34,200,0,25,200
1,200,15,0,0,2,0,7,6,200,0,1,0,0,200,200,200,34,200,0,16,200
1,200,15,0,0,2,0,7,6,200,0,1,0,0,200,200,200,34,200,0,200,200
0,200,25,0,200,2,3,14,2,2,0,1,0,0,200,200,200,23,25,0,45,200
0,200,25,0,200,2,3,14,2,2,0,1,0,0,200,200,200,23,25,1,39,200
1,200,25,0,200,2,3,14,2,2,0,1,0,0,200,200,200,23,25,1,200,200
0,200,30,1,200,2,3,14,2,6,0,1,200,1,1,200,200,23,21,1,26,200
0,200,30,1,200,2,3,14,2,6,0,1,200,1,1,200,200,23,21,0,52,200
1,200,30,1,200,2,3,14,2,6,0,1,200,1,1,200,200,23,21,0,24,200
1,200,30,1,200,2,3,14,2,6,0,1,200,1,1,200,200,23,21,1,200,200
1,200,30,1,200,2,3,14,2,6,0,1,200,1,1,200,200,23,21,0,24,200
1,200,30,1,200,2,3,14,2,6,0,1,200,1,1,200,200,23,21,1,200,200
0,200,30,0,0,2,3,7,5,200,0,1,0,1,200,200,200,25,32,1,24,0.17
0,200,30,0,0,2,3,7,2,200,0,1,0,1,200,200,1,14,0,0,200,200
0,200,30,0,0,2,3,10,5,2,0,1,0,0,200,200,1,0,0,1,200,200
0,200,30,0,0,2,3,10,5,2,0,1,0,0,200,200,1,0,0,0,32,200
0,200,30,0,0,2,3,10,5,2,0,1,0,0,200,200,1,0,0,1,19,200
0,200,30,1,2,0,3,12,5,2,0,0,0,0,200,200,200,17,0,0,68,200
0,200,30,1,2,0,3,12,5,2,0,0,0,0,200,200,200,17,0,0,44,200
0,200,30,0,0,2,3,14,5,200,0,1,0,1,1,200,200,23,21,1,33,200
0,200,30,0,0,2,3,14,5,200,0,1,0,1,1,200,200,23,21,0,20,200
0,200,30,2,12,2,3,10,5,4,0,1,0,0,0,200,1,18,0,0,200,200
0,200,30,2,12,2,3,10,5,4,0,1,0,0,0,200,1,18,0,0,57,200
1,200,30,2,12,2,3,10,5,4,0,1,0,0,0,200,1,18,0,0,200,200
0,200,30,1,2,0,3,10,5,4,0,1,0,0,200,200,1,18,200,1,200,200
0,200,30,1,2,0,3,10,5,4,0,1,0,0,200,200,1,18,200,0,43,200
1,200,30,1,2,0,3,10,5,4,0,1,0,0,200,200,1,18,200,0,200,200
0,200,30,1,200,200,3,10,5,2,0,1,200,0,1,200,1,0,200,2,200,200
0,200,30,1,200,200,3,10,5,2,0,1,200,0,1,200,1,0,200,1,31,200
1,200,30,1,200,200,3,10,5,2,0,1,200,0,1,200,1,0,200,0,200,200
0,200,35,0,0,0,3,7,5,200,0,1,0,1,200,200,200,14,14,1,33,200
1,200,35,0,0,0,3,7,5,200,0,1,0,1,200,200,200,14,14,0,31,200
0,200,30,1,2,200,200,10,2,200,0,200,200,1,200,200,200,200,200,0,200,200
0,200,30,1,2,200,200,10,2,200,0,200,200,1,200,200,200,200,200,0,62,200
0,200,30,0,0,0,3,10,5,4,0,0,0,0,200,200,1,18,0,1,200,200
0,200,30,0,0,0,3,10,5,4,0,0,0,0,200,200,1,18,0,0,47,200
0,200,30,1,2,2,3,4,5,200,0,1,12,1,200,200,200,11,0,0,22,200
0,200,30,0,0,2,0,11,5,2,0,1,200,0,200,200,200,200,200,2,200,200
0,200,30,0,0,2,0,11,5,2,0,1,200,0,200,200,200,200,200,1,32,200
0,200,30,0,0,2,0,11,5,2,0,1,200,0,200,200,200,200,200,2,200,200
0,1,30,0,0,2,3,2,5,4,5,1,0,1,200,200,200,15,34,0,28,200
0,200,30,0,0,1,3,7,6,1,0,1,0,1,200,200,1,20,11,2,200,200
0,200,30,1,2,0,3,0,2,200,0,1,0,1,1,200,200,16,200,0,30,200
0,200,30,1,2,0,3,0,2,200,0,1,0,1,1,200,200,16,200,0,21,200
0,200,30,2,0,2,3,14,5,200,0,1,0,1,1,200,1,200,200,1,200,200
0,200,30,2,0,2,3,14,5,200,0,1,0,1,1,200,1,200,200,0,20,200
0,200,30,1,2,0,3,12,5,200,0,1,0,0,200,200,200,22,200,0,39,200
0,200,30,1,2,0,3,12,5,200,0,1,0,0,200,200,200,22,200,0,43,200
0,200,15,0,0,2,3,2,0,200,0,1,200,0,200,200,200,33,200,0,40,200
1,200,15,0,0,2,3,2,0,200,0,1,200,0,200,200,200,33,200,200,200,200
0,200,30,0,0,2,3,7,6,1,0,1,0,0,200,200,1,10,25,2,200,200
0,200,30,0,0,2,3,7,6,1,0,1,0,1,200,200,1,0,200,2,200,200
0,200,35,2,0,2,0,0,5,200,0,1,0,1,200,200,200,34,12,1,23,200
0,200,35,2,0,2,0,0,5,200,0,1,0,1,200,200,200,34,12,0,47,200
1,200,35,2,0,2,0,0,5,200,0,1,0,1,200,200,200,34,12,1,27,200
0,200,30,0,0,0,3,7,3,4,0,1,0,1,200,200,200,32,10,0,27,200
0,200,30,0,0,0,3,2,3,5,0,0,0,1,200,0,200,0,0,0,33,200
1,200,30,0,0,0,3,2,3,5,0,0,0,1,200,0,200,0,0,0,44,200
0,200,30,0,0,0,3,2,0,1,0,1,0,1,200,200,0,16,200,0,200,200
1,200,30,0,0,0,3,2,0,1,0,1,0,1,200,200,0,16,200,0,200,200
0,200,30,0,0,2,3,10,5,4,0,1,0,0,200,200,200,18,34,0,25,200
0,200,30,0,0,2,3,10,5,4,0,1,0,0,200,200,200,18,34,1,34,200
0,200,30,2,2,0,4,0,5,200,0,0,0,0,200,200,1,5,200,0,200,200
0,200,30,2,2,0,4,0,5,200,0,0,0,0,200,200,1,5,200,1,37,200
1,200,30,2,2,0,4,0,5,200,0,0,0,0,200,200,1,5,200,1,200,200
0,200,20,0,0,0,2,12,6,1,0,0,200,0,200,200,1,17,200,0,200,200
0,200,20,0,0,0,2,12,6,1,0,0,200,0,200,200,1,17,200,1,23,200
1,200,20,0,0,0,2,12,6,1,0,0,200,0,200,200,1,17,200,0,28,200
1,200,20,0,0,0,2,12,6,1,0,0,200,0,200,200,1,17,200,1,17,200
0,200,30,1,2,0,1,10,2,200,0,1,0,0,200,200,200,11,200,1,23,200
0,200,30,1,2,0,1,10,2,200,0,1,0,0,200,200,200,11,200,1,38,200
0,200,30,0,0,2,0,7,6,3,0,1,0,0,200,200,1,0,200,1,200,200
1,200,30,0,0,2,0,7,6,3,0,1,0,0,200,200,1,0,200,1,28,200
0,0,20,0,2,2,3,0,6,1,0,1,0,0,1,200,200,23,34,0,56,200
0,0,20,0,2,2,3,0,6,1,0,1,0,0,1,200,200,23,34,0,19,200
0,200,30,0,0,1,1,7,2,2,0,0,0,0,200,0,1,19,16,0,200,200
0,200,30,0,0,2,1,7,5,200,0,1,0,1,200,200,200,21,200,0,24,200
0,200,40,0,0,2,2,2,3,3,0,1,0,1,200,200,200,34,0,1,36,200
0,200,30,0,200,2,3,6,3,200,0,1,0,1,200,200,200,27,200,1,24,200
0,200,30,0,0,2,2,2,5,2,0,1,0,0,200,200,200,34,0,0,35,200
0,200,30,0,0,2,1,7,7,200,2,1,0,1,200,200,200,0,200,1,30,200
0,200,30,0,0,2,0,5,6,3,3,1,0,1,200,200,200,34,200,0,200,200
0,200,30,0,0,0,1,7,7,200,0,0,0,0,200,1,200,0,0,0,200,200
0,200,30,0,0,2,1,3,5,200,0,1,0,1,200,200,200,27,21,0,45,0.32
0,200,30,0,0,2,1,3,5,200,0,1,0,1,200,200,200,27,21,0,27,200
1,200,30,0,0,2,1,3,5,200,0,1,0,1,200,200,200,27,21,1,28,200
0,200,30,0,0,2,0,10,5,2,0,1,0,0,0,200,1,18,16,2,200,200
0,200,30,0,0,2,0,10,5,2,0,1,0,0,0,200,1,18,16,0,42,200
0,200,30,0,0,2,0,10,5,2,0,1,0,0,0,200,1,18,16,0,200,200
0,200,30,1,2,2,1,10,5,200,0,1,0,0,200,200,200,18,17,0,33,200
0,200,30,1,2,2,1,10,5,200,0,1,0,0,200,200,200,18,17,0,34,200
1,200,30,1,2,2,1,10,5,200,0,1,0,0,200,200,200,18,17,1,200,200
0,200,30,0,0,200,1,12,5,200,0,200,200,0,200,200,200,21,22,1,53,200
0,200,30,0,0,200,1,12,5,200,0,200,200,0,200,200,200,21,22,0,48,200
0,200,30,1,2,2,1,10,2,4,0,1,0,0,200,200,200,18,18,0,30,200
0,200,30,1,2,2,1,10,2,4,0,1,0,0,200,200,200,18,18,1,36,200
0,200,30,1,2,0,1,10,5,2,0,0,0,0,200,200,200,0,0,1,58,200
0,200,30,1,2,0,1,10,5,2,0,0,0,0,200,200,200,0,0,1,45,200
0,200,30,0,0,2,1,9,5,2,2,1,200,1,200,200,200,34,0,0,73,200
5,200,30,0,0,2,1,9,5,2,2,1,200,1,200,200,200,34,0,0,50,200
0,200,35,1,2,2,1,14,3,3,0,1,0,1,1,200,200,0,0,1,53,200
0,200,35,1,2,2,1,14,3,3,0,1,0,1,1,200,200,0,0,0,43,200
1,200,35,1,2,2,1,14,3,3,0,1,0,1,1,200,200,0,0,200,200,200
1,200,35,1,2,2,1,14,3,3,0,1,0,1,1,200,200,0,0,200,200,200
0,200,30,1,2,2,1,14,5,200,0,1,0,0,1,200,1,23,200,0,200,200
0,200,30,1,2,2,1,14,5,200,0,1,0,0,1,200,1,23,200,1,57,200
0,200,30,2,2,2,3,0,5,0,0,1,0,0,1,200,200,5,17,0,23,200
0,200,30,2,2,2,3,0,5,0,0,1,0,0,1,200,200,5,17,1,53,200
0,200,30,2,2,2,1,10,2,2,0,1,0,0,200,200,200,0,0,0,31,200
0,200,30,2,2,2,1,10,2,2,0,1,0,0,200,200,200,0,0,0,24,200
0,200,35,0,0,2,0,10,5,200,0,0,0,0,200,200,1,0,0,0,200,200
0,200,35,0,0,2,0,10,5,200,0,0,0,0,200,200,1,0,0,0,20,200
0,200,25,1,2,2,1,10,5,2,0,1,0,0,200,200,200,200,200,0,44,200
0,200,25,1,2,2,1,10,5,2,0,1,0,0,200,200,200,200,200,0,34,200
0,200,30,2,2,2,1,14,5,200,0,1,0,0,200,200,200,17,5,1,39,200
0,200,30,2,2,2,1,14,5,200,0,1,0,0,200,200,200,17,5,0,28,200
1,200,30,2,2,2,1,14,5,200,0,1,0,0,200,200,200,17,5,200,200,200
1,200,30,2,2,2,1,14,5,200,0,1,0,0,200,200,200,17,5,200,200,200
0,200,35,0,0,0,1,12,5,2,0,0,0,0,200,200,200,0,0,0,200,200
0,200,35,0,0,0,1,12,5,2,0,0,0,0,200,200,200,0,0,1,31,200