PERSON_TYPE,CRASH_DATE_EST_I,POSTED_SPEED_LIMIT,TRAFFIC_CONTROL_DEVICE,DEVICE_CONDITION,WEATHER_CONDITION,LIGHTING_CONDITION,FIRST_CRASH_TYPE,TRAFFICWAY_TYPE,LANE_CNT,ALIGNMENT,ROADWAY_SURFACE_COND,ROAD_DEFECT,CRASH_TYPE,INTERSECTION_RELATED_I,NOT_RIGHT_OF_WAY_I,HIT_AND_RUN_I,PRIM_CONTRIBUTORY_CAUSE,SEC_CONTRIBUTORY_CAUSE,SEX,AGE,BAC_RESULT VALUE
5,200,30,0,0,2,1,4,2,2,0,1,0,0,200,200,200,13,34,0,200,200
0,200,30,0,0,2,1,4,2,2,0,1,0,0,200,200,200,13,34,1,83,200
0,200,30,0,0,2,2,10,2,200,0,1,0,0,200,200,200,0,34,2,56,200
0,200,30,0,0,2,2,10,2,200,0,1,0,0,200,200,200,0,34,0,47,200
0,200,35,1,2,2,1,0,6,200,0,1,0,0,1,200,200,0,5,1,54,200
0,200,35,1,2,2,1,0,6,200,0,1,0,0,1,200,200,0,5,1,200,200
0,200,30,0,0,2,1,14,5,200,0,1,0,1,200,200,200,17,16,0,24,200
0,200,30,0,0,2,1,14,5,200,0,1,0,1,200,200,200,17,16,0,44,200
1,200,30,0,0,2,1,14,5,200,0,1,0,1,200,200,200,17,16,0,25,200
0,200,15,0,0,2,1,7,5,4,0,1,0,0,200,200,200,34,0,1,35,200
1,200,15,0,0,2,1,7,5,4,0,1,0,0,200,200,200,34,0,0,200,200
0,200,30,0,0,2,1,7,5,2,0,1,0,0,200,200,1,20,0,0,200,200
0,200,30,0,0,2,1,7,6,200,0,1,0,0,200,200,200,200,200,0,56,200
0,200,30,0,0,2,1,14,2,2,0,1,0,0,200,200,200,23,0,1,68,200
0,200,30,0,0,2,1,14,2,2,0,1,0,0,200,200,200,23,0,1,50,200
0,200,30,0,0,0,1,7,5,200,0,200,0,0,200,200,1,0,200,2,200,200
0,200,30,1,2,2,1,10,2,4,0,1,0,0,1,200,200,18,16,1,37,200
0,200,30,1,2,2,1,10,2,4,0,1,0,0,1,200,200,18,16,1,50,200
1,200,30,1,2,2,1,10,2,4,0,1,0,0,1,200,200,18,16,1,12,200
1,200,30,1,2,2,1,10,2,4,0,1,0,0,1,200,200,18,16,0,61,200
1,200,30,1,2,2,1,10,2,4,0,1,0,0,1,200,200,18,16,0,54,200
1,200,30,1,2,2,1,10,2,4,0,1,0,0,1,200,200,18,16,1,50,200
0,200,30,0,0,0,1,12,3,200,0,0,0,0,200,200,200,17,17,0,200,200
0,200,30,0,0,0,1,12,3,200,0,0,0,0,200,200,200,17,17,0,54,200
1,200,30,0,0,0,1,12,3,200,0,0,0,0,200,200,200,17,17,1,41,200
1,200,30,0,0,0,1,12,3,200,0,0,0,0,200,200,200,17,17,0,200,200
0,200,35,0,0,2,1,10,5,200,0,1,0,0,200,200,1,0,0,2,200,200
0,200,35,0,0,2,1,10,5,200,0,1,0,0,200,200,1,0,0,0,78,200
1,200,35,0,0,2,1,10,5,200,0,1,0,0,200,200,1,0,0,1,74,200
0,200,30,2,2,0,1,0,5,2,0,1,0,1,1,200,200,17,200,1,68,200
0,200,30,2,2,0,1,0,5,2,0,1,0,1,1,200,200,17,200,1,200,200
1,200,30,2,2,0,1,0,5,2,0,1,0,1,1,200,200,17,200,0,200,200
0,200,30,2,2,2,1,10,6,2,0,1,0,0,1,200,200,5,18,1,29,200
0,200,30,2,2,2,1,10,6,2,0,1,0,0,1,200,200,5,18,0,45,200
0,200,45,0,0,2,1,10,3,8,0,1,0,1,200,200,200,18,15,0,59,200
0,200,45,0,0,2,1,10,3,8,0,1,0,1,200,200,200,18,15,1,50,200
0,200,30,0,0,1,1,7,5,6,0,0,0,0,200,200,1,0,200,0,200,200
1,200,30,0,0,1,1,7,5,6,0,0,0,0,200,200,1,0,200,1,56,200
0,200,30,0,0,0,1,7,7,1,0,0,0,0,200,200,200,20,20,0,31,200
1,200,30,0,0,0,1,7,7,1,0,0,0,0,200,200,200,20,20,1,31,200
1,200,30,0,0,0,1,7,7,1,0,0,0,0,200,200,200,20,20,1,8,200
1,200,30,0,0,0,1,7,7,1,0,0,0,0,200,200,200,20,20,1,9,200
0,200,0,0,0,1,1,4,6,200,0,1,1,1,200,200,200,29,200,0,200,200
0,200,30,0,0,2,200,7,2,200,0,1,0,0,200,200,200,18,0,2,200,200
0,1,25,0,0,0,1,7,5,2,0,0,0,0,200,200,1,0,0,2,200,200
0,200,25,0,0,1,1,12,5,200,0,0,0,0,200,200,200,11,200,0,52,200
0,200,25,0,0,1,1,12,5,200,0,0,0,0,200,200,200,11,200,0,37,200
0,200,30,2,2,2,1,0,5,4,0,1,0,1,1,200,200,5,200,0,6,200
0,200,30,2,2,2,1,0,5,4,0,1,0,1,1,200,200,5,200,1,27,200
1,200,30,2,2,2,1,0,5,4,0,1,0,1,1,200,200,5,200,0,200,200
1,200,30,2,2,2,1,0,5,4,0,1,0,1,1,200,200,5,200,0,6,200
0,200,30,1,2,0,3,10,2,4,0,1,0,0,1,200,200,0,0,0,28,200
0,200,30,1,2,0,3,10,2,4,0,1,0,0,1,200,200,0,0,0,22,200
1,200,30,1,2,0,3,10,2,4,0,1,0,0,1,200,200,0,0,0,67,200
1,200,30,1,2,0,3,10,2,4,0,1,0,0,1,200,200,0,0,1,63,200
0,200,30,0,0,2,1,7,6,200,0,1,0,0,200,200,1,200,200,2,200,200
0,200,30,1,2,0,1,10,5,2,0,1,0,0,1,200,200,0,0,1,200,200
0,200,30,1,2,0,1,10,5,2,0,1,0,0,1,200,200,0,0,1,38,200
1,200,30,1,2,0,1,10,5,2,0,1,0,0,1,200,200,0,0,0,200,200
1,200,30,1,2,0,1,10,5,2,0,1,0,0,1,200,200,0,0,0,200,200
1,200,30,1,2,0,1,10,5,2,0,1,0,0,1,200,200,0,0,1,200,200
1,200,30,1,2,0,1,10,5,2,0,1,0,0,1,200,200,0,0,1,200,200
0,200,30,1,2,2,1,14,1,4,0,1,200,0,1,200,200,18,0,1,48,200
0,200,30,1,2,2,1,14,1,4,0,1,200,0,1,200,200,18,0,1,20,200
0,200,30,0,0,2,1,12,3,200,0,1,0,0,200,200,200,15,0,1,48,200
0,200,30,0,0,2,1,12,3,200,0,1,0,0,200,200,200,15,0,1,26,200
0,200,35,1,2,2,1,14,2,6,0,1,0,1,1,200,200,34,0,0,21,200
0,200,35,1,2,2,1,14,2,6,0,1,0,1,1,200,200,34,0,0,43,200
1,200,35,1,2,2,1,14,2,6,0,1,0,1,1,200,200,34,0,0,50,200
1,200,35,1,2,2,1,14,2,6,0,1,0,1,1,200,200,34,0,1,18,200
1,200,35,1,2,2,1,14,2,6,0,1,0,1,1,200,200,34,0,1,16,200
0,200,35,1,2,2,1,14,1,6,0,1,0,0,200,200,200,17,16,0,75,200
0,200,35,1,2,2,1,14,1,6,0,1,0,0,200,200,200,17,16,0,58,200
0,200,40,3,2,2,1,10,2,10,0,1,0,0,1,200,200,16,15,0,25,200
0,200,40,3,2,2,1,10,2,10,0,1,0,0,1,200,200,16,15,1,36,200
1,200,40,3,2,2,1,10,2,10,0,1,0,0,1,200,200,16,15,0,32,200
0,200,30,200,200,2,1,2,3,200,0,1,0,0,200,200,200,0,200,1,18,200
0,200,30,1,2,0,1,14,5,4,0,0,0,0,200,200,1,17,18,2,200,200
0,200,30,1,2,0,1,14,5,4,0,0,0,0,200,200,1,17,18,1,44,200
0,200,30,1,2,0,1,14,5,4,0,0,0,0,200,200,1,17,18,0,200,200
1,200,30,1,2,0,1,14,5,4,0,0,0,0,200,200,1,17,18,0,200,200
0,200,30,2,2,0,1,14,5,200,0,0,0,0,200,200,200,5,200,1,51,200
0,200,30,2,2,0,1,14,5,200,0,0,0,0,200,200,200,5,200,1,38,200
1,200,30,2,2,0,1,14,5,200,0,0,0,0,200,200,200,5,200,0,200,200
0,200,30,2,2,1,1,0,2,200,0,1,0,1,200,200,200,5,17,1,83,200
0,200,30,2,2,1,1,0,2,200,0,1,0,1,200,200,200,5,17,1,35,200
1,200,30,2,2,1,1,0,2,200,0,1,0,1,200,200,200,5,17,0,6,200
0,200,30,2,2,2,1,10,5,4,0,1,0,0,1,200,1,18,200,0,200,200
0,200,30,2,2,2,1,10,5,4,0,1,0,0,1,200,1,18,200,0,24,200
1,200,30,2,2,2,1,10,5,4,0,1,0,0,1,200,1,18,200,0,200,200
1,200,30,2,2,2,1,10,5,4,0,1,0,0,1,200,1,18,200,0,5,200
0,1,30,0,0,2,1,0,5,4,0,1,0,0,200,200,200,0,0,1,42,200
0,200,30,0,0,0,1,0,2,4,0,0,0,0,200,200,200,17,0,1,64,200
0,200,30,0,0,0,1,0,2,4,0,0,0,0,200,200,200,17,0,1,27,200
1,200,30,0,0,0,1,0,2,4,0,0,0,0,200,200,200,17,0,1,11,200
1,200,30,0,0,0,1,0,2,4,0,0,0,0,200,200,200,17,0,0,10,200
1,200,30,0,0,0,1,0,2,4,0,0,0,0,200,200,200,17,0,1,4,200
0,200,30,0,0,0,1,12,2,200,0,1,0,0,200,200,200,22,200,0,79,200
0,200,30,0,0,0,1,12,2,200,0,1,0,0,200,200,200,22,200,1,29,200
0,200,35,0,0,0,1,7,5,200,0,0,0,0,200,200,1,0,0,2,200,200
0,200,30,0,0,2,1,2,5,4,0,1,0,1,200,200,200,34,34,1,55,200
0,200,30,0,0,2,1,12,5,200,0,1,0,0,200,200,200,23,200,1,39,200
0,200,30,0,0,2,1,12,5,200,0,1,0,0,200,200,200,23,200,1,23,200
1,200,30,0,0,2,1,12,5,200,0,1,0,0,200,200,200,23,200,1,200,200
1,200,30,0,0,2,1,12,5,200,0,1,0,0,200,200,200,23,200,1,200,200
0,200,30,0,0,1,1,2,5,2,0,1,0,0,200,200,200,23,200,0,27,200
0,200,30,0,0,0,1,10,6,1,0,0,0,0,200,200,200,20,20,1,33,200
0,200,30,0,0,0,1,10,6,1,0,0,0,0,200,200,200,20,20,1,28,200
1,200,30,0,0,0,1,10,6,1,0,0,0,0,200,200,200,20,20,1,65,200
1,200,30,0,0,0,1,10,6,1,0,0,0,0,200,200,200,20,20,1,50,200
1,200,30,0,0,0,1,10,6,1,0,0,0,0,200,200,200,20,20,0,16,200
1,200,30,0,0,0,1,10,6,1,0,0,0,0,200,200,200,20,20,1,28,200
1,200,30,0,0,0,1,10,6,1,0,0,0,0,200,200,200,20,20,1,5,200
0,200,30,1,2,0,1,14,3,4,0,1,0,1,200,200,200,17,200,0,200,200
0,200,30,1,2,0,1,14,3,4,0,1,0,1,200,200,200,17,200,0,200,200
1,200,30,1,2,0,1,14,3,4,0,1,0,1,200,200,200,17,200,1,200,200
0,200,15,0,0,1,1,3,7,200,0,0,0,0,200,1,1,20,200,1,200,200
0,200,15,0,0,1,1,3,7,200,0,0,0,0,200,1,1,20,200,1,35,200
0,200,30,0,0,0,1,10,5,4,0,0,0,1,200,200,200,18,200,0,17,200
0,200,30,0,0,0,1,10,5,4,0,0,0,1,200,200,200,18,200,0,26,200
0,200,30,0,0,0,1,10,5,4,0,0,0,1,200,200,200,18,200,0,200,200
0,200,30,1,2,2,1,14,6,4,0,1,0,0,1,200,200,23,200,1,56,200
0,200,30,1,2,2,1,14,6,4,0,1,0,0,1,200,200,23,200,0,22,200
0,200,30,0,0,2,1,10,5,200,0,1,0,0,200,200,200,18,200,1,51,200
0,200,30,0,0,2,1,10,5,200,0,1,0,0,200,200,200,18,200,1,26,200
1,200,30,0,0,2,1,10,5,200,0,1,0,0,200,200,200,18,200,0,33,200
0,200,20,2,2,2,1,10,2,2,0,1,0,1,200,200,200,16,200,0,35,200
0,200,20,2,2,2,1,10,2,2,0,1,0,1,200,200,200,16,200,0,48,200
1,200,20,2,2,2,1,10,2,2,0,1,0,1,200,200,200,16,200,1,47,200
1,200,20,2,2,2,1,10,2,2,0,1,0,1,200,200,200,16,200,1,5,200
1,200,20,2,2,2,1,10,2,2,0,1,0,1,200,200,200,16,200,1,8,200
0,200,30,0,0,0,1,10,5,2,0,0,0,0,200,200,200,18,0,0,18,200
0,200,30,0,0,0,1,10,5,2,0,0,0,0,200,200,200,18,0,1,41,200
0,200,30,1,2,0,1,10,5,4,0,0,0,0,200,200,200,20,200,0,200,200
0,200,30,1,2,0,1,10,5,4,0,0,0,0,200,200,200,20,200,0,51,200
0,200,35,0,0,1,1,12,5,200,0,200,200,0,200,200,200,17,200,0,43,200
0,200,35,0,0,1,1,12,5,200,0,200,200,0,200,200,200,17,200,0,58,200
0,200,30,1,2,0,1,10,5,4,0,0,0,0,200,200,1,18,16,1,200,200
0,200,30,1,2,0,1,10,5,4,0,0,0,0,200,200,1,18,16,0,55,200
0,200,30,0,0,0,1,7,5,2,0,1,0,0,200,200,200,11,200,1,21,200
1,200,30,0,0,0,1,7,5,2,0,1,0,0,200,200,200,11,200,1,19,200
0,1,30,0,0,2,1,7,5,200,0,1,0,0,200,200,1,0,0,2,200,200
0,200,30,1,2,0,1,12,3,200,0,0,0,0,200,200,200,22,200,1,200,200
0,200,30,1,2,0,1,12,3,200,0,0,0,0,200,200,200,22,200,1,22,200
0,200,30,2,2,0,1,12,5,200,0,1,0,0,200,200,200,0,0,0,46,200
0,200,30,2,2,0,1,12,5,200,0,1,0,0,200,200,200,0,0,1,28,200
0,200,25,0,0,0,1,12,6,200,0,1,0,0,200,200,200,17,200,0,25,200
0,200,25,0,0,0,1,12,6,200,0,1,0,0,200,200,200,17,200,0,74,200
0,200,30,0,0,0,1,7,2,2,0,0,0,0,200,200,1,0,0,1,200,200
1,200,30,0,0,0,1,7,2,2,0,0,0,0,200,200,1,0,0,1,29,200
0,200,35,1,2,1,1,10,3,200,0,0,0,1,1,200,200,16,200,1,24,200
0,200,35,1,2,1,1,10,3,200,0,0,0,1,1,200,200,16,200,1,24,200
1,200,35,1,2,1,1,10,3,200,0,0,0,1,1,200,200,16,200,1,24,200
1,200,35,1,2,1,1,10,3,200,0,0,0,1,1,200,200,16,200,1,25,200
1,200,35,1,2,1,1,10,3,200,0,0,0,1,1,200,200,16,200,0,26,200
0,200,15,0,0,0,1,7,7,2,0,0,0,0,200,1,1,0,0,2,200,200
0,200,30,200,200,0,1,7,5,200,0,200,200,0,200,200,200,20,200,0,33,200
0,200,30,2,2,1,1,10,3,3,0,1,0,0,200,200,200,0,200,1,35,200
0,200,30,2,2,1,1,10,3,3,0,1,0,0,200,200,200,0,200,0,29,200
1,200,30,2,2,1,1,10,3,3,0,1,0,0,200,200,200,0,200,1,29,200
0,200,30,0,0,0,1,12,6,2,0,0,0,0,200,200,200,200,200,0,52,200
0,200,30,0,0,0,1,12,6,2,0,0,0,0,200,200,200,200,200,0,73,200
1,200,30,0,0,0,1,12,6,2,0,0,0,0,200,200,200,200,200,0,200,200
0,200,10,0,0,0,1,0,7,1,0,0,200,0,200,1,200,17,17,1,32,200
0,200,10,0,0,0,1,0,7,1,0,0,200,0,200,1,200,17,17,1,53,200
0,200,35,1,2,0,1,14,5,5,0,0,0,0,200,200,200,23,200,0,200,200
0,200,35,1,2,0,1,14,5,5,0,0,0,0,200,200,200,23,200,1,56,200
0,200,30,0,0,1,1,10,5,2,0,0,0,1,200,200,200,0,0,1,30,200
0,200,30,0,0,1,1,10,5,2,0,0,0,1,200,200,200,0,0,1,29,200
0,200,30,0,0,1,1,10,5,2,0,0,0,1,200,200,200,0,0,1,22,200
0,200,30,0,0,1,1,10,5,2,0,0,0,1,200,200,200,0,0,0,24,200
1,200,30,0,0,1,1,10,5,2,0,0,0,1,200,200,200,0,0,1,200,200
0,200,25,1,2,1,1,14,12,200,0,200,200,0,200,200,200,21,200,1,27,200
0,200,25,1,2,1,1,14,12,200,0,200,200,0,200,200,200,21,200,0,42,200
0,200,30,200,200,1,1,12,5,2,0,200,0,0,200,200,1,21,200,1,200,200
0,200,30,200,200,1,1,12,5,2,0,200,0,0,200,200,1,21,200,0,200,200
5,200,30,1,2,0,1,9,5,200,0,0,0,0,1,200,0,0,0,200,200,200
0,200,30,1,2,0,1,9,5,200,0,0,0,0,1,200,0,0,0,0,49,200
0,200,30,0,0,1,1,14,5,200,0,0,0,1,1,200,200,17,17,0,32,200
0,200,30,0,0,1,1,14,5,200,0,0,0,1,1,200,200,17,17,0,20,200
1,200,30,0,0,1,1,14,5,200,0,0,0,1,1,200,200,17,17,0,19,200
0,200,35,200,200,0,1,14,6,6,0,1,200,1,1,200,200,16,200,1,43,200
0,200,35,200,200,0,1,14,6,6,0,1,200,1,1,200,200,16,200,0,58,200
0,200,30,1,2,0,1,14,5,200,0,0,0,1,1,200,200,23,200,0,33,200
0,200,30,1,2,0,1,14,5,200,0,0,0,1,1,200,200,23,200,1,27,200
0,200,30,1,2,0,1,10,5,4,0,0,0,0,200,200,200,18,18,0,47,200
0,200,30,1,2,0,1,10,5,4,0,0,0,0,200,200,200,18,18,0,50,200
0,200,30,0,0,0,1,7,5,2,0,0,0,1,200,200,200,0,200,1,76,200
0,200,15,0,0,1,1,7,6,200,0,1,0,0,200,200,200,0,200,0,65,200
0,200,20,1,2,0,1,14,2,200,0,1,0,0,200,200,200,18,18,1,33,200
0,200,20,1,2,0,1,14,2,200,0,1,0,0,200,200,200,18,18,0,200,200
1,200,20,1,2,0,1,14,2,200,0,1,0,0,200,200,200,18,18,1,51,200
0,200,30,0,0,0,1,11,7,200,0,1,0,0,200,200,200,200,200,0,200,200
0,200,30,0,0,0,1,11,7,200,0,1,0,0,200,200,200,200,200,1,35,200
1,200,30,0,0,0,1,11,7,200,0,1,0,0,200,200,200,200,200,0,45,200
1,200,30,0,0,0,1,11,7,200,0,1,0,0,200,200,200,200,200,1,200,200
1,200,30,0,0,0,1,11,7,200,0,1,0,0,200,200,200,200,200,1,200,200
1,200,30,0,0,0,1,11,7,200,0,1,0,0,200,200,200,200,200,1,200,200
0,200,30,1,2,2,1,0,3,6,0,0,0,1,1,200,200,6,0,1,82,200
0,200,30,1,2,2,1,0,3,6,0,0,0,1,1,200,200,6,0,0,42,200
0,200,30,0,3,0,1,7,5,4,0,0,0,0,200,200,1,0,0,2,200,200
0,1,30,0,0,0,1,7,5,200,0,0,0,0,200,200,1,0,200,2,200,200
0,200,30,2,2,1,1,0,5,2,0,0,0,1,1,200,200,0,0,1,23,200
0,200,30,2,2,1,1,0,5,2,0,0,0,1,1,200,200,0,0,1,32,200
1,200,30,2,2,1,1,0,5,2,0,0,0,1,1,200,200,0,0,1,200,200
1,200,30,2,2,1,1,0,5,2,0,0,0,1,1,200,200,0,0,1,33,200
0,1,30,0,0,0,1,7,7,0,0,0,0,0,200,0,200,32,200,1,43,200
0,200,30,0,0,0,1,7,5,200,0,0,0,0,200,200,200,200,200,1,49,200
0,200,30,1,2,0,3,12,5,200,0,1,0,0,200,200,1,22,11,1,200,200
0,200,30,1,2,0,3,12,5,200,0,1,0,0,200,200,1,22,11,0,24,200
1,200,30,1,2,0,3,12,5,200,0,1,0,0,200,200,1,22,11,0,200,200
1,200,30,1,2,0,3,12,5,200,0,1,0,0,200,200,1,22,11,0,31,200
0,200,30,0,0,0,1,9,5,2,0,0,0,1,200,200,200,200,200,0,49,200
5,200,30,0,0,0,1,9,5,2,0,0,0,1,200,200,200,200,200,0,80,200
1,200,30,0,0,0,1,9,5,2,0,0,0,1,200,200,200,200,200,0,44,200
0,200,30,1,2,0,1,10,2,2,0,0,0,0,200,200,200,18,0,0,200,200
0,200,30,1,2,0,1,10,2,2,0,0,0,0,200,200,200,18,0,0,23,200
1,200,30,1,2,0,1,10,2,2,0,0,0,0,200,200,200,18,0,1,24,200
0,200,30,0,0,2,3,10,5,200,0,1,0,0,200,200,1,18,18,2,200,200
0,200,30,0,0,2,3,10,5,200,0,1,0,0,200,200,1,18,18,0,35,200
0,1,35,200,200,0,2,14,0,1,0,0,0,0,200,200,200,17,200,0,43,200
0,1,35,200,200,0,2,14,0,1,0,0,0,0,200,200,200,17,200,0,57,200
1,1,35,200,200,0,2,14,0,1,0,0,0,0,200,200,200,17,200,0,200,200
0,200,35,0,0,0,1,0,5,4,0,0,0,1,200,200,200,11,0,1,53,200
0,200,35,0,0,0,1,0,5,4,0,0,0,1,200,200,200,11,0,0,21,200
1,200,35,0,0,0,1,0,5,4,0,0,0,1,200,200,200,11,0,1,24,200
0,200,30,1,2,0,3,0,5,200,0,0,0,0,200,200,200,17,16,1,22,200
0,200,30,1,2,0,3,0,5,200,0,0,0,0,200,200,200,17,16,1,38,200
1,200,30,1,2,0,3,0,5,200,0,0,0,0,200,200,200,17,16,0,200,200
1,200,30,1,2,0,3,0,5,200,0,0,0,0,200,200,200,17,16,2,200,200
1,200,30,1,2,0,3,0,5,200,0,0,0,0,200,200,200,17,16,2,200,200
0,200,30,0,0,0,1,10,2,2,0,0,200,0,200,200,1,0,0,2,200,200
0,200,30,0,0,0,1,10,2,2,0,0,200,0,200,200,1,0,0,1,66,200
0,200,30,1,2,0,1,14,12,3,2,0,0,1,1,200,1,23,16,0,26,200
1,200,30,1,2,0,1,14,12,3,2,0,0,1,1,200,1,23,16,0,18,200
1,200,30,1,2,0,1,14,12,3,2,0,0,1,1,200,1,23,16,0,23,200
0,1,30,200,200,0,1,10,200,200,0,0,200,0,200,200,200,20,0,0,41,200
0,1,30,200,200,0,1,10,200,200,0,0,200,0,200,200,200,20,0,0,38,200
0,200,30,0,0,0,1,12,5,200,0,200,200,0,200,200,200,17,200,0,34,200
0,200,30,0,0,0,1,12,5,200,0,200,200,0,200,200,200,17,200,1,38,200
0,200,30,1,2,1,1,10,5,2,0,0,0,0,200,200,200,7,18,1,20,200
0,200,30,1,2,1,1,10,5,2,0,0,0,0,200,200,200,7,18,0,19,200
0,200,30,0,0,0,1,10,5,2,0,0,0,0,200,200,200,16,0,0,48,200
0,200,30,0,0,0,1,10,5,2,0,0,0,0,200,200,200,16,0,0,42,200
0,200,30,0,0,0,1,8,5,200,0,0,0,1,200,200,200,16,12,0,37,200
4,200,30,0,0,0,1,8,5,200,0,0,0,1,200,200,200,16,12,0,24,200
0,200,30,0,0,0,1,8,1,5,0,0,0,1,200,200,200,200,200,1,53,200
4,200,30,0,0,0,1,8,1,5,0,0,0,1,200,200,200,200,200,0,14,200
0,200,30,0,0,0,1,11,2,2,0,0,0,0,200,200,200,22,0,1,23,200
0,200,30,0,0,0,1,11,2,2,0,0,0,0,200,200,200,22,0,1,39,200
0,200,30,0,0,0,1,0,5,200,0,0,0,0,200,200,200,0,0,1,25,200
0,200,30,0,0,0,1,0,5,200,0,0,0,0,200,200,200,0,0,0,85,200
0,200,30,2,2,0,1,0,5,200,0,0,0,1,1,200,200,0,0,1,32,200
0,200,30,2,2,0,1,0,5,200,0,0,0,1,1,200,200,0,0,0,53,200
0,200,30,0,0,0,1,12,2,2,0,1,0,1,200,200,200,21,200,1,22,200
0,200,30,0,0,0,1,12,2,2,0,1,0,1,200,200,200,21,200,1,27,200
0,1,0,0,0,200,0,7,7,0,0,200,0,0,200,1,1,0,200,2,200,200
0,0,25,0,0,2,3,7,6,1,0,1,0,0,200,200,200,0,200,2,200,200
0,200,30,2,2,0,1,10,5,2,0,0,0,1,1,200,200,18,16,0,46,200
0,200,30,2,2,0,1,10,5,2,0,0,0,1,1,200,200,18,16,1,43,200
1,200,30,2,2,0,1,10,5,2,0,0,0,1,1,200,200,18,16,1,44,200
1,200,30,2,2,0,1,10,5,2,0,0,0,1,1,200,200,18,16,1,9,200
1,200,30,2,2,0,1,10,5,2,0,0,0,1,1,200,200,18,16,1,13,200
1,200,30,2,2,0,1,10,5,2,0,0,0,1,1,200,200,18,16,1,40,200
0,1,30,200,200,200,200,7,5,2,2,200,200,0,200,200,1,0,200,2,200,200
0,200,30,0,0,0,1,14,5,200,0,0,0,0,200,200,1,21,0,1,200,200
0,200,30,0,0,0,1,14,5,200,0,0,0,0,200,200,1,21,0,0,54,200
1,200,30,0,0,0,1,14,5,200,0,0,0,0,200,200,1,21,0,200,200,200
0,200,25,0,0,0,1,2,6,200,0,0,0,0,200,1,200,0,0,0,40,200
0,200,20,1,2,0,1,12,2,200,3,0,0,0,1,200,200,21,11,0,18,200
0,200,20,1,2,0,1,12,2,200,3,0,0,0,1,200,200,21,11,0,62,200
0,200,30,2,2,0,1,0,5,2,0,0,0,1,1,200,200,0,200,1,23,200
0,200,30,2,2,0,1,0,5,2,0,0,0,1,1,200,200,0,200,0,22,200
0,200,10,0,0,0,1,7,7,1,0,200,200,0,200,1,200,0,0,0,200,200
1,200,10,0,0,0,1,7,7,1,0,200,200,0,200,1,200,0,0,0,200,200
1,200,10,0,0,0,1,7,7,1,0,200,200,0,200,1,200,0,0,1,200,200
0,200,35,2,0,0,1,3,5,200,0,0,200,0,200,200,1,23,200,0,200,200
0,200,35,2,0,0,1,3,5,200,0,0,200,0,200,200,1,23,200,0,65,200
0,200,30,0,0,0,1,7,7,200,0,0,0,0,200,1,200,200,200,0,19,200
1,200,30,0,0,0,1,7,7,200,0,0,0,0,200,1,200,200,200,1,200,200
1,200,30,0,0,0,1,7,7,200,0,0,0,0,200,1,200,200,200,1,200,200
0,200,30,200,200,0,1,0,1,200,0,0,0,0,200,200,200,0,200,0,24,200
0,200,30,200,200,0,1,0,1,200,0,0,0,0,200,200,200,0,200,1,22,200
0,200,25,2,200,1,1,7,5,200,0,0,0,0,200,200,1,0,200,0,58,200
0,1,30,0,0,0,1,7,5,200,0,0,0,0,200,200,1,0,200,2,200,200
0,1,35,0,0,0,1,10,6,4,0,0,0,0,200,200,200,17,4,0,48,200
0,1,35,0,0,0,1,10,6,4,0,0,0,0,200,200,200,17,4,1,29,200
0,1,30,1,2,0,1,14,2,2,0,0,0,0,200,200,200,23,0,0,34,200
0,1,30,1,2,0,1,14,2,2,0,0,0,0,200,200,200,23,0,0,57,200
1,1,30,1,2,0,1,14,2,2,0,0,0,0,200,200,200,23,0,0,200,200
1,1,30,1,2,0,1,14,2,2,0,0,0,0,200,200,200,23,0,0,200,200
1,1,30,1,2,0,1,14,2,2,0,0,0,0,200,200,200,23,0,0,200,200
1,1,30,1,2,0,1,14,2,2,0,0,0,0,200,200,200,23,0,1,200,200
1,1,30,1,2,0,1,14,2,2,0,0,0,0,200,200,200,23,0,1,200,200
0,200,30,1,2,0,1,10,2,4,0,0,0,0,1,200,200,18,200,1,74,200
0,200,30,1,2,0,1,10,2,4,0,0,0,0,1,200,200,18,200,0,70,200
0,200,30,0,0,1,1,10,5,2,0,0,0,1,200,200,1,22,200,2,200,200
0,200,30,0,0,1,1,10,5,2,0,0,0,1,200,200,1,22,200,0,0,200
1,200,30,0,0,1,1,10,5,2,0,0,0,1,200,200,1,22,200,0,200,200
1,200,30,0,0,1,1,10,5,2,0,0,0,1,200,200,1,22,200,0,200,200
1,200,30,0,0,1,1,10,5,2,0,0,0,1,200,200,1,22,200,1,44,200
0,200,30,0,0,0,3,10,5,2,0,1,0,1,200,200,200,16,200,1,30,200
0,200,30,0,0,0,3,10,5,2,0,1,0,1,200,200,200,16,200,0,24,200
1,200,30,0,0,0,3,10,5,2,0,1,0,1,200,200,200,16,200,0,44,200
0,200,30,0,0,0,1,10,6,200,0,0,0,0,200,200,200,8,200,0,18,200
0,200,30,0,0,0,1,10,6,200,0,0,0,0,200,200,200,8,200,0,49,200
0,200,30,200,2,0,1,14,2,4,0,0,0,0,200,200,1,32,32,0,36,200
0,200,30,200,2,0,1,14,2,4,0,0,0,0,200,200,1,32,32,1,28,200
1,200,30,200,2,0,1,14,2,4,0,0,0,0,200,200,1,32,32,0,26,200
1,200,30,200,2,0,1,14,2,4,0,0,0,0,200,200,1,32,32,200,200,200