PERSON_TYPE,CRASH_DATE_EST_I,POSTED_SPEED_LIMIT,TRAFFIC_CONTROL_DEVICE,DEVICE_CONDITION,WEATHER_CONDITION,LIGHTING_CONDITION,FIRST_CRASH_TYPE,TRAFFICWAY_TYPE,LANE_CNT,ALIGNMENT,ROADWAY_SURFACE_COND,ROAD_DEFECT,CRASH_TYPE,INTERSECTION_RELATED_I,NOT_RIGHT_OF_WAY_I,HIT_AND_RUN_I,PRIM_CONTRIBUTORY_CAUSE,SEC_CONTRIBUTORY_CAUSE,SEX,AGE,BAC_RESULT VALUE
0,200,30,200,200,0,1,12,5,200,0,200,200,0,1,200,1,0,200,0,200,200
0,200,30,200,200,0,1,12,5,200,0,200,200,0,1,200,1,0,200,0,54,200
0,200,25,1,2,1,1,10,200,200,0,200,200,0,200,200,1,0,200,1,200,200
0,200,25,1,2,1,1,10,200,200,0,200,200,0,200,200,1,0,200,0,50,200
0,200,30,1,2,0,1,12,6,200,0,0,0,0,200,200,200,21,200,1,47,200
0,200,30,1,2,0,1,12,6,200,0,0,0,0,200,200,200,21,200,1,40,200
1,200,30,1,2,0,1,12,6,200,0,0,0,0,200,200,200,21,200,0,200,200
1,200,30,1,2,0,1,12,6,200,0,0,0,0,200,200,200,21,200,1,200,200
0,200,30,0,0,0,1,7,5,2,0,0,0,0,200,200,1,0,21,0,200,200
0,200,30,0,0,0,1,10,6,3,0,1,200,1,200,200,200,16,200,0,18,200
0,200,30,0,0,0,1,10,6,3,0,1,200,1,200,200,200,16,200,1,50,200
0,200,0,0,0,200,200,7,7,200,0,200,200,0,200,0,1,0,0,2,200,200
0,1,30,200,0,200,200,7,12,200,0,200,0,0,200,200,1,0,200,2,200,200
0,200,20,0,0,0,1,7,5,200,0,0,0,0,200,200,200,0,0,2,200,200
0,200,30,2,0,0,1,0,5,2,0,0,0,1,1,200,200,0,0,0,29,200
0,200,30,2,0,0,1,0,5,2,0,0,0,1,1,200,200,0,0,0,200,200
1,200,30,2,0,0,1,0,5,2,0,0,0,1,1,200,200,0,0,1,200,200
0,200,30,1,2,0,1,10,5,2,0,0,0,1,1,200,200,18,200,0,47,200
0,200,30,1,2,0,1,10,5,2,0,0,0,1,1,200,200,18,200,0,60,200
0,200,30,0,0,0,1,10,6,200,0,0,0,0,200,200,200,0,200,0,19,200
0,200,30,0,0,0,1,10,6,200,0,0,0,0,200,200,200,0,200,0,34,200
1,200,30,0,0,0,1,10,6,200,0,0,0,0,200,200,200,0,200,0,200,200
1,200,30,0,0,0,1,10,6,200,0,0,0,0,200,200,200,0,200,0,200,200
1,200,30,0,0,0,1,10,6,200,0,0,0,0,200,200,200,0,200,0,200,200
1,200,30,0,0,0,1,10,6,200,0,0,0,0,200,200,200,0,200,0,200,200
0,200,20,2,2,0,1,14,6,1,0,0,0,1,1,200,1,5,200,0,200,200
0,200,20,2,2,0,1,14,6,1,0,0,0,1,1,200,1,5,200,1,39,200
1,200,20,2,2,0,1,14,6,1,0,0,0,1,1,200,1,5,200,1,18,200
1,200,20,2,2,0,1,14,6,1,0,0,0,1,1,200,1,5,200,0,18,200
0,200,15,0,0,1,1,7,7,1,0,0,0,0,200,200,200,11,0,0,21,200
1,200,15,0,0,1,1,7,7,1,0,0,0,0,200,200,200,11,0,0,40,200
0,200,30,200,200,0,1,12,5,200,0,0,200,0,1,200,200,0,200,0,65,200
0,200,30,200,200,0,1,12,5,200,0,0,200,0,1,200,200,0,200,1,24,200
0,200,30,2,2,0,1,10,6,1,0,0,0,0,0,200,200,20,200,0,21,200
0,200,30,2,2,0,1,10,6,1,0,0,0,0,0,200,200,20,200,0,25,200
1,200,30,2,2,0,1,10,6,1,0,0,0,0,0,200,200,20,200,0,23,200
0,200,35,0,0,0,4,0,5,2,0,0,200,0,200,200,1,17,200,2,200,200
0,200,35,0,0,0,4,0,5,2,0,0,200,0,200,200,1,17,200,0,35,200
1,200,35,0,0,0,4,0,5,2,0,0,200,0,200,200,1,17,200,1,200,200
0,200,30,2,0,0,1,10,5,200,0,0,0,0,200,200,200,18,200,0,28,200
0,200,30,2,0,0,1,10,5,200,0,0,0,0,200,200,200,18,200,1,35,200
0,200,30,0,0,0,1,11,5,200,0,0,0,0,200,200,200,0,200,0,57,200
0,200,30,0,0,0,1,11,5,200,0,0,0,0,200,200,200,0,200,0,49,200
0,200,25,0,0,0,1,7,6,200,0,0,1,1,200,200,200,11,25,1,22,200
0,200,30,1,2,0,1,10,5,200,0,0,0,0,200,200,200,0,200,1,50,200
0,200,30,1,2,0,1,10,5,200,0,0,0,0,200,200,200,0,200,0,52,200
1,200,30,1,2,0,1,10,5,200,0,0,0,0,200,200,200,0,200,0,200,200
0,200,30,2,2,0,1,14,6,1,0,0,0,0,1,200,200,23,200,1,200,200
0,200,30,2,2,0,1,14,6,1,0,0,0,0,1,200,200,23,200,0,34,200
1,200,30,2,2,0,1,14,6,1,0,0,0,0,1,200,200,23,200,1,200,200
0,200,35,0,0,200,200,12,5,200,0,200,200,1,200,200,200,17,200,0,33,200
0,200,35,0,0,200,200,12,5,200,0,200,200,1,200,200,200,17,200,1,30,200
0,200,30,1,2,0,4,10,5,2,0,0,0,0,200,200,1,16,200,0,200,200
0,200,30,1,2,0,4,10,5,2,0,0,0,0,200,200,1,16,200,0,40,200
1,200,30,1,2,0,4,10,5,2,0,0,0,0,200,200,1,16,200,0,29,200
1,200,30,1,2,0,4,10,5,2,0,0,0,0,200,200,1,16,200,1,33,200
0,200,30,1,2,0,1,0,5,200,0,0,0,0,200,200,200,17,200,1,57,200
0,200,30,1,2,0,1,0,5,200,0,0,0,0,200,200,200,17,200,0,21,200
0,200,30,0,0,0,1,7,5,200,0,0,0,0,200,200,1,0,200,2,200,200
0,200,30,0,0,0,1,14,5,200,0,0,0,0,200,200,200,200,200,0,59,200
0,200,30,0,0,0,1,14,5,200,0,0,0,0,200,200,200,200,200,1,78,200
0,200,10,0,0,0,1,7,7,200,0,0,0,0,200,200,1,0,0,1,200,200
0,200,30,0,0,0,1,10,2,2,0,0,0,0,200,200,200,18,16,1,23,200
0,200,30,0,0,0,1,10,2,2,0,0,0,0,200,200,200,18,16,0,63,200
0,200,30,0,0,0,1,5,5,200,0,0,0,0,200,200,200,11,25,0,22,200
0,200,30,0,0,0,1,7,5,200,0,0,0,0,200,200,1,20,0,0,200,200
0,200,30,0,0,0,1,7,6,200,0,0,0,0,200,200,1,200,200,2,200,200
0,200,30,0,0,0,1,2,5,2,0,0,0,0,200,200,200,0,0,0,24,200
0,200,35,1,2,0,1,10,5,200,0,0,200,0,200,200,1,18,14,0,200,200
0,200,35,1,2,0,1,10,5,200,0,0,200,0,200,200,1,18,14,0,81,200
1,200,35,1,2,0,1,10,5,200,0,0,200,0,200,200,1,18,14,200,200,200
0,200,30,0,0,0,3,10,5,4,0,0,0,0,200,200,1,22,0,0,200,200
0,200,30,0,0,0,3,10,5,4,0,0,0,0,200,200,1,22,0,0,43,200
1,200,30,0,0,0,3,10,5,4,0,0,0,0,200,200,1,22,0,0,20,200
1,200,30,0,0,0,3,10,5,4,0,0,0,0,200,200,1,22,0,1,59,200
0,200,30,200,200,0,1,7,5,200,0,0,0,0,200,200,1,17,200,0,200,200
1,200,30,200,200,0,1,7,5,200,0,0,0,0,200,200,1,17,200,0,5,200
1,200,30,200,200,0,1,7,5,200,0,0,0,0,200,200,1,17,200,0,38,200
0,200,30,0,0,0,1,14,5,200,0,0,0,1,200,200,200,16,0,0,29,200
0,200,30,0,0,0,1,14,5,200,0,0,0,1,200,200,200,16,0,0,24,200
4,200,30,0,0,0,3,8,6,200,0,0,0,1,200,200,200,0,0,0,50,200
0,200,30,0,0,0,3,8,6,200,0,0,0,1,200,200,200,0,0,1,23,200
0,200,30,1,2,0,3,10,5,4,0,0,0,1,0,200,1,16,18,1,35,200
0,200,30,1,2,0,3,10,5,4,0,0,0,1,0,200,1,16,18,1,23,200
1,200,30,1,2,0,3,10,5,4,0,0,0,1,0,200,1,16,18,0,200,200
1,200,30,1,2,0,3,10,5,4,0,0,0,1,0,200,1,16,18,1,200,200
0,200,30,0,0,0,4,7,6,1,0,0,0,0,200,200,1,22,22,0,200,200
0,200,30,2,2,0,4,10,5,2,0,0,0,0,200,200,200,16,200,0,20,200
0,200,30,2,2,0,4,10,5,2,0,0,0,0,200,200,200,16,200,1,30,200
0,200,30,2,2,0,2,8,6,200,0,0,0,0,1,200,200,0,0,1,38,200
4,200,30,2,2,0,2,8,6,200,0,0,0,0,1,200,200,0,0,0,17,200
0,200,25,200,200,200,200,7,5,1,0,200,200,0,200,200,200,0,200,0,43,200
0,200,30,1,3,0,3,3,2,4,0,0,0,1,1,200,200,6,200,0,31,200
0,200,30,1,3,0,3,3,2,4,0,0,0,1,1,200,200,6,200,1,20,200
0,200,30,0,0,0,3,14,5,200,0,0,0,1,200,200,1,22,200,2,200,200
0,200,30,0,0,0,3,14,5,200,0,0,0,1,200,200,1,22,200,0,46,200
0,200,10,0,0,1,4,7,7,2,0,0,0,0,200,200,200,20,20,0,73,200
0,200,30,0,0,0,3,12,5,4,0,0,200,0,200,200,200,22,16,0,60,200
0,200,30,0,0,0,3,12,5,4,0,0,200,0,200,200,200,22,16,0,68,200
1,200,30,0,0,0,3,12,5,4,0,0,200,0,200,200,200,22,16,1,200,200
1,200,30,0,0,0,3,12,5,4,0,0,200,0,200,200,200,22,16,0,200,200
0,200,30,1,2,0,0,12,5,4,2,0,0,0,200,200,200,21,0,0,18,200
0,200,30,1,2,0,0,12,5,4,2,0,0,0,200,200,200,21,0,0,47,200
1,200,30,1,2,0,0,12,5,4,2,0,0,0,200,200,200,21,0,0,21,200
0,200,30,1,2,0,3,10,5,2,0,0,0,0,200,200,200,6,18,0,55,200
0,200,30,1,2,0,3,10,5,2,0,0,0,0,200,200,200,6,18,1,63,200
0,200,30,0,0,0,3,7,6,1,0,0,0,0,200,200,1,0,0,2,200,200
0,200,30,0,0,1,3,7,5,4,0,0,0,0,200,200,200,11,0,0,35,200
0,200,30,1,2,0,1,12,5,3,0,0,0,0,200,200,200,22,22,0,42,200
0,200,30,1,2,0,1,12,5,3,0,0,0,0,200,200,200,22,22,1,36,200
0,200,25,0,0,0,3,2,5,2,0,0,0,0,200,200,200,200,0,0,39,200
0,200,30,1,2,0,3,12,2,200,0,0,0,0,200,200,200,22,22,0,28,200
0,200,30,1,2,0,3,12,2,200,0,0,0,0,200,200,200,22,22,0,23,200
1,200,30,1,2,0,3,12,2,200,0,0,0,0,200,200,200,22,22,0,72,200
1,200,30,1,2,0,3,12,2,200,0,0,0,0,200,200,200,22,22,1,59,200
1,200,30,1,2,0,3,12,2,200,0,0,0,0,200,200,200,22,22,0,20,200
1,200,30,1,2,0,3,12,2,200,0,0,0,0,200,200,200,22,22,0,34,200
0,200,30,2,2,0,3,0,5,2,0,0,0,0,1,200,200,17,0,0,33,200
0,200,30,2,2,0,3,0,5,2,0,0,0,0,1,200,200,17,0,0,32,200
0,200,50,200,200,0,0,7,5,200,0,0,200,0,200,200,200,14,200,2,200,200
0,200,30,200,2,1,3,2,2,200,0,0,0,1,200,200,200,27,0,0,52,200
1,200,30,200,2,1,3,2,2,200,0,0,0,1,200,200,200,27,0,1,22,200
0,200,30,0,0,0,3,7,5,200,0,0,0,0,200,200,200,0,11,0,39,200
0,200,30,0,0,0,3,12,6,200,0,0,200,0,200,200,200,16,200,0,28,200
0,200,30,0,0,0,3,12,6,200,0,0,200,0,200,200,200,16,200,0,18,200
1,200,30,0,0,0,3,12,6,200,0,0,200,0,200,200,200,16,200,200,200,200
1,200,30,0,0,0,3,12,6,200,0,0,200,0,200,200,200,16,200,1,200,200
1,200,30,0,0,0,3,12,6,200,0,0,200,0,200,200,200,16,200,0,200,200
0,1,30,200,200,200,3,7,6,1,0,200,0,1,200,200,1,0,0,2,200,200
0,200,30,3,2,0,3,12,3,4,0,0,0,1,200,1,200,14,11,0,18,200
0,200,30,3,2,0,3,12,3,4,0,0,0,1,200,1,200,14,11,0,18,200
0,200,25,200,200,200,3,10,5,200,0,200,200,0,200,200,200,18,16,2,200,200
0,200,25,200,200,200,3,10,5,200,0,200,200,0,200,200,200,18,16,1,37,200
0,200,30,2,2,0,3,0,5,2,0,0,0,1,1,200,1,5,200,0,200,200
0,200,30,2,2,0,3,0,5,2,0,0,0,1,1,200,1,5,200,1,200,200
1,200,30,2,2,0,3,0,5,2,0,0,0,1,1,200,1,5,200,0,16,200
1,200,30,2,2,0,3,0,5,2,0,0,0,1,1,200,1,5,200,0,17,200
1,200,30,2,2,0,3,0,5,2,0,0,0,1,1,200,1,5,200,0,17,200
0,200,15,0,0,0,3,5,0,1,0,0,0,0,200,1,200,0,200,0,200,200
1,200,15,0,0,0,3,5,0,1,0,0,0,0,200,1,200,0,200,0,200,200
0,200,35,0,0,0,3,4,3,6,3,0,1,1,200,200,200,11,200,0,22,200
0,200,35,0,0,0,3,2,6,1,0,0,0,0,200,200,0,10,16,0,17,200
1,200,35,0,0,0,3,2,6,1,0,0,0,0,200,200,0,10,16,0,200,200
1,200,35,0,0,0,3,2,6,1,0,0,0,0,200,200,0,10,16,1,17,200
0,200,30,0,0,0,3,12,3,4,0,0,0,0,200,200,1,0,0,1,200,200
0,200,30,0,0,0,3,12,3,4,0,0,0,0,200,200,1,0,0,1,29,200
1,200,30,0,0,0,3,12,3,4,0,0,0,0,200,200,1,0,0,0,29,200
0,200,25,2,2,0,0,2,5,200,2,0,0,1,1,200,200,12,0,0,23,200
0,200,30,1,2,0,3,14,5,4,2,0,0,1,1,200,200,0,0,1,24,200
0,200,30,1,2,0,3,14,5,4,2,0,0,1,1,200,200,0,0,0,22,200
1,200,30,1,2,0,3,14,5,4,2,0,0,1,1,200,200,0,0,1,27,200
1,200,30,1,2,0,3,14,5,4,2,0,0,1,1,200,200,0,0,1,28,200
1,200,30,1,2,0,3,14,5,4,2,0,0,1,1,200,200,0,0,1,23,200
1,200,30,1,2,0,3,14,5,4,2,0,0,1,1,200,200,0,0,0,24,200
1,200,30,1,2,0,3,14,5,4,2,0,0,1,1,200,200,0,0,0,28,200
1,200,30,1,2,0,3,14,5,4,2,0,0,1,1,200,200,0,0,1,21,200
1,200,30,1,2,0,3,14,6,2,0,0,0,1,1,200,200,25,200,200,200,200
0,200,30,1,2,0,3,14,6,2,0,0,0,1,1,200,200,25,200,2,200,200
0,200,30,1,2,0,3,14,6,2,0,0,0,1,1,200,200,25,200,0,49,200
1,200,30,1,2,0,3,14,6,2,0,0,0,1,1,200,200,25,200,2,200,200
1,200,30,1,2,0,3,14,6,2,0,0,0,1,1,200,200,25,200,0,40,200
1,200,30,1,2,0,3,14,6,2,0,0,0,1,1,200,200,25,200,1,49,200
1,200,30,1,2,0,3,14,6,2,0,0,0,1,1,200,200,25,200,0,44,200
1,200,30,1,2,0,3,14,6,2,0,0,0,1,1,200,200,25,200,0,53,200
0,200,30,0,0,0,3,10,2,5,0,0,200,0,200,200,200,0,200,0,54,200
0,200,30,0,0,0,3,10,2,5,0,0,200,0,200,200,200,0,200,0,30,200
0,200,30,2,2,0,3,0,5,2,0,0,0,1,200,200,1,17,14,0,200,200
0,200,30,2,2,0,3,0,5,2,0,0,0,1,200,200,1,17,14,1,46,200
0,1,30,0,0,200,200,7,4,2,0,200,0,0,200,200,1,0,0,2,200,200
0,200,30,1,2,0,3,0,3,3,0,0,0,1,1,200,200,6,200,0,58,200
0,200,30,1,2,0,3,0,3,3,0,0,0,1,1,200,200,6,200,0,28,200
0,200,30,1,2,0,3,0,3,3,0,0,0,1,1,200,200,6,200,0,57,200
1,200,30,1,2,0,3,0,3,3,0,0,0,1,1,200,200,6,200,0,17,200
0,200,30,1,2,0,1,10,5,4,0,0,0,0,200,200,200,18,0,0,42,200
0,200,30,1,2,0,1,10,5,4,0,0,0,0,200,200,200,18,0,0,39,200
0,200,40,1,2,0,1,10,2,200,0,0,0,1,200,200,200,0,200,0,30,200
0,200,40,1,2,0,1,10,2,200,0,0,0,1,200,200,200,0,200,0,32,200
0,200,25,1,2,0,1,12,12,200,0,0,200,0,200,200,200,0,0,0,36,200
0,200,25,1,2,0,1,12,12,200,0,0,200,0,200,200,200,0,0,0,43,200
0,200,25,0,0,0,1,12,5,2,0,0,0,0,200,200,200,0,0,0,200,200
0,200,25,0,0,0,1,12,5,2,0,0,0,0,200,200,200,0,0,0,200,200
0,200,25,0,0,0,1,5,5,200,0,0,0,0,200,200,200,11,200,0,28,200
0,200,30,1,2,0,1,12,8,4,0,0,0,0,1,200,1,0,0,2,200,200
0,200,30,1,2,0,1,12,8,4,0,0,0,0,1,200,1,0,0,1,26,200
1,200,30,1,2,0,1,12,8,4,0,0,0,0,1,200,1,0,0,0,28,200
0,200,30,1,0,0,1,10,6,5,3,0,0,0,200,200,200,18,200,0,47,200
0,200,30,1,0,0,1,10,6,5,3,0,0,0,200,200,200,18,200,0,40,200
0,200,30,1,2,0,1,10,5,2,0,0,0,0,200,200,200,16,200,0,53,200
0,200,30,1,2,0,1,10,5,2,0,0,0,0,200,200,200,16,200,1,57,200
0,200,30,1,2,0,1,14,5,2,0,0,0,1,200,200,200,0,16,0,46,200
0,200,30,1,2,0,1,14,5,2,0,0,0,1,200,200,200,0,16,0,64,200
0,200,30,0,0,0,1,14,5,2,0,0,0,1,200,200,200,22,21,1,33,200
0,200,30,0,0,0,1,14,5,2,0,0,0,1,200,200,200,22,21,0,28,200
0,1,20,0,0,200,200,7,6,200,0,200,0,0,200,200,1,0,0,2,200,200
0,200,30,1,2,0,1,10,5,200,0,0,0,0,1,200,200,18,0,0,33,200
0,200,30,1,2,0,1,10,5,200,0,0,0,0,1,200,200,18,0,0,43,200
0,200,30,1,2,0,1,14,2,2,0,0,0,1,1,200,200,17,200,0,42,200
0,200,30,1,2,0,1,14,2,2,0,0,0,1,1,200,200,17,200,1,59,200
0,200,30,1,2,0,1,14,1,4,0,0,0,0,200,200,200,23,22,0,45,200
0,200,30,1,2,0,1,14,1,4,0,0,0,0,200,200,200,23,22,0,40,200
0,200,30,0,0,0,1,10,6,200,0,0,0,0,200,200,200,18,200,1,50,200
0,200,30,0,0,0,1,10,6,200,0,0,0,0,200,200,200,18,200,0,58,200
0,200,30,1,2,200,200,10,2,200,0,200,200,0,200,200,200,0,0,0,200,200
0,200,30,1,2,200,200,10,2,200,0,200,200,0,200,200,200,0,0,0,34,200
1,200,30,1,2,200,200,10,2,200,0,200,200,0,200,200,200,0,0,1,9,200
1,200,30,1,2,200,200,10,2,200,0,200,200,0,200,200,200,0,0,1,7,200
0,200,30,1,2,0,1,10,3,4,0,0,0,1,200,200,200,18,27,0,55,200
0,200,30,1,2,0,1,10,3,4,0,0,0,1,200,200,200,18,27,0,34,200
0,200,20,0,0,0,3,7,6,200,0,0,0,0,200,200,1,0,200,2,200,200
0,200,30,0,0,0,1,12,12,200,0,0,0,0,200,200,200,11,0,0,200,200
0,200,30,0,0,0,1,12,12,200,0,0,0,0,200,200,200,11,0,0,200,200
0,200,30,1,2,0,1,12,5,2,0,0,200,0,200,200,200,21,17,0,200,200
0,200,30,1,2,0,1,12,5,2,0,0,200,0,200,200,200,21,17,0,66,200
0,200,25,0,0,0,0,7,5,200,0,0,0,0,200,200,1,0,0,2,200,200
0,1,35,1,2,0,3,2,2,4,0,1,0,0,200,1,1,0,200,2,200,200
0,200,30,0,0,0,1,0,6,1,0,0,0,0,200,200,200,20,27,0,55,200
0,200,30,2,2,0,1,0,5,200,0,0,0,0,1,200,200,17,17,1,40,200
0,200,30,2,2,0,1,0,5,200,0,0,0,0,1,200,200,17,17,1,36,200
0,200,35,1,2,0,1,14,5,200,0,0,0,0,200,200,200,200,200,1,42,200
0,200,35,1,2,0,1,14,5,200,0,0,0,0,200,200,200,200,200,0,68,200
0,200,30,1,2,0,1,14,2,6,0,0,0,1,1,200,200,17,17,1,38,200
0,200,30,1,2,0,1,14,2,6,0,0,0,1,1,200,200,17,17,1,53,200
5,200,40,1,2,0,1,9,2,10,0,0,0,1,200,200,0,0,200,1,27,200
0,200,40,1,2,0,1,9,2,10,0,0,0,1,200,200,0,0,200,1,37,200
0,200,30,0,200,0,0,2,3,4,0,0,0,0,200,200,200,16,21,0,59,200
0,200,30,0,200,0,0,2,3,4,0,0,0,0,200,200,200,16,21,1,20,200
0,200,30,0,200,0,0,2,3,4,0,0,0,0,200,200,200,16,21,0,25,200
0,200,30,0,0,0,1,7,5,2,0,0,0,1,200,200,200,0,0,2,200,200
0,200,30,0,0,0,1,7,2,2,0,0,0,0,200,200,200,200,0,0,63,200
0,200,30,1,2,1,2,12,5,2,0,1,0,0,1,200,200,0,200,1,35,200
0,200,30,1,2,1,2,12,5,2,0,1,0,0,1,200,200,0,200,0,42,200
0,1,25,1,3,0,1,12,3,200,0,0,0,0,1,200,200,200,200,1,64,200
0,1,25,1,3,0,1,12,3,200,0,0,0,0,1,200,200,200,200,1,37,200
0,200,30,2,2,0,1,0,5,2,0,0,0,1,1,200,200,0,0,0,23,200
0,200,30,2,2,0,1,0,5,2,0,0,0,1,1,200,200,0,0,0,30,200
0,200,25,0,0,0,1,10,5,4,0,0,0,0,200,200,1,18,14,2,200,200
0,200,25,0,0,0,1,10,5,4,0,0,0,0,200,200,1,18,14,0,49,200
0,200,40,1,2,0,1,10,6,2,0,0,0,0,200,200,200,18,200,0,50,200
0,200,40,1,2,0,1,10,6,2,0,0,0,0,200,200,200,18,200,1,43,200
0,1,35,0,0,0,3,7,5,2,0,0,0,0,200,200,200,21,21,0,200,200
0,200,30,2,2,0,1,0,5,0,0,0,0,0,1,200,200,17,17,0,80,200
0,200,30,2,2,0,1,0,5,0,0,0,0,0,1,200,200,17,17,0,200,200
0,200,30,0,0,200,1,5,5,1,0,200,0,0,200,200,200,0,0,1,23,200
0,200,30,0,0,0,1,7,6,1,0,0,0,0,200,200,1,0,0,0,200,200
1,200,30,0,0,0,1,7,6,1,0,0,0,0,200,200,1,0,0,0,200,200
0,200,30,0,0,0,1,7,5,200,0,0,0,1,200,200,200,11,11,1,95,200
0,200,30,0,0,0,200,7,5,2,0,0,0,0,200,200,200,0,200,2,200,200
0,200,45,0,0,0,1,5,5,200,0,0,1,0,200,200,200,29,29,0,40,200
0,200,25,0,0,0,1,14,5,1,0,0,0,0,200,200,200,200,200,0,52,200
0,200,25,0,0,0,1,14,5,1,0,0,0,0,200,200,200,200,200,0,40,200
5,200,35,2,2,0,1,9,2,200,0,0,0,1,1,200,200,17,200,1,66,200
0,200,35,2,2,0,1,9,2,200,0,0,0,1,1,200,200,17,200,1,33,200
1,200,35,2,2,0,1,9,2,200,0,0,0,1,1,200,200,17,200,0,11,200
1,200,35,2,2,0,1,9,2,200,0,0,0,1,1,200,200,17,200,1,10,200
0,200,30,0,0,0,1,11,7,200,0,0,0,0,200,200,200,0,0,1,36,200
0,200,30,0,0,0,1,11,7,200,0,0,0,0,200,200,200,0,0,0,28,200
1,200,30,0,0,0,1,11,7,200,0,0,0,0,200,200,200,0,0,1,28,200
0,200,5,0,0,0,1,7,7,200,0,0,0,0,200,200,200,16,200,1,75,200
0,200,10,0,0,0,1,7,2,200,0,0,0,0,200,200,1,0,200,2,200,200
0,200,25,0,0,0,1,7,6,1,0,0,0,0,200,200,1,0,0,2,200,200
0,200,30,2,2,0,200,14,5,2,0,0,0,0,200,200,1,23,23,2,200,200
0,200,30,2,2,0,200,14,5,2,0,0,0,0,200,200,1,23,23,1,21,200
0,200,25,1,2,0,1,10,5,200,0,0,0,0,200,200,1,15,200,0,200,200
0,200,25,1,2,0,1,10,5,200,0,0,0,0,200,200,1,15,200,1,24,200
0,1,30,1,2,0,1,12,6,200,0,0,0,0,200,200,200,0,0,0,23,200
0,1,30,1,2,0,1,12,6,200,0,0,0,0,200,200,200,0,0,0,69,200
0,200,35,0,0,200,200,7,5,2,0,200,200,0,200,200,1,0,200,2,200,200
0,200,30,0,0,2,1,0,5,2,0,0,0,1,200,200,200,0,0,1,57,200
1,200,30,0,0,2,1,0,5,2,0,0,0,1,200,200,200,0,0,1,33,200
1,200,30,0,0,2,1,0,5,2,0,0,0,1,200,200,200,0,0,0,37,200
0,200,30,0,0,200,200,7,6,200,0,0,0,0,200,200,1,0,0,2,200,200
0,200,30,1,2,0,1,10,5,2,0,0,0,1,1,200,200,16,16,1,89,200
0,200,30,1,2,0,1,10,5,2,0,0,0,1,1,200,200,16,16,0,51,200
0,200,40,0,0,0,1,10,5,2,0,0,0,1,200,200,200,18,16,0,30,200
0,200,40,0,0,0,1,10,5,2,0,0,0,1,200,200,200,18,16,0,43,200
0,200,30,0,0,0,1,7,7,200,0,0,0,0,200,200,1,0,0,1,200,200
0,200,30,0,0,0,1,0,12,2,0,0,0,0,200,1,200,17,200,0,30,200
0,200,30,0,0,0,1,0,12,2,0,0,0,0,200,1,200,17,200,0,200,200
0,200,30,1,2,0,1,14,5,4,0,0,0,0,1,200,200,23,21,1,25,200
0,200,30,1,2,0,1,14,5,4,0,0,0,0,1,200,200,23,21,0,53,200
0,200,20,0,0,0,2,7,5,2,2,0,0,1,200,200,200,13,0,0,18,200
0,200,30,0,0,0,1,10,2,2,0,0,0,1,200,200,200,20,200,0,56,200
0,200,30,0,0,0,1,10,2,2,0,0,0,1,200,200,200,20,200,1,33,200
1,200,30,0,0,0,1,10,2,2,0,0,0,1,200,200,200,20,200,0,38,200
0,200,30,0,0,0,1,12,6,200,0,0,0,0,200,200,200,11,200,0,43,200
0,200,30,0,0,0,1,12,6,200,0,0,0,0,200,200,200,11,200,0,67,200
0,200,30,0,0,0,1,7,7,2,0,0,0,0,200,200,1,17,17,2,200,200
0,200,30,0,0,0,1,14,1,200,0,0,0,0,200,200,200,0,0,0,56,200
0,200,30,0,0,0,1,14,1,200,0,0,0,0,200,200,200,0,0,1,43,200
0,200,30,0,0,0,1,12,12,200,0,0,0,0,200,200,200,11,0,1,200,200
0,200,30,0,0,0,1,12,12,200,0,0,0,0,200,200,200,11,0,1,200,200
0,200,25,0,0,0,1,7,6,1,0,0,0,1,200,200,1,0,0,0,200,200
0,200,30,0,0,0,1,0,3,4,0,0,0,1,1,200,200,17,17,0,39,200
0,200,30,0,0,0,1,0,3,4,0,0,0,1,1,200,200,17,17,0,37,200
1,200,30,0,0,0,1,0,3,4,0,0,0,1,1,200,200,17,17,1,38,200
0,200,30,0,0,0,1,7,12,0,0,0,0,0,200,200,200,0,200,0,200,200
0,200,30,0,0,0,1,7,5,200,0,0,0,0,200,200,200,0,200,0,76,200
1,200,30,0,0,0,1,7,5,200,0,0,0,0,200,200,200,0,200,0,200,200
0,200,20,0,0,0,1,7,6,1,0,0,0,0,200,200,1,0,0,2,200,200
0,200,30,1,2,0,1,14,5,4,0,200,200,0,200,200,1,0,0,2,200,200
0,200,30,1,2,0,1,14,5,4,0,200,200,0,200,200,1,0,0,0,70,200
0,200,30,1,2,0,1,10,5,2,0,0,0,0,200,200,200,18,200,1,83,200
0,200,30,1,2,0,1,10,5,2,0,0,0,0,200,200,200,18,200,1,74,200
0,200,30,1,2,0,1,10,5,2,0,0,0,0,200,200,200,18,200,0,63,200
0,200,30,1,2,0,1,0,5,5,0,0,0,1,1,200,200,17,0,1,68,200
0,200,30,1,2,0,1,0,5,5,0,0,0,1,1,200,200,17,0,0,35,200
1,200,30,1,2,0,1,0,5,5,0,0,0,1,1,200,200,17,0,1,65,200
0,200,30,1,2,0,1,14,5,4,0,0,0,1,1,200,200,22,0,2,200,200
0,200,30,1,2,0,1,14,5,4,0,0,0,1,1,200,200,22,0,0,65,200
1,200,30,1,2,0,1,14,5,4,0,0,0,1,1,200,200,22,0,1,64,200