PERSON_TYPE,CRASH_DATE_EST_I,POSTED_SPEED_LIMIT,TRAFFIC_CONTROL_DEVICE,DEVICE_CONDITION,WEATHER_CONDITION,LIGHTING_CONDITION,FIRST_CRASH_TYPE,TRAFFICWAY_TYPE,LANE_CNT,ALIGNMENT,ROADWAY_SURFACE_COND,ROAD_DEFECT,CRASH_TYPE,INTERSECTION_RELATED_I,NOT_RIGHT_OF_WAY_I,HIT_AND_RUN_I,PRIM_CONTRIBUTORY_CAUSE,SEC_CONTRIBUTORY_CAUSE,SEX,AGE,BAC_RESULT VALUE
1,200,30,1,2,0,1,14,5,4,0,0,0,1,1,200,200,22,0,0,66,200
0,200,30,0,0,0,1,10,5,2,0,0,0,0,200,200,1,18,200,0,200,200
0,200,30,0,0,0,1,10,5,2,0,0,0,0,200,200,1,18,200,0,23,200
1,200,30,0,0,0,1,10,5,2,0,0,0,0,200,200,1,18,200,0,200,200
1,200,30,0,0,0,1,10,5,2,0,0,0,0,200,200,1,18,200,0,200,200
1,200,30,0,0,0,1,10,5,2,0,0,0,0,200,200,1,18,200,0,23,200
0,1,10,0,0,200,200,2,0,200,0,200,0,0,200,1,1,0,200,2,200,200
0,200,30,0,0,0,1,7,2,200,0,0,0,0,200,200,1,16,16,2,200,200
1,200,30,0,0,0,1,7,2,200,0,0,0,0,200,200,1,16,16,1,38,200
0,200,30,1,2,0,1,10,2,200,0,0,0,0,1,200,200,18,11,0,32,200
0,200,30,1,2,0,1,10,2,200,0,0,0,0,1,200,200,18,11,0,75,200
0,200,30,1,2,0,1,8,5,2,0,0,0,0,200,200,0,21,4,0,51,200
4,200,30,1,2,0,1,8,5,2,0,0,0,0,200,200,0,21,4,0,200,200
0,200,30,2,2,4,0,14,5,4,0,200,200,0,200,200,1,0,0,2,200,200
0,200,30,2,2,4,0,14,5,4,0,200,200,0,200,200,1,0,0,1,43,200
0,200,30,2,2,200,200,9,5,2,0,200,200,1,1,200,1,0,200,2,200,200
5,200,30,2,2,200,200,9,5,2,0,200,200,1,1,200,1,0,200,0,200,200
0,1,30,2,2,0,1,0,2,200,0,0,0,0,200,200,200,17,0,0,200,200
0,1,30,2,2,0,1,0,2,200,0,0,0,0,200,200,200,17,0,1,35,200
0,1,20,0,0,0,1,7,6,1,0,0,0,0,200,200,1,0,0,2,200,200
0,200,30,1,2,200,1,12,6,3,0,200,200,0,200,200,1,0,0,2,200,200
0,200,30,1,2,200,1,12,6,3,0,200,200,0,200,200,1,0,0,1,40,200
0,200,30,0,0,0,1,12,2,4,0,0,0,0,200,200,1,17,17,0,200,200
0,200,30,0,0,0,1,12,2,4,0,0,0,0,200,200,1,17,17,0,27,200
0,200,25,0,0,0,1,7,5,2,0,0,0,0,200,200,200,33,200,0,46,200
0,200,30,2,2,0,1,14,2,2,2,0,0,1,1,200,200,23,8,0,27,200
0,200,30,2,2,0,1,14,2,2,2,0,0,1,1,200,200,23,8,1,21,200
0,200,25,0,0,0,1,7,5,200,0,0,0,0,200,200,200,0,0,0,83,200
0,200,20,0,0,0,1,7,7,2,0,0,0,0,200,200,200,0,0,2,200,200
0,200,15,0,0,0,1,0,0,200,0,0,0,0,200,200,1,8,200,0,200,200
0,200,15,0,0,0,1,0,0,200,0,0,0,0,200,200,1,8,200,0,47,200
0,200,30,2,2,0,1,0,5,200,0,0,0,0,1,200,0,0,0,0,59,200
0,200,30,2,2,0,1,0,5,200,0,0,0,0,1,200,0,0,0,0,28,200
0,200,15,0,0,0,1,14,7,200,0,0,0,0,200,200,200,0,0,1,27,200
0,200,15,0,0,0,1,14,7,200,0,0,0,0,200,200,200,0,0,0,49,200
0,200,20,0,0,0,1,10,7,2,0,0,200,0,200,200,200,0,200,1,40,200
0,200,20,0,0,0,1,10,7,2,0,0,200,0,200,200,200,0,200,0,32,200
1,200,20,0,0,0,1,10,7,2,0,0,200,0,200,200,200,0,200,0,4,200
1,200,20,0,0,0,1,10,7,2,0,0,200,0,200,200,200,0,200,0,1,200
4,200,30,0,0,0,1,8,5,200,0,1,0,1,200,200,200,17,0,0,35,200
1,200,30,0,0,0,1,8,5,200,0,1,0,1,200,200,200,17,0,0,60,200
0,1,30,0,0,0,1,7,2,4,0,0,0,0,200,200,1,0,200,2,200,200
0,200,30,0,0,0,1,12,2,6,0,0,0,1,200,200,200,17,16,1,45,200
0,200,30,0,0,0,1,12,2,6,0,0,0,1,200,200,200,17,16,0,56,200
0,200,30,2,2,0,1,8,5,2,0,0,4,1,1,200,200,17,7,1,52,200
4,200,30,2,2,0,1,8,5,2,0,0,4,1,1,200,200,17,7,0,200,200
1,200,30,2,2,0,1,8,5,2,0,0,4,1,1,200,200,17,7,0,200,200
0,200,30,1,2,0,1,12,5,200,0,0,0,0,200,200,200,16,200,0,45,200
0,200,30,1,2,0,1,12,5,200,0,0,0,0,200,200,200,16,200,0,42,200
1,200,30,1,2,0,1,12,5,200,0,0,0,0,200,200,200,16,200,1,41,200
0,200,30,2,2,0,1,0,2,200,0,0,0,1,1,200,200,0,17,1,36,200
0,200,30,2,2,0,1,0,2,200,0,0,0,1,1,200,200,0,17,0,31,200
0,200,30,0,0,0,1,11,5,200,0,0,0,0,200,200,200,0,0,0,24,200
0,200,30,0,0,0,1,11,5,200,0,0,0,0,200,200,200,0,0,0,25,200
0,1,30,1,1,0,1,10,2,200,0,0,0,0,1,200,200,0,0,1,32,200
0,1,30,1,1,0,1,10,2,200,0,0,0,0,1,200,200,0,0,0,45,200
0,200,30,0,0,0,1,14,5,200,0,0,0,0,1,200,200,23,200,1,26,200
0,200,30,0,0,0,1,14,5,200,0,0,0,0,1,200,200,23,200,0,33,200
1,200,30,0,0,0,1,14,5,200,0,0,0,0,1,200,200,23,200,0,200,200
0,200,30,1,2,0,1,0,5,6,0,0,0,1,200,200,200,0,0,0,50,200
0,200,30,1,2,0,1,0,5,6,0,0,0,1,200,200,200,0,0,1,31,200
0,200,30,0,0,0,1,7,7,1,0,0,0,0,200,200,200,200,200,0,25,200
0,200,20,0,0,0,1,7,5,2,0,0,0,0,200,200,200,0,0,0,60,200
0,200,30,1,2,0,1,10,2,2,0,0,0,1,1,200,200,16,6,0,19,200
0,200,30,1,2,0,1,10,2,2,0,0,0,1,1,200,200,16,6,0,200,200
0,200,30,1,2,0,1,10,2,2,0,0,0,1,1,200,200,16,6,0,57,200
0,200,15,0,0,200,200,7,5,2,0,200,0,0,200,200,1,0,0,2,200,200
0,200,20,0,0,0,1,10,7,0,0,0,0,0,200,200,200,200,200,1,200,200
0,200,20,0,0,0,1,10,7,0,0,0,0,0,200,200,200,200,200,0,200,200
0,200,10,0,0,0,1,10,7,200,0,200,200,0,200,1,200,18,200,0,23,200
0,200,10,0,0,0,1,10,7,200,0,200,200,0,200,1,200,18,200,1,38,200
0,200,30,0,0,0,1,7,5,200,0,0,0,0,200,200,1,200,200,2,200,200
0,200,30,0,0,0,1,10,7,200,0,0,0,0,200,1,200,200,200,0,200,200
0,200,30,0,0,0,1,10,7,200,0,0,0,0,200,1,200,200,200,1,45,200
1,200,30,0,0,0,1,10,7,200,0,0,0,0,200,1,200,200,200,1,200,200
1,200,30,0,0,0,1,11,5,2,0,0,0,0,200,200,200,20,17,1,34,200
1,200,30,0,0,0,1,11,5,2,0,0,0,0,200,200,200,20,17,0,18,200
0,200,30,0,0,0,1,11,5,2,0,0,0,0,200,200,200,20,17,1,21,200
0,200,30,0,0,0,1,11,5,2,0,0,0,0,200,200,200,20,17,0,22,200
0,200,30,0,0,0,3,7,5,200,0,0,0,0,200,200,1,0,200,2,200,200
0,200,35,0,0,0,1,7,5,200,0,0,0,0,200,200,1,0,0,2,200,200
0,1,30,0,0,0,3,2,5,4,0,0,0,0,200,1,1,0,0,2,200,200
0,200,30,1,200,0,1,12,5,2,0,0,0,0,200,200,1,25,25,0,200,200
0,200,30,1,200,0,1,12,5,2,0,0,0,0,200,200,1,25,25,0,28,200
0,200,30,0,0,0,1,10,7,200,0,0,0,0,200,1,200,20,0,0,31,200
0,200,30,0,0,0,1,10,7,200,0,0,0,0,200,1,200,20,0,1,24,200
0,200,30,0,0,0,1,7,7,200,0,0,0,0,200,200,200,200,200,0,20,200
1,200,30,0,0,0,1,7,7,200,0,0,0,0,200,200,200,200,200,0,200,200
1,200,30,0,0,0,1,7,7,200,0,0,0,0,200,200,200,200,200,1,200,200
1,200,30,0,0,0,1,7,7,200,0,0,0,0,200,200,200,200,200,0,200,200
0,200,30,0,0,0,1,10,5,2,0,0,200,0,200,200,200,0,0,0,30,200
0,200,30,0,0,0,1,10,5,2,0,0,200,0,200,200,200,0,0,1,60,200
0,200,30,1,2,0,1,11,5,200,0,0,0,0,1,200,200,0,0,0,54,200
0,200,30,1,2,0,1,11,5,200,0,0,0,0,1,200,200,0,0,0,52,200
0,200,35,0,0,200,1,10,5,200,0,0,0,0,200,200,200,0,200,1,200,200
0,200,35,0,0,200,1,10,5,200,0,0,0,0,200,200,200,0,200,1,200,200
0,200,30,1,2,0,1,10,5,200,0,0,0,1,1,200,1,18,200,1,200,200
0,200,30,1,2,0,1,10,5,200,0,0,0,1,1,200,1,18,200,0,46,200
1,200,30,1,2,0,1,10,5,200,0,0,0,1,1,200,1,18,200,1,46,200
1,200,30,1,2,0,1,10,5,200,0,0,0,1,1,200,1,18,200,1,9,200
0,200,30,0,0,200,200,2,7,200,0,200,0,0,200,1,200,4,0,2,200,200
0,200,30,0,0,0,0,7,5,200,0,0,0,0,200,200,1,0,200,2,200,200
0,200,30,0,0,0,1,12,5,200,0,0,0,0,200,200,200,200,200,0,22,200
0,200,30,0,0,0,1,12,5,200,0,0,0,0,200,200,200,200,200,1,23,200
1,200,30,0,0,0,1,12,5,200,0,0,0,0,200,200,200,200,200,0,200,200
1,200,30,0,0,0,1,12,5,200,0,0,0,0,200,200,200,200,200,1,200,200
1,200,30,0,0,0,1,12,5,200,0,0,0,0,200,200,200,200,200,0,200,200
0,200,35,2,0,0,1,0,5,200,0,0,0,1,1,0,1,17,200,0,24,200
0,200,35,2,0,0,1,0,5,200,0,0,0,1,1,0,1,17,200,0,0,200
0,200,35,2,0,0,1,0,5,200,0,0,0,1,1,0,1,17,200,2,200,200
1,200,35,2,0,0,1,0,5,200,0,0,0,1,1,0,1,17,200,2,200,200
0,200,30,0,0,0,1,12,5,200,0,0,0,0,200,200,200,200,200,0,64,200
0,200,30,0,0,0,1,12,5,200,0,0,0,0,200,200,200,200,200,0,80,200
0,200,30,0,0,0,1,7,7,200,0,0,0,0,200,200,200,7,200,0,42,200
0,200,30,1,2,0,1,10,2,5,0,0,0,0,200,200,200,18,0,0,200,200
0,200,30,1,2,0,1,10,2,5,0,0,0,0,200,200,200,18,0,0,57,200
1,200,30,1,2,0,1,10,2,5,0,0,0,0,200,200,200,18,0,0,200,200
0,200,15,0,0,0,1,5,0,1,0,0,0,0,200,200,200,200,200,0,39,200
4,200,30,0,0,0,1,8,5,1,0,0,0,0,200,200,200,35,200,0,200,200
0,200,30,0,0,0,1,8,5,1,0,0,0,0,200,200,200,35,200,0,71,200
0,200,30,1,2,0,1,10,2,200,0,0,0,0,1,200,200,18,200,0,38,200
0,200,30,1,2,0,1,10,2,200,0,0,0,0,1,200,200,18,200,1,59,200
0,1,30,0,0,200,200,7,5,200,0,200,200,0,200,200,1,0,0,2,200,200
0,200,30,2,1,0,1,12,5,200,0,0,200,0,200,200,200,0,200,0,21,200
0,200,30,2,1,0,1,12,5,200,0,0,200,0,200,200,200,0,200,1,81,200
0,200,0,0,0,0,1,10,7,0,0,0,0,0,200,1,200,0,0,2,200,200
0,200,0,0,0,0,1,10,7,0,0,0,0,0,200,1,200,0,0,0,23,200
0,200,30,0,0,0,1,12,5,2,0,0,0,0,200,200,200,0,0,1,20,200
0,200,30,0,0,0,1,12,5,2,0,0,0,0,200,200,200,0,0,0,54,200
1,200,30,0,0,0,1,12,5,2,0,0,0,0,200,200,200,0,0,0,1,200
0,200,30,0,0,0,1,12,5,4,0,0,0,0,200,200,200,0,0,1,17,200
0,200,30,0,0,0,1,12,5,4,0,0,0,0,200,200,200,0,0,0,64,200
0,200,30,2,2,0,3,14,12,0,0,0,0,0,1,200,200,0,0,1,200,200
0,200,30,2,2,0,3,14,12,0,0,0,0,0,1,200,200,0,0,0,200,200
0,200,30,0,0,0,1,12,5,200,0,0,0,0,200,200,200,21,200,0,200,200
0,200,30,0,0,0,1,12,5,200,0,0,0,0,200,200,200,21,200,0,25,200
0,200,30,2,2,0,1,10,2,200,0,0,0,0,200,200,200,20,0,0,47,200
0,200,30,2,2,0,1,10,2,200,0,0,0,0,200,200,200,20,0,1,35,200
0,200,30,2,2,0,1,0,5,200,0,0,0,0,200,200,200,200,200,0,61,200
0,200,30,2,2,0,1,0,5,200,0,0,0,0,200,200,200,200,200,0,61,200
0,200,30,1,2,0,1,14,5,2,0,0,0,1,1,200,200,17,0,1,79,200
0,200,30,1,2,0,1,14,5,2,0,0,0,1,1,200,200,17,0,0,58,200
5,200,25,0,0,0,1,9,5,200,0,0,0,1,200,200,200,0,200,0,30,200
0,200,25,0,0,0,1,9,5,200,0,0,0,1,200,200,200,0,200,0,29,200
0,200,10,0,0,0,4,7,7,200,0,0,200,0,200,200,200,0,200,1,59,200
0,200,30,0,0,0,3,7,5,200,0,0,0,1,200,200,1,0,0,2,200,200
0,200,35,0,0,0,1,12,5,2,0,0,0,1,200,200,200,22,23,0,29,200
0,200,35,0,0,0,1,12,5,2,0,0,0,1,200,200,200,22,23,0,22,200
1,200,35,0,0,0,1,12,5,2,0,0,0,1,200,200,200,22,23,1,22,200
1,200,35,0,0,0,1,12,5,2,0,0,0,1,200,200,200,22,23,1,0,200
1,200,35,0,0,0,1,12,5,2,0,0,0,1,200,200,200,22,23,1,2,200
0,200,30,1,2,0,1,14,2,2,0,0,0,1,200,200,200,23,16,0,39,200
0,200,30,1,2,0,1,14,2,2,0,0,0,1,200,200,200,23,16,0,29,200
1,200,30,1,2,0,1,14,2,2,0,0,0,1,200,200,200,23,16,0,33,200
0,200,30,0,0,0,1,12,5,2,0,0,0,0,200,200,1,22,200,2,200,200
0,200,30,0,0,0,1,12,5,2,0,0,0,0,200,200,1,22,200,0,56,200
0,200,25,0,0,0,1,10,5,2,0,0,0,0,200,200,1,18,200,0,200,200
0,200,25,0,0,0,1,10,5,2,0,0,0,0,200,200,1,18,200,1,79,200
1,200,25,0,0,0,1,10,5,2,0,0,0,0,200,200,1,18,200,0,51,200
1,200,25,0,0,0,1,10,5,2,0,0,0,0,200,200,1,18,200,0,49,200
0,200,35,1,2,0,1,14,1,0,0,0,0,1,1,200,200,23,17,0,26,200
0,200,35,1,2,0,1,14,1,0,0,0,0,1,1,200,200,23,17,1,54,200
0,200,30,1,200,0,1,0,2,200,0,0,0,0,1,200,200,0,0,1,29,200
0,200,30,1,200,0,1,0,2,200,0,0,0,0,1,200,200,0,0,1,57,200
0,200,30,1,2,0,1,14,5,4,0,0,0,0,1,200,200,22,21,0,0,200
0,200,30,1,2,0,1,14,5,4,0,0,0,0,1,200,200,22,21,1,44,200
1,200,30,1,2,0,1,14,5,4,0,0,0,0,1,200,200,22,21,1,12,200
1,200,30,1,2,0,1,14,5,4,0,0,0,0,1,200,200,22,21,1,7,200
0,200,35,0,0,0,1,10,7,0,0,0,0,0,200,1,200,20,20,0,24,200
0,200,35,0,0,0,1,10,7,0,0,0,0,0,200,1,200,20,20,0,29,200
0,200,30,1,2,0,1,14,2,4,0,0,0,1,1,200,200,0,0,1,19,200
0,200,30,1,2,0,1,14,2,4,0,0,0,1,1,200,200,0,0,1,32,200
0,200,30,1,2,0,1,10,5,200,0,0,0,0,1,200,200,0,200,0,200,200
0,200,30,1,2,0,1,10,5,200,0,0,0,0,1,200,200,0,200,0,27,200
0,200,30,0,0,200,200,7,6,200,0,200,200,0,200,200,1,0,200,2,200,200
0,1,30,1,2,0,1,10,5,200,0,0,0,0,1,200,200,0,200,0,22,200
0,1,30,1,2,0,1,10,5,200,0,0,0,0,1,200,200,0,200,1,30,200
1,1,30,1,2,0,1,10,5,200,0,0,0,0,1,200,200,0,200,0,200,200
1,1,30,1,2,0,1,10,5,200,0,0,0,0,1,200,200,0,200,0,200,200
0,200,30,9,0,0,1,14,6,2,0,0,0,0,200,200,1,18,200,1,200,200
0,200,30,9,0,0,1,14,6,2,0,0,0,0,200,200,1,18,200,0,68,200
0,200,30,1,2,0,1,12,6,200,0,0,0,0,200,200,200,21,200,1,44,200
0,200,30,1,2,0,1,12,6,200,0,0,0,0,200,200,200,21,200,0,31,200
0,200,30,0,0,0,1,12,5,4,0,0,200,0,200,200,200,22,0,1,200,200
0,200,30,0,0,0,1,12,5,4,0,0,200,0,200,200,200,22,0,1,70,200
0,200,30,1,2,0,1,12,3,2,0,0,0,0,200,200,200,0,0,0,200,200
0,200,30,1,2,0,1,12,3,2,0,0,0,0,200,200,200,0,0,1,200,200
0,200,30,1,2,0,1,12,2,4,0,0,0,0,200,200,200,0,16,0,57,200
0,200,30,1,2,0,1,12,2,4,0,0,0,0,200,200,200,0,16,1,23,200
0,200,30,0,0,0,1,7,5,200,0,0,0,0,200,200,200,0,200,0,42,200
0,200,30,1,2,0,1,12,5,200,0,0,0,0,1,200,200,200,200,1,26,200
0,200,30,1,2,0,1,12,5,200,0,0,0,0,1,200,200,200,200,0,48,200
1,200,30,1,2,0,1,12,5,200,0,0,0,0,1,200,200,200,200,1,200,200
0,200,30,2,2,0,1,10,5,2,0,0,0,0,200,200,200,18,18,1,84,200
0,200,30,2,2,0,1,10,5,2,0,0,0,0,200,200,200,18,18,0,200,200
0,200,30,0,0,0,1,7,7,2,0,0,200,0,200,200,1,0,0,2,200,200
0,200,30,0,0,0,1,10,5,200,0,0,0,0,200,200,200,18,200,0,27,200
0,200,30,0,0,0,1,10,5,200,0,0,0,0,200,200,200,18,200,0,50,200
0,200,30,1,2,0,1,10,5,2,0,0,0,0,200,200,200,200,200,0,200,200
0,200,30,1,2,0,1,10,5,2,0,0,0,0,200,200,200,200,200,1,200,200
0,1,30,2,2,0,1,0,5,4,0,0,200,1,1,200,200,17,200,0,25,200
0,1,30,2,2,0,1,0,5,4,0,0,200,1,1,200,200,17,200,0,47,200
1,1,30,2,2,0,1,0,5,4,0,0,200,1,1,200,200,17,200,1,0,200
0,200,30,1,2,0,1,12,1,6,0,0,0,0,200,200,1,0,0,0,200,200
0,200,30,1,2,0,1,12,1,6,0,0,0,0,200,200,1,0,0,0,33,200
0,200,30,200,200,0,1,12,5,2,0,0,0,0,200,200,200,17,200,1,47,200
0,200,30,200,200,0,1,12,5,2,0,0,0,0,200,200,200,17,200,1,41,200
0,200,35,0,0,0,1,7,5,200,0,0,0,0,200,200,1,0,200,2,200,200
0,200,30,1,2,0,1,12,6,200,0,0,0,0,200,200,1,21,200,0,200,200
0,200,30,1,2,0,1,12,6,200,0,0,0,0,200,200,1,21,200,0,32,200
0,200,10,0,0,0,1,7,7,200,0,0,0,0,200,200,200,0,0,1,200,200
0,200,0,0,0,0,1,12,2,200,0,0,0,0,200,200,200,17,200,1,63,200
0,200,0,0,0,0,1,12,2,200,0,0,0,0,200,200,200,17,200,0,50,200
0,200,10,0,0,0,1,2,7,200,0,200,200,0,200,1,200,0,200,0,71,200
0,200,30,1,2,0,1,10,5,200,0,0,0,0,200,200,200,18,200,0,200,200
0,200,30,1,2,0,1,10,5,200,0,0,0,0,200,200,200,18,200,1,62,200
0,200,30,0,0,200,200,7,2,2,0,200,0,0,200,200,1,0,200,0,200,200
0,200,30,2,2,0,1,0,5,2,0,0,0,1,1,1,200,17,33,1,25,200
0,200,30,2,2,0,1,0,5,2,0,0,0,1,1,1,200,17,33,1,69,200
1,200,30,2,2,0,1,0,5,2,0,0,0,1,1,1,200,17,33,1,53,200
1,200,30,2,2,0,1,0,5,2,0,0,0,1,1,1,200,17,33,0,46,200
0,200,30,0,0,0,1,7,6,200,0,0,0,0,200,200,1,200,200,2,200,200
0,200,30,0,0,0,1,11,5,200,0,0,0,0,200,200,200,0,200,0,45,200
0,200,30,0,0,0,1,11,5,200,0,0,0,0,200,200,200,0,200,1,53,200
0,200,30,0,0,0,1,7,2,200,0,0,0,0,200,200,200,0,200,1,65,200
0,200,30,0,0,0,1,7,3,4,0,0,0,0,200,200,200,20,200,0,200,200
1,200,30,0,0,0,1,7,3,4,0,0,0,0,200,200,200,20,200,0,30,200
1,200,30,0,0,0,1,7,3,4,0,0,0,0,200,200,200,20,200,0,200,200
0,200,5,0,0,0,1,2,7,1,0,0,0,1,200,1,200,0,200,1,63,200
0,200,30,0,0,0,1,10,5,4,0,0,0,0,200,200,200,18,200,1,18,200
0,200,30,0,0,0,1,10,5,4,0,0,0,0,200,200,200,18,200,0,60,200
1,200,30,0,0,0,1,10,5,4,0,0,0,0,200,200,200,18,200,0,200,200
0,200,30,1,2,0,1,14,2,200,0,0,0,1,1,200,200,17,200,1,75,200
0,200,30,1,2,0,1,14,2,200,0,0,0,1,1,200,200,17,200,0,37,200
0,200,30,1,2,0,1,10,5,200,0,0,0,0,200,200,200,18,18,0,35,200
0,200,30,1,2,0,1,10,5,200,0,0,0,0,200,200,200,18,18,0,59,200
0,200,30,0,0,200,200,12,5,200,0,200,200,0,200,200,200,0,200,0,200,200
0,200,30,0,0,200,200,12,5,200,0,200,200,0,200,200,200,0,200,1,71,200
0,200,30,1,2,0,1,10,2,4,0,0,0,1,1,200,200,16,0,0,81,200
0,200,30,1,2,0,1,10,2,4,0,0,0,1,1,200,200,16,0,1,50,200
0,200,25,0,0,200,1,7,6,1,0,0,0,0,200,200,1,0,0,2,200,200
0,200,35,1,2,0,1,10,2,2,0,0,0,0,1,200,200,6,7,0,31,200
0,200,35,1,2,0,1,10,2,2,0,0,0,0,1,200,200,6,7,1,24,200
0,200,30,0,0,0,1,7,5,2,0,0,0,0,200,200,200,200,200,0,77,200
1,200,30,0,0,0,1,7,5,2,0,0,0,0,200,200,200,200,200,1,200,200
0,200,30,0,0,0,4,14,5,200,0,0,0,0,200,200,200,200,200,0,21,200
0,200,30,0,0,0,4,14,5,200,0,0,0,0,200,200,200,200,200,0,32,200
1,200,30,0,0,0,4,14,5,200,0,0,0,0,200,200,200,200,200,1,200,200
1,200,30,0,0,0,4,14,5,200,0,0,0,0,200,200,200,200,200,1,200,200
0,200,30,1,2,0,1,7,3,4,0,0,0,0,200,200,200,0,0,0,48,200
0,200,30,0,0,0,1,14,2,2,0,0,0,1,200,200,200,23,21,0,25,200
0,200,30,0,0,0,1,14,2,2,0,0,0,1,200,200,200,23,21,0,26,200
0,200,40,0,0,0,1,10,3,8,0,0,0,1,200,200,200,18,16,0,54,200
0,200,40,0,0,0,1,10,3,8,0,0,0,1,200,200,200,18,16,0,38,200
1,200,40,0,0,0,1,10,3,8,0,0,0,1,200,200,200,18,16,1,17,200
0,200,15,0,0,0,1,7,6,1,0,0,0,0,200,200,1,11,0,0,200,200
0,1,25,0,0,0,3,7,6,200,0,1,0,0,200,200,1,0,200,2,200,200
0,1,20,2,2,0,1,0,6,1,0,0,0,1,1,200,1,5,200,2,200,200
0,1,20,2,2,0,1,0,6,1,0,0,0,1,1,200,1,5,200,1,22,200
0,200,35,0,0,0,1,10,5,200,0,0,0,0,200,200,200,9,200,1,21,200
0,200,35,0,0,0,1,10,5,200,0,0,0,0,200,200,200,9,200,0,52,200
0,200,30,1,2,0,1,10,5,2,0,0,0,0,200,200,200,18,18,0,66,200
0,200,30,1,2,0,1,10,5,2,0,0,0,0,200,200,200,18,18,0,76,200
0,200,0,200,200,0,1,12,2,4,0,0,0,0,200,200,200,0,0,0,47,200
0,200,0,200,200,0,1,12,2,4,0,0,0,0,200,200,200,0,0,0,32,200
0,200,45,0,0,0,1,10,3,200,0,0,0,0,200,200,200,0,0,0,36,200
0,200,45,0,0,0,1,10,3,200,0,0,0,0,200,200,200,0,0,0,48,200
0,200,30,0,0,0,1,10,2,200,0,0,0,1,200,200,200,11,0,0,30,200
0,200,30,0,0,0,1,10,2,200,0,0,0,1,200,200,200,11,0,0,34,200
0,200,30,0,0,0,1,10,2,200,0,0,0,1,200,200,200,11,0,0,67,200
1,200,30,0,0,0,1,10,2,200,0,0,0,1,200,200,200,11,0,1,35,200
0,200,30,2,2,0,1,0,5,2,0,0,0,0,1,200,1,17,0,2,200,200
0,200,30,2,2,0,1,0,5,2,0,0,0,0,1,200,1,17,0,1,57,200
0,200,15,0,0,0,1,2,0,1,0,0,0,0,200,1,200,20,200,0,200,200
3,200,15,0,0,0,1,2,0,1,0,0,0,0,200,1,200,20,200,1,73,200
0,200,30,1,200,0,1,14,5,2,0,0,200,0,1,200,200,0,0,1,23,200
0,200,30,1,200,0,1,14,5,2,0,0,200,0,1,200,200,0,0,1,28,200
1,200,30,1,200,0,1,14,5,2,0,0,200,0,1,200,200,0,0,0,200,200
0,200,30,0,0,0,1,9,2,200,0,0,0,1,200,200,1,0,0,2,200,200
5,200,30,0,0,0,1,9,2,200,0,0,0,1,200,200,1,0,0,0,60,200
0,200,30,0,0,0,1,10,5,200,0,0,0,0,200,200,200,18,16,0,25,200
0,200,30,0,0,0,1,10,5,200,0,0,0,0,200,200,200,18,16,1,36,200
0,200,30,0,0,0,1,4,5,200,0,0,0,0,200,200,200,200,200,1,38,200
1,200,30,0,0,0,1,4,5,200,0,0,0,0,200,200,200,200,200,0,200,200
0,200,30,0,0,0,1,14,5,4,0,0,0,1,200,200,1,23,200,0,200,200
0,200,30,0,0,0,1,14,5,4,0,0,0,1,200,200,1,23,200,1,23,200
1,200,30,0,0,0,1,14,5,4,0,0,0,1,200,200,1,23,200,0,200,200
1,200,30,0,0,0,1,14,5,4,0,0,0,1,200,200,1,23,200,0,200,200
0,200,30,1,2,0,1,12,2,4,0,0,0,0,200,200,200,21,200,0,27,200
0,200,30,1,2,0,1,12,2,4,0,0,0,0,200,200,200,21,200,1,28,200
0,200,30,1,2,0,1,10,5,200,0,0,0,0,1,200,200,0,200,0,25,200
0,200,30,1,2,0,1,10,5,200,0,0,0,0,1,200,200,0,200,1,43,200
1,200,30,1,2,0,1,10,5,200,0,0,0,0,1,200,200,0,200,2,200,200
1,200,30,1,2,0,1,10,5,200,0,0,0,0,1,200,200,0,200,2,200,200
1,200,30,1,2,0,1,10,5,200,0,0,0,0,1,200,200,0,200,0,200,200
1,200,30,1,2,0,1,10,5,200,0,0,0,0,1,200,200,0,200,1,200,200
1,200,30,1,2,0,1,10,5,200,0,0,0,0,1,200,200,0,200,0,200,200
0,200,30,12,0,0,1,9,5,2,0,0,0,1,200,200,200,0,200,1,42,200
5,200,30,12,0,0,1,9,5,2,0,0,0,1,200,200,200,0,200,0,16,200
0,200,30,1,200,0,1,10,5,200,0,0,0,0,200,200,200,200,200,1,0,200
0,200,30,1,200,0,1,10,5,200,0,0,0,0,200,200,200,200,200,0,52,200
0,200,30,0,0,0,1,10,5,200,0,0,0,1,200,200,200,18,0,1,25,200
0,200,30,0,0,0,1,10,5,200,0,0,0,1,200,200,200,18,0,0,33,200
1,200,30,0,0,0,1,10,5,200,0,0,0,1,200,200,200,18,0,1,29,200
1,200,30,0,0,0,1,10,5,200,0,0,0,1,200,200,200,18,0,1,20,200
0,1,35,200,200,200,200,7,6,1,0,200,200,0,200,200,1,0,0,2,200,200
0,200,25,2,12,0,1,0,5,200,0,0,0,1,1,200,200,0,200,0,27,200
0,200,25,2,12,0,1,0,5,200,0,0,0,1,1,200,200,0,200,1,36,200
1,200,25,2,12,0,1,0,5,200,0,0,0,1,1,200,200,0,200,1,58,200