PERSON_TYPE,CRASH_DATE_EST_I,POSTED_SPEED_LIMIT,TRAFFIC_CONTROL_DEVICE,DEVICE_CONDITION,WEATHER_CONDITION,LIGHTING_CONDITION,FIRST_CRASH_TYPE,TRAFFICWAY_TYPE,LANE_CNT,ALIGNMENT,ROADWAY_SURFACE_COND,ROAD_DEFECT,CRASH_TYPE,INTERSECTION_RELATED_I,NOT_RIGHT_OF_WAY_I,HIT_AND_RUN_I,PRIM_CONTRIBUTORY_CAUSE,SEC_CONTRIBUTORY_CAUSE,SEX,AGE,BAC_RESULT VALUE
0,200,30,1,2,0,1,14,5,200,0,0,0,1,1,200,200,23,200,0,25,200
0,200,30,1,2,0,1,14,5,200,0,0,0,1,1,200,200,23,200,0,38,200
0,200,30,1,2,2,1,10,5,200,0,1,0,0,200,200,200,16,0,1,59,200
0,200,30,1,2,2,1,10,5,200,0,1,0,0,200,200,200,16,0,0,42,200
0,200,30,2,0,0,1,14,5,200,0,0,0,0,200,200,200,200,200,1,32,200
0,200,30,2,0,0,1,14,5,200,0,0,0,0,200,200,200,200,200,0,19,200
1,200,30,2,0,0,1,14,5,200,0,0,0,0,200,200,200,200,200,0,200,200
1,200,30,2,0,0,1,14,5,200,0,0,0,0,200,200,200,200,200,0,200,200
0,200,30,0,0,0,1,12,5,200,0,0,0,0,200,200,200,17,16,0,35,200
0,200,30,0,0,0,1,12,5,200,0,0,0,0,200,200,200,17,16,1,41,200
0,200,30,2,2,0,1,14,2,2,0,0,0,0,1,200,200,18,18,0,56,200
0,200,30,2,2,0,1,14,2,2,0,0,0,0,1,200,200,18,18,1,43,200
0,200,35,0,0,0,1,0,200,2,2,0,0,0,200,200,200,33,0,0,37,200
0,200,35,0,0,0,1,0,200,2,2,0,0,0,200,200,200,33,0,0,63,200
0,200,30,1,2,0,1,10,5,4,0,0,200,1,200,200,200,18,0,0,200,200
0,200,30,1,2,0,1,10,5,4,0,0,200,1,200,200,200,18,0,0,32,200
0,200,30,0,0,0,0,12,5,2,0,0,0,0,200,200,200,22,200,0,23,200
0,200,30,0,0,0,0,12,5,2,0,0,0,0,200,200,200,22,200,0,28,200
0,200,30,2,2,0,3,0,6,200,0,0,0,0,1,200,1,0,200,0,200,200
0,200,30,2,2,0,3,0,6,200,0,0,0,0,1,200,1,0,200,0,40,200
1,200,30,2,2,0,3,0,6,200,0,0,0,0,1,200,1,0,200,0,200,200
1,200,30,2,2,0,3,0,6,200,0,0,0,0,1,200,1,0,200,1,200,200
1,200,30,2,2,0,3,0,6,200,0,0,0,0,1,200,1,0,200,200,200,200
1,200,30,2,2,0,3,0,6,200,0,0,0,0,1,200,1,0,200,2,200,200
0,200,30,0,0,0,1,12,5,4,0,0,200,0,200,200,1,21,200,0,40,200
0,200,30,0,0,0,1,12,5,4,0,0,200,0,200,200,1,21,200,1,200,200
0,1,30,0,0,0,1,7,6,1,0,0,0,0,200,200,200,11,16,0,28,200
0,200,35,0,0,0,1,10,5,2,0,0,0,0,200,200,200,16,200,1,32,200
0,200,35,0,0,0,1,10,5,2,0,0,0,0,200,200,200,16,200,1,43,200
0,200,30,0,0,0,1,14,5,200,0,0,0,0,1,200,200,23,200,0,200,200
0,200,30,0,0,0,1,14,5,200,0,0,0,0,1,200,200,23,200,1,32,200
0,200,30,1,2,0,1,10,2,200,0,0,0,1,200,200,200,0,200,1,34,200
0,200,30,1,2,0,1,10,2,200,0,0,0,1,200,200,200,0,200,2,200,200
0,200,30,0,0,0,1,12,2,3,0,0,200,0,200,200,200,0,0,0,56,200
0,200,30,0,0,0,1,12,2,3,0,0,200,0,200,200,200,0,0,0,40,200
0,200,25,0,0,0,1,7,0,1,0,0,0,0,200,200,200,11,200,1,73,200
0,200,30,0,200,0,1,10,5,200,0,0,0,0,200,200,200,200,200,0,200,200
0,200,30,0,200,0,1,10,5,200,0,0,0,0,200,200,200,200,200,0,200,200
0,200,30,0,0,200,1,7,200,200,0,200,200,0,200,200,1,17,200,2,200,200
0,200,30,0,0,0,1,10,5,200,0,0,0,0,200,200,200,18,16,0,56,200
0,200,30,0,0,0,1,10,5,200,0,0,0,0,200,200,200,18,16,0,52,200
1,200,30,0,0,0,1,10,5,200,0,0,0,0,200,200,200,18,16,1,200,200
0,200,30,0,0,0,0,7,6,200,0,0,0,1,200,200,1,200,200,2,200,200
0,1,30,0,0,200,1,7,6,200,0,200,200,0,200,200,1,0,200,2,200,200
0,200,25,0,0,0,1,10,5,2,0,0,0,1,200,200,200,7,11,1,32,200
0,200,25,0,0,0,1,10,5,2,0,0,0,1,200,200,200,7,11,1,65,200
0,200,30,200,200,0,1,10,6,200,0,0,0,0,200,200,200,0,200,1,21,200
0,200,30,200,200,0,1,10,6,200,0,0,0,0,200,200,200,0,200,1,30,200
0,200,25,5,200,0,1,9,5,2,0,0,200,1,1,200,1,14,0,2,200,200
5,200,25,5,200,0,1,9,5,2,0,0,200,1,1,200,1,14,0,0,14,200
0,200,30,0,0,0,1,12,5,2,0,0,200,0,200,200,1,0,200,0,200,200
0,200,30,0,0,0,1,12,5,2,0,0,200,0,200,200,1,0,200,0,29,200
4,200,30,2,2,0,1,8,5,2,0,0,0,0,1,200,1,5,200,0,200,200
0,200,30,2,2,0,1,8,5,2,0,0,0,0,1,200,1,5,200,1,28,200
0,200,30,0,0,0,1,7,5,2,0,0,0,0,200,200,200,8,200,0,36,200
1,200,30,0,0,0,1,7,5,2,0,0,0,0,200,200,200,8,200,1,200,200
0,200,30,1,2,0,1,10,3,200,0,0,0,0,200,200,200,0,0,1,200,200
0,200,30,1,2,0,1,10,3,200,0,0,0,0,200,200,200,0,0,0,47,200
1,200,30,1,2,0,1,10,3,200,0,0,0,0,200,200,200,0,0,1,200,200
0,200,30,1,2,0,1,10,2,2,0,0,0,0,200,200,200,18,0,0,59,200
0,200,30,1,2,0,1,10,2,2,0,0,0,0,200,200,200,18,0,0,25,200
0,200,30,1,2,0,1,10,2,2,0,0,0,0,200,200,200,18,0,0,88,200
0,200,35,0,0,0,1,10,2,4,0,0,0,0,200,200,200,18,0,0,40,200
0,200,35,0,0,0,1,10,2,4,0,0,0,0,200,200,200,18,0,0,54,200
3,200,0,0,0,0,1,2,0,200,0,0,0,0,200,200,200,0,200,0,64,200
0,200,0,0,0,0,1,2,0,200,0,0,0,0,200,200,200,0,200,1,61,200
0,200,15,0,0,0,1,9,0,1,0,0,0,1,200,200,1,200,200,2,200,200
5,200,15,0,0,0,1,9,0,1,0,0,0,1,200,200,1,200,200,0,58,200
0,200,30,1,2,0,1,10,2,2,0,0,0,0,1,200,200,18,200,0,20,200
0,200,30,1,2,0,1,10,2,2,0,0,0,0,1,200,200,18,200,0,48,200
0,200,30,1,2,0,1,10,2,2,0,0,0,0,1,200,200,18,200,1,27,200
0,200,30,0,0,0,1,12,5,4,0,0,200,0,200,200,200,0,0,0,56,200
0,200,30,0,0,0,1,12,5,4,0,0,200,0,200,200,200,0,0,0,71,200
1,200,30,0,0,0,1,12,5,4,0,0,200,0,200,200,200,0,0,1,62,200
0,200,30,0,0,0,1,0,5,2,0,0,0,0,200,200,200,17,200,1,22,200
0,200,30,0,0,0,1,0,5,2,0,0,0,0,200,200,200,17,200,0,59,200
0,200,35,1,200,0,1,10,2,200,0,0,0,0,200,200,200,0,200,1,29,200
0,200,35,1,200,0,1,10,2,200,0,0,0,0,200,200,200,0,200,0,50,200
0,200,30,1,2,0,1,10,2,2,0,0,0,0,1,200,200,16,18,1,28,200
0,200,30,1,2,0,1,10,2,2,0,0,0,0,1,200,200,16,18,1,32,200
1,200,30,1,2,0,1,10,2,2,0,0,0,0,1,200,200,16,18,2,200,200
1,200,30,1,2,0,1,10,2,2,0,0,0,0,1,200,200,16,18,2,200,200
1,200,30,1,2,0,1,10,2,2,0,0,0,0,1,200,200,16,18,2,200,200
0,200,30,1,2,0,1,10,5,200,0,0,0,0,200,200,200,18,200,1,53,200
0,200,30,1,2,0,1,10,5,200,0,0,0,0,200,200,200,18,200,0,50,200
0,200,30,1,2,0,1,14,5,2,0,0,0,1,1,200,1,16,14,0,200,200
0,200,30,1,2,0,1,14,5,2,0,0,0,1,1,200,1,16,14,0,74,200
1,200,30,1,2,0,1,14,5,2,0,0,0,1,1,200,1,16,14,0,59,200
0,200,30,1,2,0,1,10,5,200,0,0,0,0,1,200,1,0,0,0,200,200
0,200,30,1,2,0,1,10,5,200,0,0,0,0,1,200,1,0,0,0,23,200
0,1,30,2,2,0,1,8,5,0,0,0,200,1,1,200,200,17,200,1,35,200
4,1,30,2,2,0,1,8,5,0,0,0,200,1,1,200,200,17,200,1,55,200
0,200,35,3,0,0,1,14,1,4,0,0,0,1,200,200,200,23,17,0,66,200
0,200,35,3,0,0,1,14,1,4,0,0,0,1,200,200,200,23,17,1,36,200
0,200,30,1,2,0,1,14,2,4,0,0,0,0,200,200,200,18,0,0,56,200
0,200,30,1,2,0,1,14,2,4,0,0,0,0,200,200,200,18,0,0,40,200
0,200,25,0,0,0,1,10,2,4,0,0,0,0,200,200,1,18,0,0,31,200
0,200,25,0,0,0,1,10,2,4,0,0,0,0,200,200,1,18,0,1,200,200
0,200,30,0,0,0,1,14,0,1,0,0,0,0,200,200,200,0,0,0,200,200
0,200,30,0,0,0,1,14,0,1,0,0,0,0,200,200,200,0,0,0,200,200
1,200,30,0,0,0,1,14,0,1,0,0,0,0,200,200,200,0,0,1,200,200
0,200,30,0,2,0,1,2,5,4,0,0,0,1,200,1,200,13,200,0,200,200
1,200,30,0,2,0,1,2,5,4,0,0,0,1,200,1,200,13,200,0,200,200
0,200,30,1,2,0,1,0,5,2,0,0,0,0,1,200,1,17,200,2,200,200
0,200,30,1,2,0,1,0,5,2,0,0,0,0,1,200,1,17,200,1,68,200
1,200,30,1,2,0,1,0,5,2,0,0,0,0,1,200,1,17,200,200,45,200
0,200,30,3,2,0,1,12,2,4,0,0,0,0,200,200,1,0,0,1,200,200
0,200,30,3,2,0,1,12,2,4,0,0,0,0,200,200,1,0,0,1,55,200
1,200,30,3,2,0,1,12,2,4,0,0,0,0,200,200,1,0,0,2,200,200
0,200,30,0,0,0,1,14,6,200,0,0,0,0,200,200,1,200,200,1,200,200
0,200,30,0,0,0,1,14,6,200,0,0,0,0,200,200,1,200,200,0,49,200
0,200,30,1,200,0,1,10,5,200,0,200,200,0,1,200,200,18,200,1,200,200
0,200,30,1,200,0,1,10,5,200,0,200,200,0,1,200,200,18,200,0,50,200
0,200,20,1,2,2,1,8,7,200,0,1,0,1,200,200,1,17,200,0,200,200
4,200,20,1,2,2,1,8,7,200,0,1,0,1,200,200,1,17,200,1,29,200
0,200,30,2,2,0,1,8,6,200,0,0,0,1,1,200,200,17,5,0,31,200
4,200,30,2,2,0,1,8,6,200,0,0,0,1,1,200,200,17,5,0,15,200
0,200,30,0,0,0,1,2,5,2,0,0,0,1,200,1,200,12,200,0,35,200
0,200,30,0,0,0,1,7,6,1,0,0,0,0,200,200,1,0,200,2,200,200
0,200,30,0,0,0,1,12,5,2,0,0,0,0,200,200,1,22,200,0,200,200
0,200,30,0,0,0,1,12,5,2,0,0,0,0,200,200,1,22,200,0,22,200
0,200,35,0,0,0,1,14,2,4,0,0,0,0,1,200,200,23,23,0,36,200
0,200,35,0,0,0,1,14,2,4,0,0,0,0,1,200,200,23,23,0,38,200
0,200,30,0,0,0,1,11,5,200,0,0,0,1,200,200,1,0,200,0,200,200
0,200,30,0,0,0,1,11,5,200,0,0,0,1,200,200,1,0,200,0,29,200
1,200,30,0,0,0,1,11,5,200,0,0,0,1,200,200,1,0,200,0,200,200
1,200,30,0,0,0,1,11,5,200,0,0,0,1,200,200,1,0,200,0,200,200
0,200,30,0,0,0,1,0,5,2,0,0,0,0,200,200,200,22,22,2,200,200
0,200,30,0,0,0,1,0,5,2,0,0,0,0,200,200,200,22,22,0,43,200
1,200,30,0,0,0,1,0,5,2,0,0,0,0,200,200,200,22,22,1,24,200
0,200,30,0,0,0,1,7,6,1,0,0,0,0,200,200,1,0,0,2,200,200
0,200,30,0,0,0,1,10,5,2,0,0,0,0,200,200,1,200,200,2,200,200
0,200,30,0,0,0,1,10,5,2,0,0,0,0,200,200,1,200,200,0,200,200
0,200,35,1,2,0,1,10,200,200,0,0,0,0,1,200,1,18,200,0,200,200
0,200,35,1,2,0,1,10,200,200,0,0,0,0,1,200,1,18,200,1,33,200
0,200,30,0,0,0,1,8,5,2,0,0,0,1,200,200,200,0,0,0,27,200
4,200,30,0,0,0,1,8,5,2,0,0,0,1,200,200,200,0,0,0,32,200
0,200,25,0,0,0,1,12,5,2,0,0,0,1,1,200,200,17,23,1,51,200
0,200,25,0,0,0,1,12,5,2,0,0,0,1,1,200,200,17,23,1,53,200
0,200,25,0,0,0,1,7,6,200,0,0,0,1,200,200,200,0,200,0,24,200
0,200,30,2,2,0,3,9,6,200,0,200,200,1,1,200,1,0,0,2,200,200
5,200,30,2,2,0,3,9,6,200,0,200,200,1,1,200,1,0,0,0,27,200
5,200,30,1,2,0,3,9,5,200,0,0,0,1,200,200,200,200,200,0,22,200
0,200,30,1,2,0,3,9,5,200,0,0,0,1,200,200,200,200,200,1,28,200
0,200,30,0,0,0,3,12,6,4,0,0,200,0,200,200,200,17,0,0,65,200
0,200,30,0,0,0,3,12,6,4,0,0,200,0,200,200,200,17,0,0,42,200
0,200,5,12,2,0,3,2,3,15,0,0,0,1,200,200,200,0,16,0,48,200
0,200,30,0,0,0,4,8,5,200,0,0,0,1,200,200,1,22,11,2,200,200
4,200,30,0,0,0,4,8,5,200,0,0,0,1,200,200,1,22,11,0,40,200
0,200,30,0,0,0,1,7,6,1,0,0,0,0,200,200,1,23,25,2,200,200
0,200,20,0,0,0,3,12,2,2,0,0,0,1,200,200,1,22,22,1,30,200
0,200,20,0,0,0,3,12,2,2,0,0,0,1,200,200,1,22,22,1,25,200
1,200,20,0,0,0,3,12,2,2,0,0,0,1,200,200,1,22,22,1,4,200
1,200,20,0,0,0,3,12,2,2,0,0,0,1,200,200,1,22,22,1,35,200
1,200,20,0,0,0,3,12,2,2,0,0,0,1,200,200,1,22,22,1,25,200
1,200,20,0,0,0,3,12,2,2,0,0,0,1,200,200,1,22,22,1,10,200
4,200,30,1,2,0,3,8,5,200,0,0,0,1,1,200,200,6,0,0,36,200
0,200,30,1,2,0,3,8,5,200,0,0,0,1,1,200,200,6,0,0,53,200
1,200,30,1,2,0,3,8,5,200,0,0,0,1,1,200,200,6,0,1,47,200
4,200,35,0,0,0,1,8,6,2,0,0,0,0,200,200,1,21,200,0,200,200
0,200,35,0,0,0,1,8,6,2,0,0,0,0,200,200,1,21,200,1,46,200
0,200,30,0,0,0,4,2,8,200,2,0,0,0,200,200,200,8,8,1,44,200
0,1,30,0,0,0,1,7,6,1,0,0,0,0,200,200,1,0,0,2,200,200
0,200,30,2,2,0,1,4,5,2,2,0,0,0,1,200,200,0,0,0,50,200
0,200,45,1,2,0,3,0,2,3,0,0,0,1,1,0,1,16,16,2,200,200
0,200,45,1,2,0,3,0,2,3,0,0,0,1,1,0,1,16,16,0,40,200
0,200,30,0,0,0,3,7,2,200,0,0,0,0,200,200,200,0,0,0,200,200
0,200,30,0,0,0,3,7,6,1,0,0,0,0,200,200,1,20,16,2,200,200
0,200,30,0,0,0,1,2,7,0,0,0,0,0,200,200,200,21,200,0,200,200
0,200,30,0,0,0,3,11,5,200,0,0,200,1,200,200,1,0,0,0,200,200
0,200,30,0,0,0,3,11,5,200,0,0,200,1,200,200,1,0,0,0,35,200
0,200,30,1,2,0,4,12,12,3,0,0,0,0,200,200,200,9,200,1,25,200
0,200,30,1,2,0,4,12,12,3,0,0,0,0,200,200,200,9,200,0,27,200
1,200,30,1,2,0,4,12,12,3,0,0,0,0,200,200,200,9,200,1,25,200
1,200,30,1,2,0,4,12,12,3,0,0,0,0,200,200,200,9,200,0,1,200
1,200,30,1,2,0,4,12,12,3,0,0,0,0,200,200,200,9,200,200,5,200
0,200,30,1,2,0,0,12,5,200,0,0,0,0,200,200,200,0,0,1,200,200
0,200,30,1,2,0,0,12,5,200,0,0,0,0,200,200,200,0,0,1,51,200
0,200,30,1,2,0,3,0,1,4,0,0,0,1,1,200,200,6,16,0,18,200
0,200,30,1,2,0,3,0,1,4,0,0,0,1,1,200,200,6,16,0,20,200
0,200,35,1,2,0,3,14,5,4,0,0,200,1,1,200,200,6,17,0,31,200
0,200,35,1,2,0,3,14,5,4,0,0,200,1,1,200,200,6,17,0,40,200
0,200,30,0,0,0,3,7,7,200,0,0,0,0,200,1,200,11,200,0,34,200
0,200,30,200,0,0,3,4,5,200,0,0,0,0,200,200,1,0,0,0,200,200
0,200,15,0,0,0,3,2,0,1,0,0,0,1,200,1,200,16,11,0,25,200
0,200,25,2,0,0,3,14,1,2,0,0,0,1,1,200,200,17,14,1,18,200
0,200,25,2,0,0,3,14,1,2,0,0,0,1,1,200,200,17,14,0,22,200
1,200,25,2,0,0,3,14,1,2,0,0,0,1,1,200,200,17,14,0,19,200
0,200,30,0,0,0,3,7,5,2,0,0,0,0,200,200,1,0,0,2,200,200
1,200,30,0,0,0,3,7,5,2,0,0,0,0,200,200,1,0,0,0,55,200
0,200,15,0,0,0,3,2,0,1,0,0,200,0,200,1,200,200,0,1,42,200
0,200,30,1,2,0,3,10,5,2,0,0,0,0,200,200,200,18,6,1,42,200
0,200,30,1,2,0,3,10,5,2,0,0,0,0,200,200,200,18,6,0,200,200
1,200,30,1,2,0,3,10,5,2,0,0,0,0,200,200,200,18,6,1,200,200
0,200,30,0,0,0,3,7,6,1,0,0,0,1,200,200,200,32,27,0,44,200
0,200,25,0,0,0,3,7,6,1,0,0,0,1,200,200,200,8,10,0,18,200
0,0,15,0,0,0,3,7,6,200,0,0,0,0,200,200,1,0,200,2,200,200
0,1,30,0,0,0,200,7,6,1,0,0,200,1,200,200,0,32,200,1,21,200
1,1,30,0,0,0,200,7,6,1,0,0,200,1,200,200,0,32,200,1,20,200
0,1,30,1,2,0,3,0,1,6,0,0,0,1,1,200,200,6,200,1,44,200
0,1,30,1,2,0,3,0,1,6,0,0,0,1,1,200,200,6,200,0,43,200
0,1,30,1,2,0,1,10,5,6,0,0,0,0,200,200,1,18,0,0,200,200
0,1,30,1,2,0,1,10,5,6,0,0,0,0,200,200,1,18,0,0,30,200
0,200,30,0,12,0,2,2,3,4,0,0,0,1,200,200,1,10,16,2,200,200
0,200,30,1,2,0,1,0,2,2,0,0,0,0,200,200,200,22,200,0,41,200
0,200,30,1,2,0,1,0,2,2,0,0,0,0,200,200,200,22,200,0,46,200
1,200,30,1,2,0,1,0,2,2,0,0,0,0,200,200,200,22,200,1,38,200
0,200,30,1,2,0,1,7,3,4,0,0,0,0,200,200,200,28,200,0,52,200
0,200,30,0,200,0,1,14,5,2,0,0,0,0,200,200,1,23,0,0,51,200
0,200,30,0,200,0,1,14,5,2,0,0,0,0,200,200,1,23,0,2,200,200
0,1,0,1,2,0,200,12,12,200,0,0,0,1,1,200,1,0,200,2,200,200
0,1,0,1,2,0,200,12,12,200,0,0,0,1,1,200,1,0,200,1,52,200
0,200,20,0,0,0,1,7,5,2,0,0,0,1,200,200,200,0,0,0,31,200
0,200,25,0,0,0,2,7,2,200,0,0,0,1,200,1,200,7,0,1,36,200
0,1,20,0,0,0,200,7,5,4,0,0,0,0,200,200,1,0,200,2,200,200
0,200,20,0,0,0,3,7,6,1,0,0,0,0,200,200,1,0,200,2,200,200
0,200,10,0,0,0,1,2,4,0,0,0,0,0,200,1,200,11,0,0,24,200
0,200,35,0,0,0,1,12,6,200,0,0,0,0,200,200,1,22,18,1,200,200
0,200,35,0,0,0,1,12,6,200,0,0,0,0,200,200,1,22,18,1,29,200
0,200,30,0,0,0,1,12,2,2,0,0,0,0,200,200,200,17,20,0,27,200
0,200,30,0,0,0,1,12,2,2,0,0,0,0,200,200,200,17,20,0,43,200
1,200,30,0,0,0,1,12,2,2,0,0,0,0,200,200,200,17,20,1,26,200
0,200,30,2,2,0,1,12,5,4,0,0,0,0,1,200,200,22,21,1,27,200
0,200,30,2,2,0,1,12,5,4,0,0,0,0,1,200,200,22,21,1,42,200
0,200,30,2,2,0,1,10,2,200,0,0,0,0,1,200,1,18,200,0,200,200
0,200,30,2,2,0,1,10,2,200,0,0,0,0,1,200,1,18,200,1,55,200
0,200,30,2,2,0,1,0,5,200,0,0,0,1,1,200,200,0,5,0,47,200
0,200,30,2,2,0,1,0,5,200,0,0,0,1,1,200,200,0,5,0,45,200
0,200,30,0,0,0,1,7,2,2,0,0,0,0,200,200,1,0,0,1,200,200
0,200,30,0,0,0,1,10,5,200,0,0,0,0,200,200,200,0,0,0,200,200
0,200,30,0,0,0,1,10,5,200,0,0,0,0,200,200,200,0,0,1,30,200
0,200,30,1,2,0,1,14,12,200,0,0,0,0,1,200,200,6,16,0,62,200
0,200,30,1,2,0,1,14,12,200,0,0,0,0,1,200,200,6,16,0,37,200
0,200,30,0,0,0,1,2,2,4,0,0,0,1,200,200,200,8,27,2,200,200
1,200,30,0,0,0,1,2,2,4,0,0,0,1,200,200,200,8,27,0,28,200
0,200,30,1,2,0,1,12,2,200,0,0,0,0,1,200,200,23,21,0,45,200
0,200,30,1,2,0,1,12,2,200,0,0,0,0,1,200,200,23,21,0,47,200
0,200,30,0,0,0,1,12,3,4,0,0,0,0,200,200,200,17,17,0,37,200
0,200,30,0,0,0,1,12,3,4,0,0,0,0,200,200,200,17,17,0,62,200
0,200,30,0,0,0,1,12,3,200,0,0,0,0,200,200,200,0,200,0,43,200
0,200,30,0,0,0,1,12,3,200,0,0,0,0,200,200,200,0,200,0,52,200
0,1,30,0,0,0,3,7,6,1,0,0,0,0,200,200,1,0,0,2,200,200
0,200,30,0,0,0,1,0,5,200,0,0,0,0,1,200,200,0,0,0,42,200
0,200,30,0,0,0,1,0,5,200,0,0,0,0,1,200,200,0,0,0,25,200
1,200,30,0,0,0,1,0,5,200,0,0,0,0,1,200,200,0,0,1,200,200
1,200,30,0,0,0,1,0,5,200,0,0,0,0,1,200,200,0,0,1,200,200
1,200,30,0,0,0,1,0,5,200,0,0,0,0,1,200,200,0,0,1,200,200
0,200,30,0,0,200,0,2,6,1,0,200,0,0,200,200,1,14,16,2,200,200
3,200,30,0,0,200,0,2,6,1,0,200,0,0,200,200,1,14,16,2,200,200
0,200,20,0,0,0,1,12,6,200,0,0,0,0,200,200,200,0,22,1,53,200
0,200,20,0,0,0,1,12,6,200,0,0,0,0,200,200,200,0,22,1,41,200
0,200,30,1,2,0,1,10,5,2,0,0,0,0,200,200,200,18,6,0,33,200
0,200,30,1,2,0,1,10,5,2,0,0,0,0,200,200,200,18,6,0,200,200
0,200,30,0,0,0,1,12,2,2,0,0,0,0,200,200,200,0,200,0,200,200
0,200,30,0,0,0,1,12,2,2,0,0,0,0,200,200,200,0,200,1,61,200
0,200,30,1,2,0,1,10,5,200,0,0,0,0,200,200,200,18,200,1,64,200
0,200,30,1,2,0,1,10,5,200,0,0,0,0,200,200,200,18,200,1,32,200
0,200,30,0,0,0,1,8,5,2,0,0,0,1,200,200,200,17,200,0,45,200
4,200,30,0,0,0,1,8,5,2,0,0,0,1,200,200,200,17,200,0,36,200
0,200,25,2,2,0,1,7,5,200,0,0,0,1,1,200,200,28,200,0,51,200
0,200,25,0,0,0,1,7,5,2,0,0,0,1,200,200,200,0,200,0,25,200
0,200,30,0,0,0,1,14,5,200,0,0,0,0,200,200,200,0,200,0,57,200
0,200,30,0,0,0,1,14,5,200,0,0,0,0,200,200,200,0,200,0,67,200
0,200,30,1,2,2,1,10,5,200,0,1,0,1,200,200,200,0,0,0,33,200
0,200,30,1,2,2,1,10,5,200,0,1,0,1,200,200,200,0,0,0,21,200
1,200,30,1,2,2,1,10,5,200,0,1,0,1,200,200,200,0,0,0,18,200
1,200,30,1,2,2,1,10,5,200,0,1,0,1,200,200,200,0,0,0,200,200
0,200,30,1,2,0,1,9,5,4,0,0,0,1,200,200,200,17,200,0,26,200
5,200,30,1,2,0,1,9,5,4,0,0,0,1,200,200,200,17,200,1,53,200
0,200,30,0,0,0,1,0,6,3,0,0,0,0,200,200,200,16,22,0,49,200
0,200,30,0,0,0,1,0,6,3,0,0,0,0,200,200,200,16,22,0,32,200
1,200,30,0,0,0,1,0,6,3,0,0,0,0,200,200,200,16,22,0,20,200
0,200,30,2,2,0,1,10,6,2,0,0,0,0,200,200,200,0,200,1,34,200
0,200,30,2,2,0,1,10,6,2,0,0,0,0,200,200,200,0,200,1,45,200
0,200,25,2,2,0,1,7,5,2,0,0,0,0,1,200,200,200,200,0,38,200
1,200,25,2,2,0,1,7,5,2,0,0,0,0,1,200,200,200,200,0,200,200
0,200,30,12,200,0,1,12,2,4,0,0,200,0,200,200,200,0,0,0,46,200
0,200,30,12,200,0,1,12,2,4,0,0,200,0,200,200,200,0,0,0,33,200
0,200,30,1,2,0,1,10,2,200,0,0,0,0,200,200,200,18,200,0,24,200
0,200,30,1,2,0,1,10,2,200,0,0,0,0,200,200,200,18,200,1,200,200
0,200,30,0,0,0,1,12,5,2,0,0,0,0,200,200,200,21,22,0,61,200
0,200,30,0,0,0,1,12,5,2,0,0,0,0,200,200,200,21,22,1,53,200
0,200,35,0,0,0,1,12,5,200,0,0,0,0,200,200,200,0,0,1,66,200
0,200,35,0,0,0,1,12,5,200,0,0,0,0,200,200,200,0,0,0,41,200
1,200,35,0,0,0,1,12,5,200,0,0,0,0,200,200,200,0,0,1,68,200
0,200,20,0,0,0,3,5,7,2,0,0,0,0,200,1,200,0,200,0,40,200
0,200,40,3,2,0,1,12,3,4,0,0,0,0,200,200,200,11,11,0,41,200
0,200,40,3,2,0,1,12,3,4,0,0,0,0,200,200,200,11,11,0,49,200
1,200,40,3,2,0,1,12,3,4,0,0,0,0,200,200,200,11,11,0,200,200
0,200,30,0,0,0,1,10,5,4,0,0,0,1,200,200,200,18,0,0,35,200
0,200,30,0,0,0,1,10,5,4,0,0,0,1,200,200,200,18,0,0,24,200
1,200,30,0,0,0,1,10,5,4,0,0,0,1,200,200,200,18,0,1,25,200
0,200,30,0,0,0,3,7,6,1,0,0,0,0,200,200,1,0,0,2,200,200
0,200,30,1,2,0,1,10,2,200,0,0,0,0,1,200,1,18,11,0,200,200
0,200,30,1,2,0,1,10,2,200,0,0,0,0,1,200,1,18,11,0,48,200
0,200,30,1,2,0,1,14,5,4,0,0,0,0,1,200,200,23,0,0,25,200
0,200,30,1,2,0,1,14,5,4,0,0,0,0,1,200,200,23,0,0,37,200
4,200,30,1,2,0,1,8,2,200,0,0,0,1,1,200,200,17,6,0,41,200
0,200,30,1,2,0,1,8,2,200,0,0,0,1,1,200,200,17,6,0,41,200
0,0,30,1,200,0,1,12,5,2,0,0,0,0,200,200,200,17,28,1,41,200
0,0,30,1,200,0,1,12,5,2,0,0,0,0,200,200,200,17,28,0,56,200
0,200,30,1,2,0,1,9,5,200,0,0,0,1,200,200,1,25,0,0,200,200
5,200,30,1,2,0,1,9,5,200,0,0,0,1,200,200,1,25,0,1,61,200
0,200,30,200,200,0,1,7,5,200,0,0,0,1,200,200,200,16,0,0,73,200
0,200,30,0,3,0,1,12,5,200,0,0,0,0,200,200,200,0,200,0,29,200
0,200,30,0,3,0,1,12,5,200,0,0,0,0,200,200,200,0,200,0,36,200
0,1,15,0,0,0,1,7,7,200,0,0,0,0,200,200,1,20,200,1,200,200
0,200,25,1,2,0,1,12,5,2,0,0,0,0,200,200,200,18,200,0,22,200
0,200,25,1,2,0,1,12,5,2,0,0,0,0,200,200,200,18,200,0,27,200
1,200,25,1,2,0,1,12,5,2,0,0,0,0,200,200,200,18,200,1,24,200
0,200,30,0,0,0,1,10,2,200,0,0,0,0,200,200,200,0,0,0,25,200
0,200,30,0,0,0,1,10,2,200,0,0,0,0,200,200,200,0,0,1,34,200