PERSON_TYPE,CRASH_DATE_EST_I,POSTED_SPEED_LIMIT,TRAFFIC_CONTROL_DEVICE,DEVICE_CONDITION,WEATHER_CONDITION,LIGHTING_CONDITION,FIRST_CRASH_TYPE,TRAFFICWAY_TYPE,LANE_CNT,ALIGNMENT,ROADWAY_SURFACE_COND,ROAD_DEFECT,CRASH_TYPE,INTERSECTION_RELATED_I,NOT_RIGHT_OF_WAY_I,HIT_AND_RUN_I,PRIM_CONTRIBUTORY_CAUSE,SEC_CONTRIBUTORY_CAUSE,SEX,AGE,BAC_RESULT VALUE
0,200,30,0,0,0,1,10,5,200,0,0,0,0,1,200,200,0,0,0,68,200
0,200,30,0,0,0,1,10,5,200,0,0,0,0,1,200,200,0,0,0,30,200
0,200,30,0,0,0,1,0,6,1,0,0,0,0,200,200,200,0,0,1,200,200
0,200,30,0,0,0,1,0,6,1,0,0,0,0,200,200,200,0,0,0,200,200
0,200,30,1,2,0,1,10,2,3,0,0,0,0,200,200,200,18,0,0,38,200
0,200,30,1,2,0,1,10,2,3,0,0,0,0,200,200,200,18,0,1,22,200
0,200,30,1,2,0,1,10,5,4,0,0,0,0,200,200,200,0,200,0,30,200
0,200,30,1,2,0,1,10,5,4,0,0,0,0,200,200,200,0,200,0,44,200
0,200,15,0,0,0,1,7,6,1,0,0,0,0,200,200,1,0,200,2,200,200
0,200,30,0,0,0,1,12,5,200,0,0,0,0,200,200,200,0,0,1,51,200
0,200,30,0,0,0,1,12,5,200,0,0,0,0,200,200,200,0,0,0,25,200
0,200,30,0,0,0,1,10,2,200,0,0,0,0,200,200,200,0,0,1,63,200
0,200,30,0,0,0,1,10,2,200,0,0,0,0,200,200,200,0,0,0,28,200
2,200,30,0,0,0,1,7,5,2,0,0,0,1,200,200,200,8,16,0,200,200
0,200,30,0,0,0,1,7,5,2,0,0,0,1,200,200,200,8,16,0,24,200
0,200,30,1,2,0,1,10,5,4,0,0,0,0,200,200,200,18,18,0,21,200
0,200,30,1,2,0,1,10,5,4,0,0,0,0,200,200,200,18,18,0,0,200
5,200,30,1,2,0,1,9,5,6,0,0,0,1,1,200,200,17,200,1,51,200
0,200,30,1,2,0,1,9,5,6,0,0,0,1,1,200,200,17,200,0,43,200
0,200,30,1,2,0,1,14,5,200,0,0,0,0,1,200,1,23,200,2,200,200
0,200,30,1,2,0,1,14,5,200,0,0,0,0,1,200,1,23,200,1,36,200
0,200,30,0,0,0,1,5,5,200,0,0,0,1,1,200,1,17,5,1,200,200
0,200,30,0,0,0,1,5,5,200,0,0,0,1,1,200,1,17,5,0,35,200
1,200,30,0,0,0,1,5,5,200,0,0,0,1,1,200,1,17,5,0,200,200
0,200,0,0,0,0,1,12,5,1,0,0,0,0,200,200,1,0,0,0,200,200
0,200,0,0,0,0,1,12,5,1,0,0,0,0,200,200,1,0,0,1,34,200
0,200,30,0,0,0,1,12,5,200,0,0,0,0,200,200,200,21,11,0,32,200
0,200,30,0,0,0,1,12,5,200,0,0,0,0,200,200,200,21,11,1,49,200
0,200,30,0,0,0,1,7,7,200,0,0,0,0,200,1,200,0,0,0,65,200
0,200,25,0,0,0,1,7,7,200,0,0,0,1,200,1,1,20,200,1,200,200
0,200,30,0,0,0,1,10,5,200,0,0,0,0,200,200,200,0,0,0,42,200
0,200,30,0,0,0,1,10,5,200,0,0,0,0,200,200,200,0,0,1,23,200
1,200,30,0,0,0,1,10,5,200,0,0,0,0,200,200,200,0,0,0,200,200
0,200,30,1,2,0,1,10,3,2,0,0,0,1,1,200,200,18,200,1,28,200
0,200,30,1,2,0,1,10,3,2,0,0,0,1,1,200,200,18,200,1,43,200
0,200,30,0,200,0,1,14,5,2,0,0,0,0,1,200,200,16,17,0,200,200
0,200,30,0,200,0,1,14,5,2,0,0,0,0,1,200,200,16,17,0,27,200
0,200,30,0,0,0,1,8,5,200,0,0,0,1,200,200,200,23,200,0,27,200
4,200,30,0,0,0,1,8,5,200,0,0,0,1,200,200,200,23,200,1,35,200
0,200,40,0,0,0,1,12,3,2,0,0,0,0,200,200,200,17,0,0,200,200
0,200,40,0,0,0,1,12,3,2,0,0,0,0,200,200,200,17,0,0,200,200
0,200,30,1,2,0,1,14,1,4,0,0,0,0,1,200,200,22,21,0,63,200
0,200,30,1,2,0,1,14,1,4,0,0,0,0,1,200,200,22,21,1,31,200
0,200,25,2,2,0,1,8,5,200,0,0,0,1,200,200,200,5,200,1,50,200
4,200,25,2,2,0,1,8,5,200,0,0,0,1,200,200,200,5,200,0,55,200
0,200,30,1,2,0,1,12,5,200,0,0,0,0,200,200,200,22,200,0,52,200
0,200,30,1,2,0,1,12,5,200,0,0,0,0,200,200,200,22,200,0,25,200
0,200,30,1,2,0,1,14,5,0,0,0,0,1,1,200,200,0,200,1,41,200
0,200,30,1,2,0,1,14,5,0,0,0,0,1,1,200,200,0,200,1,29,200
1,200,30,1,2,0,1,14,5,0,0,0,0,1,1,200,200,0,200,0,63,200
0,200,30,1,2,0,1,14,12,200,0,0,0,1,1,200,200,0,200,1,200,200
0,200,30,1,2,0,1,14,12,200,0,0,0,1,1,200,200,0,200,1,200,200
0,200,30,0,0,0,1,12,6,2,0,0,0,0,200,200,200,21,200,0,49,200
0,200,30,0,0,0,1,12,6,2,0,0,0,0,200,200,200,21,200,0,58,200
0,200,30,0,0,0,1,14,5,200,0,0,0,0,200,200,1,200,200,0,200,200
0,200,30,0,0,0,1,14,5,200,0,0,0,0,200,200,1,200,200,1,25,200
1,200,30,0,0,0,1,14,5,200,0,0,0,0,200,200,1,200,200,1,200,200
1,200,30,0,0,0,1,14,5,200,0,0,0,0,200,200,1,200,200,0,200,200
1,200,30,0,0,0,1,14,5,200,0,0,0,0,200,200,1,200,200,0,200,200
0,200,30,2,2,0,1,14,2,200,0,0,0,0,200,200,200,0,0,0,29,200
0,200,30,2,2,0,1,14,2,200,0,0,0,0,200,200,200,0,0,1,200,200
0,200,35,200,200,0,1,7,6,200,0,0,0,0,200,200,1,200,200,2,200,200
0,200,30,0,0,0,3,12,7,0,0,0,0,0,200,200,200,0,0,0,55,200
0,200,30,0,0,0,3,12,7,0,0,0,0,0,200,200,200,0,0,1,40,200
1,200,30,0,0,0,3,12,7,0,0,0,0,0,200,200,200,0,0,1,54,200
0,1,30,0,0,0,1,7,6,1,0,0,0,0,200,200,1,11,0,1,200,200
1,1,30,0,0,0,1,7,6,1,0,0,0,0,200,200,1,11,0,1,27,200
0,200,40,12,2,0,1,2,2,4,0,0,0,1,200,0,200,0,200,0,22,200
0,1,30,0,0,0,1,10,5,2,0,0,0,1,200,200,200,16,18,0,34,200
0,1,30,0,0,0,1,10,5,2,0,0,0,1,200,200,200,16,18,1,19,200
0,1,30,0,0,0,1,10,5,2,0,0,0,1,200,200,200,16,18,0,72,200
1,1,30,0,0,0,1,10,5,2,0,0,0,1,200,200,200,16,18,1,19,200
1,1,30,0,0,0,1,10,5,2,0,0,0,1,200,200,200,16,18,0,19,200
1,1,30,0,0,0,1,10,5,2,0,0,0,1,200,200,200,16,18,0,19,200
1,1,30,0,0,0,1,10,5,2,0,0,0,1,200,200,200,16,18,1,0,200
0,200,30,0,0,0,1,7,6,1,0,0,0,0,200,200,200,0,0,0,40,200
0,200,30,0,0,0,1,0,7,2,0,0,0,0,200,200,1,17,11,0,200,200
0,200,30,0,0,0,1,0,7,2,0,0,0,0,200,200,1,17,11,0,0,200
0,200,30,2,2,0,1,10,5,200,0,0,0,0,1,200,200,18,22,0,33,200
0,200,30,2,2,0,1,10,5,200,0,0,0,0,1,200,200,18,22,1,49,200
1,200,30,2,2,0,1,10,5,200,0,0,0,0,1,200,200,18,22,0,31,200
0,200,30,1,2,0,1,12,5,200,0,0,0,0,1,200,200,0,0,1,28,200
0,200,30,1,2,0,1,12,5,200,0,0,0,0,1,200,200,0,0,1,26,200
0,200,30,0,0,0,1,10,5,200,0,0,0,0,200,200,1,18,200,0,200,200
0,200,30,0,0,0,1,10,5,200,0,0,0,0,200,200,1,18,200,0,24,200
1,200,30,0,0,0,1,10,5,200,0,0,0,0,200,200,1,18,200,1,200,200
0,200,30,0,0,2,1,10,5,200,0,0,0,0,200,200,1,0,0,1,200,200
0,200,30,0,0,2,1,10,5,200,0,0,0,0,200,200,1,0,0,1,47,200
0,200,30,0,0,2,1,10,5,200,0,0,0,0,200,200,1,0,0,0,59,200
0,200,30,1,2,0,1,7,5,2,0,0,0,0,1,200,200,28,0,0,60,200
0,200,55,0,0,0,1,10,3,8,0,200,200,1,200,200,200,18,18,0,19,200
0,200,55,0,0,0,1,10,3,8,0,200,200,1,200,200,200,18,18,0,60,200
0,200,55,0,0,0,1,10,3,8,0,200,200,1,200,200,200,18,18,0,27,200
0,1,35,1,2,0,1,9,3,3,0,0,0,1,0,200,200,200,200,1,44,200
5,1,35,1,2,0,1,9,3,3,0,0,0,1,0,200,200,200,200,1,15,200
0,200,30,0,0,0,1,10,1,4,0,0,0,0,200,200,1,18,18,0,200,200
0,200,30,0,0,0,1,10,1,4,0,0,0,0,200,200,1,18,18,1,26,200
0,200,30,0,0,0,1,10,1,4,0,0,0,0,200,200,1,18,18,1,35,200
0,200,30,0,0,0,2,0,5,2,0,0,0,0,200,200,200,22,7,0,66,200
0,200,30,0,0,0,2,0,5,2,0,0,0,0,200,200,200,22,7,0,51,200
0,200,30,0,0,0,1,0,6,1,0,0,0,1,200,200,200,0,0,0,43,200
0,200,30,0,0,0,1,0,6,1,0,0,0,1,200,200,200,0,0,0,70,200
0,200,30,0,0,0,1,0,5,200,0,0,0,0,200,200,200,0,200,1,200,200
0,200,30,0,0,0,1,0,5,200,0,0,0,0,200,200,200,0,200,0,200,200
0,200,30,0,0,0,0,7,6,200,0,0,0,0,200,200,1,200,200,2,200,200
0,200,30,0,0,0,0,12,5,200,0,0,0,0,200,200,1,0,200,2,200,200
0,200,30,0,0,0,0,12,5,200,0,0,0,0,200,200,1,0,200,0,53,200
0,200,30,0,0,0,1,7,6,1,0,0,0,0,200,200,200,0,200,0,41,200
0,200,30,1,2,0,1,10,5,200,0,0,0,0,200,200,200,22,200,0,45,200
0,200,30,1,2,0,1,10,5,200,0,0,0,0,200,200,200,22,200,0,31,200
0,200,30,2,2,0,1,0,5,200,0,0,0,0,200,200,200,17,0,0,31,200
0,200,30,2,2,0,1,0,5,200,0,0,0,0,200,200,200,17,0,1,29,200
0,200,30,0,0,0,1,0,6,2,0,0,0,1,200,200,200,17,200,0,68,200
0,200,30,0,0,0,1,0,6,2,0,0,0,1,200,200,200,17,200,0,35,200
1,200,30,0,0,0,1,0,6,2,0,0,0,1,200,200,200,17,200,0,46,200
0,200,30,0,0,0,1,7,7,200,0,0,0,0,200,200,1,0,200,1,200,200
0,1,30,1,2,0,1,14,6,4,0,0,0,0,200,200,200,17,23,0,62,200
0,1,30,1,2,0,1,14,6,4,0,0,0,0,200,200,200,17,23,0,35,200
0,200,30,1,2,0,1,14,5,200,0,0,0,1,1,200,200,17,200,1,28,200
0,200,30,1,2,0,1,14,5,200,0,0,0,1,1,200,200,17,200,0,52,200
0,200,30,0,0,0,1,14,5,4,0,0,0,1,200,200,1,23,16,0,200,200
0,200,30,0,0,0,1,14,5,4,0,0,0,1,200,200,1,23,16,1,53,200
1,200,30,0,0,0,1,14,5,4,0,0,0,1,200,200,1,23,16,1,75,200
1,200,30,0,0,0,1,14,5,4,0,0,0,1,200,200,1,23,16,0,50,200
1,200,30,0,0,0,1,14,5,4,0,0,0,1,200,200,1,23,16,1,44,200
1,200,30,0,0,0,1,14,5,4,0,0,0,1,200,200,1,23,16,1,72,200
0,200,30,2,2,0,1,0,2,200,0,0,0,0,200,200,200,0,0,1,25,200
0,200,30,2,2,0,1,0,2,200,0,0,0,0,200,200,200,0,0,1,38,200
0,200,30,0,0,0,4,14,5,200,0,0,0,0,200,200,200,200,200,0,17,200
0,200,30,0,0,0,4,14,5,200,0,0,0,0,200,200,200,200,200,0,66,200
0,1,35,1,2,0,1,14,3,4,0,0,0,1,1,200,200,17,17,0,49,200
0,1,35,1,2,0,1,14,3,4,0,0,0,1,1,200,200,17,17,0,35,200
0,200,30,0,0,0,1,7,5,1,0,0,0,1,200,200,1,16,200,0,26,200
0,200,30,0,0,0,1,14,2,4,0,0,200,0,200,200,200,22,0,1,21,200
0,200,30,0,0,0,1,14,2,4,0,0,200,0,200,200,200,22,0,1,71,200
4,200,30,0,0,0,1,8,5,200,0,0,200,0,200,200,200,0,200,0,200,200
0,200,30,0,0,0,3,7,5,2,0,0,0,0,1,200,200,0,200,0,24,200
0,200,30,0,0,0,3,10,2,2,0,0,0,1,200,200,200,18,16,1,51,200
0,200,30,0,0,0,3,10,2,2,0,0,0,1,200,200,200,18,16,0,38,200
0,200,30,0,0,0,4,7,5,2,0,0,0,1,200,200,200,11,0,0,36,200
0,200,30,0,0,0,3,2,0,1,0,0,0,0,200,1,1,14,2,2,200,200
0,200,40,0,0,0,3,12,2,8,0,0,0,0,200,200,1,16,18,0,200,200
0,200,40,0,0,0,3,12,2,8,0,0,0,0,200,200,1,16,18,1,59,200
0,200,35,0,0,0,1,12,5,2,0,0,0,1,200,200,200,18,200,1,23,200
0,200,35,0,0,0,1,12,5,2,0,0,0,1,200,200,200,18,200,1,26,200
0,200,35,0,0,0,1,12,5,2,0,0,0,1,200,200,200,18,200,1,55,200
1,200,35,0,0,0,1,12,5,2,0,0,0,1,200,200,200,18,200,0,27,200
1,200,35,0,0,0,1,12,5,2,0,0,0,1,200,200,200,18,200,0,24,200
1,200,35,0,0,0,1,12,5,2,0,0,0,1,200,200,200,18,200,0,58,200
1,200,35,0,0,0,1,12,5,2,0,0,0,1,200,200,200,18,200,0,30,200
1,200,35,0,0,0,1,12,5,2,0,0,0,1,200,200,200,18,200,1,200,200
0,200,30,1,2,0,3,14,5,2,1,0,0,1,1,200,200,17,0,1,23,200
0,200,30,1,2,0,3,14,5,2,1,0,0,1,1,200,200,17,0,1,23,200
1,200,30,1,2,0,3,14,5,2,1,0,0,1,1,200,200,17,0,1,1,200
0,200,30,12,2,0,3,2,3,2,0,0,0,1,1,200,200,23,0,0,21,200
0,200,30,0,0,0,4,10,2,200,0,0,0,1,200,200,200,16,18,0,41,200
0,200,30,0,0,0,4,10,2,200,0,0,0,1,200,200,200,16,18,1,40,200
1,200,30,0,0,0,4,10,2,200,0,0,0,1,200,200,200,16,18,1,45,200
1,200,30,0,0,0,4,10,2,200,0,0,0,1,200,200,200,16,18,0,6,200
1,200,30,0,0,0,4,10,2,200,0,0,0,1,200,200,200,16,18,1,45,200
1,200,30,0,0,0,4,10,2,200,0,0,0,1,200,200,200,16,18,1,16,200
1,200,30,0,0,0,4,10,2,200,0,0,0,1,200,200,200,16,18,1,12,200
0,200,30,1,2,0,4,10,6,3,0,0,0,0,1,200,200,0,0,0,61,200
0,200,30,1,2,0,4,10,6,3,0,0,0,0,1,200,200,0,0,1,200,200
0,200,30,1,2,0,4,10,6,3,0,0,0,0,1,200,200,0,0,0,32,200
0,1,30,1,2,0,4,14,5,2,0,0,0,0,200,200,200,23,18,0,72,200
0,1,30,1,2,0,4,14,5,2,0,0,0,0,200,200,200,23,18,1,58,200
0,200,30,200,200,200,200,5,2,2,0,200,4,1,200,200,200,28,0,0,20,200
1,200,30,200,200,200,200,5,2,2,0,200,4,1,200,200,200,28,0,1,200,200
0,200,0,1,200,200,200,12,12,200,0,200,200,0,1,200,200,21,0,1,38,200
0,200,0,1,200,200,200,12,12,200,0,200,200,0,1,200,200,21,0,0,23,200
0,200,30,1,2,0,3,14,1,6,0,0,0,1,200,200,200,17,23,0,25,200
0,200,30,1,2,0,3,14,1,6,0,0,0,1,200,200,200,17,23,0,74,200
1,200,30,1,2,0,3,14,1,6,0,0,0,1,200,200,200,17,23,1,74,200
0,200,30,1,2,0,1,14,5,200,0,0,0,0,200,200,1,3,3,0,200,200
0,200,30,1,2,0,1,14,5,200,0,0,0,0,200,200,1,3,3,2,34,200
0,0,5,200,200,200,4,7,7,200,0,200,200,0,200,200,1,0,0,2,200,200
0,200,30,2,2,0,3,9,5,1,0,0,0,1,200,200,200,17,200,0,19,200
5,200,30,2,2,0,3,9,5,1,0,0,0,1,200,200,200,17,200,1,47,200
0,200,30,2,0,0,3,12,6,1,0,0,200,0,200,200,0,12,0,1,200,200
0,200,30,2,0,0,3,12,6,1,0,0,200,0,200,200,0,12,0,0,45,200
0,200,10,200,200,0,3,12,5,200,0,0,0,0,200,1,200,22,200,0,47,200
0,200,10,200,200,0,3,12,5,200,0,0,0,0,200,1,200,22,200,1,28,200
0,200,25,0,0,0,3,7,6,1,0,0,0,0,200,200,1,25,0,0,200,200
1,200,25,0,0,0,3,7,6,1,0,0,0,0,200,200,1,25,0,200,200,200
1,200,25,0,0,0,3,7,6,1,0,0,0,0,200,200,1,25,0,200,200,200
0,200,45,0,0,0,3,10,3,200,0,0,0,0,200,200,200,18,200,0,36,200
0,200,45,0,0,0,3,10,3,200,0,0,0,0,200,200,200,18,200,0,200,200
0,200,10,0,0,0,1,7,7,200,0,0,200,0,200,200,1,0,0,2,200,200
0,200,30,1,2,0,3,14,2,2,0,0,0,0,1,200,1,23,21,1,200,200
0,200,30,1,2,0,3,14,2,2,0,0,0,0,1,200,1,23,21,1,53,200
0,200,30,1,2,0,3,14,5,4,0,0,0,1,1,200,200,21,200,0,41,200
0,200,30,1,2,0,3,14,5,4,0,0,0,1,1,200,200,21,200,0,52,200
1,200,30,1,2,0,3,14,5,4,0,0,0,1,1,200,200,21,200,0,50,200
0,200,30,200,200,0,3,8,2,200,0,200,200,1,1,200,200,200,200,0,200,200
4,200,30,200,200,0,3,8,2,200,0,200,200,1,1,200,200,200,200,0,19,200
0,200,30,0,0,0,3,7,6,1,0,0,0,0,200,200,1,20,11,0,200,200
1,200,30,0,0,0,3,7,6,1,0,0,0,0,200,200,1,20,11,2,200,200
0,200,35,2,12,0,3,12,5,200,0,0,0,1,1,200,200,18,22,0,21,200
0,200,35,2,12,0,3,12,5,200,0,0,0,1,1,200,200,18,22,1,200,200
1,200,35,2,12,0,3,12,5,200,0,0,0,1,1,200,200,18,22,1,20,200
1,200,35,2,12,0,3,12,5,200,0,0,0,1,1,200,200,18,22,0,17,200
1,200,35,2,12,0,3,12,5,200,0,0,0,1,1,200,200,18,22,0,19,200
0,200,35,1,2,0,3,14,5,4,0,0,0,0,1,200,200,17,200,1,31,200
0,200,35,1,2,0,3,14,5,4,0,0,0,0,1,200,200,17,200,0,27,200
0,200,30,0,0,0,3,12,5,2,0,0,0,0,200,200,200,0,200,1,23,200
0,200,30,0,0,0,3,12,5,2,0,0,0,0,200,200,200,0,200,0,34,200
1,200,30,0,0,0,3,12,5,2,0,0,0,0,200,200,200,0,200,1,31,200
1,200,30,0,0,0,3,12,5,2,0,0,0,0,200,200,200,0,200,1,36,200
0,200,30,200,200,0,3,12,12,1,0,200,200,0,200,200,1,22,22,2,200,200
0,200,30,200,200,0,3,12,12,1,0,200,200,0,200,200,1,22,22,1,34,200
0,200,30,0,0,0,3,7,5,200,0,0,0,0,200,200,1,0,0,2,200,200
0,200,20,0,0,0,3,7,6,1,0,0,0,1,200,200,200,0,0,0,42,200
0,200,30,0,0,0,3,12,5,200,0,0,0,0,200,200,1,20,200,2,200,200
0,200,30,0,0,0,3,12,5,200,0,0,0,0,200,200,1,20,200,1,26,200
0,200,25,2,2,0,3,0,200,1,0,0,0,1,1,200,200,5,11,0,40,200
0,200,25,2,2,0,3,0,200,1,0,0,0,1,1,200,200,5,11,0,48,200
1,200,30,1,2,0,3,0,5,2,0,0,0,0,1,200,200,6,7,1,200,200
0,200,30,1,2,0,3,0,5,2,0,0,0,0,1,200,200,6,7,0,21,200
0,200,30,1,2,0,3,0,5,2,0,0,0,0,1,200,200,6,7,0,39,200
1,200,30,1,2,0,3,0,5,2,0,0,0,0,1,200,200,6,7,1,200,200
1,200,30,1,2,0,3,0,5,2,0,0,0,0,1,200,200,6,7,1,200,200
0,200,40,0,0,0,3,14,3,8,0,0,0,0,0,200,200,23,22,0,27,200
0,200,40,0,0,0,3,14,3,8,0,0,0,0,0,200,200,23,22,0,36,200
0,200,35,1,2,0,3,12,12,3,0,0,0,1,200,200,200,22,200,1,31,200
0,200,35,1,2,0,3,12,12,3,0,0,0,1,200,200,200,22,200,0,71,200
0,200,30,0,0,0,3,12,5,2,0,0,0,0,200,200,200,21,16,1,200,200
0,200,30,0,0,0,3,12,5,2,0,0,0,0,200,200,200,21,16,0,46,200
0,200,30,0,0,0,3,2,5,2,0,0,0,0,200,200,1,25,0,0,200,200
1,200,30,0,0,0,3,2,5,2,0,0,0,0,200,200,1,25,0,1,200,200
0,200,30,1,2,0,3,10,2,3,0,0,200,1,200,200,200,16,16,0,33,200
0,200,30,1,2,0,3,10,2,3,0,0,200,1,200,200,200,16,16,1,26,200
1,200,30,1,2,0,3,10,2,3,0,0,200,1,200,200,200,16,16,0,24,200
1,200,30,1,2,0,3,10,2,3,0,0,200,1,200,200,200,16,16,1,5,200
1,200,30,1,2,0,3,10,2,3,0,0,200,1,200,200,200,16,16,1,7,200
1,200,30,1,2,0,3,10,2,3,0,0,200,1,200,200,200,16,16,0,1,200
0,1,35,1,2,0,3,2,2,200,0,0,0,1,1,200,1,25,200,2,200,200
1,1,35,1,2,0,3,2,2,200,0,0,0,1,1,200,1,25,200,2,200,200
0,0,30,0,0,0,3,10,5,200,0,0,0,0,200,200,1,18,18,2,200,200
0,0,30,0,0,0,3,10,5,200,0,0,0,0,200,200,1,18,18,1,28,200
0,200,20,0,0,0,3,2,0,1,0,0,0,1,200,200,1,0,0,2,200,200
0,200,30,0,0,0,2,10,2,4,0,0,200,1,200,200,200,18,200,1,23,200
0,200,30,0,0,0,2,10,2,4,0,0,200,1,200,200,200,18,200,0,43,200
0,200,30,1,1,0,1,14,2,200,0,0,0,1,1,200,200,0,0,0,75,200
0,200,30,1,1,0,1,14,2,200,0,0,0,1,1,200,200,0,0,1,25,200
0,200,35,0,0,0,1,14,5,200,0,0,0,1,200,200,200,18,23,0,21,200
0,200,35,0,0,0,1,14,5,200,0,0,0,1,200,200,200,18,23,0,38,200
1,200,35,0,0,0,1,14,5,200,0,0,0,1,200,200,200,18,23,1,45,200
0,200,30,1,2,0,1,8,2,4,0,0,0,1,1,200,200,16,23,2,200,200
4,200,30,1,2,0,1,8,2,4,0,0,0,1,1,200,200,16,23,0,34,200
0,200,30,0,0,0,1,14,2,4,0,0,0,1,200,200,200,17,16,0,77,200
0,200,30,0,0,0,1,14,2,4,0,0,0,1,200,200,200,17,16,0,27,200
0,200,30,2,2,0,1,14,5,4,0,0,0,0,200,200,200,11,200,1,56,200
0,200,30,2,2,0,1,14,5,4,0,0,0,0,200,200,200,11,200,1,29,200
1,200,30,2,2,0,1,14,5,4,0,0,0,0,200,200,200,11,200,0,54,200
1,200,30,2,2,0,1,14,5,4,0,0,0,0,200,200,200,11,200,0,0,200
0,200,25,0,0,0,1,8,0,200,0,0,0,0,200,200,200,200,200,1,49,200
4,200,25,0,0,0,1,8,0,200,0,0,0,0,200,200,200,200,200,0,52,200
0,200,10,0,0,0,1,7,7,200,0,0,0,0,200,1,1,0,0,0,200,200
1,200,10,0,0,0,1,7,7,200,0,0,0,0,200,1,1,0,0,1,200,200
0,1,20,0,0,0,1,7,6,1,0,0,0,0,200,200,200,0,0,1,16,200
0,200,30,0,0,0,1,5,7,200,0,0,0,0,200,200,200,8,200,0,200,200
0,200,30,0,0,0,1,7,5,2,0,0,0,1,200,200,1,0,0,0,200,200
0,200,30,1,2,0,1,10,5,4,0,0,0,1,200,200,200,7,0,0,27,200
0,200,30,1,2,0,1,10,5,4,0,0,0,1,200,200,200,7,0,1,47,200
0,200,30,1,2,0,1,10,5,4,0,0,0,1,200,200,200,7,0,1,53,200
0,200,30,2,0,0,1,10,5,200,0,0,0,0,200,200,1,0,0,1,46,200
0,200,30,2,0,0,1,10,5,200,0,0,0,0,200,200,1,0,0,0,200,200
1,200,30,2,0,0,1,10,5,200,0,0,0,0,200,200,1,0,0,2,200,200
0,200,0,0,0,0,1,7,6,200,0,0,0,1,200,200,200,16,200,1,200,200
0,1,25,0,0,0,200,7,6,1,0,0,0,1,200,200,1,0,0,2,200,200
0,200,30,1,200,0,2,10,2,2,0,0,0,0,1,200,200,0,0,1,200,200
0,200,30,1,200,0,2,10,2,2,0,0,0,0,1,200,200,0,0,1,58,200
0,200,30,0,0,0,1,7,6,1,0,0,0,1,200,200,200,0,200,2,200,200
0,200,30,1,2,0,1,12,2,4,0,0,0,0,200,200,200,18,200,1,37,200
0,200,30,1,2,0,1,12,2,4,0,0,0,0,200,200,200,18,200,0,30,200
0,200,30,1,2,0,1,10,5,4,0,0,0,1,1,200,200,18,16,0,41,200
0,200,30,1,2,0,1,10,5,4,0,0,0,1,1,200,200,18,16,0,45,200
0,200,30,1,2,0,1,10,5,4,0,0,0,1,1,200,200,18,16,2,200,200
0,1,25,0,0,0,3,7,6,1,0,0,0,1,200,200,1,200,0,2,200,200
0,200,30,2,2,0,1,0,2,200,0,0,0,0,200,200,200,11,33,0,34,200
0,200,30,2,2,0,1,0,2,200,0,0,0,0,200,200,200,11,33,1,35,200
1,200,30,2,2,0,1,0,2,200,0,0,0,0,200,200,200,11,33,0,13,200
1,200,30,2,2,0,1,0,2,200,0,0,0,0,200,200,200,11,33,1,3,200
0,200,30,0,0,0,1,7,5,1,0,0,0,1,200,200,200,0,0,1,62,200
0,1,30,0,0,0,200,7,6,1,0,0,200,0,200,200,1,0,0,2,200,200
0,200,45,0,0,0,1,12,3,8,0,0,0,1,200,200,200,21,11,0,20,200
0,200,45,0,0,0,1,12,3,8,0,0,0,1,200,200,200,21,11,1,36,200
1,200,45,0,0,0,1,12,3,8,0,0,0,1,200,200,200,21,11,0,36,200
0,200,30,0,0,0,1,14,5,2,0,0,0,0,200,200,200,0,0,1,38,200
0,200,30,0,0,0,1,14,5,2,0,0,0,0,200,200,200,0,0,0,26,200
0,200,30,0,0,200,1,10,5,4,0,200,0,0,200,200,200,18,200,0,200,200
0,200,30,0,0,200,1,10,5,4,0,200,0,0,200,200,200,18,200,1,200,200
0,200,30,0,0,0,1,0,5,200,0,0,0,0,200,200,200,0,200,0,29,200
0,200,30,0,0,0,1,0,5,200,0,0,0,0,200,200,200,0,200,0,49,200
0,200,30,0,0,0,1,7,3,4,0,0,0,0,200,200,200,17,17,2,200,200
0,1,25,0,0,0,1,12,6,3,0,0,0,0,200,200,200,0,0,0,39,200
0,1,25,0,0,0,1,12,6,3,0,0,0,0,200,200,200,0,0,1,41,200
0,200,30,0,0,0,1,3,2,2,0,0,0,0,200,200,200,200,200,0,200,200
0,200,30,0,0,0,1,3,2,2,0,0,0,0,200,200,200,200,200,1,69,200
0,200,30,0,0,0,1,14,2,2,0,0,0,0,1,200,200,0,0,1,43,200
0,200,30,0,0,0,1,14,2,2,0,0,0,0,1,200,200,0,0,0,58,200
0,200,40,0,0,0,1,10,3,8,5,0,0,1,200,200,200,21,200,0,28,200
0,200,40,0,0,0,1,10,3,8,5,0,0,1,200,200,200,21,200,1,23,200
1,200,40,0,0,0,1,10,3,8,5,0,0,1,200,200,200,21,200,1,25,200
0,200,30,1,2,0,1,14,2,200,0,0,0,0,1,200,200,21,200,0,56,200
0,200,30,1,2,0,1,14,2,200,0,0,0,0,1,200,200,21,200,1,24,200
0,200,30,1,2,0,1,14,1,200,0,0,0,1,1,200,200,0,200,0,27,200
0,200,30,1,2,0,1,14,1,200,0,0,0,1,1,200,200,0,200,0,63,200
1,200,30,1,2,0,1,14,1,200,0,0,0,1,1,200,200,0,200,0,2,200
1,200,30,1,2,0,1,14,1,200,0,0,0,1,1,200,200,0,200,0,68,200