PERSON_TYPE,CRASH_DATE_EST_I,POSTED_SPEED_LIMIT,TRAFFIC_CONTROL_DEVICE,DEVICE_CONDITION,WEATHER_CONDITION,LIGHTING_CONDITION,FIRST_CRASH_TYPE,TRAFFICWAY_TYPE,LANE_CNT,ALIGNMENT,ROADWAY_SURFACE_COND,ROAD_DEFECT,CRASH_TYPE,INTERSECTION_RELATED_I,NOT_RIGHT_OF_WAY_I,HIT_AND_RUN_I,PRIM_CONTRIBUTORY_CAUSE,SEC_CONTRIBUTORY_CAUSE,SEX,AGE,BAC_RESULT VALUE
0,200,30,1,2,200,1,10,5,200,0,200,200,0,200,200,200,18,0,1,56,200
0,200,30,1,2,200,1,10,5,200,0,200,200,0,200,200,200,18,0,0,52,200
1,200,30,1,2,200,1,10,5,200,0,200,200,0,200,200,200,18,0,1,26,200
0,200,30,0,0,0,1,14,6,3,0,0,0,1,200,200,200,23,200,0,33,200
0,200,30,0,0,0,1,14,6,3,0,0,0,1,200,200,200,23,200,0,48,200
0,200,45,0,0,0,1,12,8,4,0,0,0,0,200,200,200,17,0,0,22,200
0,200,45,0,0,0,1,12,8,4,0,0,0,0,200,200,200,17,0,1,47,200
1,200,45,0,0,0,1,12,8,4,0,0,0,0,200,200,200,17,0,1,200,200
1,200,45,0,0,0,1,12,8,4,0,0,0,0,200,200,200,17,0,1,200,200
0,1,30,0,0,0,1,7,12,1,0,0,0,1,200,200,1,200,200,2,200,200
0,200,30,0,0,0,1,12,2,6,0,0,0,0,200,200,200,21,22,0,200,200
0,200,30,0,0,0,1,12,2,6,0,0,0,0,200,200,200,21,22,0,200,200
0,200,30,0,0,200,200,7,5,200,0,200,0,0,200,200,1,0,0,2,200,200
0,200,25,0,0,0,1,0,6,1,0,0,0,0,200,200,200,0,200,0,34,200
0,200,25,0,0,0,1,0,6,1,0,0,0,0,200,200,200,0,200,0,59,200
0,200,30,1,2,0,1,10,2,200,0,0,0,1,200,200,200,0,0,0,83,200
0,200,30,1,2,0,1,10,2,200,0,0,0,1,200,200,200,0,0,0,26,200
0,200,30,1,2,0,1,12,2,2,0,0,0,0,1,200,200,22,200,1,25,200
0,200,30,1,2,0,1,12,2,2,0,0,0,0,1,200,200,22,200,0,56,200
4,200,30,0,0,0,1,8,5,2,0,0,0,1,200,200,200,17,200,1,32,200
1,200,30,0,0,0,1,8,5,2,0,0,0,1,200,200,200,17,200,1,200,200
0,200,30,0,0,0,1,7,5,1,0,0,0,0,200,200,1,0,200,2,200,200
0,200,30,1,2,0,0,0,3,4,0,0,0,0,1,200,200,17,17,0,51,200
0,200,30,1,2,0,0,0,3,4,0,0,0,0,1,200,200,17,17,1,55,200
0,200,30,0,0,0,1,14,5,4,0,0,0,1,200,200,1,23,17,0,200,200
0,200,30,0,0,0,1,14,5,4,0,0,0,1,200,200,1,23,17,0,74,200
0,200,30,0,0,0,1,12,5,200,0,0,0,0,200,200,200,0,200,1,37,200
0,200,30,0,0,0,1,12,5,200,0,0,0,0,200,200,200,0,200,0,56,200
0,200,30,0,0,0,1,7,6,1,0,0,1,0,1,200,200,7,11,1,26,200
5,200,30,2,2,0,1,9,5,2,0,0,0,1,1,200,200,200,200,0,9,200
0,200,30,2,2,0,1,9,5,2,0,0,0,1,1,200,200,200,200,1,46,200
0,200,25,0,0,0,1,7,5,200,0,0,0,0,200,200,200,0,0,0,68,200
1,200,25,0,0,0,1,7,5,200,0,0,0,0,200,200,200,0,0,0,24,200
1,200,25,0,0,0,1,7,5,200,0,0,0,0,200,200,200,0,0,1,22,200
1,200,25,0,0,0,1,7,5,200,0,0,0,0,200,200,200,0,0,0,28,200
0,200,30,1,200,0,1,12,5,2,0,0,200,0,200,200,200,0,0,1,50,200
0,200,30,1,200,0,1,12,5,2,0,0,200,0,200,200,200,0,0,0,45,200
0,1,30,1,2,0,1,14,1,3,0,200,200,1,1,200,200,6,16,0,34,200
0,1,30,1,2,0,1,14,1,3,0,200,200,1,1,200,200,6,16,1,30,200
0,200,30,1,2,0,1,10,2,200,0,0,0,0,200,200,200,0,0,1,27,200
0,200,30,1,2,0,1,10,2,200,0,0,0,0,200,200,200,0,0,0,39,200
0,200,30,2,3,0,1,0,5,200,0,0,0,0,200,200,200,20,200,0,33,200
0,200,30,2,3,0,1,0,5,200,0,0,0,0,200,200,200,20,200,1,58,200
0,200,30,0,0,0,1,0,6,200,0,0,0,0,200,200,200,0,0,1,200,200
0,200,30,0,0,0,1,0,6,200,0,0,0,0,200,200,200,0,0,0,200,200
1,200,30,0,0,0,1,0,6,200,0,0,0,0,200,200,200,0,0,0,200,200
1,200,30,0,0,0,1,0,6,200,0,0,0,0,200,200,200,0,0,0,200,200
1,200,30,0,0,0,1,0,6,200,0,0,0,0,200,200,200,0,0,0,200,200
0,200,30,0,0,0,1,0,5,200,0,0,0,0,200,200,200,200,200,1,39,200
0,200,30,0,0,0,1,0,5,200,0,0,0,0,200,200,200,200,200,1,36,200
0,200,30,1,2,0,1,0,5,200,0,0,0,0,1,200,200,17,17,0,64,200
0,200,30,1,2,0,1,0,5,200,0,0,0,0,1,200,200,17,17,0,46,200
0,200,25,2,2,0,1,12,5,2,0,0,0,0,200,200,1,0,200,2,200,200
0,200,25,2,2,0,1,12,5,2,0,0,0,0,200,200,1,0,200,1,37,200
0,200,15,0,0,0,1,0,7,200,0,0,0,0,200,200,200,17,0,0,65,200
0,200,15,0,0,0,1,0,7,200,0,0,0,0,200,200,200,17,0,1,38,200
1,200,15,0,0,0,1,0,7,200,0,0,0,0,200,200,200,17,0,0,13,200
1,200,15,0,0,0,1,0,7,200,0,0,0,0,200,200,200,17,0,0,10,200
0,200,35,1,2,0,1,14,5,4,0,0,0,0,1,200,200,23,18,0,37,200
0,200,35,1,2,0,1,14,5,4,0,0,0,0,1,200,200,23,18,1,65,200
1,200,35,1,2,0,1,14,5,4,0,0,0,0,1,200,200,23,18,1,62,200
0,200,30,200,200,0,1,10,5,200,0,200,200,0,200,200,200,18,200,1,54,200
0,200,30,200,200,0,1,10,5,200,0,200,200,0,200,200,200,18,200,1,48,200
0,200,10,0,0,0,1,2,0,1,0,0,0,0,200,1,200,200,200,0,28,200
0,200,30,0,0,0,1,9,5,2,0,0,0,1,200,200,200,17,200,1,45,200
5,200,30,0,0,0,1,9,5,2,0,0,0,1,200,200,200,17,200,0,63,200
0,200,30,0,0,0,1,14,2,2,0,0,0,1,200,200,200,0,200,0,29,200
0,200,30,0,0,0,1,14,2,2,0,0,0,1,200,200,200,0,200,0,18,200
0,200,30,0,0,0,1,12,2,200,0,0,0,0,200,200,200,0,200,0,76,200
0,200,30,0,0,0,1,12,2,200,0,0,0,0,200,200,200,0,200,1,37,200
0,1,30,0,0,0,3,7,5,2,0,0,3,0,200,200,1,17,200,2,200,200
0,200,30,0,0,0,1,0,7,0,0,0,0,0,200,200,200,20,20,1,31,200
0,200,30,0,0,0,1,0,7,0,0,0,0,0,200,200,200,20,20,1,24,200
0,200,25,1,2,0,1,2,1,4,0,0,0,1,200,200,200,4,33,0,25,200
0,200,30,0,0,0,1,14,5,1,0,0,0,0,1,200,200,18,200,0,16,200
0,200,30,0,0,0,1,14,5,1,0,0,0,0,1,200,200,18,200,0,32,200
1,200,30,0,0,0,1,14,5,1,0,0,0,0,1,200,200,18,200,0,21,200
1,200,30,0,0,0,1,14,5,1,0,0,0,0,1,200,200,18,200,1,16,200
0,200,0,0,0,0,1,7,7,200,0,0,0,0,200,0,1,25,25,1,200,200
0,200,30,1,2,0,1,10,5,2,0,0,0,0,200,200,200,18,0,1,28,200
0,200,30,1,2,0,1,10,5,2,0,0,0,0,200,200,200,18,0,1,26,200
1,200,30,1,2,0,1,10,5,2,0,0,0,0,200,200,200,18,0,1,4,200
1,200,30,1,2,0,1,10,5,2,0,0,0,0,200,200,200,18,0,1,5,200
1,200,30,1,2,0,1,10,5,2,0,0,0,0,200,200,200,18,0,1,4,200
0,200,30,0,0,0,1,12,2,4,0,0,0,0,200,200,200,0,200,1,29,200
0,200,30,0,0,0,1,12,2,4,0,0,0,0,200,200,200,0,200,0,58,200
1,200,30,0,0,0,1,12,2,4,0,0,0,0,200,200,200,0,200,0,7,200
0,200,30,0,0,0,1,7,5,1,0,0,0,0,200,200,200,22,0,0,40,200
1,200,30,0,0,0,1,7,5,1,0,0,0,0,200,200,200,22,0,0,200,200
0,200,30,0,0,0,1,12,5,200,0,0,0,0,200,200,200,0,0,0,200,200
0,200,30,0,0,0,1,12,5,200,0,0,0,0,200,200,200,0,0,0,200,200
0,200,30,0,0,0,1,12,5,200,0,0,0,0,200,200,200,21,200,0,64,200
0,200,30,0,0,0,1,12,5,200,0,0,0,0,200,200,200,21,200,0,56,200
0,200,30,2,2,0,1,7,5,200,0,0,0,0,1,200,200,0,200,0,48,200
1,200,30,2,2,0,1,7,5,200,0,0,0,0,1,200,200,0,200,0,58,200
1,200,30,2,2,0,1,7,5,200,0,0,0,0,1,200,200,0,200,0,36,200
1,200,30,2,2,0,1,7,5,200,0,0,0,0,1,200,200,0,200,0,50,200
1,200,30,2,2,0,1,7,5,200,0,0,0,0,1,200,200,0,200,0,36,200
0,200,30,1,2,0,1,14,2,200,0,0,0,0,200,200,200,22,20,0,59,200
0,200,30,1,2,0,1,14,2,200,0,0,0,0,200,200,200,22,20,0,33,200
0,200,30,1,2,0,1,14,2,200,0,0,0,0,200,200,200,22,20,1,27,200
0,200,30,1,2,0,1,10,2,200,0,0,0,1,1,200,200,18,16,0,53,200
0,200,30,1,2,0,1,10,2,200,0,0,0,1,1,200,200,18,16,1,61,200
1,200,30,1,2,0,1,10,2,200,0,0,0,1,1,200,200,18,16,1,14,200
1,200,30,1,2,0,1,10,2,200,0,0,0,1,1,200,200,18,16,0,11,200
0,200,30,0,0,0,1,10,5,200,0,0,0,0,200,200,200,18,200,1,52,200
0,200,30,0,0,0,1,10,5,200,0,0,0,0,200,200,200,18,200,0,32,200
0,200,30,0,0,0,1,5,7,200,0,0,0,0,200,1,200,16,200,0,18,200
0,200,35,0,0,0,1,2,5,2,3,0,0,1,200,200,200,15,200,0,22,200
1,200,35,0,0,0,1,2,5,2,3,0,0,1,200,200,200,15,200,0,16,200
0,200,30,0,0,0,1,12,3,6,0,0,0,0,200,200,200,0,0,1,48,200
0,200,30,0,0,0,1,12,3,6,0,0,0,0,200,200,200,0,0,1,38,200
0,200,25,0,0,0,1,7,5,2,0,0,0,0,200,200,200,0,200,0,200,200
0,200,30,0,0,0,1,7,6,200,0,0,0,0,200,200,1,20,20,1,200,200
0,200,30,2,2,0,1,0,6,1,0,0,0,0,200,200,200,20,21,0,49,200
0,200,30,2,2,0,1,0,6,1,0,0,0,0,200,200,200,20,21,1,30,200
0,200,35,0,0,0,3,10,5,4,0,0,0,0,200,200,1,16,18,2,200,200
0,200,35,0,0,0,3,10,5,4,0,0,0,0,200,200,1,16,18,0,61,200
0,200,30,1,2,0,2,10,2,200,0,0,0,0,200,200,200,18,200,1,23,200
0,200,30,1,2,0,2,10,2,200,0,0,0,0,200,200,200,18,200,0,25,200
0,200,30,0,0,0,1,7,6,2,0,0,0,1,200,200,200,2,200,1,29,200
1,200,30,0,0,0,1,7,6,2,0,0,0,1,200,200,200,2,200,1,62,200
0,200,30,0,200,0,1,9,2,2,0,200,200,1,200,200,200,11,20,0,200,200
5,200,30,0,200,0,1,9,2,2,0,200,200,1,200,200,200,11,20,0,14,200
0,200,30,0,0,0,1,2,0,1,0,0,0,0,200,1,200,0,0,0,63,200
0,200,30,0,0,0,1,12,2,200,0,0,0,0,200,200,200,17,200,1,31,200
0,200,30,0,0,0,1,12,2,200,0,0,0,0,200,200,200,17,200,1,26,200
1,200,30,0,0,0,1,12,2,200,0,0,0,0,200,200,200,17,200,0,5,200
0,200,0,1,2,0,1,10,200,200,0,200,200,0,1,200,200,0,200,0,29,200
0,200,0,1,2,0,1,10,200,200,0,200,200,0,1,200,200,0,200,0,62,200
0,200,30,2,2,0,1,2,5,200,0,0,0,0,1,200,200,0,0,0,50,200
0,200,30,0,0,0,1,7,7,200,0,0,0,0,200,1,1,0,0,2,200,200
0,200,30,1,200,0,1,10,5,200,0,0,0,0,200,200,1,18,200,0,200,200
0,200,30,1,200,0,1,10,5,200,0,0,0,0,200,200,1,18,200,0,38,200
0,200,20,0,0,0,1,10,2,200,0,0,200,0,200,200,200,18,18,1,31,200
0,200,20,0,0,0,1,10,2,200,0,0,200,0,200,200,200,18,18,0,0,200
0,200,30,0,0,0,1,14,5,200,0,0,0,0,200,200,200,200,200,1,73,200
0,200,30,0,0,0,1,14,5,200,0,0,0,0,200,200,200,200,200,1,40,200
1,200,30,0,0,0,1,14,5,200,0,0,0,0,200,200,200,200,200,0,200,200
0,200,30,0,0,0,1,10,3,200,0,0,0,0,200,200,200,0,0,1,21,200
0,200,30,0,0,0,1,10,3,200,0,0,0,0,200,200,200,0,0,0,51,200
0,200,0,1,2,0,1,7,2,3,0,0,0,0,200,200,200,28,0,0,37,200
0,200,30,0,0,0,1,7,5,2,0,0,0,0,200,200,1,0,200,2,200,200
0,200,30,1,2,0,1,14,5,200,0,0,0,0,1,200,200,0,0,0,27,200
0,200,30,1,2,0,1,14,5,200,0,0,0,0,1,200,200,0,0,0,59,200
0,1,15,0,0,0,1,2,0,1,0,0,0,0,200,1,1,0,0,2,200,200
0,200,30,2,2,0,1,0,12,200,0,0,0,1,1,200,200,16,11,0,32,200
0,200,30,2,2,0,1,0,12,200,0,0,0,1,1,200,200,16,11,0,51,200
1,200,30,2,2,0,1,0,12,200,0,0,0,1,1,200,200,16,11,0,6,200
1,200,30,2,2,0,1,0,12,200,0,0,0,1,1,200,200,16,11,1,25,200
1,200,30,2,2,0,1,0,12,200,0,0,0,1,1,200,200,16,11,1,4,200
1,200,30,2,2,0,1,0,12,200,0,0,0,1,1,200,200,16,11,1,7,200
1,200,30,2,2,0,1,0,12,200,0,0,0,1,1,200,200,16,11,0,0,200
1,200,30,2,2,0,1,0,12,200,0,0,0,1,1,200,200,16,11,1,7,200
0,200,30,200,200,0,1,7,5,200,0,0,200,0,200,200,1,0,200,2,200,200
0,200,30,0,0,0,3,7,6,1,0,0,0,0,200,200,1,22,0,2,200,200
0,200,30,0,0,0,1,8,5,2,0,0,200,1,200,200,200,17,200,1,30,200
4,200,30,0,0,0,1,8,5,2,0,0,200,1,200,200,200,17,200,1,29,200
0,1,25,0,200,0,3,7,5,200,0,0,0,0,200,200,1,0,200,2,200,200
0,200,30,0,0,0,1,12,5,200,0,0,0,0,200,200,200,0,0,1,18,200
0,200,30,0,0,0,1,12,5,200,0,0,0,0,200,200,200,0,0,1,41,200
0,200,30,1,2,0,1,10,5,200,0,0,0,1,1,200,200,0,0,1,51,200
0,200,30,1,2,0,1,10,5,200,0,0,0,1,1,200,200,0,0,0,47,200
0,200,20,0,0,0,1,7,2,2,0,0,200,0,200,200,1,200,0,2,200,200
0,200,30,0,0,0,1,2,2,200,0,0,0,0,200,200,200,29,29,0,64,200
0,200,30,12,12,0,1,10,2,2,0,12,2,1,200,200,200,16,18,0,18,200
0,200,30,12,12,0,1,10,2,2,0,12,2,1,200,200,200,16,18,0,49,200
0,200,30,1,2,0,1,10,2,200,0,0,0,0,1,200,200,20,16,0,25,200
0,200,30,1,2,0,1,10,2,200,0,0,0,0,1,200,200,20,16,0,50,200
0,200,30,0,0,0,1,10,3,200,0,0,0,0,200,200,200,0,0,0,200,200
0,200,30,0,0,0,1,10,3,200,0,0,0,0,200,200,200,0,0,1,20,200
0,200,20,0,0,0,1,7,7,200,0,200,200,0,200,200,1,0,0,1,200,200
0,200,30,0,0,0,1,12,5,200,0,0,0,0,200,200,200,21,7,0,78,200
0,200,30,0,0,0,1,12,5,200,0,0,0,0,200,200,200,21,7,1,45,200
0,200,30,0,0,0,1,7,5,2,2,0,0,0,1,200,0,23,200,1,23,200
0,200,30,0,0,0,1,7,5,200,0,0,0,0,200,200,200,21,200,0,24,200
0,200,30,0,0,0,1,3,3,200,0,0,0,0,1,200,1,0,0,0,200,200
0,200,30,0,0,0,1,3,3,200,0,0,0,0,1,200,1,0,0,0,22,200
1,200,30,0,0,0,1,3,3,200,0,0,0,0,1,200,1,0,0,1,19,200
0,200,30,1,2,0,1,14,2,4,0,0,0,1,1,200,200,0,0,0,60,200
0,200,30,1,2,0,1,14,2,4,0,0,0,1,1,200,200,0,0,1,19,200
0,200,0,0,0,0,1,12,5,2,0,0,0,0,200,200,1,0,0,0,200,200
0,200,0,0,0,0,1,12,5,2,0,0,0,0,200,200,1,0,0,0,28,200
0,200,30,200,200,0,1,10,5,2,0,0,0,0,200,200,1,0,200,0,200,200
0,200,30,200,200,0,1,10,5,2,0,0,0,0,200,200,1,0,200,0,79,200
1,200,30,200,200,0,1,10,5,2,0,0,0,0,200,200,1,0,200,1,36,200
0,200,30,1,2,0,1,12,5,200,0,0,0,0,200,200,200,21,200,1,200,200
0,200,30,1,2,0,1,12,5,200,0,0,0,0,200,200,200,21,200,1,29,200
0,0,30,0,0,0,1,7,5,2,0,0,0,0,200,200,1,200,200,2,200,200
4,200,30,0,0,0,1,8,5,2,0,0,0,0,200,200,200,200,200,0,200,200
0,200,30,0,0,0,1,8,5,2,0,0,0,0,200,200,200,200,200,1,23,200
0,200,30,1,2,0,1,10,2,4,0,0,0,1,1,200,200,18,200,0,20,200
0,200,30,1,2,0,1,10,2,4,0,0,0,1,1,200,200,18,200,0,67,200
0,200,10,0,0,0,1,9,7,200,0,200,200,1,200,200,200,20,20,0,200,200
5,200,10,0,0,0,1,9,7,200,0,200,200,1,200,200,200,20,20,0,67,200
0,200,25,2,2,0,1,9,1,2,0,0,0,0,1,200,1,17,5,1,200,200
5,200,25,2,2,0,1,9,1,2,0,0,0,0,1,200,1,17,5,1,22,200
0,200,10,0,0,0,1,7,0,200,0,0,200,0,200,200,200,0,0,2,200,200
0,1,0,0,0,0,1,7,7,0,0,0,0,0,200,200,1,0,0,2,200,200
0,200,30,1,2,0,1,10,5,4,0,0,0,1,200,200,200,18,200,0,58,200
0,200,30,1,2,0,1,10,5,4,0,0,0,1,200,200,200,18,200,1,34,200
1,200,30,1,2,0,1,10,5,4,0,0,0,1,200,200,200,18,200,1,200,200
0,200,30,200,200,200,200,10,200,200,0,200,200,0,200,200,200,0,200,0,27,200
0,200,30,200,200,200,200,10,200,200,0,200,200,0,200,200,200,0,200,0,58,200
0,200,10,0,0,0,1,7,7,200,0,0,200,0,200,200,1,0,200,2,200,200
0,200,30,0,200,0,1,5,0,200,0,0,200,0,200,200,1,20,20,0,200,200
0,200,30,0,200,0,1,12,6,2,0,0,0,0,200,200,200,11,0,0,40,200
0,200,30,0,200,0,1,12,6,2,0,0,0,0,200,200,200,11,0,0,51,200
0,200,30,1,2,0,1,0,12,200,0,0,0,1,1,200,200,6,200,0,21,200
0,200,30,1,2,0,1,0,12,200,0,0,0,1,1,200,200,6,200,1,69,200
0,200,30,0,0,0,1,7,7,0,0,0,0,1,200,1,200,27,200,0,54,200
0,200,30,0,0,0,1,12,2,200,0,0,0,0,200,200,200,11,0,1,46,200
0,200,30,0,0,0,1,12,2,200,0,0,0,0,200,200,200,11,0,1,75,200
0,200,35,0,0,200,1,7,7,200,0,200,200,0,200,200,1,200,200,2,200,200
0,200,30,12,12,0,1,12,6,3,0,0,0,0,200,200,200,17,200,0,25,200
0,200,30,12,12,0,1,12,6,3,0,0,0,0,200,200,200,17,200,0,27,200
0,200,30,1,2,0,1,10,2,200,0,0,0,0,1,200,0,18,200,0,49,200
0,200,30,1,2,0,1,10,2,200,0,0,0,0,1,200,0,18,200,0,48,200
0,200,30,1,200,0,1,10,5,2,0,200,200,0,1,200,200,0,16,1,200,200
0,200,30,1,200,0,1,10,5,2,0,200,200,0,1,200,200,0,16,1,75,200
0,200,30,0,0,0,1,10,5,200,0,0,0,0,200,200,1,200,200,0,200,200
0,200,30,0,0,0,1,10,5,200,0,0,0,0,200,200,1,200,200,0,61,200
1,200,30,0,0,0,1,10,5,200,0,0,0,0,200,200,1,200,200,1,200,200
0,200,30,0,2,0,1,12,5,4,0,0,0,0,200,200,200,7,200,1,40,200
0,200,30,0,2,0,1,12,5,4,0,0,0,0,200,200,200,7,200,0,43,200
0,200,30,1,2,0,1,10,2,200,0,0,0,0,200,200,200,18,16,1,20,200
0,200,30,1,2,0,1,10,2,200,0,0,0,0,200,200,200,18,16,0,51,200
0,200,30,0,0,0,1,10,7,200,0,0,0,0,200,200,200,20,200,0,200,200
0,200,30,0,0,0,1,10,7,200,0,0,0,0,200,200,200,20,200,0,19,200
0,200,30,0,0,0,1,7,6,1,0,200,200,0,200,200,1,22,22,0,200,200
1,200,30,0,0,0,1,7,6,1,0,200,200,0,200,200,1,22,22,0,200,200
0,200,30,200,200,200,200,12,200,200,0,200,200,0,200,200,1,0,200,0,200,200
0,200,30,200,200,200,200,12,200,200,0,200,200,0,200,200,1,0,200,0,47,200
1,200,30,200,200,200,200,12,200,200,0,200,200,0,200,200,1,0,200,1,45,200
0,200,15,0,0,0,1,7,7,200,0,0,0,0,200,200,1,200,200,2,200,200
0,200,30,0,0,0,1,14,2,200,0,0,200,0,1,200,200,17,200,0,40,200
0,200,30,0,0,0,1,14,2,200,0,0,200,0,1,200,200,17,200,0,23,200
0,1,30,0,0,200,200,7,6,1,0,200,200,0,200,200,1,0,200,2,200,200
0,200,30,0,0,0,1,7,5,200,0,0,0,0,200,200,1,0,0,0,200,200
0,200,35,1,200,0,1,10,3,200,0,0,200,0,200,200,200,200,200,1,20,200
0,200,35,1,200,0,1,10,3,200,0,0,200,0,200,200,200,200,200,1,54,200
0,200,30,0,0,0,1,11,2,200,0,200,200,1,200,200,0,0,0,2,200,200
0,200,30,0,0,0,1,11,2,200,0,200,200,1,200,200,0,0,0,1,77,200
0,200,30,0,0,0,1,12,6,2,0,0,0,0,200,200,200,22,200,1,47,200
0,200,30,0,0,0,1,12,6,2,0,0,0,0,200,200,200,22,200,0,38,200
0,200,30,0,0,0,1,7,5,200,0,0,200,0,200,200,1,0,200,0,200,200
0,200,30,0,0,0,1,7,2,2,0,0,0,0,200,200,200,0,0,1,33,200
0,200,30,0,0,0,4,7,5,2,0,200,200,0,200,200,200,7,7,1,60,200
4,200,30,200,200,0,1,8,6,200,0,0,200,0,200,200,1,0,200,0,200,200
0,200,30,0,0,0,1,12,6,2,0,0,0,1,200,200,200,21,200,1,22,200
0,200,30,0,0,0,1,12,6,2,0,0,0,1,200,200,200,21,200,0,61,200
1,200,30,0,0,0,1,12,6,2,0,0,0,1,200,200,200,21,200,0,14,200
1,200,30,0,0,0,1,12,6,2,0,0,0,1,200,200,200,21,200,1,21,200
1,200,30,0,0,0,1,12,6,2,0,0,0,1,200,200,200,21,200,0,13,200
1,200,30,0,0,0,1,12,6,2,0,0,0,1,200,200,200,21,200,1,12,200
1,200,30,0,0,0,1,12,6,2,0,0,0,1,200,200,200,21,200,1,13,200
1,200,30,0,0,0,1,12,6,2,0,0,0,1,200,200,200,21,200,0,13,200
1,200,30,0,0,0,1,12,6,2,0,0,0,1,200,200,200,21,200,0,13,200
1,200,30,0,0,0,1,12,6,2,0,0,0,1,200,200,200,21,200,1,32,200
1,200,30,0,0,0,1,12,6,2,0,0,0,1,200,200,200,21,200,1,14,200
1,200,30,0,0,0,1,12,6,2,0,0,0,1,200,200,200,21,200,1,27,200
1,200,30,0,0,0,1,12,6,2,0,0,0,1,200,200,200,21,200,1,13,200
1,200,30,0,0,0,1,12,6,2,0,0,0,1,200,200,200,21,200,1,15,200
1,200,30,0,0,0,1,12,6,2,0,0,0,1,200,200,200,21,200,1,13,200
1,200,30,0,0,0,1,12,6,2,0,0,0,1,200,200,200,21,200,0,13,200
0,200,30,1,2,0,1,12,5,200,0,0,200,0,1,200,200,0,0,0,62,200
0,200,30,1,2,0,1,12,5,200,0,0,200,0,1,200,200,0,0,1,62,200
0,200,30,1,2,0,1,14,5,200,0,0,0,0,200,200,200,23,0,0,200,200
0,200,30,1,2,0,1,14,5,200,0,0,0,0,200,200,200,23,0,1,28,200
0,200,30,0,0,0,1,14,5,2,0,0,0,0,200,200,200,22,200,0,28,200
0,200,30,0,0,0,1,14,5,2,0,0,0,0,200,200,200,22,200,0,34,200
0,200,30,0,0,0,1,12,6,2,0,0,0,0,200,200,200,0,200,0,49,200
0,200,30,0,0,0,1,12,6,2,0,0,0,0,200,200,200,0,200,0,39,200
0,200,30,0,0,0,1,12,6,1,0,200,200,0,200,200,200,17,17,1,28,200
0,200,30,0,0,0,1,12,6,1,0,200,200,0,200,200,200,17,17,0,69,200
1,200,30,0,0,0,1,12,6,1,0,200,200,0,200,200,200,17,17,0,200,200
0,200,30,1,2,0,1,10,5,4,2,0,0,0,200,200,200,16,0,1,21,200
0,200,30,1,2,0,1,10,5,4,2,0,0,0,200,200,200,16,0,0,47,200
1,200,30,1,2,0,1,10,5,4,2,0,0,0,200,200,200,16,0,200,200,200
0,200,30,0,0,0,1,12,5,200,0,0,0,1,200,200,200,22,16,1,26,200
0,200,30,0,0,0,1,12,5,200,0,0,0,1,200,200,200,22,16,0,30,200
0,1,30,1,2,0,1,12,5,4,0,0,200,0,200,200,200,21,200,0,52,200
0,1,30,1,2,0,1,12,5,4,0,0,200,0,200,200,200,21,200,0,29,200
0,200,30,2,12,0,1,0,2,2,0,0,0,1,1,200,200,0,0,0,57,200
0,200,30,2,12,0,1,0,2,2,0,0,0,1,1,200,200,0,0,0,41,200
0,200,30,2,12,0,1,0,2,2,0,0,0,1,1,200,200,0,0,0,41,200
0,200,30,2,12,0,1,0,2,2,0,0,0,1,1,200,200,0,0,1,33,200
0,200,30,0,0,0,1,10,5,200,0,0,0,1,200,200,200,0,0,0,48,200
0,200,30,0,0,0,1,10,5,200,0,0,0,1,200,200,200,0,0,0,38,200
0,200,30,1,2,0,1,0,2,2,0,0,0,0,200,200,200,17,16,0,66,200
0,200,30,1,2,0,1,0,2,2,0,0,0,0,200,200,200,17,16,1,76,200
0,200,30,0,2,0,1,12,5,200,0,0,0,0,200,200,1,20,23,0,200,200
0,200,30,0,2,0,1,12,5,200,0,0,0,0,200,200,1,20,23,1,30,200
1,200,30,0,2,0,1,12,5,200,0,0,0,0,200,200,1,20,23,0,200,200
0,200,30,0,0,0,1,7,5,2,0,0,0,1,200,200,200,25,200,1,29,200
0,200,20,0,0,0,1,7,2,4,0,0,0,0,200,200,1,0,0,2,200,200
0,200,35,1,2,0,1,10,5,200,0,0,0,1,1,200,200,18,200,1,36,200
0,200,35,1,2,0,1,10,5,200,0,0,0,1,1,200,200,18,200,1,20,200
1,200,35,1,2,0,1,10,5,200,0,0,0,1,1,200,200,18,200,1,60,200
1,200,35,1,2,0,1,10,5,200,0,0,0,1,1,200,200,18,200,1,22,200
0,200,30,0,0,0,1,12,2,200,0,0,0,0,200,200,200,0,0,1,47,200
0,200,30,0,0,0,1,12,2,200,0,0,0,0,200,200,200,0,0,0,73,200
1,200,30,0,0,0,1,12,2,200,0,0,0,0,200,200,200,0,0,0,200,200
1,200,30,0,0,0,1,12,2,200,0,0,0,0,200,200,200,0,0,1,200,200
1,200,30,0,0,0,1,12,2,200,0,0,0,0,200,200,200,0,0,1,200,200
0,200,30,1,200,0,1,12,5,200,0,0,200,0,200,200,200,21,200,1,31,200