PERSON_TYPE,CRASH_DATE_EST_I,POSTED_SPEED_LIMIT,TRAFFIC_CONTROL_DEVICE,DEVICE_CONDITION,WEATHER_CONDITION,LIGHTING_CONDITION,FIRST_CRASH_TYPE,TRAFFICWAY_TYPE,LANE_CNT,ALIGNMENT,ROADWAY_SURFACE_COND,ROAD_DEFECT,CRASH_TYPE,INTERSECTION_RELATED_I,NOT_RIGHT_OF_WAY_I,HIT_AND_RUN_I,PRIM_CONTRIBUTORY_CAUSE,SEC_CONTRIBUTORY_CAUSE,SEX,AGE,BAC_RESULT VALUE
0,200,30,1,200,0,1,12,5,200,0,0,200,0,200,200,200,21,200,1,56,200
0,200,35,0,0,0,1,10,5,4,0,0,0,0,200,200,200,18,0,0,28,200
0,200,35,0,0,0,1,10,5,4,0,0,0,0,200,200,200,18,0,0,29,200
1,200,35,0,0,0,1,10,5,4,0,0,0,0,200,200,200,18,0,0,24,200
0,200,30,2,2,0,1,0,5,1,0,0,0,0,1,200,200,17,0,1,33,200
0,200,30,2,2,0,1,0,5,1,0,0,0,0,1,200,200,17,0,1,39,200
0,200,30,0,0,0,1,7,5,200,0,0,0,0,200,200,200,20,0,0,28,200
0,200,30,0,0,0,1,3,6,1,0,0,0,1,200,200,1,10,200,0,200,200
0,200,30,0,0,0,1,3,6,1,0,0,0,1,200,200,1,10,200,1,21,200
0,200,30,1,2,0,1,14,5,200,0,0,0,1,200,200,1,18,200,2,200,200
0,200,30,1,2,0,1,14,5,200,0,0,0,1,200,200,1,18,200,1,0,200
1,200,30,1,2,0,1,14,5,200,0,0,0,1,200,200,1,18,200,0,200,200
0,200,30,0,0,0,1,10,6,1,0,0,0,0,200,200,200,20,200,0,48,200
0,200,30,0,0,0,1,10,6,1,0,0,0,0,200,200,200,20,200,0,41,200
0,200,30,0,0,0,1,12,5,200,0,0,0,0,200,200,1,200,200,2,200,200
0,200,30,0,0,0,1,12,5,200,0,0,0,0,200,200,1,200,200,0,24,200
0,200,30,0,0,0,1,2,3,4,2,0,0,0,200,200,200,0,0,0,41,200
0,200,30,1,2,0,1,10,5,2,0,0,0,0,1,200,200,18,0,1,65,200
0,200,30,1,2,0,1,10,5,2,0,0,0,0,1,200,200,18,0,0,43,200
1,200,30,1,2,0,1,10,5,2,0,0,0,0,1,200,200,18,0,1,10,200
1,200,30,1,2,0,1,10,5,2,0,0,0,0,1,200,200,18,0,0,8,200
1,200,30,1,2,0,1,10,5,2,0,0,0,0,1,200,200,18,0,0,3,200
1,200,30,1,2,0,1,10,5,2,0,0,0,0,1,200,200,18,0,1,1,200
0,200,20,0,0,0,1,7,5,1,0,0,0,0,200,1,1,20,0,0,200,200
1,200,20,0,0,0,1,7,5,1,0,0,0,0,200,1,1,20,0,0,200,200
0,200,30,0,0,0,1,7,2,200,0,0,0,0,200,200,1,0,200,0,200,200
0,200,30,1,2,0,1,14,2,200,0,0,0,0,200,200,200,6,200,1,54,200
0,200,30,1,2,0,1,14,2,200,0,0,0,0,200,200,200,6,200,1,22,200
0,200,30,0,0,0,1,10,2,2,0,0,0,0,200,200,200,0,200,0,33,200
0,200,30,0,0,0,1,10,2,2,0,0,0,0,200,200,200,0,200,0,39,200
0,200,30,0,0,0,200,0,7,200,0,0,0,0,200,1,200,17,200,0,44,200
0,200,30,0,0,0,200,0,7,200,0,0,0,0,200,1,200,17,200,1,200,200
0,200,30,0,0,0,1,12,5,3,0,0,200,0,200,200,200,0,0,0,34,200
0,200,30,0,0,0,1,12,5,3,0,0,200,0,200,200,200,0,0,0,34,200
0,200,30,1,2,0,1,14,6,3,0,0,0,0,1,200,1,23,0,0,200,200
0,200,30,1,2,0,1,14,6,3,0,0,0,0,1,200,1,23,0,1,35,200
1,200,30,1,2,0,1,14,6,3,0,0,0,0,1,200,1,23,0,1,200,200
1,200,30,1,2,0,1,14,6,3,0,0,0,0,1,200,1,23,0,0,33,200
1,200,30,1,2,0,1,14,6,3,0,0,0,0,1,200,1,23,0,0,14,200
0,200,30,0,0,0,1,12,5,200,0,0,0,0,200,200,200,200,200,0,200,200
0,200,30,0,0,0,1,12,5,200,0,0,0,0,200,200,200,200,200,0,38,200
0,200,30,0,0,0,1,10,3,4,0,0,200,0,200,200,200,18,200,0,46,200
0,200,30,0,0,0,1,10,3,4,0,0,200,0,200,200,200,18,200,0,49,200
1,200,30,0,0,0,1,10,3,4,0,0,200,0,200,200,200,18,200,0,15,200
0,200,40,1,2,0,1,10,2,8,0,0,0,1,200,200,200,0,0,0,22,200
0,200,40,1,2,0,1,10,2,8,0,0,0,1,200,200,200,0,0,1,66,200
0,200,30,200,200,0,1,10,6,200,0,0,200,0,200,200,200,18,200,0,27,200
0,200,30,200,200,0,1,10,6,200,0,0,200,0,200,200,200,18,200,1,45,200
0,200,30,0,0,0,1,0,2,2,0,0,200,1,1,200,200,0,0,1,33,200
0,200,30,0,0,0,1,0,2,2,0,0,200,1,1,200,200,0,0,0,48,200
0,200,30,0,0,0,1,2,5,200,0,0,0,0,200,200,200,0,0,0,34,200
0,200,30,1,2,0,1,12,5,200,0,0,0,0,1,200,200,0,0,0,73,200
0,200,30,1,2,0,1,12,5,200,0,0,0,0,1,200,200,0,0,0,50,200
0,200,30,2,2,0,1,0,2,2,0,0,0,1,1,200,200,0,200,1,64,200
0,200,30,2,2,0,1,0,2,2,0,0,0,1,1,200,200,0,200,0,25,200
1,200,30,2,2,0,1,0,2,2,0,0,0,1,1,200,200,0,200,1,24,200
0,200,30,1,2,0,1,14,5,200,0,0,0,1,1,200,200,0,0,1,22,200
0,200,30,1,2,0,1,14,5,200,0,0,0,1,1,200,200,0,0,1,54,200
0,200,25,0,0,0,1,12,12,200,0,0,0,0,200,1,1,20,20,0,200,200
0,200,25,0,0,0,1,12,12,200,0,0,0,0,200,1,1,20,20,0,27,200
0,200,30,0,0,0,0,10,7,200,0,0,0,0,200,1,1,200,200,0,200,200
0,200,30,0,0,0,0,10,7,200,0,0,0,0,200,1,1,200,200,1,25,200
0,200,30,0,0,0,1,12,5,2,0,0,0,0,200,200,200,0,0,1,53,200
0,200,30,0,0,0,1,12,5,2,0,0,0,0,200,200,200,0,0,1,49,200
1,200,30,0,0,0,1,12,5,2,0,0,0,0,200,200,200,0,0,1,24,200
0,200,30,200,0,0,1,7,5,200,0,0,200,0,200,200,1,0,200,0,200,200
1,200,30,200,0,0,1,7,5,200,0,0,200,0,200,200,1,0,200,1,20,200
0,0,30,0,0,0,1,7,5,2,0,0,200,0,200,200,200,20,200,0,26,200
1,0,30,0,0,0,1,7,5,2,0,0,200,0,200,200,200,20,200,200,26,200
0,200,30,0,0,0,1,14,5,200,0,0,200,0,200,200,1,17,200,1,200,200
0,200,30,0,0,0,1,14,5,200,0,0,200,0,200,200,1,17,200,0,28,200
0,200,30,0,0,0,1,12,5,200,0,0,0,0,200,200,200,0,0,0,46,200
0,200,30,0,0,0,1,12,5,200,0,0,0,0,200,200,200,0,0,1,23,200
0,200,30,0,0,0,1,7,6,200,0,0,0,0,200,200,1,0,200,2,200,200
0,200,15,0,0,0,1,7,7,200,0,0,0,0,200,200,1,200,200,2,200,200
0,200,30,0,0,0,1,10,5,4,0,0,0,0,200,200,200,0,0,1,39,200
0,200,30,0,0,0,1,10,5,4,0,0,0,0,200,200,200,0,0,1,52,200
0,200,30,0,0,0,1,12,5,200,0,0,0,0,200,200,1,200,200,0,200,200
0,200,30,0,0,0,1,12,5,200,0,0,0,0,200,200,1,200,200,1,37,200
0,200,30,1,2,0,1,2,5,4,0,0,0,1,1,200,200,0,0,2,200,200
0,200,30,1,2,0,1,0,5,2,0,0,0,1,1,200,200,200,200,0,33,200
0,200,30,1,2,0,1,0,5,2,0,0,0,1,1,200,200,200,200,0,80,200
0,200,30,3,2,0,1,12,2,4,0,0,0,0,200,200,200,22,21,0,60,200
0,200,30,3,2,0,1,12,2,4,0,0,0,0,200,200,200,22,21,0,31,200
0,200,30,0,0,0,1,14,5,2,0,0,0,1,200,200,200,17,21,0,55,200
0,200,30,0,0,0,1,14,5,2,0,0,0,1,200,200,200,17,21,0,18,200
0,200,55,200,200,0,1,10,3,200,0,0,0,0,200,200,200,200,200,0,22,200
0,200,55,200,200,0,1,10,3,200,0,0,0,0,200,200,200,200,200,1,47,200
0,200,15,0,0,0,2,7,5,2,0,0,0,0,200,200,1,0,0,2,200,200
0,200,30,1,2,0,1,10,2,2,0,0,200,0,1,200,200,7,0,0,20,200
0,200,30,1,2,0,1,10,2,2,0,0,200,0,1,200,200,7,0,0,39,200
1,200,30,1,2,0,1,10,2,2,0,0,200,0,1,200,200,7,0,1,19,200
0,200,30,1,2,0,1,10,2,4,0,0,200,0,200,200,200,18,18,0,31,200
0,200,30,1,2,0,1,10,2,4,0,0,200,0,200,200,200,18,18,1,45,200
0,200,30,1,2,0,1,14,5,200,0,0,0,0,200,200,200,0,200,1,18,200
0,200,30,1,2,0,1,14,5,200,0,0,0,0,200,200,200,0,200,1,35,200
0,200,30,200,200,0,1,12,5,200,0,0,200,0,200,200,200,0,200,0,200,200
0,200,30,200,200,0,1,12,5,200,0,0,200,0,200,200,200,0,200,0,28,200
0,200,30,0,0,0,1,12,3,200,0,0,0,0,200,200,1,0,0,0,200,200
0,200,30,0,0,0,1,12,3,200,0,0,0,0,200,200,1,0,0,1,27,200
0,200,30,0,0,0,1,12,2,2,0,0,0,0,200,200,200,16,18,0,34,200
0,200,30,0,0,0,1,12,2,2,0,0,0,0,200,200,200,16,18,1,41,200
0,200,30,1,2,0,1,10,2,200,0,0,0,0,200,200,200,18,200,0,35,200
0,200,30,1,2,0,1,10,2,200,0,0,0,0,200,200,200,18,200,0,34,200
0,200,30,0,0,0,1,14,2,200,0,0,0,0,0,200,200,23,17,0,58,200
0,200,30,0,0,0,1,14,2,200,0,0,0,0,0,200,200,23,17,0,25,200
0,1,30,0,0,0,1,7,5,200,0,0,0,0,200,200,1,0,0,1,200,200
0,200,30,1,2,0,1,10,5,5,0,0,0,0,1,200,1,0,0,0,200,200
0,200,30,1,2,0,1,10,5,5,0,0,0,0,1,200,1,0,0,1,28,200
1,200,30,1,2,0,1,10,5,5,0,0,0,0,1,200,1,0,0,1,200,200
0,200,30,0,0,0,1,2,5,2,0,0,0,1,200,200,1,12,0,0,27,200
0,200,30,0,0,0,1,9,5,2,0,0,0,0,200,200,200,17,200,0,57,200
5,200,30,0,0,0,1,9,5,2,0,0,0,0,200,200,200,17,200,0,29,200
0,200,30,1,2,0,1,8,2,200,0,0,0,1,1,200,200,23,21,0,0,200
4,200,30,1,2,0,1,8,2,200,0,0,0,1,1,200,200,23,21,0,30,200
1,200,30,1,2,0,1,8,2,200,0,0,0,1,1,200,200,23,21,1,37,200
0,200,30,0,0,0,1,12,5,200,0,0,0,0,200,200,1,25,0,2,200,200
0,200,30,0,0,0,1,12,5,200,0,0,0,0,200,200,1,25,0,0,47,200
0,200,0,0,0,0,0,7,7,0,0,0,0,0,200,200,200,200,200,0,26,200
0,200,30,0,0,0,1,12,5,200,0,0,0,0,200,200,200,17,200,0,24,200
0,200,30,0,0,0,1,12,5,200,0,0,0,0,200,200,200,17,200,0,200,200
0,200,25,1,0,0,1,10,2,200,0,0,0,0,1,200,200,18,18,0,38,200
0,200,25,1,0,0,1,10,2,200,0,0,0,0,1,200,200,18,18,0,27,200
0,200,30,200,200,0,1,14,5,200,0,0,200,0,200,200,200,0,200,0,26,200
0,200,30,200,200,0,1,14,5,200,0,0,200,0,200,200,200,0,200,1,42,200
0,200,30,1,2,0,1,0,5,200,0,0,0,0,200,200,200,0,0,1,200,200
0,200,30,1,2,0,1,0,5,200,0,0,0,0,200,200,200,0,0,1,34,200
1,200,30,1,2,0,1,0,5,200,0,0,0,0,200,200,200,0,0,1,200,200
0,200,0,0,0,0,1,12,200,200,0,200,200,0,200,200,200,0,200,0,30,200
0,200,0,0,0,0,1,12,200,200,0,200,200,0,200,200,200,0,200,1,28,200
0,200,30,0,0,0,1,0,5,2,0,0,0,1,200,200,1,5,200,0,200,200
0,200,30,0,0,0,1,0,5,2,0,0,0,1,200,200,1,5,200,0,27,200
0,200,30,200,200,0,1,10,5,200,0,0,0,0,200,200,200,18,200,1,23,200
0,200,30,200,200,0,1,10,5,200,0,0,0,0,200,200,200,18,200,1,54,200
0,200,30,0,0,0,1,0,2,2,0,0,0,0,200,200,200,17,200,0,82,200
0,200,30,0,0,0,1,0,2,2,0,0,0,0,200,200,200,17,200,0,61,200
0,200,30,0,0,0,1,14,3,4,0,0,0,1,0,200,200,17,16,1,26,200
0,200,30,0,0,0,1,14,3,4,0,0,0,1,0,200,200,17,16,1,42,200
1,200,30,0,0,0,1,14,3,4,0,0,0,1,0,200,200,17,16,0,0,200
0,200,30,0,0,0,1,7,6,200,0,0,0,0,200,200,200,0,200,1,43,200
0,200,30,0,0,0,1,10,5,4,0,200,200,0,200,200,200,18,18,1,20,200
0,200,30,0,0,0,1,10,5,4,0,200,200,0,200,200,200,18,18,1,41,200
1,200,30,0,0,0,1,10,5,4,0,200,200,0,200,200,200,18,18,1,200,200
1,200,30,0,0,0,1,10,5,4,0,200,200,0,200,200,200,18,18,1,200,200
0,200,30,2,1,0,1,9,5,2,0,0,200,1,200,200,1,20,17,0,200,200
5,200,30,2,1,0,1,9,5,2,0,0,200,1,200,200,1,20,17,1,25,200
0,200,30,0,0,0,1,7,7,200,0,0,0,0,200,200,1,0,200,2,200,200
0,200,10,0,0,0,1,7,12,0,0,0,0,0,200,200,200,0,0,1,43,200
0,200,30,0,0,0,1,7,6,200,0,0,0,0,200,200,1,0,200,2,200,200
0,200,30,0,0,0,1,14,5,4,0,0,200,0,200,200,200,0,0,2,200,200
0,200,30,0,0,0,1,14,5,4,0,0,200,0,200,200,200,0,0,1,54,200
0,200,10,0,0,0,1,10,7,200,0,0,200,0,200,200,200,0,0,1,37,200
0,200,10,0,0,0,1,10,7,200,0,0,200,0,200,200,200,0,0,0,21,200
1,200,10,0,0,0,1,10,7,200,0,0,200,0,200,200,200,0,0,0,200,200
0,200,30,0,0,0,1,7,5,200,0,0,0,0,200,200,200,0,0,0,200,200
0,200,30,1,2,0,1,10,2,4,0,0,0,1,1,200,1,16,200,0,200,200
0,200,30,1,2,0,1,10,2,4,0,0,0,1,1,200,1,16,200,1,34,200
0,1,30,1,2,0,1,10,5,4,0,1,0,0,200,200,200,18,25,1,25,200
0,1,30,1,2,0,1,10,5,4,0,1,0,0,200,200,200,18,25,0,31,200
0,200,30,0,0,0,1,12,2,4,0,0,200,0,200,200,200,0,200,1,72,200
0,200,30,0,0,0,1,12,2,4,0,0,200,0,200,200,200,0,200,1,200,200
5,200,30,0,0,0,1,9,6,2,0,0,0,1,200,200,200,17,33,1,6,200
0,200,30,0,0,0,1,9,6,2,0,0,0,1,200,200,200,17,33,0,32,200
0,200,30,0,0,0,1,7,2,200,0,0,0,0,200,200,200,0,0,1,34,200
0,200,30,1,2,0,1,2,5,2,0,0,0,0,200,200,200,0,200,0,20,200
1,200,30,1,2,0,1,2,5,2,0,0,0,0,200,200,200,0,200,1,25,200
1,200,30,1,2,0,1,2,5,2,0,0,0,0,200,200,200,0,200,1,16,200
1,200,30,1,2,0,1,2,5,2,0,0,0,0,200,200,200,0,200,1,19,200
0,200,30,0,0,0,1,10,2,4,0,0,0,0,200,200,200,0,200,1,23,200
0,200,30,0,0,0,1,10,2,4,0,0,0,0,200,200,200,0,200,0,200,200
0,200,30,0,0,0,1,10,5,200,0,0,0,1,200,200,200,18,200,0,200,200
0,200,30,0,0,0,1,10,5,200,0,0,0,1,200,200,200,18,200,0,22,200
0,200,0,2,2,0,1,2,12,200,4,0,0,1,1,200,200,21,16,0,17,200
0,200,30,0,0,0,4,7,5,2,0,0,0,0,200,200,200,0,200,0,20,200
0,200,10,0,0,0,1,7,7,200,0,0,0,0,200,200,200,0,0,1,32,200
1,200,10,0,0,0,1,7,7,200,0,0,0,0,200,200,200,0,0,0,200,200
1,200,10,0,0,0,1,7,7,200,0,0,0,0,200,200,200,0,0,0,200,200
1,200,10,0,0,0,1,7,7,200,0,0,0,0,200,200,200,0,0,1,200,200
0,200,30,0,0,0,4,7,5,200,0,0,0,0,200,200,200,0,200,1,34,200
0,200,30,0,0,0,1,12,5,200,0,0,0,0,200,200,1,200,200,2,200,200
0,200,30,0,0,0,1,12,5,200,0,0,0,0,200,200,1,200,200,1,37,200
0,200,30,200,200,0,1,12,5,200,0,0,0,0,200,200,200,21,200,0,200,200
0,200,30,200,200,0,1,12,5,200,0,0,0,0,200,200,200,21,200,0,24,200
0,200,30,0,0,0,1,7,6,200,0,0,0,0,200,200,200,21,21,0,43,200
0,200,30,0,0,0,1,8,5,200,0,0,0,0,1,200,200,0,200,1,200,200
4,200,30,0,0,0,1,8,5,200,0,0,0,0,1,200,200,0,200,0,30,200
0,200,30,2,0,0,4,10,5,200,0,0,0,0,200,200,200,20,200,0,200,200
0,200,30,2,0,0,4,10,5,200,0,0,0,0,200,200,200,20,200,0,38,200
0,200,30,2,2,0,1,14,5,2,0,0,0,0,200,200,200,0,0,1,45,200
0,200,30,2,2,0,1,14,5,2,0,0,0,0,200,200,200,0,0,1,69,200
0,200,30,2,12,0,4,9,12,1,0,0,200,1,200,200,200,11,0,1,83,200
5,200,30,2,12,0,4,9,12,1,0,0,200,1,200,200,200,11,0,1,53,200
0,200,30,0,0,0,3,7,6,200,0,0,0,0,200,200,1,0,200,2,200,200
0,200,30,0,0,0,1,7,5,200,0,0,0,0,200,200,1,0,0,2,200,200
0,200,10,0,0,0,1,12,12,200,0,0,0,0,200,200,200,20,20,0,27,200
0,200,10,0,0,0,1,12,12,200,0,0,0,0,200,200,200,20,20,0,21,200
0,200,55,0,0,0,1,12,6,200,0,0,0,0,200,200,200,0,0,0,200,200
0,200,55,0,0,0,1,12,6,200,0,0,0,0,200,200,200,0,0,0,58,200
4,200,30,0,0,0,3,8,5,200,0,0,0,0,200,200,200,200,200,0,0,200
4,200,30,0,0,0,3,8,5,200,0,0,0,0,200,200,200,200,200,0,63,200
0,200,30,0,0,0,3,8,5,200,0,0,0,0,200,200,200,200,200,0,28,200
0,200,35,0,0,0,4,1,2,4,0,0,0,1,200,200,200,1,16,0,28,200
0,200,30,0,0,0,4,0,2,4,0,200,200,0,200,200,1,17,0,0,200,200
0,200,30,0,0,0,4,0,2,4,0,200,200,0,200,200,1,17,0,0,31,200
0,200,30,1,2,0,4,14,2,2,0,0,0,0,200,200,1,23,200,1,200,200
0,200,30,1,2,0,4,14,2,2,0,0,0,0,200,200,1,23,200,0,30,200
0,200,30,0,0,0,1,12,5,4,0,0,0,0,200,200,200,0,0,1,200,200
0,200,30,0,0,0,1,12,5,4,0,0,0,0,200,200,200,0,0,0,19,200
0,200,30,0,0,0,0,12,5,200,0,0,0,0,200,200,1,30,0,0,200,200
0,200,30,0,0,0,0,12,5,200,0,0,0,0,200,200,1,30,0,0,29,200
0,200,30,1,2,0,3,14,5,200,0,0,200,0,200,200,200,0,0,1,17,200
0,200,30,1,2,0,3,14,5,200,0,0,200,0,200,200,200,0,0,0,44,200
1,200,30,1,2,0,3,14,5,200,0,0,200,0,200,200,200,0,0,1,200,200
1,200,30,1,2,0,3,14,5,200,0,0,200,0,200,200,200,0,0,0,200,200
1,200,30,1,2,0,3,14,5,200,0,0,200,0,200,200,200,0,0,0,200,200
0,200,30,0,0,0,3,2,5,4,0,0,0,0,200,200,200,16,0,1,39,200
0,200,25,1,2,0,3,14,5,2,0,0,0,0,1,200,1,0,0,1,38,200
0,1,15,0,0,0,1,2,0,200,0,0,0,1,200,200,200,15,14,0,200,200
0,200,25,0,0,0,1,10,5,2,0,0,200,0,200,200,1,0,200,2,200,200
0,200,25,0,0,0,1,10,5,2,0,0,200,0,200,200,1,0,200,0,20,200
0,200,25,0,0,0,1,10,5,2,0,0,200,0,200,200,1,0,200,1,58,200
0,200,35,0,0,0,3,10,2,200,0,0,0,0,200,200,200,0,0,1,74,200
0,200,35,0,0,0,3,10,2,200,0,0,0,0,200,200,200,0,0,0,68,200
0,200,30,1,2,0,0,14,5,2,0,0,0,0,200,200,200,17,200,0,27,200
0,200,30,1,2,0,0,14,5,2,0,0,0,0,200,200,200,17,200,1,63,200
1,200,30,1,2,0,0,14,5,2,0,0,0,0,200,200,200,17,200,1,61,200
0,200,15,1,2,0,2,10,2,4,0,0,0,1,200,200,1,16,11,0,29,200
0,200,15,1,2,0,2,10,2,4,0,0,0,1,200,200,1,16,11,2,200,200
0,200,30,0,0,0,3,7,2,2,0,0,0,1,200,200,200,0,0,0,22,200
0,200,30,1,2,0,3,14,2,200,0,0,0,0,1,200,200,22,200,0,200,200
0,200,30,1,2,0,3,14,2,200,0,0,0,0,1,200,200,22,200,0,29,200
0,1,35,0,0,0,0,7,6,2,0,0,0,0,200,200,1,0,200,2,200,200
0,200,20,0,0,0,3,7,6,1,0,0,0,0,200,200,1,20,0,0,200,200
0,200,35,0,0,0,0,12,6,1,0,0,0,0,200,200,1,20,21,0,200,200
0,200,35,0,0,0,0,12,6,1,0,0,0,0,200,200,1,20,21,1,200,200
0,200,30,2,0,0,3,0,5,200,0,0,0,0,200,200,200,17,200,0,38,200
0,200,30,2,0,0,3,0,5,200,0,0,0,0,200,200,200,17,200,0,25,200
0,200,30,0,0,0,0,7,5,2,0,0,0,0,200,200,200,13,200,0,31,200
0,200,30,0,0,0,3,7,6,1,0,0,0,1,200,200,1,16,21,1,200,200
0,200,30,2,2,0,3,0,5,2,0,0,0,0,1,200,200,0,0,0,25,200
0,200,30,2,2,0,3,0,5,2,0,0,0,0,1,200,200,0,0,1,38,200
0,200,15,4,2,0,3,10,7,2,0,0,0,0,200,200,1,18,0,1,200,200
0,200,15,4,2,0,3,10,7,2,0,0,0,0,200,200,1,18,0,1,49,200
1,200,15,4,2,0,3,10,7,2,0,0,0,0,200,200,1,18,0,200,200,200
1,200,15,4,2,0,3,10,7,2,0,0,0,0,200,200,1,18,0,200,200,200
0,200,30,0,0,0,3,8,2,2,0,0,12,1,1,200,1,16,200,2,200,200
4,200,30,0,0,0,3,8,2,2,0,0,12,1,1,200,1,16,200,0,56,200
0,200,30,0,0,0,3,7,6,1,0,0,0,0,200,200,200,0,0,1,24,200
0,200,35,1,2,0,3,9,2,200,0,0,0,0,1,200,200,0,0,1,30,200
5,200,35,1,2,0,3,9,2,200,0,0,0,0,1,200,200,0,0,1,23,200
1,200,35,1,2,0,3,9,2,200,0,0,0,0,1,200,200,0,0,0,20,200
0,200,30,0,0,0,0,7,5,2,0,0,0,1,200,200,1,0,200,0,200,200
0,200,30,0,0,0,3,2,6,1,0,0,1,1,200,1,200,8,25,0,19,200
1,200,30,0,0,0,3,2,6,1,0,0,1,1,200,1,200,8,25,1,17,200
1,200,30,0,0,0,3,2,6,1,0,0,1,1,200,1,200,8,25,1,17,200
0,200,20,0,0,0,3,12,6,200,0,0,0,1,200,200,200,12,200,0,34,200
0,200,20,0,0,0,3,12,6,200,0,0,0,1,200,200,200,12,200,0,29,200
0,200,30,1,2,0,4,0,5,200,0,0,0,1,1,200,1,0,0,1,42,200
0,200,30,1,2,0,4,0,5,200,0,0,0,1,1,200,1,0,0,1,38,200
0,200,30,0,0,2,1,7,2,200,0,1,0,0,0,200,200,34,200,1,26,200
0,200,35,200,0,0,3,2,8,1,3,0,0,1,200,200,200,7,30,1,25,200
1,200,35,200,0,0,3,2,8,1,3,0,0,1,200,200,200,7,30,1,40,200
0,200,30,3,0,0,3,12,6,200,0,0,0,0,200,200,200,21,16,0,42,200
0,200,30,3,0,0,3,12,6,200,0,0,0,0,200,200,200,21,16,0,41,200
0,200,30,0,0,1,3,2,5,2,0,0,200,0,200,200,200,1,200,1,23,200
0,200,30,200,200,200,3,10,2,4,0,200,200,0,200,200,200,18,18,0,200,200
0,200,30,200,200,200,3,10,2,4,0,200,200,0,200,200,200,18,18,0,48,200
0,200,30,0,0,0,4,7,5,200,0,0,0,0,200,200,0,21,0,0,28,200
0,200,15,0,0,0,3,7,7,2,0,0,0,0,200,200,1,0,200,2,200,200
0,200,30,0,0,1,2,7,5,2,0,1,200,1,200,200,0,11,0,0,200,200
0,200,35,0,0,0,2,4,3,4,0,0,0,1,200,200,200,0,0,0,43,200
0,1,30,0,0,0,3,7,6,1,0,1,200,0,200,200,1,10,0,2,200,200
0,200,30,0,0,0,3,7,5,200,0,0,0,0,200,200,1,200,200,2,200,200
0,200,30,9,2,0,2,2,2,4,2,1,12,1,1,200,200,8,8,1,42,200
0,200,30,1,2,0,3,14,2,200,0,0,0,1,200,200,1,17,17,0,200,200
0,200,30,1,2,0,3,14,2,200,0,0,0,1,200,200,1,17,17,1,30,200
0,200,30,0,0,0,1,12,6,1,0,0,0,0,200,200,1,0,0,2,200,200
0,200,30,0,0,0,1,12,6,1,0,0,0,0,200,200,1,0,0,1,23,200
0,200,30,1,2,0,3,14,5,5,0,0,0,0,1,200,200,0,200,1,46,200
0,200,30,1,2,0,3,14,5,5,0,0,0,0,1,200,200,0,200,0,49,200
0,200,30,0,0,1,1,12,2,4,0,0,0,0,200,200,200,17,0,1,59,200
0,200,30,0,0,1,1,12,2,4,0,0,0,0,200,200,200,17,0,0,48,200
0,200,30,2,2,0,1,2,5,2,0,0,0,0,200,1,1,5,200,1,200,200
0,200,30,0,0,0,1,12,5,2,0,0,0,0,200,200,200,17,200,1,62,200
0,200,30,0,0,0,1,12,5,2,0,0,0,0,200,200,200,17,200,1,51,200
0,200,30,1,2,0,1,14,6,200,0,0,0,0,1,200,200,23,200,0,56,200
0,200,30,1,2,0,1,14,6,200,0,0,0,0,1,200,200,23,200,1,30,200
0,200,30,1,2,0,1,12,2,4,0,0,0,0,1,200,200,0,200,0,50,200
0,200,30,1,2,0,1,12,2,4,0,0,0,0,1,200,200,0,200,0,44,200
0,200,30,1,2,0,1,12,5,200,0,0,0,0,0,200,1,0,200,2,200,200
0,200,30,1,2,0,1,12,5,200,0,0,0,0,0,200,1,0,200,1,58,200
0,200,30,1,2,0,1,10,2,200,0,0,0,0,200,200,200,0,200,1,32,200
0,200,30,1,2,0,1,10,2,200,0,0,0,0,200,200,200,0,200,1,55,200
0,200,30,1,2,200,1,10,5,4,0,200,200,1,0,200,200,0,200,1,200,200
0,200,30,1,2,200,1,10,5,4,0,200,200,1,0,200,200,0,200,1,57,200
1,200,30,1,2,200,1,10,5,4,0,200,200,1,0,200,200,0,200,0,200,200
0,200,30,1,2,0,1,0,5,200,0,0,0,1,200,200,200,6,0,0,51,200
0,200,30,1,2,0,1,0,5,200,0,0,0,1,200,200,200,6,0,0,31,200
0,200,30,1,2,0,1,0,5,200,0,0,0,1,200,200,200,6,0,0,49,200
0,200,25,1,2,200,200,10,5,2,0,0,0,0,200,200,200,18,200,0,200,200
0,200,25,1,2,200,200,10,5,2,0,0,0,0,200,200,200,18,200,0,30,200
1,200,25,1,2,200,200,10,5,2,0,0,0,0,200,200,200,18,200,1,200,200
0,1,25,0,0,200,200,7,6,1,0,200,0,0,200,200,1,0,0,2,200,200
0,200,30,0,0,0,1,10,5,2,0,0,0,1,200,200,200,12,0,1,0,200
0,200,30,0,0,0,1,10,5,2,0,0,0,1,200,200,200,12,0,0,25,200
0,200,30,0,0,0,1,10,5,2,0,0,0,1,200,200,200,12,0,1,24,200
0,200,35,0,0,0,1,10,5,2,0,0,0,0,200,200,200,18,16,0,68,200
0,200,35,0,0,0,1,10,5,2,0,0,0,0,200,200,200,18,16,0,54,200
0,200,30,0,0,0,1,12,3,200,0,0,0,0,200,200,200,8,0,0,35,200