PERSON_TYPE,CRASH_DATE_EST_I,POSTED_SPEED_LIMIT,TRAFFIC_CONTROL_DEVICE,DEVICE_CONDITION,WEATHER_CONDITION,LIGHTING_CONDITION,FIRST_CRASH_TYPE,TRAFFICWAY_TYPE,LANE_CNT,ALIGNMENT,ROADWAY_SURFACE_COND,ROAD_DEFECT,CRASH_TYPE,INTERSECTION_RELATED_I,NOT_RIGHT_OF_WAY_I,HIT_AND_RUN_I,PRIM_CONTRIBUTORY_CAUSE,SEC_CONTRIBUTORY_CAUSE,SEX,AGE,BAC_RESULT VALUE
0,200,30,0,0,0,3,10,5,2,0,0,0,1,200,200,1,18,0,0,27,200
0,200,0,0,0,0,3,7,7,200,0,0,0,0,200,0,200,0,0,0,45,200
0,200,35,0,2,0,1,7,6,200,0,0,0,0,200,200,200,20,35,0,40,200
0,1,30,0,0,0,1,7,5,2,0,0,200,0,200,200,200,0,200,1,200,200
0,200,35,0,0,0,3,8,2,2,0,0,0,1,200,200,200,200,200,1,21,200
4,200,35,0,0,0,3,8,2,2,0,0,0,1,200,200,200,200,200,1,40,200
0,200,20,0,0,0,200,2,12,200,0,200,200,0,200,200,200,200,200,0,200,200
0,0,30,1,2,0,3,12,2,2,0,0,0,0,1,200,200,0,200,0,46,200
0,0,30,1,2,0,3,12,2,2,0,0,0,0,1,200,200,0,200,1,21,200
1,0,30,1,2,0,3,12,2,2,0,0,0,0,1,200,200,0,200,0,36,200
1,0,30,1,2,0,3,12,2,2,0,0,0,0,1,200,200,0,200,0,63,200
1,0,30,1,2,0,3,12,2,2,0,0,0,0,1,200,200,0,200,0,41,200
1,0,30,1,2,0,3,12,2,2,0,0,0,0,1,200,200,0,200,0,20,200
0,200,25,2,2,0,1,14,5,2,0,0,200,0,1,200,200,0,0,0,50,200
0,200,25,2,2,0,1,14,5,2,0,0,200,0,1,200,200,0,0,0,18,200
1,200,25,2,2,0,1,14,5,2,0,0,200,0,1,200,200,0,0,200,200,200
1,200,25,2,2,0,1,14,5,2,0,0,200,0,1,200,200,0,0,200,200,200
1,200,25,2,2,0,1,14,5,2,0,0,200,0,1,200,200,0,0,200,200,200
0,200,30,2,2,0,3,12,5,2,0,0,200,0,200,200,200,22,0,0,52,200
0,200,30,2,2,0,3,12,5,2,0,0,200,0,200,200,200,22,0,0,27,200
1,200,30,2,2,0,3,12,5,2,0,0,200,0,200,200,200,22,0,0,200,200
0,0,30,2,2,0,4,10,5,2,0,0,0,0,200,200,200,18,14,1,32,200
0,0,30,2,2,0,4,10,5,2,0,0,0,0,200,200,200,18,14,1,22,200
1,0,30,2,2,0,4,10,5,2,0,0,0,0,200,200,200,18,14,0,23,200
0,200,35,0,0,0,3,7,5,200,0,0,0,0,200,200,1,200,200,1,200,200
0,1,25,200,0,200,200,7,7,1,0,200,200,0,200,200,1,20,200,2,200,200
0,200,30,1,2,0,3,10,2,200,0,0,0,0,200,200,200,18,18,1,42,200
0,200,30,1,2,0,3,10,2,200,0,0,0,0,200,200,200,18,18,0,41,200
0,200,35,0,0,0,1,12,5,200,0,0,0,0,200,200,200,22,21,1,37,200
0,200,35,0,0,0,1,12,5,200,0,0,0,0,200,200,200,22,21,1,38,200
0,200,30,0,0,0,3,7,7,200,0,0,0,0,200,1,1,0,0,2,200,200
0,200,30,1,2,0,1,14,5,200,0,0,0,1,200,200,200,23,6,1,19,200
0,200,30,1,2,0,1,14,5,200,0,0,0,1,200,200,200,23,6,0,29,200
1,200,30,1,2,0,1,14,5,200,0,0,0,1,200,200,200,23,6,0,200,200
0,200,30,2,2,0,3,0,5,2,0,0,0,0,1,200,200,5,200,0,35,200
0,200,30,2,2,0,3,0,5,2,0,0,0,0,1,200,200,5,200,0,42,200
0,200,35,1,2,0,3,3,2,200,0,0,0,1,1,200,200,23,6,1,21,200
0,200,35,1,2,0,3,3,2,200,0,0,0,1,1,200,200,23,6,0,41,200
4,200,30,0,0,0,3,8,6,1,0,0,0,1,200,200,200,22,200,0,29,200
0,200,30,0,0,0,3,8,6,1,0,0,0,1,200,200,200,22,200,0,200,200
0,200,30,1,2,0,3,0,1,3,0,0,0,1,1,200,200,0,0,0,47,200
0,200,30,1,2,0,3,0,1,3,0,0,0,1,1,200,200,0,0,0,49,200
0,200,30,0,0,0,1,12,5,4,0,0,0,0,200,200,200,22,23,0,42,200
0,200,30,0,0,0,1,12,5,4,0,0,0,0,200,200,200,22,23,1,21,200
0,200,30,1,2,0,3,0,3,6,0,0,0,1,1,200,200,6,200,0,22,200
0,200,30,1,2,0,3,0,3,6,0,0,0,1,1,200,200,6,200,0,37,200
4,200,20,2,2,0,3,8,6,1,1,0,0,0,1,200,200,0,200,1,20,200
0,200,30,1,2,0,3,2,3,200,0,0,0,1,1,200,200,0,200,2,200,200
0,200,30,0,0,0,3,7,6,1,0,0,0,1,200,200,200,11,200,1,51,200
0,200,35,0,0,0,1,7,5,2,0,0,0,0,200,200,1,0,0,2,200,200
0,200,30,200,200,0,1,10,5,200,0,0,0,1,200,200,1,200,0,2,200,200
0,200,30,200,200,0,1,10,5,200,0,0,0,1,200,200,1,200,0,0,60,200
0,200,0,0,0,0,3,7,6,200,0,0,0,0,200,200,1,0,200,2,200,200
0,200,30,1,2,0,3,8,1,5,0,200,200,0,200,200,1,18,18,0,200,200
4,200,30,1,2,0,3,8,1,5,0,200,200,0,200,200,1,18,18,0,24,200
0,200,30,1,2,0,3,10,5,2,0,0,0,1,0,200,1,0,200,2,200,200
0,200,30,1,2,0,3,10,5,2,0,0,0,1,0,200,1,0,200,0,21,200
0,200,30,1,2,0,3,10,5,2,0,0,0,1,0,200,1,0,200,1,29,200
1,200,30,1,2,0,3,10,5,2,0,0,0,1,0,200,1,0,200,1,32,200
1,200,30,1,2,0,3,10,5,2,0,0,0,1,0,200,1,0,200,1,9,200
1,200,30,1,2,0,3,10,5,2,0,0,0,1,0,200,1,0,200,0,7,200
1,200,30,1,2,0,3,10,5,2,0,0,0,1,0,200,1,0,200,0,6,200
1,200,30,1,2,0,3,10,5,2,0,0,0,1,0,200,1,0,200,0,3,200
0,200,0,0,0,0,1,7,7,200,0,0,0,0,200,200,200,0,200,2,200,200
0,200,30,1,2,0,3,0,3,2,0,1,0,0,1,200,200,6,6,0,53,200
0,200,30,1,2,0,3,0,3,2,0,1,0,0,1,200,200,6,6,1,22,200
0,200,30,0,0,0,3,7,6,1,0,0,0,0,200,200,1,0,0,2,200,200
0,200,35,1,2,0,3,3,5,200,0,0,0,1,1,200,200,32,6,1,29,0.19
0,200,35,1,2,0,3,3,5,200,0,0,0,1,1,200,200,32,6,0,31,200
0,200,15,0,0,0,3,0,7,200,0,200,200,0,200,1,200,20,200,0,66,200
0,200,15,0,0,0,3,0,7,200,0,200,200,0,200,1,200,20,200,0,37,200
0,200,30,0,200,200,1,12,2,2,0,200,200,1,200,200,1,22,22,2,200,200
0,200,30,0,200,200,1,12,2,2,0,200,200,1,200,200,1,22,22,0,39,200
0,200,30,200,200,0,3,2,6,2,0,0,0,0,200,0,200,0,0,0,57,200
0,200,25,0,0,0,0,7,5,200,0,0,3,0,200,200,200,32,10,0,51,200
0,200,35,0,0,0,0,2,2,200,0,0,0,0,200,200,200,16,0,0,48,200
0,200,30,200,200,200,3,0,2,200,0,200,200,1,1,200,200,17,16,1,200,200
0,200,30,200,200,200,3,0,2,200,0,200,200,1,1,200,200,17,16,0,200,200
1,200,30,200,200,200,3,0,2,200,0,200,200,1,1,200,200,17,16,0,47,200
1,200,30,200,200,200,3,0,2,200,0,200,200,1,1,200,200,17,16,0,200,200
0,200,30,1,2,0,3,10,3,200,0,0,0,0,200,200,1,0,200,2,200,200
0,200,30,1,2,0,3,10,3,200,0,0,0,0,200,200,1,0,200,1,57,200
0,200,30,1,2,0,3,6,8,1,3,0,0,1,200,200,200,0,0,2,200,200
0,200,30,1,2,0,3,0,5,200,0,0,0,0,1,200,1,6,200,0,200,200
0,200,30,1,2,0,3,0,5,200,0,0,0,0,1,200,1,6,200,0,58,200
0,200,30,0,0,0,3,2,8,1,4,0,0,1,200,200,1,0,200,0,200,200
1,200,30,0,0,0,3,2,8,1,4,0,0,1,200,200,1,0,200,0,200,200
1,200,30,0,0,0,3,2,8,1,4,0,0,1,200,200,1,0,200,0,200,200
0,200,30,1,200,0,3,10,5,4,0,0,200,0,0,200,1,0,0,0,200,200
0,200,30,1,200,0,3,10,5,4,0,0,200,0,0,200,1,0,0,0,33,200
0,200,30,0,0,0,3,7,5,2,0,0,0,0,200,200,200,0,200,0,36,200
0,200,30,0,0,0,200,14,2,200,0,0,0,1,1,200,200,0,0,0,31,200
0,200,30,0,0,0,200,14,2,200,0,0,0,1,1,200,200,0,0,0,56,200
1,200,30,0,0,0,200,14,2,200,0,0,0,1,1,200,200,0,0,1,27,200
0,200,30,1,12,0,1,14,5,4,0,0,0,0,200,200,200,17,200,0,52,200
0,200,30,1,12,0,1,14,5,4,0,0,0,0,200,200,200,17,200,1,56,200
0,200,30,0,0,0,1,14,5,4,0,0,0,1,200,200,200,18,200,0,31,200
0,200,30,0,0,0,1,14,5,4,0,0,0,1,200,200,200,18,200,1,29,200
0,200,20,0,0,0,1,0,6,2,0,0,0,1,200,200,200,0,0,1,29,200
0,200,20,0,0,0,1,0,6,2,0,0,0,1,200,200,200,0,0,1,41,200
0,200,35,1,2,0,1,12,5,2,0,0,0,0,200,200,200,0,0,1,200,200
0,200,35,1,2,0,1,12,5,2,0,0,0,0,200,200,200,0,0,1,56,200
0,200,25,2,2,0,1,14,8,2,0,0,0,1,1,200,200,11,21,0,48,200
0,200,25,2,2,0,1,14,8,2,0,0,0,1,1,200,200,11,21,0,32,200
0,200,30,1,2,0,1,12,5,2,0,0,0,1,200,200,1,22,0,0,24,200
0,200,30,1,2,0,1,12,5,2,0,0,0,1,200,200,1,22,0,0,200,200
0,200,30,0,0,0,1,12,200,1,0,0,0,0,200,1,1,17,22,0,200,200
0,200,30,0,0,0,1,12,200,1,0,0,0,0,200,1,1,17,22,0,21,200
1,200,30,0,0,0,1,12,200,1,0,0,0,0,200,1,1,17,22,0,19,200
0,200,35,0,0,0,1,10,5,4,0,0,0,1,200,200,200,16,7,0,43,200
0,200,35,0,0,0,1,10,5,4,0,0,0,1,200,200,200,16,7,0,46,200
1,200,35,0,0,0,1,10,5,4,0,0,0,1,200,200,200,16,7,0,0,200
0,200,30,0,0,0,3,7,2,2,0,0,0,0,200,200,1,0,0,2,200,200
0,200,0,2,2,0,1,14,12,200,0,0,0,1,1,200,200,11,200,1,52,200
0,200,0,2,2,0,1,14,12,200,0,0,0,1,1,200,200,11,200,0,38,200
1,200,0,2,2,0,1,14,12,200,0,0,0,1,1,200,200,11,200,1,54,200
1,200,0,2,2,0,1,14,12,200,0,0,0,1,1,200,200,11,200,0,56,200
0,200,30,1,2,0,1,8,2,2,0,0,200,1,1,200,1,17,0,1,200,200
4,200,30,1,2,0,1,8,2,2,0,0,200,1,1,200,1,17,0,0,30,200
0,200,30,2,2,0,1,0,5,4,0,0,0,1,1,200,1,5,17,2,200,200
0,200,30,2,2,0,1,0,5,4,0,0,0,1,1,200,1,5,17,1,51,200
0,200,30,1,2,0,1,14,3,6,0,0,200,0,1,200,200,22,23,0,48,200
0,200,30,1,2,0,1,14,3,6,0,0,200,0,1,200,200,22,23,0,46,200
0,200,35,0,0,0,1,12,5,200,0,0,0,0,200,200,200,17,200,0,28,200
0,200,35,0,0,0,1,12,5,200,0,0,0,0,200,200,200,17,200,1,26,200
0,200,30,1,2,0,1,8,6,2,0,0,0,1,200,200,200,0,0,1,30,200
4,200,30,1,2,0,1,8,6,2,0,0,0,1,200,200,200,0,0,1,33,200
0,200,25,0,0,0,1,7,0,1,0,0,0,0,200,200,200,11,0,0,17,200
1,200,25,0,0,0,1,7,0,1,0,0,0,0,200,200,200,11,0,200,25,200
0,200,0,0,0,0,1,0,7,200,0,0,0,0,200,0,200,0,0,0,38,200
0,200,0,0,0,0,1,0,7,200,0,0,0,0,200,0,200,0,0,0,51,200
0,200,30,1,2,0,1,14,5,2,0,0,0,0,1,200,200,23,200,0,28,200
0,200,30,1,2,0,1,14,5,2,0,0,0,0,1,200,200,23,200,1,36,200
0,200,30,1,2,0,1,12,5,4,0,0,0,0,1,200,200,21,200,1,54,200
0,200,30,1,2,0,1,12,5,4,0,0,0,0,1,200,200,21,200,1,21,200
4,200,30,1,2,0,1,8,2,4,0,0,0,1,1,200,200,6,200,0,58,200
0,200,30,1,2,0,1,8,2,4,0,0,0,1,1,200,200,6,200,1,48,200
0,200,30,1,2,0,1,8,2,4,0,0,0,1,1,200,200,6,200,0,59,200
0,200,30,1,2,0,1,10,3,200,0,0,0,0,1,200,200,16,0,1,32,200
0,200,30,1,2,0,1,10,3,200,0,0,0,0,1,200,200,16,0,0,31,200
0,200,20,1,2,0,1,0,5,2,0,0,0,1,1,200,200,15,200,0,50,200
0,200,20,1,2,0,1,0,5,2,0,0,0,1,1,200,200,15,200,1,50,200
0,200,30,1,2,0,1,14,3,6,0,0,0,0,200,200,200,17,17,0,49,200
0,200,30,1,2,0,1,14,3,6,0,0,0,0,200,200,200,17,17,0,50,200
0,200,30,0,0,0,1,10,5,200,0,0,0,0,200,200,200,18,200,1,45,200
0,200,30,0,0,0,1,10,5,200,0,0,0,0,200,200,200,18,200,1,47,200
0,200,30,2,2,0,1,0,5,2,0,0,0,1,1,200,200,5,200,0,20,200
0,200,30,2,2,0,1,0,5,2,0,0,0,1,1,200,200,5,200,1,56,200
0,200,30,2,2,0,1,12,6,2,0,0,200,0,200,200,1,21,17,0,200,200
0,200,30,2,2,0,1,12,6,2,0,0,200,0,200,200,1,21,17,0,49,200
0,200,30,200,0,0,1,10,12,200,0,0,0,0,200,200,200,18,18,1,200,200
0,200,30,200,0,0,1,10,12,200,0,0,0,0,200,200,200,18,18,0,55,200
0,200,30,1,2,0,1,12,2,2,0,0,0,1,200,200,200,14,0,0,200,200
0,200,30,1,2,0,1,12,2,2,0,0,0,1,200,200,200,14,0,0,200,200
0,200,30,1,2,0,1,12,2,2,0,0,0,1,200,200,200,14,0,1,28,200
1,200,30,1,2,0,1,12,2,2,0,0,0,1,200,200,200,14,0,1,4,200
1,200,30,1,2,0,1,12,2,2,0,0,0,1,200,200,200,14,0,1,8,200
0,200,30,0,0,0,1,14,2,200,0,0,0,0,200,200,200,17,17,0,200,200
0,200,30,0,0,0,1,14,2,200,0,0,0,0,200,200,200,17,17,0,29,200
0,200,30,1,2,0,1,10,5,2,0,0,0,0,1,200,200,18,16,1,69,200
0,200,30,1,2,0,1,10,5,2,0,0,0,0,1,200,200,18,16,0,39,200
0,200,30,2,2,0,1,0,5,1,0,0,12,0,200,200,200,28,200,1,47,200
0,200,30,2,2,0,1,0,5,1,0,0,12,0,200,200,200,28,200,1,33,200
0,200,30,0,0,0,1,10,5,2,0,0,0,0,200,200,200,18,200,0,67,200
0,200,30,0,0,0,1,10,5,2,0,0,0,0,200,200,200,18,200,0,25,200
1,200,30,0,0,0,1,10,5,2,0,0,0,0,200,200,200,18,200,1,70,200
0,200,30,2,2,0,1,10,2,2,0,0,0,0,200,200,200,18,18,1,47,200
0,200,30,2,2,0,1,10,2,2,0,0,0,0,200,200,200,18,18,1,51,200
0,200,30,0,0,0,1,9,5,2,0,0,0,1,200,0,200,25,200,0,200,200
5,200,30,0,0,0,1,9,5,2,0,0,0,1,200,0,200,25,200,1,59,200
1,200,30,0,0,0,1,9,5,2,0,0,0,1,200,0,200,25,200,0,200,200
0,200,10,0,0,0,1,0,7,200,0,0,0,0,200,200,200,0,200,0,74,200
0,200,10,0,0,0,1,0,7,200,0,0,0,0,200,200,200,0,200,0,41,200
0,200,30,0,0,0,1,10,5,4,0,0,0,1,200,200,200,0,0,0,48,200
0,200,30,0,0,0,1,10,5,4,0,0,0,1,200,200,200,0,0,1,62,200
0,200,30,0,0,0,1,10,7,3,0,0,200,0,200,200,200,18,16,1,44,200
0,200,30,0,0,0,1,10,7,3,0,0,200,0,200,200,200,18,16,1,67,200
1,200,30,0,0,0,1,10,7,3,0,0,200,0,200,200,200,18,16,1,61,200
0,200,30,0,0,0,1,12,5,200,0,0,0,0,200,200,200,0,0,0,28,200
0,200,30,0,0,0,1,12,5,200,0,0,0,0,200,200,200,0,0,0,74,200
0,200,30,1,2,0,1,10,3,5,0,0,0,0,1,200,200,16,0,1,28,200
0,200,30,1,2,0,1,10,3,5,0,0,0,0,1,200,200,16,0,0,49,200
0,1,25,0,0,0,200,7,6,1,0,0,0,0,200,200,1,0,0,2,200,200
0,200,30,0,0,0,1,7,5,2,0,0,0,0,200,200,200,0,0,1,200,200
0,200,25,2,2,0,1,10,5,2,0,0,0,0,1,200,200,18,200,0,33,200
0,200,25,2,2,0,1,10,5,2,0,0,0,0,1,200,200,18,200,0,55,200
0,200,30,0,0,0,1,7,5,200,0,0,0,0,200,200,200,11,22,1,20,200
0,200,30,0,0,0,1,7,6,1,0,0,200,0,200,200,200,23,17,1,200,200
1,200,30,0,0,0,1,7,6,1,0,0,200,0,200,200,200,23,17,200,200,200
1,200,30,1,2,0,1,10,3,200,0,0,0,1,1,200,200,16,21,1,37,200
1,200,30,1,2,0,1,10,3,200,0,0,0,1,1,200,200,16,21,0,10,200
0,200,30,1,2,0,1,10,3,200,0,0,0,1,1,200,200,16,21,1,31,200
0,200,30,1,2,0,1,10,3,200,0,0,0,1,1,200,200,16,21,1,25,200
1,200,30,1,2,0,1,10,3,200,0,0,0,1,1,200,200,16,21,1,200,200
1,200,30,1,2,0,1,10,3,200,0,0,0,1,1,200,200,16,21,1,200,200
1,200,30,1,2,0,1,10,3,200,0,0,0,1,1,200,200,16,21,200,200,200
1,200,30,1,2,0,1,10,3,200,0,0,0,1,1,200,200,16,21,200,200,200
1,200,30,1,2,0,1,10,3,200,0,0,0,1,1,200,200,16,21,200,200,200
1,200,30,1,2,0,1,10,3,200,0,0,0,1,1,200,200,16,21,200,5,200
1,200,30,1,2,0,1,10,3,200,0,0,0,1,1,200,200,16,21,0,9,200
1,200,30,1,2,0,1,10,3,200,0,0,0,1,1,200,200,16,21,200,11,200
0,1,30,0,0,0,0,7,5,2,0,0,0,0,200,200,1,0,0,2,200,200
0,200,30,1,2,0,1,10,2,4,0,0,0,0,200,200,200,0,0,1,25,200
0,200,30,1,2,0,1,10,2,4,0,0,0,0,200,200,200,0,0,1,50,200
0,200,30,0,0,0,1,7,6,2,0,0,0,0,200,200,200,21,0,0,30,200
0,200,25,0,200,200,200,12,3,200,0,200,200,0,200,200,200,22,0,0,16,200
0,200,25,0,200,200,200,12,3,200,0,200,200,0,200,200,200,22,0,0,42,200
0,200,30,1,2,0,1,10,5,4,0,0,0,0,1,200,200,0,0,0,200,200
0,200,30,1,2,0,1,10,5,4,0,0,0,0,1,200,200,0,0,1,53,200
0,200,30,1,2,0,1,10,5,4,0,0,0,0,1,200,200,0,0,0,200,200
0,200,30,0,0,0,1,7,5,200,0,0,0,0,200,200,200,0,200,2,200,200
0,200,30,1,2,0,1,10,5,4,0,0,0,1,1,200,200,6,2,1,25,200
0,200,30,1,2,0,1,10,5,4,0,0,0,1,1,200,200,6,2,1,34,200
0,200,0,2,2,0,1,9,2,2,0,0,0,1,200,200,1,16,200,0,200,200
5,200,0,2,2,0,1,9,2,2,0,0,0,1,200,200,1,16,200,0,32,200
0,200,30,12,2,0,1,2,12,200,0,0,0,0,200,1,200,0,200,0,58,200
0,200,30,0,0,0,1,12,5,200,0,0,0,0,200,200,1,0,0,2,200,200
0,200,30,0,0,0,1,12,5,200,0,0,0,0,200,200,1,0,0,1,42,200
0,200,30,1,2,0,1,10,2,200,0,0,0,0,1,200,1,16,16,0,200,200
0,200,30,1,2,0,1,10,2,200,0,0,0,0,1,200,1,16,16,1,70,200
0,200,20,0,0,200,1,7,5,200,0,200,0,0,200,200,1,0,0,2,200,200
0,200,30,1,2,0,1,12,2,2,0,0,0,0,200,200,200,22,200,0,200,200
0,200,30,1,2,0,1,12,2,2,0,0,0,0,200,200,200,22,200,1,37,200
0,200,30,1,2,0,1,10,6,4,0,0,0,0,200,200,200,18,21,0,200,200
0,200,30,1,2,0,1,10,6,4,0,0,0,0,200,200,200,18,21,1,21,200
1,200,30,1,2,0,1,10,6,4,0,0,0,0,200,200,200,18,21,1,200,200
0,200,30,1,2,0,1,14,5,4,0,0,0,0,1,200,1,200,200,2,200,200
0,200,30,1,2,0,1,14,5,4,0,0,0,0,1,200,1,200,200,0,51,200
1,200,30,1,2,0,1,14,5,4,0,0,0,0,1,200,1,200,200,1,52,200
0,200,30,1,2,0,1,7,5,200,0,0,0,1,1,200,200,11,0,1,38,200
0,200,25,0,0,0,1,7,6,1,0,0,0,0,200,200,200,11,0,0,46,200
0,200,30,0,0,0,1,7,6,2,0,0,0,0,200,200,200,20,0,0,57,200
0,200,30,1,2,0,1,14,2,2,0,0,0,0,200,200,200,22,200,0,200,200
0,200,30,1,2,0,1,14,2,2,0,0,0,0,200,200,200,22,200,0,18,200
1,200,30,1,2,0,1,14,2,2,0,0,0,0,200,200,200,22,200,1,46,200
1,200,30,1,2,0,1,14,2,2,0,0,0,0,200,200,200,22,200,0,55,200
1,200,30,1,2,0,1,14,2,2,0,0,0,0,200,200,200,22,200,1,8,200
0,200,30,0,0,0,1,12,5,2,0,0,0,0,200,200,200,18,18,0,63,200
0,200,30,0,0,0,1,12,5,2,0,0,0,0,200,200,200,18,18,1,48,200
0,200,35,1,2,0,1,12,2,200,0,0,0,0,200,200,200,0,200,0,53,200
0,200,35,1,2,0,1,12,2,200,0,0,0,0,200,200,200,0,200,0,28,200
1,200,35,1,2,0,1,12,2,200,0,0,0,0,200,200,200,0,200,0,27,200
0,200,30,0,0,0,1,14,2,1,0,0,0,0,0,200,200,18,0,0,78,200
0,200,30,0,0,0,1,14,2,1,0,0,0,0,0,200,200,18,0,1,36,200
1,200,30,0,0,0,1,14,2,1,0,0,0,0,0,200,200,18,0,0,1,200
0,200,30,1,2,0,1,14,2,200,0,0,0,0,1,200,200,3,0,0,21,200
0,200,30,1,2,0,1,14,2,200,0,0,0,0,1,200,200,3,0,1,33,200
0,200,30,0,0,0,1,7,5,4,0,0,200,0,200,200,200,0,200,0,31,200
1,200,30,0,0,0,1,7,5,4,0,0,200,0,200,200,200,0,200,0,39,200
1,200,30,0,0,0,1,7,5,4,0,0,200,0,200,200,200,0,200,0,24,200
0,200,30,1,200,200,200,12,5,2,0,200,200,0,1,200,1,18,200,0,30,200
0,200,30,1,200,200,200,12,5,2,0,200,200,0,1,200,1,18,200,1,27,200
1,200,30,1,200,200,200,12,5,2,0,200,200,0,1,200,1,18,200,1,3,200
0,200,30,0,0,0,1,7,5,2,0,0,0,0,200,200,200,0,0,0,200,200
0,1,30,0,0,0,1,7,5,2,0,0,0,0,200,200,1,0,0,0,200,200
0,200,30,0,0,0,3,10,5,200,0,0,0,0,200,200,1,22,200,2,200,200
0,200,30,0,0,0,3,10,5,200,0,0,0,0,200,200,1,22,200,1,23,200
0,200,30,0,0,0,1,7,6,1,0,0,0,0,200,200,1,0,200,2,200,200
0,200,30,1,2,0,1,10,5,200,0,0,0,0,200,200,200,18,200,0,18,200
0,200,30,1,2,0,1,10,5,200,0,0,0,0,200,200,200,18,200,1,27,200
0,0,25,1,2,0,1,10,6,2,2,0,0,1,200,200,200,18,200,1,31,200
0,0,25,1,2,0,1,10,6,2,2,0,0,1,200,200,200,18,200,0,60,200
0,0,25,1,2,0,1,10,6,2,2,0,0,1,200,200,200,18,200,0,53,200
0,200,30,0,0,0,1,0,7,200,0,0,0,0,200,1,200,0,0,0,200,200
0,200,30,0,0,0,1,0,7,200,0,0,0,0,200,1,200,0,0,0,47,200
0,200,15,0,0,0,1,5,0,1,0,0,0,0,200,200,200,13,200,1,33,200
1,200,15,0,0,0,1,5,0,1,0,0,0,0,200,200,200,13,200,1,36,200
0,200,30,0,0,0,1,2,5,2,0,0,0,0,200,200,200,11,4,1,47,200
0,200,25,2,2,0,1,14,2,200,0,0,0,0,1,200,200,22,22,0,20,200
0,200,25,2,2,0,1,14,2,200,0,0,0,0,1,200,200,22,22,0,23,200
1,200,25,2,2,0,1,14,2,200,0,0,0,0,1,200,200,22,22,0,200,200
0,200,30,1,2,0,1,14,2,2,0,0,0,0,200,200,200,23,0,0,19,200
0,200,30,1,2,0,1,14,2,2,0,0,0,0,200,200,200,23,0,1,55,200
1,200,30,1,2,0,1,14,2,2,0,0,0,0,200,200,200,23,0,0,20,200
0,200,15,0,0,0,1,7,7,200,0,0,0,0,200,1,1,200,200,2,200,200
0,200,30,0,0,0,1,7,5,4,0,0,200,0,200,200,200,23,0,1,30,200
0,200,30,1,2,0,1,12,5,2,0,0,0,0,200,200,1,0,200,1,200,200
0,200,30,1,2,0,1,12,5,2,0,0,0,0,200,200,1,0,200,0,59,200
0,200,30,0,0,0,3,2,2,200,0,0,0,0,200,200,200,17,17,0,25,200
1,200,30,0,0,0,3,2,2,200,0,0,0,0,200,200,200,17,17,0,26,200
1,200,30,0,0,0,3,2,2,200,0,0,0,0,200,200,200,17,17,0,200,200
1,200,30,0,0,0,3,2,2,200,0,0,0,0,200,200,200,17,17,0,200,200
0,200,25,10,0,0,1,8,2,200,0,0,0,1,200,0,200,11,4,0,76,200
4,200,25,10,0,0,1,8,2,200,0,0,0,1,200,0,200,11,4,0,23,200
1,200,25,10,0,0,1,8,2,200,0,0,0,1,200,0,200,11,4,1,72,200
0,200,30,0,0,0,1,7,7,200,0,0,0,0,200,200,1,0,0,0,200,200
0,200,0,1,2,0,1,12,2,4,0,0,0,1,1,200,200,22,21,0,53,200
0,200,0,1,2,0,1,12,2,4,0,0,0,1,1,200,200,22,21,1,42,200
1,200,0,1,2,0,1,12,2,4,0,0,0,1,1,200,200,22,21,0,18,200
0,200,30,0,0,0,1,8,5,200,0,0,0,1,200,200,1,21,17,1,200,200
4,200,30,0,0,0,1,8,5,200,0,0,0,1,200,200,1,21,17,1,49,200
0,200,35,0,0,0,1,12,3,200,0,0,0,0,200,200,200,0,200,2,200,200
0,200,35,0,0,0,1,12,3,200,0,0,0,0,200,200,200,0,200,1,26,200
0,200,30,1,2,0,1,14,5,2,0,0,0,0,1,200,200,33,200,0,47,200
0,200,30,1,2,0,1,14,5,2,0,0,0,0,1,200,200,33,200,1,44,200
1,200,30,1,2,0,1,14,5,2,0,0,0,0,1,200,200,33,200,200,16,200
1,200,30,1,2,0,1,14,5,2,0,0,0,0,1,200,200,33,200,1,7,200
1,200,30,1,2,0,1,14,5,2,0,0,0,0,1,200,200,33,200,0,3,200
0,200,30,0,0,0,1,7,5,4,0,0,0,0,200,200,1,0,11,2,200,200
0,200,30,1,2,0,1,10,5,4,0,0,0,0,1,200,200,20,200,0,53,200
0,200,30,1,2,0,1,10,5,4,0,0,0,0,1,200,200,20,200,0,52,200
1,200,30,1,2,0,1,10,5,4,0,0,0,0,1,200,200,20,200,0,56,200
0,200,30,0,0,0,1,14,5,1,2,0,0,0,200,200,200,23,17,0,55,200
0,200,30,0,0,0,1,14,5,1,2,0,0,0,200,200,200,23,17,1,69,200
0,200,30,0,0,0,1,7,5,2,0,0,0,1,200,200,1,0,0,0,200,200
0,200,5,0,0,0,1,7,7,2,0,0,0,0,200,1,1,0,0,2,200,200
0,200,30,2,2,0,1,14,2,2,0,0,0,0,1,200,200,0,35,0,66,200
0,200,30,2,2,0,1,14,2,2,0,0,0,0,1,200,200,0,35,0,64,200
5,200,30,0,0,0,1,9,2,2,0,0,0,1,200,200,200,200,200,0,8,200
0,200,30,0,0,0,1,9,2,2,0,0,0,1,200,200,200,200,200,0,200,200
0,1,30,0,0,0,1,7,6,200,0,0,0,0,200,200,1,0,0,2,200,200
0,200,35,0,0,200,200,10,6,200,0,200,200,0,200,200,200,18,200,0,56,200