PERSON_TYPE,CRASH_DATE_EST_I,POSTED_SPEED_LIMIT,TRAFFIC_CONTROL_DEVICE,DEVICE_CONDITION,WEATHER_CONDITION,LIGHTING_CONDITION,FIRST_CRASH_TYPE,TRAFFICWAY_TYPE,LANE_CNT,ALIGNMENT,ROADWAY_SURFACE_COND,ROAD_DEFECT,CRASH_TYPE,INTERSECTION_RELATED_I,NOT_RIGHT_OF_WAY_I,HIT_AND_RUN_I,PRIM_CONTRIBUTORY_CAUSE,SEC_CONTRIBUTORY_CAUSE,SEX,AGE,BAC_RESULT VALUE
0,200,35,0,0,200,200,10,6,200,0,200,200,0,200,200,200,18,200,0,59,200
0,200,30,0,0,0,1,7,5,4,0,0,0,1,200,200,200,0,200,0,16,200
0,200,30,0,0,0,1,5,5,200,0,0,0,0,200,200,200,0,0,0,200,200
0,200,30,2,2,0,1,12,5,2,0,0,0,0,200,200,1,22,5,1,52,200
0,200,30,2,2,0,1,12,5,2,0,0,0,0,200,200,1,22,5,0,200,200
1,200,30,2,2,0,1,12,5,2,0,0,0,0,200,200,1,22,5,1,19,200
1,200,30,2,2,0,1,12,5,2,0,0,0,0,200,200,1,22,5,1,17,200
0,200,20,0,0,0,1,14,5,4,0,0,0,0,200,200,1,23,23,0,200,200
0,200,20,0,0,0,1,14,5,4,0,0,0,0,200,200,1,23,23,0,77,200
0,200,25,2,2,0,1,7,5,2,0,0,0,0,200,200,200,0,0,0,200,200
0,200,25,0,0,0,1,12,5,2,0,0,200,0,200,200,200,17,0,0,62,200
0,200,25,0,0,0,1,12,5,2,0,0,200,0,200,200,200,17,0,1,70,200
0,200,30,2,2,0,1,0,5,4,0,0,200,1,1,200,200,16,200,0,34,200
0,200,30,2,2,0,1,0,5,4,0,0,200,1,1,200,200,16,200,0,68,200
1,200,30,2,2,0,1,0,5,4,0,0,200,1,1,200,200,16,200,1,32,200
0,200,30,0,0,0,1,7,5,200,0,0,0,0,200,200,1,0,0,2,200,200
0,200,25,1,200,0,1,10,5,4,0,200,200,1,1,200,200,18,12,1,200,200
0,200,25,1,200,0,1,10,5,4,0,200,200,1,1,200,200,18,12,1,26,200
0,200,30,2,2,0,1,0,2,3,0,0,0,0,1,200,200,17,200,0,64,200
0,200,30,2,2,0,1,0,2,3,0,0,0,0,1,200,200,17,200,0,28,200
0,200,30,0,0,0,1,7,5,2,0,0,0,1,200,200,200,27,200,0,26,200
0,200,30,0,0,0,1,10,2,200,0,0,0,0,200,200,200,18,16,0,42,200
0,200,30,0,0,0,1,10,2,200,0,0,0,0,200,200,200,18,16,1,34,200
1,200,30,0,0,0,1,10,2,200,0,0,0,0,200,200,200,18,16,0,0,200
1,200,30,0,0,0,1,10,2,200,0,0,0,0,200,200,200,18,16,1,3,200
1,200,30,0,0,0,1,10,2,200,0,0,0,0,200,200,200,18,16,0,6,200
0,200,30,0,0,0,1,12,3,200,0,0,0,0,200,200,200,17,16,0,200,200
0,200,30,0,0,0,1,12,3,200,0,0,0,0,200,200,200,17,16,0,60,200
0,200,30,0,0,0,1,12,2,3,0,0,0,0,200,200,200,22,200,0,64,200
0,200,30,0,0,0,1,12,2,3,0,0,0,0,200,200,200,22,200,1,28,200
0,200,30,200,200,0,1,10,2,2,0,0,200,0,200,200,0,18,200,1,23,200
0,200,30,200,200,0,1,10,2,2,0,0,200,0,200,200,0,18,200,1,29,200
0,200,30,0,0,0,1,12,5,2,0,0,0,0,200,200,200,17,20,0,65,200
0,200,30,0,0,0,1,12,5,2,0,0,0,0,200,200,200,17,20,0,36,200
0,200,35,1,2,0,1,10,5,2,0,0,0,0,200,200,200,0,0,1,21,200
0,200,35,1,2,0,1,10,5,2,0,0,0,0,200,200,200,0,0,1,37,200
0,200,30,1,2,0,1,14,2,200,0,0,0,0,1,200,200,21,17,0,59,200
0,200,30,1,2,0,1,14,2,200,0,0,0,0,1,200,200,21,17,0,50,200
0,200,30,2,2,0,1,12,5,200,0,0,0,0,200,200,200,0,0,1,200,200
0,200,30,2,2,0,1,12,5,200,0,0,0,0,200,200,200,0,0,0,35,200
0,200,30,1,2,0,1,10,2,4,0,0,0,0,200,200,200,18,17,1,35,200
0,200,30,1,2,0,1,10,2,4,0,0,0,0,200,200,200,18,17,1,60,200
1,200,30,1,2,0,1,10,2,4,0,0,0,0,200,200,200,18,17,1,16,200
1,200,30,1,2,0,1,10,2,4,0,0,0,0,200,200,200,18,17,0,18,200
1,200,30,1,2,0,1,10,2,4,0,0,0,0,200,200,200,18,17,0,6,200
0,200,30,12,2,0,1,10,2,2,0,0,0,1,200,200,200,18,16,0,21,200
0,200,30,12,2,0,1,10,2,2,0,0,0,1,200,200,200,18,16,1,38,200
1,200,30,12,2,0,1,10,2,2,0,0,0,1,200,200,200,18,16,1,48,200
1,200,30,12,2,0,1,10,2,2,0,0,0,1,200,200,200,18,16,0,1,200
0,200,30,1,2,0,1,12,5,200,0,0,0,0,200,200,200,0,0,0,200,200
0,200,30,1,2,0,1,12,5,200,0,0,0,0,200,200,200,0,0,1,200,200
0,200,5,0,0,200,3,7,0,1,0,200,0,0,200,200,200,33,0,0,200,200
0,200,30,0,0,0,1,7,7,200,0,0,0,0,200,200,200,0,200,0,56,200
0,200,30,0,0,0,1,8,2,4,0,0,0,1,200,200,1,22,200,2,200,200
4,200,30,0,0,0,1,8,2,4,0,0,0,1,200,200,1,22,200,0,0,200
0,200,35,0,0,200,1,12,5,200,0,200,200,0,200,200,1,22,200,0,200,200
0,200,35,0,0,200,1,12,5,200,0,200,200,0,200,200,1,22,200,0,63,200
0,200,30,0,0,0,1,7,5,200,0,0,0,0,200,200,200,0,0,2,200,200
0,200,30,0,0,0,1,12,8,200,2,0,0,0,200,200,200,0,200,1,200,200
0,200,30,0,0,0,1,12,8,200,2,0,0,0,200,200,200,0,200,1,31,200
0,200,30,0,0,0,1,10,5,4,0,0,0,0,200,200,200,20,0,0,18,200
0,200,30,0,0,0,1,10,5,4,0,0,0,0,200,200,200,20,0,0,53,200
1,200,30,0,0,0,1,10,5,4,0,0,0,0,200,200,200,20,0,0,18,200
1,200,30,0,0,0,1,10,5,4,0,0,0,0,200,200,200,20,0,1,63,200
0,200,30,2,2,0,1,14,5,200,0,0,0,0,200,200,200,23,23,0,200,200
0,200,30,2,2,0,1,14,5,200,0,0,0,0,200,200,200,23,23,0,48,200
0,200,30,0,0,0,1,10,7,1,0,0,0,0,200,200,200,17,200,0,81,200
0,200,30,0,0,0,1,10,7,1,0,0,0,0,200,200,200,17,200,0,71,200
0,200,30,1,2,0,1,10,2,2,0,0,0,1,1,200,200,0,200,0,36,200
0,200,30,1,2,0,1,10,2,2,0,0,0,1,1,200,200,0,200,1,53,200
1,200,30,1,2,0,1,10,2,2,0,0,0,1,1,200,200,0,200,1,25,200
0,200,30,0,0,0,1,10,2,2,0,0,0,0,200,200,200,0,200,0,40,200
0,200,30,0,0,0,1,10,2,2,0,0,0,0,200,200,200,0,200,0,47,200
0,200,30,2,2,0,1,14,5,4,0,0,0,0,1,200,200,17,200,0,60,200
0,200,30,2,2,0,1,14,5,4,0,0,0,0,1,200,200,17,200,1,57,200
0,200,30,0,0,0,1,10,5,2,0,0,0,0,200,200,200,33,11,1,42,200
0,200,30,0,0,0,1,10,5,2,0,0,0,0,200,200,200,33,11,1,43,200
0,200,30,0,0,0,1,11,5,1,0,0,0,0,200,200,200,25,200,0,200,200
0,200,30,0,0,0,1,11,5,1,0,0,0,0,200,200,200,25,200,0,40,200
0,200,30,0,0,0,1,7,5,200,0,0,0,0,200,200,1,0,0,2,200,200
0,200,30,7,2,0,1,10,2,200,0,0,0,0,1,200,200,18,16,0,32,200
0,200,30,7,2,0,1,10,2,200,0,0,0,0,1,200,200,18,16,1,60,200
0,200,30,0,0,0,1,14,5,200,0,0,0,1,200,200,200,17,200,0,50,200
0,200,30,0,0,0,1,14,5,200,0,0,0,1,200,200,200,17,200,0,35,200
4,200,30,0,0,0,1,8,2,2,0,0,0,1,200,200,200,33,200,0,27,200
0,200,40,200,200,0,1,10,3,3,0,0,200,0,200,200,200,18,16,1,200,200
0,200,40,200,200,0,1,10,3,3,0,0,200,0,200,200,200,18,16,1,55,200
0,200,30,200,200,0,1,0,0,200,0,0,0,1,200,200,200,16,16,0,60,200
0,200,30,200,200,0,1,0,0,200,0,0,0,1,200,200,200,16,16,0,30,200
1,200,30,200,200,0,1,0,0,200,0,0,0,1,200,200,200,16,16,0,22,200
1,200,30,200,200,0,1,0,0,200,0,0,0,1,200,200,200,16,16,0,28,200
0,200,30,0,0,0,1,7,7,200,0,0,200,0,200,200,1,0,0,2,200,200
0,200,30,0,0,200,200,14,2,4,0,200,200,0,1,200,200,17,200,1,200,200
0,200,30,0,0,200,200,14,2,4,0,200,200,0,1,200,200,17,200,1,23,200
0,200,30,0,0,0,1,7,6,200,0,0,0,0,200,200,200,12,0,0,45,200
1,200,30,0,0,0,1,7,6,200,0,0,0,0,200,200,200,12,0,0,0,200
0,200,30,0,0,0,1,7,2,2,0,0,0,1,200,200,1,0,0,0,200,200
0,200,30,1,2,0,1,14,5,4,0,0,0,1,1,200,1,17,23,0,200,200
0,200,30,1,2,0,1,14,5,4,0,0,0,1,1,200,1,17,23,1,56,200
1,200,30,1,2,0,1,14,5,4,0,0,0,1,1,200,1,17,23,0,200,200
0,200,30,0,0,0,1,10,5,200,0,0,0,1,200,200,200,0,0,0,200,200
0,200,30,0,0,0,1,10,5,200,0,0,0,1,200,200,200,0,0,0,19,200
1,200,30,0,0,0,1,10,5,200,0,0,0,1,200,200,200,0,0,200,200,200
0,200,30,2,2,0,1,0,2,2,0,0,0,1,1,1,200,17,200,1,66,200
0,200,30,2,2,0,1,0,2,2,0,0,0,1,1,1,200,17,200,0,33,200
1,200,30,2,2,0,1,0,2,2,0,0,0,1,1,1,200,17,200,0,200,200
1,200,30,2,2,0,1,0,2,2,0,0,0,1,1,1,200,17,200,200,29,200
1,200,30,2,2,0,1,0,2,2,0,0,0,1,1,1,200,17,200,0,27,200
1,200,30,2,2,0,1,0,2,2,0,0,0,1,1,1,200,17,200,1,26,200
0,200,30,0,0,0,1,10,2,4,0,0,0,1,200,200,200,16,11,0,52,200
0,200,30,0,0,0,1,10,2,4,0,0,0,1,200,200,200,16,11,0,54,200
1,200,30,0,0,0,1,10,2,4,0,0,0,1,200,200,200,16,11,1,53,200
0,200,30,0,0,0,1,10,7,4,0,0,0,0,200,200,1,20,0,0,200,200
0,200,30,0,0,0,1,10,7,4,0,0,0,0,200,200,1,20,0,1,42,200
0,200,30,0,0,0,1,10,2,200,0,0,0,1,200,200,200,16,200,1,64,200
0,200,30,0,0,0,1,10,2,200,0,0,0,1,200,200,200,16,200,0,18,200
0,200,30,0,0,0,1,10,2,200,0,0,0,1,200,200,200,16,200,1,34,200
1,200,30,0,0,0,1,10,2,200,0,0,0,1,200,200,200,16,200,0,200,200
1,200,30,0,0,0,1,10,2,200,0,0,0,1,200,200,200,16,200,0,200,200
0,200,30,1,2,0,1,14,2,2,0,0,0,1,1,200,200,17,17,0,26,200
0,200,30,1,2,0,1,14,2,2,0,0,0,1,1,200,200,17,17,0,62,200
0,200,30,0,0,0,1,12,2,4,0,0,0,0,1,200,200,21,200,0,27,200
0,200,30,0,0,0,1,12,2,4,0,0,0,0,1,200,200,21,200,0,50,200
1,200,30,0,0,0,1,12,2,4,0,0,0,0,1,200,200,21,200,1,22,200
1,200,30,0,0,0,1,12,2,4,0,0,0,0,1,200,200,21,200,0,0,200
1,200,30,0,0,0,1,12,2,4,0,0,0,0,1,200,200,21,200,1,1,200
0,200,30,0,0,0,1,10,2,200,0,0,200,1,200,200,200,18,35,1,42,200
0,200,30,0,0,0,1,10,2,200,0,0,200,1,200,200,200,18,35,1,0,200
0,200,30,2,2,0,1,0,5,200,0,0,0,0,1,200,1,0,0,2,200,200
0,200,30,2,2,0,1,0,5,200,0,0,0,0,1,200,1,0,0,1,30,200
1,200,30,2,2,0,1,0,5,200,0,0,0,0,1,200,1,0,0,0,200,200
0,1,30,1,2,0,1,10,5,200,0,0,0,0,200,200,200,18,200,0,200,200
0,1,30,1,2,0,1,10,5,200,0,0,0,0,200,200,200,18,200,1,24,200
1,1,30,1,2,0,1,10,5,200,0,0,0,0,200,200,200,18,200,200,200,200
0,200,30,0,0,0,1,7,4,200,0,0,0,0,200,200,200,35,200,1,57,200
0,200,30,0,0,0,1,10,5,200,0,0,0,0,200,200,200,18,200,0,24,200
0,200,30,0,0,0,1,10,5,200,0,0,0,0,200,200,200,18,200,0,27,200
0,200,30,0,0,0,1,14,5,200,0,0,0,0,200,200,200,0,0,1,37,200
0,200,30,0,0,0,1,14,5,200,0,0,0,0,200,200,200,0,0,0,34,200
0,200,25,0,200,0,1,14,5,2,0,0,1,0,200,200,1,16,29,0,47,200
0,200,25,0,200,0,1,14,5,2,0,0,1,0,200,200,1,16,29,0,200,200
0,200,30,0,0,0,1,14,5,2,0,0,0,0,200,200,0,17,200,1,200,200
0,200,30,0,0,0,1,14,5,2,0,0,0,0,200,200,0,17,200,1,24,200
0,200,30,0,0,0,1,14,5,0,0,0,0,0,1,200,200,17,200,1,29,200
0,200,30,0,0,0,1,14,5,0,0,0,0,0,1,200,200,17,200,1,83,200
0,1,30,2,2,0,1,10,6,1,0,0,200,0,200,200,1,18,0,0,200,200
0,1,30,2,2,0,1,10,6,1,0,0,200,0,200,200,1,18,0,0,36,200
0,200,30,0,0,0,1,12,5,200,0,0,0,0,200,200,200,22,0,0,70,200
0,200,30,0,0,0,1,12,5,200,0,0,0,0,200,200,200,22,0,0,18,200
1,200,30,0,0,0,1,12,5,200,0,0,0,0,200,200,200,22,0,1,200,200
0,200,20,0,0,0,3,7,7,200,0,0,0,0,200,1,200,11,200,1,40,200
0,200,35,1,2,0,1,14,2,6,0,0,0,1,1,200,200,23,16,0,30,200
0,200,35,1,2,0,1,14,2,6,0,0,0,1,1,200,200,23,16,0,40,200
0,200,30,2,2,0,1,14,5,4,0,0,0,0,200,200,200,0,200,1,34,200
0,200,30,2,2,0,1,14,5,4,0,0,0,0,200,200,200,0,200,1,38,200
1,200,30,2,2,0,1,14,5,4,0,0,0,0,200,200,200,0,200,1,200,200
1,200,30,2,2,0,1,14,5,4,0,0,0,0,200,200,200,0,200,1,200,200
0,200,10,0,0,0,1,0,0,200,0,0,0,0,200,200,200,20,0,1,47,200
0,200,10,0,0,0,1,0,0,200,0,0,0,0,200,200,200,20,0,1,44,200
0,200,30,1,2,0,1,14,3,4,0,0,0,0,1,200,200,0,200,0,200,200
0,200,30,1,2,0,1,14,3,4,0,0,0,0,1,200,200,0,200,0,19,200
0,200,30,0,0,0,1,14,12,200,0,0,0,0,200,200,1,0,0,2,200,200
0,200,30,0,0,0,1,14,12,200,0,0,0,0,200,200,1,0,0,1,20,200
0,1,30,1,2,0,1,14,5,200,0,0,0,0,1,200,200,17,200,0,33,200
0,1,30,1,2,0,1,14,5,200,0,0,0,0,1,200,200,17,200,0,45,200
0,200,30,0,0,0,1,7,6,1,0,200,200,0,200,200,1,0,0,2,200,200
0,200,30,0,0,0,1,14,5,200,0,0,0,0,200,200,200,0,0,0,200,200
0,200,30,0,0,0,1,14,5,200,0,0,0,0,200,200,200,0,0,0,200,200
0,200,10,0,0,0,1,10,0,1,0,0,0,0,200,200,200,20,8,1,19,200
0,200,10,0,0,0,1,10,0,1,0,0,0,0,200,200,200,20,8,1,42,200
0,200,20,0,0,0,1,7,12,2,3,0,0,0,200,200,200,22,200,1,46,200
1,200,20,0,0,0,1,7,12,2,3,0,0,0,200,200,200,22,200,200,200,200
1,200,20,0,0,0,1,7,12,2,3,0,0,0,200,200,200,22,200,0,200,200
0,200,30,0,0,0,1,10,5,2,0,0,0,0,200,200,200,7,7,1,34,200
0,200,30,0,0,0,1,10,5,2,0,0,0,0,200,200,200,7,7,1,53,200
0,200,30,0,0,0,1,10,5,2,0,0,0,0,200,200,200,7,7,1,23,200
0,1,30,0,200,0,1,7,5,1,2,0,200,0,200,200,1,0,200,2,200,200
0,200,30,0,0,0,1,2,3,2,0,0,0,1,200,200,200,16,0,1,35,200
0,200,10,0,0,0,1,12,7,200,0,0,0,0,200,200,1,0,0,0,200,200
0,200,10,0,0,0,1,12,7,200,0,0,0,0,200,200,1,0,0,1,56,200
1,200,10,0,0,0,1,12,7,200,0,0,0,0,200,200,1,0,0,0,47,200
1,200,10,0,0,0,1,12,7,200,0,0,0,0,200,200,1,0,0,0,200,200
1,200,10,0,0,0,1,12,7,200,0,0,0,0,200,200,1,0,0,0,200,200
0,200,10,0,0,0,1,7,7,2,0,0,200,0,200,200,1,11,0,2,200,200
0,200,30,0,0,0,0,12,5,2,0,0,0,0,200,200,200,17,200,0,71,200
0,200,30,0,0,0,0,12,5,2,0,0,0,0,200,200,200,17,200,1,36,200
0,200,30,0,0,0,1,10,5,200,0,0,0,0,200,200,200,0,0,1,17,200
0,200,30,0,0,0,1,10,5,200,0,0,0,0,200,200,200,0,0,0,200,200
0,200,30,1,2,0,1,12,2,3,0,0,12,0,200,200,200,0,200,1,34,200
0,200,30,1,2,0,1,12,2,3,0,0,12,0,200,200,200,0,200,0,38,200
1,200,30,1,2,0,1,12,2,3,0,0,12,0,200,200,200,0,200,1,200,200
0,200,30,2,2,0,1,0,2,4,0,0,0,0,200,200,1,7,0,1,200,200
0,200,30,2,2,0,1,0,2,4,0,0,0,0,200,200,1,7,0,1,26,200
0,200,30,0,0,0,1,8,5,200,0,0,0,1,200,200,200,11,11,0,65,200
4,200,30,0,0,0,1,8,5,200,0,0,0,1,200,200,200,11,11,0,47,200
0,200,30,0,0,200,200,7,6,200,0,0,0,1,200,200,200,200,200,1,51,200
0,200,35,0,0,0,1,7,5,200,0,0,0,0,200,200,200,0,0,1,40,200
0,200,30,1,2,0,1,12,2,2,0,0,0,0,200,200,1,22,0,0,200,200
0,200,30,1,2,0,1,12,2,2,0,0,0,0,200,200,1,22,0,1,49,200
1,200,30,1,2,0,1,12,2,2,0,0,0,0,200,200,1,22,0,1,200,200
0,200,30,0,0,0,1,10,2,4,0,0,0,0,200,200,200,0,200,1,34,200
0,200,30,0,0,0,1,10,2,4,0,0,0,0,200,200,200,0,200,0,19,200
0,200,30,0,200,0,1,10,5,4,0,0,0,1,200,200,200,16,200,2,200,200
0,200,30,0,200,0,1,10,5,4,0,0,0,1,200,200,200,16,200,1,35,200
1,200,30,0,200,0,1,10,5,4,0,0,0,1,200,200,200,16,200,0,36,200
1,200,30,0,200,0,1,10,5,4,0,0,0,1,200,200,200,16,200,1,37,200
0,200,40,0,0,0,1,12,3,8,5,0,0,1,200,200,200,21,200,1,64,200
0,200,40,0,0,0,1,12,3,8,5,0,0,1,200,200,200,21,200,0,63,200
0,200,30,0,0,0,1,7,7,4,0,0,12,0,200,200,1,0,0,2,200,200
0,200,10,0,0,0,1,0,7,200,0,0,0,0,200,200,200,20,200,0,54,200
0,200,10,0,0,0,1,0,7,200,0,0,0,0,200,200,200,20,200,0,38,200
0,200,30,200,200,0,1,7,6,1,0,0,200,0,200,200,1,25,25,2,200,200
0,200,30,0,0,0,1,12,5,4,0,0,0,1,200,200,200,12,0,1,84,200
0,200,30,0,0,0,1,12,5,4,0,0,0,1,200,200,200,12,0,0,68,200
0,200,30,200,0,0,1,10,200,200,0,0,0,0,1,200,1,0,200,2,200,200
0,200,30,200,0,0,1,10,200,200,0,0,0,0,1,200,1,0,200,0,30,200
0,200,15,0,0,0,1,9,7,2,0,0,0,1,200,1,1,0,200,1,200,200
5,200,15,0,0,0,1,9,7,2,0,0,0,1,200,1,1,0,200,0,25,200
0,1,15,0,0,1,1,7,7,1,0,0,0,0,200,200,1,0,0,2,200,200
0,200,30,1,2,0,1,10,3,200,0,0,0,0,200,200,200,0,0,1,200,200
0,200,30,1,2,0,1,10,3,200,0,0,0,0,200,200,200,0,0,1,200,200
0,200,30,0,0,0,1,10,5,200,0,0,0,1,1,200,200,18,200,1,25,200
0,200,30,0,0,0,1,10,5,200,0,0,0,1,1,200,200,18,200,1,26,200
0,200,30,1,2,0,1,12,6,200,0,0,0,0,200,200,200,0,200,0,35,200
0,200,30,1,2,0,1,12,6,200,0,0,0,0,200,200,200,0,200,0,50,200
0,1,30,0,0,0,1,10,5,200,0,0,0,0,200,200,200,0,0,0,19,200
0,1,30,0,0,0,1,10,5,200,0,0,0,0,200,200,200,0,0,0,200,200
0,200,20,0,0,0,1,9,6,200,0,0,0,1,200,200,200,16,200,0,44,200
5,200,20,0,0,0,1,9,6,200,0,0,0,1,200,200,200,16,200,1,7,200
1,200,20,0,0,0,1,9,6,200,0,0,0,1,200,200,200,16,200,1,40,200
1,200,20,0,0,0,1,9,6,200,0,0,0,1,200,200,200,16,200,1,64,200
1,200,20,0,0,0,1,9,6,200,0,0,0,1,200,200,200,16,200,1,107,200
1,200,20,0,0,0,1,9,6,200,0,0,0,1,200,200,200,16,200,1,109,200
0,200,30,200,200,0,1,12,5,2,0,0,200,0,200,200,1,11,0,0,200,200
0,200,30,200,200,0,1,12,5,2,0,0,200,0,200,200,1,11,0,0,75,200
0,200,30,0,0,0,1,7,5,200,0,0,200,0,200,200,200,0,0,0,200,200
0,200,30,2,2,0,1,14,5,2,0,0,0,0,1,200,200,23,200,0,67,200
0,200,30,2,2,0,1,14,5,2,0,0,0,0,1,200,200,23,200,0,45,200
1,200,30,2,2,0,1,14,5,2,0,0,0,0,1,200,200,23,200,1,200,200
0,200,30,0,0,0,1,10,5,6,0,0,0,0,200,200,200,27,0,1,60,200
0,200,30,0,0,0,1,10,5,6,0,0,0,0,200,200,200,27,0,1,25,200
0,0,30,0,0,0,1,7,5,2,0,0,0,1,200,200,1,0,19,2,200,200
0,200,30,12,0,0,1,10,2,2,0,0,200,0,200,200,1,18,200,2,200,200
0,200,30,12,0,0,1,10,2,2,0,0,200,0,200,200,1,18,200,0,35,200
4,200,30,1,2,0,1,8,3,4,0,0,0,1,200,200,200,6,0,0,43,200
0,200,30,1,2,0,1,8,3,4,0,0,0,1,200,200,200,6,0,0,55,200
1,200,30,1,2,0,1,8,3,4,0,0,0,1,200,200,200,6,0,0,200,200
0,200,30,0,0,0,1,10,5,4,0,0,0,1,200,200,200,0,200,0,19,200
0,200,30,0,0,0,1,10,5,4,0,0,0,1,200,200,200,0,200,1,54,200
0,200,15,0,0,1,1,7,7,1,0,0,0,0,200,200,200,0,11,0,66,200
1,200,15,0,0,1,1,7,7,1,0,0,0,0,200,200,200,0,11,1,37,200
0,200,30,0,0,0,1,14,5,4,0,0,0,1,1,200,200,22,0,0,26,200
0,200,30,0,0,0,1,14,5,4,0,0,0,1,1,200,200,22,0,1,26,200
0,200,30,0,0,0,1,14,5,4,0,0,0,1,1,200,200,22,0,0,27,200
1,200,30,0,0,0,1,14,5,4,0,0,0,1,1,200,200,22,0,0,27,200
0,200,30,200,200,200,200,14,200,200,0,200,200,0,200,200,1,0,200,0,200,200
0,200,30,200,200,200,200,14,200,200,0,200,200,0,200,200,1,0,200,1,52,200
1,200,30,200,200,200,200,14,200,200,0,200,200,0,200,200,1,0,200,0,49,200
0,200,30,1,2,0,1,10,5,2,0,0,0,1,1,200,200,16,0,0,200,200
0,200,30,1,2,0,1,10,5,2,0,0,0,1,1,200,200,16,0,0,29,200
0,200,30,0,0,0,1,10,5,200,0,0,0,1,200,200,1,0,0,0,200,200
0,200,30,0,0,0,1,10,5,200,0,0,0,1,200,200,1,0,0,1,45,200
1,200,30,0,0,0,1,10,5,200,0,0,0,1,200,200,1,0,0,1,200,200
1,200,30,0,0,0,1,10,5,200,0,0,0,1,200,200,1,0,0,0,200,200
0,200,30,0,0,0,1,10,5,2,0,0,0,0,200,200,200,18,7,1,35,200
0,200,30,0,0,0,1,10,5,2,0,0,0,0,200,200,200,18,7,1,43,200
0,200,35,0,0,200,1,7,200,200,0,200,200,0,200,200,200,18,200,0,27,200
0,1,30,200,200,200,200,7,5,1,0,200,200,0,200,200,1,0,0,2,200,200
0,1,30,0,0,200,200,7,6,1,0,200,0,0,200,200,1,0,0,2,200,200
0,200,20,0,0,0,1,12,5,200,0,0,0,0,200,200,200,0,200,0,47,200
0,200,20,0,0,0,1,12,5,200,0,0,0,0,200,200,200,0,200,1,40,200
0,200,30,0,0,0,1,14,5,200,0,0,0,0,200,200,200,0,0,0,49,200
0,200,30,0,0,0,1,14,5,200,0,0,0,0,200,200,200,0,0,0,200,200
0,200,30,200,200,200,200,12,200,200,0,200,200,0,200,200,200,0,200,0,26,200
0,200,30,200,200,200,200,12,200,200,0,200,200,0,200,200,200,0,200,0,54,200
0,0,30,0,0,0,1,7,6,1,0,0,200,0,200,200,200,0,0,2,200,200
0,200,0,1,2,0,1,10,5,1,0,0,0,0,200,200,1,0,0,0,200,200
0,200,0,1,2,0,1,10,5,1,0,0,0,0,200,200,1,0,0,1,46,200
0,200,20,0,0,0,1,14,5,2,0,0,0,1,1,200,200,0,0,0,48,200
1,200,20,0,0,0,1,14,5,2,0,0,0,1,1,200,200,0,0,0,37,200
1,200,20,0,0,0,1,14,5,2,0,0,0,1,1,200,200,0,0,1,54,200
0,200,30,0,0,0,1,12,5,200,0,0,0,0,200,200,200,0,0,0,43,200
0,200,30,0,0,0,1,12,5,200,0,0,0,0,200,200,200,0,0,0,43,200
0,200,0,0,0,0,1,7,7,200,0,0,0,0,200,200,1,0,0,2,200,200
0,200,30,0,0,0,1,10,5,200,0,0,0,1,200,200,200,18,200,0,26,200
0,200,30,0,0,0,1,10,5,200,0,0,0,1,200,200,200,18,200,0,33,200
1,200,30,0,0,0,1,10,5,200,0,0,0,1,200,200,200,18,200,1,200,200
0,200,30,0,0,0,1,12,3,4,2,0,0,0,200,200,1,16,21,0,200,200
0,200,30,0,0,0,1,12,3,4,2,0,0,0,200,200,1,16,21,0,50,200
0,200,30,0,0,0,1,9,5,200,0,0,0,1,200,200,1,0,200,1,200,200
5,200,30,0,0,0,1,9,5,200,0,0,0,1,200,200,1,0,200,0,55,200
0,200,30,1,2,0,4,10,5,200,0,0,0,0,200,200,200,18,200,1,76,200
0,200,30,1,2,0,4,10,5,200,0,0,0,0,200,200,200,18,200,0,26,200
0,200,30,0,0,0,1,7,7,200,0,0,0,0,200,200,200,0,200,0,65,200
0,200,30,1,2,0,1,14,5,4,0,0,0,0,200,200,200,0,0,0,200,200
0,200,30,1,2,0,1,14,5,4,0,0,0,0,200,200,200,0,0,0,200,200
0,200,30,2,2,0,1,14,5,200,0,0,0,1,200,200,200,23,21,0,47,200
0,200,30,2,2,0,1,14,5,200,0,0,0,1,200,200,200,23,21,1,35,200
1,200,30,2,2,0,1,14,5,200,0,0,0,1,200,200,200,23,21,1,200,200
1,200,30,2,2,0,1,14,5,200,0,0,0,1,200,200,200,23,21,1,200,200
1,200,30,2,2,0,1,14,5,200,0,0,0,1,200,200,200,23,21,1,200,200
4,200,30,0,0,0,1,8,5,200,0,0,0,0,200,200,200,0,0,1,27,200
1,200,30,0,0,0,1,8,5,200,0,0,0,0,200,200,200,0,0,0,200,200
0,200,30,1,2,0,1,14,2,4,0,0,0,0,1,200,1,17,0,2,200,200
0,200,30,1,2,0,1,14,2,4,0,0,0,0,1,200,1,17,0,0,200,200
0,1,30,0,0,0,1,0,0,200,0,0,0,0,200,200,200,17,200,1,31,200
0,1,30,0,0,0,1,0,0,200,0,0,0,0,200,200,200,17,200,1,27,200
0,200,30,1,2,0,1,10,3,5,5,0,0,1,1,200,200,16,18,0,26,200