PERSON_TYPE,CRASH_DATE_EST_I,POSTED_SPEED_LIMIT,TRAFFIC_CONTROL_DEVICE,DEVICE_CONDITION,WEATHER_CONDITION,LIGHTING_CONDITION,FIRST_CRASH_TYPE,TRAFFICWAY_TYPE,LANE_CNT,ALIGNMENT,ROADWAY_SURFACE_COND,ROAD_DEFECT,CRASH_TYPE,INTERSECTION_RELATED_I,NOT_RIGHT_OF_WAY_I,HIT_AND_RUN_I,PRIM_CONTRIBUTORY_CAUSE,SEC_CONTRIBUTORY_CAUSE,SEX,AGE,BAC_RESULT VALUE
0,200,30,1,2,0,1,10,3,5,5,0,0,1,1,200,200,16,18,1,32,200
1,200,30,1,2,0,1,10,3,5,5,0,0,1,1,200,200,16,18,1,28,200
1,200,30,1,2,0,1,10,3,5,5,0,0,1,1,200,200,16,18,1,30,200
0,1,30,1,2,0,1,12,2,2,0,0,0,0,1,200,200,21,200,1,41,200
0,1,30,1,2,0,1,12,2,2,0,0,0,0,1,200,200,21,200,0,25,200
1,1,30,1,2,0,1,12,2,2,0,0,0,0,1,200,200,21,200,0,29,200
0,200,30,1,2,0,1,10,5,4,0,0,0,0,1,200,200,18,0,1,32,200
0,200,30,1,2,0,1,10,5,4,0,0,0,0,1,200,200,18,0,1,43,200
1,200,30,1,2,0,1,10,5,4,0,0,0,0,1,200,200,18,0,1,200,200
1,200,30,1,2,0,1,10,5,4,0,0,0,0,1,200,200,18,0,200,200,200
1,200,30,1,2,0,1,10,5,4,0,0,0,0,1,200,200,18,0,200,200,200
1,200,30,1,2,0,1,10,5,4,0,0,0,0,1,200,200,18,0,200,200,200
1,200,30,1,2,0,1,10,5,4,0,0,0,0,1,200,200,18,0,200,200,200
0,200,30,1,2,0,1,10,5,200,0,0,0,0,200,200,200,0,0,0,33,200
0,200,30,1,2,0,1,10,5,200,0,0,0,0,200,200,200,0,0,0,200,200
1,200,30,1,2,0,1,10,5,200,0,0,0,0,200,200,200,0,0,0,200,200
1,200,30,1,2,0,1,10,5,200,0,0,0,0,200,200,200,0,0,0,200,200
1,200,30,1,2,0,1,10,5,200,0,0,0,0,200,200,200,0,0,1,200,200
0,200,30,0,0,0,1,7,12,2,0,0,0,0,200,200,1,0,200,1,200,200
0,200,30,0,0,0,3,7,6,200,0,0,0,0,200,200,1,0,200,2,200,200
0,200,20,0,0,0,1,12,2,2,0,0,0,0,200,200,1,0,0,2,200,200
0,200,20,0,0,0,1,12,2,2,0,0,0,0,200,200,1,0,0,0,55,200
0,200,30,0,0,0,1,10,6,4,0,0,0,0,200,200,200,18,18,1,24,200
0,200,30,0,0,0,1,10,6,4,0,0,0,0,200,200,200,18,18,1,50,200
0,200,25,0,0,0,1,7,6,1,0,0,0,1,200,200,200,12,15,0,32,200
0,200,30,1,2,0,1,10,6,2,0,0,0,0,200,200,200,18,200,0,60,200
0,200,30,1,2,0,1,10,6,2,0,0,0,0,200,200,200,18,200,1,63,200
0,200,0,0,0,0,1,7,5,200,0,0,0,0,200,200,200,0,0,0,54,200
0,200,30,1,200,0,1,10,5,2,0,200,200,0,1,200,200,0,0,0,18,200
0,200,30,1,200,0,1,10,5,2,0,200,200,0,1,200,200,0,0,1,28,200
0,200,20,1,2,0,1,10,5,2,0,0,0,0,200,200,200,18,16,0,49,200
0,200,20,1,2,0,1,10,5,2,0,0,0,0,200,200,200,18,16,0,44,200
1,200,20,1,2,0,1,10,5,2,0,0,0,0,200,200,200,18,16,1,36,200
0,200,30,0,0,0,1,12,2,200,0,0,0,0,200,200,200,17,16,1,25,200
0,200,30,0,0,0,1,12,2,200,0,0,0,0,200,200,200,17,16,0,60,200
0,200,35,1,2,0,1,14,2,200,0,200,200,1,1,200,1,14,15,2,200,200
0,200,35,1,2,0,1,14,2,200,0,200,200,1,1,200,1,14,15,1,35,200
0,200,35,1,2,0,1,14,2,200,0,200,200,1,1,200,1,14,15,0,26,200
0,200,30,1,2,0,1,11,5,2,0,0,0,0,200,200,1,0,0,2,200,200
0,200,30,1,2,0,1,11,5,2,0,0,0,0,200,200,1,0,0,1,200,200
0,200,30,2,2,0,4,10,5,200,0,0,0,0,1,200,200,18,200,0,46,200
0,200,30,2,2,0,4,10,5,200,0,0,0,0,1,200,200,18,200,0,40,200
1,200,30,2,2,0,4,10,5,200,0,0,0,0,1,200,200,18,200,1,43,200
1,200,30,2,2,0,4,10,5,200,0,0,0,0,1,200,200,18,200,0,38,200
0,200,15,0,0,0,1,2,0,200,0,0,0,0,200,1,200,12,0,0,25,200
0,200,30,0,0,0,1,7,6,200,0,0,0,0,200,200,200,0,200,0,28,200
0,200,30,0,0,0,1,2,12,200,0,0,0,0,200,1,200,0,0,0,41,200
0,200,5,0,0,0,1,7,7,0,0,0,0,0,200,200,1,20,200,1,200,200
0,200,30,1,2,0,1,10,5,2,0,0,0,0,200,200,200,18,18,0,40,200
0,200,30,1,2,0,1,10,5,2,0,0,0,0,200,200,200,18,18,1,39,200
1,200,30,1,2,0,1,10,5,2,0,0,0,0,200,200,200,18,18,200,3,200
1,200,30,1,2,0,1,10,5,2,0,0,0,0,200,200,200,18,18,200,1,200
1,200,30,1,2,0,1,10,5,2,0,0,0,0,200,200,200,18,18,200,10,200
0,200,30,0,0,0,1,14,5,200,0,0,0,0,200,200,200,0,0,1,46,200
0,200,30,0,0,0,1,14,5,200,0,0,0,0,200,200,200,0,0,1,44,200
0,200,30,0,0,0,1,10,5,200,0,0,0,0,200,200,200,18,18,0,36,200
0,200,30,0,0,0,1,10,5,200,0,0,0,0,200,200,200,18,18,0,40,200
0,200,35,0,0,200,200,12,200,200,0,200,200,0,200,200,200,17,200,0,45,200
0,200,30,1,2,0,1,10,5,200,0,0,0,0,200,200,1,18,200,1,200,200
0,200,30,1,2,0,1,10,5,200,0,0,0,0,200,200,1,18,200,1,57,200
0,200,30,1,0,0,1,12,2,200,0,0,0,0,200,200,200,21,200,0,44,200
0,200,30,1,0,0,1,12,2,200,0,0,0,0,200,200,200,21,200,0,31,200
0,200,30,0,0,0,1,10,2,2,0,0,0,0,1,200,200,0,200,1,35,200
0,200,30,0,0,0,1,10,2,2,0,0,0,0,1,200,200,0,200,1,27,200
0,200,30,0,0,0,1,10,2,2,0,0,0,0,1,200,200,0,200,0,35,200
0,200,30,0,0,0,1,7,7,200,0,0,0,0,200,200,200,0,0,1,18,200
0,200,30,0,0,0,1,7,5,200,0,0,0,0,200,200,200,0,0,1,29,200
0,1,30,0,0,0,3,7,6,1,0,0,0,0,200,200,1,0,0,2,200,200
0,200,30,1,2,0,200,10,5,5,0,0,200,1,1,200,200,18,200,0,75,200
0,200,30,1,2,0,200,10,5,5,0,0,200,1,1,200,200,18,200,1,24,200
0,200,30,1,0,0,2,14,5,200,0,0,0,0,200,200,200,22,200,1,32,200
0,200,30,1,0,0,2,14,5,200,0,0,0,0,200,200,200,22,200,0,63,200
0,200,30,0,0,0,4,9,6,200,0,0,0,1,200,200,200,0,0,0,63,200
5,200,30,0,0,0,4,9,6,200,0,0,0,1,200,200,200,0,0,0,78,200
0,200,30,1,2,0,2,10,5,2,0,0,0,0,200,200,200,2,11,1,25,200
0,200,30,1,2,0,2,10,5,2,0,0,0,0,200,200,200,2,11,1,36,200
1,200,30,1,2,0,2,10,5,2,0,0,0,0,200,200,200,2,11,0,51,200
4,200,30,0,0,0,1,8,5,2,0,0,0,1,200,200,200,0,0,0,16,200
0,200,20,0,0,0,4,10,0,1,0,0,2,0,200,200,200,20,200,0,24,200
0,200,20,0,0,0,4,10,0,1,0,0,2,0,200,200,200,20,200,1,42,200
0,200,15,0,0,0,4,7,0,200,0,0,0,1,200,200,0,25,25,0,28,200
1,200,15,0,0,0,4,7,0,200,0,0,0,1,200,200,0,25,25,1,25,200
0,200,30,0,0,0,4,2,5,200,0,0,0,0,200,200,200,200,200,0,31,200
1,200,30,0,0,0,4,2,5,200,0,0,0,0,200,200,200,200,200,0,200,200
0,200,30,1,2,0,3,14,2,0,2,0,0,1,1,200,200,0,200,0,38,200
0,200,30,1,2,0,3,14,2,0,2,0,0,1,1,200,200,0,200,0,22,200
0,200,30,2,2,0,1,9,5,2,0,0,0,1,1,200,1,5,25,0,200,200
5,200,30,2,2,0,1,9,5,2,0,0,0,1,1,200,1,5,25,1,19,200
0,200,30,1,2,0,1,10,5,4,0,0,0,0,200,200,200,18,0,1,35,200
0,200,30,1,2,0,1,10,5,4,0,0,0,0,200,200,200,18,0,0,49,200
0,200,30,0,0,0,1,10,2,2,0,0,0,1,200,200,1,18,0,0,200,200
0,200,30,0,0,0,1,10,2,2,0,0,0,1,200,200,1,18,0,1,26,200
0,200,30,0,0,0,1,10,2,2,0,0,0,1,200,200,1,18,0,0,200,200
0,200,30,1,2,0,1,14,12,2,0,0,0,0,0,200,200,23,11,1,36,200
0,200,30,1,2,0,1,14,12,2,0,0,0,0,0,200,200,23,11,0,20,200
0,200,25,0,0,0,3,7,6,1,0,0,200,0,200,200,200,0,0,1,24,200
0,200,30,3,200,200,4,12,5,2,0,200,200,0,200,200,200,17,0,0,30,200
0,200,30,3,200,200,4,12,5,2,0,200,200,0,200,200,200,17,0,0,27,200
0,200,30,0,0,0,3,2,2,4,0,0,12,0,200,200,200,28,28,0,29,200
0,200,20,0,0,0,1,7,5,200,0,0,0,0,200,200,200,17,200,0,200,200
0,200,30,1,2,0,3,14,2,200,0,0,0,0,200,200,200,0,200,0,28,200
0,200,30,1,2,0,3,14,2,200,0,0,0,0,200,200,200,0,200,0,51,200
0,200,35,1,2,0,1,14,5,2,0,0,0,0,0,200,200,22,16,0,58,200
0,200,35,1,2,0,1,14,5,2,0,0,0,0,0,200,200,22,16,1,27,200
0,200,30,1,200,0,1,14,2,2,0,200,200,0,1,200,200,0,200,1,26,200
0,200,30,1,200,0,1,14,2,2,0,200,200,0,1,200,200,0,200,1,31,200
0,200,30,200,200,0,1,12,5,4,0,0,200,0,1,200,200,21,18,0,29,200
0,200,30,200,200,0,1,12,5,4,0,0,200,0,1,200,200,21,18,0,26,200
0,200,30,0,0,0,3,7,6,1,0,0,0,1,200,200,200,0,0,0,23,200
1,200,30,0,0,0,3,7,6,1,0,0,0,1,200,200,200,0,0,0,33,200
0,200,10,0,0,0,0,12,5,200,0,0,0,0,200,200,200,0,0,0,37,200
0,200,10,0,0,0,0,12,5,200,0,0,0,0,200,200,200,0,0,0,28,200
1,200,10,0,0,0,0,12,5,200,0,0,0,0,200,200,200,0,0,0,12,200
4,200,30,1,2,0,1,8,6,200,0,0,0,0,200,200,200,0,0,0,22,200
0,200,30,1,2,0,1,8,6,200,0,0,0,0,200,200,200,0,0,0,24,200
0,200,30,0,0,0,0,10,5,2,0,0,0,0,1,200,200,20,0,1,40,200
0,200,30,0,0,0,0,10,5,2,0,0,0,0,1,200,200,20,0,1,25,200
1,200,30,0,0,0,0,10,5,2,0,0,0,0,1,200,200,20,0,200,37,200
1,200,30,0,0,0,0,10,5,2,0,0,0,0,1,200,200,20,0,0,14,200
1,200,30,0,0,0,0,10,5,2,0,0,0,0,1,200,200,20,0,0,8,200
1,200,30,0,0,0,0,10,5,2,0,0,0,0,1,200,200,20,0,1,10,200
0,200,30,1,2,200,3,10,2,4,0,200,200,0,1,200,200,16,0,1,26,200
0,200,30,1,2,200,3,10,2,4,0,200,200,0,1,200,200,16,0,0,24,200
0,200,30,1,2,0,3,14,5,2,0,0,3,0,1,200,200,23,23,0,29,200
0,200,30,1,2,0,3,14,5,2,0,0,3,0,1,200,200,23,23,1,45,200
0,200,30,1,2,0,0,14,5,2,0,0,0,1,200,200,200,17,17,0,24,200
0,200,30,1,2,0,0,14,5,2,0,0,0,1,200,200,200,17,17,0,20,200
0,200,30,1,2,0,3,10,5,200,0,0,200,0,200,200,200,0,0,0,39,200
0,200,30,1,2,0,3,10,5,200,0,0,200,0,200,200,200,0,0,1,26,200
1,200,30,1,2,0,3,10,5,200,0,0,200,0,200,200,200,0,0,2,200,200
1,200,30,1,2,0,3,10,5,200,0,0,200,0,200,200,200,0,0,2,200,200
1,200,30,1,2,0,3,10,5,200,0,0,200,0,200,200,200,0,0,2,200,200
0,200,30,1,2,0,3,14,5,2,0,0,0,1,1,200,1,17,200,0,200,200
0,200,30,1,2,0,3,14,5,2,0,0,0,1,1,200,1,17,200,1,20,200
1,200,30,1,2,0,3,14,5,2,0,0,0,1,1,200,1,17,200,0,2,200
0,1,30,0,0,0,4,0,6,200,0,0,0,1,200,200,200,17,200,0,53,200
0,1,30,0,0,0,4,0,6,200,0,0,0,1,200,200,200,17,200,0,45,200
1,1,30,0,0,0,4,0,6,200,0,0,0,1,200,200,200,17,200,0,18,200
0,200,30,200,200,0,4,12,6,3,0,0,200,0,200,200,200,17,22,0,32,200
0,200,30,200,200,0,4,12,6,3,0,0,200,0,200,200,200,17,22,0,51,200
0,200,30,1,2,0,3,12,6,3,0,0,200,0,200,200,200,21,0,0,35,200
0,200,30,1,2,0,3,12,6,3,0,0,200,0,200,200,200,21,0,0,52,200
0,200,30,0,0,0,0,7,12,200,3,0,0,0,200,200,200,7,0,0,68,200
0,200,35,0,0,0,3,9,2,4,0,12,1,1,200,200,200,25,25,0,22,200
5,200,35,0,0,0,3,9,2,4,0,12,1,1,200,200,200,25,25,0,15,200
1,200,35,0,0,0,3,9,2,4,0,12,1,1,200,200,200,25,25,0,24,200
0,200,30,1,2,0,3,14,5,6,0,0,0,1,1,200,200,17,33,0,42,200
0,200,30,1,2,0,3,14,5,6,0,0,0,1,1,200,200,17,33,0,31,200
1,200,30,1,2,0,3,14,5,6,0,0,0,1,1,200,200,17,33,0,41,200
1,200,30,1,2,0,3,14,5,6,0,0,0,1,1,200,200,17,33,0,10,200
1,200,30,1,2,0,3,14,5,6,0,0,0,1,1,200,200,17,33,0,8,200
1,200,30,1,2,0,3,14,5,6,0,0,0,1,1,200,200,17,33,0,30,200
0,0,30,1,2,0,3,14,5,2,0,0,0,1,200,200,200,21,17,1,19,200
0,0,30,1,2,0,3,14,5,2,0,0,0,1,200,200,200,21,17,0,22,200
1,0,30,1,2,0,3,14,5,2,0,0,0,1,200,200,200,21,17,1,28,200
0,200,30,1,2,0,3,11,5,4,0,0,200,1,1,200,200,0,0,0,24,200
0,200,30,1,2,0,3,11,5,4,0,0,200,1,1,200,200,0,0,0,18,200
1,200,30,1,2,0,3,11,5,4,0,0,200,1,1,200,200,0,0,200,200,200
1,200,30,1,2,0,3,11,5,4,0,0,200,1,1,200,200,0,0,200,200,200
0,200,30,0,0,0,0,8,5,2,0,0,0,1,200,200,1,23,200,0,200,200
4,200,30,0,0,0,0,8,5,2,0,0,0,1,200,200,1,23,200,1,23,200
0,200,35,1,2,0,3,14,5,200,2,0,0,1,1,200,200,17,32,0,46,200
0,200,35,1,2,0,3,14,5,200,2,0,0,1,1,200,200,17,32,0,29,200
0,200,30,200,200,0,3,10,5,4,0,0,0,0,200,200,1,18,200,2,200,200
0,200,30,200,200,0,3,10,5,4,0,0,0,0,200,200,1,18,200,0,54,200
1,200,30,200,200,0,3,10,5,4,0,0,0,0,200,200,1,18,200,1,52,200
0,200,30,0,0,0,3,2,5,200,1,0,0,1,200,200,200,25,0,0,23,200
0,1,30,200,200,200,3,7,5,2,0,200,200,0,200,200,200,0,0,2,200,200
3,200,30,0,0,0,3,5,6,2,0,0,0,0,200,200,1,25,11,0,200,200
0,200,30,0,0,0,3,12,5,2,0,0,0,0,200,200,200,21,17,0,34,200
4,200,30,0,0,0,3,12,5,2,0,0,0,0,200,200,200,21,17,0,35,200
1,200,30,0,0,0,3,12,5,2,0,0,0,0,200,200,200,21,17,0,23,200
0,200,35,1,2,0,3,8,2,200,0,0,0,1,1,200,1,25,19,1,37,200
4,200,35,1,2,0,3,8,2,200,0,0,0,1,1,200,1,25,19,1,26,200
0,200,30,2,2,0,3,12,5,4,0,0,0,0,200,200,200,0,200,0,75,200
0,200,30,2,2,0,3,12,5,4,0,0,0,0,200,200,200,0,200,1,37,200
1,200,30,2,2,0,3,12,5,4,0,0,0,0,200,200,200,0,200,1,48,200
0,200,30,0,0,0,3,12,5,1,0,0,0,0,200,200,200,22,0,0,61,200
0,200,30,0,0,0,3,12,5,1,0,0,0,0,200,200,200,22,0,0,37,200
0,200,20,0,200,0,3,7,6,1,0,0,0,1,200,200,200,32,16,1,27,0.21
0,200,30,1,2,0,3,0,2,200,0,0,3,1,1,200,200,17,16,0,44,200
0,200,30,1,2,0,3,0,2,200,0,0,3,1,1,200,200,17,16,1,42,200
0,200,30,1,2,0,1,12,3,2,0,0,0,0,200,200,1,22,200,0,200,200
0,200,30,1,2,0,1,12,3,2,0,0,0,0,200,200,1,22,200,1,48,200
0,200,50,1,0,0,3,14,5,200,0,0,200,0,200,200,1,23,17,1,200,200
0,200,50,1,0,0,3,14,5,200,0,0,200,0,200,200,1,23,17,1,42,200
0,200,30,1,2,0,3,12,3,4,0,0,0,1,200,200,1,22,200,0,200,200
0,200,30,1,2,0,3,12,3,4,0,0,0,1,200,200,1,22,200,1,56,200
0,200,30,1,2,0,3,10,5,2,0,0,0,0,200,200,0,0,0,1,200,200
0,200,30,1,2,0,3,10,5,2,0,0,0,0,200,200,0,0,0,1,29,200
0,200,30,0,0,0,0,12,6,1,0,0,0,0,200,200,200,20,200,1,21,200
0,200,30,0,0,0,0,12,6,1,0,0,0,0,200,200,200,20,200,1,28,200
0,200,30,0,0,0,3,7,5,200,0,0,0,0,200,200,1,0,0,2,200,200
0,200,30,0,0,0,3,7,6,1,0,0,0,0,200,200,200,20,200,0,43,200
0,200,40,0,0,0,3,10,3,8,5,0,0,1,200,200,200,15,18,0,20,200
0,200,40,0,0,0,3,10,3,8,5,0,0,1,200,200,200,15,18,1,24,200
1,200,40,0,0,0,3,10,3,8,5,0,0,1,200,200,200,15,18,1,22,200
0,200,30,200,200,1,3,10,5,2,0,0,200,0,200,200,200,0,0,0,41,200
0,200,30,200,200,1,3,10,5,2,0,0,200,0,200,200,200,0,0,1,32,200
0,200,30,0,0,0,3,12,5,2,0,0,0,0,200,200,1,15,14,2,200,200
0,200,30,0,0,0,3,12,5,2,0,0,0,0,200,200,1,15,14,0,34,200
0,200,30,0,0,0,3,2,5,200,3,0,0,1,1,200,200,15,11,0,200,200
1,200,30,0,0,0,3,2,5,200,3,0,0,1,1,200,200,15,11,0,19,200
5,200,30,0,0,0,3,14,12,200,0,0,0,1,200,200,1,0,0,0,58,200
0,200,30,0,0,0,3,14,12,200,0,0,0,1,200,200,1,0,0,0,200,200
0,200,30,0,0,0,3,14,12,200,0,0,0,1,200,200,1,0,0,1,19,200
1,200,30,0,0,0,3,14,12,200,0,0,0,1,200,200,1,0,0,0,200,200
0,200,35,0,0,0,3,11,5,2,0,0,0,0,200,200,1,10,21,2,200,200
0,200,35,0,0,0,3,11,5,2,0,0,0,0,200,200,1,10,21,1,26,200
0,200,30,0,0,0,3,7,5,200,0,0,0,1,200,200,1,0,200,2,200,200
0,200,25,0,0,0,3,2,6,1,0,0,0,0,200,200,1,0,0,2,200,200
0,200,15,200,0,0,3,10,7,1,0,0,200,0,200,200,1,20,33,2,200,200
0,200,15,200,0,0,3,10,7,1,0,0,200,0,200,200,1,20,33,0,55,200
0,200,35,1,2,0,3,14,5,200,0,0,0,1,1,200,200,6,16,1,26,200
0,200,35,1,2,0,3,14,5,200,0,0,0,1,1,200,200,6,16,0,54,200
1,200,35,1,2,0,3,14,5,200,0,0,0,1,1,200,200,6,16,0,20,200
1,200,35,1,2,0,3,14,5,200,0,0,0,1,1,200,200,6,16,1,28,200
0,200,30,1,2,0,3,14,5,3,0,0,0,1,1,200,200,17,16,0,23,200
0,200,30,1,2,0,3,14,5,3,0,0,0,1,1,200,200,17,16,0,28,200
0,200,30,0,200,0,3,2,5,200,0,0,200,1,200,200,1,0,200,2,200,200
0,200,45,0,0,0,3,12,3,4,0,0,0,1,200,200,200,27,16,0,50,200
0,200,45,0,0,0,3,12,3,4,0,0,0,1,200,200,200,27,16,0,24,200
0,1,30,0,0,0,3,7,7,200,0,0,0,0,200,1,1,16,0,2,200,200
1,1,30,0,0,0,3,7,7,200,0,0,0,0,200,1,1,16,0,200,200,200
0,200,30,0,0,0,3,12,12,4,0,200,200,0,200,200,1,0,0,1,200,200
0,200,30,0,0,0,3,12,12,4,0,200,200,0,200,200,1,0,0,0,40,200
1,200,30,0,0,0,3,12,12,4,0,200,200,0,200,200,1,0,0,0,36,200
0,200,30,2,2,0,3,0,5,200,0,0,0,1,1,200,200,5,0,0,50,200
0,200,30,2,2,0,3,0,5,200,0,0,0,1,1,200,200,5,0,0,24,200
0,200,30,1,1,0,3,10,5,200,0,0,0,0,1,200,1,18,200,0,200,200
0,200,30,1,1,0,3,10,5,200,0,0,0,0,1,200,1,18,200,0,23,200
1,200,30,1,1,0,3,10,5,200,0,0,0,0,1,200,1,18,200,1,38,200
0,200,30,1,2,0,3,14,5,4,0,0,0,1,1,200,1,0,0,0,200,200
0,200,30,1,2,0,3,14,5,4,0,0,0,1,1,200,1,0,0,1,27,200
0,200,30,1,2,0,3,2,5,4,0,0,0,0,200,200,200,11,200,0,20,200
1,200,30,1,2,0,3,2,5,4,0,0,0,0,200,200,200,11,200,0,200,200
1,200,30,1,2,0,3,2,5,4,0,0,0,0,200,200,200,11,200,0,200,200
0,200,30,2,0,0,3,0,5,200,0,0,0,1,1,200,1,0,200,1,200,200
0,200,30,2,0,0,3,0,5,200,0,0,0,1,1,200,1,0,200,1,30,200
1,200,30,2,0,0,3,0,5,200,0,0,0,1,1,200,1,0,200,1,0,200
1,200,30,2,0,0,3,0,5,200,0,0,0,1,1,200,1,0,200,1,32,200
1,200,30,2,0,0,3,0,5,200,0,0,0,1,1,200,1,0,200,1,31,200
0,200,10,0,0,0,3,7,7,200,0,0,0,0,200,200,1,20,0,2,200,200
1,200,10,0,0,0,3,7,7,200,0,0,0,0,200,200,1,20,0,1,28,200
1,200,10,0,0,0,3,7,7,200,0,0,0,0,200,200,1,20,0,1,28,200
0,200,20,0,0,0,2,7,5,2,0,0,0,1,200,200,200,0,0,1,27,200
0,200,45,1,2,0,3,10,2,6,0,0,0,1,1,200,200,27,16,0,62,0.15
0,200,45,1,2,0,3,10,2,6,0,0,0,1,1,200,200,27,16,0,38,200
0,200,30,2,2,0,1,2,2,4,0,0,0,1,1,1,200,23,16,1,27,200
0,200,30,0,0,0,200,2,12,200,0,0,0,0,200,1,1,0,200,2,200,200
0,200,30,0,0,0,1,7,6,1,0,0,0,1,200,200,1,0,16,2,200,200
0,200,30,0,0,0,1,12,6,2,0,0,1,0,200,200,200,25,21,0,200,200
0,200,30,0,0,0,1,12,6,2,0,0,1,0,200,200,200,25,21,1,52,200
1,200,30,0,0,0,1,12,6,2,0,0,1,0,200,200,200,25,21,1,200,200
0,200,30,0,0,0,1,7,2,2,2,0,0,1,200,200,1,25,16,2,200,200
0,200,30,1,2,0,3,10,2,2,0,0,0,0,200,200,200,18,0,0,60,200
0,200,30,1,2,0,3,10,2,2,0,0,0,0,200,200,200,18,0,0,56,200
0,200,20,0,0,0,1,7,6,1,0,0,0,0,200,200,1,0,200,2,200,200
0,200,25,2,2,0,1,10,6,200,0,0,3,0,200,200,200,0,0,0,34,200
0,200,25,2,2,0,1,10,6,200,0,0,3,0,200,200,200,0,0,1,41,200
0,200,25,0,0,0,1,7,6,1,0,0,0,0,200,200,1,0,0,2,200,200
0,200,30,0,0,0,1,11,3,200,2,0,0,0,200,200,1,10,16,0,200,200
0,200,30,0,0,0,1,11,3,200,2,0,0,0,200,200,1,10,16,0,32,200
0,200,35,0,0,0,1,12,7,200,2,0,0,0,200,200,200,18,18,0,27,200
0,200,35,0,0,0,1,12,7,200,2,0,0,0,200,200,200,18,18,1,64,200
0,200,30,1,2,0,1,0,5,200,0,0,0,1,1,200,200,14,6,0,35,200
0,200,30,1,2,0,1,0,5,200,0,0,0,1,1,200,200,14,6,1,26,200
0,200,0,0,0,0,1,7,5,200,0,0,0,0,200,200,200,27,200,1,31,200
0,200,30,0,0,0,200,7,6,1,0,0,200,0,200,200,1,0,200,0,200,200
0,200,30,1,2,0,1,14,5,2,0,0,0,0,1,200,200,22,22,1,27,200
0,200,30,1,2,0,1,14,5,2,0,0,0,0,1,200,200,22,22,1,47,200
0,200,30,0,0,0,1,10,5,4,0,0,0,0,200,200,200,18,200,0,33,200
0,200,30,0,0,0,1,10,5,4,0,0,0,0,200,200,200,18,200,0,34,200
0,200,30,0,0,0,1,10,5,4,0,0,0,0,200,200,200,18,200,0,59,200
0,200,30,1,2,0,1,10,5,1,0,0,0,0,0,200,0,18,200,0,36,200
0,200,30,1,2,0,1,10,5,1,0,0,0,0,0,200,0,18,200,1,48,200
4,200,30,0,0,0,1,8,2,2,0,0,0,1,200,200,200,21,11,0,66,200
0,200,30,0,0,0,1,8,2,2,0,0,0,1,200,200,200,21,11,1,28,200
1,200,30,0,0,0,1,8,2,2,0,0,0,1,200,200,200,21,11,0,200,200
1,200,30,0,0,0,1,8,2,2,0,0,0,1,200,200,200,21,11,0,200,200
0,200,5,0,0,0,1,0,7,200,0,0,0,0,200,200,200,200,200,0,62,200
0,200,5,0,0,0,1,0,7,200,0,0,0,0,200,200,200,200,200,0,31,200
0,200,30,0,0,0,1,11,5,2,0,0,0,0,200,200,200,20,0,0,42,200
0,200,30,0,0,0,1,11,5,2,0,0,0,0,200,200,200,20,0,0,24,200
0,1,30,2,2,0,3,7,2,4,0,0,0,1,1,200,1,0,0,2,200,200
0,200,30,0,0,0,200,7,5,2,0,0,0,1,200,200,1,0,33,0,29,200
0,200,30,0,0,0,2,2,7,200,0,0,0,0,200,200,200,14,0,1,31,200
0,200,30,0,0,0,1,12,3,200,0,0,0,0,200,200,200,17,200,0,30,200
0,200,30,0,0,0,1,12,3,200,0,0,0,0,200,200,200,17,200,0,28,200
0,200,30,1,2,0,3,14,5,2,0,0,0,0,1,200,1,23,22,0,200,200
0,200,30,1,2,0,3,14,5,2,0,0,0,0,1,200,1,23,22,1,56,200
1,200,0,0,0,0,1,7,7,200,0,0,0,0,200,1,1,20,200,1,200,200
0,200,0,0,0,0,1,7,7,200,0,0,0,0,200,1,1,20,200,1,200,200
0,200,30,6,2,0,1,10,5,2,0,0,0,0,200,200,200,22,0,1,31,200
0,200,30,6,2,0,1,10,5,2,0,0,0,0,200,200,200,22,0,0,71,200
1,200,30,6,2,0,1,10,5,2,0,0,0,0,200,200,200,22,0,1,10,200
0,200,30,0,2,0,1,10,5,2,0,0,0,0,200,200,200,18,200,0,47,200
0,200,30,0,2,0,1,10,5,2,0,0,0,0,200,200,200,18,200,0,27,200
0,200,30,0,0,0,1,10,2,2,0,0,0,0,200,200,200,18,0,0,42,200
0,200,30,0,0,0,1,10,2,2,0,0,0,0,200,200,200,18,0,0,45,200
0,200,30,200,200,200,200,7,6,2,0,200,200,0,200,200,1,200,200,2,200,200
0,200,0,2,2,0,3,7,5,200,0,0,0,0,200,200,1,18,200,2,200,200
0,200,30,0,0,0,1,12,6,1,0,0,0,0,200,200,200,200,200,1,23,200
0,200,30,0,0,0,1,12,6,1,0,0,0,0,200,200,200,200,200,1,36,200
0,200,30,0,0,0,1,2,6,1,0,0,0,1,200,200,1,25,200,0,200,200
0,200,30,1,2,0,1,10,5,200,0,0,0,0,200,200,200,0,0,1,200,200
0,200,30,1,2,0,1,10,5,200,0,0,0,0,200,200,200,0,0,1,63,200
0,200,30,1,2,0,1,10,5,200,0,0,0,0,200,200,200,0,0,0,200,200
1,200,30,1,2,0,1,10,5,200,0,0,0,0,200,200,200,0,0,1,200,200
1,200,30,1,2,0,1,10,5,200,0,0,0,0,200,200,200,0,0,1,200,200
0,200,30,0,0,0,1,0,5,2,0,0,0,0,200,200,200,200,200,0,37,200