PERSON_TYPE,CRASH_DATE_EST_I,POSTED_SPEED_LIMIT,TRAFFIC_CONTROL_DEVICE,DEVICE_CONDITION,WEATHER_CONDITION,LIGHTING_CONDITION,FIRST_CRASH_TYPE,TRAFFICWAY_TYPE,LANE_CNT,ALIGNMENT,ROADWAY_SURFACE_COND,ROAD_DEFECT,CRASH_TYPE,INTERSECTION_RELATED_I,NOT_RIGHT_OF_WAY_I,HIT_AND_RUN_I,PRIM_CONTRIBUTORY_CAUSE,SEC_CONTRIBUTORY_CAUSE,SEX,AGE,BAC_RESULT VALUE
0,200,30,200,200,0,1,12,3,4,0,200,200,0,200,200,1,21,0,0,200,200
0,200,30,200,200,0,1,12,3,4,0,200,200,0,200,200,1,21,0,0,89,200
0,1,30,0,0,200,200,7,6,1,0,0,200,0,200,200,1,200,200,2,200,200
0,200,30,0,0,0,0,7,6,3,0,0,0,0,200,200,1,0,0,2,200,200
0,200,30,0,0,0,1,12,5,200,0,0,0,0,200,200,200,17,0,1,200,200
0,200,30,0,0,0,1,12,5,200,0,0,0,0,200,200,200,17,0,1,200,200
0,200,30,200,200,0,1,14,5,200,0,0,0,0,200,200,200,0,200,0,51,200
0,200,30,200,200,0,1,14,5,200,0,0,0,0,200,200,200,0,200,0,28,200
0,200,10,3,2,0,1,7,7,200,0,0,0,0,200,200,1,21,0,2,200,200
0,200,30,0,0,0,1,10,5,2,0,0,0,1,200,200,200,18,200,0,41,200
0,200,30,0,0,0,1,10,5,2,0,0,0,1,200,200,200,18,200,1,27,200
1,200,30,0,0,0,1,10,5,2,0,0,0,1,200,200,200,18,200,0,30,200
1,200,30,0,0,0,1,10,5,2,0,0,0,1,200,200,200,18,200,1,25,200
0,200,20,0,0,0,1,7,5,1,0,0,0,0,200,200,200,200,200,0,50,200
1,200,20,0,0,0,1,7,5,1,0,0,0,0,200,200,200,200,200,1,200,200
1,200,20,0,0,0,1,7,5,1,0,0,0,0,200,200,200,200,200,0,200,200
1,200,20,0,0,0,1,7,5,1,0,0,0,0,200,200,200,200,200,1,200,200
1,200,20,0,0,0,1,7,5,1,0,0,0,0,200,200,200,200,200,0,200,200
0,200,30,0,0,0,1,10,5,1,0,0,0,0,200,200,200,11,200,0,17,200
0,200,30,0,0,0,1,10,5,1,0,0,0,0,200,200,200,11,200,1,74,200
1,200,30,0,0,0,1,10,5,1,0,0,0,0,200,200,200,11,200,0,71,200
0,200,30,0,0,0,1,7,5,200,0,0,0,0,200,200,200,0,0,1,73,200
1,200,30,0,0,0,1,7,5,200,0,0,0,0,200,200,200,0,0,1,200,200
1,200,30,0,0,0,1,7,5,200,0,0,0,0,200,200,200,0,0,1,200,200
1,200,30,0,0,0,1,7,5,200,0,0,0,0,200,200,200,0,0,0,200,200
0,200,30,0,0,0,200,7,5,2,0,0,0,0,200,200,200,0,200,2,200,200
0,200,30,2,2,0,1,0,2,2,0,0,0,1,1,200,1,22,17,0,61,200
0,200,30,2,2,0,1,0,2,2,0,0,0,1,1,200,1,22,17,0,200,200
0,200,30,1,2,0,1,10,3,4,0,0,0,1,1,200,200,18,11,0,40,200
0,200,30,1,2,0,1,10,3,4,0,0,0,1,1,200,200,18,11,0,32,200
1,200,30,1,2,0,1,10,3,4,0,0,0,1,1,200,200,18,11,1,200,200
0,200,25,0,0,0,1,7,6,1,0,0,0,0,200,200,1,0,200,2,200,200
0,200,30,0,0,0,1,7,6,1,0,0,0,0,200,200,200,16,200,1,17,200
0,200,30,1,2,0,1,12,5,200,0,0,0,0,200,200,1,22,200,0,200,200
0,200,30,1,2,0,1,12,5,200,0,0,0,0,200,200,1,22,200,0,33,200
0,200,30,1,2,0,1,10,2,4,0,0,0,0,200,200,200,16,18,0,29,200
0,200,30,1,2,0,1,10,2,4,0,0,0,0,200,200,200,16,18,1,33,200
0,200,25,0,0,0,1,7,5,2,0,0,0,0,200,200,200,0,0,1,41,200
0,200,30,2,2,0,1,0,2,200,0,0,0,1,1,200,200,17,200,0,46,200
0,200,30,2,2,0,1,0,2,200,0,0,0,1,1,200,200,17,200,1,25,200
0,0,30,1,2,0,1,14,5,2,0,0,0,0,1,200,200,23,200,0,34,200
0,0,30,1,2,0,1,14,5,2,0,0,0,0,1,200,200,23,200,1,19,200
1,0,30,1,2,0,1,14,5,2,0,0,0,0,1,200,200,23,200,1,200,200
0,200,30,0,0,0,2,7,2,2,0,0,0,0,200,200,1,0,0,2,200,200
0,200,30,0,0,0,4,10,5,200,0,0,0,0,200,200,1,200,200,1,200,200
0,200,30,0,0,0,4,10,5,200,0,0,0,0,200,200,1,200,200,1,75,200
0,200,30,0,0,0,1,7,5,200,0,0,0,0,200,200,200,0,0,0,32,200
1,200,30,0,0,0,1,7,5,200,0,0,0,0,200,200,200,0,0,1,200,200
1,200,30,0,0,0,1,7,5,200,0,0,0,0,200,200,200,0,0,0,200,200
1,200,30,0,0,0,1,7,5,200,0,0,0,0,200,200,200,0,0,1,200,200
0,200,35,1,0,0,1,10,3,200,0,0,0,0,200,200,1,200,200,0,200,200
0,200,35,1,0,0,1,10,3,200,0,0,0,0,200,200,1,200,200,1,18,200
0,200,35,1,0,0,1,10,3,200,0,0,0,0,200,200,1,200,200,1,25,200
0,200,30,0,0,0,1,2,12,0,0,0,0,0,200,1,200,11,200,0,26,200
0,200,20,0,0,0,0,7,6,200,0,1,0,0,200,200,1,0,0,2,200,200
0,1,30,12,12,0,1,7,0,1,0,0,0,1,200,200,1,0,200,2,200,200
0,1,25,0,0,0,1,7,6,1,0,0,0,0,200,200,1,0,200,0,200,200
0,200,10,200,200,0,1,7,7,200,0,0,0,1,200,200,200,27,200,1,49,200
0,200,30,0,0,0,1,7,6,200,0,0,0,0,200,200,200,11,200,0,27,200
1,200,30,0,0,0,1,7,6,200,0,0,0,0,200,200,200,11,200,1,25,200
0,200,20,0,0,0,1,7,6,200,0,0,200,1,200,200,200,0,200,0,200,200
1,200,20,0,0,0,1,7,6,200,0,0,200,1,200,200,200,0,200,0,32,200
1,200,20,0,0,0,1,7,6,200,0,0,200,1,200,200,200,0,200,0,200,200
1,200,20,0,0,0,1,7,6,200,0,0,200,1,200,200,200,0,200,0,200,200
0,1,30,0,0,0,200,7,6,1,0,0,0,0,200,200,200,200,200,2,200,200
0,1,10,0,0,0,1,0,7,200,0,0,0,0,200,200,200,0,0,1,200,200
0,1,10,0,0,0,1,0,7,200,0,0,0,0,200,200,200,0,0,1,72,200
1,1,10,0,0,0,1,0,7,200,0,0,0,0,200,200,200,0,0,1,66,200
0,200,20,0,0,0,1,0,7,1,0,0,200,0,200,200,200,20,0,0,44,200
0,200,20,0,0,0,1,0,7,1,0,0,200,0,200,200,200,20,0,0,54,200
0,200,30,1,2,0,1,10,5,2,0,0,0,0,200,200,200,18,200,0,56,200
0,200,30,1,2,0,1,10,5,2,0,0,0,0,200,200,200,18,200,0,33,200
4,200,30,0,0,0,1,8,5,200,0,0,0,0,200,200,200,0,200,0,23,200
0,200,30,0,0,0,1,8,5,200,0,0,0,0,200,200,200,0,200,0,70,200
1,200,30,0,0,0,1,8,5,200,0,0,0,0,200,200,200,0,200,1,200,200
0,200,30,1,2,0,1,10,5,2,0,0,0,0,1,200,200,0,0,1,21,200
0,200,30,1,2,0,1,10,5,2,0,0,0,0,1,200,200,0,0,1,28,200
1,200,30,1,2,0,1,10,5,2,0,0,0,0,1,200,200,0,0,0,67,200
0,200,30,0,0,0,1,7,6,200,0,0,0,0,200,200,1,0,0,0,200,200
4,200,30,0,0,0,1,8,5,200,0,0,0,0,200,200,0,0,0,0,200,200
1,200,30,0,0,0,1,8,5,200,0,0,0,0,200,200,0,0,0,0,200,200
1,200,30,0,0,0,1,8,5,200,0,0,0,0,200,200,0,0,0,1,200,200
1,200,30,0,0,0,1,8,5,200,0,0,0,0,200,200,0,0,0,0,200,200
0,200,30,0,0,0,1,14,5,200,0,0,0,1,1,200,200,23,200,0,35,200
0,200,30,0,0,0,1,14,5,200,0,0,0,1,1,200,200,23,200,1,49,200
0,200,35,200,200,0,1,7,12,200,0,0,200,0,200,200,1,200,200,2,200,200
0,200,30,0,0,0,1,12,5,2,0,0,200,0,200,200,200,22,200,0,200,200
0,200,30,0,0,0,1,12,5,2,0,0,200,0,200,200,200,22,200,0,37,200
1,200,30,0,0,0,1,12,5,2,0,0,200,0,200,200,200,22,200,0,11,200
1,200,30,0,0,0,1,12,5,2,0,0,200,0,200,200,200,22,200,0,31,200
1,200,30,0,0,0,1,12,5,2,0,0,200,0,200,200,200,22,200,0,0,200
0,200,30,0,0,0,1,12,5,2,0,0,0,0,200,200,200,0,200,0,54,200
0,200,30,0,0,0,1,12,5,2,0,0,0,0,200,200,200,0,200,1,46,200
1,200,30,0,0,0,1,12,5,2,0,0,0,0,200,200,200,0,200,1,200,200
1,200,30,0,0,0,1,12,5,2,0,0,0,0,200,200,200,0,200,0,200,200
1,200,30,0,0,0,1,12,5,2,0,0,0,0,200,200,200,0,200,1,200,200
1,200,30,0,0,0,1,12,5,2,0,0,0,0,200,200,200,0,200,0,200,200
1,200,30,0,0,0,1,12,5,2,0,0,0,0,200,200,200,0,200,1,200,200
0,200,30,0,0,0,1,7,7,2,0,0,0,0,200,200,1,25,200,2,200,200
0,200,30,200,200,0,1,10,7,200,0,0,200,0,200,200,200,0,200,1,69,200
0,200,30,200,200,0,1,10,7,200,0,0,200,0,200,200,200,0,200,0,52,200
0,200,30,0,0,0,1,12,5,200,0,0,0,1,200,200,1,16,16,0,200,200
0,200,30,0,0,0,1,12,5,200,0,0,0,1,200,200,1,16,16,1,23,200
1,200,30,0,0,0,1,12,5,200,0,0,0,1,200,200,1,16,16,0,200,200
0,200,30,0,0,0,1,8,5,2,0,0,0,1,200,200,200,200,200,1,52,200
4,200,30,0,0,0,1,8,5,2,0,0,0,1,200,200,200,200,200,0,24,200
0,200,25,0,0,0,1,11,2,2,0,0,0,1,200,200,200,20,17,1,22,200
0,200,25,0,0,0,1,11,2,2,0,0,0,1,200,200,200,20,17,0,35,200
0,200,30,1,2,0,1,10,3,2,0,0,200,0,200,200,200,0,0,0,30,200
0,200,30,1,2,0,1,10,3,2,0,0,200,0,200,200,200,0,0,0,63,200
4,200,35,0,0,0,1,8,3,200,0,0,0,1,200,200,200,0,0,0,58,200
0,200,35,0,0,0,1,8,3,200,0,0,0,1,200,200,200,0,0,1,51,200
0,200,30,200,200,200,200,10,200,200,0,200,200,0,200,200,200,0,200,0,200,200
0,200,30,200,200,200,200,10,200,200,0,200,200,0,200,200,200,0,200,0,79,200
0,200,20,1,2,0,1,14,5,2,0,0,0,1,1,200,200,0,0,1,30,200
0,200,20,1,2,0,1,14,5,2,0,0,0,1,1,200,200,0,0,0,55,200
1,200,20,1,2,0,1,14,5,2,0,0,0,1,1,200,200,0,0,1,52,200
1,200,20,1,2,0,1,14,5,2,0,0,0,1,1,200,200,0,0,0,7,200
1,200,20,1,2,0,1,14,5,2,0,0,0,1,1,200,200,0,0,1,3,200
0,200,10,0,0,0,1,7,7,200,0,0,0,0,200,200,200,0,0,1,74,200
0,200,30,1,2,0,1,10,2,2,0,0,200,0,1,200,200,200,200,1,44,200
0,200,30,1,2,0,1,10,2,2,0,0,200,0,1,200,200,200,200,0,73,200
1,200,30,1,2,0,1,10,2,2,0,0,200,0,1,200,200,200,200,0,17,200
1,200,30,1,2,0,1,10,2,2,0,0,200,0,1,200,200,200,200,0,21,200
1,200,30,1,2,0,1,10,2,2,0,0,200,0,1,200,200,200,200,0,13,200
0,200,30,0,0,0,1,10,5,200,0,0,0,0,200,200,200,0,200,1,60,200
0,200,30,0,0,0,1,10,5,200,0,0,0,0,200,200,200,0,200,0,62,200
0,200,30,0,0,0,1,14,2,2,0,0,0,0,200,200,200,23,23,1,50,200
0,200,30,0,0,0,1,14,2,2,0,0,0,0,200,200,200,23,23,1,69,200
0,200,30,0,0,0,1,7,5,200,0,0,0,0,200,200,200,0,0,0,26,200
0,200,35,0,0,0,1,10,3,4,0,0,0,0,200,200,200,18,200,1,28,200
0,200,35,0,0,0,1,10,3,4,0,0,0,0,200,200,200,18,200,0,37,200
0,200,30,2,2,0,1,0,2,200,0,0,0,0,1,200,200,5,200,0,51,200
0,200,30,2,2,0,1,0,2,200,0,0,0,0,1,200,200,5,200,0,57,200
0,200,5,0,0,0,1,7,0,200,0,0,0,0,200,200,200,20,200,0,26,200
0,200,25,0,0,0,1,7,6,200,0,0,0,1,200,200,0,0,200,2,200,200
0,200,30,0,0,0,4,14,6,1,0,0,0,0,200,200,200,17,11,0,22,200
0,200,30,0,0,0,4,14,6,1,0,0,0,0,200,200,200,17,11,1,36,200
0,200,30,0,0,0,1,11,5,200,0,0,0,0,200,200,200,0,0,1,25,200
0,200,30,0,0,0,1,11,5,200,0,0,0,0,200,200,200,0,0,0,58,200
0,200,30,1,2,0,1,10,5,200,0,0,0,0,200,200,1,18,16,0,200,200
0,200,30,1,2,0,1,10,5,200,0,0,0,0,200,200,1,18,16,0,25,200
0,200,30,0,0,0,1,12,3,3,0,0,200,0,200,200,200,21,27,1,53,200
0,200,30,0,0,0,1,12,3,3,0,0,200,0,200,200,200,21,27,1,28,200
0,200,30,0,0,0,1,7,5,2,0,0,200,0,200,200,1,0,200,1,200,200
1,200,30,0,0,0,1,7,5,2,0,0,200,0,200,200,1,0,200,2,200,200
0,200,30,0,0,0,1,14,5,200,0,0,0,0,200,200,200,0,0,0,200,200
0,200,30,0,0,0,1,14,5,200,0,0,0,0,200,200,200,0,0,0,19,200
0,200,20,0,0,0,1,7,6,1,0,0,0,0,200,200,1,0,200,2,200,200
0,200,30,0,0,0,4,10,5,200,0,0,0,0,200,200,200,0,0,0,20,200
0,200,30,0,0,0,4,10,5,200,0,0,0,0,200,200,200,0,0,0,53,200
0,200,35,1,200,0,1,14,3,200,0,0,200,1,1,200,200,200,200,0,40,200
0,200,35,1,200,0,1,14,3,200,0,0,200,1,1,200,200,200,200,1,18,200
1,200,35,1,200,0,1,14,3,200,0,0,200,1,1,200,200,200,200,2,200,200
1,200,35,1,200,0,1,14,3,200,0,0,200,1,1,200,200,200,200,2,200,200
1,200,35,1,200,0,1,14,3,200,0,0,200,1,1,200,200,200,200,2,200,200
1,200,35,1,200,0,1,14,3,200,0,0,200,1,1,200,200,200,200,2,200,200
0,200,35,1,2,0,4,10,3,6,0,0,0,0,1,200,200,0,200,0,54,200
0,200,35,1,2,0,4,10,3,6,0,0,0,0,1,200,200,0,200,1,60,200
1,200,35,1,2,0,4,10,3,6,0,0,0,0,1,200,200,0,200,1,200,200
0,200,30,0,0,0,3,7,5,4,0,0,0,1,200,200,200,0,200,0,90,200
0,200,30,1,2,0,3,10,5,2,0,0,0,0,0,200,200,18,0,0,57,200
0,200,30,1,2,0,3,10,5,2,0,0,0,0,0,200,200,18,0,0,33,200
1,200,30,1,2,0,3,10,5,2,0,0,0,0,0,200,200,18,0,1,33,200
0,200,35,0,0,0,3,10,5,2,0,0,0,0,200,200,200,22,200,0,33,200
0,200,35,0,0,0,3,10,5,2,0,0,0,0,200,200,200,22,200,0,44,200
1,200,35,0,0,0,3,10,5,2,0,0,0,0,200,200,200,22,200,1,25,200
1,200,35,0,0,0,3,10,5,2,0,0,0,0,200,200,200,22,200,0,26,200
1,200,35,0,0,0,3,10,5,2,0,0,0,0,200,200,200,22,200,1,41,200
0,200,30,0,0,0,3,12,2,2,0,0,0,1,200,200,200,22,0,0,40,200
0,200,30,0,0,0,3,12,2,2,0,0,0,1,200,200,200,22,0,1,57,200
1,200,30,0,0,0,3,12,2,2,0,0,0,1,200,200,200,22,0,0,34,200
1,200,30,0,0,0,3,12,2,2,0,0,0,1,200,200,200,22,0,0,200,200
1,200,30,0,0,0,3,12,2,2,0,0,0,1,200,200,200,22,0,1,53,200
0,200,30,1,2,0,1,7,5,2,0,0,0,0,200,200,200,0,200,0,34,200
0,200,30,0,0,0,2,7,5,2,0,0,200,0,200,200,1,0,200,0,200,200
0,200,5,0,0,0,3,10,7,200,0,0,0,0,200,200,200,16,200,0,19,200
0,200,5,0,0,0,3,10,7,200,0,0,0,0,200,200,200,16,200,1,31,200
1,200,5,0,0,0,3,10,7,200,0,0,0,0,200,200,200,16,200,1,4,200
1,200,5,0,0,0,3,10,7,200,0,0,0,0,200,200,200,16,200,0,5,200
1,200,5,0,0,0,3,10,7,200,0,0,0,0,200,200,200,16,200,0,19,200
1,200,5,0,0,0,3,10,7,200,0,0,0,0,200,200,200,16,200,0,19,200
1,200,5,0,0,0,3,10,7,200,0,0,0,0,200,200,200,16,200,0,20,200
1,200,5,0,0,0,3,10,7,200,0,0,0,0,200,200,200,16,200,0,16,200
0,200,20,0,0,0,1,12,3,2,0,0,200,0,200,200,200,22,200,0,17,200
0,200,20,0,0,0,1,12,3,2,0,0,200,0,200,200,200,22,200,1,50,200
0,200,30,0,0,0,3,7,6,200,0,0,0,0,200,200,200,20,200,1,58,200
0,200,35,0,0,0,3,10,7,1,0,0,200,1,200,200,1,20,25,0,200,200
0,200,35,0,0,0,3,10,7,1,0,0,200,1,200,200,1,20,25,1,22,200
1,200,35,0,0,0,3,10,7,1,0,0,200,1,200,200,1,20,25,0,200,200
1,200,35,0,0,0,3,10,7,1,0,0,200,1,200,200,1,20,25,1,22,200
0,200,30,2,0,0,0,12,2,2,0,0,0,0,200,200,1,22,21,0,200,200
0,200,30,2,0,0,0,12,2,2,0,0,0,0,200,200,1,22,21,0,52,200
0,200,30,1,2,2,3,0,6,1,0,0,0,1,1,200,200,6,0,0,19,200
0,200,30,1,2,2,3,0,6,1,0,0,0,1,1,200,200,6,0,0,44,200
1,200,30,1,2,2,3,0,6,1,0,0,0,1,1,200,200,6,0,1,63,200
0,200,30,0,0,0,3,7,6,3,0,0,0,0,200,200,0,20,11,2,200,200
0,200,30,3,2,0,0,7,5,2,0,0,0,0,200,200,200,21,0,0,48,200
0,200,20,0,0,0,1,7,6,1,0,0,0,0,200,200,200,20,0,0,33,200
0,200,30,0,0,0,1,12,2,200,0,0,0,0,200,200,1,0,200,2,200,200
0,200,30,0,0,0,1,12,2,200,0,0,0,0,200,200,1,0,200,1,29,200
0,1,30,0,0,0,3,12,5,2,0,0,0,0,200,200,200,22,0,0,64,200
0,1,30,0,0,0,3,12,5,2,0,0,0,0,200,200,200,22,0,0,75,200
1,1,30,0,0,0,3,12,5,2,0,0,0,0,200,200,200,22,0,1,61,200
0,200,30,1,2,0,3,14,2,4,0,0,0,1,1,200,200,0,0,0,38,200
0,200,30,200,200,0,0,10,5,200,0,0,0,0,0,200,200,18,18,1,21,200
0,200,30,200,200,0,0,10,5,200,0,0,0,0,0,200,200,18,18,0,29,200
0,200,30,0,0,0,1,10,6,200,0,0,0,0,200,200,200,20,0,0,55,200
0,200,30,0,0,0,1,10,6,200,0,0,0,0,200,200,200,20,0,1,27,200
1,200,30,0,0,0,1,10,6,200,0,0,0,0,200,200,200,20,0,1,49,200
1,200,30,0,0,0,1,10,6,200,0,0,0,0,200,200,200,20,0,1,18,200
0,200,30,1,2,0,3,0,5,4,0,0,0,1,1,200,200,6,0,1,51,200
0,200,30,1,2,0,3,0,5,4,0,0,0,1,1,200,200,6,0,1,43,200
1,200,30,1,2,0,3,0,5,4,0,0,0,1,1,200,200,6,0,1,15,200
1,200,30,1,2,0,3,0,5,4,0,0,0,1,1,200,200,6,0,0,8,200
1,200,30,1,2,0,3,0,5,4,0,0,0,1,1,200,200,6,0,0,71,200
1,200,30,1,2,0,3,0,5,4,0,0,0,1,1,200,200,6,0,1,68,200
1,200,30,1,2,0,3,0,5,4,0,0,0,1,1,200,200,6,0,1,12,200
1,200,30,1,2,0,3,0,5,4,0,0,0,1,1,200,200,6,0,0,32,200
0,200,25,0,0,0,0,7,5,2,0,0,0,1,200,200,200,0,200,0,23,200
1,200,25,0,0,0,0,7,5,2,0,0,0,1,200,200,200,0,200,1,16,200
0,200,30,1,2,0,0,10,6,3,0,0,0,0,200,200,1,18,200,2,200,200
0,200,30,1,2,0,0,10,6,3,0,0,0,0,200,200,1,18,200,1,51,200
1,200,30,1,2,0,0,10,6,3,0,0,0,0,200,200,1,18,200,0,200,200
0,1,30,1,2,0,0,14,5,2,0,0,0,0,200,200,200,17,17,1,29,200
0,1,30,1,2,0,0,14,5,2,0,0,0,0,200,200,200,17,17,0,62,200
0,200,30,0,0,0,3,5,5,200,0,0,4,1,200,200,200,0,0,0,41,200
0,200,30,1,2,0,3,10,2,4,0,0,0,0,1,200,200,18,0,0,52,200
0,200,30,1,2,0,3,10,2,4,0,0,0,0,1,200,200,18,0,0,46,200
0,200,30,1,2,0,0,10,5,200,0,0,0,0,1,200,200,18,18,1,40,200
0,200,30,1,2,0,0,10,5,200,0,0,0,0,1,200,200,18,18,1,43,200
0,200,15,0,0,0,4,7,0,1,0,0,0,0,200,200,1,0,200,2,200,200
0,200,30,1,2,0,3,8,2,2,0,0,0,0,1,200,200,17,200,0,71,200
4,200,30,1,2,0,3,8,2,2,0,0,0,0,1,200,200,17,200,0,200,200
0,200,30,2,2,0,3,14,5,2,0,0,0,1,200,200,200,17,200,2,200,200
0,200,30,2,2,0,3,14,5,2,0,0,0,1,200,200,200,17,200,0,23,200
1,200,30,2,2,0,3,14,5,2,0,0,0,1,200,200,200,17,200,0,25,200
1,200,30,2,2,0,3,14,5,2,0,0,0,1,200,200,200,17,200,1,27,200
1,200,30,2,2,0,3,14,5,2,0,0,0,1,200,200,200,17,200,0,41,200
1,200,30,2,2,0,3,14,5,2,0,0,0,1,200,200,200,17,200,200,200,200
0,200,35,0,0,0,3,9,2,4,0,0,200,1,200,200,1,16,0,1,200,200
5,200,35,0,0,0,3,9,2,4,0,0,200,1,200,200,1,16,0,1,42,200
0,200,30,0,0,0,3,7,6,200,0,0,0,1,200,200,1,25,200,0,28,200
4,200,30,200,200,200,3,8,2,2,0,200,200,0,200,200,200,0,0,1,200,200
0,200,30,200,200,200,3,8,2,2,0,200,200,0,200,200,200,0,0,1,33,200
0,200,35,0,0,0,3,7,5,2,0,0,0,1,200,200,1,0,0,2,200,200
1,200,35,0,0,0,3,7,5,2,0,0,0,1,200,200,1,0,0,1,38,200
0,200,30,0,0,0,3,11,2,200,0,0,0,1,200,200,1,0,200,2,200,200
0,200,30,0,0,0,3,11,2,200,0,0,0,1,200,200,1,0,200,0,30,200
1,200,30,0,0,0,3,11,2,200,0,0,0,1,200,200,1,0,200,1,38,200
0,200,30,1,2,0,3,10,2,2,0,0,0,1,1,200,1,16,200,0,200,200
0,200,30,1,2,0,3,10,2,2,0,0,0,1,1,200,1,16,200,0,53,200
1,200,30,1,2,0,3,10,2,2,0,0,0,1,1,200,1,16,200,1,49,200
0,200,30,1,200,0,3,14,5,2,0,200,200,0,1,200,200,23,21,0,27,200
0,200,30,1,200,0,3,14,5,2,0,200,200,0,1,200,200,23,21,0,21,200
0,200,30,0,0,0,3,12,5,4,0,0,0,0,200,200,1,22,25,2,200,200
0,200,30,0,0,0,3,12,5,4,0,0,0,0,200,200,1,22,25,1,50,200
0,200,30,0,0,0,0,9,5,2,0,0,0,1,1,200,200,17,200,0,75,200
5,200,30,0,0,0,0,9,5,2,0,0,0,1,1,200,200,17,200,0,18,200
1,200,30,0,0,0,0,9,5,2,0,0,0,1,1,200,200,17,200,0,47,200
1,200,30,0,0,0,0,9,5,2,0,0,0,1,1,200,200,17,200,1,46,200
0,200,30,1,2,0,3,12,5,4,0,0,0,0,200,200,200,23,22,0,50,200
0,200,30,1,2,0,3,12,5,4,0,0,0,0,200,200,200,23,22,0,23,200
0,200,45,0,0,0,3,12,3,8,0,0,0,0,200,200,200,17,21,0,52,200
0,200,45,0,0,0,3,12,3,8,0,0,0,0,200,200,200,17,21,0,26,200
0,200,30,1,2,0,3,14,3,200,0,0,0,1,1,200,200,6,200,1,52,200
0,200,30,1,2,0,3,14,3,200,0,0,0,1,1,200,200,6,200,1,24,200
0,200,30,0,0,0,0,14,5,200,0,0,0,1,200,200,200,23,200,0,29,200
0,200,30,0,0,0,0,14,5,200,0,0,0,1,200,200,200,23,200,0,33,200
1,200,30,0,0,0,0,14,5,200,0,0,0,1,200,200,200,23,200,1,29,200
0,200,35,0,0,0,3,14,5,2,0,0,0,1,1,200,0,14,14,0,200,200
0,200,35,0,0,0,3,14,5,2,0,0,0,1,1,200,0,14,14,0,54,200
0,200,10,0,0,0,3,0,7,200,0,0,0,1,200,200,1,0,200,0,200,200
0,200,10,0,0,0,3,0,7,200,0,0,0,1,200,200,1,0,200,0,59,200
0,200,30,0,0,0,3,12,6,2,0,0,0,0,200,1,200,7,200,0,53,200
0,200,30,0,0,0,3,12,6,2,0,0,0,0,200,1,200,7,200,1,39,200
1,200,30,0,0,0,3,12,6,2,0,0,0,0,200,1,200,7,200,0,45,200
0,200,30,1,2,0,4,9,2,4,0,0,0,1,1,200,200,17,0,0,29,200
5,200,30,1,2,0,4,9,2,4,0,0,0,1,1,200,200,17,0,1,22,200
0,200,30,2,2,0,3,14,5,2,0,0,0,1,1,200,200,14,32,0,24,0.11
0,200,30,2,2,0,3,14,5,2,0,0,0,1,1,200,200,14,32,0,42,200
1,200,30,2,2,0,3,14,5,2,0,0,0,1,1,200,200,14,32,200,200,200
0,200,30,200,200,0,0,3,5,200,0,0,0,1,200,200,200,10,16,0,17,200
0,200,30,200,200,0,0,3,5,200,0,0,0,1,200,200,200,10,16,0,20,200
1,200,30,200,200,0,0,3,5,200,0,0,0,1,200,200,200,10,16,0,16,200
1,200,30,200,200,0,0,3,5,200,0,0,0,1,200,200,200,10,16,1,19,200
0,200,25,0,0,0,3,10,5,2,0,0,200,0,200,200,200,18,0,0,30,200
0,200,25,0,0,0,3,10,5,2,0,0,200,0,200,200,200,18,0,0,36,200
1,200,25,0,0,0,3,10,5,2,0,0,200,0,200,200,200,18,0,0,35,200
0,200,30,0,0,0,3,7,12,1,0,0,0,1,200,200,1,16,200,1,200,200
0,200,30,0,0,0,3,12,5,200,0,0,0,0,200,200,200,17,200,0,57,200
0,200,30,0,0,0,3,12,5,200,0,0,0,0,200,200,200,17,200,0,27,200
0,200,30,1,2,0,3,10,2,200,0,0,0,0,200,200,200,0,0,0,40,200
0,200,30,1,2,0,3,10,2,200,0,0,0,0,200,200,200,0,0,0,200,200
0,200,30,0,0,0,3,5,5,2,0,0,0,0,200,200,200,0,200,1,20,200
4,200,30,0,0,0,3,8,5,200,0,0,0,0,200,200,200,200,200,1,200,200
1,200,30,0,0,0,3,8,5,200,0,0,0,0,200,200,200,200,200,0,200,200
1,200,30,0,0,0,3,8,5,200,0,0,0,0,200,200,200,200,200,1,34,200
0,200,30,0,0,0,1,2,5,2,0,0,0,1,200,200,200,25,16,0,34,200
1,200,30,0,0,0,1,2,5,2,0,0,0,1,200,200,200,25,16,0,200,200
0,200,30,0,0,0,3,14,5,2,0,0,200,1,200,200,1,11,0,0,200,200
0,200,30,0,0,0,3,14,5,2,0,0,200,1,200,200,1,11,0,1,19,200
1,200,30,0,0,0,3,14,5,2,0,0,200,1,200,200,1,11,0,1,13,200
0,200,30,2,2,0,3,14,5,2,0,0,0,1,1,200,1,25,23,0,200,200
0,200,30,2,2,0,3,14,5,2,0,0,0,1,1,200,1,25,23,0,20,200
1,200,30,2,2,0,3,14,5,2,0,0,0,1,1,200,1,25,23,1,200,200
1,200,30,2,2,0,3,14,5,2,0,0,0,1,1,200,1,25,23,0,200,200
1,200,30,2,2,0,3,14,5,2,0,0,0,1,1,200,1,25,23,1,200,200
0,200,25,0,0,0,3,7,6,1,0,0,0,0,200,200,200,20,200,0,34,200