PERSON_TYPE,CRASH_DATE_EST_I,POSTED_SPEED_LIMIT,TRAFFIC_CONTROL_DEVICE,DEVICE_CONDITION,WEATHER_CONDITION,LIGHTING_CONDITION,FIRST_CRASH_TYPE,TRAFFICWAY_TYPE,LANE_CNT,ALIGNMENT,ROADWAY_SURFACE_COND,ROAD_DEFECT,CRASH_TYPE,INTERSECTION_RELATED_I,NOT_RIGHT_OF_WAY_I,HIT_AND_RUN_I,PRIM_CONTRIBUTORY_CAUSE,SEC_CONTRIBUTORY_CAUSE,SEX,AGE,BAC_RESULT VALUE
0,200,20,0,12,0,3,10,6,1,0,0,3,0,200,200,200,19,11,0,200,200
0,200,20,0,12,0,3,10,6,1,0,0,3,0,200,200,200,19,11,0,49,200
0,200,30,0,0,0,3,3,5,4,1,0,0,1,200,200,200,32,25,0,30,200
0,200,30,0,0,0,3,3,5,4,1,0,0,1,200,200,200,32,25,0,80,200
0,200,30,0,0,0,3,3,5,4,1,0,0,1,200,200,200,32,25,0,45,200
0,200,30,0,0,0,3,3,5,4,1,0,0,1,200,200,200,32,25,0,63,200
1,200,30,0,0,0,3,3,5,4,1,0,0,1,200,200,200,32,25,200,200,200
1,200,30,0,0,0,3,3,5,4,1,0,0,1,200,200,200,32,25,0,50,200
1,200,30,0,0,0,3,3,5,4,1,0,0,1,200,200,200,32,25,1,60,200
0,200,30,0,0,0,3,3,5,4,0,0,0,0,200,200,200,20,25,2,200,200
0,200,30,0,0,0,3,3,5,4,0,0,0,0,200,200,200,20,25,0,40,200
0,200,30,1,2,0,3,12,5,2,0,0,200,0,200,200,200,17,8,0,19,200
0,200,30,1,2,0,3,12,5,2,0,0,200,0,200,200,200,17,8,0,28,200
1,200,30,1,2,0,3,12,5,2,0,0,200,0,200,200,200,17,8,1,200,200
1,200,30,1,2,0,3,12,5,2,0,0,200,0,200,200,200,17,8,1,200,200
0,200,30,0,0,0,3,12,6,2,0,0,0,0,200,200,200,23,21,1,26,200
0,200,30,0,0,0,3,12,6,2,0,0,0,0,200,200,200,23,21,0,46,200
1,200,30,0,0,0,3,12,6,2,0,0,0,0,200,200,200,23,21,1,23,200
0,200,30,1,0,0,3,7,2,2,0,0,0,0,0,200,200,14,16,1,21,200
1,200,30,1,0,0,3,7,2,2,0,0,0,0,0,200,200,14,16,1,50,200
0,200,30,0,0,0,3,2,3,1,0,0,0,1,200,200,200,0,200,1,19,200
0,200,30,1,2,0,3,10,6,200,0,0,0,0,1,200,200,200,200,2,200,200
0,200,30,1,2,0,3,10,6,200,0,0,0,0,1,200,200,200,200,0,56,200
0,200,30,0,0,0,3,0,12,1,0,0,0,0,1,200,1,16,200,0,200,200
0,200,30,0,0,0,3,0,12,1,0,0,0,0,1,200,1,16,200,1,24,200
0,200,20,1,2,0,3,14,2,2,0,0,0,0,200,200,200,18,0,0,57,200
0,200,20,1,2,0,3,14,2,2,0,0,0,0,200,200,200,18,0,1,26,200
0,200,30,0,0,0,3,6,12,2,0,0,0,1,1,200,200,21,200,0,27,200
0,0,30,2,2,0,0,7,5,200,0,0,0,1,1,200,1,32,19,0,49,200
0,200,30,1,2,0,3,12,5,200,0,0,0,0,1,200,200,21,200,0,22,200
0,200,30,1,2,0,3,12,5,200,0,0,0,0,1,200,200,21,200,0,35,200
1,200,30,1,2,0,3,12,5,200,0,0,0,0,1,200,200,21,200,1,200,200
0,200,30,0,0,0,3,12,5,1,0,0,0,0,200,200,1,0,200,1,200,200
0,200,30,0,0,0,3,12,5,1,0,0,0,0,200,200,1,0,200,1,58,200
0,200,25,0,0,0,3,7,6,200,0,0,0,0,200,200,1,0,0,2,200,200
0,200,30,1,2,0,3,0,5,2,0,0,0,1,1,200,200,200,200,0,26,200
0,200,30,1,2,0,3,0,5,2,0,0,0,1,1,200,200,200,200,0,20,200
0,200,10,0,0,0,1,7,5,200,0,0,0,0,200,200,200,16,0,1,200,200
0,200,30,2,2,0,3,14,5,2,0,0,0,1,1,200,200,16,11,1,22,200
0,200,30,2,2,0,3,14,5,2,0,0,0,1,1,200,200,16,11,0,28,200
0,200,30,0,0,0,3,9,6,1,0,0,0,1,200,200,200,11,17,1,200,200
5,200,30,0,0,0,3,9,6,1,0,0,0,1,200,200,200,11,17,1,51,200
0,200,30,9,0,0,3,2,12,1,0,0,0,1,200,200,200,25,0,0,200,200
0,200,35,1,2,0,200,0,5,4,0,0,0,1,1,200,200,6,3,0,28,200
0,200,35,1,2,0,200,0,5,4,0,0,0,1,1,200,200,6,3,1,31,200
1,200,35,1,2,0,200,0,5,4,0,0,0,1,1,200,200,6,3,0,39,200
1,200,35,1,2,0,200,0,5,4,0,0,0,1,1,200,200,6,3,0,8,200
1,200,35,1,2,0,200,0,5,4,0,0,0,1,1,200,200,6,3,1,6,200
1,200,35,1,2,0,200,0,5,4,0,0,0,1,1,200,200,6,3,1,4,200
0,1,30,0,0,0,3,2,5,2,0,0,0,1,200,200,200,16,0,0,67,200
0,200,30,200,200,0,3,7,6,1,0,200,200,0,200,200,200,0,0,1,29,200
0,200,25,0,0,0,3,7,6,200,0,0,0,1,200,200,200,0,0,0,54,200
0,1,35,0,0,0,0,7,5,2,0,0,0,0,200,200,200,0,0,0,30,200
1,200,30,0,0,0,3,14,2,2,0,0,0,0,200,200,200,0,0,1,17,200
0,200,30,0,0,0,3,14,2,2,0,0,0,0,200,200,200,0,0,0,31,200
0,200,30,0,0,0,3,14,2,2,0,0,0,0,200,200,200,0,0,1,31,200
1,200,30,0,0,0,3,14,2,2,0,0,0,0,200,200,200,0,0,0,28,200
1,200,30,0,0,0,3,14,2,2,0,0,0,0,200,200,200,0,0,1,18,200
0,200,30,0,0,0,3,12,6,2,0,200,200,0,200,200,1,22,200,1,200,200
0,200,30,0,0,0,3,12,6,2,0,200,200,0,200,200,1,22,200,0,42,200
0,200,5,0,0,0,3,2,7,200,0,0,0,0,200,200,200,20,20,0,200,200
0,200,30,0,0,0,3,7,5,200,0,0,0,1,200,200,200,22,200,1,30,200
1,200,30,0,0,0,3,7,5,200,0,0,0,1,200,200,200,22,200,0,30,200
0,200,30,2,0,0,3,7,6,1,0,0,200,1,200,200,200,16,16,1,18,200
1,200,30,2,0,0,3,7,6,1,0,0,200,1,200,200,200,16,16,1,200,200
1,200,30,2,0,0,3,7,6,1,0,0,200,1,200,200,200,16,16,1,11,200
1,200,30,2,0,0,3,7,6,1,0,0,200,1,200,200,200,16,16,200,200,200
0,200,30,1,2,0,3,0,2,4,0,0,0,1,1,200,200,16,0,1,27,200
0,200,30,1,2,0,3,0,2,4,0,0,0,1,1,200,200,16,0,1,44,200
0,200,30,200,200,0,3,10,5,200,0,0,0,1,200,200,200,27,16,0,40,200
0,200,30,200,200,0,3,10,5,200,0,0,0,1,200,200,200,27,16,0,32,200
0,200,30,0,0,0,3,7,3,200,0,0,0,1,200,200,200,0,200,0,35,200
0,200,30,0,0,0,3,7,3,200,0,0,0,1,200,200,200,0,200,0,53,200
0,200,25,0,0,0,3,10,5,200,0,0,0,0,200,200,200,17,17,0,27,200
0,200,25,0,0,0,3,10,5,200,0,0,0,0,200,200,200,17,17,1,61,200
0,200,30,0,0,0,3,7,2,2,0,0,0,1,200,200,200,0,0,0,38,200
0,200,30,0,200,0,3,5,5,2,0,0,0,1,200,200,200,0,0,0,47,200
0,200,30,1,2,0,4,0,5,200,0,0,0,0,1,200,1,6,200,2,200,200
0,200,30,1,2,0,4,0,5,200,0,0,0,0,1,200,1,6,200,0,27,200
0,200,30,0,0,0,2,2,5,200,0,0,0,1,200,1,200,0,200,0,20,0.06
1,200,30,0,0,0,2,2,5,200,0,0,0,1,200,1,200,0,200,1,24,200
0,1,30,0,0,0,200,7,5,1,0,0,0,0,200,200,1,0,0,2,200,200
0,200,35,0,0,0,1,7,6,1,0,0,0,0,200,200,200,21,21,0,35,200
0,1,30,0,0,200,200,7,6,200,0,200,0,1,200,200,1,0,200,1,200,200
0,200,30,2,2,0,1,14,12,0,0,0,0,1,1,200,0,5,11,1,22,200
0,200,30,2,2,0,1,14,12,0,0,0,0,1,1,200,0,5,11,0,68,200
1,200,30,2,2,0,1,14,12,0,0,0,0,1,1,200,0,5,11,1,20,200
1,200,30,2,2,0,1,14,12,0,0,0,0,1,1,200,0,5,11,0,200,200
0,200,30,1,2,0,1,14,5,4,0,0,0,1,1,200,200,17,200,1,25,200
0,200,30,1,2,0,1,14,5,4,0,0,0,1,1,200,200,17,200,1,46,200
0,200,30,0,0,0,1,0,5,2,0,0,0,1,200,200,1,17,16,0,200,200
0,200,30,0,0,0,1,0,5,2,0,0,0,1,200,200,1,17,16,0,20,200
0,200,25,200,2,0,1,10,5,2,0,0,0,1,200,200,200,17,0,0,31,200
0,200,25,200,2,0,1,10,5,2,0,0,0,1,200,200,200,17,0,0,25,200
0,200,30,1,2,0,1,14,5,2,0,0,0,0,1,200,200,17,11,1,21,200
0,200,30,1,2,0,1,14,5,2,0,0,0,0,1,200,200,17,11,0,43,200
1,200,30,1,2,0,1,14,5,2,0,0,0,0,1,200,200,17,11,1,21,200
1,200,30,1,2,0,1,14,5,2,0,0,0,0,1,200,200,17,11,1,20,200
0,200,30,1,2,0,1,10,5,4,0,0,0,0,200,200,200,0,200,0,23,200
0,200,30,1,2,0,1,10,5,4,0,0,0,0,200,200,200,0,200,1,52,200
1,200,30,1,2,0,1,10,5,4,0,0,0,0,200,200,200,0,200,1,200,200
0,200,30,0,0,0,1,7,2,200,0,0,0,1,200,200,1,33,0,2,200,200
0,0,30,200,12,0,1,7,6,1,0,0,0,0,200,200,1,0,200,2,200,200
0,200,30,0,0,0,3,7,5,4,0,0,0,1,200,200,1,0,0,1,23,200
0,200,0,0,0,0,1,7,5,2,0,200,200,0,200,200,1,0,0,2,200,200
0,200,30,0,0,0,2,7,6,1,0,0,0,1,200,200,1,200,200,2,200,200
1,200,30,0,0,0,2,7,6,1,0,0,0,1,200,200,1,200,200,2,200,200
0,200,10,2,2,0,1,7,7,2,0,0,0,0,200,200,1,17,200,0,200,200
1,200,10,2,2,0,1,7,7,2,0,0,0,0,200,200,1,17,200,1,42,200
0,1,30,0,0,0,200,7,6,1,0,0,0,0,200,200,1,0,200,0,200,200
0,1,20,0,0,200,3,7,5,2,0,200,0,0,200,200,1,0,0,2,200,200
0,200,15,0,0,0,1,7,5,2,0,0,0,0,200,200,200,21,200,0,40,200
0,200,35,1,2,0,1,10,12,200,0,0,0,0,200,200,200,11,0,0,200,200
0,200,35,1,2,0,1,10,12,200,0,0,0,0,200,200,200,11,0,0,200,200
0,200,20,0,0,0,1,7,6,200,0,0,0,0,200,200,200,18,11,0,65,200
0,200,30,0,0,0,1,14,5,200,0,0,0,1,200,200,200,23,200,1,81,200
0,200,30,0,0,0,1,14,5,200,0,0,0,1,200,200,200,23,200,0,26,200
0,200,30,1,2,0,1,10,5,4,0,0,0,0,1,200,200,18,16,0,46,200
0,200,30,1,2,0,1,10,5,4,0,0,0,0,1,200,200,18,16,0,70,200
0,200,30,0,0,200,3,12,6,200,0,200,0,1,200,200,1,12,0,0,200,200
1,200,30,0,0,200,3,12,6,200,0,200,0,1,200,200,1,12,0,0,200,200
0,200,30,1,2,0,1,14,5,4,0,0,0,1,1,200,200,6,0,1,25,200
0,200,30,1,2,0,1,14,5,4,0,0,0,1,1,200,200,6,0,1,47,200
1,200,30,1,2,0,1,14,5,4,0,0,0,1,1,200,200,6,0,1,58,200
1,200,30,1,2,0,1,14,5,4,0,0,0,1,1,200,200,6,0,1,68,200
1,200,30,1,2,0,1,14,5,4,0,0,0,1,1,200,200,6,0,1,0,200
1,200,30,1,2,0,1,14,5,4,0,0,0,1,1,200,200,6,0,1,54,200
0,200,30,1,2,0,1,14,2,2,0,0,0,0,1,200,1,0,0,2,200,200
0,200,30,1,2,0,1,14,2,2,0,0,0,0,1,200,1,0,0,1,82,200
0,200,15,0,0,0,1,7,7,1,0,0,0,0,200,200,200,20,200,1,89,200
0,200,30,0,0,0,1,10,5,2,1,0,0,0,200,200,200,18,0,0,21,200
0,200,30,0,0,0,1,10,5,2,1,0,0,0,200,200,200,18,0,0,47,200
0,200,30,0,0,0,3,5,5,2,0,0,0,0,200,200,200,0,0,0,29,200
0,200,30,0,0,0,1,2,3,200,0,0,0,0,200,200,200,3,0,0,29,200
0,200,35,1,2,0,1,14,12,200,0,0,0,0,200,200,200,11,0,0,200,200
0,200,35,1,2,0,1,14,12,200,0,0,0,0,200,200,200,11,0,1,200,200
0,1,30,0,0,0,3,7,6,1,0,0,0,0,200,200,1,21,0,2,200,200
0,200,20,0,0,0,1,14,2,200,0,0,0,0,200,200,200,200,200,1,42,200
0,200,20,0,0,0,1,14,2,200,0,0,0,0,200,200,200,200,200,0,34,200
1,200,20,0,0,0,1,14,2,200,0,0,0,0,200,200,200,200,200,1,200,200
1,200,20,0,0,0,1,14,2,200,0,0,0,0,200,200,200,200,200,1,30,200
0,200,30,1,2,0,1,14,2,2,0,0,0,0,1,200,200,0,16,0,18,200
0,200,30,1,2,0,1,14,2,2,0,0,0,0,1,200,200,0,16,0,200,200
1,200,30,1,2,0,1,14,2,2,0,0,0,0,1,200,200,0,16,1,16,200
0,200,30,0,0,0,1,7,6,3,2,0,0,0,200,200,200,0,20,1,31,200
0,200,30,0,0,0,1,10,2,200,0,0,0,0,200,200,200,17,18,0,25,200
0,200,30,0,0,0,1,10,2,200,0,0,0,0,200,200,200,17,18,1,43,200
0,200,30,0,0,0,1,7,7,200,0,0,0,0,200,200,200,20,11,0,200,200
0,200,30,1,2,0,1,14,5,4,0,0,0,0,1,200,200,17,18,0,200,200
0,200,30,1,2,0,1,14,5,4,0,0,0,0,1,200,200,17,18,0,51,200
0,200,30,0,0,0,1,11,5,2,0,0,0,1,200,200,200,21,200,1,32,200
0,200,30,0,0,0,1,11,5,2,0,0,0,1,200,200,200,21,200,0,60,200
0,200,20,2,2,0,1,0,5,200,0,0,0,0,1,200,200,5,11,1,46,200
0,200,20,2,2,0,1,0,5,200,0,0,0,0,1,200,200,5,11,1,29,200
0,200,15,0,0,0,1,7,7,200,0,0,0,0,200,200,200,0,0,0,32,200
1,200,15,0,0,0,1,7,7,200,0,0,0,0,200,200,200,0,0,1,32,200
0,200,30,1,2,0,1,12,5,4,0,0,0,0,200,200,200,0,0,0,50,200
0,200,30,1,2,0,1,12,5,4,0,0,0,0,200,200,200,0,0,0,28,200
1,200,30,1,2,0,1,12,5,4,0,0,0,0,200,200,200,0,0,0,200,200
1,200,30,1,2,0,1,12,5,4,0,0,0,0,200,200,200,0,0,0,200,200
0,200,30,2,2,0,1,2,5,2,0,0,0,1,1,200,200,23,0,1,17,200
0,200,30,0,0,1,1,12,5,2,0,0,0,0,200,200,1,25,22,0,200,200
0,200,30,0,0,1,1,12,5,2,0,0,0,0,200,200,1,25,22,0,26,200
1,200,30,0,0,1,1,12,5,2,0,0,0,0,200,200,1,25,22,1,23,200
1,200,30,0,0,1,1,12,5,2,0,0,0,0,200,200,1,25,22,0,1,200
0,200,30,0,0,0,1,10,12,1,0,1,0,0,200,200,200,20,200,0,27,200
0,200,30,0,0,0,1,10,12,1,0,1,0,0,200,200,200,20,200,1,37,200
0,200,20,0,0,0,1,0,2,200,0,0,0,0,200,200,1,200,200,0,200,200
0,200,20,0,0,0,1,0,2,200,0,0,0,0,200,200,1,200,200,0,52,200
0,200,30,0,0,0,1,12,6,3,0,0,0,1,200,200,200,17,22,0,43,200
0,200,30,0,0,0,1,12,6,3,0,0,0,1,200,200,200,17,22,0,26,200
0,200,30,0,0,0,1,12,7,2,0,0,0,0,200,200,200,0,0,0,47,200
0,200,30,0,0,0,1,12,7,2,0,0,0,0,200,200,200,0,0,1,28,200
0,200,35,0,0,0,1,14,5,200,0,0,0,0,200,200,1,0,0,1,23,200
0,200,35,0,0,0,1,14,5,200,0,0,0,0,200,200,1,0,0,0,55,200
0,200,30,0,0,0,1,8,5,0,0,0,12,1,1,200,1,20,11,0,200,200
4,200,30,0,0,0,1,8,5,0,0,0,12,1,1,200,1,20,11,0,29,200
0,200,30,2,2,0,1,10,2,200,0,0,0,0,200,200,200,0,0,0,52,200
0,200,30,2,2,0,1,10,2,200,0,0,0,0,200,200,200,0,0,0,31,200
0,200,25,0,0,0,1,12,2,200,0,0,0,0,200,200,200,200,200,1,25,200
0,200,25,0,0,0,1,12,2,200,0,0,0,0,200,200,200,200,200,0,52,200
0,200,30,2,2,0,1,10,5,200,0,1,0,0,200,200,1,0,0,0,200,200
0,200,30,2,2,0,1,10,5,200,0,1,0,0,200,200,1,0,0,0,54,200
1,200,30,2,2,0,1,10,5,200,0,1,0,0,200,200,1,0,0,1,200,200
0,200,30,2,2,0,1,10,5,200,0,0,0,0,200,200,200,18,16,1,23,200
0,200,30,2,2,0,1,10,5,200,0,0,0,0,200,200,200,18,16,0,25,200
1,200,30,2,2,0,1,10,5,200,0,0,0,0,200,200,200,18,16,1,200,200
0,200,30,0,0,0,1,14,5,200,0,0,0,1,1,200,1,23,11,0,200,200
0,200,30,0,0,0,1,14,5,200,0,0,0,1,1,200,1,23,11,0,30,200
0,200,30,1,2,0,1,2,2,0,0,0,12,0,1,200,200,29,16,0,24,200
0,200,30,0,0,0,1,14,5,2,0,0,0,0,1,200,200,23,16,1,200,200
0,200,30,0,0,0,1,14,5,2,0,0,0,0,1,200,200,23,16,1,200,200
1,200,30,0,0,0,1,14,5,2,0,0,0,0,1,200,200,23,16,1,200,200
0,200,30,200,200,0,1,12,6,1,0,0,0,0,200,200,200,200,200,1,56,200
0,200,30,200,200,0,1,12,6,1,0,0,0,0,200,200,200,200,200,0,22,200
0,200,30,200,200,200,200,7,5,200,0,200,200,0,200,200,1,0,200,2,200,200
0,200,30,0,0,0,1,0,6,200,0,0,0,0,200,200,200,0,0,1,40,200
0,200,30,0,0,0,1,0,6,200,0,0,0,0,200,200,200,0,0,0,43,200
0,200,30,0,0,0,1,14,2,2,0,0,200,0,200,200,200,200,200,1,200,200
0,200,30,0,0,0,1,14,2,2,0,0,200,0,200,200,200,200,200,1,63,200
0,200,30,0,0,0,1,8,5,2,0,0,0,1,200,200,200,25,0,1,25,200
4,200,30,0,0,0,1,8,5,2,0,0,0,1,200,200,200,25,0,0,33,200
0,200,30,0,0,0,1,7,2,4,0,0,0,0,200,200,1,0,0,2,200,200
0,200,30,200,200,0,1,7,6,200,0,0,200,0,200,200,1,0,200,2,200,200
0,200,30,0,0,0,1,8,5,2,2,0,0,1,200,200,200,16,200,1,23,200
4,200,30,0,0,0,1,8,5,2,2,0,0,1,200,200,200,16,200,0,12,200
0,200,30,1,2,1,1,14,5,200,0,0,0,0,200,200,200,17,200,0,46,200
0,200,30,1,2,1,1,14,5,200,0,0,0,0,200,200,200,17,200,0,18,200
1,200,30,1,2,1,1,14,5,200,0,0,0,0,200,200,200,17,200,1,42,200
0,200,35,2,2,0,1,0,2,4,0,0,0,1,1,200,200,5,0,1,89,200
0,200,35,2,2,0,1,0,2,4,0,0,0,1,1,200,200,5,0,0,51,200
1,200,35,2,2,0,1,0,2,4,0,0,0,1,1,200,200,5,0,200,200,200
0,200,35,2,2,0,1,12,5,200,0,0,0,0,200,200,200,0,200,1,77,200
0,200,35,2,2,0,1,12,5,200,0,0,0,0,200,200,200,0,200,1,45,200
1,200,35,2,2,0,1,12,5,200,0,0,0,0,200,200,200,0,200,1,200,200
0,200,30,0,0,0,1,7,7,200,0,0,0,0,200,200,200,200,200,0,200,200
1,200,30,0,0,0,1,7,7,200,0,0,0,0,200,200,200,200,200,1,200,200
0,1,55,0,0,0,1,12,6,200,0,0,0,0,200,200,200,21,200,0,200,200
0,1,55,0,0,0,1,12,6,200,0,0,0,0,200,200,200,21,200,0,31,200
1,1,55,0,0,0,1,12,6,200,0,0,0,0,200,200,200,21,200,0,30,200
0,200,30,1,2,0,1,10,2,2,0,0,200,0,1,200,200,18,0,0,200,200
0,200,30,1,2,0,1,10,2,2,0,0,200,0,1,200,200,18,0,0,65,200
0,200,30,0,0,0,1,12,3,2,0,0,0,0,200,200,200,17,17,0,44,200
0,200,30,0,0,0,1,12,3,2,0,0,0,0,200,200,200,17,17,0,38,200
0,200,30,200,200,200,200,3,7,200,0,200,200,0,200,200,200,20,17,1,32,200
0,200,30,200,200,200,200,3,7,200,0,200,200,0,200,200,200,20,17,0,51,200
0,200,30,2,2,0,1,11,2,200,0,0,0,1,1,200,200,22,7,0,38,200
0,200,30,2,2,0,1,11,2,200,0,0,0,1,1,200,200,22,7,0,22,200
1,200,30,2,2,0,1,11,2,200,0,0,0,1,1,200,200,22,7,1,200,200
1,200,30,2,2,0,1,11,2,200,0,0,0,1,1,200,200,22,7,0,200,200
1,200,30,2,2,0,1,11,2,200,0,0,0,1,1,200,200,22,7,0,200,200
1,200,30,2,2,0,1,11,2,200,0,0,0,1,1,200,200,22,7,1,200,200
1,200,30,2,2,0,1,11,2,200,0,0,0,1,1,200,200,22,7,1,200,200
1,200,30,2,2,0,1,11,2,200,0,0,0,1,1,200,200,22,7,1,200,200
0,200,30,2,2,0,1,0,5,0,0,0,0,1,1,200,200,17,0,0,82,200
0,200,30,2,2,0,1,0,5,0,0,0,0,1,1,200,200,17,0,1,25,200
0,200,30,1,2,0,1,10,5,3,0,0,0,0,200,200,200,18,200,0,59,200
0,200,30,1,2,0,1,10,5,3,0,0,0,0,200,200,200,18,200,0,48,200
0,200,30,1,2,0,1,10,5,3,0,0,0,0,200,200,200,18,200,0,59,200
0,200,30,2,2,0,1,8,12,200,0,0,0,1,1,200,200,0,200,0,200,200
4,200,30,2,2,0,1,8,12,200,0,0,0,1,1,200,200,0,200,0,60,200
1,200,30,2,2,0,1,8,12,200,0,0,0,1,1,200,200,0,200,0,63,200
0,200,30,1,2,0,1,14,5,200,0,0,0,0,200,200,200,0,0,0,64,200
0,200,30,1,2,0,1,14,5,200,0,0,0,0,200,200,200,0,0,0,200,200
1,200,30,1,2,0,1,14,5,200,0,0,0,0,200,200,200,0,0,1,60,200
0,200,30,1,2,0,1,14,3,200,0,0,0,0,200,200,200,23,0,0,200,200
0,200,30,1,2,0,1,14,3,200,0,0,0,0,200,200,200,23,0,0,200,200
0,200,30,2,2,0,1,8,12,200,0,0,0,1,1,200,200,17,200,0,32,200
4,200,30,2,2,0,1,8,12,200,0,0,0,1,1,200,200,17,200,0,20,200
0,200,30,200,200,0,1,12,200,1,0,0,200,0,200,200,200,200,200,0,200,200
0,200,30,200,200,0,1,12,200,1,0,0,200,0,200,200,200,200,200,1,81,200
0,1,30,0,0,200,200,7,6,1,0,200,200,0,200,200,1,200,200,2,200,200
0,200,25,0,0,0,1,0,5,1,0,0,0,1,1,200,200,0,200,0,68,200
0,200,25,0,0,0,1,0,5,1,0,0,0,1,1,200,200,0,200,1,22,200
0,1,30,0,0,0,1,7,7,200,0,0,0,0,200,200,1,0,200,2,200,200
0,200,30,0,0,0,1,12,200,2,0,0,0,0,200,200,200,22,200,1,56,200
0,200,30,0,0,0,1,12,200,2,0,0,0,0,200,200,200,22,200,0,49,200
0,200,30,1,2,0,1,10,2,4,0,0,0,0,1,200,200,16,18,0,29,200
0,200,30,1,2,0,1,10,2,4,0,0,0,0,1,200,200,16,18,0,48,200
0,200,30,1,2,0,3,10,5,2,0,0,0,0,200,200,200,200,200,0,200,200
0,200,30,1,2,0,3,10,5,2,0,0,0,0,200,200,200,200,200,0,57,200
0,200,30,0,0,0,1,0,7,1,0,0,0,0,200,1,200,20,20,1,25,200
0,200,30,0,0,0,1,0,7,1,0,0,0,0,200,1,200,20,20,0,24,200
0,200,30,0,0,0,1,10,2,1,0,0,0,1,200,200,200,16,18,0,48,200
0,200,30,0,0,0,1,10,2,1,0,0,0,1,200,200,200,16,18,1,20,200
0,200,30,0,0,0,1,10,2,1,0,0,0,1,200,200,200,16,18,1,36,200
1,200,30,0,0,0,1,10,2,1,0,0,0,1,200,200,200,16,18,1,55,200
1,200,30,0,0,0,1,10,2,1,0,0,0,1,200,200,200,16,18,0,13,200
1,200,30,0,0,0,1,10,2,1,0,0,0,1,200,200,200,16,18,1,8,200
1,200,30,0,0,0,1,10,2,1,0,0,0,1,200,200,200,16,18,0,10,200
0,200,30,1,2,0,1,0,5,200,0,0,0,1,1,200,200,6,200,0,24,200
0,200,30,1,2,0,1,0,5,200,0,0,0,1,1,200,200,6,200,0,23,200
0,200,30,0,0,0,1,10,5,200,0,0,0,1,0,200,200,18,200,0,21,200
0,200,30,0,0,0,1,10,5,200,0,0,0,1,0,200,200,18,200,0,47,200
1,200,30,0,0,0,1,10,5,200,0,0,0,1,0,200,200,18,200,1,200,200
0,200,20,0,0,0,1,12,6,1,0,0,0,0,200,200,1,17,21,1,24,200
0,200,20,0,0,0,1,12,6,1,0,0,0,0,200,200,1,17,21,0,200,200
1,200,20,0,0,0,1,12,6,1,0,0,0,0,200,200,1,17,21,1,200,200
0,200,30,200,200,0,1,7,200,1,0,0,0,0,200,200,200,200,13,2,200,200
0,200,30,1,2,0,1,10,5,2,0,0,0,1,200,200,200,18,0,1,37,200
0,200,30,1,2,0,1,10,5,2,0,0,0,1,200,200,200,18,0,0,66,200
1,200,30,1,2,0,1,10,5,2,0,0,0,1,200,200,200,18,0,1,15,200
1,200,30,1,2,0,1,10,5,2,0,0,0,1,200,200,200,18,0,0,0,200
0,1,30,0,0,0,1,9,6,1,0,0,0,1,200,200,200,17,11,0,36,200
5,1,30,0,0,0,1,9,6,1,0,0,0,1,200,200,200,17,11,0,25,200
0,200,30,2,2,0,1,0,5,2,0,0,0,1,1,200,200,17,200,0,52,200
0,200,30,2,2,0,1,0,5,2,0,0,0,1,1,200,200,17,200,0,23,200
1,200,30,2,2,0,1,0,5,2,0,0,0,1,1,200,200,17,200,1,16,200
0,200,30,2,2,0,1,10,6,200,0,0,0,0,200,200,200,20,0,0,200,200
0,200,30,2,2,0,1,10,6,200,0,0,0,0,200,200,200,20,0,1,37,200
0,200,30,1,2,0,1,10,2,4,0,0,0,0,200,200,200,0,200,0,38,200
0,200,30,1,2,0,1,10,2,4,0,0,0,0,200,200,200,0,200,0,30,200
1,200,30,1,2,0,1,10,2,4,0,0,0,0,200,200,200,0,200,1,200,200
1,200,30,1,2,0,1,10,2,4,0,0,0,0,200,200,200,0,200,1,200,200
1,200,30,1,2,0,1,10,2,4,0,0,0,0,200,200,200,0,200,1,200,200
1,200,30,1,2,0,1,10,2,4,0,0,0,0,200,200,200,0,200,0,200,200
1,200,30,1,2,0,1,10,2,4,0,0,0,0,200,200,200,0,200,1,200,200
1,200,30,1,2,0,1,10,2,4,0,0,0,0,200,200,200,0,200,1,200,200
0,200,30,0,0,0,1,4,2,4,0,0,0,1,200,200,200,200,200,1,61,200
0,200,30,1,2,0,1,12,2,6,0,0,0,0,200,200,1,0,0,2,200,200
0,200,30,1,2,0,1,12,2,6,0,0,0,0,200,200,1,0,0,0,35,200
0,200,30,0,0,0,1,7,5,2,0,0,0,0,200,200,1,0,200,0,200,200
0,200,30,0,0,0,1,12,5,200,0,0,0,1,200,200,200,0,0,0,21,200
0,200,30,0,0,0,1,12,5,200,0,0,0,1,200,200,200,0,0,0,62,200
1,200,30,0,0,0,1,12,5,200,0,0,0,1,200,200,200,0,0,1,200,200
0,1,10,0,0,0,1,7,7,1,0,0,200,0,200,1,1,0,0,0,200,200
0,200,30,2,2,0,1,0,5,200,0,0,0,1,1,200,200,0,200,1,26,200
0,200,30,2,2,0,1,0,5,200,0,0,0,1,1,200,200,0,200,1,26,200
1,200,30,2,2,0,1,0,5,200,0,0,0,1,1,200,200,0,200,1,30,200
1,200,30,2,2,0,1,0,5,200,0,0,0,1,1,200,200,0,200,0,30,200
0,200,30,200,200,0,1,11,7,200,0,0,200,0,200,200,200,0,200,1,58,200