PERSON_TYPE,CRASH_DATE_EST_I,POSTED_SPEED_LIMIT,TRAFFIC_CONTROL_DEVICE,DEVICE_CONDITION,WEATHER_CONDITION,LIGHTING_CONDITION,FIRST_CRASH_TYPE,TRAFFICWAY_TYPE,LANE_CNT,ALIGNMENT,ROADWAY_SURFACE_COND,ROAD_DEFECT,CRASH_TYPE,INTERSECTION_RELATED_I,NOT_RIGHT_OF_WAY_I,HIT_AND_RUN_I,PRIM_CONTRIBUTORY_CAUSE,SEC_CONTRIBUTORY_CAUSE,SEX,AGE,BAC_RESULT VALUE
0,200,30,200,200,0,1,11,7,200,0,0,200,0,200,200,200,0,200,1,41,200
0,200,30,0,0,0,1,10,2,4,0,0,0,1,200,200,200,18,16,1,34,200
0,200,30,0,0,0,1,10,2,4,0,0,0,1,200,200,200,18,16,0,47,200
0,200,30,1,2,0,1,10,3,4,0,0,0,0,200,200,200,0,200,0,35,200
0,200,30,1,2,0,1,10,3,4,0,0,0,0,200,200,200,0,200,0,27,200
0,200,30,0,0,0,1,14,2,4,0,0,0,0,200,200,1,17,200,0,200,200
0,200,30,0,0,0,1,14,2,4,0,0,0,0,200,200,1,17,200,1,45,200
0,200,35,0,0,0,1,10,5,200,0,0,0,0,200,200,200,22,22,1,44,200
0,200,35,0,0,0,1,10,5,200,0,0,0,0,200,200,200,22,22,0,29,200
0,200,35,0,0,0,1,10,5,200,0,0,0,0,200,200,200,22,22,1,28,200
0,0,30,0,0,0,1,12,5,200,0,0,0,0,200,200,200,0,200,2,200,200
0,0,30,0,0,0,1,12,5,200,0,0,0,0,200,200,200,0,200,0,39,200
0,200,30,0,0,0,1,10,3,2,0,0,0,0,200,200,1,16,200,0,200,200
0,200,30,0,0,0,1,10,3,2,0,0,0,0,200,200,1,16,200,0,49,200
0,200,30,0,0,0,1,9,5,2,0,0,0,1,200,200,1,14,0,0,200,200
5,200,30,0,0,0,1,9,5,2,0,0,0,1,200,200,1,14,0,0,21,200
1,200,30,0,0,0,1,9,5,2,0,0,0,1,200,200,1,14,0,2,200,200
0,200,30,0,0,0,1,10,5,2,0,0,0,0,200,200,200,7,200,1,25,200
0,200,30,0,0,0,1,10,5,2,0,0,0,0,200,200,200,7,200,0,36,200
0,200,30,200,200,0,1,4,5,2,0,0,0,1,200,200,200,0,0,1,45,200
0,200,10,0,0,0,1,7,7,200,0,0,0,0,200,200,200,0,200,2,200,200
0,200,30,0,0,1,1,7,5,2,0,0,200,1,200,200,200,0,0,0,40,200
0,200,30,1,2,0,1,12,5,2,0,0,0,0,200,200,200,0,0,0,46,200
0,200,30,1,2,0,1,12,5,2,0,0,0,0,200,200,200,0,0,1,63,200
0,200,30,0,0,0,1,14,5,2,0,0,0,0,200,200,200,23,0,0,50,200
0,200,30,0,0,0,1,14,5,2,0,0,0,0,200,200,200,23,0,0,28,200
0,200,30,1,2,2,1,11,5,200,0,1,0,0,1,200,1,22,34,1,20,200
0,200,30,1,2,2,1,11,5,200,0,1,0,0,1,200,1,22,34,0,200,200
0,200,30,1,1,0,1,10,2,4,0,0,0,0,200,200,200,18,200,1,36,200
0,200,30,1,1,0,1,10,2,4,0,0,0,0,200,200,200,18,200,1,50,200
0,200,15,0,0,0,1,0,7,200,0,0,0,0,200,200,1,0,200,1,200,200
0,200,15,0,0,0,1,0,7,200,0,0,0,0,200,200,1,0,200,1,43,200
0,200,25,0,0,0,1,7,5,2,0,0,0,0,200,200,200,200,200,0,28,200
0,200,30,0,0,0,1,7,7,200,0,0,0,0,200,200,200,200,200,1,200,200
1,200,30,0,0,0,1,7,7,200,0,0,0,0,200,200,200,200,200,0,200,200
0,0,25,1,2,0,200,7,2,2,0,0,200,0,200,200,1,200,200,2,200,200
0,200,30,0,0,0,1,14,2,4,0,0,0,0,200,200,200,0,0,1,36,200
0,200,30,0,0,0,1,14,2,4,0,0,0,0,200,200,200,0,0,1,18,200
1,200,30,0,0,0,1,14,2,4,0,0,0,0,200,200,200,0,0,0,17,200
1,200,30,0,0,0,1,14,2,4,0,0,0,0,200,200,200,0,0,0,1,200
0,200,30,0,0,0,1,7,12,1,0,0,0,0,200,200,200,0,0,2,200,200
0,200,25,200,200,0,1,7,6,1,0,0,0,0,200,200,200,22,200,1,200,200
0,200,25,0,200,0,1,0,6,1,0,0,200,1,200,200,1,17,14,0,33,200
0,200,25,0,200,0,1,0,6,1,0,0,200,1,200,200,1,17,14,0,200,200
0,200,30,0,0,0,1,2,6,1,0,0,0,1,200,1,1,0,200,1,22,200
0,200,20,0,0,0,1,7,5,200,0,0,0,0,200,200,200,20,0,1,22,200
0,200,30,0,0,0,1,12,5,2,0,0,0,0,200,200,200,0,0,0,200,200
0,200,30,0,0,0,1,12,5,2,0,0,0,0,200,200,200,0,0,1,200,200
0,200,15,0,0,0,1,2,0,1,0,0,0,1,200,200,200,0,0,1,200,200
1,200,15,0,0,0,1,2,0,1,0,0,0,1,200,200,200,0,0,1,200,200
0,200,30,1,2,0,1,0,12,3,0,0,0,1,1,200,200,6,11,1,31,200
0,200,30,1,2,0,1,0,12,3,0,0,0,1,1,200,200,6,11,1,23,200
0,200,30,1,2,0,1,0,12,3,0,0,0,1,1,200,200,6,11,0,66,200
1,200,30,1,2,0,1,0,12,3,0,0,0,1,1,200,200,6,11,0,49,200
1,200,30,1,2,0,1,0,12,3,0,0,0,1,1,200,200,6,11,1,17,200
1,200,30,1,2,0,1,0,12,3,0,0,0,1,1,200,200,6,11,1,23,200
1,200,30,1,2,0,1,0,12,3,0,0,0,1,1,200,200,6,11,1,23,200
1,200,30,1,2,0,1,0,12,3,0,0,0,1,1,200,200,6,11,0,24,200
1,200,30,1,2,0,1,0,12,3,0,0,0,1,1,200,200,6,11,1,200,200
0,200,30,1,2,1,1,10,5,2,0,0,0,0,1,200,1,0,0,1,200,200
0,200,30,1,2,1,1,10,5,2,0,0,0,0,1,200,1,0,0,1,26,200
0,200,30,1,2,0,1,10,5,4,0,0,0,1,1,200,200,20,200,0,22,200
0,200,30,1,2,0,1,10,5,4,0,0,0,1,1,200,200,20,200,1,67,200
1,200,30,1,2,0,1,10,5,4,0,0,0,1,1,200,200,20,200,1,17,200
1,200,30,1,2,0,1,10,5,4,0,0,0,1,1,200,200,20,200,1,200,200
0,200,30,0,0,0,1,14,5,200,0,0,0,0,200,200,1,17,200,0,200,200
0,200,30,0,0,0,1,14,5,200,0,0,0,0,200,200,1,17,200,0,40,200
1,200,30,0,0,0,1,14,5,200,0,0,0,0,200,200,1,17,200,0,200,200
0,200,30,0,0,0,1,14,5,2,0,0,0,0,200,200,200,0,200,0,52,200
0,200,30,0,0,0,1,14,5,2,0,0,0,0,200,200,200,0,200,0,48,200
1,200,30,0,0,0,1,14,5,2,0,0,0,0,200,200,200,0,200,0,200,200
1,200,30,0,0,0,1,14,5,2,0,0,0,0,200,200,200,0,200,1,200,200
1,200,30,0,0,0,1,14,5,2,0,0,0,0,200,200,200,0,200,1,200,200
0,200,30,0,0,0,1,11,5,2,0,0,200,0,200,200,200,0,0,1,200,200
0,200,30,0,0,0,1,11,5,2,0,0,200,0,200,200,200,0,0,0,35,200
0,200,30,1,2,0,1,10,3,4,0,0,0,0,1,200,1,20,200,1,200,200
0,200,30,1,2,0,1,10,3,4,0,0,0,0,1,200,1,20,200,1,30,200
0,200,30,1,2,0,1,14,5,200,0,0,0,1,200,200,200,6,200,1,27,200
0,200,30,1,2,0,1,14,5,200,0,0,0,1,200,200,200,6,200,0,42,200
0,200,25,1,2,0,1,10,5,2,0,0,0,0,200,200,1,18,200,2,200,200
0,200,25,1,2,0,1,10,5,2,0,0,0,0,200,200,1,18,200,0,23,200
1,200,25,1,2,0,1,10,5,2,0,0,0,0,200,200,1,18,200,1,58,200
0,200,30,1,2,0,1,10,2,200,0,0,0,1,200,200,1,18,16,2,200,200
0,200,30,1,2,0,1,10,2,200,0,0,0,1,200,200,1,18,16,0,49,200
0,200,20,1,2,0,1,10,12,200,0,0,0,0,1,200,200,18,18,0,25,200
0,200,20,1,2,0,1,10,12,200,0,0,0,0,1,200,200,18,18,0,24,200
1,200,20,1,2,0,1,10,12,200,0,0,0,0,1,200,200,18,18,0,200,200
0,200,20,0,0,0,1,0,6,1,0,0,0,1,1,200,200,17,33,0,25,200
0,200,20,0,0,0,1,0,6,1,0,0,0,1,1,200,200,17,33,0,77,200
0,1,30,0,0,0,1,7,0,200,0,0,0,0,200,200,200,18,200,0,61,200
0,200,30,0,0,0,4,7,2,2,0,0,0,0,200,200,200,18,200,0,51,200
0,200,30,0,0,0,1,10,2,200,0,0,0,0,200,200,1,0,200,2,200,200
0,200,30,0,0,0,1,10,2,200,0,0,0,0,200,200,1,0,200,0,38,200
0,200,30,0,0,0,1,7,7,1,0,0,0,0,200,200,1,0,0,2,200,200
0,200,30,0,0,0,1,7,6,1,0,0,0,0,200,200,1,20,200,1,200,200
0,200,30,0,0,200,200,14,5,200,0,200,200,0,200,200,200,0,0,0,41,200
0,200,30,0,0,200,200,14,5,200,0,200,200,0,200,200,200,0,0,0,200,200
0,200,30,0,0,0,1,7,6,1,0,0,0,0,200,200,200,0,200,0,0,200
0,200,30,200,200,0,1,7,5,200,0,0,0,0,200,200,1,0,0,2,200,200
0,200,30,0,0,200,200,7,12,1,0,200,200,0,200,200,1,0,0,0,200,200
0,200,30,1,2,0,1,0,5,2,0,0,0,1,1,200,200,0,0,0,200,200
0,200,30,1,2,0,1,0,5,2,0,0,0,1,1,200,200,0,0,1,200,200
0,200,30,1,2,0,1,0,5,2,0,0,0,1,1,200,200,6,0,0,73,200
0,200,30,1,2,0,1,0,5,2,0,0,0,1,1,200,200,6,0,1,18,200
1,200,30,1,2,0,1,0,5,2,0,0,0,1,1,200,200,6,0,1,80,200
1,200,30,1,2,0,1,0,5,2,0,0,0,1,1,200,200,6,0,1,18,200
1,200,30,1,2,0,1,0,5,2,0,0,0,1,1,200,200,6,0,1,18,200
0,200,30,200,200,0,2,10,5,200,0,200,200,0,200,200,200,18,16,0,50,200
0,200,30,200,200,0,2,10,5,200,0,200,200,0,200,200,200,18,16,0,27,200
0,200,0,0,0,0,1,7,5,4,0,0,0,1,200,200,200,11,0,0,26,200
1,200,0,0,0,0,1,7,5,4,0,0,0,1,200,200,200,11,0,0,65,200
1,200,0,0,0,0,1,7,5,4,0,0,0,1,200,200,200,11,0,1,25,200
1,200,0,0,0,0,1,7,5,4,0,0,0,1,200,200,200,11,0,0,65,200
0,200,30,2,2,0,1,14,5,200,2,0,0,0,200,200,0,23,200,0,50,200
0,200,30,2,2,0,1,14,5,200,2,0,0,0,200,200,0,23,200,1,27,200
0,200,30,2,2,0,1,14,5,200,0,0,0,1,1,200,200,0,0,1,18,200
0,200,30,2,2,0,1,14,5,200,0,0,0,1,1,200,200,0,0,1,18,200
0,200,30,0,0,0,1,10,5,200,0,0,0,1,200,200,1,0,200,2,200,200
0,200,30,0,0,0,1,10,5,200,0,0,0,1,200,200,1,0,200,0,76,200
1,200,30,0,0,0,1,10,5,200,0,0,0,1,200,200,1,0,200,0,81,200
1,200,30,0,0,0,1,10,5,200,0,0,0,1,200,200,1,0,200,1,78,200
1,200,30,0,0,0,1,10,5,200,0,0,0,1,200,200,1,0,200,1,72,200
0,200,30,0,0,0,1,10,5,200,0,0,0,0,200,200,200,18,200,0,200,200
0,200,30,0,0,0,1,10,5,200,0,0,0,0,200,200,200,18,200,0,30,200
0,200,30,0,0,0,1,7,6,1,0,0,0,1,200,200,200,25,16,0,200,200
0,200,30,1,2,0,1,10,5,200,0,0,200,0,200,200,1,0,0,0,200,200
0,200,30,1,2,0,1,10,5,200,0,0,200,0,200,200,1,0,0,0,66,200
1,200,30,1,2,0,1,10,5,200,0,0,200,0,200,200,1,0,0,0,200,200
1,200,30,1,2,0,1,10,5,200,0,0,200,0,200,200,1,0,0,1,59,200
0,200,30,0,0,0,1,8,5,2,0,0,0,1,200,200,200,17,200,0,26,200
4,200,30,0,0,0,1,8,5,2,0,0,0,1,200,200,200,17,200,1,23,200
0,1,30,0,0,0,1,7,6,1,0,0,0,0,200,200,1,0,200,2,200,200
0,0,25,0,0,0,1,7,5,2,0,0,0,0,200,200,1,0,0,2,200,200
0,200,30,0,0,0,1,7,6,200,0,0,0,0,200,200,1,0,200,1,200,200
0,200,30,0,0,0,1,10,5,200,0,0,0,0,200,200,1,18,0,0,200,200
0,200,30,0,0,0,1,10,5,200,0,0,0,0,200,200,1,18,0,0,81,200
1,200,30,0,0,0,1,10,5,200,0,0,0,0,200,200,1,18,0,1,200,200
0,200,30,0,0,0,0,7,2,200,0,0,0,0,200,200,200,25,200,1,21,200
0,200,30,1,2,0,1,3,5,4,0,0,0,1,1,200,200,25,16,0,24,200
0,200,30,1,2,0,1,3,5,4,0,0,0,1,1,200,200,25,16,0,16,200
1,200,30,1,2,0,1,3,5,4,0,0,0,1,1,200,200,25,16,0,22,200
1,200,30,1,2,0,1,3,5,4,0,0,0,1,1,200,200,25,16,0,16,200
0,200,30,0,0,0,1,7,5,2,0,0,0,0,200,200,1,16,0,0,200,200
0,200,35,0,0,0,1,8,5,2,0,0,0,1,200,200,1,0,0,2,200,200
4,200,35,0,0,0,1,8,5,2,0,0,0,1,200,200,1,0,0,0,30,200
0,200,30,0,0,0,1,7,200,200,0,0,0,0,200,200,1,25,20,1,200,200
0,200,15,200,200,0,1,7,6,200,0,0,0,0,200,200,1,0,0,2,200,200
0,200,35,1,2,0,4,14,3,2,0,0,0,1,200,200,200,17,200,0,0,200
0,200,35,1,2,0,4,14,3,2,0,0,0,1,200,200,200,17,200,1,26,200
1,200,35,1,2,0,4,14,3,2,0,0,0,1,200,200,200,17,200,1,48,200
1,200,35,1,2,0,4,14,3,2,0,0,0,1,200,200,200,17,200,0,14,200
1,200,35,1,2,0,4,14,3,2,0,0,0,1,200,200,200,17,200,0,4,200
1,200,35,1,2,0,4,14,3,2,0,0,0,1,200,200,200,17,200,1,13,200
0,200,35,3,2,2,4,7,5,4,0,0,0,0,200,1,200,20,200,0,48,200
0,200,30,1,2,0,0,0,2,6,0,0,0,1,1,200,200,0,0,1,23,200
0,200,30,1,2,0,0,0,2,6,0,0,0,1,1,200,200,0,0,0,200,200
1,200,30,1,2,0,0,0,2,6,0,0,0,1,1,200,200,0,0,1,25,200
1,200,30,1,2,0,0,0,2,6,0,0,0,1,1,200,200,0,0,0,200,200
0,200,30,1,2,0,200,0,5,200,0,200,200,0,1,200,200,21,23,1,17,200
0,200,30,1,2,0,200,0,5,200,0,200,200,0,1,200,200,21,23,0,200,200
0,200,30,0,0,0,3,9,5,2,0,0,0,1,200,200,200,0,0,0,49,200
5,200,30,0,0,0,3,9,5,2,0,0,0,1,200,200,200,0,0,0,6,200
0,200,30,0,0,0,4,7,6,200,0,0,0,0,200,200,200,27,0,0,34,200
0,200,30,3,2,0,3,14,5,200,0,0,0,0,1,200,200,17,17,0,22,200
0,200,30,3,2,0,3,14,5,200,0,0,0,0,1,200,200,17,17,0,50,200
1,200,30,3,2,0,3,14,5,200,0,0,0,0,1,200,200,17,17,0,22,200
1,200,30,3,2,0,3,14,5,200,0,0,0,0,1,200,200,17,17,0,21,200
1,200,30,3,2,0,3,14,5,200,0,0,0,0,1,200,200,17,17,1,200,200
0,200,30,2,2,0,3,0,5,2,0,0,0,0,200,200,200,17,11,0,200,200
0,200,30,2,2,0,3,0,5,2,0,0,0,0,200,200,200,17,11,0,20,200
1,200,30,2,2,0,3,0,5,2,0,0,0,0,200,200,200,17,11,1,24,200
0,200,30,1,2,0,3,14,5,2,0,0,0,1,1,200,200,23,200,0,47,200
0,200,30,1,2,0,3,14,5,2,0,0,0,1,1,200,200,23,200,0,35,200
1,200,30,1,2,0,3,14,5,2,0,0,0,1,1,200,200,23,200,1,43,200
1,200,30,1,2,0,3,14,5,2,0,0,0,1,1,200,200,23,200,1,44,200
0,200,30,2,2,0,3,0,5,2,0,0,0,1,1,200,200,17,200,0,49,200
0,200,30,2,2,0,3,0,5,2,0,0,0,1,1,200,200,17,200,1,47,200
0,200,30,2,2,0,3,0,5,2,0,0,0,1,1,200,200,17,200,1,46,200
1,200,30,2,2,0,3,0,5,2,0,0,0,1,1,200,200,17,200,1,36,200
1,200,30,2,2,0,3,0,5,2,0,0,0,1,1,200,200,17,200,1,14,200
1,200,30,2,2,0,3,0,5,2,0,0,0,1,1,200,200,17,200,1,3,200
1,200,30,2,2,0,3,0,5,2,0,0,0,1,1,200,200,17,200,1,8,200
0,1,30,0,0,0,1,2,5,2,0,0,0,0,200,200,200,11,8,0,21,200
0,200,30,0,0,0,3,10,5,2,0,0,0,0,200,200,200,18,16,0,26,200
0,200,30,0,0,0,3,10,5,2,0,0,0,0,200,200,200,18,16,0,62,200
1,200,30,0,0,0,3,10,5,2,0,0,0,0,200,200,200,18,16,1,57,200
0,200,30,0,0,0,3,14,5,200,0,0,0,1,1,200,200,17,200,1,38,200
0,200,30,0,0,0,3,14,5,200,0,0,0,1,1,200,200,17,200,0,29,200
1,200,30,0,0,0,3,14,5,200,0,0,0,1,1,200,200,17,200,1,20,200
1,200,30,0,0,0,3,14,5,200,0,0,0,1,1,200,200,17,200,1,16,200
1,200,30,0,0,0,3,14,5,200,0,0,0,1,1,200,200,17,200,1,9,200
0,200,30,1,2,0,3,12,5,200,0,0,0,0,200,200,200,22,200,0,200,200
0,200,30,1,2,0,3,12,5,200,0,0,0,0,200,200,200,22,200,1,29,200
0,200,30,0,0,0,3,14,5,200,0,0,0,0,200,200,200,8,8,0,40,200
0,200,30,0,0,0,3,14,5,200,0,0,0,0,200,200,200,8,8,0,53,200
1,200,30,0,0,0,3,14,5,200,0,0,0,0,200,200,200,8,8,1,200,200
1,200,30,0,0,0,3,14,5,200,0,0,0,0,200,200,200,8,8,1,200,200
1,200,30,0,0,0,3,14,5,200,0,0,0,0,200,200,200,8,8,0,200,200
1,200,30,0,0,0,3,14,5,200,0,0,0,0,200,200,200,8,8,0,200,200
1,200,30,0,0,0,3,14,5,200,0,0,0,0,200,200,200,8,8,0,40,200
0,200,0,1,2,0,1,2,12,8,0,0,0,1,1,200,200,0,0,0,57,200
0,200,20,0,0,0,0,7,6,200,0,0,0,0,200,200,1,0,200,2,200,200
0,200,30,1,2,0,3,8,6,3,0,0,0,1,1,200,200,200,200,0,57,200
4,200,30,1,2,0,3,8,6,3,0,0,0,1,1,200,200,200,200,0,25,200
0,200,10,0,0,0,0,10,7,200,0,0,0,0,200,200,1,20,17,0,200,200
0,200,10,0,0,0,0,10,7,200,0,0,0,0,200,200,1,20,17,1,26,200
0,200,30,0,0,0,3,10,2,200,0,0,0,0,0,200,200,0,200,0,70,200
0,200,30,0,0,0,3,10,2,200,0,0,0,0,0,200,200,0,200,0,20,200
0,200,35,1,2,0,3,14,2,6,0,0,0,0,200,200,200,17,15,0,40,200
0,200,35,1,2,0,3,14,2,6,0,0,0,0,200,200,200,17,15,1,49,200
0,200,35,1,2,0,3,14,2,6,0,0,0,0,200,200,200,17,15,0,39,200
0,200,30,2,2,0,3,14,6,1,0,0,200,0,200,200,1,22,21,0,200,200
0,200,30,2,2,0,3,14,6,1,0,0,200,0,200,200,1,22,21,1,46,200
1,200,30,2,2,0,3,14,6,1,0,0,200,0,200,200,1,22,21,1,200,200
1,200,30,2,2,0,3,14,6,1,0,0,200,0,200,200,1,22,21,200,200,200
0,200,30,0,0,0,3,14,5,1,0,0,0,1,200,200,1,0,0,2,200,200
0,200,30,0,0,0,3,14,5,1,0,0,0,1,200,200,1,0,0,1,31,200
0,200,30,1,2,0,1,10,2,4,0,200,200,0,1,200,1,18,16,1,200,200
0,200,30,1,2,0,1,10,2,4,0,200,200,0,1,200,1,18,16,0,16,200
0,200,30,0,0,0,3,12,6,2,0,0,0,0,200,200,200,22,0,0,36,200
0,200,30,0,0,0,3,12,6,2,0,0,0,0,200,200,200,22,0,0,28,200
0,200,30,1,200,0,3,10,5,4,0,0,200,0,1,200,1,0,200,0,200,200
0,200,30,1,200,0,3,10,5,4,0,0,200,0,1,200,1,0,200,0,42,200
0,1,30,0,0,0,3,7,6,1,0,0,0,0,200,200,1,0,200,2,200,200
0,1,30,0,0,0,1,12,5,2,0,0,0,0,200,200,200,17,0,1,34,200
0,1,30,0,0,0,1,12,5,2,0,0,0,0,200,200,200,17,0,0,62,200
0,200,25,0,0,0,1,10,6,4,0,0,200,0,200,200,1,18,0,2,200,200
0,200,25,0,0,0,1,10,6,4,0,0,200,0,200,200,1,18,0,1,32,200
0,200,25,0,0,0,1,10,6,4,0,0,200,0,200,200,1,18,0,0,76,200
0,200,30,1,2,0,3,0,5,4,0,0,0,0,1,200,200,6,200,0,48,200
0,200,30,1,2,0,3,0,5,4,0,0,0,0,1,200,200,6,200,0,33,200
0,200,45,0,0,0,3,12,3,200,2,0,2,0,200,200,200,21,22,1,38,200
0,200,45,0,0,0,3,12,3,200,2,0,2,0,200,200,200,21,22,1,21,200
0,200,30,1,2,0,3,10,5,200,0,0,0,0,1,200,200,200,200,1,43,200
0,200,30,1,2,0,3,10,5,200,0,0,0,0,1,200,200,200,200,1,36,200
1,200,30,1,2,0,3,10,5,200,0,0,0,0,1,200,200,200,200,1,200,200
0,200,20,0,12,0,3,7,5,200,0,0,0,1,200,200,200,16,0,0,29,200
0,200,30,0,0,200,200,7,2,2,0,200,200,1,200,200,1,0,0,2,200,200
0,200,30,0,0,0,3,10,5,2,0,0,0,0,200,200,200,0,0,0,53,200
0,200,30,0,0,0,3,10,5,2,0,0,0,0,200,200,200,0,0,1,17,200
0,200,30,1,2,0,3,14,2,4,0,0,0,1,200,200,200,17,200,0,19,200
0,200,30,1,2,0,3,14,2,4,0,0,0,1,200,200,200,17,200,1,32,200
1,200,30,1,2,0,3,14,2,4,0,0,0,1,200,200,200,17,200,1,19,200
0,200,30,0,0,0,3,7,6,1,0,0,0,0,200,200,200,200,200,1,33,0.21
0,1,30,0,0,0,3,7,6,1,0,0,0,0,200,200,200,11,200,0,26,200
1,1,30,0,0,0,3,7,6,1,0,0,0,0,200,200,200,11,200,1,22,200
0,200,25,1,200,0,0,0,2,200,0,0,200,1,1,200,200,0,0,0,20,200
0,200,25,1,200,0,0,0,2,200,0,0,200,1,1,200,200,0,0,0,200,200
1,200,25,1,200,0,0,0,2,200,0,0,200,1,1,200,200,0,0,0,19,200
1,200,25,1,200,0,0,0,2,200,0,0,200,1,1,200,200,0,0,0,200,200
0,200,30,1,2,0,3,10,2,5,0,0,0,0,0,200,200,16,18,0,27,200
0,200,30,1,2,0,3,10,2,5,0,0,0,0,0,200,200,16,18,1,60,200
1,200,30,1,2,0,3,10,2,5,0,0,0,0,0,200,200,16,18,0,33,200
1,200,30,1,2,0,3,10,2,5,0,0,0,0,0,200,200,16,18,0,56,200
0,200,30,1,2,0,3,10,5,2,0,0,0,1,1,200,200,32,32,1,27,200
0,200,30,1,2,0,3,10,5,2,0,0,0,1,1,200,200,32,32,0,45,200
1,200,30,1,2,0,3,10,5,2,0,0,0,1,1,200,200,32,32,1,21,200
0,200,30,0,0,0,3,7,5,2,0,0,0,0,200,200,1,0,0,2,200,200
0,0,30,0,2,0,0,10,2,2,0,0,200,1,200,200,200,0,200,0,31,200
0,0,30,0,2,0,0,10,2,2,0,0,200,1,200,200,200,0,200,1,200,200
0,200,15,0,0,0,3,2,0,1,0,0,0,0,200,200,200,0,25,2,200,200
0,200,30,0,3,0,3,5,3,4,3,0,0,1,200,200,1,14,0,2,200,200
0,200,15,0,0,0,3,2,0,1,0,0,0,1,200,200,200,0,200,2,200,200
0,200,30,0,0,0,3,2,7,200,0,0,0,1,200,1,200,25,19,1,23,200
0,200,30,1,2,0,3,9,5,200,0,0,0,1,1,200,200,0,200,1,58,200
5,200,30,1,2,0,3,9,5,200,0,0,0,1,1,200,200,0,200,0,26,200
0,200,30,0,0,0,3,7,2,2,0,0,0,1,200,200,200,16,200,0,23,200
1,200,30,0,0,0,3,7,2,2,0,0,0,1,200,200,200,16,200,1,21,200
0,1,35,200,200,0,3,7,2,2,0,0,200,0,200,200,1,0,200,2,200,200
0,200,45,0,0,0,3,2,3,200,0,0,0,1,200,200,1,0,0,2,200,200
0,200,30,0,0,0,3,2,5,200,0,0,0,1,200,200,200,32,32,0,20,200
0,200,30,0,0,0,3,7,6,1,0,0,0,1,200,200,200,16,200,0,32,200
0,200,35,1,200,0,3,0,5,2,0,0,0,1,200,200,200,0,0,0,23,200
0,200,35,1,200,0,3,0,5,2,0,0,0,1,200,200,200,0,0,0,37,200
0,200,30,0,0,0,3,2,0,1,0,0,0,0,200,200,200,0,0,0,25,200
0,200,30,2,2,0,3,0,2,4,0,0,0,1,1,200,1,17,0,2,200,200
0,200,30,2,2,0,3,0,2,4,0,0,0,1,1,200,1,17,0,0,28,200
1,200,30,2,2,0,3,0,2,4,0,0,0,1,1,200,1,17,0,1,33,200
5,1,30,0,0,0,0,9,5,200,0,0,200,1,200,200,1,0,0,1,16,200
0,1,30,0,0,0,0,9,5,200,0,0,200,1,200,200,1,0,0,2,200,200
0,200,45,0,0,0,2,5,2,200,0,0,200,0,200,200,200,0,0,0,56,200
0,200,30,1,2,0,1,14,5,0,0,0,0,0,200,200,200,17,200,0,36,200
0,200,30,1,2,0,1,14,5,0,0,0,0,0,200,200,200,17,200,0,51,200
0,200,25,0,0,0,0,7,5,1,0,0,0,0,200,200,1,14,200,2,200,200
0,200,30,1,2,0,1,2,5,200,0,0,0,0,200,200,200,18,18,0,23,200
0,200,30,1,2,0,1,2,5,200,0,0,0,0,200,200,200,18,18,1,63,200
0,200,0,0,0,0,1,5,3,200,2,0,0,1,200,200,200,12,200,0,43,200
1,200,0,0,0,0,1,5,3,200,2,0,0,1,200,200,200,12,200,0,22,200
0,200,30,2,2,0,1,14,5,200,0,0,0,1,200,200,200,17,200,0,23,200
0,200,30,2,2,0,1,14,5,200,0,0,0,1,200,200,200,17,200,0,57,200
1,200,30,2,2,0,1,14,5,200,0,0,0,1,200,200,200,17,200,1,25,200
0,200,30,1,2,0,1,14,5,0,0,0,0,0,1,200,200,23,17,0,200,200
0,200,30,1,2,0,1,14,5,0,0,0,0,0,1,200,200,23,17,0,44,200
1,200,30,1,2,0,1,14,5,0,0,0,0,0,1,200,200,23,17,0,200,200
0,200,30,2,2,0,1,12,5,2,0,0,0,0,1,200,200,0,0,1,63,200
0,200,30,2,2,0,1,12,5,2,0,0,0,0,1,200,200,0,0,0,64,200
0,200,30,0,0,0,1,7,6,1,0,0,0,0,200,200,200,0,200,1,23,200
0,200,35,0,0,0,1,2,5,4,0,0,0,1,200,200,1,0,0,1,200,200
0,200,30,2,2,0,1,10,5,2,0,0,0,1,200,200,1,0,0,2,200,200
0,200,30,2,2,0,1,10,5,2,0,0,0,1,200,200,1,0,0,0,51,200
0,200,25,0,0,0,1,12,12,200,3,0,0,0,200,200,1,22,200,1,200,200
0,200,25,0,0,0,1,12,12,200,3,0,0,0,200,200,1,22,200,1,23,200
0,200,30,0,0,0,1,14,2,1,0,0,0,0,200,200,1,18,0,2,200,200
0,200,30,0,0,0,1,14,2,1,0,0,0,0,200,200,1,18,0,0,59,200
0,200,30,2,2,0,1,14,5,2,0,0,0,1,1,200,1,0,0,2,200,200
0,200,30,2,2,0,1,14,5,2,0,0,0,1,1,200,1,0,0,0,34,200
0,200,30,1,2,0,1,14,5,4,0,0,0,0,1,200,200,0,0,1,56,200
0,200,30,1,2,0,1,14,5,4,0,0,0,0,1,200,200,0,0,0,21,200
1,200,30,1,2,0,1,14,5,4,0,0,0,0,1,200,200,0,0,1,24,200
0,1,25,0,0,200,200,7,5,2,0,200,200,0,200,200,1,21,0,2,200,200
0,200,30,1,2,0,1,10,5,200,0,0,0,0,200,200,200,0,27,1,53,200
0,200,30,1,2,0,1,10,5,200,0,0,0,0,200,200,200,0,27,1,50,200