PERSON_TYPE,CRASH_DATE_EST_I,POSTED_SPEED_LIMIT,TRAFFIC_CONTROL_DEVICE,DEVICE_CONDITION,WEATHER_CONDITION,LIGHTING_CONDITION,FIRST_CRASH_TYPE,TRAFFICWAY_TYPE,LANE_CNT,ALIGNMENT,ROADWAY_SURFACE_COND,ROAD_DEFECT,CRASH_TYPE,INTERSECTION_RELATED_I,NOT_RIGHT_OF_WAY_I,HIT_AND_RUN_I,PRIM_CONTRIBUTORY_CAUSE,SEC_CONTRIBUTORY_CAUSE,SEX,AGE,BAC_RESULT VALUE
0,200,30,0,0,0,1,14,6,200,0,0,0,0,1,200,200,0,200,1,43,200
0,200,30,0,0,0,1,14,6,200,0,0,0,0,1,200,200,0,200,1,56,200
0,200,30,0,0,0,1,0,12,2,0,0,0,0,200,200,200,20,16,0,200,200
0,200,30,0,0,0,1,0,12,2,0,0,0,0,200,200,200,20,16,0,200,200
0,200,30,0,0,0,1,10,5,4,0,0,0,1,200,200,200,18,18,0,28,200
0,200,30,0,0,0,1,10,5,4,0,0,0,1,200,200,200,18,18,0,63,200
0,200,30,0,0,0,1,10,5,4,0,0,0,1,200,200,200,18,18,1,33,200
1,200,30,0,0,0,1,10,5,4,0,0,0,1,200,200,200,18,18,0,14,200
0,200,30,1,2,0,1,14,6,3,0,0,0,0,1,200,200,23,17,0,26,200
0,200,30,1,2,0,1,14,6,3,0,0,0,0,1,200,200,23,17,0,40,200
0,200,30,0,0,0,1,14,12,2,0,0,0,0,200,200,200,20,33,0,55,200
0,200,30,0,0,0,1,14,12,2,0,0,0,0,200,200,200,20,33,1,23,200
0,200,0,0,0,0,1,0,7,0,0,0,0,1,200,1,200,200,200,1,66,200
0,200,0,0,0,0,1,0,7,0,0,0,0,1,200,1,200,200,200,1,25,200
1,200,0,0,0,0,1,0,7,0,0,0,0,1,200,1,200,200,200,0,5,200
1,200,0,0,0,0,1,0,7,0,0,0,0,1,200,1,200,200,200,1,3,200
0,200,30,0,0,0,1,10,2,200,0,0,0,0,200,200,200,18,18,0,43,200
0,200,30,0,0,0,1,10,2,200,0,0,0,0,200,200,200,18,18,0,59,200
0,0,30,0,0,0,200,7,6,1,0,0,0,0,200,200,1,0,0,2,200,200
0,200,30,1,2,0,1,10,5,200,0,0,0,0,200,200,200,0,200,0,40,200
0,200,30,1,2,0,1,10,5,200,0,0,0,0,200,200,200,0,200,1,57,200
0,200,30,0,0,0,1,14,2,4,0,0,0,1,200,200,200,17,17,0,73,200
0,200,30,0,0,0,1,14,2,4,0,0,0,1,200,200,200,17,17,0,54,200
0,200,30,0,0,0,1,10,5,4,0,0,0,1,200,200,200,16,200,0,39,200
0,200,30,0,0,0,1,10,5,4,0,0,0,1,200,200,200,16,200,0,21,200
0,200,30,0,0,0,1,10,5,4,0,0,0,1,200,200,200,16,200,1,30,200
1,200,30,0,0,0,1,10,5,4,0,0,0,1,200,200,200,16,200,0,29,200
0,200,30,1,2,0,1,14,2,2,0,0,0,1,1,200,1,6,0,2,200,200
0,200,30,1,2,0,1,14,2,2,0,0,0,1,1,200,1,6,0,1,37,200
0,200,30,0,0,0,1,10,4,1,0,0,0,0,200,200,200,0,0,0,200,200
0,200,30,0,0,0,1,10,4,1,0,0,0,0,200,200,200,0,0,0,200,200
0,200,30,1,200,0,1,10,5,200,0,0,0,0,200,200,200,18,200,0,67,200
0,200,30,1,200,0,1,10,5,200,0,0,0,0,200,200,200,18,200,0,31,200
0,200,30,1,200,0,1,10,5,200,0,0,0,0,200,200,200,18,200,1,45,200
0,200,30,1,2,0,1,14,1,4,0,0,0,1,1,200,200,0,0,0,66,200
0,200,30,1,2,0,1,14,1,4,0,0,0,1,1,200,200,0,0,0,37,200
1,200,30,1,2,0,1,14,1,4,0,0,0,1,1,200,200,0,0,0,14,200
0,200,30,0,0,0,1,14,5,200,0,0,0,0,200,200,1,200,200,0,200,200
0,200,30,0,0,0,1,14,5,200,0,0,0,0,200,200,1,200,200,0,25,200
1,200,30,0,0,0,1,14,5,200,0,0,0,0,200,200,1,200,200,1,200,200
0,200,30,0,0,0,1,7,5,2,0,0,0,0,200,200,200,33,11,0,42,200
0,200,25,0,0,0,1,10,5,2,0,0,0,1,200,200,200,18,0,0,34,200
0,200,25,0,0,0,1,10,5,2,0,0,0,1,200,200,200,18,0,1,20,200
0,200,25,0,0,0,1,10,5,2,0,0,0,1,200,200,200,18,0,1,51,200
1,200,25,0,0,0,1,10,5,2,0,0,0,1,200,200,200,18,0,1,18,200
1,200,25,0,0,0,1,10,5,2,0,0,0,1,200,200,200,18,0,1,41,200
0,200,30,0,0,0,1,12,6,200,0,0,0,0,200,200,1,0,0,0,33,200
0,200,30,0,0,0,1,12,6,200,0,0,0,0,200,200,1,0,0,0,200,200
0,200,30,0,200,0,1,10,2,200,0,0,200,0,200,200,200,16,200,0,47,200
0,200,30,0,200,0,1,10,2,200,0,0,200,0,200,200,200,16,200,0,48,200
0,200,30,200,200,200,1,10,5,200,0,0,0,0,200,200,200,18,200,1,200,200
0,200,30,200,200,200,1,10,5,200,0,0,0,0,200,200,200,18,200,0,60,200
0,200,30,0,0,0,1,12,5,200,0,0,0,0,200,200,1,0,0,1,200,200
0,200,30,0,0,0,1,12,5,200,0,0,0,0,200,200,1,0,0,1,50,200
0,200,30,0,0,0,1,12,5,2,0,0,0,1,200,200,200,16,200,0,44,200
0,200,30,0,0,0,1,12,5,2,0,0,0,1,200,200,200,16,200,1,56,200
1,200,30,0,0,0,1,12,5,2,0,0,0,1,200,200,200,16,200,0,22,200
1,200,30,0,0,0,1,12,5,2,0,0,0,1,200,200,200,16,200,0,28,200
1,200,30,0,0,0,1,12,5,2,0,0,0,1,200,200,200,16,200,0,38,200
1,200,30,0,0,0,1,12,5,2,0,0,0,1,200,200,200,16,200,1,13,200
1,200,30,0,0,0,1,12,5,2,0,0,0,1,200,200,200,16,200,1,13,200
1,200,30,0,0,0,1,12,5,2,0,0,0,1,200,200,200,16,200,0,3,200
0,200,30,0,0,0,1,10,5,2,0,0,0,0,200,200,200,18,200,0,31,200
0,200,30,0,0,0,1,10,5,2,0,0,0,0,200,200,200,18,200,0,45,200
1,200,30,0,0,0,1,10,5,2,0,0,0,0,200,200,200,18,200,0,200,200
0,200,35,0,0,0,1,7,5,2,0,0,3,0,200,200,200,0,0,1,29,200
0,200,30,1,2,0,1,10,5,4,0,0,0,0,200,200,1,18,0,2,200,200
0,200,30,1,2,0,1,10,5,4,0,0,0,0,200,200,1,18,0,0,30,200
0,200,30,0,0,0,1,10,2,2,0,0,0,0,1,200,1,0,0,2,200,200
0,200,30,0,0,0,1,10,2,2,0,0,0,0,1,200,1,0,0,0,63,200
0,200,30,0,0,0,1,10,2,2,0,0,0,0,1,200,1,0,0,0,41,200
0,200,30,0,0,0,1,10,5,2,0,0,0,0,200,200,1,14,200,0,21,200
0,200,30,0,0,0,1,10,5,2,0,0,0,0,200,200,1,14,200,0,54,200
0,200,30,0,0,0,1,7,6,1,0,0,200,0,200,200,1,0,0,2,200,200
0,200,30,0,0,0,1,7,5,4,0,0,0,0,200,200,200,0,200,0,48,200
0,200,30,0,0,0,2,7,5,200,0,0,0,0,200,200,1,200,200,2,200,200
0,200,30,1,2,0,1,0,1,6,0,0,0,1,1,200,200,17,0,0,20,200
0,200,30,1,2,0,1,0,1,6,0,0,0,1,1,200,200,17,0,0,41,200
0,200,30,1,2,0,1,0,1,6,0,0,0,1,1,200,200,17,0,0,29,200
1,200,30,1,2,0,1,0,1,6,0,0,0,1,1,200,200,17,0,1,37,200
0,200,30,0,0,0,1,12,5,4,0,0,0,0,200,200,200,0,200,0,41,200
0,200,30,0,0,0,1,12,5,4,0,0,0,0,200,200,200,0,200,0,25,200
1,200,30,0,0,0,1,12,5,4,0,0,0,0,200,200,200,0,200,1,200,200
0,200,35,1,2,0,1,10,5,4,0,0,0,0,0,200,200,18,18,0,26,200
0,200,35,1,2,0,1,10,5,4,0,0,0,0,0,200,200,18,18,0,56,200
0,200,30,0,0,0,1,9,6,1,0,0,0,1,200,200,1,0,0,0,200,200
5,200,30,0,0,0,1,9,6,1,0,0,0,1,200,200,1,0,0,1,19,200
0,200,30,0,0,0,1,14,2,4,0,0,0,1,200,200,200,17,200,1,33,200
0,200,30,0,0,0,1,14,2,4,0,0,0,1,200,200,200,17,200,0,22,200
1,200,30,0,0,0,1,14,2,4,0,0,0,1,200,200,200,17,200,0,38,200
0,200,30,1,2,0,1,14,2,3,0,0,200,0,1,200,1,23,0,2,200,200
0,200,30,1,2,0,1,14,2,3,0,0,200,0,1,200,1,23,0,0,27,200
0,200,30,1,2,0,1,10,2,2,0,0,200,0,200,200,200,0,0,0,57,200
0,200,30,1,2,0,1,10,2,2,0,0,200,0,200,200,200,0,0,0,43,200
0,200,30,2,2,0,1,10,5,2,0,0,0,1,200,200,200,16,16,2,200,200
0,200,30,2,2,0,1,10,5,2,0,0,0,1,200,200,200,16,16,1,49,200
0,200,30,2,2,0,1,10,5,2,0,0,0,1,200,200,200,16,16,0,55,200
0,200,30,2,2,0,1,10,5,2,0,0,0,1,200,200,200,16,16,1,33,200
0,200,30,0,0,0,1,14,2,2,0,0,200,0,200,200,200,0,200,0,200,200
0,200,30,0,0,0,1,14,2,2,0,0,200,0,200,200,200,0,200,0,26,200
0,200,30,0,0,0,1,12,2,200,0,0,0,0,200,200,1,22,22,2,200,200
0,200,30,0,0,0,1,12,2,200,0,0,0,0,200,200,1,22,22,1,53,200
0,200,30,0,0,0,1,10,3,2,0,0,0,1,200,200,200,18,18,1,47,200
0,200,30,0,0,0,1,10,3,2,0,0,0,1,200,200,200,18,18,1,23,200
0,200,30,0,0,0,1,12,5,4,0,0,0,0,200,200,1,21,0,0,200,200
0,200,30,0,0,0,1,12,5,4,0,0,0,0,200,200,1,21,0,0,30,200
0,200,15,0,0,0,1,14,5,2,0,0,0,0,200,200,200,17,0,1,58,200
0,200,15,0,0,0,1,14,5,2,0,0,0,0,200,200,200,17,0,0,53,200
0,200,30,1,2,0,1,10,5,200,0,0,0,0,200,200,1,18,16,0,200,200
0,200,30,1,2,0,1,10,5,200,0,0,0,0,200,200,1,18,16,1,43,200
0,200,30,0,0,0,1,7,5,200,0,0,0,0,200,200,200,0,0,0,66,200
0,200,30,0,0,0,1,10,2,2,0,0,0,0,200,200,200,0,200,1,200,200
0,200,30,0,0,0,1,10,2,2,0,0,0,0,200,200,200,0,200,1,47,200
0,200,30,1,2,0,1,14,5,4,0,0,0,0,1,200,200,0,0,0,200,200
0,200,30,1,2,0,1,14,5,4,0,0,0,0,1,200,200,0,0,1,200,200
1,200,30,1,2,0,1,14,5,4,0,0,0,0,1,200,200,0,0,0,200,200
0,200,30,1,2,0,1,10,2,200,0,0,0,0,1,200,1,18,200,0,200,200
0,200,30,1,2,0,1,10,2,200,0,0,0,0,1,200,1,18,200,1,49,200
1,200,30,1,2,0,1,10,2,200,0,0,0,0,1,200,1,18,200,0,200,200
0,200,25,0,0,0,1,7,6,200,0,0,0,0,200,200,200,11,33,2,200,200
0,200,30,0,0,0,1,14,5,2,0,0,0,1,1,200,200,23,22,0,44,200
0,200,30,0,0,0,1,14,5,2,0,0,0,1,1,200,200,23,22,0,61,200
3,200,30,1,2,0,1,4,2,2,0,0,1,1,200,200,200,29,0,200,200,200
0,200,30,1,2,0,1,4,2,2,0,0,1,1,200,200,200,29,0,1,40,200
1,200,30,1,2,0,1,4,2,2,0,0,1,1,200,200,200,29,0,0,200,200
1,200,30,1,2,0,1,4,2,2,0,0,1,1,200,200,200,29,0,0,200,200
0,200,25,2,0,0,1,10,6,200,0,0,0,0,200,200,200,18,11,1,26,200
0,200,25,2,0,0,1,10,6,200,0,0,0,0,200,200,200,18,11,1,38,200
0,200,30,1,2,0,2,10,2,2,0,0,0,1,200,200,200,200,200,0,63,200
0,200,30,1,2,0,2,10,2,2,0,0,0,1,200,200,200,200,200,0,62,200
1,200,30,1,2,0,2,10,2,2,0,0,0,1,200,200,200,200,200,1,42,200
0,200,30,0,0,0,1,12,5,2,0,0,0,0,200,200,200,17,0,1,58,200
0,200,30,0,0,0,1,12,5,2,0,0,0,0,200,200,200,17,0,0,32,200
0,200,30,0,0,0,1,0,4,1,0,0,0,0,200,200,200,20,20,1,200,200
0,200,30,0,0,0,1,0,4,1,0,0,0,0,200,200,200,20,20,1,55,200
0,200,30,2,2,0,1,0,5,2,0,0,0,0,1,200,1,0,0,1,200,200
0,200,30,2,2,0,1,0,5,2,0,0,0,0,1,200,1,0,0,1,200,200
0,200,35,0,0,0,1,8,5,2,0,0,0,1,200,200,200,16,7,1,20,200
4,200,35,0,0,0,1,8,5,2,0,0,0,1,200,200,200,16,7,0,43,200
0,200,30,0,0,0,1,10,5,200,0,0,0,0,200,200,200,0,0,0,43,200
0,200,30,0,0,0,1,10,5,200,0,0,0,0,200,200,200,0,0,1,78,200
1,200,30,0,0,0,1,10,5,200,0,0,0,0,200,200,200,0,0,200,200,200
1,200,30,0,0,0,1,10,5,200,0,0,0,0,200,200,200,0,0,200,200,200
1,200,30,0,0,0,1,10,5,200,0,0,0,0,200,200,200,0,0,200,200,200
0,200,30,0,0,0,1,10,5,2,0,0,0,0,200,200,1,18,200,0,200,200
0,200,30,0,0,0,1,10,5,2,0,0,0,0,200,200,1,18,200,1,32,200
0,200,30,0,0,0,1,10,5,2,0,0,0,0,200,200,1,18,200,1,0,200
0,200,30,1,2,0,1,10,2,2,0,0,0,0,200,200,200,18,0,0,200,200
0,200,30,1,2,0,1,10,2,2,0,0,0,0,200,200,200,18,0,1,30,200
0,200,30,2,2,0,1,14,2,4,0,0,0,1,1,200,200,17,33,0,42,200
0,200,30,2,2,0,1,14,2,4,0,0,0,1,1,200,200,17,33,0,20,200
1,200,30,2,2,0,1,14,2,4,0,0,0,1,1,200,200,17,33,1,23,200
0,200,30,2,2,1,1,10,5,200,0,0,0,0,200,200,200,0,0,0,52,200
0,200,30,2,2,1,1,10,5,200,0,0,0,0,200,200,200,0,0,1,61,200
0,200,35,0,0,0,1,10,1,4,0,0,0,0,200,200,200,18,16,1,31,200
0,200,35,0,0,0,1,10,1,4,0,0,0,0,200,200,200,18,16,1,200,200
0,200,30,10,2,0,1,10,2,200,0,0,0,0,1,200,200,0,0,1,19,200
0,200,30,10,2,0,1,10,2,200,0,0,0,0,1,200,200,0,0,1,28,200
0,200,30,2,2,0,1,7,5,2,0,0,0,0,200,200,200,0,200,2,200,200
0,200,30,0,0,0,1,0,12,200,2,0,0,0,200,200,200,17,17,1,200,200
0,200,30,0,0,0,1,0,12,200,2,0,0,0,200,200,200,17,17,1,25,200
0,200,30,0,0,0,1,7,3,200,0,0,0,0,200,200,200,0,11,0,28,200
1,200,30,0,0,0,1,7,3,200,0,0,0,0,200,200,200,0,11,0,33,200
1,200,30,0,0,0,1,7,3,200,0,0,0,0,200,200,200,0,11,1,1,200
0,200,30,2,2,0,1,12,2,200,0,0,0,0,0,200,200,21,22,0,43,200
0,200,30,2,2,0,1,12,2,200,0,0,0,0,0,200,200,21,22,0,38,200
1,200,30,2,2,0,1,12,2,200,0,0,0,0,0,200,200,21,22,0,36,200
1,200,30,2,2,0,1,12,2,200,0,0,0,0,0,200,200,21,22,0,200,200
0,1,15,0,0,0,1,2,0,200,0,0,0,0,200,1,1,0,0,1,200,200
0,200,30,1,200,0,1,10,5,4,0,0,200,1,200,200,200,0,0,1,38,200
0,200,30,1,200,0,1,10,5,4,0,0,200,1,200,200,200,0,0,1,57,200
0,200,30,0,0,0,1,0,7,200,0,0,0,0,200,200,200,20,200,1,200,200
0,200,30,0,0,0,1,0,7,200,0,0,0,0,200,200,200,20,200,0,42,200
0,200,30,0,0,0,1,7,5,200,0,0,0,0,200,200,200,200,200,1,56,200
0,1,30,0,0,0,1,7,6,1,0,0,0,0,200,200,1,0,0,2,200,200
0,200,30,0,0,0,1,3,6,1,0,0,0,0,200,200,200,20,20,0,200,200
0,200,30,0,0,0,1,3,6,1,0,0,0,0,200,200,200,20,20,0,28,200
0,200,30,0,0,0,1,14,2,2,0,0,3,1,1,200,200,17,16,0,46,200
0,200,30,0,0,0,1,14,2,2,0,0,3,1,1,200,200,17,16,1,32,200
0,200,30,0,200,0,1,14,1,200,0,0,0,0,1,200,200,8,200,2,200,200
0,200,30,0,200,0,1,14,1,200,0,0,0,0,1,200,200,8,200,0,28,200
0,200,30,1,2,0,1,10,5,4,0,0,0,0,1,200,200,16,200,0,200,200
0,200,30,1,2,0,1,10,5,4,0,0,0,0,1,200,200,16,200,1,200,200
0,200,30,1,2,0,3,10,5,4,0,0,200,1,200,200,200,11,11,1,39,200
0,200,30,1,2,0,3,10,5,4,0,0,200,1,200,200,200,11,11,0,36,200
1,200,30,1,2,0,3,10,5,4,0,0,200,1,200,200,200,11,11,1,200,200
1,200,30,1,2,0,3,10,5,4,0,0,200,1,200,200,200,11,11,1,200,200
1,200,30,1,2,0,3,10,5,4,0,0,200,1,200,200,200,11,11,1,32,200
1,200,30,1,2,0,3,10,5,4,0,0,200,1,200,200,200,11,11,0,3,200
1,200,30,1,2,0,3,10,5,4,0,0,200,1,200,200,200,11,11,1,0,200
0,200,30,0,0,0,1,12,5,200,0,0,0,0,200,200,200,200,200,1,200,200
0,200,30,0,0,0,1,12,5,200,0,0,0,0,200,200,200,200,200,1,42,200
0,200,20,0,0,0,1,7,5,200,0,0,0,1,200,200,200,0,0,0,26,200
0,200,35,1,2,0,1,14,5,4,0,0,0,0,200,200,200,17,0,0,31,200
0,200,35,1,2,0,1,14,5,4,0,0,0,0,200,200,200,17,0,0,200,200
0,200,30,1,2,0,1,12,5,200,0,0,0,0,200,200,200,22,200,0,40,200
0,200,30,1,2,0,1,12,5,200,0,0,0,0,200,200,200,22,200,0,18,200
0,1,20,0,0,200,200,7,6,1,0,0,0,1,200,200,1,0,0,2,200,200
0,200,30,0,0,0,1,8,5,200,0,0,0,0,200,200,200,17,0,0,33,200
4,200,30,0,0,0,1,8,5,200,0,0,0,0,200,200,200,17,0,0,26,200
0,200,30,1,2,0,1,9,5,2,0,0,0,1,1,200,200,33,0,0,27,200
5,200,30,1,2,0,1,9,5,2,0,0,0,1,1,200,200,33,0,0,34,200
0,200,30,1,2,0,1,10,2,200,0,0,0,0,1,200,200,16,18,1,21,200
0,200,30,1,2,0,1,10,2,200,0,0,0,0,1,200,200,16,18,0,52,200
0,200,30,0,0,0,1,10,2,2,0,0,200,0,200,200,200,18,11,1,36,200
0,200,30,0,0,0,1,10,2,2,0,0,200,0,200,200,200,18,11,0,39,200
0,200,30,1,2,0,1,10,5,2,0,0,0,0,1,200,200,16,200,0,16,200
0,200,30,1,2,0,1,10,5,2,0,0,0,0,1,200,200,16,200,0,54,200
0,200,15,0,0,0,1,2,0,200,0,0,0,0,200,200,200,23,23,1,30,200
0,200,30,1,2,0,1,12,2,2,0,0,0,0,1,200,200,0,0,0,25,200
0,200,30,1,2,0,1,12,2,2,0,0,0,0,1,200,200,0,0,0,29,200
0,200,30,1,2,0,1,10,5,2,0,0,200,0,200,200,1,18,0,0,200,200
0,200,30,1,2,0,1,10,5,2,0,0,200,0,200,200,1,18,0,0,50,200
1,200,30,1,2,0,1,10,5,2,0,0,200,0,200,200,1,18,0,1,49,200
0,200,30,0,0,0,1,12,5,200,0,0,0,0,200,200,200,0,200,0,21,200
0,200,30,0,0,0,1,12,5,200,0,0,0,0,200,200,200,0,200,0,36,200
0,200,30,0,0,0,1,7,2,2,0,0,0,0,200,200,1,0,0,2,200,200
1,200,30,0,0,0,1,7,2,2,0,0,0,0,200,200,1,0,0,1,54,200
0,200,30,1,2,200,1,14,5,200,0,200,0,0,200,200,200,0,0,1,23,200
0,200,30,1,2,200,1,14,5,200,0,200,0,0,200,200,200,0,0,1,31,200
0,200,30,1,2,0,1,10,5,200,0,0,200,0,200,200,200,18,200,1,200,200
0,200,30,1,2,0,1,10,5,200,0,0,200,0,200,200,200,18,200,0,25,200
0,200,30,0,0,0,1,12,3,3,0,0,0,0,200,200,200,21,21,0,28,200
0,200,30,0,0,0,1,12,3,3,0,0,0,0,200,200,200,21,21,1,52,200
0,200,20,0,0,0,1,7,2,200,0,0,0,0,0,200,1,0,0,2,200,200
0,200,30,1,2,0,1,10,6,1,0,0,0,0,1,200,200,16,18,0,26,200
0,200,30,1,2,0,1,10,6,1,0,0,0,0,1,200,200,16,18,1,44,200
0,200,30,2,2,0,1,0,2,2,0,0,0,0,1,200,200,0,22,1,32,200
0,200,30,2,2,0,1,0,2,2,0,0,0,0,1,200,200,0,22,1,0,200
0,200,30,1,2,0,1,14,5,200,0,0,0,0,200,200,1,0,0,0,200,200
0,200,30,1,2,0,1,14,5,200,0,0,0,0,200,200,1,0,0,0,42,200
0,200,30,0,0,0,4,8,5,2,0,0,0,1,200,200,200,11,0,1,29,200
4,200,30,0,0,0,4,8,5,2,0,0,0,1,200,200,200,11,0,1,26,200
0,200,30,0,0,0,4,8,5,2,0,0,0,1,200,200,200,11,0,2,200,200
0,200,35,3,2,0,1,0,1,3,0,0,0,1,200,200,200,17,33,0,20,200
0,200,35,3,2,0,1,0,1,3,0,0,0,1,200,200,200,17,33,1,76,200
0,200,30,1,2,0,1,10,2,2,0,0,200,1,200,200,200,18,0,0,60,200
0,200,30,1,2,0,1,10,2,2,0,0,200,1,200,200,200,18,0,0,56,200
0,200,30,1,2,0,1,10,2,2,0,0,200,1,200,200,200,18,0,0,65,200
0,200,25,0,0,0,1,7,6,1,0,0,0,0,200,200,200,0,0,1,71,200
0,200,30,0,0,0,1,0,5,4,0,0,0,0,200,200,1,17,0,1,200,200
0,200,30,0,0,0,1,0,5,4,0,0,0,0,200,200,1,17,0,0,27,200
0,200,30,1,2,0,1,10,6,200,0,0,0,0,1,200,200,16,18,1,200,200
0,200,30,1,2,0,1,10,6,200,0,0,0,0,1,200,200,16,18,0,38,200
0,200,30,0,0,0,1,14,6,1,0,0,0,0,200,200,200,18,17,0,28,200
0,200,30,1,200,0,4,0,5,2,0,0,200,0,200,200,1,17,6,2,200,200
0,200,30,1,200,0,4,0,5,2,0,0,200,0,200,200,1,17,6,1,33,200
0,200,30,0,0,0,1,9,2,2,0,0,0,1,200,200,200,17,17,0,69,200
5,200,30,0,0,0,1,9,2,2,0,0,0,1,200,200,200,17,17,0,29,200
0,200,30,9,2,0,4,7,6,1,0,0,0,0,200,200,200,10,200,0,48,200
0,200,30,0,0,0,200,7,2,2,2,0,0,0,200,200,200,0,200,0,37,200
0,0,30,12,200,0,3,9,5,1,2,0,200,1,200,200,200,17,200,0,60,200
5,0,30,12,200,0,3,9,5,1,2,0,200,1,200,200,200,17,200,1,14,200
1,0,30,12,200,0,3,9,5,1,2,0,200,1,200,200,200,17,200,1,200,200
0,200,35,1,2,0,1,10,5,4,0,0,0,0,200,200,200,18,16,1,45,200
0,200,35,1,2,0,1,10,5,4,0,0,0,0,200,200,200,18,16,0,66,200
1,200,35,1,2,0,1,10,5,4,0,0,0,0,200,200,200,18,16,0,20,200
1,200,35,1,2,0,1,10,5,4,0,0,0,0,200,200,200,18,16,1,24,200
0,200,20,0,0,0,1,7,5,200,0,0,0,0,200,200,200,22,0,0,49,200
0,200,30,1,2,0,1,14,2,200,0,0,0,0,200,200,200,0,0,1,0,200
0,200,30,1,2,0,1,14,2,200,0,0,0,0,200,200,200,0,0,0,46,200
0,200,30,2,0,0,1,14,5,200,0,0,200,0,200,200,200,0,0,0,21,200
0,200,30,2,0,0,1,14,5,200,0,0,200,0,200,200,200,0,0,0,31,200
0,1,30,0,0,0,3,2,7,2,3,0,0,1,200,200,1,0,200,2,200,200
0,200,30,0,0,0,3,0,5,2,0,0,0,1,200,200,200,17,200,1,43,200
0,200,30,0,0,0,3,0,5,2,0,0,0,1,200,200,200,17,200,0,75,200
0,200,30,0,0,0,1,11,7,200,0,0,0,0,200,200,200,0,200,1,200,200
0,200,30,0,0,0,1,11,7,200,0,0,0,0,200,200,200,0,200,1,34,200
1,200,30,0,0,0,1,11,7,200,0,0,0,0,200,200,200,0,200,0,6,200
1,200,30,0,0,0,1,11,7,200,0,0,0,0,200,200,200,0,200,0,200,200
1,200,30,0,0,0,1,11,7,200,0,0,0,0,200,200,200,0,200,0,200,200
0,200,30,1,2,0,0,10,2,200,0,0,0,0,200,200,200,8,18,0,51,200
0,200,30,1,2,0,0,10,2,200,0,0,0,0,200,200,200,8,18,1,59,200
1,200,30,1,2,0,0,10,2,200,0,0,0,0,200,200,200,8,18,1,86,200
0,200,30,0,12,0,3,12,5,200,0,0,0,0,200,200,200,200,200,0,26,200
0,200,30,0,12,0,3,12,5,200,0,0,0,0,200,200,200,200,200,1,30,200
1,200,30,0,12,0,3,12,5,200,0,0,0,0,200,200,200,200,200,1,13,200
0,200,30,1,2,0,1,12,5,4,0,0,200,0,200,200,1,0,0,0,200,200
0,200,30,1,2,0,1,12,5,4,0,0,200,0,200,200,1,0,0,0,28,200
0,200,40,1,2,0,3,12,5,6,0,0,0,1,1,200,200,0,0,0,54,200
0,200,40,1,2,0,3,12,5,6,0,0,0,1,1,200,200,0,0,1,30,200
0,1,30,2,200,200,200,7,5,2,0,200,0,1,200,200,1,0,200,2,200,200
0,200,10,0,0,0,1,7,7,200,0,0,0,0,200,200,1,0,200,2,200,200
0,200,25,0,0,0,0,2,12,200,5,200,12,0,200,200,200,33,200,0,37,200
1,200,25,0,0,0,0,2,12,200,5,200,12,0,200,200,200,33,200,0,53,200
0,200,30,0,0,0,1,0,12,3,0,200,200,1,1,200,200,17,16,1,25,200
0,200,30,0,0,0,1,0,12,3,0,200,200,1,1,200,200,17,16,1,25,200
0,200,30,1,2,0,1,8,2,2,0,0,0,1,1,200,1,17,0,2,200,200
4,200,30,1,2,0,1,8,2,2,0,0,0,1,1,200,1,17,0,0,13,200
0,200,30,0,0,0,3,7,6,1,0,0,0,0,200,200,1,0,0,2,200,200
0,200,30,2,2,0,3,8,2,4,0,0,0,1,200,200,1,14,200,0,200,200
4,200,30,2,2,0,3,8,2,4,0,0,0,1,200,200,1,14,200,0,56,200
0,200,25,0,0,0,3,7,6,1,0,0,0,1,200,200,200,32,25,0,25,200
0,200,30,1,2,0,3,7,5,4,0,0,0,1,200,200,200,23,0,0,19,200
0,200,30,0,0,0,1,2,3,200,0,0,0,0,200,200,200,0,200,0,42,200
1,200,30,0,0,0,1,2,3,200,0,0,0,0,200,200,200,0,200,0,33,200
0,200,35,1,2,0,3,14,5,4,0,0,0,0,200,200,200,23,200,0,47,200
0,200,35,1,2,0,3,14,5,4,0,0,0,0,200,200,200,23,200,0,46,200
0,200,30,2,2,0,1,0,5,2,0,0,200,0,200,200,1,17,200,1,200,200
0,200,30,2,2,0,1,0,5,2,0,0,200,0,200,200,1,17,200,0,59,200
1,200,30,2,2,0,1,0,5,2,0,0,200,0,200,200,1,17,200,0,200,200
1,200,30,2,2,0,1,0,5,2,0,0,200,0,200,200,1,17,200,0,200,200
1,200,30,2,2,0,1,0,5,2,0,0,200,0,200,200,1,17,200,0,200,200
0,200,40,0,0,0,3,10,3,8,0,0,200,0,200,200,1,18,200,2,200,200
0,200,40,0,0,0,3,10,3,8,0,0,200,0,200,200,1,18,200,0,54,200
0,200,30,1,2,0,3,10,2,2,0,0,0,0,200,200,1,0,200,0,200,200
0,200,30,1,2,0,3,10,2,2,0,0,0,0,200,200,1,0,200,0,28,200
0,200,30,0,0,0,3,10,5,200,0,0,0,0,200,200,200,0,0,0,26,200
0,200,30,0,0,0,3,10,5,200,0,0,0,0,200,200,200,0,0,0,26,200
0,200,30,1,2,200,3,12,2,4,0,200,200,0,200,200,1,16,0,2,200,200