PERSON_TYPE,CRASH_DATE_EST_I,POSTED_SPEED_LIMIT,TRAFFIC_CONTROL_DEVICE,DEVICE_CONDITION,WEATHER_CONDITION,LIGHTING_CONDITION,FIRST_CRASH_TYPE,TRAFFICWAY_TYPE,LANE_CNT,ALIGNMENT,ROADWAY_SURFACE_COND,ROAD_DEFECT,CRASH_TYPE,INTERSECTION_RELATED_I,NOT_RIGHT_OF_WAY_I,HIT_AND_RUN_I,PRIM_CONTRIBUTORY_CAUSE,SEC_CONTRIBUTORY_CAUSE,SEX,AGE,BAC_RESULT VALUE
0,200,30,1,2,200,3,12,2,4,0,200,200,0,200,200,1,16,0,1,31,200
0,200,30,1,200,0,1,10,2,2,0,0,0,0,200,200,200,20,200,0,200,200
0,200,30,1,200,0,1,10,2,2,0,0,0,0,200,200,200,20,200,1,20,200
1,200,30,1,200,0,1,10,2,2,0,0,0,0,200,200,200,20,200,0,200,200
0,200,30,0,0,0,3,9,2,200,0,0,0,1,200,200,1,25,0,0,200,200
5,200,30,0,0,0,3,9,2,200,0,0,0,1,200,200,1,25,0,1,13,200
0,200,30,0,0,0,3,7,6,1,0,0,0,0,200,200,1,10,25,2,200,200
0,200,30,0,0,0,3,0,12,200,0,0,0,0,200,200,200,6,200,1,47,200
0,200,30,0,0,0,3,0,12,200,0,0,0,0,200,200,200,6,200,0,34,200
0,200,25,0,0,0,3,7,5,200,0,0,0,0,200,200,200,20,20,2,200,200
0,200,30,1,2,0,3,0,5,2,0,0,0,1,1,200,200,16,0,1,24,200
0,200,30,1,2,0,3,0,5,2,0,0,0,1,1,200,200,16,0,1,31,200
1,200,30,1,2,0,3,0,5,2,0,0,0,1,1,200,200,16,0,1,30,200
1,200,30,1,2,0,3,0,5,2,0,0,0,1,1,200,200,16,0,0,25,200
0,200,30,0,0,0,3,5,5,200,0,0,0,1,200,200,1,25,0,0,200,200
0,200,30,1,2,0,3,10,5,2,0,0,200,0,200,200,200,11,0,0,53,200
0,200,30,1,2,0,3,10,5,2,0,0,200,0,200,200,200,11,0,0,60,200
1,200,30,1,2,0,3,10,5,2,0,0,200,0,200,200,200,11,0,200,200,200
1,200,30,1,2,0,3,10,5,2,0,0,200,0,200,200,200,11,0,200,200,200
0,200,30,3,0,0,3,7,7,5,0,0,0,0,200,1,200,200,200,2,200,200
0,200,30,0,0,0,1,7,5,200,0,0,0,1,200,200,200,21,0,0,20,200
0,200,30,1,2,0,1,0,2,200,0,0,0,1,1,200,200,6,200,0,47,200
0,200,30,1,2,0,1,0,2,200,0,0,0,1,1,200,200,6,200,1,25,200
0,200,30,1,200,0,0,14,5,4,0,0,0,0,1,200,1,0,200,0,200,200
0,200,30,1,200,0,0,14,5,4,0,0,0,0,1,200,1,0,200,0,54,200
0,200,30,0,0,0,1,3,5,1,0,0,0,0,200,200,1,0,0,0,200,200
0,200,30,0,0,0,1,3,5,1,0,0,0,0,200,200,1,0,0,1,54,200
0,200,30,0,0,1,1,7,5,2,0,0,0,0,200,200,200,21,16,1,51,200
1,200,30,0,0,1,1,7,5,2,0,0,0,0,200,200,200,21,16,1,8,200
0,200,30,1,2,0,1,14,2,2,0,0,0,1,1,200,200,12,10,1,29,200
0,200,30,1,2,0,1,14,2,2,0,0,0,1,1,200,200,12,10,1,28,200
1,200,30,1,2,0,1,14,2,2,0,0,0,1,1,200,200,12,10,1,200,200
0,200,30,1,2,1,1,10,5,2,0,0,12,1,200,200,200,16,200,0,22,200
0,200,30,1,2,1,1,10,5,2,0,0,12,1,200,200,200,16,200,0,43,200
0,200,30,1,2,1,1,14,2,200,2,0,0,0,1,200,200,21,0,0,20,200
0,200,30,1,2,1,1,14,2,200,2,0,0,0,1,200,200,21,0,0,30,200
1,200,30,1,2,1,1,14,2,200,2,0,0,0,1,200,200,21,0,1,1,200
0,200,10,0,0,0,1,3,0,200,0,0,0,0,200,200,200,0,0,0,29,200
0,200,10,0,0,0,1,3,0,200,0,0,0,0,200,200,200,0,0,1,22,200
0,200,30,0,0,0,1,2,5,200,0,0,0,0,200,1,200,11,11,1,31,200
0,200,25,1,2,0,1,14,2,4,0,0,0,1,1,200,200,17,21,0,57,200
0,200,25,1,2,0,1,14,2,4,0,0,0,1,1,200,200,17,21,0,51,200
0,200,30,0,0,0,1,14,5,6,0,0,0,1,200,1,200,23,33,0,77,200
0,200,30,0,0,0,1,14,5,6,0,0,0,1,200,1,200,23,33,0,73,200
0,200,25,0,0,0,1,7,6,200,0,0,0,0,200,200,200,0,0,2,200,200
0,200,30,0,0,0,1,10,3,200,0,0,0,0,200,200,200,0,200,0,58,200
0,200,30,0,0,0,1,10,3,200,0,0,0,0,200,200,200,0,200,1,62,200
0,200,35,1,2,1,1,12,2,200,0,0,0,0,200,200,200,22,200,0,26,200
0,200,35,1,2,1,1,12,2,200,0,0,0,0,200,200,200,22,200,0,38,200
0,200,0,0,0,0,1,2,7,200,0,0,0,1,200,1,200,0,200,0,46,200
0,200,25,0,0,0,1,7,5,2,0,0,0,0,200,200,200,200,200,0,25,200
1,200,25,0,0,0,1,7,5,2,0,0,0,0,200,200,200,200,200,1,52,200
0,200,30,1,2,0,1,7,5,2,0,0,0,0,200,200,200,0,0,0,22,200
1,200,30,1,2,0,1,7,5,2,0,0,0,0,200,200,200,0,0,1,44,200
0,200,45,0,0,0,1,12,3,200,0,0,0,0,200,200,1,21,200,1,200,200
0,200,45,0,0,0,1,12,3,200,0,0,0,0,200,200,1,21,200,1,29,200
0,200,35,2,2,0,1,14,5,2,0,0,0,0,1,200,200,17,200,0,0,200
0,200,35,2,2,0,1,14,5,2,0,0,0,0,1,200,200,17,200,0,35,200
0,200,35,2,2,0,1,14,6,1,0,0,0,1,200,200,1,5,0,2,200,200
0,200,35,2,2,0,1,14,6,1,0,0,0,1,200,200,1,5,0,0,21,200
0,200,35,0,0,0,1,14,5,4,0,0,0,1,1,200,200,28,28,1,24,200
0,200,35,0,0,0,1,14,5,4,0,0,0,1,1,200,200,28,28,0,23,200
0,200,45,0,2,0,4,10,3,200,0,0,0,0,200,200,1,16,200,2,200,200
0,200,45,0,2,0,4,10,3,200,0,0,0,0,200,200,1,16,200,1,22,200
0,200,25,0,0,0,1,12,5,2,0,0,0,0,200,200,1,22,200,1,200,200
0,200,25,0,0,0,1,12,5,2,0,0,0,0,200,200,1,22,200,1,66,200
0,200,30,0,200,0,1,12,5,4,0,0,200,0,200,200,0,17,16,0,200,200
0,200,30,0,200,0,1,12,5,4,0,0,200,0,200,200,0,17,16,0,38,200
0,200,25,1,2,0,1,14,5,4,0,0,0,0,200,200,200,21,0,1,27,200
0,200,25,1,2,0,1,14,5,4,0,0,0,0,200,200,200,21,0,1,200,200
0,200,30,0,0,0,1,11,5,1,0,0,0,1,200,200,200,12,200,0,25,200
0,200,30,0,0,0,1,11,5,1,0,0,0,1,200,200,200,12,200,0,56,200
0,200,30,0,0,0,1,12,5,4,0,0,0,0,200,200,200,21,200,1,26,200
0,200,30,0,0,0,1,12,5,4,0,0,0,0,200,200,200,21,200,1,39,200
0,200,30,0,0,0,1,7,5,4,0,0,0,1,200,200,200,16,200,1,49,200
1,200,30,0,0,0,1,7,5,4,0,0,0,1,200,200,200,16,200,1,25,200
1,200,30,0,0,0,1,7,5,4,0,0,0,1,200,200,200,16,200,0,52,200
1,200,30,0,0,0,1,7,5,4,0,0,0,1,200,200,200,16,200,0,0,200
1,200,30,0,0,0,1,7,5,4,0,0,0,1,200,200,200,16,200,0,4,200
1,200,30,0,0,0,1,7,5,4,0,0,0,1,200,200,200,16,200,0,3,200
1,200,30,0,0,0,1,7,5,4,0,0,0,1,200,200,200,16,200,0,5,200
0,200,30,0,0,0,1,7,6,2,0,0,0,0,200,200,1,22,200,0,200,200
0,200,30,0,0,0,200,7,6,200,0,0,0,0,200,200,1,0,200,2,200,200
0,200,30,0,0,1,2,7,5,1,0,0,0,0,200,200,200,0,0,0,27,200
1,200,30,0,0,1,2,7,5,1,0,0,0,0,200,200,200,0,0,2,200,200
1,200,30,0,0,1,2,7,5,1,0,0,0,0,200,200,200,0,0,0,200,200
0,200,30,1,2,0,1,12,3,3,0,0,0,0,200,200,200,18,18,0,200,200
0,200,30,1,2,0,1,12,3,3,0,0,0,0,200,200,200,18,18,0,200,200
0,200,25,0,0,0,2,5,5,2,0,0,0,0,200,1,200,0,200,0,200,200
0,200,10,0,0,0,1,0,7,2,0,0,0,0,200,1,200,0,200,1,200,200
0,200,10,0,0,0,1,0,7,2,0,0,0,0,200,1,200,0,200,0,64,200
0,200,30,0,0,0,200,7,6,200,0,0,0,1,200,200,1,21,200,2,200,200
0,200,30,0,0,200,200,0,5,2,0,200,200,0,200,200,200,0,0,0,18,200
0,200,30,0,0,200,200,0,5,2,0,200,200,0,200,200,200,0,0,0,25,200
0,200,30,0,0,0,1,10,5,200,0,0,0,0,200,200,200,0,0,1,23,200
0,200,30,0,0,0,1,10,5,200,0,0,0,0,200,200,200,0,0,0,47,200
0,1,30,0,0,1,1,14,2,2,0,0,0,1,1,200,200,17,200,0,38,200
0,1,30,0,0,1,1,14,2,2,0,0,0,1,1,200,200,17,200,0,42,200
0,200,30,0,0,0,1,12,2,200,0,0,0,0,200,200,200,0,0,1,54,200
0,200,30,0,0,0,1,12,2,200,0,0,0,0,200,200,200,0,0,1,200,200
0,200,15,0,0,0,1,0,7,200,0,200,200,0,200,1,1,0,0,0,200,200
0,200,15,0,0,0,1,0,7,200,0,200,200,0,200,1,1,0,0,0,48,200
0,200,30,1,2,0,1,0,5,5,0,0,0,1,1,200,200,6,16,0,41,200
0,200,30,1,2,0,1,0,5,5,0,0,0,1,1,200,200,6,16,0,56,200
0,200,20,0,0,0,1,7,12,1,0,0,0,0,200,200,1,0,200,0,200,200
0,200,30,0,0,1,1,2,5,200,0,0,0,0,200,200,200,11,11,0,61,200
0,200,20,0,0,0,1,11,5,200,0,0,0,0,200,200,200,0,0,0,47,200
0,200,20,0,0,0,1,11,5,200,0,0,0,0,200,200,200,0,0,0,29,200
0,200,30,0,0,0,1,2,2,2,0,0,0,0,200,200,200,0,200,0,56,200
0,200,30,0,0,0,1,10,3,200,0,0,0,0,200,200,1,17,18,0,200,200
0,200,30,0,0,0,1,10,3,200,0,0,0,0,200,200,1,17,18,0,53,200
0,200,30,0,0,0,1,12,5,200,0,0,0,0,200,200,200,0,0,1,60,200
0,200,30,0,0,0,1,12,5,200,0,0,0,0,200,200,200,0,0,1,24,200
0,200,30,0,0,0,1,10,5,2,0,0,0,0,200,200,200,21,20,0,28,200
0,200,30,0,0,0,1,10,5,2,0,0,0,0,200,200,200,21,20,0,49,200
0,200,30,0,0,0,1,5,6,200,0,0,1,0,200,200,200,28,28,0,75,200
1,200,30,0,0,0,1,5,6,200,0,0,1,0,200,200,200,28,28,1,74,200
0,200,30,0,0,0,1,10,5,2,0,0,0,1,200,200,200,0,200,1,27,200
0,200,30,0,0,0,1,10,5,2,0,0,0,1,200,200,200,0,200,0,52,200
0,200,30,1,2,0,1,2,2,2,0,0,0,0,200,200,200,27,200,0,21,200
0,200,30,0,0,0,1,12,5,2,0,0,0,0,200,200,200,17,200,1,200,200
0,200,30,0,0,0,1,12,5,2,0,0,0,0,200,200,200,17,200,0,27,200
0,200,30,0,0,1,1,0,12,2,0,0,0,0,200,200,200,20,200,0,34,200
0,200,30,0,0,1,1,0,12,2,0,0,0,0,200,200,200,20,200,0,39,200
0,200,30,1,2,0,1,10,2,4,0,0,0,0,200,200,200,0,0,0,36,200
0,200,30,1,2,0,1,10,2,4,0,0,0,0,200,200,200,0,0,0,44,200
0,200,30,0,0,0,1,10,2,200,0,0,0,1,200,200,200,17,18,1,200,200
0,200,30,0,0,0,1,10,2,200,0,0,0,1,200,200,200,17,18,1,32,200
0,200,30,0,0,0,1,7,5,200,0,0,0,0,200,200,200,17,17,0,41,200
0,200,30,0,0,0,1,8,6,2,0,0,0,1,200,200,200,0,0,0,64,200
4,200,30,0,0,0,1,8,6,2,0,0,0,1,200,200,200,0,0,1,30,200
1,200,30,0,0,0,1,7,3,200,0,0,0,0,200,200,200,18,200,1,28,200
0,200,30,0,0,0,1,7,3,200,0,0,0,0,200,200,200,18,200,0,24,200
1,200,30,0,0,0,1,7,3,200,0,0,0,0,200,200,200,18,200,1,23,200
0,1,30,0,0,0,3,7,2,1,0,0,0,0,200,200,1,0,200,2,200,200
0,200,30,2,3,0,1,14,6,1,0,0,0,0,200,200,200,23,0,0,58,200
0,200,30,2,3,0,1,14,6,1,0,0,0,0,200,200,200,23,0,0,38,200
4,200,30,2,2,0,1,8,6,2,0,0,0,0,1,200,200,33,5,0,23,200
0,200,30,2,2,0,1,8,6,2,0,0,0,0,1,200,200,33,5,0,44,200
0,200,25,0,0,0,0,7,7,200,0,0,0,0,200,200,200,0,200,2,200,200
0,200,20,0,0,0,1,7,2,200,0,0,0,0,200,200,1,200,200,2,200,200
0,200,35,1,2,0,1,14,5,200,0,0,0,0,200,200,200,17,17,1,73,200
0,200,35,1,2,0,1,14,5,200,0,0,0,0,200,200,200,17,17,1,37,200
0,200,40,0,0,200,1,10,2,6,0,200,200,0,200,200,200,0,0,0,70,200
0,200,40,0,0,200,1,10,2,6,0,200,200,0,200,200,200,0,0,1,200,200
0,200,15,0,0,0,1,3,7,2,0,0,0,0,200,200,200,20,0,0,51,200
0,200,15,0,0,0,1,3,7,2,0,0,0,0,200,200,200,20,0,1,65,200
0,200,35,1,2,0,1,10,5,2,0,0,0,0,200,200,200,18,200,0,200,200
0,200,35,1,2,0,1,10,5,2,0,0,0,0,200,200,200,18,200,1,200,200
0,200,30,12,2,0,1,12,2,200,0,0,0,1,200,200,1,22,25,2,200,200
0,200,30,12,2,0,1,12,2,200,0,0,0,1,200,200,1,22,25,1,38,200
1,200,30,12,2,0,1,12,2,200,0,0,0,1,200,200,1,22,25,0,32,200
0,200,30,0,0,0,1,2,6,2,0,0,0,0,200,200,200,11,200,0,38,200
1,200,30,0,0,0,1,2,6,2,0,0,0,0,200,200,200,11,200,0,26,200
0,200,30,0,0,0,1,10,5,1,0,0,0,0,200,200,200,18,0,1,23,200
0,200,30,0,0,0,1,10,5,1,0,0,0,0,200,200,200,18,0,1,200,200
1,200,30,0,0,0,1,10,5,1,0,0,0,0,200,200,200,18,0,1,1,200
0,200,30,0,0,0,3,7,3,200,0,0,0,0,200,200,1,0,0,2,200,200
0,200,0,0,0,0,1,14,0,200,0,0,0,0,200,200,200,17,0,0,25,200
0,200,0,0,0,0,1,14,0,200,0,0,0,0,200,200,200,17,0,1,36,200
1,200,0,0,0,0,1,14,0,200,0,0,0,0,200,200,200,17,0,200,200,200
0,200,30,0,0,200,200,7,7,0,0,2,1,1,200,200,1,11,200,2,200,200
0,200,30,2,2,0,1,8,5,2,0,0,0,1,1,200,200,17,200,0,200,200
4,200,30,2,2,0,1,8,5,2,0,0,0,1,1,200,200,17,200,1,23,200
0,200,0,12,12,12,1,5,12,200,0,1,0,0,200,200,1,0,200,0,200,200
0,200,30,2,2,0,1,14,5,4,0,0,0,0,1,200,200,0,0,0,51,200
0,200,30,2,2,0,1,14,5,4,0,0,0,0,1,200,200,0,0,0,71,200
0,200,30,0,0,0,1,12,5,200,0,0,0,0,200,200,200,0,0,0,36,200
0,200,30,0,0,0,1,12,5,200,0,0,0,0,200,200,200,0,0,1,70,200
0,200,30,2,2,0,1,0,5,2,0,0,0,0,200,200,1,17,5,0,200,200
0,200,30,2,2,0,1,0,5,2,0,0,0,0,200,200,1,17,5,1,21,200
0,200,30,0,0,0,1,11,6,1,0,0,0,0,200,200,200,0,0,1,26,200
0,200,30,0,0,0,1,11,6,1,0,0,0,0,200,200,200,0,0,1,43,200
0,200,30,2,200,0,1,10,2,200,0,200,200,1,200,200,1,0,200,2,200,200
0,200,30,2,200,0,1,10,2,200,0,200,200,1,200,200,1,0,200,1,57,200
0,200,30,0,0,0,1,10,5,2,0,0,12,0,200,200,200,18,0,0,19,200
0,200,30,0,0,0,1,10,5,2,0,0,12,0,200,200,200,18,0,0,55,200
1,200,30,0,0,0,1,10,5,2,0,0,12,0,200,200,200,18,0,0,22,200
0,200,30,0,0,1,1,10,6,3,0,0,0,0,200,200,200,18,0,0,40,200
0,200,30,0,0,1,1,10,6,3,0,0,0,0,200,200,200,18,0,0,43,200
0,200,30,1,2,0,1,2,6,3,0,0,0,1,200,200,200,0,200,0,45,200
0,200,40,0,0,200,0,12,3,6,0,200,200,0,200,200,1,21,22,2,200,200
0,200,40,0,0,200,0,12,3,6,0,200,200,0,200,200,1,21,22,0,57,200
0,200,30,0,0,0,1,14,5,200,0,0,0,0,200,200,200,23,200,1,35,200
0,200,30,0,0,0,1,14,5,200,0,0,0,0,200,200,200,23,200,0,31,200
0,200,30,0,0,0,1,7,5,4,0,0,0,0,200,200,1,0,200,2,200,200
0,200,30,0,0,0,1,5,5,200,0,0,1,0,200,200,200,200,200,0,41,200
1,200,30,0,0,0,1,5,5,200,0,0,1,0,200,200,200,200,200,1,38,200
0,200,30,0,0,0,1,7,5,200,0,0,0,0,200,200,1,0,200,2,200,200
0,200,30,2,2,1,1,11,5,200,0,0,12,0,200,200,200,0,200,0,70,200
0,200,30,2,2,1,1,11,5,200,0,0,12,0,200,200,200,0,200,0,56,200
0,200,30,12,12,1,1,5,5,2,0,0,0,0,200,200,200,0,200,0,60,200
0,200,30,0,0,0,1,12,5,3,0,0,0,0,200,200,200,22,200,0,30,200
0,200,30,0,0,0,1,12,5,3,0,0,0,0,200,200,200,22,200,0,67,200
0,200,30,0,0,0,1,8,5,200,0,0,0,1,200,200,200,17,16,0,66,200
4,200,30,0,0,0,1,8,5,200,0,0,0,1,200,200,200,17,16,1,35,200
0,200,30,0,0,0,1,7,6,1,0,0,0,0,200,200,1,0,0,2,200,200
0,200,30,0,0,0,1,7,5,200,0,0,0,1,200,200,200,0,16,0,22,200
1,200,30,0,0,0,1,7,5,200,0,0,0,1,200,200,200,0,16,1,31,200
0,200,30,0,0,0,1,7,5,2,0,0,200,0,200,200,200,0,0,1,200,200
0,200,30,0,0,0,1,12,5,200,0,0,0,0,200,200,200,200,200,1,49,200
0,200,30,0,0,0,1,12,5,200,0,0,0,0,200,200,200,200,200,1,49,200
0,200,30,1,2,0,1,10,5,200,0,0,0,0,1,200,200,22,17,0,47,200
0,200,30,1,2,0,1,10,5,200,0,0,0,0,1,200,200,22,17,0,70,200
0,200,35,0,0,0,1,7,7,1,0,0,0,0,200,200,1,0,0,2,200,200
0,200,30,0,0,0,1,12,5,200,0,200,200,0,200,200,200,23,0,0,38,200
0,200,30,0,0,0,1,12,5,200,0,200,200,0,200,200,200,23,0,1,22,200
1,200,30,0,0,0,1,12,5,200,0,200,200,0,200,200,200,23,0,0,21,200
0,1,30,0,0,0,1,7,2,200,0,0,0,0,200,200,1,11,0,2,200,200
0,200,25,0,0,0,1,7,0,200,0,0,0,0,200,200,1,20,0,0,200,200
1,200,25,0,0,0,1,7,0,200,0,0,0,0,200,200,1,20,0,200,200,200
1,200,25,0,0,0,1,7,0,200,0,0,0,0,200,200,1,20,0,200,200,200
0,200,30,0,0,0,1,0,5,200,0,0,0,0,200,200,200,20,200,0,200,200
0,200,30,0,0,0,1,0,5,200,0,0,0,0,200,200,200,20,200,0,49,200
0,200,30,1,2,0,1,10,5,200,0,0,0,0,200,200,1,0,0,0,200,200
0,200,30,1,2,0,1,10,5,200,0,0,0,0,200,200,1,0,0,1,39,200
0,200,30,0,0,0,1,12,1,2,0,0,0,0,200,200,1,25,200,2,200,200
0,0,0,0,0,0,1,7,7,2,0,0,0,0,200,200,1,200,200,2,200,200
0,200,25,0,0,1,1,2,0,200,4,0,0,0,200,1,200,0,0,0,71,200
0,200,35,2,2,0,1,14,5,2,0,0,0,1,200,200,200,0,0,0,26,200
0,200,35,2,2,0,1,14,5,2,0,0,0,1,200,200,200,0,0,0,63,200
0,200,35,2,2,0,1,14,5,2,0,0,0,1,200,200,200,0,0,0,41,200
0,200,0,1,2,0,1,10,2,200,0,0,0,0,200,200,200,18,200,0,52,200
0,200,0,1,2,0,1,10,2,200,0,0,0,0,200,200,200,18,200,0,88,200
0,200,0,1,2,0,1,10,2,200,0,0,0,0,200,200,200,18,200,0,40,200
0,200,30,0,200,0,2,12,5,200,0,0,0,0,200,200,200,16,200,1,47,200
0,200,30,0,200,0,2,12,5,200,0,0,0,0,200,200,200,16,200,0,200,200
4,200,30,0,0,0,1,8,5,2,0,0,0,0,200,200,200,13,17,0,46,200
0,200,30,0,0,0,1,8,5,2,0,0,0,0,200,200,200,13,17,1,20,200
0,200,30,200,200,0,1,10,5,200,0,200,200,0,200,200,200,0,200,1,38,200
0,200,30,200,200,0,1,10,5,200,0,200,200,0,200,200,200,0,200,1,51,200
0,200,30,1,2,0,1,10,5,200,0,0,0,0,200,200,1,18,17,0,200,200
0,200,30,1,2,0,1,10,5,200,0,0,0,0,200,200,1,18,17,1,49,200
0,200,30,0,0,0,1,7,5,200,0,0,0,0,200,200,200,200,200,0,64,200
1,200,30,0,0,0,1,7,5,200,0,0,0,0,200,200,200,200,200,1,200,200
0,200,30,2,2,0,1,14,5,200,0,0,0,0,1,200,200,0,200,0,29,200
0,200,30,2,2,0,1,14,5,200,0,0,0,0,1,200,200,0,200,0,26,200
0,200,30,1,200,0,1,12,5,200,0,0,0,0,200,200,1,18,200,1,200,200
0,200,30,1,200,0,1,12,5,200,0,0,0,0,200,200,1,18,200,0,38,200
0,200,30,2,2,0,1,14,5,200,0,0,0,0,1,200,200,23,200,0,43,200
0,200,30,2,2,0,1,14,5,200,0,0,0,0,1,200,200,23,200,0,72,200
0,200,30,0,0,0,1,7,6,1,0,0,0,1,1,200,1,0,200,1,200,200
0,200,30,0,0,0,1,10,5,2,0,0,0,0,200,200,1,18,16,1,200,200
0,200,30,0,0,0,1,10,5,2,0,0,0,0,200,200,1,18,16,0,75,200
0,200,10,0,0,0,1,11,7,200,0,0,0,1,200,200,1,22,11,2,200,200
0,200,10,0,0,0,1,11,7,200,0,0,0,1,200,200,1,22,11,1,29,200
0,200,0,0,0,200,1,7,7,200,0,0,0,0,200,200,200,20,200,0,18,200
0,200,0,0,0,0,1,7,7,0,0,0,0,0,200,200,1,0,200,2,200,200
0,200,30,0,0,0,1,12,2,2,0,0,0,0,200,200,200,21,200,0,200,200
0,200,30,0,0,0,1,12,2,2,0,0,0,0,200,200,200,21,200,0,32,200
1,200,30,0,0,0,1,12,2,2,0,0,0,0,200,200,200,21,200,1,20,200
0,200,30,0,0,0,1,12,5,200,0,0,0,0,200,200,200,0,200,0,66,200
0,200,30,0,0,0,1,12,5,200,0,0,0,0,200,200,200,0,200,0,25,200
0,200,30,2,2,0,1,12,6,1,0,0,0,0,1,200,200,0,200,0,35,200
0,200,30,2,2,0,1,12,6,1,0,0,0,0,1,200,200,0,200,0,37,200
0,200,30,0,0,1,1,14,2,2,0,0,0,0,200,200,200,200,200,0,80,200
0,200,30,0,0,1,1,14,2,2,0,0,0,0,200,200,200,200,200,0,51,200
0,200,30,0,0,0,1,0,5,200,0,0,0,1,200,200,200,16,200,0,65,200
0,200,30,0,0,0,1,0,5,200,0,0,0,1,200,200,200,16,200,1,44,200
4,200,30,0,0,0,1,8,2,2,0,0,0,1,200,200,200,0,0,0,17,200
0,200,30,0,0,0,1,8,2,2,0,0,0,1,200,200,200,0,0,0,52,200
0,1,30,0,0,0,1,7,6,200,0,0,0,0,200,200,1,0,0,2,200,200
0,200,35,1,2,1,1,10,2,2,0,0,0,1,200,200,200,18,200,1,48,200
0,200,35,1,2,1,1,10,2,2,0,0,0,1,200,200,200,18,200,1,21,200
1,200,35,1,2,1,1,10,2,2,0,0,0,1,200,200,200,18,200,1,27,200
0,200,30,2,2,0,1,0,5,4,0,0,0,0,200,200,200,17,200,0,18,200
0,200,30,2,2,0,1,0,5,4,0,0,0,0,200,200,200,17,200,0,48,200
0,200,30,0,0,0,1,14,5,200,0,0,0,0,200,200,1,21,200,0,200,200
0,200,30,0,0,0,1,14,5,200,0,0,0,0,200,200,1,21,200,1,39,200
0,200,30,12,12,0,1,10,6,3,0,0,0,0,200,200,200,18,200,0,45,200
0,200,30,12,12,0,1,10,6,3,0,0,0,0,200,200,200,18,200,0,48,200
0,200,30,0,0,0,1,10,5,200,0,0,0,0,200,200,200,18,200,0,41,200
0,200,30,0,0,0,1,10,5,200,0,0,0,0,200,200,200,18,200,1,28,200
0,200,30,0,0,0,1,10,5,200,0,0,0,0,200,200,200,18,200,1,45,200
0,200,30,0,0,0,3,7,5,200,0,0,0,0,200,200,1,0,0,2,200,200
0,200,30,1,2,0,1,10,2,4,0,0,0,1,0,200,200,0,200,1,26,200
0,200,30,1,2,0,1,10,2,4,0,0,0,1,0,200,200,0,200,0,40,200
1,200,30,1,2,0,1,10,2,4,0,0,0,1,0,200,200,0,200,0,35,200
0,200,30,0,0,0,1,14,5,2,0,0,0,0,1,200,200,17,16,0,200,200
0,200,30,0,0,0,1,14,5,2,0,0,0,0,1,200,200,17,16,1,200,200
1,200,30,0,0,0,1,14,5,2,0,0,0,0,1,200,200,17,16,1,200,200
1,200,30,0,0,0,1,14,5,2,0,0,0,0,1,200,200,17,16,1,200,200
0,200,30,0,0,0,1,12,5,200,0,0,0,0,200,200,200,200,200,0,46,200
0,200,30,0,0,0,1,12,5,200,0,0,0,0,200,200,200,200,200,1,27,200
0,200,30,1,2,0,1,10,2,200,0,0,0,0,200,200,200,7,7,1,33,200
0,200,30,1,2,0,1,10,2,200,0,0,0,0,200,200,200,7,7,1,33,200
0,200,35,1,2,0,1,10,5,2,0,0,200,0,1,200,1,18,0,0,200,200
0,200,35,1,2,0,1,10,5,2,0,0,200,0,1,200,1,18,0,0,55,200
0,200,30,0,0,0,1,10,2,4,0,0,0,0,200,200,1,0,200,0,200,200
0,200,30,0,0,0,1,10,2,4,0,0,0,0,200,200,1,0,200,1,47,200
1,200,30,0,0,0,1,10,2,4,0,0,0,0,200,200,1,0,200,1,71,200
0,200,30,1,2,0,1,12,5,4,0,0,0,0,1,200,200,17,200,1,200,200
0,200,30,1,2,0,1,12,5,4,0,0,0,0,1,200,200,17,200,0,68,200
0,200,30,1,2,0,1,10,2,4,0,0,0,0,200,200,200,18,0,1,50,200
0,200,30,1,2,0,1,10,2,4,0,0,0,0,200,200,200,18,0,0,37,200
0,200,40,0,0,0,1,12,3,8,3,0,0,0,200,200,200,0,0,1,200,200
0,200,40,0,0,0,1,12,3,8,3,0,0,0,200,200,200,0,0,0,200,200
0,200,30,200,200,0,1,7,6,200,0,200,200,0,200,200,1,0,200,2,200,200
0,200,30,0,0,0,1,14,2,200,0,0,3,1,1,200,200,17,200,0,44,200
0,200,30,0,0,0,1,14,2,200,0,0,3,1,1,200,200,17,200,0,35,200
1,200,30,0,0,0,1,14,2,200,0,0,3,1,1,200,200,17,200,200,200,200
0,200,20,0,0,0,1,12,2,2,0,0,200,0,200,200,0,17,0,0,36,200
0,200,20,0,0,0,1,12,2,2,0,0,200,0,200,200,0,17,0,0,53,200
0,200,30,200,200,200,200,12,5,200,0,0,200,0,200,200,200,0,200,0,200,200
0,200,30,200,200,200,200,12,5,200,0,0,200,0,200,200,200,0,200,0,200,200
0,200,20,0,0,0,1,7,5,1,0,0,0,1,200,200,200,2,200,0,24,200
1,200,20,0,0,0,1,7,5,1,0,0,0,1,200,200,200,2,200,1,21,200
0,200,30,1,2,0,1,14,3,4,0,0,0,1,200,200,200,11,0,1,40,200
0,200,30,1,2,0,1,14,3,4,0,0,0,1,200,200,200,11,0,0,41,200