PERSON_TYPE,CRASH_DATE_EST_I,POSTED_SPEED_LIMIT,TRAFFIC_CONTROL_DEVICE,DEVICE_CONDITION,WEATHER_CONDITION,LIGHTING_CONDITION,FIRST_CRASH_TYPE,TRAFFICWAY_TYPE,LANE_CNT,ALIGNMENT,ROADWAY_SURFACE_COND,ROAD_DEFECT,CRASH_TYPE,INTERSECTION_RELATED_I,NOT_RIGHT_OF_WAY_I,HIT_AND_RUN_I,PRIM_CONTRIBUTORY_CAUSE,SEC_CONTRIBUTORY_CAUSE,SEX,AGE,BAC_RESULT VALUE
1,200,30,1,2,0,1,14,3,4,0,0,0,1,200,200,200,11,0,0,5,200
0,200,30,0,0,0,1,8,5,200,0,0,0,0,200,200,200,0,0,1,200,200
4,200,30,0,0,0,1,8,5,200,0,0,0,0,200,200,200,0,0,1,18,200
0,200,30,0,0,0,1,7,6,200,0,0,0,0,200,200,200,23,11,1,200,200
0,200,30,1,2,0,1,10,2,2,0,0,0,1,200,200,200,18,16,0,22,200
0,200,30,1,2,0,1,10,2,2,0,0,0,1,200,200,200,18,16,1,19,200
0,200,30,0,0,0,1,10,5,200,1,0,0,0,200,200,200,18,200,0,58,200
0,200,30,0,0,0,1,10,5,200,1,0,0,0,200,200,200,18,200,0,46,200
0,200,30,1,2,0,1,12,2,2,0,0,0,0,200,200,200,23,17,1,35,200
0,200,30,1,2,0,1,12,2,2,0,0,0,0,200,200,200,23,17,1,46,200
0,200,30,1,2,0,1,0,5,200,0,0,0,1,1,200,200,10,33,1,69,200
0,200,30,1,2,0,1,0,5,200,0,0,0,1,1,200,200,10,33,0,24,200
0,200,30,0,0,0,1,12,5,4,0,0,0,0,200,200,1,22,200,2,200,200
0,200,30,0,0,0,1,12,5,4,0,0,0,0,200,200,1,22,200,0,30,200
0,200,10,0,0,0,1,2,7,200,0,0,0,0,200,200,200,0,0,0,25,200
1,200,10,0,0,0,1,2,7,200,0,0,0,0,200,200,200,0,0,0,200,200
0,200,30,0,0,0,1,10,3,2,0,0,0,0,1,200,200,0,200,0,47,200
0,200,30,0,0,0,1,10,3,2,0,0,0,0,1,200,200,0,200,1,200,200
0,200,30,0,0,1,1,10,5,4,0,0,0,0,200,200,200,11,18,0,66,200
0,200,30,0,0,1,1,10,5,4,0,0,0,0,200,200,200,11,18,1,63,200
0,200,30,0,0,1,1,10,5,4,0,0,0,0,200,200,200,11,18,0,49,200
1,200,30,0,0,1,1,10,5,4,0,0,0,0,200,200,200,11,18,0,50,200
0,200,30,0,0,0,1,12,5,4,0,0,0,1,200,200,200,17,0,0,200,200
0,200,30,0,0,0,1,12,5,4,0,0,0,1,200,200,200,17,0,1,56,200
1,200,30,0,0,0,1,12,5,4,0,0,0,1,200,200,200,17,0,0,39,200
0,200,30,1,2,0,1,10,5,200,0,0,0,0,200,200,200,18,16,0,58,200
0,200,30,1,2,0,1,10,5,200,0,0,0,0,200,200,200,18,16,1,200,200
0,200,30,1,2,0,1,10,5,200,0,0,0,0,200,200,200,18,16,0,34,200
0,200,30,0,0,0,1,10,5,4,0,0,0,0,200,200,200,0,0,0,22,200
0,200,30,0,0,0,1,10,5,4,0,0,0,0,200,200,200,0,0,1,33,200
1,200,30,0,0,0,1,10,5,4,0,0,0,0,200,200,200,0,0,0,14,200
1,200,30,0,0,0,1,10,5,4,0,0,0,0,200,200,200,0,0,1,1,200
1,200,30,0,0,0,1,10,5,4,0,0,0,0,200,200,200,0,0,0,2,200
1,200,30,0,0,0,1,10,5,4,0,0,0,0,200,200,200,0,0,1,6,200
0,200,10,0,0,0,1,10,4,1,0,0,0,0,200,1,200,18,0,1,27,200
0,200,10,0,0,0,1,10,4,1,0,0,0,0,200,1,200,18,0,1,40,200
0,200,20,0,0,0,1,14,5,1,0,0,0,1,1,200,200,0,0,1,17,200
0,200,20,0,0,0,1,14,5,1,0,0,0,1,1,200,200,0,0,1,45,200
0,200,30,0,0,0,1,7,5,4,0,0,0,0,200,200,200,0,200,0,25,200
0,200,35,2,0,0,1,0,2,200,0,0,0,1,200,200,200,17,16,0,71,200
0,200,35,2,0,0,1,0,2,200,0,0,0,1,200,200,200,17,16,1,57,200
1,200,35,2,0,0,1,0,2,200,0,0,0,1,200,200,200,17,16,1,69,200
1,200,35,2,0,0,1,0,2,200,0,0,0,1,200,200,200,17,16,200,10,200
1,200,35,2,0,0,1,0,2,200,0,0,0,1,200,200,200,17,16,0,200,200
1,200,35,2,0,0,1,0,2,200,0,0,0,1,200,200,200,17,16,0,71,200
0,200,30,1,2,2,1,10,5,2,0,1,0,0,200,200,200,34,18,1,27,200
0,200,30,1,2,2,1,10,5,2,0,1,0,0,200,200,200,34,18,1,200,200
0,200,30,0,0,0,1,10,5,200,0,0,0,0,200,200,1,0,0,2,200,200
0,200,30,0,0,0,1,10,5,200,0,0,0,0,200,200,1,0,0,0,48,200
0,1,25,0,0,1,1,7,5,200,0,0,200,0,1,200,200,0,0,0,28,200
0,200,30,0,0,0,1,12,2,4,0,0,0,0,200,200,200,21,0,1,21,200
0,200,30,0,0,0,1,12,2,4,0,0,0,0,200,200,200,21,0,1,41,200
0,200,30,2,2,0,1,0,2,2,0,0,0,1,1,200,1,5,0,0,200,200
0,200,30,2,2,0,1,0,2,2,0,0,0,1,1,200,1,5,0,0,48,200
1,200,30,2,2,0,1,0,2,2,0,0,0,1,1,200,1,5,0,0,17,200
0,200,25,2,2,0,1,14,6,3,0,0,0,1,200,200,1,25,17,0,200,200
0,200,25,2,2,0,1,14,6,3,0,0,0,1,200,200,1,25,17,1,56,200
0,200,25,2,2,0,1,14,6,3,0,0,0,1,200,200,1,25,17,0,29,200
0,200,30,0,0,0,1,7,7,200,0,0,0,0,200,200,200,0,200,2,200,200
0,200,30,1,2,1,1,14,5,4,0,0,0,1,1,200,200,17,200,1,17,200
0,200,30,1,2,1,1,14,5,4,0,0,0,1,1,200,200,17,200,0,33,200
1,200,30,1,2,1,1,14,5,4,0,0,0,1,1,200,200,17,200,0,17,200
1,200,30,1,2,1,1,14,5,4,0,0,0,1,1,200,200,17,200,0,34,200
0,200,25,2,2,0,1,0,5,2,0,0,0,0,1,200,200,33,21,0,72,200
0,200,25,2,2,0,1,0,5,2,0,0,0,0,1,200,200,33,21,1,200,200
0,200,30,0,0,0,1,7,5,200,0,0,0,0,200,200,1,0,0,0,200,200
1,200,30,0,0,0,1,7,5,200,0,0,0,0,200,200,1,0,0,200,200,200
0,200,30,0,0,0,1,12,6,2,0,0,0,0,200,200,200,22,21,0,21,200
0,200,30,0,0,0,1,12,6,2,0,0,0,0,200,200,200,22,21,0,47,200
0,200,30,1,2,0,1,14,1,200,0,0,0,1,1,200,200,23,200,0,20,200
0,200,30,1,2,0,1,14,1,200,0,0,0,1,1,200,200,23,200,0,24,200
0,200,30,1,2,0,1,12,5,2,0,0,0,0,200,200,1,0,0,1,200,200
0,200,30,1,2,0,1,12,5,2,0,0,0,0,200,200,1,0,0,1,45,200
0,200,30,1,2,2,1,10,5,2,0,1,0,1,1,200,200,16,34,0,53,200
0,200,30,1,2,2,1,10,5,2,0,1,0,1,1,200,200,16,34,1,23,200
0,200,30,1,2,2,1,10,5,2,0,1,0,1,1,200,200,16,34,1,27,200
1,200,30,1,2,2,1,10,5,2,0,1,0,1,1,200,200,16,34,0,23,200
1,200,30,1,2,2,1,10,5,2,0,1,0,1,1,200,200,16,34,0,10,200
1,200,30,1,2,2,1,10,5,2,0,1,0,1,1,200,200,16,34,1,7,200
1,200,30,1,2,2,1,10,5,2,0,1,0,1,1,200,200,16,34,1,1,200
0,200,30,0,0,0,1,8,5,200,0,0,0,0,200,200,1,22,200,2,200,200
4,200,30,0,0,0,1,8,5,200,0,0,0,0,200,200,1,22,200,0,22,200
0,200,30,0,0,0,1,7,6,200,0,0,0,0,200,200,1,200,200,2,200,200
0,200,30,0,0,0,1,10,7,2,0,0,0,0,200,200,1,0,200,1,200,200
0,200,30,0,0,0,1,10,7,2,0,0,0,0,200,200,1,0,200,0,29,200
1,200,30,0,0,0,1,10,7,2,0,0,0,0,200,200,1,0,200,1,2,200
0,200,30,0,0,0,1,10,5,200,0,0,0,0,200,200,200,0,0,0,200,200
0,200,30,0,0,0,1,10,5,200,0,0,0,0,200,200,200,0,0,1,44,200
0,200,30,0,0,2,1,7,5,4,0,1,0,1,200,200,200,12,12,0,21,200
1,200,30,0,0,2,1,7,5,4,0,1,0,1,200,200,200,12,12,1,28,200
1,200,30,0,0,2,1,7,5,4,0,1,0,1,200,200,200,12,12,1,10,200
1,200,30,0,0,2,1,7,5,4,0,1,0,1,200,200,200,12,12,1,6,200
0,200,30,2,2,0,1,7,5,2,0,0,0,0,200,200,1,0,0,1,200,200
1,200,30,2,2,0,1,7,5,2,0,0,0,0,200,200,1,0,0,0,200,200
0,200,25,0,0,0,1,7,6,1,0,0,0,1,200,200,200,7,0,1,34,200
0,200,30,0,0,0,3,7,5,200,0,0,0,0,200,200,1,0,200,2,200,200
0,200,30,0,0,1,1,7,5,200,0,0,0,0,200,200,200,21,200,0,45,200
0,200,30,0,0,0,1,7,6,200,0,0,0,0,200,200,1,20,200,2,200,200
0,200,30,0,0,0,1,14,3,4,0,0,0,1,200,200,200,0,0,0,68,200
0,200,30,0,0,0,1,14,3,4,0,0,0,1,200,200,200,0,0,0,27,200
1,200,30,0,0,0,1,14,3,4,0,0,0,1,200,200,200,0,0,0,19,200
0,200,30,1,0,0,1,12,5,2,0,0,200,0,1,200,200,0,0,1,61,200
0,200,30,1,0,0,1,12,5,2,0,0,200,0,1,200,200,0,0,1,61,200
0,200,30,0,0,0,1,0,4,200,0,0,0,0,200,200,200,33,200,0,19,200
0,200,30,0,0,0,1,0,4,200,0,0,0,0,200,200,200,33,200,0,40,200
0,200,35,1,2,0,1,10,5,200,0,0,0,0,200,200,200,7,0,1,27,200
0,200,35,1,2,0,1,10,5,200,0,0,0,0,200,200,200,7,0,0,32,200
1,200,35,1,2,0,1,10,5,200,0,0,0,0,200,200,200,7,0,0,3,200
0,200,30,0,0,0,1,7,5,2,0,0,0,0,200,200,200,200,200,1,45,200
1,200,30,0,0,0,1,7,5,2,0,0,0,0,200,200,200,200,200,1,14,200
1,200,30,0,0,0,1,7,5,2,0,0,0,0,200,200,200,200,200,1,9,200
1,200,30,0,0,0,1,7,5,2,0,0,0,0,200,200,200,200,200,0,44,200
0,200,30,2,2,0,1,10,5,200,0,0,0,1,200,200,200,0,0,1,200,200
0,200,30,2,2,0,1,10,5,200,0,0,0,1,200,200,200,0,0,0,51,200
0,200,30,0,0,0,1,14,2,2,0,0,0,0,200,200,200,0,200,0,22,200
0,200,30,0,0,0,1,14,2,2,0,0,0,0,200,200,200,0,200,0,62,200
0,200,30,1,2,0,1,9,5,2,0,0,0,1,200,200,200,17,0,1,52,200
5,200,30,1,2,0,1,9,5,2,0,0,0,1,200,200,200,17,0,1,25,200
0,200,10,0,0,0,1,10,7,200,0,0,0,0,200,200,200,20,200,0,25,200
0,200,10,0,0,0,1,10,7,200,0,0,0,0,200,200,200,20,200,1,52,200
0,200,35,0,0,0,1,12,2,200,0,0,0,0,200,200,200,33,200,0,55,200
0,200,35,0,0,0,1,12,2,200,0,0,0,0,200,200,200,33,200,0,29,200
0,200,30,0,200,0,1,10,5,200,0,0,0,0,200,200,200,0,200,0,200,200
0,200,30,0,200,0,1,10,5,200,0,0,0,0,200,200,200,0,200,1,200,200
0,200,25,0,0,2,1,10,5,2,0,1,0,0,200,200,200,18,18,1,22,200
0,200,25,0,0,2,1,10,5,2,0,1,0,0,200,200,200,18,18,0,30,200
1,200,25,0,0,2,1,10,5,2,0,1,0,0,200,200,200,18,18,1,21,200
0,200,30,1,2,1,1,12,5,200,0,0,0,0,200,200,200,0,0,1,200,200
0,200,30,1,2,1,1,12,5,200,0,0,0,0,200,200,200,0,0,1,28,200
1,200,30,1,2,1,1,12,5,200,0,0,0,0,200,200,200,0,0,0,8,200
0,200,30,0,0,0,1,0,7,200,0,0,0,0,200,200,200,20,200,0,52,200
0,200,30,0,0,0,1,0,7,200,0,0,0,0,200,200,200,20,200,1,32,200
0,200,35,200,200,0,1,12,6,200,0,0,0,1,200,200,200,0,0,1,45,200
0,200,35,200,200,0,1,12,6,200,0,0,0,1,200,200,200,0,0,0,65,200
0,200,30,1,2,0,1,2,5,200,0,0,0,0,200,200,200,8,0,0,50,200
0,200,30,1,2,0,1,2,5,200,0,0,0,0,200,200,200,8,0,0,18,200
0,200,30,1,2,0,1,12,2,200,0,0,0,0,1,200,1,22,0,1,200,200
0,200,30,1,2,0,1,12,2,200,0,0,0,0,1,200,1,22,0,0,26,200
0,200,30,0,0,0,1,10,5,2,0,0,0,0,200,200,200,0,0,1,200,200
0,200,30,0,0,0,1,10,5,2,0,0,0,0,200,200,200,0,0,0,200,200
1,200,30,0,0,0,1,10,5,2,0,0,0,0,200,200,200,0,0,1,200,200
0,200,30,1,2,0,1,12,5,200,0,0,0,0,200,200,1,21,200,1,200,200
0,200,30,1,2,0,1,12,5,200,0,0,0,0,200,200,1,21,200,0,31,200
0,1,30,0,0,0,1,7,5,2,0,0,0,0,200,200,1,0,200,2,200,200
0,200,30,1,2,0,1,10,2,200,0,0,0,0,1,200,200,18,16,0,36,200
0,200,30,1,2,0,1,10,2,200,0,0,0,0,1,200,200,18,16,0,25,200
0,200,30,1,2,0,1,10,5,200,0,0,200,0,200,200,1,11,200,0,200,200
0,200,30,0,0,0,1,0,12,0,0,0,0,0,200,200,200,0,0,1,69,200
0,200,30,0,0,0,1,0,12,0,0,0,0,0,200,200,200,0,0,0,19,200
0,200,20,0,0,0,1,7,6,200,0,0,0,0,200,200,200,20,11,1,200,200
0,200,30,1,2,0,1,12,5,200,0,0,0,0,1,200,200,21,200,0,46,200
0,200,30,1,2,0,1,12,5,200,0,0,0,0,1,200,200,21,200,0,59,200
1,200,30,1,2,0,1,12,5,200,0,0,0,0,1,200,200,21,200,1,200,200
1,200,30,1,2,0,1,12,5,200,0,0,0,0,1,200,200,21,200,1,200,200
1,200,30,1,2,0,1,12,5,200,0,0,0,0,1,200,200,21,200,1,200,200
1,200,30,1,2,0,1,12,5,200,0,0,0,0,1,200,200,21,200,1,200,200
0,200,30,2,2,0,1,0,5,200,0,0,0,0,200,200,200,200,200,1,22,200
0,200,30,2,2,0,1,0,5,200,0,0,0,0,200,200,200,200,200,1,54,200
1,200,30,2,2,0,1,0,5,200,0,0,0,0,200,200,200,200,200,0,200,200
0,200,35,0,0,0,1,12,3,8,0,0,0,1,200,200,200,21,21,1,37,200
0,200,35,0,0,0,1,12,3,8,0,0,0,1,200,200,200,21,21,1,25,200
1,200,35,0,0,0,1,12,3,8,0,0,0,1,200,200,200,21,21,0,46,200
0,200,20,0,0,0,1,7,7,200,0,0,0,0,200,200,1,0,0,2,200,200
0,200,30,0,0,0,1,10,6,2,0,0,0,0,200,200,200,20,200,0,36,200
0,200,30,0,0,0,1,10,6,2,0,0,0,0,200,200,200,20,200,1,49,200
0,200,30,0,0,2,1,10,5,200,0,1,0,1,200,200,200,18,11,0,23,200
0,200,30,0,0,2,1,10,5,200,0,1,0,1,200,200,200,18,11,0,36,200
1,200,30,0,0,2,1,10,5,200,0,1,0,1,200,200,200,18,11,1,2,200
0,200,30,200,200,0,1,9,5,200,0,0,0,0,200,200,200,20,200,0,200,200
5,200,30,200,200,0,1,9,5,200,0,0,0,0,200,200,200,20,200,1,26,200
0,200,15,0,0,0,1,9,7,1,0,0,0,0,200,200,200,20,200,1,17,200
5,200,15,0,0,0,1,9,7,1,0,0,0,0,200,200,200,20,200,0,50,200
0,200,30,1,1,1,2,7,5,2,2,1,0,0,200,200,200,200,34,1,43,200
1,200,30,1,1,1,2,7,5,2,2,1,0,0,200,200,200,200,34,0,46,200
0,200,30,1,2,0,4,12,5,4,0,0,0,1,1,200,200,22,14,1,27,200
0,200,30,1,2,0,4,12,5,4,0,0,0,1,1,200,200,22,14,0,49,200
0,200,30,1,2,0,4,12,5,4,0,0,0,1,1,200,200,22,14,0,53,200
0,200,30,1,1,0,1,14,6,2,0,0,0,0,1,200,200,0,0,0,200,200
0,200,30,1,1,0,1,14,6,2,0,0,0,0,1,200,200,0,0,0,200,200
0,200,10,0,0,0,1,7,7,200,0,0,0,0,200,1,200,0,200,0,200,200
0,200,30,1,2,0,1,9,5,4,0,0,0,1,1,200,200,17,23,0,65,200
5,200,30,1,2,0,1,9,5,4,0,0,0,1,1,200,200,17,23,0,77,200
0,200,30,0,0,0,1,14,12,2,0,0,0,0,200,200,200,0,0,0,21,200
0,200,30,0,0,0,1,14,12,2,0,0,0,0,200,200,200,0,0,0,38,200
0,200,30,2,2,0,1,10,6,200,0,0,0,0,1,200,200,0,0,1,21,200
0,200,30,2,2,0,1,10,6,200,0,0,0,0,1,200,200,0,0,1,61,200
0,200,35,0,0,0,1,12,2,200,0,0,0,0,200,200,200,0,0,0,200,200
0,200,35,0,0,0,1,12,2,200,0,0,0,0,200,200,200,0,0,1,29,200
0,200,30,0,0,1,200,7,6,1,0,200,200,0,200,200,200,25,200,0,52,200
0,200,30,0,0,0,1,7,200,200,0,0,0,0,200,200,200,0,200,1,50,200
0,200,30,0,0,0,1,7,5,200,0,0,0,0,200,200,200,16,16,0,47,200
0,200,30,0,0,0,1,12,5,200,3,0,0,0,200,200,200,21,200,1,40,200
0,200,30,0,0,0,1,12,5,200,3,0,0,0,200,200,200,21,200,0,43,200
0,200,30,0,0,0,1,0,7,200,0,0,0,0,200,200,200,17,200,1,58,200
0,200,30,0,0,0,1,0,7,200,0,0,0,0,200,200,200,17,200,0,22,200
0,200,30,2,2,200,200,7,5,2,0,0,0,0,200,200,1,0,0,2,200,200
0,200,30,1,2,0,1,14,3,200,0,0,0,1,200,200,1,21,200,0,200,200
0,200,30,1,2,0,1,14,3,200,0,0,0,1,200,200,1,21,200,1,35,200
1,200,30,1,2,0,1,14,3,200,0,0,0,1,200,200,1,21,200,0,41,200
1,200,30,1,2,0,1,14,3,200,0,0,0,1,200,200,1,21,200,1,7,200
1,200,30,1,2,0,1,14,3,200,0,0,0,1,200,200,1,21,200,0,2,200
1,200,30,1,2,0,1,14,3,200,0,0,0,1,200,200,1,21,200,0,200,200
1,200,30,1,2,0,1,14,3,200,0,0,0,1,200,200,1,21,200,0,200,200
0,200,30,0,0,0,1,0,3,2,0,0,0,0,200,200,1,0,0,1,200,200
0,200,30,0,0,0,1,0,3,2,0,0,0,0,200,200,1,0,0,1,49,200
0,200,35,0,0,0,4,11,3,2,0,0,0,0,200,200,200,21,11,0,31,200
0,200,35,0,0,0,4,11,3,2,0,0,0,0,200,200,200,21,11,0,48,200
0,200,30,0,0,0,1,11,5,200,0,0,0,0,200,200,200,11,0,0,200,200
0,200,30,0,0,0,1,11,5,200,0,0,0,0,200,200,200,11,0,0,65,200
0,200,30,1,200,0,3,9,2,2,0,0,200,1,1,200,200,17,200,1,29,200
5,200,30,1,200,0,3,9,2,2,0,0,200,1,1,200,200,17,200,1,41,200
0,200,30,1,2,0,4,14,2,4,0,0,0,1,1,200,200,23,17,1,200,200
0,200,30,1,2,0,4,14,2,4,0,0,0,1,1,200,200,23,17,1,20,200
0,200,20,0,0,0,1,10,2,200,0,0,200,0,200,200,200,18,18,0,88,200
0,200,20,0,0,0,1,10,2,200,0,0,200,0,200,200,200,18,18,1,20,200
0,200,30,2,1,0,1,0,12,4,2,0,0,1,1,200,200,5,17,1,46,200
0,200,30,2,1,0,1,0,12,4,2,0,0,1,1,200,200,5,17,0,23,200
0,200,30,0,0,0,1,7,5,200,0,0,0,0,200,200,1,0,200,2,200,200
0,200,30,2,2,0,4,9,5,4,0,0,0,1,1,200,200,17,200,0,33,200
5,200,30,2,2,0,4,9,5,4,0,0,0,1,1,200,200,17,200,1,64,200
0,200,35,0,0,0,3,10,2,200,0,0,0,0,200,200,200,0,0,1,45,200
0,200,35,0,0,0,3,10,2,200,0,0,0,0,200,200,200,0,0,0,200,200
0,200,30,1,2,0,3,14,5,200,0,0,0,1,1,200,1,14,31,0,200,200
0,200,30,1,2,0,3,14,5,200,0,0,0,1,1,200,1,14,31,1,35,200
1,200,30,1,2,0,3,14,5,200,0,0,0,1,1,200,1,14,31,0,200,200
0,200,20,0,0,0,3,8,6,1,0,0,0,1,200,200,1,0,200,0,200,200
4,200,20,0,0,0,3,8,6,1,0,0,0,1,200,200,1,0,200,0,18,200
0,200,30,1,200,0,3,10,5,2,0,0,0,0,200,200,1,18,16,0,55,200
0,200,30,1,200,0,3,10,5,2,0,0,0,0,200,200,1,18,16,2,200,200
0,200,30,0,0,0,1,7,7,200,0,0,0,0,200,1,200,0,0,1,200,200
0,200,0,0,0,0,4,7,7,200,0,0,0,1,200,1,1,25,20,0,200,200
0,200,30,0,0,0,0,10,5,1,0,0,0,0,200,200,200,20,200,1,39,200
0,200,30,0,0,0,0,10,5,1,0,0,0,0,200,200,200,20,200,0,21,200
0,200,30,0,0,0,1,7,5,2,0,0,0,0,200,200,200,0,200,0,45,200
0,200,30,0,0,0,3,12,6,4,0,0,200,0,200,200,200,17,0,1,200,200
0,200,30,0,0,0,3,12,6,4,0,0,200,0,200,200,200,17,0,0,31,200
0,200,30,0,0,0,3,12,5,2,0,0,0,0,200,200,1,22,200,2,200,200
0,200,30,0,0,0,3,12,5,2,0,0,0,0,200,200,1,22,200,0,42,200
1,200,30,0,0,0,3,12,5,2,0,0,0,0,200,200,1,22,200,1,32,200
0,200,30,0,0,0,1,12,5,2,0,0,0,0,200,200,200,0,0,0,200,200
0,200,30,0,0,0,1,12,5,2,0,0,0,0,200,200,200,0,0,1,32,200
0,200,30,0,0,0,1,7,7,2,0,0,0,0,200,200,1,20,20,0,200,200
0,200,30,0,0,0,0,10,5,2,0,0,0,1,200,200,200,200,200,1,23,200
0,200,30,0,0,0,0,10,5,2,0,0,0,1,200,200,200,200,200,0,49,200
0,200,30,0,0,0,3,7,6,1,0,0,0,0,200,200,200,0,0,0,200,200
0,200,30,1,2,0,3,14,3,4,0,0,0,1,1,200,200,23,0,0,25,200
0,200,30,1,2,0,3,14,3,4,0,0,0,1,1,200,200,23,0,0,20,200
1,200,30,1,2,0,3,14,3,4,0,0,0,1,1,200,200,23,0,1,19,200
0,200,5,0,0,0,3,9,0,1,0,0,0,1,200,200,200,200,200,0,44,200
5,200,5,0,0,0,3,9,0,1,0,0,0,1,200,200,200,200,200,1,6,200
1,200,5,0,0,0,3,9,0,1,0,0,0,1,200,200,200,200,200,0,10,200
1,200,5,0,0,0,3,9,0,1,0,0,0,1,200,200,200,200,200,1,6,200
0,200,30,0,0,0,4,7,5,2,0,0,0,1,200,200,200,16,200,0,0,200
1,200,30,0,0,0,4,7,5,2,0,0,0,1,200,200,200,16,200,0,23,200
1,200,30,0,0,0,4,7,5,2,0,0,0,1,200,200,200,16,200,0,24,200
1,200,30,0,0,0,4,7,5,2,0,0,0,1,200,200,200,16,200,0,32,200
0,200,30,0,0,0,3,7,5,2,0,0,0,1,200,200,200,0,200,0,200,200
0,1,30,0,0,0,3,7,5,2,0,0,0,0,200,200,200,0,0,0,79,200
0,200,30,0,0,0,3,7,3,4,0,0,0,0,200,200,1,0,0,2,200,200
0,200,30,1,2,0,1,10,6,200,0,0,0,0,200,200,200,16,200,1,23,200
0,200,30,1,2,0,1,10,6,200,0,0,0,0,200,200,200,16,200,0,28,200
0,200,10,0,0,0,3,3,7,200,0,0,0,0,200,200,200,16,200,0,35,200
0,200,10,0,0,0,3,3,7,200,0,0,0,0,200,200,200,16,200,0,60,200
0,200,30,2,2,0,3,14,5,2,0,0,0,1,1,200,1,17,200,2,200,200
0,200,30,2,2,0,3,14,5,2,0,0,0,1,1,200,1,17,200,0,33,200
0,200,30,0,0,0,3,5,6,1,0,0,0,1,200,200,200,8,200,0,35,200
0,200,30,0,0,0,1,14,2,2,0,0,0,1,200,200,200,17,16,0,200,200
0,200,30,0,0,0,1,14,2,2,0,0,0,1,200,200,200,17,16,0,29,200
1,200,30,0,0,0,1,14,2,2,0,0,0,1,200,200,200,17,16,1,200,200
0,200,30,1,2,0,3,10,5,4,0,0,0,0,200,200,200,7,200,1,21,200
0,200,30,1,2,0,3,10,5,4,0,0,0,0,200,200,200,7,200,1,40,200
1,200,30,1,2,0,3,10,5,4,0,0,0,0,200,200,200,7,200,0,22,200
0,200,30,0,0,0,3,12,6,200,0,0,0,0,200,200,200,0,0,0,31,200
0,200,30,0,0,0,3,12,6,200,0,0,0,0,200,200,200,0,0,0,22,200
1,200,30,0,0,0,3,12,6,200,0,0,0,0,200,200,200,0,0,1,200,200
0,200,25,1,2,0,3,10,5,2,0,0,200,0,1,200,200,18,0,0,33,200
0,200,25,1,2,0,3,10,5,2,0,0,200,0,1,200,200,18,0,0,29,200
0,200,30,200,200,0,4,10,3,3,0,0,200,0,1,200,200,20,21,0,67,200
0,200,30,200,200,0,4,10,3,3,0,0,200,0,1,200,200,20,21,0,34,200
0,200,20,0,0,0,3,11,12,1,0,0,0,0,200,200,200,10,11,0,31,200
0,200,20,0,0,0,3,11,12,1,0,0,0,0,200,200,200,10,11,0,43,200
4,200,25,2,12,0,0,8,12,1,0,0,0,1,1,200,200,0,0,1,200,200
0,200,25,2,12,0,0,8,12,1,0,0,0,1,1,200,200,0,0,2,200,200
0,1,45,0,0,0,0,12,12,4,0,0,0,0,200,200,200,200,200,2,200,200
0,1,45,0,0,0,0,12,12,4,0,0,0,0,200,200,200,200,200,0,48,200
0,200,30,1,2,0,4,0,5,2,0,0,0,0,1,200,1,5,200,0,200,200
0,200,30,1,2,0,4,0,5,2,0,0,0,0,1,200,1,5,200,0,38,200
0,200,30,0,0,0,3,12,5,200,0,0,0,0,200,200,1,21,200,0,39,200
0,200,30,0,0,0,3,12,5,200,0,0,0,0,200,200,1,21,200,0,21,200
0,200,30,1,2,0,3,14,12,4,0,0,0,0,1,200,200,23,11,1,30,200
0,200,30,1,2,0,3,14,12,4,0,0,0,0,1,200,200,23,11,1,0,200
0,200,30,1,2,0,3,9,5,4,0,0,200,1,1,200,1,17,0,0,200,200
5,200,30,1,2,0,3,9,5,4,0,0,200,1,1,200,1,17,0,0,29,200
0,200,35,2,2,0,3,0,5,200,0,0,0,1,1,200,200,11,200,0,20,200
0,200,35,2,2,0,3,0,5,200,0,0,0,1,1,200,200,11,200,0,48,200
0,200,30,1,2,0,3,10,5,200,0,0,200,0,1,200,200,18,0,0,46,200
0,200,30,1,2,0,3,10,5,200,0,0,200,0,1,200,200,18,0,1,32,200
1,200,30,1,2,0,3,10,5,200,0,0,200,0,1,200,200,18,0,1,11,200
1,200,30,1,2,0,3,10,5,200,0,0,200,0,1,200,200,18,0,0,8,200
0,1,30,0,0,0,3,7,2,2,0,0,0,0,200,200,200,20,0,1,200,200
1,1,30,0,0,0,3,7,2,2,0,0,0,0,200,200,200,20,0,1,200,200
0,200,30,0,0,0,3,11,5,200,0,0,0,0,200,200,1,0,0,2,200,200
0,200,30,0,0,0,3,11,5,200,0,0,0,0,200,200,1,0,0,1,23,200
0,200,15,0,0,0,0,9,0,0,0,0,1,1,200,200,1,0,200,2,200,200
5,200,15,0,0,0,0,9,0,0,0,0,1,1,200,200,1,0,200,0,40,200
0,200,30,2,0,0,3,0,2,2,0,0,3,0,200,200,1,27,11,0,200,200
0,200,30,2,0,0,3,0,2,2,0,0,3,0,200,200,1,27,11,0,30,200
0,200,30,1,2,0,0,10,2,2,0,0,0,0,1,200,200,7,200,0,30,200
0,200,30,1,2,0,0,10,2,2,0,0,0,0,1,200,200,7,200,0,26,200
0,200,30,1,2,0,3,12,5,4,0,0,0,0,200,200,200,21,200,0,0,200
0,200,30,1,2,0,3,12,5,4,0,0,0,0,200,200,200,21,200,0,21,200