PERSON_TYPE,CRASH_DATE_EST_I,POSTED_SPEED_LIMIT,TRAFFIC_CONTROL_DEVICE,DEVICE_CONDITION,WEATHER_CONDITION,LIGHTING_CONDITION,FIRST_CRASH_TYPE,TRAFFICWAY_TYPE,LANE_CNT,ALIGNMENT,ROADWAY_SURFACE_COND,ROAD_DEFECT,CRASH_TYPE,INTERSECTION_RELATED_I,NOT_RIGHT_OF_WAY_I,HIT_AND_RUN_I,PRIM_CONTRIBUTORY_CAUSE,SEC_CONTRIBUTORY_CAUSE,SEX,AGE,BAC_RESULT VALUE
0,200,30,0,0,0,3,7,2,2,0,0,0,1,200,200,200,9,21,1,32,200
0,200,5,0,0,0,3,7,7,200,0,0,0,0,200,1,200,0,0,0,26,200
1,200,5,0,0,0,3,7,7,200,0,0,0,0,200,1,200,0,0,1,32,200
0,200,30,0,0,0,3,2,0,1,0,0,0,0,200,1,1,19,200,0,200,200
0,200,30,0,0,0,0,10,2,2,0,0,12,1,200,200,200,0,200,0,24,200
0,200,30,0,0,0,0,10,2,2,0,0,12,1,200,200,200,0,200,0,36,200
1,200,30,0,0,0,0,10,2,2,0,0,12,1,200,200,200,0,200,200,200,200
0,200,30,1,2,0,3,14,5,200,0,0,0,1,1,200,200,0,11,0,32,200
0,200,30,1,2,0,3,14,5,200,0,0,0,1,1,200,200,0,11,0,51,200
0,200,30,1,0,0,3,12,5,2,0,0,3,0,200,200,1,0,200,0,200,200
0,200,30,1,0,0,3,12,5,2,0,0,3,0,200,200,1,0,200,1,38,200
1,200,30,1,0,0,3,12,5,2,0,0,3,0,200,200,1,0,200,1,42,200
0,200,30,0,0,0,3,2,6,200,0,0,0,0,200,1,1,200,200,1,27,200
0,200,30,0,0,0,3,2,6,200,0,0,0,0,200,1,1,200,200,2,200,200
1,200,30,0,0,0,3,2,6,200,0,0,0,0,200,1,1,200,200,0,1,200
0,200,30,1,2,0,3,14,1,5,0,0,0,1,1,200,200,0,200,0,34,200
0,200,30,1,2,0,3,14,1,5,0,0,0,1,1,200,200,0,200,1,19,200
1,200,30,1,2,0,3,14,1,5,0,0,0,1,1,200,200,0,200,0,17,200
1,200,30,1,2,0,3,14,1,5,0,0,0,1,1,200,200,0,200,1,17,200
0,200,25,0,0,0,3,7,5,1,0,0,0,0,200,200,1,7,11,1,23,200
0,200,25,1,2,0,3,12,2,200,0,0,0,0,200,200,200,21,21,0,31,200
0,200,25,1,2,0,3,12,2,200,0,0,0,0,200,200,200,21,21,1,26,200
0,200,30,0,0,0,3,7,5,2,0,0,0,0,200,200,200,20,200,0,29,200
1,200,30,0,0,0,3,7,5,2,0,0,0,0,200,200,200,20,200,0,200,200
1,200,30,0,0,0,3,7,5,2,0,0,0,0,200,200,200,20,200,0,200,200
0,200,25,0,0,200,3,7,6,2,0,200,0,0,200,200,1,19,0,1,200,200
1,200,25,0,0,200,3,7,6,2,0,200,0,0,200,200,1,19,0,1,200,200
1,200,25,0,0,200,3,7,6,2,0,200,0,0,200,200,1,19,0,1,24,200
1,200,25,0,0,200,3,7,6,2,0,200,0,0,200,200,1,19,0,0,200,200
1,200,25,0,0,200,3,7,6,2,0,200,0,0,200,200,1,19,0,0,200,200
1,200,25,0,0,200,3,7,6,2,0,200,0,0,200,200,1,19,0,1,23,200
0,200,35,0,0,0,3,7,5,200,0,0,0,1,200,200,200,14,20,1,33,200
0,200,30,0,3,0,3,2,5,200,0,0,0,1,200,200,0,0,0,2,200,200
0,200,30,0,0,0,3,10,5,200,0,0,0,1,200,200,1,18,0,0,34,200
0,200,30,0,0,0,3,10,5,200,0,0,0,1,200,200,1,18,0,0,200,200
1,200,30,0,0,0,3,10,5,200,0,0,0,1,200,200,1,18,0,1,42,200
1,200,30,0,0,0,3,10,5,200,0,0,0,1,200,200,1,18,0,0,38,200
0,1,30,200,0,0,3,7,5,2,0,0,0,0,200,200,1,200,200,2,200,200
0,1,30,0,0,0,1,10,1,2,0,0,0,1,200,200,200,18,18,1,38,200
0,1,30,0,0,0,1,10,1,2,0,0,0,1,200,200,200,18,18,0,43,200
0,200,30,0,0,0,1,14,5,3,0,0,0,1,200,200,200,23,200,1,62,200
0,200,30,0,0,0,1,14,5,3,0,0,0,1,200,200,200,23,200,0,54,200
0,1,30,1,2,0,1,14,5,200,0,0,0,1,1,200,200,17,17,1,23,200
0,1,30,1,2,0,1,14,5,200,0,0,0,1,1,200,200,17,17,0,28,200
0,200,30,0,0,0,1,12,6,3,0,0,0,0,200,200,200,17,17,0,63,200
0,200,30,0,0,0,1,12,6,3,0,0,0,0,200,200,200,17,17,1,43,200
0,200,30,0,0,0,1,0,12,1,0,0,0,0,200,200,1,17,200,1,200,200
0,200,30,0,0,0,1,0,12,1,0,0,0,0,200,200,1,17,200,1,26,200
1,200,30,0,0,0,1,0,12,1,0,0,0,0,200,200,1,17,200,1,200,200
1,200,30,0,0,0,1,0,12,1,0,0,0,0,200,200,1,17,200,1,43,200
0,200,30,0,0,0,1,12,6,4,2,0,0,0,200,200,200,21,11,0,55,200
0,200,30,0,0,0,1,12,6,4,2,0,0,0,200,200,200,21,11,0,60,200
1,200,30,0,0,0,1,12,6,4,2,0,0,0,200,200,200,21,11,200,200,200
0,200,30,1,2,0,1,14,5,200,0,0,0,0,1,200,200,17,22,0,64,200
0,200,30,1,2,0,1,14,5,200,0,0,0,0,1,200,200,17,22,0,60,200
0,200,55,10,2,0,1,12,3,3,0,0,0,0,200,200,200,22,200,1,47,200
0,200,55,10,2,0,1,12,3,3,0,0,0,0,200,200,200,22,200,0,54,200
0,200,35,1,2,0,1,14,5,2,0,0,0,0,200,200,200,17,200,0,26,200
0,200,35,1,2,0,1,14,5,2,0,0,0,0,200,200,200,17,200,1,36,200
0,200,35,1,2,0,1,10,2,200,0,0,200,1,200,200,200,0,200,1,21,200
0,200,35,1,2,0,1,10,2,200,0,0,200,1,200,200,200,0,200,1,37,200
0,200,30,1,2,0,3,10,5,4,0,0,0,0,200,200,200,18,0,1,30,200
0,200,30,1,2,0,3,10,5,4,0,0,0,0,200,200,200,18,0,0,55,200
1,200,30,1,2,0,3,10,5,4,0,0,0,0,200,200,200,18,0,1,2,200
0,200,30,1,2,0,1,14,5,200,0,0,0,0,200,200,200,23,0,1,53,200
0,200,30,1,2,0,1,14,5,200,0,0,0,0,200,200,200,23,0,1,45,200
1,200,30,1,2,0,1,14,5,200,0,0,0,0,200,200,200,23,0,0,15,200
4,200,30,1,2,0,1,8,5,200,0,0,0,0,200,200,200,21,200,0,65,200
0,200,30,1,2,0,1,8,5,200,0,0,0,0,200,200,200,21,200,0,50,200
0,200,30,0,0,0,1,10,5,200,0,0,0,0,200,200,200,18,200,0,52,200
0,200,30,0,0,0,1,10,5,200,0,0,0,0,200,200,200,18,200,0,34,200
0,200,30,0,0,0,1,10,5,200,0,0,0,0,200,200,200,18,200,0,34,200
0,200,30,1,2,0,3,10,5,2,0,0,0,0,200,200,200,18,0,0,22,200
0,200,30,1,2,0,3,10,5,2,0,0,0,0,200,200,200,18,0,0,49,200
0,200,30,0,0,0,1,12,5,3,0,0,0,0,200,200,200,0,0,0,18,200
0,200,30,0,0,0,1,12,5,3,0,0,0,0,200,200,200,0,0,0,53,200
0,200,0,1,2,0,1,2,12,200,0,0,12,1,1,200,200,29,200,1,35,200
0,200,0,1,2,0,1,2,12,200,0,0,12,1,1,200,200,29,200,0,56,200
1,200,0,1,2,0,1,2,12,200,0,0,12,1,1,200,200,29,200,0,39,200
1,200,0,1,2,0,1,2,12,200,0,0,12,1,1,200,200,29,200,0,1,200
0,200,40,0,0,0,1,12,2,6,0,0,0,1,200,200,1,22,17,0,55,200
0,200,40,0,0,0,1,12,2,6,0,0,0,1,200,200,1,22,17,0,55,200
0,200,30,1,2,0,1,12,5,4,0,0,0,0,200,200,200,22,200,0,49,200
0,200,30,1,2,0,1,12,5,4,0,0,0,0,200,200,200,22,200,0,50,200
1,200,30,1,2,0,1,12,5,4,0,0,0,0,200,200,200,22,200,0,48,200
0,200,30,0,0,200,200,7,6,1,0,200,200,0,200,200,200,0,0,0,200,200
0,0,30,200,0,0,1,8,200,2,0,0,0,1,200,200,200,0,0,0,37,200
4,0,30,200,0,0,1,8,200,2,0,0,0,1,200,200,200,0,0,0,22,200
0,200,40,0,0,0,1,12,2,200,1,0,0,0,200,200,1,22,0,0,200,200
0,200,40,0,0,0,1,12,2,200,1,0,0,0,200,200,1,22,0,1,38,200
0,200,35,2,200,200,200,10,5,200,0,200,200,0,200,200,200,16,200,2,200,200
0,200,35,2,200,200,200,10,5,200,0,200,200,0,200,200,200,16,200,0,34,200
0,200,30,1,2,0,1,0,2,4,0,0,0,1,1,200,200,6,17,0,50,200
0,200,30,1,2,0,1,0,2,4,0,0,0,1,1,200,200,6,17,0,69,200
1,200,30,1,2,0,1,0,2,4,0,0,0,1,1,200,200,6,17,1,72,200
0,200,25,0,0,0,1,7,5,4,0,0,0,1,200,200,200,13,200,0,51,200
0,200,30,0,0,0,1,14,5,2,0,0,0,1,0,200,200,0,0,1,34,200
0,200,30,0,0,0,1,14,5,2,0,0,0,1,0,200,200,0,0,1,41,200
1,200,30,0,0,0,1,14,5,2,0,0,0,1,0,200,200,0,0,1,200,200
1,200,30,0,0,0,1,14,5,2,0,0,0,1,0,200,200,0,0,1,4,200
0,200,35,1,4,0,1,14,2,4,0,0,0,0,200,200,200,17,200,1,17,200
0,200,35,1,4,0,1,14,2,4,0,0,0,0,200,200,200,17,200,0,54,200
0,1,30,0,0,200,200,7,6,1,0,200,0,0,200,200,1,0,0,2,200,200
0,200,30,2,2,0,1,10,5,200,0,0,0,1,200,200,1,18,7,1,200,200
0,200,30,2,2,0,1,10,5,200,0,0,0,1,200,200,1,18,7,0,51,200
1,200,30,2,2,0,1,10,5,200,0,0,0,1,200,200,1,18,7,1,76,200
1,200,30,2,2,0,1,10,5,200,0,0,0,1,200,200,1,18,7,0,7,200
1,200,30,2,2,0,1,10,5,200,0,0,0,1,200,200,1,18,7,0,7,200
0,200,30,0,0,0,1,12,6,200,0,0,0,0,200,200,200,0,0,1,29,200
0,200,30,0,0,0,1,12,6,200,0,0,0,0,200,200,200,0,0,1,25,200
0,200,30,2,2,0,1,14,5,200,0,0,0,0,1,200,200,11,16,0,74,200
0,200,30,2,2,0,1,14,5,200,0,0,0,0,1,200,200,11,16,0,76,200
0,200,30,0,0,0,1,10,2,4,0,0,0,0,200,200,1,18,18,1,200,200
0,200,30,0,0,0,1,10,2,4,0,0,0,0,200,200,1,18,18,1,25,200
0,200,35,0,0,0,1,12,3,4,0,0,0,0,200,200,1,22,0,2,200,200
0,200,35,0,0,0,1,12,3,4,0,0,0,0,200,200,1,22,0,0,49,200
0,200,20,2,2,0,1,7,5,200,0,0,0,0,200,200,200,20,200,0,51,200
0,200,25,2,2,0,1,0,2,2,0,0,3,0,200,200,1,0,0,0,200,200
0,200,25,2,2,0,1,0,2,2,0,0,3,0,200,200,1,0,0,1,56,200
0,200,30,2,2,0,1,0,12,4,0,0,0,0,200,200,200,0,0,1,29,200
0,200,30,2,2,0,1,0,12,4,0,0,0,0,200,200,200,0,0,0,46,200
0,200,30,1,2,0,1,10,5,200,0,0,0,0,200,200,200,18,0,1,54,200
0,200,30,1,2,0,1,10,5,200,0,0,0,0,200,200,200,18,0,1,200,200
0,200,30,1,2,0,1,12,1,4,0,0,0,0,200,200,200,21,16,0,32,200
0,200,30,1,2,0,1,12,1,4,0,0,0,0,200,200,200,21,16,1,54,200
0,200,30,1,2,0,1,14,2,200,0,0,0,0,1,200,200,17,200,0,58,200
0,200,30,1,2,0,1,14,2,200,0,0,0,0,1,200,200,17,200,0,51,200
1,200,30,1,2,0,1,14,2,200,0,0,0,0,1,200,200,17,200,1,7,200
1,200,30,1,2,0,1,14,2,200,0,0,0,0,1,200,200,17,200,0,8,200
0,200,15,0,0,0,1,5,0,1,0,0,0,0,200,1,200,23,200,0,35,200
0,200,30,2,2,0,1,0,2,200,0,0,0,0,1,200,200,17,200,0,200,200
0,200,30,2,2,0,1,0,2,200,0,0,0,0,1,200,200,17,200,1,200,200
1,200,30,2,2,0,1,0,2,200,0,0,0,0,1,200,200,17,200,0,55,200
0,200,35,2,2,0,1,0,12,0,0,0,0,1,1,200,200,11,200,1,18,200
0,200,35,2,2,0,1,0,12,0,0,0,0,1,1,200,200,11,200,1,47,200
0,200,30,2,2,0,1,0,5,2,0,0,0,1,1,200,200,17,11,1,76,200
0,200,30,2,2,0,1,0,5,2,0,0,0,1,1,200,200,17,11,0,46,200
0,200,30,1,2,0,1,14,2,4,0,0,0,0,1,200,200,0,11,1,45,200
0,200,30,1,2,0,1,14,2,4,0,0,0,0,1,200,200,0,11,1,57,200
0,200,30,0,0,0,1,12,6,2,0,0,0,0,200,200,200,17,17,0,49,200
0,200,30,0,0,0,1,12,6,2,0,0,0,0,200,200,200,17,17,1,35,200
0,1,30,1,2,0,1,10,6,4,0,0,0,1,1,200,1,18,11,2,200,200
0,1,30,1,2,0,1,10,6,4,0,0,0,1,1,200,1,18,11,1,58,200
0,200,30,0,0,0,1,10,2,2,0,0,200,0,200,200,200,20,28,0,46,200
0,200,30,0,0,0,1,10,2,2,0,0,200,0,200,200,200,20,28,0,40,200
1,200,30,0,0,0,1,10,2,2,0,0,200,0,200,200,200,20,28,1,41,200
0,200,30,1,2,0,1,14,5,4,0,0,0,0,200,200,200,0,0,2,200,200
0,200,30,1,2,0,1,14,5,4,0,0,0,0,200,200,200,0,0,1,66,200
1,200,30,1,2,0,1,14,5,4,0,0,0,0,200,200,200,0,0,2,200,200
4,200,30,1,2,0,1,8,3,200,0,0,200,0,200,200,1,18,200,0,200,200
0,200,30,1,2,0,1,8,3,200,0,0,200,0,200,200,1,18,200,0,54,200
0,200,30,2,2,0,1,0,5,4,0,0,0,1,1,200,200,17,200,0,23,200
0,200,30,2,2,0,1,0,5,4,0,0,0,1,1,200,200,17,200,1,44,200
0,200,20,0,0,0,1,10,7,200,0,0,0,0,200,200,200,20,200,1,200,200
0,200,20,0,0,0,1,10,7,200,0,0,0,0,200,200,200,20,200,0,23,200
0,200,30,1,2,0,1,12,5,2,0,0,0,0,200,200,200,0,0,0,200,200
0,200,30,1,2,0,1,12,5,2,0,0,0,0,200,200,200,0,0,1,35,200
0,200,35,0,0,0,1,14,5,2,0,0,0,0,200,200,200,17,200,1,23,200
0,200,35,0,0,0,1,14,5,2,0,0,0,0,200,200,200,17,200,0,42,200
1,200,35,0,0,0,1,14,5,2,0,0,0,0,200,200,200,17,200,200,200,200
0,200,35,0,0,0,1,10,5,200,2,0,0,0,200,200,200,18,200,0,31,200
0,200,35,0,0,0,1,10,5,200,2,0,0,0,200,200,200,18,200,0,24,200
0,200,30,0,0,0,1,14,5,2,0,0,0,0,200,200,200,23,200,0,23,200
0,200,30,0,0,0,1,14,5,2,0,0,0,0,200,200,200,23,200,0,34,200
0,200,30,0,0,0,1,0,7,200,0,0,0,0,200,200,200,0,0,1,200,200
0,200,30,0,0,0,1,0,7,200,0,0,0,0,200,200,200,0,0,0,48,200
0,200,30,0,0,0,1,10,1,2,1,0,0,1,200,200,200,18,16,0,18,200
0,200,30,0,0,0,1,10,1,2,1,0,0,1,200,200,200,18,16,1,26,200
0,200,30,0,0,0,1,10,1,2,1,0,0,1,200,200,200,18,16,0,66,200
0,200,30,0,0,0,1,10,1,2,1,0,0,1,200,200,200,18,16,0,33,200
0,200,30,0,0,0,1,7,6,1,0,0,0,0,200,200,200,0,200,0,50,200
0,200,0,1,2,0,1,12,5,4,0,0,0,0,200,200,1,21,22,0,200,200
0,200,0,1,2,0,1,12,5,4,0,0,0,0,200,200,1,21,22,1,35,200
0,200,20,1,2,0,1,10,5,200,0,0,0,0,1,200,200,16,18,0,26,200
0,200,20,1,2,0,1,10,5,200,0,0,0,0,1,200,200,16,18,0,58,200
0,200,30,0,0,0,1,12,5,200,0,0,0,1,200,200,200,23,200,0,20,200
0,200,30,0,0,0,1,12,5,200,0,0,0,1,200,200,200,23,200,1,59,200
4,200,35,1,2,0,1,8,5,200,0,0,0,0,1,200,200,21,200,0,200,200
0,200,35,1,2,0,1,8,5,200,0,0,0,0,1,200,200,21,200,1,26,200
0,200,35,1,2,0,1,10,5,2,0,0,0,1,200,200,1,22,0,2,200,200
0,200,35,1,2,0,1,10,5,2,0,0,0,1,200,200,1,22,0,1,57,200
1,200,35,1,2,0,1,10,5,2,0,0,0,1,200,200,1,22,0,1,58,200
1,200,35,1,2,0,1,10,5,2,0,0,0,1,200,200,1,22,0,1,200,200
0,200,30,0,0,0,1,7,5,200,0,0,0,0,200,200,200,21,200,0,45,200
0,200,30,0,0,0,1,7,5,200,0,0,0,0,200,200,1,0,0,2,200,200
0,0,30,0,200,200,200,7,5,2,0,200,200,0,200,200,200,0,200,2,200,200
0,200,30,0,0,0,1,14,6,3,0,0,0,1,200,200,200,23,0,1,39,200
0,200,30,0,0,0,1,14,6,3,0,0,0,1,200,200,200,23,0,1,44,200
0,200,30,1,2,0,1,10,5,2,0,0,0,0,200,200,200,0,16,0,39,200
0,200,30,1,2,0,1,10,5,2,0,0,0,0,200,200,200,0,16,0,200,200
0,200,15,0,0,0,1,7,7,1,0,0,0,0,200,1,1,0,0,0,200,200
0,200,10,0,0,0,1,10,7,2,0,0,0,0,200,200,200,0,200,1,74,200
0,200,10,0,0,0,1,10,7,2,0,0,0,0,200,200,200,0,200,0,31,200
0,200,30,0,0,0,1,12,5,2,0,0,0,0,200,200,200,0,0,1,24,200
0,200,30,0,0,0,1,12,5,2,0,0,0,0,200,200,200,0,0,0,45,200
0,200,30,1,2,0,1,12,6,2,0,0,0,0,200,200,200,22,200,0,55,200
0,200,30,1,2,0,1,12,6,2,0,0,0,0,200,200,200,22,200,1,27,200
0,1,30,0,0,0,3,7,6,200,0,0,0,0,200,200,1,0,200,2,200,200
0,200,30,0,0,0,1,0,0,200,0,0,0,0,200,200,200,20,17,0,52,200
0,200,30,0,0,0,1,0,0,200,0,0,0,0,200,200,200,20,17,0,35,200
1,200,30,0,0,0,1,0,0,200,0,0,0,0,200,200,200,20,17,1,200,200
0,200,30,1,2,0,1,14,5,200,0,0,0,0,200,200,200,0,0,0,18,200
0,200,30,1,2,0,1,14,5,200,0,0,0,0,200,200,200,0,0,0,65,200
1,200,30,1,2,0,1,14,5,200,0,0,0,0,200,200,200,0,0,0,200,200
1,200,30,1,2,0,1,14,5,200,0,0,0,0,200,200,200,0,0,1,200,200
0,200,10,0,0,0,1,7,7,0,0,0,0,0,200,200,1,0,0,2,200,200
0,200,30,0,0,0,1,10,5,2,0,0,0,1,200,200,200,18,200,1,23,200
0,200,30,0,0,0,1,10,5,2,0,0,0,1,200,200,200,18,200,0,42,200
0,200,30,0,0,0,1,7,6,200,0,0,0,0,200,200,200,0,200,0,40,200
1,200,30,0,0,0,1,7,6,200,0,0,0,0,200,200,200,0,200,1,200,200
1,200,30,0,0,0,1,7,6,200,0,0,0,0,200,200,200,0,200,0,62,200
0,200,30,1,2,0,1,10,5,4,0,0,0,1,1,200,200,18,16,0,29,200
0,200,30,1,2,0,1,10,5,4,0,0,0,1,1,200,200,18,16,0,29,200
1,200,30,1,2,0,1,10,5,4,0,0,0,1,1,200,200,18,16,1,24,200
1,200,30,1,2,0,1,10,5,4,0,0,0,1,1,200,200,18,16,0,26,200
1,200,30,1,2,0,1,10,5,4,0,0,0,1,1,200,200,18,16,0,27,200
0,200,30,0,0,0,1,10,3,4,0,0,0,0,200,200,200,200,200,0,44,200
0,200,30,0,0,0,1,10,3,4,0,0,0,0,200,200,200,200,200,1,27,200
0,200,30,0,0,0,1,10,7,0,0,0,0,0,200,200,200,200,200,1,25,200
0,200,30,0,0,0,1,10,7,0,0,0,0,0,200,200,200,200,200,0,42,200
0,200,30,0,0,0,1,10,5,2,0,0,0,0,200,200,200,18,200,0,24,200
0,200,30,0,0,0,1,10,5,2,0,0,0,0,200,200,200,18,200,0,200,200
0,200,30,1,2,0,1,0,5,200,0,0,0,1,1,200,200,12,16,0,52,200
0,200,30,1,2,0,1,0,5,200,0,0,0,1,1,200,200,12,16,0,45,200
0,200,20,0,0,0,1,2,8,1,0,0,0,0,200,200,200,20,11,0,37,200
3,200,20,0,0,0,1,2,8,1,0,0,0,0,200,200,200,20,11,200,200,200
0,200,30,1,2,0,1,14,5,4,0,0,0,1,1,200,200,17,200,0,23,200
0,200,30,1,2,0,1,14,5,4,0,0,0,1,1,200,200,17,200,0,39,200
0,200,30,0,0,0,1,7,5,200,0,0,0,0,200,200,200,0,0,1,62,200
0,200,0,0,0,0,1,7,0,0,0,0,0,0,200,200,200,20,0,0,25,200
0,200,30,0,0,0,1,14,6,3,0,0,0,0,200,200,200,21,0,0,60,200
0,200,30,0,0,0,1,14,6,3,0,0,0,0,200,200,200,21,0,1,28,200
1,200,30,0,0,0,1,14,6,3,0,0,0,0,200,200,200,21,0,1,29,200
1,200,30,0,0,0,1,14,6,3,0,0,0,0,200,200,200,21,0,0,18,200
1,200,30,0,0,0,1,14,6,3,0,0,0,0,200,200,200,21,0,200,200,200
1,200,30,0,0,0,1,14,6,3,0,0,0,0,200,200,200,21,0,0,18,200
1,200,30,0,0,0,1,14,6,3,0,0,0,0,200,200,200,21,0,0,18,200
1,200,30,0,0,0,1,14,6,3,0,0,0,0,200,200,200,21,0,0,18,200
1,200,30,0,0,0,1,14,6,3,0,0,0,0,200,200,200,21,0,0,18,200
0,200,30,0,0,0,1,14,2,4,0,0,0,0,200,200,200,17,200,0,30,200
0,200,30,0,0,0,1,14,2,4,0,0,0,0,200,200,200,17,200,0,54,200
0,1,5,0,0,0,1,7,12,200,0,0,0,0,200,1,200,0,200,1,81,200
0,200,30,1,2,0,1,10,5,2,0,0,0,0,200,200,200,18,200,0,200,200
0,200,30,1,2,0,1,10,5,2,0,0,0,0,200,200,200,18,200,0,67,200
0,200,30,0,0,0,1,14,5,200,0,0,0,0,200,200,200,17,200,0,200,200
0,200,30,0,0,0,1,14,5,200,0,0,0,0,200,200,200,17,200,1,64,200
0,200,30,1,2,0,1,14,5,4,0,0,3,1,1,200,200,0,200,0,58,200
0,200,30,1,2,0,1,14,5,4,0,0,3,1,1,200,200,0,200,0,51,200
0,200,30,1,2,0,1,14,5,4,0,0,3,1,1,200,200,0,200,0,81,200
0,200,30,0,0,0,1,7,5,2,0,0,0,0,200,200,200,0,200,1,200,200
0,200,30,2,2,0,1,10,2,0,0,0,0,0,200,200,200,2,0,0,200,200
0,200,30,2,2,0,1,10,2,0,0,0,0,0,200,200,200,2,0,0,42,200
0,200,30,2,2,0,1,0,5,200,0,0,0,0,1,200,200,17,18,1,31,200
0,200,30,2,2,0,1,0,5,200,0,0,0,0,1,200,200,17,18,0,30,200
0,200,0,1,2,0,1,10,5,4,0,0,0,0,200,200,200,18,0,0,22,200
0,200,0,1,2,0,1,10,5,4,0,0,0,0,200,200,200,18,0,1,25,200
0,200,5,0,0,200,1,7,7,1,0,200,0,0,200,1,200,20,200,0,42,200
1,200,5,0,0,200,1,7,7,1,0,200,0,0,200,1,200,20,200,1,32,200
0,200,45,1,2,0,1,12,3,200,0,0,0,0,200,200,200,0,0,0,18,200
0,200,45,1,2,0,1,12,3,200,0,0,0,0,200,200,200,0,0,1,24,200
0,200,30,0,0,0,1,14,2,200,0,0,0,0,200,200,200,21,200,0,39,200
0,200,30,0,0,0,1,14,2,200,0,0,0,0,200,200,200,21,200,1,31,200
1,200,30,0,0,0,1,14,2,200,0,0,0,0,200,200,200,21,200,1,5,200
0,200,0,2,2,0,1,10,12,200,0,0,0,1,1,200,200,11,200,1,22,200
0,200,0,2,2,0,1,10,12,200,0,0,0,1,1,200,200,11,200,1,33,200
0,200,0,2,2,0,1,10,12,200,0,0,0,1,1,200,200,11,200,0,72,200
0,200,30,1,2,0,1,10,5,2,0,0,0,0,200,200,200,18,200,0,69,200
0,200,30,1,2,0,1,10,5,2,0,0,0,0,200,200,200,18,200,0,28,200
0,200,35,2,2,0,1,10,5,200,0,0,0,0,200,200,200,8,200,0,33,200
0,200,35,2,2,0,1,10,5,200,0,0,0,0,200,200,200,8,200,0,40,200
0,200,35,2,2,0,1,10,5,200,0,0,0,0,200,200,200,8,200,0,65,200
0,200,30,0,0,0,1,7,5,1,0,0,0,0,200,200,200,33,0,0,46,200
0,200,30,0,0,0,0,7,5,2,0,0,200,0,200,200,200,0,0,1,200,200
1,200,30,0,0,0,0,7,5,2,0,0,200,0,200,200,200,0,0,1,200,200
1,200,30,0,0,0,0,7,5,2,0,0,200,0,200,200,200,0,0,1,200,200
0,200,30,0,0,0,1,7,5,2,0,0,0,0,200,200,1,0,0,1,200,200
1,200,30,0,0,0,1,7,5,2,0,0,0,0,200,200,1,0,0,0,49,200
0,200,30,1,1,0,1,12,5,4,0,0,0,0,200,200,200,21,22,0,67,200
0,200,30,1,1,0,1,12,5,4,0,0,0,0,200,200,200,21,22,0,47,200
1,200,30,1,1,0,1,12,5,4,0,0,0,0,200,200,200,21,22,0,1,200
1,200,30,1,1,0,1,12,5,4,0,0,0,0,200,200,200,21,22,1,4,200
1,200,30,1,1,0,1,12,5,4,0,0,0,0,200,200,200,21,22,1,40,200
0,200,30,0,0,0,1,12,5,200,0,0,0,0,200,200,1,0,0,0,200,200
0,200,30,0,0,0,1,12,5,200,0,0,0,0,200,200,1,0,0,1,46,200
0,200,30,2,2,0,1,0,5,200,0,0,0,0,1,200,1,17,200,1,200,200
0,200,30,2,2,0,1,0,5,200,0,0,0,0,1,200,1,17,200,0,61,200
1,200,30,2,2,0,1,0,5,200,0,0,0,0,1,200,1,17,200,1,200,200
1,200,30,2,2,0,1,0,5,200,0,0,0,0,1,200,1,17,200,1,61,200
1,200,30,2,2,0,1,0,5,200,0,0,0,0,1,200,1,17,200,1,4,200
0,200,30,2,12,0,1,10,5,200,0,0,0,0,200,200,200,18,18,0,39,200
0,200,30,2,12,0,1,10,5,200,0,0,0,0,200,200,200,18,18,1,65,200
0,200,30,0,0,0,1,10,5,4,0,0,0,0,200,200,1,23,22,2,200,200
0,200,30,0,0,0,1,10,5,4,0,0,0,0,200,200,1,23,22,1,43,200
0,200,25,1,2,0,1,12,2,8,0,0,200,0,200,200,1,22,11,1,200,200
0,200,25,1,2,0,1,12,2,8,0,0,200,0,200,200,1,22,11,1,37,200
1,200,25,1,2,0,1,12,2,8,0,0,200,0,200,200,1,22,11,1,30,200
1,200,25,1,2,0,1,12,2,8,0,0,200,0,200,200,1,22,11,0,11,200
1,200,25,1,2,0,1,12,2,8,0,0,200,0,200,200,1,22,11,1,9,200
1,200,25,1,2,0,1,12,2,8,0,0,200,0,200,200,1,22,11,0,200,200
0,200,35,0,0,0,1,12,3,200,0,0,0,0,200,200,1,21,21,2,200,200
0,200,35,0,0,0,1,12,3,200,0,0,0,0,200,200,1,21,21,2,200,200
0,200,30,0,0,0,1,12,2,2,0,0,0,0,200,200,200,21,200,0,36,200
0,200,30,0,0,0,1,12,2,2,0,0,0,0,200,200,200,21,200,1,39,200
1,200,30,0,0,0,1,12,2,2,0,0,0,0,200,200,200,21,200,0,200,200
1,200,30,0,0,0,1,12,2,2,0,0,0,0,200,200,200,21,200,0,200,200
0,200,30,1,2,0,1,14,2,2,0,0,0,1,200,200,1,200,200,0,200,200
0,200,35,0,0,0,1,12,3,4,0,0,0,0,200,200,200,22,200,1,200,200
0,200,35,0,0,0,1,12,3,4,0,0,0,0,200,200,200,22,200,1,22,200
0,200,30,0,0,0,1,12,5,4,0,0,0,0,200,200,1,17,0,0,200,200
0,200,30,0,0,0,1,12,5,4,0,0,0,0,200,200,1,17,0,0,26,200
1,200,30,0,0,0,1,12,5,4,0,0,0,0,200,200,1,17,0,1,200,200