PERSON_TYPE,CRASH_DATE_EST_I,POSTED_SPEED_LIMIT,TRAFFIC_CONTROL_DEVICE,DEVICE_CONDITION,WEATHER_CONDITION,LIGHTING_CONDITION,FIRST_CRASH_TYPE,TRAFFICWAY_TYPE,LANE_CNT,ALIGNMENT,ROADWAY_SURFACE_COND,ROAD_DEFECT,CRASH_TYPE,INTERSECTION_RELATED_I,NOT_RIGHT_OF_WAY_I,HIT_AND_RUN_I,PRIM_CONTRIBUTORY_CAUSE,SEC_CONTRIBUTORY_CAUSE,SEX,AGE,BAC_RESULT VALUE
0,200,30,0,0,0,1,7,2,4,0,0,0,0,200,200,200,22,200,0,54,200
0,200,30,0,0,0,1,7,2,4,0,0,0,0,200,200,200,22,200,0,54,200
4,200,30,1,2,0,1,8,6,0,0,0,0,0,1,200,200,17,23,0,44,200
0,200,30,1,2,0,1,8,6,0,0,0,0,0,1,200,200,17,23,0,57,200
0,200,30,200,200,0,1,12,2,200,0,0,200,0,200,200,1,22,200,2,200,200
0,200,30,200,200,0,1,12,2,200,0,0,200,0,200,200,1,22,200,1,48,200
0,200,30,0,0,1,1,10,3,200,0,0,0,0,200,200,200,0,0,0,0,200
0,200,30,0,0,1,1,10,3,200,0,0,0,0,200,200,200,0,0,1,50,200
0,200,15,0,0,0,1,0,7,1,0,0,0,0,200,200,200,20,200,1,48,200
0,200,15,0,0,0,1,0,7,1,0,0,0,0,200,200,200,20,200,1,29,200
0,200,30,1,2,0,1,0,5,200,0,0,0,1,1,200,200,6,14,0,47,200
0,200,30,1,2,0,1,0,5,200,0,0,0,1,1,200,200,6,14,0,54,200
0,200,25,0,0,0,1,12,5,200,0,0,0,0,200,200,200,22,11,1,26,200
0,200,25,0,0,0,1,12,5,200,0,0,0,0,200,200,200,22,11,0,23,200
1,200,25,0,0,0,1,12,5,200,0,0,0,0,200,200,200,22,11,1,29,200
1,200,25,0,0,0,1,12,5,200,0,0,0,0,200,200,200,22,11,1,26,200
0,200,30,0,0,0,1,14,5,2,0,0,200,1,0,200,200,23,0,1,37,200
0,200,30,0,0,0,1,14,5,2,0,0,200,1,0,200,200,23,0,0,32,200
0,200,30,1,2,0,1,14,2,4,0,0,0,1,1,0,200,21,200,0,40,200
0,200,30,1,2,0,1,14,2,4,0,0,0,1,1,0,200,21,200,1,18,200
1,200,30,1,2,0,1,14,2,4,0,0,0,1,1,0,200,21,200,1,23,200
0,200,30,1,2,0,1,14,5,2,0,0,0,1,1,200,200,23,0,0,42,200
0,200,30,1,2,0,1,14,5,2,0,0,0,1,1,200,200,23,0,0,19,200
1,200,30,1,2,0,1,14,5,2,0,0,0,1,1,200,200,23,0,0,21,200
0,200,30,1,2,0,1,0,2,4,0,0,0,0,1,200,1,17,0,2,200,200
0,200,30,1,2,0,1,0,2,4,0,0,0,0,1,200,1,17,0,0,60,200
0,200,30,0,0,0,1,9,2,200,0,0,0,1,200,200,0,21,14,0,26,200
5,200,30,0,0,0,1,9,2,200,0,0,0,1,200,200,0,21,14,0,35,200
1,200,30,0,0,0,1,9,2,200,0,0,0,1,200,200,0,21,14,0,30,200
0,200,35,2,2,0,1,14,5,200,0,0,0,1,1,200,200,17,16,0,36,200
0,200,35,2,2,0,1,14,5,200,0,0,0,1,1,200,200,17,16,0,23,200
0,200,30,1,2,0,1,0,5,4,0,0,0,1,1,200,200,16,0,0,31,200
0,200,30,1,2,0,1,0,5,4,0,0,0,1,1,200,200,16,0,0,49,200
0,200,10,0,0,0,1,7,7,200,0,200,200,0,200,200,1,0,0,2,200,200
0,200,30,0,0,0,1,14,5,200,0,0,0,0,200,200,200,0,0,0,39,200
0,200,30,0,0,0,1,14,5,200,0,0,0,0,200,200,200,0,0,1,38,200
0,200,30,1,2,0,4,0,12,200,0,0,0,1,200,200,200,0,200,1,200,200
0,200,30,1,2,0,4,0,12,200,0,0,0,1,200,200,200,0,200,0,200,200
1,200,30,1,2,0,4,0,12,200,0,0,0,1,200,200,200,0,200,0,200,200
1,200,30,1,2,0,4,0,12,200,0,0,0,1,200,200,200,0,200,200,200,200
1,200,30,1,2,0,4,0,12,200,0,0,0,1,200,200,200,0,200,0,200,200
1,200,30,1,2,0,4,0,12,200,0,0,0,1,200,200,200,0,200,1,200,200
1,200,30,1,2,0,4,0,12,200,0,0,0,1,200,200,200,0,200,0,200,200
4,200,30,0,0,0,1,8,5,2,0,0,0,0,200,200,200,17,200,1,28,200
0,200,30,0,0,0,1,8,5,2,0,0,0,0,200,200,200,17,200,0,28,200
0,200,30,1,2,0,3,2,3,2,0,0,200,0,1,1,200,200,200,0,26,200
0,200,30,0,0,0,1,0,6,1,0,0,0,0,200,200,200,20,0,1,47,200
0,200,30,0,0,0,1,0,6,1,0,0,0,0,200,200,200,20,0,0,50,200
0,1,25,0,0,0,3,7,6,1,0,0,200,0,200,200,200,0,0,2,200,200
0,200,30,0,0,0,0,10,2,2,0,0,0,1,200,200,200,0,0,1,64,200
0,200,30,0,0,0,0,10,2,2,0,0,0,1,200,200,200,0,0,0,36,200
0,200,30,0,0,0,1,7,5,200,0,0,2,0,200,200,1,0,0,2,200,200
0,200,30,0,0,0,1,12,3,4,0,0,0,0,200,200,200,21,25,1,41,200
0,200,30,0,0,0,1,12,3,4,0,0,0,0,200,200,200,21,25,0,45,200
0,200,40,0,0,0,1,10,3,8,0,0,0,1,200,200,200,18,0,0,25,200
0,200,40,0,0,0,1,10,3,8,0,0,0,1,200,200,200,18,0,1,50,200
1,200,40,0,0,0,1,10,3,8,0,0,0,1,200,200,200,18,0,1,20,200
1,200,40,0,0,0,1,10,3,8,0,0,0,1,200,200,200,18,0,1,23,200
1,200,40,0,0,0,1,10,3,8,0,0,0,1,200,200,200,18,0,1,22,200
1,200,40,0,0,0,1,10,3,8,0,0,0,1,200,200,200,18,0,1,6,200
1,200,40,0,0,0,1,10,3,8,0,0,0,1,200,200,200,18,0,1,17,200
0,200,30,0,0,0,1,7,6,1,0,0,0,0,200,200,200,20,200,1,200,200
0,200,30,0,0,0,3,12,5,2,0,0,0,1,200,200,200,22,0,0,31,200
0,200,30,0,0,0,3,12,5,2,0,0,0,1,200,200,200,22,0,0,64,200
0,200,5,0,0,0,4,7,5,200,0,0,0,0,200,1,200,0,19,1,200,200
0,200,30,2,2,0,3,8,5,4,0,0,0,1,200,200,1,10,0,2,200,200
0,200,30,2,2,0,3,8,5,4,0,0,0,1,200,200,1,10,0,1,24,200
4,200,30,2,2,0,3,8,5,4,0,0,0,1,200,200,1,10,0,1,70,200
0,200,20,0,0,200,3,7,6,1,0,200,3,0,200,200,1,0,11,2,200,200
0,200,30,0,0,0,1,7,5,2,0,0,0,0,200,200,1,0,0,2,200,200
0,200,30,1,2,0,3,14,2,2,0,0,0,0,1,200,200,16,200,0,60,200
0,200,30,1,2,0,3,14,2,2,0,0,0,0,1,200,200,16,200,1,18,200
1,200,30,1,2,0,3,14,2,2,0,0,0,0,1,200,200,16,200,1,24,200
1,200,30,1,2,0,3,14,2,2,0,0,0,0,1,200,200,16,200,1,20,200
1,200,30,1,2,0,3,14,2,2,0,0,0,0,1,200,200,16,200,1,11,200
1,200,30,1,2,0,3,14,2,2,0,0,0,0,1,200,200,16,200,1,13,200
0,200,25,0,0,200,200,7,0,200,0,200,200,0,200,200,1,0,0,0,200,200
0,200,5,0,0,0,200,0,7,1,0,0,0,0,200,1,200,20,200,0,31,200
0,200,5,0,0,0,200,0,7,1,0,0,0,0,200,1,200,20,200,1,29,200
0,200,30,2,2,0,1,7,5,2,0,0,0,0,200,200,200,11,0,0,52,200
1,200,30,2,2,0,1,7,5,2,0,0,0,0,200,200,200,11,0,1,200,200
0,200,30,0,0,0,3,12,5,4,0,0,0,1,200,200,200,32,21,0,20,200
0,200,30,0,0,0,3,12,5,4,0,0,0,1,200,200,200,32,21,1,21,200
1,200,30,0,0,0,3,12,5,4,0,0,0,1,200,200,200,32,21,1,21,200
1,200,30,0,0,0,3,12,5,4,0,0,0,1,200,200,200,32,21,1,21,200
0,200,30,1,2,0,3,0,2,4,0,0,0,1,1,200,200,14,6,1,44,200
0,200,30,1,2,0,3,0,2,4,0,0,0,1,1,200,200,14,6,1,27,200
0,200,30,1,2,0,3,14,2,200,0,0,0,1,1,200,200,17,200,1,18,200
0,200,30,1,2,0,3,14,2,200,0,0,0,1,1,200,200,17,200,0,19,200
1,200,30,1,2,0,3,14,2,200,0,0,0,1,1,200,200,17,200,2,200,200
1,200,30,1,2,0,3,14,2,200,0,0,0,1,1,200,200,17,200,2,200,200
1,200,30,1,2,0,3,14,2,200,0,0,0,1,1,200,200,17,200,2,200,200
1,200,30,1,2,0,3,14,2,200,0,0,0,1,1,200,200,17,200,2,200,200
0,200,30,1,2,2,3,14,5,200,0,1,0,1,1,200,200,200,200,0,64,200
0,200,30,1,2,2,3,14,5,200,0,1,0,1,1,200,200,200,200,1,32,200
0,200,15,0,0,0,3,10,7,1,0,0,200,0,200,1,200,0,0,1,59,200
0,200,15,0,0,0,3,10,7,1,0,0,200,0,200,1,200,0,0,0,49,200
0,200,0,0,0,0,3,3,7,200,0,0,0,0,200,1,200,200,200,0,58,200
0,200,0,0,0,0,3,3,7,200,0,0,0,0,200,1,200,200,200,0,35,200
1,200,0,0,0,0,3,3,7,200,0,0,0,0,200,1,200,200,200,0,22,200
1,200,0,0,0,0,3,3,7,200,0,0,0,0,200,1,200,200,200,1,34,200
0,200,30,0,0,0,3,14,5,2,0,0,0,0,200,200,200,23,21,1,200,200
0,200,30,0,0,0,3,14,5,2,0,0,0,0,200,200,200,23,21,0,20,200
0,200,30,0,0,0,1,14,5,2,0,0,0,1,200,200,200,17,0,0,32,200
0,200,30,0,0,0,1,14,5,2,0,0,0,1,200,200,200,17,0,1,20,200
0,200,0,0,0,0,1,7,7,200,0,200,200,0,200,200,200,0,0,1,200,200
0,200,15,0,200,0,3,7,7,200,0,0,0,0,200,200,200,0,0,0,51,200
0,200,30,2,12,1,1,2,2,200,0,0,0,0,200,200,200,14,0,1,14,200
0,200,30,0,0,0,3,0,5,2,0,200,200,0,200,200,1,0,0,0,200,200
0,200,30,0,0,0,3,0,5,2,0,200,200,0,200,200,1,0,0,0,49,200
0,200,35,1,2,0,3,4,1,4,0,0,0,1,1,200,200,16,0,0,43,200
0,200,30,2,200,200,200,14,200,200,0,200,200,0,200,200,200,5,23,0,37,200
0,200,30,2,200,200,200,14,200,200,0,200,200,0,200,200,200,5,23,0,44,200
0,1,5,0,0,0,3,7,7,200,0,200,0,0,200,200,1,20,200,0,200,200
0,200,30,1,2,0,1,10,6,3,0,0,0,0,1,200,200,7,7,0,200,200
0,200,30,1,2,0,1,10,6,3,0,0,0,0,1,200,200,7,7,1,51,200
0,200,10,0,0,0,1,12,12,1,0,0,200,0,200,1,200,11,0,0,52,200
0,200,10,0,0,0,1,12,12,1,0,0,200,0,200,1,200,11,0,1,27,200
0,200,30,1,2,0,3,14,5,2,0,0,0,0,1,200,200,17,200,0,20,200
0,200,30,1,2,0,3,14,5,2,0,0,0,0,1,200,200,17,200,1,17,200
0,200,30,3,200,0,3,12,5,2,0,200,200,0,200,200,200,0,200,0,48,200
0,200,30,200,200,0,200,12,1,200,0,200,200,0,200,200,200,0,0,0,200,200
0,200,30,200,200,0,200,12,1,200,0,200,200,0,200,200,200,0,0,0,0,200
0,200,30,1,2,0,3,12,6,200,0,0,0,0,1,200,1,25,19,1,200,200
0,200,30,1,2,0,3,12,6,200,0,0,0,0,1,200,1,25,19,1,50,200
0,200,30,0,0,0,3,14,5,200,0,0,0,0,200,200,1,20,0,1,200,200
0,200,30,0,0,0,3,14,5,200,0,0,0,0,200,200,1,20,0,1,29,200
0,200,30,2,2,0,3,0,5,4,0,0,0,1,1,200,200,6,200,0,30,200
0,200,30,2,2,0,3,0,5,4,0,0,0,1,1,200,200,6,200,0,39,200
1,200,30,2,2,0,3,0,5,4,0,0,0,1,1,200,200,6,200,1,46,200
1,200,30,2,2,0,3,0,5,4,0,0,0,1,1,200,200,6,200,0,200,200
0,200,35,0,2,0,3,10,2,4,0,0,0,1,200,200,200,18,16,0,200,200
0,200,35,0,2,0,3,10,2,4,0,0,0,1,200,200,200,18,16,0,22,200
0,200,30,1,2,0,3,14,2,2,0,0,0,1,1,200,0,0,20,0,38,200
0,200,30,1,2,0,3,14,2,2,0,0,0,1,1,200,0,0,20,0,29,200
0,200,30,0,0,0,3,2,6,2,0,0,12,0,200,200,200,28,0,0,39,200
0,200,30,0,200,0,3,7,6,1,0,0,200,1,200,200,200,0,0,0,19,200
1,200,30,0,200,0,3,7,6,1,0,0,200,1,200,200,200,0,0,1,200,200
0,200,30,2,0,0,4,10,5,200,0,0,0,1,200,200,200,18,16,0,47,200
0,200,30,2,0,0,4,10,5,200,0,0,0,1,200,200,200,18,16,1,39,200
1,200,30,2,0,0,4,10,5,200,0,0,0,1,200,200,200,18,16,1,200,200
1,200,30,2,0,0,4,10,5,200,0,0,0,1,200,200,200,18,16,0,200,200
0,200,30,0,0,0,3,2,3,4,0,0,0,0,200,200,200,200,200,0,28,200
0,200,30,0,0,0,3,12,3,4,0,0,0,0,200,200,1,17,0,2,200,200
0,200,30,0,0,0,3,12,3,4,0,0,0,0,200,200,1,17,0,0,18,200
0,200,25,0,0,0,200,7,7,0,0,0,0,0,200,200,200,200,200,2,200,200
0,200,30,0,0,0,1,7,7,200,0,0,0,0,200,200,200,22,22,2,200,200
0,1,30,0,0,0,3,7,6,1,0,0,0,0,200,200,1,21,200,2,200,200
0,200,45,1,2,0,3,10,2,4,0,0,200,0,1,200,200,11,0,0,27,200
0,200,45,1,2,0,3,10,2,4,0,0,200,0,1,200,200,11,0,0,36,200
0,200,15,0,200,0,0,3,0,200,0,0,0,0,200,0,0,0,0,0,42,200
0,200,15,0,200,0,0,3,0,200,0,0,0,0,200,0,0,0,0,1,43,200
0,200,30,0,0,0,3,7,6,200,0,0,0,1,200,200,1,25,16,0,200,200
1,200,30,0,0,0,3,7,6,200,0,0,0,1,200,200,1,25,16,200,200,200
1,200,30,0,0,0,3,7,6,200,0,0,0,1,200,200,1,25,16,200,200,200
0,200,30,0,0,0,3,14,5,2,0,0,0,1,200,200,200,10,200,1,31,200
0,200,30,0,0,0,3,14,5,2,0,0,0,1,200,200,200,10,200,1,23,200
1,200,30,0,0,0,3,14,5,2,0,0,0,1,200,200,200,10,200,0,20,200
0,200,30,0,0,200,3,7,6,1,0,200,200,1,200,200,200,12,12,0,35,200
0,200,25,2,0,0,3,7,6,200,0,0,0,0,1,200,200,0,0,2,200,200
1,200,25,2,0,0,3,7,6,200,0,0,0,0,1,200,200,0,0,0,36,200
1,200,25,2,0,0,3,7,6,200,0,0,0,0,1,200,200,0,0,1,21,200
0,200,30,1,2,0,1,12,5,200,0,0,0,0,1,200,200,22,11,0,19,200
0,200,30,1,2,0,1,12,5,200,0,0,0,0,1,200,200,22,11,1,37,200
0,200,10,0,0,0,1,0,6,200,0,0,0,0,200,200,200,0,0,1,200,200
0,200,10,0,0,0,1,0,6,200,0,0,0,0,200,200,200,0,0,1,42,200
0,200,30,0,0,0,3,2,5,1,0,0,0,1,200,200,1,0,0,2,200,200
0,200,30,0,0,0,3,12,5,3,0,1,0,0,200,200,1,21,0,2,200,200
0,200,30,0,0,0,3,12,5,3,0,1,0,0,200,200,1,21,0,0,36,200
1,200,30,0,0,0,3,12,5,3,0,1,0,0,200,200,1,21,0,0,200,200
1,200,30,0,0,0,3,12,5,3,0,1,0,0,200,200,1,21,0,1,200,200
0,1,30,1,2,0,3,10,2,2,0,0,0,1,1,200,200,16,200,0,41,200
0,1,30,1,2,0,3,10,2,2,0,0,0,1,1,200,200,16,200,0,55,200
0,1,30,1,2,0,3,10,2,2,0,0,0,1,1,200,200,16,200,0,48,200
1,1,30,1,2,0,3,10,2,2,0,0,0,1,1,200,200,16,200,0,54,200
0,200,30,0,0,0,3,7,5,2,0,0,0,1,200,200,1,0,0,0,33,200
0,200,10,0,0,0,3,7,7,1,0,0,0,0,200,1,200,16,20,0,40,200
0,200,30,0,0,0,3,7,5,4,0,0,0,0,200,200,200,200,200,0,55,200
0,200,30,1,2,0,1,14,6,200,0,0,0,0,200,200,200,21,200,0,30,200
0,200,30,1,2,0,1,14,6,200,0,0,0,0,200,200,200,21,200,0,47,200
0,200,30,0,0,0,1,12,3,4,0,0,0,0,200,200,200,17,17,0,48,200
0,200,30,0,0,0,1,12,3,4,0,0,0,0,200,200,200,17,17,0,53,200
0,200,35,1,2,0,2,0,5,4,0,0,0,1,1,200,200,0,0,0,200,200
0,200,35,1,2,0,2,0,5,4,0,0,0,1,1,200,200,0,0,0,69,200
0,200,45,1,2,0,1,12,2,2,0,0,0,0,200,200,200,0,0,0,52,200
0,200,45,1,2,0,1,12,2,2,0,0,0,0,200,200,200,0,0,0,45,200
0,200,25,0,0,200,1,14,5,200,0,200,200,0,200,200,200,15,8,0,46,200
0,200,25,0,0,200,1,14,5,200,0,200,200,0,200,200,200,15,8,1,19,200
1,200,25,0,0,200,1,14,5,200,0,200,200,0,200,200,200,15,8,0,20,200
0,200,30,1,2,0,1,0,5,2,0,0,0,0,200,200,200,17,200,0,56,200
0,200,30,1,2,0,1,0,5,2,0,0,0,0,200,200,200,17,200,0,33,200
0,200,30,1,2,0,1,10,5,2,3,0,0,0,1,200,200,0,0,1,42,200
0,200,30,1,2,0,1,10,5,2,3,0,0,0,1,200,200,0,0,0,57,200
0,200,30,6,2,0,1,5,5,4,0,0,0,0,200,200,200,0,0,0,46,200
0,200,40,1,2,0,1,14,5,3,0,0,3,0,1,200,200,10,21,1,23,200
0,200,40,1,2,0,1,14,5,3,0,0,3,0,1,200,200,10,21,1,32,200
0,200,30,0,0,0,1,0,5,2,0,0,0,0,200,200,200,17,200,0,43,200
0,200,30,0,0,0,1,0,5,2,0,0,0,0,200,200,200,17,200,1,21,200
1,200,30,0,0,0,1,0,5,2,0,0,0,0,200,200,200,17,200,200,13,200
1,200,30,0,0,0,1,0,5,2,0,0,0,0,200,200,200,17,200,1,10,200
0,200,30,0,0,0,1,7,2,2,0,0,0,0,1,200,200,22,200,1,24,200
0,200,30,1,2,0,1,12,5,200,0,0,0,0,200,200,200,22,200,1,200,200
0,200,30,1,2,0,1,12,5,200,0,0,0,0,200,200,200,22,200,0,62,200
0,200,30,2,2,0,1,14,5,2,0,0,0,1,1,200,200,17,200,1,24,200
0,200,30,2,2,0,1,14,5,2,0,0,0,1,1,200,200,17,200,0,73,200
0,200,25,1,2,0,1,10,5,2,0,0,0,1,200,200,200,0,0,0,200,200
0,200,25,1,2,0,1,10,5,2,0,0,0,1,200,200,200,0,0,1,200,200
0,1,10,0,0,0,1,2,7,200,0,0,0,0,200,1,200,11,33,0,63,200
0,200,25,1,2,0,1,12,6,3,0,0,200,0,1,200,200,21,0,0,47,200
0,200,25,1,2,0,1,12,6,3,0,0,200,0,1,200,200,21,0,0,53,200
0,1,20,0,0,200,200,7,6,1,0,200,0,0,200,200,1,200,200,2,200,200
0,200,30,0,0,0,1,8,5,2,0,0,0,1,1,1,200,33,33,0,25,200
4,200,30,0,0,0,1,8,5,2,0,0,0,1,1,1,200,33,33,0,24,200
0,200,30,0,0,0,1,10,2,2,0,0,0,0,200,200,200,0,0,1,28,200
0,200,30,0,0,0,1,10,2,2,0,0,0,0,200,200,200,0,0,0,200,200
0,200,15,0,0,0,3,7,7,200,0,0,0,0,200,1,200,20,11,1,51,200
0,200,30,0,0,0,1,12,5,2,0,0,0,0,200,200,1,22,22,2,200,200
0,200,30,0,0,0,1,12,5,2,0,0,0,0,200,200,1,22,22,0,38,200
0,1,30,0,0,0,200,7,5,2,0,0,0,0,200,200,200,11,0,2,200,200
0,200,30,1,2,0,1,12,1,4,0,0,0,0,1,200,200,0,0,1,51,200
0,200,30,1,2,0,1,12,1,4,0,0,0,0,1,200,200,0,0,0,53,200
0,200,20,0,0,0,3,7,5,200,0,0,0,0,200,200,1,0,200,2,200,200
0,200,30,0,0,0,1,10,5,200,0,0,0,0,200,200,200,18,18,0,25,200
0,200,30,0,0,0,1,10,5,200,0,0,0,0,200,200,200,18,18,0,67,200
0,200,30,1,2,0,1,14,2,2,0,0,0,0,1,200,200,17,23,0,43,200
0,200,30,1,2,0,1,14,2,2,0,0,0,0,1,200,200,17,23,0,29,200
0,200,30,2,2,0,1,0,12,0,0,0,1,1,200,0,200,17,0,1,59,200
0,200,30,2,2,0,1,0,12,0,0,0,1,1,200,0,200,17,0,1,40,200
0,200,30,0,0,0,3,0,2,2,0,0,0,0,200,200,1,17,16,2,200,200
0,200,30,0,0,0,3,0,2,2,0,0,0,0,200,200,1,17,16,0,31,200
0,200,30,2,2,0,1,12,5,2,0,0,0,0,200,200,200,200,200,0,39,200
0,200,30,2,2,0,1,12,5,2,0,0,0,0,200,200,200,200,200,1,33,200
0,200,30,1,2,0,1,10,3,4,0,0,0,0,200,200,200,18,18,1,200,200
0,200,30,1,2,0,1,10,3,4,0,0,0,0,200,200,200,18,18,1,42,200
4,200,30,1,2,0,1,8,5,4,0,0,0,1,1,200,200,23,200,0,28,200
0,200,30,1,2,0,1,8,5,4,0,0,0,1,1,200,200,23,200,1,23,200
1,200,30,1,2,0,1,8,5,4,0,0,0,1,1,200,200,23,200,1,42,200
0,200,35,12,0,0,1,12,3,200,0,0,0,0,200,200,1,28,0,0,200,200
0,200,35,12,0,0,1,12,3,200,0,0,0,0,200,200,1,28,0,0,46,200
0,1,30,0,0,0,1,7,6,200,0,0,0,0,200,200,1,0,0,2,200,200
0,200,30,1,2,0,1,14,8,200,2,0,0,0,200,200,200,21,200,0,44,200
0,200,30,1,2,0,1,14,8,200,2,0,0,0,200,200,200,21,200,0,25,200
0,200,20,0,0,0,1,7,5,200,0,0,0,0,200,200,200,200,200,1,33,200
1,200,20,0,0,0,1,7,5,200,0,0,0,0,200,200,200,200,200,0,31,200
0,200,30,1,2,0,1,12,5,2,0,0,0,0,200,200,200,10,20,1,21,200
0,200,30,1,2,0,1,12,5,2,0,0,0,0,200,200,200,10,20,1,51,200
0,200,15,0,0,0,1,0,7,200,0,0,0,0,200,1,200,0,200,1,31,200
0,200,15,0,0,0,1,0,7,200,0,0,0,0,200,1,200,0,200,1,69,200
0,200,30,0,0,0,1,7,0,1,0,0,0,0,200,200,200,20,20,0,42,200
0,200,30,0,0,0,1,7,7,200,0,0,0,0,200,1,1,18,0,1,200,200
0,200,30,0,0,0,0,7,6,200,0,0,0,0,200,200,200,0,200,2,200,200
0,200,30,0,0,0,1,7,6,2,0,0,0,1,200,200,200,7,200,0,64,200
0,200,30,2,2,0,1,10,2,200,0,0,0,0,1,200,200,5,16,1,28,200
0,200,30,2,2,0,1,10,2,200,0,0,0,0,1,200,200,5,16,1,64,200
1,200,30,2,2,0,1,10,2,200,0,0,0,0,1,200,200,5,16,0,200,200
0,200,30,1,2,0,1,12,5,200,0,0,0,0,200,200,200,17,22,0,30,200
0,200,30,1,2,0,1,12,5,200,0,0,0,0,200,200,200,17,22,0,47,200
1,200,30,1,2,0,1,12,5,200,0,0,0,0,200,200,200,17,22,0,200,200
0,1,30,0,0,200,200,7,6,1,0,200,200,0,200,200,1,0,0,2,200,200
0,200,30,0,0,0,1,11,5,200,0,0,0,1,200,200,200,21,16,1,31,200
0,200,30,0,0,0,1,11,5,200,0,0,0,1,200,200,200,21,16,1,20,200
1,200,30,0,0,0,1,11,5,200,0,0,0,1,200,200,200,21,16,1,19,200
0,200,25,1,200,200,1,0,3,200,0,200,200,1,1,200,200,17,0,0,55,200
0,200,25,1,200,200,1,0,3,200,0,200,200,1,1,200,200,17,0,1,24,200
1,200,25,1,200,200,1,0,3,200,0,200,200,1,1,200,200,17,0,1,48,200
1,200,25,1,200,200,1,0,3,200,0,200,200,1,1,200,200,17,0,0,0,200
0,200,30,0,0,0,1,2,5,2,0,0,0,1,200,1,200,25,11,0,27,200
0,200,30,0,0,0,1,7,7,200,0,0,200,0,200,200,200,0,0,0,53,200
0,200,35,1,2,0,1,8,12,4,1,0,0,1,1,200,1,23,200,0,200,200
4,200,35,1,2,0,1,8,12,4,1,0,0,1,1,200,1,23,200,1,17,200
4,200,35,1,2,0,1,8,12,4,1,0,0,1,1,200,1,23,200,1,19,200
0,200,30,1,2,0,1,10,6,200,0,0,200,0,200,200,200,20,200,0,54,200
0,200,30,1,2,0,1,10,6,200,0,0,200,0,200,200,200,20,200,0,38,200
1,200,30,1,2,0,1,10,6,200,0,0,200,0,200,200,200,20,200,0,34,200
0,200,30,1,1,0,1,14,5,200,0,0,0,0,1,200,200,0,200,0,44,200
0,200,30,1,1,0,1,14,5,200,0,0,0,0,1,200,200,0,200,0,43,200
0,200,30,2,2,0,1,10,5,4,0,0,0,0,1,200,1,18,11,0,200,200
0,200,30,2,2,0,1,10,5,4,0,0,0,0,1,200,1,18,11,1,56,200
0,1,30,1,2,0,1,10,5,200,0,0,0,0,200,200,200,18,0,1,54,200
0,1,30,1,2,0,1,10,5,200,0,0,0,0,200,200,200,18,0,0,55,200
0,200,25,2,2,0,1,0,5,2,0,0,0,0,200,200,200,17,23,1,200,200
0,200,25,2,2,0,1,0,5,2,0,0,0,0,200,200,200,17,23,0,59,200
0,200,30,0,0,2,1,0,5,2,0,1,0,0,200,200,200,11,0,0,200,200
0,200,30,0,0,2,1,0,5,2,0,1,0,0,200,200,200,11,0,0,21,200
0,200,30,1,2,0,1,12,5,200,0,0,0,0,1,200,200,21,16,0,21,200
0,200,30,1,2,0,1,12,5,200,0,0,0,0,1,200,200,21,16,0,32,200
0,200,30,1,2,0,1,10,5,2,0,0,0,1,1,200,200,2,16,0,43,200
0,200,30,1,2,0,1,10,5,2,0,0,0,1,1,200,200,2,16,0,27,200
0,200,30,2,2,2,1,14,12,200,0,1,0,0,1,200,200,34,0,0,26,200
0,200,30,2,2,2,1,14,12,200,0,1,0,0,1,200,200,34,0,1,31,200
1,200,30,2,2,2,1,14,12,200,0,1,0,0,1,200,200,34,0,0,40,200
0,200,30,12,0,0,1,12,12,200,0,0,0,0,200,200,200,11,0,0,200,200
0,200,30,12,0,0,1,12,12,200,0,0,0,0,200,200,200,11,0,0,200,200
0,200,30,0,0,0,1,12,12,2,0,0,0,0,200,200,200,11,0,1,38,200
0,200,30,0,0,0,1,12,12,2,0,0,0,0,200,200,200,11,0,0,53,200
0,200,5,0,0,0,1,7,0,200,0,0,0,0,200,200,200,17,0,0,67,200
0,200,15,0,0,200,200,7,7,200,0,200,12,0,200,200,200,11,11,1,20,200
0,200,30,2,2,0,1,0,5,200,0,0,0,1,1,200,1,5,14,0,33,200
0,200,30,2,2,0,1,0,5,200,0,0,0,1,1,200,1,5,14,1,39,200
1,200,30,2,2,0,1,0,5,200,0,0,0,1,1,200,1,5,14,0,9,200
1,200,30,2,2,0,1,0,5,200,0,0,0,1,1,200,1,5,14,1,12,200
1,200,30,2,2,0,1,0,5,200,0,0,0,1,1,200,1,5,14,1,4,200
0,200,30,0,0,0,1,12,6,200,0,0,0,0,200,200,1,22,22,0,200,200
0,200,30,0,0,0,1,12,6,200,0,0,0,0,200,200,1,22,22,0,42,200
0,200,35,0,0,0,1,12,5,200,0,0,200,0,200,200,200,17,200,0,46,200
0,200,35,0,0,0,1,12,5,200,0,0,200,0,200,200,200,17,200,0,76,200
0,200,30,0,0,0,1,14,2,200,0,0,0,0,1,200,200,21,200,0,21,200
0,200,30,0,0,0,1,14,2,200,0,0,0,0,1,200,200,21,200,0,38,200
1,200,30,0,0,0,1,14,2,200,0,0,0,0,1,200,200,21,200,0,49,200
1,200,30,0,0,0,1,14,2,200,0,0,0,0,1,200,200,21,200,1,48,200
0,200,25,0,0,0,1,12,6,200,0,0,0,0,200,200,200,0,0,0,23,200