PERSON_TYPE,CRASH_DATE_EST_I,POSTED_SPEED_LIMIT,TRAFFIC_CONTROL_DEVICE,DEVICE_CONDITION,WEATHER_CONDITION,LIGHTING_CONDITION,FIRST_CRASH_TYPE,TRAFFICWAY_TYPE,LANE_CNT,ALIGNMENT,ROADWAY_SURFACE_COND,ROAD_DEFECT,CRASH_TYPE,INTERSECTION_RELATED_I,NOT_RIGHT_OF_WAY_I,HIT_AND_RUN_I,PRIM_CONTRIBUTORY_CAUSE,SEC_CONTRIBUTORY_CAUSE,SEX,AGE,BAC_RESULT VALUE
1,200,30,1,2,0,3,10,3,4,0,0,0,1,1,200,200,3,21,0,21,200
1,200,30,1,2,0,3,10,3,4,0,0,0,1,1,200,200,3,21,1,48,200
1,200,30,1,2,0,3,10,3,4,0,0,0,1,1,200,200,3,21,0,22,200
1,200,30,1,2,0,3,10,3,4,0,0,0,1,1,200,200,3,21,0,44,200
0,200,30,0,0,0,3,12,6,1,0,0,0,1,0,200,1,0,0,2,200,200
0,200,30,0,0,0,3,12,6,1,0,0,0,1,0,200,1,0,0,0,54,200
0,200,45,0,0,0,0,2,2,4,0,0,0,1,200,200,1,200,200,2,200,200
0,200,30,1,2,0,3,14,5,200,0,0,0,0,200,200,1,23,200,0,200,200
0,200,30,1,2,0,3,14,5,200,0,0,0,0,200,200,1,23,200,1,54,200
0,200,30,1,2,0,1,10,3,200,0,0,0,0,200,200,200,0,0,1,38,200
0,200,30,1,2,0,1,10,3,200,0,0,0,0,200,200,200,0,0,1,24,200
0,200,30,0,0,0,3,2,2,2,0,0,0,1,1,200,200,200,200,2,200,200
4,1,30,0,0,0,1,8,5,2,0,0,0,1,200,200,200,0,0,1,56,200
0,200,35,1,2,0,3,0,1,200,0,0,200,1,1,200,200,3,0,0,200,200
0,200,35,1,2,0,3,0,1,200,0,0,200,1,1,200,200,3,0,0,55,200
1,200,35,1,2,0,3,0,1,200,0,0,200,1,1,200,200,3,0,1,30,200
1,200,35,1,2,0,3,0,1,200,0,0,200,1,1,200,200,3,0,1,29,200
0,200,5,0,0,0,0,10,7,200,0,0,0,0,200,200,1,18,200,0,200,200
0,200,5,0,0,0,0,10,7,200,0,0,0,0,200,200,1,18,200,0,26,200
0,200,30,0,0,0,3,7,6,1,0,0,0,1,200,200,1,25,11,0,25,200
1,200,30,0,0,0,3,7,6,1,0,0,0,1,200,200,1,25,11,200,200,200
1,200,30,0,0,0,3,7,6,1,0,0,0,1,200,200,1,25,11,200,200,200
1,200,30,0,0,0,3,7,6,1,0,0,0,1,200,200,1,25,11,200,200,200
0,200,10,0,0,200,0,7,7,200,0,200,200,0,200,200,0,20,200,1,18,200
0,200,35,0,0,0,3,7,5,2,0,0,0,1,200,200,200,16,200,1,200,200
0,200,30,0,0,0,3,7,7,200,0,0,0,0,200,200,0,20,11,0,29,200
0,200,30,0,0,0,3,12,5,6,0,0,200,0,200,200,200,21,0,1,26,200
0,200,30,0,0,0,3,12,5,6,0,0,200,0,200,200,200,21,0,1,17,200
0,200,30,1,2,0,0,12,3,200,2,0,0,0,200,200,1,0,200,0,200,200
0,200,30,1,2,0,0,12,3,200,2,0,0,0,200,200,1,0,200,0,52,200
1,200,30,1,2,0,0,12,3,200,2,0,0,0,200,200,1,0,200,1,200,200
0,200,30,0,0,0,3,7,6,200,0,0,0,1,200,200,200,32,25,0,24,200
0,200,35,1,2,0,3,10,5,4,0,0,0,1,1,200,1,18,200,1,200,200
0,200,35,1,2,0,3,10,5,4,0,0,0,1,1,200,1,18,200,1,36,200
1,200,35,1,2,0,3,10,5,4,0,0,0,1,1,200,1,18,200,1,14,200
0,200,35,2,2,0,3,0,3,200,0,0,0,1,200,200,1,6,16,0,56,200
0,200,35,2,2,0,3,0,3,200,0,0,0,1,200,200,1,6,16,0,200,200
0,200,25,0,0,0,3,7,2,200,0,0,0,1,200,200,200,0,0,0,37,200
1,200,25,0,0,0,3,7,2,200,0,0,0,1,200,200,200,0,0,1,32,200
0,200,30,0,0,0,3,10,6,2,0,0,0,1,200,200,1,16,17,2,200,200
0,200,30,0,0,0,3,10,6,2,0,0,0,1,200,200,1,16,17,0,37,200
0,200,30,0,0,0,3,10,6,2,0,0,0,1,200,200,1,16,17,0,37,200
1,200,30,0,0,0,3,10,6,2,0,0,0,1,200,200,1,16,17,0,200,200
1,200,30,0,0,0,3,10,6,2,0,0,0,1,200,200,1,16,17,0,28,200
0,200,30,1,2,0,3,14,5,200,0,0,0,1,1,200,1,6,6,0,200,200
0,200,30,1,2,0,3,14,5,200,0,0,0,1,1,200,1,6,6,0,18,200
0,200,25,1,2,0,0,12,12,200,0,0,0,0,200,200,200,200,200,0,36,200
0,200,25,1,2,0,0,12,12,200,0,0,0,0,200,200,200,200,200,1,48,200
0,200,25,9,2,0,3,2,3,4,3,0,0,1,200,200,200,32,25,0,42,200
0,200,30,0,0,0,3,2,5,4,0,0,0,1,200,200,200,27,11,1,18,200
0,200,35,2,2,0,3,2,2,3,0,0,200,1,200,200,200,0,0,1,26,200
0,200,30,1,2,0,3,14,2,200,0,0,0,0,200,200,200,22,200,0,19,200
0,200,30,1,2,0,3,14,2,200,0,0,0,0,200,200,200,22,200,0,58,200
0,200,30,2,2,0,0,2,5,200,0,0,0,1,200,200,0,0,200,1,38,200
1,200,30,2,2,0,0,2,5,200,0,0,0,1,200,200,0,0,200,0,30,200
0,200,30,0,0,0,3,11,5,4,0,0,0,1,200,200,200,12,200,0,0,200
0,200,30,0,0,0,3,11,5,4,0,0,0,1,200,200,200,12,200,0,22,200
0,200,30,1,2,0,3,10,2,4,0,0,3,0,200,200,200,11,11,0,24,200
0,200,30,1,2,0,3,10,2,4,0,0,3,0,200,200,200,11,11,1,45,200
0,200,30,0,0,0,3,7,5,2,0,0,0,0,200,200,0,200,200,2,200,200
0,200,30,0,0,0,3,7,5,2,0,0,200,1,200,200,0,0,0,2,200,200
0,200,35,0,0,0,3,12,5,4,0,1,0,1,200,200,200,14,0,0,26,200
0,200,35,0,0,0,3,12,5,4,0,1,0,1,200,200,200,14,0,0,51,200
0,200,30,200,200,200,200,9,200,200,0,200,200,1,200,200,1,0,0,1,200,200
5,200,30,200,200,200,200,9,200,200,0,200,200,1,200,200,1,0,0,1,31,200
1,200,30,200,200,200,200,9,200,200,0,200,200,1,200,200,1,0,0,2,200,200
1,200,30,200,200,200,200,9,200,200,0,200,200,1,200,200,1,0,0,2,200,200
1,200,30,200,200,200,200,9,200,200,0,200,200,1,200,200,1,0,0,2,200,200
1,200,30,200,200,200,200,9,200,200,0,200,200,1,200,200,1,0,0,2,200,200
1,200,30,200,200,200,200,9,200,200,0,200,200,1,200,200,1,0,0,2,200,200
0,200,30,2,2,0,3,2,5,200,0,0,200,1,200,200,1,32,21,0,34,0.24
0,200,30,2,2,0,3,2,5,200,0,0,200,1,200,200,1,32,21,1,29,200
1,200,30,2,2,0,3,2,5,200,0,0,200,1,200,200,1,32,21,1,200,200
1,200,30,2,2,0,3,2,5,200,0,0,200,1,200,200,1,32,21,2,200,200
0,200,30,0,0,0,3,12,5,200,0,0,0,0,200,200,1,17,200,2,200,200
0,200,30,0,0,0,3,12,5,200,0,0,0,0,200,200,1,17,200,1,28,200
0,200,30,0,0,0,1,12,3,4,0,0,0,0,200,200,200,17,17,1,35,200
0,200,30,0,0,0,1,12,3,4,0,0,0,0,200,200,200,17,17,0,25,200
0,200,20,2,2,0,2,14,2,200,0,0,0,0,1,200,200,200,200,1,35,200
0,200,20,2,2,0,2,14,2,200,0,0,0,0,1,200,200,200,200,0,26,200
0,200,25,0,200,200,0,7,12,2,0,200,200,0,200,200,1,0,0,2,200,200
0,200,30,0,0,0,1,10,5,4,0,0,0,1,200,200,200,18,18,0,58,200
0,200,30,0,0,0,1,10,5,4,0,0,0,1,200,200,200,18,18,0,26,200
0,200,35,0,0,0,1,7,2,2,0,0,200,0,200,200,1,0,0,0,200,200
0,200,35,1,2,0,1,14,2,2,0,0,0,0,1,200,200,23,18,1,24,200
0,200,35,1,2,0,1,14,2,2,0,0,0,0,1,200,200,23,18,0,64,200
0,200,30,0,0,0,200,7,5,2,0,0,0,0,200,200,1,0,200,2,200,200
0,200,30,0,0,0,1,7,7,2,0,0,0,0,200,200,200,17,17,1,200,200
0,200,30,2,2,0,1,0,2,2,0,0,0,1,1,200,200,5,5,0,82,200
0,200,30,2,2,0,1,0,2,2,0,0,0,1,1,200,200,5,5,1,0,200
1,200,30,2,2,0,1,0,2,2,0,0,0,1,1,200,200,5,5,0,38,200
0,200,30,0,0,0,4,10,3,2,0,0,0,0,200,200,1,0,0,1,200,200
0,200,30,0,0,0,4,10,3,2,0,0,0,0,200,200,1,0,0,0,35,200
0,200,30,1,2,0,1,12,5,4,0,0,200,0,200,200,1,0,0,2,200,200
0,200,30,1,2,0,1,12,5,4,0,0,200,0,200,200,1,0,0,0,69,200
0,200,15,0,0,0,2,7,7,200,0,0,0,0,200,200,1,0,0,1,200,200
1,200,15,0,0,0,2,7,7,200,0,0,0,0,200,200,1,0,0,200,200,200
0,200,30,1,2,0,1,14,2,200,0,0,0,0,1,200,1,22,23,0,200,200
0,200,30,1,2,0,1,14,2,200,0,0,0,0,1,200,1,22,23,0,61,200
0,200,30,0,0,0,1,10,5,4,0,0,0,1,200,200,200,0,200,1,33,200
0,200,30,0,0,0,1,10,5,4,0,0,0,1,200,200,200,0,200,0,58,200
0,200,30,0,0,0,1,10,5,4,0,0,0,1,200,200,200,0,200,0,34,200
0,200,20,0,0,0,1,12,12,200,0,0,0,0,200,200,200,18,11,1,26,200
0,200,20,0,0,0,1,12,12,200,0,0,0,0,200,200,200,18,11,0,29,200
0,200,30,0,0,0,1,10,5,200,0,0,0,0,200,200,200,0,0,1,49,200
0,200,30,0,0,0,1,10,5,200,0,0,0,0,200,200,200,0,0,0,36,200
1,200,30,0,0,0,1,10,5,200,0,0,0,0,200,200,200,0,0,0,200,200
0,200,30,0,0,0,1,3,5,2,0,0,0,0,200,200,200,11,200,1,69,200
0,200,30,0,0,0,1,3,5,2,0,0,0,0,200,200,200,11,200,0,200,200
0,200,30,1,2,0,1,12,2,2,0,0,0,0,200,200,200,0,0,1,58,200
0,200,30,1,2,0,1,12,2,2,0,0,0,0,200,200,200,0,0,1,27,200
0,1,30,0,0,200,200,7,3,200,0,200,0,0,200,200,1,0,0,2,200,200
1,200,30,1,2,0,0,14,5,200,0,0,0,0,1,200,1,21,0,1,45,200
0,200,30,1,2,0,0,14,5,200,0,0,0,0,1,200,1,21,0,2,200,200
0,200,30,1,2,0,0,14,5,200,0,0,0,0,1,200,1,21,0,0,47,200
0,200,30,1,1,0,1,14,2,4,0,0,0,1,1,200,200,16,35,1,200,200
0,200,30,1,1,0,1,14,2,4,0,0,0,1,1,200,200,16,35,1,200,200
0,200,30,1,1,0,1,14,2,4,0,0,0,1,1,200,200,16,35,0,200,200
0,200,30,0,0,0,1,7,6,1,0,0,0,1,200,200,200,12,0,1,61,200
0,200,30,2,2,0,1,0,5,2,0,0,0,1,1,200,200,33,11,0,49,200
0,200,30,2,2,0,1,0,5,2,0,0,0,1,1,200,200,33,11,1,200,200
0,200,30,1,2,0,1,14,2,4,0,0,0,1,1,200,200,23,0,1,51,200
0,200,30,1,2,0,1,14,2,4,0,0,0,1,1,200,200,23,0,0,55,200
0,200,25,0,0,0,1,12,5,200,0,0,0,0,200,200,200,0,0,1,21,200
0,200,25,0,0,0,1,12,5,200,0,0,0,0,200,200,200,0,0,1,53,200
1,200,25,0,0,0,1,12,5,200,0,0,0,0,200,200,200,0,0,0,200,200
0,200,30,0,0,0,1,7,6,200,0,0,200,0,200,200,1,0,200,0,200,200
0,200,30,1,2,0,1,14,5,4,0,0,0,0,1,200,200,0,0,0,200,200
0,200,30,1,2,0,1,14,5,4,0,0,0,0,1,200,200,0,0,0,59,200
0,200,30,0,0,0,1,14,2,4,0,0,0,0,200,200,200,0,23,0,74,200
0,200,30,0,0,0,1,14,2,4,0,0,0,0,200,200,200,0,23,1,57,200
1,200,30,0,0,0,1,14,2,4,0,0,0,0,200,200,200,0,23,1,63,200
0,200,30,1,2,0,1,14,5,200,0,0,0,0,200,200,200,0,200,0,62,200
0,200,30,1,2,0,1,14,5,200,0,0,0,0,200,200,200,0,200,1,28,200
1,200,30,1,2,0,1,14,5,200,0,0,0,0,200,200,200,0,200,0,10,200
0,200,30,0,0,0,3,7,5,1,0,0,0,0,200,200,1,0,0,2,200,200
0,200,30,0,0,0,1,12,5,4,0,0,0,0,200,200,1,22,200,1,34,200
0,200,30,0,0,0,1,12,5,4,0,0,0,0,200,200,1,22,200,0,200,200
1,200,30,0,0,0,1,12,5,4,0,0,0,0,200,200,1,22,200,1,13,200
0,200,30,0,0,0,3,10,2,2,0,0,0,0,200,200,200,0,200,1,46,200
0,200,30,0,0,0,3,10,2,2,0,0,0,0,200,200,200,0,200,0,42,200
0,200,25,0,0,0,1,14,5,200,0,0,0,0,200,200,200,17,17,0,27,200
0,200,25,0,0,0,1,14,5,200,0,0,0,0,200,200,200,17,17,0,40,200
0,200,30,2,2,0,1,0,5,2,0,0,0,1,1,200,1,0,200,1,200,200
0,200,30,2,2,0,1,0,5,2,0,0,0,1,1,200,1,0,200,0,200,200
0,200,35,0,0,0,1,2,0,1,0,0,0,0,200,200,200,200,200,0,64,200
0,200,25,1,2,200,2,10,5,2,0,0,0,0,200,200,200,18,200,0,40,200
0,200,25,1,2,200,2,10,5,2,0,0,0,0,200,200,200,18,200,1,37,200
0,200,35,0,0,0,1,2,5,200,0,0,0,1,200,200,200,27,27,0,82,200
0,200,30,0,0,0,0,7,5,200,0,0,0,0,200,200,1,0,0,2,200,200
0,200,25,4,200,200,0,10,6,200,0,200,0,0,200,200,200,18,17,2,200,200
0,200,25,4,200,200,0,10,6,200,0,200,0,0,200,200,200,18,17,0,43,200
0,200,25,4,200,200,0,10,6,200,0,200,0,0,200,200,200,18,17,1,200,200
4,200,30,0,0,0,1,8,2,2,0,0,0,1,200,200,200,0,200,0,53,200
0,200,30,0,0,0,1,8,2,2,0,0,0,1,200,200,200,0,200,1,22,200
0,200,30,2,2,0,1,0,5,200,0,200,200,0,200,200,200,0,200,0,48,200
0,200,30,2,2,0,1,0,5,200,0,200,200,0,200,200,200,0,200,0,25,200
1,200,30,2,2,0,1,0,5,200,0,200,200,0,200,200,200,0,200,1,28,200
0,200,30,0,0,0,1,7,5,2,0,0,200,0,200,200,1,0,0,2,200,200
0,200,25,0,0,0,1,12,5,2,0,0,0,0,200,200,1,22,15,1,200,200
0,200,25,0,0,0,1,12,5,2,0,0,0,0,200,200,1,22,15,1,56,200
0,200,30,2,0,0,1,14,2,2,0,0,0,0,1,200,200,0,0,1,53,200
0,200,30,2,0,0,1,14,2,2,0,0,0,0,1,200,200,0,0,1,68,200
0,200,5,0,0,0,1,7,7,0,0,0,0,0,200,1,1,200,200,2,200,200
0,200,0,0,0,0,1,7,5,200,0,0,0,0,200,200,200,0,0,0,53,200
0,200,30,0,0,0,1,12,5,2,0,0,0,0,200,200,200,22,22,0,61,200
0,200,30,0,0,0,1,12,5,2,0,0,0,0,200,200,200,22,22,1,55,200
1,200,30,0,0,0,1,12,5,2,0,0,0,0,200,200,200,22,22,0,77,200
0,200,30,0,0,0,1,7,3,3,0,0,0,0,200,200,1,12,0,2,200,200
0,200,30,0,0,0,1,10,3,4,0,0,0,0,200,200,200,18,18,0,43,200
0,200,30,0,0,0,1,10,3,4,0,0,0,0,200,200,200,18,18,0,44,200
0,200,25,0,0,0,2,7,2,200,0,0,0,0,200,200,1,200,200,2,200,200
0,200,30,0,0,0,1,10,5,200,0,0,200,1,200,200,200,0,0,1,37,200
0,200,30,0,0,0,1,10,5,200,0,0,200,1,200,200,200,0,0,1,37,200
0,200,30,0,0,0,1,12,2,2,0,0,0,0,200,200,200,17,0,1,53,200
0,200,30,0,0,0,1,12,2,2,0,0,0,0,200,200,200,17,0,0,72,200
0,200,30,2,2,0,1,10,2,200,0,0,0,0,200,200,200,0,18,0,48,200
0,200,30,2,2,0,1,10,2,200,0,0,0,0,200,200,200,0,18,0,56,200
0,200,30,0,0,0,1,7,6,1,0,0,0,0,200,200,200,21,200,0,33,200
0,200,30,0,0,0,1,14,5,200,0,0,0,0,200,200,200,0,0,0,21,200
0,200,30,0,0,0,1,14,5,200,0,0,0,0,200,200,200,0,0,0,21,200
0,200,25,1,2,0,1,12,5,200,0,0,0,0,200,200,200,17,22,1,56,200
0,200,25,1,2,0,1,12,5,200,0,0,0,0,200,200,200,17,22,1,29,200
0,1,30,0,0,0,3,7,5,2,0,200,0,0,200,200,200,0,0,2,200,200
0,200,30,0,0,0,200,7,2,2,0,0,0,0,200,200,1,200,200,2,200,200
0,200,10,0,0,0,1,10,7,2,0,0,0,0,200,200,200,20,20,1,23,200
0,200,10,0,0,0,1,10,7,2,0,0,0,0,200,200,200,20,20,0,29,200
1,200,10,0,0,0,1,10,7,2,0,0,0,0,200,200,200,20,20,1,56,200
0,200,30,0,0,0,1,7,6,1,0,0,0,0,200,200,200,0,0,1,28,200
0,200,30,0,0,0,1,7,3,3,0,0,0,0,200,200,200,12,0,0,50,200
0,200,30,0,0,0,1,12,3,200,0,0,0,0,200,200,200,22,0,0,25,200
0,200,30,0,0,0,1,12,3,200,0,0,0,0,200,200,200,22,0,0,23,200
0,200,30,2,2,0,1,8,5,4,0,0,0,1,1,200,200,0,0,0,34,200
4,200,30,2,2,0,1,8,5,4,0,0,0,1,1,200,200,0,0,1,200,200
1,200,30,2,2,0,1,8,5,4,0,0,0,1,1,200,200,0,0,0,200,200
0,200,30,1,2,0,1,10,5,4,0,0,0,0,1,200,200,0,0,0,49,200
0,200,30,1,2,0,1,10,5,4,0,0,0,0,1,200,200,0,0,0,44,200
1,200,30,1,2,0,1,10,5,4,0,0,0,0,1,200,200,0,0,1,66,200
0,200,30,0,0,0,1,12,5,200,0,0,0,0,200,200,1,17,200,0,200,200
0,200,30,0,0,0,1,12,5,200,0,0,0,0,200,200,1,17,200,1,51,200
0,200,30,0,0,0,0,7,5,200,0,0,0,0,200,200,1,0,0,2,200,200
0,200,30,1,2,0,1,10,5,200,0,0,0,0,200,200,200,0,0,0,56,200
0,200,30,1,2,0,1,10,5,200,0,0,0,0,200,200,200,0,0,0,53,200
1,200,30,1,2,0,1,10,5,200,0,0,0,0,200,200,200,0,0,0,81,200
0,200,35,0,0,0,1,14,2,200,0,0,0,0,200,200,200,0,200,0,51,200
0,200,35,0,0,0,1,14,2,200,0,0,0,0,200,200,200,0,200,0,50,200
0,200,30,1,2,0,1,10,2,5,2,0,0,0,200,200,200,18,0,0,32,200
0,200,30,1,2,0,1,10,2,5,2,0,0,0,200,200,200,18,0,0,67,200
0,200,30,0,0,0,1,10,5,200,0,0,0,1,200,200,1,12,18,0,200,200
0,200,30,0,0,0,1,10,5,200,0,0,0,1,200,200,1,12,18,0,44,200
1,200,30,0,0,0,1,10,5,200,0,0,0,1,200,200,1,12,18,1,48,200
0,200,30,0,0,0,1,7,6,1,0,0,0,0,200,200,1,0,200,0,200,200
0,200,0,200,200,0,1,10,5,4,0,0,200,0,200,200,0,22,20,1,200,200
0,200,0,200,200,0,1,10,5,4,0,0,200,0,200,200,0,22,20,1,54,200
0,200,30,0,0,0,0,14,5,200,0,0,0,0,200,200,1,0,0,1,200,200
0,200,30,0,0,0,0,14,5,200,0,0,0,0,200,200,1,0,0,1,21,200
0,200,30,0,0,0,1,9,2,200,0,0,0,1,200,200,1,2,200,1,200,200
5,200,30,0,0,0,1,9,2,200,0,0,0,1,200,200,1,2,200,1,58,200
0,200,30,0,0,0,1,0,2,4,0,0,0,1,200,200,200,17,0,0,19,200
0,200,30,0,0,0,1,0,2,4,0,0,0,1,200,200,200,17,0,0,29,200
0,200,30,0,0,0,1,10,5,4,0,0,0,0,200,200,200,18,0,1,37,200
0,200,30,0,0,0,1,10,5,4,0,0,0,0,200,200,200,18,0,0,42,200
0,200,30,1,2,0,1,12,2,200,0,0,0,0,1,200,200,22,22,1,200,200
0,200,30,1,2,0,1,12,2,200,0,0,0,0,1,200,200,22,22,0,46,200
0,200,30,0,0,0,1,12,2,3,0,0,0,0,1,200,200,21,200,0,77,200
0,200,30,0,0,0,1,12,2,3,0,0,0,0,1,200,200,21,200,0,47,200
0,200,30,0,0,0,200,7,5,200,0,200,200,0,200,200,200,0,200,2,200,200
0,200,30,0,0,0,1,7,5,200,0,0,0,0,200,200,1,0,200,2,200,200
0,200,10,0,0,0,1,7,7,200,0,0,0,0,200,1,200,18,20,0,62,200
0,200,30,0,0,0,1,7,5,200,0,0,0,0,200,200,200,0,200,0,55,200
1,200,30,0,0,0,1,7,5,200,0,0,0,0,200,200,200,0,200,1,200,200
0,200,30,2,0,0,1,0,2,4,0,0,0,0,1,200,1,16,17,0,200,200
0,200,30,2,0,0,1,0,2,4,0,0,0,0,1,200,1,16,17,1,21,200
1,200,30,2,0,0,1,0,2,4,0,0,0,0,1,200,1,16,17,1,200,200
0,200,5,1,0,0,1,0,12,200,0,0,0,0,200,200,1,0,0,0,200,200
0,200,5,1,0,0,1,0,12,200,0,0,0,0,200,200,1,0,0,0,200,200
0,200,30,0,0,0,1,14,3,3,0,0,0,0,200,200,200,21,200,1,200,200
0,200,30,0,0,0,1,14,3,3,0,0,0,0,200,200,200,21,200,0,66,200
0,200,30,1,2,0,1,14,5,3,0,0,0,1,1,200,200,33,16,0,85,200
0,200,30,1,2,0,1,14,5,3,0,0,0,1,1,200,200,33,16,0,60,200
0,200,30,0,0,0,1,10,2,200,0,0,0,0,200,200,200,18,17,0,26,200
0,200,30,0,0,0,1,10,2,200,0,0,0,0,200,200,200,18,17,0,43,200
0,200,35,2,2,0,1,0,3,6,0,0,0,1,1,200,200,17,7,1,17,200
0,200,35,2,2,0,1,0,3,6,0,0,0,1,1,200,200,17,7,1,30,200
4,1,30,2,2,0,1,8,5,2,0,0,0,1,1,200,200,10,23,0,31,200
0,1,30,2,2,0,1,8,5,2,0,0,0,1,1,200,200,10,23,0,25,200
1,1,30,2,2,0,1,8,5,2,0,0,0,1,1,200,200,10,23,1,200,200
0,200,30,1,2,0,1,14,200,4,0,0,0,0,200,200,200,17,0,1,200,200
0,200,30,1,2,0,1,14,200,4,0,0,0,0,200,200,200,17,0,0,48,200
0,200,5,0,0,0,1,7,7,200,0,0,0,0,200,1,200,0,200,0,71,200
0,200,30,1,2,0,1,10,2,200,0,0,0,1,200,200,200,0,200,0,67,200
0,200,30,1,2,0,1,10,2,200,0,0,0,1,200,200,200,0,200,1,50,200
1,200,30,1,2,0,1,10,2,200,0,0,0,1,200,200,200,0,200,1,62,200
1,200,30,1,2,0,1,10,2,200,0,0,0,1,200,200,200,0,200,1,48,200
1,200,30,1,2,0,1,10,2,200,0,0,0,1,200,200,200,0,200,1,58,200
1,200,30,1,2,0,1,10,2,200,0,0,0,1,200,200,200,0,200,1,2,200
0,200,30,0,0,0,1,12,5,200,0,0,0,0,1,200,200,17,17,0,51,200
0,200,30,0,0,0,1,12,5,200,0,0,0,0,1,200,200,17,17,1,43,200
0,200,35,0,0,0,1,0,5,4,0,0,0,0,200,200,200,17,200,0,59,200
0,200,35,0,0,0,1,0,5,4,0,0,0,0,200,200,200,17,200,0,24,200
0,200,30,0,0,0,1,10,3,4,0,0,0,1,200,200,200,7,0,1,68,200
0,200,30,0,0,0,1,10,3,4,0,0,0,1,200,200,200,7,0,0,58,200
0,200,30,0,0,0,1,12,6,2,0,0,0,0,200,200,200,20,20,0,65,200
0,200,30,0,0,0,1,12,6,2,0,0,0,0,200,200,200,20,20,0,27,200
1,200,30,0,0,0,1,12,6,2,0,0,0,0,200,200,200,20,20,1,0,200
0,200,30,0,0,0,1,12,5,2,0,0,0,0,200,200,200,17,200,0,70,200
0,200,30,0,0,0,1,12,5,2,0,0,0,0,200,200,200,17,200,1,20,200
0,200,15,0,0,0,1,7,2,200,0,0,0,0,200,200,1,200,200,2,200,200
0,200,30,0,0,0,1,7,5,2,0,0,0,0,200,200,200,21,12,0,0,200
0,200,35,0,0,0,1,9,7,200,0,0,0,0,200,200,200,17,200,0,41,200
5,200,35,0,0,0,1,9,7,200,0,0,0,0,200,200,200,17,200,0,54,200
0,200,30,1,2,0,1,12,5,200,0,0,0,0,200,200,1,22,200,1,200,200
0,200,30,1,2,0,1,12,5,200,0,0,0,0,200,200,1,22,200,1,44,200
0,0,30,0,0,0,1,7,5,2,0,0,0,0,200,200,200,0,0,2,200,200
0,200,5,0,0,0,1,7,7,2,0,0,0,0,200,1,1,0,0,2,200,200
0,200,30,1,2,0,1,12,5,200,0,0,0,0,1,200,200,0,0,0,30,200
0,200,30,1,2,0,1,12,5,200,0,0,0,0,1,200,200,0,0,1,20,200
0,200,30,0,0,0,1,7,3,3,0,0,0,0,200,200,200,20,200,0,58,200
0,200,35,0,0,0,1,7,6,3,0,0,0,0,200,200,200,22,22,1,44,200
0,200,30,0,0,0,1,14,2,4,0,0,0,0,1,200,200,17,21,0,44,200
0,200,30,0,0,0,1,14,2,4,0,0,0,0,1,200,200,17,21,0,34,200
0,200,30,0,0,0,1,10,6,200,0,0,0,0,200,200,1,20,200,1,200,200
0,200,30,0,0,0,1,10,6,200,0,0,0,0,200,200,1,20,200,0,23,200
0,200,30,1,2,0,1,0,12,4,0,0,0,0,1,200,200,6,0,1,38,200
0,200,30,1,2,0,1,0,12,4,0,0,0,0,1,200,200,6,0,1,35,200
0,200,35,2,2,0,1,0,2,4,0,0,0,1,1,200,200,17,200,0,77,200
0,200,35,2,2,0,1,0,2,4,0,0,0,1,1,200,200,17,200,0,20,200
0,200,35,2,2,0,1,0,2,4,0,0,0,1,1,200,200,17,200,0,52,200
0,200,30,0,0,0,1,10,5,200,0,0,200,0,200,200,200,18,18,1,200,200
0,200,30,0,0,0,1,10,5,200,0,0,200,0,200,200,200,18,18,1,64,200
0,200,30,0,0,0,1,12,5,2,0,0,200,0,200,200,200,0,0,0,39,200
0,200,30,0,0,0,1,12,5,2,0,0,200,0,200,200,200,0,0,1,56,200
0,200,20,2,2,0,1,10,5,200,0,0,0,0,200,200,200,0,0,0,71,200
0,200,20,2,2,0,1,10,5,200,0,0,0,0,200,200,200,0,0,0,55,200
0,200,30,0,0,0,3,12,5,200,0,0,0,0,200,200,200,0,0,1,49,200
0,200,30,0,0,0,3,12,5,200,0,0,0,0,200,200,200,0,0,0,42,200
1,200,30,0,0,0,3,12,5,200,0,0,0,0,200,200,200,0,0,0,200,200
0,200,30,0,0,0,1,10,2,200,0,0,200,0,200,200,200,0,0,1,200,200
0,200,30,0,0,0,1,10,2,200,0,0,200,0,200,200,200,0,0,1,41,200
0,200,30,0,0,0,1,7,5,4,0,0,0,0,200,200,1,0,200,2,200,200
0,200,30,0,0,0,1,14,5,200,0,0,0,1,200,200,200,23,200,1,19,200
1,200,30,0,0,0,1,14,5,200,0,0,0,1,200,200,200,23,200,0,200,200
1,200,30,0,0,0,1,14,5,200,0,0,0,1,200,200,200,23,200,1,13,200
1,200,30,0,0,0,1,14,5,200,0,0,0,1,200,200,200,23,200,0,200,200
1,200,30,0,0,0,1,14,5,200,0,0,0,1,200,200,200,23,200,0,20,200
0,200,30,0,0,0,1,10,5,200,0,0,0,0,200,200,200,0,0,0,27,200
0,200,30,0,0,0,1,10,5,200,0,0,0,0,200,200,200,0,0,0,34,200
0,200,30,0,0,0,1,10,5,200,0,0,0,0,200,200,200,7,16,1,37,200
0,200,30,0,0,0,1,10,5,200,0,0,0,0,200,200,200,7,16,0,42,200
0,200,30,200,200,2,1,10,2,200,0,0,0,0,200,200,200,18,200,0,19,200