PERSON_TYPE,CRASH_DATE_EST_I,POSTED_SPEED_LIMIT,TRAFFIC_CONTROL_DEVICE,DEVICE_CONDITION,WEATHER_CONDITION,LIGHTING_CONDITION,FIRST_CRASH_TYPE,TRAFFICWAY_TYPE,LANE_CNT,ALIGNMENT,ROADWAY_SURFACE_COND,ROAD_DEFECT,CRASH_TYPE,INTERSECTION_RELATED_I,NOT_RIGHT_OF_WAY_I,HIT_AND_RUN_I,PRIM_CONTRIBUTORY_CAUSE,SEC_CONTRIBUTORY_CAUSE,SEX,AGE,BAC_RESULT VALUE
0,200,30,200,200,2,1,10,2,200,0,0,0,0,200,200,200,18,200,1,0,200
0,200,20,0,0,0,1,4,5,1,0,0,0,0,200,200,200,0,0,0,30,200
0,200,30,0,0,0,1,2,7,200,0,0,0,0,200,200,200,200,200,0,38,200
0,200,30,1,2,0,1,12,2,200,0,0,0,0,200,200,1,0,200,0,200,200
0,200,30,1,2,0,1,12,2,200,0,0,0,0,200,200,1,0,200,1,49,200
0,200,30,0,0,0,1,11,7,200,0,0,0,0,200,200,200,11,0,0,74,200
0,200,30,0,0,0,1,11,7,200,0,0,0,0,200,200,200,11,0,1,28,200
0,200,30,1,2,0,1,12,1,2,0,0,0,0,1,200,200,22,21,1,20,200
0,200,30,1,2,0,1,12,1,2,0,0,0,0,1,200,200,22,21,0,33,200
1,200,30,1,2,0,1,12,1,2,0,0,0,0,1,200,200,22,21,0,46,200
1,200,30,1,2,0,1,12,1,2,0,0,0,0,1,200,200,22,21,1,29,200
1,200,30,1,2,0,1,12,1,2,0,0,0,0,1,200,200,22,21,1,29,200
1,200,30,1,2,0,1,12,1,2,0,0,0,0,1,200,200,22,21,0,10,200
1,200,30,1,2,0,1,12,1,2,0,0,0,0,1,200,200,22,21,0,6,200
0,200,30,1,2,0,1,14,5,3,0,0,0,0,1,200,200,17,0,0,70,200
0,200,30,1,2,0,1,14,5,3,0,0,0,0,1,200,200,17,0,0,69,200
0,200,30,0,0,0,1,10,3,4,0,0,0,0,200,200,1,0,200,2,200,200
0,200,30,0,0,0,1,10,3,4,0,0,0,0,200,200,1,0,200,1,37,200
1,200,30,0,0,0,1,10,3,4,0,0,0,0,200,200,1,0,200,1,0,200
0,200,35,0,0,0,1,11,7,0,0,0,0,0,200,200,200,20,20,1,200,200
0,200,35,0,0,0,1,11,7,0,0,0,0,0,200,200,200,20,20,1,44,200
0,200,30,0,0,0,1,10,5,2,0,200,200,1,200,200,200,18,11,0,28,200
0,200,30,0,0,0,1,10,5,2,0,200,200,1,200,200,200,18,11,1,41,200
0,200,30,2,2,0,1,11,5,200,0,0,0,0,1,200,200,17,200,1,45,200
0,200,30,2,2,0,1,11,5,200,0,0,0,0,1,200,200,17,200,0,200,200
0,200,30,0,0,0,1,7,5,2,0,0,0,0,200,200,1,0,200,2,200,200
0,200,30,1,2,0,1,14,5,200,0,0,200,0,200,200,200,0,0,0,25,200
0,200,30,1,2,0,1,14,5,200,0,0,200,0,200,200,200,0,0,0,36,200
1,200,30,1,2,0,1,14,5,200,0,0,200,0,200,200,200,0,0,1,1,200
0,200,35,0,0,0,1,14,2,2,0,0,0,0,200,200,200,18,0,0,80,200
0,200,35,0,0,0,1,14,2,2,0,0,0,0,200,200,200,18,0,0,57,200
0,200,30,1,2,0,1,9,2,1,0,0,0,1,200,200,200,16,20,0,42,200
5,200,30,1,2,0,1,9,2,1,0,0,0,1,200,200,200,16,20,1,67,200
0,200,30,1,2,0,1,10,12,6,0,0,0,0,200,200,200,18,200,0,56,200
0,200,30,1,2,0,1,10,12,6,0,0,0,0,200,200,200,18,200,0,50,200
0,200,30,0,0,0,1,7,6,2,0,0,0,0,200,200,200,8,200,0,34,200
0,200,30,0,0,0,1,7,6,200,0,200,0,0,200,200,1,0,200,2,200,200
0,200,30,0,0,0,1,12,2,4,0,0,0,1,200,200,200,0,200,0,42,200
0,200,30,0,0,0,1,12,2,4,0,0,0,1,200,200,200,0,200,0,32,200
0,200,30,1,2,0,1,10,5,4,0,0,0,0,200,200,1,18,18,1,200,200
0,200,30,1,2,0,1,10,5,4,0,0,0,0,200,200,1,18,18,0,52,200
0,200,30,2,2,0,1,14,5,200,0,0,0,0,200,200,200,0,0,0,38,200
0,200,30,2,2,0,1,14,5,200,0,0,0,0,200,200,200,0,0,1,41,200
0,200,30,0,0,0,1,14,5,200,0,0,0,0,200,200,200,20,16,0,200,200
0,200,30,0,0,0,1,14,5,200,0,0,0,0,200,200,200,20,16,1,57,200
0,200,10,0,0,0,1,7,7,200,0,0,0,0,200,200,1,200,200,2,200,200
0,200,45,0,0,0,1,12,3,200,5,0,0,0,200,200,200,0,0,1,80,200
0,200,45,0,0,0,1,12,3,200,5,0,0,0,200,200,200,0,0,0,50,200
0,200,30,0,0,0,1,0,5,200,0,0,0,0,200,200,200,0,0,0,61,200
0,200,30,0,0,0,1,0,5,200,0,0,0,0,200,200,200,0,0,0,52,200
0,200,30,1,2,0,1,10,5,4,0,200,200,0,200,200,200,18,18,1,200,200
0,200,30,1,2,0,1,10,5,4,0,200,200,0,200,200,200,18,18,0,23,200
0,200,30,0,0,0,1,14,5,4,2,0,0,0,200,200,200,17,11,1,78,200
0,200,30,0,0,0,1,14,5,4,2,0,0,0,200,200,200,17,11,1,44,200
0,200,30,0,0,0,1,7,6,1,0,0,0,0,200,200,0,0,0,2,200,200
0,200,30,0,0,0,1,7,5,200,0,0,0,0,200,200,1,21,200,2,200,200
0,200,30,0,0,0,1,10,5,200,0,0,200,1,200,200,200,18,200,1,18,200
0,200,30,0,0,0,1,10,5,200,0,0,200,1,200,200,200,18,200,0,70,200
0,200,30,0,0,0,1,10,5,200,0,0,200,1,200,200,200,18,200,0,200,200
0,200,30,0,0,0,1,14,2,0,0,0,200,0,1,200,200,23,23,0,200,200
0,200,30,0,0,0,1,14,2,0,0,0,200,0,1,200,200,23,23,0,37,200
0,200,30,1,2,0,1,10,5,200,0,0,0,0,200,200,200,20,200,0,17,200
0,200,30,1,2,0,1,10,5,200,0,0,0,0,200,200,200,20,200,1,32,200
1,200,30,1,2,0,1,10,5,200,0,0,0,0,200,200,200,20,200,1,33,200
1,200,30,1,2,0,1,10,5,200,0,0,0,0,200,200,200,20,200,1,53,200
0,200,30,1,2,0,1,14,5,200,0,0,0,1,1,200,200,17,200,0,37,200
0,200,30,1,2,0,1,14,5,200,0,0,0,1,1,200,200,17,200,0,63,200
0,200,30,1,2,0,1,10,5,200,0,0,0,0,1,200,200,18,200,0,200,200
0,200,30,1,2,0,1,10,5,200,0,0,0,0,1,200,200,18,200,1,76,200
0,200,30,1,2,0,1,14,5,2,0,0,0,0,200,200,200,22,21,0,55,200
0,200,30,1,2,0,1,14,5,2,0,0,0,0,200,200,200,22,21,0,17,200
1,200,30,1,2,0,1,14,5,2,0,0,0,0,200,200,200,22,21,1,200,200
1,200,30,1,2,0,1,14,5,2,0,0,0,0,200,200,200,22,21,0,200,200
0,200,30,0,0,0,200,0,5,2,0,0,0,0,200,200,200,18,200,1,57,200
0,200,30,0,0,0,200,0,5,2,0,0,0,0,200,200,200,18,200,1,200,200
0,200,30,1,2,0,1,10,2,4,0,0,0,0,200,200,200,16,11,1,24,200
0,200,30,1,2,0,1,10,2,4,0,0,0,0,200,200,200,16,11,1,18,200
0,200,40,1,2,0,1,12,3,8,0,0,0,1,200,200,1,21,17,0,200,200
0,200,40,1,2,0,1,12,3,8,0,0,0,1,200,200,1,21,17,0,19,200
0,200,40,1,2,0,1,12,3,8,0,0,0,1,200,200,1,21,17,1,31,200
0,200,40,1,2,0,1,12,3,8,0,0,0,1,200,200,1,21,17,0,35,200
1,200,40,1,2,0,1,12,3,8,0,0,0,1,200,200,1,21,17,1,200,200
0,200,20,0,0,0,1,2,5,200,0,0,0,0,200,0,0,14,16,0,200,200
0,200,30,1,2,0,1,10,2,6,0,200,200,0,200,200,200,18,0,1,80,200
0,200,30,1,2,0,1,10,2,6,0,200,200,0,200,200,200,18,0,1,37,200
0,200,30,1,2,0,1,10,2,6,0,200,200,0,200,200,200,18,0,1,50,200
1,200,30,1,2,0,1,10,2,6,0,200,200,0,200,200,200,18,0,0,61,200
0,200,30,0,0,0,1,12,5,200,0,0,0,0,200,200,200,0,0,0,53,200
0,200,30,0,0,0,1,12,5,200,0,0,0,0,200,200,200,0,0,0,62,200
0,200,30,1,2,0,1,14,5,200,0,0,0,0,200,200,200,33,11,0,65,200
0,200,30,1,2,0,1,14,5,200,0,0,0,0,200,200,200,33,11,1,49,200
0,200,30,2,2,0,1,8,5,2,0,0,0,1,200,200,200,0,200,0,200,200
4,200,30,2,2,0,1,8,5,2,0,0,0,1,200,200,200,0,200,0,18,200
0,200,30,0,0,0,1,7,5,200,0,0,0,0,200,200,1,0,200,2,200,200
0,200,30,0,0,200,200,7,5,200,0,0,0,0,200,200,1,20,200,2,200,200
0,200,35,0,0,0,1,7,3,2,0,0,0,0,200,200,200,0,0,0,46,200
1,200,35,0,0,0,1,7,3,2,0,0,0,0,200,200,200,0,0,1,29,200
0,200,30,0,0,0,1,7,7,1,0,0,0,0,200,200,200,20,200,0,58,200
0,200,30,0,0,0,1,10,5,2,0,0,0,0,1,200,200,16,0,0,56,200
0,200,30,0,0,0,1,10,5,2,0,0,0,0,1,200,200,16,0,1,26,200
0,200,30,0,0,200,200,7,6,1,0,200,0,0,200,200,1,17,0,2,200,200
0,200,10,0,0,0,1,8,5,2,0,200,200,0,200,200,200,22,22,0,41,200
4,200,10,0,0,0,1,8,5,2,0,200,200,0,200,200,200,22,22,0,200,200
0,200,30,1,2,0,1,12,2,200,0,0,0,0,1,200,200,21,200,0,36,200
0,200,30,1,2,0,1,12,2,200,0,0,0,0,1,200,200,21,200,0,34,200
1,200,30,1,2,0,1,12,2,200,0,0,0,0,1,200,200,21,200,1,200,200
0,200,25,0,0,0,1,10,5,2,0,0,0,1,200,200,200,18,14,0,65,200
0,200,25,0,0,0,1,10,5,2,0,0,0,1,200,200,200,18,14,1,43,200
0,200,25,0,0,0,1,10,5,2,0,0,0,1,200,200,200,18,14,0,51,200
0,200,20,1,2,0,1,10,2,200,0,0,0,0,200,200,200,18,18,0,63,200
0,200,20,1,2,0,1,10,2,200,0,0,0,0,200,200,200,18,18,0,0,200
0,200,30,1,2,0,1,0,2,2,0,0,0,0,1,200,200,20,200,0,46,200
0,200,30,1,2,0,1,0,2,2,0,0,0,0,1,200,200,20,200,0,69,200
1,200,30,1,2,0,1,0,2,2,0,0,0,0,1,200,200,20,200,1,52,200
0,200,30,1,2,0,1,0,5,200,0,0,0,1,1,200,200,6,200,1,43,200
0,200,30,1,2,0,1,0,5,200,0,0,0,1,1,200,200,6,200,1,68,200
0,200,30,1,2,0,1,0,5,200,0,0,0,1,1,200,200,6,200,1,24,200
1,200,30,1,2,0,1,0,5,200,0,0,0,1,1,200,200,6,200,1,36,200
1,200,30,1,2,0,1,0,5,200,0,0,0,1,1,200,200,6,200,1,36,200
1,200,30,1,2,0,1,0,5,200,0,0,0,1,1,200,200,6,200,1,200,200
0,200,30,0,0,0,1,7,7,200,0,0,0,0,200,200,1,0,0,2,200,200
0,200,30,1,2,0,0,12,5,4,0,0,0,0,200,200,1,21,200,0,200,200
0,200,30,1,2,0,0,12,5,4,0,0,0,0,200,200,1,21,200,0,52,200
5,200,30,0,0,0,1,9,3,6,0,0,0,0,200,200,200,200,200,1,0,200
0,200,30,0,0,0,1,9,3,6,0,0,0,0,200,200,200,200,200,0,30,200
0,200,30,1,2,0,1,14,3,2,0,0,0,1,1,200,200,31,17,1,20,200
0,200,30,1,2,0,1,14,3,2,0,0,0,1,1,200,200,31,17,0,53,200
1,200,30,1,2,0,1,14,3,2,0,0,0,1,1,200,200,31,17,0,21,200
1,200,30,1,2,0,1,14,3,2,0,0,0,1,1,200,200,31,17,1,20,200
0,200,30,1,2,0,1,10,5,200,0,0,0,0,1,200,200,18,200,0,24,200
0,200,30,1,2,0,1,10,5,200,0,0,0,0,1,200,200,18,200,1,43,200
0,200,30,1,2,0,1,10,5,200,0,0,0,0,1,200,200,18,200,0,68,200
1,200,30,1,2,0,1,10,5,200,0,0,0,0,1,200,200,18,200,0,13,200
0,200,15,0,0,0,1,7,7,1,0,0,0,0,200,200,1,0,0,2,200,200
0,200,30,0,0,0,1,5,6,1,0,0,0,0,200,200,200,33,33,0,42,200
1,200,30,0,0,0,1,5,6,1,0,0,0,0,200,200,200,33,33,0,43,200
0,200,10,0,0,0,1,0,7,200,0,0,0,0,200,200,200,0,200,1,200,200
0,200,10,0,0,0,1,0,7,200,0,0,0,0,200,200,200,0,200,1,57,200
1,200,10,0,0,0,1,0,7,200,0,0,0,0,200,200,200,0,200,1,59,200
0,200,30,0,0,0,1,7,6,200,0,0,0,0,200,200,1,0,0,2,200,200
0,200,10,0,0,0,1,11,7,200,0,200,200,0,200,200,200,20,20,1,60,200
0,200,10,0,0,0,1,11,7,200,0,200,200,0,200,200,200,20,20,1,39,200
1,200,10,0,0,0,1,11,7,200,0,200,200,0,200,200,200,20,20,2,200,200
0,200,30,0,0,0,1,10,5,200,0,0,0,0,200,200,200,0,0,0,200,200
0,200,30,0,0,0,1,10,5,200,0,0,0,0,200,200,200,0,0,1,26,200
0,200,30,0,0,0,1,7,5,200,0,0,0,0,200,200,1,22,22,2,200,200
0,200,15,0,0,0,200,7,7,200,0,0,0,0,200,200,1,0,0,2,200,200
0,200,30,0,0,0,1,7,6,1,0,0,200,0,200,200,1,23,0,2,200,200
0,1,35,0,0,0,1,7,5,2,0,0,0,0,200,200,1,0,0,2,200,200
0,200,30,0,0,0,1,12,5,2,0,0,0,0,200,200,200,16,20,0,51,200
0,200,30,0,0,0,1,12,5,2,0,0,0,0,200,200,200,16,20,1,42,200
0,200,30,2,2,0,1,10,5,200,0,0,0,0,200,200,200,20,200,0,45,200
0,200,30,2,2,0,1,10,5,200,0,0,0,0,200,200,200,20,200,0,22,200
0,200,30,0,0,0,1,12,5,2,0,0,0,0,200,200,200,22,200,1,46,200
0,200,30,0,0,0,1,12,5,2,0,0,0,0,200,200,200,22,200,0,51,200
0,200,30,1,2,0,1,10,2,2,0,0,0,1,200,200,200,0,0,0,24,200
0,200,30,1,2,0,1,10,2,2,0,0,0,1,200,200,200,0,0,0,27,200
1,200,30,1,2,0,1,10,2,2,0,0,0,1,200,200,200,0,0,0,41,200
1,200,30,1,2,0,1,10,2,2,0,0,0,1,200,200,200,0,0,0,27,200
0,200,30,0,0,0,1,7,5,200,0,0,0,0,200,200,200,0,0,1,47,200
0,200,30,2,2,0,1,0,2,3,0,0,0,1,1,200,200,17,16,0,42,200
0,200,30,2,2,0,1,0,2,3,0,0,0,1,1,200,200,17,16,1,40,200
1,200,30,2,2,0,1,0,2,3,0,0,0,1,1,200,200,17,16,0,2,200
1,200,30,2,2,0,1,0,2,3,0,0,0,1,1,200,200,17,16,1,1,200
0,200,30,1,2,0,1,10,5,200,0,0,0,0,200,200,200,18,200,1,27,200
0,200,30,1,2,0,1,10,5,200,0,0,0,0,200,200,200,18,200,1,51,200
0,200,30,1,2,0,1,10,5,200,0,0,0,0,200,200,200,18,200,1,22,200
0,200,30,0,0,0,1,7,7,200,0,0,0,0,200,200,1,0,16,1,200,200
0,200,30,0,0,0,1,14,5,200,0,0,0,0,200,200,1,17,21,0,200,200
0,200,30,0,0,0,1,14,5,200,0,0,0,0,200,200,1,17,21,0,37,200
0,200,30,1,2,0,3,10,5,4,0,0,0,0,200,200,200,200,200,0,17,200
0,200,30,1,2,0,3,10,5,4,0,0,0,0,200,200,200,200,200,1,27,200
0,200,30,2,2,0,1,10,5,200,0,0,0,0,1,200,1,0,0,1,200,200
0,200,30,2,2,0,1,10,5,200,0,0,0,0,1,200,1,0,0,0,23,200
0,200,30,0,0,0,1,12,5,200,0,0,0,0,200,200,200,0,200,0,25,200
0,200,30,0,0,0,1,12,5,200,0,0,0,0,200,200,200,0,200,1,32,200
0,200,10,0,0,0,1,0,7,200,0,0,0,0,200,1,200,20,200,1,58,200
0,200,10,0,0,0,1,0,7,200,0,0,0,0,200,1,200,20,200,0,54,200
0,200,30,2,2,0,1,0,5,200,0,0,0,1,1,200,200,17,11,1,50,200
0,200,30,2,2,0,1,0,5,200,0,0,0,1,1,200,200,17,11,1,48,200
1,200,30,2,2,0,1,0,5,200,0,0,0,1,1,200,200,17,11,1,18,200
1,200,30,2,2,0,1,0,5,200,0,0,0,1,1,200,200,17,11,0,41,200
1,200,30,2,2,0,1,0,5,200,0,0,0,1,1,200,200,17,11,1,7,200
1,200,30,2,2,0,1,0,5,200,0,0,0,1,1,200,200,17,11,1,22,200
1,200,30,2,2,0,1,0,5,200,0,0,0,1,1,200,200,17,11,1,11,200
0,200,30,0,0,0,1,12,2,200,0,0,0,0,200,200,1,21,200,0,200,200
0,200,30,0,0,0,1,12,2,200,0,0,0,0,200,200,1,21,200,1,29,200
0,200,30,0,0,0,1,0,2,200,0,0,0,0,200,200,200,0,0,0,38,200
0,200,30,0,0,0,1,0,2,200,0,0,0,0,200,200,200,0,0,1,73,200
1,200,30,0,0,0,1,0,2,200,0,0,0,0,200,200,200,0,0,1,200,200
1,200,30,0,0,0,1,0,2,200,0,0,0,0,200,200,200,0,0,2,200,200
1,200,30,0,0,0,1,0,2,200,0,0,0,0,200,200,200,0,0,1,200,200
0,200,30,1,2,0,1,14,12,200,0,0,0,1,200,200,200,17,16,1,18,200
0,200,30,1,2,0,1,14,12,200,0,0,0,1,200,200,200,17,16,0,32,200
0,200,30,1,2,0,1,10,5,200,0,0,0,1,1,200,1,0,0,0,200,200
0,200,30,1,2,0,1,10,5,200,0,0,0,1,1,200,1,0,0,0,61,200
0,200,30,0,0,0,1,8,5,2,0,0,0,1,200,200,200,17,200,1,200,200
4,200,30,0,0,0,1,8,5,2,0,0,0,1,200,200,200,17,200,0,29,200
0,200,30,0,0,0,1,7,2,2,0,0,0,0,200,200,200,20,200,1,23,200
0,200,30,0,0,0,1,10,5,200,0,0,0,0,200,200,1,0,0,0,200,200
0,200,30,0,0,0,1,10,5,200,0,0,0,0,200,200,1,0,0,0,32,200
0,200,30,1,2,0,1,10,5,200,0,0,0,0,1,200,200,18,200,1,39,200
0,200,30,1,2,0,1,10,5,200,0,0,0,0,1,200,200,18,200,1,200,200
0,200,30,2,2,0,1,0,2,0,0,0,0,1,1,200,200,17,200,0,36,200
0,200,30,2,2,0,1,0,2,0,0,0,0,1,1,200,200,17,200,1,26,200
1,200,30,2,2,0,1,0,2,0,0,0,0,1,1,200,200,17,200,1,34,200
0,200,30,0,0,0,3,10,3,2,0,0,0,0,200,200,1,18,18,0,200,200
0,200,30,0,0,0,3,10,3,2,0,0,0,0,200,200,1,18,18,1,51,200
0,200,30,0,0,0,1,2,2,2,0,0,200,1,0,200,200,200,200,1,24,200
3,200,30,0,0,0,1,2,2,2,0,0,200,1,0,200,200,200,200,200,200,200
0,200,30,0,0,0,1,7,6,1,0,0,0,1,200,200,200,0,16,1,48,200
0,200,0,0,0,0,1,7,7,200,0,0,200,0,200,200,200,0,0,0,66,200
0,200,30,0,0,0,1,7,5,2,0,0,0,1,200,200,200,21,200,0,62,200
0,200,30,0,0,0,1,12,5,200,0,0,0,0,200,200,200,0,0,0,200,200
0,200,30,0,0,0,1,12,5,200,0,0,0,0,200,200,200,0,0,1,59,200
0,200,30,0,0,0,1,7,5,200,0,0,200,0,200,200,1,0,0,2,200,200
0,200,30,0,0,0,0,2,0,1,0,0,0,0,200,1,200,0,200,0,200,200
0,200,30,0,0,0,1,14,5,4,0,0,0,0,200,200,200,23,200,0,26,200
0,200,30,0,0,0,1,14,5,4,0,0,0,0,200,200,200,23,200,0,43,200
0,1,25,0,0,0,1,7,2,2,0,0,0,0,200,200,200,0,0,1,59,200
0,200,30,2,0,0,1,0,5,200,0,0,0,1,200,200,1,0,200,0,200,200
0,200,30,2,0,0,1,0,5,200,0,0,0,1,200,200,1,0,200,0,41,200
0,200,30,0,0,0,1,0,7,200,0,0,0,0,200,200,200,20,200,0,50,200
0,200,30,0,0,0,1,0,7,200,0,0,0,0,200,200,200,20,200,0,34,200
0,200,30,1,2,0,1,10,5,200,0,0,0,0,200,200,0,21,200,0,200,200
0,200,30,1,2,0,1,10,5,200,0,0,0,0,200,200,0,21,200,1,26,200
1,200,30,1,2,0,1,10,5,200,0,0,0,0,200,200,0,21,200,1,28,200
0,200,30,0,0,0,1,0,7,200,0,0,0,0,200,200,200,0,0,1,31,200
0,200,30,0,0,0,1,0,7,200,0,0,0,0,200,200,200,0,0,0,57,200
0,200,30,0,0,200,4,10,5,2,0,200,200,0,200,200,200,0,0,0,60,200
0,200,30,0,0,200,4,10,5,2,0,200,200,0,200,200,200,0,0,1,24,200
1,200,30,0,0,200,4,10,5,2,0,200,200,0,200,200,200,0,0,0,200,200
0,200,30,0,0,0,1,2,5,2,0,0,0,0,1,0,200,0,0,0,20,200
0,200,30,0,0,0,1,10,5,2,0,0,0,0,200,200,1,18,200,2,200,200
0,200,30,0,0,0,1,10,5,2,0,0,0,0,200,200,1,18,200,1,34,200
0,200,0,1,2,0,1,10,2,2,0,0,0,1,200,200,200,18,200,0,27,200
0,200,0,1,2,0,1,10,2,2,0,0,0,1,200,200,200,18,200,1,36,200
1,200,0,1,2,0,1,10,2,2,0,0,0,1,200,200,200,18,200,1,66,200
1,200,0,1,2,0,1,10,2,2,0,0,0,1,200,200,200,18,200,0,0,200
0,1,30,0,0,0,1,14,5,2,0,0,0,0,200,200,200,33,200,1,37,200
0,1,30,0,0,0,1,14,5,2,0,0,0,0,200,200,200,33,200,1,54,200
0,200,30,0,0,0,1,7,5,200,0,0,0,0,200,200,200,0,0,1,200,200
0,200,30,2,12,0,1,0,5,2,0,0,0,1,200,200,1,11,0,0,200,200
0,200,30,2,12,0,1,0,5,2,0,0,0,1,200,200,1,11,0,0,51,200
1,200,30,2,12,0,1,0,5,2,0,0,0,1,200,200,1,11,0,2,200,200
0,200,30,0,0,0,1,10,5,200,0,0,0,0,200,200,200,18,0,0,43,200
0,200,30,0,0,0,1,10,5,200,0,0,0,0,200,200,200,18,0,1,40,200
0,200,30,0,0,0,1,8,6,200,0,0,0,1,200,200,1,17,200,2,200,200
4,200,30,0,0,0,1,8,6,200,0,0,0,1,200,200,1,17,200,0,13,200
0,200,30,0,0,0,1,10,5,2,0,0,0,0,1,200,200,16,0,0,18,200
0,200,30,0,0,0,1,10,5,2,0,0,0,0,1,200,200,16,0,1,52,200
0,200,30,0,0,0,1,10,5,2,0,0,0,0,1,200,200,16,0,1,31,200
1,200,30,0,0,0,1,10,5,2,0,0,0,0,1,200,200,16,0,1,3,200
1,200,30,0,0,0,1,10,5,2,0,0,0,0,1,200,200,16,0,1,19,200
0,200,30,2,2,0,1,0,5,4,0,0,0,0,200,200,200,17,17,1,51,200
0,200,30,2,2,0,1,0,5,4,0,0,0,0,200,200,200,17,17,1,67,200
0,200,30,1,2,0,1,12,2,4,0,0,0,0,1,200,200,21,200,1,45,200
0,200,30,1,2,0,1,12,2,4,0,0,0,0,1,200,200,21,200,0,48,200
0,200,30,0,0,0,1,12,2,200,0,0,0,0,200,200,200,21,11,1,26,200
0,200,30,0,0,0,1,12,2,200,0,0,0,0,200,200,200,21,11,1,37,200
0,200,30,0,0,0,1,10,5,200,0,0,0,0,200,200,200,0,0,0,0,200
0,200,30,0,0,0,1,10,5,200,0,0,0,0,200,200,200,0,0,1,26,200
0,200,30,1,2,0,1,12,5,200,0,0,0,0,1,200,200,13,200,1,27,200
0,200,30,1,2,0,1,12,5,200,0,0,0,0,1,200,200,13,200,0,50,200
0,200,20,0,0,0,1,7,2,2,0,0,200,0,200,200,1,200,200,2,200,200
0,200,30,0,0,0,1,7,5,200,0,0,0,0,200,200,200,0,0,0,74,200
1,200,30,0,0,0,1,7,5,200,0,0,0,0,200,200,200,0,0,0,43,200
1,200,30,0,0,0,1,7,5,200,0,0,0,0,200,200,200,0,0,1,200,200
0,200,30,2,200,0,1,0,3,200,0,0,2,0,1,200,200,5,17,1,59,200
0,200,30,2,200,0,1,0,3,200,0,0,2,0,1,200,200,5,17,1,32,200
0,200,30,0,0,0,1,7,3,3,0,0,0,0,200,200,1,0,200,1,200,200
0,200,30,0,0,0,1,2,6,1,0,0,0,1,200,1,200,1,0,0,58,200
0,200,30,12,0,0,1,7,7,4,0,0,0,0,200,200,1,0,0,2,200,200
0,200,30,0,0,0,1,14,5,200,0,0,0,1,200,200,200,17,200,0,29,200
0,200,30,0,0,0,1,14,5,200,0,0,0,1,200,200,200,17,200,1,47,200
0,200,30,1,2,0,1,10,5,200,0,0,0,0,200,200,200,18,200,0,36,200
0,200,30,1,2,0,1,10,5,200,0,0,0,0,200,200,200,18,200,0,21,200
1,200,30,1,2,0,1,10,5,200,0,0,0,0,200,200,200,18,200,2,200,200
1,200,30,1,2,0,1,10,5,200,0,0,0,0,200,200,200,18,200,2,200,200
1,200,30,1,2,0,1,10,5,200,0,0,0,0,200,200,200,18,200,0,200,200
1,200,30,1,2,0,1,10,5,200,0,0,0,0,200,200,200,18,200,1,200,200
0,200,30,1,2,0,1,12,5,200,0,0,0,0,200,200,200,0,0,1,200,200
0,200,30,1,2,0,1,12,5,200,0,0,0,0,200,200,200,0,0,1,44,200
0,200,30,0,2,0,1,14,5,2,0,0,0,0,200,200,200,0,0,0,49,200
0,200,30,0,2,0,1,14,5,2,0,0,0,0,200,200,200,0,0,1,73,200
0,200,30,1,2,0,1,0,5,200,0,0,0,0,200,200,200,17,17,1,54,200
0,200,30,1,2,0,1,0,5,200,0,0,0,0,200,200,200,17,17,0,62,200
0,200,30,0,0,0,1,2,4,0,2,0,0,0,200,1,200,0,200,0,57,200
0,200,30,1,2,0,1,10,5,4,0,0,0,0,200,200,1,18,18,2,200,200
0,200,30,1,2,0,1,10,5,4,0,0,0,0,200,200,1,18,18,1,55,200
0,200,30,1,2,0,1,14,2,3,0,0,0,0,200,200,1,25,200,0,200,200
0,200,30,1,2,0,1,14,2,3,0,0,0,0,200,200,1,25,200,0,0,200
0,200,30,0,0,0,1,0,5,2,0,0,0,1,200,200,200,17,200,1,28,200
0,200,30,0,0,0,1,0,5,2,0,0,0,1,200,200,200,17,200,0,71,200
0,200,30,0,0,0,1,0,5,2,0,0,0,1,200,200,200,17,200,0,26,200
0,200,30,1,2,0,1,12,2,4,0,0,0,0,1,200,1,11,0,0,200,200
0,200,30,1,2,0,1,12,2,4,0,0,0,0,1,200,1,11,0,0,36,200
1,200,30,1,2,0,1,12,2,4,0,0,0,0,1,200,1,11,0,0,13,200
0,200,30,1,2,0,1,10,5,2,0,0,0,0,200,200,200,0,0,0,200,200
0,200,30,1,2,0,1,10,5,2,0,0,0,0,200,200,200,0,0,0,200,200
0,200,30,2,2,0,1,14,5,200,0,0,0,0,1,200,200,17,200,1,35,200
0,200,30,2,2,0,1,14,5,200,0,0,0,0,1,200,200,17,200,1,37,200
0,200,30,0,0,0,1,8,2,200,0,0,0,1,200,200,200,25,33,0,55,200
4,200,30,0,0,0,1,8,2,200,0,0,0,1,200,200,200,25,33,0,21,200
4,200,15,0,0,0,1,8,0,1,0,0,0,1,1,200,1,17,200,200,200,200
0,200,15,0,0,0,1,8,0,1,0,0,0,1,1,200,1,17,200,1,45,200
0,200,30,1,2,0,1,10,5,200,0,0,0,0,200,200,200,18,200,0,52,200
0,200,30,1,2,0,1,10,5,200,0,0,0,0,200,200,200,18,200,0,30,200
0,200,30,0,0,0,1,7,6,1,0,0,0,1,200,200,200,0,200,0,27,200
1,200,30,0,0,0,1,7,6,1,0,0,0,1,200,200,200,0,200,0,6,200