PERSON_TYPE,CRASH_DATE_EST_I,POSTED_SPEED_LIMIT,TRAFFIC_CONTROL_DEVICE,DEVICE_CONDITION,WEATHER_CONDITION,LIGHTING_CONDITION,FIRST_CRASH_TYPE,TRAFFICWAY_TYPE,LANE_CNT,ALIGNMENT,ROADWAY_SURFACE_COND,ROAD_DEFECT,CRASH_TYPE,INTERSECTION_RELATED_I,NOT_RIGHT_OF_WAY_I,HIT_AND_RUN_I,PRIM_CONTRIBUTORY_CAUSE,SEC_CONTRIBUTORY_CAUSE,SEX,AGE,BAC_RESULT VALUE
1,200,30,0,0,0,1,7,6,1,0,0,0,1,200,200,200,0,200,0,8,200
0,200,30,1,2,0,1,0,6,2,0,0,0,1,1,200,1,6,25,0,200,200
0,200,30,1,2,0,1,0,6,2,0,0,0,1,1,200,1,6,25,0,40,200
0,200,30,1,2,0,1,14,2,8,3,0,0,0,200,200,200,22,23,1,25,200
0,200,30,1,2,0,1,14,2,8,3,0,0,0,200,200,200,22,23,1,26,200
0,200,15,0,0,0,1,9,0,200,0,0,200,1,200,200,1,0,0,1,200,200
5,200,15,0,0,0,1,9,0,200,0,0,200,1,200,200,1,0,0,0,59,200
1,200,15,0,0,0,1,9,0,200,0,0,200,1,200,200,1,0,0,200,200,200
0,200,30,0,0,0,1,0,5,4,0,0,0,0,200,200,200,17,0,1,50,200
0,200,30,0,0,0,1,0,5,4,0,0,0,0,200,200,200,17,0,1,36,200
1,200,30,0,0,0,1,0,5,4,0,0,0,0,200,200,200,17,0,1,200,200
0,200,30,1,2,0,1,7,2,200,0,0,0,0,200,200,200,23,200,1,29,200
1,200,30,1,2,0,1,7,2,200,0,0,0,0,200,200,200,23,200,0,200,200
0,200,30,0,0,0,4,7,7,200,0,0,0,0,200,200,1,0,200,2,200,200
0,200,30,0,0,0,1,12,2,2,0,0,200,0,200,200,200,0,0,0,28,200
0,200,30,0,0,0,1,12,2,2,0,0,200,0,200,200,200,0,0,0,55,200
0,200,30,0,0,0,1,14,2,200,0,0,0,0,200,200,200,18,16,1,28,200
0,200,30,0,0,0,1,14,2,200,0,0,0,0,200,200,200,18,16,1,32,200
0,200,15,0,0,0,1,7,0,1,0,0,0,1,200,200,1,0,200,0,200,200
1,200,15,0,0,0,1,7,0,1,0,0,0,1,200,200,1,0,200,0,200,200
0,200,25,0,0,0,1,7,5,200,0,0,0,0,200,200,200,0,200,2,200,200
0,200,30,1,2,0,1,14,2,8,0,200,200,0,200,200,200,23,22,0,37,200
0,200,30,1,2,0,1,14,2,8,0,200,200,0,200,200,200,23,22,1,27,200
1,200,30,1,2,0,1,14,2,8,0,200,200,0,200,200,200,23,22,0,200,200
1,200,30,1,2,0,1,14,2,8,0,200,200,0,200,200,200,23,22,0,200,200
0,1,25,1,200,0,1,10,2,4,0,0,0,0,200,200,200,18,18,1,39,200
0,1,25,1,200,0,1,10,2,4,0,0,0,0,200,200,200,18,18,1,57,200
0,200,30,0,0,0,1,8,5,200,0,0,0,0,200,200,1,0,0,0,200,200
4,200,30,0,0,0,1,8,5,200,0,0,0,0,200,200,1,0,0,0,24,200
0,200,30,0,0,0,3,7,5,2,0,0,200,0,200,200,0,0,200,1,21,200
1,200,30,0,0,0,3,7,5,2,0,0,200,0,200,200,0,0,200,200,200,200
1,200,30,0,0,0,3,7,5,2,0,0,200,0,200,200,0,0,200,200,200,200
0,200,30,0,0,0,1,7,5,200,0,0,0,0,200,200,200,200,200,0,40,200
1,200,30,0,0,0,1,7,5,200,0,0,0,0,200,200,200,200,200,0,12,200
0,1,30,0,0,0,1,7,6,200,0,200,200,0,200,200,1,0,200,2,200,200
0,200,30,1,2,0,1,8,5,200,0,0,0,0,200,200,1,17,21,0,200,200
4,200,30,1,2,0,1,8,5,200,0,0,0,0,200,200,1,17,21,0,31,200
0,200,30,0,0,0,2,3,7,200,0,0,0,0,200,200,200,16,0,1,30,200
0,200,30,0,0,0,2,3,7,200,0,0,0,0,200,200,200,16,0,0,28,200
1,200,30,0,0,0,2,3,7,200,0,0,0,0,200,200,200,16,0,1,28,200
1,200,30,0,0,0,2,3,7,200,0,0,0,0,200,200,200,16,0,0,29,200
0,200,35,1,2,0,1,12,1,200,0,0,0,0,200,200,200,0,0,0,38,200
0,200,35,1,2,0,1,12,1,200,0,0,0,0,200,200,200,0,0,0,25,200
0,200,35,1,2,0,1,12,1,200,0,0,0,0,200,200,200,0,0,0,27,200
0,200,30,0,0,0,4,14,2,2,0,0,200,1,200,200,1,17,200,2,200,200
0,200,30,0,0,0,4,14,2,2,0,0,200,1,200,200,1,17,200,0,24,200
0,200,30,0,0,0,4,14,2,2,0,0,200,1,200,200,1,17,200,0,24,200
1,200,30,0,0,0,4,14,2,2,0,0,200,1,200,200,1,17,200,0,25,200
0,200,30,0,0,0,1,12,5,200,0,0,0,0,200,200,200,23,200,1,31,200
0,200,30,0,0,0,1,12,5,200,0,0,0,0,200,200,200,23,200,2,200,200
0,200,35,0,0,0,3,10,3,4,0,0,0,1,200,200,200,18,0,1,51,200
0,200,35,0,0,0,3,10,3,4,0,0,0,1,200,200,200,18,0,0,53,200
0,200,15,0,0,0,4,0,7,200,0,200,200,0,200,200,200,0,200,0,63,200
0,200,15,0,0,0,4,0,7,200,0,200,200,0,200,200,200,0,200,1,45,200
0,200,30,0,12,0,1,14,5,4,0,0,0,0,1,200,1,23,200,0,200,200
0,200,30,0,12,0,1,14,5,4,0,0,0,0,1,200,1,23,200,1,18,200
1,200,30,0,12,0,1,14,5,4,0,0,0,0,1,200,1,23,200,1,18,200
0,0,30,200,200,0,1,7,5,2,0,0,0,0,200,200,1,0,200,2,200,200
0,200,30,0,0,0,1,2,2,2,0,0,200,0,200,200,200,13,0,0,45,200
1,200,30,0,0,0,1,2,2,2,0,0,200,0,200,200,200,13,0,1,43,200
0,200,30,0,0,0,3,10,2,200,0,0,0,1,200,200,200,0,0,1,25,200
0,200,30,0,0,0,3,10,2,200,0,0,0,1,200,200,200,0,0,1,51,200
0,200,30,1,2,0,4,10,6,3,0,0,0,0,1,200,200,18,200,0,59,200
0,200,30,1,2,0,4,10,6,3,0,0,0,0,1,200,200,18,200,0,36,200
0,200,30,1,2,0,1,7,6,200,0,0,0,0,200,200,200,22,200,0,49,200
0,200,30,1,200,0,3,10,5,2,0,200,200,0,200,200,200,0,0,1,34,200
0,200,30,1,200,0,3,10,5,2,0,200,200,0,200,200,200,0,0,1,59,200
0,200,30,1,2,0,1,10,5,200,0,0,0,0,200,200,200,18,200,1,200,200
0,200,30,1,2,0,1,10,5,200,0,0,0,0,200,200,200,18,200,1,63,200
0,200,30,0,0,0,3,14,5,4,0,0,0,1,200,200,1,23,0,2,200,200
0,200,30,0,0,0,3,14,5,4,0,0,0,1,200,200,1,23,0,1,41,200
0,200,30,2,2,0,1,12,2,2,0,0,0,0,200,200,200,18,0,0,200,200
0,200,30,2,2,0,1,12,2,2,0,0,0,0,200,200,200,18,0,0,31,200
1,200,30,2,2,0,1,12,2,2,0,0,0,0,200,200,200,18,0,200,200,200
1,200,30,2,2,0,1,12,2,2,0,0,0,0,200,200,200,18,0,2,200,200
1,200,30,2,2,0,1,12,2,2,0,0,0,0,200,200,200,18,0,1,200,200
0,200,5,12,1,0,0,2,7,200,0,0,0,0,200,1,200,3,200,0,29,200
1,200,5,12,1,0,0,2,7,200,0,0,0,0,200,1,200,3,200,0,200,200
0,200,15,200,200,0,200,2,7,0,0,0,0,0,200,200,200,200,200,0,34,200
0,200,30,2,2,0,1,0,12,200,0,0,0,0,1,200,200,17,17,1,47,200
0,200,30,2,2,0,1,0,12,200,0,0,0,0,1,200,200,17,17,0,56,200
0,200,30,0,0,0,3,14,5,200,0,0,0,0,200,200,200,23,0,0,47,200
0,200,30,0,0,0,3,14,5,200,0,0,0,0,200,200,200,23,0,0,19,200
0,200,35,0,200,0,1,0,7,200,0,0,0,0,200,200,200,0,0,0,200,200
0,200,35,0,200,0,1,0,7,200,0,0,0,0,200,200,200,0,0,0,17,200
0,200,30,0,0,0,3,7,5,2,0,0,0,0,200,200,1,0,0,2,200,200
0,200,30,0,0,0,3,2,5,2,0,0,0,0,200,200,200,16,16,1,58,200
0,200,15,0,0,0,1,7,7,200,0,0,0,0,200,200,1,0,0,0,200,200
0,200,30,2,2,0,1,0,6,2,0,0,0,1,1,200,200,17,16,0,51,200
0,200,30,2,2,0,1,0,6,2,0,0,0,1,1,200,200,17,16,1,35,200
1,200,30,2,2,0,1,0,6,2,0,0,0,1,1,200,200,17,16,0,62,200
0,200,10,0,0,0,3,7,12,0,0,0,0,0,200,1,200,20,200,0,62,200
1,200,10,0,0,0,3,7,12,0,0,0,0,0,200,1,200,20,200,0,13,200
0,200,30,0,0,0,1,7,5,200,0,0,0,0,200,200,1,0,200,0,200,200
1,200,30,0,0,0,1,7,5,200,0,0,0,0,200,200,1,0,200,2,200,200
1,200,30,0,0,0,1,7,5,200,0,0,0,0,200,200,1,0,200,2,200,200
0,200,35,1,2,0,0,14,6,200,0,0,0,0,1,200,200,0,0,0,45,200
0,200,35,1,2,0,0,14,6,200,0,0,0,0,1,200,200,0,0,0,36,200
0,200,30,0,0,0,2,14,5,2,0,0,0,0,200,200,200,17,200,0,75,200
0,200,30,0,0,0,2,14,5,2,0,0,0,0,200,200,200,17,200,1,56,200
0,200,30,2,2,0,0,0,6,200,0,0,0,1,1,200,200,17,0,0,42,200
0,200,30,2,2,0,0,0,6,200,0,0,0,1,1,200,200,17,0,1,27,200
0,200,30,0,0,0,1,10,5,200,0,0,0,0,200,200,200,20,0,1,29,200
0,200,30,0,0,0,1,10,5,200,0,0,0,0,200,200,200,20,0,1,30,200
0,200,30,0,0,0,1,7,5,200,0,0,0,0,200,200,1,0,0,2,200,200
0,200,30,0,0,0,0,0,5,2,0,0,0,0,200,200,1,17,16,0,200,200
0,200,30,0,0,0,0,0,5,2,0,0,0,0,200,200,1,17,16,0,200,200
0,200,30,1,2,0,1,10,5,200,0,0,200,0,200,200,200,0,0,0,35,200
0,200,30,1,2,0,1,10,5,200,0,0,200,0,200,200,200,0,0,1,46,200
1,200,30,1,2,0,1,10,5,200,0,0,200,0,200,200,200,0,0,1,200,200
1,200,30,1,2,0,1,10,5,200,0,0,200,0,200,200,200,0,0,1,200,200
0,200,20,2,2,0,3,0,12,3,0,0,1,1,200,200,200,5,16,1,23,200
0,200,20,2,2,0,3,0,12,3,0,0,1,1,200,200,200,5,16,0,27,200
0,200,30,1,2,0,3,14,12,200,0,0,1,1,200,200,200,16,14,0,23,200
0,200,30,1,2,0,3,14,12,200,0,0,1,1,200,200,200,16,14,0,68,200
1,200,30,1,2,0,3,14,12,200,0,0,1,1,200,200,200,16,14,1,23,200
0,200,40,1,2,0,3,5,3,200,0,0,0,1,200,200,200,33,200,0,26,200
1,200,40,1,2,0,3,5,3,200,0,0,0,1,200,200,200,33,200,0,24,200
0,200,30,0,0,0,0,2,3,2,0,0,0,1,200,200,200,11,0,0,55,200
0,200,30,2,2,0,3,14,2,200,0,0,0,0,1,200,200,17,17,0,31,200
0,200,30,2,2,0,3,14,2,200,0,0,0,0,1,200,200,17,17,0,35,200
0,200,30,0,0,0,3,9,5,4,0,0,0,1,200,200,1,0,200,2,200,200
5,200,30,0,0,0,3,9,5,4,0,0,0,1,200,200,1,0,200,0,48,200
0,200,20,0,0,0,1,7,5,1,0,0,0,1,200,200,1,14,0,0,200,200
0,200,30,1,2,0,3,14,2,4,0,0,200,0,1,200,1,23,200,1,200,200
0,200,30,1,2,0,3,14,2,4,0,0,200,0,1,200,1,23,200,1,42,200
0,200,30,0,0,0,3,7,5,2,0,0,0,1,200,200,200,27,200,0,65,200
0,1,30,0,0,0,3,7,6,1,0,0,0,0,200,200,1,21,200,2,200,200
0,200,30,0,0,0,0,7,6,1,0,0,0,1,200,200,200,16,200,1,21,200
0,200,30,0,0,0,3,10,3,200,0,0,0,0,200,200,200,18,0,0,25,200
0,200,30,0,0,0,3,10,3,200,0,0,0,0,200,200,200,18,0,0,50,200
0,200,5,0,0,0,3,7,7,1,0,0,0,0,200,1,200,0,0,0,200,200
1,200,5,0,0,0,3,7,7,1,0,0,0,0,200,1,200,0,0,0,60,200
0,200,30,1,2,0,4,0,5,2,0,0,0,1,1,200,200,6,200,0,32,200
0,200,30,1,2,0,4,0,5,2,0,0,0,1,1,200,200,6,200,0,49,200
0,200,30,1,2,0,4,0,5,2,0,0,0,1,1,200,200,6,200,0,40,200
1,200,30,1,2,0,4,0,5,2,0,0,0,1,1,200,200,6,200,0,66,200
1,200,30,1,2,0,4,0,5,2,0,0,0,1,1,200,200,6,200,1,56,200
1,200,30,1,2,0,4,0,5,2,0,0,0,1,1,200,200,6,200,1,29,200
1,200,30,1,2,0,4,0,5,2,0,0,0,1,1,200,200,6,200,1,61,200
1,200,30,1,2,0,4,0,5,2,0,0,0,1,1,200,200,6,200,1,35,200
0,200,30,200,200,0,1,9,200,4,0,0,0,1,200,200,0,0,0,1,200,200
5,200,30,200,200,0,1,9,200,4,0,0,0,1,200,200,0,0,0,1,29,200
0,200,30,0,0,0,3,7,5,200,0,0,0,1,200,200,200,30,200,0,28,200
0,200,30,0,0,0,3,12,5,200,0,0,0,0,200,200,200,17,200,0,200,200
0,200,30,0,0,0,3,12,5,200,0,0,0,0,200,200,200,17,200,0,39,200
1,200,30,0,0,0,3,12,5,200,0,0,0,0,200,200,200,17,200,1,200,200
0,200,30,0,0,0,3,12,2,1,3,0,0,0,200,200,200,21,200,0,35,200
0,200,30,0,0,0,3,12,2,1,3,0,0,0,200,200,200,21,200,0,54,200
1,200,30,0,0,0,3,12,2,1,3,0,0,0,200,200,200,21,200,1,200,200
0,200,30,0,2,0,0,2,5,4,0,0,0,1,200,200,1,25,32,0,18,0.17
0,200,30,0,2,0,0,2,5,4,0,0,0,1,200,200,1,25,32,1,27,200
0,200,30,0,2,0,0,2,5,4,0,0,0,1,200,200,1,25,32,0,21,200
1,200,30,0,2,0,0,2,5,4,0,0,0,1,200,200,1,25,32,0,4,200
1,200,30,0,2,0,0,2,5,4,0,0,0,1,200,200,1,25,32,1,34,200
1,200,30,0,2,0,0,2,5,4,0,0,0,1,200,200,1,25,32,1,41,200
0,200,30,2,2,0,3,0,5,2,0,0,0,0,200,200,1,0,0,0,200,200
0,200,30,2,2,0,3,0,5,2,0,0,0,0,200,200,1,0,0,0,24,200
0,200,30,0,0,0,3,11,5,2,0,0,0,0,200,200,200,21,0,0,24,200
0,200,30,0,0,0,3,11,5,2,0,0,0,0,200,200,200,21,0,0,52,200
0,200,35,2,2,0,3,0,5,2,0,0,0,1,1,200,200,17,0,0,63,200
0,200,35,2,2,0,3,0,5,2,0,0,0,1,1,200,200,17,0,0,27,200
1,200,35,2,2,0,3,0,5,2,0,0,0,1,1,200,200,17,0,1,200,200
1,200,35,2,2,0,3,0,5,2,0,0,0,1,1,200,200,17,0,1,200,200
1,200,35,2,2,0,3,0,5,2,0,0,0,1,1,200,200,17,0,0,200,200
1,200,35,2,2,0,3,0,5,2,0,0,0,1,1,200,200,17,0,0,200,200
0,200,30,0,0,0,3,8,5,2,0,0,0,0,200,200,200,7,200,0,31,200
4,200,30,0,0,0,3,8,5,2,0,0,0,0,200,200,200,7,200,0,200,200
0,200,5,0,0,0,0,7,6,200,0,0,0,0,200,200,1,0,0,2,200,200
0,200,30,1,2,0,3,12,5,200,0,0,0,0,1,200,200,0,0,0,40,200
0,200,30,1,2,0,3,12,5,200,0,0,0,0,1,200,200,0,0,0,36,200
0,1,30,1,2,0,4,9,2,4,0,0,0,1,1,200,200,17,0,1,200,200
5,1,30,1,2,0,4,9,2,4,0,0,0,1,1,200,200,17,0,1,32,200
0,200,15,0,0,0,1,14,7,200,0,0,0,0,200,1,1,18,0,1,200,200
0,200,15,0,0,0,1,14,7,200,0,0,0,0,200,1,1,18,0,1,59,200
0,200,25,2,0,0,3,7,5,200,0,0,0,1,200,200,1,0,0,2,200,200
0,200,30,1,2,0,0,10,5,2,0,0,0,0,200,200,1,18,0,1,32,200
0,200,30,1,2,0,0,10,5,2,0,0,0,0,200,200,1,18,0,0,200,200
1,200,30,1,2,0,0,10,5,2,0,0,0,0,200,200,1,18,0,0,200,200
1,200,30,1,2,0,0,10,5,2,0,0,0,0,200,200,1,18,0,2,200,200
0,200,30,1,2,0,3,12,2,200,0,0,0,0,200,200,1,0,200,0,200,200
0,200,30,1,2,0,3,12,2,200,0,0,0,0,200,200,1,0,200,0,24,200
0,200,10,0,0,0,3,10,7,2,0,0,0,0,200,1,200,18,200,0,25,200
0,200,10,0,0,0,3,10,7,2,0,0,0,0,200,1,200,18,200,1,50,200
1,200,10,0,0,0,3,10,7,2,0,0,0,0,200,1,200,18,200,1,55,200
0,200,10,0,0,0,3,0,7,0,0,0,200,0,200,1,200,17,0,1,21,200
0,200,10,0,0,0,3,0,7,0,0,0,200,0,200,1,200,17,0,0,200,200
0,200,35,1,2,0,3,12,3,6,0,0,0,1,200,200,1,22,200,2,200,200
0,200,35,1,2,0,3,12,3,6,0,0,0,1,200,200,1,22,200,1,40,200
0,200,35,1,2,0,3,12,3,6,0,0,0,1,200,200,1,22,200,0,72,200
1,200,35,1,2,0,3,12,3,6,0,0,0,1,200,200,1,22,200,1,53,200
1,200,35,1,2,0,3,12,3,6,0,0,0,1,200,200,1,22,200,2,200,200
0,200,30,0,0,0,3,7,12,200,0,0,0,0,200,200,200,200,200,2,200,200
0,200,30,1,2,0,3,0,5,2,0,0,0,0,1,200,1,6,200,2,200,200
0,200,30,1,2,0,3,0,5,2,0,0,0,0,1,200,1,6,200,0,24,200
0,200,30,0,0,0,3,12,2,200,0,0,0,0,1,200,1,22,200,2,200,200
0,200,30,0,0,0,3,12,2,200,0,0,0,0,1,200,1,22,200,0,24,200
0,200,30,2,1,0,0,10,2,2,0,0,0,1,200,200,200,18,200,2,200,200
0,200,30,2,1,0,0,10,2,2,0,0,0,1,200,200,200,18,200,0,36,200
0,200,30,0,0,0,3,10,6,200,0,0,200,0,200,200,1,18,0,0,200,200
0,200,30,0,0,0,3,10,6,200,0,0,200,0,200,200,1,18,0,1,52,200
0,200,30,0,0,0,3,14,2,4,0,0,0,0,1,200,200,23,200,0,18,200
0,200,30,0,0,0,3,14,2,4,0,0,0,0,1,200,200,23,200,1,39,200
0,200,30,0,0,0,0,7,6,1,0,0,200,0,200,200,200,0,200,0,37,200
0,200,30,1,2,0,3,14,2,4,0,0,0,1,1,200,200,17,0,1,24,200
0,200,30,1,2,0,3,14,2,4,0,0,0,1,1,200,200,17,0,0,21,200
1,200,30,1,2,0,3,14,2,4,0,0,0,1,1,200,200,17,0,1,19,200
1,200,30,1,2,0,3,14,2,4,0,0,0,1,1,200,200,17,0,200,200,200
0,200,25,0,0,0,0,7,5,2,0,0,0,0,200,200,200,12,200,0,29,200
0,200,25,0,0,0,3,4,5,4,0,0,3,0,200,200,200,200,200,0,45,200
0,200,40,0,0,0,3,2,3,8,3,0,3,0,200,0,200,11,15,0,20,200
0,200,30,0,0,0,3,7,2,200,0,0,0,1,200,200,0,0,0,0,28,200
0,200,25,1,2,0,0,7,6,1,0,0,0,1,200,200,200,16,0,0,30,200
0,200,35,0,0,0,3,7,5,2,0,0,0,1,200,200,200,0,200,0,32,200
0,200,30,0,0,0,3,7,5,2,0,0,0,0,200,200,200,21,16,0,44,200
0,200,25,2,2,0,3,7,6,1,0,0,0,1,200,200,200,200,200,0,22,200
1,200,25,2,2,0,3,7,6,1,0,0,0,1,200,200,200,200,200,1,20,200
0,1,30,1,1,2,3,10,3,200,0,0,0,0,200,200,1,18,18,0,200,200
0,1,30,1,1,2,3,10,3,200,0,0,0,0,200,200,1,18,18,0,34,200
4,1,30,0,0,0,3,8,6,1,0,0,3,1,200,200,200,17,0,0,26,200
0,1,30,0,0,0,3,8,6,1,0,0,3,1,200,200,200,17,0,0,25,200
0,200,30,0,0,0,3,12,2,4,0,0,0,0,200,200,200,17,200,0,40,200
0,200,30,0,0,0,3,12,2,4,0,0,0,0,200,200,200,17,200,0,37,200
0,200,30,1,2,0,3,0,12,3,0,0,0,1,1,200,200,6,16,1,29,200
0,200,30,1,2,0,3,0,12,3,0,0,0,1,1,200,200,6,16,1,46,200
0,200,30,1,2,0,3,0,12,3,0,0,0,1,1,200,200,6,16,1,29,200
1,200,30,1,2,0,3,0,12,3,0,0,0,1,1,200,200,6,16,0,24,200
1,200,30,1,2,0,3,0,12,3,0,0,0,1,1,200,200,6,16,1,30,200
0,200,25,0,0,0,3,7,5,1,0,0,0,1,200,200,200,0,16,0,41,200
0,200,30,0,0,0,3,14,2,2,0,0,0,1,1,200,200,17,0,1,26,200
0,200,30,0,0,0,3,14,2,2,0,0,0,1,1,200,200,17,0,0,61,200
0,200,30,0,0,0,3,10,2,200,0,0,0,0,200,200,1,18,200,0,200,200
0,200,30,0,0,0,3,10,2,200,0,0,0,0,200,200,1,18,200,1,19,200
1,200,30,0,0,0,3,10,2,200,0,0,0,0,200,200,1,18,200,200,200,200
0,200,30,0,0,0,1,7,5,2,0,0,0,1,200,200,200,200,200,1,32,200
0,200,35,2,2,0,3,0,3,2,0,0,0,1,200,200,200,17,200,0,22,200
0,200,35,2,2,0,3,0,3,2,0,0,0,1,200,200,200,17,200,0,26,200
1,200,35,2,2,0,3,0,3,2,0,0,0,1,200,200,200,17,200,200,200,200
1,200,35,2,2,0,3,0,3,2,0,0,0,1,200,200,200,17,200,200,200,200
1,200,35,2,2,0,3,0,3,2,0,0,0,1,200,200,200,17,200,200,200,200
1,200,35,2,2,0,3,0,3,2,0,0,0,1,200,200,200,17,200,200,200,200
0,200,30,2,2,0,3,7,6,200,0,0,0,0,200,200,200,200,200,2,200,200
0,200,30,0,0,0,3,7,5,2,0,0,0,1,200,200,200,0,0,0,21,200
0,200,10,0,0,0,0,7,7,200,0,0,0,0,200,200,1,20,17,1,200,200
1,200,10,0,0,0,0,7,7,200,0,0,0,0,200,200,1,20,17,1,200,200
1,200,10,0,0,0,0,7,7,200,0,0,0,0,200,200,1,20,17,0,200,200
1,200,10,0,0,0,0,7,7,200,0,0,0,0,200,200,1,20,17,0,29,200
0,200,30,3,2,0,3,12,2,2,0,0,0,1,200,200,1,18,16,1,17,200
0,200,30,3,2,0,3,12,2,2,0,0,0,1,200,200,1,18,16,0,40,200
1,200,30,3,2,0,3,12,2,2,0,0,0,1,200,200,1,18,16,0,26,200
0,200,30,200,200,0,4,10,8,2,0,0,200,0,200,200,1,200,0,0,200,200
0,200,30,200,200,0,4,10,8,2,0,0,200,0,200,200,1,200,0,0,200,200
0,200,30,200,200,0,4,10,8,2,0,0,200,0,200,200,1,200,0,0,50,200
1,200,30,200,200,0,4,10,8,2,0,0,200,0,200,200,1,200,0,200,200,200
0,200,30,0,2,0,3,7,5,200,0,0,200,1,200,200,200,32,23,0,33,200
0,200,30,0,0,0,3,7,5,4,0,0,0,1,200,200,200,21,16,0,36,200
0,200,30,0,0,0,3,7,5,2,0,0,0,1,200,200,200,33,0,0,36,200
0,200,30,1,2,0,3,14,5,200,0,0,0,0,1,200,200,17,200,0,35,200
0,200,30,1,2,0,3,14,5,200,0,0,0,0,1,200,200,17,200,1,26,200
1,200,30,1,2,0,3,14,5,200,0,0,0,0,1,200,200,17,200,1,22,200
0,200,30,1,2,0,3,0,2,6,0,0,0,1,1,200,200,6,16,1,35,200
0,200,30,1,2,0,3,0,2,6,0,0,0,1,1,200,200,6,16,1,38,200
1,200,30,1,2,0,3,0,2,6,0,0,0,1,1,200,200,6,16,0,25,200
1,200,30,1,2,0,3,0,2,6,0,0,0,1,1,200,200,6,16,0,19,200
0,200,25,0,0,0,3,7,5,2,0,200,200,0,200,200,1,0,0,1,200,200
0,200,30,2,2,0,3,0,12,1,0,0,0,1,1,200,1,16,200,0,200,200
0,200,30,2,2,0,3,0,12,1,0,0,0,1,1,200,1,16,200,0,64,200
0,200,30,0,0,0,3,7,5,200,0,0,0,0,200,200,200,200,200,1,49,200
1,200,30,0,0,0,3,7,5,200,0,0,0,0,200,200,200,200,200,0,35,200
0,200,30,1,2,0,3,7,5,2,0,0,0,1,200,200,200,0,200,0,38,200
0,200,30,0,0,0,3,2,2,2,0,0,0,1,200,200,200,0,0,0,0,200
0,200,30,0,0,0,3,2,12,200,0,0,0,1,200,1,200,0,0,0,41,200
0,200,30,0,0,0,0,10,6,2,0,0,0,0,200,200,200,23,200,1,200,200
0,200,30,0,0,0,0,10,6,2,0,0,0,0,200,200,200,23,200,0,43,200
0,200,35,2,2,0,1,7,5,2,0,0,0,1,1,200,200,2,200,1,22,200
0,200,30,0,0,0,1,7,5,2,0,0,0,0,200,200,200,200,200,2,200,200
0,200,30,1,2,0,3,10,2,2,0,0,0,1,200,200,1,18,200,2,200,200
0,200,30,1,2,0,3,10,2,2,0,0,0,1,200,200,1,18,200,0,30,200
0,200,20,0,0,2,1,7,6,200,0,0,0,0,200,200,200,21,0,0,38,200
0,200,30,0,0,0,3,7,2,200,0,0,0,1,1,200,1,0,200,0,200,200
0,200,30,0,0,0,1,10,5,4,0,0,0,1,200,200,200,23,11,1,37,200
0,200,30,0,0,0,1,10,5,4,0,0,0,1,200,200,200,23,11,1,30,200
1,200,30,0,0,0,1,10,5,4,0,0,0,1,200,200,200,23,11,1,34,200
0,200,30,0,0,0,3,7,6,2,0,0,0,0,200,200,1,0,0,2,200,200
0,200,30,1,2,0,2,3,2,6,0,0,0,1,200,200,1,21,3,0,200,200
0,200,30,1,2,0,2,3,2,6,0,0,0,1,200,200,1,21,3,0,51,200
0,200,30,0,0,0,1,7,5,200,0,0,0,1,200,200,200,16,200,0,30,200
0,200,30,1,2,0,2,14,8,2,3,0,0,0,1,200,1,23,23,0,200,200
0,200,30,1,2,0,2,14,8,2,3,0,0,0,1,200,1,23,23,0,32,200
0,200,30,1,2,0,1,0,2,200,0,0,0,1,1,200,200,6,200,0,60,200
0,200,30,1,2,0,1,0,2,200,0,0,0,1,1,200,200,6,200,1,28,200
1,200,30,1,2,0,1,0,2,200,0,0,0,1,1,200,200,6,200,0,200,200
0,1,35,0,200,2,0,2,3,200,0,0,200,1,200,200,200,200,200,2,200,200
0,200,30,0,0,0,1,14,5,200,0,0,0,1,0,200,200,21,11,0,51,200
0,200,30,0,0,0,1,14,5,200,0,0,0,1,0,200,200,21,11,0,48,200
0,1,55,0,0,0,2,2,2,3,0,0,0,1,200,200,1,11,0,2,200,200
0,200,25,0,0,0,1,7,6,1,0,0,0,0,200,200,200,20,200,1,65,200
0,200,35,1,2,0,2,10,5,200,0,0,0,1,1,200,1,0,0,0,200,200
0,200,35,1,2,0,2,10,5,200,0,0,0,1,1,200,1,0,0,0,49,200
1,200,35,1,2,0,2,10,5,200,0,0,0,1,1,200,1,0,0,1,37,200
0,1,20,0,0,0,3,7,2,200,0,0,2,0,200,200,1,200,200,2,200,200
0,200,30,0,0,0,3,0,5,200,0,0,0,1,200,200,1,17,200,2,200,200
0,200,30,0,0,0,3,0,5,200,0,0,0,1,200,200,1,17,200,1,53,200
0,200,30,0,0,0,1,7,2,2,0,0,0,0,200,200,1,0,0,2,200,200
0,1,30,0,0,0,4,7,5,1,0,0,0,0,200,200,1,200,200,2,200,200
0,200,30,0,0,0,1,7,2,4,0,0,0,0,200,200,1,0,0,2,200,200
0,200,20,0,0,0,1,7,6,1,0,0,0,1,200,200,1,0,0,2,200,200
0,200,30,1,2,0,0,10,12,200,0,0,0,0,200,200,1,11,0,1,200,200
0,200,30,1,2,0,0,10,12,200,0,0,0,0,200,200,1,11,0,1,200,200
0,200,30,4,2,0,3,10,2,2,0,0,0,0,200,200,1,18,200,1,200,200
0,200,30,4,2,0,3,10,2,2,0,0,0,0,200,200,1,18,200,0,40,200
1,200,30,4,2,0,3,10,2,2,0,0,0,0,200,200,1,18,200,1,36,200