PERSON_TYPE,CRASH_DATE_EST_I,POSTED_SPEED_LIMIT,TRAFFIC_CONTROL_DEVICE,DEVICE_CONDITION,WEATHER_CONDITION,LIGHTING_CONDITION,FIRST_CRASH_TYPE,TRAFFICWAY_TYPE,LANE_CNT,ALIGNMENT,ROADWAY_SURFACE_COND,ROAD_DEFECT,CRASH_TYPE,INTERSECTION_RELATED_I,NOT_RIGHT_OF_WAY_I,HIT_AND_RUN_I,PRIM_CONTRIBUTORY_CAUSE,SEC_CONTRIBUTORY_CAUSE,SEX,AGE,BAC_RESULT VALUE
1,200,20,0,0,200,2,5,7,200,0,200,200,0,200,1,200,200,200,200,200,200
1,200,20,0,0,200,2,5,7,200,0,200,200,0,200,1,200,200,200,200,200,200
0,1,30,0,0,0,1,7,2,2,0,0,200,0,200,200,1,200,200,2,200,200
0,200,30,0,0,0,1,0,7,200,0,0,0,0,200,200,200,20,200,0,18,200
0,200,30,0,0,0,1,0,7,200,0,0,0,0,200,200,200,20,200,0,33,200
0,200,30,0,0,0,1,0,5,200,0,0,0,1,200,200,200,22,200,0,27,200
0,200,30,0,0,0,1,0,5,200,0,0,0,1,200,200,200,22,200,0,31,200
0,200,30,1,2,0,1,14,2,2,0,2,0,1,0,200,1,22,21,0,200,200
0,200,30,1,2,0,1,14,2,2,0,2,0,1,0,200,1,22,21,0,29,200
0,200,30,200,200,200,200,12,6,1,0,200,200,0,200,200,0,27,0,1,71,200
0,200,30,200,200,200,200,12,6,1,0,200,200,0,200,200,0,27,0,0,53,200
0,200,30,1,2,0,1,12,2,200,0,0,0,0,1,200,200,17,22,0,50,200
0,200,30,1,2,0,1,12,2,200,0,0,0,0,1,200,200,17,22,1,59,200
1,200,30,1,2,0,1,12,2,200,0,0,0,0,1,200,200,17,22,1,200,200
0,200,30,1,2,0,1,10,5,200,0,0,0,0,200,200,1,18,200,1,200,200
0,200,30,1,2,0,1,10,5,200,0,0,0,0,200,200,1,18,200,0,54,200
1,200,30,1,2,0,1,10,5,200,0,0,0,0,200,200,1,18,200,1,15,200
1,200,30,1,2,0,1,10,5,200,0,0,0,0,200,200,1,18,200,1,21,200
1,200,30,1,2,0,1,10,5,200,0,0,0,0,200,200,1,18,200,1,51,200
0,200,30,1,2,0,1,2,6,2,0,0,0,0,200,200,200,29,200,1,61,200
0,200,30,1,2,0,1,14,2,200,0,0,0,0,200,200,1,17,200,1,200,200
0,200,30,1,2,0,1,14,2,200,0,0,0,0,200,200,1,17,200,1,0,200
0,200,30,1,2,0,1,14,2,2,0,0,200,0,1,200,200,23,11,0,26,200
0,200,30,1,2,0,1,14,2,2,0,0,200,0,1,200,200,23,11,0,72,200
0,200,35,0,0,0,1,7,6,1,0,0,0,0,200,200,1,0,0,1,200,200
0,200,15,0,0,0,1,7,7,200,0,0,0,1,200,200,200,0,200,1,0,200
0,200,15,0,0,0,1,7,6,1,0,0,0,0,200,200,200,20,200,0,17,200
0,200,30,0,0,0,1,10,5,2,0,0,0,0,200,200,200,18,200,1,25,200
0,200,30,0,0,0,1,10,5,2,0,0,0,0,200,200,200,18,200,1,41,200
0,200,30,2,2,0,1,10,2,2,0,0,0,0,1,200,200,16,18,0,26,200
0,200,30,2,2,0,1,10,2,2,0,0,0,0,1,200,200,16,18,1,34,200
0,200,30,2,2,0,1,10,2,2,0,0,0,0,1,200,200,16,18,0,26,200
0,200,30,1,200,0,1,0,5,200,0,200,200,0,1,200,200,6,200,0,27,200
0,200,30,1,200,0,1,0,5,200,0,200,200,0,1,200,200,6,200,0,61,200
0,200,30,1,2,0,1,8,12,4,0,0,0,1,1,200,200,17,11,0,28,200
4,200,30,1,2,0,1,8,12,4,0,0,0,1,1,200,200,17,11,0,28,200
0,200,30,0,0,200,1,7,5,2,0,200,200,0,200,200,1,22,22,0,200,200
0,1,30,0,0,0,200,7,5,200,0,0,0,0,200,200,200,0,200,2,200,200
0,200,15,0,0,0,1,2,5,1,0,0,0,0,200,1,200,11,200,0,200,200
0,200,20,2,0,0,1,0,6,1,0,0,0,0,1,200,200,17,200,1,18,200
0,200,20,2,0,0,1,0,6,1,0,0,0,0,1,200,200,17,200,1,32,200
1,200,20,2,0,0,1,0,6,1,0,0,0,0,1,200,200,17,200,0,17,200
1,200,20,2,0,0,1,0,6,1,0,0,0,0,1,200,200,17,200,0,44,200
0,1,30,0,0,0,1,7,5,2,0,0,0,0,200,200,1,20,200,2,200,200
0,200,30,2,2,0,1,10,5,2,0,0,0,0,200,200,200,18,18,1,200,200
0,200,30,2,2,0,1,10,5,2,0,0,0,0,200,200,200,18,18,0,34,200
1,200,30,2,2,0,1,10,5,2,0,0,0,0,200,200,200,18,18,0,13,200
0,200,30,0,0,0,1,10,5,200,0,0,200,0,200,200,200,18,16,0,21,200
0,200,30,0,0,0,1,10,5,200,0,0,200,0,200,200,200,18,16,0,32,200
1,200,30,0,0,0,1,10,5,200,0,0,200,0,200,200,200,18,16,0,23,200
1,200,30,0,0,0,1,10,5,200,0,0,200,0,200,200,200,18,16,1,58,200
1,200,30,0,0,0,1,10,5,200,0,0,200,0,200,200,200,18,16,1,62,200
0,200,30,10,2,0,1,0,3,1,0,0,0,1,200,200,200,16,32,1,26,200
0,200,30,10,2,0,1,0,3,1,0,0,0,1,200,200,200,16,32,1,28,200
0,200,30,10,2,0,1,0,3,1,0,0,0,1,200,200,200,16,32,0,46,200
1,200,30,10,2,0,1,0,3,1,0,0,0,1,200,200,200,16,32,1,43,200
1,200,30,10,2,0,1,0,3,1,0,0,0,1,200,200,200,16,32,1,26,200
0,200,30,0,0,0,1,12,5,2,0,0,0,0,200,200,200,0,0,0,54,200
0,200,30,0,0,0,1,12,5,2,0,0,0,0,200,200,200,0,0,1,33,200
0,1,30,0,0,200,200,7,5,2,0,200,0,0,200,200,1,0,200,2,200,200
0,200,30,2,2,0,1,14,3,200,0,0,0,1,200,200,200,17,200,0,38,200
0,200,30,2,2,0,1,14,3,200,0,0,0,1,200,200,200,17,200,1,38,200
0,200,35,0,0,0,1,14,2,2,0,0,0,1,200,200,200,17,0,0,30,200
0,200,35,0,0,0,1,14,2,2,0,0,0,1,200,200,200,17,0,0,27,200
0,200,30,0,0,0,1,7,6,200,0,0,0,0,200,200,200,0,0,0,200,200
0,200,30,1,2,0,1,14,5,4,0,0,0,1,1,200,200,17,200,0,23,200
0,200,30,1,2,0,1,14,5,4,0,0,0,1,1,200,200,17,200,0,29,200
1,200,30,1,2,0,1,14,5,4,0,0,0,1,1,200,200,17,200,1,31,200
0,200,30,0,0,0,1,7,2,200,0,0,0,0,200,200,200,0,200,0,42,200
1,200,30,0,0,0,1,7,2,200,0,0,0,0,200,200,200,0,200,1,200,200
0,200,30,0,0,0,1,10,5,200,0,200,200,0,200,200,200,18,200,2,200,200
0,200,30,0,0,0,1,10,5,200,0,200,200,0,200,200,200,18,200,1,200,200
0,200,30,0,0,0,1,10,5,2,0,0,0,0,200,200,200,18,18,0,24,200
0,200,30,0,0,0,1,10,5,2,0,0,0,0,200,200,200,18,18,1,30,200
1,200,30,0,0,0,1,10,5,2,0,0,0,0,200,200,200,18,18,1,8,200
0,200,10,0,0,0,3,7,7,200,0,0,0,0,200,200,1,0,200,2,200,200
0,200,30,1,2,0,1,10,2,200,0,0,0,0,200,200,200,18,200,0,200,200
0,200,30,1,2,0,1,10,2,200,0,0,0,0,200,200,200,18,200,0,66,200
0,200,30,1,2,0,1,10,3,3,0,0,0,0,200,200,1,18,200,0,200,200
0,200,30,1,2,0,1,10,3,3,0,0,0,0,200,200,1,18,200,1,23,200
0,200,20,2,0,0,1,0,5,2,0,0,0,0,200,200,200,0,200,1,84,200
0,200,20,2,0,0,1,0,5,2,0,0,0,0,200,200,200,0,200,1,80,200
0,200,35,0,0,0,1,12,2,200,0,0,0,0,200,200,200,25,200,0,56,200
0,200,35,0,0,0,1,12,2,200,0,0,0,0,200,200,200,25,200,1,64,200
1,200,35,0,0,0,1,12,2,200,0,0,0,0,200,200,200,25,200,0,200,200
0,200,30,1,2,0,1,10,3,8,0,0,0,0,200,200,1,0,0,0,200,200
0,200,30,1,2,0,1,10,3,8,0,0,0,0,200,200,1,0,0,0,41,200
1,200,30,1,2,0,1,10,3,8,0,0,0,0,200,200,1,0,0,0,64,200
1,200,30,1,2,0,1,10,3,8,0,0,0,0,200,200,1,0,0,200,200,200
1,200,30,1,2,0,1,10,3,8,0,0,0,0,200,200,1,0,0,200,200,200
0,200,20,0,0,0,1,0,7,1,0,0,200,0,200,200,200,17,0,1,29,200
0,200,20,0,0,0,1,0,7,1,0,0,200,0,200,200,200,17,0,0,30,200
0,200,30,2,200,0,1,0,5,200,0,0,0,1,1,200,200,5,200,1,200,200
0,200,30,2,200,0,1,0,5,200,0,0,0,1,1,200,200,5,200,1,32,200
0,200,25,0,0,0,1,7,5,200,0,0,0,0,200,200,200,0,200,0,41,200
0,200,30,0,0,0,1,0,2,200,0,1,0,0,200,200,200,0,0,0,33,200
0,200,30,0,0,0,1,0,2,200,0,1,0,0,200,200,200,0,0,1,67,200
0,0,20,0,0,0,1,2,0,200,0,0,0,1,200,200,1,0,11,0,200,200
1,0,20,0,0,0,1,2,0,200,0,0,0,1,200,200,1,0,11,1,62,200
0,200,30,1,2,0,1,12,5,2,0,0,0,0,200,200,200,17,0,0,40,200
0,200,30,1,2,0,1,12,5,2,0,0,0,0,200,200,200,17,0,0,0,200
1,200,30,1,2,0,1,12,5,2,0,0,0,0,200,200,200,17,0,0,200,200
1,200,30,1,2,0,1,12,5,2,0,0,0,0,200,200,200,17,0,1,200,200
1,200,30,1,2,0,1,12,5,2,0,0,0,0,200,200,200,17,0,1,200,200
1,200,30,1,2,0,1,12,5,2,0,0,0,0,200,200,200,17,0,0,200,200
0,200,30,1,2,0,1,12,5,2,0,0,0,1,200,200,200,18,22,0,24,200
0,200,30,1,2,0,1,12,5,2,0,0,0,1,200,200,200,18,22,1,35,200
0,200,30,1,2,0,1,0,5,4,0,0,0,1,1,200,1,6,14,0,200,200
0,200,30,1,2,0,1,0,5,4,0,0,0,1,1,200,1,6,14,1,0,200
0,200,30,1,2,0,1,0,5,4,0,0,0,1,1,200,1,6,14,0,28,200
0,200,30,1,2,0,1,0,5,4,0,0,0,1,1,200,1,6,14,1,42,200
1,200,30,1,2,0,1,0,5,4,0,0,0,1,1,200,1,6,14,1,21,200
1,200,30,1,2,0,1,0,5,4,0,0,0,1,1,200,1,6,14,200,200,200
0,200,30,0,0,0,1,10,5,2,0,0,200,0,200,200,200,0,0,0,24,200
0,200,30,0,0,0,1,10,5,2,0,0,200,0,200,200,200,0,0,0,48,200
1,200,30,0,0,0,1,10,5,2,0,0,200,0,200,200,200,0,0,1,46,200
0,200,30,0,0,0,1,0,5,2,0,200,200,0,1,200,200,17,22,0,26,200
0,200,30,0,0,0,1,0,5,2,0,200,200,0,1,200,200,17,22,0,21,200
0,200,15,0,0,0,1,8,0,200,0,0,0,1,200,200,1,200,200,1,200,200
4,200,15,0,0,0,1,8,0,200,0,0,0,1,200,200,1,200,200,0,0,200
0,200,30,0,0,0,1,8,5,200,0,0,0,1,200,200,200,17,200,1,29,200
4,200,30,0,0,0,1,8,5,200,0,0,0,1,200,200,200,17,200,0,26,200
0,200,30,0,0,0,1,12,5,4,0,0,0,0,200,200,1,16,0,0,67,200
0,200,30,0,0,0,1,12,5,4,0,0,0,0,200,200,1,16,0,2,200,200
0,200,30,0,0,0,1,14,1,2,0,0,0,0,200,200,200,17,200,0,31,200
0,200,30,0,0,0,1,14,1,2,0,0,0,0,200,200,200,17,200,1,23,200
1,200,30,0,0,0,1,14,1,2,0,0,0,0,200,200,200,17,200,1,31,200
1,200,30,0,0,0,1,14,1,2,0,0,0,0,200,200,200,17,200,0,2,200
0,200,30,1,2,0,1,14,12,0,0,0,0,1,1,200,200,17,200,0,45,200
0,200,30,1,2,0,1,14,12,0,0,0,0,1,1,200,200,17,200,1,52,200
0,200,15,0,0,0,1,0,7,1,0,0,0,0,200,200,200,11,200,1,200,200
0,200,15,0,0,0,1,0,7,1,0,0,0,0,200,200,200,11,200,0,30,200
0,1,30,1,2,0,1,14,3,200,0,0,0,0,1,200,200,21,200,1,61,200
0,1,30,1,2,0,1,14,3,200,0,0,0,0,1,200,200,21,200,0,39,200
0,200,30,0,0,0,1,7,5,2,0,0,200,0,200,200,200,11,200,1,78,200
0,200,30,0,0,0,200,12,5,200,0,200,200,0,200,200,200,17,200,0,68,200
0,200,30,0,0,0,200,12,5,200,0,200,200,0,200,200,200,17,200,0,41,200
0,200,30,0,0,0,1,2,5,2,0,0,0,0,200,200,200,0,0,0,36,200
0,200,25,0,0,0,4,7,5,2,0,0,0,0,200,200,200,23,200,0,20,200
0,200,30,0,0,200,200,7,6,200,0,200,200,0,200,200,1,0,0,2,200,200
0,200,30,0,0,0,1,12,5,2,0,0,0,0,200,200,1,21,11,0,200,200
0,200,30,0,0,0,1,12,5,2,0,0,0,0,200,200,1,21,11,0,28,200
0,200,30,0,0,0,1,12,5,2,0,0,0,0,200,200,1,0,0,0,200,200
0,200,30,0,0,0,1,12,5,2,0,0,0,0,200,200,1,0,0,1,55,200
0,200,30,200,200,0,1,12,5,4,0,0,0,0,200,200,200,200,200,1,200,200
0,200,30,200,200,0,1,12,5,4,0,0,0,0,200,200,200,200,200,0,44,200
0,1,30,0,0,0,1,7,6,1,0,0,0,0,200,200,1,0,200,2,200,200
0,200,30,1,2,0,1,10,2,2,0,0,12,0,200,200,200,200,200,0,29,200
0,200,30,1,2,0,1,10,2,2,0,0,12,0,200,200,200,200,200,0,38,200
0,1,30,0,0,0,1,14,5,2,0,0,0,1,200,200,200,23,17,0,11,200
0,1,30,0,0,0,1,14,5,2,0,0,0,1,200,200,200,23,17,1,38,200
1,1,30,0,0,0,1,14,5,2,0,0,0,1,200,200,200,23,17,0,23,200
0,200,20,0,0,0,1,9,5,2,0,0,0,1,200,200,1,0,0,0,200,200
5,200,20,0,0,0,1,9,5,2,0,0,0,1,200,200,1,0,0,1,17,200
1,200,20,0,0,0,1,9,5,2,0,0,0,1,200,200,1,0,0,1,200,200
0,200,30,0,0,0,1,12,2,4,0,0,0,0,200,200,200,21,11,1,42,200
0,200,30,0,0,0,1,12,2,4,0,0,0,0,200,200,200,21,11,0,41,200
0,200,30,0,0,0,1,7,5,4,0,0,200,0,200,200,200,12,0,1,25,200
0,200,30,1,2,0,1,2,2,7,0,0,0,1,200,200,200,11,200,1,27,200
0,200,20,1,2,0,1,12,1,2,0,0,0,1,1,200,1,21,200,2,200,200
0,200,20,1,2,0,1,12,1,2,0,0,0,1,1,200,1,21,200,0,28,200
1,200,20,1,2,0,1,12,1,2,0,0,0,1,1,200,1,21,200,0,58,200
0,200,30,1,2,0,4,12,2,2,0,0,0,0,1,200,0,17,0,1,18,200
0,200,30,1,2,0,4,12,2,2,0,0,0,0,1,200,0,17,0,1,35,200
1,200,30,1,2,0,4,12,2,2,0,0,0,0,1,200,0,17,0,1,18,200
0,200,30,1,2,0,1,12,5,200,0,0,0,0,200,200,200,17,17,0,62,200
0,200,30,1,2,0,1,12,5,200,0,0,0,0,200,200,200,17,17,0,28,200
0,200,30,0,0,0,1,0,3,200,2,0,0,1,200,200,1,25,0,0,200,200
0,200,30,0,0,0,1,0,3,200,2,0,0,1,200,200,1,25,0,1,49,200
0,200,40,0,0,0,1,12,3,4,0,0,0,0,200,200,1,0,0,1,200,200
0,200,40,0,0,0,1,12,3,4,0,0,0,0,200,200,1,0,0,1,24,200
1,200,40,0,0,0,1,12,3,4,0,0,0,0,200,200,1,0,0,0,200,200
4,200,30,0,0,0,1,8,2,2,0,0,0,1,200,200,200,0,0,0,46,200
0,200,30,0,0,0,4,7,5,200,0,0,0,0,200,200,200,17,200,0,65,200
5,200,15,0,0,0,1,9,12,1,0,0,0,1,200,200,200,17,200,0,7,200
0,200,15,0,0,0,1,9,12,1,0,0,0,1,200,200,200,17,200,0,65,200
0,200,30,0,0,0,4,10,2,200,0,0,0,0,200,200,200,0,0,0,43,200
0,200,30,0,0,0,4,10,2,200,0,0,0,0,200,200,200,0,0,0,25,200
0,200,35,0,0,0,3,12,5,4,0,0,0,0,200,200,200,21,200,2,200,200
0,200,35,0,0,0,3,12,5,4,0,0,0,0,200,200,200,21,200,1,26,200
0,200,30,2,2,0,1,5,5,200,0,0,0,0,200,200,200,200,200,0,200,200
0,200,30,2,2,0,1,5,5,200,0,0,0,0,200,200,200,200,200,0,29,200
0,200,30,0,0,0,1,14,5,200,0,0,200,0,200,200,200,23,0,0,23,200
0,200,30,0,0,0,1,14,5,200,0,0,200,0,200,200,200,23,0,0,20,200
0,200,30,1,2,0,3,14,5,2,0,0,0,1,200,200,1,23,0,0,200,200
0,200,30,1,2,0,3,14,5,2,0,0,0,1,200,200,1,23,0,1,34,200
1,200,30,1,2,0,3,14,5,2,0,0,0,1,200,200,1,23,0,1,31,200
0,200,30,1,2,0,3,10,3,200,0,0,0,1,1,200,200,18,16,0,52,200
0,200,30,1,2,0,3,10,3,200,0,0,0,1,1,200,200,18,16,0,27,200
1,200,30,1,2,0,3,10,3,200,0,0,0,1,1,200,200,18,16,1,27,200
1,200,30,1,2,0,3,10,3,200,0,0,0,1,1,200,200,18,16,1,7,200
1,200,30,1,2,0,3,10,3,200,0,0,0,1,1,200,200,18,16,1,5,200
1,200,30,1,2,0,3,10,3,200,0,0,0,1,1,200,200,18,16,1,200,200
1,200,30,1,2,0,3,10,3,200,0,0,0,1,1,200,200,18,16,1,11,200
0,200,30,1,2,0,3,10,2,2,0,0,0,1,200,200,200,18,11,0,40,200
0,200,30,1,2,0,3,10,2,2,0,0,0,1,200,200,200,18,11,0,37,200
1,200,30,1,2,0,3,10,2,2,0,0,0,1,200,200,200,18,11,0,34,200
1,200,30,1,2,0,3,10,2,2,0,0,0,1,200,200,200,18,11,0,13,200
1,200,30,1,2,0,3,10,2,2,0,0,0,1,200,200,200,18,11,1,10,200
0,200,30,2,2,0,3,0,2,4,0,0,200,1,1,200,200,32,5,0,51,200
0,200,30,2,2,0,3,0,2,4,0,0,200,1,1,200,200,32,5,1,19,200
0,200,30,2,2,0,3,0,2,4,0,0,200,1,1,200,200,32,5,0,30,200
1,200,30,2,2,0,3,0,2,4,0,0,200,1,1,200,200,32,5,0,19,200
1,200,30,2,2,0,3,0,2,4,0,0,200,1,1,200,200,32,5,1,27,200
1,200,30,2,2,0,3,0,2,4,0,0,200,1,1,200,200,32,5,0,31,200
0,200,30,1,2,0,1,0,6,1,0,0,0,0,200,200,200,5,200,0,52,200
0,200,30,1,2,0,1,0,6,1,0,0,0,0,200,200,200,5,200,0,40,200
0,200,25,0,0,0,1,7,6,2,0,0,200,0,200,200,1,0,0,2,200,200
0,200,25,0,0,0,3,2,5,2,0,0,0,0,200,200,1,20,16,0,200,200
0,200,35,2,2,0,1,14,12,1,0,0,200,1,1,200,200,17,11,0,30,200
0,200,35,2,2,0,1,14,12,1,0,0,200,1,1,200,200,17,11,1,26,200
1,200,35,2,2,0,1,14,12,1,0,0,200,1,1,200,200,17,11,1,24,200
1,200,35,2,2,0,1,14,12,1,0,0,200,1,1,200,200,17,11,1,200,200
1,200,35,2,2,0,1,14,12,1,0,0,200,1,1,200,200,17,11,0,200,200
1,200,35,2,2,0,1,14,12,1,0,0,200,1,1,200,200,17,11,1,200,200
0,200,30,200,200,0,3,10,7,200,0,0,0,0,200,200,200,200,200,0,68,200
0,200,30,200,200,0,3,10,7,200,0,0,0,0,200,200,200,200,200,0,200,200
1,200,30,200,200,0,3,10,7,200,0,0,0,0,200,200,200,200,200,1,200,200
0,200,30,1,2,0,1,12,5,200,0,0,0,0,1,200,1,18,200,0,200,200
0,200,30,1,2,0,1,12,5,200,0,0,0,0,1,200,1,18,200,1,32,200
0,200,25,0,0,0,3,14,2,200,0,0,0,0,200,200,200,17,17,0,46,200
0,200,25,0,0,0,3,14,2,200,0,0,0,0,200,200,200,17,17,0,37,200
0,200,35,1,200,0,4,3,2,4,3,200,200,0,1,200,1,0,200,0,200,200
0,200,35,1,200,0,4,3,2,4,3,200,200,0,1,200,1,0,200,0,46,200
0,200,30,1,2,0,3,11,3,4,0,0,0,1,200,200,200,0,0,0,44,200
0,200,30,1,2,0,3,11,3,4,0,0,0,1,200,200,200,0,0,1,22,200
1,200,30,1,2,0,3,11,3,4,0,0,0,1,200,200,200,0,0,0,39,200
0,1,30,0,0,0,1,7,6,1,0,0,0,0,200,200,1,0,0,2,200,200
0,200,30,2,2,0,3,0,12,3,0,0,0,0,1,200,200,16,14,0,22,200
0,200,30,2,2,0,3,0,12,3,0,0,0,0,1,200,200,16,14,0,27,200
1,200,30,2,2,0,3,0,12,3,0,0,0,0,1,200,200,16,14,0,21,200
0,200,30,1,2,0,4,12,5,200,0,0,0,0,200,200,200,0,0,1,22,200
0,200,30,1,2,0,4,12,5,200,0,0,0,0,200,200,200,0,0,1,27,200
0,200,30,1,2,200,200,14,200,200,0,200,200,0,200,200,200,21,23,0,57,200
0,200,30,1,2,200,200,14,200,200,0,200,200,0,200,200,200,21,23,0,28,200
0,200,30,0,0,0,3,14,5,2,0,0,200,0,200,200,200,17,0,0,63,200
0,200,30,0,0,0,3,14,5,2,0,0,200,0,200,200,200,17,0,0,38,200
0,200,25,0,0,0,3,9,6,200,0,0,0,1,200,200,200,200,200,0,65,200
5,200,25,0,0,0,3,9,6,200,0,0,0,1,200,200,200,200,200,1,27,200
0,200,15,0,0,0,1,7,7,200,1,0,0,0,200,1,200,0,0,0,30,200
0,200,30,1,2,0,3,14,1,2,0,0,0,1,1,200,200,17,200,1,72,200
0,200,30,1,2,0,3,14,1,2,0,0,0,1,1,200,200,17,200,0,23,200
0,200,30,1,2,0,0,14,2,200,0,0,0,1,1,200,200,17,200,0,51,200
0,200,30,1,2,0,0,14,2,200,0,0,0,1,1,200,200,17,200,1,17,200
0,200,30,1,2,0,0,14,2,200,0,0,0,1,1,200,200,17,200,0,49,200
1,200,30,1,2,0,0,14,2,200,0,0,0,1,1,200,200,17,200,1,45,200
1,200,30,1,2,0,0,14,2,200,0,0,0,1,1,200,200,17,200,200,3,200
1,200,30,1,2,0,0,14,2,200,0,0,0,1,1,200,200,17,200,0,18,200
0,200,5,0,0,0,4,3,7,200,0,0,0,0,200,1,200,0,0,0,25,200
0,200,5,0,0,0,4,3,7,200,0,0,0,0,200,1,200,0,0,0,27,200
0,200,30,2,2,0,3,0,6,1,0,0,0,0,200,200,200,22,200,0,27,200
0,200,30,2,2,0,3,0,6,1,0,0,0,0,200,200,200,22,200,1,42,200
1,200,30,2,2,0,3,0,6,1,0,0,0,0,200,200,200,22,200,1,200,200
1,200,30,2,2,0,3,0,6,1,0,0,0,0,200,200,200,22,200,0,200,200
0,200,30,1,2,0,3,14,5,2,0,0,0,0,1,200,1,0,0,1,200,200
0,200,30,1,2,0,3,14,5,2,0,0,0,0,1,200,1,0,0,0,64,200
0,200,30,1,2,0,3,12,5,2,0,0,0,0,200,200,1,0,0,0,200,200
0,200,30,1,2,0,3,12,5,2,0,0,0,0,200,200,1,0,0,0,18,200
0,200,50,12,0,0,3,12,5,200,0,0,200,0,200,200,1,22,0,2,200,200
0,200,50,12,0,0,3,12,5,200,0,0,200,0,200,200,1,22,0,0,30,200
0,200,30,1,200,0,3,14,5,200,0,200,200,1,1,200,1,0,0,0,200,200
0,200,30,1,200,0,3,14,5,200,0,200,200,1,1,200,1,0,0,1,200,200
0,200,30,0,0,0,3,12,3,3,0,0,0,1,200,0,200,11,25,0,22,200
0,200,30,0,0,0,3,12,3,3,0,0,0,1,200,0,200,11,25,0,27,200
1,200,30,0,0,0,3,12,3,3,0,0,0,1,200,0,200,11,25,1,20,200
1,200,30,0,0,0,3,12,3,3,0,0,0,1,200,0,200,11,25,0,36,200
0,200,30,200,200,0,3,9,2,2,0,0,200,1,200,200,1,25,200,0,200,200
5,200,30,200,200,0,3,9,2,2,0,0,200,1,200,200,1,25,200,0,22,200
0,200,35,1,2,0,3,8,2,2,0,0,1,0,1,200,200,35,0,0,24,200
4,200,35,1,2,0,3,8,2,2,0,0,1,0,1,200,200,35,0,0,29,200
0,200,30,1,2,0,3,14,1,4,0,0,0,1,1,200,200,15,14,0,21,200
0,200,30,1,2,0,3,14,1,4,0,0,0,1,1,200,200,15,14,0,18,200
1,200,30,1,2,0,3,14,1,4,0,0,0,1,1,200,200,15,14,0,200,200
1,200,30,1,2,0,3,14,1,4,0,0,0,1,1,200,200,15,14,200,200,200
1,200,30,1,2,0,3,14,1,4,0,0,0,1,1,200,200,15,14,0,200,200
1,200,30,1,2,0,3,14,1,4,0,0,0,1,1,200,200,15,14,0,200,200
0,200,30,1,2,0,3,14,6,200,0,0,0,0,200,200,200,200,200,0,39,200
0,200,30,1,2,0,3,14,6,200,0,0,0,0,200,200,200,200,200,0,49,200
0,200,30,1,2,0,3,14,6,3,0,0,0,1,200,200,200,17,21,0,27,200
0,200,30,1,2,0,3,14,6,3,0,0,0,1,200,200,200,17,21,0,29,200
1,200,30,1,2,0,3,14,6,3,0,0,0,1,200,200,200,17,21,1,26,200
1,200,30,1,2,0,3,14,6,3,0,0,0,1,200,200,200,17,21,1,200,200
0,200,30,0,0,0,3,12,3,4,0,0,0,0,200,200,1,0,0,2,200,200
0,200,30,0,0,0,3,12,3,4,0,0,0,0,200,200,1,0,0,1,50,200
0,200,10,0,0,0,0,0,7,200,0,0,0,0,200,200,200,20,17,1,44,200
0,200,10,0,0,0,0,0,7,200,0,0,0,0,200,200,200,20,17,1,38,200
0,200,30,1,2,200,200,14,2,4,0,200,200,0,1,200,200,17,0,1,20,200
0,200,30,1,2,200,200,14,2,4,0,200,200,0,1,200,200,17,0,1,22,200
1,200,30,1,2,200,200,14,2,4,0,200,200,0,1,200,200,17,0,0,24,200
0,200,30,1,2,0,0,14,5,200,0,0,0,0,1,200,200,0,0,0,18,200
0,200,30,1,2,0,0,14,5,200,0,0,0,0,1,200,200,0,0,0,26,200
1,200,30,1,2,0,0,14,5,200,0,0,0,0,1,200,200,0,0,1,20,200
1,200,30,1,2,0,0,14,5,200,0,0,0,0,1,200,200,0,0,1,15,200
1,200,30,1,2,0,0,14,5,200,0,0,0,0,1,200,200,0,0,0,27,200
0,200,30,1,1,0,0,9,5,4,0,0,0,1,0,200,200,0,27,1,80,200
5,200,30,1,1,0,0,9,5,4,0,0,0,1,0,200,200,0,27,0,54,0.28
0,200,15,0,0,0,1,11,7,200,0,0,200,0,200,200,200,0,0,1,200,200
0,200,15,0,0,0,1,11,7,200,0,0,200,0,200,200,200,0,0,1,36,200
0,200,30,0,0,0,3,7,5,2,0,0,200,1,200,200,200,32,30,0,21,200
0,200,30,1,2,0,4,14,2,2,0,0,0,1,1,200,200,16,17,1,17,200
5,200,30,1,2,0,4,14,2,2,0,0,0,1,1,200,200,16,17,1,53,200
0,200,30,0,0,0,3,8,6,1,0,0,200,1,200,200,1,0,0,0,200,200
4,200,30,0,0,0,3,8,6,1,0,0,200,1,200,200,1,0,0,0,10,200
1,200,30,0,0,0,3,8,6,1,0,0,200,1,200,200,1,0,0,200,200,200
0,200,30,0,0,0,3,7,6,1,0,0,0,0,200,200,1,0,200,2,200,200
0,200,30,1,2,0,3,12,6,3,0,0,0,0,1,200,200,21,200,0,43,200
0,200,30,1,2,0,3,12,6,3,0,0,0,0,1,200,200,21,200,1,30,200
1,200,30,1,2,0,3,12,6,3,0,0,0,0,1,200,200,21,200,1,47,200
1,200,30,1,2,0,3,12,6,3,0,0,0,0,1,200,200,21,200,1,26,200