PERSON_TYPE,CRASH_DATE_EST_I,POSTED_SPEED_LIMIT,TRAFFIC_CONTROL_DEVICE,DEVICE_CONDITION,WEATHER_CONDITION,LIGHTING_CONDITION,FIRST_CRASH_TYPE,TRAFFICWAY_TYPE,LANE_CNT,ALIGNMENT,ROADWAY_SURFACE_COND,ROAD_DEFECT,CRASH_TYPE,INTERSECTION_RELATED_I,NOT_RIGHT_OF_WAY_I,HIT_AND_RUN_I,PRIM_CONTRIBUTORY_CAUSE,SEC_CONTRIBUTORY_CAUSE,SEX,AGE,BAC_RESULT VALUE
0,200,25,1,2,0,3,10,5,4,0,0,200,0,1,200,200,18,11,0,36,200
0,200,25,1,2,0,3,10,5,4,0,0,200,0,1,200,200,18,11,0,42,200
0,200,25,1,2,0,3,0,12,200,0,0,0,1,200,200,200,6,0,0,18,200
0,200,25,1,2,0,3,0,12,200,0,0,0,1,200,200,200,6,0,0,41,200
0,200,30,1,2,0,3,10,5,4,0,0,0,1,200,200,200,0,200,0,30,200
0,200,30,1,2,0,3,10,5,4,0,0,0,1,200,200,200,0,200,0,26,200
0,200,30,1,2,0,3,10,5,4,0,0,0,1,200,200,200,0,200,1,53,200
1,200,30,1,2,0,3,10,5,4,0,0,0,1,200,200,200,0,200,0,26,200
1,200,30,1,2,0,3,10,5,4,0,0,0,1,200,200,200,0,200,0,28,200
1,200,30,1,2,0,3,10,5,4,0,0,0,1,200,200,200,0,200,1,26,200
0,200,30,0,0,0,3,2,5,2,0,0,0,1,200,200,200,32,27,0,41,0.2
0,200,25,0,0,0,3,14,5,200,0,0,0,1,200,200,200,23,21,1,25,200
0,200,25,0,0,0,3,14,5,200,0,0,0,1,200,200,200,23,21,0,59,200
1,200,25,0,0,0,3,14,5,200,0,0,0,1,200,200,200,23,21,1,53,200
0,200,30,1,2,0,3,12,2,6,0,0,200,0,200,200,200,23,0,0,23,200
0,200,30,1,2,0,3,12,2,6,0,0,200,0,200,200,200,23,0,1,21,200
1,200,30,1,2,0,3,12,2,6,0,0,200,0,200,200,200,23,0,0,24,200
0,200,15,0,0,0,3,10,7,200,0,0,0,0,200,1,200,0,0,0,200,200
0,200,15,0,0,0,3,10,7,200,0,0,0,0,200,1,200,0,0,0,36,200
1,200,15,0,0,0,3,10,7,200,0,0,0,0,200,1,200,0,0,200,200,200
0,200,30,2,2,0,3,14,2,200,0,0,0,0,1,200,200,5,32,0,41,200
0,200,30,2,2,0,3,14,2,200,0,0,0,0,1,200,200,5,32,0,39,200
1,200,30,2,2,0,3,14,2,200,0,0,0,0,1,200,200,5,32,1,200,200
0,200,30,0,0,0,3,7,5,4,0,0,0,1,200,200,200,7,200,0,63,200
0,200,30,1,2,0,3,10,2,4,0,0,0,1,200,200,1,18,0,0,200,200
0,200,30,1,2,0,3,10,2,4,0,0,0,1,200,200,1,18,0,0,40,200
0,200,30,1,2,0,3,10,3,4,0,1,200,1,1,200,200,18,0,0,29,200
0,200,30,1,2,0,3,10,3,4,0,1,200,1,1,200,200,18,0,0,63,200
1,200,30,1,2,0,3,10,3,4,0,1,200,1,1,200,200,18,0,1,200,200
1,200,30,1,2,0,3,10,3,4,0,1,200,1,1,200,200,18,0,1,200,200
1,200,30,1,2,0,3,10,3,4,0,1,200,1,1,200,200,18,0,1,200,200
1,200,30,1,2,0,3,10,3,4,0,1,200,1,1,200,200,18,0,1,200,200
1,200,30,1,2,0,3,10,3,4,0,1,200,1,1,200,200,18,0,0,200,200
1,200,30,1,2,0,3,10,3,4,0,1,200,1,1,200,200,18,0,0,200,200
0,200,10,0,0,0,3,7,7,200,0,0,0,0,200,1,200,20,20,0,46,200
0,1,30,1,2,0,3,10,5,4,0,0,0,0,200,200,1,18,18,0,200,200
0,1,30,1,2,0,3,10,5,4,0,0,0,0,200,200,1,18,18,0,30,200
0,200,30,0,0,0,3,10,5,2,0,0,12,0,200,200,200,18,200,0,58,200
0,200,30,0,0,0,3,10,5,2,0,0,12,0,200,200,200,18,200,0,26,200
0,200,30,0,2,0,3,14,5,4,0,0,0,1,200,200,1,200,200,2,200,200
0,200,30,0,2,0,3,14,5,4,0,0,0,1,200,200,1,200,200,0,49,200
0,200,30,1,2,0,3,14,5,4,0,0,0,0,1,200,1,200,200,0,200,200
0,200,30,1,2,0,3,14,5,4,0,0,0,0,1,200,1,200,200,0,56,200
0,200,35,1,2,0,3,14,5,4,0,0,0,0,1,200,200,17,0,0,24,200
0,200,35,1,2,0,3,14,5,4,0,0,0,0,1,200,200,17,0,1,63,200
1,200,35,1,2,0,3,14,5,4,0,0,0,0,1,200,200,17,0,0,31,200
1,200,35,1,2,0,3,14,5,4,0,0,0,0,1,200,200,17,0,1,23,200
1,200,35,1,2,0,3,14,5,4,0,0,0,0,1,200,200,17,0,1,24,200
1,200,35,1,2,0,3,14,5,4,0,0,0,0,1,200,200,17,0,1,26,200
1,200,35,1,2,0,3,14,5,4,0,0,0,0,1,200,200,17,0,1,58,200
0,200,30,0,0,0,3,14,5,4,0,0,0,1,1,200,200,17,0,0,39,200
0,200,30,0,0,0,3,14,5,4,0,0,0,1,1,200,200,17,0,1,23,200
1,200,30,0,0,0,3,14,5,4,0,0,0,1,1,200,200,17,0,0,24,200
1,200,30,0,0,0,3,14,5,4,0,0,0,1,1,200,200,17,0,1,32,200
1,200,30,0,0,0,3,14,5,4,0,0,0,1,1,200,200,17,0,0,23,200
0,200,25,0,0,0,3,7,6,1,2,0,0,1,200,200,0,0,200,0,200,200
0,200,25,0,0,0,3,7,6,1,2,0,0,1,200,200,0,0,200,0,55,200
1,200,25,0,0,0,3,7,6,1,2,0,0,1,200,200,0,0,200,200,200,200
0,200,30,0,0,0,3,2,3,4,0,0,0,1,200,1,200,12,200,1,0,200
1,200,30,0,0,0,3,2,3,4,0,0,0,1,200,1,200,12,200,1,42,200
0,200,30,0,0,0,3,7,5,200,0,0,0,0,200,200,200,7,11,0,27,200
0,1,30,2,2,0,3,0,5,2,0,0,0,1,1,1,200,17,32,1,27,0.14
0,1,30,2,2,0,3,0,5,2,0,0,0,1,1,1,200,17,32,0,23,200
1,1,30,2,2,0,3,0,5,2,0,0,0,1,1,1,200,17,32,1,29,200
1,1,30,2,2,0,3,0,5,2,0,0,0,1,1,1,200,17,32,0,20,200
1,1,30,2,2,0,3,0,5,2,0,0,0,1,1,1,200,17,32,1,22,200
0,200,30,0,0,0,3,0,5,2,0,0,0,0,200,200,200,20,200,0,21,200
0,200,30,0,0,0,3,0,5,2,0,0,0,0,200,200,200,20,200,0,31,200
0,200,30,200,200,0,3,12,2,200,0,0,0,0,200,200,1,22,0,0,200,200
0,200,30,200,200,0,3,12,2,200,0,0,0,0,200,200,1,22,0,0,39,200
0,200,30,0,0,0,3,12,2,2,0,0,1,0,200,200,200,0,200,0,58,200
0,200,30,0,0,0,3,12,2,2,0,0,1,0,200,200,200,0,200,1,25,200
1,200,30,0,0,0,3,12,2,2,0,0,1,0,200,200,200,0,200,1,61,200
1,200,30,0,0,0,3,12,2,2,0,0,1,0,200,200,200,0,200,1,13,200
1,200,30,0,0,0,3,12,2,2,0,0,1,0,200,200,200,0,200,1,1,200
0,200,25,2,2,0,3,2,5,2,0,0,0,1,200,200,200,12,200,1,28,200
0,200,30,1,2,0,3,0,3,2,0,0,0,0,1,200,1,6,200,1,200,200
0,200,30,1,2,0,3,0,3,2,0,0,0,0,1,200,1,6,200,2,200,200
0,200,30,1,2,0,3,0,3,2,0,0,0,0,1,200,1,6,200,0,56,200
0,0,30,1,2,0,3,7,6,1,0,0,0,1,1,200,1,16,25,0,27,200
1,0,30,1,2,0,3,7,6,1,0,0,0,1,1,200,1,16,25,1,32,200
0,200,30,0,200,0,0,10,2,200,0,0,200,0,200,200,200,20,21,0,24,200
0,200,30,0,200,0,0,10,2,200,0,0,200,0,200,200,200,20,21,0,54,200
0,200,30,200,200,200,200,12,6,200,0,200,200,0,200,200,200,17,22,0,43,200
0,200,30,200,200,200,200,12,6,200,0,200,200,0,200,200,200,17,22,0,40,200
0,200,30,1,2,0,3,10,2,200,0,0,0,0,1,200,200,18,16,0,38,200
0,200,30,1,2,0,3,10,2,200,0,0,0,0,1,200,200,18,16,0,34,200
0,200,30,0,0,0,3,12,5,200,0,0,0,0,200,200,1,21,0,0,200,200
0,200,30,0,0,0,3,12,5,200,0,0,0,0,200,200,1,21,0,1,31,200
0,200,30,1,2,0,3,10,3,2,0,0,0,0,200,200,200,0,0,1,32,200
0,200,30,1,2,0,3,10,3,2,0,0,0,0,200,200,200,0,0,1,49,200
0,200,35,0,0,0,3,10,5,200,0,0,12,0,200,200,1,18,0,0,200,200
0,200,35,0,0,0,3,10,5,200,0,0,12,0,200,200,1,18,0,0,32,200
0,200,30,1,2,0,0,0,5,4,0,0,0,1,1,200,1,0,200,1,21,200
0,200,30,1,2,0,0,0,5,4,0,0,0,1,1,200,1,0,200,1,33,200
1,200,30,1,2,0,0,0,5,4,0,0,0,1,1,200,1,0,200,0,33,200
0,200,30,0,0,0,3,2,3,2,0,0,0,1,200,200,200,8,200,1,31,200
1,200,30,0,0,0,3,2,3,2,0,0,0,1,200,200,200,8,200,0,34,200
0,0,30,1,2,0,3,14,5,4,0,0,0,0,1,200,1,18,27,0,30,200
0,0,30,1,2,0,3,14,5,4,0,0,0,0,1,200,1,18,27,0,0,200
0,200,30,0,0,0,3,9,7,0,0,0,200,1,200,200,200,0,0,1,24,200
5,200,30,0,0,0,3,9,7,0,0,0,200,1,200,200,200,0,0,1,200,200
0,200,30,2,2,0,0,9,5,2,0,1,0,1,200,200,1,0,0,1,0,200
5,200,30,2,2,0,0,9,5,2,0,1,0,1,200,200,1,0,0,1,31,200
0,200,30,0,0,0,3,7,5,2,0,0,0,1,200,200,1,0,0,2,200,200
0,200,30,0,0,0,3,0,5,2,0,0,200,0,200,200,200,17,0,0,34,200
0,200,30,0,0,0,3,0,5,2,0,0,200,0,200,200,200,17,0,1,23,200
1,200,30,0,0,0,3,0,5,2,0,0,200,0,200,200,200,17,0,1,200,200
1,200,30,0,0,0,3,0,5,2,0,0,200,0,200,200,200,17,0,0,200,200
1,200,30,0,0,0,3,0,5,2,0,0,200,0,200,200,200,17,0,1,200,200
1,200,30,0,0,0,3,0,5,2,0,0,200,0,200,200,200,17,0,1,200,200
0,200,30,1,2,0,0,10,2,2,0,0,0,0,1,200,1,0,0,2,200,200
0,200,30,1,2,0,0,10,2,2,0,0,0,0,1,200,1,0,0,1,26,200
0,200,30,2,2,0,0,12,5,200,0,0,0,0,1,200,200,0,200,0,35,200
0,200,30,2,2,0,0,12,5,200,0,0,0,0,1,200,200,0,200,0,200,200
1,200,30,2,2,0,0,12,5,200,0,0,0,0,1,200,200,0,200,0,200,200
0,200,35,1,2,0,3,14,5,200,0,0,0,0,1,200,200,0,200,1,200,200
0,200,35,1,2,0,3,14,5,200,0,0,0,0,1,200,200,0,200,0,55,200
0,200,30,0,0,0,3,7,5,200,0,0,0,0,200,200,1,0,0,2,200,200
0,1,30,0,0,0,3,7,5,2,0,0,200,1,200,200,1,32,16,0,52,0.15
0,200,30,4,2,0,3,12,5,200,0,0,0,0,1,200,200,12,0,0,36,200
0,200,30,4,2,0,3,12,5,200,0,0,0,0,1,200,200,12,0,0,57,200
0,200,30,0,0,0,0,7,5,200,3,0,0,0,200,200,1,200,200,2,200,200
0,200,30,0,0,0,3,7,2,4,0,0,0,1,200,200,200,10,16,0,37,200
0,200,30,0,0,0,3,7,5,2,0,0,0,1,200,200,1,0,200,0,200,200
0,200,30,0,0,0,2,7,5,200,0,0,0,1,200,200,200,0,27,1,21,200
1,200,30,0,0,0,2,7,5,200,0,0,0,1,200,200,200,0,27,0,19,200
0,200,30,0,0,0,2,7,1,4,0,0,200,1,200,200,200,0,0,0,29,200
1,200,30,0,0,0,2,7,1,4,0,0,200,1,200,200,200,0,0,1,20,200
0,200,30,1,2,0,1,14,5,200,0,0,0,1,200,200,1,16,200,1,200,200
0,200,30,1,2,0,1,14,5,200,0,0,0,1,200,200,1,16,200,0,45,200
0,200,30,1,2,0,1,14,6,4,0,0,0,0,1,200,200,17,17,1,27,200
0,200,30,1,2,0,1,14,6,4,0,0,0,0,1,200,200,17,17,0,43,200
1,200,30,1,2,0,1,14,6,4,0,0,0,0,1,200,200,17,17,0,26,200
0,200,30,0,0,0,2,2,2,2,0,0,2,1,200,200,200,200,200,0,27,200
0,200,35,1,2,0,1,10,5,2,0,0,0,0,1,200,1,16,18,1,200,200
0,200,35,1,2,0,1,10,5,2,0,0,0,0,1,200,1,16,18,0,23,200
0,200,30,0,0,0,1,7,2,200,0,0,0,1,1,200,200,15,15,0,28,200
0,1,0,0,0,0,3,7,5,2,0,0,0,0,200,200,1,0,200,2,200,200
0,200,20,0,0,0,1,12,6,2,0,0,0,0,200,200,200,0,0,0,51,200
0,200,20,0,0,0,1,12,6,2,0,0,0,0,200,200,200,0,0,0,50,200
0,200,30,0,0,0,3,7,2,200,0,0,0,0,200,200,200,0,200,2,200,200
0,200,30,2,2,0,1,10,5,2,0,0,0,0,200,200,200,18,16,0,64,200
0,200,30,2,2,0,1,10,5,2,0,0,0,0,200,200,200,18,16,1,57,200
0,200,0,0,0,0,3,7,7,200,0,0,0,1,200,200,200,20,200,0,30,200
1,200,0,0,0,0,3,7,7,200,0,0,0,1,200,200,200,20,200,1,35,200
0,200,30,0,0,0,3,7,2,2,0,0,0,1,200,200,1,25,16,2,200,200
0,200,15,0,0,0,1,7,5,200,0,0,0,0,200,200,1,0,200,2,200,200
0,200,30,0,0,0,1,12,2,2,0,0,0,0,200,200,1,0,0,0,200,200
0,200,30,0,0,0,1,12,2,2,0,0,0,0,200,200,1,0,0,0,38,200
1,200,30,0,0,0,1,12,2,2,0,0,0,0,200,200,1,0,0,0,200,200
1,200,30,0,0,0,1,12,2,2,0,0,0,0,200,200,1,0,0,0,200,200
1,200,30,0,0,0,1,12,2,2,0,0,0,0,200,200,1,0,0,0,200,200
0,200,30,0,0,0,1,10,3,6,1,1,0,1,200,200,200,27,16,1,22,200
0,200,30,0,0,0,1,10,3,6,1,1,0,1,200,200,200,27,16,0,62,200
0,200,30,0,0,0,1,14,2,4,0,0,0,0,200,200,200,17,17,0,30,200
0,200,30,0,0,0,1,14,2,4,0,0,0,0,200,200,200,17,17,0,200,200
0,200,30,1,0,0,1,10,2,2,0,0,0,1,200,200,200,18,18,0,33,200
0,200,30,1,0,0,1,10,2,2,0,0,0,1,200,200,200,18,18,1,51,200
0,200,30,0,0,0,3,7,6,200,0,0,0,0,200,200,200,0,200,2,200,200
0,200,35,1,2,1,1,9,3,4,0,0,0,1,1,200,200,17,0,1,45,200
5,200,35,1,2,1,1,9,3,4,0,0,0,1,1,200,200,17,0,1,34,200
0,200,15,0,0,0,1,7,0,1,0,0,0,0,200,200,200,0,0,0,43,200
1,200,15,0,0,0,1,7,0,1,0,0,0,0,200,200,200,0,0,1,36,200
1,200,15,0,0,0,1,7,0,1,0,0,0,0,200,200,200,0,0,0,9,200
1,200,15,0,0,0,1,7,0,1,0,0,0,0,200,200,200,0,0,1,83,200
0,200,30,0,0,0,1,7,2,2,0,0,0,0,200,200,1,200,200,2,200,200
0,200,30,0,0,0,0,7,7,200,0,0,0,0,200,200,200,11,0,1,84,200
0,1,30,0,0,0,3,7,5,1,0,0,0,0,200,200,1,0,0,2,200,200
0,200,30,2,2,0,1,10,12,200,0,0,0,0,1,200,1,18,200,0,200,200
0,200,30,2,2,0,1,10,12,200,0,0,0,0,1,200,1,18,200,0,30,200
0,200,30,0,0,0,1,7,5,2,0,0,0,0,200,200,1,0,0,2,200,200
0,200,30,1,2,0,1,2,5,200,0,0,0,0,1,1,200,0,0,1,30,200
0,200,30,1,2,0,1,14,2,4,0,0,200,0,200,200,200,18,200,0,200,200
0,200,30,1,2,0,1,14,2,4,0,0,200,0,200,200,200,18,200,0,21,200
1,200,30,1,2,0,1,14,2,4,0,0,200,0,200,200,200,18,200,0,19,200
0,200,30,12,2,0,1,14,6,1,2,0,0,0,200,200,200,17,8,0,21,200
0,200,30,12,2,0,1,14,6,1,2,0,0,0,200,200,200,17,8,1,26,200
0,200,15,0,0,200,1,7,0,200,0,200,200,0,200,200,200,0,0,1,59,200
0,200,30,0,0,0,1,12,6,1,0,0,0,0,200,200,200,0,200,1,36,200
0,200,30,0,0,0,1,12,6,1,0,0,0,0,200,200,200,0,200,1,33,200
1,200,30,0,0,0,1,12,6,1,0,0,0,0,200,200,200,0,200,0,200,200
1,200,30,0,0,0,1,12,6,1,0,0,0,0,200,200,200,0,200,1,200,200
0,1,20,0,0,0,2,7,6,200,0,0,0,0,200,200,1,200,200,2,200,200
0,200,10,0,0,0,1,10,7,200,0,0,0,0,200,200,200,200,200,0,17,200
0,200,10,0,0,0,1,10,7,200,0,0,0,0,200,200,200,200,200,0,24,200
0,200,25,0,0,0,1,7,7,200,0,0,0,0,200,1,1,0,0,2,200,200
0,200,20,1,2,0,1,5,3,3,0,0,0,0,1,200,200,23,200,0,33,200
0,200,30,0,0,0,1,7,2,200,0,0,0,0,200,200,200,0,0,0,200,200
1,200,30,0,0,0,1,7,2,200,0,0,0,0,200,200,200,0,0,1,76,200
1,200,30,0,0,0,1,7,2,200,0,0,0,0,200,200,200,0,0,1,80,200
0,200,30,0,0,0,1,7,5,200,0,0,0,0,200,200,200,0,200,2,200,200
0,200,30,1,0,0,1,10,5,200,0,0,0,0,200,200,200,18,16,1,26,200
0,200,30,1,0,0,1,10,5,200,0,0,0,0,200,200,200,18,16,0,24,200
0,200,30,0,0,0,1,10,2,2,0,0,0,0,200,200,200,0,0,1,200,200
0,200,30,0,0,0,1,10,2,2,0,0,0,0,200,200,200,0,0,0,76,200
1,200,30,0,0,0,1,10,2,2,0,0,0,0,200,200,200,0,0,1,69,200
0,200,10,0,0,0,1,7,7,200,0,0,0,0,200,200,1,0,200,2,200,200
0,200,30,0,0,0,1,7,5,2,0,0,0,1,200,200,1,0,200,2,200,200
0,200,20,0,0,0,1,7,5,200,3,0,0,0,200,200,1,16,23,1,200,200
0,200,30,1,2,0,1,12,2,200,0,0,0,0,1,200,200,17,22,0,60,200
0,200,30,1,2,0,1,12,2,200,0,0,0,0,1,200,200,17,22,0,25,200
0,200,30,1,2,0,1,10,5,3,0,0,0,0,200,200,200,18,16,1,75,200
0,200,30,1,2,0,1,10,5,3,0,0,0,0,200,200,200,18,16,0,61,200
1,200,30,1,2,0,1,10,5,3,0,0,0,0,200,200,200,18,16,1,72,200
1,200,30,1,2,0,1,10,5,3,0,0,0,0,200,200,200,18,16,0,200,200
0,200,30,1,2,0,1,12,5,2,0,0,0,0,200,200,200,22,0,0,57,200
0,200,30,1,2,0,1,12,5,2,0,0,0,0,200,200,200,22,0,1,39,200
0,200,30,0,0,0,1,10,5,4,0,0,0,0,200,200,200,0,0,0,31,200
0,200,30,0,0,0,1,10,5,4,0,0,0,0,200,200,200,0,0,0,34,200
1,200,30,0,0,0,1,10,5,4,0,0,0,0,200,200,200,0,0,2,200,200
1,200,30,0,0,0,1,10,5,4,0,0,0,0,200,200,200,0,0,200,200,200
0,200,30,12,0,200,1,7,5,1,0,0,0,0,200,200,1,11,20,0,200,200
0,200,15,0,0,0,1,7,0,1,0,0,0,0,200,200,200,0,32,0,86,200
0,200,30,0,0,0,1,10,5,2,0,0,0,0,200,200,200,18,16,1,26,200
0,200,30,0,0,0,1,10,5,2,0,0,0,0,200,200,200,18,16,0,55,200
1,200,30,0,0,0,1,10,5,2,0,0,0,0,200,200,200,18,16,1,20,200
0,200,30,0,0,0,1,7,5,200,0,0,0,0,200,200,200,11,200,1,39,200
0,200,0,1,2,0,1,12,6,2,0,0,0,0,200,200,200,0,200,1,18,200
0,200,0,1,2,0,1,12,6,2,0,0,0,0,200,200,200,0,200,1,60,200
0,200,25,1,2,0,1,0,5,200,0,0,0,0,200,200,200,20,0,1,200,200
0,200,25,1,2,0,1,0,5,200,0,0,0,0,200,200,200,20,0,0,28,200
1,200,25,1,2,0,1,0,5,200,0,0,0,0,200,200,200,20,0,0,24,200
0,200,30,0,0,0,1,10,3,4,0,0,0,0,200,200,200,0,0,0,200,200
0,200,30,0,0,0,1,10,3,4,0,0,0,0,200,200,200,0,0,1,55,200
1,200,30,0,0,0,1,10,3,4,0,0,0,0,200,200,200,0,0,1,18,200
1,200,30,0,0,0,1,10,3,4,0,0,0,0,200,200,200,0,0,0,18,200
0,200,55,0,0,0,1,10,3,6,3,0,0,0,200,200,1,25,16,2,200,200
0,200,55,0,0,0,1,10,3,6,3,0,0,0,200,200,1,25,16,0,32,200
0,200,30,0,0,0,1,0,6,1,0,0,0,0,200,200,200,17,200,0,61,200
0,200,30,0,0,0,1,0,6,1,0,0,0,0,200,200,200,17,200,0,63,200
1,200,30,0,0,0,1,0,6,1,0,0,0,0,200,200,200,17,200,1,49,200
0,200,30,1,2,0,1,0,12,3,0,0,0,0,200,200,200,6,6,0,53,200
0,200,30,1,2,0,1,0,12,3,0,0,0,0,200,200,200,6,6,0,27,200
5,200,25,0,0,0,1,9,5,2,0,0,0,1,200,200,1,5,5,0,27,200
0,200,25,0,0,0,1,9,5,2,0,0,0,1,200,200,1,5,5,2,200,200
0,200,30,0,0,0,1,7,6,200,0,0,0,0,200,200,200,0,200,2,200,200
0,200,30,1,2,0,1,12,5,3,0,0,0,0,200,200,1,0,0,0,200,200
0,200,30,1,2,0,1,12,5,3,0,0,0,0,200,200,1,0,0,1,33,200
1,200,30,1,2,0,1,12,5,3,0,0,0,0,200,200,1,0,0,1,200,200
1,200,30,1,2,0,1,12,5,3,0,0,0,0,200,200,1,0,0,2,200,200
1,200,30,1,2,0,1,12,5,3,0,0,0,0,200,200,1,0,0,2,200,200
0,200,15,0,0,0,3,5,0,1,0,0,0,0,200,1,1,20,0,2,200,200
0,200,30,0,0,0,1,14,5,2,0,0,0,0,200,200,200,0,0,1,78,200
0,200,30,0,0,0,1,14,5,2,0,0,0,0,200,200,200,0,0,1,34,200
0,200,30,1,200,0,3,0,5,200,0,0,200,0,1,200,200,200,200,1,30,200
0,200,30,1,200,0,3,0,5,200,0,0,200,0,1,200,200,200,200,1,21,200
0,200,30,0,0,0,1,14,5,2,0,0,0,0,1,200,200,17,16,0,200,200
0,200,30,0,0,0,1,14,5,2,0,0,0,0,1,200,200,17,16,0,200,200
0,200,30,0,0,0,1,7,6,2,0,0,0,0,200,200,1,0,200,2,200,200
0,200,30,2,2,0,3,0,5,200,0,0,0,0,200,200,1,5,16,0,200,200
0,200,30,2,2,0,3,0,5,200,0,0,0,0,200,200,1,5,16,1,22,200
1,200,30,2,2,0,3,0,5,200,0,0,0,0,200,200,1,5,16,1,200,200
1,200,30,2,2,0,3,0,5,200,0,0,0,0,200,200,1,5,16,0,200,200
1,200,30,2,2,0,3,0,5,200,0,0,0,0,200,200,1,5,16,0,200,200
0,200,30,0,0,0,1,2,2,4,0,0,0,0,200,200,200,11,200,0,37,200
1,200,30,0,0,0,1,2,2,4,0,0,0,0,200,200,200,11,200,0,200,200
0,200,20,0,0,0,1,7,6,1,0,0,0,1,200,200,1,0,10,0,200,200
4,200,35,2,0,0,1,8,6,1,0,0,0,1,1,200,200,10,0,0,13,200
0,200,35,2,0,0,1,8,6,1,0,0,0,1,1,200,200,10,0,0,37,200
2,200,30,1,2,0,1,5,5,2,0,0,0,0,200,200,200,200,200,200,200,200
0,200,30,1,2,0,1,5,5,2,0,0,0,0,200,200,200,200,200,0,200,200
0,200,10,0,0,0,1,7,7,200,0,0,0,0,200,200,0,0,200,0,200,200
0,200,30,0,0,0,1,8,5,2,0,0,0,1,200,200,200,14,200,0,25,200
4,200,30,0,0,0,1,8,5,2,0,0,0,1,200,200,200,14,200,0,25,200
0,200,30,0,0,0,1,7,7,200,0,0,0,0,200,200,1,200,200,2,200,200
0,200,30,1,2,0,1,14,5,4,0,0,0,0,1,200,200,0,0,0,200,200
0,200,30,1,2,0,1,14,5,4,0,0,0,0,1,200,200,0,0,0,200,200
1,200,30,1,2,0,1,14,5,4,0,0,0,0,1,200,200,0,0,1,200,200
1,200,30,1,2,0,1,14,5,4,0,0,0,0,1,200,200,0,0,1,200,200
0,200,35,0,0,0,1,12,2,200,0,0,0,0,200,200,1,21,21,0,200,200
0,200,35,0,0,0,1,12,2,200,0,0,0,0,200,200,1,21,21,0,26,200
0,200,30,2,2,0,1,14,5,200,0,0,0,0,200,200,1,17,200,1,200,200
0,200,30,2,2,0,1,14,5,200,0,0,0,0,200,200,1,17,200,0,42,200
0,200,30,1,2,0,1,10,2,200,0,0,0,0,200,200,200,0,200,1,65,200
0,200,30,1,2,0,1,10,2,200,0,0,0,0,200,200,200,0,200,1,20,200
1,200,30,1,2,0,1,10,2,200,0,0,0,0,200,200,200,0,200,0,14,200
1,200,30,1,2,0,1,10,2,200,0,0,0,0,200,200,200,0,200,1,16,200
0,200,30,12,0,0,1,12,12,2,0,0,0,0,200,200,1,18,16,0,200,200
0,200,30,12,0,0,1,12,12,2,0,0,0,0,200,200,1,18,16,0,55,200
0,200,30,1,2,0,1,14,2,2,0,0,0,0,1,200,200,17,200,1,25,200
0,200,30,1,2,0,1,14,2,2,0,0,0,0,1,200,200,17,200,1,61,200
0,200,0,0,0,0,1,7,200,200,0,200,200,0,200,200,1,0,200,0,200,200
0,200,30,1,2,0,1,10,2,2,0,0,0,0,200,200,200,18,0,1,21,200
0,200,30,1,2,0,1,10,2,2,0,0,0,0,200,200,200,18,0,0,63,200
0,200,35,1,2,0,3,0,3,8,0,0,0,0,200,200,1,17,0,2,200,200
0,200,35,1,2,0,3,0,3,8,0,0,0,0,200,200,1,17,0,0,34,200
0,200,30,0,0,0,1,7,2,200,0,0,0,0,200,200,200,0,200,2,200,200
0,1,30,0,0,200,200,7,6,1,0,200,0,0,200,200,1,0,0,2,200,200
0,200,0,0,0,0,1,7,7,200,0,200,200,0,200,200,200,0,200,1,21,200
1,200,0,0,0,0,1,7,7,200,0,200,200,0,200,200,200,0,200,1,40,200
0,1,25,0,0,200,200,7,2,200,0,0,0,0,200,200,1,0,0,2,200,200
0,200,30,0,0,0,3,14,5,2,0,0,0,0,1,200,1,17,200,2,200,200
0,200,30,0,0,0,3,14,5,2,0,0,0,0,1,200,1,17,200,1,200,200
0,200,30,0,3,0,1,10,2,200,0,0,0,0,200,200,200,16,16,0,20,200
0,200,30,0,3,0,1,10,2,200,0,0,0,0,200,200,200,16,16,0,21,200
0,200,25,0,0,0,1,12,6,200,0,0,0,1,1,200,200,17,33,1,23,200
0,200,25,0,0,0,1,12,6,200,0,0,0,1,1,200,200,17,33,1,63,200
0,200,15,0,0,0,1,7,7,200,0,0,0,0,200,200,200,20,16,1,67,200
1,200,15,0,0,0,1,7,7,200,0,0,0,0,200,200,200,20,16,0,200,200
1,200,15,0,0,0,1,7,7,200,0,0,0,0,200,200,200,20,16,0,200,200
0,200,15,0,0,0,1,10,6,1,0,0,0,0,200,200,200,20,0,0,200,200
0,200,15,0,0,0,1,10,6,1,0,0,0,0,200,200,200,20,0,0,23,200
0,200,30,1,2,0,1,0,1,4,0,0,0,1,1,1,200,17,14,0,32,200
0,200,30,1,2,0,1,0,1,4,0,0,0,1,1,1,200,17,14,1,200,200
1,200,30,1,2,0,1,0,1,4,0,0,0,1,1,1,200,17,14,0,55,200
1,200,30,1,2,0,1,0,1,4,0,0,0,1,1,1,200,17,14,200,23,200
1,200,30,1,2,0,1,0,1,4,0,0,0,1,1,1,200,17,14,1,22,200
1,200,30,1,2,0,1,0,1,4,0,0,0,1,1,1,200,17,14,0,19,200
1,200,30,1,2,0,1,0,1,4,0,0,0,1,1,1,200,17,14,200,200,200
1,200,30,1,2,0,1,0,1,4,0,0,0,1,1,1,200,17,14,200,200,200
1,200,30,1,2,0,1,0,1,4,0,0,0,1,1,1,200,17,14,200,200,200
1,200,30,1,2,0,1,0,1,4,0,0,0,1,1,1,200,17,14,200,200,200
1,200,30,1,2,0,1,0,1,4,0,0,0,1,1,1,200,17,14,200,200,200
1,200,30,1,2,0,1,0,1,4,0,0,0,1,1,1,200,17,14,200,200,200