PERSON_TYPE,CRASH_DATE_EST_I,POSTED_SPEED_LIMIT,TRAFFIC_CONTROL_DEVICE,DEVICE_CONDITION,WEATHER_CONDITION,LIGHTING_CONDITION,FIRST_CRASH_TYPE,TRAFFICWAY_TYPE,LANE_CNT,ALIGNMENT,ROADWAY_SURFACE_COND,ROAD_DEFECT,CRASH_TYPE,INTERSECTION_RELATED_I,NOT_RIGHT_OF_WAY_I,HIT_AND_RUN_I,PRIM_CONTRIBUTORY_CAUSE,SEC_CONTRIBUTORY_CAUSE,SEX,AGE,BAC_RESULT VALUE
1,200,30,1,2,0,1,0,1,4,0,0,0,1,1,1,200,17,14,200,200,200
1,200,30,1,2,0,1,0,1,4,0,0,0,1,1,1,200,17,14,200,200,200
1,200,30,1,2,0,1,0,1,4,0,0,0,1,1,1,200,17,14,200,200,200
1,200,30,1,2,0,1,0,1,4,0,0,0,1,1,1,200,17,14,200,200,200
1,200,30,1,2,0,1,0,1,4,0,0,0,1,1,1,200,17,14,200,200,200
1,200,30,1,2,0,1,0,1,4,0,0,0,1,1,1,200,17,14,200,200,200
0,200,25,0,0,0,1,12,3,4,0,0,0,0,200,200,200,0,200,2,200,200
0,200,25,0,0,0,1,12,3,4,0,0,0,0,200,200,200,0,200,0,78,200
1,200,25,0,0,0,1,12,3,4,0,0,0,0,200,200,200,0,200,1,66,200
0,200,10,0,0,0,0,7,7,200,0,200,200,0,200,200,200,20,20,1,200,200
1,200,10,0,0,0,0,7,7,200,0,200,200,0,200,200,200,20,20,0,37,200
1,200,10,0,0,0,0,7,7,200,0,200,200,0,200,200,200,20,20,1,200,200
1,200,5,0,0,0,1,7,7,200,0,0,200,0,200,1,1,20,20,0,18,200
0,200,5,0,0,0,1,7,7,200,0,0,200,0,200,1,1,20,20,2,200,200
1,200,5,0,0,0,1,7,7,200,0,0,200,0,200,1,1,20,20,1,200,200
1,200,30,2,200,0,1,3,5,200,0,200,200,0,1,200,1,0,200,1,26,200
0,200,30,2,200,0,1,3,5,200,0,200,200,0,1,200,1,0,200,2,200,200
0,200,30,2,200,0,1,3,5,200,0,200,200,0,1,200,1,0,200,0,30,200
1,200,30,2,200,0,1,3,5,200,0,200,200,0,1,200,1,0,200,1,2,200
0,200,30,1,2,0,1,12,2,2,0,0,0,0,200,200,200,22,0,0,32,200
0,200,30,1,2,0,1,12,2,2,0,0,0,0,200,200,200,22,0,0,26,200
0,200,30,0,0,0,1,7,5,2,0,200,200,0,200,200,1,22,22,1,200,200
0,200,30,0,0,0,1,10,2,200,0,0,0,1,200,200,200,16,200,0,29,200
0,200,30,0,0,0,1,10,2,200,0,0,0,1,200,200,200,16,200,1,25,200
1,200,30,0,0,0,1,10,2,200,0,0,0,1,200,200,200,16,200,0,25,200
1,200,30,0,0,0,1,10,2,200,0,0,0,1,200,200,200,16,200,1,2,200
0,200,15,0,0,0,1,3,7,200,0,0,0,0,200,0,200,200,200,0,24,200
0,200,15,0,0,0,1,3,7,200,0,0,0,0,200,0,200,200,200,1,38,200
1,200,15,0,0,0,1,3,7,200,0,0,0,0,200,0,200,200,200,1,59,200
0,200,30,1,2,0,3,11,5,200,0,0,0,0,200,200,1,22,200,1,200,200
0,200,30,1,2,0,3,11,5,200,0,0,0,0,200,200,1,22,200,1,0,200
1,200,30,1,2,0,3,11,5,200,0,0,0,0,200,200,1,22,200,0,20,200
0,200,0,0,0,0,1,12,7,200,0,0,0,0,200,200,200,20,25,0,60,200
0,200,0,0,0,0,1,12,7,200,0,0,0,0,200,200,200,20,25,1,31,200
0,200,0,0,0,0,1,12,7,200,0,0,0,0,200,200,200,20,25,0,30,200
0,200,35,0,0,0,1,11,5,4,0,0,0,1,200,200,200,27,0,0,60,200
0,200,35,0,0,0,1,11,5,4,0,0,0,1,200,200,200,27,0,0,52,200
0,200,35,0,0,0,1,11,5,4,0,0,0,1,200,200,200,27,0,0,45,200
1,200,35,0,0,0,1,11,5,4,0,0,0,1,200,200,200,27,0,1,200,200
1,200,35,0,0,0,1,11,5,4,0,0,0,1,200,200,200,27,0,1,71,200
1,200,35,0,0,0,1,11,5,4,0,0,0,1,200,200,200,27,0,0,13,200
1,200,35,0,0,0,1,11,5,4,0,0,0,1,200,200,200,27,0,1,43,200
1,200,35,0,0,0,1,11,5,4,0,0,0,1,200,200,200,27,0,0,10,200
0,200,35,0,0,0,1,12,3,2,0,0,0,0,200,200,1,18,11,0,200,200
0,200,35,0,0,0,1,12,3,2,0,0,0,0,200,200,1,18,11,1,36,200
0,200,15,0,0,0,1,7,5,2,0,0,0,0,200,200,200,20,11,0,17,200
4,200,30,0,0,0,1,8,5,2,0,0,0,1,200,200,200,11,0,0,20,200
0,200,30,1,2,0,1,10,2,2,0,0,0,0,200,200,200,18,0,0,27,200
0,200,30,1,2,0,1,10,2,2,0,0,0,0,200,200,200,18,0,1,31,200
0,200,30,200,200,0,1,7,5,200,0,0,0,0,200,200,1,200,200,2,200,200
0,200,30,0,0,0,1,10,3,2,0,0,0,0,200,200,200,18,200,1,65,200
0,200,30,0,0,0,1,10,3,2,0,0,0,0,200,200,200,18,200,0,23,200
0,200,30,0,0,0,1,10,3,2,0,0,0,0,200,200,200,18,200,0,62,200
1,200,30,0,0,0,1,10,3,2,0,0,0,0,200,200,200,18,200,1,22,200
1,200,30,0,0,0,1,10,3,2,0,0,0,0,200,200,200,18,200,1,23,200
0,200,30,0,0,0,1,14,5,200,0,0,0,0,200,200,200,17,0,0,48,200
0,200,30,0,0,0,1,14,5,200,0,0,0,0,200,200,200,17,0,0,37,200
0,200,10,0,0,0,1,0,7,2,0,0,0,0,200,200,200,0,0,1,26,200
0,200,10,0,0,0,1,0,7,2,0,0,0,0,200,200,200,0,0,0,56,200
0,200,30,2,0,0,1,14,6,4,0,0,0,0,1,200,200,7,200,0,54,200
0,200,30,2,0,0,1,14,6,4,0,0,0,0,1,200,200,7,200,0,40,200
0,200,30,0,0,0,0,7,6,200,0,0,0,0,200,200,200,0,0,0,200,200
0,200,30,0,0,0,1,3,2,4,0,0,0,1,200,200,200,11,27,0,59,200
0,200,30,0,0,0,1,3,2,4,0,0,0,1,200,200,200,11,27,0,28,200
1,200,30,0,0,0,1,3,2,4,0,0,0,1,200,200,200,11,27,1,46,200
1,200,30,0,0,0,1,3,2,4,0,0,0,1,200,200,200,11,27,1,89,200
0,200,30,0,0,0,1,10,5,2,0,0,0,0,200,200,200,7,200,1,26,200
0,200,30,0,0,0,1,10,5,2,0,0,0,0,200,200,200,7,200,0,32,200
0,200,30,0,0,0,1,10,5,2,0,0,0,0,200,200,200,7,200,0,26,200
1,200,30,0,0,0,1,10,5,2,0,0,0,0,200,200,200,7,200,0,24,200
0,200,30,1,2,0,1,10,5,200,0,0,12,0,200,200,200,22,18,1,47,200
0,200,30,1,2,0,1,10,5,200,0,0,12,0,200,200,200,22,18,1,63,200
1,200,30,1,2,0,1,10,5,200,0,0,12,0,200,200,200,22,18,1,71,200
0,200,30,200,200,200,200,12,7,0,0,200,200,0,200,200,200,200,200,1,200,200
0,200,30,200,200,200,200,12,7,0,0,200,200,0,200,200,200,200,200,0,18,200
1,200,30,200,200,200,200,12,7,0,0,200,200,0,200,200,200,200,200,0,200,200
0,200,30,0,0,0,1,0,2,4,0,0,0,1,200,200,1,20,23,0,200,200
0,200,30,0,0,0,1,0,2,4,0,0,0,1,200,200,1,20,23,0,35,200
0,200,25,1,2,0,1,10,2,200,0,0,0,0,200,200,200,0,0,0,63,200
0,200,25,1,2,0,1,10,2,200,0,0,0,0,200,200,200,0,0,0,200,200
0,200,30,2,2,0,1,0,5,200,0,0,0,0,200,200,1,5,16,0,200,200
0,200,30,2,2,0,1,0,5,200,0,0,0,0,200,200,1,5,16,0,70,200
0,200,35,0,0,0,1,12,2,2,0,0,0,0,200,200,200,16,22,0,36,200
0,200,35,0,0,0,1,12,2,2,0,0,0,0,200,200,200,16,22,0,62,200
1,200,35,0,0,0,1,12,2,2,0,0,0,0,200,200,200,16,22,1,17,200
1,200,35,0,0,0,1,12,2,2,0,0,0,0,200,200,200,16,22,1,23,200
1,200,35,0,0,0,1,12,2,2,0,0,0,0,200,200,200,16,22,0,58,200
1,200,35,0,0,0,1,12,2,2,0,0,0,0,200,200,200,16,22,0,30,200
0,200,30,1,2,0,1,0,12,3,0,0,0,1,200,200,200,200,200,1,26,200
0,200,30,1,2,0,1,0,12,3,0,0,0,1,200,200,200,200,200,1,31,200
1,200,30,1,2,0,1,0,12,3,0,0,0,1,200,200,200,200,200,1,26,200
0,200,30,0,0,0,1,3,5,200,0,0,0,0,200,200,200,20,0,1,20,200
0,200,30,0,0,0,1,3,5,200,0,0,0,0,200,200,200,20,0,1,65,200
0,200,30,1,2,0,1,10,5,200,0,0,0,0,200,200,200,18,16,0,26,200
0,200,30,1,2,0,1,10,5,200,0,0,0,0,200,200,200,18,16,1,37,200
1,200,30,1,2,0,1,10,5,200,0,0,0,0,200,200,200,18,16,0,200,200
1,200,30,1,2,0,1,10,5,200,0,0,0,0,200,200,200,18,16,0,200,200
0,200,30,1,2,0,1,10,5,3,0,200,200,0,1,200,200,18,18,0,24,200
0,200,30,1,2,0,1,10,5,3,0,200,200,0,1,200,200,18,18,0,44,200
1,200,30,1,2,0,1,10,5,3,0,200,200,0,1,200,200,18,18,0,200,200
1,200,30,1,2,0,1,10,5,3,0,200,200,0,1,200,200,18,18,1,200,200
0,200,30,200,200,0,1,12,5,2,0,0,0,0,200,200,200,200,200,1,200,200
0,200,30,200,200,0,1,12,5,2,0,0,0,0,200,200,200,200,200,0,23,200
1,200,30,200,200,0,1,12,5,2,0,0,0,0,200,200,200,200,200,1,61,200
0,200,30,1,2,0,1,14,2,200,0,0,0,0,200,200,1,0,0,0,200,200
0,200,30,1,2,0,1,14,2,200,0,0,0,0,200,200,1,0,0,0,30,200
0,200,30,0,0,0,1,12,6,200,0,0,0,1,200,200,200,22,200,0,50,200
0,200,30,0,0,0,1,12,6,200,0,0,0,1,200,200,200,22,200,0,54,200
1,200,30,0,0,0,1,12,6,200,0,0,0,1,200,200,200,22,200,1,54,200
1,200,30,0,0,0,1,12,6,200,0,0,0,1,200,200,200,22,200,1,23,200
1,200,30,0,0,0,1,12,6,200,0,0,0,1,200,200,200,22,200,1,22,200
0,200,15,0,0,0,1,7,5,2,0,0,0,0,200,1,1,0,200,2,200,200
0,200,30,0,0,0,1,10,2,2,0,0,0,0,1,200,200,0,200,2,200,200
0,200,30,0,0,0,1,10,2,2,0,0,0,0,1,200,200,0,200,1,34,200
0,200,30,0,0,0,1,10,2,2,0,0,0,0,1,200,200,0,200,0,58,200
0,200,30,1,2,0,1,10,2,2,0,0,0,0,200,200,200,18,0,0,200,200
0,200,30,1,2,0,1,10,2,2,0,0,0,0,200,200,200,18,0,1,28,200
1,200,30,1,2,0,1,10,2,2,0,0,0,0,200,200,200,18,0,0,200,200
0,200,30,0,0,0,1,7,5,200,0,0,0,0,200,200,200,200,200,1,17,200
0,200,20,0,0,0,1,8,0,1,0,0,0,0,200,200,200,33,33,1,47,200
4,200,20,0,0,0,1,8,0,1,0,0,0,0,200,200,200,33,33,0,62,200
0,200,30,200,200,200,200,10,5,200,0,0,0,0,200,200,200,0,200,0,24,200
0,200,30,200,200,200,200,10,5,200,0,0,0,0,200,200,200,0,200,1,44,200
0,200,30,0,0,0,1,7,2,200,0,0,0,0,200,200,200,11,200,1,23,200
0,200,30,1,2,0,1,10,5,200,0,0,0,1,200,200,200,18,200,1,200,200
0,200,30,1,2,0,1,10,5,200,0,0,0,1,200,200,200,18,200,1,41,200
1,200,30,1,2,0,1,10,5,200,0,0,0,1,200,200,200,18,200,0,0,200
0,200,30,1,2,0,1,10,5,2,0,0,0,0,0,200,200,18,200,1,40,200
0,200,30,1,2,0,1,10,5,2,0,0,0,0,0,200,200,18,200,0,38,200
1,200,30,1,2,0,1,10,5,2,0,0,0,0,0,200,200,18,200,0,7,200
1,200,30,1,2,0,1,10,5,2,0,0,0,0,0,200,200,18,200,0,5,200
1,200,30,1,2,0,1,10,5,2,0,0,0,0,0,200,200,18,200,0,47,200
0,200,30,0,0,0,1,12,5,200,0,0,0,0,200,200,200,0,0,0,41,200
0,200,30,0,0,0,1,12,5,200,0,0,0,0,200,200,200,0,0,1,26,200
0,1,30,0,0,0,1,7,5,2,0,0,0,0,200,200,1,14,0,2,200,200
0,200,5,0,0,0,1,7,7,200,0,0,0,0,200,200,1,20,200,1,200,200
1,200,5,0,0,0,1,7,7,200,0,0,0,0,200,200,1,20,200,1,34,200
0,200,30,2,2,0,1,0,5,2,0,0,0,1,1,200,200,17,16,0,77,200
0,200,30,2,2,0,1,0,5,2,0,0,0,1,1,200,200,17,16,1,21,200
1,200,30,2,2,0,1,0,5,2,0,0,0,1,1,200,200,17,16,1,70,200
1,200,30,2,2,0,1,0,5,2,0,0,0,1,1,200,200,17,16,1,20,200
1,200,30,2,2,0,1,0,5,2,0,0,0,1,1,200,200,17,16,1,23,200
1,200,30,2,2,0,1,0,5,2,0,0,0,1,1,200,200,17,16,1,20,200
0,200,30,1,2,0,3,14,5,200,0,0,200,0,200,200,1,23,23,0,200,200
0,200,30,1,2,0,3,14,5,200,0,0,200,0,200,200,1,23,23,1,25,200
1,200,30,1,2,0,3,14,5,200,0,0,200,0,200,200,1,23,23,0,2,200
0,200,30,0,0,0,0,7,2,200,0,0,0,1,200,200,1,0,200,2,200,200
0,200,0,2,2,0,1,0,200,200,0,200,200,0,1,200,200,0,200,1,49,200
0,200,0,2,2,0,1,0,200,200,0,200,200,0,1,200,200,0,200,0,25,200
0,200,15,0,0,0,3,7,5,4,0,0,0,0,200,200,200,0,200,0,29,200
0,200,30,1,2,0,1,10,5,200,0,0,0,0,200,200,200,18,200,1,51,200
0,200,30,1,2,0,1,10,5,200,0,0,0,0,200,200,200,18,200,1,26,200
0,200,30,0,0,0,3,12,2,2,0,0,0,0,200,200,200,17,200,1,200,200
0,200,30,0,0,0,3,12,2,2,0,0,0,0,200,200,200,17,200,0,38,200
0,200,30,0,0,0,1,10,3,200,0,0,0,0,1,200,200,0,200,1,200,200
0,200,30,0,0,0,1,10,3,200,0,0,0,0,1,200,200,0,200,1,47,200
1,200,30,0,0,0,1,10,3,200,0,0,0,0,1,200,200,0,200,1,200,200
0,200,30,0,0,0,1,11,7,200,0,0,0,0,200,200,200,17,21,1,59,200
0,200,30,0,0,0,1,11,7,200,0,0,0,0,200,200,200,17,21,0,47,200
1,200,30,0,0,0,1,11,7,200,0,0,0,0,200,200,200,17,21,0,56,200
0,200,30,2,2,0,1,14,5,200,0,0,0,0,1,200,1,0,0,2,200,200
0,200,30,2,2,0,1,14,5,200,0,0,0,0,1,200,1,0,0,0,54,200
1,200,30,2,2,0,1,14,5,200,0,0,0,0,1,200,1,0,0,0,55,200
0,200,30,0,0,0,1,12,5,200,0,0,0,0,200,200,1,22,200,0,200,200
0,200,30,0,0,0,1,12,5,200,0,0,0,0,200,200,1,22,200,0,50,200
1,200,30,0,0,0,1,12,5,200,0,0,0,0,200,200,1,22,200,1,47,200
1,200,30,0,0,0,1,12,5,200,0,0,0,0,200,200,1,22,200,0,13,200
1,200,30,0,0,0,1,12,5,200,0,0,0,0,200,200,1,22,200,0,17,200
0,200,30,1,2,0,0,12,5,200,0,0,0,0,1,200,1,200,200,0,200,200
0,200,30,1,2,0,0,12,5,200,0,0,0,0,1,200,1,200,200,1,30,200
1,200,30,1,2,0,0,12,5,200,0,0,0,0,1,200,1,200,200,0,200,200
1,200,30,1,2,0,0,12,5,200,0,0,0,0,1,200,1,200,200,0,200,200
1,200,30,1,2,0,0,12,5,200,0,0,0,0,1,200,1,200,200,0,200,200
0,200,30,2,2,0,1,7,5,2,0,0,0,1,200,200,1,22,200,0,200,200
0,200,30,0,0,0,3,11,5,2,0,0,0,0,200,200,200,0,200,0,35,200
0,200,30,0,0,0,3,11,5,2,0,0,0,0,200,200,200,0,200,0,36,200
1,200,30,0,0,0,3,11,5,2,0,0,0,0,200,200,200,0,200,0,200,200
0,200,30,2,2,0,1,0,5,2,0,0,0,1,1,200,200,17,200,0,21,200
0,200,30,2,2,0,1,0,5,2,0,0,0,1,1,200,200,17,200,0,53,200
0,200,30,1,2,0,1,10,5,4,0,0,0,0,200,200,200,0,200,1,73,200
0,200,30,1,2,0,1,10,5,4,0,0,0,0,200,200,200,0,200,1,21,200
1,200,30,1,2,0,1,10,5,4,0,0,0,0,200,200,200,0,200,1,200,200
1,200,30,1,2,0,1,10,5,4,0,0,0,0,200,200,200,0,200,1,21,200
0,200,30,1,2,0,3,10,2,2,0,0,0,0,1,200,1,16,0,1,200,200
0,200,30,1,2,0,3,10,2,2,0,0,0,0,1,200,1,16,0,1,21,200
0,200,30,1,2,0,1,14,2,4,0,0,0,1,1,200,200,17,33,0,25,200
0,200,30,1,2,0,1,14,2,4,0,0,0,1,1,200,200,17,33,0,20,200
1,200,30,1,2,0,1,14,2,4,0,0,0,1,1,200,200,17,33,1,22,200
1,200,30,1,2,0,1,14,2,4,0,0,0,1,1,200,200,17,33,0,16,200
1,200,30,1,2,0,1,14,2,4,0,0,0,1,1,200,200,17,33,1,19,200
0,200,25,0,0,0,1,7,6,200,0,0,0,0,200,200,200,0,0,1,24,200
0,200,30,0,0,0,1,7,5,200,0,0,0,0,200,200,200,0,0,1,200,200
0,200,30,0,0,0,1,7,7,200,0,0,0,0,200,1,200,20,20,1,25,200
0,200,30,1,200,0,1,0,2,0,2,0,200,1,200,200,1,6,200,2,200,200
0,200,30,1,200,0,1,0,2,0,2,0,200,1,200,200,1,6,200,1,47,200
0,200,30,1,1,0,1,12,5,200,0,0,0,0,200,200,200,21,200,0,54,200
0,200,30,1,1,0,1,12,5,200,0,0,0,0,200,200,200,21,200,0,42,200
0,200,0,0,0,0,1,10,200,200,0,200,200,0,0,200,200,0,200,0,26,200
0,200,0,0,0,0,1,10,200,200,0,200,200,0,0,200,200,0,200,0,22,200
0,200,35,0,0,0,1,10,5,3,0,0,0,0,200,200,200,18,0,1,200,200
0,200,35,0,0,0,1,10,5,3,0,0,0,0,200,200,200,18,0,1,42,200
1,200,35,0,0,0,1,10,5,3,0,0,0,0,200,200,200,18,0,1,39,200
0,200,30,0,0,0,1,14,5,2,0,0,0,1,200,200,1,17,0,0,200,200
0,200,30,0,0,0,1,14,5,2,0,0,0,1,200,200,1,17,0,0,44,200
1,200,30,0,0,0,1,14,5,2,0,0,0,1,200,200,1,17,0,200,200,200
1,200,30,0,0,0,1,14,5,2,0,0,0,1,200,200,1,17,0,1,200,200
1,200,30,0,0,0,1,14,5,2,0,0,0,1,200,200,1,17,0,1,200,200
0,200,30,0,0,0,1,0,5,2,0,0,0,0,200,200,200,0,200,1,55,200
0,200,30,0,0,0,1,0,5,2,0,0,0,0,200,200,200,0,200,0,200,200
0,200,30,1,2,0,1,12,2,200,0,0,0,1,1,200,200,22,0,0,18,200
0,200,30,1,2,0,1,12,2,200,0,0,0,1,1,200,200,22,0,1,19,200
1,200,30,1,2,0,1,12,2,200,0,0,0,1,1,200,200,22,0,0,20,200
1,200,30,1,2,0,1,12,2,200,0,0,0,1,1,200,200,22,0,0,19,200
0,200,30,0,0,0,1,7,5,2,0,0,0,0,200,200,1,0,0,1,200,200
0,200,10,0,0,0,1,7,7,200,0,0,0,0,200,200,200,0,0,0,30,200
0,200,30,1,2,0,1,14,6,3,0,0,200,0,1,200,200,0,0,0,31,200
0,200,30,1,2,0,1,14,6,3,0,0,200,0,1,200,200,0,0,0,25,200
1,200,30,1,2,0,1,14,6,3,0,0,200,0,1,200,200,0,0,0,200,200
1,200,30,1,2,0,1,14,6,3,0,0,200,0,1,200,200,0,0,0,200,200
1,200,30,1,2,0,1,14,6,3,0,0,200,0,1,200,200,0,0,1,200,200
1,200,30,1,2,0,1,14,6,3,0,0,200,0,1,200,200,0,0,1,200,200
1,200,30,1,2,0,1,14,6,3,0,0,200,0,1,200,200,0,0,0,200,200
1,200,30,1,2,0,1,14,6,3,0,0,200,0,1,200,200,0,0,1,200,200
1,200,30,1,2,0,1,14,6,3,0,0,200,0,1,200,200,0,0,0,200,200
0,200,20,0,0,0,1,7,7,1,0,0,0,0,200,200,200,0,0,2,200,200
0,200,30,0,0,0,3,7,6,200,0,0,0,0,200,200,200,10,16,0,19,200
0,200,35,1,12,0,1,10,3,6,0,0,0,0,200,200,200,18,7,0,39,200
0,200,35,1,12,0,1,10,3,6,0,0,0,0,200,200,200,18,7,0,36,200
0,200,15,0,0,0,1,10,5,200,0,0,0,1,200,200,200,0,200,1,39,200
0,200,15,0,0,0,1,10,5,200,0,0,0,1,200,200,200,0,200,0,62,200
1,200,15,0,0,0,1,10,5,200,0,0,0,1,200,200,200,0,200,1,50,200
1,200,15,0,0,0,1,10,5,200,0,0,0,1,200,200,200,0,200,1,19,200
1,200,15,0,0,0,1,10,5,200,0,0,0,1,200,200,200,0,200,1,37,200
0,200,25,0,0,0,1,12,6,200,0,0,0,0,1,200,200,17,0,0,21,200
0,200,25,0,0,0,1,12,6,200,0,0,0,0,1,200,200,17,0,0,34,200
0,200,30,0,0,0,1,2,3,2,0,0,0,1,200,200,200,0,0,0,56,200
0,200,30,0,0,0,1,12,6,3,0,0,0,0,200,200,200,23,23,0,70,200
0,200,30,0,0,0,1,12,6,3,0,0,0,0,200,200,200,23,23,0,43,200
1,200,30,0,0,0,1,12,6,3,0,0,0,0,200,200,200,23,23,0,200,200
0,200,30,0,0,0,1,10,5,2,0,0,0,0,200,200,200,16,18,1,25,200
0,200,30,0,0,0,1,10,5,2,0,0,0,0,200,200,200,16,18,1,62,200
1,200,30,0,0,0,1,10,5,2,0,0,0,0,200,200,200,16,18,0,18,200
1,200,30,0,0,0,1,10,5,2,0,0,0,0,200,200,200,16,18,1,20,200
1,200,30,0,0,0,1,10,5,2,0,0,0,0,200,200,200,16,18,1,18,200
1,200,30,0,0,0,1,10,5,2,0,0,0,0,200,200,200,16,18,2,5,200
1,200,30,0,0,0,1,10,5,2,0,0,0,0,200,200,200,16,18,1,1,200
1,200,30,0,0,0,1,10,5,2,0,0,0,0,200,200,200,16,18,0,62,200
1,200,30,0,0,0,1,10,5,2,0,0,0,0,200,200,200,16,18,0,67,200
0,200,35,1,2,0,1,10,5,2,0,0,200,0,200,200,200,18,0,0,30,200
0,200,35,1,2,0,1,10,5,2,0,0,200,0,200,200,200,18,0,1,68,200
0,200,30,0,0,0,4,10,2,2,1,0,0,1,200,200,200,0,0,0,36,200
0,200,30,0,0,0,4,10,2,2,1,0,0,1,200,200,200,0,0,0,62,200
0,1,30,0,0,200,200,7,7,1,0,200,200,0,200,200,1,200,200,2,200,200
0,200,30,0,0,0,1,14,5,200,0,0,0,1,1,200,1,27,19,0,200,200
0,200,30,0,0,0,1,14,5,200,0,0,0,1,1,200,1,27,19,0,37,200
1,200,30,0,0,0,1,14,5,200,0,0,0,1,1,200,1,27,19,0,38,200
0,200,30,1,2,0,1,10,5,4,0,0,0,0,200,200,1,18,18,0,200,200
0,200,30,1,2,0,1,10,5,4,0,0,0,0,200,200,1,18,18,0,69,200
0,200,25,0,0,0,1,5,12,4,0,0,0,1,200,200,1,28,25,0,200,200
0,200,30,0,0,0,0,0,6,1,0,200,200,0,200,200,200,20,20,0,30,200
0,200,30,0,0,0,0,0,6,1,0,200,200,0,200,200,200,20,20,0,65,200
1,200,30,0,0,0,0,0,6,1,0,200,200,0,200,200,200,20,20,1,200,200
0,200,30,0,0,0,1,7,6,1,0,0,0,0,200,200,1,0,0,1,200,200
1,200,30,0,0,0,1,7,6,1,0,0,0,0,200,200,1,0,0,1,21,200
1,200,30,0,0,0,1,7,6,1,0,0,0,0,200,200,1,0,0,1,22,200
0,200,30,0,0,0,1,12,0,200,0,0,0,0,200,200,1,0,0,0,200,200
0,200,30,0,0,0,1,12,0,200,0,0,0,0,200,200,1,0,0,1,57,200
0,200,30,0,0,0,0,7,2,200,0,0,0,0,200,200,1,0,0,0,200,200
0,200,30,1,2,0,4,10,5,2,0,0,0,1,200,200,200,25,200,0,200,200
0,200,30,1,2,0,4,10,5,2,0,0,0,1,200,200,200,25,200,0,43,200
1,200,30,1,2,0,4,10,5,2,0,0,0,1,200,200,200,25,200,0,20,200
1,200,30,1,2,0,4,10,5,2,0,0,0,1,200,200,200,25,200,1,42,200
1,200,30,1,2,0,4,10,5,2,0,0,0,1,200,200,200,25,200,1,11,200
1,200,30,1,2,0,4,10,5,2,0,0,0,1,200,200,200,25,200,1,11,200
1,200,30,1,2,0,4,10,5,2,0,0,0,1,200,200,200,25,200,200,15,200
1,200,30,1,2,0,4,10,5,2,0,0,0,1,200,200,200,25,200,0,15,200
1,200,30,1,2,0,4,10,5,2,0,0,0,1,200,200,200,25,200,0,14,200
1,200,30,1,2,0,4,10,5,2,0,0,0,1,200,200,200,25,200,0,15,200
0,200,30,0,0,0,1,7,5,2,0,0,0,0,200,200,200,0,0,0,200,200
0,200,30,0,0,0,1,1,6,1,0,0,200,0,200,200,1,16,200,2,200,200
0,200,15,0,0,0,1,2,0,200,0,0,0,1,200,1,200,7,200,0,42,200
3,200,15,0,0,0,1,2,0,200,0,0,0,1,200,1,200,7,200,0,67,200
0,200,30,0,0,0,4,2,5,200,0,0,0,1,200,200,200,200,200,0,28,200
1,200,30,0,0,0,4,2,5,200,0,0,0,1,200,200,200,200,200,0,23,200
0,200,30,0,0,2,0,2,0,200,0,0,0,1,200,1,200,0,200,0,55,200
0,200,30,1,2,0,0,12,6,3,0,0,0,1,200,200,200,16,200,1,29,200
0,200,30,1,2,0,0,12,6,3,0,0,0,1,200,200,200,16,200,1,47,200
0,200,30,1,2,0,0,12,6,3,0,0,0,1,200,200,200,16,200,0,31,200
0,200,30,1,2,0,0,12,6,3,0,0,0,1,200,200,200,16,200,0,39,200
1,200,30,1,2,0,0,12,6,3,0,0,0,1,200,200,200,16,200,0,23,200
0,200,25,0,0,0,1,7,5,4,0,0,0,0,200,200,1,0,0,2,200,200
0,200,30,2,2,0,0,8,6,1,0,0,0,1,1,200,200,17,16,0,58,200
4,200,30,2,2,0,0,8,6,1,0,0,0,1,1,200,200,17,16,1,26,200
0,200,35,0,0,0,3,0,5,2,0,0,0,0,1,200,1,23,17,2,200,200
0,200,35,0,0,0,3,0,5,2,0,0,0,0,1,200,1,23,17,0,29,200
1,200,35,0,0,0,3,0,5,2,0,0,0,0,1,200,1,23,17,1,200,200
0,200,30,1,2,0,3,14,5,200,0,0,0,0,200,200,200,20,0,0,74,200
0,200,30,1,2,0,3,14,5,200,0,0,0,0,200,200,200,20,0,0,22,200
1,200,30,1,2,0,3,14,5,200,0,0,0,0,200,200,200,20,0,200,200,200
0,200,30,0,0,0,3,10,2,200,0,0,0,0,200,200,200,7,0,0,23,200
0,200,30,0,0,0,3,10,2,200,0,0,0,0,200,200,200,7,0,1,20,200
0,1,30,200,200,0,200,7,200,200,0,200,200,0,200,200,1,0,0,2,200,200
0,200,30,1,2,0,3,3,2,2,0,0,0,1,200,200,200,0,0,1,29,200
0,200,30,1,2,0,3,3,2,2,0,0,0,1,200,200,200,0,0,0,33,200
0,200,30,0,0,0,2,10,5,2,0,0,0,0,200,200,200,0,0,0,17,200
0,200,30,0,0,0,2,10,5,2,0,0,0,0,200,200,200,0,0,0,23,200
0,200,30,0,0,0,3,10,5,2,0,0,0,0,200,200,200,2,16,0,44,200
0,200,30,0,0,0,3,10,5,2,0,0,0,0,200,200,200,2,16,0,63,200