PERSON_TYPE,CRASH_DATE_EST_I,POSTED_SPEED_LIMIT,TRAFFIC_CONTROL_DEVICE,DEVICE_CONDITION,WEATHER_CONDITION,LIGHTING_CONDITION,FIRST_CRASH_TYPE,TRAFFICWAY_TYPE,LANE_CNT,ALIGNMENT,ROADWAY_SURFACE_COND,ROAD_DEFECT,CRASH_TYPE,INTERSECTION_RELATED_I,NOT_RIGHT_OF_WAY_I,HIT_AND_RUN_I,PRIM_CONTRIBUTORY_CAUSE,SEC_CONTRIBUTORY_CAUSE,SEX,AGE,BAC_RESULT VALUE
1,200,30,0,0,0,3,10,5,2,0,0,0,0,200,200,200,2,16,1,65,200
0,200,30,0,0,0,3,14,5,4,0,0,0,1,200,200,1,23,200,2,200,200
0,200,30,0,0,0,3,14,5,4,0,0,0,1,200,200,1,23,200,0,66,200
0,200,30,0,0,0,1,12,6,1,0,0,0,0,200,200,200,23,200,0,55,200
0,200,30,0,0,0,1,12,6,1,0,0,0,0,200,200,200,23,200,0,27,200
0,200,30,0,0,0,3,3,2,200,0,0,0,1,200,200,1,25,0,0,20,200
0,200,30,0,0,0,3,3,2,200,0,0,0,1,200,200,1,25,0,1,22,200
1,200,30,0,0,0,3,3,2,200,0,0,0,1,200,200,1,25,0,0,41,200
0,200,30,1,2,0,0,10,6,3,0,0,0,0,1,200,200,18,0,1,200,200
0,200,30,1,2,0,0,10,6,3,0,0,0,0,1,200,200,18,0,0,22,200
1,200,30,1,2,0,0,10,6,3,0,0,0,0,1,200,200,18,0,1,200,200
0,200,30,0,0,0,3,12,5,2,0,0,0,0,1,200,200,17,200,0,22,200
0,200,30,0,0,0,3,12,5,2,0,0,0,0,1,200,200,17,200,0,36,200
0,200,30,0,0,0,3,7,6,1,0,0,0,1,200,200,1,23,200,0,200,200
0,200,30,1,2,0,3,0,5,4,0,0,0,1,1,200,200,0,11,0,36,200
0,200,30,1,2,0,3,0,5,4,0,0,0,1,1,200,200,0,11,0,29,200
1,200,30,1,2,0,3,0,5,4,0,0,0,1,1,200,200,0,11,0,200,200
0,200,35,1,2,0,3,8,5,12,0,0,0,1,1,200,200,0,0,0,31,200
4,200,35,1,2,0,3,8,5,12,0,0,0,1,1,200,200,0,0,1,21,200
1,200,35,1,2,0,3,8,5,12,0,0,0,1,1,200,200,0,0,1,30,200
1,200,35,1,2,0,3,8,5,12,0,0,0,1,1,200,200,0,0,0,29,200
0,200,30,0,0,0,3,14,1,2,0,0,0,1,1,200,0,17,23,0,200,200
0,200,30,0,0,0,3,14,1,2,0,0,0,1,1,200,0,17,23,0,0,200
1,200,30,0,0,0,3,14,1,2,0,0,0,1,1,200,0,17,23,0,0,200
0,200,30,0,0,0,200,8,0,200,0,0,200,1,200,200,1,16,17,2,200,200
4,200,30,0,0,0,200,8,0,200,0,0,200,1,200,200,1,16,17,0,33,200
0,200,35,2,2,0,3,14,5,4,0,0,0,1,1,200,200,17,200,0,49,200
0,200,35,2,2,0,3,14,5,4,0,0,0,1,1,200,200,17,200,0,200,200
1,200,35,2,2,0,3,14,5,4,0,0,0,1,1,200,200,17,200,1,43,200
1,200,35,2,2,0,3,14,5,4,0,0,0,1,1,200,200,17,200,1,8,200
1,200,35,2,2,0,3,14,5,4,0,0,0,1,1,200,200,17,200,0,0,200
5,200,30,0,0,0,1,9,6,2,0,0,0,1,200,200,1,25,27,0,200,200
0,200,30,0,0,0,1,9,6,2,0,0,0,1,200,200,1,25,27,0,22,200
0,200,30,0,0,2,3,3,2,2,0,1,0,1,200,200,1,21,10,0,200,200
0,200,30,0,0,2,3,3,2,2,0,1,0,1,200,200,1,21,10,0,19,200
1,200,30,0,0,2,3,3,2,2,0,1,0,1,200,200,1,21,10,1,16,200
1,200,30,0,0,2,3,3,2,2,0,1,0,1,200,200,1,21,10,0,30,200
1,200,30,0,0,2,3,3,2,2,0,1,0,1,200,200,1,21,10,0,15,200
1,200,30,0,0,2,3,3,2,2,0,1,0,1,200,200,1,21,10,0,14,200
1,200,30,0,0,2,3,3,2,2,0,1,0,1,200,200,1,21,10,0,200,200
0,200,25,0,0,0,3,7,2,2,0,0,0,1,200,200,200,32,21,0,47,200
0,200,30,1,2,0,3,0,3,6,0,0,0,1,1,200,200,6,200,0,48,200
0,200,30,1,2,0,3,0,3,6,0,0,0,1,1,200,200,6,200,1,27,200
1,200,30,1,2,0,3,0,3,6,0,0,0,1,1,200,200,6,200,1,25,200
1,200,30,1,2,0,3,0,3,6,0,0,0,1,1,200,200,6,200,0,27,200
0,1,30,0,0,200,200,7,5,200,0,0,0,0,200,200,1,0,0,2,200,200
0,200,15,0,200,0,200,7,6,200,0,0,200,0,200,200,1,200,200,2,200,200
0,200,30,1,2,0,3,14,5,4,0,0,0,1,1,200,200,17,200,0,39,200
0,200,30,1,2,0,3,14,5,4,0,0,0,1,1,200,200,17,200,0,28,200
0,200,35,1,2,0,3,10,5,4,0,0,0,0,200,200,200,16,18,1,200,200
0,200,35,1,2,0,3,10,5,4,0,0,0,0,200,200,200,16,18,0,27,200
0,200,30,1,2,0,3,14,5,2,0,0,0,0,1,200,1,6,0,2,200,200
0,200,30,1,2,0,3,14,5,2,0,0,0,0,1,200,1,6,0,0,43,200
0,200,30,1,2,0,3,0,5,2,0,0,0,1,1,200,200,6,0,0,38,200
0,200,30,1,2,0,3,0,5,2,0,0,0,1,1,200,200,6,0,0,60,200
0,0,30,1,2,0,3,10,3,4,0,0,0,1,1,200,200,16,8,1,17,200
0,0,30,1,2,0,3,10,3,4,0,0,0,1,1,200,200,16,8,0,21,200
1,0,30,1,2,0,3,10,3,4,0,0,0,1,1,200,200,16,8,1,21,200
0,200,30,0,0,0,3,5,5,2,0,0,1,0,0,200,200,28,0,0,37,200
0,200,30,1,2,0,0,10,5,2,0,0,0,0,200,200,200,7,200,0,25,200
0,200,30,1,2,0,0,10,5,2,0,0,0,0,200,200,200,7,200,1,25,200
0,200,30,1,2,2,3,10,5,200,0,1,0,1,1,200,200,0,0,0,37,200
0,200,30,1,2,2,3,10,5,200,0,1,0,1,1,200,200,0,0,0,53,200
0,200,30,0,0,2,3,7,6,1,0,1,0,0,200,200,1,11,17,2,200,200
0,200,30,1,2,0,3,12,5,4,0,0,0,1,200,200,1,22,200,0,25,200
0,200,30,1,2,0,3,12,5,4,0,0,0,1,200,200,1,22,200,0,200,200
0,200,30,1,2,0,3,14,1,5,0,0,0,0,200,200,1,21,18,1,200,200
0,200,30,1,2,0,3,14,1,5,0,0,0,0,200,200,1,21,18,0,33,200
0,200,35,1,2,0,3,14,1,4,0,0,0,1,1,200,200,17,0,0,20,200
0,200,35,1,2,0,3,14,1,4,0,0,0,1,1,200,200,17,0,0,32,200
1,200,35,1,2,0,3,14,1,4,0,0,0,1,1,200,200,17,0,0,20,200
1,200,35,1,2,0,3,14,1,4,0,0,0,1,1,200,200,17,0,0,20,200
1,200,35,1,2,0,3,14,1,4,0,0,0,1,1,200,200,17,0,1,20,200
1,200,35,1,2,0,3,14,1,4,0,0,0,1,1,200,200,17,0,0,200,200
1,200,35,1,2,0,3,14,1,4,0,0,0,1,1,200,200,17,0,0,34,200
1,200,35,1,2,0,3,14,1,4,0,0,0,1,1,200,200,17,0,0,34,200
0,200,35,1,2,0,3,10,5,2,0,0,0,1,1,200,200,18,11,1,45,200
1,200,35,1,2,0,3,10,5,2,0,0,0,1,1,200,200,18,11,1,200,200
0,1,30,0,200,2,3,14,2,200,0,0,200,0,200,200,200,0,0,0,24,200
0,1,30,0,200,2,3,14,2,200,0,0,200,0,200,200,200,0,0,1,23,200
4,200,30,0,0,0,3,8,2,200,0,0,0,1,200,200,1,0,0,0,200,200
0,200,30,0,0,0,3,8,2,200,0,0,0,1,200,200,1,0,0,0,32,200
0,200,30,0,0,0,3,2,5,200,0,0,0,0,200,200,200,23,0,0,24,200
0,200,30,1,2,1,3,0,5,4,0,200,200,1,1,200,1,6,200,0,200,200
0,200,30,1,2,1,3,0,5,4,0,200,200,1,1,200,1,6,200,0,24,200
1,200,30,1,2,1,3,0,5,4,0,200,200,1,1,200,1,6,200,1,22,200
1,200,30,1,2,1,3,0,5,4,0,200,200,1,1,200,1,6,200,1,25,200
0,200,30,0,0,0,3,12,5,200,0,0,0,0,200,200,1,0,0,2,200,200
0,200,30,0,0,0,3,12,5,200,0,0,0,0,200,200,1,0,0,1,29,200
0,200,30,1,200,2,3,12,6,3,0,1,200,0,1,200,200,0,0,0,22,200
0,200,30,1,200,2,3,12,6,3,0,1,200,0,1,200,200,0,0,1,20,200
0,200,35,2,2,0,3,14,6,2,0,0,0,0,1,200,0,5,16,1,200,200
0,200,35,2,2,0,3,14,6,2,0,0,0,0,1,200,0,5,16,0,80,200
0,200,25,1,2,0,3,10,5,200,0,0,0,0,1,200,200,16,200,0,51,200
0,200,25,1,2,0,3,10,5,200,0,0,0,0,1,200,200,16,200,0,34,200
0,200,30,0,0,0,3,7,5,2,0,0,0,0,200,200,1,200,200,1,200,200
0,200,25,0,0,0,3,7,6,200,0,0,0,1,200,200,1,0,0,0,24,200
0,200,30,1,2,0,0,0,5,2,0,0,200,0,200,200,1,6,17,2,200,200
0,200,30,1,2,0,0,0,5,2,0,0,200,0,200,200,1,6,17,1,19,200
0,200,30,0,0,0,3,2,5,2,0,0,0,1,200,200,200,200,200,0,26,200
1,200,30,0,0,0,3,2,5,2,0,0,0,1,200,200,200,200,200,1,25,200
0,200,30,0,200,0,3,7,2,2,0,0,0,1,200,200,200,0,0,0,18,200
0,200,30,0,200,0,3,2,2,2,0,0,1,1,200,200,200,29,200,1,31,200
0,200,30,0,0,0,3,7,5,2,0,0,0,1,200,200,200,12,11,1,22,200
0,200,35,1,1,0,3,10,5,5,0,0,0,0,1,200,200,7,18,1,21,200
0,200,35,1,1,0,3,10,5,5,0,0,0,0,1,200,200,7,18,1,38,200
1,200,35,1,1,0,3,10,5,5,0,0,0,0,1,200,200,7,18,1,20,200
1,200,35,1,1,0,3,10,5,5,0,0,0,0,1,200,200,7,18,0,24,200
1,200,35,1,1,0,3,10,5,5,0,0,0,0,1,200,200,7,18,1,20,200
1,200,35,1,1,0,3,10,5,5,0,0,0,0,1,200,200,7,18,1,200,200
1,200,35,1,1,0,3,10,5,5,0,0,0,0,1,200,200,7,18,1,200,200
0,200,0,0,0,0,3,7,7,200,0,0,0,0,200,200,200,0,0,1,53,200
0,1,35,0,0,0,3,7,5,200,0,0,0,1,200,200,200,27,0,0,0,200
0,200,30,0,0,0,3,7,6,1,0,0,0,1,200,200,200,0,200,1,21,200
0,200,30,0,0,0,3,14,5,200,0,0,0,0,200,200,200,22,22,0,200,200
0,200,30,0,0,0,3,14,5,200,0,0,0,0,200,200,200,22,22,0,200,200
0,200,30,1,2,2,3,10,5,4,0,1,0,0,1,200,200,200,200,0,59,200
0,200,30,1,2,2,3,10,5,4,0,1,0,0,1,200,200,200,200,0,54,200
1,200,30,1,2,2,3,10,5,4,0,1,0,0,1,200,200,200,200,1,35,200
0,200,15,2,2,0,3,10,5,200,0,0,0,0,1,200,200,18,200,0,17,200
0,200,15,2,2,0,3,10,5,200,0,0,0,0,1,200,200,18,200,0,21,200
0,200,25,1,2,2,2,0,5,0,0,1,0,1,1,200,200,6,6,1,21,200
0,200,25,1,2,2,2,0,5,0,0,1,0,1,1,200,200,6,6,0,28,200
0,200,0,0,0,0,3,7,5,2,0,0,0,0,200,200,1,0,0,2,200,200
0,200,30,0,0,1,2,7,5,2,0,0,0,1,0,200,200,0,0,0,27,200
0,200,30,1,2,0,2,14,6,200,1,0,0,0,1,200,200,23,33,0,22,200
0,200,30,1,2,0,2,14,6,200,1,0,0,0,1,200,200,23,33,0,34,200
1,200,30,1,2,0,2,14,6,200,1,0,0,0,1,200,200,23,33,200,200,200
0,200,30,0,0,0,1,7,5,200,0,0,0,1,200,200,200,0,200,0,32,200
1,200,30,0,0,0,1,7,5,200,0,0,0,1,200,200,200,0,200,0,57,200
0,200,30,0,0,0,1,7,2,200,0,0,0,0,200,200,200,22,200,0,41,200
0,200,30,1,2,0,1,10,2,200,0,0,0,0,1,200,200,9,200,0,200,200
0,200,30,1,2,0,1,10,2,200,0,0,0,0,1,200,200,9,200,0,61,200
0,200,30,1,2,1,1,0,2,0,0,1,0,1,1,200,200,6,10,1,29,200
0,200,30,1,2,1,1,0,2,0,0,1,0,1,1,200,200,6,10,1,45,200
0,200,35,1,2,1,1,14,5,4,0,0,0,1,1,200,200,23,200,1,26,200
0,200,35,1,2,1,1,14,5,4,0,0,0,1,1,200,200,23,200,0,27,200
1,200,35,1,2,1,1,14,5,4,0,0,0,1,1,200,200,23,200,0,38,200
0,200,35,0,0,0,1,10,2,4,0,1,0,0,200,200,200,15,16,1,24,200
0,200,35,0,0,0,1,10,2,4,0,1,0,0,200,200,200,15,16,0,31,200
0,200,30,0,0,0,1,3,2,2,0,0,0,0,200,200,1,0,200,0,200,200
0,200,30,0,0,0,1,3,2,2,0,0,0,0,200,200,1,0,200,0,25,200
0,200,30,0,0,0,1,14,2,200,0,0,0,0,200,200,200,23,0,0,26,200
0,200,30,0,0,0,1,14,2,200,0,0,0,0,200,200,200,23,0,0,55,200
0,200,30,1,2,0,1,14,2,5,0,0,0,1,1,200,200,17,0,0,0,200
0,200,30,1,2,0,1,14,2,5,0,0,0,1,1,200,200,17,0,1,56,200
0,200,30,1,2,0,1,14,2,5,0,0,0,1,1,200,200,17,0,1,38,200
1,200,30,1,2,0,1,14,2,5,0,0,0,1,1,200,200,17,0,1,23,200
0,200,30,2,2,1,1,12,2,200,0,0,0,0,200,200,200,17,200,0,28,200
0,200,30,2,2,1,1,12,2,200,0,0,0,0,200,200,200,17,200,0,63,200
0,200,45,1,2,0,1,10,2,4,0,0,0,1,200,200,200,27,0,0,22,200
0,200,45,1,2,0,1,10,2,4,0,0,0,1,200,200,200,27,0,0,62,200
0,200,25,0,0,0,1,10,2,200,0,0,12,0,200,200,200,200,200,2,200,200
0,200,25,0,0,0,1,10,2,200,0,0,12,0,200,200,200,200,200,1,34,200
0,200,5,0,0,0,1,2,7,200,0,0,0,0,200,1,200,0,200,0,37,200
4,200,35,2,2,1,1,8,2,200,0,1,0,1,1,200,200,5,0,0,52,200
0,200,35,2,2,1,1,8,2,200,0,1,0,1,1,200,200,5,0,0,38,200
0,1,30,0,0,0,3,7,6,1,0,0,0,0,200,200,1,0,200,2,200,200
0,200,30,0,0,0,1,7,6,3,0,0,0,0,200,200,200,21,200,1,27,200
1,200,30,0,0,0,1,7,6,3,0,0,0,0,200,200,200,21,200,0,23,200
1,200,30,0,0,0,1,7,6,3,0,0,0,0,200,200,200,21,200,200,200,200
0,200,20,0,0,1,1,12,6,1,0,0,0,0,200,200,200,21,0,0,200,200
0,200,20,0,0,1,1,12,6,1,0,0,0,0,200,200,200,21,0,1,68,200
1,200,20,0,0,1,1,12,6,1,0,0,0,0,200,200,200,21,0,1,200,200
1,200,20,0,0,1,1,12,6,1,0,0,0,0,200,200,200,21,0,1,73,200
1,200,20,0,0,1,1,12,6,1,0,0,0,0,200,200,200,21,0,0,6,200
1,200,20,0,0,1,1,12,6,1,0,0,0,0,200,200,200,21,0,1,11,200
0,200,15,0,0,0,1,7,7,200,0,0,0,0,200,1,200,17,17,1,61,200
0,200,30,1,2,0,1,10,5,200,0,0,0,0,200,200,200,18,0,1,25,200
0,200,30,1,2,0,1,10,5,200,0,0,0,0,200,200,200,18,0,0,39,200
0,200,30,1,2,0,1,12,12,0,0,0,0,0,1,200,200,21,16,0,59,200
0,200,30,1,2,0,1,12,12,0,0,0,0,0,1,200,200,21,16,0,46,200
1,200,30,1,2,0,1,12,12,0,0,0,0,0,1,200,200,21,16,1,200,200
0,200,30,200,2,2,1,14,3,2,0,1,0,1,1,200,200,17,0,0,49,200
0,200,30,200,2,2,1,14,3,2,0,1,0,1,1,200,200,17,0,1,34,200
0,200,25,0,0,1,1,10,5,2,0,0,0,1,200,200,0,25,27,0,63,200
0,200,25,0,0,1,1,10,5,2,0,0,0,1,200,200,0,25,27,0,51,200
0,200,30,0,0,2,1,0,5,2,0,1,0,0,200,200,200,17,34,0,79,200
0,200,30,0,0,2,1,0,5,2,0,1,0,0,200,200,200,17,34,1,24,200
1,200,30,0,0,2,1,0,5,2,0,1,0,0,200,200,200,17,34,1,75,200
1,200,30,0,0,2,1,0,5,2,0,1,0,0,200,200,200,17,34,0,39,200
0,200,30,1,2,0,0,10,5,4,0,0,0,0,200,200,200,0,200,0,200,200
0,200,30,1,2,0,0,10,5,4,0,0,0,0,200,200,200,0,200,2,32,200
0,200,25,2,0,0,1,0,5,2,0,0,0,1,200,200,200,17,200,1,24,200
0,200,30,0,0,0,1,7,2,2,0,0,0,0,200,200,200,20,0,0,200,200
0,200,30,2,2,0,1,0,5,2,0,0,0,0,200,200,200,5,0,0,200,200
0,200,30,2,2,0,1,0,5,2,0,0,0,0,200,200,200,5,0,1,63,200
1,200,30,2,2,0,1,0,5,2,0,0,0,0,200,200,200,5,0,0,66,200
0,200,30,0,0,1,1,7,5,2,0,0,0,0,200,200,1,0,0,2,200,200
0,200,30,0,0,0,1,12,6,200,0,0,0,0,200,200,200,0,0,0,200,200
0,200,30,0,0,0,1,12,6,200,0,0,0,0,200,200,200,0,0,1,74,200
0,200,30,2,2,0,1,0,6,2,0,0,0,1,200,200,200,5,16,0,38,200
0,200,30,2,2,0,1,0,6,2,0,0,0,1,200,200,200,5,16,0,50,200
1,200,30,2,2,0,1,0,6,2,0,0,0,1,200,200,200,5,16,1,200,200
1,200,30,2,2,0,1,0,6,2,0,0,0,1,200,200,200,5,16,1,200,200
1,200,30,2,2,0,1,0,6,2,0,0,0,1,200,200,200,5,16,1,200,200
1,200,30,2,2,0,1,0,6,2,0,0,0,1,200,200,200,5,16,200,200,200
0,200,30,0,0,2,1,14,5,200,0,1,0,0,1,200,200,0,0,0,24,200
0,200,30,0,0,2,1,14,5,200,0,1,0,0,1,200,200,0,0,0,33,200
0,200,25,0,0,200,200,7,6,1,0,200,0,0,200,200,1,0,200,2,200,200
0,200,20,2,2,0,3,14,6,200,0,0,0,0,1,200,200,200,200,0,44,200
0,200,20,2,2,0,3,14,6,200,0,0,0,0,1,200,200,200,200,1,41,200
0,200,30,0,0,0,1,12,2,200,0,0,0,0,200,200,200,22,21,1,200,200
0,200,30,0,0,0,1,12,2,200,0,0,0,0,200,200,200,22,21,1,200,200
0,200,30,2,2,2,1,10,2,4,0,1,0,1,200,200,200,34,200,0,40,200
0,200,30,2,2,2,1,10,2,4,0,1,0,1,200,200,200,34,200,0,46,200
0,200,20,0,0,2,1,7,6,1,0,1,0,1,200,200,1,16,0,1,200,200
0,200,30,0,0,2,1,12,2,200,0,1,0,0,200,200,200,17,21,0,19,200
0,200,30,0,0,2,1,12,2,200,0,1,0,0,200,200,200,17,21,0,43,200
0,200,10,0,0,2,1,0,7,200,0,1,0,0,200,0,200,20,25,1,27,200
0,200,10,0,0,2,1,0,7,200,0,1,0,0,200,0,200,20,25,0,17,200
1,200,10,0,0,2,1,0,7,200,0,1,0,0,200,0,200,20,25,0,200,200
5,200,30,0,0,2,1,9,5,2,0,1,0,1,200,200,200,0,200,0,26,200
0,200,30,0,0,2,1,9,5,2,0,1,0,1,200,200,200,0,200,0,45,200
0,200,15,0,0,1,1,12,0,1,0,1,0,1,200,200,1,25,200,0,200,200
0,200,15,0,0,1,1,12,0,1,0,1,0,1,200,200,1,25,200,0,46,200
0,200,30,0,0,200,3,7,6,1,0,200,200,0,200,200,1,0,0,2,200,200
0,200,30,1,2,0,1,14,5,200,0,0,0,0,1,200,1,0,200,2,200,200
0,200,30,1,2,0,1,14,5,200,0,0,0,0,1,200,1,0,200,1,85,200
0,200,30,0,0,2,1,12,2,200,0,1,0,0,200,200,200,0,200,0,30,200
0,200,30,0,0,2,1,12,2,200,0,1,0,0,200,200,200,0,200,1,76,200
0,200,35,1,2,2,1,10,3,4,3,1,0,1,200,200,1,34,16,1,23,200
0,200,35,1,2,2,1,10,3,4,3,1,0,1,200,200,1,34,16,0,200,200
0,200,30,0,0,2,1,10,2,200,0,0,0,0,200,200,200,18,200,0,21,200
0,200,30,0,0,2,1,10,2,200,0,0,0,0,200,200,200,18,200,1,40,200
0,200,35,1,2,0,1,10,2,6,0,1,0,0,200,200,200,18,11,0,20,200
0,200,35,1,2,0,1,10,2,6,0,1,0,0,200,200,200,18,11,0,26,200
1,200,35,1,2,0,1,10,2,6,0,1,0,0,200,200,200,18,11,1,27,200
1,200,35,1,2,0,1,10,2,6,0,1,0,0,200,200,200,18,11,1,15,200
0,200,30,0,0,2,1,10,5,2,0,1,0,1,1,200,200,34,34,0,19,200
0,200,30,0,0,2,1,10,5,2,0,1,0,1,1,200,200,34,34,1,18,200
0,200,30,0,0,0,3,7,5,2,0,0,0,0,200,200,1,200,200,2,200,200
0,200,30,200,200,200,1,7,7,200,0,200,200,0,200,0,1,0,200,2,200,200
0,200,30,2,2,2,1,0,2,2,0,1,12,0,200,200,200,17,16,1,41,200
0,200,30,2,2,2,1,0,2,2,0,1,12,0,200,200,200,17,16,0,45,200
1,200,30,2,2,2,1,0,2,2,0,1,12,0,200,200,200,17,16,1,13,200
1,200,30,2,2,2,1,0,2,2,0,1,12,0,200,200,200,17,16,0,17,200
0,200,5,0,0,0,1,0,7,200,0,0,0,0,200,1,200,17,11,1,49,200
0,200,5,0,0,0,1,0,7,200,0,0,0,0,200,1,200,17,11,0,57,200
0,200,30,0,0,0,3,0,200,200,0,3,200,0,200,200,1,0,0,1,200,200
0,200,30,0,0,0,3,0,200,200,0,3,200,0,200,200,1,0,0,1,200,200
1,200,30,0,0,0,3,0,200,200,0,3,200,0,200,200,1,0,0,0,200,200
1,200,30,0,0,0,3,0,200,200,0,3,200,0,200,200,1,0,0,0,200,200
1,200,30,0,0,0,3,0,200,200,0,3,200,0,200,200,1,0,0,0,200,200
1,200,30,0,0,0,3,0,200,200,0,3,200,0,200,200,1,0,0,0,200,200
0,200,30,1,2,2,1,12,3,4,0,1,200,0,200,200,0,0,200,2,200,200
0,200,30,1,2,2,1,12,3,4,0,1,200,0,200,200,0,0,200,1,46,200
0,200,30,0,0,2,1,10,5,4,0,1,0,0,200,200,200,34,200,0,50,200
0,200,30,0,0,2,1,10,5,4,0,1,0,0,200,200,200,34,200,0,71,200
0,200,30,0,0,2,1,7,6,200,0,1,0,0,200,200,200,21,0,0,200,200
0,200,30,0,0,2,1,7,5,200,0,0,0,0,200,200,1,25,200,0,200,200
0,200,30,1,2,1,1,10,2,4,0,1,0,0,200,200,1,18,200,0,200,200
0,200,30,1,2,1,1,10,2,4,0,1,0,0,200,200,1,18,200,0,52,200
0,200,30,2,2,0,0,10,5,4,0,0,0,0,200,200,200,18,200,0,200,200
0,200,30,2,2,0,0,10,5,4,0,0,0,0,200,200,200,18,200,0,28,200
0,200,30,2,2,2,1,7,5,2,0,1,0,0,200,200,200,21,200,0,28,200
1,200,30,2,2,2,1,7,5,2,0,1,0,0,200,200,200,21,200,0,27,200
0,200,30,1,2,0,1,10,5,3,0,0,200,0,200,200,200,0,0,0,200,200
0,200,30,1,2,0,1,10,5,3,0,0,200,0,200,200,200,0,0,0,200,200
0,200,35,1,2,0,1,10,5,6,0,0,0,0,200,200,200,11,11,0,59,200
0,200,35,1,2,0,1,10,5,6,0,0,0,0,200,200,200,11,11,0,59,200
0,200,30,0,0,200,1,7,6,200,0,1,0,0,200,200,200,0,200,0,200,200
0,200,5,0,0,2,1,12,5,0,0,0,0,0,200,200,200,22,200,0,71,200
0,200,5,0,0,2,1,12,5,0,0,0,0,0,200,200,200,22,200,1,88,200
0,1,10,0,0,0,1,7,2,200,0,0,0,0,200,1,200,200,200,2,200,200
0,200,30,1,200,200,200,0,5,2,0,200,200,0,200,200,200,0,200,0,47,200
0,200,30,1,200,200,200,0,5,2,0,200,200,0,200,200,200,0,200,0,44,200
0,200,30,1,2,2,1,14,2,200,0,1,0,0,1,200,200,23,200,1,22,200
0,200,30,1,2,2,1,14,2,200,0,1,0,0,1,200,200,23,200,0,27,200
0,200,30,0,0,2,1,14,2,2,0,1,0,1,0,200,200,34,0,1,25,200
0,200,30,0,0,2,1,14,2,2,0,1,0,1,0,200,200,34,0,0,86,200
0,200,30,1,2,1,1,10,5,2,0,0,0,1,1,200,200,18,11,1,20,200
0,200,30,1,2,1,1,10,5,2,0,0,0,1,1,200,200,18,11,0,57,200
0,200,30,0,0,2,1,12,5,4,0,1,0,0,200,200,200,11,17,0,200,200
0,200,30,0,0,2,1,12,5,4,0,1,0,0,200,200,200,11,17,0,27,200
0,200,30,0,0,2,1,14,5,200,0,1,0,0,200,200,200,0,200,0,83,200
0,200,30,0,0,2,1,14,5,200,0,1,0,0,200,200,200,0,200,0,200,200
0,200,30,0,0,0,1,7,5,4,0,0,0,0,200,200,1,200,200,2,200,200
0,200,30,200,200,2,1,2,200,1,0,1,0,1,200,1,200,16,0,0,18,200
1,200,30,200,200,2,1,2,200,1,0,1,0,1,200,1,200,16,0,1,15,200
0,200,35,1,2,1,1,10,3,4,0,1,0,0,200,200,200,0,200,0,200,200
0,200,35,1,2,1,1,10,3,4,0,1,0,0,200,200,200,0,200,0,200,200
0,200,10,0,0,0,1,7,7,200,0,0,0,0,200,200,200,0,20,1,29,200
0,200,15,0,0,200,200,7,7,200,0,0,0,0,200,1,1,0,200,2,200,200
0,200,25,1,2,200,1,14,2,2,0,200,0,0,200,200,200,21,23,0,48,200
0,200,25,1,2,200,1,14,2,2,0,200,0,0,200,200,200,21,23,1,33,200
0,200,30,0,0,0,1,12,5,200,0,0,0,0,200,200,200,0,0,0,200,200
0,200,30,0,0,0,1,12,5,200,0,0,0,0,200,200,200,0,0,0,35,200
0,1,30,1,2,2,1,10,5,4,0,1,0,0,200,200,200,0,0,0,200,200
0,1,30,1,2,2,1,10,5,4,0,1,0,0,200,200,200,0,0,0,37,200
0,200,30,2,0,0,1,0,5,200,0,0,0,0,200,200,1,17,200,2,200,200
0,200,30,2,0,0,1,0,5,200,0,0,0,0,200,200,1,17,200,0,29,200
0,200,20,2,2,0,1,10,6,1,0,0,0,1,200,200,200,20,200,0,18,200
0,200,20,2,2,0,1,10,6,1,0,0,0,1,200,200,200,20,200,0,32,200
1,200,20,2,2,0,1,10,6,1,0,0,0,1,200,200,200,20,200,0,26,200
0,200,20,1,2,0,1,10,5,2,0,0,0,0,200,200,1,18,0,0,200,200
0,200,20,1,2,0,1,10,5,2,0,0,0,0,200,200,1,18,0,1,39,200
0,200,5,0,0,200,1,2,0,1,0,0,200,0,200,200,200,0,200,0,55,200
0,1,25,0,0,200,200,7,6,1,0,200,0,1,200,200,1,0,0,2,200,200
0,200,30,2,2,0,1,10,5,200,0,0,0,0,200,200,200,16,0,1,51,200
0,200,30,2,2,0,1,10,5,200,0,0,0,0,200,200,200,16,0,0,54,200
0,200,30,0,2,0,1,0,5,2,0,0,0,0,200,200,200,0,200,0,28,200
0,200,30,0,2,0,1,0,5,2,0,0,0,0,200,200,200,0,200,1,59,200
0,200,30,0,0,1,1,10,5,2,0,0,0,0,200,200,200,18,16,1,24,200
0,200,30,0,0,1,1,10,5,2,0,0,0,0,200,200,200,18,16,0,49,200
0,200,30,0,0,0,1,10,5,200,0,0,200,0,200,200,1,0,0,0,200,200
0,200,30,0,0,0,1,10,5,200,0,0,200,0,200,200,1,0,0,1,200,200
0,200,35,0,0,1,1,2,3,3,3,1,0,0,200,200,200,200,200,0,45,200
0,200,5,0,0,0,1,7,5,200,0,0,0,0,200,200,200,20,0,0,25,200
0,200,30,0,0,0,1,12,2,2,0,0,0,0,200,200,200,22,0,0,200,200
0,200,30,0,0,0,1,12,2,2,0,0,0,0,200,200,200,22,0,0,67,200
0,200,30,2,2,0,1,11,2,0,0,0,0,0,0,200,200,6,16,0,51,200
0,200,30,2,2,0,1,11,2,0,0,0,0,0,0,200,200,6,16,0,49,200