PERSON_TYPE,CRASH_DATE_EST_I,POSTED_SPEED_LIMIT,TRAFFIC_CONTROL_DEVICE,DEVICE_CONDITION,WEATHER_CONDITION,LIGHTING_CONDITION,FIRST_CRASH_TYPE,TRAFFICWAY_TYPE,LANE_CNT,ALIGNMENT,ROADWAY_SURFACE_COND,ROAD_DEFECT,CRASH_TYPE,INTERSECTION_RELATED_I,NOT_RIGHT_OF_WAY_I,HIT_AND_RUN_I,PRIM_CONTRIBUTORY_CAUSE,SEC_CONTRIBUTORY_CAUSE,SEX,AGE,BAC_RESULT VALUE
0,200,30,0,0,0,1,12,2,2,0,0,0,0,200,200,200,11,11,0,200,200
0,200,30,0,0,0,1,12,2,2,0,0,0,0,200,200,200,11,11,1,67,200
1,200,30,0,0,0,1,12,2,2,0,0,0,0,200,200,200,11,11,1,200,200
1,200,30,0,0,0,1,12,2,2,0,0,0,0,200,200,200,11,11,0,6,200
0,200,30,1,2,0,1,8,5,200,0,0,0,0,200,200,1,31,0,0,200,200
4,200,30,1,2,0,1,8,5,200,0,0,0,0,200,200,1,31,0,0,18,200
0,200,30,1,2,0,1,7,5,2,0,0,0,1,1,200,200,0,200,0,51,200
1,200,30,1,2,0,1,7,5,2,0,0,0,1,1,200,200,0,200,1,48,200
1,200,30,1,2,0,1,7,5,2,0,0,0,1,1,200,200,0,200,1,60,200
0,200,30,1,2,0,1,14,2,0,0,0,0,0,1,200,200,6,16,0,59,200
0,200,30,1,2,0,1,14,2,0,0,0,0,0,1,200,200,6,16,1,50,200
1,200,30,1,2,0,1,14,2,0,0,0,0,0,1,200,200,6,16,0,60,200
0,200,30,0,2,200,1,10,5,200,0,200,0,0,200,200,200,200,0,0,62,200
0,200,30,0,2,200,1,10,5,200,0,200,0,0,200,200,200,200,0,0,75,200
1,200,30,0,2,200,1,10,5,200,0,200,0,0,200,200,200,200,0,200,200,200
0,200,30,1,2,200,1,10,5,200,0,200,200,1,200,200,1,18,0,0,200,200
0,200,30,1,2,200,1,10,5,200,0,200,200,1,200,200,1,18,0,0,49,200
0,200,30,1,2,200,1,10,5,200,0,200,200,1,200,200,1,18,0,0,39,200
0,200,30,0,200,1,1,2,2,2,0,200,200,1,200,1,200,0,0,1,44,200
1,200,30,0,200,1,1,2,2,2,0,200,200,1,200,1,200,0,0,0,200,200
0,200,30,0,0,0,1,7,5,2,0,0,0,0,200,200,200,0,200,0,36,200
0,200,30,1,2,200,1,14,3,200,0,200,200,0,200,200,200,17,17,0,27,200
0,200,30,1,2,200,1,14,3,200,0,200,200,0,200,200,200,17,17,1,32,200
1,200,30,1,2,200,1,14,3,200,0,200,200,0,200,200,200,17,17,1,9,200
0,200,30,1,2,0,1,8,5,200,0,0,0,0,200,200,1,0,200,0,200,200
4,200,30,1,2,0,1,8,5,200,0,0,0,0,200,200,1,0,200,0,32,200
0,200,30,2,2,0,1,0,5,200,0,0,0,1,1,200,200,5,5,0,20,200
0,200,30,2,2,0,1,0,5,200,0,0,0,1,1,200,200,5,5,0,32,200
0,200,30,2,2,0,1,0,5,200,0,0,0,1,1,200,200,5,5,0,38,200
0,200,30,2,2,0,1,0,5,200,0,0,0,1,1,200,200,5,5,1,57,200
1,200,30,2,2,0,1,0,5,200,0,0,0,1,1,200,200,5,5,1,26,200
0,200,30,1,2,200,200,14,2,200,0,200,200,0,200,200,1,0,200,1,200,200
0,200,30,1,2,200,200,14,2,200,0,200,200,0,200,200,1,0,200,0,30,200
0,1,30,0,0,200,200,7,5,200,0,200,200,0,200,200,1,0,200,2,200,200
0,200,40,0,0,0,1,12,3,3,0,0,0,0,200,200,200,0,200,0,24,200
0,200,40,0,0,0,1,12,3,3,0,0,0,0,200,200,200,0,200,0,57,200
0,200,30,1,2,0,1,10,200,2,0,0,0,0,200,200,1,18,200,1,200,200
0,200,30,1,2,0,1,10,200,2,0,0,0,0,200,200,1,18,200,0,39,200
0,200,30,1,2,1,1,10,5,2,0,1,200,0,1,200,1,18,18,2,200,200
0,200,30,1,2,1,1,10,5,2,0,1,200,0,1,200,1,18,18,1,43,200
1,200,30,1,2,1,1,10,5,2,0,1,200,0,1,200,1,18,18,0,200,200
0,200,30,0,0,0,1,12,5,2,0,1,0,0,200,200,200,17,200,0,200,200
0,200,30,0,0,0,1,12,5,2,0,1,0,0,200,200,200,17,200,0,59,200
0,200,30,0,0,0,1,12,3,200,0,0,0,0,200,200,200,17,16,0,40,200
0,200,30,0,0,0,1,12,3,200,0,0,0,0,200,200,200,17,16,0,52,200
0,200,30,1,2,0,1,14,5,200,0,0,0,0,200,200,200,3,3,2,200,200
0,200,30,1,2,0,1,14,5,200,0,0,0,0,200,200,200,3,3,1,19,200
0,200,30,1,2,0,1,10,5,200,0,0,0,0,200,200,200,0,200,0,39,200
0,200,30,1,2,0,1,10,5,200,0,0,0,0,200,200,200,0,200,0,63,200
0,200,30,0,0,200,200,7,5,2,0,0,12,0,200,200,1,0,200,2,200,200
0,1,30,2,2,1,1,0,5,2,0,0,0,1,1,200,200,17,200,0,28,200
0,1,30,2,2,1,1,0,5,2,0,0,0,1,1,200,200,17,200,1,64,200
0,200,30,0,0,0,1,11,7,200,0,0,0,0,200,1,200,0,0,1,49,200
0,200,30,0,0,0,1,11,7,200,0,0,0,0,200,1,200,0,0,1,62,200
1,200,30,0,0,0,1,11,7,200,0,0,0,0,200,1,200,0,0,1,200,200
0,200,10,0,0,0,1,2,0,200,0,0,0,0,200,200,200,11,28,1,30,200
0,200,30,1,200,200,1,10,2,4,0,200,200,1,200,200,200,0,200,0,55,200
0,200,30,1,200,200,1,10,2,4,0,200,200,1,200,200,200,0,200,1,39,200
0,1,30,0,0,0,1,2,7,200,0,0,0,0,200,200,200,11,200,0,52,200
0,200,30,1,200,0,1,10,3,200,0,0,0,0,200,200,1,18,0,0,200,200
0,200,30,1,200,0,1,10,3,200,0,0,0,0,200,200,1,18,0,1,64,200
0,200,30,1,2,0,1,14,2,4,0,0,0,0,200,200,200,18,16,1,23,200
0,200,30,1,2,0,1,14,2,4,0,0,0,0,200,200,200,18,16,1,41,200
0,200,30,1,2,0,1,10,5,200,0,0,0,0,200,200,200,16,18,1,200,200
0,200,30,1,2,0,1,10,5,200,0,0,0,0,200,200,200,16,18,0,73,200
1,200,30,1,2,0,1,10,5,200,0,0,0,0,200,200,200,16,18,1,71,200
0,200,30,0,0,0,1,10,5,200,0,0,0,0,200,200,1,0,0,1,200,200
0,200,30,0,0,0,1,10,5,200,0,0,0,0,200,200,1,0,0,0,60,200
0,200,30,0,200,0,1,7,3,4,0,0,0,0,200,200,200,20,200,1,49,200
0,200,30,1,2,0,1,10,6,200,0,0,0,0,1,200,1,18,16,0,200,200
0,200,30,1,2,0,1,10,6,200,0,0,0,0,1,200,1,18,16,0,61,200
0,200,30,0,0,0,1,12,5,2,0,0,0,0,200,200,200,17,21,0,27,200
0,200,30,0,0,0,1,12,5,2,0,0,0,0,200,200,200,17,21,0,36,200
0,0,25,0,0,0,200,7,6,200,0,0,200,0,200,200,200,0,0,2,200,200
0,200,30,1,2,0,2,14,5,2,0,0,200,1,1,200,200,17,200,1,19,200
0,200,30,1,2,0,2,14,5,2,0,0,200,1,1,200,200,17,200,0,57,200
1,200,30,1,2,0,2,14,5,2,0,0,200,1,1,200,200,17,200,0,19,200
1,200,30,1,2,0,2,14,5,2,0,0,200,1,1,200,200,17,200,0,32,200
0,200,30,3,2,0,1,14,12,2,0,0,0,1,1,200,200,17,16,2,200,200
0,200,30,3,2,0,1,14,12,2,0,0,0,1,1,200,200,17,16,0,30,200
0,200,30,5,12,0,1,7,2,2,0,0,0,0,200,200,1,0,0,2,200,200
0,200,30,1,2,1,1,10,5,2,0,200,200,0,200,200,200,7,18,0,47,200
0,200,30,1,2,1,1,10,5,2,0,200,200,0,200,200,200,7,18,1,29,200
0,200,20,0,0,0,1,7,5,2,0,0,0,0,200,200,1,0,11,2,200,200
1,200,20,0,0,0,1,7,5,2,0,0,0,0,200,200,1,0,11,0,28,200
0,200,30,2,2,0,1,9,6,1,0,0,0,1,200,200,1,0,200,0,200,200
5,200,30,2,2,0,1,9,6,1,0,0,0,1,200,200,1,0,200,1,36,200
0,200,30,0,0,200,1,2,200,200,0,0,0,0,200,1,1,0,0,2,200,200
0,200,30,2,2,2,1,0,2,2,0,1,0,1,1,200,200,17,200,1,57,200
0,200,30,2,2,2,1,0,2,2,0,1,0,1,1,200,200,17,200,0,24,200
1,200,30,2,2,2,1,0,2,2,0,1,0,1,1,200,200,17,200,1,78,200
0,200,30,200,200,200,200,0,6,1,0,200,200,0,200,200,1,0,200,1,200,200
0,200,30,200,200,200,200,0,6,1,0,200,200,0,200,200,1,0,200,1,23,200
0,200,35,1,200,200,3,0,12,0,0,200,200,0,1,200,200,6,6,1,24,200
0,200,35,1,200,200,3,0,12,0,0,200,200,0,1,200,200,6,6,0,28,200
4,200,35,2,2,1,1,8,6,3,0,0,0,1,1,200,200,10,200,0,24,200
0,200,35,2,2,1,1,8,6,3,0,0,0,1,1,200,200,10,200,0,37,200
1,200,35,2,2,1,1,8,6,3,0,0,0,1,1,200,200,10,200,0,21,200
0,200,30,0,0,0,1,11,5,200,0,0,0,0,200,200,200,21,200,1,60,200
0,200,30,0,0,0,1,11,5,200,0,0,0,0,200,200,200,21,200,0,51,200
1,200,30,0,0,0,1,11,5,200,0,0,0,0,200,200,200,21,200,0,14,200
0,200,35,1,2,0,1,10,5,4,1,0,0,0,200,200,200,18,0,0,26,200
0,200,35,1,2,0,1,10,5,4,1,0,0,0,200,200,200,18,0,1,54,200
0,200,30,0,0,0,1,7,5,4,0,0,0,1,200,200,200,21,12,0,28,200
0,200,30,0,0,1,1,0,5,2,0,0,0,0,200,200,1,20,0,0,200,200
0,200,30,0,0,1,1,0,5,2,0,0,0,0,200,200,1,20,0,0,67,200
0,200,30,0,0,1,1,10,2,4,0,0,0,1,200,200,200,18,200,0,68,200
0,200,30,0,0,1,1,10,2,4,0,0,0,1,200,200,200,18,200,1,33,200
0,200,30,0,0,1,1,10,2,4,0,0,0,1,200,200,200,18,200,1,31,200
0,200,30,1,2,0,1,14,5,200,0,0,0,0,200,200,200,17,21,1,200,200
0,200,30,1,2,0,1,14,5,200,0,0,0,0,200,200,200,17,21,1,31,200
0,200,35,1,2,0,1,12,3,200,1,0,12,0,200,200,200,21,200,0,21,200
0,200,35,1,2,0,1,12,3,200,1,0,12,0,200,200,200,21,200,0,36,200
0,1,30,200,200,200,200,7,5,200,0,200,200,0,200,200,1,0,200,2,200,200
0,200,30,0,0,0,1,7,7,2,0,0,0,0,200,1,200,0,200,1,24,200
0,200,30,2,2,0,1,0,5,2,0,0,0,0,1,200,200,17,200,0,34,200
0,200,30,2,2,0,1,0,5,2,0,0,0,0,1,200,200,17,200,1,44,200
0,200,40,0,0,0,3,14,3,6,0,0,0,0,200,200,1,14,25,0,28,200
0,200,40,0,0,0,3,14,3,6,0,0,0,0,200,200,1,14,25,2,200,200
0,200,30,0,0,1,1,12,6,3,0,0,0,0,200,200,200,200,200,0,48,200
0,200,30,0,0,1,1,12,6,3,0,0,0,0,200,200,200,200,200,0,52,200
1,200,30,0,0,1,1,12,6,3,0,0,0,0,200,200,200,200,200,0,200,200
0,200,30,0,0,0,1,10,5,200,0,0,0,0,200,200,200,18,0,0,44,200
0,200,30,0,0,0,1,10,5,200,0,0,0,0,200,200,200,18,0,0,30,200
1,200,30,0,0,0,1,10,5,200,0,0,0,0,200,200,200,18,0,1,46,200
0,200,30,0,0,0,1,11,5,2,0,0,0,0,200,200,200,0,200,0,32,200
0,200,30,0,0,0,1,11,5,2,0,0,0,0,200,200,200,0,200,1,19,200
0,200,20,0,0,0,1,7,6,1,0,0,0,0,200,200,1,0,0,2,200,200
0,200,30,1,2,0,1,14,5,2,0,0,0,0,1,200,200,0,0,0,200,200
0,200,30,1,2,0,1,14,5,2,0,0,0,0,1,200,200,0,0,1,200,200
0,200,30,0,0,0,1,7,6,1,0,200,200,0,200,200,200,20,20,1,200,200
0,200,35,200,200,0,1,7,2,4,0,200,200,0,200,200,200,0,200,1,20,200
0,200,30,1,2,0,1,14,3,4,0,0,0,0,200,200,1,6,17,0,200,200
0,200,30,1,2,0,1,14,3,4,0,0,0,0,200,200,1,6,17,1,18,200
1,200,30,1,2,0,1,14,3,4,0,0,0,0,200,200,1,6,17,0,18,200
1,200,30,1,2,0,1,14,3,4,0,0,0,0,200,200,1,6,17,1,17,200
0,200,30,1,2,0,1,10,5,200,0,0,0,0,200,200,200,18,11,1,33,200
0,200,30,1,2,0,1,10,5,200,0,0,0,0,200,200,200,18,11,1,40,200
0,200,30,0,0,0,1,14,5,2,0,0,200,0,1,200,200,21,0,1,25,200
0,200,30,0,0,0,1,14,5,2,0,0,200,0,1,200,200,21,0,1,38,200
1,200,30,0,0,0,1,14,5,2,0,0,200,0,1,200,200,21,0,200,15,200
0,200,30,1,2,0,1,10,5,200,0,0,0,0,1,200,200,0,0,0,30,200
0,200,30,1,2,0,1,10,5,200,0,0,0,0,1,200,200,0,0,0,21,200
1,200,30,1,2,0,1,10,5,200,0,0,0,0,1,200,200,0,0,1,200,200
0,200,25,0,0,0,1,0,7,200,0,0,0,1,200,200,1,0,0,0,200,200
0,200,25,0,0,0,1,0,7,200,0,0,0,1,200,200,1,0,0,1,64,200
0,200,30,0,0,0,1,12,5,200,0,200,200,0,1,200,200,23,0,0,46,200
0,200,30,0,0,0,1,12,5,200,0,200,200,0,1,200,200,23,0,0,41,200
0,200,30,0,0,0,1,14,5,2,0,0,0,1,200,200,200,0,200,0,0,200
0,200,30,0,0,0,1,14,5,2,0,0,0,1,200,200,200,0,200,0,27,200
0,200,30,1,2,0,1,12,5,200,0,0,0,0,1,200,200,0,0,1,200,200
0,200,30,1,2,0,1,12,5,200,0,0,0,0,1,200,200,0,0,1,49,200
0,200,30,1,2,0,1,2,2,2,0,0,0,1,200,200,200,23,0,1,61,200
0,200,30,1,2,1,1,14,5,200,0,0,0,0,1,200,200,17,200,0,0,200
0,200,30,1,2,1,1,14,5,200,0,0,0,0,1,200,200,17,200,1,0,200
1,200,30,1,2,1,1,14,5,200,0,0,0,0,1,200,200,17,200,1,52,200
1,200,30,1,2,1,1,14,5,200,0,0,0,0,1,200,200,17,200,1,42,200
1,200,30,1,2,1,1,14,5,200,0,0,0,0,1,200,200,17,200,0,21,200
1,200,30,1,2,1,1,14,5,200,0,0,0,0,1,200,200,17,200,1,4,200
0,200,30,0,1,0,1,12,3,4,0,0,0,0,200,200,200,0,200,0,20,200
0,200,30,0,1,0,1,12,3,4,0,0,0,0,200,200,200,0,200,1,66,200
0,200,10,0,0,0,1,7,7,200,0,0,0,0,200,1,200,0,0,0,200,200
0,200,30,0,0,0,1,12,5,200,0,0,0,0,200,200,200,0,0,0,43,200
0,200,30,0,0,0,1,12,5,200,0,0,0,0,200,200,200,0,0,0,16,200
0,200,15,0,0,0,1,7,7,200,0,0,0,0,200,1,200,20,16,0,27,200
1,200,15,0,0,0,1,7,7,200,0,0,0,0,200,1,200,20,16,0,200,200
0,200,30,0,0,0,1,14,5,200,0,0,0,0,200,200,200,11,0,0,44,200
0,200,30,0,0,0,1,14,5,200,0,0,0,0,200,200,200,11,0,0,200,200
0,200,30,0,0,1,1,12,5,200,0,0,0,0,200,200,1,0,0,2,200,200
0,200,30,0,0,1,1,12,5,200,0,0,0,0,200,200,1,0,0,0,32,200
1,200,30,0,0,1,1,12,5,200,0,0,0,0,200,200,1,0,0,1,30,200
0,200,30,1,2,0,1,14,6,200,0,0,0,0,1,200,200,21,6,0,20,200
0,200,30,1,2,0,1,14,6,200,0,0,0,0,1,200,200,21,6,1,55,200
0,200,30,1,2,0,1,12,6,200,0,0,200,0,1,200,200,0,0,1,33,200
0,200,30,1,2,0,1,12,6,200,0,0,200,0,1,200,200,0,0,0,41,200
0,200,30,1,2,0,1,10,5,2,0,0,0,1,1,200,200,18,16,0,19,200
0,200,30,1,2,0,1,10,5,2,0,0,0,1,1,200,200,18,16,1,61,200
0,200,30,1,2,200,4,10,2,4,0,200,0,0,1,200,200,16,200,1,63,200
0,200,30,1,2,200,4,10,2,4,0,200,0,0,1,200,200,16,200,0,63,200
1,200,30,1,2,200,4,10,2,4,0,200,0,0,1,200,200,16,200,200,200,200
0,200,25,0,0,0,1,7,6,1,0,0,0,0,200,200,1,200,200,2,200,200
0,200,30,1,2,0,1,10,6,3,0,0,0,0,200,200,200,16,0,0,16,200
0,200,30,1,2,0,1,10,6,3,0,0,0,0,200,200,200,16,0,0,49,200
1,200,30,1,2,0,1,10,6,3,0,0,0,0,200,200,200,16,0,1,16,200
1,200,30,1,2,0,1,10,6,3,0,0,0,0,200,200,200,16,0,0,54,200
1,200,30,1,2,0,1,10,6,3,0,0,0,0,200,200,200,16,0,1,51,200
1,200,30,1,2,0,1,10,6,3,0,0,0,0,200,200,200,16,0,1,11,200
1,200,30,1,2,0,1,10,6,3,0,0,0,0,200,200,200,16,0,1,77,200
4,200,25,2,2,0,1,8,5,1,0,0,0,1,200,200,200,17,200,0,28,200
0,200,25,2,2,0,1,8,5,1,0,0,0,1,200,200,200,17,200,0,42,200
0,200,30,0,0,0,1,10,5,200,0,0,0,0,200,200,1,200,200,2,200,200
0,200,30,0,0,0,1,10,5,200,0,0,0,0,200,200,1,200,200,1,34,200
0,0,30,0,0,200,1,7,5,200,0,200,0,0,200,200,1,0,0,2,200,200
0,200,30,0,0,0,1,7,5,200,0,0,0,0,200,1,200,0,0,0,57,200
1,200,30,0,0,0,1,7,5,200,0,0,0,0,200,1,200,0,0,1,200,200
0,200,30,0,0,0,1,14,5,4,0,0,0,0,200,200,200,17,33,1,200,200
0,200,30,0,0,0,1,14,5,4,0,0,0,0,200,200,200,17,33,1,35,200
0,200,30,1,2,0,1,10,5,200,0,0,0,0,200,200,200,17,18,0,69,200
0,200,30,1,2,0,1,10,5,200,0,0,0,0,200,200,200,17,18,0,26,200
1,200,30,1,2,0,1,10,5,200,0,0,0,0,200,200,200,17,18,1,37,200
1,200,30,1,2,0,1,10,5,200,0,0,0,0,200,200,200,17,18,1,24,200
0,200,30,1,0,0,1,12,5,2,0,0,0,0,200,200,200,22,22,1,66,200
0,200,30,1,0,0,1,12,5,2,0,0,0,0,200,200,200,22,22,0,20,200
1,200,30,1,0,0,1,12,5,2,0,0,0,0,200,200,200,22,22,1,200,200
0,200,30,0,0,0,1,14,5,200,0,0,0,0,200,200,200,23,22,0,200,200
0,200,30,0,0,0,1,14,5,200,0,0,0,0,200,200,200,23,22,0,52,200
1,200,30,0,0,0,1,14,5,200,0,0,0,0,200,200,200,23,22,200,200,200
0,200,20,0,0,0,1,7,6,200,0,0,0,0,200,200,200,13,0,0,43,200
0,200,30,0,0,0,1,7,6,1,0,0,0,0,1,200,200,16,200,1,200,200
0,200,30,0,0,0,1,12,5,2,0,0,0,0,200,200,200,11,11,1,26,200
0,200,30,0,0,0,1,12,5,2,0,0,0,0,200,200,200,11,11,0,49,200
0,200,30,2,2,0,1,0,5,200,0,0,0,0,200,200,1,5,200,0,200,200
0,200,30,2,2,0,1,0,5,200,0,0,0,0,200,200,1,5,200,0,44,200
0,200,35,1,2,0,1,12,3,6,0,0,0,0,200,200,1,200,200,2,200,200
0,200,35,1,2,0,1,12,3,6,0,0,0,0,200,200,1,200,200,1,33,200
1,200,35,1,2,0,1,12,3,6,0,0,0,0,200,200,1,200,200,2,200,200
1,200,35,1,2,0,1,12,3,6,0,0,0,0,200,200,1,200,200,200,200,200
1,200,35,1,2,0,1,12,3,6,0,0,0,0,200,200,1,200,200,200,200,200
1,200,35,1,2,0,1,12,3,6,0,0,0,0,200,200,1,200,200,200,200,200
1,200,35,1,2,0,1,12,3,6,0,0,0,0,200,200,1,200,200,200,200,200
0,200,30,0,0,0,3,7,5,200,0,0,0,0,200,200,1,0,200,2,200,200
0,200,25,2,2,0,1,0,5,2,0,0,0,0,200,200,200,0,0,1,41,200
0,200,25,2,2,0,1,0,5,2,0,0,0,0,200,200,200,0,0,1,37,200
1,200,25,2,2,0,1,0,5,2,0,0,0,0,200,200,200,0,0,1,5,200
0,200,30,1,2,1,1,10,5,4,0,0,0,1,200,200,200,18,0,0,30,200
0,200,30,1,2,1,1,10,5,4,0,0,0,1,200,200,200,18,0,1,38,200
1,200,30,1,2,1,1,10,5,4,0,0,0,1,200,200,200,18,0,1,47,200
0,200,30,0,0,0,3,7,5,1,0,0,0,0,200,200,1,0,0,2,200,200
0,200,30,1,1,0,1,0,5,4,0,0,0,1,0,200,1,6,25,0,200,200
0,200,30,1,1,0,1,0,5,4,0,0,0,1,0,200,1,6,25,0,68,200
0,200,30,1,2,0,1,10,3,4,0,0,0,0,200,200,200,18,200,0,39,200
0,200,30,1,2,0,1,10,3,4,0,0,0,0,200,200,200,18,200,1,28,200
0,1,30,0,0,0,1,7,6,200,0,0,0,0,200,200,1,0,0,2,200,200
0,200,30,1,2,1,0,10,5,200,0,1,0,0,1,200,200,12,18,0,53,200
0,200,30,1,2,1,0,10,5,200,0,1,0,0,1,200,200,12,18,1,23,200
0,200,30,0,0,0,1,10,2,2,0,0,0,0,200,200,200,18,0,1,23,200
0,200,30,0,0,0,1,10,2,2,0,0,0,0,200,200,200,18,0,0,38,200
0,200,30,200,200,0,1,10,5,2,0,200,200,1,200,200,200,200,200,0,64,200
0,200,30,200,200,0,1,10,5,2,0,200,200,1,200,200,200,200,200,0,38,200
0,200,30,1,200,0,1,7,2,4,0,0,0,0,200,200,1,21,200,2,200,200
1,200,30,1,200,0,1,7,2,4,0,0,0,0,200,200,1,21,200,200,0,200
1,200,30,1,200,0,1,7,2,4,0,0,0,0,200,200,1,21,200,0,200,200
0,200,30,1,2,0,1,7,2,2,0,0,0,0,200,200,1,0,23,1,48,200
0,200,30,0,0,0,2,7,5,2,0,0,0,0,200,200,1,0,200,2,200,200
0,200,30,2,1,1,1,12,5,4,0,0,0,0,1,200,1,22,200,0,200,200
0,200,30,2,1,1,1,12,5,4,0,0,0,0,1,200,1,22,200,1,51,200
1,200,30,2,1,1,1,12,5,4,0,0,0,0,1,200,1,22,200,1,25,200
1,200,30,2,1,1,1,12,5,4,0,0,0,0,1,200,1,22,200,0,15,200
0,200,30,0,0,0,1,14,5,200,0,0,0,0,200,200,200,22,200,0,200,200
0,200,30,0,0,0,1,14,5,200,0,0,0,0,200,200,200,22,200,1,18,200
0,200,30,1,2,0,1,10,5,200,0,0,200,0,1,200,200,17,200,0,19,200
0,200,30,1,2,0,1,10,5,200,0,0,200,0,1,200,200,17,200,1,37,200
4,200,30,2,200,0,1,8,6,1,0,0,200,1,1,200,200,0,0,0,16,200
0,200,30,2,200,0,1,8,6,1,0,0,200,1,1,200,200,0,0,1,31,200
0,200,35,0,0,0,1,12,3,4,2,0,0,0,200,200,200,21,21,1,77,200
0,200,35,0,0,0,1,12,3,4,2,0,0,0,200,200,200,21,21,0,35,200
0,200,30,0,0,0,1,10,5,200,0,0,0,1,200,200,200,18,200,0,64,200
0,200,30,0,0,0,1,10,5,200,0,0,0,1,200,200,200,18,200,1,24,200
0,200,30,1,2,0,1,10,2,200,0,0,0,0,1,200,1,18,16,1,35,200
0,200,30,1,2,0,1,10,2,200,0,0,0,0,1,200,1,18,16,1,35,200
0,200,30,0,0,0,0,7,6,200,0,0,0,0,200,200,1,0,0,2,200,200
0,200,30,1,2,0,1,12,2,200,0,0,0,0,200,200,200,11,200,1,52,200
0,200,30,1,2,0,1,12,2,200,0,0,0,0,200,200,200,11,200,0,25,200
0,200,30,1,2,0,1,10,5,200,0,0,0,0,1,200,200,0,0,0,48,200
0,200,30,1,2,0,1,10,5,200,0,0,0,0,1,200,200,0,0,0,22,200
0,200,15,0,0,0,1,7,5,2,0,0,0,1,200,200,200,0,0,0,65,200
1,200,15,0,0,0,1,7,5,2,0,0,0,1,200,200,200,0,0,1,2,200
0,200,30,2,2,0,1,10,2,4,0,0,200,0,1,200,200,16,200,1,64,200
0,200,30,2,2,0,1,10,2,4,0,0,200,0,1,200,200,16,200,1,29,200
1,200,30,2,2,0,1,10,2,4,0,0,200,0,1,200,200,16,200,0,29,200
0,200,30,0,0,200,1,7,2,200,0,200,0,1,200,200,1,0,200,2,200,200
0,200,30,0,0,0,0,2,7,200,0,0,0,0,200,200,200,0,200,0,24,200
0,200,30,1,2,0,1,10,5,200,0,0,0,0,200,200,200,18,200,0,26,200
0,200,30,1,2,0,1,10,5,200,0,0,0,0,200,200,200,18,200,0,33,200
0,200,30,0,0,0,1,10,5,200,0,200,200,0,200,200,1,18,200,0,200,200
0,200,30,0,0,0,1,10,5,200,0,200,200,0,200,200,1,18,200,1,28,200
0,200,30,1,200,0,2,12,2,2,0,0,200,0,200,200,1,22,17,1,200,200
0,200,30,1,200,0,2,12,2,2,0,0,200,0,200,200,1,22,17,0,31,200
0,200,30,0,0,0,1,12,5,4,0,0,0,0,200,200,200,22,22,0,48,200
0,200,30,0,0,0,1,12,5,4,0,0,0,0,200,200,200,22,22,0,28,200
0,200,30,0,0,200,1,10,5,200,0,200,200,0,1,200,200,18,200,1,45,200
0,200,30,0,0,200,1,10,5,200,0,200,200,0,1,200,200,18,200,0,26,200
1,200,30,0,0,200,1,10,5,200,0,200,200,0,1,200,200,18,200,1,26,200
1,200,30,0,0,200,1,10,5,200,0,200,200,0,1,200,200,18,200,1,2,200
0,200,30,0,0,0,1,12,5,2,0,0,0,0,200,200,200,0,0,0,65,200
0,200,30,0,0,0,1,12,5,2,0,0,0,0,200,200,200,0,0,0,30,200
0,200,30,0,0,0,1,7,6,1,0,200,200,0,200,200,200,0,0,1,62,200
0,1,25,2,2,2,3,7,6,1,0,1,0,0,200,200,1,200,200,2,200,200
0,200,35,0,0,0,1,10,5,2,0,0,0,0,200,200,200,18,0,0,51,200
0,200,35,0,0,0,1,10,5,2,0,0,0,0,200,200,200,18,0,0,27,200
0,200,30,1,2,0,1,12,2,200,0,0,0,0,200,200,200,0,200,1,200,200
0,200,30,1,2,0,1,12,2,200,0,0,0,0,200,200,200,0,200,1,45,200
0,200,10,0,0,0,1,7,7,200,0,0,0,0,200,200,200,0,200,1,46,200
0,200,30,1,2,1,1,10,5,4,0,0,0,0,1,200,200,18,0,0,38,200
0,200,30,1,2,1,1,10,5,4,0,0,0,0,1,200,200,18,0,0,28,200
0,200,35,0,0,0,1,14,5,200,0,0,0,0,200,200,200,0,200,0,200,200
0,200,35,0,0,0,1,14,5,200,0,0,0,0,200,200,200,0,200,1,200,200
0,200,30,0,0,0,1,0,6,1,0,0,0,0,200,200,1,17,0,0,200,200
0,200,30,0,0,0,1,0,6,1,0,0,0,0,200,200,1,17,0,1,22,200
0,200,30,0,0,0,1,12,3,4,0,0,0,0,200,200,200,0,200,0,200,200
0,200,30,0,0,0,1,12,3,4,0,0,0,0,200,200,200,0,200,0,34,200
1,200,30,0,0,0,1,12,3,4,0,0,0,0,200,200,200,0,200,0,31,200
1,200,30,0,0,0,1,12,3,4,0,0,0,0,200,200,200,0,200,0,200,200
1,200,30,0,0,0,1,12,3,4,0,0,0,0,200,200,200,0,200,2,200,200
1,200,30,0,0,0,1,12,3,4,0,0,0,0,200,200,200,0,200,2,200,200
0,200,35,0,0,0,1,7,2,2,0,0,0,0,200,200,200,0,200,0,22,200
1,200,35,0,0,0,1,7,2,2,0,0,0,0,200,200,200,0,200,0,23,200