PERSON_TYPE,CRASH_DATE_EST_I,POSTED_SPEED_LIMIT,TRAFFIC_CONTROL_DEVICE,DEVICE_CONDITION,WEATHER_CONDITION,LIGHTING_CONDITION,FIRST_CRASH_TYPE,TRAFFICWAY_TYPE,LANE_CNT,ALIGNMENT,ROADWAY_SURFACE_COND,ROAD_DEFECT,CRASH_TYPE,INTERSECTION_RELATED_I,NOT_RIGHT_OF_WAY_I,HIT_AND_RUN_I,PRIM_CONTRIBUTORY_CAUSE,SEC_CONTRIBUTORY_CAUSE,SEX,AGE,BAC_RESULT VALUE
0,200,30,2,2,0,1,14,5,200,0,0,0,0,1,200,200,3,200,0,28,200
0,200,30,2,2,0,1,14,5,200,0,0,0,0,1,200,200,3,200,0,26,200
0,200,30,0,0,0,1,5,5,2,0,0,12,0,200,200,200,200,200,1,37,200
0,200,25,0,0,0,1,7,6,1,0,0,0,1,200,200,200,0,0,1,200,200
0,200,30,0,0,0,1,0,0,1,0,0,0,0,200,200,200,22,17,0,200,200
0,200,30,0,0,0,1,0,0,1,0,0,0,0,200,200,200,22,17,1,47,200
0,200,30,1,2,0,1,10,5,200,0,0,0,0,200,200,200,18,200,0,36,200
0,200,30,1,2,0,1,10,5,200,0,0,0,0,200,200,200,18,200,0,59,200
1,200,30,1,2,0,1,10,5,200,0,0,0,0,200,200,200,18,200,1,42,200
0,200,5,0,0,1,1,0,7,0,0,0,0,0,200,1,200,17,20,1,47,200
0,200,5,0,0,1,1,0,7,0,0,0,0,0,200,1,200,17,20,1,46,200
0,1,30,0,0,0,1,7,5,200,0,200,200,0,1,200,200,0,0,2,200,200
0,200,25,0,0,0,1,3,6,200,0,0,0,0,200,200,200,0,200,0,200,200
0,200,25,0,0,0,1,3,6,200,0,0,0,0,200,200,200,0,200,0,26,200
1,200,25,0,0,0,1,3,6,200,0,0,0,0,200,200,200,0,200,200,200,200
0,200,35,1,2,0,1,10,3,4,0,0,12,1,200,200,200,16,12,0,41,200
0,200,35,1,2,0,1,10,3,4,0,0,12,1,200,200,200,16,12,1,53,200
1,200,35,1,2,0,1,10,3,4,0,0,12,1,200,200,200,16,12,0,50,200
1,200,35,1,2,0,1,10,3,4,0,0,12,1,200,200,200,16,12,1,50,200
1,200,35,1,2,0,1,10,3,4,0,0,12,1,200,200,200,16,12,1,75,200
0,200,30,0,0,0,1,7,5,2,0,0,0,1,200,200,200,16,14,0,30,200
0,1,30,1,2,0,1,12,6,3,0,0,0,0,200,200,200,0,0,1,36,200
0,1,30,1,2,0,1,12,6,3,0,0,0,0,200,200,200,0,0,0,57,200
1,1,30,1,2,0,1,12,6,3,0,0,0,0,200,200,200,0,0,1,29,200
1,1,30,1,2,0,1,12,6,3,0,0,0,0,200,200,200,0,0,1,31,200
1,1,30,1,2,0,1,12,6,3,0,0,0,0,200,200,200,0,0,1,30,200
0,200,30,0,0,2,1,14,5,2,0,1,0,1,200,200,200,16,200,0,53,200
0,200,30,0,0,2,1,14,5,2,0,1,0,1,200,200,200,16,200,0,71,200
0,200,30,0,0,0,1,11,0,1,0,0,0,0,1,200,200,20,200,0,200,200
0,200,30,0,0,0,1,11,0,1,0,0,0,0,1,200,200,20,200,0,200,200
1,200,30,0,0,0,1,11,0,1,0,0,0,0,1,200,200,20,200,1,200,200
0,200,30,0,0,0,1,7,6,1,0,0,0,1,200,200,1,0,200,2,200,200
0,200,15,0,0,0,1,7,5,200,0,0,0,0,200,1,200,0,0,1,22,200
0,200,30,0,0,0,1,10,6,200,0,0,0,0,200,200,1,18,0,2,200,200
0,200,30,0,0,0,1,10,6,200,0,0,0,0,200,200,1,18,0,1,36,200
0,200,30,0,0,0,1,7,7,200,0,0,0,0,200,200,1,7,200,0,200,200
0,200,25,0,2,0,4,9,5,200,0,0,0,1,200,200,200,20,200,0,63,200
5,200,25,0,2,0,4,9,5,200,0,0,0,1,200,200,200,20,200,0,59,200
0,200,30,1,0,0,1,12,6,4,0,0,0,0,200,200,200,21,0,0,46,200
0,200,30,1,0,0,1,12,6,4,0,0,0,0,200,200,200,21,0,0,36,200
0,200,30,0,0,0,1,14,5,200,0,0,0,0,200,200,200,0,0,0,200,200
0,200,30,0,0,0,1,14,5,200,0,0,0,0,200,200,200,0,0,0,39,200
1,200,30,0,0,0,1,14,5,200,0,0,0,0,200,200,200,0,0,1,23,200
0,200,30,1,2,0,3,14,5,2,0,0,0,0,200,200,200,23,200,0,62,200
0,200,30,1,2,0,3,14,5,2,0,0,0,0,200,200,200,23,200,0,38,200
0,200,30,2,2,0,0,0,5,200,0,0,0,1,1,200,200,17,200,0,19,200
0,200,30,2,2,0,0,0,5,200,0,0,0,1,1,200,200,17,200,0,75,200
0,200,30,0,0,0,3,10,5,200,0,0,0,0,200,200,200,18,16,0,200,200
0,200,30,0,0,0,3,10,5,200,0,0,0,0,200,200,200,18,16,0,40,200
0,200,35,0,0,0,0,7,5,2,0,0,0,1,200,200,1,25,200,1,200,200
0,200,35,0,0,0,1,7,2,200,0,0,0,0,200,200,1,0,0,0,200,200
0,200,30,0,0,0,1,14,5,200,0,0,0,0,200,200,1,17,0,2,200,200
0,200,30,0,0,0,1,14,5,200,0,0,0,0,200,200,1,17,0,1,42,200
1,200,30,0,0,0,1,14,5,200,0,0,0,0,200,200,1,17,0,1,200,200
0,200,30,0,0,0,1,12,5,200,0,0,0,0,200,200,200,17,16,1,200,200
0,200,30,0,0,0,1,12,5,200,0,0,0,0,200,200,200,17,16,0,52,200
0,200,30,2,2,0,1,8,5,200,0,0,0,1,200,200,200,17,200,0,27,200
4,200,30,2,2,0,1,8,5,200,0,0,0,1,200,200,200,17,200,1,44,200
0,200,20,2,2,0,1,10,5,2,0,0,0,0,1,1,1,0,0,2,200,200
0,200,20,2,2,0,1,10,5,2,0,0,0,0,1,1,1,0,0,0,26,200
0,200,30,0,0,0,1,7,5,1,0,0,0,0,200,200,0,22,22,1,25,200
0,200,30,1,2,0,4,10,2,200,0,0,0,0,200,200,1,15,200,0,200,200
0,200,30,1,2,0,4,10,2,200,0,0,0,0,200,200,1,15,200,0,68,200
0,200,30,12,12,0,3,12,2,200,0,0,0,0,0,200,0,200,200,0,37,200
0,200,30,12,12,0,3,12,2,200,0,0,0,0,0,200,0,200,200,1,52,200
0,200,10,0,0,0,3,10,7,0,0,0,12,1,200,200,200,0,0,1,200,200
0,200,10,0,0,0,3,10,7,0,0,0,12,1,200,200,200,0,0,1,31,200
1,200,10,0,0,0,3,10,7,0,0,0,12,1,200,200,200,0,0,0,200,200
1,200,10,0,0,0,3,10,7,0,0,0,12,1,200,200,200,0,0,0,200,200
1,200,10,0,0,0,3,10,7,0,0,0,12,1,200,200,200,0,0,1,200,200
1,200,10,0,0,0,3,10,7,0,0,0,12,1,200,200,200,0,0,0,200,200
0,200,30,0,0,0,0,7,2,200,0,0,0,1,200,200,1,0,200,2,200,200
0,200,30,0,200,0,3,5,5,4,0,0,0,1,200,0,0,25,14,0,16,200
4,200,30,0,0,0,3,8,5,4,0,0,0,1,200,200,1,0,0,0,200,200
0,200,30,0,0,0,0,7,5,200,0,0,0,0,200,200,1,200,200,2,200,200
0,200,35,0,0,0,3,14,3,200,0,0,0,0,200,200,200,17,23,0,60,200
0,200,35,0,0,0,3,14,3,200,0,0,0,0,200,200,200,17,23,0,41,200
1,200,35,0,0,0,3,14,3,200,0,0,0,0,200,200,200,17,23,1,0,200
1,200,35,0,0,0,3,14,3,200,0,0,0,0,200,200,200,17,23,0,26,200
1,200,35,0,0,0,3,14,3,200,0,0,0,0,200,200,200,17,23,1,56,200
1,200,35,0,0,0,3,14,3,200,0,0,0,0,200,200,200,17,23,1,20,200
1,200,35,0,0,0,3,14,3,200,0,0,0,0,200,200,200,17,23,0,22,200
0,200,45,0,0,0,3,12,3,6,0,0,200,0,200,200,0,21,0,0,24,200
0,200,45,0,0,0,3,12,3,6,0,0,200,0,200,200,0,21,0,0,21,200
1,200,45,0,0,0,3,12,3,6,0,0,200,0,200,200,0,21,0,1,29,200
1,200,45,0,0,0,3,12,3,6,0,0,200,0,200,200,0,21,0,0,200,200
0,200,30,1,2,0,0,0,5,4,0,0,0,1,200,200,200,17,200,1,22,200
0,200,30,1,2,0,0,0,5,4,0,0,0,1,200,200,200,17,200,1,41,200
0,0,35,0,0,0,1,7,6,2,0,0,0,0,200,200,1,0,0,2,200,200
0,200,35,1,200,0,3,14,2,4,0,0,200,0,200,200,200,21,0,0,57,200
0,200,35,1,200,0,3,14,2,4,0,0,200,0,200,200,200,21,0,0,32,200
0,200,30,1,2,0,1,10,5,2,0,0,0,1,200,200,200,0,0,1,51,200
0,200,30,1,2,0,1,10,5,2,0,0,0,1,200,200,200,0,0,1,52,200
0,200,30,1,2,0,3,12,6,4,0,0,0,0,200,200,1,18,200,0,200,200
0,200,30,1,2,0,3,12,6,4,0,0,0,0,200,200,1,18,200,1,38,200
0,200,25,1,2,0,3,10,2,200,0,0,0,1,200,200,200,7,7,1,29,200
0,200,25,1,2,0,3,10,2,200,0,0,0,1,200,200,200,7,7,0,27,200
0,200,30,0,0,0,3,7,6,1,0,0,0,0,200,200,1,0,200,2,200,200
0,200,15,0,0,0,0,2,0,200,0,0,0,0,200,1,200,11,11,1,57,200
0,200,30,0,0,0,0,7,6,1,0,0,0,1,200,200,1,0,200,0,200,200
0,200,30,1,2,0,3,0,12,0,0,0,0,1,1,200,1,6,0,0,200,200
0,200,30,1,2,0,3,0,12,0,0,0,0,1,1,200,1,6,0,1,37,200
1,200,30,1,2,0,3,0,12,0,0,0,0,1,1,200,1,6,0,1,32,200
1,200,30,1,2,0,3,0,12,0,0,0,0,1,1,200,1,6,0,0,200,200
0,1,30,0,0,0,3,3,5,2,0,0,0,1,200,200,200,16,5,1,38,200
0,1,30,0,0,0,3,3,5,2,0,0,0,1,200,200,200,16,5,0,37,200
1,1,30,0,0,0,3,3,5,2,0,0,0,1,200,200,200,16,5,0,25,200
1,1,30,0,0,0,3,3,5,2,0,0,0,1,200,200,200,16,5,0,24,200
0,200,35,3,2,0,3,2,12,200,0,0,0,0,200,200,200,11,0,0,35,200
0,200,30,1,2,0,3,12,8,3,0,0,0,0,1,200,200,0,23,0,43,200
0,200,30,1,2,0,3,12,8,3,0,0,0,0,1,200,200,0,23,0,57,200
0,1,30,0,2,0,1,7,2,2,0,0,0,0,200,200,0,21,0,0,54,200
0,200,30,1,2,0,1,10,3,3,0,0,0,0,1,200,1,18,16,0,200,200
0,200,30,1,2,0,1,10,3,3,0,0,0,0,1,200,1,18,16,0,24,200
0,200,15,200,200,0,2,10,0,200,0,0,0,0,200,200,200,16,200,0,33,200
0,200,15,200,200,0,2,10,0,200,0,0,0,0,200,200,200,16,200,1,30,200
0,200,35,0,0,0,2,7,5,2,0,0,0,1,200,200,0,0,0,1,26,200
0,200,30,2,2,0,1,9,5,2,0,0,3,1,1,200,200,200,200,1,43,200
5,200,30,2,2,0,1,9,5,2,0,0,3,1,1,200,200,200,200,1,46,200
0,200,30,1,2,0,1,12,5,4,0,0,0,0,200,200,200,0,0,1,200,200
0,200,30,1,2,0,1,12,5,4,0,0,0,0,200,200,200,0,0,0,200,200
0,200,30,0,0,0,1,10,1,2,0,0,0,0,200,200,200,18,200,1,22,200
0,200,30,0,0,0,1,10,1,2,0,0,0,0,200,200,200,18,200,0,35,200
0,200,30,1,2,0,1,14,5,2,0,0,200,0,1,200,200,0,0,0,23,200
0,200,30,1,2,0,1,14,5,2,0,0,200,0,1,200,200,0,0,0,18,200
0,200,30,0,0,0,2,14,2,2,0,0,0,0,200,200,1,23,0,0,200,200
0,200,30,0,0,0,2,14,2,2,0,0,0,0,200,200,1,23,0,1,33,200
0,200,30,1,2,0,1,14,5,4,0,0,0,0,1,200,200,6,0,0,34,200
0,200,30,1,2,0,1,14,5,4,0,0,0,0,1,200,200,6,0,0,50,200
0,200,30,3,2,0,1,12,3,4,5,0,0,0,1,200,200,21,21,0,28,200
0,200,30,3,2,0,1,12,3,4,5,0,0,0,1,200,200,21,21,0,28,200
0,200,30,1,200,200,200,14,5,2,0,200,200,0,1,200,200,0,200,0,23,200
0,200,30,1,200,200,200,14,5,2,0,200,200,0,1,200,200,0,200,0,48,200
1,200,30,1,200,200,200,14,5,2,0,200,200,0,1,200,200,0,200,1,51,200
1,200,30,1,200,200,200,14,5,2,0,200,200,0,1,200,200,0,200,0,9,200
1,200,30,1,200,200,200,14,5,2,0,200,200,0,1,200,200,0,200,1,9,200
1,200,30,1,200,200,200,14,5,2,0,200,200,0,1,200,200,0,200,1,9,200
0,200,30,1,2,0,1,14,2,4,0,0,0,0,1,200,200,23,200,1,53,200
0,200,30,1,2,0,1,14,2,4,0,0,0,0,1,200,200,23,200,1,53,200
0,200,30,10,2,0,1,2,3,200,0,0,0,0,200,200,200,3,200,0,33,200
0,200,30,10,2,0,1,2,3,200,0,0,0,0,200,200,200,3,200,0,53,200
0,200,30,1,2,0,1,14,2,2,0,0,0,0,200,1,200,22,22,0,22,200
0,200,30,1,2,0,1,14,2,2,0,0,0,0,200,1,200,22,22,0,58,200
0,200,30,2,2,0,1,10,2,4,0,0,0,0,1,200,200,20,0,1,37,200
0,200,30,2,2,0,1,10,2,4,0,0,0,0,1,200,200,20,0,1,63,200
0,200,30,0,0,0,1,0,5,4,0,0,0,0,200,200,200,22,200,0,200,200
0,200,30,0,0,0,1,0,5,4,0,0,0,0,200,200,200,22,200,0,62,200
1,200,30,0,0,0,1,0,5,4,0,0,0,0,200,200,200,22,200,1,200,200
0,200,30,0,0,0,1,7,7,0,0,0,0,0,200,1,200,0,200,1,200,200
0,200,30,10,2,0,1,2,3,200,0,0,0,1,200,200,200,3,200,0,58,200
0,200,30,0,200,0,1,8,2,4,0,0,0,1,200,200,1,0,200,1,200,200
4,200,30,0,200,0,1,8,2,4,0,0,0,1,200,200,1,0,200,0,56,200
0,200,30,1,2,0,1,10,5,4,0,0,0,0,1,200,200,16,200,0,25,200
0,200,30,1,2,0,1,10,5,4,0,0,0,0,1,200,200,16,200,1,51,200
1,200,30,1,2,0,1,10,5,4,0,0,0,0,1,200,200,16,200,1,8,200
1,200,30,1,2,0,1,10,5,4,0,0,0,0,1,200,200,16,200,0,1,200
0,200,5,2,2,0,1,14,7,2,2,0,0,1,200,1,200,200,200,0,65,200
0,200,5,2,2,0,1,14,7,2,2,0,0,1,200,1,200,200,200,0,67,200
1,200,5,2,2,0,1,14,7,2,2,0,0,1,200,1,200,200,200,0,60,200
0,200,25,0,0,0,1,11,7,200,0,0,0,0,200,200,200,11,20,0,47,200
0,200,25,0,0,0,1,11,7,200,0,0,0,0,200,200,200,11,20,0,57,200
0,200,30,0,0,0,1,7,7,200,0,0,0,0,200,200,1,0,200,2,200,200
0,200,30,0,0,0,1,14,5,200,0,0,0,0,200,200,200,17,200,0,63,200
0,200,30,0,0,0,1,14,5,200,0,0,0,0,200,200,200,17,200,0,31,200
0,200,30,0,0,0,1,3,5,2,0,0,0,0,200,200,1,20,200,0,200,200
0,200,30,0,0,0,1,3,5,2,0,0,0,0,200,200,1,20,200,1,32,200
0,200,30,3,2,0,1,14,5,4,0,0,0,1,0,200,200,33,33,0,25,200
0,200,30,3,2,0,1,14,5,4,0,0,0,1,0,200,200,33,33,0,30,200
1,200,30,3,2,0,1,14,5,4,0,0,0,1,0,200,200,33,33,0,41,200
0,200,30,4,0,0,1,9,5,2,0,0,0,1,0,200,200,17,200,1,41,200
5,200,30,4,0,0,1,9,5,2,0,0,0,1,0,200,200,17,200,1,40,200
0,200,35,3,2,0,1,12,2,4,0,0,0,0,200,200,200,21,0,0,75,200
0,200,35,3,2,0,1,12,2,4,0,0,0,0,200,200,200,21,0,0,60,200
0,200,35,0,0,0,1,5,3,4,0,0,0,0,200,200,200,0,0,0,68,200
0,200,30,0,0,0,1,10,2,200,0,0,0,1,200,200,200,16,18,1,67,200
0,200,30,0,0,0,1,10,2,200,0,0,0,1,200,200,200,16,18,0,65,200
0,200,30,0,0,0,1,10,2,200,0,0,0,1,200,200,200,16,18,1,66,200
1,200,30,0,0,0,1,10,2,200,0,0,0,1,200,200,200,16,18,1,26,200
0,200,30,0,0,0,3,14,2,4,0,0,0,0,200,200,200,17,17,1,200,200
0,200,30,0,0,0,3,14,2,4,0,0,0,0,200,200,200,17,17,0,27,200
0,200,30,1,2,0,1,14,2,2,0,0,0,0,200,200,1,0,200,1,200,200
0,200,30,1,2,0,1,14,2,2,0,0,0,0,200,200,1,0,200,0,47,200
0,200,30,0,0,200,200,7,6,1,0,200,200,0,200,200,1,0,200,2,200,200
0,200,40,0,0,0,4,12,8,200,0,0,0,0,200,200,200,17,200,1,29,200
0,200,40,0,0,0,4,12,8,200,0,0,0,0,200,200,200,17,200,0,25,200
0,200,30,0,0,0,1,12,5,200,0,0,0,0,200,200,200,21,17,0,51,200
0,200,30,0,0,0,1,12,5,200,0,0,0,0,200,200,200,21,17,0,39,200
1,200,30,0,0,0,1,12,5,200,0,0,0,0,200,200,200,21,17,0,38,200
0,200,30,0,0,0,1,0,5,2,0,0,0,0,200,200,200,20,17,0,41,200
0,200,30,0,0,0,1,0,5,2,0,0,0,0,200,200,200,20,17,0,42,200
0,1,5,0,0,0,1,7,6,1,0,0,200,0,200,200,200,11,0,0,57,200
0,200,30,0,0,0,1,7,7,0,0,0,0,0,200,1,200,200,200,0,18,200
0,200,30,1,2,0,1,14,5,2,0,0,0,1,200,200,200,0,0,0,41,200
0,200,30,1,2,0,1,14,5,2,0,0,0,1,200,200,200,0,0,0,19,200
1,200,30,1,2,0,1,14,5,2,0,0,0,1,200,200,200,0,0,0,28,200
0,200,20,0,0,200,3,7,6,200,0,200,0,0,200,200,1,0,200,2,200,200
0,200,30,0,0,0,1,0,6,1,0,0,0,1,200,200,200,33,0,0,29,200
0,200,30,0,0,0,1,0,6,1,0,0,0,1,200,200,200,33,0,0,18,200
1,200,30,0,0,0,1,0,6,1,0,0,0,1,200,200,200,33,0,1,18,200
0,200,30,0,0,0,1,10,2,4,0,0,0,1,200,200,200,0,200,0,36,200
0,200,30,0,0,0,1,10,2,4,0,0,0,1,200,200,200,0,200,1,49,200
0,200,30,0,0,0,1,10,2,4,0,0,0,1,200,200,200,0,200,1,60,200
1,200,30,0,0,0,1,10,2,4,0,0,0,1,200,200,200,0,200,0,14,200
1,200,30,0,0,0,1,10,2,4,0,0,0,1,200,200,200,0,200,0,1,200
0,1,30,0,0,0,1,7,6,200,0,200,0,0,200,200,1,18,0,2,200,200
0,200,15,0,0,200,3,2,0,200,0,200,200,0,200,1,200,20,200,0,44,200
0,200,30,1,2,0,1,10,5,2,0,0,0,0,200,200,1,18,200,1,200,200
0,200,30,1,2,0,1,10,5,2,0,0,0,0,200,200,1,18,200,0,26,200
0,200,30,1,2,0,1,10,5,2,0,0,0,0,200,200,1,18,200,2,200,200
1,200,30,1,2,0,1,10,5,2,0,0,0,0,200,200,1,18,200,1,2,200
0,200,30,0,0,0,1,10,2,4,0,0,0,1,200,200,200,18,28,0,53,200
0,200,30,0,0,0,1,10,2,4,0,0,0,1,200,200,200,18,28,0,56,200
0,1,30,0,0,200,200,7,6,1,0,200,0,0,200,200,1,0,0,2,200,200
0,200,20,0,0,0,1,9,2,200,0,0,0,1,1,200,200,0,0,0,83,200
5,200,20,0,0,0,1,9,2,200,0,0,0,1,1,200,200,0,0,0,18,200
0,200,0,0,0,0,1,7,7,200,0,0,0,0,200,1,200,20,200,0,58,200
1,200,0,0,0,0,1,7,7,200,0,0,0,0,200,1,200,20,200,1,200,200
0,200,30,1,2,0,1,10,3,200,0,0,0,0,1,200,200,18,18,1,31,200
0,200,30,1,2,0,1,10,3,200,0,0,0,0,1,200,200,18,18,0,38,200
0,200,30,0,0,0,1,3,5,2,0,200,200,0,200,200,1,0,0,0,200,200
0,200,30,0,0,0,1,3,5,2,0,200,200,0,200,200,1,0,0,1,200,200
0,200,30,1,2,0,1,10,5,6,0,0,200,1,200,200,1,0,200,0,200,200
0,200,30,1,2,0,1,10,5,6,0,0,200,1,200,200,1,0,200,1,38,200
1,200,30,1,2,0,1,10,5,6,0,0,200,1,200,200,1,0,200,2,200,200
0,200,30,1,2,0,1,10,5,200,0,0,0,0,200,200,200,18,200,0,69,200
0,200,30,1,2,0,1,10,5,200,0,0,0,0,200,200,200,18,200,0,20,200
1,200,30,1,2,0,1,10,5,200,0,0,0,0,200,200,200,18,200,1,200,200
0,200,10,0,0,200,200,7,7,200,0,0,0,0,200,200,1,0,200,2,200,200
0,200,30,1,2,0,1,10,5,200,0,0,12,0,200,200,200,28,200,0,37,200
0,200,30,1,2,0,1,10,5,200,0,0,12,0,200,200,200,28,200,1,31,200
0,200,30,2,12,0,1,0,2,200,0,0,0,1,200,200,200,17,200,0,62,200
0,200,30,2,12,0,1,0,2,200,0,0,0,1,200,200,200,17,200,0,41,200
0,200,30,0,0,0,1,9,5,4,0,0,0,1,200,200,200,200,200,1,39,200
5,200,30,0,0,0,1,9,5,4,0,0,0,1,200,200,200,200,200,0,70,200
0,200,30,2,2,0,1,7,6,1,0,0,0,0,200,200,200,33,200,0,50,200
1,200,30,2,2,0,1,7,6,1,0,0,0,0,200,200,200,33,200,0,49,200
0,200,30,0,0,0,0,7,5,2,0,0,0,0,200,200,1,0,200,2,200,200
0,200,30,0,0,0,1,7,5,200,0,0,0,0,200,200,1,18,200,0,200,200
0,200,35,1,2,0,1,14,2,200,0,0,0,0,1,200,200,23,200,1,25,200
0,200,35,1,2,0,1,14,2,200,0,0,0,0,1,200,200,23,200,0,34,200
0,200,30,0,0,0,1,7,5,200,0,0,0,0,200,200,200,0,0,0,200,200
0,200,10,0,0,0,1,7,7,200,0,0,0,0,200,200,1,0,0,2,200,200
0,200,30,0,0,0,1,7,5,200,0,0,0,0,200,200,200,17,14,0,45,200
0,200,25,0,0,200,4,7,5,2,0,200,200,0,200,200,1,200,200,2,200,200
0,200,30,1,2,0,1,14,3,2,0,0,0,0,200,200,200,7,21,0,28,200
0,200,30,1,2,0,1,14,3,2,0,0,0,0,200,200,200,7,21,1,38,200
1,200,30,1,2,0,1,14,3,2,0,0,0,0,200,200,200,7,21,0,200,200
0,200,30,2,2,0,1,14,5,2,0,0,0,0,200,200,200,200,200,1,63,200
0,200,30,2,2,0,1,14,5,2,0,0,0,0,200,200,200,200,200,1,21,200
0,200,30,2,2,0,1,0,5,200,0,0,0,0,200,200,1,17,200,0,200,200
0,200,30,2,2,0,1,0,5,200,0,0,0,0,200,200,1,17,200,0,31,200
1,200,30,2,2,0,1,0,5,200,0,0,0,0,200,200,1,17,200,2,200,200
4,200,30,1,2,0,1,8,2,2,0,0,0,1,200,200,200,17,0,0,64,200
0,200,30,1,2,0,1,8,2,2,0,0,0,1,200,200,200,17,0,0,40,200
0,200,30,1,2,0,1,10,5,200,0,0,0,0,200,200,200,20,20,1,18,200
0,200,30,1,2,0,1,10,5,200,0,0,0,0,200,200,200,20,20,1,48,200
0,1,30,0,0,0,200,7,5,200,0,0,0,0,200,200,1,0,33,2,200,200
0,200,15,10,0,0,1,7,12,200,0,0,0,0,200,200,1,0,0,2,200,200
0,1,30,2,0,0,1,7,7,200,0,0,0,0,200,200,200,23,23,0,19,200
0,1,10,0,0,0,1,7,7,1,0,0,200,0,200,200,1,0,0,2,200,200
0,200,20,0,0,0,1,7,5,200,0,0,0,0,200,200,200,0,0,1,81,200
0,200,40,0,0,0,1,10,6,4,0,0,0,0,200,200,200,22,200,0,200,200
0,200,40,0,0,0,1,10,6,4,0,0,0,0,200,200,200,22,200,1,18,200
0,200,35,1,2,0,1,10,5,200,0,0,0,0,200,200,1,18,18,0,200,200
0,200,35,1,2,0,1,10,5,200,0,0,0,0,200,200,1,18,18,0,76,200
0,200,20,0,0,0,1,10,6,1,1,0,12,0,200,200,1,18,200,0,200,200
0,200,20,0,0,0,1,10,6,1,1,0,12,0,200,200,1,18,200,0,49,200
0,200,30,0,0,0,1,7,2,200,0,0,0,0,200,200,1,17,17,1,200,200
0,1,0,0,0,200,200,7,7,200,0,200,0,0,200,1,200,0,200,2,200,200
0,200,10,0,0,0,1,7,7,1,2,0,0,0,200,200,200,18,200,1,18,200
0,200,15,0,0,0,3,7,7,1,0,0,2,0,200,1,0,20,0,0,200,200
1,200,15,0,0,0,3,7,7,1,0,0,2,0,200,1,0,20,0,0,200,200
0,200,25,0,200,0,1,10,5,200,0,0,0,0,200,200,200,18,0,0,50,200
0,200,25,0,200,0,1,10,5,200,0,0,0,0,200,200,200,18,0,1,54,200
0,200,30,0,0,0,1,2,5,1,0,0,0,0,200,200,200,200,0,0,47,200
0,200,30,2,2,0,1,9,5,3,0,0,0,1,200,200,200,17,17,0,60,200
5,200,30,2,2,0,1,9,5,3,0,0,0,1,200,200,200,17,17,1,66,200
0,200,30,1,2,0,1,0,5,200,0,0,0,1,1,200,200,3,9,1,20,200
0,200,30,1,2,0,1,0,5,200,0,0,0,1,1,200,200,3,9,1,28,200
0,200,20,0,0,0,4,2,0,200,0,0,0,0,200,200,1,0,200,2,200,200
0,200,15,0,0,0,1,7,7,200,0,0,0,0,200,200,200,0,0,0,200,200
0,200,30,1,2,0,1,14,2,2,0,0,0,1,1,200,200,0,0,0,52,200
0,200,30,1,2,0,1,14,2,2,0,0,0,1,1,200,200,0,0,1,27,200
1,200,30,1,2,0,1,14,2,2,0,0,0,1,1,200,200,0,0,1,51,200
1,200,30,1,2,0,1,14,2,2,0,0,0,1,1,200,200,0,0,0,63,200
1,200,30,1,2,0,1,14,2,2,0,0,0,1,1,200,200,0,0,1,0,200
0,200,30,0,0,0,1,10,5,200,0,0,0,0,200,200,200,18,200,0,28,200
0,200,30,0,0,0,1,10,5,200,0,0,0,0,200,200,200,18,200,0,37,200
0,200,30,0,0,0,1,2,5,1,0,0,0,1,200,200,200,17,16,1,33,200
0,200,30,0,0,0,1,2,5,1,0,0,0,1,200,200,200,17,16,1,50,200
0,200,30,0,0,0,200,7,6,200,0,0,200,0,200,200,1,0,0,2,200,200
0,200,30,12,12,0,1,2,12,0,0,0,0,1,200,200,200,200,200,0,200,200
1,200,30,12,12,0,1,2,12,0,0,0,0,1,200,200,200,200,200,1,200,200
0,200,15,0,0,0,1,7,7,200,0,0,0,0,200,200,1,0,0,1,200,200
1,200,15,0,0,0,1,7,7,200,0,0,0,0,200,200,1,0,0,1,200,200
0,200,30,0,0,0,1,12,5,2,0,0,0,0,200,200,200,22,11,1,200,200
0,200,30,0,0,0,1,12,5,2,0,0,0,0,200,200,200,22,11,1,25,200
0,200,15,0,0,0,1,7,5,200,0,0,0,0,200,200,200,0,0,0,48,200
0,200,0,1,2,0,1,12,5,200,0,0,0,0,200,200,1,21,22,0,200,200
0,200,0,1,2,0,1,12,5,200,0,0,0,0,200,200,1,21,22,0,52,200
0,200,30,0,0,0,1,12,2,4,0,0,0,0,200,200,200,21,200,0,60,200
0,200,30,0,0,0,1,12,2,4,0,0,0,0,200,200,200,21,200,1,70,200
0,200,0,0,0,0,1,0,7,0,0,0,0,0,200,1,200,0,200,1,200,200
0,200,0,0,0,0,1,0,7,0,0,0,0,0,200,1,200,0,200,1,71,200
0,200,30,0,0,0,1,7,3,200,0,0,0,0,200,200,200,0,200,1,36,200
1,200,30,0,0,0,1,7,3,200,0,0,0,0,200,200,200,0,200,1,27,200
0,200,35,1,2,0,200,12,5,200,1,0,200,0,200,200,200,18,0,1,200,200
0,200,35,1,2,0,200,12,5,200,1,0,200,0,200,200,200,18,0,1,21,200
0,200,30,1,2,0,1,12,2,4,0,0,200,0,200,200,200,0,0,0,62,200
0,200,30,1,2,0,1,12,2,4,0,0,200,0,200,200,200,0,0,1,48,200
0,200,30,0,0,0,1,10,5,200,0,0,0,0,200,200,200,20,200,0,24,200