PERSON_TYPE,CRASH_DATE_EST_I,POSTED_SPEED_LIMIT,TRAFFIC_CONTROL_DEVICE,DEVICE_CONDITION,WEATHER_CONDITION,LIGHTING_CONDITION,FIRST_CRASH_TYPE,TRAFFICWAY_TYPE,LANE_CNT,ALIGNMENT,ROADWAY_SURFACE_COND,ROAD_DEFECT,CRASH_TYPE,INTERSECTION_RELATED_I,NOT_RIGHT_OF_WAY_I,HIT_AND_RUN_I,PRIM_CONTRIBUTORY_CAUSE,SEC_CONTRIBUTORY_CAUSE,SEX,AGE,BAC_RESULT VALUE
0,200,30,0,0,0,1,10,5,200,0,0,0,0,200,200,200,20,200,0,74,200
1,200,30,0,0,0,1,10,5,200,0,0,0,0,200,200,200,20,200,1,69,200
0,200,30,1,2,0,1,10,2,2,0,0,0,0,200,200,200,18,200,1,52,200
0,200,30,1,2,0,1,10,2,2,0,0,0,0,200,200,200,18,200,1,52,200
0,200,5,0,0,0,1,7,7,200,0,0,0,0,200,1,200,0,200,2,200,200
0,200,30,1,2,0,1,14,5,2,0,0,0,0,1,200,200,20,200,0,26,200
0,200,30,1,2,0,1,14,5,2,0,0,0,0,1,200,200,20,200,0,58,200
0,200,30,1,2,0,1,12,6,2,0,0,0,0,200,200,200,22,22,1,32,200
0,200,30,1,2,0,1,12,6,2,0,0,0,0,200,200,200,22,22,1,30,200
0,200,30,0,0,200,0,4,5,2,0,200,12,0,200,200,200,29,28,1,37,200
0,200,30,0,0,0,1,7,2,200,0,0,0,0,200,200,1,11,200,2,200,200
0,200,30,1,2,0,1,14,5,200,0,0,0,1,200,200,200,16,33,1,20,200
0,200,30,1,2,0,1,14,5,200,0,0,0,1,200,200,200,16,33,0,44,200
0,200,30,1,2,0,4,10,2,4,0,0,0,0,200,200,200,18,0,1,17,200
0,200,30,1,2,0,4,10,2,4,0,0,0,0,200,200,200,18,0,1,54,200
1,200,30,1,2,0,4,10,2,4,0,0,0,0,200,200,200,18,0,1,200,200
1,200,30,1,2,0,4,10,2,4,0,0,0,0,200,200,200,18,0,1,200,200
0,200,30,0,0,0,1,0,5,200,1,0,0,1,200,200,1,17,0,0,200,200
0,200,30,0,0,0,1,0,5,200,1,0,0,1,200,200,1,17,0,0,30,200
1,200,30,0,0,0,1,0,5,200,1,0,0,1,200,200,1,17,0,0,65,200
0,200,30,0,0,0,1,7,5,200,0,0,0,0,200,200,1,0,200,2,200,200
0,200,20,0,0,0,1,7,5,200,0,0,0,0,200,200,200,0,0,1,62,200
0,200,30,1,2,0,1,7,5,2,0,0,0,0,200,200,200,0,200,0,57,200
1,200,30,1,2,0,1,7,5,2,0,0,0,0,200,200,200,0,200,1,69,200
1,200,30,1,2,0,1,7,5,2,0,0,0,0,200,200,200,0,200,1,60,200
0,200,0,0,0,0,1,7,7,0,0,0,0,0,200,1,200,27,0,0,42,200
0,200,20,2,0,0,1,0,5,2,0,0,0,1,1,200,200,5,200,0,17,200
0,200,20,2,0,0,1,0,5,2,0,0,0,1,1,200,200,5,200,1,29,200
0,200,35,1,2,1,1,14,5,4,0,0,0,0,1,200,200,0,200,1,82,200
0,200,35,1,2,1,1,14,5,4,0,0,0,0,1,200,200,0,200,1,37,200
0,200,30,0,0,0,1,12,6,2,0,0,0,1,200,200,200,22,200,0,40,200
0,200,30,0,0,0,1,12,6,2,0,0,0,1,200,200,200,22,200,0,46,200
1,200,30,0,0,0,1,12,6,2,0,0,0,1,200,200,200,22,200,1,28,200
0,200,35,200,200,200,200,9,200,1,0,200,200,1,200,200,200,200,200,0,200,200
5,200,35,200,200,200,200,9,200,1,0,200,200,1,200,200,200,200,200,0,19,200
0,200,30,0,0,0,1,12,5,4,0,0,0,1,200,200,200,0,200,0,200,200
0,200,30,0,0,0,1,12,5,4,0,0,0,1,200,200,200,0,200,1,200,200
0,200,35,1,2,0,0,10,5,200,0,0,0,0,200,200,200,7,0,1,35,200
0,200,35,1,2,0,0,10,5,200,0,0,0,0,200,200,200,7,0,1,45,200
1,200,35,1,2,0,0,10,5,200,0,0,0,0,200,200,200,7,0,1,46,200
1,200,35,1,2,0,0,10,5,200,0,0,0,0,200,200,200,7,0,200,200,200
0,200,30,10,200,0,1,7,12,200,0,0,200,0,200,200,200,0,0,2,200,200
0,200,20,2,2,0,1,14,5,2,0,0,0,1,1,200,1,20,0,0,200,200
0,200,20,2,2,0,1,14,5,2,0,0,0,1,1,200,1,20,0,0,22,200
0,200,30,0,0,0,1,10,5,200,0,0,0,0,200,200,200,18,18,1,74,200
0,200,30,0,0,0,1,10,5,200,0,0,0,0,200,200,200,18,18,0,79,200
1,200,30,0,0,0,1,10,5,200,0,0,0,0,200,200,200,18,18,1,66,200
0,200,30,2,2,0,1,10,5,3,0,0,0,0,200,200,1,18,18,0,200,200
0,200,30,2,2,0,1,10,5,3,0,0,0,0,200,200,1,18,18,0,50,200
0,200,30,1,2,0,1,14,5,4,0,0,200,0,1,200,1,0,0,0,42,200
0,200,30,1,2,0,1,14,5,4,0,0,200,0,1,200,1,0,0,0,200,200
0,200,30,1,2,0,1,8,5,2,0,0,0,1,200,200,1,17,200,0,200,200
4,200,30,1,2,0,1,8,5,2,0,0,0,1,200,200,1,17,200,0,25,200
0,200,30,0,0,0,1,10,3,4,0,0,0,1,200,200,200,20,10,0,27,200
0,200,30,0,0,0,1,10,3,4,0,0,0,1,200,200,200,20,10,0,41,200
0,200,30,0,0,0,1,10,3,4,0,0,0,1,200,200,200,20,10,0,41,200
0,200,30,0,0,0,1,10,3,4,0,0,0,1,200,200,200,20,10,1,40,200
0,200,30,0,0,0,1,10,3,4,0,0,0,1,200,200,200,20,10,0,45,200
1,200,30,0,0,0,1,10,3,4,0,0,0,1,200,200,200,20,10,0,30,200
0,200,25,0,0,0,1,0,6,1,0,0,0,0,200,200,200,17,200,0,48,200
0,200,25,0,0,0,1,0,6,1,0,0,0,0,200,200,200,17,200,0,21,200
0,200,35,1,2,1,1,7,12,2,0,0,200,0,200,200,200,200,200,2,200,200
0,200,30,1,2,0,1,12,6,200,0,0,0,0,200,200,200,0,0,0,66,200
0,200,30,1,2,0,1,12,6,200,0,0,0,0,200,200,200,0,0,0,30,200
1,200,30,1,2,0,1,12,6,200,0,0,0,0,200,200,200,0,0,1,30,200
0,200,30,0,0,200,200,10,5,4,0,200,200,1,200,200,1,0,0,0,200,200
0,200,30,0,0,200,200,10,5,4,0,200,200,1,200,200,1,0,0,0,60,200
1,200,30,0,0,200,200,10,5,4,0,200,200,1,200,200,1,0,0,1,47,200
0,200,30,0,0,0,1,7,5,200,0,0,0,0,200,200,1,200,200,2,200,200
0,0,30,0,0,0,1,2,5,4,0,0,0,0,200,200,200,3,7,0,64,200
0,200,30,0,0,0,1,3,5,200,0,0,0,0,200,200,200,20,0,0,200,200
0,200,30,0,0,0,1,3,5,200,0,0,0,0,200,200,200,20,0,1,26,200
1,200,30,0,0,0,1,3,5,200,0,0,0,0,200,200,200,20,0,1,200,200
1,200,30,0,0,0,1,3,5,200,0,0,0,0,200,200,200,20,0,0,200,200
0,200,35,0,0,1,1,10,2,2,0,200,200,0,200,200,1,18,18,0,200,200
0,200,35,0,0,1,1,10,2,2,0,200,200,0,200,200,1,18,18,0,33,200
0,200,30,0,0,0,1,7,6,200,0,0,0,0,200,200,200,20,200,1,37,200
0,200,30,0,0,0,1,3,2,2,0,0,0,0,200,200,200,20,200,0,17,200
0,200,30,0,0,0,1,3,2,2,0,0,0,0,200,200,200,20,200,0,50,200
0,1,35,1,2,200,1,12,5,200,0,200,200,0,1,200,200,17,0,0,200,200
0,1,35,1,2,200,1,12,5,200,0,200,200,0,1,200,200,17,0,1,47,200
0,200,35,2,2,2,2,14,5,2,0,1,0,1,200,200,200,14,200,0,26,200
0,200,35,2,2,2,2,14,5,2,0,1,0,1,200,200,200,14,200,0,54,200
0,200,20,0,0,0,1,7,2,200,0,0,0,0,200,200,1,0,0,2,200,200
0,200,30,1,2,2,1,12,5,200,0,1,0,0,200,200,200,22,34,1,28,200
0,200,30,1,2,2,1,12,5,200,0,1,0,0,200,200,200,22,34,1,34,200
0,200,30,1,2,2,1,0,2,4,0,1,0,1,200,200,200,17,21,1,23,200
0,200,30,1,2,2,1,0,2,4,0,1,0,1,200,200,200,17,21,0,200,200
1,200,30,1,2,2,1,0,2,4,0,1,0,1,200,200,200,17,21,0,200,200
1,200,30,1,2,2,1,0,2,4,0,1,0,1,200,200,200,17,21,0,200,200
1,200,30,1,2,2,1,0,2,4,0,1,0,1,200,200,200,17,21,0,200,200
0,200,30,1,200,200,200,14,5,2,0,200,200,0,1,200,200,0,0,0,48,200
0,200,30,1,200,200,200,14,5,2,0,200,200,0,1,200,200,0,0,0,24,200
0,200,30,1,2,2,1,10,5,200,0,1,0,0,1,200,200,34,200,1,200,200
0,200,30,1,2,2,1,10,5,200,0,1,0,0,1,200,200,34,200,1,200,200
0,200,30,0,0,0,1,14,5,200,0,0,0,0,200,200,200,17,22,1,22,200
0,200,30,0,0,0,1,14,5,200,0,0,0,0,200,200,200,17,22,0,66,200
0,200,30,0,0,0,1,10,5,2,0,0,200,0,200,200,1,0,200,0,44,200
0,200,30,0,0,0,1,10,5,2,0,0,200,0,200,200,1,0,200,1,200,200
0,200,30,0,0,0,1,10,5,200,0,0,0,0,200,200,200,0,200,1,200,200
0,200,30,0,0,0,1,10,5,200,0,0,0,0,200,200,200,0,200,0,200,200
0,200,30,0,0,0,1,10,5,200,0,0,0,0,200,200,200,0,200,1,200,200
0,200,30,0,0,0,1,10,5,200,0,0,0,0,200,200,1,200,200,2,200,200
0,200,30,0,0,0,1,10,5,200,0,0,0,0,200,200,1,200,200,0,75,200
0,200,30,0,0,0,1,0,5,200,0,0,0,0,200,200,1,0,0,2,200,200
0,200,30,0,0,0,1,0,5,200,0,0,0,0,200,200,1,0,0,0,53,200
0,200,30,1,2,0,1,12,5,200,0,0,0,0,200,200,200,22,0,0,26,200
0,200,30,1,2,0,1,12,5,200,0,0,0,0,200,200,200,22,0,0,68,200
0,200,30,0,0,2,1,0,5,200,0,1,0,0,1,200,200,17,17,0,59,200
0,200,30,0,0,2,1,0,5,200,0,1,0,0,1,200,200,17,17,1,21,200
1,200,30,0,0,2,1,0,5,200,0,1,0,0,1,200,200,17,17,1,200,200
0,200,30,0,0,200,1,7,5,2,0,200,200,0,200,200,1,0,200,2,200,200
0,200,30,1,2,2,1,10,5,2,0,0,0,0,200,200,200,18,200,1,40,200
0,200,30,1,2,2,1,10,5,2,0,0,0,0,200,200,200,18,200,0,44,200
1,200,30,1,2,2,1,10,5,2,0,0,0,0,200,200,200,18,200,0,17,200
0,200,30,0,0,2,1,14,2,4,0,1,0,1,200,200,200,17,200,0,55,200
0,200,30,0,0,2,1,14,2,4,0,1,0,1,200,200,200,17,200,0,26,200
0,200,30,2,2,2,1,14,5,200,0,1,0,0,200,200,200,34,200,0,24,200
0,200,30,2,2,2,1,14,5,200,0,1,0,0,200,200,200,34,200,0,34,200
1,200,30,2,2,2,1,14,5,200,0,1,0,0,200,200,200,34,200,0,200,200
0,200,30,1,2,2,1,3,5,4,0,1,0,1,1,200,200,17,0,1,23,200
0,200,30,1,2,2,1,3,5,4,0,1,0,1,1,200,200,17,0,0,41,200
1,200,30,1,2,2,1,3,5,4,0,1,0,1,1,200,200,17,0,0,59,200
0,200,30,1,200,0,1,10,5,2,0,0,200,0,1,200,200,18,200,0,200,200
0,200,30,1,200,0,1,10,5,2,0,0,200,0,1,200,200,18,200,0,46,200
0,0,20,0,0,0,1,2,12,0,0,0,3,0,200,1,200,0,0,0,200,200
0,200,30,0,0,0,1,10,6,2,0,0,0,0,200,200,200,18,0,1,23,200
0,200,30,0,0,0,1,10,6,2,0,0,0,0,200,200,200,18,0,0,30,200
0,200,30,0,0,0,1,10,6,2,0,0,0,0,200,200,200,18,0,0,34,200
1,200,30,0,0,0,1,10,6,2,0,0,0,0,200,200,200,18,0,0,200,200
1,200,30,0,0,0,1,10,6,2,0,0,0,0,200,200,200,18,0,1,29,200
0,200,40,0,0,0,1,12,8,200,0,0,0,0,200,200,200,21,0,1,37,200
0,200,40,0,0,0,1,12,8,200,0,0,0,0,200,200,200,21,0,0,66,200
1,200,40,0,0,0,1,12,8,200,0,0,0,0,200,200,200,21,0,1,74,200
1,200,40,0,0,0,1,12,8,200,0,0,0,0,200,200,200,21,0,0,50,200
0,200,30,1,2,2,1,14,3,2,0,1,0,0,1,200,200,22,200,0,51,200
0,200,30,1,2,2,1,14,3,2,0,1,0,0,1,200,200,22,200,0,36,200
0,200,30,3,2,2,1,14,5,4,0,1,0,0,1,200,200,33,0,0,59,200
0,200,30,3,2,2,1,14,5,4,0,1,0,0,1,200,200,33,0,0,78,200
0,200,30,200,200,200,200,10,5,2,0,200,200,0,200,200,200,0,0,0,25,200
0,200,30,200,200,200,200,10,5,2,0,200,200,0,200,200,200,0,0,1,35,200
1,200,30,200,200,200,200,10,5,2,0,200,200,0,200,200,200,0,0,1,36,200
0,200,30,2,2,0,1,10,5,2,0,0,0,1,200,200,200,18,11,0,38,200
0,200,30,2,2,0,1,10,5,2,0,0,0,1,200,200,200,18,11,1,28,200
0,200,30,0,0,1,1,0,6,1,0,1,200,0,200,200,1,17,200,1,200,200
0,200,30,0,0,1,1,0,6,1,0,1,200,0,200,200,1,17,200,1,18,200
0,200,35,0,0,0,1,0,5,200,0,0,0,0,200,200,1,0,0,2,200,200
0,200,35,0,0,0,1,0,5,200,0,0,0,0,200,200,1,0,0,0,34,200
0,200,30,1,2,2,1,14,2,4,0,1,0,0,1,200,200,17,17,0,64,200
0,200,30,1,2,2,1,14,2,4,0,1,0,0,1,200,200,17,17,0,31,200
1,200,30,1,2,2,1,14,2,4,0,1,0,0,1,200,200,17,17,1,38,200
0,200,30,0,2,1,1,9,6,3,0,0,0,1,200,200,1,0,0,0,200,200
5,200,30,0,2,1,1,9,6,3,0,0,0,1,200,200,1,0,0,0,60,200
0,200,30,1,2,2,1,12,6,3,0,1,0,0,200,200,200,22,0,0,51,200
0,200,30,1,2,2,1,12,6,3,0,1,0,0,200,200,200,22,0,0,56,200
0,200,30,0,0,0,1,10,6,200,0,0,200,0,200,200,200,20,200,1,41,200
0,200,30,0,0,0,1,10,6,200,0,0,200,0,200,200,200,20,200,0,70,200
0,200,30,1,0,2,1,14,5,4,0,1,0,1,1,200,200,17,200,0,60,200
0,200,30,1,0,2,1,14,5,4,0,1,0,1,1,200,200,17,200,0,75,200
0,200,30,1,0,2,1,14,5,4,0,1,0,1,1,200,200,17,200,1,27,200
0,200,30,0,0,2,1,0,6,1,0,1,0,0,200,200,200,0,0,1,200,200
0,200,30,0,0,2,1,0,6,1,0,1,0,0,200,200,200,0,0,0,200,200
1,200,30,0,0,2,1,0,6,1,0,1,0,0,200,200,200,0,0,0,200,200
0,200,30,0,0,0,1,7,5,2,0,0,0,0,200,200,200,0,200,1,26,200
1,200,30,0,0,0,1,7,5,2,0,0,0,0,200,200,200,0,200,2,200,200
0,200,35,1,2,2,0,10,3,2,0,1,200,0,1,200,200,15,34,0,36,200
0,200,35,1,2,2,0,10,3,2,0,1,200,0,1,200,200,15,34,1,35,200
0,200,30,2,2,2,1,0,5,200,0,1,0,0,1,200,200,17,17,1,21,200
0,200,30,2,2,2,1,0,5,200,0,1,0,0,1,200,200,17,17,0,79,200
0,200,30,0,0,0,3,2,5,2,0,0,0,0,200,0,200,4,4,1,32,200
0,200,30,0,0,2,1,2,5,2,0,1,0,0,200,1,1,0,0,0,200,200
0,200,25,0,0,2,1,10,2,2,0,1,0,1,200,200,200,7,18,1,27,200
0,200,25,0,0,2,1,10,2,2,0,1,0,1,200,200,200,7,18,0,56,200
0,200,35,0,0,0,1,10,2,2,0,0,0,0,200,200,200,0,0,0,200,200
0,200,35,0,0,0,1,10,2,2,0,0,0,0,200,200,200,0,0,1,49,200
0,200,35,0,0,2,1,12,3,4,1,1,0,0,200,200,200,16,17,0,25,200
0,200,35,0,0,2,1,12,3,4,1,1,0,0,200,200,200,16,17,1,41,200
0,200,30,0,0,2,1,10,5,4,0,1,200,1,200,200,200,34,0,1,31,200
0,200,30,0,0,2,1,10,5,4,0,1,200,1,200,200,200,34,0,0,37,200
1,200,30,0,0,2,1,10,5,4,0,1,200,1,200,200,200,34,0,1,38,200
1,200,30,0,0,2,1,10,5,4,0,1,200,1,200,200,200,34,0,1,8,200
1,200,30,0,0,2,1,10,5,4,0,1,200,1,200,200,200,34,0,0,4,200
1,200,30,0,0,2,1,10,5,4,0,1,200,1,200,200,200,34,0,0,1,200
1,200,30,0,0,2,1,10,5,4,0,1,200,1,200,200,200,34,0,1,2,200
0,200,30,1,2,0,1,14,5,4,0,0,0,0,200,200,1,23,17,0,200,200
0,200,30,1,2,0,1,14,5,4,0,0,0,0,200,200,1,23,17,1,30,200
0,200,30,2,2,2,1,0,2,2,0,1,0,1,200,200,200,5,200,0,65,200
0,200,30,2,2,2,1,0,2,2,0,1,0,1,200,200,200,5,200,1,30,200
0,200,30,1,2,2,1,14,5,2,0,1,0,0,1,200,200,23,200,0,18,200
0,200,30,1,2,2,1,14,5,2,0,1,0,0,1,200,200,23,200,0,38,200
0,200,35,2,2,2,1,10,5,200,0,1,0,0,200,200,200,16,34,1,64,200
0,200,35,2,2,2,1,10,5,200,0,1,0,0,200,200,200,16,34,1,18,200
1,200,35,2,2,2,1,10,5,200,0,1,0,0,200,200,200,16,34,1,17,200
1,200,35,2,2,2,1,10,5,200,0,1,0,0,200,200,200,16,34,1,16,200
0,200,30,0,0,0,1,7,6,200,0,0,0,1,200,200,200,16,7,0,19,200
0,200,30,1,2,2,1,9,5,200,0,1,0,1,0,200,0,0,34,2,200,200
5,200,30,1,2,2,1,9,5,200,0,1,0,1,0,200,0,0,34,1,48,200
0,1,30,0,0,2,1,7,7,0,0,1,0,0,200,200,1,0,200,2,200,200
0,200,30,0,0,200,1,7,2,200,0,200,0,0,200,200,1,0,200,2,200,200
0,200,30,1,2,2,1,9,5,3,0,1,0,1,200,200,200,17,34,0,28,200
5,200,30,1,2,2,1,9,5,3,0,1,0,1,200,200,200,17,34,1,74,200
1,200,30,1,2,2,1,9,5,3,0,1,0,1,200,200,200,17,34,0,200,200
1,200,30,1,2,2,1,9,5,3,0,1,0,1,200,200,200,17,34,0,200,200
1,200,30,1,2,2,1,9,5,3,0,1,0,1,200,200,200,17,34,1,200,200
0,200,30,0,0,2,1,12,2,200,0,1,0,0,200,200,200,34,17,1,43,200
0,200,30,0,0,2,1,12,2,200,0,1,0,0,200,200,200,34,17,0,48,200
0,200,30,1,2,0,1,12,5,200,0,0,0,0,200,200,1,0,0,1,200,200
0,200,30,1,2,0,1,12,5,200,0,0,0,0,200,200,1,0,0,1,31,200
1,200,30,1,2,0,1,12,5,200,0,0,0,0,200,200,1,0,0,1,200,200
1,200,30,1,2,0,1,12,5,200,0,0,0,0,200,200,1,0,0,0,15,200
1,200,30,1,2,0,1,12,5,200,0,0,0,0,200,200,1,0,0,1,1,200
1,200,30,1,2,0,1,12,5,200,0,0,0,0,200,200,1,0,0,1,6,200
1,200,30,1,2,0,1,12,5,200,0,0,0,0,200,200,1,0,0,0,9,200
0,200,30,0,0,2,1,11,5,2,0,1,0,0,200,200,1,0,200,2,200,200
0,200,30,0,0,2,1,11,5,2,0,1,0,0,200,200,1,0,200,0,69,200
1,200,30,0,0,2,1,11,5,2,0,1,0,0,200,200,1,0,200,1,200,200
0,200,30,1,2,0,1,14,6,3,0,0,0,0,1,200,200,22,0,1,42,200
0,200,30,1,2,0,1,14,6,3,0,0,0,0,1,200,200,22,0,1,55,200
0,200,35,0,0,2,1,12,5,200,0,1,0,0,200,200,1,0,200,2,200,200
0,200,35,0,0,2,1,12,5,200,0,1,0,0,200,200,1,0,200,0,200,200
0,200,10,0,0,2,1,7,7,200,0,1,0,0,200,1,1,0,200,0,200,200
0,200,30,1,2,2,1,10,3,3,0,1,0,0,1,200,200,18,34,0,24,200
0,200,30,1,2,2,1,10,3,3,0,1,0,0,1,200,200,18,34,0,66,200
0,200,30,0,0,2,1,12,2,2,0,1,0,0,200,200,200,0,0,0,42,200
0,200,30,0,0,2,1,12,2,2,0,1,0,0,200,200,200,0,0,0,61,200
0,200,30,0,0,0,1,7,6,200,0,0,0,0,200,200,200,20,11,0,24,200
0,200,30,0,0,2,1,10,3,4,0,1,0,0,200,200,1,18,34,1,79,200
0,200,30,0,0,2,1,10,3,4,0,1,0,0,200,200,1,18,34,0,200,200
0,200,15,0,0,0,1,7,7,1,0,0,0,0,200,200,200,16,16,0,19,200
0,1,30,1,2,2,1,10,5,2,0,1,0,1,1,200,200,15,18,1,41,200
0,1,30,1,2,2,1,10,5,2,0,1,0,1,1,200,200,15,18,0,200,200
0,1,30,1,2,2,1,10,5,2,0,1,0,1,1,200,200,15,18,1,37,200
0,200,30,0,0,0,1,4,5,200,0,0,12,0,200,200,200,29,200,0,28,200
0,200,20,0,0,2,1,7,6,1,0,1,200,0,200,200,1,0,200,1,200,200
0,200,30,0,0,2,1,0,2,200,0,1,0,0,200,200,1,17,0,1,200,200
0,200,30,0,0,2,1,0,2,200,0,1,0,0,200,200,1,17,0,0,56,200
0,200,35,0,2,2,4,12,3,2,0,1,0,0,200,200,200,22,200,0,50,200
0,200,35,0,2,2,4,12,3,2,0,1,0,0,200,200,200,22,200,0,50,200
1,200,35,0,2,2,4,12,3,2,0,1,0,0,200,200,200,22,200,1,41,200
0,200,30,0,0,0,1,10,5,200,0,0,200,0,200,200,200,21,0,1,52,200
0,200,30,0,0,0,1,10,5,200,0,0,200,0,200,200,200,21,0,0,39,200
0,200,30,0,0,0,1,10,2,200,0,0,0,0,200,200,1,18,200,0,200,200
0,200,30,0,0,0,1,10,2,200,0,0,0,0,200,200,1,18,200,1,29,200
0,200,30,1,2,2,1,10,5,200,0,1,0,0,200,200,200,18,0,0,65,200
0,200,30,1,2,2,1,10,5,200,0,1,0,0,200,200,200,18,0,0,45,200
1,200,30,1,2,2,1,10,5,200,0,1,0,0,200,200,200,18,0,1,39,200
1,200,30,1,2,2,1,10,5,200,0,1,0,0,200,200,200,18,0,0,41,200
0,200,30,0,0,2,1,0,5,1,0,1,200,1,1,200,200,200,200,1,27,200
0,200,30,0,0,2,1,0,5,1,0,1,200,1,1,200,200,200,200,0,32,200
0,200,30,0,0,2,1,0,5,1,0,1,200,1,1,200,200,200,200,1,42,200
4,200,30,0,0,2,1,8,7,200,0,1,0,1,200,200,200,34,200,0,29,200
0,200,30,0,0,2,1,8,7,200,0,1,0,1,200,200,200,34,200,1,52,200
0,200,35,2,2,2,1,10,5,2,0,1,0,1,200,200,200,18,16,0,69,200
0,200,35,2,2,2,1,10,5,2,0,1,0,1,200,200,200,18,16,1,49,200
0,200,30,0,0,2,1,10,2,200,0,1,0,1,200,200,200,18,18,1,61,200
0,200,30,0,0,2,1,10,2,200,0,1,0,1,200,200,200,18,18,1,31,200
1,200,30,0,0,2,1,10,2,200,0,1,0,1,200,200,200,18,18,1,27,200
1,200,30,0,0,2,1,10,2,200,0,1,0,1,200,200,200,18,18,1,5,200
1,200,30,0,0,2,1,10,2,200,0,1,0,1,200,200,200,18,18,0,3,200
0,200,30,1,2,0,1,10,2,6,0,0,0,0,1,200,200,16,200,0,35,200
0,200,30,1,2,0,1,10,2,6,0,0,0,0,1,200,200,16,200,0,59,200
0,200,20,0,0,2,1,0,12,2,0,1,0,1,200,200,1,17,200,0,52,200
0,200,20,0,0,2,1,0,12,2,0,1,0,1,200,200,1,17,200,2,200,200
0,200,30,0,0,2,1,2,7,200,0,1,0,0,200,1,200,0,0,1,81,200
4,1,30,2,2,2,1,8,5,200,0,1,0,1,200,200,200,5,21,0,27,200
0,200,30,1,2,2,1,0,6,2,0,1,0,0,1,200,200,0,0,1,200,200
0,200,30,1,2,2,1,0,6,2,0,1,0,0,1,200,200,0,0,0,200,200
1,200,30,1,2,2,1,0,6,2,0,1,0,0,1,200,200,0,0,0,200,200
0,200,30,0,0,2,1,10,5,200,0,1,200,0,200,200,200,0,0,0,19,200
0,200,30,0,0,2,1,10,5,200,0,1,200,0,200,200,200,0,0,1,32,200
0,200,30,0,0,2,1,10,5,200,0,1,200,0,200,200,200,0,0,0,33,200
0,200,0,1,2,2,1,9,2,4,0,1,0,1,1,200,1,0,34,0,200,200
5,200,0,1,2,2,1,9,2,4,0,1,0,1,1,200,1,0,34,1,30,200
0,200,20,0,0,2,1,7,6,200,0,1,0,0,200,200,200,0,0,1,25,200
0,200,25,0,0,0,3,2,5,200,0,0,1,0,1,200,200,200,0,1,65,200
0,200,30,1,2,1,1,10,2,2,0,1,0,0,1,200,1,6,25,1,200,200
0,200,30,1,2,1,1,10,2,2,0,1,0,0,1,200,1,6,25,0,200,200
0,200,30,1,2,1,1,10,2,2,0,1,0,0,1,200,1,6,25,0,35,200
1,200,30,1,2,1,1,10,2,2,0,1,0,0,1,200,1,6,25,1,29,200
1,200,30,1,2,1,1,10,2,2,0,1,0,0,1,200,1,6,25,0,200,200
0,200,15,0,0,0,1,7,7,200,0,1,0,0,200,200,1,20,200,0,200,200
0,200,30,0,0,2,1,10,5,4,5,1,0,0,200,200,200,34,16,0,42,200
0,200,30,0,0,2,1,10,5,4,5,1,0,0,200,200,200,34,16,1,35,200
0,200,30,0,0,2,1,10,5,4,5,1,0,0,200,200,200,34,16,0,33,200
0,200,30,2,2,200,0,7,6,1,0,200,200,0,200,200,1,0,0,2,200,200
0,200,35,0,0,2,1,10,5,2,0,1,0,0,200,200,200,0,0,0,18,200
0,200,35,0,0,2,1,10,5,2,0,1,0,0,200,200,200,0,0,0,42,200
0,200,30,2,2,0,1,0,2,2,0,0,0,1,1,200,200,21,16,0,38,200
0,200,30,2,2,0,1,0,2,2,0,0,0,1,1,200,200,21,16,0,31,200
0,200,30,2,2,0,1,0,2,4,0,0,0,0,1,200,200,17,200,0,32,200
0,200,30,2,2,0,1,0,2,4,0,0,0,0,1,200,200,17,200,0,50,200
0,200,30,0,0,0,1,0,5,2,0,0,200,0,200,200,200,17,200,0,34,200
0,200,30,0,0,0,1,0,5,2,0,0,200,0,200,200,200,17,200,1,25,200
0,200,30,0,0,0,1,7,6,200,0,0,0,0,200,200,1,0,200,2,200,200
0,200,30,0,0,2,1,14,5,4,0,1,0,0,1,200,200,17,0,0,52,200
0,200,30,0,0,2,1,14,5,4,0,1,0,0,1,200,200,17,0,1,36,200
0,200,30,0,0,0,1,14,12,3,0,1,0,0,200,200,200,17,17,1,27,200
0,200,30,0,0,0,1,14,12,3,0,1,0,0,200,200,200,17,17,1,61,200
0,200,35,0,0,0,1,12,3,200,0,1,0,0,200,200,1,22,22,2,200,200
0,200,35,0,0,0,1,12,3,200,0,1,0,0,200,200,1,22,22,1,37,200
0,200,30,0,0,2,1,7,5,2,0,1,0,0,200,200,200,17,0,0,59,200
1,200,30,0,0,2,1,7,5,2,0,1,0,0,200,200,200,17,0,1,46,200
1,200,30,0,0,2,1,7,5,2,0,1,0,0,200,200,200,17,0,0,200,200
1,200,30,0,0,2,1,7,5,2,0,1,0,0,200,200,200,17,0,0,2,200
1,200,30,0,0,2,1,7,5,2,0,1,0,0,200,200,200,17,0,0,200,200
1,200,30,0,0,2,1,7,5,2,0,1,0,0,200,200,200,17,0,0,26,200
1,200,30,0,0,2,1,7,5,2,0,1,0,0,200,200,200,17,0,1,27,200
0,200,30,1,200,2,1,0,5,200,0,200,200,0,200,200,200,200,200,0,51,200
0,200,30,1,200,2,1,0,5,200,0,200,200,0,200,200,200,200,200,1,54,200