PERSON_TYPE,CRASH_DATE_EST_I,POSTED_SPEED_LIMIT,TRAFFIC_CONTROL_DEVICE,DEVICE_CONDITION,WEATHER_CONDITION,LIGHTING_CONDITION,FIRST_CRASH_TYPE,TRAFFICWAY_TYPE,LANE_CNT,ALIGNMENT,ROADWAY_SURFACE_COND,ROAD_DEFECT,CRASH_TYPE,INTERSECTION_RELATED_I,NOT_RIGHT_OF_WAY_I,HIT_AND_RUN_I,PRIM_CONTRIBUTORY_CAUSE,SEC_CONTRIBUTORY_CAUSE,SEX,AGE,BAC_RESULT VALUE
1,200,30,1,200,2,1,0,5,200,0,200,200,0,200,200,200,200,200,1,39,200
0,200,30,200,200,0,1,14,5,2,0,0,0,0,1,200,200,0,0,1,200,200
0,200,30,200,200,0,1,14,5,2,0,0,0,0,1,200,200,0,0,1,200,200
0,200,30,0,0,1,1,10,3,4,0,1,0,0,200,200,1,18,0,1,200,200
0,200,30,0,0,1,1,10,3,4,0,1,0,0,200,200,1,18,0,0,62,200
0,200,30,0,0,1,1,10,3,4,0,1,0,0,200,200,1,18,0,1,200,200
0,200,30,2,2,12,1,10,6,1,0,1,0,1,200,200,0,5,0,0,15,200
0,200,30,2,2,12,1,10,6,1,0,1,0,1,200,200,0,5,0,0,28,200
1,200,30,2,2,12,1,10,6,1,0,1,0,1,200,200,0,5,0,1,26,200
1,200,30,2,2,12,1,10,6,1,0,1,0,1,200,200,0,5,0,200,200,200
0,200,25,0,0,2,1,9,5,2,0,1,0,1,200,200,200,200,200,0,47,200
5,200,25,0,0,2,1,9,5,2,0,1,0,1,200,200,200,200,200,0,17,200
0,0,50,1,2,0,2,10,3,3,0,1,0,0,200,200,200,16,0,0,58,200
0,0,50,1,2,0,2,10,3,3,0,1,0,0,200,200,200,16,0,1,39,200
0,200,30,200,200,200,200,10,200,200,0,200,200,0,200,200,200,0,200,0,57,200
0,200,30,200,200,200,200,10,200,200,0,200,200,0,200,200,200,0,200,1,25,200
0,200,30,0,0,2,1,12,5,200,0,1,0,0,200,200,200,21,17,0,34,200
0,200,30,0,0,2,1,12,5,200,0,1,0,0,200,200,200,21,17,1,54,200
0,200,30,0,0,2,1,14,3,4,0,1,200,0,1,200,200,33,0,1,18,200
0,200,30,0,0,2,1,14,3,4,0,1,200,0,1,200,200,33,0,0,24,200
1,200,30,0,0,2,1,14,3,4,0,1,200,0,1,200,200,33,0,1,22,200
0,200,30,0,0,200,200,10,5,2,0,200,200,0,200,200,200,0,0,0,72,200
0,200,30,0,0,200,200,10,5,2,0,200,200,0,200,200,200,0,0,0,60,200
0,200,30,0,0,2,1,12,2,200,0,1,0,0,200,200,1,21,34,1,21,200
0,200,30,0,0,2,1,12,2,200,0,1,0,0,200,200,1,21,34,1,30,200
1,200,30,0,0,2,1,12,2,200,0,1,0,0,200,200,1,21,34,0,3,200
1,200,30,0,0,2,1,12,2,200,0,1,0,0,200,200,1,21,34,0,23,200
0,200,35,0,0,1,1,11,5,2,0,1,0,1,200,200,200,25,0,1,19,200
0,200,35,0,0,1,1,11,5,2,0,1,0,1,200,200,200,25,0,1,53,200
0,200,35,0,0,1,1,11,5,2,0,1,0,1,200,200,200,25,0,1,45,200
0,200,30,0,0,0,1,7,5,200,0,0,0,0,200,200,1,200,200,2,200,200
0,200,30,1,2,0,1,10,5,4,0,1,0,1,200,200,200,18,34,0,19,200
0,200,30,1,2,0,1,10,5,4,0,1,0,1,200,200,200,18,34,0,37,200
0,200,30,0,0,0,1,5,6,1,0,1,12,1,200,200,0,28,200,1,38,200
0,200,30,0,0,0,1,0,2,2,0,1,0,1,200,200,200,33,0,0,17,200
0,200,30,0,0,0,1,0,2,2,0,1,0,1,200,200,200,33,0,0,32,200
0,200,30,0,0,2,1,14,3,4,0,1,0,1,200,200,1,14,17,2,200,200
0,200,30,0,0,2,1,14,3,4,0,1,0,1,200,200,1,14,17,1,24,200
0,200,35,1,2,2,1,10,5,2,0,1,0,0,200,200,200,0,0,1,35,200
0,200,35,1,2,2,1,10,5,2,0,1,0,0,200,200,200,0,0,0,23,200
0,200,5,0,0,2,1,11,7,2,0,1,0,0,200,1,200,0,200,1,35,200
0,200,5,0,0,2,1,11,7,2,0,1,0,0,200,1,200,0,200,1,60,200
0,200,30,0,0,2,1,10,5,2,0,1,0,1,200,200,200,34,12,0,48,200
0,200,30,0,0,2,1,10,5,2,0,1,0,1,200,200,200,34,12,0,27,200
0,200,30,0,0,2,1,10,5,2,0,1,0,1,200,200,200,34,12,1,69,200
1,200,30,0,0,2,1,10,5,2,0,1,0,1,200,200,200,34,12,1,200,200
0,200,30,0,0,0,1,3,2,200,0,0,0,0,200,200,200,16,17,1,28,200
0,200,30,0,0,0,1,3,2,200,0,0,0,0,200,200,200,16,17,1,42,200
4,200,30,1,2,0,4,8,5,200,0,0,0,0,200,200,200,17,200,0,200,200
0,200,30,1,2,0,4,8,5,200,0,0,0,0,200,200,200,17,200,1,50,200
0,200,30,0,0,200,3,0,7,200,0,200,200,0,200,200,1,0,200,0,200,200
0,200,30,0,0,200,3,0,7,200,0,200,200,0,200,200,1,0,200,0,34,200
0,200,30,1,0,0,1,0,5,2,0,0,0,0,1,200,200,6,6,1,18,200
0,200,30,1,0,0,1,0,5,2,0,0,0,0,1,200,200,6,6,1,55,200
1,200,30,1,0,0,1,0,5,2,0,0,0,0,1,200,200,6,6,1,17,200
0,200,30,0,0,0,1,14,5,2,0,0,0,1,200,200,200,23,200,0,53,200
0,200,30,0,0,0,1,14,5,2,0,0,0,1,200,200,200,23,200,1,29,200
0,200,30,1,2,2,1,10,5,200,0,1,0,0,200,200,200,18,200,0,67,200
0,200,30,1,2,2,1,10,5,200,0,1,0,0,200,200,200,18,200,0,200,200
0,200,30,0,0,0,1,12,5,3,0,0,0,0,200,200,200,0,0,0,200,200
0,200,30,0,0,0,1,12,5,3,0,0,0,0,200,200,200,0,0,0,200,200
0,200,30,0,0,0,1,2,5,200,0,0,0,1,200,200,200,200,200,1,47,200
0,200,30,1,2,1,1,10,2,200,0,1,0,0,200,200,1,18,200,0,200,200
0,200,30,1,2,1,1,10,2,200,0,1,0,0,200,200,1,18,200,1,30,200
1,200,30,1,2,1,1,10,2,200,0,1,0,0,200,200,1,18,200,2,200,200
0,200,30,0,0,2,1,12,5,4,0,1,0,0,200,200,200,21,200,0,54,200
0,200,30,0,0,2,1,12,5,4,0,1,0,0,200,200,200,21,200,0,38,200
0,200,30,0,0,2,1,10,6,200,0,1,0,0,200,200,200,34,34,0,35,200
0,200,30,0,0,2,1,10,6,200,0,1,0,0,200,200,200,34,34,0,23,200
1,200,30,0,0,2,1,10,6,200,0,1,0,0,200,200,200,34,34,1,22,200
0,200,30,1,2,2,1,10,3,4,0,1,200,1,1,200,200,18,15,0,30,200
0,200,30,1,2,2,1,10,3,4,0,1,200,1,1,200,200,18,15,0,28,200
0,200,30,1,2,2,1,10,3,4,0,1,200,1,1,200,200,18,15,0,200,200
0,200,20,0,0,0,1,0,5,200,0,0,200,0,200,200,200,23,0,0,53,200
0,200,20,0,0,0,1,0,5,200,0,0,200,0,200,200,200,23,0,1,21,200
1,200,20,0,0,0,1,0,5,200,0,0,200,0,200,200,200,23,0,0,19,200
1,200,20,0,0,0,1,0,5,200,0,0,200,0,200,200,200,23,0,0,19,200
1,200,20,0,0,0,1,0,5,200,0,0,200,0,200,200,200,23,0,0,200,200
1,200,20,0,0,0,1,0,5,200,0,0,200,0,200,200,200,23,0,1,200,200
0,200,30,1,2,0,1,12,5,200,0,0,0,0,1,200,200,21,0,0,55,200
0,200,30,1,2,0,1,12,5,200,0,0,0,0,1,200,200,21,0,0,59,200
0,200,25,1,2,1,1,12,5,2,0,0,0,0,200,200,200,21,11,1,200,200
0,200,25,1,2,1,1,12,5,2,0,0,0,0,200,200,200,21,11,1,35,200
0,200,30,0,0,2,1,10,5,4,0,1,0,0,200,200,200,0,200,0,31,200
0,200,30,0,0,2,1,10,5,4,0,1,0,0,200,200,200,0,200,2,200,200
0,200,40,0,0,0,1,12,3,200,0,200,0,0,200,200,200,11,200,1,200,200
0,200,40,0,0,0,1,12,3,200,0,200,0,0,200,200,200,11,200,0,200,200
0,200,30,0,0,0,1,10,2,2,0,0,0,0,1,200,200,0,200,0,200,200
0,200,30,0,0,0,1,10,2,2,0,0,0,0,1,200,200,0,200,0,32,200
1,200,30,0,0,0,1,10,2,2,0,0,0,0,1,200,200,0,200,1,200,200
0,200,30,0,0,0,1,7,7,0,0,0,200,0,200,200,1,0,0,2,200,200
0,200,40,0,0,0,1,2,3,8,3,1,0,1,200,200,200,27,0,0,58,200
1,200,40,0,0,0,1,2,3,8,3,1,0,1,200,200,200,27,0,0,24,200
1,200,40,0,0,0,1,2,3,8,3,1,0,1,200,200,200,27,0,1,23,200
0,200,30,0,0,0,1,7,5,200,0,0,0,0,200,200,1,200,200,1,200,200
0,200,15,0,0,0,1,7,7,200,0,0,0,0,200,200,1,0,200,2,200,200
0,200,30,0,0,0,1,1,5,200,0,0,0,0,1,200,200,5,200,1,76,200
5,200,30,0,0,0,1,1,5,200,0,0,0,0,1,200,200,5,200,1,53,200
0,200,30,1,2,1,1,10,5,4,5,1,0,1,1,200,200,16,15,0,41,200
0,200,30,1,2,1,1,10,5,4,5,1,0,1,1,200,200,16,15,1,31,200
0,200,30,1,2,1,1,10,5,4,5,1,0,1,1,200,200,16,15,1,61,200
0,200,30,0,0,0,1,12,6,1,0,0,0,0,200,200,200,20,17,0,34,200
0,200,30,0,0,0,1,12,6,1,0,0,0,0,200,200,200,20,17,1,23,200
1,200,30,0,0,0,1,12,6,1,0,0,0,0,200,200,200,20,17,0,23,200
1,200,30,0,0,0,1,12,6,1,0,0,0,0,200,200,200,20,17,1,19,200
1,200,30,0,0,0,1,12,6,1,0,0,0,0,200,200,200,20,17,1,16,200
1,200,30,0,0,0,1,12,6,1,0,0,0,0,200,200,200,20,17,1,2,200
1,200,30,0,0,0,1,12,6,1,0,0,0,0,200,200,200,20,17,1,20,200
0,200,35,2,2,2,1,14,2,2,0,1,0,0,1,200,200,17,23,0,25,200
0,200,35,2,2,2,1,14,2,2,0,1,0,0,1,200,200,17,23,0,62,200
0,200,30,1,2,2,1,2,3,4,0,1,0,1,200,200,200,11,34,0,21,200
0,200,35,0,0,2,1,10,3,4,1,1,0,1,200,200,200,18,200,1,26,200
0,200,35,0,0,2,1,10,3,4,1,1,0,1,200,200,200,18,200,0,35,200
0,0,30,0,0,0,1,7,5,200,0,0,0,0,200,200,200,12,0,0,27,200
1,0,30,0,0,0,1,7,5,200,0,0,0,0,200,200,200,12,0,1,71,200
0,200,30,2,2,0,1,14,5,4,0,0,0,0,1,200,200,17,11,0,25,200
0,200,30,2,2,0,1,14,5,4,0,0,0,0,1,200,200,17,11,0,62,200
1,200,30,2,2,0,1,14,5,4,0,0,0,0,1,200,200,17,11,1,23,200
0,200,30,0,0,0,1,14,5,200,0,0,0,1,200,200,200,17,17,0,23,200
0,200,30,0,0,0,1,14,5,200,0,0,0,1,200,200,200,17,17,0,31,200
0,1,30,0,0,0,1,7,2,200,0,0,0,0,200,200,1,200,200,2,200,200
0,200,30,1,2,0,1,10,3,200,0,12,0,0,1,200,200,0,200,1,26,200
0,200,30,1,2,0,1,10,3,200,0,12,0,0,1,200,200,0,200,1,52,200
1,200,30,1,2,0,1,10,3,200,0,12,0,0,1,200,200,0,200,0,26,200
0,200,40,1,2,0,1,10,3,9,0,0,0,0,200,200,1,16,200,1,200,200
0,200,40,1,2,0,1,10,3,9,0,0,0,0,200,200,1,16,200,0,27,200
0,200,40,1,2,0,1,10,3,9,0,0,0,0,200,200,1,16,200,2,200,200
0,200,40,0,0,0,1,10,3,8,0,0,0,1,200,200,200,0,200,0,32,200
0,200,40,0,0,0,1,10,3,8,0,0,0,1,200,200,200,0,200,0,30,200
0,200,30,0,0,0,1,10,5,200,0,1,0,0,200,200,200,0,0,1,27,200
0,200,30,0,0,0,1,10,5,200,0,1,0,0,200,200,200,0,0,1,41,200
1,200,30,0,0,0,1,10,5,200,0,1,0,0,200,200,200,0,0,1,17,200
1,200,30,0,0,0,1,10,5,200,0,1,0,0,200,200,200,0,0,0,23,200
1,200,30,0,0,0,1,10,5,200,0,1,0,0,200,200,200,0,0,0,1,200
0,200,20,0,0,0,1,0,7,1,0,0,0,0,200,200,200,20,20,1,200,200
0,200,20,0,0,0,1,0,7,1,0,0,0,0,200,200,200,20,20,1,57,200
0,200,30,0,0,2,1,12,5,200,0,0,0,0,200,200,200,17,200,0,200,200
0,200,30,0,0,2,1,12,5,200,0,0,0,0,200,200,200,17,200,1,77,200
0,200,30,1,200,2,1,10,5,2,2,1,200,0,1,200,200,18,16,0,42,200
0,200,30,1,200,2,1,10,5,2,2,1,200,0,1,200,200,18,16,0,27,200
1,200,30,1,200,2,1,10,5,2,2,1,200,0,1,200,200,18,16,1,44,200
0,200,30,0,0,0,1,10,2,2,0,0,0,0,200,200,200,0,0,1,48,200
0,200,30,0,0,0,1,10,2,2,0,0,0,0,200,200,200,0,0,0,52,200
0,200,25,2,2,0,1,0,6,2,0,1,200,1,1,200,200,17,200,0,48,200
0,200,25,2,2,0,1,0,6,2,0,1,200,1,1,200,200,17,200,0,25,200
0,200,30,0,0,0,1,14,2,2,0,0,0,0,200,200,1,16,200,2,200,200
0,200,30,0,0,0,1,14,2,2,0,0,0,0,200,200,1,16,200,0,65,200
0,200,30,1,2,0,1,10,5,200,0,0,0,0,200,200,200,18,200,1,40,200
0,200,30,1,2,0,1,10,5,200,0,0,0,0,200,200,200,18,200,0,30,200
0,200,20,0,0,0,1,0,7,1,0,0,200,0,200,200,1,0,0,1,200,200
0,200,20,0,0,0,1,0,7,1,0,0,200,0,200,200,1,0,0,1,44,200
1,200,20,0,0,0,1,0,7,1,0,0,200,0,200,200,1,0,0,1,200,200
0,200,30,1,2,1,1,0,5,2,0,0,0,1,1,0,200,25,6,0,24,200
0,200,30,1,2,1,1,0,5,2,0,0,0,1,1,0,200,25,6,1,46,200
0,200,30,1,2,1,1,0,5,2,0,0,0,1,1,0,200,25,6,0,45,200
0,200,10,0,0,0,1,7,7,200,0,0,0,0,200,200,200,20,200,1,22,200
1,200,10,0,0,0,1,7,7,200,0,0,0,0,200,200,200,20,200,1,200,200
0,200,30,1,2,0,1,12,5,2,0,0,0,0,0,200,200,22,22,0,200,200
0,200,30,1,2,0,1,12,5,2,0,0,0,0,0,200,200,22,22,0,0,200
0,200,35,2,2,0,1,7,5,2,0,1,0,0,200,200,1,200,200,2,200,200
0,200,30,0,0,0,3,7,2,200,0,0,0,0,200,200,1,200,200,0,200,200
0,200,30,0,0,0,0,10,5,200,0,1,0,0,200,200,200,0,200,0,200,200
0,200,30,0,0,0,0,10,5,200,0,1,0,0,200,200,200,0,200,0,24,200
0,200,30,2,2,0,4,0,5,2,0,0,0,1,1,200,200,17,16,1,23,200
0,200,30,2,2,0,4,0,5,2,0,0,0,1,1,200,200,17,16,0,47,200
0,200,30,0,0,0,1,7,5,200,0,0,200,0,200,200,200,0,200,2,200,200
0,200,30,1,2,0,1,14,3,4,0,0,0,0,1,200,1,0,0,2,200,200
0,200,30,1,2,0,1,14,3,4,0,0,0,0,1,200,1,0,0,1,22,200
0,200,15,0,0,0,4,7,7,200,0,0,0,0,200,200,200,20,16,1,49,200
0,200,30,2,2,0,4,0,5,1,0,0,0,0,200,200,200,17,200,1,27,200
0,200,30,2,2,0,4,0,5,1,0,0,0,0,200,200,200,17,200,1,34,200
0,200,20,0,0,0,1,11,6,1,0,0,200,0,200,200,200,0,0,1,50,200
0,200,20,0,0,0,1,11,6,1,0,0,200,0,200,200,200,0,0,0,46,200
0,200,25,0,0,0,1,12,6,2,0,0,0,0,200,200,200,0,200,1,41,200
0,200,25,0,0,0,1,12,6,2,0,0,0,0,200,200,200,0,200,1,49,200
0,200,25,0,0,0,1,9,5,2,0,1,0,1,200,200,1,17,23,0,200,200
5,200,25,0,0,0,1,9,5,2,0,1,0,1,200,200,1,17,23,1,74,200
0,1,30,0,0,2,1,7,5,2,0,200,200,0,200,200,1,0,0,2,200,200
0,200,30,0,0,0,4,5,6,1,0,1,12,1,200,200,200,28,0,0,45,200
0,200,30,1,2,2,1,10,5,200,0,1,0,0,200,200,200,18,200,1,45,200
0,200,30,1,2,2,1,10,5,200,0,1,0,0,200,200,200,18,200,1,25,200
1,200,30,1,2,2,1,10,5,200,0,1,0,0,200,200,200,18,200,0,200,200
0,200,5,0,0,0,1,12,7,2,0,0,0,0,200,1,200,0,0,0,200,200
0,200,5,0,0,0,1,12,7,2,0,0,0,0,200,1,200,0,0,0,200,200
0,200,30,0,0,0,1,12,2,200,0,0,0,0,200,200,200,21,21,0,200,200
0,200,30,0,0,0,1,12,2,200,0,0,0,0,200,200,200,21,21,1,21,200
0,1,30,0,0,0,1,7,5,200,0,0,0,0,200,200,1,200,200,1,200,200
0,200,30,0,0,0,1,12,5,200,0,0,0,0,200,200,1,21,0,1,200,200
0,200,30,0,0,0,1,12,5,200,0,0,0,0,200,200,1,21,0,1,37,200
0,200,30,1,0,0,3,10,5,200,0,0,0,0,1,200,200,7,18,1,200,200
0,200,30,1,0,0,3,10,5,200,0,0,0,0,1,200,200,7,18,1,25,200
0,200,30,1,0,0,3,10,5,200,0,0,0,0,1,200,200,7,18,0,55,200
0,200,30,0,0,0,3,12,3,4,0,0,200,0,200,200,200,21,0,0,48,200
0,200,30,0,0,0,3,12,3,4,0,0,200,0,200,200,200,21,0,1,59,200
0,200,35,0,0,200,3,12,6,2,0,200,200,0,200,200,200,0,0,0,52,200
0,200,35,0,0,200,3,12,6,2,0,200,200,0,200,200,200,0,0,0,24,200
0,200,30,2,2,0,3,14,5,2,0,0,200,1,1,200,1,10,5,0,16,200
0,200,30,2,2,0,3,14,5,2,0,0,200,1,1,200,1,10,5,0,33,200
0,200,30,2,2,0,3,14,5,2,0,0,200,1,1,200,1,10,5,2,200,200
1,200,30,2,2,0,3,14,5,2,0,0,200,1,1,200,1,10,5,0,200,200
1,200,30,2,2,0,3,14,5,2,0,0,200,1,1,200,1,10,5,0,200,200
0,200,30,1,2,0,3,14,5,200,0,0,0,0,1,200,200,6,200,0,53,200
0,200,30,1,2,0,3,14,5,200,0,0,0,0,1,200,200,6,200,0,34,200
1,200,30,1,2,0,3,14,5,200,0,0,0,0,1,200,200,6,200,0,29,200
1,200,30,1,2,0,3,14,5,200,0,0,0,0,1,200,200,6,200,1,1,200
1,200,30,1,2,0,3,14,5,200,0,0,0,0,1,200,200,6,200,1,23,200
1,200,30,1,2,0,3,14,5,200,0,0,0,0,1,200,200,6,200,1,50,200
1,200,30,1,2,0,3,14,5,200,0,0,0,0,1,200,200,6,200,0,43,200
0,200,30,1,2,0,3,14,5,200,0,0,0,0,1,200,200,0,200,0,30,200
0,200,30,1,2,0,3,14,5,200,0,0,0,0,1,200,200,0,200,1,62,200
0,200,0,0,0,0,1,7,7,200,0,0,0,0,200,1,200,0,0,0,30,200
0,200,10,0,0,0,0,7,5,200,0,0,0,0,200,200,200,0,0,1,51,200
0,200,30,0,0,0,3,12,6,200,0,0,0,0,200,200,200,8,0,0,53,200
1,200,30,0,0,0,3,12,6,200,0,0,0,0,200,200,200,8,0,1,18,200
1,200,30,0,0,0,3,12,6,200,0,0,0,0,200,200,200,8,0,200,200,200
0,200,30,2,2,0,3,14,5,2,0,0,0,1,1,200,1,5,16,0,200,200
0,200,30,2,2,0,3,14,5,2,0,0,0,1,1,200,1,5,16,0,23,200
1,200,30,2,2,0,3,14,5,2,0,0,0,1,1,200,1,5,16,0,200,200
1,200,30,2,2,0,3,14,5,2,0,0,0,1,1,200,1,5,16,0,200,200
1,200,30,2,2,0,3,14,5,2,0,0,0,1,1,200,1,5,16,0,200,200
1,200,30,2,2,0,3,14,5,2,0,0,0,1,1,200,1,5,16,1,44,200
1,200,30,2,2,0,3,14,5,2,0,0,0,1,1,200,1,5,16,0,35,200
0,200,30,0,0,0,3,10,5,200,0,0,0,0,200,200,200,18,0,0,32,200
0,200,30,0,0,0,3,10,5,200,0,0,0,0,200,200,200,18,0,0,32,200
1,200,30,0,0,0,3,10,5,200,0,0,0,0,200,200,200,18,0,1,3,200
0,200,30,0,0,0,3,14,5,2,0,0,0,1,200,200,200,23,23,1,32,200
0,200,30,0,0,0,3,14,5,2,0,0,0,1,200,200,200,23,23,0,20,200
1,200,30,0,0,0,3,14,5,2,0,0,0,1,200,200,200,23,23,1,76,200
1,200,30,0,0,0,3,14,5,2,0,0,0,1,200,200,200,23,23,0,45,200
1,200,30,0,0,0,3,14,5,2,0,0,0,1,200,200,200,23,23,0,23,200
1,200,30,0,0,0,3,14,5,2,0,0,0,1,200,200,200,23,23,1,20,200
1,200,30,0,0,0,3,14,5,2,0,0,0,1,200,200,200,23,23,1,21,200
1,200,30,0,0,0,3,14,5,2,0,0,0,1,200,200,200,23,23,1,18,200
1,200,30,0,0,0,3,14,5,2,0,0,0,1,200,200,200,23,23,1,19,200
1,200,30,0,0,0,3,14,5,2,0,0,0,1,200,200,200,23,23,0,18,200
0,1,30,0,0,0,3,2,5,2,0,0,0,0,200,1,200,20,200,0,39,200
0,200,30,1,2,0,3,11,6,200,0,0,0,0,200,200,200,0,0,0,47,200
0,200,30,1,2,0,3,11,6,200,0,0,0,0,200,200,200,0,0,1,47,200
1,200,30,1,2,0,3,11,6,200,0,0,0,0,200,200,200,0,0,0,200,200
0,200,30,0,0,0,3,14,2,200,0,0,0,0,1,200,1,22,17,2,200,200
0,200,30,0,0,0,3,14,2,200,0,0,0,0,1,200,1,22,17,0,20,200
0,200,15,0,0,0,4,7,6,200,0,0,0,1,200,200,200,11,0,0,19,200
0,200,30,1,200,0,3,9,2,6,0,0,200,1,200,200,200,17,11,0,69,200
5,200,30,1,200,0,3,9,2,6,0,0,200,1,200,200,200,17,11,1,31,200
0,200,20,0,0,0,1,10,6,3,0,0,0,0,200,200,200,17,18,1,55,200
0,200,20,0,0,0,1,10,6,3,0,0,0,0,200,200,200,17,18,1,42,200
0,200,35,0,0,0,1,12,1,4,0,0,0,0,200,200,200,22,22,0,42,200
0,200,35,0,0,0,1,12,1,4,0,0,0,0,200,200,200,22,22,0,27,200
0,200,30,1,2,0,3,10,6,3,0,0,0,1,200,200,200,16,0,0,83,200
0,200,30,1,2,0,3,10,6,3,0,0,0,1,200,200,200,16,0,0,29,200
0,200,30,1,2,0,3,10,6,3,0,0,0,1,200,200,200,16,0,0,32,200
0,200,30,1,2,0,3,10,6,3,0,0,0,1,200,200,200,16,0,0,200,200
0,200,30,1,2,0,3,10,6,3,0,0,0,1,200,200,200,16,0,0,200,200
0,200,30,0,0,0,3,0,2,2,0,0,3,0,1,200,200,11,11,1,47,200
0,200,30,0,0,0,3,0,2,2,0,0,3,0,1,200,200,11,11,1,65,200
0,200,30,1,2,0,3,10,5,4,0,0,0,0,1,200,1,0,0,1,32,200
5,200,30,0,0,0,3,9,12,200,0,0,200,0,1,200,0,6,0,2,200,200
0,200,30,0,0,0,3,9,12,200,0,0,200,0,1,200,0,6,0,0,27,200
1,200,30,0,0,0,3,9,12,200,0,0,200,0,1,200,0,6,0,1,26,200
0,1,25,0,0,0,3,7,6,1,0,200,200,0,200,200,200,16,22,2,200,200
0,200,30,1,2,0,3,0,5,200,2,0,200,1,200,200,1,25,0,0,200,200
0,200,30,1,2,0,3,0,5,200,2,0,200,1,200,200,1,25,0,1,33,200
0,200,30,1,2,0,3,0,2,200,0,0,0,1,1,200,200,6,16,0,21,200
0,200,30,1,2,0,3,0,2,200,0,0,0,1,1,200,200,6,16,0,28,200
1,200,30,1,2,0,3,0,2,200,0,0,0,1,1,200,200,6,16,1,15,200
1,200,30,1,2,0,3,0,2,200,0,0,0,1,1,200,200,6,16,1,16,200
1,200,30,1,2,0,3,0,2,200,0,0,0,1,1,200,200,6,16,0,17,200
1,200,30,1,2,0,3,0,2,200,0,0,0,1,1,200,200,6,16,1,17,200
1,200,30,1,2,0,3,0,2,200,0,0,0,1,1,200,200,6,16,1,30,200
0,200,30,0,0,0,3,7,6,1,0,0,200,0,200,200,200,0,0,1,14,200
0,200,25,0,0,0,3,7,5,200,3,0,0,0,200,200,200,200,200,1,27,200
0,200,30,1,2,0,3,8,5,4,0,0,0,1,1,200,1,17,0,2,200,200
4,200,30,1,2,0,3,8,5,4,0,0,0,1,1,200,1,17,0,0,29,200
0,200,9,2,2,0,3,0,2,200,0,0,0,0,1,200,1,0,200,1,33,200
1,200,9,2,2,0,3,0,2,200,0,0,0,0,1,200,1,0,200,0,200,200
0,1,30,1,200,200,3,0,5,2,0,200,200,1,1,200,200,6,17,0,57,200
0,1,30,1,200,200,3,0,5,2,0,200,200,1,1,200,200,6,17,0,28,200
0,200,30,1,2,2,3,7,5,2,0,1,0,0,200,200,200,34,0,0,28,200
0,200,30,1,2,12,3,0,12,0,0,1,0,1,1,200,0,6,0,0,20,200
0,200,30,1,2,12,3,0,12,0,0,1,0,1,1,200,0,6,0,1,30,200
1,200,30,1,2,12,3,0,12,0,0,1,0,1,1,200,0,6,0,0,22,200
1,200,30,1,2,12,3,0,12,0,0,1,0,1,1,200,0,6,0,0,21,200
0,200,30,1,2,0,3,12,1,2,0,0,0,1,200,200,200,21,0,1,30,200
0,200,30,1,2,0,3,12,1,2,0,0,0,1,200,200,200,21,0,0,35,200
1,200,30,1,2,0,3,12,1,2,0,0,0,1,200,200,200,21,0,1,26,200
0,200,25,0,0,0,0,2,0,1,0,1,0,0,200,200,200,33,200,0,31,200
1,200,25,0,0,0,0,2,0,1,0,1,0,0,200,200,200,33,200,0,22,200
0,200,30,0,0,0,3,2,12,0,0,0,0,0,200,200,200,20,200,1,38,200
0,200,30,0,0,0,3,12,5,200,0,0,0,1,200,200,1,0,22,2,200,200
0,200,30,0,0,0,3,12,5,200,0,0,0,1,200,200,1,0,22,0,32,200
0,200,30,1,2,0,3,0,3,4,0,0,0,1,1,200,200,6,16,1,27,200
0,200,30,1,2,0,3,0,3,4,0,0,0,1,1,200,200,6,16,1,29,200
1,200,30,1,2,0,3,0,3,4,0,0,0,1,1,200,200,6,16,1,6,200
1,200,30,1,2,0,3,0,3,4,0,0,0,1,1,200,200,6,16,0,1,200
1,200,30,1,2,0,3,0,3,4,0,0,0,1,1,200,200,6,16,1,29,200
0,200,30,0,0,2,3,7,2,2,0,1,0,0,200,200,200,0,200,0,51,200
1,200,30,0,0,2,3,7,2,2,0,1,0,0,200,200,200,0,200,1,38,200
0,1,30,0,0,0,3,7,2,2,0,0,0,1,200,200,1,0,0,0,43,200
0,200,30,1,2,0,3,2,5,200,0,0,0,1,200,200,200,8,200,0,0,200
1,200,30,1,2,0,3,2,5,200,0,0,0,1,200,200,200,8,200,1,21,200
1,200,30,1,2,0,3,2,5,200,0,0,0,1,200,200,200,8,200,0,19,200
1,200,30,1,2,0,3,2,5,200,0,0,0,1,200,200,200,8,200,1,22,200
1,200,30,1,2,0,3,2,5,200,0,0,0,1,200,200,200,8,200,0,25,200
0,200,30,5,200,0,3,8,5,2,0,0,4,1,1,200,1,0,200,2,200,200
4,200,30,5,200,0,3,8,5,2,0,0,4,1,1,200,1,0,200,0,51,200
0,200,30,0,0,0,2,7,6,2,0,0,0,1,200,200,1,25,14,1,200,200
0,200,25,1,2,0,0,14,5,4,0,0,0,0,200,200,1,17,200,0,200,200
0,200,25,1,2,0,0,14,5,4,0,0,0,0,200,200,1,17,200,0,25,200
0,200,30,0,0,0,0,0,12,0,0,200,0,0,200,1,200,0,0,0,58,200
0,200,30,0,0,0,0,0,12,0,0,200,0,0,200,1,200,0,0,0,63,200
0,200,30,2,0,0,1,14,5,2,0,0,0,1,1,200,200,17,0,1,22,200
0,200,30,2,0,0,1,14,5,2,0,0,0,1,1,200,200,17,0,0,50,200