PERSON_TYPE,CRASH_DATE_EST_I,POSTED_SPEED_LIMIT,TRAFFIC_CONTROL_DEVICE,DEVICE_CONDITION,WEATHER_CONDITION,LIGHTING_CONDITION,FIRST_CRASH_TYPE,TRAFFICWAY_TYPE,LANE_CNT,ALIGNMENT,ROADWAY_SURFACE_COND,ROAD_DEFECT,CRASH_TYPE,INTERSECTION_RELATED_I,NOT_RIGHT_OF_WAY_I,HIT_AND_RUN_I,PRIM_CONTRIBUTORY_CAUSE,SEC_CONTRIBUTORY_CAUSE,SEX,AGE,BAC_RESULT VALUE
1,200,30,2,0,0,1,14,5,2,0,0,0,1,1,200,200,17,0,1,39,200
0,200,30,1,2,0,1,14,3,200,1,0,0,0,1,200,200,22,200,0,42,200
0,200,30,1,2,0,1,14,3,200,1,0,0,0,1,200,200,22,200,1,47,200
0,200,30,0,0,0,1,7,5,2,0,0,200,0,200,200,1,21,0,2,200,200
0,200,30,0,0,0,1,12,5,2,0,0,0,0,200,200,1,0,0,0,200,200
0,200,30,0,0,0,1,12,5,2,0,0,0,0,200,200,1,0,0,0,61,200
0,200,30,0,0,0,1,10,5,4,0,0,0,0,200,200,200,18,18,0,200,200
0,200,30,0,0,0,1,10,5,4,0,0,0,0,200,200,200,18,18,1,28,200
0,200,30,0,0,0,1,0,5,4,0,0,0,1,1,200,200,0,0,0,55,200
0,200,30,0,0,0,1,0,5,4,0,0,0,1,1,200,200,0,0,0,29,200
1,200,30,0,0,0,1,0,5,4,0,0,0,1,1,200,200,0,0,1,200,200
0,200,30,0,0,0,1,7,5,200,0,0,0,0,200,200,200,200,200,0,61,200
0,200,35,2,200,0,1,0,5,2,0,0,200,1,1,200,200,11,0,2,200,200
0,200,35,2,200,0,1,0,5,2,0,0,200,1,1,200,200,11,0,0,51,200
0,200,30,1,2,0,1,10,2,4,0,1,0,1,1,200,200,0,0,0,40,200
0,200,30,1,2,0,1,10,2,4,0,1,0,1,1,200,200,0,0,0,53,200
0,200,30,1,2,0,1,12,2,200,0,0,0,1,1,200,200,22,21,0,30,200
0,200,30,1,2,0,1,12,2,200,0,0,0,1,1,200,200,22,21,0,27,200
1,200,30,1,2,0,1,12,2,200,0,0,0,1,1,200,200,22,21,1,14,200
1,200,30,1,2,0,1,12,2,200,0,0,0,1,1,200,200,22,21,1,9,200
1,200,30,1,2,0,1,12,2,200,0,0,0,1,1,200,200,22,21,1,7,200
1,200,30,1,2,0,1,12,2,200,0,0,0,1,1,200,200,22,21,0,4,200
1,200,30,1,2,0,1,12,2,200,0,0,0,1,1,200,200,22,21,1,2,200
0,200,30,0,0,0,1,7,5,2,0,0,200,0,200,200,200,0,0,1,200,200
1,200,30,0,0,0,1,7,5,2,0,0,200,0,200,200,200,0,0,0,56,200
0,200,40,0,0,0,1,10,2,200,0,0,0,0,200,200,200,0,0,1,37,200
0,200,40,0,0,0,1,10,2,200,0,0,0,0,200,200,200,0,0,1,33,200
1,200,40,0,0,0,1,10,2,200,0,0,0,0,200,200,200,0,0,1,200,200
0,200,30,0,0,0,1,14,5,2,0,0,0,1,200,200,200,17,23,0,24,200
0,200,30,0,0,0,1,14,5,2,0,0,0,1,200,200,200,17,23,0,0,200
0,200,25,0,0,0,1,7,5,200,0,0,0,0,200,200,1,0,0,2,200,200
0,200,30,1,2,0,1,9,5,200,0,0,0,0,200,200,200,0,0,0,78,200
5,200,30,1,2,0,1,9,5,200,0,0,0,0,200,200,200,0,0,0,200,200
0,200,25,0,0,0,1,14,5,2,0,0,0,0,200,1,200,17,16,1,35,200
0,200,25,0,0,0,1,14,5,2,0,0,0,0,200,1,200,17,16,0,69,200
1,200,25,0,0,0,1,14,5,2,0,0,0,0,200,1,200,17,16,0,52,200
0,200,30,1,2,0,1,11,5,2,0,0,12,0,1,200,200,28,200,1,53,200
0,200,30,1,2,0,1,11,5,2,0,0,12,0,1,200,200,28,200,0,57,200
0,200,30,0,0,0,1,10,5,200,0,0,0,1,200,200,200,18,200,0,23,200
0,200,30,0,0,0,1,10,5,200,0,0,0,1,200,200,200,18,200,0,35,200
0,200,0,0,0,2,3,7,5,2,0,1,0,0,200,200,1,0,0,2,200,200
0,200,30,0,200,0,1,2,12,1,0,0,0,0,200,1,1,0,200,0,200,200
0,200,15,0,0,0,1,7,5,2,0,0,0,0,200,200,200,0,0,0,70,200
1,200,15,0,0,0,1,7,5,2,0,0,0,0,200,200,200,0,0,1,21,200
0,200,30,2,2,2,1,12,5,2,0,0,0,0,200,200,200,21,0,0,66,200
0,200,30,2,2,2,1,12,5,2,0,0,0,0,200,200,200,21,0,0,200,200
0,0,30,0,0,200,1,7,5,4,0,0,0,0,200,200,1,11,200,1,200,200
0,200,30,0,0,1,1,12,5,200,0,0,0,0,200,200,200,0,0,0,38,200
0,200,30,0,0,1,1,12,5,200,0,0,0,0,200,200,200,0,0,0,69,200
0,200,30,0,0,0,1,10,2,4,0,0,0,0,200,200,200,16,18,0,69,200
0,200,30,0,0,0,1,10,2,4,0,0,0,0,200,200,200,16,18,1,27,200
0,200,15,0,0,0,1,7,7,1,0,0,0,0,200,1,200,0,0,1,74,200
0,200,30,0,0,2,1,10,5,200,0,1,0,0,200,200,200,0,0,0,200,200
0,200,30,0,0,2,1,10,5,200,0,1,0,0,200,200,200,0,0,0,29,200
0,200,30,0,0,0,1,7,5,2,0,0,0,0,200,200,200,20,20,0,44,200
0,200,30,10,2,2,1,2,2,200,0,1,0,1,200,200,200,3,200,0,56,200
0,200,30,0,0,0,1,7,5,2,0,0,0,1,200,200,200,0,200,0,59,200
1,200,30,0,0,0,1,7,5,2,0,0,0,1,200,200,200,0,200,1,200,200
0,200,30,1,2,0,1,9,5,4,0,0,0,1,1,200,1,0,200,2,200,200
5,200,30,1,2,0,1,9,5,4,0,0,0,1,1,200,1,0,200,0,61,200
0,200,30,1,2,0,3,9,2,2,0,1,0,1,1,200,200,0,0,0,37,200
5,200,30,1,2,0,3,9,2,2,0,1,0,1,1,200,200,0,0,1,36,200
0,200,30,0,0,1,1,12,5,2,0,0,0,0,1,200,200,0,200,0,29,200
0,200,30,0,0,1,1,12,5,2,0,0,0,0,1,200,200,0,200,0,56,200
0,1,30,0,0,0,3,5,5,4,0,0,1,0,200,200,200,28,200,0,50,200
0,200,30,2,2,2,1,0,2,4,0,1,0,1,1,200,200,5,17,0,31,200
0,200,30,2,2,2,1,0,2,4,0,1,0,1,1,200,200,5,17,1,38,200
0,200,30,0,0,0,1,7,3,2,2,0,200,0,200,200,1,17,200,2,200,200
0,200,25,1,2,0,1,12,3,200,0,0,0,0,200,200,200,22,22,0,56,200
0,200,25,1,2,0,1,12,3,200,0,0,0,0,200,200,200,22,22,1,34,200
0,200,30,0,0,0,1,14,2,4,0,0,0,0,200,200,200,21,11,0,20,200
0,200,30,0,0,0,1,14,2,4,0,0,0,0,200,200,200,21,11,0,43,200
0,200,35,0,0,2,1,7,5,2,0,1,0,0,200,200,200,8,200,0,21,200
0,1,30,200,200,200,1,14,2,200,0,200,200,0,1,200,200,200,200,1,200,200
0,1,30,200,200,200,1,14,2,200,0,200,200,0,1,200,200,200,200,1,200,200
0,200,15,0,0,0,1,2,0,1,0,0,0,0,200,1,200,0,200,1,44,200
0,200,0,0,0,0,1,7,5,2,0,0,0,0,200,200,200,22,18,0,22,200
0,200,30,1,1,0,3,14,2,2,0,0,0,1,200,200,200,17,23,0,0,200
0,200,30,1,1,0,3,14,2,2,0,0,0,1,200,200,200,17,23,1,33,200
1,200,30,1,1,0,3,14,2,2,0,0,0,1,200,200,200,17,23,0,31,200
1,200,30,1,1,0,3,14,2,2,0,0,0,1,200,200,200,17,23,1,0,200
1,200,30,1,1,0,3,14,2,2,0,0,0,1,200,200,200,17,23,0,41,200
1,200,30,1,1,0,3,14,2,2,0,0,0,1,200,200,200,17,23,1,35,200
0,200,30,1,2,0,1,10,5,200,0,0,0,0,200,200,1,0,0,1,200,200
0,200,30,1,2,0,1,10,5,200,0,0,0,0,200,200,1,0,0,1,67,200
0,200,15,0,0,200,200,7,7,0,0,0,0,0,200,200,1,20,0,2,200,200
0,1,30,0,0,200,200,7,5,1,0,200,0,0,200,200,1,0,200,2,200,200
0,200,25,200,200,0,1,10,2,200,0,0,200,0,200,200,200,18,0,0,200,200
0,200,25,200,200,0,1,10,2,200,0,0,200,0,200,200,200,18,0,0,37,200
0,200,10,0,0,0,1,0,7,200,0,0,0,0,200,0,200,0,0,1,44,200
0,200,10,0,0,0,1,0,7,200,0,0,0,0,200,0,200,0,0,1,45,200
0,200,30,0,0,0,1,12,5,2,0,0,0,0,200,200,200,0,0,0,200,200
0,200,30,0,0,0,1,12,5,2,0,0,0,0,200,200,200,0,0,1,200,200
0,200,10,0,0,200,1,14,7,2,0,200,0,0,200,1,200,17,200,0,25,200
0,200,10,0,0,200,1,14,7,2,0,200,0,0,200,1,200,17,200,1,51,200
1,200,10,0,0,200,1,14,7,2,0,200,0,0,200,1,200,17,200,0,200,200
0,200,30,0,0,0,1,10,5,3,0,0,0,1,200,200,200,0,200,0,200,200
0,200,30,0,0,0,1,10,5,3,0,0,0,1,200,200,200,0,200,0,41,200
1,200,30,0,0,0,1,10,5,3,0,0,0,1,200,200,200,0,200,0,200,200
0,200,30,0,0,0,1,0,5,4,0,0,0,0,200,200,200,20,200,0,64,200
0,200,30,0,0,0,1,0,5,4,0,0,0,0,200,200,200,20,200,0,42,200
0,200,30,1,2,0,1,9,5,2,0,0,0,1,1,200,200,17,200,0,0,200
5,200,30,1,2,0,1,9,5,2,0,0,0,1,1,200,200,17,200,0,63,200
0,200,30,0,0,1,1,10,2,2,0,1,0,1,200,200,200,0,0,0,35,200
0,200,30,0,0,1,1,10,2,2,0,1,0,1,200,200,200,0,0,1,70,200
1,200,30,0,0,1,1,10,2,2,0,1,0,1,200,200,200,0,0,1,5,200
1,200,30,0,0,1,1,10,2,2,0,1,0,1,200,200,200,0,0,0,3,200
0,200,30,0,0,0,1,7,12,200,0,0,0,0,200,200,200,11,0,0,200,200
0,200,25,0,0,0,1,2,6,200,0,0,0,1,1,200,200,11,200,1,24,200
0,200,20,0,0,0,1,7,3,2,0,0,0,0,200,200,200,0,200,0,33,200
0,200,10,0,0,0,3,7,7,200,0,0,0,0,200,200,1,20,0,2,200,200
0,200,30,0,0,1,1,12,3,4,0,0,0,0,200,200,200,22,200,0,35,200
0,200,30,0,0,1,1,12,3,4,0,0,0,0,200,200,200,22,200,1,37,200
0,200,30,0,0,0,1,12,2,2,0,0,0,1,1,200,200,17,200,1,54,200
0,200,30,0,0,0,1,12,2,2,0,0,0,1,1,200,200,17,200,1,35,200
0,200,30,0,0,0,1,0,5,4,0,0,0,1,200,200,1,17,200,0,200,200
0,200,30,0,0,0,1,0,5,4,0,0,0,1,200,200,1,17,200,1,28,200
1,200,30,0,0,0,1,0,5,4,0,0,0,1,200,200,1,17,200,0,28,200
0,200,15,0,0,0,1,2,4,1,0,0,0,0,200,1,200,0,0,0,19,200
0,200,30,1,2,0,1,10,5,200,0,0,0,1,200,200,200,18,25,0,29,200
0,200,30,1,2,0,1,10,5,200,0,0,0,1,200,200,200,18,25,0,39,200
0,200,30,0,2,0,1,7,7,200,0,0,0,0,200,200,200,11,200,1,200,200
1,200,30,0,2,0,1,7,7,200,0,0,0,0,200,200,200,11,200,1,65,200
0,200,30,1,2,0,1,10,5,2,0,0,0,0,1,200,200,18,0,1,25,200
0,200,30,1,2,0,1,10,5,2,0,0,0,0,1,200,200,18,0,0,39,200
0,200,30,0,0,0,2,7,6,1,0,0,0,0,200,200,200,0,0,0,200,200
0,200,30,0,0,0,1,7,2,200,0,0,0,0,200,200,200,22,200,0,54,200
1,200,30,0,0,0,1,7,2,200,0,0,0,0,200,200,200,22,200,0,41,200
1,200,30,0,0,0,1,7,2,200,0,0,0,0,200,200,200,22,200,1,41,200
1,200,30,0,0,0,1,7,2,200,0,0,0,0,200,200,200,22,200,0,53,200
0,200,25,0,0,0,1,10,5,200,0,0,0,0,200,200,1,0,18,0,200,200
0,200,25,0,0,0,1,10,5,200,0,0,0,0,200,200,1,0,18,1,50,200
0,200,25,0,0,0,1,10,5,200,0,0,0,0,200,200,1,0,18,1,200,200
0,200,25,0,0,0,1,10,5,200,0,0,0,0,200,200,1,0,18,2,200,200
0,200,35,1,2,0,1,14,5,4,0,0,0,1,1,200,200,26,200,0,52,200
0,200,35,1,2,0,1,14,5,4,0,0,0,1,1,200,200,26,200,0,29,200
0,200,30,1,2,2,1,10,5,4,0,1,0,0,1,200,200,18,34,0,54,200
0,200,30,1,2,2,1,10,5,4,0,1,0,0,1,200,200,18,34,0,74,200
0,200,20,0,0,0,1,7,6,200,0,0,0,0,200,200,200,22,200,0,67,200
1,200,20,0,0,0,1,7,6,200,0,0,0,0,200,200,200,22,200,0,200,200
0,200,30,1,2,0,1,12,5,2,0,0,0,1,200,200,1,18,22,0,200,200
0,200,30,1,2,0,1,12,5,2,0,0,0,1,200,200,1,18,22,0,24,200
0,200,20,0,0,0,1,12,7,200,0,0,0,0,200,1,200,18,17,1,55,200
0,200,20,0,0,0,1,12,7,200,0,0,0,0,200,1,200,18,17,0,41,200
0,200,30,0,200,200,200,7,6,1,0,200,200,0,200,200,1,200,200,2,200,200
0,200,40,0,0,0,1,2,3,8,5,0,0,1,200,200,200,14,11,1,22,200
0,200,30,0,0,0,1,11,5,2,0,0,0,0,200,200,200,0,200,0,23,200
0,200,30,0,0,0,1,11,5,2,0,0,0,0,200,200,200,0,200,0,48,200
0,200,30,0,0,0,1,7,6,1,0,0,200,0,200,200,200,0,0,0,200,200
0,200,25,0,0,0,1,12,5,200,0,0,0,0,200,200,200,17,17,1,200,200
0,200,25,0,0,0,1,12,5,200,0,0,0,0,200,200,200,17,17,0,52,200
0,200,25,0,0,0,1,7,6,1,0,0,0,0,200,200,200,0,200,0,28,200
0,200,30,1,2,0,1,12,1,4,0,0,200,0,1,200,200,17,0,1,28,200
0,200,30,1,2,0,1,12,1,4,0,0,200,0,1,200,200,17,0,1,25,200
1,200,30,1,2,0,1,12,1,4,0,0,200,0,1,200,200,17,0,1,56,200
1,200,30,1,2,0,1,12,1,4,0,0,200,0,1,200,200,17,0,0,4,200
1,200,30,1,2,0,1,12,1,4,0,0,200,0,1,200,200,17,0,1,0,200
0,200,10,0,0,0,1,7,7,2,0,0,0,0,200,0,200,0,200,0,26,200
0,200,30,2,200,0,1,0,12,0,0,200,200,0,1,200,200,0,0,1,43,200
0,200,30,2,200,0,1,0,12,0,0,200,200,0,1,200,200,0,0,0,70,200
0,200,35,0,0,0,1,14,5,200,0,0,0,0,200,200,200,0,0,1,38,200
0,200,35,0,0,0,1,14,5,200,0,0,0,0,200,200,200,0,0,0,77,200
1,200,35,0,0,0,1,14,5,200,0,0,0,0,200,200,200,0,0,0,44,200
1,200,35,0,0,0,1,14,5,200,0,0,0,0,200,200,200,0,0,2,200,200
1,200,35,0,0,0,1,14,5,200,0,0,0,0,200,200,200,0,0,2,200,200
0,200,30,1,2,0,1,8,2,2,0,0,0,1,200,200,200,2,2,1,34,200
4,200,30,1,2,0,1,8,2,2,0,0,0,1,200,200,200,2,2,0,48,200
0,200,10,12,0,200,1,12,12,2,0,200,0,0,200,200,200,0,0,0,75,200
0,200,10,12,0,200,1,12,12,2,0,200,0,0,200,200,200,0,0,1,67,200
1,200,10,12,0,200,1,12,12,2,0,200,0,0,200,200,200,0,0,1,72,200
0,200,30,9,2,0,1,10,2,4,0,0,200,0,200,200,200,28,18,0,200,200
0,200,30,9,2,0,1,10,2,4,0,0,200,0,200,200,200,28,18,0,40,200
1,200,30,9,2,0,1,10,2,4,0,0,200,0,200,200,200,28,18,1,200,200
1,200,30,9,2,0,1,10,2,4,0,0,200,0,200,200,200,28,18,2,200,200
5,200,30,1,2,0,1,9,5,2,0,0,0,1,1,200,200,17,0,0,1,200
0,200,30,1,2,0,1,9,5,2,0,0,0,1,1,200,200,17,0,0,27,200
0,200,30,0,0,0,1,7,7,2,0,0,200,0,200,200,1,16,0,2,200,200
0,200,30,1,1,0,1,14,5,200,0,0,0,1,1,200,200,23,17,0,61,200
0,200,30,1,1,0,1,14,5,200,0,0,0,1,1,200,200,23,17,0,28,200
0,200,25,1,2,0,1,14,2,2,0,0,0,1,200,200,200,20,18,1,49,200
0,200,25,1,2,0,1,14,2,2,0,0,0,1,200,200,200,20,18,0,53,200
0,1,30,0,0,200,200,7,5,200,0,200,0,0,200,200,1,0,0,2,200,200
0,200,30,0,0,0,0,14,5,200,0,0,0,0,200,200,1,0,0,0,200,200
0,200,30,0,0,0,0,14,5,200,0,0,0,0,200,200,1,0,0,1,22,200
1,200,30,0,0,0,0,14,5,200,0,0,0,0,200,200,1,0,0,1,200,200
1,200,30,0,0,0,0,14,5,200,0,0,0,0,200,200,1,0,0,1,200,200
0,200,35,0,0,0,1,12,3,200,0,0,0,0,200,200,200,0,0,1,61,200
0,200,35,0,0,0,1,12,3,200,0,0,0,0,200,200,200,0,0,0,43,200
1,200,35,0,0,0,1,12,3,200,0,0,0,0,200,200,200,0,0,1,48,200
0,200,35,1,2,0,1,8,5,4,0,0,200,1,1,200,200,16,0,0,49,200
4,200,35,1,2,0,1,8,5,4,0,0,200,1,1,200,200,16,0,0,22,200
0,200,30,2,2,0,1,10,5,2,0,0,0,1,200,200,200,18,0,0,73,200
0,200,30,2,2,0,1,10,5,2,0,0,0,1,200,200,200,18,0,0,63,200
0,200,30,2,2,0,1,10,5,2,0,0,0,1,200,200,200,18,0,0,24,200
1,200,30,2,2,0,1,10,5,2,0,0,0,1,200,200,200,18,0,1,24,200
1,200,30,2,2,0,1,10,5,2,0,0,0,1,200,200,200,18,0,1,23,200
0,200,30,0,0,0,1,7,5,2,0,0,200,1,200,200,200,200,200,1,200,200
1,200,30,0,0,0,1,7,5,2,0,0,200,1,200,200,200,200,200,200,200,200
0,200,10,0,0,0,1,2,0,1,0,0,0,0,200,0,1,0,0,2,200,200
0,1,5,0,0,0,1,7,7,200,0,0,0,0,200,200,1,0,200,2,200,200
0,200,30,1,2,0,1,14,1,0,0,0,0,1,1,200,200,6,200,0,18,200
0,200,30,1,2,0,1,14,1,0,0,0,0,1,1,200,200,6,200,0,74,200
1,200,30,1,2,0,1,14,1,0,0,0,0,1,1,200,200,6,200,1,84,200
0,200,30,1,2,0,1,12,5,200,0,0,0,0,200,200,200,21,17,1,200,200
0,200,30,1,2,0,1,12,5,200,0,0,0,0,200,200,200,21,17,0,35,200
0,200,30,1,2,200,1,10,5,2,0,200,200,1,1,200,1,18,200,1,26,200
0,200,30,1,2,200,1,10,5,2,0,200,200,1,1,200,1,18,200,0,200,200
1,200,30,1,2,200,1,10,5,2,0,200,200,1,1,200,1,18,200,1,8,200
0,200,30,1,200,0,1,10,200,200,0,200,200,1,1,200,200,18,30,0,200,200
0,200,30,1,200,0,1,10,200,200,0,200,200,1,1,200,200,18,30,0,35,200
1,200,30,1,200,0,1,10,200,200,0,200,200,1,1,200,200,18,30,1,37,200
0,200,0,0,0,0,1,7,7,200,0,0,0,0,200,1,200,20,200,0,53,200
0,200,20,0,0,0,3,7,5,200,0,0,0,0,200,200,1,25,200,2,200,200
0,200,10,0,0,0,1,0,7,200,0,0,0,0,200,200,1,0,0,2,200,200
0,200,10,0,0,0,1,0,7,200,0,0,0,0,200,200,1,0,0,0,28,200
0,200,25,0,0,0,1,9,5,2,0,0,0,1,200,200,200,0,200,0,42,200
5,200,25,0,0,0,1,9,5,2,0,0,0,1,200,200,200,0,200,1,29,200
0,200,30,200,200,200,200,9,5,200,0,200,200,1,200,200,200,0,200,1,200,200
5,200,30,200,200,200,200,9,5,200,0,200,200,1,200,200,200,0,200,1,55,200
0,200,30,1,2,0,1,10,5,4,0,0,0,0,1,200,200,18,0,1,200,200
0,200,30,1,2,0,1,10,5,4,0,0,0,0,1,200,200,18,0,0,78,200
0,1,30,0,0,0,1,14,6,3,0,200,200,0,200,200,200,21,0,1,69,200
0,1,30,0,0,0,1,14,6,3,0,200,200,0,200,200,200,21,0,0,39,200
0,200,30,200,200,0,1,10,6,200,0,0,0,0,200,200,200,18,16,0,58,200
0,200,30,200,200,0,1,10,6,200,0,0,0,0,200,200,200,18,16,0,35,200
0,200,30,1,2,0,1,12,6,3,0,0,0,0,1,200,200,0,200,1,19,200
0,200,30,1,2,0,1,12,6,3,0,0,0,0,1,200,200,0,200,1,29,200
1,200,30,1,2,0,1,12,6,3,0,0,0,0,1,200,200,0,200,0,2,200
0,200,15,0,0,200,3,2,0,200,0,200,200,0,200,200,1,0,0,2,200,200
0,200,30,1,200,0,1,3,5,200,0,200,200,0,1,200,200,20,200,1,200,200
0,200,30,1,200,0,1,3,5,200,0,200,200,0,1,200,200,20,200,0,31,200
0,200,30,0,0,0,1,7,5,2,0,0,0,0,200,200,1,0,0,0,200,200
0,200,30,0,0,0,1,10,6,200,0,0,0,0,200,200,1,200,200,0,200,200
0,200,30,0,0,0,1,10,6,200,0,0,0,0,200,200,1,200,200,0,61,200
0,200,30,0,200,0,1,14,5,4,0,0,0,1,200,200,200,23,11,0,30,200
0,200,30,0,200,0,1,14,5,4,0,0,0,1,200,200,200,23,11,1,26,200
1,200,30,0,200,0,1,14,5,4,0,0,0,1,200,200,200,23,11,1,22,200
1,200,30,0,200,0,1,14,5,4,0,0,0,1,200,200,200,23,11,0,0,200
0,200,30,2,2,0,1,10,5,2,0,0,0,0,1,200,200,0,0,1,200,200
0,200,30,2,2,0,1,10,5,2,0,0,0,0,1,200,200,0,0,0,200,200
0,200,30,0,0,0,1,14,5,2,0,0,0,1,1,200,200,17,200,0,18,200
0,200,30,0,0,0,1,14,5,2,0,0,0,1,1,200,200,17,200,0,34,200
1,200,30,0,0,0,1,14,5,2,0,0,0,1,1,200,200,17,200,1,27,200
0,1,55,200,0,0,1,12,3,4,0,0,0,0,200,200,1,0,200,2,200,200
0,1,55,200,0,0,1,12,3,4,0,0,0,0,200,200,1,0,200,1,47,200
0,200,30,0,0,0,1,12,3,3,0,0,0,1,200,1,200,0,200,0,37,200
0,200,30,0,0,0,1,12,3,3,0,0,0,1,200,1,200,0,200,0,40,200
1,200,30,0,0,0,1,12,3,3,0,0,0,1,200,1,200,0,200,1,35,200
1,200,30,0,0,0,1,12,3,3,0,0,0,1,200,1,200,0,200,1,10,200
1,200,30,0,0,0,1,12,3,3,0,0,0,1,200,1,200,0,200,1,8,200
0,200,30,1,2,0,1,14,5,200,0,0,0,0,1,200,200,17,200,0,64,200
0,200,30,1,2,0,1,14,5,200,0,0,0,0,1,200,200,17,200,0,60,200
0,200,30,0,0,0,1,14,3,2,0,0,0,0,1,200,200,0,200,0,200,200
0,200,30,0,0,0,1,14,3,2,0,0,0,0,1,200,200,0,200,0,64,200
0,200,30,0,0,0,1,10,5,2,0,0,200,0,200,200,200,18,0,0,38,200
0,200,30,0,0,0,1,10,5,2,0,0,200,0,200,200,200,18,0,0,34,200
1,200,30,0,0,0,1,10,5,2,0,0,200,0,200,200,200,18,0,0,200,200
0,200,30,1,2,0,1,12,5,200,0,0,0,0,200,200,200,17,21,1,200,200
0,200,30,1,2,0,1,12,5,200,0,0,0,0,200,200,200,17,21,0,30,200
0,200,35,1,2,0,1,10,2,2,0,0,0,0,200,200,200,0,0,0,41,200
0,200,35,1,2,0,1,10,2,2,0,0,0,0,200,200,200,0,0,0,32,200
0,200,35,1,2,0,1,10,2,2,0,0,0,0,200,200,200,0,0,0,31,200
0,1,30,0,0,0,1,7,5,2,0,0,0,0,200,200,1,0,200,1,200,200
0,200,35,0,0,0,1,10,5,200,0,0,0,0,200,200,200,0,0,0,42,200
0,200,35,0,0,0,1,10,5,200,0,0,0,0,200,200,200,0,0,0,71,200
1,200,35,0,0,0,1,10,5,200,0,0,0,0,200,200,200,0,0,1,70,200
1,200,35,0,0,0,1,10,5,200,0,0,0,0,200,200,200,0,0,0,200,200
0,200,30,0,0,0,1,7,6,200,0,0,0,0,200,200,1,200,200,2,200,200
0,200,30,1,2,2,1,10,5,200,0,1,0,0,200,200,200,0,200,0,25,200
0,200,30,1,2,2,1,10,5,200,0,1,0,0,200,200,200,0,200,0,35,200
0,200,30,1,2,0,1,12,2,4,0,0,0,0,200,200,200,21,200,0,47,200
0,200,30,1,2,0,1,12,2,4,0,0,0,0,200,200,200,21,200,0,77,200
0,200,35,1,200,200,1,10,2,2,0,200,200,0,200,200,200,18,18,1,200,200
0,200,35,1,200,200,1,10,2,2,0,200,200,0,200,200,200,18,18,0,79,200
0,200,35,1,2,0,1,7,5,200,0,0,0,1,200,200,1,25,0,0,200,200
1,200,35,1,2,0,1,7,5,200,0,0,0,1,200,200,1,25,0,1,200,200
1,200,35,1,2,0,1,7,5,200,0,0,0,1,200,200,1,25,0,200,200,200
1,200,35,1,2,0,1,7,5,200,0,0,0,1,200,200,1,25,0,1,0,200
0,200,30,1,2,0,1,14,5,200,0,0,0,0,1,200,200,0,0,1,21,200
0,200,30,1,2,0,1,14,5,200,0,0,0,0,1,200,200,0,0,0,43,200
0,200,25,0,0,0,1,9,6,1,0,0,0,1,200,200,200,0,200,0,56,200
5,200,25,0,0,0,1,9,6,1,0,0,0,1,200,200,200,0,200,0,10,200
0,200,30,200,200,0,1,10,2,200,0,200,200,0,200,200,200,0,0,0,28,200
0,200,30,200,200,0,1,10,2,200,0,200,200,0,200,200,200,0,0,0,48,200
0,200,30,1,2,0,1,0,2,4,0,0,0,1,1,200,200,6,200,1,26,200
0,200,30,1,2,0,1,0,2,4,0,0,0,1,1,200,200,6,200,0,200,200
1,200,30,1,2,0,1,0,2,4,0,0,0,1,1,200,200,6,200,1,0,200
0,200,5,0,0,0,1,0,6,4,0,0,0,0,200,1,200,20,17,1,200,200
0,200,5,0,0,0,1,0,6,4,0,0,0,0,200,1,200,20,17,1,32,200
0,200,30,2,12,0,1,0,5,4,0,0,0,0,1,200,200,0,200,1,53,200
0,200,30,2,12,0,1,0,5,4,0,0,0,0,1,200,200,0,200,0,35,200
1,200,30,2,12,0,1,0,5,4,0,0,0,0,1,200,200,0,200,1,200,200
0,200,30,0,0,0,1,5,5,2,0,0,0,1,200,200,200,12,200,0,35,200
1,200,30,0,0,0,1,5,5,2,0,0,0,1,200,200,200,12,200,1,33,200
0,200,20,0,0,0,1,7,6,1,0,0,0,1,200,200,200,12,11,1,19,200
0,200,30,0,0,200,2,2,12,200,0,200,12,0,200,200,200,29,29,0,36,200
0,200,15,0,0,0,200,14,0,200,0,1,0,0,200,200,1,23,23,0,200,200
0,200,15,0,0,0,200,14,0,200,0,1,0,0,200,200,1,23,23,0,28,200
0,200,30,1,2,0,1,0,5,3,0,0,0,0,1,200,200,17,0,1,34,200
0,200,30,1,2,0,1,0,5,3,0,0,0,0,1,200,200,17,0,1,51,200
0,200,35,0,0,0,1,7,7,200,0,0,0,0,200,200,200,20,200,0,62,200
0,200,30,1,2,0,1,7,3,200,0,0,0,0,200,200,1,23,0,0,200,200
1,200,30,1,2,0,1,7,3,200,0,0,0,0,200,200,1,23,0,1,50,200
0,200,30,0,0,0,1,7,6,200,0,0,0,0,200,200,200,21,12,0,49,200
1,200,30,0,0,0,1,7,6,200,0,0,0,0,200,200,200,21,12,0,11,200
1,200,30,0,0,0,1,7,6,200,0,0,0,0,200,200,200,21,12,0,6,200
1,200,30,0,0,0,1,7,6,200,0,0,0,0,200,200,200,21,12,1,200,200
0,200,30,200,200,0,1,10,5,200,0,0,0,0,200,200,200,16,0,1,30,200
0,200,30,200,200,0,1,10,5,200,0,0,0,0,200,200,200,16,0,1,24,200
1,200,30,200,200,0,1,10,5,200,0,0,0,0,200,200,200,16,0,1,49,200