PERSON_TYPE,CRASH_DATE_EST_I,POSTED_SPEED_LIMIT,TRAFFIC_CONTROL_DEVICE,DEVICE_CONDITION,WEATHER_CONDITION,LIGHTING_CONDITION,FIRST_CRASH_TYPE,TRAFFICWAY_TYPE,LANE_CNT,ALIGNMENT,ROADWAY_SURFACE_COND,ROAD_DEFECT,CRASH_TYPE,INTERSECTION_RELATED_I,NOT_RIGHT_OF_WAY_I,HIT_AND_RUN_I,PRIM_CONTRIBUTORY_CAUSE,SEC_CONTRIBUTORY_CAUSE,SEX,AGE,BAC_RESULT VALUE
1,200,30,200,200,0,1,10,5,200,0,0,0,0,200,200,200,16,0,0,18,200
1,200,30,200,200,0,1,10,5,200,0,0,0,0,200,200,200,16,0,0,4,200
0,200,30,0,0,0,1,10,5,2,0,0,0,0,200,200,200,16,11,0,20,200
0,200,30,0,0,0,1,10,5,2,0,0,0,0,200,200,200,16,11,0,24,200
0,200,30,0,0,0,1,7,2,2,0,0,0,0,200,200,200,0,200,0,47,200
1,200,30,0,0,0,1,7,2,2,0,0,0,0,200,200,200,0,200,1,50,200
0,200,35,0,0,0,1,7,3,200,0,0,0,0,200,200,200,0,0,0,61,200
0,200,30,2,2,0,1,0,5,200,0,0,0,0,1,200,200,0,0,0,30,200
0,200,30,2,2,0,1,0,5,200,0,0,0,0,1,200,200,0,0,0,63,200
1,200,30,2,2,0,1,0,5,200,0,0,0,0,1,200,200,0,0,0,61,200
0,200,30,1,2,0,1,10,2,6,0,0,0,0,200,200,200,16,200,0,33,200
0,200,30,1,2,0,1,10,2,6,0,0,0,0,200,200,200,16,200,0,52,200
0,200,30,1,2,0,1,12,5,4,0,0,0,0,200,200,200,22,11,0,200,200
0,200,30,1,2,0,1,12,5,4,0,0,0,0,200,200,200,22,11,0,36,200
0,200,30,1,200,0,1,10,2,4,0,0,0,0,1,200,200,16,0,0,41,200
0,200,30,1,200,0,1,10,2,4,0,0,0,0,1,200,200,16,0,0,53,200
0,200,30,1,200,0,1,10,2,4,0,0,0,0,1,200,200,16,0,1,39,200
0,200,30,0,0,0,1,8,5,2,0,0,200,1,200,200,200,17,200,0,18,200
4,200,30,0,0,0,1,8,5,2,0,0,200,1,200,200,200,17,200,0,25,200
0,200,35,0,0,0,1,10,2,2,0,0,0,0,200,200,200,0,0,1,19,200
0,200,35,0,0,0,1,10,2,2,0,0,0,0,200,200,200,0,0,1,64,200
0,200,30,1,2,0,1,10,5,200,0,0,0,0,200,200,1,200,200,0,200,200
0,200,30,1,2,0,1,10,5,200,0,0,0,0,200,200,1,200,200,1,65,200
0,200,30,0,0,0,1,7,5,200,0,200,200,1,200,200,200,0,200,1,43,200
1,200,30,0,0,0,1,7,5,200,0,200,200,1,200,200,200,0,200,1,23,200
0,200,30,1,2,0,1,12,5,200,0,0,0,0,200,200,200,0,0,1,19,200
0,200,30,1,2,0,1,12,5,200,0,0,0,0,200,200,200,0,0,1,44,200
0,200,30,1,2,0,1,10,2,200,0,0,0,0,1,200,200,0,0,0,63,200
0,200,30,1,2,0,1,10,2,200,0,0,0,0,1,200,200,0,0,0,49,200
0,200,30,1,2,0,1,10,5,2,0,0,200,0,200,200,200,18,0,0,48,200
0,200,30,1,2,0,1,10,5,2,0,0,200,0,200,200,200,18,0,0,72,200
1,200,30,1,2,0,1,10,5,2,0,0,200,0,200,200,200,18,0,1,200,200
1,200,30,1,2,0,1,10,5,2,0,0,200,0,200,200,200,18,0,0,200,200
1,200,30,1,2,0,1,10,5,2,0,0,200,0,200,200,200,18,0,0,200,200
0,200,30,200,200,0,1,10,200,200,0,200,200,0,200,200,200,20,200,1,69,200
0,200,30,200,200,0,1,10,200,200,0,200,200,0,200,200,200,20,200,0,62,200
1,200,30,200,200,0,1,10,200,200,0,200,200,0,200,200,200,20,200,1,65,200
1,200,30,200,200,0,1,10,200,200,0,200,200,0,200,200,200,20,200,200,200,200
0,200,30,0,0,0,1,7,6,1,0,0,0,0,200,200,1,11,0,2,200,200
0,200,30,1,2,0,1,10,5,2,0,0,0,1,0,200,200,18,200,0,56,200
0,200,30,1,2,0,1,10,5,2,0,0,0,1,0,200,200,18,200,0,42,200
0,200,25,2,2,0,1,7,5,2,0,0,0,1,1,200,200,0,0,2,200,200
1,200,25,2,2,0,1,7,5,2,0,0,0,1,1,200,200,0,0,0,200,200
1,200,25,2,2,0,1,7,5,2,0,0,0,1,1,200,200,0,0,0,200,200
0,200,30,0,0,0,1,7,5,2,0,0,0,0,200,200,1,0,0,2,200,200
0,200,35,1,2,0,1,7,2,2,0,0,0,0,200,200,200,21,200,0,25,200
0,200,30,0,0,0,1,10,7,200,0,0,0,0,200,200,1,21,10,0,200,200
0,200,30,0,0,0,1,10,7,200,0,0,0,0,200,200,1,21,10,1,74,200
0,200,30,0,0,0,1,7,5,200,0,0,0,0,200,200,200,0,0,0,25,200
0,200,30,0,0,0,1,12,5,200,0,0,0,0,200,200,200,22,200,0,45,200
0,200,30,0,0,0,1,12,5,200,0,0,0,0,200,200,200,22,200,0,27,200
1,200,30,0,0,0,1,12,5,200,0,0,0,0,200,200,200,22,200,2,200,200
1,200,30,0,0,0,1,12,5,200,0,0,0,0,200,200,200,22,200,2,200,200
0,200,35,0,0,0,1,12,5,1,0,0,0,0,200,200,200,0,0,0,69,200
0,200,35,0,0,0,1,12,5,1,0,0,0,0,200,200,200,0,0,0,49,200
0,200,30,0,0,0,1,10,5,2,0,200,200,0,200,200,200,0,200,1,23,200
0,200,30,0,0,0,1,10,5,2,0,200,200,0,200,200,200,0,200,0,34,200
0,0,30,200,200,0,1,12,5,4,0,0,0,0,200,200,200,0,19,0,49,200
0,0,30,200,200,0,1,12,5,4,0,0,0,0,200,200,200,0,19,0,52,200
0,200,30,0,0,0,1,0,5,200,0,0,0,0,200,200,200,0,200,0,65,200
0,200,30,0,0,0,1,0,5,200,0,0,0,0,200,200,200,0,200,0,23,200
0,200,30,0,0,0,1,12,5,200,0,0,0,1,200,200,1,0,0,2,200,200
0,200,30,0,0,0,1,12,5,200,0,0,0,1,200,200,1,0,0,0,26,200
0,200,35,0,0,200,1,12,2,4,0,200,200,0,200,200,200,0,0,1,73,200
0,200,35,0,0,200,1,12,2,4,0,200,200,0,200,200,200,0,0,0,50,200
0,200,30,1,2,200,1,10,5,200,0,200,0,0,0,200,200,18,0,1,34,200
0,200,30,1,2,200,1,10,5,200,0,200,0,0,0,200,200,18,0,0,24,200
0,200,15,2,200,0,1,0,12,1,0,200,200,1,1,1,200,0,200,1,29,200
0,200,15,2,200,0,1,0,12,1,0,200,200,1,1,1,200,0,200,1,19,200
0,200,30,2,2,0,1,10,5,4,0,0,0,1,200,200,200,0,0,0,200,200
0,200,30,2,2,0,1,10,5,4,0,0,0,1,200,200,200,0,0,0,42,200
0,200,0,0,0,0,1,7,7,0,0,0,0,0,200,1,1,200,200,1,200,200
1,200,0,0,0,0,1,7,7,0,0,0,0,0,200,1,1,200,200,1,58,200
1,200,0,0,0,0,1,7,7,0,0,0,0,0,200,1,1,200,200,0,81,200
1,200,0,0,0,0,1,7,7,0,0,0,0,0,200,1,1,200,200,1,62,200
0,200,35,1,2,0,1,10,3,200,0,0,0,1,1,200,200,18,200,1,26,200
0,200,35,1,2,0,1,10,3,200,0,0,0,1,1,200,200,18,200,1,25,200
1,200,35,1,2,0,1,10,3,200,0,0,0,1,1,200,200,18,200,1,8,200
0,200,30,0,0,0,1,10,5,4,0,200,200,1,200,200,1,16,0,0,200,200
0,200,30,0,0,0,1,10,5,4,0,200,200,1,200,200,1,16,0,0,30,200
1,200,30,0,0,0,1,10,5,4,0,200,200,1,200,200,1,16,0,1,200,200
1,200,30,0,0,0,1,10,5,4,0,200,200,1,200,200,1,16,0,0,200,200
0,200,30,0,0,0,1,7,2,200,0,0,0,0,200,200,200,200,4,2,200,200
0,200,30,0,0,0,1,7,5,200,0,0,0,0,200,200,1,0,0,2,200,200
0,1,30,0,0,0,1,12,5,2,0,200,200,0,200,200,200,0,200,1,30,200
0,1,30,0,0,0,1,12,5,2,0,200,200,0,200,200,200,0,200,1,54,200
1,1,30,0,0,0,1,12,5,2,0,200,200,0,200,200,200,0,200,1,2,200
0,200,25,200,2,0,1,12,5,2,0,0,0,0,1,200,1,18,22,1,200,200
0,200,25,200,2,0,1,12,5,2,0,0,0,0,1,200,1,18,22,1,20,200
1,200,25,200,2,0,1,12,5,2,0,0,0,0,1,200,1,18,22,0,200,200
1,200,25,200,2,0,1,12,5,2,0,0,0,0,1,200,1,18,22,0,200,200
1,200,25,200,2,0,1,12,5,2,0,0,0,0,1,200,1,18,22,1,200,200
1,200,25,200,2,0,1,12,5,2,0,0,0,0,1,200,1,18,22,2,200,200
1,200,25,200,2,0,1,12,5,2,0,0,0,0,1,200,1,18,22,1,23,200
0,200,30,0,0,0,1,7,5,200,0,0,0,0,200,200,200,200,200,0,23,200
0,200,30,0,0,0,1,7,5,200,0,0,0,0,200,200,200,200,200,1,32,200
1,200,30,0,0,0,1,7,5,200,0,0,0,0,200,200,200,200,200,0,25,200
1,200,30,0,0,0,1,7,5,200,0,0,0,0,200,200,200,200,200,0,3,200
1,200,30,0,0,0,1,7,5,200,0,0,0,0,200,200,200,200,200,0,23,200
0,200,30,0,0,0,1,14,0,200,0,0,0,0,200,200,200,0,0,0,24,200
0,200,30,0,0,0,1,14,0,200,0,0,0,0,200,200,200,0,0,1,50,200
0,200,25,0,0,0,1,12,6,1,0,0,0,0,200,200,1,25,18,1,200,200
0,200,25,0,0,0,1,12,6,1,0,0,0,0,200,200,1,25,18,1,34,200
0,200,30,0,0,0,1,14,5,200,0,0,0,0,200,200,200,20,200,0,65,200
0,200,30,0,0,0,1,14,5,200,0,0,0,0,200,200,200,20,200,1,33,200
1,200,30,0,0,0,1,14,5,200,0,0,0,0,200,200,200,20,200,0,200,200
1,200,30,0,0,0,1,14,5,200,0,0,0,0,200,200,200,20,200,0,200,200
0,200,30,1,2,0,1,14,3,14,3,0,0,0,200,200,200,0,0,0,21,200
0,200,30,1,2,0,1,14,3,14,3,0,0,0,200,200,200,0,0,0,33,200
0,200,30,1,2,0,1,14,3,14,3,0,0,0,200,200,200,0,0,0,54,200
1,200,30,1,2,0,1,14,3,14,3,0,0,0,200,200,200,0,0,0,22,200
0,200,30,1,2,0,1,10,2,200,0,0,0,0,200,200,200,18,11,0,27,200
0,200,30,1,2,0,1,10,2,200,0,0,0,0,200,200,200,18,11,1,34,200
0,200,20,0,0,0,1,7,7,200,0,0,0,0,200,1,1,0,0,0,200,200
1,200,20,0,0,0,1,7,7,200,0,0,0,0,200,1,1,0,0,0,35,200
0,200,35,0,0,0,1,10,5,2,0,0,0,0,200,200,1,0,0,2,200,200
0,200,35,0,0,0,1,10,5,2,0,0,0,0,200,200,1,0,0,0,59,200
0,200,30,200,200,0,1,12,5,200,0,0,0,0,200,200,200,6,21,0,51,200
0,200,30,200,200,0,1,12,5,200,0,0,0,0,200,200,200,6,21,1,37,200
0,200,30,0,0,0,200,7,200,200,0,200,200,0,200,200,200,20,200,1,27,200
0,200,30,0,0,0,1,7,2,200,0,0,0,0,200,200,200,4,17,0,0,200
0,200,30,1,2,0,1,10,5,8,0,0,0,0,1,200,200,0,0,1,200,200
0,200,30,1,2,0,1,10,5,8,0,0,0,0,1,200,200,0,0,0,200,200
0,200,30,1,2,0,1,10,5,8,0,0,0,0,1,200,200,0,0,0,200,200
1,200,30,1,2,0,1,10,5,8,0,0,0,0,1,200,200,0,0,1,200,200
0,1,30,1,2,0,1,14,5,2,0,0,200,0,1,200,200,17,200,1,29,200
0,1,30,1,2,0,1,14,5,2,0,0,200,0,1,200,200,17,200,0,20,200
0,200,30,1,200,0,1,10,5,200,0,200,200,0,1,200,1,0,200,1,200,200
0,200,30,1,200,0,1,10,5,200,0,200,200,0,1,200,1,0,200,1,57,200
0,200,30,0,0,0,1,0,5,4,0,0,0,0,200,200,200,16,11,0,200,200
0,200,30,0,0,0,1,0,5,4,0,0,0,0,200,200,200,16,11,0,42,200
0,1,30,0,0,0,1,7,6,1,0,0,0,0,200,200,1,200,200,2,200,200
0,200,30,0,0,0,1,14,5,2,0,0,0,0,1,200,200,22,23,1,38,200
0,200,30,0,0,0,1,14,5,2,0,0,0,0,1,200,200,22,23,0,64,200
0,200,30,1,2,0,1,10,2,2,0,0,0,0,200,200,1,18,11,0,200,200
0,200,30,1,2,0,1,10,2,2,0,0,0,0,200,200,1,18,11,1,32,200
1,200,30,1,2,0,1,10,2,2,0,0,0,0,200,200,1,18,11,1,200,200
1,200,30,1,2,0,1,10,2,2,0,0,0,0,200,200,1,18,11,1,200,200
1,200,30,1,2,0,1,10,2,2,0,0,0,0,200,200,1,18,11,1,54,200
1,200,30,1,2,0,1,10,2,2,0,0,0,0,200,200,1,18,11,1,12,200
1,200,30,1,2,0,1,10,2,2,0,0,0,0,200,200,1,18,11,1,7,200
1,200,30,1,2,0,1,10,2,2,0,0,0,0,200,200,1,18,11,1,9,200
0,200,30,2,2,0,1,10,5,200,0,0,0,0,200,200,200,18,16,1,33,200
0,200,30,2,2,0,1,10,5,200,0,0,0,0,200,200,200,18,16,1,37,200
0,200,30,2,2,0,1,14,2,4,0,0,0,0,200,200,1,0,0,0,83,200
0,200,30,2,2,0,1,14,2,4,0,0,0,0,200,200,1,0,0,0,200,200
0,200,45,1,2,0,1,10,3,8,0,0,200,0,1,200,200,18,0,0,40,200
0,200,45,1,2,0,1,10,3,8,0,0,200,0,1,200,200,18,0,0,31,200
1,200,45,1,2,0,1,10,3,8,0,0,200,0,1,200,200,18,0,1,37,200
1,200,45,1,2,0,1,10,3,8,0,0,200,0,1,200,200,18,0,1,78,200
0,200,30,1,2,0,1,14,5,2,0,0,0,0,200,200,200,18,200,0,200,200
0,200,30,1,2,0,1,14,5,2,0,0,0,0,200,200,200,18,200,0,38,200
4,200,30,2,2,0,1,8,5,200,0,0,0,0,200,200,200,0,200,0,37,200
0,200,30,2,2,0,1,8,5,200,0,0,0,0,200,200,200,0,200,0,33,200
0,200,30,1,2,0,1,10,5,200,0,0,0,0,200,200,200,0,200,1,48,200
0,200,30,1,2,0,1,10,5,200,0,0,0,0,200,200,200,0,200,1,48,200
0,200,30,0,0,0,1,7,5,200,0,0,0,0,200,200,1,0,0,2,200,200
0,200,30,0,200,0,200,12,200,200,0,200,200,0,200,200,200,18,200,0,59,200
0,200,30,0,200,0,200,12,200,200,0,200,200,0,200,200,200,18,200,0,35,200
1,200,30,0,200,0,200,12,200,200,0,200,200,0,200,200,200,18,200,0,27,200
4,200,35,1,2,0,1,8,12,0,0,0,0,0,1,200,200,17,200,0,37,200
0,200,35,1,2,0,1,8,12,0,0,0,0,0,1,200,200,17,200,0,59,200
0,200,20,0,0,0,1,10,2,4,0,0,200,0,200,200,200,18,18,0,66,200
0,200,20,0,0,0,1,10,2,4,0,0,200,0,200,200,200,18,18,0,31,200
0,200,30,1,2,0,1,10,5,200,0,0,0,1,1,200,0,0,0,0,200,200
0,200,30,1,2,0,1,10,5,200,0,0,0,1,1,200,0,0,0,1,29,200
1,200,30,1,2,0,1,10,5,200,0,0,0,1,1,200,0,0,0,1,200,200
0,200,35,1,2,0,1,10,3,6,0,0,200,0,200,200,1,25,200,2,200,200
0,200,35,1,2,0,1,10,3,6,0,0,200,0,200,200,1,25,200,0,24,200
0,200,30,0,0,0,1,7,7,4,0,0,0,0,200,200,200,20,20,1,200,200
0,200,30,1,2,0,1,10,6,3,0,0,0,0,1,200,200,0,0,0,200,200
0,200,30,1,2,0,1,10,6,3,0,0,0,0,1,200,200,0,0,0,200,200
1,200,30,1,2,0,1,10,6,3,0,0,0,0,1,200,200,0,0,1,200,200
0,200,15,0,0,0,4,0,7,2,0,0,0,0,200,200,200,0,0,1,27,200
0,200,15,0,0,0,4,0,7,2,0,0,0,0,200,200,200,0,0,1,32,200
1,200,15,0,0,0,4,0,7,2,0,0,0,0,200,200,200,0,0,0,11,200
1,200,15,0,0,0,4,0,7,2,0,0,0,0,200,200,200,0,0,1,200,200
0,200,30,1,0,0,1,10,2,2,0,0,0,1,200,200,200,16,18,1,28,200
0,200,30,1,0,0,1,10,2,2,0,0,0,1,200,200,200,16,18,1,51,200
1,200,30,1,0,0,1,10,2,2,0,0,0,1,200,200,200,16,18,0,5,200
1,200,30,1,0,0,1,10,2,2,0,0,0,1,200,200,200,16,18,0,10,200
1,200,30,1,0,0,1,10,2,2,0,0,0,1,200,200,200,16,18,1,24,200
0,200,30,0,0,0,1,12,5,200,0,0,0,0,200,200,200,17,200,0,76,200
0,200,30,0,0,0,1,12,5,200,0,0,0,0,200,200,200,17,200,0,28,200
0,200,30,200,200,0,1,12,5,4,0,0,0,0,200,200,200,0,0,1,200,200
0,200,30,200,200,0,1,12,5,4,0,0,0,0,200,200,200,0,0,1,30,200
0,200,30,200,200,200,200,10,200,200,0,200,200,0,200,200,200,0,200,1,78,200
0,200,30,200,200,200,200,10,200,200,0,200,200,0,200,200,200,0,200,1,200,200
1,200,30,200,200,200,200,10,200,200,0,200,200,0,200,200,200,0,200,1,82,200
0,200,30,0,0,0,4,2,5,200,0,0,12,0,200,200,200,200,200,0,43,200
0,200,35,0,0,0,1,10,2,200,0,0,0,1,1,200,200,18,0,0,21,200
0,200,35,0,0,0,1,10,2,200,0,0,0,1,1,200,200,18,0,1,60,200
0,200,30,1,2,0,1,10,5,200,0,0,0,0,0,200,1,18,200,0,200,200
0,200,30,1,2,0,1,10,5,200,0,0,0,0,0,200,1,18,200,0,40,200
0,200,30,1,200,0,4,10,5,2,0,200,200,0,1,200,200,0,0,1,23,200
0,200,30,1,200,0,4,10,5,2,0,200,200,0,1,200,200,0,0,0,31,200
0,200,30,0,0,0,1,14,2,2,0,0,0,0,1,200,200,17,23,1,200,200
0,200,30,0,0,0,1,14,2,2,0,0,0,0,1,200,200,17,23,0,27,200
0,200,20,0,0,0,1,7,6,3,1,0,12,1,200,200,200,11,8,1,51,200
0,200,30,0,0,0,1,10,5,200,0,0,0,0,200,200,200,0,200,0,42,200
0,200,30,0,0,0,1,10,5,200,0,0,0,0,200,200,200,0,200,0,41,200
1,200,30,0,0,0,1,10,5,200,0,0,0,0,200,200,200,0,200,0,200,200
1,200,30,0,0,0,1,10,5,200,0,0,0,0,200,200,200,0,200,0,200,200
0,200,30,0,0,0,1,11,5,2,0,0,0,0,200,200,200,17,200,1,35,200
0,200,30,0,0,0,1,11,5,2,0,0,0,0,200,200,200,17,200,0,27,200
0,200,30,0,0,0,1,14,5,200,0,0,0,0,1,200,200,0,200,1,22,200
0,200,30,0,0,0,1,14,5,200,0,0,0,0,1,200,200,0,200,1,27,200
0,200,30,0,0,0,1,12,3,2,0,0,0,0,200,200,200,0,0,1,200,200
0,200,30,0,0,0,1,12,3,2,0,0,0,0,200,200,200,0,0,1,40,200
1,200,30,0,0,0,1,12,3,2,0,0,0,0,200,200,200,0,0,1,39,200
0,200,30,1,2,0,1,10,6,3,0,0,200,0,1,200,200,18,16,0,54,200
0,200,30,1,2,0,1,10,6,3,0,0,200,0,1,200,200,18,16,0,55,200
0,200,30,1,2,0,1,10,6,3,0,0,200,0,1,200,200,18,16,0,200,200
0,200,30,0,200,0,1,14,5,2,0,0,0,1,1,200,200,200,200,1,75,200
0,200,30,0,200,0,1,14,5,2,0,0,0,1,1,200,200,200,200,1,68,200
1,200,30,0,200,0,1,14,5,2,0,0,0,1,1,200,200,200,200,0,69,200
0,200,30,1,2,0,1,12,5,2,0,0,0,0,200,200,1,22,200,0,200,200
0,200,30,1,2,0,1,12,5,2,0,0,0,0,200,200,1,22,200,0,49,200
0,200,30,1,2,0,1,10,2,2,0,0,0,1,200,200,200,18,200,1,59,200
0,200,30,1,2,0,1,10,2,2,0,0,0,1,200,200,200,18,200,0,39,200
0,200,30,1,200,0,1,14,6,5,0,0,200,0,1,200,200,0,0,1,200,200
0,200,30,1,200,0,1,14,6,5,0,0,200,0,1,200,200,0,0,0,32,200
0,200,30,0,0,200,1,10,2,4,0,200,200,0,200,200,200,0,200,0,26,200
0,200,30,0,0,200,1,10,2,4,0,200,200,0,200,200,200,0,200,0,65,200
0,200,30,1,2,0,0,3,2,200,0,0,0,0,1,200,1,0,0,0,200,200
0,200,30,1,2,0,0,3,2,200,0,0,0,0,1,200,1,0,0,1,18,200
0,200,30,0,0,200,200,7,5,2,0,200,0,0,200,200,1,0,0,2,200,200
0,200,30,0,200,0,1,12,5,4,0,0,200,0,200,200,1,0,0,0,200,200
0,200,30,0,200,0,1,12,5,4,0,0,200,0,200,200,1,0,0,1,32,200
0,200,30,1,2,0,1,12,5,2,0,0,0,0,200,200,200,0,0,1,47,200
0,200,30,1,2,0,1,12,5,2,0,0,0,0,200,200,200,0,0,0,53,200
0,200,30,0,0,0,1,7,6,1,0,0,0,1,200,200,1,0,0,2,200,200
0,200,30,2,2,0,1,9,5,200,0,0,0,0,200,200,200,0,0,0,31,200
5,200,30,2,2,0,1,9,5,200,0,0,0,0,200,200,200,0,0,1,40,200
0,200,30,0,0,0,1,10,5,2,0,0,0,0,200,200,200,0,0,0,200,200
0,200,30,0,0,0,1,10,5,2,0,0,0,0,200,200,200,0,0,0,200,200
0,1,0,0,0,0,1,7,7,200,0,0,0,0,200,1,200,0,0,0,39,200
0,200,30,0,0,0,1,14,0,1,0,0,0,1,1,200,1,17,25,0,200,200
0,200,30,0,0,0,1,14,0,1,0,0,0,1,1,200,1,17,25,1,36,200
1,200,30,0,0,0,1,14,0,1,0,0,0,1,1,200,1,17,25,2,200,200
1,200,30,0,0,0,1,14,0,1,0,0,0,1,1,200,1,17,25,2,200,200
1,200,30,0,0,0,1,14,0,1,0,0,0,1,1,200,1,17,25,2,200,200
0,200,30,0,0,0,1,14,5,200,0,0,0,0,200,200,200,21,21,0,37,200
0,200,30,0,0,0,1,14,5,200,0,0,0,0,200,200,200,21,21,1,50,200
0,200,30,0,0,0,1,12,2,4,0,0,0,0,200,200,200,17,11,0,21,200
0,200,30,0,0,0,1,12,2,4,0,0,0,0,200,200,200,17,11,2,200,200
0,200,30,0,0,0,1,14,5,200,0,200,200,0,200,200,200,17,200,1,33,200
0,200,30,0,0,0,1,14,5,200,0,200,200,0,200,200,200,17,200,1,60,200
1,200,30,0,0,0,1,14,5,200,0,200,200,0,200,200,200,17,200,0,2,200
1,200,30,0,0,0,1,14,5,200,0,200,200,0,200,200,200,17,200,1,1,200
0,200,30,1,2,0,1,10,6,3,0,0,0,0,1,200,200,18,200,0,46,200
0,200,30,1,2,0,1,10,6,3,0,0,0,0,1,200,200,18,200,1,38,200
0,200,30,1,200,0,4,10,5,2,0,200,200,0,1,200,200,18,0,0,200,200
0,200,30,1,200,0,4,10,5,2,0,200,200,0,1,200,200,18,0,1,50,200
0,200,30,2,0,0,1,0,2,200,2,0,200,0,1,200,200,25,0,0,62,200
0,200,30,2,0,0,1,0,2,200,2,0,200,0,1,200,200,25,0,1,200,200
0,200,30,0,0,0,4,10,5,2,0,0,0,0,200,200,1,18,18,0,19,200
0,200,30,0,0,0,4,10,5,2,0,0,0,0,200,200,1,18,18,0,19,200
0,200,30,0,0,0,200,7,5,200,0,0,200,0,200,200,200,22,200,1,27,200
0,200,30,1,2,0,4,12,5,200,0,0,0,0,200,200,200,0,200,1,47,200
0,200,30,1,2,0,4,12,5,200,0,0,0,0,200,200,200,0,200,0,51,200
0,200,30,0,0,0,0,7,6,200,0,0,0,0,200,200,1,0,0,2,200,200
0,200,30,1,2,0,3,12,5,200,0,0,0,0,200,200,1,22,200,0,200,200
0,200,30,1,2,0,3,12,5,200,0,0,0,0,200,200,1,22,200,0,43,200
0,200,30,0,0,0,1,10,5,200,0,0,0,0,200,200,200,18,200,1,28,200
0,200,30,0,0,0,1,10,5,200,0,0,0,0,200,200,200,18,200,1,22,200
1,200,30,0,0,0,1,10,5,200,0,0,0,0,200,200,200,18,200,1,200,200
1,200,30,0,0,0,1,10,5,200,0,0,0,0,200,200,200,18,200,0,200,200
1,200,30,0,0,0,1,10,5,200,0,0,0,0,200,200,200,18,200,1,200,200
1,200,30,0,0,0,1,10,5,200,0,0,0,0,200,200,200,18,200,1,48,200
0,200,30,0,0,0,1,7,6,1,0,0,0,1,200,200,1,15,16,0,200,200
1,200,30,0,0,0,1,7,6,1,0,0,0,1,200,200,1,15,16,0,200,200
0,200,30,0,0,0,1,7,5,1,0,0,0,0,200,200,200,27,20,1,17,200
0,200,35,0,0,0,1,7,3,4,0,0,0,0,200,200,1,22,11,2,200,200
5,200,5,0,0,0,1,9,7,200,0,0,0,0,200,200,200,0,0,1,40,200
0,200,5,0,0,0,1,9,7,200,0,0,0,0,200,200,200,0,0,1,200,200
1,200,5,0,0,0,1,9,7,200,0,0,0,0,200,200,200,0,0,0,200,200
1,200,5,0,0,0,1,9,7,200,0,0,0,0,200,200,200,0,0,0,200,200
1,200,5,0,0,0,1,9,7,200,0,0,0,0,200,200,200,0,0,0,200,200
0,200,30,0,0,0,1,7,5,200,0,0,0,0,200,200,1,21,21,2,200,200
0,200,30,1,2,0,1,10,5,200,0,0,200,0,200,200,200,18,200,0,63,200
0,200,30,1,2,0,1,10,5,200,0,0,200,0,200,200,200,18,200,0,41,200
0,200,30,1,2,0,1,10,5,2,0,0,0,0,200,200,200,16,11,1,44,200
0,200,30,1,2,0,1,10,5,2,0,0,0,0,200,200,200,16,11,1,60,200
0,1,25,0,0,0,1,7,5,200,0,0,0,0,200,200,200,20,200,1,51,200
0,200,10,0,0,200,1,7,12,1,0,200,200,0,200,200,1,0,0,2,200,200
0,200,35,0,0,0,0,12,3,4,2,0,0,0,200,200,200,0,200,1,28,200
0,200,35,0,0,0,0,12,3,4,2,0,0,0,200,200,200,0,200,1,29,200
0,200,10,12,12,200,4,7,12,1,0,0,200,0,200,200,1,0,0,2,200,200
4,200,30,0,0,0,2,8,2,200,0,0,0,1,200,200,200,0,200,0,24,200
0,200,30,2,2,0,4,10,5,2,0,0,0,0,200,200,200,0,0,0,39,200
0,200,30,2,2,0,4,10,5,2,0,0,0,0,200,200,200,0,0,0,33,200
0,200,10,0,0,200,200,7,7,200,5,200,0,0,200,200,1,0,0,2,200,200
4,200,30,1,2,0,0,8,6,3,0,0,0,0,200,200,200,4,200,1,42,200
0,200,30,1,2,0,0,8,6,3,0,0,0,0,200,200,200,4,200,0,47,200
0,200,30,0,0,0,1,7,6,1,0,0,0,0,200,200,1,0,0,1,200,200
0,200,30,0,0,0,3,12,2,2,0,0,0,0,200,200,200,16,200,0,32,200
0,200,30,0,0,0,3,12,2,2,0,0,0,0,200,200,200,16,200,0,62,200
0,200,30,0,0,0,3,7,2,2,0,0,0,0,200,200,200,0,0,1,200,200
0,200,30,0,0,0,0,12,12,2,0,0,200,0,200,200,200,0,0,1,84,200
0,200,30,0,0,0,0,12,12,2,0,0,200,0,200,200,200,0,0,0,38,200
1,200,30,0,0,0,0,12,12,2,0,0,200,0,200,200,200,0,0,0,67,200
0,200,30,0,0,0,3,10,2,200,0,0,0,1,200,0,200,18,200,0,59,200
0,200,30,0,0,0,3,10,2,200,0,0,0,1,200,0,200,18,200,0,64,200
0,1,30,0,0,0,3,7,5,200,0,0,0,0,200,200,1,0,0,2,200,200
0,200,30,0,0,0,3,7,3,4,0,0,0,0,200,200,1,22,200,0,200,200