PERSON_TYPE,CRASH_DATE_EST_I,POSTED_SPEED_LIMIT,TRAFFIC_CONTROL_DEVICE,DEVICE_CONDITION,WEATHER_CONDITION,LIGHTING_CONDITION,FIRST_CRASH_TYPE,TRAFFICWAY_TYPE,LANE_CNT,ALIGNMENT,ROADWAY_SURFACE_COND,ROAD_DEFECT,CRASH_TYPE,INTERSECTION_RELATED_I,NOT_RIGHT_OF_WAY_I,HIT_AND_RUN_I,PRIM_CONTRIBUTORY_CAUSE,SEC_CONTRIBUTORY_CAUSE,SEX,AGE,BAC_RESULT VALUE
0,200,30,0,0,0,3,0,2,2,0,0,0,0,200,200,200,0,0,0,200,200
0,200,30,0,0,0,3,0,2,2,0,0,0,0,200,200,200,0,0,1,24,200
0,200,30,0,0,0,3,10,5,200,0,0,0,0,200,200,200,18,200,0,38,200
0,200,30,0,0,0,3,10,5,200,0,0,0,0,200,200,200,18,200,1,40,200
1,200,30,0,0,0,3,10,5,200,0,0,0,0,200,200,200,18,200,1,68,200
1,200,30,0,0,0,3,10,5,200,0,0,0,0,200,200,200,18,200,0,3,200
0,200,30,2,2,0,3,10,5,4,0,0,0,0,1,200,200,18,200,1,40,200
0,200,30,2,2,0,3,10,5,4,0,0,0,0,1,200,200,18,200,0,50,200
0,200,30,3,2,0,3,12,12,4,0,0,0,1,200,200,200,4,15,2,200,200
0,200,30,3,2,0,3,12,12,4,0,0,0,1,200,200,200,4,15,1,27,200
0,200,25,0,0,0,3,12,6,1,0,0,0,0,200,200,200,7,25,0,27,200
0,200,25,0,0,0,3,12,6,1,0,0,0,0,200,200,200,7,25,1,31,200
1,200,25,0,0,0,3,12,6,1,0,0,0,0,200,200,200,7,25,1,200,200
1,200,25,0,0,0,3,12,6,1,0,0,0,0,200,200,200,7,25,0,200,200
1,200,25,0,0,0,3,12,6,1,0,0,0,0,200,200,200,7,25,0,6,200
1,200,25,0,0,0,3,12,6,1,0,0,0,0,200,200,200,7,25,1,8,200
0,200,30,2,2,0,3,10,5,2,0,0,0,0,200,200,200,0,200,1,38,200
0,200,30,2,2,0,3,10,5,2,0,0,0,0,200,200,200,0,200,0,72,200
0,200,35,1,2,0,3,10,5,4,0,0,0,0,1,200,200,18,200,1,41,200
0,200,35,1,2,0,3,10,5,4,0,0,0,0,1,200,200,18,200,0,32,200
1,200,35,1,2,0,3,10,5,4,0,0,0,0,1,200,200,18,200,1,18,200
0,200,30,0,0,0,3,7,5,2,0,0,0,1,200,200,200,0,0,1,43,200
1,200,30,0,0,0,3,7,5,2,0,0,0,1,200,200,200,0,0,1,50,200
1,200,30,0,0,0,3,7,5,2,0,0,0,1,200,200,200,0,0,0,200,200
0,200,30,0,0,0,3,7,5,2,0,0,0,1,200,200,200,12,200,0,32,200
0,200,30,2,2,0,3,3,5,2,0,0,0,1,1,200,1,0,10,2,200,200
0,200,30,2,2,0,3,3,5,2,0,0,0,1,1,200,1,0,10,0,59,200
0,200,30,2,2,0,3,0,6,2,0,0,0,0,1,200,200,17,0,0,25,200
0,200,30,2,2,0,3,0,6,2,0,0,0,0,1,200,200,17,0,0,55,200
0,200,30,1,2,0,3,10,2,2,0,0,3,0,200,200,200,19,11,1,200,200
0,200,30,1,2,0,3,10,2,2,0,0,3,0,200,200,200,19,11,0,48,200
0,200,30,1,2,0,3,14,5,2,0,0,0,1,1,200,200,17,200,1,35,200
0,200,30,1,2,0,3,14,5,2,0,0,0,1,1,200,200,17,200,0,36,200
1,200,30,1,2,0,3,14,5,2,0,0,0,1,1,200,200,17,200,1,200,200
1,200,30,1,2,0,3,14,5,2,0,0,0,1,1,200,200,17,200,1,200,200
0,200,30,1,200,0,0,10,2,200,0,0,0,0,200,200,200,0,0,0,27,200
0,200,30,1,200,0,0,10,2,200,0,0,0,0,200,200,200,0,0,0,57,200
1,200,30,1,200,0,0,10,2,200,0,0,0,0,200,200,200,0,0,0,49,200
1,200,30,1,200,0,0,10,2,200,0,0,0,0,200,200,200,0,0,0,26,200
1,200,30,1,200,0,0,10,2,200,0,0,0,0,200,200,200,0,0,200,200,200
0,200,30,1,2,0,3,14,1,200,0,0,0,0,1,200,1,6,16,0,200,200
0,200,30,1,2,0,3,14,1,200,0,0,0,0,1,200,1,6,16,0,58,200
0,200,30,2,2,0,3,7,6,1,0,0,0,1,200,200,200,200,0,0,46,200
0,200,30,0,0,0,3,12,5,1,0,0,0,1,200,200,200,21,0,0,27,200
0,200,30,0,0,0,3,12,5,1,0,0,0,1,200,200,200,21,0,0,32,200
0,200,30,1,2,0,3,0,3,4,0,0,200,0,1,200,1,17,17,2,200,200
0,200,30,1,2,0,3,0,3,4,0,0,200,0,1,200,1,17,17,0,45,200
0,200,35,1,2,0,3,0,5,2,0,0,0,1,1,200,200,17,17,0,43,200
0,200,35,1,2,0,3,0,5,2,0,0,0,1,1,200,200,17,17,0,45,200
1,200,35,1,2,0,3,0,5,2,0,0,0,1,1,200,200,17,17,0,48,200
1,200,35,1,2,0,3,0,5,2,0,0,0,1,1,200,200,17,17,1,39,200
0,200,30,2,2,0,3,14,5,2,0,0,0,0,1,200,200,0,200,1,39,200
0,200,30,2,2,0,3,14,5,2,0,0,0,0,1,200,200,0,200,0,22,200
0,200,35,0,0,0,3,14,5,2,0,0,0,0,200,200,200,22,18,0,25,200
0,200,35,0,0,0,3,14,5,2,0,0,0,0,200,200,200,22,18,0,29,200
1,200,35,0,0,0,3,14,5,2,0,0,0,0,200,200,200,22,18,0,31,200
1,200,35,0,0,0,3,14,5,2,0,0,0,0,200,200,200,22,18,0,200,200
0,200,30,1,2,0,0,10,5,2,0,0,0,0,200,200,1,18,0,2,200,200
0,200,30,1,2,0,0,10,5,2,0,0,0,0,200,200,1,18,0,1,31,200
0,200,30,1,2,0,1,9,5,3,0,0,0,1,1,200,1,0,0,2,200,200
5,200,30,1,2,0,1,9,5,3,0,0,0,1,1,200,1,0,0,1,65,200
0,1,30,0,0,0,3,7,5,1,0,0,0,0,200,200,1,0,0,2,200,200
0,200,30,1,2,0,3,0,5,2,0,0,0,1,1,200,200,6,16,1,31,200
0,200,30,1,2,0,3,0,5,2,0,0,0,1,1,200,200,6,16,0,41,200
0,200,25,2,0,0,3,7,6,1,0,0,0,1,200,200,1,200,200,0,200,200
0,200,30,1,2,0,3,2,8,1,3,0,0,1,200,200,1,0,0,2,200,200
0,200,30,1,2,0,2,14,12,200,0,0,0,0,1,200,200,33,17,0,28,200
0,200,30,1,2,0,2,14,12,200,0,0,0,0,1,200,200,33,17,0,50,200
0,200,30,2,2,0,1,14,5,2,0,0,0,1,1,200,200,17,11,1,25,200
0,200,30,2,2,0,1,14,5,2,0,0,0,1,1,200,200,17,11,0,71,200
0,200,30,1,2,0,1,3,5,200,0,0,0,1,1,200,200,17,17,1,22,200
0,200,30,1,2,0,1,3,5,200,0,0,0,1,1,200,200,17,17,0,22,200
0,200,30,0,0,0,3,2,5,2,2,0,0,1,200,1,200,3,200,1,50,200
0,200,30,0,0,0,2,0,5,1,0,0,0,1,1,200,1,17,0,0,200,200
0,200,30,0,0,0,2,0,5,1,0,0,0,1,1,200,1,17,0,1,22,200
0,200,30,1,2,0,1,8,2,0,0,0,0,1,1,200,200,17,7,0,54,200
4,200,30,1,2,0,1,8,2,0,0,0,0,1,1,200,200,17,7,1,39,200
0,200,30,1,2,0,1,14,2,4,0,0,0,1,1,200,200,0,200,0,24,200
0,200,30,1,2,0,1,14,2,4,0,0,0,1,1,200,200,0,200,1,45,200
1,200,30,1,2,0,1,14,2,4,0,0,0,1,1,200,200,0,200,1,17,200
0,200,30,1,2,0,1,10,5,2,0,0,0,0,200,200,200,7,18,0,52,200
0,200,30,1,2,0,1,10,5,2,0,0,0,0,200,200,200,7,18,0,53,200
1,200,30,1,2,0,1,10,5,2,0,0,0,0,200,200,200,7,18,1,200,200
0,200,30,0,0,0,3,7,6,1,0,0,0,0,200,200,200,0,21,2,200,200
0,200,30,1,2,0,1,14,6,3,0,0,0,0,1,200,200,21,0,1,28,200
0,200,30,1,2,0,1,14,6,3,0,0,0,0,1,200,200,21,0,0,25,200
1,200,30,1,2,0,1,14,6,3,0,0,0,0,1,200,200,21,0,0,26,200
0,200,30,0,0,0,1,14,1,4,0,0,0,0,200,200,200,17,17,0,47,200
0,200,30,0,0,0,1,14,1,4,0,0,0,0,200,200,200,17,17,1,32,200
0,200,10,0,3,0,1,7,0,1,0,0,0,1,200,200,1,25,20,0,200,200
1,200,10,0,3,0,1,7,0,1,0,0,0,1,200,200,1,25,20,0,14,200
1,200,10,0,3,0,1,7,0,1,0,0,0,1,200,200,1,25,20,0,15,200
0,200,30,1,2,0,1,14,2,2,0,0,0,1,1,200,200,17,200,1,45,200
0,200,30,1,2,0,1,14,2,2,0,0,0,1,1,200,200,17,200,0,0,200
0,200,45,1,2,0,1,14,1,200,0,0,0,0,1,200,200,22,0,0,200,200
0,200,45,1,2,0,1,14,1,200,0,0,0,0,1,200,200,22,0,1,37,200
0,200,25,1,2,0,1,12,6,200,0,0,0,0,200,200,200,0,18,0,50,200
0,200,25,1,2,0,1,12,6,200,0,0,0,0,200,200,200,0,18,0,36,200
0,200,30,1,2,0,1,14,3,5,0,0,0,1,1,200,200,17,200,1,21,200
0,200,30,1,2,0,1,14,3,5,0,0,0,1,1,200,200,17,200,0,30,200
0,200,30,0,0,0,1,12,6,4,0,0,0,0,200,200,200,17,17,1,25,200
0,200,30,0,0,0,1,12,6,4,0,0,0,0,200,200,200,17,17,1,28,200
0,200,30,0,0,0,1,7,5,2,0,0,0,0,200,200,200,0,200,0,29,200
1,200,30,0,0,0,1,7,5,2,0,0,0,0,200,200,200,0,200,0,22,200
0,1,30,1,2,0,1,14,5,4,0,0,0,1,200,200,200,0,0,1,46,200
0,1,30,1,2,0,1,14,5,4,0,0,0,1,200,200,200,0,0,1,35,200
0,200,25,0,0,0,1,7,5,200,0,0,0,1,200,200,200,27,200,0,47,200
0,200,30,0,0,0,1,7,5,200,0,200,200,0,200,200,200,20,200,0,69,200
1,200,30,0,0,0,1,12,6,200,0,0,0,0,200,200,200,0,0,0,200,200
0,200,30,0,0,0,1,12,6,200,0,0,0,0,200,200,200,0,0,0,49,200
0,200,30,0,0,0,1,12,6,200,0,0,0,0,200,200,200,0,0,1,59,200
1,200,30,0,0,0,1,12,6,200,0,0,0,0,200,200,200,0,0,1,200,200
0,200,30,1,2,0,1,12,6,4,0,0,0,0,1,200,200,0,200,0,45,200
0,200,30,1,2,0,1,12,6,4,0,0,0,0,1,200,200,0,200,0,28,200
0,1,15,0,0,0,200,2,0,1,0,0,0,0,200,1,1,0,200,2,200,200
0,200,30,0,0,0,3,7,2,2,0,0,0,0,200,200,1,0,200,2,200,200
0,200,30,0,0,0,1,7,5,1,0,0,0,0,200,200,200,0,200,1,30,200
0,1,30,2,2,0,1,0,5,200,0,0,0,0,1,200,200,0,200,0,25,200
0,1,30,2,2,0,1,0,5,200,0,0,0,0,1,200,200,0,200,0,49,200
0,200,30,1,2,0,1,14,2,200,0,1,0,0,200,200,200,11,0,0,38,200
0,200,30,1,2,0,1,14,2,200,0,1,0,0,200,200,200,11,0,0,50,200
0,200,30,0,0,0,1,12,5,2,0,0,0,1,200,200,200,200,200,1,72,200
0,200,30,0,0,0,1,12,5,2,0,0,0,1,200,200,200,200,200,0,75,200
1,200,30,0,0,0,1,12,5,2,0,0,0,1,200,200,200,200,200,200,200,200
1,200,30,0,0,0,1,12,5,2,0,0,0,1,200,200,200,200,200,0,69,200
0,200,15,0,0,0,1,3,0,200,0,0,0,0,200,200,200,20,0,0,44,200
0,200,15,0,0,0,1,3,0,200,0,0,0,0,200,200,200,20,0,2,46,200
0,200,30,0,0,0,1,14,2,2,0,0,0,1,1,200,200,17,200,1,200,200
0,200,30,0,0,0,1,14,2,2,0,0,0,1,1,200,200,17,200,0,52,200
0,200,30,0,0,0,1,14,5,2,0,0,0,0,1,200,200,17,11,0,37,200
0,200,30,0,0,0,1,14,5,2,0,0,0,0,1,200,200,17,11,0,17,200
1,200,30,0,0,0,1,14,5,2,0,0,0,0,1,200,200,17,11,1,21,200
0,200,25,1,3,0,1,10,5,2,0,200,200,0,200,200,1,0,0,0,200,200
0,200,25,1,3,0,1,10,5,2,0,200,200,0,200,200,1,0,0,1,28,200
0,200,30,0,0,0,1,12,5,200,0,0,0,0,200,200,1,22,22,2,200,200
0,200,30,0,0,0,1,12,5,200,0,0,0,0,200,200,1,22,22,0,57,200
0,200,30,0,0,0,1,7,7,2,0,0,0,0,200,200,200,17,17,2,200,200
0,200,35,0,0,0,1,7,7,200,0,0,0,0,200,200,1,20,0,1,200,200
0,200,30,0,0,0,1,7,2,2,0,0,0,0,200,200,1,200,200,2,200,200
0,200,15,0,0,0,3,2,7,0,0,0,4,0,200,1,200,28,20,1,63,200
0,200,30,1,2,0,1,10,5,200,0,0,0,0,200,200,1,0,0,1,200,200
0,200,30,1,2,0,1,10,5,200,0,0,0,0,200,200,1,0,0,0,26,200
1,200,30,1,2,0,1,10,5,200,0,0,0,0,200,200,1,0,0,0,58,200
0,200,30,12,12,0,1,12,12,200,0,0,0,0,200,200,200,11,0,0,200,200
0,200,30,12,12,0,1,12,12,200,0,0,0,0,200,200,200,11,0,0,200,200
0,200,30,0,0,0,1,0,2,4,0,0,0,1,1,1,200,33,200,0,69,200
0,200,30,0,0,0,1,0,2,4,0,0,0,1,1,1,200,33,200,1,49,200
0,200,30,12,2,0,1,10,2,200,0,0,0,1,200,200,200,18,200,0,34,200
0,200,30,12,2,0,1,10,2,200,0,0,0,1,200,200,200,18,200,0,38,200
0,200,30,0,0,0,1,7,5,4,0,0,0,0,200,200,200,16,22,0,57,200
0,200,35,2,2,0,1,10,5,200,0,0,0,1,1,200,1,5,23,1,200,200
0,200,35,2,2,0,1,10,5,200,0,0,0,1,1,200,1,5,23,0,30,200
0,200,35,2,2,0,1,10,5,200,0,0,0,1,1,200,1,5,23,0,28,200
0,200,30,0,0,0,1,12,5,2,0,0,0,0,200,200,1,11,0,0,23,200
0,200,30,0,0,0,1,12,5,2,0,0,0,0,200,200,1,11,0,0,200,200
1,200,30,0,0,0,1,12,5,2,0,0,0,0,200,200,1,11,0,0,200,200
0,200,30,0,2,0,1,12,2,4,0,0,0,0,200,200,1,4,17,0,200,200
0,200,30,0,2,0,1,12,2,4,0,0,0,0,200,200,1,4,17,0,30,200
0,200,25,0,0,0,1,7,6,1,0,0,0,0,200,200,1,0,0,2,200,200
0,200,15,200,200,0,1,7,7,200,0,0,0,0,200,200,200,27,0,0,92,200
1,200,15,200,200,0,1,7,7,200,0,0,0,0,200,200,200,27,0,0,33,200
0,200,10,0,0,0,1,0,7,200,0,0,0,0,200,200,200,17,17,1,61,200
0,200,10,0,0,0,1,0,7,200,0,0,0,0,200,200,200,17,17,0,30,200
0,200,30,0,0,0,1,10,5,200,0,0,0,0,200,200,1,18,0,1,200,200
0,200,30,0,0,0,1,10,5,200,0,0,0,0,200,200,1,18,0,0,32,200
0,200,30,0,0,0,1,7,1,1,0,0,0,1,200,200,200,25,200,0,29,200
0,200,30,0,0,0,1,14,5,2,0,0,0,0,200,200,1,18,200,2,200,200
0,200,30,0,0,0,1,14,5,2,0,0,0,0,200,200,1,18,200,0,65,200
0,200,30,9,2,0,1,12,5,3,0,0,12,0,200,200,200,17,22,0,40,200
0,200,30,9,2,0,1,12,5,3,0,0,12,0,200,200,200,17,22,0,53,200
0,200,30,1,2,0,1,14,5,6,0,0,0,0,1,200,200,17,16,0,34,200
0,200,30,1,2,0,1,14,5,6,0,0,0,0,1,200,200,17,16,1,21,200
1,200,30,1,2,0,1,14,5,6,0,0,0,0,1,200,200,17,16,1,28,200
0,200,10,0,0,0,1,7,0,1,0,0,200,0,200,200,1,0,200,0,200,200
0,200,30,0,0,0,1,7,5,200,0,0,0,0,200,200,200,12,200,0,41,200
0,200,15,0,0,0,1,0,7,200,0,200,0,0,200,200,200,20,0,1,47,200
0,200,15,0,0,0,1,0,7,200,0,200,0,0,200,200,200,20,0,1,19,200
0,200,15,0,0,0,1,10,7,200,0,0,0,0,200,200,200,20,0,0,39,200
0,200,15,0,0,0,1,10,7,200,0,0,0,0,200,200,200,20,0,1,59,200
0,200,30,0,0,0,3,3,6,200,0,0,0,0,200,200,200,0,0,1,200,200
0,200,30,0,0,0,3,3,6,200,0,0,0,0,200,200,200,0,0,0,200,200
0,200,30,0,0,0,1,7,5,200,0,0,0,1,200,200,200,12,21,0,27,200
0,200,30,1,2,0,1,14,2,3,0,0,0,1,1,200,200,0,200,1,30,200
0,200,30,1,2,0,1,14,2,3,0,0,0,1,1,200,200,0,200,0,54,200
1,200,30,1,2,0,1,14,2,3,0,0,0,1,1,200,200,0,200,1,54,200
1,200,30,1,2,0,1,14,2,3,0,0,0,1,1,200,200,0,200,1,0,200
1,200,30,1,2,0,1,14,2,3,0,0,0,1,1,200,200,0,200,0,5,200
1,200,30,1,2,0,1,14,2,3,0,0,0,1,1,200,200,0,200,1,3,200
0,200,30,0,0,0,1,12,2,200,0,0,0,1,200,200,200,17,200,0,39,200
0,200,30,0,0,0,1,12,2,200,0,0,0,1,200,200,200,17,200,0,47,200
1,200,30,0,0,0,1,12,2,200,0,0,0,1,200,200,200,17,200,0,200,200
0,200,30,1,2,0,1,14,2,200,0,0,0,0,1,200,200,0,0,1,21,200
0,200,30,1,2,0,1,14,2,200,0,0,0,0,1,200,200,0,0,0,70,200
1,200,30,1,2,0,1,14,2,200,0,0,0,0,1,200,200,0,0,0,25,200
0,200,30,0,0,0,1,5,5,200,0,0,1,0,200,200,200,29,29,1,45,200
0,200,30,0,0,0,1,7,6,200,0,0,0,0,200,200,1,20,200,0,200,200
0,200,30,0,0,0,1,7,0,200,0,0,0,0,200,200,1,0,0,1,200,200
0,200,30,1,2,0,1,14,5,5,0,0,0,0,200,200,200,17,200,0,37,200
0,200,30,1,2,0,1,14,5,5,0,0,0,0,200,200,200,17,200,0,42,200
0,200,30,0,0,0,1,10,5,200,0,0,0,0,200,200,200,18,25,1,16,200
0,200,30,0,0,0,1,10,5,200,0,0,0,0,200,200,200,18,25,1,51,200
0,200,30,0,3,0,1,7,6,200,0,0,0,0,200,200,1,0,0,2,200,200
0,200,35,0,0,200,1,12,5,200,0,200,0,0,200,200,1,21,200,2,200,200
0,200,35,0,0,200,1,12,5,200,0,200,0,0,200,200,1,21,200,0,59,200
0,200,30,1,2,0,1,10,5,2,0,0,0,0,200,200,200,18,21,0,18,200
0,200,30,1,2,0,1,10,5,2,0,0,0,0,200,200,200,18,21,1,65,200
1,200,30,1,2,0,1,10,5,2,0,0,0,0,200,200,200,18,21,0,18,200
0,200,35,0,0,0,1,10,5,200,0,0,0,1,200,200,200,18,200,0,24,200
0,200,35,0,0,0,1,10,5,200,0,0,0,1,200,200,200,18,200,1,57,200
1,200,35,0,0,0,1,10,5,200,0,0,0,1,200,200,200,18,200,1,38,200
0,200,30,0,0,0,1,0,0,200,0,0,0,0,200,200,200,20,0,0,62,200
0,200,30,0,0,0,1,0,0,200,0,0,0,0,200,200,200,20,0,0,33,200
0,200,25,0,0,0,1,8,6,200,0,0,0,1,200,200,200,11,200,0,35,200
4,200,25,0,0,0,1,8,6,200,0,0,0,1,200,200,200,11,200,0,47,200
0,200,30,1,2,0,1,12,5,200,0,0,0,0,200,200,1,200,200,0,200,200
0,200,30,1,2,0,1,12,5,200,0,0,0,0,200,200,1,200,200,0,26,200
1,200,30,1,2,0,1,12,5,200,0,0,0,0,200,200,1,200,200,1,200,200
0,200,30,0,0,0,1,12,5,2,0,0,0,0,200,200,200,0,200,0,45,200
0,200,30,0,0,0,1,12,5,2,0,0,0,0,200,200,200,0,200,0,35,200
0,200,30,1,2,0,1,12,5,4,0,0,0,0,1,200,200,0,200,1,65,200
0,200,30,1,2,0,1,12,5,4,0,0,0,0,1,200,200,0,200,0,39,200
1,200,30,1,2,0,1,12,5,4,0,0,0,0,1,200,200,0,200,1,68,200
0,200,30,1,2,0,1,10,2,3,0,0,0,1,1,200,200,6,18,1,66,200
0,200,30,1,2,0,1,10,2,3,0,0,0,1,1,200,200,6,18,1,41,200
0,200,30,0,200,0,1,2,0,1,0,0,200,0,200,1,200,25,14,0,17,200
1,200,30,0,200,0,1,2,0,1,0,0,200,0,200,1,200,25,14,1,20,200
0,200,30,1,2,0,1,10,5,2,0,0,0,1,200,200,200,8,16,0,200,200
0,200,30,1,2,0,1,10,5,2,0,0,0,1,200,200,200,8,16,0,200,200
1,200,30,1,2,0,1,10,5,2,0,0,0,1,200,200,200,8,16,1,20,200
1,200,30,1,2,0,1,10,5,2,0,0,0,1,200,200,200,8,16,1,22,200
1,200,30,1,2,0,1,10,5,2,0,0,0,1,200,200,200,8,16,0,34,200
1,200,30,1,2,0,1,10,5,2,0,0,0,1,200,200,200,8,16,0,54,200
1,200,30,1,2,0,1,10,5,2,0,0,0,1,200,200,200,8,16,0,49,200
1,200,30,1,2,0,1,10,5,2,0,0,0,1,200,200,200,8,16,1,21,200
1,200,30,1,2,0,1,10,5,2,0,0,0,1,200,200,200,8,16,0,29,200
0,200,15,0,0,0,1,5,7,200,0,0,0,0,200,1,200,200,200,0,21,200
0,200,30,0,0,0,1,14,5,4,0,0,0,1,200,200,200,17,0,1,45,200
0,200,30,0,0,0,1,14,5,4,0,0,0,1,200,200,200,17,0,0,28,200
1,200,30,0,0,0,1,14,5,4,0,0,0,1,200,200,200,17,0,1,7,200
1,200,30,0,0,0,1,14,5,4,0,0,0,1,200,200,200,17,0,0,3,200
1,200,30,0,0,0,1,14,5,4,0,0,0,1,200,200,200,17,0,0,5,200
1,200,30,0,0,0,1,14,5,4,0,0,0,1,200,200,200,17,0,1,28,200
5,200,20,1,2,2,1,9,2,2,0,0,200,0,200,200,200,0,0,0,200,200
0,200,20,1,2,2,1,9,2,2,0,0,200,0,200,200,200,0,0,1,0,200
0,200,30,1,2,200,1,10,5,200,0,200,0,0,200,200,200,18,200,0,200,200
0,200,30,1,2,200,1,10,5,200,0,200,0,0,200,200,200,18,200,0,57,200
0,1,30,0,0,0,3,7,5,200,0,0,0,0,200,200,200,18,200,1,63,200
0,200,30,0,0,0,1,10,5,4,0,0,0,0,200,200,1,18,200,1,200,200
0,200,30,0,0,0,1,10,5,4,0,0,0,0,200,200,1,18,200,1,21,200
0,200,30,0,0,0,1,10,5,4,0,0,0,0,200,200,1,18,200,0,36,200
0,200,30,0,0,0,1,10,5,4,0,0,0,0,200,200,1,18,200,1,200,200
0,200,30,2,2,0,1,0,5,4,0,0,200,1,1,200,200,16,200,0,45,200
0,200,30,2,2,0,1,0,5,4,0,0,200,1,1,200,200,16,200,0,38,200
0,200,30,2,2,0,1,0,5,4,0,0,200,1,1,200,200,16,200,0,66,200
0,200,30,0,0,0,1,14,12,2,0,0,0,0,1,200,200,4,200,0,58,200
0,200,30,0,0,0,1,14,12,2,0,0,0,0,1,200,200,4,200,0,53,200
0,200,30,1,2,0,1,7,5,200,0,0,0,0,1,200,200,0,0,0,50,200
0,200,30,0,0,0,1,14,5,200,0,0,0,1,200,200,1,25,16,1,200,200
0,200,30,0,0,0,1,14,5,200,0,0,0,1,200,200,1,25,16,0,26,200
1,200,30,0,0,0,1,14,5,200,0,0,0,1,200,200,1,25,16,0,29,200
0,200,30,0,0,2,1,12,3,200,0,1,0,0,200,200,1,17,200,1,200,200
0,200,30,0,0,2,1,12,3,200,0,1,0,0,200,200,1,17,200,1,28,200
1,200,30,0,0,2,1,12,3,200,0,1,0,0,200,200,1,17,200,0,7,200
0,200,30,1,2,0,1,10,5,200,0,0,0,0,1,200,200,18,200,0,200,200
0,200,30,1,2,0,1,10,5,200,0,0,0,0,1,200,200,18,200,1,47,200
0,200,30,0,0,0,1,14,5,4,0,0,0,0,200,200,200,0,11,1,38,200
0,200,30,0,0,0,1,14,5,4,0,0,0,0,200,200,200,0,11,0,38,200
1,200,30,0,0,0,1,14,5,4,0,0,0,0,200,200,200,0,11,1,9,200
1,200,30,0,0,0,1,14,5,4,0,0,0,0,200,200,200,0,11,1,9,200
1,200,30,0,0,0,1,14,5,4,0,0,0,0,200,200,200,0,11,1,14,200
1,200,30,0,0,0,1,14,5,4,0,0,0,0,200,200,200,0,11,0,14,200
0,200,30,0,0,0,1,7,7,200,0,0,0,0,200,1,200,0,200,1,31,200
0,200,30,1,2,0,1,12,3,3,0,0,0,0,200,200,200,21,0,1,63,200
0,200,30,1,2,0,1,12,3,3,0,0,0,0,200,200,200,21,0,1,24,200
0,200,30,0,0,0,1,7,2,200,0,0,0,0,200,200,1,0,0,0,200,200
0,200,30,2,2,0,1,12,2,4,0,0,0,0,200,200,200,22,18,0,85,200
0,200,30,2,2,0,1,12,2,4,0,0,0,0,200,200,200,22,18,0,57,200
0,200,35,200,200,200,200,10,3,3,0,200,200,0,200,200,200,0,200,0,17,200
0,200,35,200,200,200,200,10,3,3,0,200,200,0,200,200,200,0,200,1,55,200
1,200,35,200,200,200,200,10,3,3,0,200,200,0,200,200,200,0,200,0,200,200
0,200,30,2,0,0,1,12,12,2,0,0,0,0,200,200,200,200,0,1,24,200
0,200,30,2,0,0,1,12,12,2,0,0,0,0,200,200,200,200,0,0,64,200
1,200,30,2,0,0,1,12,12,2,0,0,0,0,200,200,200,200,0,1,200,200
0,1,30,0,0,0,3,7,6,200,0,0,0,1,200,200,1,200,200,2,200,200
0,200,30,0,0,0,1,7,2,2,0,0,0,0,200,200,200,11,200,1,57,200
0,200,25,1,2,0,1,2,5,2,0,0,0,0,1,200,200,11,11,1,31,200
1,200,25,1,2,0,1,2,5,2,0,0,0,0,1,200,200,11,11,1,56,200
0,200,30,0,0,0,1,7,12,200,0,0,0,0,200,200,1,11,0,1,200,200
0,200,30,0,0,0,1,14,12,200,0,0,0,1,200,200,1,0,200,0,200,200
0,200,30,0,0,0,1,14,12,200,0,0,0,1,200,200,1,0,200,1,31,200
1,200,30,0,0,0,1,14,12,200,0,0,0,1,200,200,1,0,200,0,200,200
1,200,30,0,0,0,1,14,12,200,0,0,0,1,200,200,1,0,200,0,35,200
0,200,30,0,0,0,1,7,5,1,0,0,0,0,200,200,1,22,200,2,200,200
0,200,30,0,0,0,1,0,5,2,0,200,200,0,200,200,200,20,20,0,27,200
0,200,30,0,0,0,1,0,5,2,0,200,200,0,200,200,200,20,20,1,27,200
0,1,0,0,0,200,1,7,12,200,0,200,0,0,200,200,1,0,0,2,200,200
0,200,25,1,2,0,1,12,5,200,0,0,200,0,1,200,200,0,0,0,35,200
0,200,25,1,2,0,1,12,5,200,0,0,200,0,1,200,200,0,0,0,53,200
0,200,30,0,0,0,1,10,5,200,0,0,0,0,200,200,1,18,200,0,200,200
0,200,30,0,0,0,1,10,5,200,0,0,0,0,200,200,1,18,200,1,51,200
0,200,30,0,0,0,1,2,5,2,0,0,1,0,200,200,200,200,200,0,28,200
0,200,30,0,0,0,1,12,5,2,0,0,0,1,200,200,200,17,16,0,19,200
0,200,30,0,0,0,1,12,5,2,0,0,0,1,200,200,200,17,16,1,200,200
0,200,35,1,2,0,1,10,5,2,0,0,0,1,1,200,200,16,18,0,58,200
0,200,35,1,2,0,1,10,5,2,0,0,0,1,1,200,200,16,18,1,42,200
0,200,30,1,2,0,1,14,5,0,0,0,0,0,200,200,200,21,200,0,56,200
0,200,30,1,2,0,1,14,5,0,0,0,0,0,200,200,200,21,200,1,56,200
0,200,30,0,0,0,1,10,5,200,0,0,0,0,200,200,200,18,0,0,42,200
0,200,30,0,0,0,1,10,5,200,0,0,0,0,200,200,200,18,0,1,27,200
1,200,30,0,0,0,1,10,5,200,0,0,0,0,200,200,200,18,0,0,49,200
0,200,20,0,0,0,200,7,6,200,0,0,200,0,200,200,200,0,200,2,200,200
0,200,30,0,0,0,1,12,2,2,0,0,200,0,200,200,200,0,0,0,70,200