PERSON_TYPE,CRASH_DATE_EST_I,POSTED_SPEED_LIMIT,TRAFFIC_CONTROL_DEVICE,DEVICE_CONDITION,WEATHER_CONDITION,LIGHTING_CONDITION,FIRST_CRASH_TYPE,TRAFFICWAY_TYPE,LANE_CNT,ALIGNMENT,ROADWAY_SURFACE_COND,ROAD_DEFECT,CRASH_TYPE,INTERSECTION_RELATED_I,NOT_RIGHT_OF_WAY_I,HIT_AND_RUN_I,PRIM_CONTRIBUTORY_CAUSE,SEC_CONTRIBUTORY_CAUSE,SEX,AGE,BAC_RESULT VALUE
0,200,30,0,0,0,1,12,2,2,0,0,200,0,200,200,200,0,0,0,52,200
0,200,20,1,0,0,1,10,2,200,0,0,0,0,200,200,200,18,18,1,28,200
0,200,20,1,0,0,1,10,2,200,0,0,0,0,200,200,200,18,18,0,61,200
0,1,30,0,0,0,1,7,12,1,0,0,200,0,200,200,1,0,0,2,200,200
0,200,30,1,2,0,1,14,5,200,0,0,0,1,1,200,200,17,0,0,27,200
0,200,30,1,2,0,1,14,5,200,0,0,0,1,1,200,200,17,0,0,54,200
0,200,30,0,0,0,1,10,5,2,0,0,0,0,200,200,200,200,200,0,63,200
0,200,30,0,0,0,1,10,5,2,0,0,0,0,200,200,200,200,200,0,34,200
0,200,30,0,0,0,1,7,3,200,0,0,0,0,200,200,200,21,200,0,49,200
0,200,25,2,2,0,1,11,5,2,0,0,0,0,1,200,200,0,0,0,27,200
0,200,25,2,2,0,1,11,5,2,0,0,0,0,1,200,200,0,0,1,73,200
0,200,25,0,0,0,1,7,5,2,0,0,0,0,200,200,1,33,33,2,200,200
0,200,30,1,2,0,1,10,2,200,0,0,0,0,200,200,1,18,200,0,200,200
0,200,30,1,2,0,1,10,2,200,0,0,0,0,200,200,1,18,200,1,41,200
0,200,45,0,0,0,1,14,3,4,3,0,0,1,1,200,1,31,17,0,200,200
0,200,45,0,0,0,1,14,3,4,3,0,0,1,1,200,1,31,17,1,24,200
0,200,25,0,0,0,1,7,5,200,0,0,0,0,200,200,1,200,200,2,200,200
0,200,20,0,0,0,1,7,5,2,0,0,0,0,200,200,1,11,0,2,200,200
0,200,30,1,2,0,1,10,5,200,0,0,0,1,1,200,200,3,200,0,74,200
0,200,30,1,2,0,1,10,5,200,0,0,0,1,1,200,200,3,200,0,43,200
0,200,25,2,200,0,1,10,3,4,0,0,0,0,200,200,1,18,0,1,200,200
0,200,25,2,200,0,1,10,3,4,0,0,0,0,200,200,1,18,0,1,31,200
0,200,10,0,0,0,1,7,12,200,0,0,0,1,200,200,200,11,11,1,16,200
1,200,10,0,0,0,1,7,12,200,0,0,0,1,200,200,200,11,11,1,200,200
0,200,30,1,2,0,1,14,2,2,0,0,200,0,1,200,200,0,0,1,16,200
0,200,30,1,2,0,1,14,2,2,0,0,200,0,1,200,200,0,0,0,57,200
0,1,30,0,0,0,0,2,12,1,0,0,0,0,200,200,200,200,200,1,32,200
0,200,10,0,0,0,1,10,6,1,0,0,0,0,200,200,1,18,11,1,200,200
0,200,10,0,0,0,1,10,6,1,0,0,0,0,200,200,1,18,11,0,53,200
0,200,30,0,0,0,1,2,5,200,0,0,1,0,200,200,200,11,200,0,66,200
0,200,30,0,0,0,1,7,6,200,0,0,200,0,200,200,1,20,200,1,200,200
0,200,30,7,12,0,1,10,5,200,0,0,0,0,200,200,200,0,0,0,39,200
0,200,30,7,12,0,1,10,5,200,0,0,0,0,200,200,200,0,0,1,65,200
4,200,30,0,0,0,1,8,2,4,0,0,200,1,200,200,200,10,16,2,200,200
0,200,30,0,0,0,1,8,2,4,0,0,200,1,200,200,200,10,16,0,28,200
0,200,30,0,0,0,1,7,6,200,0,0,0,0,200,200,1,200,200,2,200,200
0,200,35,1,2,0,1,0,5,4,0,0,0,1,1,200,1,6,15,1,200,200
0,200,35,1,2,0,1,0,5,4,0,0,0,1,1,200,1,6,15,1,59,200
4,200,30,0,0,0,1,8,5,4,0,0,0,1,200,200,200,200,200,0,23,200
0,200,30,2,12,0,1,8,6,1,0,0,0,1,200,200,200,16,200,1,48,200
4,200,30,2,12,0,1,8,6,1,0,0,0,1,200,200,200,16,200,0,14,200
0,200,20,0,0,0,1,7,5,1,0,0,0,0,200,200,200,27,11,0,77,200
0,200,35,0,0,0,1,12,3,8,0,0,0,1,200,200,200,22,18,0,29,200
0,200,35,0,0,0,1,12,3,8,0,0,0,1,200,200,200,22,18,0,62,200
0,200,30,0,0,0,1,7,6,200,0,0,0,0,200,200,1,0,0,2,200,200
0,200,5,0,0,0,1,0,7,0,0,0,0,0,200,200,200,11,200,0,93,200
0,200,5,0,0,0,1,0,7,0,0,0,0,0,200,200,200,11,200,1,30,200
0,200,30,1,2,0,1,14,5,200,0,0,200,0,200,200,200,11,200,0,54,200
0,200,30,1,2,0,1,14,5,200,0,0,200,0,200,200,200,11,200,1,19,200
0,200,30,0,0,0,1,10,12,4,2,0,0,0,200,200,200,20,11,0,35,200
0,200,30,0,0,0,1,10,12,4,2,0,0,0,200,200,200,20,11,0,60,200
0,200,30,0,0,0,1,7,7,200,0,0,0,0,200,200,200,200,200,0,20,200
0,200,10,0,0,0,1,12,12,200,0,0,0,0,200,200,1,22,200,0,200,200
0,200,10,0,0,0,1,12,12,200,0,0,0,0,200,200,1,22,200,1,25,200
1,200,10,0,0,0,1,12,12,200,0,0,0,0,200,200,1,22,200,1,200,200
1,200,10,0,0,0,1,12,12,200,0,0,0,0,200,200,1,22,200,0,200,200
1,200,10,0,0,0,1,12,12,200,0,0,0,0,200,200,1,22,200,1,200,200
0,200,35,1,2,0,1,14,6,3,0,0,0,0,1,200,200,21,0,0,37,200
0,200,35,1,2,0,1,14,6,3,0,0,0,0,1,200,200,21,0,0,45,200
0,200,30,0,0,0,1,2,0,200,0,0,0,0,200,200,200,0,200,0,44,200
0,0,30,0,0,0,1,7,5,200,0,0,0,0,200,200,1,0,200,2,200,200
0,200,30,0,0,0,1,7,5,2,0,0,0,0,200,200,200,20,11,0,20,200
0,200,30,1,2,0,1,12,12,4,0,0,0,0,200,200,200,0,0,1,22,200
0,200,30,1,2,0,1,12,12,4,0,0,0,0,200,200,200,0,0,1,0,200
1,200,30,1,2,0,1,12,12,4,0,0,0,0,200,200,200,0,0,0,46,200
0,200,30,1,2,0,1,8,5,4,0,0,0,0,200,200,200,0,200,0,27,200
4,200,30,1,2,0,1,8,5,4,0,0,0,0,200,200,200,0,200,0,62,200
1,200,30,1,2,0,1,8,5,4,0,0,0,0,200,200,200,0,200,1,28,200
0,200,30,0,0,0,1,7,7,200,0,0,0,0,200,200,200,20,11,0,56,200
1,200,30,0,0,0,1,7,7,200,0,0,0,0,200,200,200,20,11,1,200,200
1,200,30,0,0,0,1,7,7,200,0,0,0,0,200,200,200,20,11,1,39,200
0,200,30,0,0,0,1,7,5,4,2,0,0,0,200,200,200,8,11,0,16,200
1,200,30,0,0,0,1,7,5,4,2,0,0,0,200,200,200,8,11,1,36,200
0,200,30,0,0,0,1,10,2,200,0,0,0,0,200,200,0,0,0,0,40,200
0,200,30,0,0,0,1,10,2,200,0,0,0,0,200,200,0,0,0,1,200,200
0,200,30,0,0,0,1,14,2,2,2,0,0,1,1,1,1,17,14,1,28,200
0,200,5,12,2,0,1,12,12,12,0,0,1,0,200,200,200,0,0,1,30,200
0,200,5,12,2,0,1,12,12,12,0,0,1,0,200,200,200,0,0,0,65,200
0,1,15,0,0,0,1,0,7,200,0,0,0,0,200,1,200,17,200,1,51,200
0,1,15,0,0,0,1,0,7,200,0,0,0,0,200,1,200,17,200,0,36,200
0,200,30,2,1,0,1,0,3,3,0,0,0,0,200,200,200,17,0,1,19,200
0,200,30,2,1,0,1,0,3,3,0,0,0,0,200,200,200,17,0,0,22,200
0,200,30,0,0,0,1,10,6,3,0,0,0,1,200,200,1,16,30,1,26,200
0,200,30,0,0,0,1,10,6,3,0,0,0,1,200,200,1,16,30,0,47,200
0,200,30,0,0,0,1,10,5,2,0,0,0,0,200,200,200,18,200,1,25,200
0,200,30,0,0,0,1,10,5,2,0,0,0,0,200,200,200,18,200,1,21,200
0,200,30,0,0,0,1,9,6,4,0,0,0,1,200,200,200,21,0,0,72,200
5,200,30,0,0,0,1,9,6,4,0,0,0,1,200,200,200,21,0,1,77,200
0,200,30,0,0,0,1,12,5,200,0,0,0,0,200,200,200,17,0,0,29,200
0,200,30,0,0,0,1,12,5,200,0,0,0,0,200,200,200,17,0,1,21,200
0,200,30,200,200,0,1,14,5,4,0,0,0,1,200,200,1,22,200,0,200,200
0,200,30,200,200,0,1,14,5,4,0,0,0,1,200,200,1,22,200,1,28,200
0,200,30,0,0,2,1,10,5,4,0,1,0,1,1,200,200,18,200,0,33,200
0,200,30,0,0,2,1,10,5,4,0,1,0,1,1,200,200,18,200,1,22,200
1,200,30,0,0,2,1,10,5,4,0,1,0,1,1,200,200,18,200,0,24,200
0,200,30,2,2,0,1,0,5,2,0,0,0,1,1,200,200,0,0,0,31,200
0,200,30,2,2,0,1,0,5,2,0,0,0,1,1,200,200,0,0,1,34,200
1,200,30,2,2,0,1,0,5,2,0,0,0,1,1,200,200,0,0,1,27,200
0,200,30,0,0,0,1,10,5,200,0,0,200,0,200,200,200,0,200,0,44,200
0,200,30,0,0,0,1,10,5,200,0,0,200,0,200,200,200,0,200,1,30,200
0,200,20,0,0,0,1,2,2,200,0,0,1,0,200,200,200,0,0,0,45,200
0,200,30,0,0,0,1,14,5,200,0,0,0,0,1,200,200,17,14,0,60,200
0,200,30,0,0,0,1,14,5,200,0,0,0,0,1,200,200,17,14,1,19,200
0,200,20,1,3,0,1,14,5,200,0,0,0,0,200,200,200,0,0,0,36,200
0,200,20,1,3,0,1,14,5,200,0,0,0,0,200,200,200,0,0,1,30,200
1,200,20,1,3,0,1,14,5,200,0,0,0,0,200,200,200,0,0,0,0,200
1,200,20,1,3,0,1,14,5,200,0,0,0,0,200,200,200,0,0,1,1,200
0,200,30,1,2,0,1,12,5,200,0,0,0,0,200,200,200,22,200,1,30,200
0,200,30,1,2,0,1,12,5,200,0,0,0,0,200,200,200,22,200,1,32,200
0,200,20,0,0,0,1,7,2,200,0,0,200,0,200,200,1,0,0,2,200,200
0,200,35,2,2,0,1,0,5,200,0,0,0,1,1,200,200,10,200,0,87,200
0,200,35,2,2,0,1,0,5,200,0,0,0,1,1,200,200,10,200,0,23,200
1,200,35,2,2,0,1,0,5,200,0,0,0,1,1,200,200,10,200,0,92,200
1,200,35,2,2,0,1,0,5,200,0,0,0,1,1,200,200,10,200,1,26,200
1,200,35,2,2,0,1,0,5,200,0,0,0,1,1,200,200,10,200,1,19,200
0,200,30,0,0,0,1,12,5,200,0,200,200,0,200,200,200,22,21,1,33,200
0,200,30,0,0,0,1,12,5,200,0,200,200,0,200,200,200,22,21,0,48,200
0,200,30,0,0,0,1,7,5,200,0,0,0,0,200,200,1,0,0,2,200,200
0,200,30,0,0,0,1,14,5,2,0,0,0,0,200,200,200,200,200,1,52,200
0,200,30,0,0,0,1,14,5,2,0,0,0,0,200,200,200,200,200,0,46,200
0,200,30,0,0,0,1,10,5,200,0,0,0,0,200,200,1,0,0,2,200,200
0,200,30,0,0,0,1,10,5,200,0,0,0,0,200,200,1,0,0,0,68,200
1,200,30,0,0,0,1,10,5,200,0,0,0,0,200,200,1,0,0,0,59,200
0,200,30,0,0,0,1,12,5,2,0,0,0,0,200,200,200,0,200,0,31,200
0,200,30,0,0,0,1,12,5,2,0,0,0,0,200,200,200,0,200,1,28,200
0,200,30,0,0,0,1,9,5,2,0,0,0,1,200,200,200,200,200,0,36,200
5,200,30,0,0,0,1,9,5,2,0,0,0,1,200,200,200,200,200,0,25,200
0,200,30,1,2,0,1,10,5,200,0,0,200,0,1,200,1,16,18,0,200,200
0,200,30,1,2,0,1,10,5,200,0,0,200,0,1,200,1,16,18,0,22,200
0,200,30,0,0,0,1,7,6,1,0,0,0,0,200,200,200,32,16,0,37,200
0,200,30,0,0,0,1,7,5,2,0,0,0,0,200,200,200,17,0,0,59,200
1,200,30,0,0,0,1,7,5,2,0,0,0,0,200,200,200,17,0,0,200,200
1,200,30,0,0,0,1,7,5,2,0,0,0,0,200,200,200,17,0,0,200,200
0,200,0,0,0,0,1,7,7,200,0,200,200,0,200,200,1,0,200,2,200,200
0,200,30,1,2,0,1,14,6,200,0,0,0,0,1,200,200,18,200,1,36,200
0,200,30,1,2,0,1,14,6,200,0,0,0,0,1,200,200,18,200,0,32,200
0,200,30,2,2,0,1,10,3,4,0,0,200,0,1,200,200,18,200,1,56,200
0,200,30,2,2,0,1,10,3,4,0,0,200,0,1,200,200,18,200,1,70,200
0,200,30,2,2,0,1,10,3,4,0,0,200,0,1,200,200,18,200,0,32,200
0,200,10,0,0,0,1,11,7,1,0,0,200,0,200,1,1,11,0,0,200,200
0,200,10,0,0,0,1,11,7,1,0,0,200,0,200,1,1,11,0,1,44,200
1,200,10,0,0,0,1,11,7,1,0,0,200,0,200,1,1,11,0,0,200,200
0,200,25,1,2,0,1,10,5,200,0,0,0,0,200,200,200,18,0,0,64,200
0,200,25,1,2,0,1,10,5,200,0,0,0,0,200,200,200,18,0,1,19,200
0,200,30,0,0,0,1,7,3,4,0,0,0,1,200,200,200,27,200,0,24,200
0,200,30,1,2,0,1,12,5,200,0,0,0,0,200,200,200,22,200,2,200,200
0,200,30,1,2,0,1,12,5,200,0,0,0,0,200,200,200,22,200,0,30,200
0,200,30,0,0,0,1,12,5,4,0,0,0,0,200,200,200,17,11,0,40,200
0,200,30,0,0,0,1,12,5,4,0,0,0,0,200,200,200,17,11,0,40,200
0,200,30,1,2,0,1,10,2,200,0,0,0,0,200,200,200,0,0,0,39,200
0,200,30,1,2,0,1,10,2,200,0,0,0,0,200,200,200,0,0,0,53,200
1,200,30,1,2,0,1,10,2,200,0,0,0,0,200,200,200,0,0,0,200,200
0,200,30,0,0,0,1,10,3,4,0,0,0,0,200,200,1,18,200,0,200,200
0,200,30,0,0,0,1,10,3,4,0,0,0,0,200,200,1,18,200,1,74,200
1,200,30,0,0,0,1,10,3,4,0,0,0,0,200,200,1,18,200,0,200,200
1,200,30,0,0,0,1,10,3,4,0,0,0,0,200,200,1,18,200,0,200,200
1,200,30,0,0,0,1,10,3,4,0,0,0,0,200,200,1,18,200,0,200,200
0,200,40,0,0,0,1,12,3,3,0,0,0,0,200,200,200,200,200,0,19,200
0,200,40,0,0,0,1,12,3,3,0,0,0,0,200,200,200,200,200,1,56,200
1,200,40,0,0,0,1,12,3,3,0,0,0,0,200,200,200,200,200,0,29,200
0,200,30,1,2,0,1,12,6,200,0,0,0,0,1,200,200,0,200,1,31,200
0,200,30,1,2,0,1,12,6,200,0,0,0,0,1,200,200,0,200,0,27,200
0,1,30,1,2,0,4,14,5,2,0,0,0,0,200,200,200,3,200,1,45,200
0,1,30,1,2,0,4,14,5,2,0,0,0,0,200,200,200,3,200,1,200,200
1,1,30,1,2,0,4,14,5,2,0,0,0,0,200,200,200,3,200,0,16,200
0,200,30,0,0,0,1,11,5,2,0,0,0,0,200,200,1,0,0,0,200,200
0,200,30,0,0,0,1,11,5,2,0,0,0,0,200,200,1,0,0,0,38,200
1,200,30,0,0,0,1,11,5,2,0,0,0,0,200,200,1,0,0,1,38,200
1,200,30,0,0,0,1,11,5,2,0,0,0,0,200,200,1,0,0,1,8,200
1,200,30,0,0,0,1,11,5,2,0,0,0,0,200,200,1,0,0,1,6,200
0,200,30,1,2,0,1,7,5,200,0,0,0,0,200,200,1,200,200,2,200,200
0,200,30,1,2,0,1,0,12,0,0,0,0,1,1,200,200,6,7,1,32,200
0,200,30,1,2,0,1,0,12,0,0,0,0,1,1,200,200,6,7,0,34,200
1,200,30,1,2,0,1,0,12,0,0,0,0,1,1,200,200,6,7,0,200,200
0,200,30,0,0,0,1,11,5,2,0,0,0,1,200,200,200,18,200,0,53,200
0,200,30,0,0,0,1,11,5,2,0,0,0,1,200,200,200,18,200,1,59,200
1,200,30,0,0,0,1,11,5,2,0,0,0,1,200,200,200,18,200,1,53,200
0,200,30,2,2,0,1,14,5,200,0,0,0,1,1,200,200,17,0,0,23,200
0,200,30,2,2,0,1,14,5,200,0,0,0,1,1,200,200,17,0,0,19,200
1,200,30,2,2,0,1,14,5,200,0,0,0,1,1,200,200,17,0,1,30,200
0,200,30,0,0,0,1,7,5,200,0,0,0,0,200,200,1,0,0,0,200,200
0,200,35,2,200,1,1,14,5,4,0,0,200,1,0,200,200,17,200,0,64,200
0,200,35,2,200,1,1,14,5,4,0,0,200,1,0,200,200,17,200,1,34,200
0,200,30,0,0,0,1,14,5,4,2,0,200,0,200,200,200,17,200,0,20,200
0,200,30,0,0,0,1,14,5,4,2,0,200,0,200,200,200,17,200,0,62,200
0,200,10,0,0,0,3,7,7,200,0,0,0,0,200,200,200,20,200,0,35,200
1,200,10,0,0,0,3,7,7,200,0,0,0,0,200,200,200,20,200,1,30,200
0,200,35,1,2,0,1,10,6,3,0,0,0,0,1,200,200,18,0,0,24,200
0,200,35,1,2,0,1,10,6,3,0,0,0,0,1,200,200,18,0,0,24,200
0,200,15,0,0,2,1,7,12,200,0,1,12,0,200,200,1,0,0,2,200,200
0,200,30,1,2,0,1,0,12,200,0,0,0,0,200,200,1,17,16,0,200,200
0,200,30,1,2,0,1,0,12,200,0,0,0,0,200,200,1,17,16,1,41,200
0,200,30,0,0,0,1,10,6,1,0,0,0,0,200,200,1,0,0,0,200,200
0,200,30,0,0,0,1,10,6,1,0,0,0,0,200,200,1,0,0,0,52,200
1,200,30,0,0,0,1,10,6,1,0,0,0,0,200,200,1,0,0,1,48,200
0,200,30,2,2,0,1,8,2,4,0,0,0,1,200,200,200,0,0,1,38,200
4,200,30,2,2,0,1,8,2,4,0,0,0,1,200,200,200,0,0,0,48,200
0,200,30,2,2,0,1,14,12,200,0,0,0,0,200,200,200,17,17,1,25,200
0,200,30,2,2,0,1,14,12,200,0,0,0,0,200,200,200,17,17,1,27,200
0,200,30,1,200,2,1,10,2,2,0,1,200,0,200,200,1,0,200,0,200,200
0,200,30,1,200,2,1,10,2,2,0,1,200,0,200,200,1,0,200,0,50,200
0,200,30,1,2,0,1,12,5,2,0,0,0,0,200,200,200,22,22,1,72,200
0,200,30,1,2,0,1,12,5,2,0,0,0,0,200,200,200,22,22,1,22,200
1,200,30,1,2,0,1,12,5,2,0,0,0,0,200,200,200,22,22,1,16,200
0,200,30,1,2,2,1,14,12,0,0,1,0,0,1,200,200,17,200,0,61,200
0,200,30,1,2,2,1,14,12,0,0,1,0,0,1,200,200,17,200,0,53,200
0,200,30,1,2,0,2,14,5,200,0,0,0,0,200,200,1,14,200,0,200,200
0,200,30,1,2,0,2,14,5,200,0,0,0,0,200,200,1,14,200,1,26,200
0,1,30,0,0,0,1,12,5,4,0,0,0,0,200,200,1,22,21,2,200,200
0,1,30,0,0,0,1,12,5,4,0,0,0,0,200,200,1,22,21,0,76,200
0,200,30,0,0,0,1,8,6,1,0,0,0,1,200,200,200,17,200,0,27,200
4,200,30,0,0,0,1,8,6,1,0,0,0,1,200,200,200,17,200,1,33,200
0,200,30,0,0,0,1,10,5,6,0,0,0,0,200,200,200,16,7,1,19,200
0,200,30,0,0,0,1,10,5,6,0,0,0,0,200,200,200,16,7,1,42,200
0,200,30,0,0,0,1,0,5,2,0,0,0,1,1,200,200,0,200,0,54,200
0,200,30,0,0,0,1,0,5,2,0,0,0,1,1,200,200,0,200,0,30,200
0,200,30,0,0,0,1,8,6,200,1,1,0,1,200,200,200,0,0,0,60,200
4,200,30,0,0,0,1,8,6,200,1,1,0,1,200,200,200,0,0,0,26,200
0,200,30,1,2,0,1,7,2,4,0,0,0,0,200,200,1,0,0,2,200,200
0,200,0,200,200,200,200,12,200,200,0,200,200,0,200,200,200,0,200,1,56,200
0,200,0,200,200,200,200,12,200,200,0,200,200,0,200,200,200,0,200,0,58,200
0,1,30,1,2,0,1,14,12,2,5,0,0,1,1,200,200,17,17,1,55,200
0,1,30,1,2,0,1,14,12,2,5,0,0,1,1,200,200,17,17,0,200,200
0,200,30,1,2,0,1,12,5,2,0,0,0,0,200,200,200,22,0,1,43,200
0,200,30,1,2,0,1,12,5,2,0,0,0,0,200,200,200,22,0,1,34,200
0,200,30,0,0,0,1,12,5,200,0,0,200,0,200,200,200,0,0,1,200,200
0,200,30,0,0,0,1,12,5,200,0,0,200,0,200,200,200,0,0,1,66,200
0,200,20,0,0,0,1,10,6,1,0,0,0,0,200,200,200,20,0,0,200,200
0,200,20,0,0,0,1,10,6,1,0,0,0,0,200,200,200,20,0,0,34,200
0,200,30,2,1,0,1,14,5,2,0,0,0,0,1,200,1,16,0,1,200,200
0,200,30,2,1,0,1,14,5,2,0,0,0,0,1,200,1,16,0,0,58,200
0,200,30,0,0,0,1,10,7,200,0,0,200,0,200,200,200,200,11,1,43,200
0,200,30,0,0,0,1,10,7,200,0,0,200,0,200,200,200,200,11,1,32,200
0,200,30,0,0,0,3,14,2,200,0,0,0,0,1,200,200,23,21,1,39,200
0,200,30,0,0,0,3,14,2,200,0,0,0,0,1,200,200,23,21,0,57,200
0,200,30,0,0,0,1,7,5,200,0,0,0,0,200,200,1,200,200,2,200,200
1,200,30,0,0,0,1,7,5,200,0,0,0,0,200,200,1,200,200,0,33,200
0,200,30,0,0,0,1,12,5,2,0,0,0,0,200,200,1,0,0,0,200,200
0,200,30,0,0,0,1,12,5,2,0,0,0,0,200,200,1,0,0,1,24,200
1,200,30,0,0,0,1,12,5,2,0,0,0,0,200,200,1,0,0,0,29,200
0,200,35,1,2,0,1,14,5,2,0,0,3,0,1,200,200,0,0,1,26,200
0,200,35,1,2,0,1,14,5,2,0,0,3,0,1,200,200,0,0,1,32,200
0,200,20,0,0,0,1,7,5,2,0,200,200,0,200,200,1,0,21,1,200,200
0,200,30,1,3,0,1,10,2,200,0,0,0,0,200,200,200,20,11,0,39,200
0,200,30,1,3,0,1,10,2,200,0,0,0,0,200,200,200,20,11,1,60,200
0,200,30,2,2,0,1,0,3,200,0,0,0,0,1,200,200,0,200,0,25,200
0,200,30,2,2,0,1,0,3,200,0,0,0,0,1,200,200,0,200,0,29,200
0,200,30,0,0,0,1,10,5,2,0,0,0,0,200,200,1,18,200,1,200,200
0,200,30,0,0,0,1,10,5,2,0,0,0,0,200,200,1,18,200,0,28,200
0,200,30,1,2,0,1,10,5,4,2,0,0,0,1,200,1,16,200,0,200,200
0,200,30,1,2,0,1,10,5,4,2,0,0,0,1,200,1,16,200,1,46,200
1,200,30,1,2,0,1,10,5,4,2,0,0,0,1,200,1,16,200,0,41,200
1,200,30,1,2,0,1,10,5,4,2,0,0,0,1,200,1,16,200,0,27,200
0,200,30,1,2,0,1,10,5,200,0,0,200,0,200,200,200,18,200,0,33,200
0,200,30,1,2,0,1,10,5,200,0,0,200,0,200,200,200,18,200,1,34,200
0,200,30,0,0,0,4,12,5,200,0,0,0,0,200,200,1,0,200,2,200,200
0,200,30,0,0,0,4,12,5,200,0,0,0,0,200,200,1,0,200,0,40,200
0,200,30,0,0,0,1,7,2,200,0,0,200,0,200,200,200,0,0,1,200,200
0,200,30,1,2,0,3,0,5,2,0,0,0,1,1,200,200,6,200,1,28,200
0,200,30,1,2,0,3,0,5,2,0,0,0,1,1,200,200,6,200,0,29,200
1,200,30,1,2,0,3,0,5,2,0,0,0,1,1,200,200,6,200,0,26,200
1,200,30,1,2,0,3,0,5,2,0,0,0,1,1,200,200,6,200,0,26,200
0,200,30,1,2,0,1,9,5,0,0,0,0,1,1,200,200,23,11,0,48,200
5,200,30,1,2,0,1,9,5,0,0,0,0,1,1,200,200,23,11,0,72,200
0,200,30,0,0,1,1,11,5,2,0,200,200,0,200,200,1,21,22,2,200,200
0,200,30,0,0,1,1,11,5,2,0,200,200,0,200,200,1,21,22,0,25,200
0,200,30,0,0,0,1,12,5,4,0,0,0,1,200,200,1,22,22,0,200,200
0,200,30,0,0,0,1,12,5,4,0,0,0,1,200,200,1,22,22,0,40,200
0,200,15,0,0,0,3,10,7,200,0,0,200,0,200,200,200,33,200,0,21,200
0,200,15,0,0,0,3,10,7,200,0,0,200,0,200,200,200,33,200,0,26,200
0,200,30,0,0,0,1,12,5,200,0,0,0,0,200,200,200,22,22,1,51,200
0,200,30,0,0,0,1,12,5,200,0,0,0,0,200,200,200,22,22,0,46,200
0,200,30,0,0,0,1,0,5,1,0,0,0,0,200,200,200,17,200,0,63,200
0,200,30,0,0,0,1,0,5,1,0,0,0,0,200,200,200,17,200,1,51,200
0,200,35,1,2,0,4,14,12,4,0,0,0,1,1,200,200,6,200,0,54,200
0,200,35,1,2,0,4,14,12,4,0,0,0,1,1,200,200,6,200,1,34,200
0,200,0,2,2,0,1,8,3,200,0,200,200,0,1,200,1,0,200,1,200,200
4,200,0,2,2,0,1,8,3,200,0,200,200,0,1,200,1,0,200,1,28,200
0,200,30,0,0,0,1,2,5,200,0,0,12,1,200,200,200,0,0,1,38,200
1,200,30,0,0,0,1,2,5,200,0,0,12,1,200,200,200,0,0,1,54,200
0,200,30,1,2,0,0,10,2,2,0,0,0,1,200,200,1,0,0,0,200,200
0,200,30,1,2,0,0,10,2,2,0,0,0,1,200,200,1,0,0,0,31,200
1,200,30,1,2,0,0,10,2,2,0,0,0,1,200,200,1,0,0,1,20,200
0,200,30,0,0,2,0,10,5,200,0,1,0,0,200,200,200,18,34,0,36,200
0,200,30,0,0,2,0,10,5,200,0,1,0,0,200,200,200,18,34,1,59,200
0,200,30,0,0,0,4,7,5,2,0,0,0,0,200,200,200,0,0,1,49,200
0,200,30,0,0,0,3,10,7,200,0,0,0,1,200,200,200,20,0,1,26,200
0,200,30,0,0,0,3,10,7,200,0,0,0,1,200,200,200,20,0,0,39,200
0,200,30,0,0,0,4,10,5,200,0,0,0,0,200,200,200,18,200,0,37,200
0,200,30,0,0,0,4,10,5,200,0,0,0,0,200,200,200,18,200,1,23,200
1,200,30,0,0,0,4,10,5,200,0,0,0,0,200,200,200,18,200,0,200,200
0,200,30,1,2,2,3,10,2,2,0,1,0,1,1,200,1,18,200,0,200,200
0,200,30,1,2,2,3,10,2,2,0,1,0,1,1,200,1,18,200,0,39,200
0,200,30,2,2,2,3,2,5,2,0,1,0,1,200,200,200,32,15,0,47,200
0,200,30,0,0,2,0,10,5,200,0,1,0,0,200,200,200,0,200,1,18,200
0,200,30,0,0,2,0,10,5,200,0,1,0,0,200,200,200,0,200,0,44,200
0,200,30,1,2,2,3,10,2,4,0,1,0,0,200,200,200,15,11,1,36,200
0,200,30,1,2,2,3,10,2,4,0,1,0,0,200,200,200,15,11,1,38,200
0,200,30,0,0,12,3,9,5,2,0,1,0,1,200,200,1,17,200,1,200,200
5,200,30,0,0,12,3,9,5,2,0,1,0,1,200,200,1,17,200,0,54,200
0,200,30,6,2,0,1,14,2,4,0,0,0,0,200,200,200,23,27,1,23,200
0,200,30,6,2,0,1,14,2,4,0,0,0,0,200,200,200,23,27,0,55,200
0,200,30,2,2,2,3,14,5,200,0,1,0,0,200,200,200,17,17,1,30,200
0,200,30,2,2,2,3,14,5,200,0,1,0,0,200,200,200,17,17,0,69,200
1,200,30,2,2,2,3,14,5,200,0,1,0,0,200,200,200,17,17,1,8,200
1,200,30,2,2,2,3,14,5,200,0,1,0,0,200,200,200,17,17,1,1,200
0,200,30,1,0,2,0,14,5,200,0,1,0,0,200,200,1,17,200,2,200,200
0,200,30,1,0,2,0,14,5,200,0,1,0,0,200,200,1,17,200,0,24,200
0,200,30,2,2,0,3,14,5,2,0,1,0,0,1,200,200,17,200,1,21,200
0,200,30,2,2,0,3,14,5,2,0,1,0,0,1,200,200,17,200,1,29,200