PERSON_TYPE,CRASH_DATE_EST_I,POSTED_SPEED_LIMIT,TRAFFIC_CONTROL_DEVICE,DEVICE_CONDITION,WEATHER_CONDITION,LIGHTING_CONDITION,FIRST_CRASH_TYPE,TRAFFICWAY_TYPE,LANE_CNT,ALIGNMENT,ROADWAY_SURFACE_COND,ROAD_DEFECT,CRASH_TYPE,INTERSECTION_RELATED_I,NOT_RIGHT_OF_WAY_I,HIT_AND_RUN_I,PRIM_CONTRIBUTORY_CAUSE,SEC_CONTRIBUTORY_CAUSE,SEX,AGE,BAC_RESULT VALUE
4,200,30,1,2,0,3,8,5,200,0,1,0,1,1,200,200,6,11,0,25,200
0,200,30,1,2,0,3,8,5,200,0,1,0,1,1,200,200,6,11,0,28,200
0,200,30,0,200,2,3,10,5,2,0,1,200,1,200,200,200,34,18,0,49,200
0,200,30,0,200,2,3,10,5,2,0,1,200,1,200,200,200,34,18,1,39,200
1,200,30,0,200,2,3,10,5,2,0,1,200,1,200,200,200,34,18,1,54,200
1,200,30,0,200,2,3,10,5,2,0,1,200,1,200,200,200,34,18,0,42,200
1,200,30,0,200,2,3,10,5,2,0,1,200,1,200,200,200,34,18,1,1,200
0,200,30,0,0,0,1,12,5,4,0,0,0,0,200,200,200,0,0,1,22,200
0,200,30,0,0,0,1,12,5,4,0,0,0,0,200,200,200,0,0,0,21,200
0,200,30,1,2,2,3,0,5,2,0,1,0,0,1,200,1,0,0,0,200,200
0,200,30,1,2,2,3,0,5,2,0,1,0,0,1,200,1,0,0,0,26,200
1,200,30,1,2,2,3,0,5,2,0,1,0,0,1,200,1,0,0,1,26,200
1,200,30,1,2,2,3,0,5,2,0,1,0,0,1,200,1,0,0,0,11,200
1,200,30,1,2,2,3,0,5,2,0,1,0,0,1,200,1,0,0,1,8,200
0,200,30,0,0,2,3,10,5,4,0,1,0,1,200,200,1,200,0,2,200,200
0,200,30,0,0,2,3,10,5,4,0,1,0,1,200,200,1,200,0,0,69,200
0,200,30,0,0,2,3,10,5,4,0,1,0,1,200,200,1,200,0,1,33,200
1,200,30,0,0,2,3,10,5,4,0,1,0,1,200,200,1,200,0,0,7,200
0,200,30,1,2,200,3,14,5,200,0,1,0,1,200,200,200,0,200,0,60,200
0,200,30,1,2,200,3,14,5,200,0,1,0,1,200,200,200,0,200,0,38,200
1,200,30,1,2,200,3,14,5,200,0,1,0,1,200,200,200,0,200,0,34,200
0,200,30,0,0,2,4,7,5,2,0,1,0,0,200,200,1,0,0,2,200,200
0,200,20,0,0,2,3,10,5,200,0,1,0,1,200,200,200,19,25,0,57,200
0,200,20,0,0,2,3,10,5,200,0,1,0,1,200,200,200,19,25,0,40,200
1,200,20,0,0,2,3,10,5,200,0,1,0,1,200,200,200,19,25,1,29,200
0,200,30,0,0,0,1,7,5,200,0,0,0,1,200,200,1,0,0,0,200,200
1,200,30,0,0,0,1,7,5,200,0,0,0,1,200,200,1,0,0,0,200,200
1,200,30,0,0,0,1,7,5,200,0,0,0,1,200,200,1,0,0,0,200,200
0,200,35,1,200,0,3,10,5,200,0,0,200,0,200,200,200,0,0,0,24,200
0,200,35,1,200,0,3,10,5,200,0,0,200,0,200,200,200,0,0,0,55,200
0,200,30,1,2,0,3,10,2,2,0,0,0,0,1,200,200,0,0,0,200,200
0,200,30,1,2,0,3,10,2,2,0,0,0,0,1,200,200,0,0,1,48,200
0,200,30,0,0,2,3,12,5,200,0,1,0,0,200,200,1,22,200,2,200,200
0,200,30,0,0,2,3,12,5,200,0,1,0,0,200,200,1,22,200,0,25,200
0,200,30,1,2,0,3,12,5,200,0,0,0,0,200,200,200,22,0,0,21,200
0,200,30,1,2,0,3,12,5,200,0,0,0,0,200,200,200,22,0,1,35,200
0,200,40,1,2,0,0,2,3,200,0,0,0,1,200,200,200,200,200,1,49,200
1,200,40,1,2,0,0,2,3,200,0,0,0,1,200,200,200,200,200,0,52,200
0,200,30,0,0,0,1,7,5,200,0,0,200,0,200,200,1,0,0,2,200,200
0,200,30,0,0,0,0,3,5,2,0,0,0,1,200,200,1,21,21,0,51,200
0,200,30,0,0,0,0,3,5,2,0,0,0,1,200,200,1,21,21,0,65,200
0,200,30,0,0,2,3,10,5,2,0,200,200,0,1,200,200,0,0,1,30,200
0,200,30,0,0,2,3,10,5,2,0,200,200,0,1,200,200,0,0,1,0,200
0,0,30,0,0,2,3,7,6,1,0,1,0,1,200,200,200,32,25,0,0,200
0,200,30,1,2,0,3,2,5,200,0,1,12,0,200,200,200,28,200,0,19,200
1,200,5,0,0,0,1,0,7,200,0,0,0,0,200,1,200,0,0,0,67,200
0,200,5,0,0,0,1,0,7,200,0,0,0,0,200,1,200,0,0,1,200,200
0,200,5,0,0,0,1,0,7,200,0,0,0,0,200,1,200,0,0,1,42,200
1,200,5,0,0,0,1,0,7,200,0,0,0,0,200,1,200,0,0,1,63,200
1,200,5,0,0,0,1,0,7,200,0,0,0,0,200,1,200,0,0,0,15,200
1,200,5,0,0,0,1,0,7,200,0,0,0,0,200,1,200,0,0,1,11,200
0,200,30,1,2,2,3,2,5,4,0,1,0,1,1,200,200,0,200,0,72,200
0,200,35,0,0,0,0,12,3,200,2,0,0,0,200,200,200,0,200,0,27,200
0,200,35,0,0,0,0,12,3,200,2,0,0,0,200,200,200,0,200,0,42,200
1,200,35,0,0,0,0,12,3,200,2,0,0,0,200,200,200,0,200,1,28,200
1,200,35,0,0,0,0,12,3,200,2,0,0,0,200,200,200,0,200,1,9,200
0,200,30,0,0,0,0,3,2,2,0,1,0,0,200,200,1,16,0,2,200,200
0,200,30,0,0,0,0,3,2,2,0,1,0,0,200,200,1,16,0,0,49,200
0,200,30,0,0,2,0,12,5,200,0,1,0,0,200,200,200,21,200,0,56,200
0,200,30,0,0,2,0,12,5,200,0,1,0,0,200,200,200,21,200,1,54,200
0,200,30,1,200,2,3,3,2,200,0,1,200,1,1,200,200,17,15,1,58,200
0,200,30,1,200,2,3,3,2,200,0,1,200,1,1,200,200,17,15,1,26,200
0,1,35,1,2,0,3,8,5,200,0,0,0,1,1,200,200,16,200,1,24,200
4,1,35,1,2,0,3,8,5,200,0,0,0,1,1,200,200,16,200,0,24,200
0,200,30,1,2,0,3,9,5,2,0,1,0,1,1,200,1,0,200,2,200,200
5,200,30,1,2,0,3,9,5,2,0,1,0,1,1,200,1,0,200,0,74,200
0,200,35,2,0,2,0,10,5,200,0,1,0,1,200,200,0,18,200,0,29,200
0,200,35,2,0,2,0,10,5,200,0,1,0,1,200,200,0,18,200,1,39,200
1,200,35,2,0,2,0,10,5,200,0,1,0,1,200,200,0,18,200,1,23,200
1,200,35,2,0,2,0,10,5,200,0,1,0,1,200,200,0,18,200,0,21,200
1,200,35,2,0,2,0,10,5,200,0,1,0,1,200,200,0,18,200,1,25,200
0,200,30,1,2,2,3,11,5,2,0,1,0,0,200,200,200,21,0,1,60,200
0,200,30,1,2,2,3,11,5,2,0,1,0,0,200,200,200,21,0,0,48,200
1,200,30,1,2,2,3,11,5,2,0,1,0,0,200,200,200,21,0,200,200,200
0,200,30,0,0,1,3,7,2,4,0,200,0,0,200,200,200,200,200,0,33,200
0,200,30,2,2,0,1,14,5,200,0,0,0,0,200,200,200,0,0,0,44,200
0,200,30,2,2,0,1,14,5,200,0,0,0,0,200,200,200,0,0,0,30,200
0,200,30,0,0,0,3,2,5,4,0,1,0,0,200,200,200,34,200,0,47,200
0,200,30,0,0,0,1,0,6,1,0,0,0,0,200,200,200,17,200,1,58,200
0,200,30,0,0,0,1,0,6,1,0,0,0,0,200,200,200,17,200,0,0,200
1,200,30,0,0,0,1,0,6,1,0,0,0,0,200,200,200,17,200,1,200,200
0,200,30,1,2,0,0,7,2,2,0,1,0,0,1,200,200,19,0,0,39,200
0,200,30,0,0,0,3,12,5,200,0,1,0,0,200,200,1,0,0,1,200,200
0,200,30,0,0,0,3,12,5,200,0,1,0,0,200,200,1,0,0,1,48,200
0,200,35,0,0,1,3,12,3,4,3,1,0,1,200,200,1,25,34,2,200,200
0,200,35,0,0,1,3,12,3,4,3,1,0,1,200,200,1,25,34,1,19,200
0,200,25,2,2,2,3,14,6,1,0,1,0,0,1,200,200,0,0,0,29,200
0,200,25,2,2,2,3,14,6,1,0,1,0,0,1,200,200,0,0,1,34,200
1,200,25,2,2,2,3,14,6,1,0,1,0,0,1,200,200,0,0,1,26,200
1,200,25,2,2,2,3,14,6,1,0,1,0,0,1,200,200,0,0,1,16,200
0,200,15,0,0,0,3,7,7,2,0,0,0,0,200,200,200,12,200,1,34,200
0,200,30,0,0,0,3,10,7,2,3,200,0,0,200,200,200,0,0,0,32,200
0,200,30,0,0,0,3,10,7,2,3,200,0,0,200,200,200,0,0,1,31,200
0,200,30,0,0,0,1,0,0,200,0,0,200,0,200,200,200,200,200,0,48,200
0,200,30,0,0,0,1,0,0,200,0,0,200,0,200,200,200,200,200,1,200,200
0,200,15,0,0,1,0,9,0,200,0,0,200,1,200,200,200,200,200,0,64,200
5,200,15,0,0,1,0,9,0,200,0,0,200,1,200,200,200,200,200,0,67,200
1,200,15,0,0,1,0,9,0,200,0,0,200,1,200,200,200,200,200,0,50,200
0,200,30,1,2,0,3,14,6,4,0,0,0,0,200,200,1,21,0,0,200,200
0,200,30,1,2,0,3,14,6,4,0,0,0,0,200,200,1,21,0,0,39,200
0,200,30,0,0,0,0,7,5,200,0,1,0,0,200,200,200,16,0,0,25,200
0,200,20,2,0,2,1,10,5,2,0,1,0,1,200,200,200,15,34,1,42,200
0,200,20,2,0,2,1,10,5,2,0,1,0,1,200,200,200,15,34,1,23,200
0,200,5,0,0,0,0,12,8,200,0,0,0,0,200,200,200,0,0,1,200,200
0,200,5,0,0,0,0,12,8,200,0,0,0,0,200,200,200,0,0,1,40,200
0,200,30,1,2,0,3,14,2,4,0,1,0,1,1,200,1,6,0,0,200,200
0,200,30,1,2,0,3,14,2,4,0,1,0,1,1,200,1,6,0,0,23,200
1,200,30,1,2,0,3,14,2,4,0,1,0,1,1,200,1,6,0,1,21,200
0,200,30,1,2,0,3,0,5,200,0,0,0,1,1,200,200,6,0,1,23,200
0,200,30,1,2,0,3,0,5,200,0,0,0,1,1,200,200,6,0,0,41,200
0,200,30,1,2,0,3,2,5,2,0,0,0,1,200,200,0,0,0,2,200,200
0,200,30,1,2,0,3,2,5,200,0,0,0,1,200,200,1,23,200,0,200,200
0,200,30,0,0,0,3,10,5,200,0,0,0,1,200,200,200,16,200,0,27,200
0,200,30,0,0,0,3,10,5,200,0,0,0,1,200,200,200,16,200,0,50,200
0,200,30,0,0,0,3,2,5,200,0,0,0,1,200,200,200,25,13,0,39,200
0,200,35,1,2,0,3,10,2,200,0,0,2,1,200,200,200,16,18,0,44,200
0,200,35,1,2,0,3,10,2,200,0,0,2,1,200,200,200,16,18,0,73,200
0,200,30,0,0,0,3,12,5,200,0,0,0,0,200,200,200,0,0,0,31,200
0,200,30,0,0,0,3,12,5,200,0,0,0,0,200,200,200,0,0,0,40,200
0,200,30,0,0,2,3,2,0,1,0,1,0,0,200,200,200,23,34,0,36,200
1,200,30,0,0,2,3,2,0,1,0,1,0,0,200,200,200,23,34,0,200,200
0,200,30,0,0,0,1,7,6,2,0,0,0,0,200,200,200,17,17,1,42,200
0,200,30,0,0,0,1,12,2,4,0,0,12,0,200,200,1,17,22,0,200,200
0,200,30,0,0,0,1,12,2,4,0,0,12,0,200,200,1,17,22,0,55,200
0,200,30,1,2,0,1,10,2,2,0,0,0,1,200,200,200,16,200,1,64,200
0,200,30,1,2,0,1,10,2,2,0,0,0,1,200,200,200,16,200,0,32,200
0,200,30,1,2,0,1,10,2,2,0,0,0,1,200,200,200,16,200,0,53,200
0,200,30,1,2,0,1,10,2,2,0,0,0,1,200,200,200,16,200,0,60,200
0,200,30,1,2,0,1,10,2,2,0,0,0,1,200,200,200,16,200,0,27,200
0,1,30,0,0,0,1,7,5,2,0,0,0,0,200,200,1,0,200,2,200,200
0,200,30,0,0,0,1,7,6,1,0,0,0,0,200,200,200,0,0,0,53,200
1,200,30,0,0,0,1,7,6,1,0,0,0,0,200,200,200,0,0,0,35,200
1,200,30,0,0,0,1,7,6,1,0,0,0,0,200,200,200,0,0,0,21,200
0,200,15,0,0,0,1,2,0,1,0,0,0,0,200,200,200,0,0,1,200,200
0,200,30,0,0,0,1,7,5,2,0,0,0,0,200,200,1,17,17,2,200,200
0,200,30,0,0,0,1,11,6,1,0,0,0,0,200,200,1,20,0,0,200,200
0,200,30,0,0,0,1,11,6,1,0,0,0,0,200,200,1,20,0,0,25,200
0,200,25,0,0,0,1,7,5,200,0,0,0,0,200,200,1,0,200,2,200,200
0,200,30,1,2,0,1,2,2,200,0,0,0,0,1,200,200,0,200,0,41,200
0,200,30,1,2,0,1,10,2,4,0,0,0,0,200,200,200,0,0,0,64,200
0,200,30,1,2,0,1,10,2,4,0,0,0,0,200,200,200,0,0,0,43,200
1,200,30,1,2,0,1,10,2,4,0,0,0,0,200,200,200,0,0,1,200,200
0,200,35,0,0,0,1,12,5,200,0,0,0,0,200,200,200,200,200,0,51,200
0,200,35,0,0,0,1,12,5,200,0,0,0,0,200,200,200,200,200,1,60,200
0,200,30,0,0,0,1,2,5,2,0,0,1,0,200,200,200,28,29,1,57,200
0,200,30,1,2,0,1,12,5,4,0,0,0,0,1,200,200,0,0,0,65,200
0,200,30,1,2,0,1,12,5,4,0,0,0,0,1,200,200,0,0,0,36,200
0,200,35,1,2,0,1,10,3,6,0,0,0,1,200,200,200,18,18,0,200,200
0,200,35,1,2,0,1,10,3,6,0,0,0,1,200,200,200,18,18,1,200,200
0,200,30,0,0,0,1,10,5,2,0,0,200,0,200,200,200,17,20,0,19,200
0,200,30,0,0,0,1,10,5,2,0,0,200,0,200,200,200,17,20,0,41,200
0,200,30,1,2,0,1,10,5,4,0,0,0,0,200,200,200,27,0,0,22,200
0,200,30,1,2,0,1,10,5,4,0,0,0,0,200,200,200,27,0,1,28,200
0,200,30,1,2,0,1,10,5,200,0,0,0,0,1,200,200,0,0,0,33,200
0,200,30,1,2,0,1,10,5,200,0,0,0,0,1,200,200,0,0,0,30,200
1,200,30,1,2,0,1,10,5,200,0,0,0,0,1,200,200,0,0,2,200,200
0,200,30,3,1,0,1,8,2,2,0,0,0,1,200,200,1,22,25,2,200,200
4,200,30,3,1,0,1,8,2,2,0,0,0,1,200,200,1,22,25,0,30,200
0,200,25,0,0,0,1,7,6,1,0,0,0,0,200,200,200,21,0,0,37,200
0,200,30,1,2,0,1,10,3,6,0,0,0,0,200,200,200,18,0,0,18,200
0,200,30,1,2,0,1,10,3,6,0,0,0,0,200,200,200,18,0,0,37,200
0,200,15,0,0,0,1,7,12,1,0,0,0,1,200,200,1,27,0,0,200,200
0,200,35,0,0,0,1,12,5,2,0,0,0,1,200,200,200,11,0,0,70,200
0,200,35,0,0,0,1,12,5,2,0,0,0,1,200,200,200,11,0,1,52,200
0,200,30,1,2,0,0,14,2,200,0,1,0,0,200,200,1,0,0,1,200,200
0,200,30,1,2,0,0,14,2,200,0,1,0,0,200,200,1,0,0,0,31,200
0,200,30,0,0,0,1,12,6,2,0,0,0,0,200,200,1,21,22,2,200,200
0,200,30,0,0,0,1,12,6,2,0,0,0,0,200,200,1,21,22,1,39,200
0,200,30,1,2,0,1,0,2,0,0,0,0,1,1,200,200,17,0,0,32,200
0,200,30,1,2,0,1,0,2,0,0,0,0,1,1,200,200,17,0,0,42,200
1,200,30,1,2,0,1,0,2,0,0,0,0,1,1,200,200,17,0,0,31,200
0,200,30,0,0,0,1,12,5,4,0,0,0,0,200,200,200,17,0,1,31,200
0,200,30,0,0,0,1,12,5,4,0,0,0,0,200,200,200,17,0,1,32,200
0,200,25,0,0,0,1,10,2,200,0,0,0,0,200,200,200,200,200,0,40,200
0,200,25,0,0,0,1,10,2,200,0,0,0,0,200,200,200,200,200,0,44,200
0,200,5,0,0,200,200,2,12,1,0,200,200,1,200,1,200,0,0,1,49,200
0,200,15,0,0,0,1,0,7,0,0,0,0,0,200,200,200,0,0,0,26,200
0,200,15,0,0,0,1,0,7,0,0,0,0,0,200,200,200,0,0,0,88,200
0,200,30,0,0,0,1,14,1,2,0,0,0,0,1,200,200,23,200,0,60,200
0,200,30,0,0,0,1,14,1,2,0,0,0,0,1,200,200,23,200,0,29,200
0,200,30,0,0,0,1,2,5,200,0,0,0,0,200,0,200,21,200,0,46,200
0,1,30,1,2,0,1,10,3,6,0,0,0,1,200,200,200,16,18,0,0,200
0,1,30,1,2,0,1,10,3,6,0,0,0,1,200,200,200,16,18,1,39,200
1,1,30,1,2,0,1,10,3,6,0,0,0,1,200,200,200,16,18,0,16,200
0,200,10,0,0,0,1,10,7,200,0,0,0,0,200,200,200,0,0,1,34,200
0,200,10,0,0,0,1,10,7,200,0,0,0,0,200,200,200,0,0,0,24,200
0,200,30,12,2,0,1,12,2,200,0,0,0,0,200,200,1,11,200,1,34,200
0,200,30,12,2,0,1,12,2,200,0,0,0,0,200,200,1,11,200,2,200,200
0,200,30,0,0,0,1,7,2,2,0,0,0,0,200,200,200,27,200,1,28,200
0,200,30,0,0,0,1,14,5,200,0,0,0,0,200,200,200,16,0,1,38,200
0,200,30,0,0,0,1,14,5,200,0,0,0,0,200,200,200,16,0,1,24,200
0,200,35,1,2,0,0,14,2,2,0,0,0,0,200,200,1,23,0,0,200,200
0,200,35,1,2,0,0,14,2,2,0,0,0,0,200,200,1,23,0,1,48,200
0,200,30,0,0,0,1,10,5,2,0,0,0,0,200,200,200,18,0,1,18,200
0,200,30,0,0,0,1,10,5,2,0,0,0,0,200,200,200,18,0,1,200,200
0,200,35,1,2,0,1,10,5,200,0,0,0,0,200,200,200,18,200,0,45,200
0,200,35,1,2,0,1,10,5,200,0,0,0,0,200,200,200,18,200,0,39,200
0,200,30,0,0,0,1,10,2,200,0,0,0,0,200,200,200,18,11,0,68,200
0,200,30,0,0,0,1,10,2,200,0,0,0,0,200,200,200,18,11,0,52,200
0,200,30,0,0,0,1,12,5,2,0,0,0,0,200,200,200,0,200,0,73,200
0,200,30,0,0,0,1,12,5,2,0,0,0,0,200,200,200,0,200,0,30,200
0,200,30,2,2,0,1,10,6,2,0,0,0,0,1,200,200,18,18,0,26,200
0,200,30,2,2,0,1,10,6,2,0,0,0,0,1,200,200,18,18,0,200,200
0,200,0,1,2,0,1,14,5,200,0,0,0,0,1,200,200,23,200,0,45,200
0,200,0,1,2,0,1,14,5,200,0,0,0,0,1,200,200,23,200,1,41,200
1,200,0,1,2,0,1,14,5,200,0,0,0,0,1,200,200,23,200,0,32,200
0,200,30,0,0,0,1,3,6,200,0,0,0,0,200,200,200,0,0,0,200,200
0,200,30,0,0,0,1,3,6,200,0,0,0,0,200,200,200,0,0,1,200,200
0,200,30,0,0,0,1,7,5,2,0,0,0,0,200,200,1,0,0,2,200,200
0,200,30,2,200,0,1,0,5,200,0,0,0,0,1,200,200,0,200,0,49,200
0,200,30,2,200,0,1,0,5,200,0,0,0,0,1,200,200,0,200,1,22,200
0,1,30,0,0,0,200,7,6,200,0,0,0,0,200,200,1,200,200,2,200,200
0,200,30,0,0,0,0,7,2,200,0,0,0,0,200,200,1,0,0,2,200,200
0,200,30,0,0,0,1,7,5,2,0,0,0,0,200,200,200,20,0,0,48,200
1,200,30,0,0,0,1,7,5,2,0,0,0,0,200,200,200,20,0,1,38,200
0,200,30,2,2,0,1,7,2,0,0,0,0,0,1,200,200,23,200,0,67,200
0,200,30,2,2,0,1,14,12,2,0,0,0,0,1,200,200,23,22,0,25,200
0,200,30,2,2,0,1,14,12,2,0,0,0,0,1,200,200,23,22,0,64,200
0,200,30,0,200,0,1,10,2,1,0,0,0,1,200,200,200,18,200,1,65,200
0,200,30,0,200,0,1,10,2,1,0,0,0,1,200,200,200,18,200,1,39,200
0,200,30,0,200,0,1,10,2,1,0,0,0,1,200,200,200,18,200,1,36,200
1,200,30,0,200,0,1,10,2,1,0,0,0,1,200,200,200,18,200,1,200,200
1,200,30,0,200,0,1,10,2,1,0,0,0,1,200,200,200,18,200,1,61,200
0,200,15,0,0,0,1,2,0,1,0,0,0,0,200,1,200,23,200,0,42,200
0,200,35,0,0,0,1,12,2,200,0,0,0,1,200,200,200,0,200,1,32,200
0,200,35,0,0,0,1,12,2,200,0,0,0,1,200,200,200,0,200,1,31,200
1,200,35,0,0,0,1,12,2,200,0,0,0,1,200,200,200,0,200,1,4,200
0,200,30,1,2,0,1,10,6,2,0,0,0,0,1,200,200,0,200,1,40,200
0,200,30,1,2,0,1,10,6,2,0,0,0,0,1,200,200,0,200,1,41,200
0,200,30,1,2,0,1,10,6,2,0,0,0,0,1,200,200,0,200,1,48,200
1,200,30,1,2,0,1,10,6,2,0,0,0,0,1,200,200,0,200,1,14,200
1,200,30,1,2,0,1,10,6,2,0,0,0,0,1,200,200,0,200,0,12,200
1,200,30,1,2,0,1,10,6,2,0,0,0,0,1,200,200,0,200,1,9,200
0,200,20,1,2,0,1,0,5,200,0,0,0,0,1,200,200,17,33,1,30,200
0,200,20,1,2,0,1,0,5,200,0,0,0,0,1,200,200,17,33,1,56,200
0,200,30,0,0,0,1,12,5,4,0,0,0,0,200,200,200,0,0,0,0,200
0,200,30,0,0,0,1,12,5,4,0,0,0,0,200,200,200,0,0,0,200,200
1,200,15,0,0,0,1,14,5,4,0,0,0,1,200,200,200,33,33,0,15,200
0,200,15,0,0,0,1,14,5,4,0,0,0,1,200,200,200,33,33,1,21,200
0,200,15,0,0,0,1,14,5,4,0,0,0,1,200,200,200,33,33,0,54,200
0,200,15,0,0,0,1,14,5,4,0,0,0,1,200,200,200,33,33,1,23,200
1,200,15,0,0,0,1,14,5,4,0,0,0,1,200,200,200,33,33,0,15,200
1,200,15,0,0,0,1,14,5,4,0,0,0,1,200,200,200,33,33,0,15,200
1,200,15,0,0,0,1,14,5,4,0,0,0,1,200,200,200,33,33,0,15,200
1,200,15,0,0,0,1,14,5,4,0,0,0,1,200,200,200,33,33,0,15,200
1,200,15,0,0,0,1,14,5,4,0,0,0,1,200,200,200,33,33,0,200,200
0,200,30,0,0,0,1,14,3,200,0,0,0,0,200,200,200,0,0,0,20,200
0,200,30,0,0,0,1,14,3,200,0,0,0,0,200,200,200,0,0,1,55,200
1,200,30,0,0,0,1,14,3,200,0,0,0,0,200,200,200,0,0,0,200,200
1,200,30,0,0,0,1,14,3,200,0,0,0,0,200,200,200,0,0,0,200,200
0,200,30,0,0,0,1,12,2,4,0,0,0,0,200,200,200,17,0,1,19,200
0,200,30,0,0,0,1,12,2,4,0,0,0,0,200,200,200,17,0,1,44,200
1,200,30,0,0,0,1,12,2,4,0,0,0,0,200,200,200,17,0,0,19,200
0,200,30,0,0,0,1,7,5,200,0,0,0,0,200,200,200,0,0,1,200,200
1,200,30,0,0,0,1,7,5,200,0,0,0,0,200,200,200,0,0,1,18,200
1,200,30,0,0,0,1,7,5,200,0,0,0,0,200,200,200,0,0,1,54,200
0,200,30,0,0,0,1,7,2,2,0,0,0,1,200,200,200,7,200,1,26,200
1,200,30,0,0,0,1,7,2,2,0,0,0,1,200,200,200,7,200,1,6,200
0,200,30,0,0,0,1,2,0,1,0,0,1,1,200,200,200,25,8,1,34,200
0,200,30,1,2,0,1,10,2,200,0,0,0,0,200,200,200,0,0,1,40,200
0,200,30,1,2,0,1,10,2,200,0,0,0,0,200,200,200,0,0,0,63,200
1,200,30,1,2,0,1,10,2,200,0,0,0,0,200,200,200,0,0,0,13,200
1,200,30,1,2,0,1,10,2,200,0,0,0,0,200,200,200,0,0,0,11,200
1,200,30,1,2,0,1,10,2,200,0,0,0,0,200,200,200,0,0,1,200,200
0,200,30,0,0,0,0,7,2,2,0,0,0,0,200,200,1,0,0,2,200,200
0,200,35,0,0,0,1,11,7,200,0,0,0,0,200,200,200,0,200,1,61,200
0,200,35,0,0,0,1,11,7,200,0,0,0,0,200,200,200,0,200,1,31,200
1,200,35,0,0,0,1,11,7,200,0,0,0,0,200,200,200,0,200,0,59,200
0,200,30,0,0,0,1,2,5,200,0,0,0,0,200,1,1,20,16,0,200,200
0,200,30,0,0,0,1,7,6,1,0,0,0,0,200,200,200,0,11,2,200,200
0,200,25,0,0,0,1,12,5,200,0,0,0,0,200,200,1,0,200,2,200,200
0,200,25,0,0,0,1,12,5,200,0,0,0,0,200,200,1,0,200,0,35,200
0,200,30,0,0,0,1,7,2,4,0,0,0,0,200,200,200,20,200,0,63,200
1,200,30,0,0,0,1,7,2,4,0,0,0,0,200,200,200,20,200,0,200,200
0,200,30,1,2,0,1,10,5,200,0,0,0,1,200,200,200,18,200,0,27,200
0,200,30,1,2,0,1,10,5,200,0,0,0,1,200,200,200,18,200,0,23,200
1,200,30,1,2,0,1,10,5,200,0,0,0,1,200,200,200,18,200,0,43,200
1,200,30,1,2,0,1,10,5,200,0,0,0,1,200,200,200,18,200,0,35,200
0,200,30,0,0,200,1,12,5,2,0,200,200,0,200,200,200,17,33,1,44,200
0,200,30,0,0,200,1,12,5,2,0,200,200,0,200,200,200,17,33,1,29,200
0,200,30,1,2,0,1,10,5,0,0,0,0,1,1,200,200,27,16,0,74,200
0,200,30,1,2,0,1,10,5,0,0,0,0,1,1,200,200,27,16,0,46,200
1,200,30,1,2,0,1,10,5,0,0,0,0,1,1,200,200,27,16,1,72,200
0,200,30,0,0,0,4,0,5,4,0,0,0,0,1,200,200,17,0,0,67,200
0,200,30,0,0,0,4,0,5,4,0,0,0,0,1,200,200,17,0,0,48,200
0,200,25,0,0,0,1,7,5,2,0,0,0,1,200,200,200,21,200,1,69,200
0,200,30,0,0,0,1,12,2,4,0,0,0,0,200,200,200,21,200,1,79,200
0,200,30,0,0,0,1,12,2,4,0,0,0,0,200,200,200,21,200,1,54,200
0,200,30,1,2,0,1,14,5,200,0,0,0,0,1,200,200,16,0,1,54,200
0,200,30,1,2,0,1,14,5,200,0,0,0,0,1,200,200,16,0,0,40,200
0,200,30,0,0,200,3,12,5,4,0,200,200,0,200,200,0,0,0,0,30,200
0,200,30,0,0,200,3,12,5,4,0,200,200,0,200,200,0,0,0,0,19,200
0,200,30,2,2,0,1,0,2,2,0,0,0,0,1,200,200,5,0,0,24,200
0,200,30,2,2,0,1,0,2,2,0,0,0,0,1,200,200,5,0,0,30,200
1,200,30,2,2,0,1,0,2,2,0,0,0,0,1,200,200,5,0,0,200,200
1,200,30,2,2,0,1,0,2,2,0,0,0,0,1,200,200,5,0,0,200,200
0,200,25,0,0,0,1,12,5,200,0,0,0,0,200,200,200,17,17,0,30,200
0,200,25,0,0,0,1,12,5,200,0,0,0,0,200,200,200,17,17,0,30,200
0,200,30,2,2,0,1,14,5,3,0,0,0,0,200,200,200,23,22,0,59,200
0,200,30,2,2,0,1,14,5,3,0,0,0,0,200,200,200,23,22,1,65,200
1,200,30,2,2,0,1,14,5,3,0,0,0,0,200,200,200,23,22,0,200,200
0,200,30,0,0,0,1,9,5,200,0,0,0,1,200,200,200,7,0,1,200,200
5,200,30,0,0,0,1,9,5,200,0,0,0,1,200,200,200,7,0,1,0,200
0,200,0,0,0,0,1,7,6,200,0,0,0,0,200,200,200,20,200,1,25,200
1,200,0,0,0,0,1,7,6,200,0,0,0,0,200,200,200,20,200,1,57,200
0,200,25,0,0,0,1,12,5,200,0,0,0,0,200,200,200,21,0,0,81,200
0,200,25,0,0,0,1,12,5,200,0,0,0,0,200,200,200,21,0,0,57,200
0,200,5,0,0,0,1,7,6,1,0,0,0,0,200,200,0,17,11,0,200,200
0,200,30,1,2,0,1,11,5,4,0,0,3,1,1,200,200,0,200,0,26,200
0,200,30,1,2,0,1,11,5,4,0,0,3,1,1,200,200,0,200,0,200,200
0,1,35,0,0,0,1,7,5,200,0,0,0,0,200,200,200,0,0,2,200,200
0,200,30,1,2,0,1,14,6,200,0,1,0,0,200,200,200,0,0,0,39,200