PERSON_TYPE,CRASH_DATE_EST_I,POSTED_SPEED_LIMIT,TRAFFIC_CONTROL_DEVICE,DEVICE_CONDITION,WEATHER_CONDITION,LIGHTING_CONDITION,FIRST_CRASH_TYPE,TRAFFICWAY_TYPE,LANE_CNT,ALIGNMENT,ROADWAY_SURFACE_COND,ROAD_DEFECT,CRASH_TYPE,INTERSECTION_RELATED_I,NOT_RIGHT_OF_WAY_I,HIT_AND_RUN_I,PRIM_CONTRIBUTORY_CAUSE,SEC_CONTRIBUTORY_CAUSE,SEX,AGE,BAC_RESULT VALUE
0,200,30,0,0,0,1,10,5,4,0,1,0,0,1,200,200,18,16,0,200,200
0,200,30,0,0,0,1,10,5,4,0,1,0,0,1,200,200,18,16,1,200,200
0,200,35,0,0,0,1,8,5,4,0,0,0,1,200,200,200,11,200,0,54,200
4,200,35,0,0,0,1,8,5,4,0,0,0,1,200,200,200,11,200,1,0,200
1,200,35,0,0,0,1,8,5,4,0,0,0,1,200,200,200,11,200,1,0,200
0,200,30,0,0,0,1,7,7,200,0,0,0,0,200,200,200,13,200,0,43,200
1,200,30,0,0,0,1,7,7,200,0,0,0,0,200,200,200,13,200,1,46,200
0,1,35,0,0,0,1,7,5,2,0,0,0,0,200,200,1,0,0,2,200,200
0,200,30,0,0,0,1,10,5,2,0,0,0,1,200,200,200,30,200,1,33,200
0,200,30,0,0,0,1,10,5,2,0,0,0,1,200,200,200,30,200,0,63,200
0,200,30,0,0,0,1,10,5,2,0,0,0,1,200,200,200,30,200,1,69,200
1,200,30,0,0,0,1,10,5,2,0,0,0,1,200,200,200,30,200,1,25,200
0,200,35,2,200,0,1,8,5,200,0,0,0,0,200,200,200,0,200,0,34,200
4,200,35,2,200,0,1,8,5,200,0,0,0,0,200,200,200,0,200,0,51,200
0,200,30,1,2,0,1,12,5,4,0,0,200,0,200,200,200,0,0,0,26,200
0,200,30,1,2,0,1,12,5,4,0,0,200,0,200,200,200,0,0,0,63,200
0,200,30,1,2,0,1,12,5,200,0,0,0,0,200,200,200,0,0,1,200,200
0,200,30,1,2,0,1,12,5,200,0,0,0,0,200,200,200,0,0,0,63,200
1,200,30,1,2,0,1,12,5,200,0,0,0,0,200,200,200,0,0,0,200,200
0,200,30,1,2,0,1,10,2,4,0,0,0,0,1,200,200,0,200,1,17,200
0,200,30,1,2,0,1,10,2,4,0,0,0,0,1,200,200,0,200,0,47,200
0,1,30,2,2,0,1,11,5,200,0,0,0,0,1,200,200,17,200,0,20,200
0,1,30,2,2,0,1,11,5,200,0,0,0,0,1,200,200,17,200,0,52,200
0,200,30,1,2,0,1,10,5,4,2,0,200,0,200,200,200,200,200,1,200,200
0,200,30,1,2,0,1,10,5,4,2,0,200,0,200,200,200,200,200,1,41,200
0,1,20,0,200,200,200,7,5,2,0,200,0,0,200,200,1,0,11,2,200,200
0,200,30,0,0,2,1,14,5,4,0,0,0,1,200,200,200,23,4,0,20,200
0,200,30,0,0,2,1,14,5,4,0,0,0,1,200,200,200,23,4,0,33,200
0,200,30,0,0,0,1,10,3,200,0,0,0,1,200,200,200,18,200,1,54,200
0,200,30,0,0,0,1,10,3,200,0,0,0,1,200,200,200,18,200,1,54,200
1,200,30,0,0,0,1,10,3,200,0,0,0,1,200,200,200,18,200,1,56,200
0,200,30,2,2,2,0,0,5,2,0,1,200,0,1,200,200,17,22,1,26,200
0,200,30,2,2,2,0,0,5,2,0,1,200,0,1,200,200,17,22,1,38,200
1,200,30,2,2,2,0,0,5,2,0,1,200,0,1,200,200,17,22,1,200,200
0,200,0,1,2,0,1,12,2,200,0,0,0,0,200,200,200,21,200,1,32,200
0,200,0,1,2,0,1,12,2,200,0,0,0,0,200,200,200,21,200,1,31,200
0,200,30,1,2,0,1,12,2,4,2,0,0,0,1,200,200,22,11,0,18,200
0,200,30,1,2,0,1,12,2,4,2,0,0,0,1,200,200,22,11,0,29,200
1,200,30,1,2,0,1,12,2,4,2,0,0,0,1,200,200,22,11,1,200,200
1,200,30,1,2,0,1,12,2,4,2,0,0,0,1,200,200,22,11,1,200,200
1,200,30,1,2,0,1,12,2,4,2,0,0,0,1,200,200,22,11,0,200,200
1,200,30,1,2,0,1,12,2,4,2,0,0,0,1,200,200,22,11,0,200,200
0,200,30,1,2,0,1,7,5,2,0,0,0,1,0,200,200,16,23,0,52,200
0,200,30,200,200,0,1,12,5,4,0,0,0,0,200,200,200,200,200,0,200,200
0,200,30,200,200,0,1,12,5,4,0,0,0,0,200,200,200,200,200,0,27,200
0,200,30,0,0,0,1,12,6,3,0,0,0,0,200,200,200,17,11,0,45,200
0,200,30,0,0,0,1,12,6,3,0,0,0,0,200,200,200,17,11,0,29,200
0,200,30,0,0,0,1,10,5,200,0,0,0,0,200,200,200,8,200,0,27,200
0,200,30,0,0,0,1,10,5,200,0,0,0,0,200,200,200,8,200,0,37,200
0,200,15,0,0,0,1,9,7,200,0,0,0,1,200,1,1,25,25,2,200,200
5,200,15,0,0,0,1,9,7,200,0,0,0,1,200,1,1,25,25,0,68,200
1,200,15,0,0,0,1,9,7,200,0,0,0,1,200,1,1,25,25,1,200,200
1,200,15,0,0,0,1,9,7,200,0,0,0,1,200,1,1,25,25,1,200,200
0,200,30,0,0,0,1,10,8,4,0,0,0,0,200,200,200,18,18,0,28,200
0,200,30,0,0,0,1,10,8,4,0,0,0,0,200,200,200,18,18,0,56,200
0,200,30,1,2,0,1,14,1,200,0,0,0,1,200,200,200,23,0,1,26,200
0,200,30,1,2,0,1,14,1,200,0,0,0,1,200,200,200,23,0,1,21,200
1,200,30,1,2,0,1,14,1,200,0,0,0,1,200,200,200,23,0,0,200,200
0,200,30,0,0,0,1,0,5,2,0,0,0,0,200,200,200,17,0,0,200,200
0,200,30,0,0,0,1,0,5,2,0,0,0,0,200,200,200,17,0,1,36,200
0,200,30,1,2,0,1,12,1,200,0,0,0,0,200,200,200,22,11,1,41,200
0,200,30,1,2,0,1,12,1,200,0,0,0,0,200,200,200,22,11,0,43,200
0,200,15,0,0,0,1,7,5,2,0,0,200,0,200,200,200,7,0,0,50,200
0,200,30,0,0,0,1,10,5,2,0,0,0,1,0,200,200,18,200,1,21,200
0,200,30,0,0,0,1,10,5,2,0,0,0,1,0,200,200,18,200,1,48,200
0,200,30,0,0,0,1,10,5,2,0,0,0,1,0,200,200,18,200,0,44,200
1,200,30,0,0,0,1,10,5,2,0,0,0,1,0,200,200,18,200,0,14,200
1,200,30,0,0,0,1,10,5,2,0,0,0,1,0,200,200,18,200,1,40,200
1,200,30,0,0,0,1,10,5,2,0,0,0,1,0,200,200,18,200,0,14,200
0,200,30,0,0,0,1,0,2,2,0,0,0,0,200,200,1,17,17,0,27,200
0,200,30,0,0,0,1,0,2,2,0,0,0,0,200,200,1,17,17,2,200,200
0,200,30,0,0,0,1,10,5,200,0,0,0,0,200,200,200,0,200,1,25,200
0,200,30,0,0,0,1,10,5,200,0,0,0,0,200,200,200,0,200,0,26,200
0,200,30,0,0,0,1,10,5,200,0,0,0,0,200,200,200,0,200,1,200,200
0,200,30,0,0,0,1,14,3,200,0,0,0,1,1,200,200,23,21,0,25,200
0,200,30,0,0,0,1,14,3,200,0,0,0,1,1,200,200,23,21,1,38,200
0,200,30,0,0,0,1,7,5,2,0,0,0,0,200,200,0,11,15,0,14,200
0,200,30,2,2,0,1,0,5,2,0,0,0,1,1,200,200,5,0,0,77,200
0,200,30,2,2,0,1,0,5,2,0,0,0,1,1,200,200,5,0,1,19,200
1,200,30,2,2,0,1,0,5,2,0,0,0,1,1,200,200,5,0,0,73,200
1,200,30,2,2,0,1,0,5,2,0,0,0,1,1,200,200,5,0,1,57,200
1,200,30,2,2,0,1,0,5,2,0,0,0,1,1,200,200,5,0,1,3,200
0,200,30,1,2,0,1,10,5,2,0,0,0,0,1,200,200,0,0,1,24,200
0,200,30,1,2,0,1,10,5,2,0,0,0,0,1,200,200,0,0,0,0,200
1,200,30,1,2,0,1,10,5,2,0,0,0,0,1,200,200,0,0,0,23,200
0,200,30,0,0,0,1,10,5,200,0,0,0,0,200,200,1,0,0,0,200,200
0,200,30,0,0,0,1,10,5,200,0,0,0,0,200,200,1,0,0,0,27,200
0,200,30,0,0,0,200,7,6,200,0,200,0,1,200,200,1,0,200,0,200,200
0,200,30,1,2,0,1,0,2,4,0,0,0,1,1,200,200,200,200,0,64,200
0,200,30,1,2,0,1,0,2,4,0,0,0,1,1,200,200,200,200,1,38,200
0,200,0,0,0,0,1,7,4,1,0,0,0,0,200,1,200,16,200,1,91,200
1,200,0,0,0,0,1,7,4,1,0,0,0,0,200,1,200,16,200,1,60,200
0,200,30,0,0,0,1,12,2,200,0,0,200,0,200,200,200,17,33,1,24,200
0,200,30,0,0,0,1,12,2,200,0,0,200,0,200,200,200,17,33,1,23,200
0,200,30,1,2,0,1,14,5,200,0,0,0,0,1,200,200,18,0,0,26,200
0,200,30,1,2,0,1,14,5,200,0,0,0,0,1,200,200,18,0,1,21,200
0,200,30,0,0,0,1,12,5,2,0,0,0,0,200,200,200,22,200,1,46,200
0,200,30,0,0,0,1,12,5,2,0,0,0,0,200,200,200,22,200,1,42,200
0,200,30,0,0,0,1,7,5,2,0,0,0,0,200,200,1,0,16,2,200,200
1,200,30,0,0,0,1,7,5,2,0,0,0,0,200,200,1,0,16,0,200,200
0,200,30,0,0,0,1,2,12,200,0,0,0,1,200,200,200,200,200,0,200,200
0,200,30,200,200,0,1,7,5,2,0,0,0,0,200,200,200,200,200,2,200,200
0,200,30,12,200,0,1,4,7,1,0,0,0,0,200,1,200,200,200,1,0,200
0,200,30,0,0,0,1,2,6,1,0,0,0,1,200,1,200,32,16,0,33,200
0,1,30,1,2,0,1,9,2,4,0,0,0,1,1,200,200,0,0,1,29,200
5,1,30,1,2,0,1,9,2,4,0,0,0,1,1,200,200,0,0,1,22,200
0,200,30,1,2,0,1,10,5,2,1,0,0,0,1,200,200,18,16,0,200,200
0,200,30,1,2,0,1,10,5,2,1,0,0,0,1,200,200,18,16,1,200,200
0,200,30,1,2,0,1,10,5,2,1,0,0,0,1,200,200,18,16,0,200,200
0,200,30,0,0,0,2,7,1,200,0,0,0,0,200,1,1,200,200,2,200,200
0,200,30,0,0,0,1,12,5,200,0,0,0,0,1,200,200,0,0,1,58,200
0,200,30,0,0,0,1,12,5,200,0,0,0,0,1,200,200,0,0,0,28,200
0,200,30,2,2,0,4,0,6,2,0,0,0,1,1,200,200,5,200,0,45,200
0,200,30,2,2,0,4,0,6,2,0,0,0,1,1,200,200,5,200,1,17,200
1,200,30,2,2,0,4,0,6,2,0,0,0,1,1,200,200,5,200,1,14,200
0,200,30,0,0,0,1,10,5,2,0,0,0,0,200,200,200,18,200,0,68,200
0,200,30,0,0,0,1,10,5,2,0,0,0,0,200,200,200,18,200,1,53,200
0,200,30,2,2,0,4,0,5,2,0,0,0,1,1,200,200,5,200,2,200,200
0,200,30,2,2,0,4,0,5,2,0,0,0,1,1,200,200,5,200,1,36,200
5,200,30,1,2,0,1,9,5,2,0,0,0,1,200,200,1,9,200,0,38,200
0,200,30,1,2,0,1,9,5,2,0,0,0,1,200,200,1,9,200,1,200,200
1,200,30,1,2,0,1,9,5,2,0,0,0,1,200,200,1,9,200,0,200,200
0,200,30,0,0,2,1,10,5,4,0,1,0,0,200,200,200,18,0,1,34,200
0,200,30,0,0,2,1,10,5,4,0,1,0,0,200,200,200,18,0,0,200,200
0,200,30,1,2,0,1,10,2,4,0,200,200,0,200,200,200,16,11,1,200,200
0,200,30,1,2,0,1,10,2,4,0,200,200,0,200,200,200,16,11,0,29,200
0,200,30,0,0,0,0,3,5,200,0,0,200,1,200,200,200,27,27,0,53,200
0,200,30,0,0,0,0,3,5,200,0,0,200,1,200,200,200,27,27,0,27,200
1,200,30,0,0,0,0,3,5,200,0,0,200,1,200,200,200,27,27,1,28,200
1,200,30,0,0,0,0,3,5,200,0,0,200,1,200,200,200,27,27,0,0,200
0,200,30,2,2,0,3,0,2,2,0,0,0,1,1,200,200,17,5,1,53,200
0,200,30,2,2,0,3,0,2,2,0,0,0,1,1,200,200,17,5,1,82,200
0,200,30,0,0,0,3,12,5,200,0,0,0,0,200,200,200,0,0,0,33,200
0,200,30,0,0,0,3,12,5,200,0,0,0,0,200,200,200,0,0,0,54,200
0,200,30,0,0,0,2,14,5,200,0,0,0,0,200,200,200,18,23,0,19,200
0,200,30,0,0,0,2,14,5,200,0,0,0,0,200,200,200,18,23,0,18,200
0,200,30,1,2,0,1,14,1,3,0,0,0,0,200,200,200,0,200,0,50,200
0,200,30,1,2,0,1,14,1,3,0,0,0,0,200,200,200,0,200,1,46,200
0,200,30,0,0,0,1,7,6,1,0,0,0,0,200,200,1,16,0,2,200,200
0,200,30,0,0,0,3,7,6,1,0,0,0,1,1,200,200,23,11,0,36,200
0,200,30,1,2,0,3,10,2,4,0,0,0,0,200,200,1,18,14,0,200,200
0,200,30,1,2,0,3,10,2,4,0,0,0,0,200,200,1,18,14,0,48,200
0,200,30,1,2,0,4,4,5,2,0,0,0,1,200,200,200,0,200,1,55,200
3,200,30,1,2,0,4,4,5,2,0,0,0,1,200,200,200,0,200,0,44,200
0,200,35,0,0,0,3,12,5,4,0,0,0,1,1,200,1,11,27,0,200,200
0,200,35,0,0,0,3,12,5,4,0,0,0,1,1,200,1,11,27,0,20,200
0,200,30,2,2,0,1,10,6,1,0,0,0,1,200,200,200,0,0,0,40,200
0,200,30,2,2,0,1,10,6,1,0,0,0,1,200,200,200,0,0,1,34,200
1,200,30,2,2,0,1,10,6,1,0,0,0,1,200,200,200,0,0,1,200,200
0,200,35,0,0,0,0,12,6,200,0,0,0,0,200,200,1,0,0,1,200,200
0,200,35,0,0,0,0,12,6,200,0,0,0,0,200,200,1,0,0,1,24,200
0,200,30,0,0,0,0,11,2,200,0,0,0,1,200,200,1,21,16,0,200,200
0,200,30,0,0,0,0,11,2,200,0,0,0,1,200,200,1,21,16,0,50,200
0,200,30,0,0,0,0,11,2,200,0,0,0,1,200,200,1,21,16,0,31,200
1,200,30,0,0,0,0,11,2,200,0,0,0,1,200,200,1,21,16,0,22,200
0,200,30,200,200,200,3,14,2,200,0,200,200,0,0,200,200,23,23,0,200,200
0,200,30,200,200,200,3,14,2,200,0,200,200,0,0,200,200,23,23,1,200,200
0,200,30,1,2,0,3,7,2,4,0,0,0,0,200,200,1,23,21,2,200,200
1,200,30,1,2,0,3,7,2,4,0,0,0,0,200,200,1,23,21,0,46,200
1,200,30,1,2,0,3,7,2,4,0,0,0,0,200,200,1,23,21,1,54,200
0,200,30,0,0,0,1,10,5,200,0,0,0,0,200,200,200,0,0,0,26,200
0,200,30,0,0,0,1,10,5,200,0,0,0,0,200,200,200,0,0,1,36,200
0,200,30,0,0,200,3,10,2,2,0,200,0,0,200,200,200,16,18,0,22,200
0,200,30,0,0,200,3,10,2,2,0,200,0,0,200,200,200,16,18,1,29,200
0,200,30,1,2,0,3,14,2,4,0,0,0,1,1,200,200,23,17,1,23,200
0,200,30,1,2,0,3,14,2,4,0,0,0,1,1,200,200,23,17,0,24,200
4,200,30,1,2,0,3,14,2,4,0,0,0,1,1,200,200,23,17,1,24,200
1,200,30,1,2,0,3,14,2,4,0,0,0,1,1,200,200,23,17,1,28,200
1,200,30,1,2,0,3,14,2,4,0,0,0,1,1,200,200,23,17,1,24,200
0,200,30,0,0,0,4,7,6,1,0,0,0,0,200,200,1,0,0,2,200,200
0,200,30,0,0,0,1,12,5,2,0,0,0,1,200,200,200,21,0,1,65,200
0,200,30,0,0,0,1,12,5,2,0,0,0,1,200,200,200,21,0,0,55,200
0,200,35,0,0,0,3,7,6,200,0,0,0,0,200,200,0,11,200,1,200,200
0,200,30,0,0,0,3,14,5,4,0,0,0,1,200,200,200,0,0,0,39,200
0,200,30,0,0,0,3,14,5,4,0,0,0,1,200,200,200,0,0,0,53,200
0,200,30,1,2,0,3,0,5,4,0,0,0,1,1,200,200,6,14,0,32,200
0,200,30,1,2,0,3,0,5,4,0,0,0,1,1,200,200,6,14,1,65,200
0,200,30,0,0,0,3,12,5,2,0,0,0,0,200,200,200,0,0,0,200,200
0,200,30,0,0,0,3,12,5,2,0,0,0,0,200,200,200,0,0,0,30,200
0,200,30,0,0,0,4,7,5,2,0,0,0,0,200,200,200,0,0,0,42,200
0,200,30,0,0,0,3,7,5,200,0,0,0,1,200,200,200,25,0,1,62,200
0,200,30,0,0,0,4,0,5,200,0,0,0,0,200,200,200,0,0,0,200,200
0,200,30,0,0,0,4,0,5,200,0,0,0,0,200,200,200,0,0,0,48,200
0,200,25,0,0,0,3,2,6,200,0,0,0,0,200,1,1,200,200,2,200,200
0,200,30,1,1,0,4,2,2,2,0,0,0,0,1,200,1,21,200,2,200,200
0,200,30,1,2,0,3,14,5,200,0,0,0,0,1,200,200,23,21,1,46,200
0,200,30,1,2,0,3,14,5,200,0,0,0,0,1,200,200,23,21,0,54,200
1,200,30,1,2,0,3,14,5,200,0,0,0,0,1,200,200,23,21,0,41,200
0,200,35,0,12,0,1,7,7,200,0,0,200,0,200,200,200,0,0,1,200,200
0,200,35,2,2,2,3,14,5,200,0,0,200,0,200,200,200,21,200,0,29,200
0,200,35,2,2,2,3,14,5,200,0,0,200,0,200,200,200,21,200,0,61,200
0,200,30,200,200,0,0,14,5,2,0,0,0,0,1,200,200,16,0,1,200,200
0,200,30,200,200,0,0,14,5,2,0,0,0,0,1,200,200,16,0,0,26,200
0,200,30,1,2,0,3,12,5,2,0,0,0,0,1,200,200,21,200,0,54,200
0,200,30,1,2,0,3,12,5,2,0,0,0,0,1,200,200,21,200,1,17,200
0,200,30,1,2,0,3,0,5,200,0,0,0,0,200,200,1,0,0,1,200,200
0,200,30,1,2,0,3,0,5,200,0,0,0,0,200,200,1,0,0,1,23,200
1,200,30,1,2,0,3,0,5,200,0,0,0,0,200,200,1,0,0,1,200,200
0,200,30,1,2,0,3,8,5,2,0,0,0,1,1,200,200,23,200,0,54,200
4,200,30,1,2,0,3,8,5,2,0,0,0,1,1,200,200,23,200,1,27,200
0,200,35,0,0,0,3,10,5,4,0,0,0,0,200,200,200,20,200,0,36,200
0,200,35,0,0,0,3,10,5,4,0,0,0,0,200,200,200,20,200,1,45,200
0,200,30,1,200,0,3,14,5,4,0,0,0,0,200,200,1,0,200,1,200,200
0,200,30,1,200,0,3,14,5,4,0,0,0,0,200,200,1,0,200,0,29,200
0,200,30,1,2,0,3,12,5,3,0,0,0,0,1,200,200,21,200,0,37,200
0,200,30,1,2,0,3,12,5,3,0,0,0,0,1,200,200,21,200,0,51,200
1,200,30,1,2,0,3,12,5,3,0,0,0,0,1,200,200,21,200,0,200,200
0,200,30,0,0,0,3,14,5,4,0,0,0,0,200,200,200,0,0,0,17,200
0,200,30,0,0,0,3,14,5,4,0,0,0,0,200,200,200,0,0,0,19,200
0,200,25,0,0,0,3,7,6,1,0,0,0,0,200,200,1,16,16,2,200,200
0,200,30,1,2,0,1,10,5,4,0,0,0,0,1,200,200,18,200,1,26,200
0,200,30,1,2,0,1,10,5,4,0,0,0,0,1,200,200,18,200,1,22,200
0,200,30,1,2,0,3,14,2,200,0,0,0,1,1,200,1,14,17,0,200,200
0,200,30,1,2,0,3,14,2,200,0,0,0,1,1,200,1,14,17,0,24,200
1,200,30,1,2,0,3,14,2,200,0,0,0,1,1,200,1,14,17,0,34,200
0,200,35,0,0,0,3,2,3,4,3,0,0,1,200,200,200,14,200,0,27,200
0,1,30,0,0,0,3,7,6,1,0,0,0,0,200,200,1,0,0,2,200,200
0,200,30,0,0,0,3,7,2,4,0,0,200,0,200,200,200,0,0,0,200,200
0,200,30,0,0,0,3,7,7,200,0,0,0,0,200,200,200,20,200,1,34,200
0,200,25,1,2,0,3,0,5,4,0,0,200,0,1,200,200,6,11,1,34,200
0,200,25,1,2,0,3,0,5,4,0,0,200,0,1,200,200,6,11,0,58,200
0,200,30,1,2,0,3,14,2,200,0,0,0,0,1,200,200,21,200,0,41,200
0,200,30,1,2,0,3,14,2,200,0,0,0,0,1,200,200,21,200,0,42,200
1,200,30,1,2,0,3,14,2,200,0,0,0,0,1,200,200,21,200,1,200,200
1,200,30,1,2,0,3,14,2,200,0,0,0,0,1,200,200,21,200,0,200,200
0,200,30,0,0,0,3,7,6,1,0,0,200,1,200,200,200,12,16,0,27,200
0,200,10,0,0,0,3,7,0,1,0,0,0,0,200,200,1,0,200,2,200,200
0,200,30,200,200,0,2,10,2,2,1,0,200,1,200,200,1,22,22,0,34,200
0,200,30,200,200,0,2,10,2,2,1,0,200,1,200,200,1,22,22,0,43,200
0,200,30,1,2,0,1,10,5,2,0,0,0,0,1,200,200,18,200,0,30,200
0,200,30,1,2,0,1,10,5,2,0,0,0,0,1,200,200,18,200,1,200,200
0,200,30,1,2,0,3,10,3,2,0,0,0,1,1,200,1,0,0,2,200,200
0,200,30,1,2,0,3,10,3,2,0,0,0,1,1,200,1,0,0,0,54,200
1,200,30,1,2,0,3,10,3,2,0,0,0,1,1,200,1,0,0,1,30,200
1,200,30,1,2,0,3,10,3,2,0,0,0,1,1,200,1,0,0,0,32,200
0,200,30,0,0,0,0,14,3,4,0,0,0,0,200,200,200,23,200,0,58,200
0,200,30,0,0,0,0,14,3,4,0,0,0,0,200,200,200,23,200,0,49,200
0,200,30,2,2,0,3,10,5,2,0,0,0,0,200,200,1,0,0,1,200,200
0,200,30,2,2,0,3,10,5,2,0,0,0,0,200,200,1,0,0,1,22,200
0,200,30,0,0,0,1,7,6,1,0,0,0,1,200,200,1,23,21,2,200,200
0,200,30,1,2,0,3,14,6,3,0,0,0,1,1,200,200,11,200,1,39,200
0,200,30,1,2,0,3,14,6,3,0,0,0,1,1,200,200,11,200,0,36,200
1,200,30,1,2,0,3,14,6,3,0,0,0,1,1,200,200,11,200,0,23,200
0,200,30,200,200,0,4,14,5,200,0,0,200,0,1,200,1,0,200,2,200,200
0,200,30,200,200,0,4,14,5,200,0,0,200,0,1,200,1,0,200,1,41,200
1,200,30,200,200,0,4,14,5,200,0,0,200,0,1,200,1,0,200,0,46,200
0,200,30,0,0,0,3,7,5,2,0,0,0,1,200,200,1,0,200,2,200,200
0,1,30,0,0,0,3,7,12,0,0,0,0,0,200,200,1,0,0,2,200,200
0,200,30,1,2,0,3,10,5,200,0,0,200,1,1,200,1,11,0,0,200,200
0,200,30,1,2,0,3,10,5,200,0,0,200,1,1,200,1,11,0,1,26,200
0,200,30,2,0,0,3,0,5,2,0,0,0,1,200,200,200,17,200,0,29,200
0,200,30,2,0,0,3,0,5,2,0,0,0,1,200,200,200,17,200,1,26,200
1,200,30,2,0,0,3,0,5,2,0,0,0,1,200,200,200,17,200,0,31,200
0,200,30,2,2,0,3,2,5,2,0,0,0,1,1,1,200,16,0,0,28,200
0,200,30,1,2,0,0,14,3,200,0,0,0,0,1,200,200,23,17,1,60,200
0,200,30,1,2,0,0,14,3,200,0,0,0,0,1,200,200,23,17,0,27,200
1,200,30,1,2,0,0,14,3,200,0,0,0,0,1,200,200,23,17,1,58,200
1,200,30,1,2,0,0,14,3,200,0,0,0,0,1,200,200,23,17,0,27,200
0,200,30,0,0,0,3,2,2,4,0,0,0,1,200,200,200,12,200,0,31,200
0,200,30,0,0,0,3,2,2,2,0,0,0,1,200,200,200,16,11,0,25,200
0,200,35,2,2,0,0,12,5,200,0,0,0,0,1,200,200,0,0,0,26,200
0,200,35,2,2,0,0,12,5,200,0,0,0,0,1,200,200,0,0,0,28,200
1,200,35,2,2,0,0,12,5,200,0,0,0,0,1,200,200,0,0,1,200,200
0,1,30,0,0,0,3,7,6,2,0,0,0,0,200,200,1,0,200,2,200,200
0,200,30,0,0,0,3,14,5,4,0,0,0,1,200,200,200,0,0,0,40,200
0,200,30,0,0,0,3,14,5,4,0,0,0,1,200,200,200,0,0,0,36,200
1,200,30,0,0,0,3,14,5,4,0,0,0,1,200,200,200,0,0,1,26,200
0,200,35,1,2,0,3,10,3,200,0,0,0,1,1,200,200,16,16,1,52,200
0,200,35,1,2,0,3,10,3,200,0,0,0,1,1,200,200,16,16,0,36,200
0,200,30,1,2,0,3,14,5,2,0,0,0,1,200,200,200,10,23,0,22,200
0,200,30,1,2,0,3,14,5,2,0,0,0,1,200,200,200,10,23,1,19,200
0,200,30,0,0,0,0,2,5,200,0,0,0,0,200,200,200,4,200,0,49,200
0,200,30,1,2,0,2,14,2,4,0,0,0,1,1,200,1,6,0,2,200,200
0,200,30,1,2,0,2,14,2,4,0,0,0,1,1,200,1,6,0,0,28,200
1,200,30,1,2,0,2,14,2,4,0,0,0,1,1,200,1,6,0,0,26,200
1,200,30,1,2,0,2,14,2,4,0,0,0,1,1,200,1,6,0,0,24,200
0,200,20,2,2,0,2,7,6,1,0,0,0,0,200,200,200,16,200,0,34,200
0,200,35,0,0,0,2,12,6,4,0,0,0,0,200,200,200,13,28,0,77,200
0,200,35,0,0,0,2,12,6,4,0,0,0,0,200,200,200,13,28,0,24,200
0,200,30,200,200,0,2,2,2,200,0,0,200,1,1,200,200,27,23,1,29,200
1,200,30,200,200,0,2,2,2,200,0,0,200,1,1,200,200,27,23,1,33,200
1,200,30,200,200,0,2,2,2,200,0,0,200,1,1,200,200,27,23,1,31,200
0,200,30,0,0,0,2,7,6,200,0,0,200,1,200,200,200,7,200,0,57,200
1,200,30,0,0,0,2,7,6,200,0,0,200,1,200,200,200,7,200,2,26,200
0,200,30,2,2,0,1,12,5,200,0,0,0,0,200,200,200,0,0,0,57,200
0,200,30,2,2,0,1,12,5,200,0,0,0,0,200,200,200,0,0,0,21,200
0,200,30,1,2,0,1,0,2,4,0,0,0,1,1,200,200,6,17,0,37,200
0,200,30,1,2,0,1,0,2,4,0,0,0,1,1,200,200,6,17,1,35,200
0,200,30,0,0,0,2,14,2,200,0,0,0,0,200,200,200,23,25,1,28,200
0,200,30,0,0,0,2,14,2,200,0,0,0,0,200,200,200,23,25,1,40,200
0,200,30,0,0,0,2,2,3,200,0,0,0,0,200,200,200,11,0,0,52,200
0,200,30,0,0,0,1,7,5,2,0,0,0,1,200,200,200,0,0,0,21,200
0,200,30,0,0,0,1,7,5,2,0,0,0,1,200,200,200,0,0,0,45,200
0,200,30,1,2,0,1,10,5,6,0,0,0,1,200,200,200,0,200,0,31,200
0,200,30,1,2,0,1,10,5,6,0,0,0,1,200,200,200,0,200,0,32,200
0,200,30,1,2,0,1,10,5,6,0,0,0,1,200,200,200,0,200,0,63,200
0,200,20,0,0,0,1,7,6,200,0,0,0,0,200,0,200,23,11,0,51,200
0,200,30,0,0,0,1,12,6,2,0,0,0,1,200,200,1,0,200,2,200,200
0,200,30,0,0,0,1,12,6,2,0,0,0,1,200,200,1,0,200,0,33,200
0,200,30,1,2,0,1,12,2,6,0,0,0,0,200,200,200,22,16,0,45,200
0,200,30,1,2,0,1,12,2,6,0,0,0,0,200,200,200,22,16,1,38,200
0,1,20,0,0,0,3,7,2,200,0,0,0,0,200,200,200,200,200,1,200,200
0,200,30,0,0,0,1,2,5,4,0,0,0,0,200,1,200,200,200,0,53,200
0,200,30,1,2,0,1,0,2,3,0,0,0,1,1,200,200,3,11,0,41,200
0,200,30,1,2,0,1,0,2,3,0,0,0,1,1,200,200,3,11,1,32,200
1,200,30,1,2,0,1,0,2,3,0,0,0,1,1,200,200,3,11,0,39,200
0,1,30,0,0,0,200,7,5,2,0,0,0,0,200,200,1,0,0,0,200,200
0,200,2,0,0,0,1,7,12,200,0,0,0,0,200,200,200,0,200,0,54,200
0,200,30,0,0,0,0,7,6,1,0,0,0,0,200,200,1,0,0,0,200,200
0,200,30,1,2,0,1,8,2,2,0,0,0,1,200,200,200,0,19,0,38,200
4,200,30,1,2,0,1,8,2,2,0,0,0,1,200,200,200,0,19,0,40,200
0,200,10,0,0,0,4,7,7,200,0,0,0,0,200,1,200,21,200,0,39,200
0,1,15,0,0,0,1,7,7,1,0,0,0,0,200,200,1,0,0,2,200,200