PERSON_TYPE,CRASH_DATE_EST_I,POSTED_SPEED_LIMIT,TRAFFIC_CONTROL_DEVICE,DEVICE_CONDITION,WEATHER_CONDITION,LIGHTING_CONDITION,FIRST_CRASH_TYPE,TRAFFICWAY_TYPE,LANE_CNT,ALIGNMENT,ROADWAY_SURFACE_COND,ROAD_DEFECT,CRASH_TYPE,INTERSECTION_RELATED_I,NOT_RIGHT_OF_WAY_I,HIT_AND_RUN_I,PRIM_CONTRIBUTORY_CAUSE,SEC_CONTRIBUTORY_CAUSE,SEX,AGE,BAC_RESULT VALUE
0,200,30,1,2,0,1,14,12,0,3,0,0,1,1,200,1,31,16,2,200,200
0,200,30,1,2,0,1,14,12,0,3,0,0,1,1,200,1,31,16,0,55,200
0,200,30,1,2,0,1,14,12,0,3,0,0,1,1,200,1,31,16,0,29,200
0,200,30,0,0,0,1,11,5,200,0,0,0,0,200,200,200,22,200,1,20,200
0,200,30,0,0,0,1,11,5,200,0,0,0,0,200,200,200,22,200,1,40,200
1,200,30,0,0,0,1,11,5,200,0,0,0,0,200,200,200,22,200,1,13,200
1,200,30,0,0,0,1,11,5,200,0,0,0,0,200,200,200,22,200,0,6,200
1,200,30,0,0,0,1,11,5,200,0,0,0,0,200,200,200,22,200,1,8,200
0,1,35,0,0,0,200,7,5,1,0,0,0,0,200,200,1,0,200,2,200,200
0,200,0,0,0,0,1,7,7,200,0,0,0,0,200,1,1,0,200,2,200,200
0,200,30,0,0,0,1,7,6,200,0,0,0,0,200,200,200,0,200,2,200,200
0,200,20,0,2,200,200,7,5,200,0,200,0,0,200,200,1,0,200,2,200,200
0,200,30,1,2,0,1,12,5,200,0,0,0,0,200,200,200,0,0,1,32,200
0,200,30,1,2,0,1,12,5,200,0,0,0,0,200,200,200,0,0,0,52,200
1,200,30,1,2,0,1,12,5,200,0,0,0,0,200,200,200,0,0,1,200,200
0,200,30,0,0,0,1,7,5,200,0,0,12,1,200,200,200,21,200,0,57,200
0,200,30,0,0,0,1,14,5,2,0,0,0,1,200,200,200,16,200,1,58,200
0,200,30,0,0,0,1,14,5,2,0,0,0,1,200,200,200,16,200,1,44,200
4,200,30,0,0,0,1,8,2,2,2,0,0,1,200,200,200,200,200,0,52,200
0,200,30,2,2,0,1,0,2,200,0,0,0,0,1,200,200,23,200,1,23,200
0,200,30,2,2,0,1,0,2,200,0,0,0,0,1,200,200,23,200,1,54,200
1,200,30,2,2,0,1,0,2,200,0,0,0,0,1,200,200,23,200,1,25,200
0,200,0,0,0,0,1,0,7,200,0,0,0,0,200,1,200,33,0,1,57,200
0,200,0,0,0,0,1,0,7,200,0,0,0,0,200,1,200,33,0,1,63,200
0,200,30,1,2,0,1,0,5,200,0,0,0,0,200,200,1,17,200,1,200,200
0,200,30,1,2,0,1,0,5,200,0,0,0,0,200,200,1,17,200,0,47,200
1,200,30,1,2,0,1,0,5,200,0,0,0,0,200,200,1,17,200,200,200,200
0,200,30,1,2,0,1,10,5,200,0,0,0,1,1,200,200,27,0,1,27,200
0,200,30,1,2,0,1,10,5,200,0,0,0,1,1,200,200,27,0,1,60,200
1,200,30,1,2,0,1,10,5,200,0,0,0,1,1,200,200,27,0,0,4,200
1,200,30,1,2,0,1,10,5,200,0,0,0,1,1,200,200,27,0,1,19,200
0,200,30,1,2,0,1,14,5,4,0,0,0,0,1,200,200,0,0,0,36,200
0,200,30,1,2,0,1,14,5,4,0,0,0,0,1,200,200,0,0,0,52,200
0,200,30,0,0,0,1,7,5,4,0,0,0,0,200,200,1,0,200,2,200,200
0,200,10,0,0,0,200,0,7,200,0,0,0,0,200,200,200,20,200,0,57,200
0,200,10,0,0,0,200,0,7,200,0,0,0,0,200,200,200,20,200,1,52,200
0,200,30,12,12,0,1,10,5,4,0,0,200,0,200,200,200,0,0,1,19,200
0,200,30,12,12,0,1,10,5,4,0,0,200,0,200,200,200,0,0,0,45,200
0,200,30,1,2,0,1,10,2,2,0,0,0,1,1,200,200,18,18,0,61,200
0,200,30,1,2,0,1,10,2,2,0,0,0,1,1,200,200,18,18,0,45,200
0,200,30,2,2,0,1,7,5,2,0,0,0,0,200,200,1,18,25,1,200,200
0,200,30,1,2,0,1,14,2,200,0,0,0,1,200,200,200,0,200,1,21,200
0,200,30,1,2,0,1,14,2,200,0,0,0,1,200,200,200,0,200,1,80,200
0,200,30,0,0,0,1,11,5,2,0,0,0,0,200,200,1,0,0,0,200,200
0,200,30,0,0,0,1,11,5,2,0,0,0,0,200,200,1,0,0,0,50,200
1,200,30,0,0,0,1,11,5,2,0,0,0,0,200,200,1,0,0,0,200,200
1,200,30,0,0,0,1,11,5,2,0,0,0,0,200,200,1,0,0,2,200,200
0,200,20,0,0,0,1,7,2,200,0,0,0,0,200,200,200,0,200,0,35,200
0,200,30,0,0,0,0,7,6,1,2,0,0,0,200,200,1,0,0,2,200,200
0,200,30,2,2,0,1,9,2,200,0,0,1,1,1,200,200,0,0,0,67,200
5,200,30,2,2,0,1,9,2,200,0,0,1,1,1,200,200,0,0,1,27,200
5,200,30,2,2,0,1,9,2,200,0,0,1,1,1,200,200,0,0,1,67,200
0,200,30,2,2,0,1,0,5,2,0,0,0,1,200,200,200,17,5,1,23,200
0,200,30,2,2,0,1,0,5,2,0,0,0,1,200,200,200,17,5,1,24,200
0,200,30,1,2,0,1,10,2,200,0,0,0,1,1,200,200,18,0,1,48,200
0,200,30,1,2,0,1,10,2,200,0,0,0,1,1,200,200,18,0,0,35,200
1,200,30,1,2,0,1,10,2,200,0,0,0,1,1,200,200,18,0,1,2,200
0,200,25,0,0,0,2,10,2,200,0,0,0,0,200,200,200,200,200,1,200,200
0,200,25,0,0,0,2,10,2,200,0,0,0,0,200,200,200,200,200,1,54,200
0,200,25,2,0,0,1,14,5,200,0,0,0,0,1,200,200,17,0,0,39,200
0,200,25,2,0,0,1,14,5,200,0,0,0,0,1,200,200,17,0,0,62,200
0,200,35,4,2,0,1,10,3,4,0,0,0,0,200,200,200,18,18,1,35,200
0,200,35,4,2,0,1,10,3,4,0,0,0,0,200,200,200,18,18,1,19,200
0,200,25,0,0,0,1,10,5,200,4,0,0,0,200,200,200,0,0,1,200,200
0,200,25,0,0,0,1,10,5,200,4,0,0,0,200,200,200,0,0,1,200,200
0,200,25,200,200,0,1,7,2,6,0,0,200,0,200,200,200,0,200,2,200,200
0,200,30,0,0,0,1,7,7,1,0,0,0,0,200,200,1,23,200,2,200,200
0,200,20,2,2,0,1,14,5,2,0,0,0,0,1,200,1,23,23,2,200,200
0,200,20,2,2,0,1,14,5,2,0,0,0,0,1,200,1,23,23,1,60,200
0,200,25,2,2,0,1,12,2,200,0,0,0,0,1,200,200,17,200,0,71,200
0,200,25,2,2,0,1,12,2,200,0,0,0,0,1,200,200,17,200,0,23,200
0,200,15,0,0,0,1,7,7,200,0,0,0,0,200,200,1,20,200,2,200,200
0,200,0,0,0,0,1,10,2,200,0,0,0,0,200,200,200,0,200,1,33,200
0,200,0,0,0,0,1,10,2,200,0,0,0,0,200,200,200,0,200,0,55,200
0,200,30,2,2,0,1,14,3,4,0,0,0,1,200,200,1,5,0,1,200,200
0,200,30,2,2,0,1,14,3,4,0,0,0,1,200,200,1,5,0,1,57,200
0,200,30,0,3,0,1,14,2,2,0,0,0,0,200,200,200,0,0,0,200,200
0,200,30,0,3,0,1,14,2,2,0,0,0,0,200,200,200,0,0,0,43,200
1,200,30,0,3,0,1,14,2,2,0,0,0,0,200,200,200,0,0,1,200,200
1,200,30,0,3,0,1,14,2,2,0,0,0,0,200,200,200,0,0,1,200,200
1,200,30,0,3,0,1,14,2,2,0,0,0,0,200,200,200,0,0,0,200,200
0,200,20,0,200,2,1,7,5,200,0,1,200,0,200,200,200,16,0,1,19,200
0,200,30,1,2,0,1,14,200,3,0,0,0,1,1,200,200,23,11,0,18,200
0,200,30,1,2,0,1,14,200,3,0,0,0,1,1,200,200,23,11,0,67,200
1,200,30,1,2,0,1,14,200,3,0,0,0,1,1,200,200,23,11,0,200,200
0,200,15,0,0,0,1,0,7,1,0,0,0,0,200,1,200,11,0,1,52,200
0,200,15,0,0,0,1,0,7,1,0,0,0,0,200,1,200,11,0,1,42,200
1,200,15,0,0,0,1,0,7,1,0,0,0,0,200,1,200,11,0,0,7,200
1,200,15,0,0,0,1,0,7,1,0,0,0,0,200,1,200,11,0,0,7,200
1,200,15,0,0,0,1,0,7,1,0,0,0,0,200,1,200,11,0,1,13,200
1,200,15,0,0,0,1,0,7,1,0,0,0,0,200,1,200,11,0,1,12,200
1,200,15,0,0,0,1,0,7,1,0,0,0,0,200,1,200,11,0,0,7,200
0,1,30,0,0,0,1,7,6,1,0,0,0,0,200,200,1,0,16,2,200,200
0,200,10,0,0,0,1,7,7,200,0,0,200,0,200,200,200,11,200,1,55,200
0,200,30,2,2,0,1,10,5,2,0,0,0,0,200,200,200,18,18,0,37,200
0,200,30,2,2,0,1,10,5,2,0,0,0,0,200,200,200,18,18,0,200,200
0,200,30,2,2,0,1,0,7,200,0,0,0,0,200,200,1,0,0,2,200,200
0,200,30,2,2,0,1,0,7,200,0,0,0,0,200,200,1,0,0,0,25,200
0,200,45,0,0,0,1,10,3,4,0,0,0,0,200,200,200,18,18,1,200,200
0,200,45,0,0,0,1,10,3,4,0,0,0,0,200,200,200,18,18,0,68,200
0,200,25,0,0,0,1,12,6,200,0,1,0,0,200,200,200,0,0,1,200,200
0,200,25,0,0,0,1,12,6,200,0,1,0,0,200,200,200,0,0,1,53,200
1,200,25,0,0,0,1,12,6,200,0,1,0,0,200,200,200,0,0,1,200,200
1,200,25,0,0,0,1,12,6,200,0,1,0,0,200,200,200,0,0,1,200,200
1,200,25,0,0,0,1,12,6,200,0,1,0,0,200,200,200,0,0,1,200,200
0,1,25,0,0,0,1,12,2,200,0,0,0,0,200,200,200,200,200,0,200,200
0,1,25,0,0,0,1,12,2,200,0,0,0,0,200,200,200,200,200,0,74,200
0,200,30,1,2,0,1,10,2,2,0,0,0,0,1,200,200,16,25,0,36,200
0,200,30,1,2,0,1,10,2,2,0,0,0,0,1,200,200,16,25,0,24,200
0,200,30,0,0,0,1,0,5,200,0,0,0,0,200,200,200,0,200,0,16,200
0,200,30,0,0,0,1,0,5,200,0,0,0,0,200,200,200,0,200,1,43,200
1,200,30,0,0,0,1,0,5,200,0,0,0,0,200,200,200,0,200,1,200,200
1,200,30,0,0,0,1,0,5,200,0,0,0,0,200,200,200,0,200,1,15,200
0,200,30,0,0,0,1,14,5,4,0,0,200,0,200,200,200,0,0,1,200,200
0,200,30,0,0,0,1,14,5,4,0,0,200,0,200,200,200,0,0,0,200,200
0,200,40,0,0,0,1,12,3,8,0,0,0,0,200,200,200,11,200,0,19,200
0,200,40,0,0,0,1,12,3,8,0,0,0,0,200,200,200,11,200,1,20,200
1,200,40,0,0,0,1,12,3,8,0,0,0,0,200,200,200,11,200,1,31,200
1,200,40,0,0,0,1,12,3,8,0,0,0,0,200,200,200,11,200,1,200,200
0,200,0,0,0,0,1,5,3,2,0,0,1,0,200,200,200,29,200,0,82,200
0,200,30,0,0,0,1,12,6,200,0,0,0,0,200,200,200,0,0,1,34,200
0,200,30,0,0,0,1,12,6,200,0,0,0,0,200,200,200,0,0,1,39,200
0,200,30,1,2,0,1,10,5,2,0,0,0,0,200,200,200,0,0,0,68,200
0,200,30,1,2,0,1,10,5,2,0,0,0,0,200,200,200,0,0,0,30,200
0,200,25,0,0,0,1,12,5,200,0,0,0,0,200,200,200,0,0,0,37,200
0,200,25,0,0,0,1,12,5,200,0,0,0,0,200,200,200,0,0,0,42,200
0,200,30,0,0,0,1,12,5,6,0,0,0,0,200,200,200,0,0,0,200,200
0,200,30,0,0,0,1,12,5,6,0,0,0,0,200,200,200,0,0,0,50,200
0,200,30,2,2,0,0,10,5,2,0,0,0,0,200,200,200,0,200,1,51,200
0,200,30,2,2,0,0,10,5,2,0,0,0,0,200,200,200,0,200,1,39,200
1,200,30,2,2,0,0,10,5,2,0,0,0,0,200,200,200,0,200,2,200,200
1,200,30,2,2,0,0,10,5,2,0,0,0,0,200,200,200,0,200,2,200,200
0,200,30,0,0,0,1,12,2,4,0,0,0,0,200,200,1,22,0,1,33,200
0,200,30,0,0,0,1,12,2,4,0,0,0,0,200,200,1,22,0,1,200,200
1,200,30,0,0,0,1,12,2,4,0,0,0,0,200,200,1,22,0,0,1,200
1,200,30,0,0,0,1,12,2,4,0,0,0,0,200,200,1,22,0,1,8,200
1,200,30,0,0,0,1,12,2,4,0,0,0,0,200,200,1,22,0,0,4,200
0,200,30,0,0,0,1,10,1,4,0,0,0,1,200,200,200,18,200,1,43,200
0,200,30,0,0,0,1,10,1,4,0,0,0,1,200,200,200,18,200,1,44,200
1,200,30,0,0,0,1,10,1,4,0,0,0,1,200,200,200,18,200,0,47,200
1,200,30,0,0,0,1,10,1,4,0,0,0,1,200,200,200,18,200,1,19,200
0,200,30,0,0,0,4,10,5,200,0,0,0,0,200,200,1,18,200,0,200,200
0,200,30,0,0,0,4,10,5,200,0,0,0,0,200,200,1,18,200,0,68,200
1,200,30,0,0,0,4,10,5,200,0,0,0,0,200,200,1,18,200,1,200,200
1,200,30,0,0,0,4,10,5,200,0,0,0,0,200,200,1,18,200,0,200,200
0,200,15,200,200,0,1,14,7,200,0,0,200,0,200,200,200,0,200,1,200,200
0,200,15,200,200,0,1,14,7,200,0,0,200,0,200,200,200,0,200,0,62,200
0,200,30,0,0,0,1,12,5,200,0,0,0,0,200,200,200,17,200,1,200,200
0,200,30,0,0,0,1,12,5,200,0,0,0,0,200,200,200,17,200,0,22,200
1,200,30,0,0,0,1,12,5,200,0,0,0,0,200,200,200,17,200,1,18,200
0,200,30,1,2,0,1,10,5,4,0,0,0,0,200,200,200,18,200,0,37,200
0,200,30,1,2,0,1,10,5,4,0,0,0,0,200,200,200,18,200,1,53,200
0,200,0,0,0,0,1,7,7,200,0,0,0,0,200,200,1,0,200,2,200,200
0,200,30,1,2,0,1,12,5,200,0,0,12,0,1,200,200,21,0,0,31,200
0,200,30,1,2,0,1,12,5,200,0,0,12,0,1,200,200,21,0,0,66,200
1,200,30,1,2,0,1,12,5,200,0,0,12,0,1,200,200,21,0,1,62,200
5,200,30,0,0,0,1,9,5,2,0,0,0,1,200,200,200,200,200,0,9,200
0,200,30,0,0,0,1,9,5,2,0,0,0,1,200,200,200,200,200,1,33,200
0,200,30,0,0,0,1,14,6,3,0,0,0,0,200,200,200,21,16,1,40,200
0,200,30,0,0,0,1,14,6,3,0,0,0,0,200,200,200,21,16,0,57,200
0,200,30,0,0,200,200,7,6,200,0,0,200,0,200,200,1,21,200,2,200,200
0,200,30,2,2,0,1,14,5,2,0,0,0,0,1,200,200,0,0,0,24,200
0,200,30,2,2,0,1,14,5,2,0,0,0,0,1,200,200,0,0,0,48,200
0,200,30,0,0,0,1,10,5,2,0,0,0,0,200,200,200,18,0,0,47,200
0,200,30,0,0,0,1,10,5,2,0,0,0,0,200,200,200,18,0,0,33,200
1,200,30,0,0,0,1,10,5,2,0,0,0,0,200,200,200,18,0,1,14,200
1,200,30,0,0,0,1,10,5,2,0,0,0,0,200,200,200,18,0,0,17,200
1,200,30,0,0,0,1,10,5,2,0,0,0,0,200,200,200,18,0,1,37,200
0,200,30,1,2,0,1,10,2,200,0,0,0,0,1,200,1,16,25,0,200,200
0,200,30,1,2,0,1,10,2,200,0,0,0,0,1,200,1,16,25,1,0,200
0,200,30,0,0,0,1,14,5,200,0,0,0,0,200,200,200,0,200,0,27,200
0,200,30,0,0,0,1,14,5,200,0,0,0,0,200,200,200,0,200,1,31,200
0,200,30,1,2,0,1,7,5,200,0,0,0,0,1,200,200,18,200,0,70,200
0,200,30,1,2,0,1,10,5,2,0,0,0,1,200,200,1,18,16,1,200,200
0,200,30,1,2,0,1,10,5,2,0,0,0,1,200,200,1,18,16,1,65,200
0,200,30,0,0,0,1,7,5,200,0,0,0,0,200,200,1,0,200,2,200,200
0,200,30,1,3,0,1,14,5,200,0,0,0,0,1,200,200,200,200,1,200,200
0,200,30,1,3,0,1,14,5,200,0,0,0,0,1,200,200,200,200,0,35,200
0,200,0,0,0,0,1,10,6,2,0,0,0,0,200,200,200,20,200,1,32,200
0,200,0,0,0,0,1,10,6,2,0,0,0,0,200,200,200,20,200,0,22,200
0,200,30,0,0,0,1,9,5,200,0,0,0,1,200,200,200,17,200,0,48,200
5,200,30,0,0,0,1,9,5,200,0,0,0,1,200,200,200,17,200,0,46,200
0,200,20,0,0,0,1,12,5,200,0,0,0,0,200,200,1,0,200,0,200,200
0,200,20,0,0,0,1,12,5,200,0,0,0,0,200,200,1,0,200,0,37,200
0,200,30,0,0,0,1,9,5,4,0,0,0,1,200,200,200,17,200,0,55,200
5,200,30,0,0,0,1,9,5,4,0,0,0,1,200,200,200,17,200,1,36,200
5,200,30,0,0,0,1,9,5,4,0,0,0,1,200,200,200,17,200,1,9,200
0,200,25,0,0,0,1,10,7,0,0,0,0,0,200,0,200,20,200,0,57,200
0,200,25,0,0,0,1,10,7,0,0,0,0,0,200,0,200,20,200,1,62,200
0,200,30,1,2,0,1,12,2,4,0,0,0,1,1,200,200,22,16,1,53,200
0,200,30,1,2,0,1,12,2,4,0,0,0,1,1,200,200,22,16,0,45,200
0,200,30,1,2,0,1,12,2,4,0,0,0,1,1,200,200,22,16,1,29,200
1,200,30,1,2,0,1,12,2,4,0,0,0,1,1,200,200,22,16,1,17,200
0,200,15,0,0,0,1,7,7,200,0,0,0,0,200,200,200,20,200,1,20,200
1,200,15,0,0,0,1,7,7,200,0,0,0,0,200,200,200,20,200,200,200,200
0,200,20,0,0,0,4,0,7,200,0,0,0,0,200,200,200,20,0,0,61,200
0,200,20,0,0,0,4,0,7,200,0,0,0,0,200,200,200,20,0,0,66,200
4,200,30,1,2,0,1,8,5,3,2,0,0,0,1,200,200,17,200,0,200,200
0,200,30,1,2,0,1,8,5,3,2,0,0,0,1,200,200,17,200,0,33,200
1,200,30,1,2,0,1,8,5,3,2,0,0,0,1,200,200,17,200,1,33,200
1,200,30,1,2,0,1,8,5,3,2,0,0,0,1,200,200,17,200,1,5,200
1,200,30,1,2,0,1,8,5,3,2,0,0,0,1,200,200,17,200,1,1,200
0,200,30,1,2,0,1,10,5,200,0,0,0,0,200,200,1,18,200,0,200,200
0,200,30,1,2,0,1,10,5,200,0,0,0,0,200,200,1,18,200,0,46,200
1,200,30,1,2,0,1,10,5,200,0,0,0,0,200,200,1,18,200,1,15,200
1,200,30,1,2,0,1,10,5,200,0,0,0,0,200,200,1,18,200,1,200,200
0,200,30,1,2,0,1,0,5,4,0,0,0,0,1,200,1,0,0,2,200,200
0,200,30,1,2,0,1,0,5,4,0,0,0,0,1,200,1,0,0,1,22,200
0,200,30,0,0,0,1,12,6,200,0,0,0,0,200,200,200,0,0,1,21,200
0,200,30,0,0,0,1,12,6,200,0,0,0,0,200,200,200,0,0,1,40,200
0,200,30,0,0,0,1,7,5,2,0,0,0,0,200,200,200,0,200,0,32,200
1,200,30,0,0,0,1,7,5,2,0,0,0,0,200,200,200,0,200,0,200,200
1,200,30,0,0,0,1,7,5,2,0,0,0,0,200,200,200,0,200,1,32,200
1,200,30,0,0,0,1,7,5,2,0,0,0,0,200,200,200,0,200,1,32,200
0,200,0,0,0,0,1,0,200,200,0,200,200,0,200,200,200,0,200,0,0,200
0,200,0,0,0,0,1,0,200,200,0,200,200,0,200,200,200,0,200,1,48,200
1,200,0,0,0,0,1,0,200,200,0,200,200,0,200,200,200,0,200,1,29,200
0,200,30,0,0,0,1,0,5,200,0,0,0,0,200,200,1,17,200,0,200,200
0,200,30,0,0,0,1,0,5,200,0,0,0,0,200,200,1,17,200,0,70,200
0,200,5,0,0,0,1,0,7,0,0,0,0,0,200,1,200,17,20,0,38,200
0,200,5,0,0,0,1,0,7,0,0,0,0,0,200,1,200,17,20,1,62,200
0,200,10,200,200,0,3,7,7,200,0,0,0,0,200,200,200,0,200,0,50,200
1,200,10,200,200,0,3,7,7,200,0,0,0,0,200,200,200,0,200,200,200,200
0,200,30,1,2,0,1,14,5,200,0,0,0,0,1,200,200,200,200,0,68,200
0,200,30,1,2,0,1,14,5,200,0,0,0,0,1,200,200,200,200,1,42,200
0,200,5,12,0,0,1,14,7,200,0,0,0,0,200,200,200,23,200,0,21,200
0,200,5,12,0,0,1,14,7,200,0,0,0,0,200,200,200,23,200,1,53,200
0,200,35,1,2,0,1,0,5,200,0,0,0,1,1,200,200,17,200,0,22,200
0,200,35,1,2,0,1,0,5,200,0,0,0,1,1,200,200,17,200,0,30,200
0,200,30,0,0,0,1,10,3,4,0,0,0,0,200,200,200,0,200,0,25,200
0,200,30,0,0,0,1,10,3,4,0,0,0,0,200,200,200,0,200,1,21,200
0,200,0,1,2,0,1,12,5,2,0,0,0,0,200,200,1,0,0,0,200,200
0,200,0,1,2,0,1,12,5,2,0,0,0,0,200,200,1,0,0,1,82,200
1,200,0,1,2,0,1,12,5,2,0,0,0,0,200,200,1,0,0,1,78,200
1,200,0,1,2,0,1,12,5,2,0,0,0,0,200,200,1,0,0,0,67,200
0,200,30,1,2,0,1,0,2,2,0,0,0,1,1,200,200,16,3,1,21,200
0,200,30,1,2,0,1,0,2,2,0,0,0,1,1,200,200,16,3,0,52,200
0,200,30,0,0,0,0,14,5,200,0,0,0,0,200,200,1,0,0,2,200,200
0,200,30,0,0,0,0,14,5,200,0,0,0,0,200,200,1,0,0,1,25,200
0,200,30,1,2,0,0,10,5,4,0,200,200,0,200,200,1,6,18,0,200,200
0,200,30,1,2,0,0,10,5,4,0,200,200,0,200,200,1,6,18,1,24,200
0,200,30,0,0,0,1,11,2,2,0,0,200,0,200,200,200,17,21,0,59,200
0,200,30,0,0,0,1,11,2,2,0,0,200,0,200,200,200,17,21,0,65,200
1,200,30,0,0,0,1,11,2,2,0,0,200,0,200,200,200,17,21,0,34,200
0,200,30,0,0,0,1,12,2,2,0,0,200,0,200,200,200,0,0,0,24,200
0,200,30,0,0,0,1,12,2,2,0,0,200,0,200,200,200,0,0,1,26,200
0,200,0,0,0,0,1,0,5,3,0,0,0,0,200,200,1,11,0,2,200,200
0,200,0,0,0,0,1,0,5,3,0,0,0,0,200,200,1,11,0,1,48,200
4,200,30,1,2,0,1,8,5,3,1,0,0,0,1,200,200,17,200,0,48,200
0,200,30,1,2,0,1,8,5,3,1,0,0,0,1,200,200,17,200,0,60,200
0,200,30,1,2,0,1,0,5,200,0,0,0,0,1,200,1,0,200,1,200,200
0,200,30,1,2,0,1,0,5,200,0,0,0,0,1,200,1,0,200,0,29,200
0,200,30,1,2,0,1,10,5,2,0,0,0,0,200,200,200,18,0,0,200,200
0,200,30,1,2,0,1,10,5,2,0,0,0,0,200,200,200,18,0,0,0,200
4,200,30,1,2,0,1,8,2,200,0,0,0,1,1,200,200,0,200,0,200,200
0,200,30,1,2,0,1,8,2,200,0,0,0,1,1,200,200,0,200,0,28,200
1,200,30,1,2,0,1,8,2,200,0,0,0,1,1,200,200,0,200,0,200,200
0,200,35,0,0,0,1,10,5,2,0,0,200,0,200,200,1,0,0,0,200,200
0,200,35,0,0,0,1,10,5,2,0,0,200,0,200,200,1,0,0,1,0,200
1,200,35,0,0,0,1,10,5,2,0,0,200,0,200,200,1,0,0,1,0,200
0,200,30,0,0,0,1,10,5,200,0,0,0,0,200,200,200,200,200,0,20,200
0,200,30,0,0,0,1,10,5,200,0,0,0,0,200,200,200,200,200,0,38,200
1,200,30,0,0,0,1,10,5,200,0,0,0,0,200,200,200,200,200,0,200,200
1,200,30,0,0,0,1,10,5,200,0,0,0,0,200,200,200,200,200,0,200,200
0,200,30,1,2,0,1,10,5,200,0,0,0,0,1,200,200,18,200,0,38,200
0,200,30,1,2,0,1,10,5,200,0,0,0,0,1,200,200,18,200,1,34,200
0,200,0,0,0,200,200,7,200,200,0,200,200,0,200,200,1,0,200,2,200,200
0,200,10,0,0,0,1,7,7,200,0,0,0,0,200,1,1,21,11,2,200,200
0,200,30,1,2,0,1,12,5,200,0,0,0,0,1,200,200,0,0,0,36,200
0,200,30,1,2,0,1,12,5,200,0,0,0,0,1,200,200,0,0,0,58,200
0,200,30,0,0,0,1,12,5,2,0,0,0,0,200,200,1,22,200,0,200,200
0,200,30,0,0,0,1,12,5,2,0,0,0,0,200,200,1,22,200,1,62,200
0,200,30,0,0,0,1,0,7,200,0,200,200,0,200,1,200,0,200,0,55,200
0,200,30,0,0,0,1,0,7,200,0,200,200,0,200,1,200,0,200,1,200,200
0,200,30,0,0,0,4,10,2,200,0,0,0,0,200,200,200,0,0,0,54,200
0,200,30,0,0,0,4,10,2,200,0,0,0,0,200,200,200,0,0,1,68,200
0,200,30,2,2,0,1,12,5,4,0,0,0,0,200,200,1,18,18,1,29,200
0,200,30,2,2,0,1,12,5,4,0,0,0,0,200,200,1,18,18,0,53,200
1,200,30,2,2,0,1,12,5,4,0,0,0,0,200,200,1,18,18,1,200,200
1,200,30,2,2,0,1,12,5,4,0,0,0,0,200,200,1,18,18,1,200,200
0,200,30,1,2,0,1,14,1,2,0,0,0,1,1,200,200,11,0,0,19,200
0,200,30,1,2,0,1,14,1,2,0,0,0,1,1,200,200,11,0,0,57,200
0,200,0,0,0,0,1,14,200,200,0,200,200,0,200,200,1,0,200,1,200,200
0,200,0,0,0,0,1,14,200,200,0,200,200,0,200,200,1,0,200,0,62,200
1,200,0,0,0,0,1,14,200,200,0,200,200,0,200,200,1,0,200,0,200,200
1,200,0,0,0,0,1,14,200,200,0,200,200,0,200,200,1,0,200,0,200,200
0,1,10,0,0,0,1,11,0,1,0,0,0,1,200,200,200,200,200,0,32,200
0,200,25,0,0,0,1,10,5,200,0,0,0,0,200,200,200,0,0,0,31,200
0,200,25,0,0,0,1,10,5,200,0,0,0,0,200,200,200,0,0,0,56,200
0,200,30,0,0,0,1,0,5,2,0,0,200,0,200,200,200,23,0,0,53,200
0,200,30,0,0,0,1,0,5,2,0,0,200,0,200,200,200,23,0,1,20,200
0,200,30,0,0,0,1,7,5,200,0,0,0,0,200,200,1,0,0,2,200,200
0,1,30,2,200,0,1,7,200,1,0,200,200,0,200,200,1,200,200,2,200,200
0,200,35,0,0,0,1,12,5,2,0,0,0,0,200,200,200,22,0,1,27,200
0,200,35,0,0,0,1,12,5,2,0,0,0,0,200,200,200,22,0,1,23,200
0,200,0,1,2,0,1,10,5,1,0,0,0,0,200,200,200,0,0,1,56,200
0,200,0,1,2,0,1,10,5,1,0,0,0,0,200,200,200,0,0,0,23,200
1,200,0,1,2,0,1,10,5,1,0,0,0,0,200,200,200,0,0,0,28,200
0,200,30,200,200,0,1,10,5,200,0,0,0,0,200,200,1,0,200,0,200,200
0,200,30,200,200,0,1,10,5,200,0,0,0,0,200,200,1,0,200,1,0,200
0,200,30,0,0,0,1,10,2,4,0,0,0,0,200,200,200,18,0,2,200,200
0,200,30,0,0,0,1,10,2,4,0,0,0,0,200,200,200,18,0,2,200,200
0,200,30,1,2,0,1,14,5,2,0,0,0,0,1,200,200,17,200,0,200,200
0,200,30,1,2,0,1,14,5,2,0,0,0,0,1,200,200,17,200,0,200,200
1,200,30,1,2,0,1,14,5,2,0,0,0,0,1,200,200,17,200,1,200,200
0,200,30,0,0,0,1,12,3,6,0,0,0,0,0,200,200,17,200,0,26,200
0,200,30,0,0,0,1,12,3,6,0,0,0,0,0,200,200,17,200,1,56,200
1,200,30,0,0,0,1,12,3,6,0,0,0,0,0,200,200,17,200,0,18,200
1,200,30,0,0,0,1,12,3,6,0,0,0,0,0,200,200,17,200,1,59,200
1,200,30,0,0,0,1,12,3,6,0,0,0,0,0,200,200,17,200,0,50,200
1,200,30,0,0,0,1,12,3,6,0,0,0,0,0,200,200,17,200,0,18,200