PERSON_TYPE,CRASH_DATE_EST_I,POSTED_SPEED_LIMIT,TRAFFIC_CONTROL_DEVICE,DEVICE_CONDITION,WEATHER_CONDITION,LIGHTING_CONDITION,FIRST_CRASH_TYPE,TRAFFICWAY_TYPE,LANE_CNT,ALIGNMENT,ROADWAY_SURFACE_COND,ROAD_DEFECT,CRASH_TYPE,INTERSECTION_RELATED_I,NOT_RIGHT_OF_WAY_I,HIT_AND_RUN_I,PRIM_CONTRIBUTORY_CAUSE,SEC_CONTRIBUTORY_CAUSE,SEX,AGE,BAC_RESULT VALUE
0,200,40,0,0,0,3,10,3,8,1,0,0,1,200,200,200,18,16,1,25,200
0,200,40,0,0,0,3,10,3,8,1,0,0,1,200,200,200,18,16,0,27,200
0,200,40,0,0,0,3,10,3,8,1,0,0,1,200,200,200,18,16,2,200,200
1,200,40,0,0,0,3,10,3,8,1,0,0,1,200,200,200,18,16,0,27,200
1,200,40,0,0,0,3,10,3,8,1,0,0,1,200,200,200,18,16,0,0,200
0,200,30,200,200,0,4,10,5,4,0,0,200,0,1,200,200,18,200,0,23,200
0,200,30,200,200,0,4,10,5,4,0,0,200,0,1,200,200,18,200,1,24,200
1,200,30,200,200,0,4,10,5,4,0,0,200,0,1,200,200,18,200,0,200,200
0,200,30,0,0,0,3,0,12,0,0,0,0,1,1,200,200,10,16,0,33,200
0,200,30,0,0,0,3,0,12,0,0,0,0,1,1,200,200,10,16,1,35,200
1,200,30,0,0,0,3,0,12,0,0,0,0,1,1,200,200,10,16,0,200,200
0,200,35,0,200,0,3,7,5,4,0,0,0,1,200,200,1,0,0,1,200,200
0,200,15,0,0,0,3,7,5,2,0,0,0,0,200,200,1,200,200,2,200,200
0,200,30,1,2,0,3,0,2,200,0,0,0,1,1,200,1,6,200,2,200,200
0,200,30,1,2,0,3,0,2,200,0,0,0,1,1,200,1,6,200,0,21,200
1,200,30,1,2,0,3,0,2,200,0,0,0,1,1,200,1,6,200,0,23,200
1,200,30,1,2,0,3,0,2,200,0,0,0,1,1,200,1,6,200,1,200,200
0,200,30,0,0,0,3,0,3,4,0,0,0,1,1,200,200,0,0,1,50,200
0,200,30,0,0,0,3,0,3,4,0,0,0,1,1,200,200,0,0,1,23,200
0,200,30,0,0,0,3,0,3,4,0,0,0,1,1,200,200,0,0,0,27,200
1,200,30,0,0,0,3,0,3,4,0,0,0,1,1,200,200,0,0,1,200,200
0,1,30,0,0,0,3,14,2,4,0,0,0,0,200,200,200,17,11,0,57,200
0,1,30,0,0,0,3,14,2,4,0,0,0,0,200,200,200,17,11,1,48,200
1,1,30,0,0,0,3,14,2,4,0,0,0,0,200,200,200,17,11,0,49,200
0,200,30,0,0,0,3,7,5,4,0,0,0,0,200,200,200,16,200,0,27,200
0,200,30,0,0,0,3,9,5,2,0,0,0,1,1,200,1,16,17,1,200,200
5,200,30,0,0,0,3,9,5,2,0,0,0,1,1,200,1,16,17,0,61,200
0,200,30,200,200,200,200,10,200,4,0,200,200,0,1,200,200,20,0,0,200,200
0,200,30,200,200,200,200,10,200,4,0,200,200,0,1,200,200,20,0,1,28,200
0,200,30,0,0,0,3,11,5,2,0,0,0,0,200,200,200,8,0,0,26,200
0,200,30,0,0,0,3,11,5,2,0,0,0,0,200,200,200,8,0,0,44,200
1,200,30,0,0,0,3,11,5,2,0,0,0,0,200,200,200,8,0,1,200,200
0,200,30,0,0,0,3,7,5,4,0,0,0,1,200,200,1,0,200,1,28,200
0,200,35,200,200,0,3,8,6,1,0,0,0,1,200,200,1,32,17,0,67,200
4,200,35,200,200,0,3,8,6,1,0,0,0,1,200,200,1,32,17,0,200,200
0,0,30,2,0,0,3,7,6,1,0,0,0,0,200,200,1,0,0,2,200,200
0,200,10,0,0,0,3,2,7,200,0,0,0,1,200,1,200,32,32,0,28,0.27
4,200,30,1,2,0,3,8,5,200,0,0,0,0,1,200,1,18,200,200,200,200
0,200,30,1,2,0,3,8,5,200,0,0,0,0,1,200,1,18,200,0,28,200
0,200,30,0,0,0,3,10,2,2,0,0,0,0,200,200,1,2,18,1,200,200
0,200,30,0,0,0,3,10,2,2,0,0,0,0,200,200,1,2,18,0,44,200
1,200,30,0,0,0,3,10,2,2,0,0,0,0,200,200,1,2,18,1,41,200
0,200,0,0,0,0,3,7,7,0,0,0,0,0,200,200,1,0,200,2,200,200
0,200,40,0,0,0,3,2,2,4,0,0,0,1,200,200,200,11,200,1,21,200
0,200,30,1,2,0,3,10,5,4,0,0,0,1,200,200,1,14,0,0,200,200
0,200,30,1,2,0,3,10,5,4,0,0,0,1,200,200,1,14,0,1,24,200
0,200,30,1,2,0,3,10,5,4,0,0,0,1,200,200,1,14,0,0,33,200
0,200,30,0,0,0,3,10,5,2,0,0,200,0,200,200,200,0,0,0,53,200
0,200,30,0,0,0,3,10,5,2,0,0,200,0,200,200,200,0,0,0,24,200
0,200,30,1,2,0,3,10,12,200,0,0,0,0,1,200,1,16,18,0,56,200
0,200,30,1,2,0,3,10,12,200,0,0,0,0,1,200,1,16,18,0,200,200
4,200,25,1,2,0,3,8,5,2,0,0,0,1,200,200,200,27,19,0,52,200
0,200,30,1,2,0,3,14,5,200,0,0,0,0,1,200,200,17,200,0,67,200
0,200,30,1,2,0,3,14,5,200,0,0,0,0,1,200,200,17,200,0,27,200
0,200,30,1,2,0,3,10,5,4,0,0,200,0,1,200,200,18,18,0,58,200
0,200,30,1,2,0,3,10,5,4,0,0,200,0,1,200,200,18,18,0,41,200
0,200,25,1,2,0,3,10,2,2,0,0,0,0,1,200,200,22,0,0,200,200
0,200,25,1,2,0,3,10,2,2,0,0,0,0,1,200,200,22,0,0,68,200
0,200,25,0,0,0,3,10,6,1,0,0,0,0,200,200,1,18,16,2,200,200
0,200,25,0,0,0,3,10,6,1,0,0,0,0,200,200,1,18,16,0,23,200
1,200,25,0,0,0,3,10,6,1,0,0,0,0,200,200,1,18,16,1,28,200
0,200,30,0,0,0,3,7,5,2,0,0,0,1,200,200,200,32,14,0,21,200
0,200,30,0,0,0,3,10,3,4,0,0,0,0,1,200,200,0,0,0,51,200
0,200,30,0,0,0,3,10,3,4,0,0,0,0,1,200,200,0,0,1,55,200
0,200,30,0,0,0,3,10,3,4,0,0,0,0,1,200,200,0,0,0,21,200
0,200,30,1,2,0,3,9,5,2,0,0,0,1,1,200,200,0,200,0,55,200
5,200,30,1,2,0,3,9,5,2,0,0,0,1,1,200,200,0,200,0,47,200
0,200,30,0,0,0,3,10,5,200,2,0,0,0,200,200,200,20,200,0,44,200
0,200,30,0,0,0,3,10,5,200,2,0,0,0,200,200,200,20,200,1,200,200
1,200,30,0,0,0,3,10,5,200,2,0,0,0,200,200,200,20,200,1,21,200
0,200,30,0,0,0,3,12,5,200,0,0,0,1,200,200,200,0,0,2,20,200
0,200,30,0,0,0,3,12,5,200,0,0,0,1,200,200,200,0,0,0,20,200
0,200,30,0,0,0,3,12,5,2,0,0,200,0,200,200,200,21,0,0,28,200
0,200,30,0,0,0,3,12,5,2,0,0,200,0,200,200,200,21,0,1,50,200
0,200,30,1,2,0,3,14,2,200,0,0,0,1,200,200,1,16,200,2,200,200
0,200,30,1,2,0,3,14,2,200,0,0,0,1,200,200,1,16,200,1,49,200
0,200,30,1,2,0,3,7,5,4,0,0,0,1,0,200,200,16,0,1,0,200
0,200,30,2,200,0,3,0,6,1,0,0,200,0,200,200,1,5,17,1,200,200
0,200,30,2,200,0,3,0,6,1,0,0,200,0,200,200,1,5,17,1,22,200
0,200,30,0,0,0,3,7,5,2,0,0,0,1,200,200,200,32,27,0,33,200
0,200,30,200,200,0,3,9,5,2,0,0,200,1,200,0,200,32,14,0,22,0.07
5,200,30,200,200,0,3,9,5,2,0,0,200,1,200,0,200,32,14,1,50,200
1,200,30,200,200,0,3,9,5,2,0,0,200,1,200,0,200,32,14,0,18,200
1,200,30,200,200,0,3,9,5,2,0,0,200,1,200,0,200,32,14,0,24,200
0,200,30,0,0,0,3,3,5,2,0,0,0,1,200,200,200,0,0,1,24,200
0,200,30,0,0,0,3,3,5,2,0,0,0,1,200,200,200,0,0,0,26,200
1,200,30,0,0,0,3,3,5,2,0,0,0,1,200,200,200,0,0,1,24,200
1,200,30,0,0,0,3,3,5,2,0,0,0,1,200,200,200,0,0,0,25,200
0,200,30,0,0,0,3,12,5,200,0,0,0,1,200,200,200,17,200,0,34,200
0,200,30,0,0,0,3,12,5,200,0,0,0,1,200,200,200,17,200,2,200,200
0,200,30,0,0,0,3,7,6,200,0,0,0,1,200,200,200,2,0,0,37,200
0,200,30,0,0,0,3,7,5,200,0,0,0,1,200,200,1,200,200,0,37,200
1,200,30,0,0,0,3,7,5,200,0,0,0,1,200,200,1,200,200,1,33,200
0,200,20,0,0,0,3,7,6,200,0,0,0,1,200,200,1,0,0,0,200,200
0,1,30,0,0,0,3,2,5,4,0,0,200,1,200,1,1,25,14,0,27,200
0,200,5,0,0,0,0,2,7,200,0,0,0,0,200,1,1,11,0,2,200,200
0,200,20,9,2,0,3,7,6,1,0,0,0,1,200,200,1,10,3,2,200,200
0,1,35,1,2,0,3,2,3,4,0,0,0,1,1,200,200,0,16,1,23,200
0,200,30,0,0,0,3,7,5,200,0,0,0,1,200,200,1,0,200,1,200,200
0,200,30,0,0,0,1,7,5,2,0,0,0,1,200,200,200,12,200,0,25,200
0,200,25,0,0,0,2,7,5,200,0,0,0,1,200,200,200,32,16,0,24,200
0,200,30,2,2,0,3,10,2,200,0,0,0,1,200,200,200,18,16,1,27,200
0,200,30,2,2,0,3,10,2,200,0,0,0,1,200,200,200,18,16,0,35,200
0,200,30,2,2,0,3,10,2,200,0,0,0,1,200,200,200,18,16,0,39,200
1,200,30,2,2,0,3,10,2,200,0,0,0,1,200,200,200,18,16,0,200,200
0,200,30,0,0,0,3,10,5,2,0,0,0,1,200,200,1,0,15,0,200,200
0,200,30,0,0,0,3,10,5,2,0,0,0,1,200,200,1,0,15,0,52,200
0,200,30,0,0,0,3,10,5,2,0,0,0,1,200,200,1,0,15,0,75,200
0,200,30,0,0,0,1,12,3,6,0,200,200,1,200,200,200,0,0,1,18,200
0,200,30,0,0,0,1,12,3,6,0,200,200,1,200,200,200,0,0,1,67,200
0,200,30,0,0,0,1,12,3,6,0,200,200,1,200,200,200,0,0,0,80,200
0,200,30,0,0,0,3,7,200,1,0,0,0,0,200,200,200,0,0,1,26,200
0,1,35,0,200,0,2,2,2,2,0,0,0,1,200,200,200,0,200,0,0,200
0,200,30,0,0,0,1,14,5,2,0,0,0,0,200,200,1,17,17,0,200,200
0,200,30,0,0,0,1,14,5,2,0,0,0,0,200,200,1,17,17,0,53,200
0,200,20,0,0,0,1,0,12,1,0,0,0,1,200,200,200,17,11,0,61,200
0,200,20,0,0,0,1,0,12,1,0,0,0,1,200,200,200,17,11,0,49,200
0,200,20,0,0,0,2,14,5,2,0,0,0,0,200,200,200,17,200,0,23,200
0,200,20,0,0,0,2,14,5,2,0,0,0,0,200,200,200,17,200,1,20,200
0,200,30,0,0,0,3,7,6,200,0,0,0,0,200,200,200,0,0,2,200,200
0,200,30,0,0,0,3,7,5,200,0,0,0,0,200,200,1,0,0,2,200,200
0,200,30,0,0,0,2,10,3,200,0,0,0,1,200,200,1,17,200,2,200,200
0,200,30,0,0,0,2,10,3,200,0,0,0,1,200,200,1,17,200,0,34,200
0,200,30,0,0,0,3,7,6,1,0,0,0,1,200,200,1,0,0,0,44,200
0,200,30,1,2,0,0,14,2,2,0,0,0,0,1,200,1,18,0,0,200,200
0,200,30,1,2,0,0,14,2,2,0,0,0,0,1,200,1,18,0,0,0,200
0,200,30,0,0,0,1,7,5,2,0,0,0,1,200,200,200,1,11,1,28,200
0,200,30,0,0,0,1,7,5,200,0,0,0,0,200,200,1,0,0,2,200,200
0,200,30,0,0,200,1,14,2,200,0,200,200,0,200,200,200,0,0,0,71,200
0,200,30,0,0,200,1,14,2,200,0,200,200,0,200,200,200,0,0,1,20,200
0,200,30,0,0,0,1,2,5,4,0,0,0,1,200,200,200,0,0,1,33,200
0,200,30,0,0,0,1,7,6,200,0,0,0,1,200,200,1,0,200,0,200,200
0,200,30,2,2,0,2,14,6,1,0,0,0,0,200,200,1,18,0,0,59,200
0,200,30,2,2,0,2,14,6,1,0,0,0,0,200,200,1,18,0,2,200,200
0,200,30,0,0,0,1,12,5,200,0,0,1,0,200,200,200,29,13,0,40,200
0,200,30,0,0,0,1,12,5,200,0,0,1,0,200,200,200,29,13,0,67,200
0,200,30,1,2,0,1,10,5,2,0,0,0,0,200,200,200,18,200,1,31,200
0,200,30,1,2,0,1,10,5,2,0,0,0,0,200,200,200,18,200,0,23,200
0,200,30,1,2,0,1,0,12,0,0,0,0,1,1,200,200,200,200,1,65,200
0,200,30,1,2,0,1,0,12,0,0,0,0,1,1,200,200,200,200,0,64,200
0,1,30,0,0,0,3,7,6,3,2,0,0,1,200,200,1,0,16,2,200,200
0,200,25,1,2,0,1,0,12,200,0,0,200,1,1,200,200,6,7,0,63,200
0,200,25,1,2,0,1,0,12,200,0,0,200,1,1,200,200,6,7,1,44,200
1,200,25,1,2,0,1,0,12,200,0,0,200,1,1,200,200,6,7,1,78,200
0,200,25,0,0,0,1,7,6,1,0,0,0,0,200,200,1,0,0,2,200,200
0,200,20,2,0,0,1,7,6,1,0,0,0,0,200,200,1,200,200,2,200,200
0,200,30,0,0,0,0,10,3,6,0,0,200,0,200,200,1,21,200,0,200,200
0,200,30,0,0,0,0,10,3,6,0,0,200,0,200,200,1,21,200,1,48,200
1,200,30,0,0,0,0,10,3,6,0,0,200,0,200,200,1,21,200,0,200,200
1,200,30,0,0,0,0,10,3,6,0,0,200,0,200,200,1,21,200,0,200,200
0,200,30,0,200,0,3,5,5,200,0,0,0,0,200,200,0,0,200,2,200,200
3,200,30,0,200,0,3,5,5,200,0,0,0,0,200,200,0,0,200,0,53,200
0,200,30,0,0,0,1,12,5,2,0,0,0,0,200,200,200,17,17,1,200,200
0,200,30,0,0,0,1,12,5,2,0,0,0,0,200,200,200,17,17,1,48,200
0,200,30,0,0,0,3,5,4,200,0,0,0,0,200,200,200,0,200,2,200,200
3,200,30,0,0,0,3,5,4,200,0,0,0,0,200,200,200,0,200,0,53,200
0,200,30,1,2,0,1,8,5,2,0,0,0,1,1,200,1,17,200,0,200,200
4,200,30,1,2,0,1,8,5,2,0,0,0,1,1,200,1,17,200,0,53,200
0,200,30,1,2,0,1,14,6,2,0,0,0,1,200,200,200,0,0,1,89,200
0,200,30,1,2,0,1,14,6,2,0,0,0,1,200,200,200,0,0,1,78,200
0,200,35,1,200,200,3,9,5,200,2,200,200,1,1,200,200,17,0,2,200,200
5,200,35,1,200,200,3,9,5,200,2,200,200,1,1,200,200,17,0,1,60,200
0,1,30,0,0,0,1,7,2,2,0,0,0,0,200,200,1,0,0,2,200,200
0,200,30,1,2,200,3,10,5,4,0,200,200,0,200,200,1,0,0,0,200,200
0,200,30,1,2,200,3,10,5,4,0,200,200,0,200,200,1,0,0,0,46,200
0,200,30,0,0,0,1,10,2,200,0,200,200,0,200,200,200,0,0,1,32,200
0,200,30,0,0,0,1,10,2,200,0,200,200,0,200,200,200,0,0,1,26,200
1,200,30,0,0,0,1,10,2,200,0,200,200,0,200,200,200,0,0,1,200,200
1,200,30,0,0,0,1,10,2,200,0,200,200,0,200,200,200,0,0,1,200,200
1,200,30,0,0,0,1,10,2,200,0,200,200,0,200,200,200,0,0,0,200,200
1,200,30,0,0,0,1,10,2,200,0,200,200,0,200,200,200,0,0,1,200,200
1,200,30,0,0,0,1,10,2,200,0,200,200,0,200,200,200,0,0,1,200,200
0,200,30,2,2,0,1,0,12,4,0,0,0,1,1,200,200,17,0,0,62,200
0,200,30,2,2,0,1,0,12,4,0,0,0,1,1,200,200,17,0,0,41,200
0,200,25,0,0,200,200,7,5,200,0,200,200,0,200,200,1,22,200,2,200,200
0,200,30,1,2,0,1,10,5,200,0,0,200,0,200,200,200,0,20,2,200,200
0,200,30,1,2,0,1,10,5,200,0,0,200,0,200,200,200,0,20,1,40,200
0,200,30,1,2,0,1,10,5,4,0,0,0,1,1,1,200,33,200,1,27,200
0,200,30,1,2,0,1,10,5,4,0,0,0,1,1,1,200,33,200,1,33,200
0,200,30,1,2,0,1,10,5,4,0,0,0,1,1,1,200,33,200,0,28,200
0,200,40,0,0,0,1,12,3,8,0,0,0,1,200,200,1,21,11,2,200,200
0,200,40,0,0,0,1,12,3,8,0,0,0,1,200,200,1,21,11,0,53,200
0,200,30,0,0,0,4,7,2,2,0,0,0,0,200,200,1,0,0,2,200,200
0,1,30,1,2,0,1,14,6,2,0,0,0,1,200,200,200,0,0,1,200,200
0,1,30,1,2,0,1,14,6,2,0,0,0,1,200,200,200,0,0,1,31,200
1,1,30,1,2,0,1,14,6,2,0,0,0,1,200,200,200,0,0,0,14,200
0,200,35,1,2,0,1,10,5,200,0,0,0,0,200,200,200,18,11,0,19,200
0,200,35,1,2,0,1,10,5,200,0,0,0,0,200,200,200,18,11,0,52,200
0,200,30,0,0,0,3,9,2,4,0,0,0,0,200,200,1,0,0,2,200,200
5,200,30,0,0,0,3,9,2,4,0,0,0,0,200,200,1,0,0,0,38,200
0,200,30,1,2,0,3,14,5,200,0,0,0,0,200,200,200,23,23,0,23,200
0,200,30,1,2,0,3,14,5,200,0,0,0,0,200,200,200,23,23,1,22,200
0,200,30,2,2,0,1,0,5,200,0,0,0,0,200,200,200,17,200,1,86,200
0,200,30,2,2,0,1,0,5,200,0,0,0,0,200,200,200,17,200,1,47,200
0,200,30,1,2,0,0,12,2,6,0,0,0,0,1,200,200,0,200,1,21,200
0,200,30,1,2,0,0,12,2,6,0,0,0,0,1,200,200,0,200,1,54,200
1,200,30,1,2,0,0,12,2,6,0,0,0,0,1,200,200,0,200,0,200,200
1,200,30,1,2,0,0,12,2,6,0,0,0,0,1,200,200,0,200,1,16,200
0,200,30,2,2,0,1,10,6,1,0,0,0,0,200,200,200,20,200,0,24,200
0,200,30,2,2,0,1,10,6,1,0,0,0,0,200,200,200,20,200,1,62,200
0,200,20,2,2,0,1,0,5,2,0,0,0,0,200,200,200,0,0,0,39,200
0,200,20,2,2,0,1,0,5,2,0,0,0,0,200,200,200,0,0,1,26,200
1,200,20,2,2,0,1,0,5,2,0,0,0,0,200,200,200,0,0,0,29,200
0,200,25,2,0,0,1,14,5,200,0,0,0,0,200,200,200,5,23,0,27,200
0,200,25,2,0,0,1,14,5,200,0,0,0,0,200,200,200,5,23,1,29,200
1,200,25,2,0,0,1,14,5,200,0,0,0,0,200,200,200,5,23,1,200,200
0,200,30,0,0,200,200,7,6,1,0,200,0,0,200,200,1,0,200,2,200,200
4,200,30,4,2,0,1,8,5,4,2,0,0,1,1,200,200,17,200,1,26,200
0,200,30,4,2,0,1,8,5,4,2,0,0,1,1,200,200,17,200,0,33,200
0,200,30,1,2,0,1,10,2,200,0,0,0,0,1,200,200,7,200,1,42,200
0,200,30,1,2,0,1,10,2,200,0,0,0,0,1,200,200,7,200,0,49,200
0,200,30,2,2,0,1,12,5,200,0,0,0,0,200,200,200,0,0,1,57,200
0,200,30,2,2,0,1,12,5,200,0,0,0,0,200,200,200,0,0,0,46,200
0,1,30,0,0,0,200,7,5,200,0,0,0,0,200,200,1,17,18,2,200,200
0,200,30,1,2,0,1,10,5,200,0,0,0,0,1,200,200,11,200,0,18,200
0,200,30,1,2,0,1,10,5,200,0,0,0,0,1,200,200,11,200,1,20,200
0,200,30,1,2,0,1,10,5,200,0,0,0,0,1,200,200,11,200,1,35,200
1,200,30,1,2,0,1,10,5,200,0,0,0,0,1,200,200,11,200,1,19,200
0,200,30,0,0,0,1,7,2,200,0,0,0,0,200,200,200,0,200,1,30,200
0,200,30,0,0,0,1,14,5,2,0,0,0,1,1,200,200,0,0,0,87,200
0,200,30,0,0,0,1,14,5,2,0,0,0,1,1,200,200,0,0,1,39,200
1,200,30,0,0,0,1,14,5,2,0,0,0,1,1,200,200,0,0,200,200,200
1,200,30,0,0,0,1,14,5,2,0,0,0,1,1,200,200,0,0,0,77,200
1,200,30,0,0,0,1,14,5,2,0,0,0,1,1,200,200,0,0,1,74,200
1,200,30,0,0,0,1,14,5,2,0,0,0,1,1,200,200,0,0,1,6,200
0,200,30,0,0,0,1,10,5,200,0,0,0,0,200,200,200,0,200,0,32,200
0,200,30,0,0,0,1,10,5,200,0,0,0,0,200,200,200,0,200,1,200,200
1,200,30,0,0,0,1,10,5,200,0,0,0,0,200,200,200,0,200,200,200,200
1,200,30,0,0,0,1,10,5,200,0,0,0,0,200,200,200,0,200,200,200,200
0,1,25,0,0,0,3,7,6,1,0,0,0,0,200,200,1,0,0,2,200,200
0,1,30,0,0,0,1,7,5,2,0,0,0,0,200,200,1,0,0,2,200,200
0,200,30,1,2,0,1,12,1,4,2,0,12,0,200,200,200,0,34,1,28,200
0,200,30,1,2,0,1,12,1,4,2,0,12,0,200,200,200,0,34,0,23,200
0,200,30,0,0,0,1,10,6,200,0,0,0,0,200,200,1,0,0,0,200,200
0,200,30,0,0,0,1,10,6,200,0,0,0,0,200,200,1,0,0,1,200,200
0,200,30,1,2,0,1,0,2,4,0,0,0,1,200,200,200,0,200,1,57,200
0,200,30,1,2,0,1,0,2,4,0,0,0,1,200,200,200,0,200,0,75,200
1,200,30,1,2,0,1,0,2,4,0,0,0,1,200,200,200,0,200,1,200,200
1,200,30,1,2,0,1,0,2,4,0,0,0,1,200,200,200,0,200,1,63,200
1,200,30,1,2,0,1,0,2,4,0,0,0,1,200,200,200,0,200,1,71,200
0,1,20,0,0,0,1,7,5,200,0,0,0,0,200,200,1,17,200,2,200,200
0,200,30,2,2,0,1,0,12,2,3,0,0,1,1,200,200,5,16,0,61,200
0,200,30,2,2,0,1,0,12,2,3,0,0,1,1,200,200,5,16,1,42,200
1,200,30,2,2,0,1,0,12,2,3,0,0,1,1,200,200,5,16,1,58,200
1,200,30,2,2,0,1,0,12,2,3,0,0,1,1,200,200,5,16,0,11,200
1,200,30,2,2,0,1,0,12,2,3,0,0,1,1,200,200,5,16,0,5,200
1,200,30,2,2,0,1,0,12,2,3,0,0,1,1,200,200,5,16,0,24,200
1,200,30,2,2,0,1,0,12,2,3,0,0,1,1,200,200,5,16,0,200,200
1,200,30,2,2,0,1,0,12,2,3,0,0,1,1,200,200,5,16,1,200,200
0,200,30,0,200,0,1,14,7,200,0,0,0,0,200,200,1,10,200,0,200,200
0,200,30,0,200,0,1,14,7,200,0,0,0,0,200,200,1,10,200,0,200,200
0,1,30,0,0,200,200,7,5,200,0,0,0,1,200,200,1,0,200,2,200,200
0,200,30,1,2,0,2,14,1,3,0,0,0,0,1,200,200,11,200,0,70,200
0,200,30,1,2,0,2,14,1,3,0,0,0,0,1,200,200,11,200,0,52,200
0,200,30,0,0,0,1,5,5,2,0,0,0,0,200,200,200,0,200,1,59,200
0,200,30,0,0,0,1,5,5,2,0,0,0,0,200,200,200,0,200,1,46,200
1,200,30,0,0,0,1,5,5,2,0,0,0,0,200,200,200,0,200,0,28,200
0,200,30,1,2,0,1,10,2,200,0,0,0,1,200,200,200,18,17,1,18,200
0,200,30,1,2,0,1,10,2,200,0,0,0,1,200,200,200,18,17,1,31,200
0,200,30,1,2,0,1,14,3,4,0,0,0,1,1,200,200,23,0,1,48,200
0,200,30,1,2,0,1,14,3,4,0,0,0,1,1,200,200,23,0,1,51,200
1,200,30,1,2,0,1,14,3,4,0,0,0,1,1,200,200,23,0,1,44,200
1,200,30,1,2,0,1,14,3,4,0,0,0,1,1,200,200,23,0,0,57,200
1,200,30,1,2,0,1,14,3,4,0,0,0,1,1,200,200,23,0,0,15,200
0,200,30,0,0,0,1,12,3,200,0,0,0,1,200,200,1,0,0,1,200,200
0,200,30,0,0,0,1,12,3,200,0,0,0,1,200,200,1,0,0,1,52,200
0,200,30,0,0,0,3,7,6,200,0,0,200,0,200,200,0,0,20,0,200,200
0,200,30,2,2,0,1,0,5,0,0,0,0,0,200,200,200,17,200,1,16,200
0,200,30,2,2,0,1,0,5,0,0,0,0,0,200,200,200,17,200,0,31,200
0,200,30,0,0,0,1,7,6,1,0,0,0,0,200,200,1,25,200,0,200,200
1,200,30,0,0,0,1,7,6,1,0,0,0,0,200,200,1,25,200,2,200,200
1,200,30,0,0,0,1,7,6,1,0,0,0,0,200,200,1,25,200,2,200,200
1,200,30,0,0,0,1,7,6,1,0,0,0,0,200,200,1,25,200,2,200,200
0,200,30,0,0,0,1,12,5,2,0,0,0,0,200,200,200,21,0,0,62,200
0,200,30,0,0,0,1,12,5,2,0,0,0,0,200,200,200,21,0,0,56,200
0,200,0,0,0,0,1,10,7,0,0,0,0,0,200,1,1,0,0,1,200,200
0,200,0,0,0,0,1,10,7,0,0,0,0,0,200,1,1,0,0,0,19,200
0,200,30,0,0,0,1,10,2,200,0,0,0,1,200,200,200,18,200,0,49,200
0,200,30,0,0,0,1,10,2,200,0,0,0,1,200,200,200,18,200,0,27,200
0,200,30,0,0,0,1,10,2,200,0,0,0,1,200,200,200,18,200,0,20,200
1,200,30,0,0,0,1,10,2,200,0,0,0,1,200,200,200,18,200,1,200,200
0,200,30,0,0,200,200,7,6,1,0,200,0,0,200,200,1,20,200,1,200,200
0,200,30,1,2,0,1,10,5,4,0,200,200,0,200,200,200,18,18,0,38,200
0,200,30,1,2,0,1,10,5,4,0,200,200,0,200,200,200,18,18,1,25,200
0,200,30,1,2,0,1,10,5,4,0,200,200,0,200,200,200,18,18,0,27,200
1,200,30,1,2,0,1,10,5,4,0,200,200,0,200,200,200,18,18,1,29,200
0,0,20,0,0,0,1,7,5,2,0,0,0,0,200,200,1,0,0,2,200,200
0,200,30,0,0,0,1,7,6,200,0,0,0,0,200,200,1,200,200,2,200,200
0,200,30,1,2,0,1,0,3,3,0,0,0,1,1,200,200,0,0,0,28,200
0,200,30,1,2,0,1,0,3,3,0,0,0,1,1,200,200,0,0,0,49,200
1,200,30,1,2,0,1,0,3,3,0,0,0,1,1,200,200,0,0,1,25,200
1,200,30,1,2,0,1,0,3,3,0,0,0,1,1,200,200,0,0,1,5,200
1,200,30,1,2,0,1,0,3,3,0,0,0,1,1,200,200,0,0,1,9,200
1,200,30,1,2,0,1,0,3,3,0,0,0,1,1,200,200,0,0,0,11,200
1,200,30,1,2,0,1,0,3,3,0,0,0,1,1,200,200,0,0,1,49,200
1,200,30,1,2,0,1,0,3,3,0,0,0,1,1,200,200,0,0,0,13,200
0,200,30,2,0,0,1,0,5,2,0,0,0,1,1,200,200,17,200,1,54,200
0,200,30,2,0,0,1,0,5,2,0,0,0,1,1,200,200,17,200,1,40,200
0,200,30,0,0,0,1,2,0,200,0,0,0,1,200,0,200,16,200,0,81,200
1,200,30,0,0,0,1,2,0,200,0,0,0,1,200,0,200,16,200,1,81,200
0,200,30,0,0,0,0,10,2,200,0,0,0,0,200,200,200,0,0,0,200,200
0,200,30,0,0,0,0,10,2,200,0,0,0,0,200,200,200,0,0,1,33,200
1,200,30,0,0,0,0,10,2,200,0,0,0,0,200,200,200,0,0,0,7,200
0,200,5,0,0,0,1,7,7,0,0,0,0,0,200,200,200,0,0,0,200,200
1,200,5,0,0,0,1,7,7,0,0,0,0,0,200,200,200,0,0,0,200,200
0,200,30,0,0,0,1,0,5,2,0,0,0,1,200,200,200,17,16,0,24,200
0,200,30,0,0,0,1,0,5,2,0,0,0,1,200,200,200,17,16,0,0,200
1,200,30,0,0,0,1,0,5,2,0,0,0,1,200,200,200,17,16,1,200,200
0,200,30,1,2,0,1,12,5,200,0,0,0,0,1,200,200,17,22,0,200,200
0,200,30,1,2,0,1,12,5,200,0,0,0,0,1,200,200,17,22,1,38,200
1,200,30,1,2,0,1,12,5,200,0,0,0,0,1,200,200,17,22,1,200,200
1,200,30,1,2,0,1,12,5,200,0,0,0,0,1,200,200,17,22,1,200,200
0,200,20,0,0,0,1,11,5,2,0,0,0,0,200,200,0,12,25,2,200,200