PERSON_TYPE,CRASH_DATE_EST_I,POSTED_SPEED_LIMIT,TRAFFIC_CONTROL_DEVICE,DEVICE_CONDITION,WEATHER_CONDITION,LIGHTING_CONDITION,FIRST_CRASH_TYPE,TRAFFICWAY_TYPE,LANE_CNT,ALIGNMENT,ROADWAY_SURFACE_COND,ROAD_DEFECT,CRASH_TYPE,INTERSECTION_RELATED_I,NOT_RIGHT_OF_WAY_I,HIT_AND_RUN_I,PRIM_CONTRIBUTORY_CAUSE,SEC_CONTRIBUTORY_CAUSE,SEX,AGE,BAC_RESULT VALUE
0,200,20,0,0,0,1,11,5,2,0,0,0,0,200,200,0,12,25,0,27,200
0,200,30,1,2,0,1,12,5,200,0,0,0,0,200,200,1,17,200,1,200,200
0,200,30,1,2,0,1,12,5,200,0,0,0,0,200,200,1,17,200,0,31,200
0,200,30,1,2,0,1,12,3,200,0,0,0,0,200,200,200,0,0,0,38,200
0,200,30,1,2,0,1,12,3,200,0,0,0,0,200,200,200,0,0,0,53,200
0,200,30,1,2,0,1,0,5,4,0,0,0,1,1,200,200,6,6,0,58,200
0,200,30,1,2,0,1,0,5,4,0,0,0,1,1,200,200,6,6,0,49,200
1,200,30,1,2,0,1,0,5,4,0,0,0,1,1,200,200,6,6,1,22,200
1,200,30,1,2,0,1,0,5,4,0,0,0,1,1,200,200,6,6,1,51,200
1,200,30,1,2,0,1,0,5,4,0,0,0,1,1,200,200,6,6,1,24,200
0,200,30,3,2,0,1,7,5,2,0,0,0,0,200,200,1,0,0,1,200,200
0,200,30,1,2,0,1,10,2,4,0,0,0,0,1,200,200,7,200,1,23,200
0,200,30,1,2,0,1,10,2,4,0,0,0,0,1,200,200,7,200,1,26,200
0,200,30,1,2,0,1,10,2,4,0,0,0,0,1,200,200,7,200,0,35,200
0,200,30,0,0,0,4,10,5,200,0,0,0,0,200,200,1,200,200,2,200,200
0,200,30,0,0,0,4,10,5,200,0,0,0,0,200,200,1,200,200,0,22,200
0,200,30,0,0,0,1,7,7,200,0,0,0,0,200,200,200,17,16,1,27,200
1,200,30,0,0,0,1,7,7,200,0,0,0,0,200,200,200,17,16,1,200,200
0,200,30,2,2,0,1,0,4,4,0,0,0,1,200,200,200,17,0,0,30,200
0,200,30,2,2,0,1,0,4,4,0,0,0,1,200,200,200,17,0,0,34,200
0,1,30,0,0,0,1,7,6,200,0,0,0,0,200,200,1,0,0,2,200,200
0,200,30,1,2,0,3,10,5,200,0,0,0,0,200,200,200,18,0,1,39,200
0,200,30,1,2,0,3,10,5,200,0,0,0,0,200,200,200,18,0,1,36,200
1,200,30,1,2,0,3,10,5,200,0,0,0,0,200,200,200,18,0,0,200,200
1,200,30,1,2,0,3,10,5,200,0,0,0,0,200,200,200,18,0,1,200,200
1,200,30,1,2,0,3,10,5,200,0,0,0,0,200,200,200,18,0,2,200,200
1,200,30,1,2,0,3,10,5,200,0,0,0,0,200,200,200,18,0,2,200,200
0,200,30,1,2,0,1,10,5,200,0,0,200,0,200,200,200,11,200,0,200,200
0,200,30,1,2,0,1,10,5,200,0,0,200,0,200,200,200,11,200,1,27,200
0,200,25,0,0,0,1,7,5,200,0,0,0,0,200,200,1,0,0,2,200,200
0,200,30,0,0,0,1,7,7,200,0,0,200,0,200,200,1,0,0,2,200,200
0,200,35,1,2,0,1,10,6,200,0,0,0,0,200,200,200,18,200,1,48,200
0,200,35,1,2,0,1,10,6,200,0,0,0,0,200,200,200,18,200,0,200,200
1,200,35,1,2,0,1,10,6,200,0,0,0,0,200,200,200,18,200,1,200,200
0,200,30,0,0,0,1,7,5,1,0,0,0,0,200,200,200,0,200,0,32,200
0,200,30,200,200,200,1,7,7,200,0,200,200,0,200,200,1,0,0,2,200,200
0,200,30,1,2,0,1,14,5,4,1,0,0,0,200,200,200,23,0,0,69,200
0,200,30,1,2,0,1,14,5,4,1,0,0,0,200,200,200,23,0,1,17,200
0,200,30,0,0,0,1,8,3,4,0,0,0,1,200,200,200,13,13,0,27,200
4,200,30,0,0,0,1,8,3,4,0,0,0,1,200,200,200,13,13,0,48,200
0,200,20,0,0,0,0,7,5,200,0,0,200,0,200,200,200,0,0,1,200,200
0,200,30,1,2,0,3,10,5,4,0,0,0,0,1,200,1,0,0,0,200,200
0,200,30,1,2,0,3,10,5,4,0,0,0,0,1,200,1,0,0,0,50,200
0,200,0,0,0,0,1,12,6,2,0,0,0,0,200,200,200,0,0,0,45,200
0,200,0,0,0,0,1,12,6,2,0,0,0,0,200,200,200,0,0,1,46,200
0,200,30,2,2,0,1,14,5,200,0,0,0,0,200,200,200,23,17,1,41,200
0,200,30,2,2,0,1,14,5,200,0,0,0,0,200,200,200,23,17,0,29,200
0,200,35,1,2,0,1,14,12,6,0,0,0,1,200,200,200,6,3,0,47,200
0,200,35,1,2,0,1,14,12,6,0,0,0,1,200,200,200,6,3,0,18,200
0,1,30,0,0,0,1,14,2,2,0,0,0,1,200,200,200,23,11,1,78,200
0,1,30,0,0,0,1,14,2,2,0,0,0,1,200,200,200,23,11,0,42,200
0,200,30,0,0,0,1,7,2,2,0,0,0,0,200,200,1,0,0,2,200,200
0,200,30,2,2,0,1,12,6,1,0,0,0,0,200,200,1,0,200,1,200,200
0,200,30,2,2,0,1,12,6,1,0,0,0,0,200,200,1,0,200,0,37,200
1,200,30,2,2,0,1,12,6,1,0,0,0,0,200,200,1,0,200,1,27,200
1,200,30,2,2,0,1,12,6,1,0,0,0,0,200,200,1,0,200,0,3,200
1,200,30,2,2,0,1,12,6,1,0,0,0,0,200,200,1,0,200,1,4,200
1,200,30,2,2,0,1,12,6,1,0,0,0,0,200,200,1,0,200,0,34,200
0,200,30,0,0,0,1,7,7,200,0,0,0,0,200,200,1,200,200,1,200,200
0,200,30,2,2,0,1,0,5,2,0,0,0,0,200,200,200,0,200,0,58,200
0,200,30,2,2,0,1,0,5,2,0,0,0,0,200,200,200,0,200,1,29,200
0,200,30,0,0,0,1,12,5,4,0,200,200,0,200,200,200,0,200,1,41,200
0,200,30,0,0,0,1,12,5,4,0,200,200,0,200,200,200,0,200,1,20,200
1,200,30,0,0,0,1,12,5,4,0,200,200,0,200,200,200,0,200,0,12,200
1,200,30,0,0,0,1,12,5,4,0,200,200,0,200,200,200,0,200,1,43,200
1,200,30,0,0,0,1,12,5,4,0,200,200,0,200,200,200,0,200,1,56,200
0,200,15,0,0,0,1,7,7,200,0,0,0,0,200,200,1,23,16,1,200,200
1,200,15,0,0,0,1,7,7,200,0,0,0,0,200,200,1,23,16,0,200,200
1,200,15,0,0,0,1,7,7,200,0,0,0,0,200,200,1,23,16,0,200,200
0,200,30,0,0,0,1,7,2,2,0,0,0,0,200,200,200,0,0,0,52,200
1,200,30,0,0,0,1,7,2,2,0,0,0,0,200,200,200,0,0,200,200,200
1,200,30,0,0,0,1,7,2,2,0,0,0,0,200,200,200,0,0,200,200,200
1,200,30,0,0,0,1,7,2,2,0,0,0,0,200,200,200,0,0,200,200,200
1,200,30,0,0,0,1,7,2,2,0,0,0,0,200,200,200,0,0,200,200,200
1,200,30,0,0,0,1,7,2,2,0,0,0,0,200,200,200,0,0,200,200,200
1,200,30,0,0,0,1,7,2,2,0,0,0,0,200,200,200,0,0,200,200,200
1,200,30,0,0,0,1,7,2,2,0,0,0,0,200,200,200,0,0,200,200,200
0,200,30,1,2,0,1,9,5,4,0,0,0,1,1,200,200,16,6,0,56,200
5,200,30,1,2,0,1,9,5,4,0,0,0,1,1,200,200,16,6,0,27,200
0,200,30,0,0,0,1,14,5,2,0,0,0,1,200,200,200,23,200,0,22,200
0,200,30,0,0,0,1,14,5,2,0,0,0,1,200,200,200,23,200,0,31,200
1,200,30,0,0,0,1,14,5,2,0,0,0,1,200,200,200,23,200,1,31,200
1,200,30,0,0,0,1,14,5,2,0,0,0,1,200,200,200,23,200,1,2,200
0,200,30,2,2,0,1,10,2,4,0,0,0,0,200,200,1,16,200,2,200,200
0,200,30,2,2,0,1,10,2,4,0,0,0,0,200,200,1,16,200,1,35,200
0,200,30,1,2,0,1,8,6,2,0,0,0,1,1,200,200,17,16,1,68,200
4,200,30,1,2,0,1,8,6,2,0,0,0,1,1,200,200,17,16,0,11,200
0,200,0,0,0,0,1,7,7,1,0,0,0,0,200,200,200,20,0,0,48,200
0,200,30,1,2,0,1,14,5,2,0,0,200,0,200,200,200,0,200,1,41,200
0,200,30,1,2,0,1,14,5,2,0,0,200,0,200,200,200,0,200,0,50,200
0,200,30,1,2,0,1,10,2,2,0,0,0,0,200,200,200,0,0,0,24,200
0,200,30,1,2,0,1,10,2,2,0,0,0,0,200,200,200,0,0,0,32,200
0,200,30,0,0,0,0,10,5,2,0,0,0,0,200,200,200,17,0,1,36,200
0,200,30,0,0,0,0,10,5,2,0,0,0,0,200,200,200,17,0,0,200,200
0,200,30,0,0,0,1,10,2,200,0,0,0,1,1,200,200,7,16,0,21,200
0,200,30,0,0,0,1,10,2,200,0,0,0,1,1,200,200,7,16,1,58,200
1,200,30,0,0,0,1,10,2,200,0,0,0,1,1,200,200,7,16,0,200,200
0,200,30,0,0,0,1,10,5,4,0,0,0,0,200,200,200,16,200,0,34,200
0,200,30,0,0,0,1,10,5,4,0,0,0,0,200,200,200,16,200,1,28,200
0,200,30,0,0,0,1,10,5,4,0,0,0,0,200,200,200,16,200,1,26,200
0,200,30,0,0,0,1,10,5,4,0,0,0,0,200,200,200,16,200,0,54,200
0,200,0,0,0,0,1,7,7,200,0,0,0,0,200,200,1,0,200,2,200,200
0,200,30,1,0,0,1,10,5,200,0,0,0,0,1,200,200,18,200,0,26,200
0,200,30,1,0,0,1,10,5,200,0,0,0,0,1,200,200,18,200,0,36,200
1,200,30,1,0,0,1,10,5,200,0,0,0,0,1,200,200,18,200,0,61,200
1,200,30,1,0,0,1,10,5,200,0,0,0,0,1,200,200,18,200,1,200,200
0,200,10,0,0,0,1,7,7,3,0,0,200,0,200,1,200,0,0,1,73,200
1,200,10,0,0,0,1,7,7,3,0,0,200,0,200,1,200,0,0,0,14,200
0,200,0,0,0,0,1,0,7,0,0,200,200,0,200,1,200,0,0,1,37,200
0,200,0,0,0,0,1,0,7,0,0,200,200,0,200,1,200,0,0,0,42,200
0,200,30,1,2,0,1,10,3,4,0,0,0,0,1,200,1,18,0,2,200,200
0,200,30,1,2,0,1,10,3,4,0,0,0,0,1,200,1,18,0,1,17,200
0,200,30,0,0,0,1,10,3,2,0,0,0,0,200,200,1,18,18,0,200,200
0,200,30,0,0,0,1,10,3,2,0,0,0,0,200,200,1,18,18,1,27,200
1,200,30,0,0,0,1,10,3,2,0,0,0,0,200,200,1,18,18,0,200,200
1,200,30,0,0,0,1,10,3,2,0,0,0,0,200,200,1,18,18,0,200,200
0,200,30,1,2,0,1,14,5,200,0,0,0,0,1,200,200,0,0,1,39,200
0,200,30,1,2,0,1,14,5,200,0,0,0,0,1,200,200,0,0,0,26,200
0,200,0,0,0,0,4,12,2,2,0,0,0,0,200,200,200,0,0,0,85,200
0,200,30,0,0,0,1,10,5,200,0,0,0,1,200,200,200,18,200,0,50,200
0,200,30,0,0,0,1,10,5,200,0,0,0,1,200,200,200,18,200,1,46,200
1,200,30,0,0,0,1,10,5,200,0,0,0,1,200,200,200,18,200,1,77,200
0,1,15,0,0,0,1,2,0,200,0,0,0,0,200,1,1,0,0,2,200,200
3,1,15,0,0,0,1,2,0,200,0,0,0,0,200,1,1,0,0,0,73,200
0,200,30,4,0,0,1,10,2,200,0,0,0,0,0,200,200,18,18,0,200,200
0,200,30,4,0,0,1,10,2,200,0,0,0,0,0,200,200,18,18,1,53,200
0,200,30,0,0,0,1,10,7,200,0,0,0,0,200,1,200,0,0,1,200,200
0,200,30,0,0,0,1,10,7,200,0,0,0,0,200,1,200,0,0,0,70,200
0,200,30,0,0,0,1,10,5,200,0,0,0,0,200,200,1,18,0,0,200,200
0,200,30,0,0,0,1,10,5,200,0,0,0,0,200,200,1,18,0,0,58,200
0,200,30,1,2,0,1,10,5,2,0,0,0,0,1,200,200,0,0,0,200,200
0,200,30,1,2,0,1,10,5,2,0,0,0,0,1,200,200,0,0,0,200,200
0,200,30,1,2,0,1,10,5,200,0,0,0,0,200,200,200,0,0,1,200,200
0,200,30,1,2,0,1,10,5,200,0,0,0,0,200,200,200,0,0,0,32,200
0,200,30,1,1,0,1,12,5,2,0,0,0,1,1,200,200,22,200,0,23,200
0,200,30,1,1,0,1,12,5,2,0,0,0,1,1,200,200,22,200,1,51,200
1,200,30,1,1,0,1,12,5,2,0,0,0,1,1,200,200,22,200,1,59,200
1,200,30,1,1,0,1,12,5,2,0,0,0,1,1,200,200,22,200,0,8,200
1,200,30,1,1,0,1,12,5,2,0,0,0,1,1,200,200,22,200,1,6,200
1,200,30,1,1,0,1,12,5,2,0,0,0,1,1,200,200,22,200,1,65,200
0,200,30,0,0,0,1,10,7,200,0,0,0,0,200,1,200,200,200,0,18,200
0,200,30,0,0,0,1,10,7,200,0,0,0,0,200,1,200,200,200,1,36,200
0,200,30,2,2,0,1,10,6,2,0,0,200,0,200,200,200,0,200,0,41,200
0,200,30,2,2,0,1,10,6,2,0,0,200,0,200,200,200,0,200,0,45,200
0,200,30,1,2,0,3,14,3,4,0,0,0,1,1,200,200,17,0,1,51,200
0,200,30,1,2,0,3,14,3,4,0,0,0,1,1,200,200,17,0,0,59,200
1,200,30,1,2,0,3,14,3,4,0,0,0,1,1,200,200,17,0,0,37,200
1,200,30,1,2,0,3,14,3,4,0,0,0,1,1,200,200,17,0,0,200,200
0,200,30,0,0,0,1,2,5,200,0,0,0,1,200,200,200,0,0,0,36,200
1,200,30,0,0,0,1,2,5,200,0,0,0,1,200,200,200,0,0,1,200,200
0,200,15,200,200,0,0,10,5,200,0,0,0,0,200,200,200,0,0,0,60,200
0,200,15,200,200,0,0,10,5,200,0,0,0,0,200,200,200,0,0,0,26,200
0,200,30,0,0,0,1,12,2,4,0,200,200,0,200,200,1,17,17,1,200,200
0,200,30,0,0,0,1,12,2,4,0,200,200,0,200,200,1,17,17,1,48,200
1,200,30,0,0,0,1,12,2,4,0,200,200,0,200,200,1,17,17,1,13,200
0,200,20,0,0,0,1,8,5,2,0,0,0,1,1,200,200,17,0,0,74,200
4,200,20,0,0,0,1,8,5,2,0,0,0,1,1,200,200,17,0,0,11,200
0,200,45,0,0,0,3,10,3,4,3,200,200,1,200,200,1,0,200,2,200,200
0,200,45,0,0,0,3,10,3,4,3,200,200,1,200,200,1,0,200,1,27,200
0,200,0,2,2,0,1,10,2,4,0,0,0,0,200,200,200,18,0,0,200,200
0,200,0,2,2,0,1,10,2,4,0,0,0,0,200,200,200,18,0,0,36,200
0,200,35,0,0,0,1,7,2,6,0,0,0,0,200,200,1,0,27,2,200,200
0,200,30,2,2,0,1,0,5,1,0,0,0,1,1,200,200,12,12,1,46,200
0,200,30,2,2,0,1,0,5,1,0,0,0,1,1,200,200,12,12,0,25,200
1,200,30,2,2,0,1,0,5,1,0,0,0,1,1,200,200,12,12,1,8,200
0,200,30,1,200,200,200,14,5,4,0,200,200,1,200,200,200,0,0,1,0,200
0,200,30,1,200,200,200,14,5,4,0,200,200,1,200,200,200,0,0,1,47,200
1,200,30,1,200,200,200,14,5,4,0,200,200,1,200,200,200,0,0,1,200,200
0,200,30,2,2,0,1,0,2,200,0,0,0,1,1,1,200,17,16,0,22,200
0,200,30,2,2,0,1,0,2,200,0,0,0,1,1,1,200,17,16,0,27,200
0,200,30,0,0,200,200,7,5,2,0,200,0,0,200,200,1,0,200,2,200,200
0,200,30,0,0,0,0,14,5,2,0,0,0,0,200,200,200,17,200,0,38,200
0,200,30,0,0,0,0,14,5,2,0,0,0,0,200,200,200,17,200,0,58,200
0,200,20,0,0,0,1,10,6,3,0,0,0,1,200,200,1,20,200,2,200,200
0,200,20,0,0,0,1,10,6,3,0,0,0,1,200,200,1,20,200,0,30,200
0,200,15,0,0,0,1,7,7,200,0,0,0,0,200,1,1,0,0,1,200,200
1,200,15,0,0,0,1,7,7,200,0,0,0,0,200,1,1,0,0,0,57,200
0,200,30,1,2,0,1,10,5,2,0,0,0,1,200,200,200,18,200,0,26,200
0,200,30,1,2,0,1,10,5,2,0,0,0,1,200,200,200,18,200,0,32,200
1,200,30,1,2,0,1,10,5,2,0,0,0,1,200,200,200,18,200,0,200,200
1,200,30,1,2,0,1,10,5,2,0,0,0,1,200,200,200,18,200,0,200,200
0,200,30,0,0,0,1,7,3,2,0,0,0,0,200,200,200,11,11,0,51,200
0,200,30,1,2,0,1,10,5,200,0,0,0,0,200,200,200,18,200,1,23,200
0,200,30,1,2,0,1,10,5,200,0,0,0,0,200,200,200,18,200,1,46,200
0,200,15,0,0,0,1,10,7,200,0,0,0,0,200,200,200,17,0,1,31,200
0,200,15,0,0,0,1,10,7,200,0,0,0,0,200,200,200,17,0,0,71,200
0,200,30,0,0,0,1,10,5,200,0,0,0,0,200,200,200,18,7,0,47,200
0,200,30,0,0,0,1,10,5,200,0,0,0,0,200,200,200,18,7,0,34,200
0,200,10,0,0,0,1,7,7,200,0,200,200,0,200,200,200,20,20,0,60,200
0,200,25,0,0,0,1,7,5,200,0,0,0,0,200,200,1,0,0,1,200,200
0,200,35,0,0,0,1,14,3,7,0,0,0,1,1,200,200,17,33,1,32,200
0,200,35,0,0,0,1,14,3,7,0,0,0,1,1,200,200,17,33,1,65,200
0,200,15,0,0,0,1,14,7,1,0,0,0,0,200,200,1,0,200,0,200,200
0,200,15,0,0,0,1,14,7,1,0,0,0,0,200,200,1,0,200,0,31,200
1,200,15,0,0,0,1,14,7,1,0,0,0,0,200,200,1,0,200,1,200,200
1,200,15,0,0,0,1,14,7,1,0,0,0,0,200,200,1,0,200,1,200,200
0,200,30,0,0,0,1,10,5,2,0,0,0,0,200,200,200,18,0,0,22,200
0,200,30,0,0,0,1,10,5,2,0,0,0,0,200,200,200,18,0,0,28,200
0,200,30,1,2,0,1,14,3,4,0,0,0,1,1,200,200,17,23,0,36,200
0,200,30,1,2,0,1,14,3,4,0,0,0,1,1,200,200,17,23,1,26,200
1,200,30,1,2,0,1,14,3,4,0,0,0,1,1,200,200,17,23,1,29,200
1,200,30,1,2,0,1,14,3,4,0,0,0,1,1,200,200,17,23,0,66,200
1,200,30,1,2,0,1,14,3,4,0,0,0,1,1,200,200,17,23,0,2,200
1,200,30,1,2,0,1,14,3,4,0,0,0,1,1,200,200,17,23,0,6,200
1,200,30,1,2,0,1,14,3,4,0,0,0,1,1,200,200,17,23,0,4,200
1,200,30,1,2,0,1,14,3,4,0,0,0,1,1,200,200,17,23,1,1,200
0,200,30,0,0,0,1,12,5,200,0,0,0,0,200,200,200,23,200,1,23,200
0,200,30,0,0,0,1,12,5,200,0,0,0,0,200,200,200,23,200,1,27,200
0,200,25,2,2,0,1,14,6,200,0,0,0,0,200,200,1,18,10,0,200,200
0,200,25,2,2,0,1,14,6,200,0,0,0,0,200,200,1,18,10,1,39,200
0,200,30,1,2,0,1,9,2,2,0,0,0,1,1,200,200,17,0,0,31,200
5,200,30,1,2,0,1,9,2,2,0,0,0,1,1,200,200,17,0,0,66,200
1,200,30,1,2,0,1,9,2,2,0,0,0,1,1,200,200,17,0,1,25,200
1,200,30,1,2,0,1,9,2,2,0,0,0,1,1,200,200,17,0,1,2,200
0,200,45,0,0,0,1,10,3,8,0,0,200,1,200,200,200,18,0,0,31,200
0,200,45,0,0,0,1,10,3,8,0,0,200,1,200,200,200,18,0,0,38,200
1,200,45,0,0,0,1,10,3,8,0,0,200,1,200,200,200,18,0,1,51,200
0,200,30,1,2,0,1,2,5,2,0,0,0,0,200,200,200,16,11,0,37,200
0,200,30,0,0,2,1,12,6,1,0,0,0,0,1,200,200,17,16,1,200,200
0,200,30,0,0,2,1,12,6,1,0,0,0,0,1,200,200,17,16,0,200,200
0,200,30,200,200,0,1,10,5,2,2,0,0,1,200,200,1,25,25,2,200,200
0,200,30,200,200,0,1,10,5,2,2,0,0,1,200,200,1,25,25,1,44,200
0,200,30,200,200,0,1,10,5,2,2,0,0,1,200,200,1,25,25,1,40,200
0,200,30,200,200,0,1,10,5,2,2,0,0,1,200,200,1,25,25,0,60,200
0,200,30,0,0,0,1,7,7,200,0,0,0,0,200,200,1,11,200,2,200,200
0,200,0,2,2,0,1,10,5,1,0,0,0,0,200,200,200,0,0,0,22,200
0,200,0,2,2,0,1,10,5,1,0,0,0,0,200,200,200,0,0,1,66,200
0,200,30,12,0,0,1,9,2,4,0,0,0,0,200,200,200,17,200,0,34,200
5,200,30,12,0,0,1,9,2,4,0,0,0,0,200,200,200,17,200,0,36,200
0,200,30,0,0,0,1,2,3,200,0,0,0,0,200,200,200,13,13,0,53,200
0,200,20,0,0,0,1,7,6,200,0,0,0,0,200,200,200,0,0,0,35,200
0,200,30,1,2,0,1,14,5,200,0,0,0,0,1,200,200,23,200,0,18,200
0,200,30,1,2,0,1,14,5,200,0,0,0,0,1,200,200,23,200,0,29,200
1,200,30,1,2,0,1,14,5,200,0,0,0,0,1,200,200,23,200,1,200,200
1,200,30,1,2,0,1,14,5,200,0,0,0,0,1,200,200,23,200,0,200,200
1,200,30,1,2,0,1,14,5,200,0,0,0,0,1,200,200,23,200,1,200,200
0,200,30,2,2,0,1,8,5,2,0,0,0,1,200,200,200,17,200,0,31,200
4,200,30,2,2,0,1,8,5,2,0,0,0,1,200,200,200,17,200,0,22,200
0,200,30,1,2,0,1,10,5,200,0,0,0,0,200,200,200,0,0,1,21,200
0,200,30,1,2,0,1,10,5,200,0,0,0,0,200,200,200,0,0,0,47,200
0,200,30,0,0,0,1,12,5,200,0,0,0,1,200,200,200,17,17,1,0,200
0,200,30,0,0,0,1,12,5,200,0,0,0,1,200,200,200,17,17,0,23,200
0,200,35,0,0,0,1,7,5,2,0,0,0,0,200,200,1,0,0,2,200,200
0,200,20,1,2,0,1,10,2,200,0,0,200,0,200,200,1,18,18,0,200,200
0,200,20,1,2,0,1,10,2,200,0,0,200,0,200,200,1,18,18,0,55,200
0,200,35,1,2,0,1,0,2,6,0,0,0,0,1,200,200,17,0,0,19,200
0,200,35,1,2,0,1,0,2,6,0,0,0,0,1,200,200,17,0,1,28,200
0,1,30,0,0,0,200,7,2,1,0,0,200,0,200,200,1,200,200,2,200,200
0,200,15,0,0,0,1,0,6,1,0,0,0,0,200,200,200,17,17,0,21,200
0,200,15,0,0,0,1,0,6,1,0,0,0,0,200,200,200,17,17,1,35,200
1,200,15,0,0,0,1,0,6,1,0,0,0,0,200,200,200,17,17,0,18,200
0,200,30,0,0,0,4,12,5,200,0,0,0,0,200,200,200,17,200,0,19,200
0,200,30,0,0,0,4,12,5,200,0,0,0,0,200,200,200,17,200,0,23,200
0,200,35,0,0,0,1,12,6,200,0,0,0,0,200,200,200,7,0,0,44,200
0,200,35,0,0,0,1,12,6,200,0,0,0,0,200,200,200,7,0,1,35,200
1,200,35,0,0,0,1,12,6,200,0,0,0,0,200,200,200,7,0,0,38,200
1,200,35,0,0,0,1,12,6,200,0,0,0,0,200,200,200,7,0,1,0,200
1,200,35,0,0,0,1,12,6,200,0,0,0,0,200,200,200,7,0,0,200,200
1,200,35,0,0,0,1,12,6,200,0,0,0,0,200,200,200,7,0,1,200,200
0,200,25,0,0,0,1,0,5,2,0,0,0,0,200,200,200,17,0,0,200,200
0,200,25,0,0,0,1,0,5,2,0,0,0,0,200,200,200,17,0,1,31,200
0,200,30,0,0,0,1,12,5,2,0,0,0,0,200,200,200,0,0,1,44,200
0,200,30,0,0,0,1,12,5,2,0,0,0,0,200,200,200,0,0,1,33,200
0,200,30,0,0,0,1,12,6,200,0,0,0,0,200,200,1,18,16,1,30,200
0,200,30,0,0,0,1,12,6,200,0,0,0,0,200,200,1,18,16,0,200,200
0,200,30,0,0,0,1,10,5,2,0,0,0,0,200,200,1,18,0,0,200,200
0,200,30,0,0,0,1,10,5,2,0,0,0,0,200,200,1,18,0,0,18,200
1,200,30,0,0,0,1,10,5,2,0,0,0,0,200,200,1,18,0,0,20,200
1,200,30,0,0,0,1,10,5,2,0,0,0,0,200,200,1,18,0,0,22,200
1,200,30,0,0,0,1,10,5,2,0,0,0,0,200,200,1,18,0,0,24,200
1,200,30,0,0,0,1,10,5,2,0,0,0,0,200,200,1,18,0,0,22,200
0,200,30,0,0,0,4,12,2,2,0,0,0,0,200,200,1,18,18,0,200,200
0,200,30,0,0,0,4,12,2,2,0,0,0,0,200,200,1,18,18,0,46,200
1,200,30,0,0,0,4,12,2,2,0,0,0,0,200,200,1,18,18,200,43,200
1,200,30,0,0,0,4,12,2,2,0,0,0,0,200,200,1,18,18,0,17,200
0,200,35,0,0,0,1,0,5,2,0,0,0,0,200,200,200,17,0,0,68,200
0,200,35,0,0,0,1,0,5,2,0,0,0,0,200,200,200,17,0,0,46,200
1,200,35,0,0,0,1,0,5,2,0,0,0,0,200,200,200,17,0,0,48,200
0,200,30,0,0,0,1,7,6,1,0,0,0,0,200,200,1,0,200,2,200,200
0,200,30,0,0,0,1,8,3,2,0,0,0,1,1,200,1,18,200,0,200,200
4,200,30,0,0,0,1,8,3,2,0,0,0,1,1,200,1,18,200,1,28,200
0,200,25,0,0,0,4,7,12,1,0,0,0,0,200,200,200,27,0,0,74,200
0,200,25,1,2,0,1,10,5,200,0,0,0,0,1,200,200,18,16,1,0,200
0,200,25,1,2,0,1,10,5,200,0,0,0,0,1,200,200,18,16,1,39,200
1,200,25,1,2,0,1,10,5,200,0,0,0,0,1,200,200,18,16,1,39,200
0,200,30,1,2,0,1,10,6,2,2,0,0,1,1,200,200,16,0,0,0,200
0,200,30,1,2,0,1,10,6,2,2,0,0,1,1,200,200,16,0,0,41,200
0,200,30,1,2,0,1,10,6,2,2,0,0,1,1,200,200,16,0,1,20,200
1,200,30,1,2,0,1,10,6,2,2,0,0,1,1,200,200,16,0,1,39,200
1,200,30,1,2,0,1,10,6,2,2,0,0,1,1,200,200,16,0,1,4,200
1,200,30,1,2,0,1,10,6,2,2,0,0,1,1,200,200,16,0,0,21,200
0,1,30,200,200,0,2,7,7,200,0,200,200,0,200,200,1,0,200,2,200,200
0,200,30,2,2,0,1,14,5,2,0,0,0,0,200,200,1,22,25,0,200,200
0,200,30,2,2,0,1,14,5,2,0,0,0,0,200,200,1,22,25,0,43,200
0,200,30,0,0,0,1,12,5,2,0,0,0,0,200,200,200,0,200,0,22,200
0,200,30,0,0,0,1,12,5,2,0,0,0,0,200,200,200,0,200,1,57,200
0,200,30,1,2,0,1,12,5,2,0,0,0,0,200,200,1,22,200,2,200,200
0,200,30,1,2,0,1,12,5,2,0,0,0,0,200,200,1,22,200,1,50,200
1,200,30,1,2,0,1,12,5,2,0,0,0,0,200,200,1,22,200,1,200,200
1,200,30,1,2,0,1,12,5,2,0,0,0,0,200,200,1,22,200,0,200,200
0,200,30,2,2,0,1,10,5,200,0,0,0,0,1,200,200,18,0,1,57,200
0,200,30,2,2,0,1,10,5,200,0,0,0,0,1,200,200,18,0,1,32,200
1,200,30,2,2,0,1,10,5,200,0,0,0,0,1,200,200,18,0,0,35,200
1,200,30,2,2,0,1,10,5,200,0,0,0,0,1,200,200,18,0,0,1,200
1,200,30,2,2,0,1,10,5,200,0,0,0,0,1,200,200,18,0,1,7,200
1,200,30,2,2,0,1,10,5,200,0,0,0,0,1,200,200,18,0,0,12,200
0,200,0,0,0,0,1,10,7,200,0,0,200,0,200,200,200,0,0,1,75,200
0,200,0,0,0,0,1,10,7,200,0,0,200,0,200,200,200,0,0,1,55,200
0,200,20,1,2,0,1,10,2,200,0,0,200,0,200,200,1,18,18,0,200,200
0,200,20,1,2,0,1,10,2,200,0,0,200,0,200,200,1,18,18,1,26,200
0,1,30,2,2,0,3,14,2,4,0,0,0,0,1,200,200,21,16,0,200,200
0,1,30,2,2,0,3,14,2,4,0,0,0,0,1,200,200,21,16,0,33,200