PERSON_TYPE,CRASH_DATE_EST_I,POSTED_SPEED_LIMIT,TRAFFIC_CONTROL_DEVICE,DEVICE_CONDITION,WEATHER_CONDITION,LIGHTING_CONDITION,FIRST_CRASH_TYPE,TRAFFICWAY_TYPE,LANE_CNT,ALIGNMENT,ROADWAY_SURFACE_COND,ROAD_DEFECT,CRASH_TYPE,INTERSECTION_RELATED_I,NOT_RIGHT_OF_WAY_I,HIT_AND_RUN_I,PRIM_CONTRIBUTORY_CAUSE,SEC_CONTRIBUTORY_CAUSE,SEX,AGE,BAC_RESULT VALUE
0,200,35,1,2,0,1,10,2,4,0,0,0,0,1,200,200,18,17,0,48,200
0,200,35,1,2,0,1,10,2,4,0,0,0,0,1,200,200,18,17,0,58,200
0,200,35,1,2,0,1,10,2,4,0,0,0,0,1,200,200,18,17,1,39,200
0,200,35,1,2,0,1,10,2,4,0,0,0,0,1,200,200,18,17,0,22,200
1,200,35,1,2,0,1,10,2,4,0,0,0,0,1,200,200,18,17,1,51,200
1,200,35,1,2,0,1,10,2,4,0,0,0,0,1,200,200,18,17,1,36,200
1,200,35,1,2,0,1,10,2,4,0,0,0,0,1,200,200,18,17,0,14,200
1,200,35,1,2,0,1,10,2,4,0,0,0,0,1,200,200,18,17,1,23,200
1,200,35,1,2,0,1,10,2,4,0,0,0,0,1,200,200,18,17,0,1,200
0,200,30,1,2,0,1,8,2,2,0,0,0,1,200,200,1,21,200,0,200,200
4,200,30,1,2,0,1,8,2,2,0,0,0,1,200,200,1,21,200,0,34,200
0,200,30,2,2,0,0,0,6,1,0,0,200,0,1,200,1,17,0,2,200,200
0,200,30,2,2,0,0,0,6,1,0,0,200,0,1,200,1,17,0,1,33,200
0,200,30,0,0,0,1,7,5,200,0,0,0,0,200,200,200,200,200,0,60,200
0,200,30,2,2,0,3,14,5,2,0,0,0,0,1,200,1,17,21,0,200,200
0,200,30,2,2,0,3,14,5,2,0,0,0,0,1,200,1,17,21,0,33,200
1,200,30,2,2,0,3,14,5,2,0,0,0,0,1,200,1,17,21,1,35,200
1,200,30,2,2,0,3,14,5,2,0,0,0,0,1,200,1,17,21,200,200,200
0,200,30,1,2,0,4,10,5,200,0,0,0,1,200,200,1,18,0,0,200,200
0,200,30,1,2,0,4,10,5,200,0,0,0,1,200,200,1,18,0,1,38,200
0,200,30,1,2,0,4,10,5,200,0,0,0,1,200,200,1,18,0,0,36,200
1,200,30,1,2,0,4,10,5,200,0,0,0,1,200,200,1,18,0,1,200,200
1,200,30,1,2,0,4,10,5,200,0,0,0,1,200,200,1,18,0,1,40,200
1,200,30,1,2,0,4,10,5,200,0,0,0,1,200,200,1,18,0,1,9,200
1,200,30,1,2,0,4,10,5,200,0,0,0,1,200,200,1,18,0,1,62,200
1,200,30,1,2,0,4,10,5,200,0,0,0,1,200,200,1,18,0,0,17,200
1,200,30,1,2,0,4,10,5,200,0,0,0,1,200,200,1,18,0,0,15,200
1,200,30,1,2,0,4,10,5,200,0,0,0,1,200,200,1,18,0,1,10,200
1,200,30,1,2,0,4,10,5,200,0,0,0,1,200,200,1,18,0,1,6,200
1,200,30,1,2,0,4,10,5,200,0,0,0,1,200,200,1,18,0,1,5,200
0,200,30,0,0,0,1,7,5,200,0,0,0,0,200,200,1,20,200,2,200,200
0,200,25,0,0,0,4,7,5,2,0,0,0,0,200,200,200,11,0,1,19,200
0,200,15,0,0,0,3,7,7,200,0,0,0,0,200,1,1,16,200,2,200,200
0,200,20,2,2,0,3,8,5,200,0,0,0,1,1,200,200,17,0,0,54,200
4,200,20,2,2,0,3,8,5,200,0,0,0,1,1,200,200,17,0,1,57,200
0,200,35,1,2,0,0,0,5,2,0,0,0,0,1,200,200,0,0,0,56,200
0,200,35,1,2,0,0,0,5,2,0,0,0,0,1,200,200,0,0,1,61,200
1,200,35,1,2,0,0,0,5,2,0,0,0,0,1,200,200,0,0,0,20,200
0,200,25,0,0,0,1,12,5,4,0,0,0,0,200,200,1,22,25,2,200,200
0,200,25,0,0,0,1,12,5,4,0,0,0,0,200,200,1,22,25,0,29,200
0,200,30,2,2,0,3,7,6,1,0,0,0,1,200,200,1,0,0,2,200,200
0,200,30,1,2,0,3,0,2,200,0,0,0,1,1,200,200,17,23,0,25,200
0,200,30,1,2,0,3,0,2,200,0,0,0,1,1,200,200,17,23,0,47,200
0,200,30,1,2,0,3,0,2,200,0,0,0,1,1,200,200,17,23,0,37,200
0,200,30,0,0,0,4,7,6,200,0,0,0,1,200,200,200,12,0,0,29,200
0,200,30,0,0,0,4,12,5,2,0,0,0,0,200,200,1,16,0,0,200,200
0,200,30,0,0,0,4,12,5,2,0,0,0,0,200,200,1,16,0,1,46,200
0,200,30,200,200,200,200,12,6,200,0,200,200,0,200,200,1,25,0,1,200,200
0,200,30,200,200,200,200,12,6,200,0,200,200,0,200,200,1,25,0,0,32,200
1,200,30,200,200,200,200,12,6,200,0,200,200,0,200,200,1,25,0,200,200,200
1,200,30,200,200,200,200,12,6,200,0,200,200,0,200,200,1,25,0,200,200,200
0,200,30,1,200,0,3,10,5,4,0,200,200,0,1,200,200,200,200,0,52,200
0,200,30,1,200,0,3,10,5,4,0,200,200,0,1,200,200,200,200,1,44,200
0,200,30,0,0,0,0,11,7,200,0,0,0,0,200,1,200,20,0,1,200,200
0,200,30,0,0,0,0,11,7,200,0,0,0,0,200,1,200,20,0,1,30,200
0,200,25,0,0,0,3,10,2,200,0,0,0,0,200,200,200,8,16,1,26,200
0,200,25,0,0,0,3,10,2,200,0,0,0,0,200,200,200,8,16,1,27,200
0,200,30,1,2,0,3,12,5,4,0,0,0,0,1,200,1,0,0,0,200,200
0,200,30,1,2,0,3,12,5,4,0,0,0,0,1,200,1,0,0,1,34,200
0,200,30,1,2,0,3,12,2,200,0,0,0,0,1,200,1,22,200,0,200,200
0,200,30,1,2,0,3,12,2,200,0,0,0,0,1,200,1,22,200,0,47,200
1,200,30,1,2,0,3,12,2,200,0,0,0,0,1,200,1,22,200,0,56,200
0,200,30,0,0,0,3,7,6,1,0,0,0,1,200,200,1,16,200,2,200,200
0,200,30,2,2,0,3,0,5,2,0,0,0,1,1,200,200,0,200,0,44,200
0,200,30,2,2,0,3,0,5,2,0,0,0,1,1,200,200,0,200,0,70,200
1,200,30,2,2,0,3,0,5,2,0,0,0,1,1,200,200,0,200,1,44,200
1,200,30,2,2,0,3,0,5,2,0,0,0,1,1,200,200,0,200,1,4,200
0,200,30,0,0,0,3,14,5,2,0,0,0,1,1,200,200,17,23,0,35,200
0,200,30,0,0,0,3,14,5,2,0,0,0,1,1,200,200,17,23,0,200,200
0,200,30,0,0,0,3,9,5,4,0,0,0,1,200,200,200,200,200,1,35,200
5,200,30,0,0,0,3,9,5,4,0,0,0,1,200,200,200,200,200,0,51,200
1,200,30,0,0,0,3,9,5,4,0,0,0,1,200,200,200,200,200,1,50,200
0,200,30,0,0,0,3,7,5,4,0,0,0,1,200,200,1,21,200,0,17,200
1,200,30,0,0,0,3,7,5,4,0,0,0,1,200,200,1,21,200,0,200,200
0,200,35,0,0,0,3,11,12,200,0,0,200,0,200,200,1,0,200,2,200,200
0,200,35,0,0,0,3,11,12,200,0,0,200,0,200,200,1,0,200,1,51,200
0,200,30,1,2,0,3,14,2,4,0,0,0,1,1,200,200,17,16,0,28,200
0,200,30,1,2,0,3,14,2,4,0,0,0,1,1,200,200,17,16,1,23,200
1,200,30,1,2,0,3,14,2,4,0,0,0,1,1,200,200,17,16,1,57,200
0,200,25,0,0,0,3,7,5,2,0,0,0,0,200,200,200,20,21,0,37,200
0,200,30,0,0,0,3,7,6,1,0,0,0,1,200,200,200,0,11,1,25,200
0,200,30,1,200,200,200,10,2,200,0,200,200,0,200,200,200,18,200,1,200,200
0,200,30,1,200,200,200,10,2,200,0,200,200,0,200,200,200,18,200,0,24,200
0,200,30,1,2,0,4,10,5,4,0,0,200,1,1,200,1,0,0,1,200,200
0,200,30,1,2,0,4,10,5,4,0,0,200,1,1,200,1,0,0,1,20,200
1,200,30,1,2,0,4,10,5,4,0,0,200,1,1,200,1,0,0,0,200,200
1,200,30,1,2,0,4,10,5,4,0,0,200,1,1,200,1,0,0,1,200,200
0,200,30,0,0,0,3,7,2,2,0,0,0,1,200,200,1,16,200,2,200,200
0,200,30,0,0,0,3,10,3,4,0,0,0,1,200,200,200,7,18,1,25,200
0,200,30,0,0,0,3,10,3,4,0,0,0,1,200,200,200,7,18,1,58,200
0,200,30,0,0,0,3,7,5,200,0,0,0,1,200,200,1,10,200,2,200,200
0,200,20,1,2,0,3,10,5,200,0,0,200,0,200,200,200,0,0,0,22,200
0,200,20,1,2,0,3,10,5,200,0,0,200,0,200,200,200,0,0,1,24,200
1,200,20,1,2,0,3,10,5,200,0,0,200,0,200,200,200,0,0,0,200,200
1,200,20,1,2,0,3,10,5,200,0,0,200,0,200,200,200,0,0,0,200,200
1,200,20,1,2,0,3,10,5,200,0,0,200,0,200,200,200,0,0,0,200,200
1,200,20,1,2,0,3,10,5,200,0,0,200,0,200,200,200,0,0,1,200,200
0,200,30,0,0,0,3,7,7,200,0,0,200,0,200,200,200,27,0,0,200,200
0,200,30,1,2,0,3,14,1,200,0,0,0,0,0,200,1,23,200,2,200,200
0,200,30,1,2,0,3,14,1,200,0,0,0,0,0,200,1,23,200,0,20,200
0,1,30,0,0,0,3,7,6,1,0,0,0,0,200,200,1,0,200,2,200,200
0,200,30,0,0,0,3,7,6,200,0,0,0,0,200,200,1,0,11,2,200,200
0,1,30,1,2,0,3,14,2,0,0,0,0,1,1,200,200,16,17,0,27,200
0,1,30,1,2,0,3,14,2,0,0,0,0,1,1,200,200,16,17,1,19,200
0,200,30,1,2,0,2,9,3,200,0,0,0,1,200,200,1,200,0,2,200,200
5,200,30,1,2,0,2,9,3,200,0,0,0,1,200,200,1,200,0,1,67,200
0,200,30,1,2,0,3,14,2,8,3,0,3,0,1,200,200,11,11,1,82,200
0,200,30,1,2,0,3,14,2,8,3,0,3,0,1,200,200,11,11,0,24,200
0,200,30,1,2,0,3,0,5,3,0,0,0,0,200,200,1,6,5,0,19,200
0,200,30,1,2,0,3,0,5,3,0,0,0,0,200,200,1,6,5,0,200,200
1,200,30,1,2,0,3,0,5,3,0,0,0,0,200,200,1,6,5,1,19,200
0,200,30,1,2,0,3,10,3,4,0,0,0,0,200,200,200,0,0,1,25,200
0,200,30,1,2,0,3,10,3,4,0,0,0,0,200,200,200,0,0,0,39,200
1,200,30,1,2,0,3,10,3,4,0,0,0,0,200,200,200,0,0,1,32,200
0,200,35,0,0,0,3,0,200,200,0,0,0,0,1,200,200,200,200,0,52,200
0,200,35,0,0,0,3,0,200,200,0,0,0,0,1,200,200,200,200,1,20,200
0,200,30,0,0,0,3,7,6,200,0,0,0,0,200,200,1,0,200,2,200,200
0,200,30,1,2,0,1,10,5,200,0,0,200,0,200,200,200,0,0,0,49,200
0,200,30,1,2,0,1,10,5,200,0,0,200,0,200,200,200,0,0,0,34,200
0,200,30,0,0,0,3,7,3,4,0,0,0,0,200,200,1,0,0,2,200,200
0,200,40,0,0,0,3,10,3,8,0,0,0,1,200,200,200,16,19,0,28,200
0,200,40,0,0,0,3,10,3,8,0,0,0,1,200,200,200,16,19,0,33,200
1,200,40,0,0,0,3,10,3,8,0,0,0,1,200,200,200,16,19,1,17,200
1,200,40,0,0,0,3,10,3,8,0,0,0,1,200,200,200,16,19,1,19,200
1,200,40,0,0,0,3,10,3,8,0,0,0,1,200,200,200,16,19,1,19,200
1,200,40,0,0,0,3,10,3,8,0,0,0,1,200,200,200,16,19,1,20,200
1,200,40,0,0,0,3,10,3,8,0,0,0,1,200,200,200,16,19,1,20,200
0,200,25,0,0,0,3,7,1,2,0,0,0,1,200,200,200,21,12,1,37,200
0,200,25,2,2,0,3,7,5,2,0,0,0,1,200,200,200,11,23,0,24,200
0,200,35,1,2,0,3,10,3,200,0,0,0,1,1,200,1,18,200,2,200,200
0,200,35,1,2,0,3,10,3,200,0,0,0,1,1,200,1,18,200,0,57,200
1,200,35,1,2,0,3,10,3,200,0,0,0,1,1,200,1,18,200,0,200,200
1,200,35,1,2,0,3,10,3,200,0,0,0,1,1,200,1,18,200,1,200,200
0,200,35,0,0,0,3,2,2,200,0,0,0,1,0,200,1,25,200,2,200,200
1,200,35,0,0,0,3,2,2,200,0,0,0,1,0,200,1,25,200,2,200,200
0,200,30,200,200,200,200,0,5,200,0,200,200,0,200,200,200,0,0,1,39,200
0,200,30,200,200,200,200,0,5,200,0,200,200,0,200,200,200,0,0,1,27,200
0,200,30,1,2,0,3,10,5,200,0,0,0,1,200,200,1,15,0,1,200,200
0,200,30,1,2,0,3,10,5,200,0,0,0,1,200,200,1,15,0,0,37,200
1,200,30,1,2,0,3,10,5,200,0,0,0,1,200,200,1,15,0,0,200,200
1,200,30,1,2,0,3,10,5,200,0,0,0,1,200,200,1,15,0,1,200,200
1,200,30,1,2,0,3,10,5,200,0,0,0,1,200,200,1,15,0,0,200,200
0,200,25,0,0,0,3,7,6,1,0,0,0,0,200,200,1,0,0,0,200,200
0,200,30,2,2,0,3,0,5,2,0,0,0,1,1,200,1,5,17,2,200,200
0,200,30,2,2,0,3,0,5,2,0,0,0,1,1,200,1,5,17,0,50,200
1,200,30,2,2,0,3,0,5,2,0,0,0,1,1,200,1,5,17,1,27,200
1,200,30,2,2,0,3,0,5,2,0,0,0,1,1,200,1,5,17,1,22,200
1,200,30,2,2,0,3,0,5,2,0,0,0,1,1,200,1,5,17,0,29,200
1,200,30,2,2,0,3,0,5,2,0,0,0,1,1,200,1,5,17,0,28,200
0,200,15,0,0,0,0,2,0,1,0,0,0,1,200,200,200,11,0,1,39,200
0,200,30,0,0,0,3,7,5,200,0,0,0,1,200,200,200,33,23,1,19,200
0,200,30,1,2,0,3,10,5,200,0,0,200,0,200,200,1,0,200,0,200,200
0,200,30,1,2,0,3,10,5,200,0,0,200,0,200,200,1,0,200,0,38,200
0,200,35,0,0,0,0,7,5,2,0,0,0,1,200,200,1,0,0,2,200,200
0,200,30,0,0,0,3,2,5,4,0,0,0,1,200,200,200,0,200,0,38,200
0,200,30,1,2,6,2,14,5,2,0,0,0,1,1,1,200,17,200,0,22,200
0,200,30,1,2,6,2,14,5,2,0,0,0,1,1,1,200,17,200,0,47,200
1,200,30,1,2,6,2,14,5,2,0,0,0,1,1,1,200,17,200,0,30,200
1,200,30,1,2,6,2,14,5,2,0,0,0,1,1,1,200,17,200,1,35,200
0,200,30,2,2,0,1,0,2,200,0,0,0,1,1,200,200,5,200,1,44,200
0,200,30,2,2,0,1,0,2,200,0,0,0,1,1,200,200,5,200,1,56,200
0,200,30,0,0,0,1,0,6,1,0,0,0,0,200,200,200,20,200,0,34,200
0,200,30,0,0,0,1,0,6,1,0,0,0,0,200,200,200,20,200,1,25,200
0,200,35,0,0,0,1,12,3,8,3,0,0,1,200,200,1,14,21,1,200,200
0,200,35,0,0,0,1,12,3,8,3,0,0,1,200,200,1,14,21,0,33,200
0,200,30,1,2,6,1,14,1,0,0,0,0,0,1,200,200,17,200,0,35,200
0,200,30,1,2,6,1,14,1,0,0,0,0,0,1,200,200,17,200,0,55,200
0,200,30,1,2,0,1,2,2,2,0,0,0,1,1,200,200,14,200,0,25,200
0,200,30,1,2,0,1,10,5,2,0,0,0,0,200,200,200,18,200,1,36,200
0,200,30,1,2,0,1,10,5,2,0,0,0,0,200,200,200,18,200,1,24,200
0,200,30,2,0,0,1,14,5,200,0,0,0,0,1,200,200,200,0,1,32,200
0,200,30,2,0,0,1,14,5,200,0,0,0,0,1,200,200,200,0,0,30,200
0,200,25,0,0,6,1,12,5,5,1,0,0,0,200,200,200,22,22,1,67,200
0,200,25,0,0,6,1,12,5,5,1,0,0,0,200,200,200,22,22,0,32,200
0,200,30,1,2,0,1,14,3,200,0,0,0,0,200,200,200,0,200,0,46,200
0,200,30,1,2,0,1,14,3,200,0,0,0,0,200,200,200,0,200,0,53,200
0,200,30,0,0,0,0,7,6,1,0,0,0,0,200,200,200,0,200,0,64,200
0,200,30,1,2,0,1,10,6,3,0,0,0,1,200,200,200,18,0,0,21,200
0,200,30,1,2,0,1,10,6,3,0,0,0,1,200,200,200,18,0,1,40,200
1,200,30,1,2,0,1,10,6,3,0,0,0,1,200,200,200,18,0,1,37,200
0,200,30,1,2,0,1,7,2,2,0,0,0,1,200,200,200,21,200,0,27,200
0,200,35,0,0,0,1,12,2,200,0,0,0,0,200,200,1,21,200,1,200,200
0,200,35,0,0,0,1,12,2,200,0,0,0,0,200,200,1,21,200,1,30,200
0,200,35,0,0,0,1,12,5,2,0,0,0,0,200,200,1,22,200,1,200,200
0,200,35,0,0,0,1,12,5,2,0,0,0,0,200,200,1,22,200,1,37,200
0,200,30,1,2,0,1,0,2,200,0,0,0,0,200,200,1,0,200,2,200,200
0,200,30,1,2,0,1,0,2,200,0,0,0,0,200,200,1,0,200,0,68,200
0,1,20,2,2,200,200,7,5,2,0,0,0,0,200,200,1,0,0,2,200,200
0,200,30,1,2,0,1,14,5,200,0,0,0,0,1,200,200,23,200,0,26,200
0,200,30,1,2,0,1,14,5,200,0,0,0,0,1,200,200,23,200,0,59,200
1,200,30,1,2,0,1,14,5,200,0,0,0,0,1,200,200,23,200,0,200,200
0,200,30,0,0,0,1,7,5,2,0,0,0,0,200,200,1,0,200,2,200,200
0,200,30,0,0,0,3,7,5,200,0,0,0,0,200,1,200,20,200,0,63,200
0,200,30,0,0,200,200,7,5,200,0,200,200,0,200,200,1,0,200,2,200,200
0,200,30,0,0,0,1,2,5,200,0,0,0,0,200,1,200,20,200,0,42,200
0,200,30,0,0,0,1,7,5,2,0,0,0,0,200,200,1,0,0,2,200,200
0,200,30,0,0,0,1,12,2,200,0,200,200,0,200,200,200,0,0,1,200,200
0,200,30,0,0,0,1,12,2,200,0,200,200,0,200,200,200,0,0,1,0,200
0,200,35,0,0,0,1,11,5,200,0,0,0,0,1,200,200,17,200,0,59,200
0,200,35,0,0,0,1,11,5,200,0,0,0,0,1,200,200,17,200,0,55,200
0,200,30,1,2,0,1,10,2,200,0,0,0,0,200,200,200,18,200,0,61,200
0,200,30,1,2,0,1,10,2,200,0,0,0,0,200,200,200,18,200,0,33,200
0,200,30,1,2,0,1,10,2,4,0,0,0,0,200,200,200,18,200,0,57,200
0,200,30,1,2,0,1,10,2,4,0,0,0,0,200,200,200,18,200,0,25,200
0,200,30,0,0,0,1,10,2,200,0,0,0,0,200,200,200,18,17,1,29,200
0,200,30,0,0,0,1,10,2,200,0,0,0,0,200,200,200,18,17,1,45,200
0,200,15,0,0,0,1,7,6,200,0,0,0,1,200,200,1,0,0,2,200,200
0,200,30,1,2,0,1,10,5,2,0,0,0,0,200,200,200,0,18,0,200,200
0,200,30,1,2,0,1,10,5,2,0,0,0,0,200,200,200,0,18,1,61,200
0,200,25,1,2,0,1,0,12,4,0,0,0,1,1,200,200,0,200,1,40,200
0,200,25,1,2,0,1,0,12,4,0,0,0,1,1,200,200,0,200,0,51,200
5,200,25,1,2,0,1,0,12,4,0,0,0,1,1,200,200,0,200,0,40,200
1,200,25,1,2,0,1,0,12,4,0,0,0,1,1,200,200,0,200,0,31,200
0,200,30,2,2,0,1,10,2,4,0,0,0,0,200,200,200,11,0,0,45,200
0,200,30,2,2,0,1,10,2,4,0,0,0,0,200,200,200,11,0,1,36,200
0,1,25,0,0,200,200,7,5,1,0,200,0,1,200,200,1,0,0,2,200,200
0,200,30,2,1,0,1,0,2,200,0,0,0,1,1,200,200,0,200,0,31,200
0,200,30,2,1,0,1,0,2,200,0,0,0,1,1,200,200,0,200,0,200,200
0,200,20,1,2,0,1,7,5,2,0,0,0,1,200,200,200,16,0,0,38,200
0,200,30,2,2,0,1,10,2,2,0,0,0,0,1,200,1,18,0,2,200,200
0,200,30,2,2,0,1,10,2,2,0,0,0,0,1,200,1,18,0,0,54,200
0,200,30,0,0,0,1,12,5,4,0,0,0,0,200,200,200,17,17,1,29,200
0,200,30,0,0,0,1,12,5,4,0,0,0,0,200,200,200,17,17,1,56,200
0,200,30,1,2,0,1,10,2,4,0,0,0,1,200,200,200,18,16,0,50,200
0,200,30,1,2,0,1,10,2,4,0,0,0,1,200,200,200,18,16,0,49,200
0,200,25,0,0,0,1,7,5,200,0,0,0,0,200,200,1,17,200,2,200,200
0,200,30,0,0,0,1,2,6,1,0,0,0,0,200,200,200,0,200,0,45,200
0,1,25,1,2,0,1,10,5,2,0,0,0,0,200,200,1,0,0,0,200,200
0,1,25,1,2,0,1,10,5,2,0,0,0,0,200,200,1,0,0,1,26,200
1,1,25,1,2,0,1,10,5,2,0,0,0,0,200,200,1,0,0,1,4,200
0,200,30,1,2,0,1,0,12,0,0,0,0,0,1,200,0,200,200,1,35,200
0,200,30,1,2,0,1,0,12,0,0,0,0,0,1,200,0,200,200,1,35,200
0,200,25,0,0,0,1,7,2,200,0,0,0,0,200,200,200,200,200,0,40,200
0,200,30,1,2,0,1,14,5,200,0,0,0,0,0,200,200,0,0,0,23,200
0,200,30,1,2,0,1,14,5,200,0,0,0,0,0,200,200,0,0,0,42,200
0,1,30,0,0,0,3,7,6,1,0,0,0,0,200,200,1,0,0,2,200,200
0,200,30,1,2,0,1,8,5,200,0,0,0,1,200,200,1,0,0,0,200,200
4,200,30,1,2,0,1,8,5,200,0,0,0,1,200,200,1,0,0,1,17,200
0,200,30,0,0,0,1,7,6,2,0,0,0,0,200,200,200,22,0,0,57,200
0,200,30,0,0,0,1,12,5,2,0,0,200,1,200,200,1,16,22,0,200,200
0,200,30,0,0,0,1,12,5,2,0,0,200,1,200,200,1,16,22,0,42,200
0,200,30,1,2,0,1,14,2,200,0,0,0,0,1,200,200,17,17,0,36,200
0,200,30,1,2,0,1,14,2,200,0,0,0,0,1,200,200,17,17,0,26,200
0,200,30,1,2,0,1,0,5,2,0,0,0,1,1,200,1,6,17,0,200,200
0,200,30,1,2,0,1,0,5,2,0,0,0,1,1,200,1,6,17,0,53,200
0,200,25,0,0,0,1,0,6,1,0,0,0,1,200,200,200,17,200,1,37,200
0,200,25,0,0,0,1,0,6,1,0,0,0,1,200,200,200,17,200,1,26,200
1,200,25,0,0,0,1,0,6,1,0,0,0,1,200,200,200,17,200,0,41,200
1,200,25,0,0,0,1,0,6,1,0,0,0,1,200,200,200,17,200,0,3,200
1,200,25,0,0,0,1,0,6,1,0,0,0,1,200,200,200,17,200,0,6,200
1,200,25,0,0,0,1,0,6,1,0,0,0,1,200,200,200,17,200,1,28,200
0,0,30,0,0,0,1,7,5,3,0,0,0,1,200,200,1,0,21,0,200,200
0,200,30,1,2,0,1,10,5,200,0,0,0,0,0,200,1,16,0,1,200,200
0,200,30,1,2,0,1,10,5,200,0,0,0,0,0,200,1,16,0,1,46,200
0,200,30,1,2,0,1,10,5,200,0,0,0,0,0,200,1,16,0,1,35,200
1,200,30,1,2,0,1,10,5,200,0,0,0,0,0,200,1,16,0,0,4,200
0,200,15,0,0,0,1,2,0,1,3,0,1,0,200,200,200,0,200,0,0,200
0,200,30,3,2,0,1,12,5,2,0,0,0,0,200,200,200,0,0,1,34,200
0,200,30,3,2,0,1,12,5,2,0,0,0,0,200,200,200,0,0,0,62,200
1,200,30,3,2,0,1,12,5,2,0,0,0,0,200,200,200,0,0,1,200,200
0,200,30,0,0,0,3,7,6,1,0,0,0,0,200,200,1,200,200,2,200,200
0,200,30,1,2,0,1,14,5,3,0,0,0,0,200,200,200,11,200,0,63,200
0,200,30,1,2,0,1,14,5,3,0,0,0,0,200,200,200,11,200,1,50,200
1,200,30,1,2,0,1,14,5,3,0,0,0,0,200,200,200,11,200,1,200,200
0,200,30,0,0,0,1,12,6,200,0,0,2,0,200,200,200,17,17,1,26,200
0,200,30,0,0,0,1,12,6,200,0,0,2,0,200,200,200,17,17,1,28,200
0,200,30,2,2,0,1,0,5,0,0,0,0,0,200,200,1,17,0,0,200,200
0,200,30,2,2,0,1,0,5,0,0,0,0,0,200,200,1,17,0,1,63,200
0,200,30,1,2,0,1,10,2,2,0,0,0,0,200,200,200,18,0,0,40,200
0,200,30,1,2,0,1,10,2,2,0,0,0,0,200,200,200,18,0,0,26,200
1,200,30,1,2,0,1,10,2,2,0,0,0,0,200,200,200,18,0,0,200,200
0,200,0,0,0,0,1,7,4,200,0,0,0,0,200,1,200,20,200,0,60,200
0,200,30,0,0,0,1,7,7,200,0,0,0,0,200,200,200,20,0,0,200,200
0,200,30,0,0,0,1,12,3,200,0,0,0,1,200,200,200,21,0,1,40,200
0,200,30,0,0,0,1,12,3,200,0,0,0,1,200,200,200,21,0,0,35,200
0,200,25,0,0,0,1,7,6,1,0,0,0,0,200,200,1,0,0,2,200,200
0,200,30,2,2,0,1,10,5,200,0,0,0,0,1,200,200,16,200,1,21,200
0,200,30,2,2,0,1,10,5,200,0,0,0,0,1,200,200,16,200,0,28,200
1,200,30,2,2,0,1,10,5,200,0,0,0,0,1,200,200,16,200,1,30,200
0,200,30,0,0,0,1,10,5,4,0,0,0,0,200,200,200,0,0,1,20,200
0,200,30,0,0,0,1,10,5,4,0,0,0,0,200,200,200,0,0,0,30,200
1,200,30,0,0,0,1,10,5,4,0,0,0,0,200,200,200,0,0,1,35,200
1,200,30,0,0,0,1,10,5,4,0,0,0,0,200,200,200,0,0,0,43,200
0,200,15,0,0,0,1,0,7,200,0,0,0,0,200,200,200,0,0,0,200,200
0,200,15,0,0,0,1,0,7,200,0,0,0,0,200,200,200,0,0,0,41,200
0,200,30,1,2,0,1,12,2,4,0,0,0,1,1,200,200,0,0,0,200,200
0,200,30,1,2,0,1,12,2,4,0,0,0,1,1,200,200,0,0,0,69,200
0,200,20,0,0,0,1,0,6,2,0,0,0,0,200,200,200,20,0,0,26,200
0,200,20,0,0,0,1,0,6,2,0,0,0,0,200,200,200,20,0,0,40,200
0,200,0,0,0,0,1,0,5,200,0,0,0,0,200,200,200,11,200,0,27,200
0,200,0,0,0,0,1,0,5,200,0,0,0,0,200,200,200,11,200,1,30,200
1,200,0,0,0,0,1,0,5,200,0,0,0,0,200,200,200,11,200,0,8,200
1,200,0,0,0,0,1,0,5,200,0,0,0,0,200,200,200,11,200,0,4,200
0,200,30,1,2,0,1,12,2,3,0,0,0,0,200,200,200,11,11,0,88,200
0,200,30,1,2,0,1,12,2,3,0,0,0,0,200,200,200,11,11,1,26,200
1,200,30,1,2,0,1,12,2,3,0,0,0,0,200,200,200,11,11,1,200,200
0,1,30,1,2,0,1,10,5,2,0,0,0,1,1,200,200,18,16,0,25,200
0,1,30,1,2,0,1,10,5,2,0,0,0,1,1,200,200,18,16,0,66,200
1,1,30,1,2,0,1,10,5,2,0,0,0,1,1,200,200,18,16,1,200,200
0,200,40,0,0,0,1,12,5,8,0,0,0,0,200,200,1,22,0,0,200,200
0,200,40,0,0,0,1,12,5,8,0,0,0,0,200,200,1,22,0,0,55,200
1,200,40,0,0,0,1,12,5,8,0,0,0,0,200,200,1,22,0,0,200,200
1,200,40,0,0,0,1,12,5,8,0,0,0,0,200,200,1,22,0,1,200,200
0,200,20,0,0,0,1,10,6,1,0,0,0,0,200,200,200,18,0,0,56,200
0,200,20,0,0,0,1,10,6,1,0,0,0,0,200,200,200,18,0,1,37,200
0,200,30,1,2,0,1,14,1,200,0,0,0,0,200,200,1,23,200,2,200,200
0,200,30,1,2,0,1,14,1,200,0,0,0,0,200,200,1,23,200,1,42,200
0,200,30,2,2,0,1,14,5,200,0,0,0,0,1,200,200,0,0,1,47,200
0,200,30,2,2,0,1,14,5,200,0,0,0,0,1,200,200,0,0,0,55,200
1,200,30,2,2,0,1,14,5,200,0,0,0,0,1,200,200,0,0,2,200,200
0,200,30,0,0,0,1,12,5,2,0,0,0,0,200,200,1,19,0,0,200,200
0,200,30,0,0,0,1,12,5,2,0,0,0,0,200,200,1,19,0,0,54,200
0,200,30,0,0,0,1,10,2,200,0,0,0,0,200,200,200,20,0,1,37,200
0,200,30,0,0,0,1,10,2,200,0,0,0,0,200,200,200,20,0,1,200,200