PERSON_TYPE,CRASH_DATE_EST_I,POSTED_SPEED_LIMIT,TRAFFIC_CONTROL_DEVICE,DEVICE_CONDITION,WEATHER_CONDITION,LIGHTING_CONDITION,FIRST_CRASH_TYPE,TRAFFICWAY_TYPE,LANE_CNT,ALIGNMENT,ROADWAY_SURFACE_COND,ROAD_DEFECT,CRASH_TYPE,INTERSECTION_RELATED_I,NOT_RIGHT_OF_WAY_I,HIT_AND_RUN_I,PRIM_CONTRIBUTORY_CAUSE,SEC_CONTRIBUTORY_CAUSE,SEX,AGE,BAC_RESULT VALUE
0,200,30,0,0,0,1,7,6,2,0,0,0,0,200,200,200,20,20,1,200,200
0,200,30,2,2,0,1,10,5,4,0,0,200,0,200,200,1,0,0,0,200,200
0,200,30,2,2,0,1,10,5,4,0,0,200,0,200,200,1,0,0,0,61,200
0,200,30,1,2,0,1,14,1,2,0,0,0,0,1,200,200,17,200,0,22,200
0,200,30,1,2,0,1,14,1,2,0,0,0,0,1,200,200,17,200,0,40,200
0,0,35,0,0,0,1,10,3,4,0,0,0,1,200,200,200,18,0,0,28,200
0,0,35,0,0,0,1,10,3,4,0,0,0,1,200,200,200,18,0,1,32,200
0,1,30,0,0,0,200,7,2,200,0,0,0,0,200,200,1,0,200,2,200,200
0,200,30,0,0,0,1,10,5,2,0,0,0,1,200,200,200,0,200,1,29,200
0,200,30,0,0,0,1,10,5,2,0,0,0,1,200,200,200,0,200,1,74,200
0,200,25,1,2,0,1,12,5,200,0,0,0,0,200,200,200,17,200,0,44,200
0,200,25,1,2,0,1,12,5,200,0,0,0,0,200,200,200,17,200,1,28,200
0,1,30,0,0,0,1,12,6,200,0,0,0,0,200,200,200,0,200,1,25,200
0,1,30,0,0,0,1,12,6,200,0,0,0,0,200,200,200,0,200,0,42,200
1,1,30,0,0,0,1,12,6,200,0,0,0,0,200,200,200,0,200,0,29,200
0,200,30,2,2,0,1,0,5,200,0,0,0,0,1,200,200,200,200,0,60,200
0,200,30,2,2,0,1,0,5,200,0,0,0,0,1,200,200,200,200,0,36,200
0,200,30,1,2,0,1,12,5,200,0,0,0,0,200,200,200,0,0,0,71,200
0,200,30,1,2,0,1,12,5,200,0,0,0,0,200,200,200,0,0,0,25,200
0,200,30,0,0,0,1,14,12,200,0,0,0,0,200,1,200,0,0,0,29,200
0,200,30,0,0,0,1,14,12,200,0,0,0,0,200,1,200,0,0,1,35,200
0,200,30,0,0,0,1,12,3,4,0,0,0,0,200,200,1,0,0,2,200,200
0,200,30,0,0,0,1,12,3,4,0,0,0,0,200,200,1,0,0,0,70,200
0,200,20,0,0,0,1,7,7,200,0,0,200,0,200,200,1,0,0,2,200,200
0,200,30,0,0,0,1,10,2,200,0,0,0,0,200,200,1,18,200,0,200,200
0,200,30,0,0,0,1,10,2,200,0,0,0,0,200,200,1,18,200,1,45,200
0,200,30,0,0,0,1,10,2,2,0,0,0,0,200,200,200,18,200,0,55,200
0,200,30,0,0,0,1,10,2,2,0,0,0,0,200,200,200,18,200,0,51,200
0,200,30,0,0,0,1,2,5,2,0,0,0,0,200,200,200,11,0,0,22,200
1,200,30,0,0,0,1,2,5,2,0,0,0,0,200,200,200,11,0,1,23,200
0,200,30,0,0,200,200,0,12,200,0,200,200,0,200,200,200,0,0,1,200,200
0,200,30,0,0,200,200,0,12,200,0,200,200,0,200,200,200,0,0,1,25,200
1,200,30,0,0,200,200,0,12,200,0,200,200,0,200,200,200,0,0,1,37,200
0,200,30,0,0,0,1,7,5,200,0,0,0,0,200,200,0,0,0,0,200,200
0,200,5,10,2,0,1,2,7,200,0,0,0,1,200,1,200,7,200,1,52,200
0,200,35,1,2,0,1,10,5,200,0,0,12,0,200,200,200,18,18,0,200,200
0,200,35,1,2,0,1,10,5,200,0,0,12,0,200,200,200,18,18,0,200,200
0,200,30,1,2,0,1,12,2,200,0,0,0,0,200,200,200,22,200,1,21,200
0,200,30,1,2,0,1,12,2,200,0,0,0,0,200,200,200,22,200,0,66,200
0,200,5,0,0,0,1,7,12,1,0,0,0,0,200,200,200,200,200,2,200,200
0,200,30,1,2,0,1,12,2,4,0,0,0,0,200,200,200,22,200,1,65,200
0,200,30,1,2,0,1,12,2,4,0,0,0,0,200,200,200,22,200,0,48,200
1,200,30,1,2,0,1,12,2,4,0,0,0,0,200,200,200,22,200,1,7,200
1,200,30,1,2,0,1,12,2,4,0,0,0,0,200,200,200,22,200,0,8,200
1,200,30,1,2,0,1,12,2,4,0,0,0,0,200,200,200,22,200,0,11,200
1,200,30,1,2,0,1,12,2,4,0,0,0,0,200,200,200,22,200,1,3,200
0,200,30,0,0,0,1,7,5,200,0,0,0,0,200,200,200,27,200,2,200,200
0,200,30,1,2,0,1,10,1,200,0,0,0,0,1,200,200,22,0,0,43,200
0,200,30,1,2,0,1,10,1,200,0,0,0,0,1,200,200,22,0,0,75,200
0,200,35,1,2,0,1,10,5,200,0,0,0,1,200,200,200,18,9,0,28,200
0,200,35,1,2,0,1,10,5,200,0,0,0,1,200,200,200,18,9,0,40,200
0,200,35,1,2,0,1,10,5,200,0,0,0,1,200,200,200,18,9,1,40,200
0,200,30,0,0,0,1,12,5,200,0,0,0,0,200,200,200,17,17,0,21,200
0,200,30,0,0,0,1,12,5,200,0,0,0,0,200,200,200,17,17,0,21,200
1,200,30,0,0,0,1,12,5,200,0,0,0,0,200,200,200,17,17,1,21,200
0,200,5,0,0,0,1,7,7,200,0,0,0,0,200,200,1,0,0,2,200,200
0,200,25,2,2,0,1,8,5,2,0,0,0,1,1,200,200,8,200,0,42,200
4,200,25,2,2,0,1,8,5,2,0,0,0,1,1,200,200,8,200,1,23,200
0,200,30,1,2,0,1,10,2,200,0,0,0,0,200,200,200,0,0,0,200,200
0,200,30,1,2,0,1,10,2,200,0,0,0,0,200,200,200,0,0,1,44,200
0,200,25,0,0,0,1,7,5,1,0,0,0,0,200,200,200,11,200,1,64,200
0,1,25,0,0,200,200,7,5,1,0,200,0,0,200,200,1,0,200,2,200,200
4,200,30,1,2,0,1,8,6,4,0,0,0,1,1,200,1,18,200,0,14,200
0,200,30,1,2,0,1,8,6,4,0,0,0,1,1,200,1,18,200,1,200,200
1,200,30,1,2,0,1,8,6,4,0,0,0,1,1,200,1,18,200,1,200,200
0,200,30,0,0,0,3,10,5,2,0,0,0,1,200,200,200,0,0,0,58,200
0,200,30,0,0,0,3,10,5,2,0,0,0,1,200,200,200,0,0,0,30,200
1,200,30,0,0,0,3,10,5,2,0,0,0,1,200,200,200,0,0,2,200,200
0,200,25,2,2,0,1,14,2,200,0,0,0,0,1,200,1,22,23,2,200,200
0,200,25,2,2,0,1,14,2,200,0,0,0,0,1,200,1,22,23,0,49,200
0,200,30,0,0,5,1,7,12,200,0,0,0,0,200,200,200,200,200,0,49,200
0,200,25,0,0,0,1,14,2,2,0,0,0,1,200,200,200,17,17,1,43,200
0,200,25,0,0,0,1,14,2,2,0,0,0,1,200,200,200,17,17,1,25,200
0,200,20,0,0,0,1,7,5,200,0,0,0,0,200,200,1,20,200,0,200,200
0,200,30,1,2,0,1,12,6,3,0,0,0,0,0,200,200,17,200,0,32,200
0,200,30,1,2,0,1,12,6,3,0,0,0,0,0,200,200,17,200,0,41,200
0,200,30,0,0,0,1,7,5,6,0,0,0,0,200,200,200,200,0,0,35,200
1,200,30,0,0,0,1,7,5,6,0,0,0,0,200,200,200,200,0,0,39,200
0,200,20,1,2,0,1,12,2,1,0,0,0,1,200,200,200,22,18,1,20,200
0,200,20,1,2,0,1,12,2,1,0,0,0,1,200,200,200,22,18,0,41,200
1,200,20,1,2,0,1,12,2,1,0,0,0,1,200,200,200,22,18,1,18,200
1,200,20,1,2,0,1,12,2,1,0,0,0,1,200,200,200,22,18,1,21,200
0,200,30,0,0,0,1,12,5,200,0,0,0,0,200,200,200,22,200,0,35,200
0,200,30,0,0,0,1,12,5,200,0,0,0,0,200,200,200,22,200,0,25,200
0,200,30,1,2,0,1,10,2,2,0,0,0,0,200,200,200,20,20,0,45,200
0,200,30,1,2,0,1,10,2,2,0,0,0,0,200,200,200,20,20,0,35,200
0,200,30,1,2,0,1,10,5,4,0,0,0,0,1,200,0,0,0,0,28,200
0,200,30,1,2,0,1,10,5,4,0,0,0,0,1,200,0,0,0,1,40,200
0,200,30,1,2,0,1,10,5,200,0,0,0,0,200,200,0,12,0,1,74,200
0,200,30,1,2,0,1,10,5,200,0,0,0,0,200,200,0,12,0,0,200,200
0,200,15,3,12,0,1,7,7,2,0,0,0,0,200,1,1,0,0,2,200,200
0,200,30,1,2,0,1,14,5,200,0,0,0,0,200,200,1,0,200,2,200,200
0,200,30,1,2,0,1,14,5,200,0,0,0,0,200,200,1,0,200,1,200,200
0,200,15,0,0,0,1,7,0,1,0,0,0,0,200,200,1,0,200,2,200,200
0,200,30,1,2,0,1,10,3,4,0,200,200,1,200,200,200,11,18,0,28,200
0,200,30,1,2,0,1,10,3,4,0,200,200,1,200,200,200,11,18,0,68,200
0,200,30,1,2,0,1,10,5,2,0,0,12,0,1,200,200,18,11,0,44,200
0,200,30,1,2,0,1,10,5,2,0,0,12,0,1,200,200,18,11,0,63,200
0,200,30,0,0,0,1,14,6,3,0,0,0,1,1,200,200,21,200,0,48,200
0,200,30,0,0,0,1,14,6,3,0,0,0,1,1,200,200,21,200,0,51,200
1,200,30,0,0,0,1,14,6,3,0,0,0,1,1,200,200,21,200,1,25,200
1,200,30,0,0,0,1,14,6,3,0,0,0,1,1,200,200,21,200,1,59,200
1,200,30,0,0,0,1,14,6,3,0,0,0,1,1,200,200,21,200,200,200,200
0,200,30,1,2,0,1,10,2,4,0,0,0,0,200,200,1,18,0,0,200,200
0,200,30,1,2,0,1,10,2,4,0,0,0,0,200,200,1,18,0,1,25,200
1,200,30,1,2,0,1,10,2,4,0,0,0,0,200,200,1,18,0,1,200,200
0,200,35,1,2,0,1,12,5,2,0,0,0,1,200,200,200,200,200,0,54,200
0,200,35,1,2,0,1,12,5,2,0,0,0,1,200,200,200,200,200,0,0,200
0,200,30,1,2,0,1,10,5,200,0,0,12,0,200,200,200,18,18,0,58,200
0,200,30,1,2,0,1,10,5,200,0,0,12,0,200,200,200,18,18,1,35,200
1,200,30,1,2,0,1,10,5,200,0,0,12,0,200,200,200,18,18,1,56,200
1,200,30,1,2,0,1,10,5,200,0,0,12,0,200,200,200,18,18,1,11,200
1,200,30,1,2,0,1,10,5,200,0,0,12,0,200,200,200,18,18,1,11,200
0,1,35,0,0,0,3,7,6,200,0,0,0,0,200,200,1,0,0,2,200,200
0,200,30,2,2,0,1,8,6,2,0,0,0,1,1,200,200,17,200,0,45,200
4,200,30,2,2,0,1,8,6,2,0,0,0,1,1,200,200,17,200,1,25,200
0,200,30,0,0,0,1,7,5,200,0,0,0,0,200,200,1,0,200,2,200,200
0,1,20,0,0,200,200,2,0,1,0,200,0,0,200,1,200,0,0,2,200,200
0,200,30,0,0,0,1,12,5,2,0,0,0,1,200,200,1,17,17,0,200,200
0,200,30,0,0,0,1,12,5,2,0,0,0,1,200,200,1,17,17,1,28,200
1,200,30,0,0,0,1,12,5,2,0,0,0,1,200,200,1,17,17,1,200,200
0,200,30,1,2,0,1,10,5,4,0,0,0,1,200,200,200,18,200,0,31,200
0,200,30,1,2,0,1,10,5,4,0,0,0,1,200,200,200,18,200,0,36,200
0,200,30,1,2,0,1,10,5,4,0,0,0,1,200,200,200,18,200,1,50,200
1,200,30,1,2,0,1,10,5,4,0,0,0,1,200,200,200,18,200,0,76,200
1,200,30,1,2,0,1,10,5,4,0,0,0,1,200,200,200,18,200,0,0,200
1,200,30,1,2,0,1,10,5,4,0,0,0,1,200,200,200,18,200,1,30,200
0,200,30,0,0,0,1,2,12,0,0,0,0,0,200,200,1,0,20,2,200,200
0,200,30,1,2,0,1,14,2,200,0,0,0,0,1,200,200,0,0,1,30,200
0,200,30,1,2,0,1,14,2,200,0,0,0,0,1,200,200,0,0,0,48,200
0,200,30,0,0,0,1,10,2,2,0,0,0,0,200,200,200,18,200,0,46,200
0,200,30,0,0,0,1,10,2,2,0,0,0,0,200,200,200,18,200,0,46,200
0,200,30,2,2,0,1,0,5,200,0,0,0,0,1,200,200,17,200,1,16,200
0,200,30,2,2,0,1,0,5,200,0,0,0,0,1,200,200,17,200,0,31,200
0,200,35,2,2,0,1,0,5,2,0,0,0,1,1,200,200,17,0,0,19,200
0,200,35,2,2,0,1,0,5,2,0,0,0,1,1,200,200,17,0,0,35,200
0,200,30,1,2,0,1,12,5,4,0,0,0,0,200,200,200,200,0,0,200,200
0,200,30,1,2,0,1,12,5,4,0,0,0,0,200,200,200,200,0,1,49,200
0,200,20,0,0,0,1,12,6,200,0,0,0,0,200,200,200,17,0,0,63,200
0,200,20,0,0,0,1,12,6,200,0,0,0,0,200,200,200,17,0,0,84,200
0,200,30,0,0,0,1,7,5,200,0,0,0,0,200,200,200,0,0,0,19,200
0,200,30,1,2,0,1,10,5,200,0,0,0,0,200,200,1,18,0,1,200,200
0,200,30,1,2,0,1,10,5,200,0,0,0,0,200,200,1,18,0,1,63,200
1,200,30,1,2,0,1,10,5,200,0,0,0,0,200,200,1,18,0,1,200,200
1,200,30,1,2,0,1,10,5,200,0,0,0,0,200,200,1,18,0,1,200,200
1,200,30,1,2,0,1,10,5,200,0,0,0,0,200,200,1,18,0,2,200,200
1,200,30,1,2,0,1,10,5,200,0,0,0,0,200,200,1,18,0,1,200,200
0,200,30,0,0,0,1,10,5,200,0,0,0,0,200,200,200,28,28,1,39,200
0,200,30,0,0,0,1,10,5,200,0,0,0,0,200,200,200,28,28,0,53,200
0,200,30,0,0,0,1,10,2,4,0,12,12,0,1,200,1,18,16,0,200,200
0,200,30,0,0,0,1,10,2,4,0,12,12,0,1,200,1,18,16,1,37,200
1,200,30,0,0,0,1,10,2,4,0,12,12,0,1,200,1,18,16,0,9,200
1,200,30,0,0,0,1,10,2,4,0,12,12,0,1,200,1,18,16,1,8,200
1,200,30,0,0,0,1,10,2,4,0,12,12,0,1,200,1,18,16,1,1,200
0,200,30,12,2,0,1,7,2,2,0,0,0,0,200,200,200,20,200,0,33,200
0,200,30,2,2,0,1,0,5,2,0,0,0,1,200,200,200,0,200,0,43,200
0,200,30,2,2,0,1,0,5,2,0,0,0,1,200,200,200,0,200,1,35,200
0,200,25,1,2,0,1,7,6,1,0,0,0,0,200,200,1,0,0,0,200,200
1,200,25,1,2,0,1,7,6,1,0,0,0,0,200,200,1,0,0,1,200,200
0,200,30,2,2,0,1,0,2,3,0,0,0,1,1,200,200,11,0,0,25,200
0,200,30,2,2,0,1,0,2,3,0,0,0,1,1,200,200,11,0,1,61,200
1,200,30,2,2,0,1,0,2,3,0,0,0,1,1,200,200,11,0,0,31,200
0,200,30,0,0,0,1,12,5,8,0,0,0,0,1,200,200,0,0,0,200,200
0,200,30,0,0,0,1,12,5,8,0,0,0,0,1,200,200,0,0,0,200,200
0,200,30,2,2,0,1,10,7,200,0,0,0,0,200,200,200,0,200,0,25,200
0,200,30,2,2,0,1,10,7,200,0,0,0,0,200,200,200,0,200,1,59,200
1,200,30,2,2,0,1,10,7,200,0,0,0,0,200,200,200,0,200,1,200,200
0,200,30,0,0,0,1,14,5,2,0,0,0,0,1,200,1,21,200,0,200,200
0,200,30,0,0,0,1,14,5,2,0,0,0,0,1,200,1,21,200,1,200,200
1,200,30,0,0,0,1,14,5,2,0,0,0,0,1,200,1,21,200,1,200,200
0,200,30,0,0,0,2,0,5,2,0,0,0,0,200,200,200,10,0,0,33,200
0,200,30,0,0,0,2,0,5,2,0,0,0,0,200,200,200,10,0,1,23,200
0,200,30,0,0,0,1,14,5,4,0,0,0,0,200,200,1,17,200,1,200,200
0,200,30,0,0,0,1,14,5,4,0,0,0,0,200,200,1,17,200,2,200,200
0,200,30,200,0,200,200,7,6,200,0,0,0,0,200,200,1,0,200,2,200,200
0,200,30,0,0,0,1,10,2,200,0,0,0,0,200,200,200,20,200,1,200,200
0,200,30,0,0,0,1,10,2,200,0,0,0,0,200,200,200,20,200,0,50,200
0,200,35,0,0,0,1,10,2,2,0,0,0,0,200,200,200,0,0,1,200,200
0,200,35,0,0,0,1,10,2,2,0,0,0,0,200,200,200,0,0,0,48,200
0,200,35,0,0,0,1,10,5,2,0,0,0,0,200,200,200,18,0,0,29,200
0,200,35,0,0,0,1,10,5,2,0,0,0,0,200,200,200,18,0,1,31,200
0,200,30,0,0,0,1,14,5,2,0,0,0,1,200,200,200,23,16,0,35,200
0,200,30,0,0,0,1,14,5,2,0,0,0,1,200,200,200,23,16,0,27,200
0,200,35,0,0,0,1,12,2,200,0,0,0,0,200,200,200,0,0,1,41,200
0,200,35,0,0,0,1,12,2,200,0,0,0,0,200,200,200,0,0,0,37,200
1,200,35,0,0,0,1,12,2,200,0,0,0,0,200,200,200,0,0,1,60,200
1,200,35,0,0,0,1,12,2,200,0,0,0,0,200,200,200,0,0,0,200,200
0,200,35,1,2,0,1,10,5,2,0,0,0,0,200,200,200,18,0,0,67,200
0,200,35,1,2,0,1,10,5,2,0,0,0,0,200,200,200,18,0,1,33,200
0,200,30,1,2,0,1,14,5,200,0,0,0,1,200,200,200,0,0,0,30,200
0,200,30,1,2,0,1,14,5,200,0,0,0,1,200,200,200,0,0,0,67,200
0,1,30,0,0,0,3,7,6,1,0,0,0,0,200,200,200,0,0,2,200,200
0,200,30,1,2,0,3,10,5,200,0,0,0,0,200,200,200,18,200,1,27,200
0,200,30,1,2,0,3,10,5,200,0,0,0,0,200,200,200,18,200,1,51,200
0,200,30,2,2,0,1,0,5,200,0,0,0,0,200,200,200,0,200,1,49,200
0,200,30,2,2,0,1,0,5,200,0,0,0,0,200,200,200,0,200,1,29,200
1,200,30,2,2,0,1,0,5,200,0,0,0,0,200,200,200,0,200,0,32,200
1,200,30,2,2,0,1,0,5,200,0,0,0,0,200,200,200,0,200,1,1,200
0,200,30,0,0,0,1,7,5,2,0,0,0,0,200,200,1,0,1,0,200,200
0,200,30,2,2,0,1,14,2,200,0,0,0,0,1,200,200,5,17,1,200,200
0,200,30,2,2,0,1,14,2,200,0,0,0,0,1,200,200,5,17,1,49,200
1,200,30,2,2,0,1,14,2,200,0,0,0,0,1,200,200,5,17,1,200,200
0,200,0,1,200,0,1,7,2,200,0,200,200,1,200,200,200,11,200,0,46,200
0,200,30,0,0,0,1,0,6,200,0,0,0,0,200,1,200,17,0,0,21,200
0,200,30,0,0,0,1,0,6,200,0,0,0,0,200,1,200,17,0,0,56,200
4,200,30,0,0,0,1,8,2,2,0,0,0,1,200,200,200,16,0,0,26,200
0,200,30,0,0,0,1,8,2,2,0,0,0,1,200,200,200,16,0,0,35,200
0,200,20,1,0,0,3,10,5,2,0,0,200,0,1,200,1,18,18,0,200,200
0,200,20,1,0,0,3,10,5,2,0,0,200,0,1,200,1,18,18,1,76,200
1,200,20,1,0,0,3,10,5,2,0,0,200,0,1,200,1,18,18,200,200,200
0,200,30,1,2,0,1,0,2,200,0,0,0,1,1,200,200,200,200,1,33,200
0,200,30,1,2,0,1,0,2,200,0,0,0,1,1,200,200,200,200,0,47,200
0,200,30,0,0,0,1,10,5,2,0,200,200,0,200,200,200,0,0,0,36,200
0,200,30,0,0,0,1,10,5,2,0,200,200,0,200,200,200,0,0,0,26,200
0,200,30,0,0,0,1,10,5,2,0,200,200,0,200,200,200,0,0,1,32,200
0,200,30,1,2,0,1,12,5,2,0,0,0,0,1,200,200,17,22,1,55,200
0,200,30,1,2,0,1,12,5,2,0,0,0,0,1,200,200,17,22,1,30,200
0,200,30,0,0,0,0,11,2,2,0,0,0,0,200,200,200,0,200,1,42,200
0,200,30,0,0,0,0,11,2,2,0,0,0,0,200,200,200,0,200,0,42,200
0,200,30,1,2,0,1,3,2,4,0,0,200,0,200,200,0,0,200,1,200,200
0,200,30,1,2,0,1,3,2,4,0,0,200,0,200,200,0,0,200,1,25,200
0,200,30,2,2,0,1,10,5,2,0,0,0,0,200,200,1,0,0,2,200,200
0,200,30,2,2,0,1,10,5,2,0,0,0,0,200,200,1,0,0,1,57,200
0,200,30,0,0,0,1,7,5,2,0,0,0,0,200,200,200,20,200,0,27,200
0,200,30,1,2,0,1,10,5,4,0,0,0,0,1,200,200,18,11,0,65,200
0,200,30,1,2,0,1,10,5,4,0,0,0,0,1,200,200,18,11,0,57,200
0,200,30,1,2,0,1,10,5,4,0,0,0,0,1,200,200,18,11,1,29,200
1,200,30,1,2,0,1,10,5,4,0,0,0,0,1,200,200,18,11,0,17,200
1,200,30,1,2,0,1,10,5,4,0,0,0,0,1,200,200,18,11,1,0,200
1,200,30,1,2,0,1,10,5,4,0,0,0,0,1,200,200,18,11,0,9,200
0,200,30,0,0,0,1,14,2,200,0,0,0,1,200,200,200,17,17,1,66,200
0,200,30,0,0,0,1,14,2,200,0,0,0,1,200,200,200,17,17,0,33,200
1,200,30,0,0,0,1,14,2,200,0,0,0,1,200,200,200,17,17,0,40,200
1,200,30,0,0,0,1,14,2,200,0,0,0,1,200,200,200,17,17,1,28,200
0,200,30,0,0,0,1,7,5,200,0,0,0,0,200,200,1,0,200,2,200,200
0,200,10,0,0,0,1,3,7,200,0,200,200,0,200,1,1,0,200,1,200,200
0,200,10,0,0,0,1,3,7,200,0,200,200,0,200,1,1,0,200,0,25,200
0,200,30,0,0,0,1,7,5,200,0,0,0,0,200,200,200,0,0,2,200,200
0,200,30,0,0,0,1,7,5,1,0,0,0,0,200,200,200,0,0,1,18,200
0,200,30,0,0,0,1,14,2,4,0,0,0,0,200,200,1,17,23,2,200,200
0,200,30,0,0,0,1,14,2,4,0,0,0,0,200,200,1,17,23,0,62,200
0,200,30,0,0,0,1,12,5,200,0,0,0,0,200,200,200,18,200,0,200,200
0,200,30,0,0,0,1,12,5,200,0,0,0,0,200,200,200,18,200,0,54,200
0,200,30,1,2,0,1,12,5,200,2,0,200,1,1,200,200,0,0,0,20,200
0,200,30,1,2,0,1,12,5,200,2,0,200,1,1,200,200,0,0,0,48,200
0,200,30,0,0,0,1,10,5,2,0,0,0,0,1,200,200,18,16,0,200,200
0,200,30,0,0,0,1,10,5,2,0,0,0,0,1,200,200,18,16,1,200,200
1,200,30,0,0,0,1,10,5,2,0,0,0,0,1,200,200,18,16,0,200,200
1,200,30,0,0,0,1,10,5,2,0,0,0,0,1,200,200,18,16,0,200,200
1,200,30,0,0,0,1,10,5,2,0,0,0,0,1,200,200,18,16,1,200,200
0,200,30,0,0,0,1,7,2,2,0,0,0,0,200,200,200,0,0,1,28,200
1,200,30,0,0,0,1,7,2,2,0,0,0,0,200,200,200,0,0,1,40,200
0,200,30,0,0,0,1,9,5,200,0,0,0,0,200,200,200,0,200,0,200,200
5,200,30,0,0,0,1,9,5,200,0,0,0,0,200,200,200,0,200,0,43,200
0,200,30,2,2,0,1,0,12,200,0,0,0,1,1,200,200,0,200,1,25,200
0,200,30,2,2,0,1,0,12,200,0,0,0,1,1,200,200,0,200,1,28,200
1,200,30,2,2,0,1,0,12,200,0,0,0,1,1,200,200,0,200,0,17,200
0,200,30,0,0,0,1,14,5,4,0,0,0,0,1,200,200,18,11,1,64,200
0,200,30,0,0,0,1,14,5,4,0,0,0,0,1,200,200,18,11,1,63,200
1,200,30,0,0,0,1,14,5,4,0,0,0,0,1,200,200,18,11,0,19,200
0,200,15,0,0,0,1,12,7,200,0,0,0,0,200,1,200,0,0,2,71,200
0,200,15,0,0,0,1,12,7,200,0,0,0,0,200,1,200,0,0,0,65,200
4,200,25,0,0,0,1,8,5,200,0,0,0,1,200,200,200,0,0,1,17,200
0,200,30,0,0,0,1,7,5,200,0,0,0,0,200,200,1,0,200,0,200,200
1,200,30,0,0,0,1,7,5,200,0,0,0,0,200,200,1,0,200,0,200,200
1,200,30,0,0,0,1,7,5,200,0,0,0,0,200,200,1,0,200,0,200,200
0,200,30,0,0,0,1,9,5,200,0,0,200,1,200,200,200,0,0,0,200,200
5,200,30,0,0,0,1,9,5,200,0,0,200,1,200,200,200,0,0,0,13,200
0,200,30,0,0,0,1,10,5,4,0,200,200,0,200,200,200,0,0,0,39,200
0,200,30,0,0,0,1,10,5,4,0,200,200,0,200,200,200,0,0,1,26,200
0,200,30,0,0,0,1,10,5,4,0,200,200,0,200,200,200,0,0,0,28,200
1,200,30,0,0,0,1,10,5,4,0,200,200,0,200,200,200,0,0,1,200,200
0,200,30,0,0,0,1,0,4,200,0,0,0,0,200,200,200,20,16,0,32,200
0,200,30,0,0,0,1,0,4,200,0,0,0,0,200,200,200,20,16,0,200,200
0,200,30,1,2,0,1,10,2,200,0,0,0,0,200,200,1,18,200,1,200,200
0,200,30,1,2,0,1,10,2,200,0,0,0,0,200,200,1,18,200,1,37,200
0,200,30,1,2,0,1,14,2,200,0,0,0,1,1,200,200,17,200,1,71,200
0,200,30,1,2,0,1,14,2,200,0,0,0,1,1,200,200,17,200,1,61,200
0,200,25,0,0,0,1,14,7,200,0,0,0,0,200,200,1,23,200,1,60,200
0,200,25,0,0,0,1,14,7,200,0,0,0,0,200,200,1,23,200,2,200,200
0,200,30,0,0,0,1,7,6,1,0,0,0,0,200,200,200,25,14,0,17,200
1,200,30,0,0,0,1,7,6,1,0,0,0,0,200,200,200,25,14,0,17,200
0,200,30,0,0,0,1,2,3,4,0,0,0,1,200,200,200,0,0,0,64,200
0,200,25,1,2,0,1,3,3,8,0,0,0,1,1,200,200,11,0,0,64,200
0,200,25,1,2,0,1,3,3,8,0,0,0,1,1,200,200,11,0,1,23,200
1,200,25,1,2,0,1,3,3,8,0,0,0,1,1,200,200,11,0,1,24,200
1,200,25,1,2,0,1,3,3,8,0,0,0,1,1,200,200,11,0,1,30,200
1,200,25,1,2,0,1,3,3,8,0,0,0,1,1,200,200,11,0,1,21,200
0,200,30,0,2,0,1,12,5,2,0,0,0,0,200,200,200,21,21,0,30,200
0,200,30,0,2,0,1,12,5,2,0,0,0,0,200,200,200,21,21,1,38,200
0,200,35,0,0,0,1,10,5,2,0,0,0,0,200,200,200,0,0,0,52,200
0,200,35,0,0,0,1,10,5,2,0,0,0,0,200,200,200,0,0,1,44,200
0,200,30,0,0,0,1,14,2,200,0,0,0,0,200,200,200,23,17,1,33,200
0,200,30,0,0,0,1,14,2,200,0,0,0,0,200,200,200,23,17,1,67,200
1,200,30,0,0,0,1,14,2,200,0,0,0,0,200,200,200,23,17,0,1,200
0,200,30,0,0,0,1,3,5,2,0,0,0,0,200,200,200,20,11,0,200,200
0,200,30,0,0,0,1,3,5,2,0,0,0,0,200,200,200,20,11,0,18,200
0,200,30,0,0,0,1,12,5,2,0,200,200,0,200,200,200,22,22,1,200,200
0,200,30,0,0,0,1,12,5,2,0,200,200,0,200,200,200,22,22,0,41,200
0,200,30,1,2,0,1,10,5,200,0,0,0,0,200,200,200,18,0,0,29,200
0,200,30,1,2,0,1,10,5,200,0,0,0,0,200,200,200,18,0,1,79,200
0,200,30,1,2,0,1,2,2,200,0,0,4,0,200,200,200,0,200,0,42,200
0,200,0,0,0,0,1,0,7,0,0,0,0,0,200,1,200,0,0,1,200,200
0,200,0,0,0,0,1,0,7,0,0,0,0,0,200,1,200,0,0,0,62,200
0,200,30,0,0,0,1,7,5,200,0,0,0,0,200,200,200,0,200,1,22,200
0,200,25,0,0,0,1,7,6,1,0,0,0,0,200,200,1,0,200,2,200,200
0,200,30,1,2,0,1,10,5,2,0,0,0,0,1,200,1,0,0,2,200,200
0,200,30,1,2,0,1,10,5,2,0,0,0,0,1,200,1,0,0,1,36,200
0,200,30,0,0,0,1,14,5,4,0,0,200,0,200,200,1,17,200,2,200,200
0,200,30,0,0,0,1,14,5,4,0,0,200,0,200,200,1,17,200,1,49,200