PERSON_TYPE,CRASH_DATE_EST_I,POSTED_SPEED_LIMIT,TRAFFIC_CONTROL_DEVICE,DEVICE_CONDITION,WEATHER_CONDITION,LIGHTING_CONDITION,FIRST_CRASH_TYPE,TRAFFICWAY_TYPE,LANE_CNT,ALIGNMENT,ROADWAY_SURFACE_COND,ROAD_DEFECT,CRASH_TYPE,INTERSECTION_RELATED_I,NOT_RIGHT_OF_WAY_I,HIT_AND_RUN_I,PRIM_CONTRIBUTORY_CAUSE,SEC_CONTRIBUTORY_CAUSE,SEX,AGE,BAC_RESULT VALUE
0,200,30,2,2,0,1,0,2,2,0,0,0,1,1,200,200,17,0,0,41,200
1,200,30,2,2,0,1,0,2,2,0,0,0,1,1,200,200,17,0,0,27,200
0,200,30,0,0,0,1,4,7,200,0,0,0,1,200,200,200,12,0,1,34,200
0,200,30,0,0,0,1,10,5,2,0,0,200,0,200,200,1,18,0,0,200,200
0,200,30,0,0,0,1,10,5,2,0,0,200,0,200,200,1,18,0,1,67,200
0,200,30,1,2,0,1,8,2,200,0,0,0,0,200,200,200,17,11,1,21,200
4,200,30,1,2,0,1,8,2,200,0,0,0,0,200,200,200,17,11,1,200,200
0,200,20,0,0,0,1,7,6,1,0,0,0,0,200,200,200,0,0,2,200,200
0,200,30,1,2,0,1,3,5,5,0,0,0,0,1,200,200,20,200,0,46,200
0,200,30,1,2,0,1,3,5,5,0,0,0,0,1,200,200,20,200,0,18,200
0,200,15,0,0,0,1,14,0,200,0,0,0,0,1,200,200,17,17,0,30,200
0,200,15,0,0,0,1,14,0,200,0,0,0,0,1,200,200,17,17,0,47,200
0,200,30,1,2,0,1,10,3,2,0,0,0,1,1,200,200,16,18,0,46,200
0,200,30,1,2,0,1,10,3,2,0,0,0,1,1,200,200,16,18,1,69,200
0,200,30,1,2,0,1,10,3,2,0,0,0,1,1,200,200,16,18,0,59,200
1,200,30,1,2,0,1,10,3,2,0,0,0,1,1,200,200,16,18,1,63,200
0,200,20,0,0,0,1,12,6,200,0,0,0,0,200,200,200,22,200,1,33,200
0,200,20,0,0,0,1,12,6,200,0,0,0,0,200,200,200,22,200,0,63,200
0,200,30,0,0,0,1,14,3,2,0,0,200,1,200,200,200,23,200,0,27,200
0,200,30,0,0,0,1,14,3,2,0,0,200,1,200,200,200,23,200,0,43,200
1,200,30,0,0,0,1,14,3,2,0,0,200,1,200,200,200,23,200,1,42,200
1,200,30,0,0,0,1,14,3,2,0,0,200,1,200,200,200,23,200,1,70,200
0,200,30,2,2,0,1,0,6,200,0,0,0,1,1,200,200,17,200,1,57,200
0,200,30,2,2,0,1,0,6,200,0,0,0,1,1,200,200,17,200,0,24,200
1,200,30,2,2,0,1,0,6,200,0,0,0,1,1,200,200,17,200,0,20,200
1,200,30,2,2,0,1,0,6,200,0,0,0,1,1,200,200,17,200,0,23,200
0,200,30,0,0,0,1,7,5,2,0,0,0,1,200,200,200,12,200,0,43,200
1,200,30,0,0,0,1,7,5,2,0,0,0,1,200,200,200,12,200,0,44,200
0,200,30,2,2,0,1,10,2,4,0,0,0,1,200,200,200,17,200,0,38,200
0,200,30,2,2,0,1,10,2,4,0,0,0,1,200,200,200,17,200,1,31,200
1,200,30,2,2,0,1,10,2,4,0,0,0,1,200,200,200,17,200,1,58,200
1,200,30,2,2,0,1,10,2,4,0,0,0,1,200,200,200,17,200,1,9,200
1,200,30,2,2,0,1,10,2,4,0,0,0,1,200,200,200,17,200,0,8,200
0,200,25,0,0,0,1,7,5,2,0,0,0,0,200,200,200,200,200,2,200,200
0,200,30,0,0,0,1,12,5,200,0,0,0,1,200,200,200,200,200,1,28,200
0,200,30,0,0,0,1,12,5,200,0,0,0,1,200,200,200,200,200,0,25,200
0,200,30,0,0,0,1,7,2,200,0,0,0,0,200,200,1,0,0,2,200,200
0,200,25,0,0,0,1,14,5,200,0,0,0,1,200,200,200,17,200,1,25,200
0,200,25,0,0,0,1,14,5,200,0,0,0,1,200,200,200,17,200,0,30,200
0,200,45,1,2,0,1,10,3,0,0,0,0,1,1,200,200,16,200,1,200,200
0,200,45,1,2,0,1,10,3,0,0,0,0,1,1,200,200,16,200,0,24,200
1,200,45,1,2,0,1,10,3,0,0,0,0,1,1,200,200,16,200,200,200,200
0,200,30,0,0,0,1,7,6,3,0,0,0,0,200,200,1,0,0,2,200,200
0,200,25,0,0,0,1,7,5,2,0,0,0,1,200,200,200,0,0,1,0,200
0,200,30,0,0,0,200,7,5,1,0,200,0,0,200,200,1,16,0,2,200,200
0,200,30,1,2,0,1,14,5,2,0,0,0,0,200,200,1,18,0,1,200,200
0,200,30,1,2,0,1,14,5,2,0,0,0,0,200,200,1,18,0,0,68,200
0,200,30,0,0,0,1,7,12,200,0,0,0,0,200,1,1,0,200,0,200,200
0,1,30,200,200,0,200,7,2,200,0,200,0,0,200,200,1,0,0,2,200,200
0,200,15,0,0,0,1,2,0,200,0,12,0,0,200,1,200,11,200,0,53,200
0,200,30,0,0,0,1,7,5,200,0,0,0,0,200,200,200,7,7,0,24,200
0,200,25,0,0,0,1,7,6,3,0,0,0,0,200,200,1,0,0,0,200,200
0,200,30,1,2,0,1,14,5,200,0,0,0,0,1,200,200,16,0,0,36,200
0,200,30,1,2,0,1,14,5,200,0,0,0,0,1,200,200,16,0,1,49,200
0,200,30,2,2,0,1,0,2,200,0,0,0,0,1,200,200,17,200,1,25,200
0,200,30,2,2,0,1,0,2,200,0,0,0,0,1,200,200,17,200,0,47,200
1,200,30,2,2,0,1,0,2,200,0,0,0,0,1,200,200,17,200,0,21,200
0,200,15,0,0,0,1,7,5,200,0,0,0,0,200,200,200,23,200,1,79,200
0,1,15,0,0,0,1,7,6,1,0,0,0,0,200,200,1,0,0,0,200,200
0,200,30,0,0,0,1,10,2,200,0,0,0,1,200,200,200,7,200,1,22,200
0,200,30,0,0,0,1,10,2,200,0,0,0,1,200,200,200,7,200,0,30,200
1,200,30,0,0,0,1,10,2,200,0,0,0,1,200,200,200,7,200,1,51,200
1,200,30,0,0,0,1,10,2,200,0,0,0,1,200,200,200,7,200,1,13,200
1,200,30,0,0,0,1,10,2,200,0,0,0,1,200,200,200,7,200,1,11,200
1,200,30,0,0,0,1,10,2,200,0,0,0,1,200,200,200,7,200,0,6,200
1,200,30,0,0,0,1,10,2,200,0,0,0,1,200,200,200,7,200,1,2,200
0,200,30,0,0,0,1,14,5,2,0,0,0,0,200,200,200,0,0,2,200,200
0,200,30,0,0,0,1,14,5,2,0,0,0,0,200,200,200,0,0,0,31,200
1,200,30,0,0,0,1,14,5,2,0,0,0,0,200,200,200,0,0,1,200,200
0,200,30,0,0,0,1,7,5,200,0,0,0,0,200,200,1,0,0,2,200,200
0,200,25,2,0,0,1,8,6,200,0,0,0,0,200,200,200,0,200,1,47,200
4,200,25,2,0,0,1,8,6,200,0,0,0,0,200,200,200,0,200,0,200,200
0,200,30,0,0,0,1,12,2,200,0,0,0,0,200,200,1,17,22,0,200,200
0,200,30,0,0,0,1,12,2,200,0,0,0,0,200,200,1,17,22,0,49,200
0,200,30,0,0,0,1,12,5,200,0,0,0,0,0,200,200,0,0,0,49,200
0,200,30,0,0,0,1,12,5,200,0,0,0,0,0,200,200,0,0,0,78,200
0,200,30,1,2,0,1,12,5,2,0,0,0,0,200,200,200,17,200,0,29,200
0,200,30,1,2,0,1,12,5,2,0,0,0,0,200,200,200,17,200,1,41,200
0,200,15,0,0,0,1,2,0,200,0,0,0,0,200,200,200,200,200,0,55,200
1,200,15,0,0,0,1,2,0,200,0,0,0,0,200,200,200,200,200,0,52,200
0,1,30,0,0,0,1,7,6,200,0,0,0,0,200,200,1,0,0,2,200,200
0,200,30,0,0,0,3,7,6,1,0,200,0,0,200,200,1,0,200,2,200,200
0,200,30,1,1,0,1,14,2,2,0,0,0,0,200,200,200,200,200,0,41,200
0,200,30,1,1,0,1,14,2,2,0,0,0,0,200,200,200,200,200,0,33,200
0,200,30,0,0,0,1,0,5,2,0,0,0,0,200,200,200,23,23,1,23,200
0,200,30,0,0,0,1,0,5,2,0,0,0,0,200,200,200,23,23,1,24,200
0,200,30,1,2,0,1,14,5,200,0,0,0,0,1,200,200,17,200,0,47,200
0,200,30,1,2,0,1,14,5,200,0,0,0,0,1,200,200,17,200,0,47,200
1,200,30,1,2,0,1,14,5,200,0,0,0,0,1,200,200,17,200,1,27,200
0,1,25,0,0,0,1,3,7,200,3,0,0,0,200,200,200,0,0,0,59,200
0,1,25,0,0,0,1,3,7,200,3,0,0,0,200,200,200,0,0,1,18,200
0,200,25,2,2,0,1,14,5,200,3,0,0,0,200,200,200,23,23,0,60,200
0,200,25,2,2,0,1,14,5,200,3,0,0,0,200,200,200,23,23,0,28,200
0,200,10,0,0,0,1,5,0,1,0,0,0,0,200,1,200,0,200,0,200,200
0,200,30,2,2,0,1,0,5,2,0,0,0,0,1,200,200,17,200,0,200,200
0,200,30,2,2,0,1,0,5,2,0,0,0,0,1,200,200,17,200,0,78,200
1,200,30,2,2,0,1,0,5,2,0,0,0,0,1,200,200,17,200,1,73,200
0,200,30,0,2,0,1,10,5,200,0,0,0,0,200,200,200,0,200,1,200,200
0,200,30,0,2,0,1,10,5,200,0,0,0,0,200,200,200,0,200,1,79,200
0,200,30,0,0,0,2,10,6,1,0,0,0,0,200,200,200,16,200,0,26,200
0,200,30,0,0,0,2,10,6,1,0,0,0,0,200,200,200,16,200,0,46,200
0,200,35,1,2,0,1,14,2,200,0,0,0,1,1,200,200,23,200,0,68,200
0,200,35,1,2,0,1,14,2,200,0,0,0,1,1,200,200,23,200,0,29,200
0,200,30,0,0,0,1,12,5,200,0,0,0,0,200,200,200,0,200,1,51,200
0,200,30,0,0,0,1,12,5,200,0,0,0,0,200,200,200,0,200,0,51,200
1,200,30,0,0,0,1,12,5,200,0,0,0,0,200,200,200,0,200,0,200,200
0,200,30,1,2,0,1,10,5,200,0,0,200,0,200,200,200,0,0,1,59,200
0,200,30,1,2,0,1,10,5,200,0,0,200,0,200,200,200,0,0,1,200,200
0,200,30,1,2,0,1,10,5,4,0,0,0,0,1,200,200,0,0,1,27,200
0,200,30,1,2,0,1,10,5,4,0,0,0,0,1,200,200,0,0,0,41,200
0,200,30,1,2,0,1,10,5,4,0,0,0,0,1,200,200,0,0,0,49,200
1,200,30,1,2,0,1,10,5,4,0,0,0,0,1,200,200,0,0,0,24,200
0,200,30,0,0,0,1,10,2,4,0,0,0,0,200,200,200,18,0,0,29,200
0,200,30,0,0,0,1,10,2,4,0,0,0,0,200,200,200,18,0,0,31,200
1,200,30,0,0,0,1,10,2,4,0,0,0,0,200,200,200,18,0,1,33,200
1,200,30,0,0,0,1,10,2,4,0,0,0,0,200,200,200,18,0,1,28,200
0,200,30,2,2,0,1,14,5,2,0,0,0,0,1,200,200,5,17,0,200,200
0,200,30,2,2,0,1,14,5,2,0,0,0,0,1,200,200,5,17,1,33,200
0,200,15,0,0,0,1,7,7,200,0,0,0,0,200,1,200,22,0,0,76,200
0,200,30,0,0,0,3,0,5,200,0,0,0,0,200,200,1,0,0,2,200,200
0,200,30,0,0,0,3,0,5,200,0,0,0,0,200,200,1,0,0,1,34,200
0,200,30,1,2,0,1,14,5,4,0,0,0,0,200,200,200,0,0,0,35,200
0,200,30,1,2,0,1,14,5,4,0,0,0,0,200,200,200,0,0,0,38,200
0,200,30,1,2,0,1,12,5,5,0,0,0,0,200,200,200,0,200,0,61,200
0,200,30,1,2,0,1,12,5,5,0,0,0,0,200,200,200,0,200,0,76,200
1,200,30,1,2,0,1,12,5,5,0,0,0,0,200,200,200,0,200,1,56,200
0,200,30,1,2,0,1,14,2,200,0,0,0,0,200,200,1,10,14,0,200,200
0,200,30,1,2,0,1,14,2,200,0,0,0,0,200,200,1,10,14,1,21,200
0,200,15,0,0,0,1,7,0,2,0,0,0,0,200,200,200,22,16,0,24,200
0,200,30,0,0,0,1,10,12,2,0,0,0,0,200,200,200,18,0,0,16,200
0,200,30,0,0,0,1,10,12,2,0,0,0,0,200,200,200,18,0,1,65,200
0,200,30,0,0,0,1,12,3,200,0,0,0,0,200,200,200,21,200,1,17,200
0,200,30,0,0,0,1,12,3,200,0,0,0,0,200,200,200,21,200,0,70,200
1,200,30,0,0,0,1,12,3,200,0,0,0,0,200,200,200,21,200,1,21,200
1,200,30,0,0,0,1,12,3,200,0,0,0,0,200,200,200,21,200,1,23,200
1,200,30,0,0,0,1,12,3,200,0,0,0,0,200,200,200,21,200,0,5,200
1,200,30,0,0,0,1,12,3,200,0,0,0,0,200,200,200,21,200,1,0,200
1,200,30,0,0,0,1,12,3,200,0,0,0,0,200,200,200,21,200,0,0,200
0,200,30,0,0,0,1,12,5,4,0,0,0,0,200,200,200,0,200,1,23,200
0,200,30,0,0,0,1,12,5,4,0,0,0,0,200,200,200,0,200,1,28,200
1,200,30,0,0,0,1,12,5,4,0,0,0,0,200,200,200,0,200,1,16,200
1,200,30,0,0,0,1,12,5,4,0,0,0,0,200,200,200,0,200,0,1,200
0,200,30,12,12,0,1,4,5,4,0,0,200,0,200,200,200,200,200,0,20,200
0,200,30,12,12,0,1,4,5,4,0,0,200,0,200,200,200,200,200,0,36,200
0,200,30,2,2,0,1,0,5,0,0,0,0,0,1,200,200,5,17,0,200,200
0,200,30,2,2,0,1,0,5,0,0,0,0,0,1,200,200,5,17,1,53,200
0,200,30,2,2,0,1,0,2,200,0,0,0,1,1,200,200,17,200,1,37,200
0,200,30,2,2,0,1,0,2,200,0,0,0,1,1,200,200,17,200,0,28,200
1,200,30,2,2,0,1,0,2,200,0,0,0,1,1,200,200,17,200,0,15,200
0,200,30,0,0,0,1,7,5,2,0,0,0,1,200,200,200,16,200,0,200,200
0,200,30,1,2,0,1,12,12,0,0,0,0,0,1,200,200,200,200,1,34,200
0,200,30,1,2,0,1,12,12,0,0,0,0,0,1,200,200,200,200,0,26,200
0,200,30,1,2,0,1,10,5,4,0,0,0,0,200,200,200,16,16,0,39,200
0,200,30,1,2,0,1,10,5,4,0,0,0,0,200,200,200,16,16,0,49,200
0,200,30,1,2,0,1,10,5,2,0,0,0,0,1,200,1,18,12,0,200,200
0,200,30,1,2,0,1,10,5,2,0,0,0,0,1,200,1,18,12,0,63,200
0,200,30,2,2,0,1,2,5,200,0,0,0,1,200,200,1,25,14,0,200,200
1,200,30,2,2,0,1,2,5,200,0,0,0,1,200,200,1,25,14,0,14,200
0,200,30,0,0,0,1,12,5,4,0,0,200,0,200,200,200,0,0,2,200,200
0,200,30,0,0,0,1,12,5,4,0,0,200,0,200,200,200,0,0,1,29,200
0,200,30,1,2,0,1,12,5,3,0,200,200,0,200,200,200,21,22,1,57,200
0,200,30,1,2,0,1,12,5,3,0,200,200,0,200,200,200,21,22,0,37,200
0,200,30,0,0,0,1,5,2,2,0,0,12,0,200,200,200,28,200,0,38,200
0,200,30,0,0,0,1,7,5,200,0,200,200,0,200,200,1,0,200,2,200,200
0,200,30,0,0,0,1,12,3,200,0,0,0,0,200,200,200,21,200,0,21,200
0,200,30,0,0,0,1,12,3,200,0,0,0,0,200,200,200,21,200,1,48,200
0,200,30,0,0,0,1,12,3,200,0,0,0,0,200,200,200,21,200,0,44,200
0,200,30,0,0,0,1,12,3,200,0,0,0,0,200,200,200,21,200,2,200,200
0,200,35,0,0,0,1,0,5,2,0,0,0,0,200,200,200,0,0,0,80,200
0,200,35,0,0,0,1,0,5,2,0,0,0,0,200,200,200,0,0,0,48,200
0,200,30,0,0,0,1,14,2,200,0,0,0,1,200,200,200,17,11,0,41,200
0,200,30,0,0,0,1,14,2,200,0,0,0,1,200,200,200,17,11,0,41,200
0,200,30,0,0,0,1,7,6,200,0,0,0,0,200,200,1,0,0,2,200,200
0,200,30,0,0,0,1,11,5,2,0,0,0,1,200,200,1,200,200,1,34,200
0,200,30,0,0,0,1,11,5,2,0,0,0,1,200,200,1,200,200,0,200,200
0,200,30,0,0,0,1,12,2,2,0,0,0,0,200,200,200,18,200,1,200,200
0,200,30,0,0,0,1,12,2,2,0,0,0,0,200,200,200,18,200,0,46,200
0,200,15,0,0,0,1,12,7,200,0,0,0,0,200,1,200,200,200,1,200,200
0,200,15,0,0,0,1,12,7,200,0,0,0,0,200,1,200,200,200,0,46,200
0,200,30,0,0,0,3,7,5,2,0,0,0,0,200,200,1,0,200,2,200,200
0,200,10,0,0,0,1,7,7,200,0,200,200,0,200,1,200,0,200,1,43,200
0,200,20,0,0,0,1,7,6,1,0,0,0,1,200,200,200,0,0,1,66,200
0,200,30,2,2,0,1,0,5,200,0,0,0,1,1,200,1,200,200,0,200,200
0,200,30,2,2,0,1,0,5,200,0,0,0,1,1,200,1,200,200,1,68,200
0,200,30,0,0,0,1,0,5,200,0,0,0,0,200,200,200,0,0,0,57,200
0,200,30,0,0,0,1,0,5,200,0,0,0,0,200,200,200,0,0,0,32,200
0,200,30,1,200,0,1,14,5,200,0,0,0,1,1,200,200,17,200,1,51,200
0,200,30,1,200,0,1,14,5,200,0,0,0,1,1,200,200,17,200,0,68,200
0,200,30,0,0,0,4,2,2,2,0,0,0,1,200,200,200,11,200,0,41,200
0,200,15,0,0,0,1,7,0,200,0,0,0,0,200,1,1,25,200,2,200,200
0,200,15,0,0,0,1,0,0,200,0,0,0,0,200,200,200,20,200,0,56,200
0,200,15,0,0,0,1,0,0,200,0,0,0,0,200,200,200,20,200,1,0,200
0,200,35,1,2,0,1,10,5,200,0,0,0,0,200,200,200,11,200,0,200,200
0,200,35,1,2,0,1,10,5,200,0,0,0,0,200,200,200,11,200,0,65,200
0,200,30,0,0,0,1,12,5,2,0,0,0,0,200,200,200,17,15,1,200,200
0,200,30,0,0,0,1,12,5,2,0,0,0,0,200,200,200,17,15,1,38,200
0,200,30,1,200,0,1,14,5,200,0,0,200,0,200,200,200,18,0,0,200,200
0,200,30,1,200,0,1,14,5,200,0,0,200,0,200,200,200,18,0,0,56,200
0,200,30,1,2,0,1,10,3,200,0,0,0,1,0,200,200,0,200,0,36,200
0,200,30,1,2,0,1,10,3,200,0,0,0,1,0,200,200,0,200,0,75,200
0,200,30,200,200,0,1,12,5,200,0,200,200,0,200,200,200,0,200,1,200,200
0,200,30,200,200,0,1,12,5,200,0,200,200,0,200,200,200,0,200,0,33,200
0,200,30,1,2,0,1,10,2,3,0,0,0,1,200,200,200,18,7,0,31,200
0,200,30,1,2,0,1,10,2,3,0,0,0,1,200,200,200,18,7,1,42,200
0,1,35,2,2,0,0,2,5,200,0,0,1,0,200,200,200,29,200,1,54,200
0,200,30,1,2,0,1,14,5,2,0,0,0,0,200,200,200,18,200,0,39,200
0,200,30,1,2,0,1,14,5,2,0,0,0,0,200,200,200,18,200,0,200,200
0,200,30,0,0,0,1,7,5,200,0,0,0,0,200,200,1,0,0,2,200,200
0,200,30,1,2,0,1,12,5,200,0,0,0,0,1,200,200,11,200,1,0,200
0,200,30,1,2,0,1,12,5,200,0,0,0,0,1,200,200,11,200,0,47,200
0,200,5,0,0,0,1,7,7,1,0,0,0,0,200,200,200,0,0,0,200,200
0,200,30,1,2,0,1,12,5,2,0,200,200,0,200,200,200,0,0,1,75,200
0,200,30,1,2,0,1,12,5,2,0,200,200,0,200,200,200,0,0,1,50,200
0,200,30,1,2,0,1,9,5,200,0,0,0,1,1,200,200,17,200,1,33,200
5,200,30,1,2,0,1,9,5,200,0,0,0,1,1,200,200,17,200,1,53,200
0,200,30,0,0,0,1,10,5,200,0,200,200,0,200,200,200,0,200,0,18,200
0,200,30,0,0,0,1,10,5,200,0,200,200,0,200,200,200,0,200,0,32,200
0,200,30,2,200,200,1,0,2,200,0,0,200,0,1,200,200,5,200,0,61,200
0,200,30,2,200,200,1,0,2,200,0,0,200,0,1,200,200,5,200,0,21,200
0,200,30,0,0,0,3,10,2,200,0,0,200,0,200,200,200,18,200,0,200,200
0,200,30,0,0,0,3,10,2,200,0,0,200,0,200,200,200,18,200,1,45,200
0,200,15,0,0,0,1,7,7,200,0,0,0,0,200,200,200,20,16,0,76,200
0,200,35,1,2,0,1,2,1,4,0,0,0,0,1,200,200,0,0,0,28,200
0,200,30,1,2,0,1,14,5,4,0,0,0,0,200,200,1,23,23,0,200,200
0,200,30,1,2,0,1,14,5,4,0,0,0,0,200,200,1,23,23,0,53,200
0,200,20,2,2,0,1,14,5,200,0,0,0,0,200,200,200,11,0,0,43,200
0,200,20,2,2,0,1,14,5,200,0,0,0,0,200,200,200,11,0,1,23,200
0,200,0,0,0,0,1,0,7,0,0,0,200,0,200,1,200,0,0,1,33,200
0,200,0,0,0,0,1,0,7,0,0,0,200,0,200,1,200,0,0,1,200,200
0,200,15,0,0,0,1,2,0,200,0,0,0,1,200,200,1,25,200,0,200,200
0,200,10,0,0,0,1,7,7,2,0,0,0,0,200,200,1,0,33,2,200,200
0,200,30,0,0,0,1,7,2,2,0,0,0,1,200,200,1,15,0,0,200,200
0,200,0,1,2,0,1,12,2,2,0,0,0,0,200,200,200,0,0,1,32,200
0,200,0,1,2,0,1,12,2,2,0,0,0,0,200,200,200,0,0,1,34,200
1,200,0,1,2,0,1,12,2,2,0,0,0,0,200,200,200,0,0,1,52,200
1,200,0,1,2,0,1,12,2,2,0,0,0,0,200,200,200,0,0,0,5,200
0,200,30,1,2,0,1,10,3,2,0,0,0,0,200,200,200,0,0,0,48,200
0,200,30,1,2,0,1,10,3,2,0,0,0,0,200,200,200,0,0,0,27,200
0,200,30,1,2,0,1,14,5,4,0,0,1,0,200,200,1,0,0,1,66,200
0,200,30,1,2,0,1,14,5,4,0,0,1,0,200,200,1,0,0,0,33,200
0,200,30,2,0,0,1,0,5,200,0,0,0,1,1,200,200,17,200,0,20,200
0,200,30,2,0,0,1,0,5,200,0,0,0,1,1,200,200,17,200,1,17,200
1,200,30,2,0,0,1,0,5,200,0,0,0,1,1,200,200,17,200,1,19,200
0,200,30,0,0,0,1,7,7,1,0,0,0,0,200,200,1,0,200,2,200,200
0,200,30,1,2,0,1,0,2,2,0,0,0,0,1,200,200,17,0,1,200,200
0,200,30,1,2,0,1,0,2,2,0,0,0,0,1,200,200,17,0,1,70,200
0,200,30,0,0,0,1,10,5,200,0,0,0,0,200,200,200,0,0,1,200,200
0,200,30,0,0,0,1,10,5,200,0,0,0,0,200,200,200,0,0,0,57,200
0,200,30,1,2,0,1,10,5,6,0,0,0,1,200,200,1,18,200,0,200,200
0,200,30,1,2,0,1,10,5,6,0,0,0,1,200,200,1,18,200,0,29,200
1,200,30,1,2,0,1,10,5,6,0,0,0,1,200,200,1,18,200,1,200,200
1,200,30,1,2,0,1,10,5,6,0,0,0,1,200,200,1,18,200,1,200,200
1,200,30,1,2,0,1,10,5,6,0,0,0,1,200,200,1,18,200,1,200,200
1,200,30,1,2,0,1,10,5,6,0,0,0,1,200,200,1,18,200,1,200,200
0,200,30,1,2,0,1,10,5,2,0,0,0,0,200,200,200,18,33,0,21,200
0,200,30,1,2,0,1,10,5,2,0,0,0,0,200,200,200,18,33,1,53,200
1,200,30,1,2,0,1,10,5,2,0,0,0,0,200,200,200,18,33,0,77,200
0,200,30,2,0,0,1,0,2,4,0,0,0,0,1,200,200,17,200,0,29,200
0,200,30,2,0,0,1,0,2,4,0,0,0,0,1,200,200,17,200,0,23,200
0,200,30,0,0,0,1,12,5,200,0,0,0,0,200,200,1,22,0,0,200,200
0,200,30,0,0,0,1,12,5,200,0,0,0,0,200,200,1,22,0,1,19,200
0,200,30,2,2,0,1,10,5,200,0,0,200,0,1,200,1,0,0,1,200,200
0,200,30,2,2,0,1,10,5,200,0,0,200,0,1,200,1,0,0,0,69,200
1,200,30,2,2,0,1,10,5,200,0,0,200,0,1,200,1,0,0,1,200,200
0,200,10,0,0,0,1,12,12,200,0,0,0,0,200,200,200,22,200,0,50,200
0,200,10,0,0,0,1,12,12,200,0,0,0,0,200,200,200,22,200,0,35,200
0,0,35,0,0,0,1,7,5,1,0,0,0,0,200,200,1,0,0,1,200,200
0,200,30,0,0,0,1,10,7,200,0,0,0,0,200,200,200,0,0,1,61,200
0,200,30,0,0,0,1,10,7,200,0,0,0,0,200,200,200,0,0,1,200,200
0,200,20,0,0,0,1,0,7,200,0,0,0,0,200,200,0,20,200,1,48,200
0,200,20,0,0,0,1,0,7,200,0,0,0,0,200,200,0,20,200,1,62,200
0,200,30,0,0,0,1,2,12,200,0,0,0,0,200,200,200,0,0,0,41,200
0,200,25,1,200,0,1,10,1,200,0,0,200,0,200,200,200,11,200,0,31,200
0,200,25,1,200,0,1,10,1,200,0,0,200,0,200,200,200,11,200,0,28,200
0,200,30,0,0,0,1,12,2,4,0,0,0,0,200,200,1,22,200,0,200,200
0,200,30,0,0,0,1,12,2,4,0,0,0,0,200,200,1,22,200,0,26,200
0,200,30,0,0,0,1,5,5,200,0,0,200,0,200,200,200,0,0,1,33,200
0,200,30,200,200,0,1,10,5,2,0,200,200,0,200,200,200,18,200,0,40,200
0,200,30,200,200,0,1,10,5,2,0,200,200,0,200,200,200,18,200,1,25,200
1,200,30,200,200,0,1,10,5,2,0,200,200,0,200,200,200,18,200,1,200,200
0,200,30,0,0,0,1,7,2,1,0,0,0,1,200,200,1,25,0,0,200,200
0,200,30,0,0,0,1,0,6,1,0,0,0,0,200,200,200,0,0,1,51,200
0,200,30,0,0,0,1,0,6,1,0,0,0,0,200,200,200,0,0,1,32,200
0,200,30,0,0,0,1,14,2,4,0,0,0,1,200,200,200,4,16,0,57,200
0,200,30,0,0,0,1,14,2,4,0,0,0,1,200,200,200,4,16,0,0,200
1,200,30,0,0,0,1,14,2,4,0,0,0,1,200,200,200,4,16,0,200,200
0,0,30,0,0,0,1,12,5,2,0,0,0,0,200,200,200,17,0,1,46,200
0,0,30,0,0,0,1,12,5,2,0,0,0,0,200,200,200,17,0,0,25,200
0,200,30,2,2,0,1,9,12,2,0,0,0,1,200,200,200,17,8,0,32,200
5,200,30,2,2,0,1,9,12,2,0,0,0,1,200,200,200,17,8,1,24,200
0,200,30,0,0,0,1,7,2,2,0,0,200,0,200,200,200,0,0,2,200,200
0,200,30,0,0,0,1,9,5,200,0,0,0,0,0,200,200,200,200,0,51,200
5,200,30,0,0,0,1,9,5,200,0,0,0,0,0,200,200,200,200,1,200,200
0,1,20,0,0,0,1,7,5,200,0,0,0,0,200,200,1,22,200,2,200,200
0,200,30,0,0,0,1,10,5,2,0,0,0,0,200,200,200,18,12,1,19,200
0,200,30,0,0,0,1,10,5,2,0,0,0,0,200,200,200,18,12,0,39,200
1,200,30,0,0,0,1,10,5,2,0,0,0,0,200,200,200,18,12,1,51,200
0,200,30,1,2,0,1,0,5,6,0,200,200,0,1,200,200,17,11,1,18,200
0,200,30,1,2,0,1,0,5,6,0,200,200,0,1,200,200,17,11,1,78,200
4,200,30,0,0,0,1,4,5,200,2,0,0,1,200,200,200,13,200,0,34,200
0,200,30,0,0,0,1,4,5,200,2,0,0,1,200,200,200,13,200,2,200,200
0,200,35,0,0,0,1,14,1,2,2,0,0,0,1,200,200,18,0,0,57,200
0,200,35,0,0,0,1,14,1,2,2,0,0,0,1,200,200,18,0,0,50,200
0,200,35,2,0,0,1,0,2,2,0,0,0,0,1,200,200,16,0,0,50,200
0,200,35,2,0,0,1,0,2,2,0,0,0,0,1,200,200,16,0,0,21,200
0,200,30,200,200,0,1,10,5,200,0,0,200,0,200,200,200,200,200,1,63,200
0,200,30,200,200,0,1,10,5,200,0,0,200,0,200,200,200,200,200,1,66,200
0,200,30,0,0,0,1,0,7,200,0,0,0,0,200,200,200,0,200,1,200,200
0,200,30,0,0,0,1,0,7,200,0,0,0,0,200,200,200,0,200,1,49,200