PERSON_TYPE,CRASH_DATE_EST_I,POSTED_SPEED_LIMIT,TRAFFIC_CONTROL_DEVICE,DEVICE_CONDITION,WEATHER_CONDITION,LIGHTING_CONDITION,FIRST_CRASH_TYPE,TRAFFICWAY_TYPE,LANE_CNT,ALIGNMENT,ROADWAY_SURFACE_COND,ROAD_DEFECT,CRASH_TYPE,INTERSECTION_RELATED_I,NOT_RIGHT_OF_WAY_I,HIT_AND_RUN_I,PRIM_CONTRIBUTORY_CAUSE,SEC_CONTRIBUTORY_CAUSE,SEX,AGE,BAC_RESULT VALUE
4,1,30,1,2,0,3,8,2,3,0,0,0,1,1,200,200,6,17,0,27,200
0,1,30,1,2,0,3,8,2,3,0,0,0,1,1,200,200,6,17,0,46,200
0,200,30,1,2,0,3,10,5,4,0,0,0,1,1,200,200,14,7,0,45,200
0,200,30,1,2,0,3,10,5,4,0,0,0,1,1,200,200,14,7,0,29,200
0,200,30,1,2,0,3,10,5,4,0,0,0,1,1,200,200,14,7,1,40,200
0,200,35,0,0,0,3,7,5,200,0,0,0,1,200,200,200,32,27,0,31,0.23
0,200,35,1,200,0,3,10,5,200,0,0,200,0,200,200,200,0,0,0,200,200
0,200,35,1,200,0,3,10,5,200,0,0,200,0,200,200,200,0,0,1,42,200
0,200,30,0,0,0,3,7,6,1,0,0,0,1,200,200,1,0,0,2,200,200
0,1,30,1,200,0,3,2,3,4,0,200,200,1,200,200,1,15,200,0,16,200
0,200,30,1,2,0,3,10,6,2,0,0,0,0,1,200,1,18,200,0,200,200
0,200,30,1,2,0,3,10,6,2,0,0,0,0,1,200,1,18,200,0,50,200
0,200,30,1,2,0,3,10,5,6,0,0,0,0,200,200,200,200,200,0,25,200
0,200,30,1,2,0,3,10,5,6,0,0,0,0,200,200,200,200,200,0,59,200
0,200,30,0,0,0,3,7,6,1,0,0,0,0,200,200,1,0,0,2,200,200
0,200,30,1,2,0,3,10,5,200,0,0,0,0,1,200,200,17,23,0,43,200
0,200,30,1,2,0,3,10,5,200,0,0,0,0,1,200,200,17,23,0,53,200
1,200,30,1,2,0,3,10,5,200,0,0,0,0,1,200,200,17,23,1,54,200
0,200,30,1,2,0,3,10,2,2,0,0,0,0,1,200,200,18,0,1,28,200
0,200,30,1,2,0,3,10,2,2,0,0,0,0,1,200,200,18,0,0,28,200
0,200,30,1,2,0,3,10,2,200,0,0,0,1,1,200,200,23,200,0,57,200
0,200,30,1,2,0,3,10,2,200,0,0,0,1,1,200,200,23,200,0,33,200
1,200,30,1,2,0,3,10,2,200,0,0,0,1,1,200,200,23,200,1,32,200
1,200,30,1,2,0,3,10,2,200,0,0,0,1,1,200,200,23,200,0,35,200
0,200,30,0,0,0,3,7,2,2,0,0,0,1,200,1,200,16,0,0,32,200
1,200,30,0,0,0,3,7,2,2,0,0,0,1,200,1,200,16,0,0,23,200
0,200,30,1,2,0,3,10,8,4,2,0,0,0,1,200,200,0,200,0,24,200
0,200,30,1,2,0,3,10,8,4,2,0,0,0,1,200,200,0,200,0,21,200
1,200,30,1,2,0,3,10,8,4,2,0,0,0,1,200,200,0,200,0,23,200
0,200,30,9,2,0,3,7,3,6,0,12,4,1,200,200,200,11,16,1,20,200
1,200,30,9,2,0,3,7,3,6,0,12,4,1,200,200,200,11,16,0,26,200
1,200,30,9,2,0,3,7,3,6,0,12,4,1,200,200,200,11,16,1,24,200
1,200,30,9,2,0,3,7,3,6,0,12,4,1,200,200,200,11,16,0,29,200
1,200,30,9,2,0,3,7,3,6,0,12,4,1,200,200,200,11,16,1,27,200
1,200,30,9,2,0,3,7,3,6,0,12,4,1,200,200,200,11,16,1,19,200
1,200,30,9,2,0,3,7,3,6,0,12,4,1,200,200,200,11,16,0,23,200
0,200,30,0,0,0,3,3,5,200,0,0,0,1,200,200,200,4,0,0,21,200
0,200,30,0,0,0,3,3,5,200,0,0,0,1,200,200,200,4,0,0,36,200
1,200,30,0,0,0,3,3,5,200,0,0,0,1,200,200,200,4,0,0,200,200
0,200,30,0,0,0,1,10,5,2,0,0,0,0,200,200,200,0,18,1,19,200
0,200,30,0,0,0,1,10,5,2,0,0,0,0,200,200,200,0,18,0,28,200
0,200,30,0,0,0,1,7,5,2,0,0,0,0,200,200,200,200,200,0,66,200
0,200,30,1,2,0,3,10,5,4,0,0,0,0,1,200,200,0,0,0,23,200
0,200,30,1,2,0,3,10,5,4,0,0,0,0,1,200,200,0,0,1,31,200
0,200,35,0,0,0,3,3,5,2,0,0,0,1,200,200,200,0,0,0,24,200
0,200,35,0,0,0,3,3,5,2,0,0,0,1,200,200,200,0,0,1,22,200
0,200,30,1,2,0,1,10,5,4,0,0,0,0,200,200,200,16,18,0,39,200
0,200,30,1,2,0,1,10,5,4,0,0,0,0,200,200,200,16,18,1,55,200
0,200,30,1,2,0,1,0,2,2,0,0,0,1,1,200,200,0,0,0,36,200
0,200,30,1,2,0,1,0,2,2,0,0,0,1,1,200,200,0,0,0,45,200
0,200,30,0,0,0,1,10,2,2,0,0,0,0,200,200,200,18,16,0,48,200
0,200,30,0,0,0,1,10,2,2,0,0,0,0,200,200,200,18,16,0,72,200
0,200,30,1,2,0,1,0,5,0,0,0,0,1,1,200,200,6,21,0,69,200
0,200,30,1,2,0,1,0,5,0,0,0,0,1,1,200,200,6,21,0,32,200
0,200,30,1,2,0,1,0,5,0,0,0,0,1,1,200,200,6,21,0,48,200
0,200,30,0,0,0,1,14,2,200,0,0,0,0,200,200,200,23,0,0,72,200
0,200,30,0,0,0,1,14,2,200,0,0,0,0,200,200,200,23,0,0,30,200
0,200,30,0,0,0,1,12,3,6,0,0,0,0,200,200,1,17,22,0,200,200
0,200,30,0,0,0,1,12,3,6,0,0,0,0,200,200,1,17,22,0,60,200
0,200,30,1,2,0,1,0,5,200,0,0,0,0,1,200,200,0,0,1,78,200
0,200,30,1,2,0,1,0,5,200,0,0,0,0,1,200,200,0,0,1,44,200
0,200,30,0,0,0,1,7,5,200,0,0,0,1,200,200,200,8,200,0,46,200
0,1,30,0,0,0,200,7,6,2,0,0,0,0,200,200,200,200,200,2,200,200
0,200,30,0,0,0,2,7,6,1,0,0,0,0,200,200,1,0,200,2,200,200
0,200,30,0,0,0,1,7,5,200,0,0,0,0,200,200,1,0,0,2,200,200
0,200,30,0,0,0,1,14,2,4,0,0,0,1,200,200,200,0,0,1,38,200
0,200,30,0,0,0,1,14,2,4,0,0,0,1,200,200,200,0,0,0,28,200
0,200,30,1,2,1,1,10,2,200,0,0,0,0,200,200,1,18,11,0,200,200
0,200,30,1,2,1,1,10,2,200,0,0,0,0,200,200,1,18,11,1,41,200
0,200,30,1,2,0,1,14,5,200,0,0,0,0,200,200,200,23,23,0,0,200
0,200,30,1,2,0,1,14,5,200,0,0,0,0,200,200,200,23,23,1,200,200
0,200,20,0,0,0,1,7,7,0,0,0,0,0,200,200,200,20,11,0,0,200
0,200,30,0,0,0,1,12,2,4,0,0,0,0,200,200,200,21,21,0,36,200
0,200,30,0,0,0,1,12,2,4,0,0,0,0,200,200,200,21,21,1,43,200
0,200,30,1,2,0,1,0,3,4,0,0,0,1,200,200,200,6,200,0,24,200
0,200,30,1,2,0,1,0,3,4,0,0,0,1,200,200,200,6,200,0,51,200
0,1,30,0,0,200,200,7,6,1,0,0,0,0,200,200,1,0,200,2,200,200
0,200,30,0,0,0,1,2,6,3,0,0,0,1,1,200,200,7,16,0,31,200
0,200,30,1,2,0,1,12,6,4,0,0,0,0,1,200,200,11,200,0,49,200
0,200,30,1,2,0,1,12,6,4,0,0,0,0,1,200,200,11,200,0,53,200
1,200,30,1,2,0,1,12,6,4,0,0,0,0,1,200,200,11,200,0,43,200
0,200,25,1,2,0,1,12,5,200,0,0,0,0,200,200,200,17,17,0,49,200
0,200,25,1,2,0,1,12,5,200,0,0,0,0,200,200,200,17,17,1,45,200
0,200,15,0,0,0,1,7,7,200,0,0,0,0,200,200,200,0,0,1,46,200
0,200,30,0,0,0,1,12,2,200,0,0,0,0,200,200,200,200,12,0,62,200
0,200,30,0,0,0,1,12,2,200,0,0,0,0,200,200,200,200,12,0,33,200
0,200,30,0,0,0,0,10,2,2,0,0,0,0,200,200,1,0,34,1,26,200
0,200,30,0,0,0,0,10,2,2,0,0,0,0,200,200,1,0,34,0,55,200
0,200,30,0,0,1,1,0,5,4,0,0,200,0,200,200,200,0,0,1,200,200
0,200,30,0,0,1,1,0,5,4,0,0,200,0,200,200,200,0,0,1,66,200
0,200,30,0,0,0,1,7,5,2,0,0,0,0,200,200,1,12,12,0,36,200
0,200,30,0,0,0,1,10,2,200,0,0,0,1,200,200,200,7,200,1,34,200
0,200,30,0,0,0,1,10,2,200,0,0,0,1,200,200,200,7,200,1,40,200
0,200,30,0,0,0,1,12,2,200,0,0,0,0,1,200,200,27,200,0,35,200
0,200,30,0,0,0,1,12,2,200,0,0,0,0,1,200,200,27,200,1,24,200
0,200,30,0,0,0,1,12,2,200,0,0,0,0,1,200,200,27,200,0,35,200
0,200,30,0,0,0,1,12,5,200,0,0,0,0,200,200,200,18,18,0,62,200
0,200,30,0,0,0,1,12,5,200,0,0,0,0,200,200,200,18,18,0,24,200
0,200,15,0,0,0,1,7,12,200,0,0,0,0,200,200,1,0,0,2,200,200
0,200,30,0,0,0,0,7,5,2,0,0,0,0,200,200,200,0,5,0,200,200
0,200,30,1,2,0,1,10,2,1,0,0,0,0,1,200,200,8,0,0,65,200
0,200,30,1,2,0,1,10,2,1,0,0,0,0,1,200,200,8,0,0,38,200
0,200,30,1,2,0,1,10,2,1,0,0,0,0,1,200,200,8,0,0,70,200
1,200,30,1,2,0,1,10,2,1,0,0,0,0,1,200,200,8,0,0,4,200
1,200,30,1,2,0,1,10,2,1,0,0,0,0,1,200,200,8,0,1,10,200
1,200,30,1,2,0,1,10,2,1,0,0,0,0,1,200,200,8,0,1,13,200
1,200,30,1,2,0,1,10,2,1,0,0,0,0,1,200,200,8,0,0,11,200
0,200,30,0,0,0,4,7,5,1,0,0,0,0,200,200,1,0,200,2,200,200
0,200,30,0,0,0,1,14,5,200,0,0,0,1,200,200,200,23,200,0,35,200
0,200,30,0,0,0,1,14,5,200,0,0,0,1,200,200,200,23,200,0,34,200
0,200,30,0,0,0,1,14,5,200,0,0,0,1,200,200,200,23,200,1,44,200
0,200,30,0,0,0,1,14,5,200,0,0,0,1,200,200,200,23,200,0,21,200
0,200,40,0,0,0,1,10,3,200,0,0,0,1,200,200,200,18,16,0,62,200
0,200,40,0,0,0,1,10,3,200,0,0,0,1,200,200,200,18,16,0,47,200
1,200,40,0,0,0,1,10,3,200,0,0,0,1,200,200,200,18,16,0,12,200
1,200,40,0,0,0,1,10,3,200,0,0,0,1,200,200,200,18,16,1,60,200
0,200,30,1,2,0,1,14,5,2,0,0,0,1,200,200,200,23,200,0,52,200
0,200,30,1,2,0,1,14,5,2,0,0,0,1,200,200,200,23,200,0,32,200
0,200,20,0,0,0,1,12,2,200,0,0,0,0,200,200,200,200,200,1,40,200
0,200,20,0,0,0,1,12,2,200,0,0,0,0,200,200,200,200,200,0,200,200
0,200,30,1,2,0,1,14,5,200,0,0,0,0,1,200,200,22,200,0,31,200
0,200,30,1,2,0,1,14,5,200,0,0,0,0,1,200,200,22,200,0,43,200
0,200,30,1,2,0,1,12,2,200,0,0,0,0,200,200,200,18,17,1,200,200
0,200,30,1,2,0,1,12,2,200,0,0,0,0,200,200,200,18,17,1,58,200
1,200,30,1,2,0,1,12,2,200,0,0,0,0,200,200,200,18,17,0,200,200
0,200,30,1,2,0,1,14,6,1,0,0,0,0,200,200,200,0,0,0,44,200
0,200,30,1,2,0,1,14,6,1,0,0,0,0,200,200,200,0,0,1,37,200
0,200,35,1,2,0,1,11,6,200,0,0,0,0,200,200,1,10,0,2,200,200
0,200,35,1,2,0,1,11,6,200,0,0,0,0,200,200,1,10,0,0,40,200
0,200,30,1,2,0,1,14,2,1,0,0,0,0,1,200,1,22,21,1,200,200
0,200,30,1,2,0,1,14,2,1,0,0,0,0,1,200,1,22,21,1,34,200
0,1,25,0,0,1,1,12,5,2,0,0,0,0,200,200,200,0,0,0,43,200
0,1,25,0,0,1,1,12,5,2,0,0,0,0,200,200,200,0,0,1,38,200
0,200,30,0,0,0,0,14,5,200,0,0,0,0,200,200,1,0,200,2,200,200
0,200,30,0,0,0,0,14,5,200,0,0,0,0,200,200,1,0,200,0,26,200
0,200,30,0,0,0,1,7,2,2,0,0,0,0,200,200,1,0,200,1,24,200
0,200,30,1,2,0,1,14,5,4,0,0,0,0,1,200,200,17,0,0,62,200
0,200,30,1,2,0,1,14,5,4,0,0,0,0,1,200,200,17,0,0,28,200
5,200,30,3,2,0,1,9,3,4,0,0,0,1,200,200,200,17,200,0,64,200
0,200,30,3,2,0,1,9,3,4,0,0,0,1,200,200,200,17,200,0,41,200
0,1,30,200,200,0,1,12,6,2,0,0,0,0,200,200,1,17,17,1,200,200
0,1,30,200,200,0,1,12,6,2,0,0,0,0,200,200,1,17,17,0,43,200
0,200,30,0,0,0,1,0,6,3,0,0,0,1,1,200,200,17,16,0,57,200
0,200,30,0,0,0,1,0,6,3,0,0,0,1,1,200,200,17,16,0,33,200
0,200,30,0,0,0,1,7,5,2,0,0,0,0,200,200,1,0,0,1,200,200
1,200,30,0,0,0,1,7,5,2,0,0,0,0,200,200,1,0,0,0,43,200
0,200,15,0,0,0,1,10,12,200,0,0,0,0,200,1,200,20,17,0,200,200
0,200,15,0,0,0,1,10,12,200,0,0,0,0,200,1,200,20,17,1,53,200
0,200,30,0,0,0,1,10,2,200,0,0,0,0,200,200,200,18,200,0,30,200
0,200,30,0,0,0,1,10,2,200,0,0,0,0,200,200,200,18,200,1,25,200
1,200,30,0,0,0,1,10,2,200,0,0,0,0,200,200,200,18,200,0,25,200
0,200,30,1,2,0,1,10,2,4,0,0,0,0,1,200,200,18,0,1,45,200
0,200,30,1,2,0,1,10,2,4,0,0,0,0,1,200,200,18,0,0,32,200
0,200,30,1,2,0,1,14,2,200,0,0,0,1,1,200,200,23,200,0,64,200
0,200,30,1,2,0,1,14,2,200,0,0,0,1,1,200,200,23,200,0,55,200
1,200,30,1,2,0,1,14,2,200,0,0,0,1,1,200,200,23,200,1,54,200
0,200,30,0,0,0,1,12,5,200,0,0,0,0,200,200,200,22,200,1,200,200
0,200,30,0,0,0,1,12,5,200,0,0,0,0,200,200,200,22,200,1,34,200
0,200,30,1,2,0,1,7,5,200,0,0,0,0,1,200,1,0,0,0,200,200
0,200,30,1,2,1,1,14,2,200,0,0,0,1,200,200,200,17,11,1,82,200
0,200,30,1,2,1,1,14,2,200,0,0,0,1,200,200,200,17,11,0,37,200
1,200,30,1,2,1,1,14,2,200,0,0,0,1,200,200,200,17,11,1,76,200
1,200,30,1,2,1,1,14,2,200,0,0,0,1,200,200,200,17,11,1,77,200
0,200,15,0,0,0,1,10,7,1,0,0,0,0,200,200,200,20,200,1,33,200
0,200,15,0,0,0,1,10,7,1,0,0,0,0,200,200,200,20,200,0,40,200
1,200,15,0,0,0,1,10,7,1,0,0,0,0,200,200,200,20,200,1,200,200
1,200,15,0,0,0,1,10,7,1,0,0,0,0,200,200,200,20,200,1,200,200
1,200,15,0,0,0,1,10,7,1,0,0,0,0,200,200,200,20,200,0,200,200
0,200,30,0,0,0,0,0,6,200,0,0,0,0,200,200,0,0,200,0,31,200
0,200,30,0,0,0,0,0,6,200,0,0,0,0,200,200,0,0,200,0,200,200
1,200,30,0,0,0,0,0,6,200,0,0,0,0,200,200,0,0,200,1,200,200
0,200,30,2,2,0,1,14,5,2,0,0,0,1,1,200,200,5,0,0,32,200
0,200,30,2,2,0,1,14,5,2,0,0,0,1,1,200,200,5,0,0,37,200
1,200,30,2,2,0,1,14,5,2,0,0,0,1,1,200,200,5,0,1,33,200
1,200,30,2,2,0,1,14,5,2,0,0,0,1,1,200,200,5,0,200,200,200
1,200,30,2,2,0,1,14,5,2,0,0,0,1,1,200,200,5,0,1,11,200
1,200,30,2,2,0,1,14,5,2,0,0,0,1,1,200,200,5,0,0,1,200
1,200,30,2,2,0,1,14,5,2,0,0,0,1,1,200,200,5,0,1,16,200
0,200,20,0,0,0,200,7,6,200,0,0,0,0,200,200,1,0,200,2,200,200
0,200,30,1,2,0,1,14,1,2,3,0,0,0,1,200,1,22,0,0,200,200
0,200,30,1,2,0,1,14,1,2,3,0,0,0,1,200,1,22,0,0,60,200
0,200,30,1,2,0,1,10,2,200,0,0,0,1,200,200,200,18,200,1,29,200
0,200,30,1,2,0,1,10,2,200,0,0,0,1,200,200,200,18,200,0,58,200
0,200,30,0,0,1,1,7,7,1,0,0,0,0,200,1,200,23,26,1,200,200
1,200,30,0,0,1,1,7,7,1,0,0,0,0,200,1,200,23,26,0,27,200
1,200,30,0,0,1,1,7,7,1,0,0,0,0,200,1,200,23,26,0,8,200
1,200,30,0,0,1,1,7,7,1,0,0,0,0,200,1,200,23,26,0,5,200
0,200,10,0,0,1,1,7,7,200,0,0,0,0,200,1,200,11,200,0,59,200
0,200,0,0,0,0,1,7,7,200,0,0,0,0,200,1,200,200,200,0,0,200
0,200,30,1,2,0,1,14,5,2,0,0,0,0,1,200,200,21,0,1,200,200
0,200,30,1,2,0,1,14,5,2,0,0,0,0,1,200,200,21,0,0,29,200
0,1,30,2,2,0,1,8,5,200,0,0,0,1,200,200,200,17,17,0,200,200
4,1,30,2,2,0,1,8,5,200,0,0,0,1,200,200,200,17,17,1,12,200
0,200,25,0,0,0,1,12,3,200,0,0,0,0,200,200,200,22,0,1,22,200
0,200,25,0,0,0,1,12,3,200,0,0,0,0,200,200,200,22,0,0,42,200
0,200,30,0,0,0,1,12,6,4,0,0,0,0,200,200,200,21,17,0,67,200
0,200,30,0,0,0,1,12,6,4,0,0,0,0,200,200,200,21,17,0,22,200
0,1,15,0,0,200,200,7,6,1,0,200,0,0,200,200,1,0,0,2,200,200
0,200,30,1,2,0,1,12,2,4,0,0,0,0,1,200,200,21,0,0,48,200
0,200,30,1,2,0,1,12,2,4,0,0,0,0,1,200,200,21,0,1,30,200
0,200,10,0,0,0,0,7,5,200,0,0,0,0,200,200,1,0,0,2,200,200
0,200,0,0,0,0,1,7,7,200,0,0,0,0,200,1,200,23,200,0,36,200
0,200,15,0,0,0,1,7,0,200,0,0,0,0,200,200,200,20,0,0,38,200
1,200,15,0,0,0,1,7,0,200,0,0,0,0,200,200,200,20,0,0,54,200
0,200,30,0,0,0,1,7,5,200,0,0,0,0,200,200,1,200,200,0,200,200
0,200,30,1,2,0,1,12,5,200,0,0,0,0,200,200,1,17,17,0,200,200
0,200,30,1,2,0,1,12,5,200,0,0,0,0,200,200,1,17,17,1,34,200
0,200,30,0,0,0,1,10,5,200,0,0,0,0,200,200,200,0,200,0,28,200
0,200,30,0,0,0,1,10,5,200,0,0,0,0,200,200,200,0,200,1,33,200
0,200,35,0,0,0,1,7,5,2,0,0,0,0,200,200,1,11,0,2,200,200
0,200,25,1,2,0,1,10,5,200,0,0,0,0,200,200,200,0,18,1,36,200
0,200,25,1,2,0,1,10,5,200,0,0,0,0,200,200,200,0,18,1,67,200
0,200,30,0,0,0,1,7,3,2,0,0,0,0,200,200,1,0,200,0,200,200
0,200,30,1,2,0,1,10,3,200,0,0,0,0,200,200,200,18,0,0,200,200
0,200,30,1,2,0,1,10,3,200,0,0,0,0,200,200,200,18,0,0,0,200
0,200,30,1,2,0,1,10,3,200,0,0,0,0,200,200,200,18,0,0,200,200
0,200,20,0,0,0,1,7,6,1,0,0,0,0,200,200,200,20,200,1,68,200
1,200,20,0,0,0,1,7,6,1,0,0,0,0,200,200,200,20,200,1,29,200
0,200,30,0,0,0,1,7,6,200,0,0,0,0,200,200,1,11,200,1,200,200
0,200,30,0,0,0,1,12,5,4,0,0,0,0,200,200,200,22,17,0,74,200
0,200,30,0,0,0,1,12,5,4,0,0,0,0,200,200,200,22,17,0,57,200
0,1,30,0,0,0,1,10,0,1,0,0,0,0,200,200,200,0,0,1,27,200
0,1,30,0,0,0,1,10,0,1,0,0,0,0,200,200,200,0,0,1,27,200
0,200,30,0,0,0,1,14,2,200,0,0,0,0,200,200,200,17,200,0,18,200
0,200,30,0,0,0,1,14,2,200,0,0,0,0,200,200,200,17,200,1,17,200
1,200,30,0,0,0,1,14,2,200,0,0,0,0,200,200,200,17,200,1,67,200
1,200,30,0,0,0,1,14,2,200,0,0,0,0,200,200,200,17,200,1,12,200
1,200,30,0,0,0,1,14,2,200,0,0,0,0,200,200,200,17,200,1,18,200
0,200,30,0,0,1,1,7,5,1,0,0,0,0,200,200,200,17,0,0,58,200
1,200,30,0,0,1,1,7,5,1,0,0,0,0,200,200,200,17,0,0,68,200
1,200,30,0,0,1,1,7,5,1,0,0,0,0,200,200,200,17,0,1,67,200
1,200,30,0,0,1,1,7,5,1,0,0,0,0,200,200,200,17,0,0,200,200
0,200,30,0,0,1,1,0,2,200,0,0,0,0,200,200,200,20,200,0,19,200
0,200,30,0,0,1,1,0,2,200,0,0,0,0,200,200,200,20,200,0,44,200
0,200,10,0,0,0,1,10,7,200,0,0,0,0,200,200,200,16,0,0,66,200
0,200,10,0,0,0,1,10,7,200,0,0,0,0,200,200,200,16,0,1,58,200
0,200,20,0,0,0,1,7,7,200,0,0,0,0,200,200,200,20,11,0,70,200
0,200,30,1,2,0,1,12,5,200,0,0,0,0,200,200,200,200,200,1,57,200
0,200,30,1,2,0,1,12,5,200,0,0,0,0,200,200,200,200,200,1,200,200
0,200,30,0,0,0,1,0,5,2,0,0,0,0,200,200,200,17,17,0,20,200
0,200,30,0,0,0,1,0,5,2,0,0,0,0,200,200,200,17,17,0,57,200
0,200,30,1,2,0,1,10,5,200,0,0,0,0,200,200,200,18,16,1,34,200
0,200,30,1,2,0,1,10,5,200,0,0,0,0,200,200,200,18,16,0,20,200
0,200,30,1,2,0,1,10,5,200,0,0,0,0,200,200,200,18,16,0,200,200
0,200,30,1,2,0,1,10,5,2,0,0,0,0,200,200,200,27,18,0,65,200
0,200,30,1,2,0,1,10,5,2,0,0,0,0,200,200,200,27,18,0,78,200
0,200,5,0,0,0,1,7,7,0,0,0,0,0,200,1,200,200,200,0,77,200
0,200,30,0,0,0,1,2,2,2,0,0,0,0,200,200,200,14,15,0,200,200
1,200,30,0,0,0,1,2,2,2,0,0,0,0,200,200,200,14,15,0,200,200
0,200,30,0,0,0,1,14,5,200,0,0,0,1,200,200,1,200,200,0,200,200
0,200,30,0,0,0,1,14,5,200,0,0,0,1,200,200,1,200,200,1,29,200
1,200,30,0,0,0,1,14,5,200,0,0,0,1,200,200,1,200,200,0,200,200
1,200,30,0,0,0,1,14,5,200,0,0,0,1,200,200,1,200,200,1,200,200
1,200,30,0,0,0,1,14,5,200,0,0,0,1,200,200,1,200,200,2,200,200
0,200,30,1,2,1,1,14,2,2,0,0,0,0,1,200,200,17,200,0,25,200
0,200,30,1,2,1,1,14,2,2,0,0,0,0,1,200,200,17,200,0,19,200
1,200,30,1,2,1,1,14,2,2,0,0,0,0,1,200,200,17,200,0,6,200
0,200,30,1,2,0,1,10,5,200,0,200,200,0,200,200,200,0,0,0,46,200
0,200,30,1,2,0,1,10,5,200,0,200,200,0,200,200,200,0,0,1,35,200
0,200,30,2,2,0,1,7,5,200,0,0,0,0,200,200,200,18,200,0,54,200
0,200,15,0,0,0,1,7,7,200,0,0,0,0,200,1,200,20,16,0,200,200
1,200,15,0,0,0,1,7,7,200,0,0,0,0,200,1,200,20,16,1,200,200
1,200,15,0,0,0,1,7,7,200,0,0,0,0,200,1,200,20,16,1,200,200
1,200,15,0,0,0,1,7,7,200,0,0,0,0,200,1,200,20,16,2,200,200
1,200,15,0,0,0,1,7,7,200,0,0,0,0,200,1,200,20,16,1,200,200
0,200,35,0,0,0,1,12,5,2,0,0,0,0,200,200,200,0,0,1,73,200
0,200,35,0,0,0,1,12,5,2,0,0,0,0,200,200,200,0,0,0,35,200
0,200,30,0,0,0,1,10,2,200,0,0,0,1,200,200,1,18,16,0,38,200
0,200,30,0,0,0,1,10,2,200,0,0,0,1,200,200,1,18,16,0,59,200
0,200,30,0,0,0,1,10,2,200,0,0,0,1,200,200,1,18,16,2,200,200
0,200,10,0,0,1,1,10,7,200,0,0,0,0,200,200,200,200,200,1,25,200
0,200,10,0,0,1,1,10,7,200,0,0,0,0,200,200,200,200,200,1,67,200
0,200,30,2,200,2,1,10,5,2,0,1,0,0,1,200,200,34,18,0,63,200
0,200,30,2,200,2,1,10,5,2,0,1,0,0,1,200,200,34,18,1,48,200
0,200,30,0,0,0,1,7,6,1,0,0,0,0,200,200,200,23,0,0,23,200
0,200,30,0,0,1,1,14,5,200,0,0,200,0,200,200,200,0,0,0,200,200
0,200,30,0,0,1,1,14,5,200,0,0,200,0,200,200,200,0,0,0,49,200
1,200,30,0,0,1,1,14,5,200,0,0,200,0,200,200,200,0,0,1,200,200
0,200,0,0,0,0,1,12,7,200,0,0,0,0,200,1,200,0,200,0,48,200
0,200,0,0,0,0,1,12,7,200,0,0,0,0,200,1,200,0,200,0,35,200
0,200,30,0,0,0,1,14,2,2,0,0,0,0,200,200,200,23,23,1,25,200
0,200,30,0,0,0,1,14,2,2,0,0,0,0,200,200,200,23,23,0,31,200
0,200,30,2,0,0,1,0,5,200,0,0,0,1,1,200,200,17,200,0,21,200
0,200,30,2,0,0,1,0,5,200,0,0,0,1,1,200,200,17,200,1,50,200
4,200,30,2,2,0,1,8,3,2,0,0,0,0,1,200,200,3,5,0,200,200
0,200,30,2,2,0,1,8,3,2,0,0,0,0,1,200,200,3,5,1,48,200
0,200,30,0,0,0,1,7,5,2,0,0,0,0,0,200,200,0,0,0,39,200
1,200,30,0,0,0,1,7,5,2,0,0,0,0,0,200,200,0,0,1,200,200
0,200,30,1,2,0,1,10,2,2,0,0,0,0,200,200,200,0,200,1,34,200
0,200,30,1,2,0,1,10,2,2,0,0,0,0,200,200,200,0,200,0,31,200
0,200,25,1,2,2,1,10,3,4,0,1,0,0,200,200,200,18,0,0,24,200
0,200,25,1,2,2,1,10,3,4,0,1,0,0,200,200,200,18,0,0,68,200
1,200,25,1,2,2,1,10,3,4,0,1,0,0,200,200,200,18,0,1,66,200
0,200,30,0,0,0,1,12,7,0,0,0,0,0,200,200,200,0,0,0,51,200
0,200,30,0,0,0,1,12,7,0,0,0,0,0,200,200,200,0,0,0,56,200
0,200,30,0,2,0,1,12,5,4,0,0,0,0,200,200,200,0,200,0,34,200
0,200,30,0,2,0,1,12,5,4,0,0,0,0,200,200,200,0,200,1,57,200
0,1,30,0,0,0,0,7,6,1,0,0,0,1,200,200,1,0,200,2,200,200
0,200,30,0,0,2,1,12,5,4,0,1,0,1,200,200,200,34,200,1,30,200
0,200,30,0,0,2,1,12,5,4,0,1,0,1,200,200,200,34,200,0,59,200
0,200,30,2,2,0,1,11,6,200,0,0,0,0,1,200,200,17,200,0,38,200
0,200,30,2,2,0,1,11,6,200,0,0,0,0,1,200,200,17,200,1,0,200
0,200,30,2,0,0,1,14,5,2,0,0,0,1,1,200,200,23,200,0,21,200
0,200,30,2,0,0,1,14,5,2,0,0,0,1,1,200,200,23,200,1,39,200
1,200,30,2,0,0,1,14,5,2,0,0,0,1,1,200,200,23,200,0,25,200
1,200,30,2,0,0,1,14,5,2,0,0,0,1,1,200,200,23,200,1,63,200
0,200,30,0,0,0,1,10,2,2,2,0,200,1,200,200,200,18,0,0,27,200
0,200,30,0,0,0,1,10,2,2,2,0,200,1,200,200,200,18,0,0,64,200
0,200,30,0,0,0,1,10,2,2,2,0,200,1,200,200,200,18,0,0,19,200
0,200,30,12,3,2,1,0,5,2,0,1,0,1,1,200,1,17,200,1,23,200
0,200,30,12,3,2,1,0,5,2,0,1,0,1,1,200,1,17,200,0,200,200
0,200,10,0,0,0,1,7,5,200,0,1,0,0,200,0,200,200,200,1,78,200