PERSON_TYPE,CRASH_DATE_EST_I,POSTED_SPEED_LIMIT,TRAFFIC_CONTROL_DEVICE,DEVICE_CONDITION,WEATHER_CONDITION,LIGHTING_CONDITION,FIRST_CRASH_TYPE,TRAFFICWAY_TYPE,LANE_CNT,ALIGNMENT,ROADWAY_SURFACE_COND,ROAD_DEFECT,CRASH_TYPE,INTERSECTION_RELATED_I,NOT_RIGHT_OF_WAY_I,HIT_AND_RUN_I,PRIM_CONTRIBUTORY_CAUSE,SEC_CONTRIBUTORY_CAUSE,SEX,AGE,BAC_RESULT VALUE
0,200,30,1,2,0,1,10,5,4,0,1,200,0,200,200,200,18,34,0,22,200
0,200,30,1,2,0,1,10,5,4,0,1,200,0,200,200,200,18,34,0,35,200
0,200,30,0,0,0,1,12,2,2,0,0,0,0,200,200,200,17,23,0,49,200
0,200,30,0,0,0,1,12,2,2,0,0,0,0,200,200,200,17,23,0,42,200
0,200,20,0,0,0,1,2,6,200,0,0,200,0,200,200,200,33,33,0,56,200
0,200,30,2,2,0,1,0,5,2,0,0,0,0,200,200,200,20,200,0,48,200
0,200,30,2,2,0,1,0,5,2,0,0,0,0,200,200,200,20,200,0,21,200
1,200,30,2,2,0,1,0,5,2,0,0,0,0,200,200,200,20,200,0,22,200
0,200,30,0,0,0,1,12,5,2,0,0,0,0,200,200,200,0,200,0,36,200
0,200,30,0,0,0,1,12,5,2,0,0,0,0,200,200,200,0,200,0,54,200
0,200,15,0,0,0,1,0,7,200,0,0,0,0,200,1,200,17,200,0,35,200
0,200,15,0,0,0,1,0,7,200,0,0,0,0,200,1,200,17,200,0,25,200
0,200,30,1,2,0,1,10,2,4,0,0,0,0,200,200,1,18,16,1,200,200
0,200,30,1,2,0,1,10,2,4,0,0,0,0,200,200,1,18,16,0,41,200
0,200,25,1,2,0,1,10,5,200,0,0,0,0,200,200,200,0,0,1,24,200
0,200,25,1,2,0,1,10,5,200,0,0,0,0,200,200,200,0,0,1,25,200
0,200,30,0,0,0,1,7,5,2,0,0,0,0,200,200,200,0,200,0,26,200
4,200,20,2,2,0,1,8,5,200,0,0,0,1,1,200,200,5,17,1,41,200
0,200,20,2,2,0,1,8,5,200,0,0,0,1,1,200,200,5,17,0,62,200
0,200,30,1,2,0,1,14,2,4,0,0,0,1,1,200,200,6,17,1,28,200
0,200,30,1,2,0,1,14,2,4,0,0,0,1,1,200,200,6,17,1,30,200
0,200,30,2,2,1,1,10,2,2,0,1,0,0,200,200,200,0,0,0,48,200
0,200,30,2,2,1,1,10,2,2,0,1,0,0,200,200,200,0,0,0,19,200
1,200,30,2,2,1,1,10,2,2,0,1,0,0,200,200,200,0,0,1,20,200
0,200,30,1,2,1,1,12,2,2,0,0,0,0,1,200,200,21,0,0,46,200
0,200,30,1,2,1,1,12,2,2,0,0,0,0,1,200,200,21,0,1,25,200
1,200,30,1,2,1,1,12,2,2,0,0,0,0,1,200,200,21,0,1,30,200
0,200,30,1,2,2,1,10,5,200,0,1,200,0,200,200,200,34,200,0,200,200
0,200,30,1,2,2,1,10,5,200,0,1,200,0,200,200,200,34,200,0,69,200
0,200,35,1,2,0,1,10,5,200,0,0,0,0,200,200,200,7,0,1,24,200
0,200,35,1,2,0,1,10,5,200,0,0,0,0,200,200,200,7,0,0,36,200
0,200,30,1,2,0,1,12,2,4,0,0,0,0,200,200,1,27,23,2,200,200
0,200,30,1,2,0,1,12,2,4,0,0,0,0,200,200,1,27,23,0,41,200
0,200,30,12,12,0,1,12,6,3,0,0,0,0,200,200,200,0,200,0,45,200
0,200,30,12,12,0,1,12,6,3,0,0,0,0,200,200,200,0,200,0,58,200
0,200,25,1,2,2,1,10,2,1,0,1,12,1,200,200,1,29,0,0,54,200
0,200,25,1,2,2,1,10,2,1,0,1,12,1,200,200,1,29,0,0,200,200
0,200,30,0,0,2,1,12,5,200,0,1,2,0,200,200,200,200,200,0,200,200
0,200,30,0,0,2,1,12,5,200,0,1,2,0,200,200,200,200,200,1,47,200
0,200,30,1,2,2,1,10,5,1,0,1,12,0,200,200,200,29,0,0,31,200
0,200,30,1,2,2,1,10,5,1,0,1,12,0,200,200,200,29,0,1,33,200
1,200,30,1,2,2,1,10,5,1,0,1,12,0,200,200,200,29,0,0,31,200
0,200,30,0,0,0,1,10,5,1,0,0,0,0,200,200,200,0,200,0,35,200
0,200,30,0,0,0,1,10,5,1,0,0,0,0,200,200,200,0,200,0,25,200
0,200,30,1,2,0,1,12,5,200,0,0,200,0,200,200,200,11,200,0,0,200
0,200,30,1,2,0,1,12,5,200,0,0,200,0,200,200,200,11,200,0,60,200
0,200,30,1,2,0,1,14,5,2,0,0,0,0,200,200,1,23,21,0,200,200
0,200,30,1,2,0,1,14,5,2,0,0,0,0,200,200,1,23,21,0,32,200
0,200,35,1,2,0,1,14,2,4,0,0,0,1,1,200,200,6,0,0,67,200
0,200,35,1,2,0,1,14,2,4,0,0,0,1,1,200,200,6,0,1,0,200
0,200,30,0,0,0,1,14,12,2,0,0,0,0,200,200,200,0,200,1,25,200
0,200,30,0,0,0,1,14,12,2,0,0,0,0,200,200,200,0,200,0,48,200
1,200,30,0,0,0,1,14,12,2,0,0,0,0,200,200,200,0,200,0,43,200
0,200,30,0,0,0,1,10,5,4,0,0,0,0,200,200,200,18,11,0,21,200
0,200,30,0,0,0,1,10,5,4,0,0,0,0,200,200,200,18,11,1,56,200
0,200,30,12,0,2,1,7,7,200,0,1,0,0,200,200,1,200,200,2,200,200
0,1,35,0,0,0,1,14,1,5,0,0,0,0,200,200,200,17,0,0,75,200
0,1,35,0,0,0,1,14,1,5,0,0,0,0,200,200,200,17,0,1,55,200
1,1,35,0,0,0,1,14,1,5,0,0,0,0,200,200,200,17,0,1,69,200
0,200,35,0,0,0,1,7,5,1,0,0,0,0,200,200,1,0,0,2,200,200
0,200,30,0,0,0,1,10,5,200,0,0,0,0,200,200,200,18,16,0,29,200
0,200,30,0,0,0,1,10,5,200,0,0,0,0,200,200,200,18,16,0,23,200
0,200,30,0,0,0,1,10,2,2,0,0,200,0,200,200,1,20,0,1,200,200
0,200,30,0,0,0,1,10,2,2,0,0,200,0,200,200,1,20,0,1,52,200
0,200,20,0,0,0,1,7,5,200,0,0,0,0,200,200,200,22,200,0,16,200
0,1,10,0,0,0,1,7,7,0,0,0,0,0,200,0,200,23,11,0,82,200
1,1,10,0,0,0,1,7,7,0,0,0,0,0,200,0,200,23,11,0,53,200
0,1,30,0,0,1,1,7,6,1,0,0,0,0,200,200,1,0,0,2,200,200
0,200,35,1,2,0,1,9,12,4,0,0,0,1,1,200,1,17,0,2,200,200
5,200,35,1,2,0,1,9,12,4,0,0,0,1,1,200,1,17,0,0,43,200
0,200,10,0,0,0,1,10,7,200,0,0,0,0,200,1,200,0,16,1,22,200
0,200,10,0,0,0,1,10,7,200,0,0,0,0,200,1,200,0,16,1,26,200
0,200,30,0,0,0,1,12,5,2,0,0,0,0,200,200,200,17,200,1,37,200
0,200,30,0,0,0,1,12,5,2,0,0,0,0,200,200,200,17,200,1,37,200
0,200,30,1,200,0,1,14,2,3,0,0,200,1,200,200,200,0,200,0,45,200
0,200,30,1,200,0,1,14,2,3,0,0,200,1,200,200,200,0,200,0,31,200
0,200,30,0,0,0,1,10,5,200,0,200,200,0,200,200,200,18,200,0,57,200
0,200,30,0,0,0,1,10,5,200,0,200,200,0,200,200,200,18,200,0,44,200
0,200,30,0,0,1,1,10,5,4,0,1,0,0,200,200,200,8,200,0,39,200
0,200,30,0,0,1,1,10,5,4,0,1,0,0,200,200,200,8,200,0,78,200
0,200,25,0,0,0,1,10,5,2,0,0,200,0,200,200,200,16,11,1,55,200
0,200,25,0,0,0,1,10,5,2,0,0,200,0,200,200,200,16,11,0,23,200
1,200,25,0,0,0,1,10,5,2,0,0,200,0,200,200,200,16,11,200,200,200
1,200,25,0,0,0,1,10,5,2,0,0,200,0,200,200,200,16,11,200,200,200
1,200,25,0,0,0,1,10,5,2,0,0,200,0,200,200,200,16,11,200,200,200
1,200,25,0,0,0,1,10,5,2,0,0,200,0,200,200,200,16,11,200,200,200
1,200,25,0,0,0,1,10,5,2,0,0,200,0,200,200,200,16,11,200,200,200
0,200,30,0,0,0,1,14,5,200,0,0,0,0,200,200,200,200,200,0,23,200
0,200,30,0,0,0,1,14,5,200,0,0,0,0,200,200,200,200,200,0,60,200
0,200,30,0,0,0,1,2,5,200,0,0,0,1,200,200,200,0,200,0,30,200
1,200,30,0,0,0,1,2,5,200,0,0,0,1,200,200,200,0,200,2,200,200
0,200,30,0,0,0,1,8,6,200,0,0,0,1,200,200,200,17,200,1,29,200
4,200,30,0,0,0,1,8,6,200,0,0,0,1,200,200,200,17,200,0,33,200
0,200,10,0,0,0,1,7,0,200,0,0,0,0,200,200,200,22,17,0,28,200
0,200,30,0,0,0,1,10,2,2,0,0,0,0,200,200,200,27,18,1,23,200
0,200,30,0,0,0,1,10,2,2,0,0,0,0,200,200,200,27,18,0,55,200
1,200,30,0,0,0,1,10,2,2,0,0,0,0,200,200,200,27,18,2,200,200
0,200,30,1,2,0,1,10,5,2,0,0,0,0,200,200,200,0,0,0,40,200
0,200,30,1,2,0,1,10,5,2,0,0,0,0,200,200,200,0,0,1,56,200
0,200,30,0,0,0,1,7,0,0,0,0,0,0,200,1,200,11,15,1,76,200
1,200,30,0,0,0,1,7,0,0,0,0,0,0,200,1,200,11,15,0,16,200
0,200,30,1,2,0,1,10,12,200,0,200,200,0,200,200,200,20,0,0,200,200
0,200,30,1,2,0,1,10,12,200,0,200,200,0,200,200,200,20,0,0,37,200
0,200,30,1,2,0,1,14,2,4,0,0,0,1,1,200,200,11,16,0,54,200
0,200,30,1,2,0,1,14,2,4,0,0,0,1,1,200,200,11,16,1,20,200
1,200,30,1,2,0,1,14,2,4,0,0,0,1,1,200,200,11,16,1,200,200
0,200,30,1,1,0,1,10,5,3,0,0,0,0,200,200,200,18,200,0,200,200
0,200,30,1,1,0,1,10,5,3,0,0,0,0,200,200,200,18,200,0,43,200
0,200,30,1,2,0,1,10,3,4,2,0,0,0,1,200,200,16,11,1,29,200
0,200,30,1,2,0,1,10,3,4,2,0,0,0,1,200,200,16,11,1,65,200
0,200,30,0,0,0,1,14,3,4,0,0,0,0,1,200,200,22,200,1,25,200
0,200,30,0,0,0,1,14,3,4,0,0,0,0,1,200,200,22,200,1,36,200
1,200,30,0,0,0,1,14,3,4,0,0,0,0,1,200,200,22,200,0,72,200
0,200,15,0,0,0,1,7,7,200,0,0,0,0,200,200,1,0,0,2,200,200
0,200,30,0,0,0,2,12,5,200,0,0,0,0,200,200,200,200,200,1,25,200
0,200,30,0,0,0,2,12,5,200,0,0,0,0,200,200,200,200,200,1,37,200
0,200,30,2,2,2,1,10,5,200,0,1,200,0,200,200,200,34,200,1,200,200
0,200,30,2,2,2,1,10,5,200,0,1,200,0,200,200,200,34,200,1,65,200
0,200,30,0,0,0,1,7,5,200,0,200,200,0,200,200,200,0,0,1,61,200
0,200,30,1,2,0,1,10,2,200,0,0,200,0,1,200,200,0,0,1,200,200
0,200,30,1,2,0,1,10,2,200,0,0,200,0,1,200,200,0,0,1,62,200
0,200,25,1,2,0,1,14,5,200,0,0,0,0,200,200,200,23,16,1,33,200
0,200,25,1,2,0,1,14,5,200,0,0,0,0,200,200,200,23,16,1,46,200
1,200,25,1,2,0,1,14,5,200,0,0,0,0,200,200,200,23,16,0,200,200
1,200,25,1,2,0,1,14,5,200,0,0,0,0,200,200,200,23,16,1,200,200
0,200,30,1,2,0,1,10,5,5,0,0,0,0,200,200,200,0,200,0,29,200
0,200,30,1,2,0,1,10,5,5,0,0,0,0,200,200,200,0,200,1,30,200
0,200,30,1,2,0,1,10,5,5,0,0,0,0,200,200,200,0,200,1,25,200
0,200,0,0,0,0,1,7,7,200,0,0,200,0,200,200,200,20,0,0,21,200
0,200,30,1,2,0,1,10,2,200,0,0,0,0,200,200,200,18,0,0,41,200
0,200,30,1,2,0,1,10,2,200,0,0,0,0,200,200,200,18,0,0,30,200
0,0,30,1,2,0,3,10,5,200,0,0,0,0,1,200,200,18,200,0,0,200
0,0,30,1,2,0,3,10,5,200,0,0,0,0,1,200,200,18,200,0,49,200
0,200,30,1,2,0,1,10,3,200,0,0,0,0,200,200,200,27,200,1,24,200
0,200,30,1,2,0,1,10,3,200,0,0,0,0,200,200,200,27,200,0,54,200
1,200,30,1,2,0,1,10,3,200,0,0,0,0,200,200,200,27,200,0,22,200
1,200,30,1,2,0,1,10,3,200,0,0,0,0,200,200,200,27,200,1,4,200
1,200,30,1,2,0,1,10,3,200,0,0,0,0,200,200,200,27,200,0,2,200
1,200,30,1,2,0,1,10,3,200,0,0,0,0,200,200,200,27,200,1,90,200
1,200,30,1,2,0,1,10,3,200,0,0,0,0,200,200,200,27,200,1,60,200
0,200,30,2,2,0,1,14,2,200,0,0,0,0,200,200,1,17,5,0,200,200
0,200,30,2,2,0,1,14,2,200,0,0,0,0,200,200,1,17,5,0,53,200
0,200,30,1,2,0,1,0,2,2,0,0,0,1,1,200,200,6,17,0,23,200
0,200,30,1,2,0,1,0,2,2,0,0,0,1,1,200,200,6,17,0,53,200
0,200,30,2,2,0,1,8,6,1,0,0,0,1,200,200,1,16,17,0,200,200
4,200,30,2,2,0,1,8,6,1,0,0,0,1,200,200,1,16,17,0,15,200
0,200,10,0,0,0,1,7,7,200,0,0,0,0,200,1,200,0,0,1,28,200
0,200,15,0,0,0,2,7,7,200,0,0,0,0,200,200,200,0,200,1,63,200
0,200,30,0,0,0,1,7,5,2,0,0,0,0,200,200,200,20,200,1,28,200
1,200,30,0,0,0,1,7,5,2,0,0,0,0,200,200,200,20,200,1,18,200
0,200,25,0,0,0,1,7,6,1,0,0,200,0,200,200,200,0,200,0,44,200
0,200,30,2,2,0,1,10,6,1,0,0,0,0,1,200,200,18,200,1,26,200
0,200,30,2,2,0,1,10,6,1,0,0,0,0,1,200,200,18,200,1,24,200
1,200,30,2,2,0,1,10,6,1,0,0,0,0,1,200,200,18,200,1,28,200
1,200,30,2,2,0,1,10,6,1,0,0,0,0,1,200,200,18,200,0,60,200
1,200,30,2,2,0,1,10,6,1,0,0,0,0,1,200,200,18,200,0,56,200
1,200,30,2,2,0,1,10,6,1,0,0,0,0,1,200,200,18,200,0,29,200
0,200,35,1,2,1,1,8,5,2,0,0,0,0,1,200,1,6,6,1,200,200
4,200,35,1,2,1,1,8,5,2,0,0,0,0,1,200,1,6,6,1,35,200
0,200,30,1,0,0,1,14,5,4,0,0,0,0,200,200,200,17,17,0,40,200
0,200,30,1,0,0,1,14,5,4,0,0,0,0,200,200,200,17,17,1,20,200
0,200,30,1,2,0,1,10,5,200,0,0,0,0,1,200,1,22,200,1,200,200
0,200,30,1,2,0,1,10,5,200,0,0,0,0,1,200,1,22,200,0,44,200
1,200,30,1,2,0,1,10,5,200,0,0,0,0,1,200,1,22,200,1,200,200
0,200,30,0,0,0,1,7,2,2,0,0,0,0,200,200,200,0,200,1,200,200
0,200,30,1,2,0,1,12,6,3,0,0,0,0,200,200,200,21,200,1,24,200
0,200,30,1,2,0,1,12,6,3,0,0,0,0,200,200,200,21,200,1,40,200
1,200,30,1,2,0,1,12,6,3,0,0,0,0,200,200,200,21,200,0,200,200
1,200,30,1,2,0,1,12,6,3,0,0,0,0,200,200,200,21,200,2,200,200
1,200,30,1,2,0,1,12,6,3,0,0,0,0,200,200,200,21,200,2,200,200
1,200,30,1,2,0,1,12,6,3,0,0,0,0,200,200,200,21,200,2,200,200
1,200,30,1,2,0,1,12,6,3,0,0,0,0,200,200,200,21,200,0,200,200
0,200,30,0,0,0,1,7,6,1,0,0,0,0,200,200,1,0,200,2,200,200
0,200,30,1,2,0,1,10,5,200,0,0,0,0,1,200,200,18,0,0,34,200
0,200,30,1,2,0,1,10,5,200,0,0,0,0,1,200,200,18,0,1,38,200
0,1,30,1,2,0,1,12,5,200,0,0,0,0,1,200,200,17,200,1,75,200
0,1,30,1,2,0,1,12,5,200,0,0,0,0,1,200,200,17,200,0,25,200
0,200,15,0,0,0,1,7,7,1,0,0,0,0,200,200,1,20,21,0,200,200
0,200,30,0,0,0,2,14,5,200,0,0,0,0,200,200,1,200,200,1,200,200
0,200,30,0,0,0,2,14,5,200,0,0,0,0,200,200,1,200,200,1,38,200
0,200,30,0,0,0,1,12,6,2,0,0,0,0,200,200,200,0,0,0,47,200
0,200,30,0,0,0,1,12,6,2,0,0,0,0,200,200,200,0,0,1,69,200
0,200,30,0,0,0,4,10,5,200,0,0,0,0,200,200,200,18,7,0,47,200
0,200,30,0,0,0,4,10,5,200,0,0,0,0,200,200,200,18,7,0,26,200
0,200,30,1,2,0,1,10,5,4,0,200,200,0,200,200,200,16,0,0,44,200
0,200,30,1,2,0,1,10,5,4,0,200,200,0,200,200,200,16,0,1,41,200
0,1,30,0,0,0,1,7,7,200,0,0,0,0,200,1,1,200,200,0,200,200
0,1,30,0,0,1,1,7,5,2,0,1,0,0,200,200,1,22,0,2,200,200
0,200,30,1,200,0,1,10,5,4,0,0,200,0,200,200,200,0,0,1,34,200
0,200,30,1,200,0,1,10,5,4,0,0,200,0,200,200,200,0,0,1,32,200
0,1,30,0,0,200,3,7,6,200,0,0,0,0,200,200,1,0,200,2,200,200
0,200,30,1,2,2,4,10,3,200,3,1,0,0,1,200,200,18,200,0,27,200
0,200,30,1,2,2,4,10,3,200,3,1,0,0,1,200,200,18,200,1,42,200
0,200,30,1,2,2,4,10,3,200,3,1,0,0,1,200,200,18,200,1,64,200
1,200,30,1,2,2,4,10,3,200,3,1,0,0,1,200,200,18,200,1,26,200
0,200,30,0,0,2,2,10,5,200,0,1,0,0,200,200,200,200,200,1,36,200
0,200,30,0,0,2,2,10,5,200,0,1,0,0,200,200,200,200,200,0,57,200
0,200,30,0,0,2,2,10,5,200,0,1,0,0,200,200,200,200,200,0,61,200
0,200,30,1,2,0,1,14,6,200,0,0,0,0,1,200,200,22,200,1,200,200
0,200,30,1,2,0,1,14,6,200,0,0,0,0,1,200,200,22,200,0,67,200
0,200,35,0,0,2,1,10,3,4,0,1,0,0,200,200,200,18,34,1,27,200
0,200,35,0,0,2,1,10,3,4,0,1,0,0,200,200,200,18,34,1,0,200
0,0,25,2,2,1,1,0,5,2,0,0,0,1,1,200,1,5,17,0,200,200
0,0,25,2,2,1,1,0,5,2,0,0,0,1,1,200,1,5,17,1,28,200
0,200,30,0,0,0,0,10,6,200,0,0,0,0,200,200,1,18,18,0,200,200
0,200,30,0,0,0,0,10,6,200,0,0,0,0,200,200,1,18,18,1,44,200
0,200,30,1,2,0,1,12,2,2,0,0,0,0,1,200,200,11,200,0,70,200
0,200,30,1,2,0,1,12,2,2,0,0,0,0,1,200,200,11,200,0,28,200
0,200,30,0,0,2,4,7,6,1,0,1,0,0,200,200,1,0,0,2,200,200
0,200,30,2,2,2,1,10,5,2,0,1,0,1,1,200,1,0,0,0,200,200
0,200,30,2,2,2,1,10,5,2,0,1,0,1,1,200,1,0,0,1,48,200
1,200,30,2,2,2,1,10,5,2,0,1,0,1,1,200,1,0,0,0,200,200
0,200,30,1,2,0,1,14,2,2,0,0,0,0,1,200,200,23,0,0,200,200
0,200,30,1,2,0,1,14,2,2,0,0,0,0,1,200,200,23,0,1,52,200
0,200,30,1,2,2,2,8,2,2,0,1,0,0,200,200,1,20,0,0,200,200
4,200,30,1,2,2,2,8,2,2,0,1,0,0,200,200,1,20,0,1,35,200
1,200,30,1,2,2,2,8,2,2,0,1,0,0,200,200,1,20,0,2,200,200
1,200,30,1,2,2,2,8,2,2,0,1,0,0,200,200,1,20,0,200,200,200
1,200,30,1,2,2,2,8,2,2,0,1,0,0,200,200,1,20,0,200,200,200
0,200,40,1,2,2,1,4,6,2,0,1,1,0,200,200,200,0,200,0,38,200
0,200,25,0,0,0,1,14,5,200,0,0,0,1,200,200,1,200,200,2,200,200
0,200,25,0,0,0,1,14,5,200,0,0,0,1,200,200,1,200,200,0,61,200
1,200,25,0,0,0,1,14,5,200,0,0,0,1,200,200,1,200,200,0,200,200
0,200,0,1,2,2,4,9,2,2,0,1,200,1,1,200,200,17,34,1,39,200
5,200,0,1,2,2,4,9,2,2,0,1,200,1,1,200,200,17,34,1,59,200
0,200,40,0,0,0,1,10,3,8,0,0,0,0,200,200,200,16,0,1,39,200
0,200,40,0,0,0,1,10,3,8,0,0,0,0,200,200,200,16,0,1,24,200
1,200,40,0,0,0,1,10,3,8,0,0,0,0,200,200,200,16,0,1,32,200
0,200,30,0,0,2,4,7,6,1,0,1,0,0,200,200,1,21,200,2,200,200
0,200,30,0,0,0,1,7,5,200,0,0,0,0,200,200,1,25,200,0,47,200
1,200,30,0,0,0,1,7,5,200,0,0,0,0,200,200,1,25,200,0,200,200
0,200,30,0,0,0,2,0,7,200,0,0,0,0,200,200,200,200,200,1,66,200
0,200,30,0,0,0,2,0,7,200,0,0,0,0,200,200,200,200,200,1,32,200
1,200,30,0,0,0,2,0,7,200,0,0,0,0,200,200,200,200,200,1,200,200
1,200,30,0,0,0,2,0,7,200,0,0,0,0,200,200,200,200,200,0,200,200
1,200,30,0,0,0,2,0,7,200,0,0,0,0,200,200,200,200,200,1,200,200
1,200,30,0,0,0,2,0,7,200,0,0,0,0,200,200,200,200,200,0,200,200
0,200,40,12,12,0,3,10,3,4,0,1,0,1,200,200,200,0,200,1,50,200
0,200,40,12,12,0,3,10,3,4,0,1,0,1,200,200,200,0,200,0,63,200
0,200,40,12,12,0,3,10,3,4,0,1,0,1,200,200,200,0,200,1,27,200
0,200,30,1,2,2,4,14,5,200,0,1,0,1,1,200,200,17,200,0,19,200
0,200,30,1,2,2,4,14,5,200,0,1,0,1,1,200,200,17,200,0,28,200
0,200,30,1,2,0,1,10,12,2,2,0,0,0,1,200,1,16,11,0,200,200
0,200,30,1,2,0,1,10,12,2,2,0,0,0,1,200,1,16,11,0,26,200
0,200,30,1,2,0,1,10,5,200,0,0,200,0,200,200,200,11,200,0,43,200
0,200,30,1,2,0,1,10,5,200,0,0,200,0,200,200,200,11,200,0,30,200
0,200,30,0,0,0,2,10,5,200,0,0,0,0,200,200,1,200,200,0,200,200
0,200,30,0,0,0,2,10,5,200,0,0,0,0,200,200,1,200,200,1,36,200
0,200,35,1,2,0,4,14,1,0,0,0,0,1,1,200,200,11,11,1,27,200
0,200,35,1,2,0,4,14,1,0,0,0,0,1,1,200,200,11,11,0,51,200
0,200,30,1,2,2,3,0,2,2,0,1,0,1,1,200,200,6,6,0,23,200
0,200,30,1,2,2,3,0,2,2,0,1,0,1,1,200,200,6,6,1,24,200
1,200,30,1,2,2,3,0,2,2,0,1,0,1,1,200,200,6,6,0,200,200
0,200,10,2,0,0,2,7,7,1,0,0,200,0,200,200,200,0,0,1,39,200
0,200,30,2,2,0,4,2,6,2,0,0,0,1,1,200,0,10,16,0,23,200
1,200,30,2,2,0,4,2,6,2,0,0,0,1,1,200,0,10,16,0,200,200
1,200,30,2,2,0,4,2,6,2,0,0,0,1,1,200,0,10,16,200,200,200
1,200,30,2,2,0,4,2,6,2,0,0,0,1,1,200,0,10,16,0,23,200
0,200,30,0,0,0,1,7,2,200,0,0,0,0,200,200,1,22,16,2,200,200
3,200,35,3,2,0,1,2,5,4,0,0,1,0,200,200,200,29,200,200,200,200
0,200,35,3,2,0,1,2,5,4,0,0,1,0,200,200,200,29,200,1,64,200
1,200,35,3,2,0,1,2,5,4,0,0,1,0,200,200,200,29,200,1,79,200
0,200,30,0,0,0,1,12,5,200,0,0,0,0,200,200,200,200,200,0,23,200
0,200,30,0,0,0,1,12,5,200,0,0,0,0,200,200,200,200,200,0,20,200
0,200,30,0,0,0,1,2,5,200,0,0,1,0,200,200,200,200,200,0,38,200
0,200,35,0,0,2,0,0,2,200,0,1,0,0,200,200,200,17,200,0,21,200
0,200,35,0,0,2,0,0,2,200,0,1,0,0,200,200,200,17,200,0,27,200
0,200,30,0,0,0,3,7,2,4,0,0,0,1,200,200,200,0,0,0,50,200
0,1,30,0,0,200,200,7,2,2,0,0,0,0,200,200,200,11,200,2,200,200
0,200,30,0,0,200,200,7,5,2,0,200,200,0,200,200,1,200,200,2,200,200
0,200,25,0,0,0,1,7,2,200,0,0,0,0,200,200,200,0,0,1,25,200
0,200,35,1,2,2,3,10,2,2,0,1,0,0,200,200,200,20,0,0,39,200
0,200,35,1,2,2,3,10,2,2,0,1,0,0,200,200,200,20,0,1,26,200
1,200,35,1,2,2,3,10,2,2,0,1,0,0,200,200,200,20,0,0,200,200
0,200,30,1,2,0,0,10,5,200,0,0,0,0,1,200,1,18,200,2,200,200
0,200,30,1,2,0,0,10,5,200,0,0,0,0,1,200,1,18,200,1,45,200
0,200,30,200,200,200,200,7,200,200,0,200,200,0,200,200,200,20,20,0,20,200
0,200,30,1,2,2,2,9,2,200,0,1,0,1,1,200,200,34,200,1,47,200
5,200,30,1,2,2,2,9,2,200,0,1,0,1,1,200,200,34,200,1,34,200
0,200,30,0,0,0,3,14,5,4,0,0,0,1,200,200,200,17,23,0,41,200
0,200,30,0,0,0,3,14,5,4,0,0,0,1,200,200,200,17,23,0,35,200
0,200,30,0,0,0,1,10,5,200,0,200,200,0,200,200,200,0,200,2,200,200
0,200,30,0,0,0,1,10,5,200,0,200,200,0,200,200,200,0,200,1,42,200
0,200,30,1,2,0,3,12,6,3,0,0,0,0,1,200,200,21,200,0,30,200
0,200,30,1,2,0,3,12,6,3,0,0,0,0,1,200,200,21,200,0,65,200
0,200,30,0,0,2,3,2,3,4,5,1,0,1,200,200,200,34,0,0,45,200
0,200,30,1,2,0,1,10,5,2,0,1,0,0,200,200,200,0,0,0,200,200
0,200,30,1,2,0,1,10,5,2,0,1,0,0,200,200,200,0,0,1,39,200
1,200,30,1,2,0,1,10,5,2,0,1,0,0,200,200,200,0,0,0,9,200
0,200,30,0,0,2,1,10,5,2,0,1,0,0,200,200,200,18,0,0,28,200
0,200,30,0,0,2,1,10,5,2,0,1,0,0,200,200,200,18,0,0,44,200
0,200,30,1,2,0,1,7,5,2,0,0,0,0,200,200,1,0,200,0,200,200
0,200,25,1,2,200,1,10,12,3,0,200,0,0,1,200,200,18,0,0,25,200
0,200,25,1,2,200,1,10,12,3,0,200,0,0,1,200,200,18,0,0,46,200
1,200,25,1,2,200,1,10,12,3,0,200,0,0,1,200,200,18,0,1,35,200
1,200,25,1,2,200,1,10,12,3,0,200,0,0,1,200,200,18,0,1,3,200
1,200,25,1,2,200,1,10,12,3,0,200,0,0,1,200,200,18,0,1,8,200
1,200,25,1,2,200,1,10,12,3,0,200,0,0,1,200,200,18,0,1,12,200
1,200,25,1,2,200,1,10,12,3,0,200,0,0,1,200,200,18,0,1,14,200
0,200,30,0,0,0,4,10,2,200,0,0,0,0,200,200,200,9,0,0,0,200
0,200,30,0,0,0,4,10,2,200,0,0,0,0,200,200,200,9,0,0,28,200
0,200,25,1,2,2,3,10,5,200,2,1,0,1,1,200,200,18,200,0,62,200
0,200,25,1,2,2,3,10,5,200,2,1,0,1,1,200,200,18,200,0,200,200
1,200,25,1,2,2,3,10,5,200,2,1,0,1,1,200,200,18,200,0,63,200
0,200,0,0,0,200,1,0,2,1,0,200,200,0,1,200,200,32,5,1,44,200
0,200,0,0,0,200,1,0,2,1,0,200,200,0,1,200,200,32,5,0,52,200
0,200,30,1,200,200,0,10,5,200,0,200,200,0,1,200,200,0,0,1,23,200
0,200,30,1,200,200,0,10,5,200,0,200,200,0,1,200,200,0,0,0,34,200