PERSON_TYPE,CRASH_DATE_EST_I,POSTED_SPEED_LIMIT,TRAFFIC_CONTROL_DEVICE,DEVICE_CONDITION,WEATHER_CONDITION,LIGHTING_CONDITION,FIRST_CRASH_TYPE,TRAFFICWAY_TYPE,LANE_CNT,ALIGNMENT,ROADWAY_SURFACE_COND,ROAD_DEFECT,CRASH_TYPE,INTERSECTION_RELATED_I,NOT_RIGHT_OF_WAY_I,HIT_AND_RUN_I,PRIM_CONTRIBUTORY_CAUSE,SEC_CONTRIBUTORY_CAUSE,SEX,AGE,BAC_RESULT VALUE
0,200,30,0,0,2,0,7,5,200,0,1,0,1,200,200,200,8,0,0,19,200
0,200,30,0,0,2,3,7,6,200,0,1,0,0,200,200,200,20,7,1,33,200
0,200,30,1,2,0,3,10,2,200,0,0,200,1,0,200,200,18,6,0,62,200
0,200,30,1,2,0,3,10,2,200,0,0,200,1,0,200,200,18,6,1,49,200
1,200,30,1,2,0,3,10,2,200,0,0,200,1,0,200,200,18,6,1,21,200
1,200,30,1,2,0,3,10,2,200,0,0,200,1,0,200,200,18,6,1,19,200
1,200,30,1,2,0,3,10,2,200,0,0,200,1,0,200,200,18,6,200,200,200
0,200,30,1,2,2,3,0,6,2,0,1,0,1,1,200,1,22,200,1,200,200
0,200,30,1,2,2,3,0,6,2,0,1,0,1,1,200,1,22,200,0,45,200
0,200,30,1,2,2,3,0,6,2,0,1,0,1,1,200,1,22,200,0,29,200
1,200,30,1,2,2,3,0,6,2,0,1,0,1,1,200,1,22,200,1,200,200
1,200,30,1,2,2,3,0,6,2,0,1,0,1,1,200,1,22,200,1,200,200
0,200,30,0,0,0,3,7,5,200,0,1,0,0,200,200,1,0,200,2,200,200
0,200,25,0,0,0,3,7,6,200,0,0,0,0,200,200,1,200,200,2,200,200
0,200,30,0,0,0,3,2,3,200,0,0,0,1,200,200,200,0,200,0,55,200
0,200,30,0,0,0,3,7,7,200,0,0,0,0,200,200,1,20,200,2,200,200
1,200,30,0,0,0,3,7,7,200,0,0,0,0,200,200,1,20,200,1,200,200
1,200,30,0,0,0,3,7,7,200,0,0,0,0,200,200,1,20,200,1,200,200
0,200,30,0,0,0,3,7,5,2,0,0,0,1,200,200,200,25,0,0,200,200
0,200,10,0,0,0,3,2,0,200,0,0,200,0,200,1,200,8,200,0,43,200
0,200,30,1,2,0,3,10,3,4,0,0,0,0,1,200,1,16,200,2,200,200
0,200,30,1,2,0,3,10,3,4,0,0,0,0,1,200,1,16,200,0,25,200
0,200,30,1,2,0,3,10,3,4,0,0,0,0,1,200,1,16,200,2,200,200
0,200,35,2,2,0,3,0,5,2,0,0,0,1,1,200,200,17,11,0,43,200
0,200,35,2,2,0,3,0,5,2,0,0,0,1,1,200,200,17,11,0,29,200
1,200,35,2,2,0,3,0,5,2,0,0,0,1,1,200,200,17,11,0,52,200
1,200,35,2,2,0,3,0,5,2,0,0,0,1,1,200,200,17,11,1,37,200
0,200,30,0,3,2,0,14,5,2,0,1,0,0,1,200,1,25,16,2,200,200
0,200,30,0,3,2,0,14,5,2,0,1,0,0,1,200,1,25,16,0,22,200
0,200,30,0,0,1,3,7,6,200,0,1,0,1,200,200,200,21,200,0,61,200
0,200,30,0,0,200,3,5,2,3,0,0,0,0,200,200,200,0,21,0,30,200
0,200,30,1,2,0,0,14,5,200,0,0,0,0,200,200,1,0,0,0,200,200
0,200,30,1,2,0,0,14,5,200,0,0,0,0,200,200,1,0,0,0,46,200
0,200,30,1,2,0,3,0,3,200,0,0,200,1,1,200,200,0,0,0,28,200
0,200,30,1,2,0,3,0,3,200,0,0,200,1,1,200,200,0,0,0,25,200
0,200,30,1,2,0,3,0,3,200,0,0,200,1,1,200,200,0,0,0,51,200
0,200,30,0,0,0,3,12,6,3,0,0,200,0,200,200,200,22,21,0,68,200
0,200,30,0,0,0,3,12,6,3,0,0,200,0,200,200,200,22,21,1,33,200
1,200,30,0,0,0,3,12,6,3,0,0,200,0,200,200,200,22,21,1,200,200
1,200,30,0,0,0,3,12,6,3,0,0,200,0,200,200,200,22,21,1,51,200
1,200,30,0,0,0,3,12,6,3,0,0,200,0,200,200,200,22,21,0,200,200
1,200,30,0,0,0,3,12,6,3,0,0,200,0,200,200,200,22,21,0,200,200
1,200,30,0,0,0,3,12,6,3,0,0,200,0,200,200,200,22,21,0,200,200
1,200,30,0,0,0,3,12,6,3,0,0,200,0,200,200,200,22,21,0,200,200
0,200,30,0,0,0,3,7,6,1,0,1,0,1,200,200,1,16,14,0,200,200
0,200,20,0,0,0,3,7,7,200,0,0,0,0,200,200,200,0,200,0,200,200
0,200,30,1,2,0,3,0,2,4,0,0,0,0,200,200,200,17,200,0,41,200
0,200,30,1,2,0,3,0,2,4,0,0,0,0,200,200,200,17,200,0,27,200
0,200,30,0,0,0,0,2,3,4,0,0,0,1,200,200,200,29,200,0,37,200
0,200,30,1,2,0,3,10,3,4,0,0,0,1,1,200,200,16,11,0,29,200
0,200,30,1,2,0,3,10,3,4,0,0,0,1,1,200,200,16,11,0,27,200
1,200,30,1,2,0,3,10,3,4,0,0,0,1,1,200,200,16,11,1,200,200
0,200,30,0,0,0,0,2,3,4,0,0,0,1,200,200,200,32,200,0,55,0.22
0,200,35,1,2,0,3,0,3,200,0,0,0,1,1,200,200,0,0,1,21,200
0,200,35,1,2,0,3,0,3,200,0,0,0,1,1,200,200,0,0,1,48,200
1,200,35,1,2,0,3,0,3,200,0,0,0,1,1,200,200,0,0,0,29,200
1,200,35,1,2,0,3,0,3,200,0,0,0,1,1,200,200,0,0,1,18,200
0,200,30,2,0,0,3,12,5,200,0,0,0,0,200,200,200,25,0,1,32,200
0,200,30,2,0,0,3,12,5,200,0,0,0,0,200,200,200,25,0,1,44,200
0,200,30,0,0,0,3,7,5,200,2,0,200,0,200,200,1,25,0,1,200,200
0,200,30,0,12,0,3,7,6,1,0,0,200,0,200,200,1,0,0,2,200,200
0,0,20,0,0,0,3,2,0,1,0,0,0,0,200,200,200,20,200,0,24,200
1,0,20,0,0,0,3,2,0,1,0,0,0,0,200,200,200,20,200,1,39,200
0,200,30,0,0,0,3,2,3,2,3,0,0,0,200,200,1,20,200,2,200,200
0,200,30,1,2,0,3,7,5,200,0,0,0,0,200,200,1,0,0,0,200,200
0,200,35,0,0,0,0,10,5,4,0,0,0,0,200,200,200,18,0,0,59,200
0,200,35,0,0,0,0,10,5,4,0,0,0,0,200,200,200,18,0,1,44,200
0,200,30,1,0,0,1,7,5,2,0,0,0,1,200,200,200,21,21,1,28,200
0,200,30,0,0,0,1,7,2,2,0,0,0,1,200,200,200,14,0,1,49,200
0,200,30,1,2,1,1,14,2,4,2,0,0,1,1,200,200,17,3,0,57,200
0,200,30,1,2,1,1,14,2,4,2,0,0,1,1,200,200,17,3,0,48,200
0,200,35,1,2,0,1,14,5,4,0,0,0,0,200,200,200,21,200,0,55,200
0,200,35,1,2,0,1,14,5,4,0,0,0,0,200,200,200,21,200,0,27,200
0,200,30,0,0,0,1,7,5,2,0,0,0,1,200,200,1,0,0,1,200,200
0,200,30,0,0,2,1,12,5,2,0,0,200,0,200,200,1,0,200,0,200,200
0,200,30,0,0,2,1,12,5,2,0,0,200,0,200,200,1,0,200,0,46,200
0,200,15,0,0,200,200,7,0,1,0,200,0,1,200,200,1,0,0,2,200,200
0,200,30,1,2,0,1,10,2,200,0,0,0,0,200,200,1,25,18,0,200,200
0,200,30,1,2,0,1,10,2,200,0,0,0,0,200,200,1,25,18,1,34,200
0,200,30,1,2,0,1,0,2,200,0,0,0,0,1,200,200,6,0,0,24,200
0,200,30,1,2,0,1,0,2,200,0,0,0,0,1,200,200,6,0,0,48,200
0,200,30,2,2,1,1,0,2,0,0,0,0,0,1,200,200,17,16,1,26,200
0,200,30,2,2,1,1,0,2,0,0,0,0,0,1,200,200,17,16,0,34,200
0,200,30,0,0,0,1,14,3,4,0,0,0,1,1,200,200,33,200,0,30,200
0,200,30,0,0,0,1,14,3,4,0,0,0,1,1,200,200,33,200,0,25,200
0,200,30,1,2,0,1,12,2,4,0,0,0,0,200,200,200,0,0,1,24,200
0,200,30,1,2,0,1,12,2,4,0,0,0,0,200,200,200,0,0,0,29,200
0,200,0,1,2,0,1,0,2,5,0,0,0,0,1,200,200,6,200,0,20,200
0,200,0,1,2,0,1,0,2,5,0,0,0,0,1,200,200,6,200,0,73,200
0,200,25,0,0,0,0,7,12,200,0,0,0,0,200,200,1,200,0,2,200,200
0,200,25,0,0,0,1,7,5,200,0,0,0,0,200,200,200,18,18,0,45,200
1,200,25,0,0,0,1,7,5,200,0,0,0,0,200,200,200,18,18,0,37,200
0,200,20,0,0,1,1,0,0,200,0,0,0,0,200,200,200,0,0,1,22,200
0,200,20,0,0,1,1,0,0,200,0,0,0,0,200,200,200,0,0,1,36,200
0,200,30,0,0,0,1,12,3,200,0,0,0,1,200,200,1,0,200,0,35,200
0,200,30,0,0,0,1,12,3,200,0,0,0,1,200,200,1,0,200,2,200,200
0,200,35,1,2,1,1,14,2,200,0,0,0,1,1,200,200,17,200,1,53,200
0,200,35,1,2,1,1,14,2,200,0,0,0,1,1,200,200,17,200,0,48,200
0,200,30,0,0,0,1,12,6,2,0,0,0,0,200,200,200,17,200,0,60,200
0,200,30,0,0,0,1,12,6,2,0,0,0,0,200,200,200,17,200,0,27,200
1,200,30,0,0,0,1,12,6,2,0,0,0,0,200,200,200,17,200,1,200,200
0,200,0,2,2,1,1,0,5,2,0,0,0,0,1,200,200,17,16,0,48,200
0,200,0,2,2,1,1,0,5,2,0,0,0,0,1,200,200,17,16,0,48,200
1,200,0,2,2,1,1,0,5,2,0,0,0,0,1,200,200,17,16,0,25,200
0,200,30,0,0,1,1,14,5,2,0,0,0,0,200,200,200,23,23,0,61,200
0,200,30,0,0,1,1,14,5,2,0,0,0,0,200,200,200,23,23,0,28,200
0,200,30,0,0,0,1,2,3,4,0,0,0,1,200,200,1,0,0,2,200,200
0,200,30,0,0,0,1,7,6,200,0,0,2,0,200,200,1,25,16,2,200,200
0,200,30,0,0,0,1,12,5,2,0,0,0,0,200,200,200,22,23,1,47,200
0,200,30,0,0,0,1,12,5,2,0,0,0,0,200,200,200,22,23,1,35,200
0,200,30,1,200,0,1,10,2,0,0,0,200,1,200,200,1,18,0,0,200,200
0,200,30,1,200,0,1,10,2,0,0,0,200,1,200,200,1,18,0,0,43,200
0,200,30,0,0,0,1,7,6,200,0,0,0,0,200,200,1,25,0,2,200,200
0,200,30,1,200,0,1,10,6,3,0,0,0,0,1,200,200,16,200,1,31,200
0,200,30,1,200,0,1,10,6,3,0,0,0,0,1,200,200,16,200,0,56,200
0,200,30,2,2,0,1,9,3,4,0,0,0,1,1,200,200,17,17,1,37,200
5,200,30,2,2,0,1,9,3,4,0,0,0,1,1,200,200,17,17,0,33,200
0,200,25,1,2,2,1,10,5,200,0,1,0,0,200,200,200,18,0,0,58,200
0,200,25,1,2,2,1,10,5,200,0,1,0,0,200,200,200,18,0,0,47,200
0,200,30,0,0,0,1,14,5,4,0,0,0,0,200,200,200,0,200,1,28,200
0,200,30,0,0,0,1,14,5,4,0,0,0,0,200,200,200,0,200,1,54,200
1,200,30,0,0,0,1,14,5,4,0,0,0,0,200,200,200,0,200,0,21,200
0,200,20,0,0,1,1,7,5,200,0,0,0,0,200,200,200,18,22,0,45,200
1,200,20,0,0,1,1,7,5,200,0,0,0,0,200,200,200,18,22,0,45,200
0,200,30,0,0,0,1,10,5,200,0,0,0,0,200,200,200,17,200,0,45,200
0,200,30,0,0,0,1,10,5,200,0,0,0,0,200,200,200,17,200,1,38,200
0,200,25,0,0,0,1,10,2,200,0,0,0,0,200,200,200,200,200,0,47,200
0,200,25,0,0,0,1,10,2,200,0,0,0,0,200,200,200,200,200,1,31,200
0,200,25,0,0,0,1,12,5,200,0,0,0,0,200,200,200,0,0,0,41,200
0,200,25,0,0,0,1,12,5,200,0,0,0,0,200,200,200,0,0,0,52,200
0,200,25,2,1,0,1,14,5,2,0,0,0,0,200,200,200,23,21,0,66,200
0,200,25,2,1,0,1,14,5,2,0,0,0,0,200,200,200,23,21,1,64,200
0,200,35,2,0,0,1,0,6,200,0,0,0,0,200,200,200,5,200,1,37,200
0,200,35,2,0,0,1,0,6,200,0,0,0,0,200,200,200,5,200,0,80,200
1,200,35,2,0,0,1,0,6,200,0,0,0,0,200,200,200,5,200,1,1,200
0,200,30,0,0,0,1,10,2,4,0,0,0,0,200,200,200,18,7,0,48,200
0,200,30,0,0,0,1,10,2,4,0,0,0,0,200,200,200,18,7,0,37,200
1,200,30,0,0,0,1,10,2,4,0,0,0,0,200,200,200,18,7,1,46,200
1,200,30,0,0,0,1,10,2,4,0,0,0,0,200,200,200,18,7,1,12,200
1,200,30,0,0,0,1,10,2,4,0,0,0,0,200,200,200,18,7,0,9,200
0,200,30,0,0,0,1,12,5,0,0,0,0,0,200,200,200,17,0,1,24,200
0,200,30,0,0,0,1,12,5,0,0,0,0,0,200,200,200,17,0,0,23,200
1,200,30,0,0,0,1,12,5,0,0,0,0,0,200,200,200,17,0,0,200,200
1,200,30,0,0,0,1,12,5,0,0,0,0,0,200,200,200,17,0,0,200,200
0,200,25,0,0,0,1,7,6,1,0,0,0,0,200,200,200,0,0,0,52,200
0,200,30,1,2,1,1,10,2,4,0,0,0,0,1,200,1,25,16,0,200,200
0,200,30,1,2,1,1,10,2,4,0,0,0,0,1,200,1,25,16,1,65,200
0,200,30,1,2,0,1,10,2,200,0,0,0,0,200,200,1,18,0,0,200,200
0,200,30,1,2,0,1,10,2,200,0,0,0,0,200,200,1,18,0,0,57,200
0,200,15,0,0,1,3,7,6,200,0,0,0,0,200,200,1,25,0,2,200,200
0,200,30,0,0,200,200,7,5,200,0,200,200,0,200,200,1,0,200,2,200,200
0,200,30,1,2,0,1,14,6,4,0,0,0,0,1,200,200,21,200,0,37,200
0,200,30,1,2,0,1,14,6,4,0,0,0,0,1,200,200,21,200,0,200,200
0,200,25,2,2,0,1,14,5,2,0,0,200,0,200,200,200,23,33,1,200,200
0,200,25,2,2,0,1,14,5,2,0,0,200,0,200,200,200,23,33,1,35,200
0,200,10,0,0,0,1,7,7,200,0,0,0,0,200,200,1,0,200,0,200,200
0,200,30,0,0,0,1,10,5,2,0,0,0,1,0,200,200,18,16,0,31,200
0,200,30,0,0,0,1,10,5,2,0,0,0,1,0,200,200,18,16,0,51,200
0,200,30,0,0,0,1,11,6,200,0,0,0,0,200,200,200,20,200,0,31,200
0,200,30,0,0,0,1,11,6,200,0,0,0,0,200,200,200,20,200,0,63,200
0,200,30,0,0,1,1,12,2,4,0,0,0,0,200,200,200,18,21,0,200,200
0,200,30,0,0,1,1,12,2,4,0,0,0,0,200,200,200,18,21,1,30,200
0,200,30,0,0,0,1,7,12,2,0,0,0,0,0,200,200,200,200,1,25,200
0,200,30,0,0,0,1,10,3,2,0,0,0,0,200,200,1,0,0,1,200,200
0,200,30,0,0,0,1,10,3,2,0,0,0,0,200,200,1,0,0,1,42,200
0,200,30,0,0,0,1,8,12,200,0,0,0,1,200,200,0,0,0,0,200,200
4,200,30,0,0,0,1,8,12,200,0,0,0,1,200,200,0,0,0,0,25,200
0,200,30,0,0,0,1,0,2,2,0,0,0,1,200,200,200,17,200,0,47,200
0,200,30,0,0,0,1,0,2,2,0,0,0,1,200,200,200,17,200,1,77,200
0,200,30,0,0,0,1,10,6,1,0,0,200,0,200,200,200,0,200,1,200,200
0,200,30,0,0,0,1,10,6,1,0,0,200,0,200,200,200,0,200,1,38,200
0,200,30,1,2,0,1,14,6,3,0,0,0,0,1,200,200,23,17,0,47,200
0,200,30,1,2,0,1,14,6,3,0,0,0,0,1,200,200,23,17,0,29,200
0,200,30,1,2,0,1,12,5,200,0,0,0,0,200,200,1,17,14,0,200,200
0,200,30,1,2,0,1,12,5,200,0,0,0,0,200,200,1,17,14,0,41,200
0,200,30,0,0,0,1,10,7,200,2,0,0,0,200,200,200,18,16,0,54,200
0,200,30,0,0,0,1,10,7,200,2,0,0,0,200,200,200,18,16,1,10,200
0,200,30,2,2,0,1,5,6,1,0,0,0,0,200,200,200,12,0,0,50,200
0,1,0,0,0,0,1,2,7,200,0,0,0,0,200,1,200,11,200,0,21,200
0,200,25,0,0,0,1,7,5,1,0,0,12,1,200,200,200,28,200,0,23,200
0,200,30,12,2,0,1,12,2,200,0,0,12,0,200,200,200,21,200,0,35,200
0,200,30,12,2,0,1,12,2,200,0,0,12,0,200,200,200,21,200,0,59,200
0,200,30,0,0,0,2,12,5,2,0,0,0,0,200,200,200,0,200,0,19,200
0,200,30,0,0,0,2,12,5,2,0,0,0,0,200,200,200,0,200,0,44,200
0,200,30,1,2,0,1,10,5,2,0,0,0,0,200,200,1,16,0,2,200,200
0,200,30,1,2,0,1,10,5,2,0,0,0,0,200,200,1,16,0,0,33,200
0,200,30,1,2,0,1,10,5,2,0,0,0,0,200,200,1,16,0,1,47,200
0,200,30,1,2,0,1,10,5,2,0,0,0,0,200,200,1,16,0,1,56,200
0,200,30,1,2,0,1,10,5,2,0,0,0,0,200,200,1,16,0,0,41,200
0,200,30,0,0,0,1,7,6,3,0,0,0,0,200,200,1,20,0,2,200,200
0,200,30,1,2,0,1,9,1,8,0,0,0,1,1,200,200,17,16,1,29,200
5,200,30,1,2,0,1,9,1,8,0,0,0,1,1,200,200,17,16,1,28,200
0,200,30,1,2,0,1,12,6,3,0,0,0,0,1,200,200,21,16,1,47,200
0,200,30,1,2,0,1,12,6,3,0,0,0,0,1,200,200,21,16,0,37,200
0,200,30,0,0,0,1,12,5,1,0,0,0,0,0,200,200,0,0,0,31,200
0,200,30,0,0,0,1,12,5,1,0,0,0,0,0,200,200,0,0,0,63,200
0,200,35,1,2,0,1,10,2,200,0,0,0,0,200,200,200,18,200,0,31,200
0,200,35,1,2,0,1,10,2,200,0,0,0,0,200,200,200,18,200,0,23,200
1,200,35,1,2,0,1,10,2,200,0,0,0,0,200,200,200,18,200,0,200,200
0,1,25,0,0,200,200,7,5,200,0,200,0,0,200,200,1,0,200,2,200,200
0,200,15,0,0,0,1,7,6,200,0,0,200,0,200,200,200,0,200,0,46,200
0,200,30,0,0,0,1,7,2,2,0,0,200,0,200,200,200,0,200,1,200,200
0,200,30,0,0,2,1,5,5,1,0,0,0,0,200,200,200,0,0,0,33,200
0,200,30,1,2,1,1,12,5,2,0,0,0,0,1,200,1,21,18,2,200,200
0,200,30,1,2,1,1,12,5,2,0,0,0,0,1,200,1,21,18,0,40,200
0,200,30,0,0,0,1,2,5,2,0,0,0,0,200,200,200,0,200,0,60,200
0,200,30,0,0,1,1,7,6,200,0,0,0,0,200,200,200,21,21,0,28,200
0,200,30,1,2,0,1,10,2,2,0,0,0,0,200,200,200,18,0,1,49,200
0,200,30,1,2,0,1,10,2,2,0,0,0,0,200,200,200,18,0,0,57,200
1,200,30,1,2,0,1,10,2,2,0,0,0,0,200,200,200,18,0,1,65,200
0,200,30,1,2,0,1,14,5,200,0,0,0,0,1,200,200,23,200,0,48,200
0,200,30,1,2,0,1,14,5,200,0,0,0,0,1,200,200,23,200,0,72,200
0,200,30,1,2,0,1,10,2,200,0,0,0,0,200,200,200,18,200,1,40,200
0,200,30,1,2,0,1,10,2,200,0,0,0,0,200,200,200,18,200,0,54,200
1,200,30,1,2,0,1,10,2,200,0,0,0,0,200,200,200,18,200,1,44,200
1,200,30,1,2,0,1,10,2,200,0,0,0,0,200,200,200,18,200,0,5,200
0,200,30,0,0,0,1,14,2,2,0,0,0,0,200,200,1,17,14,2,200,200
0,200,30,0,0,0,1,14,2,2,0,0,0,0,200,200,1,17,14,0,71,200
0,200,5,0,0,0,3,7,7,1,2,0,0,0,200,200,1,11,200,1,200,200
0,200,30,1,2,0,1,0,3,3,0,0,0,1,1,200,200,6,200,0,36,200
0,200,30,1,2,0,1,0,3,3,0,0,0,1,1,200,200,6,200,0,61,200
1,200,30,1,2,0,1,0,3,3,0,0,0,1,1,200,200,6,200,0,48,200
1,200,30,1,2,0,1,0,3,3,0,0,0,1,1,200,200,6,200,0,200,200
0,200,30,2,0,0,1,0,5,2,0,0,0,1,1,200,200,17,22,1,24,200
0,200,30,2,0,0,1,0,5,2,0,0,0,1,1,200,200,17,22,0,52,200
0,200,30,0,0,0,1,12,6,2,0,0,0,0,200,200,200,21,200,0,200,200
0,200,30,0,0,0,1,12,6,2,0,0,0,0,200,200,200,21,200,1,38,200
0,200,30,1,2,0,1,10,5,200,0,0,200,0,200,200,200,18,18,0,65,200
0,200,30,1,2,0,1,10,5,200,0,0,200,0,200,200,200,18,18,0,57,200
0,200,30,1,2,0,1,10,5,4,0,0,200,1,200,200,200,18,0,0,45,200
0,200,30,1,2,0,1,10,5,4,0,0,200,1,200,200,200,18,0,1,71,200
1,200,30,1,2,0,1,10,5,4,0,0,200,1,200,200,200,18,0,0,200,200
0,200,15,0,3,0,1,7,7,200,0,0,0,0,200,200,1,0,0,0,200,200
0,200,30,1,2,0,1,12,6,4,0,0,0,0,1,200,200,22,200,0,19,200
0,200,30,1,2,0,1,12,6,4,0,0,0,0,1,200,200,22,200,1,29,200
0,200,30,0,0,0,1,7,5,200,0,0,0,0,200,200,200,20,200,1,0,200
1,200,30,0,0,0,1,7,5,200,0,0,0,0,200,200,200,20,200,0,67,200
0,200,25,0,0,0,1,12,5,200,0,0,0,0,200,200,200,200,200,1,16,200
0,200,25,0,0,0,1,12,5,200,0,0,0,0,200,200,200,200,200,0,62,200
0,200,30,0,0,0,1,10,7,1,0,0,0,0,200,1,200,20,16,1,200,200
0,200,30,0,0,0,1,10,7,1,0,0,0,0,200,1,200,20,16,0,40,200
0,200,30,1,200,0,1,12,6,4,0,0,0,1,200,200,200,11,0,0,47,200
0,200,30,1,200,0,1,12,6,4,0,0,0,1,200,200,200,11,0,0,34,200
0,200,30,0,0,0,1,7,6,1,0,0,0,0,200,200,200,8,11,1,42,200
1,200,30,0,0,0,1,7,6,1,0,0,0,0,200,200,200,8,11,200,71,200
0,200,30,0,0,0,1,2,3,4,0,0,0,0,200,200,200,28,25,0,34,200
1,200,30,0,0,0,1,2,3,4,0,0,0,0,200,200,200,28,25,0,43,200
0,200,35,0,0,0,1,7,6,200,0,0,0,0,200,200,1,0,0,2,200,200
0,200,10,0,0,0,1,0,7,3,0,0,200,0,200,1,200,20,0,0,36,200
0,200,10,0,0,0,1,0,7,3,0,0,200,0,200,1,200,20,0,1,49,200
1,200,10,0,0,0,1,0,7,3,0,0,200,0,200,1,200,20,0,1,69,200
1,200,10,0,0,0,1,0,7,3,0,0,200,0,200,1,200,20,0,0,43,200
0,200,30,0,0,0,1,0,5,2,0,0,0,0,200,200,200,22,200,0,200,200
0,200,30,0,0,0,1,0,5,2,0,0,0,0,200,200,200,22,200,0,40,200
0,200,30,0,0,0,1,12,5,2,0,0,0,0,200,200,200,22,21,1,26,200
0,200,30,0,0,0,1,12,5,2,0,0,0,0,200,200,200,22,21,0,29,200
0,200,30,0,0,0,1,7,2,2,0,0,0,1,200,200,200,0,200,1,55,200
1,200,30,0,0,0,1,7,2,2,0,0,0,1,200,200,200,0,200,0,50,200
1,200,30,0,0,0,1,7,2,2,0,0,0,1,200,200,200,0,200,0,36,200
0,200,30,0,0,0,1,7,7,200,0,0,0,0,200,200,1,200,200,1,200,200
0,200,15,0,0,0,1,9,7,200,5,0,0,0,200,200,200,0,0,1,43,200
5,200,15,0,0,0,1,9,7,200,5,0,0,0,200,200,200,0,0,1,38,200
0,200,0,0,0,0,1,2,12,1,0,0,0,1,200,1,200,11,0,0,42,200
0,200,30,0,0,0,1,12,2,2,0,0,200,0,200,200,200,22,11,1,23,200
0,200,30,0,0,0,1,12,2,2,0,0,200,0,200,200,200,22,11,0,23,200
0,200,35,0,0,0,1,10,3,4,0,0,0,0,200,200,200,18,16,1,35,200
0,200,35,0,0,0,1,10,3,4,0,0,0,0,200,200,200,18,16,0,23,200
0,200,30,0,0,0,1,14,2,2,0,0,0,0,200,200,200,23,0,1,200,200
0,200,30,0,0,0,1,14,2,2,0,0,0,0,200,200,200,23,0,1,30,200
0,200,30,2,2,0,1,14,5,200,0,0,0,0,1,200,1,5,200,1,200,200
0,200,30,2,2,0,1,14,5,200,0,0,0,0,1,200,1,5,200,1,22,200
0,200,30,1,2,0,1,10,3,200,0,0,0,0,1,200,200,16,200,0,200,200
0,200,30,1,2,0,1,10,3,200,0,0,0,0,1,200,200,16,200,1,57,200
1,200,30,1,2,0,1,10,3,200,0,0,0,0,1,200,200,16,200,0,200,200
1,200,30,1,2,0,1,10,3,200,0,0,0,0,1,200,200,16,200,0,200,200
0,200,30,0,0,0,1,10,5,2,0,0,200,0,200,200,200,0,0,0,41,200
0,200,30,0,0,0,1,10,5,2,0,0,200,0,200,200,200,0,0,1,73,200
1,200,30,0,0,0,1,10,5,2,0,0,200,0,200,200,200,0,0,0,200,200
0,200,30,0,0,0,1,10,5,200,0,0,0,0,200,200,200,18,0,1,24,200
0,200,30,0,0,0,1,10,5,200,0,0,0,0,200,200,200,18,0,0,24,200
0,200,30,1,2,0,1,12,6,2,0,0,0,0,200,200,200,21,21,0,64,200
0,200,30,1,2,0,1,12,6,2,0,0,0,0,200,200,200,21,21,0,43,200
0,200,30,0,0,0,1,14,2,4,2,0,0,0,200,200,200,21,11,0,200,200
0,200,30,0,0,0,1,14,2,4,2,0,0,0,200,200,200,21,11,0,56,200
0,200,30,0,0,0,1,0,7,2,0,0,0,0,200,1,200,17,200,0,200,200
0,200,30,0,0,0,1,0,7,2,0,0,0,0,200,1,200,17,200,0,200,200
1,200,30,0,0,0,1,0,7,2,0,0,0,0,200,1,200,17,200,1,200,200
0,200,30,0,0,0,1,14,5,4,0,0,200,0,1,200,200,0,200,1,200,200
0,200,30,0,0,0,1,14,5,4,0,0,200,0,1,200,200,0,200,0,35,200
0,200,30,200,200,0,1,8,5,2,0,200,200,1,200,200,200,0,0,0,56,200
4,200,30,200,200,0,1,8,5,2,0,200,200,1,200,200,200,0,0,1,50,200
0,200,30,0,0,0,1,12,5,2,0,0,0,1,200,200,200,22,17,1,59,200
0,200,30,0,0,0,1,12,5,2,0,0,0,1,200,200,200,22,17,0,51,200
1,200,30,0,0,0,1,12,5,2,0,0,0,1,200,200,200,22,17,0,200,200
0,200,35,0,0,0,1,14,3,4,0,0,0,0,200,200,200,0,200,0,23,200
0,200,35,0,0,0,1,14,3,4,0,0,0,0,200,200,200,0,200,1,35,200
0,200,30,1,2,0,1,12,5,200,0,0,200,0,200,200,1,22,22,2,200,200
0,200,30,1,2,0,1,12,5,200,0,0,200,0,200,200,1,22,22,1,51,200
0,200,25,1,2,0,1,8,2,200,0,0,0,0,1,200,200,31,18,0,45,200
4,200,25,1,2,0,1,8,2,200,0,0,0,0,1,200,200,31,18,0,50,200
0,200,20,200,200,0,1,2,6,1,0,0,0,0,200,1,1,0,23,2,200,200
0,200,30,0,0,0,1,10,2,2,0,0,0,0,1,200,200,18,0,0,39,200
0,200,30,0,0,0,1,10,2,2,0,0,0,0,1,200,200,18,0,0,71,200
0,200,30,1,2,0,1,0,2,2,0,0,0,1,1,200,200,2,6,0,0,200
0,200,30,1,2,0,1,0,2,2,0,0,0,1,1,200,200,2,6,0,37,200
0,200,30,1,2,0,1,12,2,6,0,0,0,1,200,200,200,17,0,0,30,200
0,200,30,1,2,0,1,12,2,6,0,0,0,1,200,200,200,17,0,0,56,200
0,0,25,0,0,0,1,14,2,2,0,0,0,0,200,200,200,0,0,0,21,200
0,0,25,0,0,0,1,14,2,2,0,0,0,0,200,200,200,0,0,0,60,200
0,200,30,1,2,0,1,12,5,200,0,0,0,0,1,200,200,22,200,1,200,200
0,200,30,1,2,0,1,12,5,200,0,0,0,0,1,200,200,22,200,1,33,200
0,200,30,1,2,0,1,0,5,200,0,0,0,0,1,200,1,17,16,0,200,200