PERSON_TYPE,CRASH_DATE_EST_I,POSTED_SPEED_LIMIT,TRAFFIC_CONTROL_DEVICE,DEVICE_CONDITION,WEATHER_CONDITION,LIGHTING_CONDITION,FIRST_CRASH_TYPE,TRAFFICWAY_TYPE,LANE_CNT,ALIGNMENT,ROADWAY_SURFACE_COND,ROAD_DEFECT,CRASH_TYPE,INTERSECTION_RELATED_I,NOT_RIGHT_OF_WAY_I,HIT_AND_RUN_I,PRIM_CONTRIBUTORY_CAUSE,SEC_CONTRIBUTORY_CAUSE,SEX,AGE,BAC_RESULT VALUE
0,200,30,0,200,0,3,0,200,200,0,0,200,0,200,200,1,20,200,2,200,200
0,200,30,0,200,0,3,0,200,200,0,0,200,0,200,200,1,20,200,1,23,200
1,200,30,0,200,0,3,0,200,200,0,0,200,0,200,200,1,20,200,1,18,200
0,200,30,0,2,0,3,2,5,2,0,0,0,1,200,200,200,8,21,1,39,200
0,200,30,0,2,0,3,2,5,2,0,0,0,1,200,200,200,8,21,2,200,200
0,200,35,1,2,2,3,0,5,200,0,1,0,1,200,200,1,6,15,2,200,200
0,200,35,1,2,2,3,0,5,200,0,1,0,1,200,200,1,6,15,1,200,200
0,200,35,1,2,2,3,8,1,4,0,1,0,1,1,200,200,34,11,0,26,200
4,200,35,1,2,2,3,8,1,4,0,1,0,1,1,200,200,34,11,0,30,200
0,200,30,2,2,200,3,2,5,2,0,200,0,1,200,1,1,25,14,2,200,200
0,200,25,0,0,200,3,10,12,3,0,200,0,0,200,200,1,14,0,2,200,200
0,200,25,0,0,200,3,10,12,3,0,200,0,0,200,200,1,14,0,0,36,200
0,200,30,1,2,0,3,14,1,3,0,0,0,0,1,200,200,32,27,0,32,0.17
0,200,30,1,2,0,3,14,1,3,0,0,0,0,1,200,200,32,27,1,24,200
0,200,20,0,0,2,3,9,5,200,0,1,200,1,200,200,1,14,200,0,200,200
5,200,20,0,0,2,3,9,5,200,0,1,200,1,200,200,1,14,200,1,49,200
0,200,30,1,2,0,3,2,5,4,0,0,0,1,1,200,200,25,14,0,22,200
1,200,30,1,2,0,3,2,5,4,0,0,0,1,1,200,200,25,14,0,24,200
1,200,30,1,2,0,3,2,5,4,0,0,0,1,1,200,200,25,14,0,25,200
0,1,30,0,0,2,3,3,5,2,0,1,0,1,0,200,1,22,21,0,43,200
0,1,30,0,0,2,3,3,5,2,0,1,0,1,0,200,1,22,21,0,200,200
0,200,30,1,2,2,3,14,2,2,0,1,0,0,200,200,1,34,16,0,200,200
0,200,30,1,2,2,3,14,2,2,0,1,0,0,200,200,1,34,16,0,34,200
0,200,30,1,2,2,3,10,2,2,0,1,0,0,1,200,200,20,200,1,200,200
0,200,30,1,2,2,3,10,2,2,0,1,0,0,1,200,200,20,200,0,27,200
1,200,30,1,2,2,3,10,2,2,0,1,0,0,1,200,200,20,200,1,200,200
0,200,25,0,0,0,3,7,6,200,0,0,0,1,200,200,1,0,0,2,200,200
0,200,30,0,200,2,3,7,6,200,0,1,200,0,200,200,1,0,4,2,200,200
0,200,30,1,2,1,3,10,3,2,0,1,200,0,200,200,200,18,34,0,38,200
0,200,30,1,2,1,3,10,3,2,0,1,200,0,200,200,200,18,34,0,42,200
0,200,30,0,0,0,0,7,12,200,0,0,0,0,200,200,200,20,0,0,32,200
0,200,30,2,2,2,3,0,5,2,0,1,0,1,1,200,1,5,17,2,200,200
0,200,30,2,2,2,3,0,5,2,0,1,0,1,1,200,1,5,17,0,22,200
0,200,30,0,0,2,1,10,5,2,0,1,0,0,200,200,200,18,18,0,42,200
0,200,30,0,0,2,1,10,5,2,0,1,0,0,200,200,200,18,18,0,43,200
0,1,30,0,0,0,3,2,6,200,0,0,0,1,200,200,200,32,32,0,0,200
0,200,30,0,0,200,3,7,5,2,0,200,200,0,200,200,1,0,0,2,200,200
0,200,30,0,0,0,1,12,6,3,0,0,0,0,200,200,200,0,200,0,48,200
0,200,30,0,0,0,1,12,6,3,0,0,0,0,200,200,200,0,200,0,54,200
1,200,30,0,0,0,1,12,6,3,0,0,0,0,200,200,200,0,200,1,200,200
0,200,30,1,2,1,3,0,3,6,2,0,0,0,1,200,200,0,0,0,41,200
0,200,30,1,2,1,3,0,3,6,2,0,0,0,1,200,200,0,0,0,30,200
0,200,30,1,2,0,1,12,5,7,0,1,0,0,1,200,200,22,16,0,66,200
0,200,30,1,2,0,1,12,5,7,0,1,0,0,1,200,200,22,16,1,55,200
1,200,30,1,2,0,1,12,5,7,0,1,0,0,1,200,200,22,16,0,11,200
0,200,30,0,3,2,1,12,6,2,0,0,0,0,200,200,200,17,17,0,200,200
0,200,30,0,3,2,1,12,6,2,0,0,0,0,200,200,200,17,17,0,44,200
2,200,30,0,0,0,1,0,2,200,0,1,0,1,200,200,200,17,200,0,40,200
0,200,30,0,0,0,1,0,2,200,0,1,0,1,200,200,200,17,200,1,32,200
0,200,30,0,0,0,1,0,2,200,0,1,0,1,200,200,200,17,200,0,49,200
1,200,30,0,0,0,1,0,2,200,0,1,0,1,200,200,200,17,200,0,21,200
0,200,35,1,2,0,1,14,3,200,3,1,0,1,1,200,200,0,0,0,61,200
0,200,35,1,2,0,1,14,3,200,3,1,0,1,1,200,200,0,0,0,55,200
0,200,35,1,2,0,1,14,3,200,3,1,0,1,1,200,200,0,0,1,21,200
1,200,35,1,2,0,1,14,3,200,3,1,0,1,1,200,200,0,0,1,51,200
0,200,20,0,0,2,3,7,5,200,0,1,0,0,200,200,1,0,0,2,200,200
1,200,20,0,0,2,3,7,5,200,0,1,0,0,200,200,1,0,0,0,31,200
0,200,30,0,0,0,1,4,2,4,0,12,0,1,200,200,200,200,200,0,200,200
0,200,30,0,0,0,0,7,6,1,2,0,0,0,200,200,1,0,0,2,200,200
0,200,30,0,0,0,1,7,3,7,0,1,0,0,200,200,1,22,16,0,27,200
0,200,30,0,0,0,1,14,3,4,0,0,0,0,200,200,200,18,18,0,58,200
0,200,30,0,0,0,1,14,3,4,0,0,0,0,200,200,200,18,18,0,25,200
1,200,30,0,0,0,1,14,3,4,0,0,0,0,200,200,200,18,18,0,57,200
0,200,30,1,2,0,1,12,6,3,0,0,0,0,200,200,200,21,16,1,52,200
0,200,30,1,2,0,1,12,6,3,0,0,0,0,200,200,200,21,16,0,35,200
1,200,30,1,2,0,1,12,6,3,0,0,0,0,200,200,200,21,16,1,25,200
0,200,30,0,0,2,1,12,5,200,0,1,0,1,200,200,200,18,200,1,28,200
0,200,30,0,0,2,1,12,5,200,0,1,0,1,200,200,200,18,200,0,51,200
0,200,25,1,2,2,1,10,2,200,0,1,200,0,1,200,200,18,0,0,35,200
0,200,25,1,2,2,1,10,2,200,0,1,200,0,1,200,200,18,0,1,39,200
1,200,25,1,2,2,1,10,2,200,0,1,200,0,1,200,200,18,0,0,54,200
0,200,30,0,0,0,1,0,5,2,0,0,200,0,200,200,200,0,200,1,28,200
0,200,30,0,0,0,1,0,5,2,0,0,200,0,200,200,200,0,200,1,29,200
1,200,30,0,0,0,1,0,5,2,0,0,200,0,200,200,200,0,200,1,200,200
1,200,30,0,0,0,1,0,5,2,0,0,200,0,200,200,200,0,200,1,200,200
0,200,30,1,2,0,1,12,5,4,0,0,0,0,200,200,1,0,0,1,200,200
0,200,30,1,2,0,1,12,5,4,0,0,0,0,200,200,1,0,0,1,22,200
1,200,30,1,2,0,1,12,5,4,0,0,0,0,200,200,1,0,0,0,40,200
0,200,30,0,0,0,1,14,2,200,0,0,0,0,200,200,200,200,200,0,42,200
0,200,30,0,0,0,1,14,2,200,0,0,0,0,200,200,200,200,200,0,56,200
0,200,30,0,0,0,1,12,2,2,0,0,0,0,200,200,200,17,0,1,46,200
0,200,30,0,0,0,1,12,2,2,0,0,0,0,200,200,200,17,0,0,36,200
0,200,30,2,2,1,1,10,5,200,0,1,0,1,1,200,200,0,0,1,34,200
0,200,30,2,2,1,1,10,5,200,0,1,0,1,1,200,200,0,0,0,200,200
0,200,30,1,2,2,1,10,5,200,2,1,0,1,200,200,200,18,16,1,27,200
0,200,30,1,2,2,1,10,5,200,2,1,0,1,200,200,200,18,16,1,50,200
0,200,30,1,2,2,1,10,5,200,2,1,0,1,200,200,200,18,16,1,38,200
0,200,0,0,0,0,1,7,7,200,0,0,0,0,200,1,1,0,0,2,200,200
0,1,30,0,0,200,200,7,6,1,0,200,0,0,200,200,1,0,200,2,200,200
0,200,30,1,2,0,1,5,2,2,0,0,0,0,200,200,200,0,0,0,33,200
0,200,30,1,2,2,1,12,6,4,0,1,0,1,1,200,200,22,16,0,52,200
0,200,30,1,2,2,1,12,6,4,0,1,0,1,1,200,200,22,16,0,38,200
0,200,30,0,0,0,200,7,6,200,0,200,0,0,200,200,1,0,200,2,200,200
0,200,40,0,0,0,1,10,3,8,0,0,0,0,200,200,200,18,17,0,29,200
0,200,40,0,0,0,1,10,3,8,0,0,0,0,200,200,200,18,17,1,47,200
0,200,30,1,2,0,1,14,5,200,3,1,0,0,1,200,200,23,21,0,0,200
0,200,30,1,2,0,1,14,5,200,3,1,0,0,1,200,200,23,21,0,25,200
0,200,30,0,0,1,1,12,2,200,0,0,0,0,200,200,200,0,200,0,61,200
0,200,30,0,0,1,1,12,2,200,0,0,0,0,200,200,200,0,200,0,62,200
0,200,30,0,0,1,1,14,5,200,0,200,0,1,1,200,200,16,0,0,22,200
0,200,30,0,0,1,1,14,5,200,0,200,0,1,1,200,200,16,0,1,38,200
1,200,30,0,0,1,1,14,5,200,0,200,0,1,1,200,200,16,0,0,44,200
1,200,30,0,0,1,1,14,5,200,0,200,0,1,1,200,200,16,0,1,23,200
1,200,30,0,0,1,1,14,5,200,0,200,0,1,1,200,200,16,0,1,1,200
1,200,30,0,0,1,1,14,5,200,0,200,0,1,1,200,200,16,0,1,19,200
0,200,30,1,2,1,1,12,3,0,0,0,0,0,1,200,200,22,16,1,26,200
0,200,30,1,2,1,1,12,3,0,0,0,0,0,1,200,200,22,16,0,39,200
0,200,30,1,2,1,1,10,5,4,0,1,0,0,1,200,200,16,200,1,45,200
0,200,30,1,2,1,1,10,5,4,0,1,0,0,1,200,200,16,200,0,60,200
0,200,30,0,0,0,1,12,6,200,0,0,0,0,200,200,200,17,200,0,51,200
0,200,30,0,0,0,1,12,6,200,0,0,0,0,200,200,200,17,200,0,31,200
0,200,30,1,2,2,1,14,5,200,0,1,0,1,1,200,200,23,200,0,52,200
0,200,30,1,2,2,1,14,5,200,0,1,0,1,1,200,200,23,200,1,34,200
1,200,30,1,2,2,1,14,5,200,0,1,0,1,1,200,200,23,200,0,28,200
0,200,30,0,0,2,1,14,5,200,0,1,0,0,200,200,200,23,17,1,26,200
0,200,30,0,0,2,1,14,5,200,0,1,0,0,200,200,200,23,17,0,42,200
1,200,30,0,0,2,1,14,5,200,0,1,0,0,200,200,200,23,17,1,22,200
1,200,30,0,0,2,1,14,5,200,0,1,0,0,200,200,200,23,17,1,2,200
1,200,30,0,0,2,1,14,5,200,0,1,0,0,200,200,200,23,17,1,6,200
1,200,30,0,0,2,1,14,5,200,0,1,0,0,200,200,200,23,17,0,10,200
0,1,30,1,2,0,1,14,5,2,0,1,0,0,200,200,200,0,0,0,24,200
0,1,30,1,2,0,1,14,5,2,0,1,0,0,200,200,200,0,0,0,56,200
0,200,25,0,0,0,1,7,12,1,0,0,0,0,200,200,1,200,200,2,200,200
0,200,30,0,0,0,1,10,6,2,0,0,0,0,200,200,200,18,18,0,200,200
0,200,30,0,0,0,1,10,6,2,0,0,0,0,200,200,200,18,18,0,65,200
1,200,30,0,0,0,1,10,6,2,0,0,0,0,200,200,200,18,18,200,200,200
0,1,30,1,2,2,1,12,6,200,0,1,0,1,200,200,1,25,15,0,26,200
0,1,30,1,2,2,1,12,6,200,0,1,0,1,200,200,1,25,15,0,37,200
0,1,30,1,2,2,1,12,6,200,0,1,0,1,200,200,1,25,15,0,76,200
0,1,30,1,2,2,1,12,6,200,0,1,0,1,200,200,1,25,15,0,56,200
0,1,30,1,2,2,1,12,6,200,0,1,0,1,200,200,1,25,15,1,38,200
0,1,30,1,2,2,1,12,6,200,0,1,0,1,200,200,1,25,15,0,38,200
1,1,30,1,2,2,1,12,6,200,0,1,0,1,200,200,1,25,15,0,37,200
0,200,30,1,2,2,1,12,2,3,0,1,0,0,200,200,200,21,0,1,74,200
0,200,30,1,2,2,1,12,2,3,0,1,0,0,200,200,200,21,0,1,20,200
1,200,30,1,2,2,1,12,2,3,0,1,0,0,200,200,200,21,0,2,200,200
0,200,30,1,200,1,1,10,3,200,0,200,200,0,1,200,200,0,200,1,42,200
0,200,30,1,200,1,1,10,3,200,0,200,200,0,1,200,200,0,200,1,44,200
0,200,30,0,0,0,1,14,2,200,0,0,0,1,200,200,200,23,200,1,37,200
0,200,30,0,0,0,1,14,2,200,0,0,0,1,200,200,200,23,200,0,33,200
1,200,30,0,0,0,1,14,2,200,0,0,0,1,200,200,200,23,200,1,3,200
0,200,30,3,2,0,1,12,3,3,0,0,0,0,200,200,200,17,200,0,49,200
0,200,30,3,2,0,1,12,3,3,0,0,0,0,200,200,200,17,200,0,59,200
0,200,35,1,2,0,1,14,2,4,0,1,0,0,1,200,200,17,23,0,56,200
0,200,35,1,2,0,1,14,2,4,0,1,0,0,1,200,200,17,23,0,76,200
0,200,30,0,0,1,1,10,5,2,0,0,0,1,200,200,200,18,18,1,28,200
0,200,30,0,0,1,1,10,5,2,0,0,0,1,200,200,200,18,18,1,22,200
0,200,30,0,0,1,1,10,5,2,0,0,0,1,200,200,200,18,18,1,28,200
0,200,30,0,0,1,1,10,5,2,0,0,0,1,200,200,200,18,18,0,31,200
1,200,30,0,0,1,1,10,5,2,0,0,0,1,200,200,200,18,18,0,23,200
1,200,30,0,0,1,1,10,5,2,0,0,0,1,200,200,200,18,18,1,25,200
1,200,30,0,0,1,1,10,5,2,0,0,0,1,200,200,200,18,18,0,24,200
1,200,30,0,0,1,1,10,5,2,0,0,0,1,200,200,200,18,18,0,2,200
0,200,30,0,0,0,1,7,6,1,0,0,0,0,200,200,200,21,16,0,24,200
0,200,30,0,0,1,1,9,5,200,0,0,0,1,200,200,200,0,0,1,77,200
5,200,30,0,0,1,1,9,5,200,0,0,0,1,200,200,200,0,0,0,50,200
0,200,30,1,2,0,1,7,3,4,0,0,0,0,200,200,200,17,17,0,56,200
0,200,30,0,0,0,1,7,6,1,0,0,0,0,200,200,200,200,200,1,26,200
1,200,30,0,0,0,1,7,6,1,0,0,0,0,200,200,200,200,200,0,36,200
0,200,30,0,0,0,1,14,6,4,0,1,0,0,1,200,200,16,21,0,0,200
0,200,30,0,0,0,1,14,6,4,0,1,0,0,1,200,200,16,21,1,43,200
0,200,30,0,0,1,1,0,7,1,0,0,0,0,200,1,200,20,8,0,48,200
0,200,30,0,0,1,1,0,7,1,0,0,0,0,200,1,200,20,8,1,43,200
1,200,30,0,0,1,1,0,7,1,0,0,0,0,200,1,200,20,8,1,24,200
1,200,30,0,0,1,1,0,7,1,0,0,0,0,200,1,200,20,8,0,5,200
1,200,30,0,0,1,1,0,7,1,0,0,0,0,200,1,200,20,8,1,4,200
0,200,30,1,2,0,1,10,5,4,0,0,0,1,200,200,200,18,200,1,34,200
0,200,30,1,2,0,1,10,5,4,0,0,0,1,200,200,200,18,200,0,44,200
1,200,30,1,2,0,1,10,5,4,0,0,0,1,200,200,200,18,200,1,200,200
0,200,30,0,0,0,1,10,5,4,0,0,0,1,200,200,200,0,200,1,72,200
0,200,30,0,0,0,1,10,5,4,0,0,0,1,200,200,200,0,200,0,72,200
1,200,30,0,0,0,1,10,5,4,0,0,0,1,200,200,200,0,200,0,53,200
0,200,30,1,2,0,1,14,5,200,0,0,0,0,1,200,200,23,21,0,59,200
0,200,30,1,2,0,1,14,5,200,0,0,0,0,1,200,200,23,21,0,59,200
1,200,30,1,2,0,1,14,5,200,0,0,0,0,1,200,200,23,21,1,17,200
1,200,30,1,2,0,1,14,5,200,0,0,0,0,1,200,200,23,21,1,51,200
0,200,10,0,0,0,1,11,7,200,0,0,0,0,200,200,200,20,200,0,92,200
0,200,10,0,0,0,1,11,7,200,0,0,0,0,200,200,200,20,200,1,30,200
0,200,15,0,0,1,1,7,0,200,0,1,1,0,200,200,200,29,200,0,44,200
0,200,30,0,0,200,3,7,7,2,0,200,200,0,200,200,200,0,0,1,55,200
0,1,30,0,200,200,200,7,6,1,0,200,200,0,200,200,1,0,200,2,200,200
0,200,30,1,2,0,1,8,5,4,0,0,0,1,1,200,1,17,17,0,200,200
4,200,30,1,2,0,1,8,5,4,0,0,0,1,1,200,1,17,17,0,50,200
0,200,30,0,0,0,1,2,1,4,0,0,3,1,200,200,200,12,12,0,28,200
0,200,30,0,0,0,1,2,7,1,0,0,0,0,200,200,200,200,200,0,46,200
0,200,30,0,0,1,1,7,5,200,0,0,0,0,200,200,200,0,0,0,55,200
0,1,30,2,2,200,200,7,6,1,0,200,0,0,200,200,1,0,0,2,200,200
0,200,30,0,0,0,1,12,5,200,0,0,0,0,200,200,200,21,200,1,21,200
0,200,30,0,0,0,1,12,5,200,0,0,0,0,200,200,200,21,200,1,27,200
1,200,30,0,0,0,1,12,5,200,0,0,0,0,200,200,200,21,200,1,19,200
1,200,30,0,0,0,1,12,5,200,0,0,0,0,200,200,200,21,200,200,200,200
0,1,25,0,0,200,200,7,5,200,0,200,0,1,200,200,1,0,0,2,200,200
0,200,30,0,0,0,1,0,5,2,0,0,0,0,200,200,200,0,0,0,200,200
0,200,30,0,0,0,1,0,5,2,0,0,0,0,200,200,200,0,0,0,200,200
0,200,35,1,2,2,1,14,2,4,0,1,0,1,1,200,200,31,17,1,74,200
0,200,35,1,2,2,1,14,2,4,0,1,0,1,1,200,200,31,17,1,200,200
0,200,35,1,2,2,1,14,2,4,0,1,0,1,1,200,200,31,17,0,38,200
0,200,30,0,2,1,1,7,5,2,0,12,12,0,1,200,200,28,29,0,27,200
0,200,30,0,0,0,1,7,2,200,0,0,0,0,200,200,200,0,200,0,71,200
0,200,30,0,0,0,1,12,5,2,0,0,0,0,200,200,200,17,200,0,27,200
0,200,30,0,0,0,1,12,5,2,0,0,0,0,200,200,200,17,200,1,53,200
0,200,30,1,2,0,1,10,5,4,0,0,0,0,1,200,200,0,200,1,22,200
0,200,30,1,2,0,1,10,5,4,0,0,0,0,1,200,200,0,200,0,75,200
0,200,30,0,0,0,1,2,5,2,0,0,0,1,200,1,200,14,11,1,15,200
0,200,30,0,0,1,3,7,6,1,0,0,0,0,200,200,200,8,200,0,52,200
0,200,30,0,0,0,1,12,5,2,0,0,0,0,200,200,1,17,21,2,200,200
0,200,30,0,0,0,1,12,5,2,0,0,0,0,200,200,1,17,21,1,200,200
0,200,30,0,0,0,1,12,5,200,0,0,0,0,200,200,1,22,17,0,200,200
0,200,30,0,0,0,1,12,5,200,0,0,0,0,200,200,1,22,17,1,43,200
1,200,30,0,0,0,1,12,5,200,0,0,0,0,200,200,1,22,17,0,200,200
0,200,30,0,0,0,1,12,5,200,0,0,0,0,1,200,200,0,0,0,200,200
0,200,30,0,0,0,1,12,5,200,0,0,0,0,1,200,200,0,0,1,36,200
1,200,30,0,0,0,1,12,5,200,0,0,0,0,1,200,200,0,0,0,17,200
1,200,30,0,0,0,1,12,5,200,0,0,0,0,1,200,200,0,0,0,20,200
0,200,25,0,0,0,1,7,6,200,0,0,0,0,200,200,200,12,12,1,0,200
0,200,30,1,2,0,1,10,3,200,0,0,0,0,200,200,1,18,18,0,200,200
0,200,30,1,2,0,1,10,3,200,0,0,0,0,200,200,1,18,18,0,48,200
0,200,25,0,0,0,1,12,2,200,0,0,0,0,200,200,200,200,200,0,200,200
0,200,25,0,0,0,1,12,2,200,0,0,0,0,200,200,200,200,200,1,27,200
0,200,30,2,2,0,1,0,2,4,0,0,0,1,200,200,1,17,5,0,200,200
0,200,30,2,2,0,1,0,2,4,0,0,0,1,200,200,1,17,5,1,22,200
0,200,30,9,2,1,1,12,2,4,0,0,0,0,200,200,200,22,17,0,64,200
0,200,30,9,2,1,1,12,2,4,0,0,0,0,200,200,200,22,17,0,57,200
1,200,30,9,2,1,1,12,2,4,0,0,0,0,200,200,200,22,17,1,59,200
0,1,20,0,0,0,1,12,6,3,0,0,0,0,200,200,200,0,0,0,32,200
0,1,20,0,0,0,1,12,6,3,0,0,0,0,200,200,200,0,0,1,44,200
1,1,20,0,0,0,1,12,6,3,0,0,0,0,200,200,200,0,0,0,200,200
1,1,20,0,0,0,1,12,6,3,0,0,0,0,200,200,200,0,0,1,200,200
0,200,30,0,0,1,1,5,5,200,0,0,0,0,200,200,200,12,200,0,30,200
0,200,30,0,0,0,1,7,6,1,0,0,0,0,200,200,200,11,200,0,21,200
0,1,15,0,0,0,1,7,7,200,0,0,0,0,200,200,1,0,0,2,200,200
0,200,30,0,0,0,1,7,2,4,0,0,0,0,200,200,200,0,0,1,200,200
1,200,30,0,0,0,1,7,2,4,0,0,0,0,200,200,200,0,0,0,7,200
1,200,30,0,0,0,1,7,2,4,0,0,0,0,200,200,200,0,0,1,200,200
0,200,30,0,0,2,1,12,2,200,0,1,0,1,200,200,200,200,200,0,61,200
0,200,30,0,0,2,1,12,2,200,0,1,0,1,200,200,200,200,200,1,61,200
0,200,30,1,2,0,1,0,5,2,0,200,200,1,1,200,200,6,17,0,51,200
0,200,30,1,2,0,1,0,5,2,0,200,200,1,1,200,200,6,17,0,82,200
0,200,35,0,0,0,1,12,3,4,0,0,0,1,200,200,200,17,0,0,60,200
0,200,35,0,0,0,1,12,3,4,0,0,0,1,200,200,200,17,0,0,32,200
0,200,30,0,0,0,1,7,7,200,0,0,0,0,200,1,1,0,200,0,200,200
0,200,30,2,200,1,1,0,5,200,0,0,200,0,1,200,200,0,0,0,34,200
0,200,30,2,200,1,1,0,5,200,0,0,200,0,1,200,200,0,0,1,19,200
0,200,30,0,0,0,1,7,5,200,0,0,0,0,200,200,200,0,0,0,200,200
0,200,30,0,0,0,3,8,5,2,0,0,0,0,200,200,200,0,0,1,200,200
4,200,30,0,0,0,3,8,5,2,0,0,0,0,200,200,200,0,0,0,37,200
5,200,30,0,0,0,1,9,2,200,0,0,0,1,200,200,200,17,4,0,5,200
0,200,30,0,0,0,1,9,2,200,0,0,0,1,200,200,200,17,4,0,16,200
1,200,30,0,0,0,1,9,2,200,0,0,0,1,200,200,200,17,4,0,12,200
0,200,35,1,2,0,1,14,6,3,0,0,0,0,1,200,200,0,0,0,53,200
0,200,35,1,2,0,1,14,6,3,0,0,0,0,1,200,200,0,0,0,26,200
0,200,30,0,0,0,1,7,7,200,0,0,0,0,200,200,200,200,200,0,26,200
0,200,30,3,2,0,1,2,5,200,0,0,0,1,200,1,200,11,21,1,19,200
0,200,30,1,2,0,1,0,2,4,0,0,0,1,1,200,200,11,0,0,72,200
0,200,30,1,2,0,1,0,2,4,0,0,0,1,1,200,200,11,0,0,25,200
0,200,30,0,0,0,1,12,5,2,0,0,0,0,200,200,200,0,200,0,36,200
0,200,30,0,0,0,1,12,5,2,0,0,0,0,200,200,200,0,200,1,66,200
0,200,30,0,0,0,1,10,5,2,0,0,0,1,200,200,200,7,16,1,19,200
0,200,30,0,0,0,1,10,5,2,0,0,0,1,200,200,200,7,16,0,53,200
1,200,30,0,0,0,1,10,5,2,0,0,0,1,200,200,200,7,16,1,0,200
0,200,30,1,2,0,1,10,3,3,0,0,0,0,1,200,200,0,200,1,200,200
0,200,30,1,2,0,1,10,3,3,0,0,0,0,1,200,200,0,200,1,41,200
0,200,30,0,0,0,1,12,5,200,0,0,0,0,200,200,0,0,0,1,200,200
0,200,30,0,0,0,1,12,5,200,0,0,0,0,200,200,0,0,0,0,36,200
0,200,30,0,0,0,1,10,7,200,0,0,0,0,200,1,200,200,200,0,89,200
0,200,30,0,0,0,1,10,7,200,0,0,0,0,200,1,200,200,200,0,32,200
0,200,30,1,2,0,1,14,3,4,0,0,0,0,200,200,200,23,22,0,60,200
0,200,30,1,2,0,1,14,3,4,0,0,0,0,200,200,200,23,22,1,200,200
0,1,30,0,0,0,1,10,5,200,0,0,0,0,200,200,200,18,200,0,53,200
0,1,30,0,0,0,1,10,5,200,0,0,0,0,200,200,200,18,200,0,66,200
1,1,30,0,0,0,1,10,5,200,0,0,0,0,200,200,200,18,200,0,42,200
0,200,30,1,2,0,1,14,5,4,0,0,0,0,1,200,200,17,23,0,200,200
0,200,30,1,2,0,1,14,5,4,0,0,0,0,1,200,200,17,23,1,200,200
0,200,30,0,0,0,1,10,5,2,0,0,0,0,200,200,200,18,200,0,200,200
0,200,30,0,0,0,1,10,5,2,0,0,0,0,200,200,200,18,200,1,0,200
0,200,30,0,0,0,1,12,5,200,0,0,0,0,200,200,200,18,200,2,200,200
0,200,30,0,0,0,1,12,5,200,0,0,0,0,200,200,200,18,200,0,52,200
1,200,30,0,0,0,1,12,5,200,0,0,0,0,200,200,200,18,200,1,200,200
1,200,30,0,0,0,1,12,5,200,0,0,0,0,200,200,200,18,200,1,200,200
0,1,30,0,0,0,1,7,5,200,0,0,0,0,200,200,1,0,0,2,200,200
0,200,30,0,0,0,1,12,2,4,0,0,200,0,200,200,1,21,200,1,200,200
0,200,30,0,0,0,1,12,2,4,0,0,200,0,200,200,1,21,200,1,27,200
1,200,30,0,0,0,1,12,2,4,0,0,200,0,200,200,1,21,200,0,32,200
0,200,30,1,0,0,1,11,5,200,0,0,0,0,200,200,200,21,200,0,46,200
0,200,30,1,0,0,1,11,5,200,0,0,0,0,200,200,200,21,200,0,42,200
1,200,30,1,0,0,1,11,5,200,0,0,0,0,200,200,200,21,200,1,23,200
0,200,0,0,0,1,1,2,12,0,0,0,0,0,200,200,200,20,200,0,36,200
0,200,0,0,0,0,1,7,2,200,0,0,0,0,200,200,1,0,200,2,200,200
0,200,20,0,0,1,1,7,6,1,0,0,0,1,200,200,1,25,0,0,200,200
0,200,30,1,2,0,1,10,5,4,0,0,0,0,200,200,200,16,11,0,200,200
0,200,30,1,2,0,1,10,5,4,0,0,0,0,200,200,200,16,11,0,200,200
0,200,30,1,2,0,1,10,5,4,0,0,0,0,200,200,200,16,11,0,62,200
0,200,0,0,0,0,1,9,5,2,0,0,0,1,200,200,200,200,200,0,36,200
5,200,0,0,0,0,1,9,5,2,0,0,0,1,200,200,200,200,200,0,14,200
0,200,30,1,2,0,1,12,6,200,0,0,0,0,200,200,200,0,0,0,200,200
0,200,30,1,2,0,1,12,6,200,0,0,0,0,200,200,200,0,0,1,24,200
0,1,30,1,2,0,1,14,2,2,0,0,0,1,1,200,200,22,0,1,59,200
0,200,30,2,2,0,1,0,5,2,0,0,0,1,1,200,200,0,200,1,22,200
0,200,30,2,2,0,1,0,5,2,0,0,0,1,1,200,200,0,200,1,36,200
1,200,30,2,2,0,1,0,5,2,0,0,0,1,1,200,200,0,200,0,200,200
0,200,30,0,0,0,1,14,5,2,0,0,0,0,200,200,1,17,23,2,200,200
0,200,30,0,0,0,1,14,5,2,0,0,0,0,200,200,1,17,23,1,24,200
0,200,30,1,2,0,1,10,5,2,0,0,0,0,1,200,200,18,200,1,25,200
0,200,30,1,2,0,1,10,5,2,0,0,0,0,1,200,200,18,200,0,33,200
0,200,30,1,2,0,1,10,5,2,0,0,0,0,1,200,200,18,200,0,49,200
1,200,30,1,2,0,1,10,5,2,0,0,0,0,1,200,200,18,200,1,2,200
1,200,30,1,2,0,1,10,5,2,0,0,0,0,1,200,200,18,200,1,35,200
4,200,30,2,2,0,1,8,6,1,2,0,0,1,200,200,200,0,0,0,17,200
0,200,30,2,2,0,1,8,6,1,2,0,0,1,200,200,200,0,0,1,27,200
1,200,30,2,2,0,1,8,6,1,2,0,0,1,200,200,200,0,0,0,200,200
0,200,45,3,2,0,1,12,3,4,0,0,0,1,1,200,200,11,21,0,23,200