PERSON_TYPE,CRASH_DATE_EST_I,POSTED_SPEED_LIMIT,TRAFFIC_CONTROL_DEVICE,DEVICE_CONDITION,WEATHER_CONDITION,LIGHTING_CONDITION,FIRST_CRASH_TYPE,TRAFFICWAY_TYPE,LANE_CNT,ALIGNMENT,ROADWAY_SURFACE_COND,ROAD_DEFECT,CRASH_TYPE,INTERSECTION_RELATED_I,NOT_RIGHT_OF_WAY_I,HIT_AND_RUN_I,PRIM_CONTRIBUTORY_CAUSE,SEC_CONTRIBUTORY_CAUSE,SEX,AGE,BAC_RESULT VALUE
0,200,45,3,2,0,1,12,3,4,0,0,0,1,1,200,200,11,21,1,30,200
0,200,30,0,0,0,1,10,5,2,0,0,0,0,200,200,200,200,200,0,200,200
0,200,30,0,0,0,1,10,5,2,0,0,0,0,200,200,200,200,200,0,200,200
0,200,30,0,0,0,1,12,5,200,0,0,0,0,200,200,200,0,0,0,62,200
0,200,30,0,0,0,1,12,5,200,0,0,0,0,200,200,200,0,0,0,43,200
0,200,35,0,0,0,1,2,5,200,0,0,1,0,200,200,200,0,200,0,200,200
0,200,15,0,0,0,1,0,7,3,0,0,200,0,200,1,200,0,0,0,33,200
0,200,15,0,0,0,1,0,7,3,0,0,200,0,200,1,200,0,0,0,63,200
0,200,30,200,200,200,1,7,5,200,0,200,200,0,200,200,200,0,200,1,200,200
0,200,30,0,0,0,1,7,5,1,0,0,0,0,200,200,200,22,200,1,52,200
3,200,30,2,200,0,1,5,5,200,0,0,0,0,200,200,200,200,200,200,200,200
0,200,30,2,200,0,1,5,5,200,0,0,0,0,200,200,200,200,200,0,23,200
0,200,30,200,200,0,0,12,5,2,0,200,200,1,200,200,1,21,22,1,200,200
0,200,30,200,200,0,0,12,5,2,0,200,200,1,200,200,1,21,22,0,35,200
0,200,15,0,0,0,1,7,7,2,0,0,0,0,200,1,200,20,16,0,200,200
1,200,15,0,0,0,1,7,7,2,0,0,0,0,200,1,200,20,16,0,200,200
0,200,15,0,0,0,1,7,7,1,0,0,0,0,200,200,200,11,0,1,38,200
1,200,15,0,0,0,1,7,7,1,0,0,0,0,200,200,200,11,0,1,40,200
0,200,30,0,0,0,1,7,5,2,0,0,0,0,200,200,200,0,0,0,200,200
1,200,30,0,0,0,1,7,5,2,0,0,0,0,200,200,200,0,0,1,200,200
0,200,35,0,0,0,1,12,3,6,0,0,0,0,200,200,1,21,0,2,200,200
0,200,35,0,0,0,1,12,3,6,0,0,0,0,200,200,1,21,0,0,21,200
0,200,30,0,0,0,1,9,5,2,0,0,0,0,1,200,200,0,0,1,92,200
5,200,30,0,0,0,1,9,5,2,0,0,0,0,1,200,200,0,0,0,73,200
0,200,25,2,2,0,1,10,5,200,0,0,0,0,1,200,200,20,20,0,29,200
0,200,25,2,2,0,1,10,5,200,0,0,0,0,1,200,200,20,20,1,37,200
1,200,25,2,2,0,1,10,5,200,0,0,0,0,1,200,200,20,20,1,27,200
1,200,25,2,2,0,1,10,5,200,0,0,0,0,1,200,200,20,20,1,37,200
0,200,30,0,0,0,1,10,5,2,0,0,200,0,200,200,1,16,200,0,200,200
0,200,30,0,0,0,1,10,5,2,0,0,200,0,200,200,1,16,200,0,43,200
1,200,30,0,0,0,1,10,5,2,0,0,200,0,200,200,1,16,200,0,19,200
0,200,30,0,0,0,1,7,6,2,0,0,0,1,200,200,200,16,200,1,30,200
1,200,30,0,0,0,1,7,6,2,0,0,0,1,200,200,200,16,200,0,39,200
0,200,15,0,0,0,1,2,0,200,0,0,0,0,200,0,200,8,0,0,48,200
0,200,30,2,12,0,1,0,5,200,0,0,0,1,1,200,200,17,200,0,60,200
0,200,30,2,12,0,1,0,5,200,0,0,0,1,1,200,200,17,200,0,42,200
0,200,30,0,0,0,1,12,5,200,0,0,0,0,200,200,200,0,0,1,200,200
0,200,30,0,0,0,1,12,5,200,0,0,0,0,200,200,200,0,0,0,29,200
0,200,20,0,0,0,1,7,6,1,0,0,12,1,200,200,1,0,0,2,200,200
0,200,30,1,200,0,1,10,2,2,0,200,200,1,200,200,1,0,200,0,200,200
0,200,30,1,200,0,1,10,2,2,0,200,200,1,200,200,1,0,200,2,200,200
0,200,30,1,200,0,1,10,2,2,0,200,200,1,200,200,1,0,200,0,64,200
0,200,30,1,2,0,1,10,2,200,0,0,0,0,1,200,200,16,18,0,64,200
0,200,30,1,2,0,1,10,2,200,0,0,0,0,1,200,200,16,18,0,21,200
0,1,25,0,0,0,1,12,5,4,0,0,0,1,200,200,200,21,200,0,46,200
0,1,25,0,0,0,1,12,5,4,0,0,0,1,200,200,200,21,200,0,33,200
0,200,0,0,0,0,1,0,7,1,0,0,0,0,200,1,200,0,0,1,200,200
0,200,0,0,0,0,1,0,7,1,0,0,0,0,200,1,200,0,0,1,38,200
0,200,30,2,2,0,1,7,2,2,0,0,0,0,200,200,200,22,200,0,38,200
0,200,30,0,0,0,1,12,5,200,0,0,0,0,200,200,1,25,0,0,200,200
0,200,30,0,0,0,1,12,5,200,0,0,0,0,200,200,1,25,0,1,55,200
0,200,30,0,0,0,1,2,5,200,0,0,0,0,200,200,200,0,0,1,89,200
0,200,30,0,0,0,1,10,6,4,0,0,0,0,200,200,200,0,0,0,200,200
0,200,30,0,0,0,1,10,6,4,0,0,0,0,200,200,200,0,0,1,200,200
0,200,30,1,2,0,1,14,2,2,0,0,200,1,1,200,200,6,11,1,30,200
0,200,30,1,2,0,1,14,2,2,0,0,200,1,1,200,200,6,11,1,21,200
1,200,30,1,2,0,1,14,2,2,0,0,200,1,1,200,200,6,11,0,200,200
0,200,30,1,2,0,3,10,2,2,0,0,0,0,200,200,200,16,200,1,200,200
0,200,30,1,2,0,3,10,2,2,0,0,0,0,200,200,200,16,200,1,33,200
0,200,30,1,2,0,1,10,2,2,0,0,0,0,200,200,200,18,200,0,63,200
0,200,30,1,2,0,1,10,2,2,0,0,0,0,200,200,200,18,200,1,42,200
0,200,30,2,2,0,1,0,5,200,0,0,0,1,200,200,200,17,200,1,27,200
0,200,30,2,2,0,1,0,5,200,0,0,0,1,200,200,200,17,200,0,44,200
1,200,30,2,2,0,1,0,5,200,0,0,0,1,200,200,200,17,200,1,200,200
0,200,30,2,2,0,1,0,5,4,0,0,200,1,1,200,200,5,0,1,26,200
0,200,30,2,2,0,1,0,5,4,0,0,200,1,1,200,200,5,0,0,30,200
0,200,10,0,0,0,1,7,7,200,0,0,0,0,200,200,1,0,200,2,200,200
1,200,10,0,0,0,1,7,7,200,0,0,0,0,200,200,1,0,200,1,68,200
0,200,30,2,2,0,1,9,5,2,0,0,0,1,200,200,1,17,200,0,200,200
5,200,30,2,2,0,1,9,5,2,0,0,0,1,200,200,1,17,200,0,36,200
0,200,30,0,0,0,1,10,5,4,0,0,0,1,200,200,1,0,200,0,200,200
0,200,30,0,0,0,1,10,5,4,0,0,0,1,200,200,1,0,200,0,31,200
1,200,30,0,0,0,1,10,5,4,0,0,0,1,200,200,1,0,200,1,200,200
0,200,30,2,2,0,1,10,5,200,0,0,0,0,1,200,200,0,200,0,53,200
0,200,30,2,2,0,1,10,5,200,0,0,0,0,1,200,200,0,200,1,46,200
4,200,30,0,0,0,1,8,5,4,0,0,0,1,1,200,200,0,0,0,40,200
0,200,30,0,0,0,1,8,5,4,0,0,0,1,1,200,200,0,0,0,56,200
1,200,30,0,0,0,1,8,5,4,0,0,0,1,1,200,200,0,0,1,56,200
0,200,30,0,0,0,1,8,6,2,0,0,0,1,200,200,200,4,200,0,71,200
4,200,30,0,0,0,1,8,6,2,0,0,0,1,200,200,200,4,200,0,64,200
0,200,30,0,0,0,1,12,6,3,0,0,0,0,200,200,1,22,10,2,200,200
0,200,30,0,0,0,1,12,6,3,0,0,0,0,200,200,1,22,10,0,42,200
0,200,30,1,2,0,1,10,5,200,0,0,0,0,200,200,200,18,0,0,43,200
0,200,30,1,2,0,1,10,5,200,0,0,0,0,200,200,200,18,0,0,41,200
0,200,30,2,0,0,1,0,2,200,0,0,0,0,1,200,200,0,0,0,54,200
0,200,30,2,0,0,1,0,2,200,0,0,0,0,1,200,200,0,0,0,32,200
1,200,30,2,0,0,1,0,2,200,0,0,0,0,1,200,200,0,0,0,200,200
1,200,30,2,0,0,1,0,2,200,0,0,0,0,1,200,200,0,0,200,200,200
0,200,30,1,2,0,1,14,5,200,0,0,0,0,1,200,200,0,0,1,200,200
0,200,30,1,2,0,1,14,5,200,0,0,0,0,1,200,200,0,0,0,27,200
0,200,30,1,2,0,1,14,5,4,0,0,0,1,1,200,200,21,200,1,41,200
0,200,30,1,2,0,1,14,5,4,0,0,0,1,1,200,200,21,200,0,46,200
1,200,30,1,2,0,1,14,5,4,0,0,0,1,1,200,200,21,200,0,200,200
1,200,30,1,2,0,1,14,5,4,0,0,0,1,1,200,200,21,200,0,200,200
1,200,30,1,2,0,1,14,5,4,0,0,0,1,1,200,200,21,200,0,200,200
0,200,30,2,2,0,1,10,6,1,0,200,200,1,200,200,200,18,18,0,46,200
0,200,30,2,2,0,1,10,6,1,0,200,200,1,200,200,200,18,18,0,27,200
1,200,30,2,2,0,1,10,6,1,0,200,200,1,200,200,200,18,18,1,27,200
0,200,30,3,2,0,1,9,3,2,0,0,0,1,200,200,1,22,22,0,200,200
5,200,30,3,2,0,1,9,3,2,0,0,0,1,200,200,1,22,22,0,59,200
0,200,30,0,0,0,1,12,2,2,0,0,0,0,200,200,200,16,200,0,28,200
0,200,30,0,0,0,1,12,2,2,0,0,0,0,200,200,200,16,200,0,28,200
1,200,30,0,0,0,1,12,2,2,0,0,0,0,200,200,200,16,200,0,25,200
0,200,30,0,0,0,1,10,5,2,0,0,0,1,200,200,1,18,16,2,200,200
0,200,30,0,0,0,1,10,5,2,0,0,0,1,200,200,1,18,16,0,39,200
0,200,20,2,2,0,1,0,12,2,0,0,0,0,200,200,200,200,200,0,200,200
0,200,20,2,2,0,1,0,12,2,0,0,0,0,200,200,200,200,200,1,200,200
0,200,30,2,0,0,1,10,5,2,0,0,0,0,1,200,200,18,200,0,42,200
0,200,30,2,0,0,1,10,5,2,0,0,0,0,1,200,200,18,200,1,35,200
0,200,30,1,2,0,1,10,5,2,0,0,0,0,1,200,200,18,16,1,200,200
0,200,30,1,2,0,1,10,5,2,0,0,0,0,1,200,200,18,16,0,200,200
4,200,30,1,2,0,1,5,5,2,0,0,0,1,1,200,200,16,0,0,24,200
0,200,30,1,2,0,1,5,5,2,0,0,0,1,1,200,200,16,0,1,60,200
0,200,30,1,2,0,2,14,5,200,0,0,0,1,1,200,200,17,200,0,24,200
0,200,30,1,2,0,2,14,5,200,0,0,0,1,1,200,200,17,200,1,27,200
0,200,30,0,0,0,1,7,6,200,0,0,0,0,200,200,1,21,14,2,200,200
0,200,30,0,0,0,1,0,5,200,0,0,0,1,1,200,200,0,200,0,68,200
0,200,30,0,0,0,1,0,5,200,0,0,0,1,1,200,200,0,200,0,23,200
0,200,25,0,0,0,1,7,5,200,0,0,0,0,200,200,200,11,200,0,200,200
0,200,30,2,2,0,1,14,5,200,0,0,0,0,1,200,200,0,0,1,52,200
0,200,30,2,2,0,1,14,5,200,0,0,0,0,1,200,200,0,0,1,34,200
0,200,30,1,2,0,1,14,5,200,0,0,0,0,1,200,200,23,200,0,50,200
0,200,30,1,2,0,1,14,5,200,0,0,0,0,1,200,200,23,200,0,66,200
0,200,30,1,2,0,1,12,5,200,0,0,0,0,1,200,200,0,0,1,26,200
0,200,30,1,2,0,1,12,5,200,0,0,0,0,1,200,200,0,0,0,21,200
0,0,35,0,0,0,1,10,2,2,0,0,0,0,200,200,200,18,16,1,60,200
0,0,35,0,0,0,1,10,2,2,0,0,0,0,200,200,200,18,16,0,86,200
0,0,35,0,0,0,1,10,2,2,0,0,0,0,200,200,200,18,16,1,85,200
1,0,35,0,0,0,1,10,2,2,0,0,0,0,200,200,200,18,16,0,200,200
0,200,30,1,2,0,1,10,5,4,0,0,0,0,200,200,200,16,11,0,38,200
0,200,30,1,2,0,1,10,5,4,0,0,0,0,200,200,200,16,11,0,200,200
0,200,35,0,0,0,1,10,2,4,0,0,3,1,200,200,200,18,16,0,53,200
0,200,35,0,0,0,1,10,2,4,0,0,3,1,200,200,200,18,16,0,26,200
0,200,15,0,0,0,1,10,5,2,0,0,0,1,200,200,200,11,200,0,16,200
0,200,15,0,0,0,1,10,5,2,0,0,0,1,200,200,200,11,200,0,64,200
1,200,15,0,0,0,1,10,5,2,0,0,0,1,200,200,200,11,200,0,23,200
0,1,30,0,0,0,1,12,6,200,0,0,0,0,200,200,200,0,200,0,48,200
0,1,30,0,0,0,1,12,6,200,0,0,0,0,200,200,200,0,200,0,45,200
1,1,30,0,0,0,1,12,6,200,0,0,0,0,200,200,200,0,200,1,200,200
0,200,30,0,0,0,1,14,5,200,0,0,0,0,200,200,200,200,200,0,52,200
0,200,30,0,0,0,1,14,5,200,0,0,0,0,200,200,200,200,200,1,31,200
0,200,30,1,2,0,1,0,12,200,0,0,0,1,1,200,1,6,200,0,200,200
0,200,30,1,2,0,1,0,12,200,0,0,0,1,1,200,1,6,200,0,47,200
0,1,0,0,0,0,1,7,5,2,0,0,0,0,200,200,1,0,0,2,200,200
0,200,30,1,2,0,1,12,5,200,0,0,0,0,200,200,200,0,11,0,40,200
0,200,30,1,2,0,1,12,5,200,0,0,0,0,200,200,200,0,11,1,29,200
0,200,30,0,0,0,1,12,2,200,0,0,0,0,200,200,1,0,200,2,200,200
0,200,30,0,0,0,1,12,2,200,0,0,0,0,200,200,1,0,200,1,42,200
0,1,30,0,0,200,200,7,5,2,0,200,0,0,200,200,1,0,200,2,200,200
0,200,30,1,200,0,1,10,5,4,0,0,200,0,1,200,200,0,0,0,26,200
0,200,30,1,200,0,1,10,5,4,0,0,200,0,1,200,200,0,0,1,53,200
0,200,30,1,2,0,1,10,2,4,0,0,0,0,200,200,200,16,11,1,48,200
0,200,30,1,2,0,1,10,2,4,0,0,0,0,200,200,200,16,11,0,30,200
0,200,30,1,2,0,1,14,5,3,0,0,0,1,1,200,200,17,14,0,25,200
0,200,30,1,2,0,1,14,5,3,0,0,0,1,1,200,200,17,14,0,66,200
0,200,30,1,2,0,1,12,2,200,0,0,0,0,200,200,1,23,200,2,200,200
0,200,30,1,2,0,1,12,2,200,0,0,0,0,200,200,1,23,200,0,40,200
0,200,30,1,2,0,1,14,5,200,0,0,0,0,1,200,200,0,200,0,54,200
0,200,30,1,2,0,1,14,5,200,0,0,0,0,1,200,200,0,200,0,29,200
0,200,30,1,2,0,1,10,5,200,0,0,0,0,1,200,1,18,200,0,200,200
0,200,30,1,2,0,1,10,5,200,0,0,0,0,1,200,1,18,200,0,19,200
1,200,30,1,2,0,1,10,5,200,0,0,0,0,1,200,1,18,200,1,200,200
0,200,30,0,0,0,1,0,3,4,0,0,0,1,200,200,200,17,21,1,43,200
0,200,30,0,0,0,1,0,3,4,0,0,0,1,200,200,200,17,21,0,23,200
0,200,30,2,2,0,1,0,5,2,0,0,0,1,1,200,200,5,16,1,52,200
0,200,30,2,2,0,1,0,5,2,0,0,0,1,1,200,200,5,16,0,26,200
0,200,30,1,2,0,1,14,5,2,0,0,0,0,1,200,200,22,23,1,23,200
0,200,30,1,2,0,1,14,5,2,0,0,0,0,1,200,200,22,23,0,55,200
1,200,30,1,2,0,1,14,5,2,0,0,0,0,1,200,200,22,23,1,200,200
0,1,30,0,0,0,1,7,6,1,0,0,0,0,200,200,1,0,200,2,200,200
0,200,30,0,0,0,1,9,7,1,0,0,0,0,200,200,200,0,0,1,52,200
5,200,30,0,0,0,1,9,7,1,0,0,0,0,200,200,200,0,0,1,62,200
1,200,30,0,0,0,1,9,7,1,0,0,0,0,200,200,200,0,0,0,200,200
0,200,0,1,2,0,1,12,2,4,0,0,0,0,200,200,200,0,0,0,49,200
0,200,0,1,2,0,1,12,2,4,0,0,0,0,200,200,200,0,0,0,27,200
1,200,0,1,2,0,1,12,2,4,0,0,0,0,200,200,200,0,0,2,200,200
1,200,0,1,2,0,1,12,2,4,0,0,0,0,200,200,200,0,0,2,200,200
1,200,0,1,2,0,1,12,2,4,0,0,0,0,200,200,200,0,0,2,200,200
0,200,25,2,0,0,1,14,5,4,0,0,0,0,200,200,200,0,0,0,58,200
0,200,25,2,0,0,1,14,5,4,0,0,0,0,200,200,200,0,0,0,30,200
0,200,30,2,2,0,1,9,5,200,0,0,0,1,1,200,200,0,200,2,200,200
5,200,30,2,2,0,1,9,5,200,0,0,0,1,1,200,200,0,200,0,17,200
0,200,30,0,0,0,1,7,6,1,0,0,200,0,200,200,1,0,200,2,200,200
0,200,30,1,200,0,1,12,6,2,0,200,200,0,1,200,1,0,0,2,200,200
0,200,30,1,200,0,1,12,6,2,0,200,200,0,1,200,1,0,0,0,30,200
0,200,30,2,2,0,1,10,3,4,0,0,0,0,200,200,1,0,0,2,200,200
0,200,30,2,2,0,1,10,3,4,0,0,0,0,200,200,1,0,0,0,38,200
0,200,30,2,2,0,1,0,2,0,0,0,0,1,1,200,200,17,200,1,55,200
0,200,30,2,2,0,1,0,2,0,0,0,0,1,1,200,200,17,200,1,20,200
0,200,30,1,2,0,1,10,5,2,0,0,0,0,1,200,200,18,18,0,20,200
0,200,30,1,2,0,1,10,5,2,0,0,0,0,1,200,200,18,18,1,44,200
0,200,30,2,2,0,1,14,2,4,0,0,0,0,200,200,200,17,0,1,49,200
0,200,30,2,2,0,1,14,2,4,0,0,0,0,200,200,200,17,0,0,64,200
1,200,30,2,2,0,1,14,2,4,0,0,0,0,200,200,200,17,0,0,23,200
0,200,30,0,0,0,1,12,2,2,0,0,0,0,200,200,200,21,200,0,20,200
0,200,30,0,0,0,1,12,2,2,0,0,0,0,200,200,200,21,200,1,32,200
0,200,30,0,0,0,1,10,2,200,0,0,0,0,200,200,200,16,18,0,43,200
0,200,30,0,0,0,1,10,2,200,0,0,0,0,200,200,200,16,18,0,38,200
0,200,35,0,0,0,1,0,5,2,0,0,0,0,200,200,200,0,200,0,200,200
0,200,35,0,0,0,1,0,5,2,0,0,0,0,200,200,200,0,200,1,200,200
0,200,30,1,2,0,1,10,2,4,0,0,0,0,200,200,200,18,0,0,200,200
0,200,30,1,2,0,1,10,2,4,0,0,0,0,200,200,200,18,0,1,46,200
0,1,30,4,2,0,1,7,6,1,0,0,0,1,200,200,200,14,23,0,22,200
0,200,30,2,2,0,1,14,5,2,0,0,0,0,1,200,1,23,200,0,200,200
0,200,30,2,2,0,1,14,5,2,0,0,0,0,1,200,1,23,200,0,200,200
0,200,30,0,0,0,4,5,5,200,0,0,0,0,200,200,200,200,200,0,32,200
1,200,30,0,0,0,4,5,5,200,0,0,0,0,200,200,200,200,200,1,200,200
1,200,30,0,0,0,4,5,5,200,0,0,0,0,200,200,200,200,200,1,200,200
4,200,30,0,0,0,1,8,5,200,0,0,12,1,200,200,200,0,0,0,13,200
0,200,30,0,0,0,1,8,5,200,0,0,12,1,200,200,200,0,0,0,45,200
0,200,30,1,2,0,1,10,5,200,0,0,0,0,200,200,200,20,200,0,21,200
0,200,30,1,2,0,1,10,5,200,0,0,0,0,200,200,200,20,200,0,37,200
0,200,15,0,0,0,1,7,0,1,0,0,12,1,200,200,200,32,32,0,52,0.21
0,200,30,2,2,0,2,0,5,4,0,0,0,0,1,200,1,5,17,0,23,200
0,200,30,2,2,0,2,0,5,4,0,0,0,0,1,200,1,5,17,0,200,200
1,200,30,2,2,0,2,0,5,4,0,0,0,0,1,200,1,5,17,1,200,200
0,200,30,0,0,0,1,7,5,200,0,0,0,0,200,200,200,0,200,1,200,200
1,200,30,0,0,0,1,7,5,200,0,0,0,0,200,200,200,0,200,1,55,200
0,200,40,0,0,0,1,10,3,6,0,0,0,1,200,200,200,18,200,0,45,200
0,200,40,0,0,0,1,10,3,6,0,0,0,1,200,200,200,18,200,1,32,200
0,200,40,0,0,0,1,10,3,6,0,0,0,1,200,200,200,18,200,1,46,200
0,200,40,0,0,0,1,10,3,6,0,0,0,1,200,200,200,18,200,1,27,200
0,200,30,0,0,0,1,2,5,2,0,0,0,0,200,200,200,0,0,0,200,200
1,200,30,0,0,0,1,2,5,2,0,0,0,0,200,200,200,0,0,0,200,200
0,200,30,0,0,0,1,7,6,1,0,0,0,0,200,200,1,0,200,0,200,200
1,200,30,0,0,0,1,7,6,1,0,0,0,0,200,200,1,0,200,0,200,200
0,200,15,200,200,0,1,9,4,200,0,200,200,1,200,200,1,0,200,0,200,200
5,200,15,200,200,0,1,9,4,200,0,200,200,1,200,200,1,0,200,0,55,200
0,200,30,1,200,0,1,14,5,4,0,0,200,0,1,200,200,0,0,0,30,200
0,200,30,1,200,0,1,14,5,4,0,0,200,0,1,200,200,0,0,1,78,200
0,200,30,0,0,0,2,14,2,2,0,0,200,1,200,200,200,17,200,1,31,200
0,200,30,0,0,0,2,14,2,2,0,0,200,1,200,200,200,17,200,0,57,200
1,200,30,0,0,0,2,14,2,2,0,0,200,1,200,200,200,17,200,0,40,200
1,200,30,0,0,0,2,14,2,2,0,0,200,1,200,200,200,17,200,1,11,200
1,200,30,0,0,0,2,14,2,2,0,0,200,1,200,200,200,17,200,1,10,200
1,200,30,0,0,0,2,14,2,2,0,0,200,1,200,200,200,17,200,1,5,200
1,200,30,0,0,0,2,14,2,2,0,0,200,1,200,200,200,17,200,0,43,200
0,200,30,0,0,0,1,12,3,200,0,0,0,0,200,200,200,0,200,1,30,200
0,200,30,0,0,0,1,12,3,200,0,0,0,0,200,200,200,0,200,0,61,200
1,200,30,0,0,0,1,12,3,200,0,0,0,0,200,200,200,0,200,2,200,200
0,200,30,0,0,0,1,10,2,2,0,0,200,0,200,200,200,7,0,0,33,200
0,200,30,0,0,0,1,10,2,2,0,0,200,0,200,200,200,7,0,0,28,200
0,200,30,0,0,0,1,12,6,2,0,0,0,0,200,200,200,0,200,0,83,200
0,200,30,0,0,0,1,12,6,2,0,0,0,0,200,200,200,0,200,0,27,200
1,200,30,0,0,0,1,12,6,2,0,0,0,0,200,200,200,0,200,1,75,200
1,200,30,0,0,0,1,12,6,2,0,0,0,0,200,200,200,0,200,0,40,200
0,200,30,3,2,0,1,12,1,5,0,0,0,1,200,200,1,0,0,1,23,200
0,200,30,3,2,0,1,12,1,5,0,0,0,1,200,200,1,0,0,1,200,200
0,200,30,1,2,0,1,10,5,200,0,0,0,0,200,200,200,200,200,1,32,200
0,200,30,1,2,0,1,10,5,200,0,0,0,0,200,200,200,200,200,0,200,200
0,200,15,0,0,0,1,7,7,200,0,0,0,0,200,200,200,0,0,0,22,200
0,200,30,0,0,0,1,14,5,200,0,0,0,0,1,200,200,21,200,1,28,200
0,200,30,0,0,0,1,14,5,200,0,0,0,0,1,200,200,21,200,1,30,200
0,200,30,1,2,0,1,0,2,3,0,0,0,0,1,200,200,17,200,0,20,200
0,200,30,1,2,0,1,0,2,3,0,0,0,0,1,200,200,17,200,0,27,200
0,200,30,1,2,0,1,0,2,3,0,0,0,0,1,200,200,17,200,0,41,200
1,200,30,1,2,0,1,0,2,3,0,0,0,0,1,200,200,17,200,0,21,200
1,200,30,1,2,0,1,0,2,3,0,0,0,0,1,200,200,17,200,1,27,200
0,200,30,1,2,0,1,10,2,200,0,0,0,0,1,200,200,16,18,0,200,200
0,200,30,1,2,0,1,10,2,200,0,0,0,0,1,200,200,16,18,0,43,200
0,200,15,0,0,0,1,7,6,1,0,0,0,0,200,200,1,0,0,0,200,200
0,200,35,1,2,0,1,10,3,4,0,0,0,1,200,200,200,25,0,0,27,200
0,200,35,1,2,0,1,10,3,4,0,0,0,1,200,200,200,25,0,0,47,200
0,200,30,1,2,0,1,14,6,3,0,0,200,0,200,200,1,23,200,0,200,200
0,200,30,1,2,0,1,14,6,3,0,0,200,0,200,200,1,23,200,0,31,200
1,200,30,1,2,0,1,14,6,3,0,0,200,0,200,200,1,23,200,0,32,200
0,200,10,0,0,0,1,7,7,200,0,0,0,0,200,200,1,0,200,2,200,200
0,200,0,0,0,0,1,7,2,2,0,0,200,0,200,200,1,0,0,2,200,200
0,200,15,0,0,0,1,7,12,200,0,0,0,0,200,200,0,0,200,0,200,200
0,200,30,2,2,0,4,9,12,1,0,0,0,1,1,200,200,17,27,0,48,200
5,200,30,2,2,0,4,9,12,1,0,0,0,1,1,200,200,17,27,1,25,200
0,200,15,0,0,0,1,9,7,0,0,0,200,1,200,200,200,0,0,1,38,200
5,200,15,0,0,0,1,9,7,0,0,0,200,1,200,200,200,0,0,0,6,200
1,200,15,0,0,0,1,9,7,0,0,0,200,1,200,200,200,0,0,0,1,200
0,200,30,1,2,0,1,10,2,6,0,0,0,0,200,200,200,18,0,0,27,200
0,200,30,1,2,0,1,10,2,6,0,0,0,0,200,200,200,18,0,0,36,200
1,200,30,1,2,0,1,10,2,6,0,0,0,0,200,200,200,18,0,1,27,200
0,200,30,2,2,0,1,1,5,200,0,0,0,0,200,200,1,0,200,1,200,200
0,200,10,0,0,0,1,0,7,0,0,0,0,0,200,1,200,20,11,1,24,200
0,200,10,0,0,0,1,0,7,0,0,0,0,0,200,1,200,20,11,0,200,200
0,200,30,1,2,0,4,12,5,200,0,0,0,0,200,200,200,22,200,1,30,200
0,200,30,1,2,0,4,12,5,200,0,0,0,0,200,200,200,22,200,0,21,200
1,200,30,1,2,0,4,12,5,200,0,0,0,0,200,200,200,22,200,1,200,200
0,200,30,1,2,0,1,10,5,4,0,0,0,1,200,200,200,16,18,1,34,200
0,200,30,1,2,0,1,10,5,4,0,0,0,1,200,200,200,16,18,0,29,200
0,200,30,1,2,0,1,10,5,4,0,0,0,1,200,200,200,16,18,1,58,200
1,200,30,1,2,0,1,10,5,4,0,0,0,1,200,200,200,16,18,0,3,200
1,200,30,1,2,0,1,10,5,4,0,0,0,1,200,200,200,16,18,1,7,200
0,200,30,0,0,0,1,7,5,200,0,0,0,0,200,200,200,0,0,1,200,200
0,200,30,0,0,0,4,12,3,4,0,0,0,0,200,200,200,17,0,0,28,200
0,200,30,0,0,0,4,12,3,4,0,0,0,0,200,200,200,17,0,1,50,200
0,200,30,1,200,0,1,10,5,4,0,0,200,0,200,200,200,0,0,0,20,200
0,200,30,1,200,0,1,10,5,4,0,0,200,0,200,200,200,0,0,1,18,200
0,200,30,0,0,0,1,7,5,200,0,0,0,0,200,200,200,0,200,2,200,200
0,200,5,0,0,0,1,7,7,200,0,0,0,1,200,1,1,0,200,0,23,200
0,200,30,1,2,0,4,12,3,200,0,0,0,0,0,200,200,18,0,1,41,200
0,200,30,1,2,0,4,12,3,200,0,0,0,0,0,200,200,18,0,0,38,200
0,200,30,1,2,0,4,14,2,4,0,0,0,0,200,200,200,23,17,0,39,200
0,200,30,1,2,0,4,14,2,4,0,0,0,0,200,200,200,23,17,1,34,200
1,200,30,1,2,0,4,14,2,4,0,0,0,0,200,200,200,23,17,1,15,200
1,200,30,1,2,0,4,14,2,4,0,0,0,0,200,200,200,23,17,1,11,200
1,200,30,1,2,0,4,14,2,4,0,0,0,0,200,200,200,23,17,1,4,200
0,200,35,2,2,0,4,0,5,2,0,0,0,1,200,200,200,17,0,1,18,200
0,200,35,2,2,0,4,0,5,2,0,0,0,1,200,200,200,17,0,1,44,200
1,200,35,2,2,0,4,0,5,2,0,0,0,1,200,200,200,17,0,0,18,200
1,200,35,2,2,0,4,0,5,2,0,0,0,1,200,200,200,17,0,0,18,200
1,200,35,2,2,0,4,0,5,2,0,0,0,1,200,200,200,17,0,1,25,200
1,200,35,2,2,0,4,0,5,2,0,0,0,1,200,200,200,17,0,0,15,200
1,200,35,2,2,0,4,0,5,2,0,0,0,1,200,200,200,17,0,0,4,200
0,200,30,0,0,0,1,12,6,2,0,0,0,0,200,200,200,0,0,0,22,200
0,200,30,0,0,0,1,12,6,2,0,0,0,0,200,200,200,0,0,1,42,200