PERSON_TYPE,CRASH_DATE_EST_I,POSTED_SPEED_LIMIT,TRAFFIC_CONTROL_DEVICE,DEVICE_CONDITION,WEATHER_CONDITION,LIGHTING_CONDITION,FIRST_CRASH_TYPE,TRAFFICWAY_TYPE,LANE_CNT,ALIGNMENT,ROADWAY_SURFACE_COND,ROAD_DEFECT,CRASH_TYPE,INTERSECTION_RELATED_I,NOT_RIGHT_OF_WAY_I,HIT_AND_RUN_I,PRIM_CONTRIBUTORY_CAUSE,SEC_CONTRIBUTORY_CAUSE,SEX,AGE,BAC_RESULT VALUE
0,200,30,200,200,0,2,14,5,200,0,0,0,0,1,200,200,23,16,0,18,200
0,200,30,200,200,0,2,14,5,200,0,0,0,0,1,200,200,23,16,1,34,200
1,200,30,200,200,0,2,14,5,200,0,0,0,0,1,200,200,23,16,1,17,200
0,200,25,0,0,0,1,10,5,200,0,0,0,0,200,200,200,200,200,1,200,200
0,200,25,0,0,0,1,10,5,200,0,0,0,0,200,200,200,200,200,1,29,200
0,200,5,0,0,0,4,7,7,0,0,0,0,1,200,200,1,0,0,0,200,200
1,200,5,0,0,0,4,7,7,0,0,0,0,1,200,200,1,0,0,1,28,200
1,200,5,0,0,0,4,7,7,0,0,0,0,1,200,200,1,0,0,1,28,200
0,200,0,1,2,0,1,12,5,1,0,0,0,0,200,200,1,0,0,1,200,200
0,200,0,1,2,0,1,12,5,1,0,0,0,0,200,200,1,0,0,1,40,200
0,200,30,0,0,0,4,12,5,4,0,0,0,0,200,200,200,22,0,0,29,200
0,200,30,0,0,0,4,12,5,4,0,0,0,0,200,200,200,22,0,0,25,200
0,200,30,1,2,0,3,12,5,200,0,0,0,1,200,200,200,23,11,1,77,200
0,200,30,1,2,0,3,12,5,200,0,0,0,1,200,200,200,23,11,0,24,200
0,0,30,0,0,0,3,7,5,200,0,0,0,1,200,200,200,11,7,1,16,200
1,0,30,0,0,0,3,7,5,200,0,0,0,1,200,200,200,11,7,0,21,200
0,200,30,0,0,0,1,12,5,2,0,0,0,1,200,200,200,17,0,1,37,200
0,200,30,0,0,0,1,12,5,2,0,0,0,1,200,200,200,17,0,1,52,200
0,200,25,2,2,0,3,0,6,1,0,0,0,0,1,200,200,17,200,0,17,200
0,200,25,2,2,0,3,0,6,1,0,0,0,0,1,200,200,17,200,1,25,200
0,200,30,200,2,0,0,12,3,4,0,0,0,0,200,200,1,23,200,1,200,200
0,200,30,200,2,0,0,12,3,4,0,0,0,0,200,200,1,23,200,0,57,200
0,200,30,0,0,0,1,10,5,2,0,0,0,0,200,200,200,18,200,0,59,200
0,200,30,0,0,0,1,10,5,2,0,0,0,0,200,200,200,18,200,1,51,200
0,200,55,0,0,2,1,10,5,200,0,1,0,0,200,200,200,0,0,0,200,200
0,200,55,0,0,2,1,10,5,200,0,1,0,0,200,200,200,0,0,0,41,200
0,200,30,0,0,0,3,14,5,200,0,0,0,0,200,200,200,0,0,0,34,200
0,200,30,0,0,0,3,14,5,200,0,0,0,0,200,200,200,0,0,0,46,200
0,200,30,3,2,0,4,12,3,4,0,0,200,0,200,200,1,22,21,1,200,200
0,200,30,3,2,0,4,12,3,4,0,0,200,0,200,200,1,22,21,0,31,200
0,200,30,1,2,0,3,8,12,2,0,0,0,1,1,200,200,17,33,1,30,200
4,200,30,1,2,0,3,8,12,2,0,0,0,1,1,200,200,17,33,0,55,200
0,200,30,1,200,0,3,14,5,4,0,0,0,1,1,200,200,0,0,0,23,200
0,200,30,1,200,0,3,14,5,4,0,0,0,1,1,200,200,0,0,0,0,200
1,200,30,1,200,0,3,14,5,4,0,0,0,1,1,200,200,0,0,1,20,200
1,200,30,1,200,0,3,14,5,4,0,0,0,1,1,200,200,0,0,1,44,200
0,200,25,0,0,2,4,10,5,200,0,1,0,1,200,200,200,18,16,0,47,200
0,200,25,0,0,2,4,10,5,200,0,1,0,1,200,200,200,18,16,1,35,200
0,200,25,0,0,2,4,10,5,200,0,1,0,1,200,200,200,18,16,1,33,200
0,200,30,1,2,0,3,2,5,200,0,1,0,1,1,200,200,12,0,0,42,200
1,200,30,1,2,0,3,2,5,200,0,1,0,1,1,200,200,12,0,0,200,200
0,200,30,200,200,0,3,7,5,2,0,0,200,0,200,200,200,200,200,2,20,200
0,200,30,1,2,0,3,12,6,2,0,0,0,0,1,200,200,22,0,1,66,200
0,200,30,1,2,0,3,12,6,2,0,0,0,0,1,200,200,22,0,0,45,200
0,200,35,0,0,200,1,7,6,2,0,200,0,0,200,200,200,0,0,1,56,200
1,200,35,0,0,200,1,7,6,2,0,200,0,0,200,200,200,0,0,0,58,200
1,200,35,0,0,200,1,7,6,2,0,200,0,0,200,200,200,0,0,1,19,200
0,200,30,1,2,0,1,12,6,3,0,0,0,0,1,200,200,21,200,0,200,200
0,200,30,1,2,0,1,12,6,3,0,0,0,0,1,200,200,21,200,0,31,200
0,200,30,2,2,200,3,8,12,2,0,1,0,1,1,200,200,0,0,1,27,200
4,200,30,2,2,200,3,8,12,2,0,1,0,1,1,200,200,0,0,0,11,200
0,200,20,0,0,2,3,8,2,2,0,1,0,0,200,200,1,17,0,0,200,200
4,200,20,0,0,2,3,8,2,2,0,1,0,0,200,200,1,17,0,0,39,200
0,200,30,0,0,0,1,7,6,2,0,0,0,1,200,200,200,25,11,1,200,200
5,200,30,0,0,0,1,7,6,2,0,0,0,1,200,200,200,25,11,0,26,200
1,200,30,0,0,0,1,7,6,2,0,0,0,1,200,200,200,25,11,1,0,200
1,200,30,0,0,0,1,7,6,2,0,0,0,1,200,200,200,25,11,0,200,200
1,200,30,0,0,0,1,7,6,2,0,0,0,1,200,200,200,25,11,1,200,200
0,200,30,0,0,0,200,7,6,2,0,200,200,0,200,200,200,1,8,1,35,200
0,200,25,1,2,200,3,12,12,3,0,200,0,0,1,200,200,22,0,0,21,200
0,200,25,1,2,200,3,12,12,3,0,200,0,0,1,200,200,22,0,0,32,200
0,200,30,0,0,0,3,10,2,1,0,0,0,0,200,200,1,16,18,0,36,200
0,200,30,0,0,0,3,10,2,1,0,0,0,0,200,200,1,16,18,1,27,200
1,200,30,0,0,0,3,10,2,1,0,0,0,0,200,200,1,16,18,200,200,200
0,200,35,0,0,2,3,0,2,4,0,1,0,0,200,200,200,0,0,0,46,200
0,200,35,0,0,2,3,0,2,4,0,1,0,0,200,200,200,0,0,0,49,200
1,200,35,0,0,2,3,0,2,4,0,1,0,0,200,200,200,0,0,0,52,200
1,200,35,0,0,2,3,0,2,4,0,1,0,0,200,200,200,0,0,1,52,200
0,200,30,1,2,0,3,12,12,200,0,0,0,0,1,200,200,21,200,0,32,200
0,200,30,1,2,0,3,12,12,200,0,0,0,0,1,200,200,21,200,1,40,200
0,200,40,0,0,2,3,10,1,200,0,1,0,0,200,200,200,18,200,1,33,200
0,200,40,0,0,2,3,10,1,200,0,1,0,0,200,200,200,18,200,0,54,200
0,200,35,0,0,0,3,7,7,200,0,0,0,0,200,1,1,0,200,2,200,200
0,200,30,0,0,0,3,10,2,2,0,0,0,1,200,200,200,12,0,1,40,200
0,200,30,0,0,0,3,10,2,2,0,0,0,1,200,200,200,12,0,1,25,200
1,200,30,0,0,0,3,10,2,2,0,0,0,1,200,200,200,12,0,1,19,200
1,200,30,0,0,0,3,10,2,2,0,0,0,1,200,200,200,12,0,0,19,200
0,200,30,0,0,2,3,7,2,2,0,1,3,1,200,200,200,34,15,0,26,200
0,200,40,0,0,2,3,12,3,8,0,1,0,0,200,200,200,21,16,0,200,200
0,200,40,0,0,2,3,12,3,8,0,1,0,0,200,200,200,21,16,0,76,200
1,200,40,0,0,2,3,12,3,8,0,1,0,0,200,200,200,21,16,1,200,200
0,200,30,0,0,0,1,12,5,2,0,0,0,0,200,200,1,0,0,0,200,200
0,200,30,0,0,0,1,12,5,2,0,0,0,0,200,200,1,0,0,1,48,200
0,200,25,0,0,2,3,7,6,200,0,1,0,0,200,200,1,0,200,2,200,200
0,200,30,0,0,0,3,7,2,200,0,0,0,0,200,200,200,0,0,1,26,200
0,200,30,1,2,0,1,14,2,200,0,200,0,0,1,200,200,17,16,0,57,200
0,200,30,1,2,0,1,14,2,200,0,200,0,0,1,200,200,17,16,0,37,200
0,200,30,0,0,0,3,8,12,1,0,0,0,0,200,200,200,0,0,0,65,200
4,200,30,0,0,0,3,8,12,1,0,0,0,0,200,200,200,0,0,0,34,200
0,1,30,2,2,0,3,0,5,2,0,0,0,1,1,200,200,5,0,1,63,200
0,1,30,2,2,0,3,0,5,2,0,0,0,1,1,200,200,5,0,1,78,200
0,200,30,1,2,0,3,14,5,200,0,0,0,1,1,200,200,6,200,1,21,200
0,200,30,1,2,0,3,14,5,200,0,0,0,1,1,200,200,6,200,1,28,200
0,1,30,1,2,0,3,10,200,200,0,0,0,0,200,200,200,7,200,0,45,200
0,1,30,1,2,0,3,10,200,200,0,0,0,0,200,200,200,7,200,1,39,200
1,1,30,1,2,0,3,10,200,200,0,0,0,0,200,200,200,7,200,0,200,200
0,200,30,1,2,0,3,10,2,200,0,0,0,0,200,200,200,32,14,1,25,0.24
0,200,30,1,2,0,3,10,2,200,0,0,0,0,200,200,200,32,14,0,41,200
0,200,30,1,2,0,3,10,2,200,0,0,0,0,200,200,200,32,14,2,200,200
0,200,30,1,2,0,3,7,6,200,0,0,200,0,1,200,200,21,0,0,26,200
1,200,30,1,2,0,3,7,6,200,0,0,200,0,1,200,200,21,0,1,200,200
1,200,30,1,2,0,3,7,6,200,0,0,200,0,1,200,200,21,0,0,200,200
0,200,40,0,0,0,3,12,3,4,0,1,0,1,200,200,200,11,11,0,41,200
0,200,40,0,0,0,3,12,3,4,0,1,0,1,200,200,200,11,11,0,59,200
1,200,40,0,0,0,3,12,3,4,0,1,0,1,200,200,200,11,11,1,36,200
1,200,40,0,0,0,3,12,3,4,0,1,0,1,200,200,200,11,11,0,23,200
0,200,30,1,2,200,3,12,2,200,0,1,200,0,1,200,1,0,200,0,200,200
0,200,30,1,2,200,3,12,2,200,0,1,200,0,1,200,1,0,200,1,48,200
0,200,35,0,0,0,3,12,5,2,0,0,0,0,200,200,1,22,16,2,200,200
0,200,35,0,0,0,3,12,5,2,0,0,0,0,200,200,1,22,16,0,38,200
1,200,35,0,0,0,3,12,5,2,0,0,0,0,200,200,1,22,16,200,200,200
1,200,35,0,0,0,3,12,5,2,0,0,0,0,200,200,1,22,16,200,200,200
0,200,20,0,0,0,3,12,7,2,0,0,0,0,200,200,1,0,200,0,200,200
0,200,20,0,0,0,3,12,7,2,0,0,0,0,200,200,1,0,200,0,52,200
1,200,20,0,0,0,3,12,7,2,0,0,0,0,200,200,1,0,200,1,53,200
0,200,35,8,200,0,3,10,5,200,0,0,0,0,200,200,200,18,200,0,48,200
0,200,35,8,200,0,3,10,5,200,0,0,0,0,200,200,200,18,200,0,42,200
0,200,20,2,0,0,3,0,2,2,0,0,0,1,1,200,1,15,0,1,25,200
0,200,20,2,0,0,3,0,2,2,0,0,0,1,1,200,1,15,0,2,200,200
1,200,20,2,0,0,3,0,2,2,0,0,0,1,1,200,1,15,0,1,25,200
0,200,30,1,2,0,0,10,5,200,0,0,0,0,200,200,200,0,0,0,19,200
0,200,30,1,2,0,0,10,5,200,0,0,0,0,200,200,200,0,0,0,51,200
1,200,30,1,2,0,0,10,5,200,0,0,0,0,200,200,200,0,0,1,49,200
1,200,30,1,2,0,0,10,5,200,0,0,0,0,200,200,200,0,0,0,12,200
1,200,30,1,2,0,0,10,5,200,0,0,0,0,200,200,200,0,0,1,9,200
0,200,30,0,0,0,3,10,5,2,0,1,0,0,200,200,200,18,16,0,23,200
0,200,30,0,0,0,3,10,5,2,0,1,0,0,200,200,200,18,16,0,25,200
0,200,30,1,2,0,0,12,6,3,0,0,0,0,200,200,200,21,200,0,32,200
0,200,30,1,2,0,0,12,6,3,0,0,0,0,200,200,200,21,200,0,25,200
1,200,30,1,2,0,0,12,6,3,0,0,0,0,200,200,200,21,200,1,26,200
1,200,30,1,2,0,0,12,6,3,0,0,0,0,200,200,200,21,200,200,200,200
0,200,30,1,2,0,3,12,5,200,0,0,0,0,1,200,200,22,200,0,65,200
0,200,30,1,2,0,3,12,5,200,0,0,0,0,1,200,200,22,200,0,27,200
0,200,35,1,2,0,3,14,5,200,0,0,0,1,1,200,200,32,27,0,77,0.15
0,200,35,1,2,0,3,14,5,200,0,0,0,1,1,200,200,32,27,1,27,200
1,200,35,1,2,0,3,14,5,200,0,0,0,1,1,200,200,32,27,1,42,200
1,200,35,1,2,0,3,14,5,200,0,0,0,1,1,200,200,32,27,1,45,200
0,200,25,2,0,0,3,7,12,1,0,0,0,0,1,200,0,10,10,1,28,200
1,200,25,2,0,0,3,7,12,1,0,0,0,0,1,200,0,10,10,1,28,200
0,200,30,200,200,0,4,8,5,4,0,0,200,0,1,200,200,0,200,1,36,200
4,200,30,200,200,0,4,8,5,4,0,0,200,0,1,200,200,0,200,0,200,200
0,200,30,1,2,0,3,10,5,4,0,0,0,1,1,200,200,16,18,1,22,200
0,200,30,1,2,0,3,10,5,4,0,0,0,1,1,200,200,16,18,1,48,200
0,200,30,1,2,0,0,10,5,200,0,0,0,0,200,200,1,0,0,2,200,200
0,200,30,1,2,0,0,10,5,200,0,0,0,0,200,200,1,0,0,0,32,200
1,200,30,1,2,0,0,10,5,200,0,0,0,0,200,200,1,0,0,1,200,200
0,200,30,2,0,0,3,12,2,200,0,0,0,0,200,200,200,0,0,1,35,200
0,200,30,2,0,0,3,12,2,200,0,0,0,0,200,200,200,0,0,0,74,200
0,200,30,0,0,0,3,12,5,200,0,0,0,0,200,200,200,0,200,0,29,200
0,200,30,0,0,0,3,12,5,200,0,0,0,0,200,200,200,0,200,1,23,200
1,200,30,0,0,0,3,12,5,200,0,0,0,0,200,200,200,0,200,200,200,200
1,200,30,0,0,0,3,12,5,200,0,0,0,0,200,200,200,0,200,0,200,200
0,200,30,200,200,0,4,12,5,4,0,0,200,0,200,200,200,0,200,0,21,200
0,200,30,200,200,0,4,12,5,4,0,0,200,0,200,200,200,0,200,0,40,200
0,200,0,0,0,0,3,7,7,200,0,0,0,0,200,200,1,0,0,2,200,200
0,200,30,1,2,0,3,10,5,2,0,0,0,0,200,200,1,200,200,2,200,200
0,200,30,1,2,0,3,10,5,2,0,0,0,0,200,200,1,200,200,0,58,200
0,200,30,1,2,0,3,14,3,4,0,0,0,1,1,200,200,17,200,1,22,200
0,200,30,1,2,0,3,14,3,4,0,0,0,1,1,200,200,17,200,0,54,200
0,200,30,1,2,0,3,14,3,4,0,0,0,1,1,200,200,17,200,0,51,200
1,200,30,1,2,0,3,14,3,4,0,0,0,1,1,200,200,17,200,0,39,200
0,200,30,0,0,0,3,10,5,2,0,0,0,1,200,200,1,0,200,2,200,200
0,200,30,0,0,0,3,10,5,2,0,0,0,1,200,200,1,0,200,0,34,200
0,200,30,0,0,0,3,8,2,4,0,0,200,1,200,200,200,32,16,0,28,200
4,200,30,0,0,0,3,8,2,4,0,0,200,1,200,200,200,32,16,0,38,200
0,200,30,0,0,0,3,2,2,2,0,0,0,1,200,1,200,15,14,0,55,200
0,200,40,0,0,0,3,2,3,4,0,0,0,1,200,200,200,32,16,0,27,0.21
1,200,40,0,0,0,3,2,3,4,0,0,0,1,200,200,200,32,16,1,23,200
0,200,30,1,2,0,3,10,5,2,0,0,200,1,200,200,200,16,18,0,48,200
0,200,30,1,2,0,3,10,5,2,0,0,200,1,200,200,200,16,18,0,69,200
1,200,30,1,2,0,3,10,5,2,0,0,200,1,200,200,200,16,18,1,48,200
1,200,30,1,2,0,3,10,5,2,0,0,200,1,200,200,200,16,18,0,41,200
1,200,30,1,2,0,3,10,5,2,0,0,200,1,200,200,200,16,18,1,63,200
1,200,30,1,2,0,3,10,5,2,0,0,200,1,200,200,200,16,18,1,77,200
0,1,35,0,0,0,3,7,5,4,0,0,0,1,200,200,0,21,32,1,37,200
0,200,30,0,0,0,3,7,6,1,0,0,0,0,200,200,1,0,11,1,25,200
0,200,30,1,2,0,3,10,5,200,0,0,0,0,200,200,1,16,18,0,200,200
0,200,30,1,2,0,3,10,5,200,0,0,0,0,200,200,1,16,18,0,53,200
1,200,30,1,2,0,3,10,5,200,0,0,0,0,200,200,1,16,18,2,200,200
1,200,30,1,2,0,3,10,5,200,0,0,0,0,200,200,1,16,18,2,200,200
0,200,15,0,0,0,3,2,0,1,0,0,0,1,200,200,200,16,200,0,19,200
0,200,20,0,0,0,3,7,5,2,0,0,0,1,200,200,200,12,12,0,18,200
1,200,20,0,0,0,3,7,5,2,0,0,0,1,200,200,200,12,12,1,17,200
0,200,30,0,0,0,3,12,5,2,0,0,0,1,200,200,200,0,0,0,31,200
0,200,30,0,0,0,3,12,5,2,0,0,0,1,200,200,200,0,0,0,35,200
1,200,30,0,0,0,3,12,5,2,0,0,0,1,200,200,200,0,0,0,21,200
0,200,30,0,0,0,3,3,3,4,0,0,0,1,200,200,200,21,0,0,0,200
0,200,30,0,0,0,3,3,3,4,0,0,0,1,200,200,200,21,0,1,22,200
1,200,30,0,0,0,3,3,3,4,0,0,0,1,200,200,200,21,0,0,23,200
0,200,30,1,2,0,3,14,5,2,0,200,200,1,200,200,1,0,0,0,200,200
0,200,30,1,2,0,3,14,5,2,0,200,200,1,200,200,1,0,0,1,35,200
0,1,35,0,0,0,3,2,3,2,0,0,200,1,200,200,1,0,0,2,200,200
0,200,25,0,0,0,3,7,5,2,0,0,0,1,200,200,1,0,0,2,200,200
0,200,30,0,0,0,3,7,5,200,0,0,0,1,200,200,1,0,200,0,200,200
0,200,35,0,2,0,3,2,5,2,0,0,0,1,200,200,200,0,0,0,66,200
1,200,35,0,2,0,3,2,5,2,0,0,0,1,200,200,200,0,0,0,24,200
0,1,30,1,2,0,3,7,5,2,0,0,0,1,1,200,200,6,200,0,25,200
0,1,25,1,2,0,3,12,5,2,0,0,0,0,200,200,1,0,0,0,200,200
0,1,25,1,2,0,3,12,5,2,0,0,0,0,200,200,1,0,0,1,32,200
1,1,25,1,2,0,3,12,5,2,0,0,0,0,200,200,1,0,0,0,200,200
4,200,30,0,0,0,2,8,2,2,0,0,0,0,200,200,1,10,0,0,56,200
0,200,30,0,0,0,2,8,2,2,0,0,0,0,200,200,1,10,0,2,200,200
0,200,30,1,2,0,1,10,2,200,0,0,0,0,1,200,200,0,200,0,31,200
0,200,30,1,2,0,1,10,2,200,0,0,0,0,1,200,200,0,200,1,59,200
0,200,30,1,200,0,1,9,5,0,0,200,200,1,1,200,1,25,16,0,200,200
5,200,30,1,200,0,1,9,5,0,0,200,200,1,1,200,1,25,16,0,25,200
1,200,30,1,200,0,1,9,5,0,0,200,200,1,1,200,1,25,16,0,200,200
1,200,30,1,200,0,1,9,5,0,0,200,200,1,1,200,1,25,16,0,200,200
0,200,35,200,200,0,2,7,5,4,0,0,0,0,200,200,200,200,200,2,200,200
0,200,30,0,0,0,1,2,2,200,0,0,12,1,200,200,200,28,28,1,44,200
0,200,45,1,2,0,1,10,3,4,0,0,0,0,200,200,200,16,18,0,200,200
0,200,45,1,2,0,1,10,3,4,0,0,0,0,200,200,200,16,18,0,58,200
1,200,45,1,2,0,1,10,3,4,0,0,0,0,200,200,200,16,18,1,200,200
0,200,30,0,0,0,1,10,5,4,0,0,0,0,0,200,200,22,18,1,0,200
0,200,30,0,0,0,1,10,5,4,0,0,0,0,0,200,200,22,18,0,0,200
1,200,30,0,0,0,1,10,5,4,0,0,0,0,0,200,200,22,18,1,0,200
0,200,30,0,0,0,1,10,5,2,0,0,0,0,200,200,200,18,200,0,22,200
0,200,30,0,0,0,1,10,5,2,0,0,0,0,200,200,200,18,200,0,64,200
1,200,30,0,0,0,1,10,5,2,0,0,0,0,200,200,200,18,200,0,43,200
1,200,30,0,0,0,1,10,5,2,0,0,0,0,200,200,200,18,200,1,57,200
0,200,40,0,0,0,1,2,3,8,0,0,0,1,200,200,200,11,0,0,23,200
1,200,40,0,0,0,1,2,3,8,0,0,0,1,200,200,200,11,0,0,22,200
1,200,40,0,0,0,1,2,3,8,0,0,0,1,200,200,200,11,0,0,16,200
1,200,40,0,0,0,1,2,3,8,0,0,0,1,200,200,200,11,0,0,16,200
0,200,30,1,2,0,1,14,1,4,0,0,0,1,200,200,200,0,200,0,64,200
0,200,30,1,2,0,1,14,1,4,0,0,0,1,200,200,200,0,200,1,24,200
0,200,30,0,0,0,1,7,6,1,0,0,0,0,200,200,200,12,0,1,41,200
0,200,30,1,200,0,1,14,5,200,0,0,200,1,200,200,1,25,11,2,200,200
0,200,30,1,200,0,1,14,5,200,0,0,200,1,200,200,1,25,11,0,34,200
0,200,20,0,0,0,2,2,5,4,0,0,0,1,200,200,200,27,0,0,63,200
0,200,35,1,2,0,1,9,5,200,0,0,0,1,200,200,200,200,200,1,43,200
5,200,35,1,2,0,1,9,5,200,0,0,0,1,200,200,200,200,200,1,33,200
0,200,30,0,0,200,1,7,6,200,0,200,200,0,200,200,200,0,200,1,200,200
4,200,30,2,2,0,1,8,5,2,0,0,200,0,200,200,1,17,200,0,200,200
0,200,30,2,2,0,1,8,5,2,0,0,200,0,200,200,1,17,200,1,0,200
1,200,30,2,2,0,1,8,5,2,0,0,200,0,200,200,1,17,200,0,6,200
0,200,30,0,0,0,1,7,5,200,0,0,0,1,200,200,1,0,0,2,200,200
0,200,15,0,0,0,1,0,7,200,0,0,0,0,200,200,200,20,200,1,200,200
0,200,15,0,0,0,1,0,7,200,0,0,0,0,200,200,200,20,200,1,47,200
0,200,40,0,0,0,2,14,2,200,0,0,0,0,200,200,200,0,0,0,22,200
0,200,40,0,0,0,2,14,2,200,0,0,0,0,200,200,200,0,0,0,37,200
0,200,0,200,200,0,1,12,5,200,0,0,0,0,200,200,200,0,0,0,52,200
0,200,0,200,200,0,1,12,5,200,0,0,0,0,200,200,200,0,0,0,36,200
0,200,30,1,2,0,3,12,5,4,0,0,0,0,200,200,200,22,0,0,20,200
0,200,30,1,2,0,3,12,5,4,0,0,0,0,200,200,200,22,0,0,46,200
0,200,5,0,0,0,1,10,7,1,0,0,0,0,200,200,200,0,0,0,72,200
0,200,5,0,0,0,1,10,7,1,0,0,0,0,200,200,200,0,0,1,53,200
0,200,15,0,0,1,1,0,7,0,0,0,0,0,200,1,200,20,11,0,31,200
0,200,15,0,0,1,1,0,7,0,0,0,0,0,200,1,200,20,11,0,32,200
0,1,30,200,200,0,3,2,5,2,3,0,0,0,200,1,1,0,0,0,200,200
1,1,30,200,200,0,3,2,5,2,3,0,0,0,200,1,1,0,0,0,200,200
0,200,20,0,0,0,1,7,5,1,0,0,0,1,200,200,200,23,0,0,200,200
0,200,30,1,2,0,1,0,2,4,0,0,0,1,1,200,200,0,200,0,47,200
0,200,30,1,2,0,1,0,2,4,0,0,0,1,1,200,200,0,200,0,62,200
0,200,25,1,2,0,1,1,6,2,0,0,0,1,200,200,1,16,1,2,200,200
3,200,25,1,2,0,1,1,6,2,0,0,0,1,200,200,1,16,1,0,3,200
0,200,30,0,0,200,1,10,6,200,0,200,200,1,200,200,200,0,0,1,200,200
0,200,30,0,0,200,1,10,6,200,0,200,200,1,200,200,200,0,0,0,23,200
1,200,30,0,0,200,1,10,6,200,0,200,200,1,200,200,200,0,0,1,23,200
1,200,30,0,0,200,1,10,6,200,0,200,200,1,200,200,200,0,0,200,200,200
0,200,30,0,0,0,1,7,6,2,0,0,0,0,200,200,200,200,200,1,24,200
1,200,30,0,0,0,1,7,6,2,0,0,0,0,200,200,200,200,200,1,7,200
0,200,30,1,200,0,1,14,2,4,0,200,200,0,1,200,200,0,0,0,52,200
0,200,30,1,200,0,1,14,2,4,0,200,200,0,1,200,200,0,0,1,54,200
0,200,30,0,0,0,1,7,7,1,0,0,0,0,200,200,200,20,200,0,62,200
0,200,30,1,2,0,1,14,5,2,0,0,0,0,200,200,200,11,0,0,47,200
0,200,30,1,2,0,1,14,5,2,0,0,0,0,200,200,200,11,0,0,47,200
1,200,30,1,2,0,1,14,5,2,0,0,0,0,200,200,200,11,0,1,200,200
1,200,30,1,2,0,1,14,5,2,0,0,0,0,200,200,200,11,0,0,200,200
0,200,30,0,0,1,1,7,6,1,0,0,0,0,200,200,200,11,0,1,41,200
1,200,30,0,0,1,1,7,6,1,0,0,0,0,200,200,200,11,0,1,200,200
0,200,30,1,2,0,1,14,5,4,0,0,0,1,1,200,200,6,16,0,42,200
0,200,30,1,2,0,1,14,5,4,0,0,0,1,1,200,200,6,16,1,19,200
1,200,30,1,2,0,1,14,5,4,0,0,0,1,1,200,200,6,16,1,47,200
0,200,25,1,2,0,1,10,5,4,0,0,200,1,200,200,200,0,0,0,20,200
0,200,25,1,2,0,1,10,5,4,0,0,200,1,200,200,200,0,0,1,18,200
0,200,25,1,2,0,1,10,5,4,0,0,200,1,200,200,200,0,0,1,27,200
0,200,30,0,0,0,1,7,5,2,0,0,0,1,200,200,1,0,200,0,200,200
0,200,30,0,0,0,1,12,5,200,0,0,0,1,200,200,1,22,11,2,200,200
0,200,30,0,0,0,1,12,5,200,0,0,0,1,200,200,1,22,11,1,40,200
4,200,30,2,2,0,1,8,12,200,0,0,0,1,1,200,200,200,200,0,19,200
0,200,30,2,2,0,1,8,12,200,0,0,0,1,1,200,200,200,200,0,27,200
4,200,30,1,2,0,1,8,5,2,0,0,0,0,1,200,200,6,200,0,24,200
0,200,30,1,2,0,1,8,5,2,0,0,0,0,1,200,200,6,200,0,27,200
0,1,25,0,0,200,200,7,5,200,0,200,0,0,200,200,1,0,0,2,200,200
0,200,30,0,0,0,4,12,2,200,0,0,0,0,200,200,200,14,16,1,200,200
0,200,30,0,0,0,4,12,2,200,0,0,0,0,200,200,200,14,16,1,29,200
0,200,30,0,0,0,1,12,5,200,0,0,0,0,200,200,200,0,0,1,33,200
0,200,30,0,0,0,1,12,5,200,0,0,0,0,200,200,200,0,0,0,45,200
1,200,30,0,0,0,1,12,5,200,0,0,0,0,200,200,200,0,0,1,16,200
1,200,30,0,0,0,1,12,5,200,0,0,0,0,200,200,200,0,0,1,15,200
0,200,30,0,0,0,1,10,2,4,0,0,0,0,200,200,200,18,0,0,200,200
0,200,30,0,0,0,1,10,2,4,0,0,0,0,200,200,200,18,0,1,32,200
0,200,25,0,0,0,1,14,12,200,0,0,0,0,200,200,1,18,200,2,200,200
0,200,25,0,0,0,1,14,12,200,0,0,0,0,200,200,1,18,200,1,39,200
0,200,25,0,0,0,1,0,2,200,0,0,0,0,200,200,200,200,200,0,28,200
0,200,25,0,0,0,1,0,2,200,0,0,0,0,200,200,200,200,200,0,37,200
0,200,30,0,0,0,1,7,6,200,0,0,0,0,200,200,200,200,200,1,65,200
0,200,35,1,2,0,1,10,2,4,0,0,0,0,1,200,200,15,16,0,200,200
0,200,35,1,2,0,1,10,2,4,0,0,0,0,1,200,200,15,16,0,61,200
0,200,30,0,0,0,1,7,5,2,0,0,0,0,200,200,1,20,0,2,200,200
0,200,30,2,2,0,1,14,2,2,0,0,0,1,1,200,200,17,200,0,44,200
0,200,30,2,2,0,1,14,2,2,0,0,0,1,1,200,200,17,200,0,22,200
0,200,20,0,0,0,1,10,5,2,0,0,0,0,200,200,200,16,16,1,67,200
0,200,20,0,0,0,1,10,5,2,0,0,0,0,200,200,200,16,16,1,40,200
0,200,20,0,0,0,1,10,5,2,0,0,0,0,200,200,200,16,16,0,19,200
0,200,30,0,0,0,1,2,6,1,0,0,0,1,200,200,200,15,200,0,17,200
1,200,30,0,0,0,1,2,6,1,0,0,0,1,200,200,200,15,200,0,0,200
1,200,30,0,0,0,1,2,6,1,0,0,0,1,200,200,200,15,200,0,16,200
0,200,10,0,0,0,1,11,7,2,0,0,0,0,200,200,200,0,0,0,200,200
0,200,10,0,0,0,1,11,7,2,0,0,0,0,200,200,200,0,0,1,30,200