PERSON_TYPE,CRASH_DATE_EST_I,POSTED_SPEED_LIMIT,TRAFFIC_CONTROL_DEVICE,DEVICE_CONDITION,WEATHER_CONDITION,LIGHTING_CONDITION,FIRST_CRASH_TYPE,TRAFFICWAY_TYPE,LANE_CNT,ALIGNMENT,ROADWAY_SURFACE_COND,ROAD_DEFECT,CRASH_TYPE,INTERSECTION_RELATED_I,NOT_RIGHT_OF_WAY_I,HIT_AND_RUN_I,PRIM_CONTRIBUTORY_CAUSE,SEC_CONTRIBUTORY_CAUSE,SEX,AGE,BAC_RESULT VALUE
0,200,15,0,200,1,3,7,7,200,0,0,0,0,200,1,1,200,200,1,200,200
0,200,15,0,0,0,1,7,0,1,0,0,0,1,200,200,200,14,16,0,17,200
1,200,15,0,0,0,1,7,0,1,0,0,0,1,200,200,200,14,16,0,16,200
1,200,15,0,0,0,1,7,0,1,0,0,0,1,200,200,200,14,16,0,16,200
1,200,15,0,0,0,1,7,0,1,0,0,0,1,200,200,200,14,16,0,16,200
0,200,15,0,0,0,1,7,7,1,0,0,200,1,200,200,200,16,0,0,47,200
0,200,30,0,0,0,4,7,6,3,0,0,200,0,200,200,200,20,200,0,200,200
0,200,30,0,0,1,1,7,6,1,0,0,0,0,200,1,1,0,0,2,200,200
0,200,30,2,2,0,1,12,5,2,0,0,0,1,1,200,200,17,16,1,35,200
0,200,30,2,2,0,1,12,5,2,0,0,0,1,1,200,200,17,16,0,44,200
0,200,30,1,2,0,1,0,6,200,0,0,0,1,1,200,200,6,6,0,51,200
0,200,30,1,2,0,1,0,6,200,0,0,0,1,1,200,200,6,6,1,20,200
1,200,30,1,2,0,1,0,6,200,0,0,0,1,1,200,200,6,6,1,33,200
1,200,30,1,2,0,1,0,6,200,0,0,0,1,1,200,200,6,6,1,13,200
1,200,30,1,2,0,1,0,6,200,0,0,0,1,1,200,200,6,6,1,13,200
1,200,30,1,2,0,1,0,6,200,0,0,0,1,1,200,200,6,6,1,15,200
1,200,30,1,2,0,1,0,6,200,0,0,0,1,1,200,200,6,6,0,8,200
0,200,30,0,0,0,1,8,6,1,0,0,0,1,200,200,200,0,0,1,40,200
4,200,30,0,0,0,1,8,6,1,0,0,0,1,200,200,200,0,0,1,30,200
0,200,25,2,2,0,1,14,6,1,0,0,0,0,1,200,200,21,22,0,58,200
0,200,25,2,2,0,1,14,6,1,0,0,0,0,1,200,200,21,22,0,23,200
1,200,25,2,2,0,1,14,6,1,0,0,0,0,1,200,200,21,22,0,47,200
1,200,25,2,2,0,1,14,6,1,0,0,0,0,1,200,200,21,22,0,27,200
0,200,30,0,0,1,1,7,5,2,0,0,0,1,200,200,200,25,0,1,39,200
0,200,30,2,2,0,1,0,5,200,0,0,0,0,200,200,200,17,200,0,17,200
0,200,30,2,2,0,1,0,5,200,0,0,0,0,200,200,200,17,200,0,55,200
1,200,30,2,2,0,1,0,5,200,0,0,0,0,200,200,200,17,200,0,17,200
1,200,30,2,2,0,1,0,5,200,0,0,0,0,200,200,200,17,200,0,16,200
0,200,30,0,0,0,0,7,2,2,0,0,0,0,200,200,1,0,0,2,200,200
0,200,30,0,0,1,1,12,2,200,0,0,0,0,200,200,200,18,200,0,36,200
0,200,30,0,0,1,1,12,2,200,0,0,0,0,200,200,200,18,200,1,57,200
0,200,30,1,2,1,1,12,3,4,0,0,0,0,200,200,200,21,200,1,29,200
0,200,30,1,2,1,1,12,3,4,0,0,0,0,200,200,200,21,200,0,57,200
0,200,30,1,200,0,4,10,2,4,0,1,200,0,1,200,200,0,200,0,200,200
0,200,30,1,200,0,4,10,2,4,0,1,200,0,1,200,200,0,200,0,35,200
0,200,30,1,2,0,1,12,2,200,0,0,0,0,200,200,200,0,200,0,19,200
0,200,30,1,2,0,1,12,2,200,0,0,0,0,200,200,200,0,200,1,26,200
0,200,30,1,2,0,2,14,5,200,0,0,0,1,1,200,1,0,0,0,200,200
0,200,30,1,2,0,2,14,5,200,0,0,0,1,1,200,1,0,0,1,35,200
1,200,30,1,2,0,2,14,5,200,0,0,0,1,1,200,1,0,0,1,200,200
1,200,30,1,2,0,2,14,5,200,0,0,0,1,1,200,1,0,0,1,200,200
1,200,30,1,2,0,2,14,5,200,0,0,0,1,1,200,1,0,0,1,200,200
1,200,30,1,2,0,2,14,5,200,0,0,0,1,1,200,1,0,0,1,200,200
1,200,30,1,2,0,2,14,5,200,0,0,0,1,1,200,1,0,0,1,200,200
0,200,35,0,0,0,1,7,6,3,0,0,0,0,200,200,200,15,16,1,200,200
0,200,30,1,2,0,1,10,2,4,2,0,0,1,200,200,1,18,200,2,200,200
0,200,30,1,2,0,1,10,2,4,2,0,0,1,200,200,1,18,200,0,54,200
0,200,45,0,0,0,1,10,3,8,1,0,0,1,200,200,200,18,200,0,22,200
0,200,45,0,0,0,1,10,3,8,1,0,0,1,200,200,200,18,200,0,40,200
1,200,45,0,0,0,1,10,3,8,1,0,0,1,200,200,200,18,200,1,41,200
0,200,30,0,0,0,1,12,6,3,0,0,200,0,200,200,200,17,200,1,61,200
0,200,30,0,0,0,1,12,6,3,0,0,200,0,200,200,200,17,200,0,53,200
1,200,30,0,0,0,1,12,6,3,0,0,200,0,200,200,200,17,200,2,200,200
1,200,30,0,0,0,1,12,6,3,0,0,200,0,200,200,200,17,200,0,200,200
0,200,30,1,2,0,1,12,5,200,0,0,200,0,200,200,200,0,200,0,35,200
0,200,30,1,2,0,1,12,5,200,0,0,200,0,200,200,200,0,200,0,37,200
0,200,30,1,2,0,1,14,2,1,0,0,0,0,200,200,200,21,11,0,56,200
0,200,30,1,2,0,1,14,2,1,0,0,0,0,200,200,200,21,11,1,25,200
1,200,30,1,2,0,1,14,2,1,0,0,0,0,200,200,200,21,11,1,80,200
1,200,30,1,2,0,1,14,2,1,0,0,0,0,200,200,200,21,11,1,83,200
1,200,30,1,2,0,1,14,2,1,0,0,0,0,200,200,200,21,11,1,1,200
0,200,30,0,0,0,1,10,5,200,0,0,0,0,200,200,200,18,8,1,16,200
0,200,30,0,0,0,1,10,5,200,0,0,0,0,200,200,200,18,8,1,63,200
0,200,25,2,2,0,1,7,6,1,0,0,0,0,200,200,1,0,200,2,200,200
0,200,30,0,0,0,1,12,5,4,0,0,0,0,200,200,200,0,0,0,34,200
0,200,30,0,0,0,1,12,5,4,0,0,0,0,200,200,200,0,0,1,58,200
1,200,30,0,0,0,1,12,5,4,0,0,0,0,200,200,200,0,0,0,26,200
1,200,30,0,0,0,1,12,5,4,0,0,0,0,200,200,200,0,0,0,200,200
4,200,30,1,2,0,1,8,12,200,0,0,0,1,1,200,200,6,0,1,53,200
0,200,30,1,2,0,1,8,12,200,0,0,0,1,1,200,200,6,0,1,25,200
1,200,30,1,2,0,1,8,12,200,0,0,0,1,1,200,200,6,0,0,25,200
0,200,35,1,2,0,1,10,3,4,0,0,0,0,200,200,200,18,200,0,33,200
0,200,35,1,2,0,1,10,3,4,0,0,0,0,200,200,200,18,200,1,41,200
0,200,35,1,2,0,1,14,5,200,0,0,0,0,200,200,200,23,0,0,47,200
0,200,35,1,2,0,1,14,5,200,0,0,0,0,200,200,200,23,0,0,26,200
1,200,35,1,2,0,1,14,5,200,0,0,0,0,200,200,200,23,0,0,26,200
0,200,15,0,0,0,1,7,5,2,0,0,0,0,200,200,200,20,11,0,19,200
0,200,30,2,12,0,1,9,6,3,0,0,0,1,1,200,200,5,0,1,28,200
5,200,30,2,12,0,1,9,6,3,0,0,0,1,1,200,200,5,0,1,57,200
0,200,30,1,2,0,1,12,5,200,0,0,0,0,200,200,1,0,0,1,200,200
0,200,30,1,2,0,1,12,5,200,0,0,0,0,200,200,1,0,0,1,59,200
0,200,30,0,0,0,1,10,5,200,0,0,200,0,200,200,200,11,200,1,57,200
0,200,30,0,0,0,1,10,5,200,0,0,200,0,200,200,200,11,200,1,33,200
0,200,30,0,0,0,1,7,6,1,0,200,200,0,200,200,200,11,11,0,26,200
1,200,30,0,0,0,1,7,6,1,0,200,200,0,200,200,200,11,11,1,23,200
1,200,30,0,0,0,1,7,6,1,0,200,200,0,200,200,200,11,11,0,200,200
1,200,30,0,0,0,1,7,6,1,0,200,200,0,200,200,200,11,11,1,200,200
0,200,30,0,0,0,1,7,7,200,0,0,0,0,200,200,200,200,200,0,52,200
1,200,30,0,0,0,1,7,7,200,0,0,0,0,200,200,200,200,200,1,200,200
0,200,30,1,2,0,1,14,5,200,0,0,0,0,1,200,200,0,0,1,30,200
0,200,30,1,2,0,1,14,5,200,0,0,0,0,1,200,200,0,0,0,33,200
1,200,30,1,2,0,1,14,5,200,0,0,0,0,1,200,200,0,0,1,33,200
1,200,30,1,2,0,1,14,5,200,0,0,0,0,1,200,200,0,0,1,2,200
1,200,30,1,2,0,1,14,5,200,0,0,0,0,1,200,200,0,0,1,8,200
1,200,30,1,2,0,1,14,5,200,0,0,0,0,1,200,200,0,0,0,4,200
0,200,15,0,0,0,1,7,7,200,0,0,0,0,200,1,200,20,200,1,22,200
0,200,15,0,0,0,1,7,200,2,0,0,200,0,200,200,200,21,0,0,24,200
0,200,25,1,2,0,1,10,5,200,0,0,0,0,1,200,200,0,200,1,39,200
0,200,25,1,2,0,1,10,5,200,0,0,0,0,1,200,200,0,200,1,47,200
0,200,30,0,0,0,1,7,2,4,0,0,0,0,200,200,200,0,0,1,200,200
0,200,30,0,0,0,1,10,5,1,3,0,0,0,200,200,1,18,200,0,200,200
0,200,30,0,0,0,1,10,5,1,3,0,0,0,200,200,1,18,200,1,41,200
1,200,30,0,0,0,1,10,5,1,3,0,0,0,200,200,1,18,200,0,46,200
0,1,25,0,0,0,1,7,6,1,0,0,0,0,200,200,1,0,0,2,200,200
0,200,30,1,2,0,1,10,5,2,0,0,0,0,200,200,1,18,200,0,200,200
0,200,30,1,2,0,1,10,5,2,0,0,0,0,200,200,1,18,200,1,55,200
0,200,30,0,0,0,200,7,6,1,0,0,200,0,200,200,1,0,200,2,200,200
0,1,30,0,0,0,1,7,5,4,0,0,0,0,200,200,1,0,200,2,200,200
0,1,30,0,0,0,0,7,5,1,0,200,0,0,200,200,1,0,0,2,200,200
0,200,30,0,0,1,1,7,6,200,0,0,0,0,200,200,1,0,200,0,200,200
0,200,30,0,0,0,1,11,5,200,0,0,0,0,200,200,1,0,200,2,200,200
0,200,30,0,0,0,1,11,5,200,0,0,0,0,200,200,1,0,200,1,23,200
0,200,30,0,0,0,1,10,2,2,0,0,0,0,200,200,200,18,11,1,31,200
0,200,30,0,0,0,1,10,2,2,0,0,0,0,200,200,200,18,11,1,52,200
1,200,30,0,0,0,1,10,2,2,0,0,0,0,200,200,200,18,11,0,13,200
0,200,30,0,0,0,1,10,2,2,0,0,0,0,200,200,200,0,0,0,69,200
0,200,30,0,0,0,1,10,2,2,0,0,0,0,200,200,200,0,0,0,23,200
0,200,30,0,0,0,1,10,5,2,0,0,0,0,200,200,1,18,200,0,25,200
0,200,30,0,0,0,1,10,5,2,0,0,0,0,200,200,1,18,200,1,41,200
0,200,30,0,0,0,1,10,5,2,0,0,0,0,200,200,1,18,200,1,24,200
1,200,30,0,0,0,1,10,5,2,0,0,0,0,200,200,1,18,200,1,20,200
1,200,30,0,0,0,1,10,5,2,0,0,0,0,200,200,1,18,200,0,16,200
1,200,30,0,0,0,1,10,5,2,0,0,0,0,200,200,1,18,200,1,5,200
0,200,30,0,0,0,1,10,7,200,0,0,0,0,200,1,200,200,200,1,200,200
0,200,30,0,0,0,1,10,7,200,0,0,0,0,200,1,200,200,200,1,58,200
1,200,30,0,0,0,1,10,7,200,0,0,0,0,200,1,200,200,200,1,200,200
0,200,30,0,0,0,1,7,5,2,0,0,0,0,200,200,200,0,200,0,78,200
5,200,30,0,0,0,1,9,6,2,0,0,0,1,200,200,1,17,15,0,9,200
0,200,30,0,0,0,1,9,6,2,0,0,0,1,200,200,1,17,15,2,200,200
0,200,30,0,0,0,1,14,5,200,0,0,0,1,1,200,200,17,0,0,19,200
0,200,30,0,0,0,1,14,5,200,0,0,0,1,1,200,200,17,0,1,46,200
0,200,30,1,2,0,1,10,5,2,0,0,0,0,200,200,200,0,0,0,41,200
0,200,30,1,2,0,1,10,5,2,0,0,0,0,200,200,200,0,0,1,28,200
0,200,30,0,0,0,1,14,2,4,0,0,0,1,1,200,200,17,23,0,23,200
0,200,30,0,0,0,1,14,2,4,0,0,0,1,1,200,200,17,23,0,49,200
1,200,30,0,0,0,1,14,2,4,0,0,0,1,1,200,200,17,23,1,23,200
1,200,30,0,0,0,1,14,2,4,0,0,0,1,1,200,200,17,23,0,29,200
1,200,30,0,0,0,1,14,2,4,0,0,0,1,1,200,200,17,23,1,24,200
1,200,30,0,0,0,1,14,2,4,0,0,0,1,1,200,200,17,23,0,30,200
1,200,30,0,0,0,1,14,2,4,0,0,0,1,1,200,200,17,23,0,10,200
1,200,30,0,0,0,1,14,2,4,0,0,0,1,1,200,200,17,23,1,4,200
1,200,30,0,0,0,1,14,2,4,0,0,0,1,1,200,200,17,23,1,32,200
0,200,30,1,2,0,1,10,5,200,0,0,0,0,200,200,200,18,11,0,0,200
0,200,30,1,2,0,1,10,5,200,0,0,0,0,200,200,200,18,11,0,75,200
1,200,30,1,2,0,1,10,5,200,0,0,0,0,200,200,200,18,11,0,200,200
0,200,30,0,0,0,1,10,3,3,0,0,0,0,200,200,200,18,12,1,36,200
0,200,30,0,0,0,1,10,3,3,0,0,0,0,200,200,200,18,12,0,32,200
1,200,30,0,0,0,1,10,3,3,0,0,0,0,200,200,200,18,12,1,28,200
0,200,15,0,0,0,3,7,6,1,0,0,0,0,200,200,1,0,0,2,200,200
0,200,30,1,2,0,3,10,2,4,0,0,200,0,200,200,200,18,200,1,49,200
0,200,30,1,2,0,3,10,2,4,0,0,200,0,200,200,200,18,200,0,27,200
1,200,30,1,2,0,3,10,2,4,0,0,200,0,200,200,200,18,200,0,25,200
0,200,30,0,0,0,1,7,6,1,0,0,200,0,200,200,1,0,0,2,200,200
0,200,30,0,0,0,1,10,5,200,0,0,0,0,200,200,200,0,200,1,28,200
0,200,30,0,0,0,1,10,5,200,0,0,0,0,200,200,200,0,200,1,71,200
0,200,30,1,200,0,2,14,5,6,0,0,200,1,1,200,200,6,200,0,45,200
0,200,30,1,200,0,2,14,5,6,0,0,200,1,1,200,200,6,200,0,18,200
0,200,0,0,0,0,1,7,7,1,0,0,0,0,200,200,1,0,0,1,200,200
0,200,30,0,0,0,1,3,6,3,0,0,0,0,200,200,1,20,20,2,200,200
0,200,30,0,0,0,1,3,6,3,0,0,0,0,200,200,1,20,20,1,28,200
0,200,30,0,0,0,3,10,5,200,0,0,0,0,200,200,200,0,0,0,25,200
0,200,30,0,0,0,3,10,5,200,0,0,0,0,200,200,200,0,0,1,200,200
0,200,30,0,0,0,3,10,5,200,0,0,0,0,200,200,200,0,0,0,200,200
0,1,20,0,0,0,1,12,5,200,1,0,200,0,200,200,200,17,0,0,29,200
0,1,20,0,0,0,1,12,5,200,1,0,200,0,200,200,200,17,0,1,39,200
0,200,35,0,0,0,1,0,7,2,0,0,0,1,1,200,200,20,0,1,28,200
0,200,35,0,0,0,1,0,7,2,0,0,0,1,1,200,200,20,0,0,24,200
1,200,35,0,0,0,1,0,7,2,0,0,0,1,1,200,200,20,0,1,22,200
0,200,30,2,2,0,1,10,5,200,0,0,0,0,200,200,200,18,16,0,0,200
0,200,30,2,2,0,1,10,5,200,0,0,0,0,200,200,200,18,16,0,0,200
1,200,30,2,2,0,1,10,5,200,0,0,0,0,200,200,200,18,16,1,25,200
0,200,30,0,0,0,1,14,5,200,0,0,0,1,200,200,200,17,22,1,27,200
0,200,30,0,0,0,1,14,5,200,0,0,0,1,200,200,200,17,22,1,21,200
1,200,30,0,0,0,1,14,5,200,0,0,0,1,200,200,200,17,22,0,17,200
1,200,30,0,0,0,1,14,5,200,0,0,0,1,200,200,200,17,22,1,51,200
1,200,30,0,0,0,1,14,5,200,0,0,0,1,200,200,200,17,22,1,0,200
0,200,30,0,0,0,1,10,5,2,0,0,0,0,200,200,200,18,16,0,75,200
0,200,30,0,0,0,1,10,5,2,0,0,0,0,200,200,200,18,16,0,45,200
1,200,30,0,0,0,1,10,5,2,0,0,0,0,200,200,200,18,16,1,39,200
0,200,30,0,0,0,1,11,5,1,0,0,0,0,200,200,200,0,0,1,200,200
0,200,30,0,0,0,1,11,5,1,0,0,0,0,200,200,200,0,0,1,21,200
1,200,30,0,0,0,1,11,5,1,0,0,0,0,200,200,200,0,0,0,200,200
1,200,30,0,0,0,1,11,5,1,0,0,0,0,200,200,200,0,0,1,20,200
0,200,30,1,2,0,1,10,5,4,0,0,0,0,200,200,200,18,200,0,33,200
0,200,30,1,2,0,1,10,5,4,0,0,0,0,200,200,200,18,200,0,38,200
1,200,30,1,2,0,1,10,5,4,0,0,0,0,200,200,200,18,200,1,16,200
1,200,30,1,2,0,1,10,5,4,0,0,0,0,200,200,200,18,200,1,59,200
1,200,30,1,2,0,1,10,5,4,0,0,0,0,200,200,200,18,200,0,18,200
1,200,30,1,2,0,1,10,5,4,0,0,0,0,200,200,200,18,200,1,20,200
1,200,30,1,2,0,1,10,5,4,0,0,0,0,200,200,200,18,200,0,33,200
0,200,30,1,2,0,1,8,12,3,0,0,0,1,1,200,1,0,200,1,200,200
4,200,30,1,2,0,1,8,12,3,0,0,0,1,1,200,1,0,200,0,27,200
0,1,30,1,2,200,3,12,3,200,0,200,0,0,1,200,1,22,200,2,200,200
0,1,30,1,2,200,3,12,3,200,0,200,0,0,1,200,1,22,200,0,55,200
0,200,30,1,2,0,1,14,5,2,0,200,200,0,1,200,200,23,22,0,54,200
0,200,30,1,2,0,1,14,5,2,0,200,200,0,1,200,200,23,22,0,55,200
0,200,30,1,2,0,1,14,5,200,0,0,0,0,200,200,1,22,200,0,61,200
0,200,30,1,2,0,1,14,5,200,0,0,0,0,200,200,1,22,200,1,48,200
4,200,30,2,200,0,1,8,5,2,0,0,200,1,200,200,200,23,0,0,15,200
0,200,30,2,200,0,1,8,5,2,0,0,200,1,200,200,200,23,0,1,32,200
0,200,30,0,0,0,1,14,5,200,0,0,0,1,200,200,1,33,0,2,200,200
0,200,30,0,0,0,1,14,5,200,0,0,0,1,200,200,1,33,0,0,25,200
0,200,5,0,0,2,1,7,7,200,0,0,0,0,200,1,200,20,35,0,52,200
0,200,15,0,0,0,1,12,7,0,0,0,0,0,200,200,200,21,0,0,51,200
0,200,15,0,0,0,1,12,7,0,0,0,0,0,200,200,200,21,0,1,22,200
0,200,30,0,0,0,1,14,5,2,0,0,0,0,200,200,200,23,200,1,54,200
0,200,30,0,0,0,1,14,5,2,0,0,0,0,200,200,200,23,200,0,27,200
0,200,0,0,0,0,0,10,7,200,0,0,0,0,200,200,200,200,200,0,200,200
0,200,0,0,0,0,0,10,7,200,0,0,0,0,200,200,200,200,200,0,24,200
0,200,30,1,2,0,1,12,5,200,0,0,200,0,200,200,200,17,200,0,80,200
0,200,30,1,2,0,1,12,5,200,0,0,200,0,200,200,200,17,200,0,73,200
0,1,5,0,0,0,3,7,7,200,0,0,0,0,200,200,1,0,5,2,200,200
0,200,30,1,2,0,1,14,5,200,0,0,0,0,1,200,200,23,200,1,200,200
0,200,30,1,2,0,1,14,5,200,0,0,0,0,1,200,200,23,200,1,51,200
0,200,35,0,0,0,1,10,5,200,0,0,0,0,200,200,200,18,18,0,24,200
0,200,35,0,0,0,1,10,5,200,0,0,0,0,200,200,200,18,18,0,45,200
1,200,35,0,0,0,1,10,5,200,0,0,0,0,200,200,200,18,18,1,200,200
0,200,15,0,0,0,1,7,0,1,0,0,0,0,200,200,200,14,14,1,31,200
0,200,30,2,200,0,1,0,5,2,0,0,0,0,200,200,1,0,200,0,200,200
0,200,30,2,200,0,1,0,5,2,0,0,0,0,200,200,1,0,200,0,50,200
0,200,25,2,2,0,1,14,5,4,0,0,0,0,1,200,200,17,200,1,22,200
0,200,25,2,2,0,1,14,5,4,0,0,0,0,1,200,200,17,200,1,19,200
0,200,30,1,2,0,1,14,3,4,0,0,0,0,200,200,200,17,17,0,61,200
0,200,30,1,2,0,1,14,3,4,0,0,0,0,200,200,200,17,17,0,24,200
0,200,35,0,0,0,1,12,5,200,0,0,0,0,200,200,200,0,0,0,20,200
0,200,35,0,0,0,1,12,5,200,0,0,0,0,200,200,200,0,0,1,23,200
0,200,30,1,2,0,1,12,5,200,0,0,200,0,200,200,200,17,200,1,30,200
0,200,30,1,2,0,1,12,5,200,0,0,200,0,200,200,200,17,200,1,17,200
1,200,30,1,2,0,1,12,5,200,0,0,200,0,200,200,200,17,200,1,15,200
1,200,30,1,2,0,1,12,5,200,0,0,200,0,200,200,200,17,200,0,52,200
1,200,30,1,2,0,1,12,5,200,0,0,200,0,200,200,200,17,200,0,7,200
1,200,30,1,2,0,1,12,5,200,0,0,200,0,200,200,200,17,200,0,4,200
1,200,30,1,2,0,1,12,5,200,0,0,200,0,200,200,200,17,200,0,1,200
0,200,25,0,0,0,1,4,5,2,0,0,0,1,200,200,200,0,0,0,72,200
0,200,30,0,0,0,1,14,2,200,0,0,0,0,200,200,200,0,200,0,61,200
0,200,30,0,0,0,1,14,2,200,0,0,0,0,200,200,200,0,200,0,60,200
0,200,30,0,0,0,1,10,5,2,0,0,0,0,200,200,200,18,200,0,65,200
0,200,30,0,0,0,1,10,5,2,0,0,0,0,200,200,200,18,200,1,60,200
0,200,30,0,0,0,1,10,5,2,0,0,0,0,200,200,200,18,200,0,52,200
0,200,5,0,0,200,200,7,7,200,0,200,200,0,200,200,1,0,200,2,200,200
0,200,10,0,0,0,0,12,7,0,3,0,0,0,200,200,1,18,23,2,200,200
0,200,10,0,0,0,0,12,7,0,3,0,0,0,200,200,1,18,23,0,33,200
1,200,10,0,0,0,0,12,7,0,3,0,0,0,200,200,1,18,23,1,33,200
0,200,35,0,0,200,200,14,5,4,0,200,200,0,200,200,1,200,200,0,200,200
0,200,35,0,0,200,200,14,5,4,0,200,200,0,200,200,1,200,200,1,62,200
1,200,35,0,0,200,200,14,5,4,0,200,200,0,200,200,1,200,200,1,200,200
0,200,30,0,0,0,1,7,5,200,0,0,0,0,200,200,200,27,16,0,74,200
1,200,30,0,0,0,1,7,5,200,0,0,0,0,200,200,200,27,16,0,32,200
0,200,35,2,3,0,1,9,2,4,0,0,0,1,1,200,200,33,16,1,30,200
5,200,35,2,3,0,1,9,2,4,0,0,0,1,1,200,200,33,16,1,76,200
0,200,15,0,0,0,3,2,0,1,0,200,0,0,200,200,1,0,0,2,200,200
0,200,0,0,0,0,1,0,7,1,0,0,0,0,200,200,200,0,0,1,59,200
0,200,0,0,0,0,1,0,7,1,0,0,0,0,200,200,200,0,0,1,52,200
0,200,30,0,0,0,1,14,2,200,0,0,0,1,1,200,200,17,22,1,22,200
0,200,30,0,0,0,1,14,2,200,0,0,0,1,1,200,200,17,22,0,32,200
0,200,30,0,0,0,1,8,5,2,0,0,0,0,200,200,200,0,0,0,200,200
4,200,30,0,0,0,1,8,5,2,0,0,0,0,200,200,200,0,0,0,200,200
1,200,30,0,0,0,1,8,5,2,0,0,0,0,200,200,200,0,0,0,200,200
0,200,30,0,0,0,3,2,5,4,0,0,0,0,200,200,1,0,0,2,200,200
0,200,30,0,0,0,1,10,5,200,0,0,0,1,200,200,200,0,0,1,200,200
0,200,30,0,0,0,1,10,5,200,0,0,0,1,200,200,200,0,0,0,38,200
1,200,30,0,0,0,1,10,5,200,0,0,0,1,200,200,200,0,0,0,43,200
0,200,5,0,0,0,1,7,7,200,0,0,0,0,200,1,200,20,200,0,54,200
0,200,30,0,0,0,1,0,5,200,0,0,0,1,200,200,200,33,0,0,47,200
0,200,30,0,0,0,1,0,5,200,0,0,0,1,200,200,200,33,0,0,63,200
0,200,30,0,0,0,1,7,6,1,0,0,0,1,200,200,1,0,0,0,200,200
0,200,30,2,2,0,1,0,2,2,0,0,0,0,1,200,200,0,0,1,31,200
0,200,30,2,2,0,1,0,2,2,0,0,0,0,1,200,200,0,0,0,200,200
0,200,30,0,0,0,1,7,5,200,0,0,0,0,200,200,200,11,11,1,35,200
0,200,30,0,0,0,1,12,3,4,0,0,0,0,200,200,200,22,200,0,53,200
0,200,30,0,0,0,1,12,3,4,0,0,0,0,200,200,200,22,200,0,29,200
1,200,30,0,0,0,1,12,3,4,0,0,0,0,200,200,200,22,200,1,29,200
0,200,30,0,0,0,1,12,5,2,0,0,0,0,200,200,200,21,17,0,43,200
0,200,30,0,0,0,1,12,5,2,0,0,0,0,200,200,200,21,17,0,42,200
0,200,30,0,0,0,1,14,5,3,0,200,200,0,200,200,200,23,22,0,38,200
0,200,30,0,0,0,1,14,5,3,0,200,200,0,200,200,200,23,22,0,30,200
1,200,30,0,0,0,1,14,5,3,0,200,200,0,200,200,200,23,22,0,200,200
1,200,30,0,0,0,1,14,5,3,0,200,200,0,200,200,200,23,22,0,200,200
1,200,30,0,0,0,1,14,5,3,0,200,200,0,200,200,200,23,22,0,200,200
0,200,30,1,2,0,1,2,5,4,0,0,0,1,0,200,200,27,200,0,60,200
1,200,30,1,2,0,1,2,5,4,0,0,0,1,0,200,200,27,200,1,14,200
0,200,35,0,2,0,1,0,5,4,0,0,0,0,200,200,200,17,0,0,34,200
0,200,35,0,2,0,1,0,5,4,0,0,0,0,200,200,200,17,0,1,38,200
0,200,30,12,12,0,1,9,5,2,0,0,0,1,200,200,200,25,0,1,200,200
5,200,30,12,12,0,1,9,5,2,0,0,0,1,200,200,200,25,0,1,36,200
1,200,30,12,12,0,1,9,5,2,0,0,0,1,200,200,200,25,0,1,36,200
0,200,30,0,200,0,1,10,5,4,0,0,200,1,200,200,200,18,0,0,31,200
0,200,30,0,200,0,1,10,5,4,0,0,200,1,200,200,200,18,0,0,18,200
0,200,35,0,0,0,1,7,5,2,0,0,0,1,200,200,1,20,0,2,200,200
0,200,30,1,2,0,1,10,2,2,2,0,0,1,1,200,0,16,32,0,39,200
0,200,30,1,2,0,1,10,2,2,2,0,0,1,1,200,0,16,32,0,200,200
0,200,30,1,2,0,1,10,2,2,2,0,0,1,1,200,0,16,32,1,200,200
0,200,30,1,2,0,1,10,2,2,2,0,0,1,1,200,0,16,32,1,17,200
0,200,30,1,2,0,1,10,2,2,2,0,0,1,1,200,0,16,32,1,51,200
0,200,30,1,2,0,1,10,2,2,2,0,0,1,1,200,0,16,32,0,200,200
1,200,30,1,2,0,1,10,2,2,2,0,0,1,1,200,0,16,32,0,40,200
1,200,30,1,2,0,1,10,2,2,2,0,0,1,1,200,0,16,32,0,17,200
1,200,30,1,2,0,1,10,2,2,2,0,0,1,1,200,0,16,32,1,16,200
1,200,30,1,2,0,1,10,2,2,2,0,0,1,1,200,0,16,32,0,15,200
1,200,30,1,2,0,1,10,2,2,2,0,0,1,1,200,0,16,32,0,15,200
1,200,30,1,2,0,1,10,2,2,2,0,0,1,1,200,0,16,32,0,13,200
1,200,30,1,2,0,1,10,2,2,2,0,0,1,1,200,0,16,32,0,10,200
1,200,30,1,2,0,1,10,2,2,2,0,0,1,1,200,0,16,32,0,10,200
1,200,30,1,2,0,1,10,2,2,2,0,0,1,1,200,0,16,32,1,200,200
0,200,30,0,0,0,1,12,5,4,0,0,200,0,200,200,200,8,8,1,200,200
0,200,30,0,0,0,1,12,5,4,0,0,200,0,200,200,200,8,8,1,22,200
0,200,30,0,200,0,1,7,5,200,0,0,0,0,200,200,200,11,0,0,18,200
0,200,30,1,2,0,1,10,5,4,0,0,0,0,1,200,1,18,16,0,200,200
0,200,30,1,2,0,1,10,5,4,0,0,0,0,1,200,1,18,16,1,200,200
1,200,30,1,2,0,1,10,5,4,0,0,0,0,1,200,1,18,16,0,200,200
1,200,30,1,2,0,1,10,5,4,0,0,0,0,1,200,1,18,16,0,200,200