PERSON_TYPE,CRASH_DATE_EST_I,POSTED_SPEED_LIMIT,TRAFFIC_CONTROL_DEVICE,DEVICE_CONDITION,WEATHER_CONDITION,LIGHTING_CONDITION,FIRST_CRASH_TYPE,TRAFFICWAY_TYPE,LANE_CNT,ALIGNMENT,ROADWAY_SURFACE_COND,ROAD_DEFECT,CRASH_TYPE,INTERSECTION_RELATED_I,NOT_RIGHT_OF_WAY_I,HIT_AND_RUN_I,PRIM_CONTRIBUTORY_CAUSE,SEC_CONTRIBUTORY_CAUSE,SEX,AGE,BAC_RESULT VALUE
1,200,30,1,2,0,1,10,5,4,0,0,0,0,1,200,1,18,16,1,200,200
0,200,0,0,0,0,1,7,7,0,0,0,0,0,200,1,1,0,0,1,200,200
0,200,10,0,0,0,1,0,7,10,0,0,0,0,200,1,200,17,17,1,17,200
0,200,10,0,0,0,1,0,7,10,0,0,0,0,200,1,200,17,17,1,35,200
1,200,10,0,0,0,1,0,7,10,0,0,0,0,200,1,200,17,17,1,17,200
1,200,10,0,0,0,1,0,7,10,0,0,0,0,200,1,200,17,17,1,200,200
0,200,20,0,0,0,1,7,6,1,0,0,3,0,200,200,200,11,200,0,57,200
1,200,20,0,0,0,1,7,6,1,0,0,3,0,200,200,200,11,200,0,42,200
0,200,15,200,200,0,1,10,12,200,0,200,12,0,200,1,200,0,200,0,200,200
0,200,15,200,200,0,1,10,12,200,0,200,12,0,200,1,200,0,200,1,31,200
1,200,15,200,200,0,1,10,12,200,0,200,12,0,200,1,200,0,200,0,5,200
0,200,30,1,200,0,1,14,5,200,0,0,0,0,200,200,200,11,0,0,31,200
0,200,30,1,200,0,1,14,5,200,0,0,0,0,200,200,200,11,0,0,21,200
0,1,30,2,2,0,1,0,5,200,0,0,0,0,200,200,200,17,200,0,59,200
0,1,30,2,2,0,1,0,5,200,0,0,0,0,200,200,200,17,200,0,22,200
0,200,30,1,2,0,1,2,5,4,0,0,0,0,200,200,200,0,0,1,42,200
0,200,30,1,2,0,1,2,5,4,0,0,0,0,200,200,200,0,0,2,200,200
0,200,30,2,2,0,1,14,5,2,0,0,0,0,1,200,200,17,23,0,38,200
0,200,30,2,2,0,1,14,5,2,0,0,0,0,1,200,200,17,23,1,65,200
1,200,30,2,2,0,1,14,5,2,0,0,0,0,1,200,200,17,23,2,200,200
0,200,25,1,2,0,1,10,5,200,0,0,0,0,1,200,200,0,200,0,41,200
0,200,25,1,2,0,1,10,5,200,0,0,0,0,1,200,200,0,200,0,31,200
0,200,30,1,2,0,1,10,2,4,0,0,0,0,200,200,1,18,18,2,200,200
0,200,30,1,2,0,1,10,2,4,0,0,0,0,200,200,1,18,18,0,41,200
4,200,30,1,2,0,1,8,5,2,2,0,0,0,1,200,200,0,200,0,36,200
0,200,30,1,2,0,1,8,5,2,2,0,0,0,1,200,200,0,200,0,43,200
0,200,30,1,2,0,1,10,5,200,0,0,0,0,1,200,200,0,0,0,59,200
0,200,30,1,2,0,1,10,5,200,0,0,0,0,1,200,200,0,0,1,56,200
1,200,30,1,2,0,1,10,5,200,0,0,0,0,1,200,200,0,0,0,200,200
0,200,30,0,0,0,2,7,6,200,0,0,200,0,200,200,200,0,200,1,19,200
0,200,25,2,2,0,1,12,5,2,0,0,0,0,1,200,200,21,11,1,60,200
0,200,25,2,2,0,1,12,5,2,0,0,0,0,1,200,200,21,11,0,19,200
0,200,30,1,2,0,1,10,2,3,0,0,0,0,200,200,1,16,200,1,200,200
0,200,30,1,2,0,1,10,2,3,0,0,0,0,200,200,1,16,200,1,42,200
1,200,30,1,2,0,1,10,2,3,0,0,0,0,200,200,1,16,200,1,200,200
1,200,30,1,2,0,1,10,2,3,0,0,0,0,200,200,1,16,200,0,200,200
0,200,30,0,0,0,1,7,6,200,0,0,0,1,200,200,200,0,200,1,30,200
0,200,45,0,0,0,1,10,3,8,0,200,200,1,200,200,1,25,18,0,200,200
0,200,45,0,0,0,1,10,3,8,0,200,200,1,200,200,1,25,18,1,45,200
1,200,45,0,0,0,1,10,3,8,0,200,200,1,200,200,1,25,18,0,200,200
1,200,45,0,0,0,1,10,3,8,0,200,200,1,200,200,1,25,18,1,72,200
1,200,45,0,0,0,1,10,3,8,0,200,200,1,200,200,1,25,18,1,22,200
0,200,35,0,0,0,1,10,5,200,0,0,0,0,1,200,200,16,18,0,65,200
0,200,35,0,0,0,1,10,5,200,0,0,0,0,1,200,200,16,18,0,66,200
0,200,30,1,2,0,1,14,2,4,0,0,0,1,1,200,200,17,200,0,20,200
0,200,30,1,2,0,1,14,2,4,0,0,0,1,1,200,200,17,200,1,19,200
0,200,30,1,2,0,1,14,2,4,0,0,0,1,1,200,200,17,200,0,66,200
0,200,30,1,200,0,1,12,3,1,0,0,200,0,200,200,200,22,0,0,38,200
0,200,30,1,200,0,1,12,3,1,0,0,200,0,200,200,200,22,0,1,59,200
1,200,30,1,200,0,1,12,3,1,0,0,200,0,200,200,200,22,0,200,200,200
1,200,30,1,200,0,1,12,3,1,0,0,200,0,200,200,200,22,0,1,67,200
0,200,30,0,0,0,1,12,5,2,0,0,0,1,200,200,1,0,0,2,200,200
0,200,30,0,0,0,1,12,5,2,0,0,0,1,200,200,1,0,0,0,20,200
1,200,30,0,0,0,1,12,5,2,0,0,0,1,200,200,1,0,0,0,200,200
1,200,30,0,0,0,1,12,5,2,0,0,0,1,200,200,1,0,0,0,19,200
1,200,30,0,0,0,1,12,5,2,0,0,0,1,200,200,1,0,0,0,19,200
1,200,30,0,0,0,1,12,5,2,0,0,0,1,200,200,1,0,0,0,200,200
0,200,30,0,0,0,1,7,5,200,0,0,0,0,200,200,200,0,0,0,200,200
0,200,35,0,0,0,1,7,5,200,0,0,0,1,200,200,200,14,0,1,200,200
0,200,30,0,0,0,1,12,5,200,0,0,0,0,200,200,1,21,14,1,200,200
0,200,30,0,0,0,1,12,5,200,0,0,0,0,200,200,1,21,14,0,27,200
1,200,30,0,0,0,1,12,5,200,0,0,0,0,200,200,1,21,14,1,27,200
0,200,30,0,0,0,1,7,5,200,0,0,0,0,200,200,200,0,0,0,200,200
0,200,30,0,0,0,1,10,5,2,0,0,0,0,1,200,200,18,16,0,200,200
0,200,30,0,0,0,1,10,5,2,0,0,0,0,1,200,200,18,16,0,200,200
1,200,30,0,0,0,1,10,5,2,0,0,0,0,1,200,200,18,16,1,200,200
0,200,35,0,200,0,1,7,5,4,0,0,0,0,200,200,200,20,200,0,37,200
1,200,35,0,200,0,1,7,5,4,0,0,0,0,200,200,200,20,200,1,54,200
0,200,20,0,0,0,1,7,5,3,0,0,0,1,200,200,1,11,0,1,200,200
0,200,25,0,0,0,1,7,5,200,0,0,0,0,200,200,200,0,200,1,37,200
0,200,30,0,0,0,1,0,7,3,0,0,200,0,200,1,200,20,200,1,58,200
0,200,30,0,0,0,1,0,7,3,0,0,200,0,200,1,200,20,200,1,38,200
0,200,35,200,200,0,1,10,5,200,0,0,0,0,200,200,200,0,200,0,200,200
0,200,35,200,200,0,1,10,5,200,0,0,0,0,200,200,200,0,200,1,200,200
0,200,10,0,0,0,1,7,7,200,0,0,0,0,200,200,200,0,200,0,36,200
0,200,30,0,0,0,1,10,5,4,0,0,0,1,200,200,200,27,16,1,34,200
0,200,30,0,0,0,1,10,5,4,0,0,0,1,200,200,200,27,16,1,39,200
0,200,30,0,0,0,1,10,5,4,0,0,0,1,200,200,200,27,16,0,41,200
1,200,30,0,0,0,1,10,5,4,0,0,0,1,200,200,200,27,16,1,12,200
1,200,30,0,0,0,1,10,5,4,0,0,0,1,200,200,200,27,16,1,11,200
1,200,30,0,0,0,1,10,5,4,0,0,0,1,200,200,200,27,16,1,28,200
1,200,30,0,0,0,1,10,5,4,0,0,0,1,200,200,200,27,16,1,200,200
1,200,30,0,0,0,1,10,5,4,0,0,0,1,200,200,200,27,16,0,200,200
1,200,30,0,0,0,1,10,5,4,0,0,0,1,200,200,200,27,16,0,7,200
1,200,30,0,0,0,1,10,5,4,0,0,0,1,200,200,200,27,16,1,6,200
0,200,30,0,0,0,1,10,3,8,0,0,0,0,200,200,200,0,0,0,200,200
0,200,30,0,0,0,1,10,3,8,0,0,0,0,200,200,200,0,0,0,200,200
1,200,30,0,0,0,1,10,3,8,0,0,0,0,200,200,200,0,0,1,200,200
0,200,30,0,0,0,1,7,5,2,0,0,0,0,200,200,1,17,0,0,200,200
1,200,30,0,0,0,1,7,5,2,0,0,0,0,200,200,1,17,0,1,200,200
0,200,30,1,2,0,1,10,5,200,0,0,0,0,200,200,1,0,200,0,200,200
0,200,30,1,2,0,1,10,5,200,0,0,0,0,200,200,1,0,200,0,62,200
0,200,30,1,2,0,1,10,5,200,0,0,0,0,200,200,1,0,200,0,53,200
1,200,30,1,2,0,1,10,5,200,0,0,0,0,200,200,1,0,200,1,53,200
1,200,30,1,2,0,1,10,5,200,0,0,0,0,200,200,1,0,200,1,53,200
0,200,30,0,0,0,1,10,2,2,0,0,0,0,200,200,200,18,16,0,46,200
0,200,30,0,0,0,1,10,2,2,0,0,0,0,200,200,200,18,16,0,24,200
1,200,30,0,0,0,1,10,2,2,0,0,0,0,200,200,200,18,16,0,27,200
0,200,25,0,0,0,1,10,5,200,0,0,0,1,0,200,200,18,200,0,18,200
0,200,25,0,0,0,1,10,5,200,0,0,0,1,0,200,200,18,200,0,28,200
0,200,25,0,0,0,1,10,5,200,0,0,0,1,0,200,200,18,200,0,45,200
1,200,25,0,0,0,1,10,5,200,0,0,0,1,0,200,200,18,200,1,25,200
1,200,25,0,0,0,1,10,5,200,0,0,0,1,0,200,200,18,200,1,19,200
1,200,30,2,0,0,1,9,5,2,0,0,200,0,200,200,1,23,0,200,200,200
0,200,30,2,0,0,1,9,5,2,0,0,200,0,200,200,1,23,0,1,200,200
5,200,30,2,0,0,1,9,5,2,0,0,200,0,200,200,1,23,0,1,24,200
0,200,30,1,2,0,1,14,5,200,0,0,0,0,200,200,200,0,0,1,200,200
0,200,30,1,2,0,1,14,5,200,0,0,0,0,200,200,200,0,0,1,36,200
0,200,30,0,0,0,3,7,5,200,0,0,0,0,200,200,1,0,0,0,200,200
1,200,30,0,0,0,3,7,5,200,0,0,0,0,200,200,1,0,0,0,37,200
0,1,30,0,0,200,200,7,6,200,0,200,200,0,200,200,1,0,200,2,200,200
1,200,30,1,2,0,1,12,2,2,0,0,0,0,200,200,1,21,200,1,200,200
0,200,30,1,2,0,1,12,2,2,0,0,0,0,200,200,1,21,200,2,200,200
0,200,30,1,2,0,1,12,2,2,0,0,0,0,200,200,1,21,200,0,0,200
0,200,30,1,2,0,1,14,5,200,0,0,0,0,1,200,200,0,0,1,22,200
0,200,30,1,2,0,1,14,5,200,0,0,0,0,1,200,200,0,0,0,38,200
0,200,15,0,0,0,1,2,0,1,0,0,0,1,200,0,200,8,200,0,31,200
0,200,30,1,200,0,1,10,6,3,0,0,200,0,200,200,200,0,0,1,21,200
0,200,30,1,200,0,1,10,6,3,0,0,200,0,200,200,200,0,0,1,59,200
0,200,30,1,200,0,1,10,6,3,0,0,200,0,200,200,200,0,0,1,49,200
1,200,30,1,200,0,1,10,6,3,0,0,200,0,200,200,200,0,0,0,200,200
0,200,30,2,2,0,1,12,2,2,0,0,0,0,200,200,200,11,11,1,28,200
0,200,30,2,2,0,1,12,2,2,0,0,0,0,200,200,200,11,11,0,40,200
0,200,25,0,0,0,1,0,2,2,0,0,0,1,200,200,1,17,200,0,200,200
0,200,25,0,0,0,1,0,2,2,0,0,0,1,200,200,1,17,200,0,27,200
1,200,25,0,0,0,1,0,2,2,0,0,0,1,200,200,1,17,200,1,200,200
1,200,25,0,0,0,1,0,2,2,0,0,0,1,200,200,1,17,200,0,200,200
1,200,25,0,0,0,1,0,2,2,0,0,0,1,200,200,1,17,200,0,36,200
0,200,30,0,0,0,4,7,6,2,0,0,0,0,200,200,200,200,200,0,0,200
0,200,30,2,2,0,3,10,2,2,0,0,0,1,1,200,200,18,200,1,35,200
0,200,30,2,2,0,3,10,2,2,0,0,0,1,1,200,200,18,200,1,48,200
0,200,30,0,0,0,2,10,7,200,0,0,0,0,200,1,200,200,200,1,200,200
0,200,30,0,0,0,2,10,7,200,0,0,0,0,200,1,200,200,200,1,48,200
0,200,30,0,0,0,1,10,5,2,0,0,0,0,200,200,200,20,200,0,31,200
0,200,30,0,0,0,1,10,5,2,0,0,0,0,200,200,200,20,200,0,58,200
1,200,30,0,0,0,1,10,5,2,0,0,0,0,200,200,200,20,200,0,89,200
1,200,30,0,0,0,1,10,5,2,0,0,0,0,200,200,200,20,200,1,56,200
0,200,30,0,0,0,4,12,5,2,0,0,0,0,200,200,200,21,11,0,38,200
0,200,30,0,0,0,4,12,5,2,0,0,0,0,200,200,200,21,11,0,66,200
0,200,30,1,2,0,1,10,5,2,0,0,0,0,200,200,200,18,16,0,36,200
0,200,30,1,2,0,1,10,5,2,0,0,0,0,200,200,200,18,16,0,47,200
1,200,30,1,2,0,1,10,5,2,0,0,0,0,200,200,200,18,16,1,41,200
1,200,30,1,2,0,1,10,5,2,0,0,0,0,200,200,200,18,16,1,4,200
1,200,30,1,2,0,1,10,5,2,0,0,0,0,200,200,200,18,16,1,14,200
1,200,30,1,2,0,1,10,5,2,0,0,0,0,200,200,200,18,16,1,200,200
1,200,30,1,2,0,1,10,5,2,0,0,0,0,200,200,200,18,16,0,12,200
1,200,30,1,2,0,1,10,5,2,0,0,0,0,200,200,200,18,16,0,6,200
0,200,35,0,0,0,1,12,5,200,0,0,0,0,200,200,200,21,16,1,28,200
0,200,35,0,0,0,1,12,5,200,0,0,0,0,200,200,200,21,16,0,19,200
1,200,35,0,0,0,1,12,5,200,0,0,0,0,200,200,200,21,16,1,200,200
0,200,30,0,0,0,4,12,5,200,0,0,0,1,200,200,1,200,200,0,200,200
0,200,30,0,0,0,4,12,5,200,0,0,0,1,200,200,1,200,200,1,26,200
1,200,30,0,0,0,4,12,5,200,0,0,0,1,200,200,1,200,200,1,200,200
1,200,30,0,0,0,4,12,5,200,0,0,0,1,200,200,1,200,200,2,200,200
0,200,30,1,200,0,1,10,5,2,0,200,200,1,1,200,200,18,16,1,30,200
0,200,30,1,200,0,1,10,5,2,0,200,200,1,1,200,200,18,16,0,53,200
0,200,45,0,0,0,3,10,3,3,0,0,0,1,200,200,200,21,200,0,43,200
0,200,45,0,0,0,3,10,3,3,0,0,0,1,200,200,200,21,200,0,72,200
0,200,30,1,2,0,1,10,5,2,0,0,0,1,1,200,200,18,16,0,57,200
0,200,30,1,2,0,1,10,5,2,0,0,0,1,1,200,200,18,16,1,61,200
0,200,30,1,2,0,1,10,5,2,0,0,0,1,1,200,200,18,16,2,200,200
0,200,25,0,0,0,1,7,6,1,0,0,0,0,200,200,1,0,200,2,200,200
0,200,30,0,0,0,1,7,5,200,0,0,0,0,200,200,1,0,200,2,200,200
0,200,30,0,0,0,1,10,2,4,0,0,0,0,200,200,200,18,200,0,73,200
0,200,30,0,0,0,1,10,2,4,0,0,0,0,200,200,200,18,200,0,44,200
0,200,30,1,2,0,3,10,5,2,0,0,0,0,1,200,200,18,200,0,30,200
0,200,30,1,2,0,3,10,5,2,0,0,0,0,1,200,200,18,200,0,72,200
1,200,30,1,2,0,3,10,5,2,0,0,0,0,1,200,200,18,200,0,57,200
0,200,30,2,2,0,1,0,5,2,0,0,0,0,1,200,1,17,200,0,200,200
0,200,30,2,2,0,1,0,5,2,0,0,0,0,1,200,1,17,200,0,200,200
0,200,30,0,0,0,1,7,5,200,0,0,0,0,200,200,200,200,200,0,200,200
1,200,30,0,0,0,1,7,5,200,0,0,0,0,200,200,200,200,200,1,200,200
0,200,30,2,2,0,3,10,5,4,0,0,0,0,0,200,200,18,0,0,22,200
0,200,30,2,2,0,3,10,5,4,0,0,0,0,0,200,200,18,0,0,41,200
1,200,30,2,2,0,3,10,5,4,0,0,0,0,0,200,200,18,0,1,44,200
1,200,30,2,2,0,3,10,5,4,0,0,0,0,0,200,200,18,0,1,18,200
0,200,35,12,12,0,3,3,2,200,0,0,0,0,200,200,200,200,200,0,200,200
0,200,35,12,12,0,3,3,2,200,0,0,0,0,200,200,200,200,200,0,27,200
1,200,35,12,12,0,3,3,2,200,0,0,0,0,200,200,200,200,200,0,200,200
1,200,35,12,12,0,3,3,2,200,0,0,0,0,200,200,200,200,200,0,200,200
1,200,35,12,12,0,3,3,2,200,0,0,0,0,200,200,200,200,200,0,200,200
1,200,35,12,12,0,3,3,2,200,0,0,0,0,200,200,200,200,200,0,200,200
0,200,30,200,200,200,4,7,5,2,2,200,200,0,200,200,200,200,0,0,54,200
0,200,30,0,0,0,3,7,7,200,0,0,0,0,200,200,200,25,200,1,50,200
0,200,5,0,0,0,1,7,0,1,0,0,0,0,200,200,1,0,200,2,200,200
0,200,30,0,0,0,4,0,6,3,0,0,3,1,200,200,200,17,0,1,28,200
0,200,30,0,0,0,4,0,6,3,0,0,3,1,200,200,200,17,0,1,29,200
1,200,30,0,0,0,4,0,6,3,0,0,3,1,200,200,200,17,0,0,28,200
1,200,30,0,0,0,4,0,6,3,0,0,3,1,200,200,200,17,0,1,200,200
1,200,30,0,0,0,4,0,6,3,0,0,3,1,200,200,200,17,0,1,200,200
0,200,20,0,0,0,3,10,5,200,0,0,0,0,200,200,200,20,200,0,22,200
0,200,20,0,0,0,3,10,5,200,0,0,0,0,200,200,200,20,200,0,27,200
0,200,30,2,2,0,1,0,5,2,0,0,0,1,1,200,200,0,0,0,49,200
0,200,30,2,2,0,1,0,5,2,0,0,0,1,1,200,200,0,0,1,28,200
1,200,30,2,2,0,1,0,5,2,0,0,0,1,1,200,200,0,0,0,8,200
1,200,30,2,2,0,1,0,5,2,0,0,0,1,1,200,200,0,0,1,2,200
1,200,30,2,2,0,1,0,5,2,0,0,0,1,1,200,200,0,0,0,2,200
0,200,30,0,0,0,1,12,5,4,0,0,0,0,200,200,200,0,0,1,43,200
0,200,30,0,0,0,1,12,5,4,0,0,0,0,200,200,200,0,0,0,54,200
0,200,15,0,0,200,1,0,7,2,0,0,0,0,200,200,200,17,17,1,20,200
0,200,15,0,0,200,1,0,7,2,0,0,0,0,200,200,200,17,17,1,21,200
0,200,15,0,0,0,3,10,7,200,0,0,0,0,200,200,200,18,200,1,58,200
0,200,15,0,0,0,3,10,7,200,0,0,0,0,200,200,200,18,200,1,32,200
1,200,15,0,0,0,3,10,7,200,0,0,0,0,200,200,200,18,200,0,200,200
1,200,15,0,0,0,3,10,7,200,0,0,0,0,200,200,200,18,200,0,200,200
1,200,15,0,0,0,3,10,7,200,0,0,0,0,200,200,200,18,200,0,200,200
1,200,15,0,0,0,3,10,7,200,0,0,0,0,200,200,200,18,200,1,200,200
1,200,15,0,0,0,3,10,7,200,0,0,0,0,200,200,200,18,200,1,200,200
0,200,30,1,2,0,3,14,5,200,0,0,0,1,1,200,200,0,0,1,45,200
0,200,30,1,2,0,3,14,5,200,0,0,0,1,1,200,200,0,0,1,30,200
0,1,30,0,0,0,3,10,5,2,0,0,0,0,200,200,200,18,0,0,54,200
0,1,30,0,0,0,3,10,5,2,0,0,0,0,200,200,200,18,0,1,34,200
0,200,30,0,0,5,3,7,5,200,2,0,200,0,200,200,1,25,0,2,200,200
0,200,30,0,0,0,0,10,5,4,0,0,0,0,200,200,200,18,200,0,200,200
0,200,30,0,0,0,0,10,5,4,0,0,0,0,200,200,200,18,200,0,41,200
1,200,30,0,0,0,0,10,5,4,0,0,0,0,200,200,200,18,200,0,16,200
1,200,30,0,0,0,0,10,5,4,0,0,0,0,200,200,200,18,200,200,200,200
0,200,15,0,0,0,0,7,6,1,0,0,0,0,200,200,1,0,200,2,200,200
0,200,30,1,2,0,3,10,5,4,0,0,0,0,200,200,200,0,0,0,38,200
0,200,30,1,2,0,3,10,5,4,0,0,0,0,200,200,200,0,0,0,24,200
0,200,30,0,0,0,3,7,5,200,0,0,200,1,200,200,1,0,200,2,200,200
0,200,30,1,2,0,3,10,2,200,0,0,0,1,200,200,1,18,14,0,200,200
0,200,30,1,2,0,3,10,2,200,0,0,0,1,200,200,1,18,14,0,41,200
1,200,30,1,2,0,3,10,2,200,0,0,0,1,200,200,1,18,14,0,41,200
1,200,30,1,2,0,3,10,2,200,0,0,0,1,200,200,1,18,14,1,15,200
0,200,30,0,0,0,3,7,6,1,0,0,0,0,200,200,1,20,200,0,200,200
0,200,30,1,2,0,3,10,5,2,0,200,200,0,200,200,1,0,200,1,200,200
0,200,30,1,2,0,3,10,5,2,0,200,200,0,200,200,1,0,200,0,50,200
1,200,30,1,2,0,3,10,5,2,0,200,200,0,200,200,1,0,200,1,200,200
1,200,30,1,2,0,3,10,5,2,0,200,200,0,200,200,1,0,200,1,200,200
0,200,30,1,2,0,3,12,2,8,0,0,0,0,200,200,1,18,22,0,200,200
0,200,30,1,2,0,3,12,2,8,0,0,0,0,200,200,1,18,22,1,34,200
0,200,30,0,0,0,3,7,5,2,0,0,0,1,200,200,1,14,7,1,200,200
0,200,30,1,2,0,3,0,2,200,0,0,0,1,200,200,200,6,16,0,64,200
0,200,30,1,2,0,3,0,2,200,0,0,0,1,200,200,200,6,16,2,200,200
0,200,30,1,2,0,3,0,2,200,0,0,0,1,200,200,200,6,16,0,39,200
0,1,30,200,200,0,4,12,5,3,0,0,0,1,200,200,1,0,0,0,200,200
0,1,30,200,200,0,4,12,5,3,0,0,0,1,200,200,1,0,0,0,200,200
1,1,30,200,200,0,4,12,5,3,0,0,0,1,200,200,1,0,0,0,41,200
0,1,30,1,2,0,3,14,5,4,0,0,0,0,1,200,200,23,21,0,55,200
0,1,30,1,2,0,3,14,5,4,0,0,0,0,1,200,200,23,21,0,52,200
0,200,30,1,200,0,3,10,5,2,0,0,0,0,200,200,1,18,16,0,200,200
0,200,30,1,200,0,3,10,5,2,0,0,0,0,200,200,1,18,16,0,25,200
0,200,30,0,0,0,3,0,5,200,0,0,0,0,200,200,200,16,0,0,200,200
0,200,30,0,0,0,3,0,5,200,0,0,0,0,200,200,200,16,0,0,24,200
0,200,30,0,0,0,3,7,5,2,0,0,0,0,200,200,200,22,22,0,44,200
0,0,20,1,2,0,200,7,7,200,0,0,0,0,200,200,200,25,11,2,200,200
0,200,30,1,2,0,3,10,5,2,0,0,0,0,200,200,200,0,0,0,27,200
0,200,30,1,2,0,3,10,5,2,0,0,0,0,200,200,200,0,0,0,33,200
0,200,5,0,0,0,1,11,7,200,0,0,0,0,200,200,200,0,200,0,49,200
0,200,5,0,0,0,1,11,7,200,0,0,0,0,200,200,200,0,200,0,48,200
1,200,5,0,0,0,1,11,7,200,0,0,0,0,200,200,200,0,200,1,42,200
1,200,5,0,0,0,1,11,7,200,0,0,0,0,200,200,200,0,200,0,17,200
1,200,5,0,0,0,1,11,7,200,0,0,0,0,200,200,200,0,200,1,2,200
1,200,5,0,0,0,1,11,7,200,0,0,0,0,200,200,200,0,200,0,12,200
0,200,30,200,200,0,4,12,5,200,0,0,200,0,200,200,200,0,200,0,21,200
0,200,30,200,200,0,4,12,5,200,0,0,200,0,200,200,200,0,200,0,32,200
0,200,35,2,2,0,3,14,5,2,0,0,0,1,1,200,200,17,200,0,33,200
0,200,35,2,2,0,3,14,5,2,0,0,0,1,1,200,200,17,200,1,54,200
1,200,35,2,2,0,3,14,5,2,0,0,0,1,1,200,200,17,200,1,36,200
0,200,30,1,2,0,3,10,6,3,0,0,0,1,1,200,1,18,200,0,200,200
0,200,30,1,2,0,3,10,6,3,0,0,0,1,1,200,1,18,200,0,33,200
0,200,35,1,2,0,3,14,5,2,0,0,200,1,1,200,200,23,0,0,20,200
0,200,35,1,2,0,3,14,5,2,0,0,200,1,1,200,200,23,0,1,24,200
1,200,35,1,2,0,3,14,5,2,0,0,200,1,1,200,200,23,0,0,24,200
1,200,35,1,2,0,3,14,5,2,0,0,200,1,1,200,200,23,0,1,200,200
1,200,35,1,2,0,3,14,5,2,0,0,200,1,1,200,200,23,0,1,200,200
1,200,35,1,2,0,3,14,5,2,0,0,200,1,1,200,200,23,0,0,20,200
0,200,30,0,0,0,3,12,200,4,0,0,200,0,200,200,1,10,0,0,46,200
0,200,30,0,0,0,3,12,200,4,0,0,200,0,200,200,1,10,0,0,200,200
0,1,15,1,2,0,1,0,5,200,0,0,0,1,200,200,0,200,200,0,0,200
0,1,15,1,2,0,1,0,5,200,0,0,0,1,200,200,0,200,200,1,31,200
0,200,30,1,2,0,3,10,5,200,0,0,0,0,200,200,1,16,200,0,200,200
0,200,30,1,2,0,3,10,5,200,0,0,0,0,200,200,1,16,200,0,31,200
1,200,30,1,2,0,3,10,5,200,0,0,0,0,200,200,1,16,200,1,55,200
0,200,30,0,0,0,3,12,5,2,0,0,0,0,200,200,200,0,0,0,22,200
0,200,30,0,0,0,3,12,5,2,0,0,0,0,200,200,200,0,0,0,41,200
4,200,30,0,0,0,3,8,5,2,0,0,0,0,200,200,200,23,21,0,200,200
0,200,30,0,0,0,3,8,5,2,0,0,0,0,200,200,200,23,21,1,24,200
0,200,30,0,0,0,3,7,6,1,0,0,0,1,200,200,200,32,200,0,32,0.17
0,200,30,1,2,0,3,14,6,4,0,0,0,0,1,200,200,0,0,1,18,200
0,200,30,1,2,0,3,14,6,4,0,0,0,0,1,200,200,0,0,0,43,200
0,200,30,0,0,0,3,10,3,4,0,0,12,0,200,200,1,18,200,0,200,200
0,200,30,0,0,0,3,10,3,4,0,0,12,0,200,200,1,18,200,2,200,200
0,200,30,0,0,0,3,10,3,4,0,0,12,0,200,200,1,18,200,0,25,200
0,200,25,3,0,0,3,14,6,1,0,0,0,0,200,200,1,25,21,2,200,200
0,200,25,3,0,0,3,14,6,1,0,0,0,0,200,200,1,25,21,0,42,200
0,200,30,0,0,0,3,12,5,4,0,0,0,0,200,200,200,0,200,1,24,200
0,200,30,0,0,0,3,12,5,4,0,0,0,0,200,200,200,0,200,1,34,200
0,200,30,0,0,0,0,12,5,4,0,0,0,0,200,200,1,21,200,0,200,200
0,200,30,0,0,0,0,12,5,4,0,0,0,0,200,200,1,21,200,1,17,200
0,1,30,2,0,0,200,0,200,1,0,0,200,0,1,200,0,5,16,1,200,200
0,1,30,2,0,0,200,0,200,1,0,0,200,0,1,200,0,5,16,0,21,200
1,1,30,2,0,0,200,0,200,1,0,0,200,0,1,200,0,5,16,200,200,200
0,200,30,2,2,0,1,14,2,2,0,0,2,1,200,200,200,23,25,0,16,200
0,200,30,2,2,0,1,14,2,2,0,0,2,1,200,200,200,23,25,0,38,200
0,200,30,2,2,0,3,0,5,2,0,0,0,0,1,200,200,17,200,1,22,200
0,200,30,2,2,0,3,0,5,2,0,0,0,0,1,200,200,17,200,1,22,200
1,200,30,2,2,0,3,0,5,2,0,0,0,0,1,200,200,17,200,0,19,200
0,200,30,1,2,0,3,10,1,4,0,0,200,0,200,200,1,0,0,0,200,200
0,200,30,1,2,0,3,10,1,4,0,0,200,0,200,200,1,0,0,0,39,200
1,200,30,1,2,0,3,10,1,4,0,0,200,0,200,200,1,0,0,2,200,200
0,200,35,1,2,0,3,14,6,3,0,0,0,1,1,200,200,23,0,1,39,200
0,200,35,1,2,0,3,14,6,3,0,0,0,1,1,200,200,23,0,1,24,200
0,200,30,0,0,0,3,7,6,200,0,0,0,0,200,200,1,0,0,2,200,200
0,200,30,2,2,0,3,0,5,2,0,0,0,0,200,200,1,17,16,2,200,200
0,200,30,2,2,0,3,0,5,2,0,0,0,0,200,200,1,17,16,1,29,200
0,200,35,1,2,0,3,0,5,2,0,0,0,0,1,200,1,6,200,1,200,200
0,200,35,1,2,0,3,0,5,2,0,0,0,0,1,200,1,6,200,0,55,200
1,200,35,1,2,0,3,0,5,2,0,0,0,0,1,200,1,6,200,200,200,200