PERSON_TYPE,CRASH_DATE_EST_I,POSTED_SPEED_LIMIT,TRAFFIC_CONTROL_DEVICE,DEVICE_CONDITION,WEATHER_CONDITION,LIGHTING_CONDITION,FIRST_CRASH_TYPE,TRAFFICWAY_TYPE,LANE_CNT,ALIGNMENT,ROADWAY_SURFACE_COND,ROAD_DEFECT,CRASH_TYPE,INTERSECTION_RELATED_I,NOT_RIGHT_OF_WAY_I,HIT_AND_RUN_I,PRIM_CONTRIBUTORY_CAUSE,SEC_CONTRIBUTORY_CAUSE,SEX,AGE,BAC_RESULT VALUE
1,200,35,1,2,0,3,0,5,2,0,0,0,0,1,200,1,6,200,200,200,200
1,200,35,1,2,0,3,0,5,2,0,0,0,0,1,200,1,6,200,200,200,200
0,200,30,0,0,0,3,12,5,2,0,0,0,0,1,200,200,17,18,0,42,200
0,200,30,0,0,0,3,12,5,2,0,0,0,0,1,200,200,17,18,1,47,200
0,200,30,0,0,0,3,12,5,2,0,0,0,0,1,200,200,17,18,1,43,200
1,200,30,0,0,0,3,12,5,2,0,0,0,0,1,200,200,17,18,0,31,200
1,200,30,0,0,0,3,12,5,2,0,0,0,0,1,200,200,17,18,0,31,200
1,200,30,0,0,0,3,12,5,2,0,0,0,0,1,200,200,17,18,1,30,200
1,200,30,0,0,0,3,12,5,2,0,0,0,0,1,200,200,17,18,1,28,200
0,200,30,1,2,0,3,14,2,200,0,0,0,0,1,200,200,17,17,1,17,200
0,200,30,1,2,0,3,14,2,200,0,0,0,0,1,200,200,17,17,0,58,200
1,200,30,1,2,0,3,14,2,200,0,0,0,0,1,200,200,17,17,200,200,200
1,200,30,1,2,0,3,14,2,200,0,0,0,0,1,200,200,17,17,200,200,200
1,200,30,1,2,0,3,14,2,200,0,0,0,0,1,200,200,17,17,200,200,200
1,200,30,1,2,0,3,14,2,200,0,0,0,0,1,200,200,17,17,200,200,200
1,200,30,1,2,0,3,14,2,200,0,0,0,0,1,200,200,17,17,200,200,200
0,200,30,0,0,0,3,2,6,1,0,0,0,1,200,200,200,11,200,1,200,200
1,200,30,0,0,0,3,2,6,1,0,0,0,1,200,200,200,11,200,0,39,200
0,200,30,0,0,0,3,2,200,200,0,0,200,0,200,200,1,0,0,2,200,200
0,200,30,2,0,0,0,0,5,2,0,0,0,1,1,200,200,17,0,0,58,200
0,200,30,2,0,0,0,0,5,2,0,0,0,1,1,200,200,17,0,1,30,200
1,200,30,2,0,0,0,0,5,2,0,0,0,1,1,200,200,17,0,0,30,200
0,200,35,1,2,0,3,10,5,200,0,0,0,1,1,200,1,18,27,0,200,200
0,200,35,1,2,0,3,10,5,200,0,0,0,1,1,200,1,18,27,0,43,200
0,200,30,0,200,0,0,5,5,200,0,0,0,1,200,200,1,0,200,0,200,200
0,200,30,1,2,0,3,12,6,3,0,0,0,0,200,200,200,22,16,0,30,200
0,200,30,1,2,0,3,12,6,3,0,0,0,0,200,200,200,22,16,0,29,200
1,200,30,1,2,0,3,12,6,3,0,0,0,0,200,200,200,22,16,0,200,200
0,200,30,0,2,0,0,12,2,2,0,0,0,1,200,200,1,20,0,0,200,200
0,200,30,0,2,0,0,12,2,2,0,0,0,1,200,200,1,20,0,0,27,200
0,200,15,0,0,0,200,0,7,200,0,200,200,0,200,1,200,17,0,1,200,200
0,200,15,0,0,0,200,0,7,200,0,200,200,0,200,1,200,17,0,0,57,200
0,200,30,0,0,0,3,12,5,200,0,0,0,0,200,200,200,17,200,0,34,200
0,200,30,0,0,0,3,12,5,200,0,0,0,0,200,200,200,17,200,1,59,200
0,200,30,0,0,0,3,7,5,200,0,0,0,1,200,200,1,0,200,0,200,200
0,200,30,1,2,0,3,10,2,200,0,0,200,1,1,200,1,0,200,1,200,200
0,200,30,1,2,0,3,10,2,200,0,0,200,1,1,200,1,0,200,1,27,200
1,200,30,1,2,0,3,10,2,200,0,0,200,1,1,200,1,0,200,1,200,200
1,200,30,1,2,0,3,10,2,200,0,0,200,1,1,200,1,0,200,1,64,200
0,200,35,0,0,0,3,7,5,2,0,0,0,1,200,200,200,0,11,1,36,200
0,200,20,0,0,0,3,7,6,200,0,0,3,0,200,200,1,0,11,2,200,200
0,200,30,0,0,0,0,10,2,2,0,0,200,1,200,200,200,18,18,1,0,200
0,200,30,0,0,0,0,10,2,2,0,0,200,1,200,200,200,18,18,1,28,200
1,200,30,0,0,0,0,10,2,2,0,0,200,1,200,200,200,18,18,1,41,200
1,200,30,0,0,0,0,10,2,2,0,0,200,1,200,200,200,18,18,1,37,200
0,200,30,1,2,0,3,14,5,200,0,0,0,0,200,200,200,23,200,1,25,200
0,200,30,1,2,0,3,14,5,200,0,0,0,0,200,200,200,23,200,0,27,200
1,200,30,1,2,0,3,14,5,200,0,0,0,0,200,200,200,23,200,0,25,200
0,1,30,0,0,0,3,2,5,2,0,0,0,1,200,200,0,0,0,2,200,200
0,200,35,200,200,0,0,12,5,2,0,0,0,0,200,200,200,22,32,0,29,200
0,200,35,200,200,0,0,12,5,2,0,0,0,0,200,200,200,22,32,0,49,200
0,200,35,0,0,0,3,2,3,200,0,0,0,1,200,200,1,0,200,2,200,200
0,0,30,0,0,0,3,9,5,4,0,0,0,1,200,200,1,10,200,2,200,200
5,0,30,0,0,0,3,9,5,4,0,0,0,1,200,200,1,10,200,1,55,200
0,200,30,0,0,0,3,11,5,4,0,0,0,0,200,200,1,0,0,2,200,200
0,200,30,0,0,0,3,11,5,4,0,0,0,0,200,200,1,0,0,0,45,200
0,1,30,1,2,0,3,14,5,2,0,0,0,0,200,200,200,6,0,1,200,200
0,1,30,1,2,0,3,14,5,2,0,0,0,0,200,200,200,6,0,1,20,200
0,200,30,0,0,0,3,2,3,6,2,0,0,1,200,200,200,27,0,1,18,200
1,200,30,0,0,0,3,2,3,6,2,0,0,1,200,200,200,27,0,0,22,200
0,200,30,1,2,0,3,12,2,200,0,0,0,0,200,200,1,17,17,0,200,200
0,200,30,1,2,0,3,12,2,200,0,0,0,0,200,200,1,17,17,1,36,200
1,200,30,1,2,0,3,12,2,200,0,0,0,0,200,200,1,17,17,0,35,200
0,200,30,0,0,0,3,7,5,2,0,0,0,0,200,200,1,20,200,0,200,200
1,200,30,0,0,0,3,7,5,2,0,0,0,0,200,200,1,20,200,0,43,200
0,200,30,1,2,0,3,12,5,2,0,0,0,0,1,200,200,17,17,0,19,200
0,200,30,1,2,0,3,12,5,2,0,0,0,0,1,200,200,17,17,1,32,200
0,0,30,1,12,0,3,10,6,2,0,0,0,1,200,200,200,18,0,0,37,200
0,0,30,1,12,0,3,10,6,2,0,0,0,1,200,200,200,18,0,1,64,200
1,0,30,1,12,0,3,10,6,2,0,0,0,1,200,200,200,18,0,0,43,200
1,0,30,1,12,0,3,10,6,2,0,0,0,1,200,200,200,18,0,1,49,200
0,1,30,0,0,0,3,7,6,200,0,0,0,1,200,200,200,7,200,1,37,200
1,1,30,0,0,0,3,7,6,200,0,0,0,1,200,200,200,7,200,0,35,200
0,200,30,0,0,0,3,7,5,2,0,0,0,1,200,1,1,0,0,2,200,200
0,200,40,0,0,0,3,12,3,4,0,0,0,0,200,200,1,22,0,2,200,200
0,200,40,0,0,0,3,12,3,4,0,0,0,0,200,200,1,22,0,0,38,200
0,200,25,0,0,0,0,7,5,200,0,0,0,0,200,200,1,0,0,2,200,200
1,200,25,0,0,0,0,7,5,200,0,0,0,0,200,200,1,0,0,200,200,200
0,200,30,0,0,0,3,12,5,4,0,0,0,0,200,200,200,0,0,0,66,200
0,200,30,0,0,0,3,12,5,4,0,0,0,0,200,200,200,0,0,0,24,200
0,200,25,0,2,0,0,7,3,2,0,0,0,1,200,200,1,0,0,0,200,200
0,200,10,0,0,0,3,9,7,200,0,0,0,0,200,1,200,12,11,0,64,200
5,200,10,0,0,0,3,9,7,200,0,0,0,0,200,1,200,12,11,1,29,200
5,200,10,0,0,0,3,9,7,200,0,0,0,0,200,1,200,12,11,0,30,200
5,200,10,0,0,0,3,9,7,200,0,0,0,0,200,1,200,12,11,1,22,200
5,200,10,0,0,0,3,9,7,200,0,0,0,0,200,1,200,12,11,0,23,200
0,200,30,0,0,0,3,3,5,2,0,0,0,1,200,200,200,32,0,0,56,200
0,200,30,0,0,0,3,3,5,2,0,0,0,1,200,200,200,32,0,1,29,200
1,200,30,0,0,0,3,3,5,2,0,0,0,1,200,200,200,32,0,0,200,200
0,200,30,1,2,0,3,12,12,4,0,0,0,0,1,200,200,21,21,1,24,200
0,200,30,1,2,0,3,12,12,4,0,0,0,0,1,200,200,21,21,0,23,200
1,200,30,1,2,0,3,12,12,4,0,0,0,0,1,200,200,21,21,0,200,200
1,200,30,1,2,0,3,12,12,4,0,0,0,0,1,200,200,21,21,0,200,200
0,200,30,0,0,0,3,7,5,2,0,0,0,0,200,200,1,16,200,0,200,200
0,200,30,1,2,0,3,8,5,200,0,0,0,0,1,200,200,17,200,0,23,200
4,200,30,1,2,0,3,8,5,200,0,0,0,0,1,200,200,17,200,0,23,200
0,200,25,1,200,0,3,14,2,2,0,0,0,0,1,200,200,3,16,0,21,200
0,200,25,1,200,0,3,14,2,2,0,0,0,0,1,200,200,3,16,0,34,200
0,200,30,0,0,0,3,2,6,2,0,0,0,1,200,1,200,0,200,1,31,200
1,200,30,0,0,0,3,2,6,2,0,0,0,1,200,1,200,0,200,0,28,200
0,200,30,0,0,0,0,12,5,4,0,0,0,0,200,200,200,21,200,0,66,200
0,200,30,0,0,0,0,12,5,4,0,0,0,0,200,200,200,21,200,0,24,200
0,1,30,0,0,0,3,7,6,1,0,0,0,0,200,200,1,0,0,2,200,200
0,200,30,0,0,0,3,7,6,200,0,0,0,1,200,200,1,19,14,0,200,200
1,200,30,0,0,0,3,7,6,200,0,0,0,1,200,200,1,19,14,1,23,200
0,200,30,0,0,0,3,7,5,2,0,200,200,1,200,200,1,0,200,2,200,200
0,200,35,0,0,0,3,9,5,200,0,0,0,1,200,200,1,25,0,0,200,200
5,200,35,0,0,0,3,9,5,200,0,0,0,1,200,200,1,25,0,0,45,200
0,200,30,0,0,0,0,7,5,200,0,0,0,1,1,200,0,16,0,2,200,200
1,200,30,0,0,0,0,7,5,200,0,0,0,1,1,200,0,16,0,2,200,200
0,200,30,3,2,0,3,12,5,2,0,0,0,0,200,200,200,7,7,0,46,200
0,200,30,3,2,0,3,12,5,2,0,0,0,0,200,200,200,7,7,1,26,200
0,200,20,0,0,2,2,7,200,200,0,0,0,0,200,200,200,11,15,1,48,200
0,200,30,0,0,0,3,7,5,2,0,0,0,1,200,200,200,7,7,0,32,200
0,200,30,1,2,0,3,0,2,4,0,0,0,1,1,200,200,0,0,0,48,200
0,200,30,1,2,0,3,0,2,4,0,0,0,1,1,200,200,0,0,0,31,200
0,200,30,2,2,0,2,7,6,200,0,0,0,1,1,200,200,7,200,0,23,200
1,200,30,2,2,0,2,7,6,200,0,0,0,1,1,200,200,7,200,0,200,200
0,200,30,0,0,0,2,5,5,2,0,0,0,0,200,200,0,0,0,0,37,200
1,200,30,0,0,0,2,5,5,2,0,0,0,0,200,200,0,0,0,1,38,200
0,200,30,1,2,0,2,10,2,200,0,0,0,1,200,200,1,0,0,0,200,200
0,200,30,1,2,0,2,10,2,200,0,0,0,1,200,200,1,0,0,0,200,200
0,200,30,0,0,0,3,2,3,4,0,0,0,1,200,200,200,0,0,1,25,200
0,200,30,0,0,0,200,2,2,4,0,0,0,1,1,200,1,0,200,2,200,200
0,200,35,0,0,200,200,7,5,200,0,0,0,0,200,200,1,0,0,2,200,200
0,200,30,0,0,0,200,7,5,2,0,0,0,1,200,200,1,21,17,2,200,200
0,200,30,0,0,0,2,7,5,200,0,0,0,1,200,200,1,0,0,0,200,200
0,200,0,0,0,0,2,11,7,200,0,0,0,0,200,1,200,33,17,0,51,200
0,200,0,0,0,0,2,11,7,200,0,0,0,0,200,1,200,33,17,0,57,200
0,200,30,0,0,0,200,7,6,200,0,0,0,0,200,200,1,0,0,1,200,200
0,1,30,0,0,0,1,2,5,2,0,0,0,1,200,1,1,0,0,2,200,200
0,200,30,0,0,0,1,7,6,200,0,0,0,1,200,200,200,0,200,2,200,200
1,200,30,0,0,0,1,7,6,200,0,0,0,1,200,200,200,0,200,0,17,200
0,200,25,0,0,0,1,7,5,200,0,0,0,1,200,200,200,27,16,0,36,200
0,200,30,0,0,0,1,2,5,2,0,0,0,1,200,200,1,0,0,0,200,200
0,0,30,0,0,0,1,8,5,4,0,0,0,0,200,200,200,0,0,0,200,200
4,0,30,0,0,0,1,8,5,4,0,0,0,0,200,200,200,0,0,0,200,200
0,1,30,1,2,0,3,10,2,200,0,0,0,0,1,200,1,0,0,0,200,200
0,1,30,1,2,0,3,10,2,200,0,0,0,0,1,200,1,0,0,1,52,200
0,200,55,0,0,0,1,5,3,6,1,0,0,1,200,200,200,200,200,0,27,200
1,200,55,0,0,0,1,5,3,6,1,0,0,1,200,200,200,200,200,1,22,200
0,200,30,1,2,0,1,0,3,2,0,0,0,0,1,200,1,6,6,0,200,200
0,200,30,1,2,0,1,0,3,2,0,0,0,0,1,200,1,6,6,0,26,200
0,200,10,0,0,0,1,7,7,200,0,0,0,0,200,200,1,20,200,1,200,200
0,200,30,0,0,0,1,14,5,4,0,0,0,0,200,200,200,23,23,1,54,200
0,200,30,0,0,0,1,14,5,4,0,0,0,0,200,200,200,23,23,0,27,200
0,200,30,0,0,0,1,2,5,200,0,0,0,0,200,200,200,8,200,1,91,200
0,200,30,0,0,0,1,7,5,4,0,0,2,0,200,200,200,21,11,1,54,200
0,1,30,1,2,0,1,10,5,3,0,0,0,0,200,200,200,0,0,0,26,200
0,1,30,1,2,0,1,10,5,3,0,0,0,0,200,200,200,0,0,0,64,200
1,1,30,1,2,0,1,10,5,3,0,0,0,0,200,200,200,0,0,0,56,200
0,1,30,0,0,0,0,7,5,200,0,0,0,1,200,200,1,0,0,2,200,200
0,200,30,2,2,0,1,10,5,4,2,0,0,0,200,200,1,16,200,0,200,200
0,200,30,2,2,0,1,10,5,4,2,0,0,0,200,200,1,16,200,1,57,200
0,200,30,2,2,0,1,10,5,2,0,0,0,0,200,200,200,18,0,0,200,200
0,200,30,2,2,0,1,10,5,2,0,0,0,0,200,200,200,18,0,0,51,200
1,200,30,2,2,0,1,10,5,2,0,0,0,0,200,200,200,18,0,1,200,200
0,200,30,0,0,0,1,10,5,2,0,0,0,0,200,200,200,18,0,0,31,200
0,200,30,0,0,0,1,10,5,2,0,0,0,0,200,200,200,18,0,0,33,200
0,200,30,1,2,0,1,12,6,3,0,0,0,0,200,200,1,0,0,2,200,200
0,200,30,1,2,0,1,12,6,3,0,0,0,0,200,200,1,0,0,1,62,200
0,200,25,0,0,0,1,7,7,200,0,0,0,0,200,1,1,15,16,2,200,200
0,1,25,0,0,200,200,7,6,1,0,200,200,0,200,200,1,0,0,2,200,200
0,200,30,0,0,0,1,12,5,4,0,0,0,0,200,200,200,0,200,0,25,200
0,200,30,0,0,0,1,12,5,4,0,0,0,0,200,200,200,0,200,1,58,200
1,200,30,0,0,0,1,12,5,4,0,0,0,0,200,200,200,0,200,1,200,200
1,200,30,0,0,0,1,12,5,4,0,0,0,0,200,200,200,0,200,0,200,200
0,200,30,0,0,0,1,12,5,200,0,0,0,1,200,200,200,0,200,1,43,200
0,200,30,0,0,0,1,12,5,200,0,0,0,1,200,200,200,0,200,1,26,200
0,200,25,0,0,0,1,7,6,1,0,0,0,0,200,200,1,0,200,2,200,200
0,200,30,0,0,0,1,10,6,2,0,0,0,0,200,200,200,18,200,0,21,200
0,200,30,0,0,0,1,10,6,2,0,0,0,0,200,200,200,18,200,0,57,200
0,200,15,0,0,0,1,10,7,1,0,0,0,0,200,1,200,20,17,1,55,200
0,200,15,0,0,0,1,10,7,1,0,0,0,0,200,1,200,20,17,0,29,200
0,1,30,0,0,0,200,7,6,1,0,0,0,0,200,200,1,0,200,2,200,200
0,200,30,0,0,0,1,12,5,200,0,0,0,0,200,200,200,17,20,0,29,200
0,200,30,0,0,0,1,12,5,200,0,0,0,0,200,200,200,17,20,1,26,200
1,200,30,0,0,0,1,12,5,200,0,0,0,0,200,200,200,17,20,0,200,200
0,200,25,0,0,0,200,7,5,2,0,0,200,0,200,200,1,0,0,2,200,200
0,200,30,0,0,0,1,10,5,200,0,0,200,0,200,200,200,18,0,0,23,200
0,200,30,0,0,0,1,10,5,200,0,0,200,0,200,200,200,18,0,1,29,200
0,1,30,1,2,0,1,14,2,4,0,0,0,0,1,200,1,0,0,2,200,200
0,1,30,1,2,0,1,14,2,4,0,0,0,0,1,200,1,0,0,0,63,200
0,200,30,1,2,0,1,10,5,4,0,0,0,0,200,200,200,7,200,0,57,200
0,200,30,1,2,0,1,10,5,4,0,0,0,0,200,200,200,7,200,0,23,200
1,200,30,1,2,0,1,10,5,4,0,0,0,0,200,200,200,7,200,0,200,200
0,200,15,0,0,0,1,7,0,1,0,0,0,0,200,1,200,23,0,1,27,200
0,200,30,1,2,0,1,10,5,2,0,0,0,0,200,200,200,11,0,0,20,200
0,200,30,1,2,0,1,10,5,2,0,0,0,0,200,200,200,11,0,0,52,200
1,200,30,1,2,0,1,10,5,2,0,0,0,0,200,200,200,11,0,1,200,200
1,200,30,1,2,0,1,10,5,2,0,0,0,0,200,200,200,11,0,1,200,200
0,1,30,200,200,200,200,7,5,1,0,200,0,0,200,200,1,200,200,2,200,200
0,200,30,1,2,0,1,9,5,2,0,0,0,1,1,200,200,11,0,0,30,200
5,200,30,1,2,0,1,9,5,2,0,0,0,1,1,200,200,11,0,1,66,200
0,200,15,0,0,0,1,7,7,200,0,200,200,0,200,200,1,0,0,1,200,200
0,200,30,0,0,0,1,12,5,2,0,0,0,0,200,200,200,17,200,1,60,200
0,200,30,0,0,0,1,12,5,2,0,0,0,0,200,200,200,17,200,1,70,200
0,200,25,1,2,0,1,8,5,2,0,0,0,1,1,200,200,17,17,0,75,200
4,200,25,1,2,0,1,8,5,2,0,0,0,1,1,200,200,17,17,0,73,200
0,200,30,0,0,0,3,7,5,200,0,0,0,0,200,200,1,0,200,2,200,200
0,200,30,0,0,0,1,12,5,2,0,0,0,0,200,200,1,17,0,0,200,200
0,200,30,0,0,0,1,12,5,2,0,0,0,0,200,200,1,17,0,0,27,200
0,200,30,1,2,0,1,0,5,7,0,0,0,1,1,200,200,6,11,1,53,200
0,200,30,1,2,0,1,0,5,7,0,0,0,1,1,200,200,6,11,1,42,200
0,200,30,0,0,0,1,10,5,200,0,0,0,0,200,200,200,22,200,1,200,200
0,200,30,0,0,0,1,10,5,200,0,0,0,0,200,200,200,22,200,1,55,200
0,200,30,1,2,0,3,14,2,2,0,0,0,0,1,200,1,23,200,2,200,200
0,200,30,1,2,0,3,14,2,2,0,0,0,0,1,200,1,23,200,1,24,200
0,200,25,1,2,0,1,10,2,200,0,0,0,1,1,200,200,200,200,0,20,200
0,200,25,1,2,0,1,10,2,200,0,0,0,1,1,200,200,200,200,1,28,200
1,200,25,1,2,0,1,10,2,200,0,0,0,1,1,200,200,200,200,0,20,200
1,200,25,1,2,0,1,10,2,200,0,0,0,1,1,200,200,200,200,0,23,200
0,200,15,0,0,0,1,0,0,200,0,0,0,0,200,200,200,0,200,0,36,200
0,200,15,0,0,0,1,0,0,200,0,0,0,0,200,200,200,0,200,1,35,200
1,200,15,0,0,0,1,0,0,200,0,0,0,0,200,200,200,0,200,0,12,200
0,200,30,0,0,0,1,7,5,2,0,0,0,0,200,200,200,20,200,0,83,200
0,200,30,0,0,0,1,12,5,4,0,0,0,0,200,200,200,200,200,0,43,200
0,200,30,0,0,0,1,12,5,4,0,0,0,0,200,200,200,200,200,0,40,200
0,200,25,0,0,0,1,14,5,200,0,0,0,0,200,200,200,0,200,1,50,200
0,200,25,0,0,0,1,14,5,200,0,0,0,0,200,200,200,0,200,1,27,200
0,200,45,0,0,0,1,12,3,8,0,200,200,0,200,200,200,21,18,1,41,200
0,200,45,0,0,0,1,12,3,8,0,200,200,0,200,200,200,21,18,0,43,200
1,200,45,0,0,0,1,12,3,8,0,200,200,0,200,200,200,21,18,1,34,200
1,200,45,0,0,0,1,12,3,8,0,200,200,0,200,200,200,21,18,1,5,200
1,200,45,0,0,0,1,12,3,8,0,200,200,0,200,200,200,21,18,1,200,200
0,200,30,2,2,0,1,14,5,200,0,0,0,0,200,200,1,200,200,0,30,200
0,200,30,2,2,0,1,14,5,200,0,0,0,0,200,200,1,200,200,0,200,200
1,200,30,2,2,0,1,14,5,200,0,0,0,0,200,200,1,200,200,0,200,200
1,200,30,2,2,0,1,14,5,200,0,0,0,0,200,200,1,200,200,0,200,200
0,200,5,10,2,0,1,10,7,200,0,0,0,0,200,200,200,18,200,0,27,200
0,200,5,10,2,0,1,10,7,200,0,0,0,0,200,200,200,18,200,1,42,200
0,200,5,10,2,0,1,10,7,200,0,0,0,0,200,200,200,18,200,0,44,200
1,200,5,10,2,0,1,10,7,200,0,0,0,0,200,200,200,18,200,1,25,200
1,200,5,10,2,0,1,10,7,200,0,0,0,0,200,200,200,18,200,1,43,200
1,200,5,10,2,0,1,10,7,200,0,0,0,0,200,200,200,18,200,1,6,200
2,200,40,0,0,0,1,10,3,200,0,0,0,1,200,200,200,25,11,0,200,200
0,200,40,0,0,0,1,10,3,200,0,0,0,1,200,200,200,25,11,0,28,200
0,200,40,0,0,0,1,10,3,200,0,0,0,1,200,200,200,25,11,2,31,200
0,200,30,200,0,0,1,12,6,1,0,0,0,0,200,200,200,33,33,1,54,200
0,200,30,200,0,0,1,12,6,1,0,0,0,0,200,200,200,33,33,0,38,200
1,200,30,200,0,0,1,12,6,1,0,0,0,0,200,200,200,33,33,1,200,200
1,200,30,200,0,0,1,12,6,1,0,0,0,0,200,200,200,33,33,1,200,200
0,200,30,200,200,200,200,0,200,200,0,200,200,0,200,200,200,20,200,1,200,200
0,200,30,200,200,200,200,0,200,200,0,200,200,0,200,200,200,20,200,1,59,200
0,1,30,2,2,0,1,14,5,2,0,0,0,1,1,200,200,17,200,1,16,200
0,1,30,2,2,0,1,14,5,2,0,0,0,1,1,200,200,17,200,1,64,200
0,200,35,0,2,0,1,10,3,3,0,0,0,1,200,200,200,18,200,0,64,200
0,200,35,0,2,0,1,10,3,3,0,0,0,1,200,200,200,18,200,1,21,200
0,200,35,0,2,0,1,10,3,3,0,0,0,1,200,200,200,18,200,1,25,200
1,200,35,0,2,0,1,10,3,3,0,0,0,1,200,200,200,18,200,1,200,200
1,200,35,0,2,0,1,10,3,3,0,0,0,1,200,200,200,18,200,200,200,200
0,200,30,0,0,0,1,10,2,200,0,0,0,0,200,200,200,200,200,1,37,200
0,200,30,0,0,0,1,10,2,200,0,0,0,0,200,200,200,200,200,0,63,200
0,200,30,0,0,0,200,7,6,1,0,200,200,0,200,200,1,0,0,2,200,200
0,200,15,0,0,0,1,0,5,2,0,0,0,1,200,200,200,20,0,0,18,200
0,200,15,0,0,0,1,0,5,2,0,0,0,1,200,200,200,20,0,0,36,200
0,200,30,0,0,0,1,10,2,200,0,0,0,0,1,200,200,0,0,0,27,200
0,200,30,0,0,0,1,10,2,200,0,0,0,0,1,200,200,0,0,0,54,200
1,200,30,0,0,0,1,10,2,200,0,0,0,0,1,200,200,0,0,1,4,200
1,200,30,0,0,0,1,10,2,200,0,0,0,0,1,200,200,0,0,0,200,200
1,200,30,0,0,0,1,10,2,200,0,0,0,0,1,200,200,0,0,1,200,200
1,200,30,0,0,0,1,10,2,200,0,0,0,0,1,200,200,0,0,0,200,200
0,200,30,0,0,0,1,7,5,200,0,0,0,0,200,200,1,200,200,2,200,200
0,200,20,1,2,0,1,10,5,200,0,0,0,0,200,200,200,18,200,0,18,200
0,200,20,1,2,0,1,10,5,200,0,0,0,0,200,200,200,18,200,1,27,200
1,200,20,1,2,0,1,10,5,200,0,0,0,0,200,200,200,18,200,0,19,200
1,200,20,1,2,0,1,10,5,200,0,0,0,0,200,200,200,18,200,0,19,200
0,200,30,0,0,0,1,12,5,4,2,0,0,1,200,200,200,12,0,0,19,200
0,200,30,0,0,0,1,12,5,4,2,0,0,1,200,200,200,12,0,1,19,200
1,200,30,0,0,0,1,12,5,4,2,0,0,1,200,200,200,12,0,0,21,200
1,200,30,0,0,0,1,12,5,4,2,0,0,1,200,200,200,12,0,0,49,200
1,200,30,0,0,0,1,12,5,4,2,0,0,1,200,200,200,12,0,0,35,200
0,200,30,0,0,0,1,7,2,2,0,0,0,0,200,200,1,0,200,0,200,200
0,200,30,0,0,0,0,12,6,3,0,0,0,0,200,200,200,0,0,1,200,200
0,200,30,0,0,0,0,12,6,3,0,0,0,0,200,200,200,0,0,1,200,200
0,200,30,1,2,0,1,10,5,2,0,200,0,1,200,200,200,200,200,1,19,200
0,200,30,1,2,0,1,10,5,2,0,200,0,1,200,200,200,200,200,0,55,200
1,200,30,1,2,0,1,10,5,2,0,200,0,1,200,200,200,200,200,1,56,200
1,200,30,1,2,0,1,10,5,2,0,200,0,1,200,200,200,200,200,1,51,200
0,200,30,0,0,0,1,12,2,4,0,0,0,1,200,200,200,0,0,0,37,200
0,200,30,0,0,0,1,12,2,4,0,0,0,1,200,200,200,0,0,0,27,200
0,200,30,200,200,200,200,10,5,200,0,200,200,0,200,200,200,18,200,0,200,200
0,200,30,200,200,200,200,10,5,200,0,200,200,0,200,200,200,18,200,1,41,200
0,200,30,0,0,0,1,14,0,2,0,0,0,0,200,200,200,33,200,0,18,200
0,200,30,0,0,0,1,14,0,2,0,0,0,0,200,200,200,33,200,0,63,200
0,200,30,1,2,0,1,0,2,200,0,0,0,1,200,200,1,25,25,0,200,200
0,200,30,1,2,0,1,0,2,200,0,0,0,1,200,200,1,25,25,1,33,200
0,200,25,0,0,0,1,7,5,2,0,0,0,0,200,200,1,0,200,2,200,200
0,200,30,0,0,0,1,12,5,2,0,0,0,0,200,200,1,17,22,0,200,200
0,200,30,0,0,0,1,12,5,2,0,0,0,0,200,200,1,17,22,0,47,200
1,200,30,0,0,0,1,12,5,2,0,0,0,0,200,200,1,17,22,1,200,200
0,200,30,0,0,0,1,0,5,200,0,0,0,0,200,200,200,0,0,1,78,200
0,200,30,0,0,0,1,0,5,200,0,0,0,0,200,200,200,0,0,0,68,200
1,200,30,0,0,0,1,0,5,200,0,0,0,0,200,200,200,0,0,1,72,200
0,200,30,0,0,0,200,7,200,200,0,0,0,0,200,200,1,200,200,2,200,200
0,200,30,0,0,0,1,10,7,200,0,0,0,0,200,200,1,0,0,1,57,200
0,200,30,0,0,0,1,10,7,200,0,0,0,0,200,200,1,0,0,1,59,200
0,200,30,200,200,200,200,12,200,200,0,200,200,0,200,200,200,0,200,0,200,200
0,200,30,200,200,200,200,12,200,200,0,200,200,0,200,200,200,0,200,1,200,200
1,200,30,200,200,200,200,12,200,200,0,200,200,0,200,200,200,0,200,1,200,200
0,200,30,0,0,0,1,7,6,200,0,0,0,0,200,200,200,0,200,1,22,200
0,200,35,0,0,0,1,0,5,200,0,0,0,0,200,200,200,0,200,0,200,200
0,200,35,0,0,0,1,0,5,200,0,0,0,0,200,200,200,0,200,0,200,200
0,200,30,0,0,0,1,14,5,2,0,0,0,1,200,200,200,17,16,0,27,200
0,200,30,0,0,0,1,14,5,2,0,0,0,1,200,200,200,17,16,0,38,200
1,200,30,0,0,0,1,14,5,2,0,0,0,1,200,200,200,17,16,0,50,200
0,200,30,0,0,0,1,7,2,2,0,0,0,0,200,200,1,0,0,2,200,200
0,200,25,2,2,0,1,0,5,2,0,0,0,1,1,200,1,17,16,0,20,200
0,200,25,2,2,0,1,0,5,2,0,0,0,1,1,200,1,17,16,0,61,200
1,200,25,2,2,0,1,0,5,2,0,0,0,1,1,200,1,17,16,0,23,200