PERSON_TYPE,CRASH_DATE_EST_I,POSTED_SPEED_LIMIT,TRAFFIC_CONTROL_DEVICE,DEVICE_CONDITION,WEATHER_CONDITION,LIGHTING_CONDITION,FIRST_CRASH_TYPE,TRAFFICWAY_TYPE,LANE_CNT,ALIGNMENT,ROADWAY_SURFACE_COND,ROAD_DEFECT,CRASH_TYPE,INTERSECTION_RELATED_I,NOT_RIGHT_OF_WAY_I,HIT_AND_RUN_I,PRIM_CONTRIBUTORY_CAUSE,SEC_CONTRIBUTORY_CAUSE,SEX,AGE,BAC_RESULT VALUE
0,200,30,0,0,0,1,3,5,4,0,0,0,0,200,200,200,21,21,0,30,200
0,200,30,0,0,0,1,3,5,4,0,0,0,0,200,200,200,21,21,1,55,200
1,200,30,0,0,0,1,3,5,4,0,0,0,0,200,200,200,21,21,1,29,200
1,200,30,0,0,0,1,3,5,4,0,0,0,0,200,200,200,21,21,1,0,200
1,200,30,0,0,0,1,3,5,4,0,0,0,0,200,200,200,21,21,0,20,200
5,200,30,0,0,0,1,9,5,2,0,0,0,1,200,200,200,200,200,1,18,200
0,200,30,0,0,0,1,9,5,2,0,0,0,1,200,200,200,200,200,0,48,200
0,200,35,1,2,0,1,14,3,4,0,200,200,1,1,200,200,16,16,1,52,200
0,200,35,1,2,0,1,14,3,4,0,200,200,1,1,200,200,16,16,1,57,200
0,200,20,2,2,0,1,0,5,2,0,0,0,1,1,200,200,17,0,0,60,200
0,200,20,2,2,0,1,0,5,2,0,0,0,1,1,200,200,17,0,1,18,200
0,200,30,2,2,0,1,0,2,200,0,0,0,1,1,200,200,17,0,1,22,200
0,200,30,2,2,0,1,0,2,200,0,0,0,1,1,200,200,17,0,1,67,200
0,200,5,0,0,0,1,3,7,0,0,0,0,0,200,1,200,20,0,0,200,200
0,200,5,0,0,0,1,3,7,0,0,0,0,0,200,1,200,20,0,1,59,200
0,200,30,1,2,0,1,0,5,2,0,0,0,1,1,200,200,16,200,1,0,200
0,200,30,1,2,0,1,0,5,2,0,0,0,1,1,200,200,16,200,0,28,200
1,200,30,1,2,0,1,0,5,2,0,0,0,1,1,200,200,16,200,1,13,200
0,200,30,0,0,0,1,7,5,2,0,0,0,1,200,200,1,0,200,2,200,200
0,200,30,200,200,200,200,7,7,200,0,200,200,0,200,200,200,0,200,1,200,200
1,200,30,200,200,200,200,7,7,200,0,200,200,0,200,200,200,0,200,1,200,200
0,200,30,1,2,0,1,12,2,2,0,0,0,0,200,200,1,22,200,0,200,200
0,200,30,1,2,0,1,12,2,2,0,0,0,0,200,200,1,22,200,1,46,200
1,200,30,1,2,0,1,12,2,2,0,0,0,0,200,200,1,22,200,1,15,200
0,200,25,0,0,0,1,7,6,1,0,0,0,1,200,200,1,0,0,2,200,200
0,200,30,0,0,0,1,10,2,2,0,0,200,0,200,200,0,14,18,0,46,200
0,200,30,0,0,0,1,10,2,2,0,0,200,0,200,200,0,14,18,0,20,200
0,200,30,0,0,0,1,10,5,2,0,0,0,0,200,200,200,16,0,0,70,200
0,200,30,0,0,0,1,10,5,2,0,0,0,0,200,200,200,16,0,0,36,200
0,200,30,0,0,0,1,8,2,2,2,0,0,1,200,200,1,0,200,0,200,200
4,200,30,0,0,0,1,8,2,2,2,0,0,1,200,200,1,0,200,1,21,200
1,200,30,0,0,0,1,8,2,2,2,0,0,1,200,200,1,0,200,0,200,200
0,200,30,0,0,0,0,7,12,200,0,0,200,0,200,1,200,0,200,0,36,200
1,200,30,0,0,0,0,7,12,200,0,0,200,0,200,1,200,0,200,0,25,200
0,200,30,0,0,0,1,10,5,200,0,0,0,0,200,200,200,200,200,0,200,200
0,200,30,0,0,0,1,10,5,200,0,0,0,0,200,200,200,200,200,1,26,200
1,200,30,0,0,0,1,10,5,200,0,0,0,0,200,200,200,200,200,1,200,200
0,200,30,200,200,200,200,10,5,200,0,200,200,0,200,200,200,18,200,0,200,200
0,200,30,200,200,200,200,10,5,200,0,200,200,0,200,200,200,18,200,0,44,200
0,200,25,0,0,0,1,0,6,200,0,0,0,0,200,200,200,0,0,1,53,200
0,200,25,0,0,0,1,0,6,200,0,0,0,0,200,200,200,0,0,1,53,200
0,200,30,1,2,0,1,14,5,200,0,0,0,0,1,200,200,23,0,0,23,200
0,200,30,1,2,0,1,14,5,200,0,0,0,0,1,200,200,23,0,1,53,200
0,200,30,0,0,0,1,7,2,2,0,0,0,1,200,200,200,0,0,1,18,200
0,200,30,0,0,0,1,9,5,2,0,0,0,1,0,200,200,17,200,1,41,200
5,200,30,0,0,0,1,9,5,2,0,0,0,1,0,200,200,17,200,0,68,200
1,200,30,0,0,0,1,9,5,2,0,0,0,1,0,200,200,17,200,1,14,200
0,200,30,1,2,0,1,10,2,4,0,0,0,0,200,200,1,0,200,0,43,200
1,200,30,1,2,0,1,10,2,4,0,0,0,0,200,200,1,0,200,0,14,200
0,200,30,1,2,0,1,14,2,4,0,0,0,1,1,200,200,6,200,0,28,200
0,200,30,1,2,0,1,14,2,4,0,0,0,1,1,200,200,6,200,1,50,200
1,200,30,1,2,0,1,14,2,4,0,0,0,1,1,200,200,6,200,0,31,200
0,200,30,1,2,0,1,10,5,200,4,0,4,0,200,200,200,0,0,0,28,200
0,200,30,1,2,0,1,10,5,200,4,0,4,0,200,200,200,0,0,1,30,200
0,200,30,0,0,0,1,10,2,200,0,0,0,0,200,200,200,0,200,1,25,200
0,200,30,0,0,0,1,10,2,200,0,0,0,0,200,200,200,0,200,0,24,200
0,200,30,0,0,0,1,10,5,4,0,0,0,1,200,200,200,0,11,0,59,200
0,200,30,0,0,0,1,10,5,4,0,0,0,1,200,200,200,0,11,0,61,200
0,200,30,0,0,0,1,10,5,4,0,0,0,1,200,200,200,0,11,0,78,200
1,200,30,0,0,0,1,10,5,4,0,0,0,1,200,200,200,0,11,1,54,200
1,200,30,0,0,0,1,10,5,4,0,0,0,1,200,200,200,0,11,1,65,200
0,200,30,1,2,0,1,9,5,2,0,0,0,1,200,200,200,17,200,0,27,200
5,200,30,1,2,0,1,9,5,2,0,0,0,1,200,200,200,17,200,0,200,200
0,200,20,0,0,0,1,7,6,1,0,0,0,0,200,200,1,0,0,2,200,200
0,1,30,0,0,200,200,7,5,200,0,0,12,0,200,200,1,0,0,2,200,200
1,200,15,0,0,5,1,7,7,200,0,0,0,0,200,1,200,200,200,1,58,200
1,200,15,0,0,5,1,7,7,200,0,0,0,0,200,1,200,200,200,0,36,200
1,200,15,0,0,5,1,7,7,200,0,0,0,0,200,1,200,200,200,0,52,200
0,200,15,0,0,0,1,14,0,1,0,0,0,1,1,200,200,16,0,0,59,200
0,200,15,0,0,0,1,14,0,1,0,0,0,1,1,200,200,16,0,1,26,200
1,200,15,0,0,0,1,14,0,1,0,0,0,1,1,200,200,16,0,0,27,200
0,200,15,0,0,0,1,12,5,200,0,0,0,0,200,200,1,17,11,2,200,200
0,200,15,0,0,0,1,12,5,200,0,0,0,0,200,200,1,17,11,0,18,200
0,200,35,0,0,0,1,10,2,3,0,0,0,1,200,200,200,18,200,1,61,200
0,200,35,0,0,0,1,10,2,3,0,0,0,1,200,200,200,18,200,1,28,200
1,200,35,0,0,0,1,10,2,3,0,0,0,1,200,200,200,18,200,0,3,200
1,200,35,0,0,0,1,10,2,3,0,0,0,1,200,200,200,18,200,1,5,200
1,200,35,0,0,0,1,10,2,3,0,0,0,1,200,200,200,18,200,1,9,200
0,200,30,1,2,0,1,10,5,4,0,0,0,0,1,200,200,0,0,0,56,200
0,200,30,1,2,0,1,10,5,4,0,0,0,0,1,200,200,0,0,0,39,200
1,200,30,1,2,0,1,10,5,4,0,0,0,0,1,200,200,0,0,0,29,200
0,200,35,1,2,0,1,14,5,4,0,0,0,0,200,200,200,23,0,0,35,200
0,200,35,1,2,0,1,14,5,4,0,0,0,0,200,200,200,23,0,0,38,200
0,200,30,0,0,0,1,10,5,4,0,0,0,0,200,200,200,0,200,0,53,200
0,200,30,0,0,0,1,10,5,4,0,0,0,0,200,200,200,0,200,1,29,200
1,200,30,0,0,0,1,10,5,4,0,0,0,0,200,200,200,0,200,0,39,200
0,200,30,200,200,200,200,7,5,200,0,200,200,0,200,200,1,200,200,2,200,200
0,200,30,0,0,0,1,14,0,200,0,0,0,0,200,200,1,0,200,0,200,200
0,200,30,0,0,0,1,14,0,200,0,0,0,0,200,200,1,0,200,1,27,200
0,200,30,1,2,0,1,14,5,4,0,0,0,1,1,200,200,17,200,0,26,200
0,200,30,1,2,0,1,14,5,4,0,0,0,1,1,200,200,17,200,1,33,200
0,200,30,2,2,0,1,0,5,2,0,0,0,1,1,200,200,17,0,1,38,200
0,200,30,2,2,0,1,0,5,2,0,0,0,1,1,200,200,17,0,0,64,200
0,200,30,200,200,0,1,10,2,2,0,200,200,1,200,200,200,200,200,0,32,200
0,200,30,200,200,0,1,10,2,2,0,200,200,1,200,200,200,200,200,0,24,200
0,200,10,10,0,0,1,9,6,1,0,0,0,0,200,200,200,0,0,0,30,200
5,200,10,10,0,0,1,9,6,1,0,0,0,0,200,200,200,0,0,0,27,200
0,200,20,0,0,0,1,10,2,1,0,0,0,0,200,200,200,18,9,0,28,200
0,200,20,0,0,0,1,10,2,1,0,0,0,0,200,200,200,18,9,1,22,200
0,200,30,200,200,200,200,12,200,200,0,200,200,0,200,200,200,0,200,0,51,200
0,200,30,200,200,200,200,12,200,200,0,200,200,0,200,200,200,0,200,0,48,200
1,200,30,200,200,200,200,12,200,200,0,200,200,0,200,200,200,0,200,1,200,200
0,200,20,2,2,0,1,0,5,2,0,0,0,1,1,200,200,5,16,0,64,200
0,200,20,2,2,0,1,0,5,2,0,0,0,1,1,200,200,5,16,0,56,200
0,200,30,200,200,200,200,12,5,200,0,200,200,0,200,200,200,200,200,0,54,200
0,200,30,200,200,200,200,12,5,200,0,200,200,0,200,200,200,200,200,1,26,200
1,200,30,200,200,200,200,12,5,200,0,200,200,0,200,200,200,200,200,0,28,200
1,200,30,200,200,200,200,12,5,200,0,200,200,0,200,200,200,200,200,0,6,200
0,200,30,1,2,0,1,12,5,4,0,0,0,0,1,200,200,21,0,1,61,200
0,200,30,1,2,0,1,12,5,4,0,0,0,0,1,200,200,21,0,1,60,200
0,200,30,1,2,0,3,14,6,200,0,0,0,0,1,200,1,23,23,0,200,200
0,200,30,1,2,0,3,14,6,200,0,0,0,0,1,200,1,23,23,0,25,200
0,200,25,0,0,0,1,12,5,1,0,0,0,0,200,200,200,200,200,1,57,200
0,200,25,0,0,0,1,12,5,1,0,0,0,0,200,200,200,200,200,0,49,200
1,200,25,0,0,0,1,12,5,1,0,0,0,0,200,200,200,200,200,0,53,200
1,200,25,0,0,0,1,12,5,1,0,0,0,0,200,200,200,200,200,1,200,200
0,200,35,0,0,0,1,7,5,2,0,0,0,1,1,200,200,13,21,1,19,200
1,200,35,0,0,0,1,7,5,2,0,0,0,1,1,200,200,13,21,1,19,200
1,200,35,0,0,0,1,7,5,2,0,0,0,1,1,200,200,13,21,1,19,200
1,200,35,0,0,0,1,7,5,2,0,0,0,1,1,200,200,13,21,1,19,200
0,200,30,0,0,0,1,0,7,200,0,0,0,0,200,200,200,17,200,0,0,200
0,200,30,0,0,0,1,0,7,200,0,0,0,0,200,200,200,17,200,0,25,200
1,200,30,0,0,0,1,0,7,200,0,0,0,0,200,200,200,17,200,1,44,200
1,200,30,0,0,0,1,0,7,200,0,0,0,0,200,200,200,17,200,0,11,200
1,200,30,0,0,0,1,0,7,200,0,0,0,0,200,200,200,17,200,1,200,200
1,200,30,0,0,0,1,0,7,200,0,0,0,0,200,200,200,17,200,1,200,200
1,200,30,0,0,0,1,0,7,200,0,0,0,0,200,200,200,17,200,1,200,200
1,200,30,0,0,0,1,0,7,200,0,0,0,0,200,200,200,17,200,1,200,200
0,200,35,0,0,0,1,7,5,2,0,0,0,0,200,200,200,21,11,1,52,200
0,200,30,0,0,0,1,14,5,200,0,0,0,0,200,200,200,17,200,0,63,200
0,200,30,0,0,0,1,14,5,200,0,0,0,0,200,200,200,17,200,0,25,200
0,200,30,0,0,0,1,9,6,3,0,0,0,1,200,200,1,0,0,1,200,200
5,200,30,0,0,0,1,9,6,3,0,0,0,1,200,200,1,0,0,0,57,200
0,200,30,1,2,0,1,12,3,8,0,0,0,0,200,200,200,0,0,0,200,200
0,200,30,1,2,0,1,12,3,8,0,0,0,0,200,200,200,0,0,1,200,200
1,200,30,1,2,0,1,12,3,8,0,0,0,0,200,200,200,0,0,1,200,200
0,200,35,0,0,0,1,7,6,200,0,0,0,0,200,200,1,200,200,2,200,200
0,200,30,1,2,0,1,12,5,3,0,200,200,0,0,200,200,22,22,0,200,200
0,200,30,1,2,0,1,12,5,3,0,200,200,0,0,200,200,22,22,0,67,200
1,200,30,1,2,0,1,12,5,3,0,200,200,0,0,200,200,22,22,1,60,200
0,200,15,0,0,0,1,7,7,200,0,0,0,0,200,1,200,0,7,1,18,200
0,200,30,0,0,0,1,12,2,4,0,0,0,0,200,200,200,17,200,1,27,200
0,200,30,0,0,0,1,12,2,4,0,0,0,0,200,200,200,17,200,1,30,200
1,200,30,0,0,0,1,12,2,4,0,0,0,0,200,200,200,17,200,1,66,200
0,200,30,0,0,0,1,7,6,1,0,0,0,1,200,200,200,27,200,1,23,200
0,200,30,1,200,0,3,12,5,5,0,200,200,0,200,200,200,22,200,1,200,200
0,200,30,1,200,0,3,12,5,5,0,200,200,0,200,200,200,22,200,1,22,200
0,200,30,1,2,0,1,9,200,200,0,0,0,1,200,200,1,20,200,0,200,200
5,200,30,1,2,0,1,9,200,200,0,0,0,1,200,200,1,20,200,0,24,200
0,200,30,0,0,0,1,12,5,4,0,0,0,0,200,200,200,21,0,0,35,200
0,200,30,0,0,0,1,12,5,4,0,0,0,0,200,200,200,21,0,1,200,200
1,200,30,0,0,0,1,12,5,4,0,0,0,0,200,200,200,21,0,1,15,200
1,200,30,0,0,0,1,12,5,4,0,0,0,0,200,200,200,21,0,1,12,200
0,200,30,1,2,0,1,14,2,4,0,0,200,0,1,200,200,17,0,0,40,200
0,200,30,1,2,0,1,14,2,4,0,0,200,0,1,200,200,17,0,0,40,200
0,200,20,1,2,0,1,12,2,4,0,0,0,0,1,200,1,0,0,0,200,200
0,200,20,1,2,0,1,12,2,4,0,0,0,0,1,200,1,0,0,1,62,200
0,200,30,1,2,0,1,0,6,2,0,0,0,1,1,200,200,6,16,0,46,200
0,200,30,1,2,0,1,0,6,2,0,0,0,1,1,200,200,6,16,0,60,200
0,200,25,0,0,0,1,2,0,200,0,0,0,1,200,200,1,25,200,0,200,200
1,200,25,0,0,0,1,2,0,200,0,0,0,1,200,200,1,25,200,0,200,200
1,200,25,0,0,0,1,2,0,200,0,0,0,1,200,200,1,25,200,0,200,200
1,200,25,0,0,0,1,2,0,200,0,0,0,1,200,200,1,25,200,0,200,200
0,200,20,0,0,0,1,7,6,1,0,0,0,1,200,200,200,12,200,0,46,200
0,200,30,0,0,0,1,7,5,2,0,0,0,0,200,200,200,0,200,1,21,200
1,200,30,0,0,0,1,7,5,2,0,0,0,0,200,200,200,0,200,0,200,200
0,200,30,1,2,0,1,10,5,2,0,0,0,0,200,200,0,0,0,0,200,200
0,200,30,1,2,0,1,10,5,2,0,0,0,0,200,200,0,0,0,0,63,200
0,200,10,0,0,0,1,10,7,1,0,0,0,0,200,200,1,20,0,1,200,200
0,200,10,0,0,0,1,10,7,1,0,0,0,0,200,200,1,20,0,1,55,200
0,1,30,0,0,0,3,7,5,2,0,0,0,0,200,200,1,0,0,2,200,200
0,200,30,1,2,0,1,14,5,4,0,0,0,0,200,200,1,21,0,2,200,200
0,200,30,1,2,0,1,14,5,4,0,0,0,0,200,200,1,21,0,0,32,200
0,200,30,0,0,0,3,7,6,200,0,0,0,0,200,200,1,0,0,2,200,200
0,200,15,0,0,0,1,12,6,200,0,0,0,0,200,200,200,17,0,0,16,200
0,200,15,0,0,0,1,12,6,200,0,0,0,0,200,200,200,17,0,1,52,200
0,200,30,0,0,0,4,10,5,4,0,0,0,0,200,200,200,18,16,1,44,200
0,200,30,0,0,0,4,10,5,4,0,0,0,0,200,200,200,18,16,1,41,200
0,200,35,0,0,0,1,10,5,200,0,0,0,0,200,200,200,0,0,0,42,200
0,200,35,0,0,0,1,10,5,200,0,0,0,0,200,200,200,0,0,0,23,200
0,200,30,0,0,0,1,0,5,4,0,0,0,0,1,200,1,0,0,1,200,200
0,200,30,0,0,0,1,0,5,4,0,0,0,0,1,200,1,0,0,1,41,200
1,200,30,0,0,0,1,0,5,4,0,0,0,0,1,200,1,0,0,1,200,200
0,200,30,200,200,200,200,12,5,200,0,200,200,0,200,200,1,22,0,1,200,200
0,200,30,200,200,200,200,12,5,200,0,200,200,0,200,200,1,22,0,0,25,200
1,200,30,200,200,200,200,12,5,200,0,200,200,0,200,200,1,22,0,1,25,200
0,200,30,0,0,0,4,14,5,2,0,0,12,1,1,200,1,17,200,0,200,200
0,200,30,0,0,0,4,14,5,2,0,0,12,1,1,200,1,17,200,0,56,200
0,200,25,200,200,0,4,14,5,200,0,0,200,1,200,200,1,14,14,0,200,200
0,200,25,200,200,0,4,14,5,200,0,0,200,1,200,200,1,14,14,1,43,200
0,200,30,0,0,0,1,12,5,2,0,0,0,0,200,200,1,0,200,0,200,200
0,200,30,0,0,0,1,12,5,2,0,0,0,0,200,200,1,0,200,1,28,200
0,200,30,0,0,0,1,7,6,1,0,0,0,1,200,0,1,25,200,2,200,200
1,200,30,0,0,0,1,7,6,1,0,0,0,1,200,0,1,25,200,2,200,200
0,200,30,1,2,2,200,10,5,4,0,1,0,0,1,200,200,0,0,1,50,200
0,200,30,1,2,2,200,10,5,4,0,1,0,0,1,200,200,0,0,1,29,200
1,200,30,1,2,2,200,10,5,4,0,1,0,0,1,200,200,0,0,0,29,200
1,200,30,1,2,2,200,10,5,4,0,1,0,0,1,200,200,0,0,0,29,200
1,200,30,1,2,2,200,10,5,4,0,1,0,0,1,200,200,0,0,0,29,200
1,200,30,1,2,2,200,10,5,4,0,1,0,0,1,200,200,0,0,0,29,200
1,200,30,1,2,2,200,10,5,4,0,1,0,0,1,200,200,0,0,0,29,200
1,200,30,1,2,2,200,10,5,4,0,1,0,0,1,200,200,0,0,0,29,200
1,200,30,1,2,2,200,10,5,4,0,1,0,0,1,200,200,0,0,0,29,200
0,200,30,0,0,0,200,7,6,1,0,0,200,0,200,200,1,0,0,2,200,200
0,200,10,0,0,0,1,9,7,200,0,0,0,1,200,200,1,0,200,1,200,200
5,200,10,0,0,0,1,9,7,200,0,0,0,1,200,200,1,0,200,1,27,200
0,200,30,2,2,0,3,0,5,200,0,0,0,0,200,200,200,17,0,1,18,200
0,200,30,2,2,0,3,0,5,200,0,0,0,0,200,200,200,17,0,1,33,200
0,200,30,0,0,0,0,7,2,4,0,0,0,0,200,200,200,0,0,1,22,200
0,200,30,1,2,0,3,14,2,2,0,0,0,0,200,200,200,16,200,1,36,200
0,200,30,1,2,0,3,14,2,2,0,0,0,0,200,200,200,16,200,1,54,200
1,200,30,1,2,0,3,14,2,2,0,0,0,0,200,200,200,16,200,1,65,200
0,200,30,1,2,0,3,10,5,4,0,0,0,0,200,200,1,0,0,1,71,200
0,200,30,1,2,0,3,10,5,4,0,0,0,0,200,200,1,0,0,1,27,200
0,200,30,1,2,0,3,10,5,4,0,0,0,0,200,200,1,0,0,2,200,200
0,200,30,0,0,0,3,10,5,200,0,0,0,0,0,200,200,7,18,1,43,200
0,200,30,0,0,0,3,10,5,200,0,0,0,0,0,200,200,7,18,1,22,200
0,200,30,0,0,0,3,10,5,4,0,0,0,1,200,200,200,18,11,0,31,200
0,200,30,0,0,0,3,10,5,4,0,0,0,1,200,200,200,18,11,0,26,200
0,200,30,0,0,0,3,10,5,4,0,0,0,1,200,200,200,18,11,1,63,200
0,200,30,0,0,0,3,10,5,4,0,0,0,1,200,200,200,18,11,1,39,200
1,200,30,0,0,0,3,10,5,4,0,0,0,1,200,200,200,18,11,1,89,200
1,200,30,0,0,0,3,10,5,4,0,0,0,1,200,200,200,18,11,1,11,200
1,200,30,0,0,0,3,10,5,4,0,0,0,1,200,200,200,18,11,0,200,200
0,200,20,0,0,0,1,7,7,200,0,0,0,0,200,1,1,20,200,0,200,200
0,200,30,0,0,0,3,7,5,200,0,0,200,0,200,200,200,0,0,0,50,200
1,200,30,0,0,0,3,7,5,200,0,0,200,0,200,200,200,0,0,1,28,200
0,200,30,0,0,0,3,10,3,4,0,0,4,0,200,200,200,18,0,1,37,200
0,200,30,0,0,0,3,10,3,4,0,0,4,0,200,200,200,18,0,1,34,200
0,200,30,0,0,0,3,12,5,4,0,0,0,0,200,200,200,0,0,0,27,200
0,200,30,0,0,0,3,12,5,4,0,0,0,0,200,200,200,0,0,0,37,200
0,200,25,0,0,0,3,7,6,200,0,0,0,0,200,200,1,0,0,2,200,200
0,200,30,0,0,0,3,2,5,2,0,0,0,1,1,200,200,11,200,0,60,200
0,200,30,2,2,0,0,10,3,0,2,0,0,0,1,200,200,0,200,0,200,200
0,200,30,2,2,0,0,10,3,0,2,0,0,0,1,200,200,0,200,1,200,200
0,200,30,0,0,0,0,10,3,3,0,0,0,0,200,200,200,16,0,1,44,200
0,200,30,0,0,0,0,10,3,3,0,0,0,0,200,200,200,16,0,1,64,200
0,200,20,0,0,0,3,10,5,2,0,0,0,0,200,200,200,22,18,0,39,200
0,200,20,0,0,0,3,10,5,2,0,0,0,0,200,200,200,22,18,0,28,200
1,200,20,0,0,0,3,10,5,2,0,0,0,0,200,200,200,22,18,1,38,200
1,200,20,0,0,0,3,10,5,2,0,0,0,0,200,200,200,22,18,1,18,200
1,200,20,0,0,0,3,10,5,2,0,0,0,0,200,200,200,22,18,1,12,200
0,200,30,0,0,0,1,10,2,200,0,0,0,0,1,200,200,18,22,0,200,200
0,200,30,0,0,0,1,10,2,200,0,0,0,0,1,200,200,18,22,0,26,200
0,200,10,0,0,200,200,0,7,0,0,200,200,0,200,1,200,20,200,1,200,200
0,200,10,0,0,200,200,0,7,0,0,200,200,0,200,1,200,20,200,0,39,200
0,200,30,1,2,0,3,10,2,2,0,0,0,0,200,200,200,11,11,0,27,200
0,200,30,1,2,0,3,10,2,2,0,0,0,0,200,200,200,11,11,0,39,200
0,200,30,0,0,0,3,7,7,0,0,0,0,0,200,200,200,4,0,0,29,200
0,200,30,1,200,0,3,10,2,200,0,200,200,0,200,200,200,18,18,0,200,200
0,200,30,1,200,0,3,10,2,200,0,200,200,0,200,200,200,18,18,0,50,200
0,200,30,0,0,0,3,7,5,200,0,0,0,0,200,200,1,0,0,2,200,200
0,200,30,0,0,0,3,7,2,2,0,200,200,0,200,200,1,20,200,0,200,200
0,200,35,1,2,0,3,14,1,200,0,0,0,0,1,200,200,6,17,0,18,200
0,200,35,1,2,0,3,14,1,200,0,0,0,0,1,200,200,6,17,1,30,200
0,200,25,2,2,0,3,14,2,200,0,0,0,0,1,200,200,11,200,1,46,200
0,200,25,2,2,0,3,14,2,200,0,0,0,0,1,200,200,11,200,0,41,200
0,200,35,200,200,0,3,7,5,200,0,0,200,0,200,200,1,0,0,2,200,200
0,200,30,0,0,0,0,7,6,200,0,0,0,0,200,200,1,0,0,0,200,200
0,200,30,1,2,0,3,14,5,4,0,0,0,1,1,200,200,16,0,1,41,200
0,200,30,1,2,0,3,14,5,4,0,0,0,1,1,200,200,16,0,0,27,200
0,200,30,1,2,0,3,12,2,2,0,0,0,0,1,200,200,23,22,1,33,200
0,200,30,1,2,0,3,12,2,2,0,0,0,0,1,200,200,23,22,0,45,200
0,200,30,0,0,0,3,7,5,2,0,0,200,0,200,200,1,0,0,2,200,200
0,200,30,0,0,0,3,12,5,4,0,0,0,0,200,200,1,22,21,0,37,200
0,200,30,0,0,0,3,12,5,4,0,0,0,0,200,200,1,22,21,1,25,200
0,200,35,1,2,0,3,0,5,4,0,0,200,1,1,200,200,6,200,1,47,200
0,200,35,1,2,0,3,0,5,4,0,0,200,1,1,200,200,6,200,1,42,200
1,200,35,1,2,0,3,0,5,4,0,0,200,1,1,200,200,6,200,200,200,200
0,200,30,0,0,0,3,10,5,2,0,0,0,0,200,200,200,0,0,0,28,200
0,200,30,0,0,0,3,10,5,2,0,0,0,0,200,200,200,0,0,1,23,200
0,200,25,0,0,0,3,7,6,1,0,0,0,1,200,200,1,25,10,2,200,200
1,200,25,0,0,0,3,7,6,1,0,0,0,1,200,200,1,25,10,2,200,200
0,200,30,0,0,0,3,7,5,2,3,0,0,1,200,200,1,0,25,2,200,200
0,200,25,0,0,0,3,7,6,200,0,0,0,1,200,200,0,14,16,1,16,200
1,200,25,0,0,0,3,7,6,200,0,0,0,1,200,200,0,14,16,1,15,200
1,200,25,0,0,0,3,7,6,200,0,0,0,1,200,200,0,14,16,200,200,200
1,200,25,0,0,0,3,7,6,200,0,0,0,1,200,200,0,14,16,200,200,200
0,200,25,0,0,0,3,7,12,1,0,0,0,1,200,200,1,0,0,0,200,200
1,200,25,0,0,0,3,7,12,1,0,0,0,1,200,200,1,0,0,0,200,200
0,200,30,0,0,0,3,2,5,5,0,0,0,1,200,200,1,0,16,2,200,200
0,200,25,0,0,0,3,7,6,1,0,0,0,0,200,200,1,0,200,2,200,200
0,200,30,0,0,0,1,12,6,200,0,0,0,0,200,200,200,11,0,1,29,200
0,200,30,0,0,0,1,12,6,200,0,0,0,0,200,200,200,11,0,0,23,200
0,200,30,1,2,0,3,0,2,4,0,0,0,1,1,200,1,6,200,2,200,200
0,200,30,1,2,0,3,0,2,4,0,0,0,1,1,200,1,6,200,0,56,200
0,200,35,0,200,0,3,7,7,200,0,0,0,0,200,200,1,0,0,1,200,200
0,200,30,0,0,0,3,7,6,1,0,0,0,1,200,200,1,0,0,0,200,200
0,200,30,0,0,0,3,7,5,2,0,0,0,1,200,200,200,12,0,0,30,200
0,200,35,0,0,0,3,14,2,200,0,0,0,1,1,200,200,17,200,1,24,200
0,200,35,0,0,0,3,14,2,200,0,0,0,1,1,200,200,17,200,1,25,200
1,200,35,0,0,0,3,14,2,200,0,0,0,1,1,200,200,17,200,1,29,200
1,200,35,0,0,0,3,14,2,200,0,0,0,1,1,200,200,17,200,0,5,200
1,200,35,0,0,0,3,14,2,200,0,0,0,1,1,200,200,17,200,1,10,200
1,200,35,0,0,0,3,14,2,200,0,0,0,1,1,200,200,17,200,0,24,200
0,200,30,0,0,0,3,7,12,200,0,0,0,0,200,200,1,200,200,2,200,200
0,200,30,0,12,0,3,2,5,2,0,0,0,1,200,200,1,0,0,2,200,200
0,200,30,200,200,0,3,7,12,2,0,0,0,1,200,200,1,0,0,0,200,200
0,200,30,200,200,0,3,7,12,2,0,0,0,1,200,200,1,0,0,0,200,200
0,200,40,0,0,0,3,12,3,4,5,0,0,1,200,200,1,22,27,2,200,200
0,200,40,0,0,0,3,12,3,4,5,0,0,1,200,200,1,22,27,0,21,200
0,200,30,1,2,0,3,10,2,200,0,0,0,0,200,200,200,16,200,0,44,200
0,200,30,1,2,0,3,10,2,200,0,0,0,0,200,200,200,16,200,0,24,200
0,200,30,1,2,0,4,0,2,2,0,0,0,1,1,200,200,6,0,0,19,200
0,200,30,1,2,0,4,0,2,2,0,0,0,1,1,200,200,6,0,0,72,200
1,200,30,1,2,0,4,0,2,2,0,0,0,1,1,200,200,6,0,1,200,200
1,200,30,1,2,0,4,0,2,2,0,0,0,1,1,200,200,6,0,0,11,200
0,200,30,0,0,0,3,7,5,2,0,0,0,0,200,200,1,32,25,0,28,200
0,1,20,0,0,0,3,10,5,1,0,0,0,0,200,200,200,0,0,1,23,200