PERSON_TYPE,CRASH_DATE_EST_I,POSTED_SPEED_LIMIT,TRAFFIC_CONTROL_DEVICE,DEVICE_CONDITION,WEATHER_CONDITION,LIGHTING_CONDITION,FIRST_CRASH_TYPE,TRAFFICWAY_TYPE,LANE_CNT,ALIGNMENT,ROADWAY_SURFACE_COND,ROAD_DEFECT,CRASH_TYPE,INTERSECTION_RELATED_I,NOT_RIGHT_OF_WAY_I,HIT_AND_RUN_I,PRIM_CONTRIBUTORY_CAUSE,SEC_CONTRIBUTORY_CAUSE,SEX,AGE,BAC_RESULT VALUE
0,1,20,0,0,0,3,10,5,1,0,0,0,0,200,200,200,0,0,0,28,200
0,200,0,0,0,0,0,7,7,0,0,0,0,0,200,1,1,0,0,2,200,200
0,200,35,0,0,0,2,12,5,4,0,0,0,1,200,200,200,0,0,0,59,200
0,200,35,0,0,0,2,12,5,4,0,0,0,1,200,200,200,0,0,0,27,200
0,200,30,0,0,0,4,12,2,200,2,0,1,0,200,200,200,28,22,0,35,200
0,200,30,0,0,0,4,12,2,200,2,0,1,0,200,200,200,28,22,1,59,200
0,200,10,0,0,0,2,2,8,2,1,0,0,0,200,1,200,23,7,0,41,200
0,200,30,1,2,0,1,14,5,5,0,0,0,1,1,200,200,23,11,1,27,200
0,200,30,1,2,0,1,14,5,5,0,0,0,1,1,200,200,23,11,1,31,200
1,200,30,1,2,0,1,14,5,5,0,0,0,1,1,200,200,23,11,1,26,200
0,200,30,1,2,0,0,10,2,200,0,0,0,0,200,200,200,0,0,0,20,200
0,200,30,1,2,0,0,10,2,200,0,0,0,0,200,200,200,0,0,1,75,200
0,200,30,200,200,0,3,14,5,2,0,0,0,0,1,200,200,23,200,1,22,200
0,200,30,200,200,0,3,14,5,2,0,0,0,0,1,200,200,23,200,0,31,200
0,200,30,1,2,0,1,10,3,200,0,0,0,0,200,200,200,0,0,0,200,200
0,200,30,1,2,0,1,10,3,200,0,0,0,0,200,200,200,0,0,0,37,200
0,1,25,0,0,200,200,7,6,1,0,200,0,0,200,200,1,0,0,2,200,200
0,200,20,200,200,200,200,7,6,200,0,200,200,0,200,200,1,200,200,1,57,200
0,200,30,1,0,0,1,10,2,4,0,0,0,0,200,200,200,0,18,1,21,200
0,200,30,1,0,0,1,10,2,4,0,0,0,0,200,200,200,0,18,1,40,200
0,200,30,0,0,0,1,12,5,2,0,0,0,0,200,200,200,0,0,1,200,200
0,200,30,0,0,0,1,12,5,2,0,0,0,0,200,200,200,0,0,0,40,200
0,200,15,0,0,0,1,7,4,1,0,0,0,0,200,1,200,7,0,0,45,200
1,200,15,0,0,0,1,7,4,1,0,0,0,0,200,1,200,7,0,1,38,200
0,200,30,1,2,1,1,11,5,2,0,0,0,0,1,200,1,0,200,2,200,200
0,200,30,1,2,1,1,11,5,2,0,0,0,0,1,200,1,0,200,0,67,200
0,200,30,0,0,0,1,10,3,2,0,0,0,0,200,200,200,0,200,1,33,200
0,200,30,0,0,0,1,10,3,2,0,0,0,0,200,200,200,0,200,1,22,200
0,200,30,1,2,0,1,10,2,2,0,0,0,0,200,200,200,20,21,1,200,200
0,200,30,1,2,0,1,10,2,2,0,0,0,0,200,200,200,20,21,0,57,200
0,200,30,2,2,0,1,8,2,200,0,0,0,1,1,200,1,17,17,0,200,200
4,200,30,2,2,0,1,8,2,200,0,0,0,1,1,200,1,17,17,0,56,200
0,200,30,0,0,0,1,14,2,200,0,0,200,0,200,200,200,17,200,0,57,200
0,200,30,0,0,0,1,14,2,200,0,0,200,0,200,200,200,17,200,0,44,200
0,200,30,1,2,0,1,0,3,4,0,0,0,1,1,200,200,6,16,0,32,200
0,200,30,1,2,0,1,0,3,4,0,0,0,1,1,200,200,6,16,0,51,200
0,200,20,0,0,0,200,7,6,1,0,0,0,0,200,200,200,0,0,2,200,200
0,200,30,0,0,0,1,5,2,1,0,0,0,0,200,200,1,0,0,2,200,200
0,200,30,0,0,0,1,10,3,200,0,0,0,0,200,200,1,0,0,2,200,200
0,200,30,0,0,0,1,10,3,200,0,0,0,0,200,200,1,0,0,0,43,200
0,200,30,1,2,0,1,12,2,200,0,0,0,0,200,200,200,0,0,0,61,200
0,200,30,1,2,0,1,12,2,200,0,0,0,0,200,200,200,0,0,0,51,200
0,200,30,0,0,0,1,7,6,200,0,0,0,1,200,200,200,27,200,0,20,200
0,1,35,0,0,1,1,10,2,4,0,0,0,0,200,200,200,0,0,0,200,200
0,1,35,0,0,1,1,10,2,4,0,0,0,0,200,200,200,0,0,1,39,200
0,200,30,2,2,0,1,14,6,1,0,0,0,1,200,200,200,10,0,0,23,200
0,200,30,2,2,0,1,14,6,1,0,0,0,1,200,200,200,10,0,0,56,200
1,200,30,2,2,0,1,14,6,1,0,0,0,1,200,200,200,10,0,0,62,200
0,200,0,1,2,0,1,14,2,200,0,0,0,0,1,200,200,0,0,1,38,200
0,200,0,1,2,0,1,14,2,200,0,0,0,0,1,200,200,0,0,0,59,200
1,200,0,1,2,0,1,14,2,200,0,0,0,0,1,200,200,0,0,0,55,200
0,200,25,0,0,0,1,12,5,200,0,0,0,0,200,200,1,17,22,0,200,200
0,200,25,0,0,0,1,12,5,200,0,0,0,0,200,200,1,17,22,0,59,200
0,200,20,0,0,0,1,12,5,2,0,0,0,0,200,200,1,0,0,1,200,200
0,200,20,0,0,0,1,12,5,2,0,0,0,0,200,200,1,0,0,1,28,200
0,200,30,1,0,0,1,14,6,200,0,0,0,0,200,200,200,0,0,0,200,200
0,200,30,1,0,0,1,14,6,200,0,0,0,0,200,200,200,0,0,0,55,200
1,200,30,1,0,0,1,14,6,200,0,0,0,0,200,200,200,0,0,0,200,200
0,200,30,2,2,0,1,0,2,2,0,0,0,0,200,200,200,0,0,0,62,200
0,200,30,2,2,0,1,0,2,2,0,0,0,0,200,200,200,0,0,0,28,200
0,200,30,0,0,0,1,7,6,1,0,0,0,0,200,200,1,0,0,2,200,200
0,200,30,1,2,0,1,10,2,4,0,0,0,0,200,200,200,18,18,0,200,200
0,200,30,1,2,0,1,10,2,4,0,0,0,0,200,200,200,18,18,1,45,200
0,200,30,0,0,0,1,7,6,1,0,0,0,0,200,200,1,0,200,2,200,200
0,200,30,0,0,0,1,8,2,4,0,0,0,1,200,200,200,17,17,1,39,200
4,200,30,0,0,0,1,8,2,4,0,0,0,1,200,200,200,17,17,0,56,200
0,200,30,0,0,0,1,10,5,200,0,0,0,0,200,200,200,18,200,1,23,200
0,200,30,0,0,0,1,10,5,200,0,0,0,0,200,200,200,18,200,0,67,200
1,200,30,0,0,0,1,10,5,200,0,0,0,0,200,200,200,18,200,200,0,200
0,200,25,0,0,0,1,10,5,200,0,200,200,0,200,200,200,0,0,0,31,200
0,200,25,0,0,0,1,10,5,200,0,200,200,0,200,200,200,0,0,1,200,200
1,200,25,0,0,0,1,10,5,200,0,200,200,0,200,200,200,0,0,0,25,200
0,200,30,0,0,0,1,12,5,2,0,0,0,1,200,200,1,22,0,0,200,200
0,200,30,0,0,0,1,12,5,2,0,0,0,1,200,200,1,22,0,1,56,200
1,200,30,0,0,0,1,12,5,2,0,0,0,1,200,200,1,22,0,1,21,200
0,200,25,1,2,0,1,0,5,200,0,0,0,1,1,200,200,6,7,1,28,200
0,200,25,1,2,0,1,0,5,200,0,0,0,1,1,200,200,6,7,0,28,200
1,200,25,1,2,0,1,0,5,200,0,0,0,1,1,200,200,6,7,1,2,200
0,200,15,0,0,0,1,10,7,200,0,0,200,0,200,1,200,0,0,1,60,200
0,200,15,0,0,0,1,10,7,200,0,0,200,0,200,1,200,0,0,0,40,200
1,200,15,0,0,0,1,10,7,200,0,0,200,0,200,1,200,0,0,0,60,200
0,200,30,0,0,0,3,14,5,200,0,0,0,0,200,200,1,0,0,2,200,200
0,200,30,0,0,0,3,14,5,200,0,0,0,0,200,200,1,0,0,1,39,200
1,200,30,0,0,0,3,14,5,200,0,0,0,0,200,200,1,0,0,0,40,200
0,200,30,1,2,0,1,0,2,1,0,0,0,1,1,200,200,17,3,1,37,200
0,200,30,1,2,0,1,0,2,1,0,0,0,1,1,200,200,17,3,1,41,200
0,200,30,1,2,0,1,10,12,0,0,0,0,0,1,200,200,200,200,0,35,200
0,200,30,1,2,0,1,10,12,0,0,0,0,0,1,200,200,200,200,0,29,200
1,200,30,1,2,0,1,10,12,0,0,0,0,0,1,200,200,200,200,0,28,200
0,200,30,1,2,6,1,2,3,4,0,0,0,0,200,200,200,0,0,0,35,200
0,200,30,1,2,1,1,10,5,4,0,0,0,0,1,200,200,16,0,0,41,200
0,200,30,1,2,1,1,10,5,4,0,0,0,0,1,200,200,16,0,1,53,200
0,200,30,1,2,0,1,12,5,4,2,0,0,0,1,200,1,21,22,0,200,200
0,200,30,1,2,0,1,12,5,4,2,0,0,0,1,200,1,21,22,1,24,200
0,200,25,0,0,0,1,7,6,200,0,0,0,0,200,200,1,0,0,2,200,200
0,200,30,0,0,0,1,8,5,2,0,0,0,1,200,200,200,17,200,0,49,200
4,200,30,0,0,0,1,8,5,2,0,0,0,1,200,200,200,17,200,0,23,200
0,200,30,0,0,0,1,2,5,200,0,0,0,0,200,200,200,0,200,0,64,200
0,200,10,0,0,1,1,7,0,200,0,0,0,0,200,200,200,7,200,0,76,200
0,200,30,1,2,0,1,10,3,200,0,0,0,0,1,200,200,18,18,0,24,200
0,200,30,1,2,0,1,10,3,200,0,0,0,0,1,200,200,18,18,0,68,200
0,200,5,0,0,0,1,4,7,200,0,0,0,0,200,1,200,0,200,1,65,200
0,200,30,0,0,0,3,12,5,200,0,0,0,0,200,200,200,17,200,0,35,200
0,200,30,0,0,0,3,12,5,200,0,0,0,0,200,200,200,17,200,0,200,200
1,200,30,0,0,0,3,12,5,200,0,0,0,0,200,200,200,17,200,1,200,200
0,200,30,0,0,0,1,7,7,1,0,0,0,0,200,200,200,200,200,1,50,200
0,200,30,2,2,0,1,3,5,2,0,0,0,0,200,200,200,20,200,0,70,200
0,200,30,2,2,0,1,3,5,2,0,0,0,0,200,200,200,20,200,0,57,200
0,200,0,1,2,0,1,14,12,200,0,0,0,1,1,200,200,11,200,1,42,200
0,200,0,1,2,0,1,14,12,200,0,0,0,1,1,200,200,11,200,0,17,200
0,200,0,1,2,0,1,14,12,200,0,0,0,1,1,200,200,11,200,1,37,200
1,200,0,1,2,0,1,14,12,200,0,0,0,1,1,200,200,11,200,1,200,200
0,1,30,0,0,1,1,12,5,2,0,0,0,0,200,200,200,0,0,1,40,200
0,1,30,0,0,1,1,12,5,2,0,0,0,0,200,200,200,0,0,1,33,200
0,200,30,1,2,0,1,12,5,4,0,0,0,0,200,200,200,22,200,0,200,200
0,200,30,1,2,0,1,12,5,4,0,0,0,0,200,200,200,22,200,0,77,200
0,200,30,0,0,0,1,3,2,4,0,0,0,1,200,200,200,13,13,0,55,200
0,200,30,0,0,0,1,3,2,4,0,0,0,1,200,200,200,13,13,0,60,200
1,200,30,0,0,0,1,3,2,4,0,0,0,1,200,200,200,13,13,1,32,200
0,200,20,0,0,0,1,1,5,2,0,0,0,0,200,1,200,1,200,1,39,200
0,200,30,2,2,0,1,10,2,200,0,0,0,1,200,200,200,18,0,1,75,200
0,200,30,2,2,0,1,10,2,200,0,0,0,1,200,200,200,18,0,1,45,200
1,200,30,2,2,0,1,10,2,200,0,0,0,1,200,200,200,18,0,1,21,200
0,200,10,0,0,0,1,5,7,0,0,0,0,1,200,0,200,12,200,1,79,200
0,200,45,0,0,0,1,10,5,2,0,0,0,0,200,200,200,18,0,1,26,200
0,200,45,0,0,0,1,10,5,2,0,0,0,0,200,200,200,18,0,1,58,200
0,200,20,0,0,0,1,0,5,200,0,0,0,0,200,200,200,0,0,1,22,200
0,200,20,0,0,0,1,0,5,200,0,0,0,0,200,200,200,0,0,0,62,200
0,200,25,0,0,0,1,7,7,200,0,0,0,0,200,200,200,0,0,0,43,200
0,200,30,0,0,0,1,12,5,4,0,0,0,0,200,200,200,17,200,0,36,200
0,200,30,0,0,0,1,12,5,4,0,0,0,0,200,200,200,17,200,0,200,200
0,200,15,0,0,1,1,7,0,200,0,0,0,0,200,200,200,20,200,0,200,200
0,200,30,0,0,0,1,9,8,200,1,0,0,1,200,200,200,200,0,1,32,200
5,200,30,0,0,0,1,9,8,200,1,0,0,1,200,200,200,200,0,1,32,200
0,200,30,1,2,0,1,10,5,2,0,0,0,0,1,200,200,18,200,0,24,200
0,200,30,1,2,0,1,10,5,2,0,0,0,0,1,200,200,18,200,1,52,200
0,200,30,0,3,0,3,10,5,200,0,0,0,0,200,200,200,0,0,1,37,200
0,200,30,0,3,0,3,10,5,200,0,0,0,0,200,200,200,0,0,1,43,200
0,200,30,1,2,0,1,10,3,4,0,0,0,0,1,200,200,16,200,1,28,200
0,200,30,1,2,0,1,10,3,4,0,0,0,0,1,200,200,16,200,1,30,200
1,200,30,1,2,0,1,10,3,4,0,0,0,0,1,200,200,16,200,1,0,200
0,200,15,0,0,0,1,7,7,200,0,0,0,0,200,200,200,0,0,0,61,200
0,1,20,0,0,0,200,7,6,1,0,0,0,0,200,200,1,0,0,2,200,200
0,200,35,1,2,0,1,12,5,4,0,0,0,0,200,200,1,0,0,0,200,200
0,200,35,1,2,0,1,12,5,4,0,0,0,0,200,200,1,0,0,0,19,200
0,200,30,2,2,0,1,11,5,0,0,0,0,0,1,200,200,33,200,1,30,200
0,200,30,2,2,0,1,11,5,0,0,0,0,0,1,200,200,33,200,0,200,200
0,200,20,0,0,2,1,7,0,1,0,1,0,1,200,1,200,14,20,0,22,200
0,200,30,1,2,1,1,9,2,200,0,0,0,1,1,200,200,17,8,1,56,200
5,200,30,1,2,1,1,9,2,200,0,0,0,1,1,200,200,17,8,1,61,200
1,200,30,1,2,1,1,9,2,200,0,0,0,1,1,200,200,17,8,0,3,200
1,200,30,1,2,1,1,9,2,200,0,0,0,1,1,200,200,17,8,1,3,200
0,200,30,0,0,0,2,7,6,1,0,0,0,0,200,200,1,0,200,2,200,200
0,200,30,0,0,0,1,0,5,200,0,0,200,0,200,200,200,17,0,0,81,200
0,200,30,0,0,0,1,0,5,200,0,0,200,0,200,200,200,17,0,0,63,200
5,200,25,0,0,2,1,9,5,200,0,1,0,1,200,200,200,33,200,1,14,200
0,200,25,0,0,2,1,9,5,200,0,1,0,1,200,200,200,33,200,1,21,200
0,200,30,0,0,2,1,7,5,200,0,1,0,0,200,200,200,0,0,0,200,200
0,200,30,1,2,2,1,14,2,4,0,1,0,1,1,200,200,34,200,1,74,200
0,200,30,1,2,2,1,14,2,4,0,1,0,1,1,200,200,34,200,0,62,200
1,200,30,1,2,2,1,14,2,4,0,1,0,1,1,200,200,34,200,0,60,200
1,200,30,1,2,2,1,14,2,4,0,1,0,1,1,200,200,34,200,0,58,200
0,200,30,0,0,2,1,14,5,200,0,1,0,1,200,200,200,17,200,1,64,200
0,200,30,0,0,2,1,14,5,200,0,1,0,1,200,200,200,17,200,1,23,200
0,200,30,1,2,0,1,14,3,2,0,0,0,1,1,200,200,23,11,1,26,200
0,200,30,1,2,0,1,14,3,2,0,0,0,1,1,200,200,23,11,0,19,200
1,200,30,1,2,0,1,14,3,2,0,0,0,1,1,200,200,23,11,0,200,200
0,200,5,0,0,0,1,11,2,2,0,12,0,0,200,200,1,22,0,0,200,200
0,200,5,0,0,0,1,11,2,2,0,12,0,0,200,200,1,22,0,1,50,200
1,200,5,0,0,0,1,11,2,2,0,12,0,0,200,200,1,22,0,2,200,200
0,200,30,0,0,0,1,7,6,200,0,0,0,0,200,200,1,0,200,2,200,200
0,200,30,1,2,0,1,10,5,0,0,0,0,0,1,200,200,16,200,0,46,200
0,200,30,1,2,0,1,10,5,0,0,0,0,0,1,200,200,16,200,1,48,200
0,200,30,0,0,200,200,7,5,4,0,200,0,0,200,200,1,0,0,2,200,200
0,200,30,0,0,2,1,12,5,2,0,1,0,1,200,200,200,17,11,0,74,200
0,200,30,0,0,2,1,12,5,2,0,1,0,1,200,200,200,17,11,1,51,200
0,1,30,1,2,1,1,14,5,3,0,0,0,0,1,200,200,23,23,0,36,200
0,1,30,1,2,1,1,14,5,3,0,0,0,0,1,200,200,23,23,1,200,200
0,1,15,200,200,200,200,7,7,2,0,200,0,0,200,200,1,0,0,2,200,200
0,200,30,0,0,2,1,12,2,4,0,1,0,0,200,200,200,22,200,1,27,200
0,200,30,0,0,2,1,12,2,4,0,1,0,0,200,200,200,22,200,0,49,200
1,200,30,0,0,2,1,12,2,4,0,1,0,0,200,200,200,22,200,0,200,200
1,200,30,0,0,2,1,12,2,4,0,1,0,0,200,200,200,22,200,1,51,200
0,200,30,1,2,2,1,10,5,200,0,1,0,0,200,200,1,16,200,2,200,200
0,200,30,1,2,2,1,10,5,200,0,1,0,0,200,200,1,16,200,1,33,200
1,200,30,1,2,2,1,10,5,200,0,1,0,0,200,200,1,16,200,1,7,200
0,200,30,2,2,2,1,10,5,2,0,1,0,0,200,200,200,34,34,0,53,200
0,200,30,2,2,2,1,10,5,2,0,1,0,0,200,200,200,34,34,1,34,200
0,200,40,0,0,2,1,10,3,8,0,1,0,1,200,200,200,18,34,0,34,200
0,200,40,0,0,2,1,10,3,8,0,1,0,1,200,200,200,18,34,0,53,200
0,200,40,0,0,2,1,10,3,8,0,1,0,1,200,200,200,18,34,0,25,200
1,200,40,0,0,2,1,10,3,8,0,1,0,1,200,200,200,18,34,0,58,200
0,200,30,2,2,2,1,0,5,2,0,1,0,0,200,200,200,0,0,1,39,200
0,200,30,2,2,2,1,0,5,2,0,1,0,0,200,200,200,0,0,0,76,200
0,200,30,0,0,2,1,14,3,200,0,1,0,1,1,200,200,17,200,1,22,200
0,200,30,0,0,2,1,14,3,200,0,1,0,1,1,200,200,17,200,0,34,200
1,200,30,0,0,2,1,14,3,200,0,1,0,1,1,200,200,17,200,1,200,200
0,200,30,1,2,2,1,0,1,2,0,1,0,1,1,200,200,12,34,1,77,200
0,200,30,1,2,2,1,0,1,2,0,1,0,1,1,200,200,12,34,0,60,200
0,200,30,2,2,2,1,0,5,200,0,1,0,1,1,200,200,17,5,1,39,200
0,200,30,2,2,2,1,0,5,200,0,1,0,1,1,200,200,17,5,0,200,200
0,200,30,0,0,0,1,12,5,200,0,0,0,0,200,200,1,0,0,1,200,200
0,200,30,0,0,0,1,12,5,200,0,0,0,0,200,200,1,0,0,1,44,200
0,200,30,0,0,2,1,14,5,4,0,1,200,1,200,200,200,0,200,1,24,200
0,200,30,0,0,2,1,14,5,4,0,1,200,1,200,200,200,0,200,0,54,200
0,200,20,2,2,2,1,10,6,1,0,1,0,0,200,200,200,18,16,1,57,200
0,200,30,0,0,2,1,10,5,2,0,1,200,0,200,200,200,34,200,0,27,200
0,200,30,0,0,2,1,10,5,2,0,1,200,0,200,200,200,34,200,1,70,200
1,200,30,0,0,2,1,10,5,2,0,1,200,0,200,200,200,34,200,0,200,200
0,200,30,1,2,2,1,0,5,4,0,1,0,1,1,200,200,17,11,0,27,200
0,200,30,1,2,2,1,0,5,4,0,1,0,1,1,200,200,17,11,0,37,200
1,200,30,1,2,2,1,0,5,4,0,1,0,1,1,200,200,17,11,0,16,200
0,200,30,1,2,0,1,14,2,200,2,0,0,0,200,200,200,0,0,1,200,200
0,200,30,1,2,0,1,14,2,200,2,0,0,0,200,200,200,0,0,1,56,200
0,200,30,0,0,2,1,10,5,200,0,1,0,1,200,200,1,0,0,2,200,200
0,200,30,0,0,2,1,10,5,200,0,1,0,1,200,200,1,0,0,0,57,200
0,200,30,1,200,2,1,14,5,200,0,1,200,0,1,200,200,18,200,0,65,200
0,200,30,1,200,2,1,14,5,200,0,1,200,0,1,200,200,18,200,0,28,200
5,200,30,1,2,2,1,9,5,4,0,1,0,1,1,200,1,0,0,1,10,200
0,200,30,1,2,2,1,9,5,4,0,1,0,1,1,200,1,0,0,2,200,200
0,1,30,0,0,2,1,10,5,200,0,1,0,0,200,200,200,17,200,0,61,200
0,1,30,0,0,2,1,10,5,200,0,1,0,0,200,200,200,17,200,1,37,200
0,200,30,0,0,2,1,10,3,200,0,1,0,0,200,200,200,18,200,0,47,200
0,200,30,0,0,2,1,10,3,200,0,1,0,0,200,200,200,18,200,1,21,200
0,200,30,1,2,2,1,10,5,200,0,1,0,0,200,200,1,0,200,0,200,200
0,200,30,1,2,2,1,10,5,200,0,1,0,0,200,200,1,0,200,1,61,200
0,200,30,0,0,200,1,12,5,4,0,200,200,0,200,200,200,0,0,0,22,200
0,200,30,0,0,200,1,12,5,4,0,200,200,0,200,200,200,0,0,0,20,200
0,200,30,1,2,2,1,14,5,2,0,1,0,0,1,200,200,34,0,0,25,200
0,200,30,1,2,2,1,14,5,2,0,1,0,0,1,200,200,34,0,0,61,200
1,200,30,1,2,2,1,14,5,2,0,1,0,0,1,200,200,34,0,1,21,200
0,200,30,1,2,2,1,14,6,4,0,1,0,0,1,200,200,17,6,1,46,200
0,200,30,1,2,2,1,14,6,4,0,1,0,0,1,200,200,17,6,0,31,200
1,200,30,1,2,2,1,14,6,4,0,1,0,0,1,200,200,17,6,0,200,200
0,200,25,2,0,0,1,10,6,1,0,0,0,0,1,200,200,18,0,0,19,200
0,200,25,2,0,0,1,10,6,1,0,0,0,0,1,200,200,18,0,1,33,200
1,200,25,2,0,0,1,10,6,1,0,0,0,0,1,200,200,18,0,0,200,200
0,200,30,1,2,2,1,10,6,3,0,1,0,0,200,200,200,18,200,0,200,200
0,200,30,1,2,2,1,10,6,3,0,1,0,0,200,200,200,18,200,0,39,200
0,200,30,0,0,0,1,7,5,200,0,0,0,0,200,200,1,0,0,0,200,200
0,200,30,0,0,0,1,12,5,200,3,1,0,0,200,200,200,22,16,1,52,200
0,200,30,0,0,0,1,12,5,200,3,1,0,0,200,200,200,22,16,1,47,200
1,200,30,0,0,0,1,12,5,200,3,1,0,0,200,200,200,22,16,1,200,200
0,200,30,0,0,0,1,2,0,200,0,0,0,0,200,1,1,20,200,1,200,200
0,200,30,0,0,2,1,14,5,200,0,1,200,0,200,200,1,8,18,0,200,200
0,200,30,0,0,2,1,14,5,200,0,1,200,0,200,200,1,8,18,0,26,200
0,200,15,0,0,2,1,2,5,200,0,1,0,0,200,1,200,0,200,0,50,200
1,200,15,0,0,2,1,2,5,200,0,1,0,0,200,1,200,0,200,1,200,200
0,200,20,0,0,0,3,7,7,0,0,0,0,0,200,1,1,0,200,1,200,200
1,200,20,0,0,0,3,7,7,0,0,0,0,0,200,1,1,0,200,1,35,200
0,200,30,200,200,200,200,10,200,200,0,200,200,0,200,200,200,0,200,1,200,200
0,200,30,200,200,200,200,10,200,200,0,200,200,0,200,200,200,0,200,0,60,200
1,200,30,200,200,200,200,10,200,200,0,200,200,0,200,200,200,0,200,1,200,200
1,200,30,200,200,200,200,10,200,200,0,200,200,0,200,200,200,0,200,1,67,200
0,200,30,0,0,0,1,7,6,200,0,0,0,0,200,200,1,200,200,2,200,200
0,200,30,0,2,2,200,12,2,2,0,1,0,0,200,200,200,15,17,0,17,200
0,200,30,0,2,2,200,12,2,2,0,1,0,0,200,200,200,15,17,2,60,200
0,200,30,2,2,2,1,14,5,2,0,1,0,0,1,200,200,17,23,0,82,200
0,200,30,2,2,2,1,14,5,2,0,1,0,0,1,200,200,17,23,1,23,200
0,200,25,0,0,2,1,7,5,200,0,1,0,1,200,200,200,0,0,0,36,200
0,200,25,2,2,0,1,10,6,1,0,0,200,0,200,200,200,0,0,0,43,200
0,200,25,2,2,0,1,10,6,1,0,0,200,0,200,200,200,0,0,0,20,200
0,200,30,1,2,0,1,0,5,200,0,0,0,0,1,200,200,0,0,0,74,200
0,200,30,1,2,0,1,0,5,200,0,0,0,0,1,200,200,0,0,0,36,200
0,1,30,2,2,2,1,14,5,200,0,1,200,1,1,200,200,17,33,0,0,200
0,1,30,2,2,2,1,14,5,200,0,1,200,1,1,200,200,17,33,0,31,200
1,1,30,2,2,2,1,14,5,200,0,1,200,1,1,200,200,17,33,1,21,200
1,1,30,2,2,2,1,14,5,200,0,1,200,1,1,200,200,17,33,0,2,200
0,200,30,0,0,2,1,10,5,200,0,1,0,0,200,200,200,0,200,0,21,200
0,200,30,0,0,2,1,10,5,200,0,1,0,0,200,200,200,0,200,0,200,200
0,200,30,2,2,1,1,10,6,1,0,1,0,1,200,200,1,0,0,2,200,200
0,200,30,2,2,1,1,10,6,1,0,1,0,1,200,200,1,0,0,0,18,200
1,200,30,2,2,1,1,10,6,1,0,1,0,1,200,200,1,0,0,1,19,200
1,200,30,2,2,1,1,10,6,1,0,1,0,1,200,200,1,0,0,0,21,200
1,200,30,2,2,1,1,10,6,1,0,1,0,1,200,200,1,0,0,1,2,200
0,1,30,0,0,0,1,0,5,200,0,0,0,0,200,200,200,18,200,1,53,200
0,1,30,0,0,0,1,0,5,200,0,0,0,0,200,200,200,18,200,1,53,200
0,200,30,0,0,0,1,7,7,200,0,0,0,0,200,200,200,20,0,0,63,200
0,200,30,0,0,0,3,7,5,2,0,0,0,1,200,200,1,0,200,2,200,200
0,200,30,1,2,2,1,12,2,4,0,1,0,0,200,200,200,22,21,0,31,200
0,200,30,1,2,2,1,12,2,4,0,1,0,0,200,200,200,22,21,1,43,200
0,200,30,1,2,2,1,10,5,200,0,1,0,0,200,200,200,0,34,0,200,200
0,200,30,1,2,2,1,10,5,200,0,1,0,0,200,200,200,0,34,0,200,200
0,200,30,0,0,0,1,2,5,200,0,0,0,0,200,200,200,0,0,0,50,200
0,200,35,1,2,0,1,14,1,4,0,0,0,1,1,200,1,23,17,1,200,200
0,200,35,1,2,0,1,14,1,4,0,0,0,1,1,200,1,23,17,1,36,200
0,200,35,1,2,0,1,14,1,4,0,0,0,1,1,200,1,23,17,0,33,200
1,200,35,1,2,0,1,14,1,4,0,0,0,1,1,200,1,23,17,1,13,200
1,200,35,1,2,0,1,14,1,4,0,0,0,1,1,200,1,23,17,1,11,200
1,200,35,1,2,0,1,14,1,4,0,0,0,1,1,200,1,23,17,1,10,200
0,200,30,2,2,2,1,10,2,2,0,1,0,1,1,200,200,16,0,0,20,200
0,200,30,2,2,2,1,10,2,2,0,1,0,1,1,200,200,16,0,1,41,200
1,200,30,2,2,2,1,10,2,2,0,1,0,1,1,200,200,16,0,0,32,200
1,200,30,2,2,2,1,10,2,2,0,1,0,1,1,200,200,16,0,0,200,200
0,200,30,1,2,2,1,12,5,200,0,1,0,0,200,200,1,0,200,0,200,200
0,200,30,1,2,2,1,12,5,200,0,1,0,0,200,200,1,0,200,0,48,200
0,200,30,1,2,0,1,10,6,200,0,0,0,0,200,200,200,0,0,0,32,200
0,200,30,1,2,0,1,10,6,200,0,0,0,0,200,200,200,0,0,1,50,200
0,200,30,2,0,2,1,14,5,200,0,1,0,0,200,200,200,0,0,1,46,200
0,200,30,2,0,2,1,14,5,200,0,1,0,0,200,200,200,0,0,0,37,200
1,200,30,2,0,2,1,14,5,200,0,1,0,0,200,200,200,0,0,0,17,200
0,200,25,1,2,0,1,11,5,200,0,0,0,0,200,200,200,20,200,1,65,200
0,200,25,1,2,0,1,11,5,200,0,0,0,0,200,200,200,20,200,0,0,200
0,200,30,0,0,0,1,10,2,200,0,1,0,0,200,200,200,34,16,1,44,200
0,200,30,0,0,0,1,10,2,200,0,1,0,0,200,200,200,34,16,1,31,200
0,200,30,0,0,0,1,12,5,200,0,0,0,0,200,200,200,200,200,0,35,200
0,200,30,0,0,0,1,12,5,200,0,0,0,0,200,200,200,200,200,0,37,200
0,200,30,1,2,2,1,14,5,200,0,1,0,0,1,200,200,23,200,0,43,200
0,200,30,1,2,2,1,14,5,200,0,1,0,0,1,200,200,23,200,0,40,200
0,200,30,0,0,0,4,8,5,4,0,0,0,1,1,200,1,23,0,0,200,200
4,200,30,0,0,0,4,8,5,4,0,0,0,1,1,200,1,23,0,0,56,200
0,200,30,1,2,0,1,14,2,4,0,1,0,0,200,200,200,17,200,0,0,200