PERSON_TYPE,CRASH_DATE_EST_I,POSTED_SPEED_LIMIT,TRAFFIC_CONTROL_DEVICE,DEVICE_CONDITION,WEATHER_CONDITION,LIGHTING_CONDITION,FIRST_CRASH_TYPE,TRAFFICWAY_TYPE,LANE_CNT,ALIGNMENT,ROADWAY_SURFACE_COND,ROAD_DEFECT,CRASH_TYPE,INTERSECTION_RELATED_I,NOT_RIGHT_OF_WAY_I,HIT_AND_RUN_I,PRIM_CONTRIBUTORY_CAUSE,SEC_CONTRIBUTORY_CAUSE,SEX,AGE,BAC_RESULT VALUE
0,200,30,1,2,0,1,14,2,4,0,1,0,0,200,200,200,17,200,0,20,200
0,200,30,1,200,2,1,10,5,200,0,1,200,1,1,200,200,34,200,0,69,200
0,200,30,1,200,2,1,10,5,200,0,1,200,1,1,200,200,34,200,1,45,200
0,1,30,0,0,200,200,7,6,200,0,200,200,0,200,200,1,0,0,2,200,200
0,200,30,1,2,1,1,7,5,200,0,1,0,1,200,200,200,0,200,1,39,200
0,200,30,0,0,0,1,12,3,200,0,1,0,0,200,200,200,21,200,0,47,200
0,200,30,0,0,0,1,12,3,200,0,1,0,0,200,200,200,21,200,0,27,200
0,200,35,1,2,2,1,14,6,4,0,1,0,0,200,200,1,23,200,0,200,200
0,200,35,1,2,2,1,14,6,4,0,1,0,0,200,200,1,23,200,0,36,200
0,200,30,1,2,0,1,0,2,4,0,1,0,0,200,200,1,6,16,0,200,200
0,200,30,1,2,0,1,0,2,4,0,1,0,0,200,200,1,6,16,0,74,200
0,200,30,0,0,0,1,7,7,200,0,0,0,0,200,1,200,200,200,0,200,200
1,200,30,0,0,0,1,7,7,200,0,0,0,0,200,1,200,200,200,1,200,200
0,200,30,0,0,0,1,7,5,200,0,0,0,0,200,200,1,0,0,2,200,200
0,200,25,0,0,2,200,7,5,2,0,1,0,1,0,200,200,34,0,0,41,200
1,200,25,0,0,2,200,7,5,2,0,1,0,1,0,200,200,34,0,1,42,200
0,200,25,2,2,2,1,2,3,8,5,1,0,1,200,200,200,14,11,0,47,200
1,200,25,2,2,2,1,2,3,8,5,1,0,1,200,200,200,14,11,1,56,200
1,200,25,2,2,2,1,2,3,8,5,1,0,1,200,200,200,14,11,0,43,200
1,200,25,2,2,2,1,2,3,8,5,1,0,1,200,200,200,14,11,1,32,200
0,200,15,0,0,2,1,7,7,200,0,1,12,0,200,200,200,33,21,0,59,200
0,200,30,0,0,0,1,12,5,4,0,0,0,0,200,200,1,0,0,1,200,200
0,200,30,0,0,0,1,12,5,4,0,0,0,0,200,200,1,0,0,0,35,200
0,200,30,1,0,1,1,10,5,200,0,1,0,0,200,200,1,0,200,0,200,200
0,200,30,1,0,1,1,10,5,200,0,1,0,0,200,200,1,0,200,1,33,200
0,200,30,0,0,0,1,12,6,200,0,0,0,0,200,200,200,17,0,1,20,200
0,200,30,0,0,0,1,12,6,200,0,0,0,0,200,200,200,17,0,0,28,200
1,200,30,0,0,0,1,12,6,200,0,0,0,0,200,200,200,17,0,1,23,200
1,200,30,0,0,0,1,12,6,200,0,0,0,0,200,200,200,17,0,0,24,200
0,200,30,0,0,0,1,0,5,4,0,200,200,0,200,200,200,0,0,0,61,200
0,200,30,0,0,0,1,0,5,4,0,200,200,0,200,200,200,0,0,0,36,200
0,200,30,1,2,1,1,10,5,4,0,1,0,0,1,200,200,18,11,0,18,200
0,200,30,1,2,1,1,10,5,4,0,1,0,0,1,200,200,18,11,1,48,200
0,200,30,1,2,0,1,10,5,200,0,0,0,0,1,200,200,0,0,0,200,200
0,200,30,1,2,0,1,10,5,200,0,0,0,0,1,200,200,0,0,1,54,200
0,200,30,0,0,0,1,10,5,200,0,0,0,0,200,200,200,200,200,0,200,200
0,200,30,0,0,0,1,10,5,200,0,0,0,0,200,200,200,200,200,1,25,200
1,200,30,0,0,0,1,10,5,200,0,0,0,0,200,200,200,200,200,1,200,200
1,200,30,0,0,0,1,10,5,200,0,0,0,0,200,200,200,200,200,1,200,200
0,200,30,0,0,2,1,10,2,200,0,1,0,0,200,200,200,0,0,0,20,200
0,200,30,0,0,2,1,10,2,200,0,1,0,0,200,200,200,0,0,1,57,200
1,200,30,0,0,2,1,10,2,200,0,1,0,0,200,200,200,0,0,0,200,200
0,1,30,0,0,0,1,7,2,200,0,0,0,0,200,200,1,0,0,2,200,200
0,200,30,0,0,0,3,7,5,200,0,0,0,0,200,200,1,0,200,0,200,200
0,200,5,0,0,0,1,12,7,0,0,0,0,0,200,1,200,0,200,1,200,200
0,200,5,0,0,0,1,12,7,0,0,0,0,0,200,1,200,0,200,0,46,200
1,200,5,0,0,0,1,12,7,0,0,0,0,0,200,1,200,0,200,1,31,200
0,200,30,0,0,2,1,7,2,2,0,1,0,1,200,200,1,0,200,0,21,200
0,200,30,0,0,0,3,12,5,200,0,0,0,0,200,200,200,0,0,0,57,200
0,200,30,0,0,0,3,12,5,200,0,0,0,0,200,200,200,0,0,1,40,200
0,200,30,0,0,0,4,7,5,200,0,0,0,1,200,200,1,200,200,2,200,200
0,200,35,1,2,2,1,10,5,2,0,1,0,0,200,200,200,0,0,1,200,200
0,200,35,1,2,2,1,10,5,2,0,1,0,0,200,200,200,0,0,0,200,200
0,200,35,1,2,2,1,10,5,2,0,1,0,0,200,200,200,0,0,1,33,200
1,200,35,1,2,2,1,10,5,2,0,1,0,0,200,200,200,0,0,1,40,200
1,200,35,1,2,2,1,10,5,2,0,1,0,0,200,200,200,0,0,0,17,200
0,1,30,1,2,2,1,10,5,200,0,1,0,0,200,200,1,18,200,0,200,200
0,1,30,1,2,2,1,10,5,200,0,1,0,0,200,200,1,18,200,0,38,200
0,200,30,0,0,1,1,7,6,1,0,1,0,0,200,200,1,0,0,0,200,200
0,200,30,0,0,200,1,7,5,2,0,0,0,0,200,200,1,0,200,2,200,200
0,200,30,0,0,2,1,12,6,1,0,200,200,0,200,200,200,22,200,1,41,200
0,200,30,0,0,2,1,12,6,1,0,200,200,0,200,200,200,22,200,0,25,200
0,200,30,0,0,2,1,10,5,2,0,1,0,0,200,200,200,16,16,1,37,200
0,200,30,0,0,2,1,10,5,2,0,1,0,0,200,200,200,16,16,0,54,200
0,200,30,0,0,0,1,12,5,200,0,0,200,0,200,200,200,0,200,0,200,200
0,200,30,0,0,0,1,12,5,200,0,0,200,0,200,200,200,0,200,1,30,200
0,200,30,0,0,0,1,14,2,200,0,0,0,0,200,200,200,200,200,0,27,200
0,200,30,0,0,0,1,14,2,200,0,0,0,0,200,200,200,200,200,1,44,200
0,200,30,0,0,0,1,12,5,200,0,0,0,0,200,200,200,0,0,0,200,200
0,200,30,0,0,0,1,12,5,200,0,0,0,0,200,200,200,0,0,0,53,200
0,200,30,1,2,2,1,10,5,200,0,1,0,1,1,200,200,7,20,0,34,200
0,200,30,1,2,2,1,10,5,200,0,1,0,1,1,200,200,7,20,1,62,200
0,200,30,0,0,200,200,7,6,1,0,200,200,0,200,200,1,0,0,2,200,200
0,200,20,0,0,1,1,12,5,4,0,0,0,0,200,0,200,21,11,1,20,200
0,200,20,0,0,1,1,12,5,4,0,0,0,0,200,0,200,21,11,0,29,200
0,200,25,0,0,0,1,7,6,200,0,0,0,0,200,200,200,0,200,1,19,200
0,200,30,0,0,1,1,0,5,2,0,0,0,0,200,200,200,17,200,1,63,200
0,200,30,0,0,1,1,0,5,2,0,0,0,0,200,200,200,17,200,0,35,200
0,200,30,0,0,0,1,0,2,200,0,1,0,0,200,200,200,20,0,0,46,200
0,200,30,0,0,0,1,0,2,200,0,1,0,0,200,200,200,20,0,0,58,200
0,200,30,0,0,2,1,14,2,4,0,1,0,0,200,200,200,23,0,0,25,200
0,200,30,0,0,2,1,14,2,4,0,1,0,0,200,200,200,23,0,1,200,200
0,200,30,200,200,0,1,0,2,200,0,0,0,1,1,200,200,0,0,0,25,200
0,200,30,200,200,0,1,0,2,200,0,0,0,1,1,200,200,0,0,0,36,200
0,200,35,0,2,2,1,12,5,200,0,1,0,1,200,200,200,22,34,1,37,200
0,200,35,0,2,2,1,12,5,200,0,1,0,1,200,200,200,22,34,0,41,200
1,200,35,0,2,2,1,12,5,200,0,1,0,1,200,200,200,22,34,1,17,200
1,200,35,0,2,2,1,12,5,200,0,1,0,1,200,200,200,22,34,1,7,200
0,200,30,0,0,0,1,7,6,4,0,1,0,0,200,200,200,0,0,0,200,200
1,200,30,0,0,0,1,7,6,4,0,1,0,0,200,200,200,0,0,0,200,200
1,200,30,0,0,0,1,7,6,4,0,1,0,0,200,200,200,0,0,0,200,200
1,200,30,0,0,0,1,7,6,4,0,1,0,0,200,200,200,0,0,0,200,200
0,200,30,0,0,1,1,10,5,4,0,0,0,0,1,0,200,18,11,1,27,200
0,200,30,0,0,1,1,10,5,4,0,0,0,0,1,0,200,18,11,0,42,200
0,200,30,0,0,0,1,0,0,200,0,0,0,0,200,200,200,200,200,1,48,200
0,200,30,0,0,0,1,0,0,200,0,0,0,0,200,200,200,200,200,0,40,200
1,200,30,0,0,0,1,0,0,200,0,0,0,0,200,200,200,200,200,1,200,200
0,200,30,1,2,1,1,10,5,2,0,0,0,1,200,200,1,0,200,0,44,200
0,200,30,1,2,1,1,10,5,2,0,0,0,1,200,200,1,0,200,0,200,200
0,200,30,1,2,1,1,14,5,4,0,200,200,0,1,200,200,33,200,0,29,200
0,200,30,1,2,1,1,14,5,4,0,200,200,0,1,200,200,33,200,1,56,200
1,200,30,1,2,1,1,14,5,4,0,200,200,0,1,200,200,33,200,0,4,200
0,200,30,0,0,2,1,14,2,2,0,1,0,1,1,200,200,16,200,1,39,200
0,200,30,0,0,2,1,14,2,2,0,1,0,1,1,200,200,16,200,0,59,200
0,200,30,1,2,0,1,0,5,200,0,0,0,0,200,200,1,0,0,2,200,200
0,200,30,1,2,0,1,0,5,200,0,0,0,0,200,200,1,0,0,0,56,200
0,200,30,0,0,0,1,14,6,200,0,0,0,0,200,200,200,18,200,1,200,200
0,200,30,0,0,0,1,14,6,200,0,0,0,0,200,200,200,18,200,1,37,200
0,200,25,0,0,0,1,7,5,200,0,0,0,0,200,200,1,25,0,2,200,200
0,200,35,0,0,2,1,2,3,8,0,1,0,1,200,200,200,12,12,0,38,200
0,200,30,0,0,0,1,14,5,2,0,200,0,0,200,200,200,0,0,0,69,200
0,200,30,0,0,0,1,14,5,2,0,200,0,0,200,200,200,0,0,1,26,200
1,200,30,0,0,0,1,14,5,2,0,200,0,0,200,200,200,0,0,0,67,200
0,200,30,2,2,2,1,0,5,0,0,1,0,0,1,200,1,17,0,1,200,200
0,200,30,2,2,2,1,0,5,0,0,1,0,0,1,200,1,17,0,0,200,200
1,200,30,2,2,2,1,0,5,0,0,1,0,0,1,200,1,17,0,1,200,200
1,200,30,2,2,2,1,0,5,0,0,1,0,0,1,200,1,17,0,0,200,200
1,200,30,2,2,2,1,0,5,0,0,1,0,0,1,200,1,17,0,1,200,200
1,200,30,2,2,2,1,0,5,0,0,1,0,0,1,200,1,17,0,1,200,200
0,200,30,1,2,0,1,10,5,200,0,0,0,0,200,200,200,18,0,1,200,200
0,200,30,1,2,0,1,10,5,200,0,0,0,0,200,200,200,18,0,1,56,200
0,200,30,0,0,0,3,10,5,200,0,0,0,0,200,200,200,0,0,0,200,200
0,200,30,0,0,0,3,10,5,200,0,0,0,0,200,200,200,0,0,0,74,200
1,200,30,0,0,0,3,10,5,200,0,0,0,0,200,200,200,0,0,1,200,200
0,200,30,1,2,2,0,10,5,4,0,1,0,1,200,200,200,34,200,0,27,200
0,200,30,1,2,2,0,10,5,4,0,1,0,1,200,200,200,34,200,0,19,200
0,1,35,0,0,0,0,7,5,2,0,200,0,1,200,200,1,0,0,2,200,200
0,200,30,1,2,0,1,10,5,2,0,0,0,0,200,0,200,18,0,0,59,200
0,200,30,1,2,0,1,10,5,2,0,0,0,0,200,0,200,18,0,1,22,200
0,200,30,0,0,0,1,10,5,200,0,0,0,0,200,200,200,0,200,0,46,200
0,200,30,0,0,0,1,10,5,200,0,0,0,0,200,200,200,0,200,1,24,200
0,200,40,0,0,2,1,12,3,8,3,1,0,1,200,200,200,34,200,1,25,200
0,200,40,0,0,2,1,12,3,8,3,1,0,1,200,200,200,34,200,0,200,200
0,200,30,2,2,2,1,0,2,2,0,1,0,0,1,200,200,5,0,1,35,200
0,200,30,2,2,2,1,0,2,2,0,1,0,0,1,200,200,5,0,1,37,200
1,200,30,2,2,2,1,0,2,2,0,1,0,0,1,200,200,5,0,1,61,200
1,200,30,2,2,2,1,0,2,2,0,1,0,0,1,200,200,5,0,1,18,200
0,200,30,0,0,0,1,7,5,200,0,0,0,1,200,1,200,0,0,1,54,200
0,200,40,0,0,2,1,12,3,4,3,1,0,0,200,200,200,200,34,1,24,200
0,200,40,0,0,2,1,12,3,4,3,1,0,0,200,200,200,200,34,1,27,200
1,200,40,0,0,2,1,12,3,4,3,1,0,0,200,200,200,200,34,1,12,200
1,200,40,0,0,2,1,12,3,4,3,1,0,0,200,200,200,200,34,0,5,200
0,0,15,2,2,0,1,14,5,2,0,1,0,0,1,200,200,0,0,1,34,200
0,0,15,2,2,0,1,14,5,2,0,1,0,0,1,200,200,0,0,0,46,200
0,200,30,0,0,1,1,7,5,1,0,1,200,0,200,200,200,0,0,0,59,200
0,200,30,0,0,0,1,14,5,200,0,1,0,0,200,200,1,0,0,0,200,200
0,200,30,0,0,0,1,14,5,200,0,1,0,0,200,200,1,0,0,1,60,200
1,200,30,0,0,0,1,14,5,200,0,1,0,0,200,200,1,0,0,1,200,200
0,200,30,1,2,200,1,10,5,200,0,200,0,0,1,200,200,11,200,1,200,200
0,200,30,1,2,200,1,10,5,200,0,200,0,0,1,200,200,11,200,0,200,200
0,200,0,0,0,0,1,7,5,2,0,0,200,0,200,200,1,0,0,2,200,200
0,200,30,0,0,0,1,7,2,2,0,0,0,0,200,200,1,0,200,2,200,200
0,200,30,1,2,0,1,10,3,1,0,1,0,0,200,200,200,0,0,0,200,200
0,200,30,1,2,0,1,10,3,1,0,1,0,0,200,200,200,0,0,1,200,200
0,200,30,1,2,2,1,14,6,3,0,1,0,0,1,200,200,18,200,0,49,200
0,200,30,1,2,2,1,14,6,3,0,1,0,0,1,200,200,18,200,0,24,200
0,200,30,0,0,1,4,14,5,200,0,0,0,1,1,200,200,17,200,0,45,200
0,200,30,0,0,1,4,14,5,200,0,0,0,1,1,200,200,17,200,0,24,200
1,200,30,0,0,1,4,14,5,200,0,0,0,1,1,200,200,17,200,1,200,200
0,200,30,0,0,0,1,4,5,2,0,1,1,0,200,200,200,0,0,0,200,200
0,200,30,0,0,0,1,7,2,2,0,0,0,1,200,200,200,0,0,2,200,200
1,200,30,0,0,0,1,7,2,2,0,0,0,1,200,200,200,0,0,1,45,200
1,200,30,0,0,0,1,7,2,2,0,0,0,1,200,200,200,0,0,0,34,200
0,200,15,0,0,0,1,14,12,200,0,1,200,0,200,200,1,200,200,1,200,200
0,200,15,0,0,0,1,14,12,200,0,1,200,0,200,200,1,200,200,0,52,200
1,200,15,0,0,0,1,14,12,200,0,1,200,0,200,200,1,200,200,1,200,200
0,200,20,0,0,0,3,7,6,1,0,0,0,0,200,200,1,0,0,2,200,200
0,200,30,200,200,200,200,12,200,200,0,200,200,0,200,200,200,0,200,1,42,200
0,200,30,200,200,200,200,12,200,200,0,200,200,0,200,200,200,0,200,0,55,200
0,200,25,2,2,2,1,3,5,2,0,1,200,1,1,200,1,11,0,2,200,200
0,200,25,2,2,2,1,3,5,2,0,1,200,1,1,200,1,11,0,1,46,200
0,200,30,0,0,2,1,12,6,200,0,1,0,0,200,200,0,27,27,1,25,200
0,200,30,0,0,2,1,12,6,200,0,1,0,0,200,200,0,27,27,0,37,200
0,200,30,0,0,0,3,7,5,200,0,0,0,0,200,200,1,0,0,2,200,200
0,200,30,0,0,0,1,7,5,200,0,0,0,0,200,200,1,0,0,2,200,200
0,200,5,0,0,0,1,7,7,0,0,0,0,0,200,1,1,0,200,2,200,200
0,200,30,0,0,0,1,0,6,1,0,1,0,0,200,200,200,0,200,0,38,200
0,200,30,0,0,0,1,0,6,1,0,1,0,0,200,200,200,0,200,0,25,200
0,200,30,0,0,2,1,12,5,200,0,1,200,0,200,200,1,22,0,2,200,200
0,200,30,0,0,2,1,12,5,200,0,1,200,0,200,200,1,22,0,1,68,200
0,200,25,0,0,1,1,7,6,2,0,0,0,0,200,200,1,200,200,2,200,200
0,200,30,1,2,0,4,10,3,200,0,1,0,0,200,200,1,0,0,1,200,200
0,200,30,1,2,0,4,10,3,200,0,1,0,0,200,200,1,0,0,1,28,200
1,200,30,1,2,0,4,10,3,200,0,1,0,0,200,200,1,0,0,1,25,200
0,200,30,0,0,1,1,12,3,200,0,200,200,0,200,200,200,21,200,0,23,200
0,200,30,0,0,1,1,12,3,200,0,200,200,0,200,200,200,21,200,0,50,200
1,200,30,0,0,1,1,12,3,200,0,200,200,0,200,200,200,21,200,1,40,200
1,200,30,0,0,1,1,12,3,200,0,200,200,0,200,200,200,21,200,0,14,200
0,200,30,0,0,0,1,12,5,200,0,0,0,0,200,200,1,0,0,0,200,200
0,200,30,0,0,0,1,12,5,200,0,0,0,0,200,200,1,0,0,0,53,200
0,200,25,2,0,0,4,2,5,200,0,0,0,0,200,1,200,27,16,0,19,200
0,200,30,1,2,0,1,14,2,2,0,200,200,0,1,200,200,18,0,0,24,200
0,200,30,1,2,0,1,14,2,2,0,200,200,0,1,200,200,18,0,1,31,200
0,200,25,0,0,0,1,10,5,2,0,0,0,0,200,0,200,18,0,1,34,200
0,200,25,0,0,0,1,10,5,2,0,0,0,0,200,0,200,18,0,0,45,200
0,200,30,1,2,0,2,14,5,2,0,0,0,1,1,200,200,17,200,1,23,200
0,200,30,1,2,0,2,14,5,2,0,0,0,1,1,200,200,17,200,0,62,200
0,200,25,0,0,2,1,10,5,200,3,1,0,0,1,200,1,0,200,1,200,200
0,200,25,0,0,2,1,10,5,200,3,1,0,0,1,200,1,0,200,0,25,200
0,200,30,200,200,200,200,7,200,200,0,200,200,0,200,200,1,0,200,2,200,200
1,200,30,200,200,200,200,7,200,200,0,200,200,0,200,200,1,0,200,1,200,200
0,200,30,0,0,0,2,2,7,200,0,0,0,0,200,200,200,0,0,0,50,200
0,200,30,1,2,0,1,10,5,2,0,0,0,0,200,200,200,0,0,0,200,200
0,200,30,1,2,0,1,10,5,2,0,0,0,0,200,200,200,0,0,0,200,200
1,200,30,1,2,0,1,10,5,2,0,0,0,0,200,200,200,0,0,1,200,200
1,200,30,1,2,0,1,10,5,2,0,0,0,0,200,200,200,0,0,0,1,200
0,200,30,1,2,0,1,10,5,2,0,0,0,0,200,200,200,0,0,0,30,200
0,200,30,1,2,0,1,10,5,2,0,0,0,0,200,200,200,0,0,0,45,200
0,200,30,1,2,0,1,10,5,2,0,0,0,0,200,200,200,0,0,1,49,200
0,200,30,0,0,2,1,7,5,2,0,1,0,0,200,200,1,200,200,2,200,200
0,200,30,0,0,0,1,7,5,200,0,0,0,0,200,200,200,0,0,0,26,200
0,200,40,1,2,0,4,10,3,200,0,0,0,0,200,200,1,0,0,0,200,200
0,200,40,1,2,0,4,10,3,200,0,0,0,0,200,200,1,0,0,1,200,200
0,200,30,0,0,0,4,2,0,200,3,0,0,0,200,200,200,0,16,0,59,200
0,200,35,0,0,0,1,0,5,1,0,0,0,0,200,200,200,0,0,1,200,200
0,200,35,0,0,0,1,0,5,1,0,0,0,0,200,200,200,0,0,1,53,200
0,200,30,0,0,0,1,10,5,4,0,0,0,0,200,200,200,0,0,1,39,200
0,200,30,0,0,0,1,10,5,4,0,0,0,0,200,200,200,0,0,1,57,200
4,1,30,0,0,0,1,8,5,200,0,0,0,0,200,200,200,18,200,0,30,200
0,1,30,0,0,0,1,8,5,200,0,0,0,0,200,200,200,18,200,1,32,200
0,200,30,200,200,2,2,14,5,4,0,200,200,1,1,200,200,0,200,0,26,200
0,200,30,200,200,2,2,14,5,4,0,200,200,1,1,200,200,0,200,0,33,200
0,200,30,0,0,0,1,7,5,200,0,0,0,0,200,200,200,0,0,1,28,200
0,200,30,0,0,0,4,10,5,2,0,200,200,0,200,200,200,0,0,0,52,200
0,200,30,0,0,0,4,10,5,2,0,200,200,0,200,200,200,0,0,1,50,200
1,200,30,0,0,0,4,10,5,2,0,200,200,0,200,200,200,0,0,200,51,200
4,200,25,2,200,1,4,8,6,1,0,200,0,1,1,200,1,0,0,1,9,200
0,200,25,2,200,1,4,8,6,1,0,200,0,1,1,200,1,0,0,0,200,200
0,200,25,0,0,0,1,14,5,200,0,0,0,0,200,200,200,0,200,0,200,200
0,200,25,0,0,0,1,14,5,200,0,0,0,0,200,200,200,0,200,1,66,200
0,200,30,0,0,0,1,7,5,200,0,0,0,0,200,200,1,200,200,0,200,200
0,200,25,0,0,0,1,0,5,2,0,0,0,0,200,0,200,17,0,1,200,200
0,200,25,0,0,0,1,0,5,2,0,0,0,0,200,0,200,17,0,1,20,200
0,200,30,0,0,0,4,11,5,2,0,0,0,1,200,200,0,21,200,0,51,200
0,200,30,0,0,0,4,11,5,2,0,0,0,1,200,200,0,21,200,0,28,200
0,200,25,2,12,0,1,0,5,2,0,0,0,1,200,200,1,33,16,1,39,200
0,200,25,2,12,0,1,0,5,2,0,0,0,1,200,200,1,33,16,2,200,200
1,200,25,2,12,0,1,0,5,2,0,0,0,1,200,200,1,33,16,0,200,200
0,200,35,1,2,2,4,3,2,2,2,1,0,1,1,200,200,17,17,1,23,200
0,200,35,1,2,2,4,3,2,2,2,1,0,1,1,200,200,17,17,0,24,200
1,200,35,1,2,2,4,3,2,2,2,1,0,1,1,200,200,17,17,1,23,200
0,200,30,1,2,2,4,0,6,200,0,1,0,1,1,200,200,3,200,0,24,200
0,200,30,1,2,2,4,0,6,200,0,1,0,1,1,200,200,3,200,0,25,200
1,200,30,1,2,2,4,0,6,200,0,1,0,1,1,200,200,3,200,0,24,200
0,200,30,1,2,0,1,10,5,2,0,0,0,0,200,200,1,0,0,1,200,200
0,200,30,1,2,0,1,10,5,2,0,0,0,0,200,200,1,0,0,0,33,200
0,200,10,12,1,0,200,2,7,1,0,0,0,1,200,200,200,0,0,1,50,200
0,200,30,2,0,0,1,10,2,200,0,0,0,0,200,200,200,0,0,0,57,200
0,200,30,2,0,0,1,10,2,200,0,0,0,0,200,200,200,0,0,1,43,200
1,200,30,2,0,0,1,10,2,200,0,0,0,0,200,200,200,0,0,0,7,200
1,200,30,2,0,0,1,10,2,200,0,0,0,0,200,200,200,0,0,1,200,200
0,200,30,1,2,0,4,10,5,200,0,0,0,0,200,200,200,18,16,0,32,200
0,200,30,1,2,0,4,10,5,200,0,0,0,0,200,200,200,18,16,1,18,200
0,200,30,1,2,2,3,11,12,5,0,1,200,1,200,200,200,10,34,2,200,200
0,200,30,1,2,2,3,11,12,5,0,1,200,1,200,200,200,10,34,0,66,200
0,200,30,1,2,2,3,11,12,5,0,1,200,1,200,200,200,10,34,1,51,200
0,200,30,1,2,2,3,11,12,5,0,1,200,1,200,200,200,10,34,0,74,200
0,200,30,1,2,2,3,11,12,5,0,1,200,1,200,200,200,10,34,0,78,200
0,200,30,1,2,2,3,11,12,5,0,1,200,1,200,200,200,10,34,1,51,200
0,200,30,2,2,0,3,14,5,3,0,0,0,0,200,200,200,11,200,1,21,200
0,200,30,2,2,0,3,14,5,3,0,0,0,0,200,200,200,11,200,1,24,200
0,200,30,0,0,0,3,7,5,200,0,0,0,0,200,200,200,0,0,0,61,200
1,200,30,0,0,0,3,7,5,200,0,0,0,0,200,200,200,0,0,0,200,200
0,200,30,2,2,1,1,0,2,2,0,1,0,1,1,200,200,34,0,0,34,200
0,200,30,2,2,1,1,0,2,2,0,1,0,1,1,200,200,34,0,0,29,200
0,200,25,0,0,2,3,10,5,200,0,1,0,0,200,200,200,200,200,0,24,200
0,200,25,0,0,2,3,10,5,200,0,1,0,0,200,200,200,200,200,0,33,200
0,200,30,0,0,2,1,10,2,200,0,1,0,1,200,200,200,16,200,0,19,200
0,200,30,0,0,2,1,10,2,200,0,1,0,1,200,200,200,16,200,0,56,200
0,200,30,2,2,2,3,0,5,2,0,1,0,1,200,200,1,5,0,2,200,200
0,200,30,2,2,2,3,0,5,2,0,1,0,1,200,200,1,5,0,0,24,200
0,200,30,1,2,2,3,12,6,200,0,1,0,0,1,200,200,17,16,0,19,200
0,200,30,1,2,2,3,12,6,200,0,1,0,0,1,200,200,17,16,0,22,200
0,200,30,0,0,2,3,11,5,1,0,1,0,0,200,200,1,15,16,0,75,200
0,200,30,0,0,2,3,11,5,1,0,1,0,0,200,200,1,15,16,0,200,200
1,200,30,0,0,2,3,11,5,1,0,1,0,0,200,200,1,15,16,1,60,200
1,200,30,0,0,2,3,11,5,1,0,1,0,0,200,200,1,15,16,2,200,200
0,200,30,1,2,2,0,14,5,4,0,1,0,1,1,200,200,33,33,1,17,200
0,200,30,1,2,2,0,14,5,4,0,1,0,1,1,200,200,33,33,0,19,200
0,200,30,0,0,2,3,11,5,200,0,200,0,0,200,200,1,0,200,2,200,200
0,200,30,0,0,2,3,11,5,200,0,200,0,0,200,200,1,0,200,1,33,200
0,200,30,0,0,2,3,12,5,200,0,1,200,0,200,200,200,0,200,0,40,200
0,200,30,0,0,2,3,12,5,200,0,1,200,0,200,200,200,0,200,0,27,200
1,200,30,0,0,2,3,12,5,200,0,1,200,0,200,200,200,0,200,1,200,200
0,200,30,2,2,2,0,10,2,2,0,1,0,0,200,200,200,18,34,1,200,200
0,200,30,2,2,2,0,10,2,2,0,1,0,0,200,200,200,18,34,0,20,200
1,200,30,2,2,2,0,10,2,2,0,1,0,0,200,200,200,18,34,1,200,200
1,200,30,2,2,2,0,10,2,2,0,1,0,0,200,200,200,18,34,0,18,200
1,200,30,2,2,2,0,10,2,2,0,1,0,0,200,200,200,18,34,1,200,200
0,200,30,1,2,2,3,14,6,7,0,1,0,1,1,200,200,23,23,0,33,200
0,200,30,1,2,2,3,14,6,7,0,1,0,1,1,200,200,23,23,0,38,200
0,200,30,0,0,2,3,7,2,2,0,1,0,1,200,200,200,0,0,1,36,200
1,200,30,0,0,2,3,7,2,2,0,1,0,1,200,200,200,0,0,1,7,200
0,200,30,1,0,2,3,14,5,200,0,1,0,0,200,200,200,0,0,1,26,200
0,200,30,1,0,2,3,14,5,200,0,1,0,0,200,200,200,0,0,0,21,200
0,200,30,0,0,200,200,7,6,1,0,200,200,0,200,200,200,20,0,0,27,200
0,200,30,2,2,2,1,14,6,1,0,1,200,0,1,200,200,0,0,0,24,200
0,200,30,2,2,2,1,14,6,1,0,1,200,0,1,200,200,0,0,0,43,200
0,200,30,1,2,2,0,11,5,4,0,1,0,0,1,200,200,6,200,0,26,200
0,200,30,1,2,2,0,11,5,4,0,1,0,0,1,200,200,6,200,0,24,200
1,200,30,1,2,2,0,11,5,4,0,1,0,0,1,200,200,6,200,0,27,200
1,200,30,1,2,2,0,11,5,4,0,1,0,0,1,200,200,6,200,0,25,200
1,200,30,1,2,2,0,11,5,4,0,1,0,0,1,200,200,6,200,0,25,200
0,200,30,1,2,2,3,10,5,4,0,1,200,0,200,200,200,34,18,1,34,200
0,200,30,1,2,2,3,10,5,4,0,1,200,0,200,200,200,34,18,1,200,200
0,200,20,0,0,2,3,7,6,200,0,1,0,0,200,200,1,14,16,0,200,200
0,200,30,0,0,2,3,10,2,4,0,1,0,0,200,200,200,18,15,0,34,200
0,200,30,0,0,2,3,10,2,4,0,1,0,0,200,200,200,18,15,0,28,200
1,200,30,0,0,2,3,10,2,4,0,1,0,0,200,200,200,18,15,0,1,200