PERSON_TYPE,CRASH_DATE_EST_I,POSTED_SPEED_LIMIT,TRAFFIC_CONTROL_DEVICE,DEVICE_CONDITION,WEATHER_CONDITION,LIGHTING_CONDITION,FIRST_CRASH_TYPE,TRAFFICWAY_TYPE,LANE_CNT,ALIGNMENT,ROADWAY_SURFACE_COND,ROAD_DEFECT,CRASH_TYPE,INTERSECTION_RELATED_I,NOT_RIGHT_OF_WAY_I,HIT_AND_RUN_I,PRIM_CONTRIBUTORY_CAUSE,SEC_CONTRIBUTORY_CAUSE,SEX,AGE,BAC_RESULT VALUE
1,200,30,0,0,2,3,10,2,4,0,1,0,0,200,200,200,18,15,1,21,200
0,200,10,0,0,0,1,7,7,200,0,1,0,0,200,1,1,0,200,0,200,200
0,200,30,1,2,2,3,14,1,4,0,1,0,0,1,200,200,16,200,1,50,200
0,200,30,1,2,2,3,14,1,4,0,1,0,0,1,200,200,16,200,0,36,200
1,200,30,1,2,2,3,14,1,4,0,1,0,0,1,200,200,16,200,1,53,200
0,200,30,0,0,0,1,7,7,1,0,0,0,0,200,1,200,20,200,1,68,200
0,200,30,3,2,200,1,10,5,2,0,200,200,0,200,200,1,18,22,1,200,200
0,200,30,3,2,200,1,10,5,2,0,200,200,0,200,200,1,18,22,1,31,200
0,200,30,1,2,2,3,12,5,2,0,1,0,0,1,200,200,0,0,0,34,200
0,200,30,1,2,2,3,12,5,2,0,1,0,0,1,200,200,0,0,1,47,200
0,200,30,0,0,2,200,12,6,1,0,1,200,0,200,200,1,200,200,0,200,200
0,200,30,0,0,2,200,12,6,1,0,1,200,0,200,200,1,200,200,1,32,200
0,200,30,1,2,2,3,14,5,4,0,1,200,1,1,200,200,17,34,1,17,200
0,200,30,1,2,2,3,14,5,4,0,1,200,1,1,200,200,17,34,0,33,200
1,200,30,1,2,2,3,14,5,4,0,1,200,1,1,200,200,17,34,0,19,200
0,200,30,1,2,2,3,14,2,200,0,1,200,1,200,200,1,17,25,1,23,200
0,200,30,1,2,2,3,14,2,200,0,1,200,1,200,200,1,17,25,0,24,200
0,200,30,1,2,2,3,14,2,200,0,1,200,1,200,200,1,17,25,0,35,200
0,200,30,3,2,2,3,7,5,2,0,1,0,0,200,200,200,20,20,0,40,200
1,200,30,3,2,2,3,7,5,2,0,1,0,0,200,200,200,20,20,0,200,200
0,200,30,1,2,2,3,10,5,2,0,1,0,1,200,200,200,16,32,1,56,200
0,200,30,1,2,2,3,10,5,2,0,1,0,1,200,200,200,16,32,0,24,200
0,200,30,1,2,2,3,10,5,2,0,1,0,1,200,200,200,16,32,1,30,200
1,200,30,1,2,2,3,10,5,2,0,1,0,1,200,200,200,16,32,1,1,200
0,200,30,0,0,1,1,10,5,200,0,200,0,0,200,200,200,16,0,0,40,200
0,200,30,0,0,1,1,10,5,200,0,200,0,0,200,200,200,16,0,0,23,200
0,200,30,1,2,2,3,0,5,4,0,1,200,1,1,200,200,6,11,0,63,200
0,200,30,1,2,2,3,0,5,4,0,1,200,1,1,200,200,6,11,1,38,200
1,200,30,1,2,2,3,0,5,4,0,1,200,1,1,200,200,6,11,1,10,200
1,200,30,1,2,2,3,0,5,4,0,1,200,1,1,200,200,6,11,1,7,200
0,200,35,0,0,2,0,2,6,1,0,1,0,1,200,1,1,200,200,2,200,200
0,200,30,1,2,0,3,12,5,4,0,1,0,1,200,200,200,17,0,0,19,200
0,200,30,1,2,0,3,12,5,4,0,1,0,1,200,200,200,17,0,0,24,200
0,200,35,1,2,2,3,10,2,4,0,1,0,0,200,200,200,16,18,0,43,200
0,200,35,1,2,2,3,10,2,4,0,1,0,0,200,200,200,16,18,1,32,200
0,200,30,1,2,2,3,9,2,2,0,1,0,0,1,200,200,16,0,1,39,200
5,200,30,1,2,2,3,9,2,2,0,1,0,0,1,200,200,16,0,1,34,200
0,200,30,0,0,2,3,10,5,200,0,1,0,0,200,200,200,18,200,0,54,200
0,200,30,0,0,2,3,10,5,200,0,1,0,0,200,200,200,18,200,0,32,200
0,200,30,0,0,2,3,7,3,200,0,1,0,1,200,200,200,16,21,0,39,200
0,200,30,0,0,2,4,7,5,2,0,1,200,1,200,200,1,0,0,2,200,200
0,200,35,1,2,0,3,10,3,3,0,1,0,0,1,200,200,16,18,0,38,200
0,200,35,1,2,0,3,10,3,3,0,1,0,0,1,200,200,16,18,0,26,200
0,200,30,0,0,0,3,0,2,1,0,1,0,1,1,200,200,5,4,0,17,200
0,200,30,0,0,0,3,0,2,1,0,1,0,1,1,200,200,5,4,0,46,200
0,0,30,0,0,0,3,7,5,4,0,1,200,0,200,200,1,0,200,2,200,200
0,200,30,0,0,2,3,12,5,4,0,1,0,1,200,200,1,0,200,2,200,200
0,200,30,0,0,2,3,12,5,4,0,1,0,1,200,200,1,0,200,1,25,200
0,200,30,200,200,0,3,0,5,2,0,1,0,1,1,200,200,11,0,1,22,200
0,200,30,200,200,0,3,0,5,2,0,1,0,1,1,200,200,11,0,1,29,200
0,200,30,1,2,2,3,14,12,0,0,1,200,0,1,200,200,6,34,0,34,200
0,200,30,1,2,2,3,14,12,0,0,1,200,0,1,200,200,6,34,1,25,200
1,200,30,1,2,2,3,14,12,0,0,1,200,0,1,200,200,6,34,0,54,200
1,200,30,1,2,2,3,14,12,0,0,1,200,0,1,200,200,6,34,1,200,200
0,200,30,1,1,0,3,14,3,2,0,0,0,1,200,200,200,6,11,0,21,200
0,200,30,1,1,0,3,14,3,2,0,0,0,1,200,200,200,6,11,0,55,200
0,200,30,12,2,2,3,5,5,1,0,1,0,1,200,200,200,32,0,1,22,0.2
0,200,25,0,0,2,0,7,6,1,0,1,0,0,200,200,200,20,200,0,29,200
0,200,30,1,2,0,3,14,12,4,0,0,0,1,1,200,200,18,18,1,47,200
0,200,30,1,2,0,3,14,12,4,0,0,0,1,1,200,200,18,18,0,31,200
0,200,30,0,0,1,3,7,6,200,0,1,200,1,200,200,200,16,14,1,25,200
0,200,35,0,0,0,3,7,5,200,0,0,0,1,200,200,200,32,0,0,39,0.18
0,200,30,0,0,2,3,2,5,4,0,1,12,1,200,1,200,34,34,0,18,200
0,200,30,0,0,0,3,2,3,8,0,1,0,1,200,200,200,16,200,0,73,200
0,200,30,1,2,0,2,10,2,2,0,0,0,0,200,200,200,11,0,0,19,200
0,200,30,1,2,0,2,10,2,2,0,0,0,0,200,200,200,11,0,1,52,200
0,200,30,1,2,2,2,2,5,4,0,1,0,0,1,200,200,11,200,1,39,200
1,200,30,1,2,2,2,2,5,4,0,1,0,0,1,200,200,11,200,1,25,200
0,200,30,1,2,0,2,10,5,2,0,1,0,0,1,200,200,7,200,0,56,200
0,200,30,1,2,0,2,10,5,2,0,1,0,0,1,200,200,7,200,0,25,200
0,200,30,1,2,2,1,0,6,3,0,1,0,0,1,200,1,17,17,2,200,200
0,200,30,1,2,2,1,0,6,3,0,1,0,0,1,200,1,17,17,0,36,200
1,200,30,1,2,2,1,0,6,3,0,1,0,0,1,200,1,17,17,200,200,200
0,1,20,1,2,0,3,12,5,1,0,1,0,0,1,200,200,0,0,0,63,200
0,1,20,1,2,0,3,12,5,1,0,1,0,0,1,200,200,0,0,0,47,200
0,200,30,1,2,0,2,0,5,200,0,200,0,0,200,200,1,16,0,2,200,200
0,200,30,1,2,0,2,0,5,200,0,200,0,0,200,200,1,16,0,0,52,200
0,200,30,0,0,0,1,14,5,2,0,0,0,0,1,1,200,21,11,1,48,200
0,200,30,0,0,0,1,14,5,2,0,0,0,0,1,1,200,21,11,0,49,200
0,200,35,0,0,2,2,5,3,4,0,1,0,1,200,200,200,15,16,0,26,200
0,200,30,0,2,2,1,14,5,200,0,1,0,0,200,200,200,23,0,1,62,200
0,200,30,0,2,2,1,14,5,200,0,1,0,0,200,200,200,23,0,0,63,200
1,200,30,0,2,2,1,14,5,200,0,1,0,0,200,200,200,23,0,1,200,200
0,200,30,0,0,0,1,5,2,1,0,0,0,0,200,200,200,0,0,0,90,200
0,200,35,0,0,2,2,2,3,2,3,1,0,1,200,200,200,15,34,0,61,200
0,200,30,1,2,0,1,10,3,200,0,0,0,0,1,200,200,200,200,1,47,200
0,200,30,1,2,0,1,10,3,200,0,0,0,0,1,200,200,200,200,1,37,200
0,200,40,0,0,2,1,2,3,4,3,1,200,0,200,200,200,0,0,0,46,200
0,200,30,0,0,0,1,8,5,200,0,0,0,0,200,200,200,0,0,0,43,200
4,200,30,0,0,0,1,8,5,200,0,0,0,0,200,200,200,0,0,0,200,200
0,200,15,0,0,1,1,7,6,200,0,1,0,0,0,200,200,16,200,0,46,200
0,200,30,1,2,1,1,14,2,200,0,0,0,1,1,200,200,0,0,0,39,200
0,200,30,1,2,1,1,14,2,200,0,0,0,1,1,200,200,0,0,0,58,200
0,200,25,0,0,200,200,7,5,2,0,200,0,1,200,200,1,0,200,2,200,200
0,200,30,1,2,1,1,14,5,5,0,0,0,1,1,200,200,27,6,0,32,200
0,200,30,1,2,1,1,14,5,5,0,0,0,1,1,200,200,27,6,0,73,200
0,200,30,1,2,0,1,14,2,2,0,0,0,1,200,200,200,22,23,1,26,200
0,200,30,1,2,0,1,14,2,2,0,0,0,1,200,200,200,22,23,1,36,200
1,200,30,1,2,0,1,14,2,2,0,0,0,1,200,200,200,22,23,0,11,200
1,200,30,1,2,0,1,14,2,2,0,0,0,1,200,200,200,22,23,0,13,200
0,200,25,2,2,0,1,7,5,200,0,0,0,0,200,200,200,23,200,1,27,200
0,200,25,2,2,0,1,7,5,200,0,0,0,0,200,200,200,23,200,1,31,200
0,200,30,1,2,1,1,14,5,4,0,0,0,1,200,200,200,23,200,0,50,200
0,200,30,1,2,1,1,14,5,4,0,0,0,1,200,200,200,23,200,0,33,200
4,200,30,1,2,1,1,14,5,4,0,0,0,1,200,200,200,23,200,0,52,200
1,200,30,1,2,1,1,14,5,4,0,0,0,1,200,200,200,23,200,0,44,200
1,200,30,1,2,1,1,14,5,4,0,0,0,1,200,200,200,23,200,0,44,200
0,1,30,0,0,2,0,7,3,2,0,1,0,0,200,200,1,0,0,2,200,200
0,200,35,1,2,0,1,10,5,4,0,0,0,0,1,200,200,16,18,1,57,200
0,200,35,1,2,0,1,10,5,4,0,0,0,0,1,200,200,16,18,0,20,200
0,200,35,0,0,0,1,12,5,2,0,0,0,0,200,200,1,0,0,0,200,200
0,200,35,0,0,0,1,12,5,2,0,0,0,0,200,200,1,0,0,0,25,200
0,200,35,0,0,1,1,10,2,4,3,1,0,0,200,200,200,0,0,1,28,200
0,200,35,0,0,1,1,10,2,4,3,1,0,0,200,200,200,0,0,0,67,200
0,200,30,1,2,1,2,0,6,4,0,0,0,1,1,200,200,6,16,1,57,200
0,200,30,1,2,1,2,0,6,4,0,0,0,1,1,200,200,6,16,0,36,200
0,200,15,0,0,0,2,7,7,0,0,0,1,0,200,1,200,29,0,0,57,200
0,200,30,0,0,0,1,9,2,4,0,0,0,0,1,200,200,17,0,0,57,200
5,200,30,0,0,0,1,9,2,4,0,0,0,0,1,200,200,17,0,1,48,200
0,200,30,0,0,0,1,10,5,2,0,0,0,0,200,200,1,18,200,0,200,200
0,200,30,0,0,0,1,10,5,2,0,0,0,0,200,200,1,18,200,1,50,200
1,200,30,0,0,0,1,10,5,2,0,0,0,0,200,200,1,18,200,1,3,200
1,200,30,0,0,0,1,10,5,2,0,0,0,0,200,200,1,18,200,0,6,200
0,200,30,0,0,0,1,12,6,2,0,0,0,0,200,200,1,21,0,0,200,200
0,200,30,0,0,0,1,12,6,2,0,0,0,0,200,200,1,21,0,0,28,200
0,200,30,0,0,2,1,10,5,200,0,1,0,0,200,200,200,0,0,0,25,200
0,200,30,0,0,2,1,10,5,200,0,1,0,0,200,200,200,0,0,0,44,200
0,200,30,0,0,2,1,10,5,200,0,1,0,0,200,200,200,0,0,1,32,200
1,200,30,0,0,2,1,10,5,200,0,1,0,0,200,200,200,0,0,2,200,200
1,200,30,0,0,2,1,10,5,200,0,1,0,0,200,200,200,0,0,2,200,200
0,200,30,1,2,0,1,10,5,200,0,0,0,0,1,200,200,18,16,1,26,200
0,200,30,1,2,0,1,10,5,200,0,0,0,0,1,200,200,18,16,1,25,200
0,200,30,1,2,0,1,10,5,200,0,0,0,0,1,200,200,18,16,1,200,200
0,200,30,0,0,2,1,9,5,200,0,1,0,1,1,200,200,200,200,1,21,200
5,200,30,0,0,2,1,9,5,200,0,1,0,1,1,200,200,200,200,1,16,200
1,200,30,0,0,2,1,9,5,200,0,1,0,1,1,200,200,200,200,0,1,200
0,200,35,0,0,1,1,14,2,4,0,1,0,1,1,200,200,17,15,0,24,200
0,200,35,0,0,1,1,14,2,4,0,1,0,1,1,200,200,17,15,0,62,200
0,200,30,1,2,1,1,10,5,2,0,1,0,0,200,200,200,28,16,0,28,200
0,200,30,1,2,1,1,10,5,2,0,1,0,0,200,200,200,28,16,1,31,200
0,200,30,1,2,1,1,10,2,4,0,0,0,0,1,200,200,11,0,0,19,200
0,200,30,1,2,1,1,10,2,4,0,0,0,0,1,200,200,11,0,1,65,200
0,200,30,0,0,1,1,9,5,2,0,1,12,1,200,200,1,21,22,0,200,200
5,200,30,0,0,1,1,9,5,2,0,1,12,1,200,200,1,21,22,1,42,200
1,200,30,0,0,2,1,12,3,2,0,1,0,0,200,200,200,22,0,1,200,200
0,200,30,0,0,2,1,12,3,2,0,1,0,0,200,200,200,22,0,0,45,200
0,200,30,0,0,2,1,12,3,2,0,1,0,0,200,200,200,22,0,1,55,200
0,1,30,0,0,200,200,7,5,2,0,200,0,0,200,200,1,0,200,2,200,200
0,1,15,0,0,0,1,7,7,200,0,0,0,0,200,200,200,0,0,1,200,200
0,200,30,1,2,0,1,12,5,200,0,0,0,0,200,200,200,17,200,0,26,200
0,200,30,1,2,0,1,12,5,200,0,0,0,0,200,200,200,17,200,0,43,200
0,200,30,1,2,0,1,14,5,2,0,0,0,0,200,200,200,17,17,1,26,200
0,200,30,1,2,0,1,14,5,2,0,0,0,0,200,200,200,17,17,1,48,200
0,200,30,0,0,2,1,10,5,4,0,1,0,0,200,200,200,16,12,1,23,200
0,200,30,0,0,2,1,10,5,4,0,1,0,0,200,200,200,16,12,0,71,200
0,200,35,0,0,1,1,14,2,200,0,0,0,1,1,200,200,17,200,0,17,200
0,200,35,0,0,1,1,14,2,200,0,0,0,1,1,200,200,17,200,1,49,200
1,200,35,0,0,1,1,14,2,200,0,0,0,1,1,200,200,17,200,1,1,200
0,200,30,0,0,2,1,7,6,200,0,1,0,0,200,200,1,0,0,2,200,200
0,200,30,1,2,0,1,12,5,4,0,0,0,0,200,200,200,200,33,0,62,200
0,200,30,1,2,0,1,12,5,4,0,0,0,0,200,200,200,200,33,0,35,200
0,200,30,0,0,0,1,12,6,200,0,0,0,0,200,200,200,17,17,0,35,200
0,200,30,0,0,0,1,12,6,200,0,0,0,0,200,200,200,17,17,0,68,200
0,200,30,2,2,0,1,10,2,2,0,0,0,0,200,200,200,18,23,0,80,200
0,200,30,2,2,0,1,10,2,2,0,0,0,0,200,200,200,18,23,0,45,200
0,200,30,12,12,2,1,14,2,200,0,1,12,1,200,200,1,200,200,1,22,200
0,200,30,12,12,2,1,14,2,200,0,1,12,1,200,200,1,200,200,0,200,200
0,200,30,2,2,0,3,0,6,1,0,0,0,0,1,200,1,5,11,2,200,200
0,200,30,2,2,0,3,0,6,1,0,0,0,0,1,200,1,5,11,1,51,200
1,200,30,2,2,0,3,0,6,1,0,0,0,0,1,200,1,5,11,0,200,200
0,200,30,0,0,1,1,14,2,6,0,0,0,1,200,200,200,21,200,0,39,200
0,200,30,0,0,1,1,14,2,6,0,0,0,1,200,200,200,21,200,0,62,200
1,200,30,0,0,1,1,10,12,200,0,0,0,0,200,200,200,20,200,0,200,200
0,200,30,0,0,1,1,10,12,200,0,0,0,0,200,200,200,20,200,0,44,200
0,200,30,0,0,1,1,10,12,200,0,0,0,0,200,200,200,20,200,1,18,200
1,200,30,0,0,1,1,10,12,200,0,0,0,0,200,200,200,20,200,0,200,200
0,200,30,1,2,1,1,12,2,4,0,0,0,0,200,200,200,22,0,1,56,200
0,200,30,1,2,1,1,12,2,4,0,0,0,0,200,200,200,22,0,0,37,200
0,200,30,1,2,1,1,10,5,200,0,0,0,0,1,200,200,16,0,0,33,200
0,200,30,1,2,1,1,10,5,200,0,0,0,0,1,200,200,16,0,0,200,200
1,200,30,1,2,1,1,10,5,200,0,0,0,0,1,200,200,16,0,1,200,200
0,200,30,0,0,2,1,10,6,200,0,1,0,0,200,200,1,0,200,0,35,200
0,200,30,0,0,2,1,10,6,200,0,1,0,0,200,200,1,0,200,0,200,200
1,200,30,0,0,2,1,10,6,200,0,1,0,0,200,200,1,0,200,1,200,200
0,200,30,1,2,2,1,12,2,4,0,1,200,0,200,200,200,22,200,0,64,200
0,200,30,1,2,2,1,12,2,4,0,1,200,0,200,200,200,22,200,0,41,200
0,200,30,0,0,0,1,7,6,200,0,0,0,0,200,200,200,200,200,1,53,200
0,200,30,1,2,2,0,9,6,200,0,1,200,1,1,200,200,33,0,0,46,200
5,200,30,1,2,2,0,9,6,200,0,1,200,1,1,200,200,33,0,0,36,200
0,200,0,2,2,0,1,12,2,200,0,0,0,0,200,200,1,18,18,0,200,200
0,200,0,2,2,0,1,12,2,200,0,0,0,0,200,200,1,18,18,1,66,200
0,200,30,2,2,1,1,0,5,1,0,1,0,0,1,200,1,17,200,0,200,200
0,200,30,2,2,1,1,0,5,1,0,1,0,0,1,200,1,17,200,0,48,200
0,200,30,0,0,2,1,2,5,4,2,1,0,1,200,200,200,0,200,1,57,200
1,200,30,0,0,2,1,2,5,4,2,1,0,1,200,200,200,0,200,0,30,200
1,200,30,0,0,2,1,2,5,4,2,1,0,1,200,200,200,0,200,1,61,200
0,200,15,200,200,2,1,9,0,1,0,200,200,1,200,200,1,0,0,2,200,200
5,200,15,200,200,2,1,9,0,1,0,200,200,1,200,200,1,0,0,1,35,200
0,200,0,12,2,2,1,10,5,200,0,1,12,0,200,200,200,0,0,1,47,200
0,200,0,12,2,2,1,10,5,200,0,1,12,0,200,200,200,0,0,0,35,200
0,1,20,0,0,0,1,7,2,2,0,0,0,0,200,200,200,0,200,0,39,200
1,1,20,0,0,0,1,7,2,2,0,0,0,0,200,200,200,0,200,1,55,200
0,200,30,0,0,1,1,7,5,2,0,0,0,0,200,200,200,18,0,0,35,200
0,200,30,12,12,2,1,9,5,2,0,1,0,1,200,200,200,20,20,1,22,200
5,200,30,12,12,2,1,9,5,2,0,1,0,1,200,200,200,20,20,0,62,200
0,200,30,0,0,0,1,7,6,1,0,0,0,0,200,200,200,0,0,0,41,200
1,200,30,0,0,0,1,7,6,1,0,0,0,0,200,200,200,0,0,1,200,200
0,200,30,1,2,2,1,10,5,2,0,1,0,0,1,200,200,34,200,0,45,200
0,200,30,1,2,2,1,10,5,2,0,1,0,0,1,200,200,34,200,0,46,200
1,200,30,1,2,2,1,10,5,2,0,1,0,0,1,200,200,34,200,0,38,200
0,1,30,0,0,0,1,7,5,2,0,0,0,1,200,200,1,0,200,0,200,200
0,200,30,1,2,2,1,10,2,200,0,1,0,0,1,200,200,18,200,0,36,200
0,200,30,1,2,2,1,10,2,200,0,1,0,0,1,200,200,18,200,0,75,200
1,200,30,1,2,2,1,10,2,200,0,1,0,0,1,200,200,18,200,1,60,200
0,200,35,1,2,0,1,10,2,4,0,0,0,0,1,200,200,11,0,1,16,200
0,200,35,1,2,0,1,10,2,4,0,0,0,0,1,200,200,11,0,1,53,200
0,200,30,1,2,2,1,10,5,4,0,1,0,0,200,200,200,18,16,1,200,200
0,200,30,1,2,2,1,10,5,4,0,1,0,0,200,200,200,18,16,1,30,200
0,200,30,1,2,0,1,10,2,4,0,0,0,0,200,200,200,18,16,0,56,200
0,200,30,1,2,0,1,10,2,4,0,0,0,0,200,200,200,18,16,0,49,200
0,1,30,0,0,2,3,7,5,200,0,1,0,0,200,200,1,0,0,2,200,200
0,1,15,0,0,0,1,5,7,200,0,0,0,0,200,1,200,200,200,0,70,200
0,200,30,0,0,0,1,11,5,2,0,0,0,0,200,200,200,0,0,1,27,200
0,200,30,0,0,0,1,11,5,2,0,0,0,0,200,200,200,0,0,1,40,200
0,200,30,0,0,0,1,10,3,4,0,0,0,0,200,200,200,16,16,0,48,200
0,200,30,0,0,0,1,10,3,4,0,0,0,0,200,200,200,16,16,1,40,200
0,200,30,1,2,0,1,14,2,200,0,1,0,1,1,200,200,17,200,1,47,200
0,200,30,1,2,0,1,14,2,200,0,1,0,1,1,200,200,17,200,0,52,200
1,200,30,1,2,0,1,14,2,200,0,1,0,1,1,200,200,17,200,1,19,200
1,200,30,1,2,0,1,14,2,200,0,1,0,1,1,200,200,17,200,1,56,200
0,200,40,0,0,2,1,2,3,8,1,1,0,1,200,200,200,14,18,0,20,200
0,200,30,0,0,1,1,7,6,3,0,0,0,0,200,200,1,0,0,2,200,200
0,200,30,0,0,2,1,14,5,2,0,1,0,1,200,200,200,34,200,0,26,200
0,200,30,0,0,2,1,14,5,2,0,1,0,1,200,200,200,34,200,1,80,200
0,200,30,1,2,0,1,0,2,4,0,0,0,0,1,200,1,6,16,0,200,200
0,200,30,1,2,0,1,0,2,4,0,0,0,0,1,200,1,6,16,1,42,200
0,1,30,0,0,200,200,7,5,2,0,200,0,0,200,200,1,0,200,2,200,200
4,200,30,0,0,0,1,8,6,2,0,0,0,1,200,200,200,17,200,1,28,200
0,200,30,0,0,0,1,8,6,2,0,0,0,1,200,200,200,17,200,0,36,200
0,200,15,0,0,1,1,7,6,1,0,1,0,0,200,200,200,11,11,0,23,200
0,200,30,0,0,0,1,7,6,200,0,0,0,0,200,200,200,20,200,1,72,200
1,200,30,0,0,0,1,7,6,200,0,0,0,0,200,200,200,20,200,1,200,200
0,200,30,0,0,0,1,12,5,2,0,1,0,0,200,200,200,0,0,0,17,200
0,200,30,0,0,0,1,12,5,2,0,1,0,0,200,200,200,0,0,1,61,200
0,200,30,1,2,1,1,12,5,4,0,0,0,0,1,200,200,17,17,0,65,200
0,200,30,1,2,1,1,12,5,4,0,0,0,0,1,200,200,17,17,0,32,200
0,200,30,1,2,0,1,14,2,200,0,0,200,0,1,200,200,21,200,0,48,200
0,200,30,1,2,0,1,14,2,200,0,0,200,0,1,200,200,21,200,0,48,200
0,200,35,0,0,0,1,7,7,12,0,0,0,0,200,1,200,11,0,1,200,200
1,200,35,0,0,0,1,7,7,12,0,0,0,0,200,1,200,11,0,0,200,200
1,200,35,0,0,0,1,7,7,12,0,0,0,0,200,1,200,11,0,1,53,200
0,200,30,1,2,1,1,0,5,5,0,0,0,0,200,200,200,33,200,0,25,200
0,200,30,1,2,1,1,0,5,5,0,0,0,0,200,200,200,33,200,0,38,200
1,200,30,1,2,1,1,0,5,5,0,0,0,0,200,200,200,33,200,0,23,200
0,200,30,0,0,0,1,12,5,200,0,0,0,0,200,200,200,0,0,0,75,200
0,200,30,0,0,0,1,12,5,200,0,0,0,0,200,200,200,0,0,1,42,200
0,200,30,2,2,1,1,14,5,2,0,0,0,0,1,200,200,5,21,1,77,200
0,200,30,2,2,1,1,14,5,2,0,0,0,0,1,200,200,5,21,0,55,200
0,200,30,0,0,0,1,7,2,2,0,0,0,0,200,1,200,0,0,1,25,200
1,200,30,0,0,0,1,7,2,2,0,0,0,0,200,1,200,0,0,0,18,200
0,200,35,1,2,1,1,10,2,4,0,0,0,1,1,200,200,0,0,1,33,200
0,200,35,1,2,1,1,10,2,4,0,0,0,1,1,200,200,0,0,0,60,200
0,200,35,1,2,1,1,10,2,4,0,0,0,1,1,200,200,0,0,1,63,200
0,200,30,0,0,0,3,12,12,1,0,0,0,1,200,200,200,18,22,0,21,200
0,200,30,0,0,0,3,12,12,1,0,0,0,1,200,200,200,18,22,0,48,200
1,200,30,0,0,0,3,12,12,1,0,0,0,1,200,200,200,18,22,0,19,200
0,200,30,1,2,1,1,10,5,200,0,1,0,0,200,200,200,18,200,1,50,200
0,200,30,1,2,1,1,10,5,200,0,1,0,0,200,200,200,18,200,1,54,200
1,200,30,1,2,1,1,10,5,200,0,1,0,0,200,200,200,18,200,0,200,200
0,200,30,0,0,0,1,10,2,200,0,1,0,0,200,200,200,0,200,0,18,200
0,200,30,0,0,0,1,10,2,200,0,1,0,0,200,200,200,0,200,0,27,200
0,200,30,0,0,0,1,14,5,200,0,0,0,0,200,200,200,23,0,0,25,200
0,200,30,0,0,0,1,14,5,200,0,0,0,0,200,200,200,23,0,1,55,200
0,200,30,0,0,0,1,10,5,4,0,0,0,1,200,200,200,7,16,0,32,200
0,200,30,0,0,0,1,10,5,4,0,0,0,1,200,200,200,7,16,0,57,200
0,200,25,0,0,0,1,14,7,200,0,1,0,1,200,200,200,0,0,1,29,200
0,200,25,0,0,0,1,14,7,200,0,1,0,1,200,200,200,0,0,1,60,200
0,200,30,2,2,0,1,9,2,200,0,0,0,1,1,200,200,5,200,0,57,200
5,200,30,2,2,0,1,9,2,200,0,0,0,1,1,200,200,5,200,1,54,200
0,200,30,0,0,0,1,10,5,200,0,0,0,0,1,200,200,0,0,1,51,200
0,200,30,0,0,0,1,10,5,200,0,0,0,0,1,200,200,0,0,0,49,200
0,200,20,1,2,0,1,12,2,200,0,0,0,0,200,200,200,17,200,0,200,200
0,200,20,1,2,0,1,12,2,200,0,0,0,0,200,200,200,17,200,0,45,200
0,200,30,1,2,0,1,14,6,3,0,0,0,0,1,200,200,0,0,0,65,200
0,200,30,1,2,0,1,14,6,3,0,0,0,0,1,200,200,0,0,0,20,200
0,0,30,1,2,1,1,10,6,3,0,1,12,1,200,200,200,0,200,1,56,200
0,200,30,0,0,0,200,7,6,1,0,0,0,1,200,200,1,0,0,2,200,200
0,200,30,1,2,0,1,8,5,4,0,0,0,1,1,200,200,17,22,0,20,200
4,200,30,1,2,0,1,8,5,4,0,0,0,1,1,200,200,17,22,0,59,200
0,200,25,0,200,0,1,7,5,1,0,200,0,0,200,200,1,21,0,2,200,200
0,200,30,200,200,200,200,10,200,200,0,200,200,0,200,200,200,0,200,1,23,200
0,200,30,200,200,200,200,10,200,200,0,200,200,0,200,200,200,0,200,0,21,200
1,200,30,200,200,200,200,10,200,200,0,200,200,0,200,200,200,0,200,1,20,200
1,200,30,200,200,200,200,10,200,200,0,200,200,0,200,200,200,0,200,0,200,200
0,200,30,0,0,0,1,10,7,200,0,0,0,0,200,200,200,16,0,0,82,200
0,200,30,0,0,0,1,10,7,200,0,0,0,0,200,200,200,16,0,1,63,200
1,200,30,0,0,0,1,10,7,200,0,0,0,0,200,200,200,16,0,0,10,200
0,200,30,2,2,0,1,14,1,2,0,0,0,1,200,200,200,17,22,0,87,200
0,200,30,2,2,0,1,14,1,2,0,0,0,1,200,200,200,17,22,1,38,200
1,200,30,2,2,0,1,14,1,2,0,0,0,1,200,200,200,17,22,0,44,200
1,200,30,2,2,0,1,14,1,2,0,0,0,1,200,200,200,17,22,1,43,200
1,200,30,2,2,0,1,14,1,2,0,0,0,1,200,200,200,17,22,0,12,200
1,200,30,2,2,0,1,14,1,2,0,0,0,1,200,200,200,17,22,1,7,200
1,200,30,2,2,0,1,14,1,2,0,0,0,1,200,200,200,17,22,1,32,200
0,200,30,2,2,0,1,0,2,4,0,0,0,0,1,200,200,0,0,0,68,200
0,200,30,2,2,0,1,0,2,4,0,0,0,0,1,200,200,0,0,1,200,200
0,200,30,1,2,0,1,10,2,200,0,0,0,0,200,200,200,18,16,0,26,200
0,200,30,1,2,0,1,10,2,200,0,0,0,0,200,200,200,18,16,0,59,200
0,200,30,2,2,0,1,10,5,2,0,0,0,1,200,200,200,18,0,0,29,200
0,200,30,2,2,0,1,10,5,2,0,0,0,1,200,200,200,18,0,0,25,200
0,200,30,0,0,0,1,14,6,2,0,0,0,1,200,200,200,22,18,1,78,200
0,200,30,0,0,0,1,14,6,2,0,0,0,1,200,200,200,22,18,1,28,200