PERSON_TYPE,CRASH_DATE_EST_I,POSTED_SPEED_LIMIT,TRAFFIC_CONTROL_DEVICE,DEVICE_CONDITION,WEATHER_CONDITION,LIGHTING_CONDITION,FIRST_CRASH_TYPE,TRAFFICWAY_TYPE,LANE_CNT,ALIGNMENT,ROADWAY_SURFACE_COND,ROAD_DEFECT,CRASH_TYPE,INTERSECTION_RELATED_I,NOT_RIGHT_OF_WAY_I,HIT_AND_RUN_I,PRIM_CONTRIBUTORY_CAUSE,SEC_CONTRIBUTORY_CAUSE,SEX,AGE,BAC_RESULT VALUE
1,200,30,0,0,0,1,14,6,2,0,0,0,1,200,200,200,22,18,0,77,200
1,200,30,0,0,0,1,14,6,2,0,0,0,1,200,200,200,22,18,0,8,200
0,200,30,0,0,0,1,5,5,4,0,0,0,0,200,200,1,0,0,2,200,200
3,200,30,0,0,0,1,5,5,4,0,0,0,0,200,200,1,0,0,200,200,200
0,200,30,0,0,2,1,10,6,1,0,1,200,1,200,200,200,0,0,1,40,200
0,200,30,0,0,2,1,10,6,1,0,1,200,1,200,200,200,0,0,1,0,200
0,200,20,0,0,0,1,12,2,2,0,0,0,0,200,200,1,0,0,2,200,200
0,200,20,0,0,0,1,12,2,2,0,0,0,0,200,200,1,0,0,0,61,200
0,200,30,0,0,2,0,12,2,1,0,1,0,0,200,200,1,22,200,0,200,200
0,200,30,0,0,2,0,12,2,1,0,1,0,0,200,200,1,22,200,1,34,200
1,200,30,0,0,2,0,12,2,1,0,1,0,0,200,200,1,22,200,1,200,200
1,200,30,0,0,2,0,12,2,1,0,1,0,0,200,200,1,22,200,1,200,200
0,200,30,0,0,0,1,10,5,200,0,0,200,0,200,200,200,18,200,0,37,200
0,200,30,0,0,0,1,10,5,200,0,0,200,0,200,200,200,18,200,0,51,200
1,200,30,0,0,0,1,10,5,200,0,0,200,0,200,200,200,18,200,0,2,200
0,200,30,2,2,0,1,14,12,2,0,0,0,0,1,200,200,0,0,1,66,200
0,200,30,2,2,0,1,14,12,2,0,0,0,0,1,200,200,0,0,0,17,200
0,200,30,0,0,0,1,7,7,200,0,0,0,0,200,200,200,35,200,2,200,200
0,200,30,1,200,0,1,7,5,1,0,0,0,0,200,200,200,11,0,1,43,200
1,200,30,1,200,0,1,7,5,1,0,0,0,0,200,200,200,11,0,0,0,200
1,200,30,1,200,0,1,7,5,1,0,0,0,0,200,200,200,11,0,1,46,200
0,200,25,2,2,0,1,9,6,1,0,0,0,1,1,200,200,33,200,1,21,200
5,200,25,2,2,0,1,9,6,1,0,0,0,1,1,200,200,33,200,0,58,200
0,200,30,0,0,0,1,7,12,200,0,0,0,0,200,1,200,0,0,0,34,200
0,200,30,1,2,200,1,14,3,3,2,200,200,0,200,200,200,23,17,0,26,200
0,200,30,1,2,200,1,14,3,3,2,200,200,0,200,200,200,23,17,1,56,200
0,200,30,0,0,0,1,2,6,200,0,0,1,1,200,200,200,0,200,1,50,200
1,200,35,1,2,0,1,10,5,4,2,0,0,1,1,200,200,18,16,1,200,200
0,200,35,1,2,0,1,10,5,4,2,0,0,1,1,200,200,18,16,0,81,200
0,200,35,1,2,0,1,10,5,4,2,0,0,1,1,200,200,18,16,0,43,200
0,200,30,0,0,0,1,12,5,2,0,0,0,0,200,200,1,0,0,2,200,200
0,200,30,0,0,0,1,12,5,2,0,0,0,0,200,200,1,0,0,0,73,200
0,1,20,0,0,0,1,3,6,200,0,0,0,0,200,200,200,20,20,1,45,200
0,1,20,0,0,0,1,3,6,200,0,0,0,0,200,200,200,20,20,1,51,200
0,200,30,1,0,2,1,10,5,200,0,1,0,0,200,200,1,34,200,1,200,200
0,200,30,1,0,2,1,10,5,200,0,1,0,0,200,200,1,34,200,1,20,200
0,200,30,1,0,2,1,10,5,200,0,1,0,0,200,200,1,34,200,1,27,200
0,1,30,0,0,0,1,7,6,200,0,0,0,0,200,200,1,18,200,2,200,200
0,200,30,0,0,0,1,9,5,2,0,0,0,1,200,200,1,0,200,2,200,200
5,200,30,0,0,0,1,9,5,2,0,0,0,1,200,200,1,0,200,1,76,200
0,200,30,1,2,0,1,12,5,2,0,0,0,1,200,200,1,17,22,1,200,200
0,200,30,1,2,0,1,12,5,2,0,0,0,1,200,200,1,17,22,1,22,200
0,200,30,1,3,0,1,0,2,2,0,0,0,1,200,200,200,33,33,1,34,200
0,200,30,1,3,0,1,0,2,2,0,0,0,1,200,200,200,33,33,1,33,200
1,200,30,1,3,0,1,0,2,2,0,0,0,1,200,200,200,33,33,0,13,200
0,200,30,1,2,2,1,10,5,2,0,1,0,0,200,200,200,34,16,0,31,200
0,200,30,1,2,2,1,10,5,2,0,1,0,0,200,200,200,34,16,1,74,200
0,200,30,0,0,0,1,14,5,200,0,0,0,0,200,200,200,0,200,1,44,200
0,200,30,0,0,0,1,14,5,200,0,0,0,0,200,200,200,0,200,0,27,200
0,200,30,1,2,0,1,12,5,2,0,0,0,0,200,200,200,17,0,0,68,200
0,200,30,1,2,0,1,12,5,2,0,0,0,0,200,200,200,17,0,0,62,200
1,200,30,1,2,0,1,12,5,2,0,0,0,0,200,200,200,17,0,1,90,200
0,200,30,2,2,0,1,14,5,2,0,0,0,1,1,200,200,5,35,0,29,200
0,200,30,2,2,0,1,14,5,2,0,0,0,1,1,200,200,5,35,1,24,200
0,200,5,0,0,200,200,7,7,0,0,200,200,0,200,200,1,0,200,2,200,200
0,200,20,0,0,0,1,7,7,1,0,0,0,0,200,1,1,0,0,2,200,200
0,200,20,0,0,0,1,7,6,1,0,0,0,0,200,200,0,0,0,1,33,200
0,200,35,1,2,0,1,10,2,4,0,0,0,0,200,200,200,15,0,0,59,200
0,200,35,1,2,0,1,10,2,4,0,0,0,0,200,200,200,15,0,1,42,200
1,200,35,1,2,0,1,10,2,4,0,0,0,0,200,200,200,15,0,1,57,200
0,200,30,0,200,0,1,7,12,200,0,0,0,0,200,200,200,11,200,0,53,200
0,200,30,0,0,0,1,12,6,200,0,0,0,0,200,200,200,0,0,0,200,200
0,200,30,0,0,0,1,12,6,200,0,0,0,0,200,200,200,0,0,0,200,200
0,200,0,0,0,0,1,7,7,200,0,0,0,1,200,1,200,20,200,0,64,200
1,200,0,0,0,0,1,7,7,200,0,0,0,1,200,1,200,20,200,0,18,200
1,200,0,0,0,0,1,7,7,200,0,0,0,1,200,1,200,20,200,0,20,200
1,200,0,0,0,0,1,7,7,200,0,0,0,1,200,1,200,20,200,0,21,200
0,200,30,0,0,0,0,7,5,200,0,1,0,0,200,200,1,0,0,2,200,200
0,200,30,0,0,0,1,3,5,200,0,0,0,0,200,200,1,17,16,0,200,200
0,200,30,0,0,0,1,3,5,200,0,0,0,0,200,200,1,17,16,1,47,200
0,1,30,0,0,200,200,7,6,1,0,200,0,0,200,200,1,0,0,2,200,200
0,200,30,1,2,0,1,10,5,200,0,0,200,0,200,200,200,18,200,1,51,200
0,200,30,1,2,0,1,10,5,200,0,0,200,0,200,200,200,18,200,1,36,200
0,200,30,2,2,0,1,14,6,200,0,0,0,1,200,200,200,200,200,0,48,200
0,200,30,2,2,0,1,14,6,200,0,0,0,1,200,200,200,200,200,1,39,200
0,200,35,1,2,0,1,7,5,2,0,0,0,0,200,200,200,200,33,0,65,200
0,200,30,0,0,0,1,0,5,200,0,0,0,1,1,200,200,0,0,0,18,200
0,200,30,0,0,0,1,0,5,200,0,0,0,1,1,200,200,0,0,0,42,200
1,200,30,0,0,0,1,0,5,200,0,0,0,1,1,200,200,0,0,1,29,200
1,200,30,0,0,0,1,0,5,200,0,0,0,1,1,200,200,0,0,200,200,200
0,200,30,1,2,0,1,14,2,2,0,0,0,1,1,200,200,0,0,0,28,200
0,200,30,1,2,0,1,14,2,2,0,0,0,1,1,200,200,0,0,0,88,200
0,200,15,0,0,0,1,0,7,2,0,1,0,1,200,200,200,0,0,1,200,200
0,200,15,0,0,0,1,0,7,2,0,1,0,1,200,200,200,0,0,0,79,200
1,200,15,0,0,0,1,0,7,2,0,1,0,1,200,200,200,0,0,1,200,200
0,200,30,1,2,0,1,9,5,200,0,0,0,1,1,200,1,17,16,2,200,200
5,200,30,1,2,0,1,9,5,200,0,0,0,1,1,200,1,17,16,0,68,200
0,200,30,200,200,200,200,7,200,200,0,200,200,0,200,200,1,0,200,2,200,200
1,200,30,200,200,200,200,7,200,200,0,200,200,0,200,200,1,0,200,0,22,200
0,200,30,0,0,0,1,7,5,200,0,0,0,0,200,200,1,0,200,2,200,200
0,200,30,0,0,0,1,14,2,4,0,0,0,0,200,200,200,0,200,1,22,200
0,200,30,0,0,0,1,14,2,4,0,0,0,0,200,200,200,0,200,0,33,200
0,200,30,1,2,0,1,0,5,2,0,0,0,1,1,200,200,6,200,0,38,200
0,200,30,1,2,0,1,0,5,2,0,0,0,1,1,200,200,6,200,1,28,200
0,200,30,0,0,0,1,12,5,200,0,0,0,1,200,200,200,0,0,1,45,200
0,200,30,0,0,0,1,12,5,200,0,0,0,1,200,200,200,0,0,1,45,200
1,200,30,0,0,0,1,12,5,200,0,0,0,1,200,200,200,0,0,0,8,200
0,200,30,0,0,0,1,7,200,200,0,0,0,0,200,200,200,11,200,0,59,200
0,200,30,0,0,0,1,4,5,200,0,0,1,0,200,200,200,28,29,0,64,200
0,200,30,1,200,0,1,7,5,200,0,0,0,0,200,200,200,0,200,0,32,200
0,200,15,0,0,0,1,11,6,1,2,0,0,1,200,200,200,10,3,0,24,200
0,200,15,0,0,0,1,11,6,1,2,0,0,1,200,200,200,10,3,0,61,200
0,200,30,1,2,0,1,12,2,2,0,0,0,0,200,200,200,0,0,1,19,200
0,200,30,1,2,0,1,12,2,2,0,0,0,0,200,200,200,0,0,0,58,200
0,1,15,0,0,0,1,7,5,4,0,0,0,0,200,200,1,0,0,2,200,200
0,200,30,1,2,0,1,10,5,200,0,0,200,0,200,200,200,18,200,0,200,200
0,200,30,1,2,0,1,10,5,200,0,0,200,0,200,200,200,18,200,0,37,200
0,200,30,0,0,0,1,12,5,200,0,0,200,0,200,200,200,17,200,0,200,200
0,200,30,0,0,0,1,12,5,200,0,0,200,0,200,200,200,17,200,1,38,200
1,200,30,0,0,0,1,12,5,200,0,0,200,0,200,200,200,17,200,200,200,200
1,200,30,0,0,0,1,12,5,200,0,0,200,0,200,200,200,17,200,1,200,200
1,200,30,0,0,0,1,12,5,200,0,0,200,0,200,200,200,17,200,200,200,200
0,1,30,0,0,0,1,7,6,1,0,0,200,0,200,200,1,0,200,1,23,200
0,1,5,0,0,0,1,7,7,200,0,0,0,0,200,200,1,0,0,2,200,200
0,200,30,1,2,0,1,10,2,200,0,0,0,0,200,200,200,18,200,1,200,200
0,200,30,1,2,0,1,10,2,200,0,0,0,0,200,200,200,18,200,0,77,200
0,200,30,0,0,0,1,7,5,2,0,0,0,0,200,200,200,21,0,1,54,200
1,200,30,0,0,0,1,7,5,2,0,0,0,0,200,200,200,21,0,0,200,200
1,200,30,0,0,0,1,7,5,2,0,0,0,0,200,200,200,21,0,0,21,200
1,200,30,0,0,0,1,7,5,2,0,0,0,0,200,200,200,21,0,0,200,200
1,200,30,0,0,0,1,7,5,2,0,0,0,0,200,200,200,21,0,1,40,200
0,200,30,0,0,0,1,2,5,2,0,0,0,0,200,200,200,12,200,0,52,200
0,200,30,1,2,0,1,14,3,3,0,0,0,0,200,200,200,22,21,0,54,200
0,200,30,1,2,0,1,14,3,3,0,0,0,0,200,200,200,22,21,0,20,200
0,200,40,3,12,0,1,10,3,4,0,0,0,0,200,200,200,18,0,1,25,200
0,200,40,3,12,0,1,10,3,4,0,0,0,0,200,200,200,18,0,0,37,200
0,200,30,0,0,0,1,12,3,3,0,1,0,0,200,200,200,21,200,0,0,200
0,200,30,0,0,0,1,12,3,3,0,1,0,0,200,200,200,21,200,0,0,200
0,200,10,0,0,0,1,7,12,200,0,0,0,0,200,200,1,25,0,2,200,200
0,200,15,0,0,0,1,9,6,1,0,0,0,1,200,200,200,16,16,1,44,200
5,200,15,0,0,0,1,9,6,1,0,0,0,1,200,200,200,16,16,0,6,200
0,200,30,0,0,0,1,7,5,2,2,0,0,0,200,200,200,20,200,0,28,200
0,200,35,0,0,0,1,14,5,2,0,0,0,0,200,200,1,23,200,0,23,200
0,200,35,0,0,0,1,14,5,2,0,0,0,0,200,200,1,23,200,2,200,200
0,200,30,0,0,0,1,10,5,2,0,0,0,0,200,200,200,33,200,0,47,200
0,200,30,0,0,0,1,10,5,2,0,0,0,0,200,200,200,33,200,0,45,200
1,200,30,0,0,0,1,10,5,2,0,0,0,0,200,200,200,33,200,0,30,200
1,200,30,0,0,0,1,10,5,2,0,0,0,0,200,200,200,33,200,0,28,200
0,200,30,0,0,200,200,7,7,200,0,200,200,0,200,200,1,20,0,1,200,200
0,200,30,0,0,0,1,5,7,2,0,0,0,0,200,200,1,25,200,1,200,200
0,200,30,0,0,0,1,7,6,1,0,0,200,0,200,200,200,0,0,1,26,200
0,200,30,0,0,0,1,2,4,1,2,0,12,0,200,200,200,28,28,1,57,200
0,200,30,0,0,0,1,10,5,4,0,0,0,0,200,200,200,18,0,0,41,200
0,200,30,0,0,0,1,10,5,4,0,0,0,0,200,200,200,18,0,0,34,200
0,200,30,1,2,0,1,12,3,6,0,0,0,1,1,200,200,21,200,0,62,200
0,200,30,1,2,0,1,12,3,6,0,0,0,1,1,200,200,21,200,0,31,200
0,200,10,0,0,0,1,7,7,200,0,0,0,0,200,1,200,0,0,2,200,200
0,200,30,2,2,1,1,9,5,200,0,0,200,0,1,200,200,0,0,1,62,200
5,200,30,2,2,1,1,9,5,200,0,0,200,0,1,200,200,0,0,0,200,200
0,200,30,2,2,0,1,14,5,200,0,0,0,1,1,200,200,17,5,0,77,200
0,200,30,2,2,0,1,14,5,200,0,0,0,1,1,200,200,17,5,1,28,200
1,200,30,2,2,0,1,14,5,200,0,0,0,1,1,200,200,17,5,0,5,200
1,200,30,2,2,0,1,14,5,200,0,0,0,1,1,200,200,17,5,1,5,200
1,200,30,2,2,0,1,14,5,200,0,0,0,1,1,200,200,17,5,1,28,200
0,200,30,1,2,0,1,12,5,200,0,0,0,0,200,200,200,25,200,0,19,200
0,200,30,1,2,0,1,12,5,200,0,0,0,0,200,200,200,25,200,0,21,200
0,200,30,1,2,0,1,10,5,200,0,0,0,0,200,200,200,0,200,1,27,200
0,200,30,1,2,0,1,10,5,200,0,0,0,0,200,200,200,0,200,1,43,200
0,200,10,0,0,0,1,7,12,200,0,0,0,0,200,1,200,20,0,1,70,200
0,1,30,1,200,0,1,12,5,200,0,0,200,0,200,200,1,22,200,2,200,200
0,1,30,1,200,0,1,12,5,200,0,0,200,0,200,200,1,22,200,0,61,200
0,200,30,0,0,0,1,14,2,6,0,0,0,1,200,200,200,17,200,1,22,200
0,200,30,0,0,0,1,14,2,6,0,0,0,1,200,200,200,17,200,1,53,200
1,200,30,0,0,0,1,14,2,6,0,0,0,1,200,200,200,17,200,1,200,200
1,200,30,0,0,0,1,14,2,6,0,0,0,1,200,200,200,17,200,0,200,200
1,200,30,0,0,0,1,14,2,6,0,0,0,1,200,200,200,17,200,0,200,200
0,200,30,0,0,200,1,2,5,2,0,200,0,1,200,200,1,0,200,0,25,200
0,200,30,2,2,0,1,0,5,2,0,0,0,0,1,200,200,5,0,1,19,200
0,200,30,2,2,0,1,0,5,2,0,0,0,0,1,200,200,5,0,0,38,200
0,200,0,0,0,0,1,7,7,200,0,0,200,0,200,200,1,0,0,2,200,200
0,1,30,0,1,0,4,7,5,4,2,0,0,0,200,200,1,0,0,2,200,200
0,200,30,0,0,0,1,10,5,200,0,0,0,0,200,200,200,0,0,0,62,200
0,200,30,0,0,0,1,10,5,200,0,0,0,0,200,200,200,0,0,0,33,200
0,200,10,0,0,0,1,2,12,200,0,0,0,0,200,1,200,0,0,0,200,200
0,200,30,0,0,0,1,0,0,200,0,0,0,0,200,200,200,18,0,0,58,200
0,200,30,0,0,0,1,0,0,200,0,0,0,0,200,200,200,18,0,1,22,200
0,200,30,0,0,2,0,14,2,2,0,1,0,0,200,200,200,17,200,1,55,200
0,200,30,0,0,2,0,14,2,2,0,1,0,0,200,200,200,17,200,0,27,200
0,200,20,0,0,0,1,7,6,1,0,0,0,0,200,200,1,0,0,2,200,200
0,200,20,2,2,1,1,11,5,200,2,0,0,0,1,200,1,5,25,0,200,200
0,200,20,2,2,1,1,11,5,200,2,0,0,0,1,200,1,5,25,0,19,200
0,200,10,0,0,0,1,7,12,5,0,0,0,0,200,1,1,0,0,0,200,200
0,1,30,0,0,0,1,14,5,200,0,0,0,0,200,200,1,23,200,2,200,200
0,1,30,0,0,0,1,14,5,200,0,0,0,0,200,200,1,23,200,1,18,200
0,200,30,0,0,0,1,8,5,200,0,0,0,1,200,200,200,200,200,0,33,200
4,200,30,0,0,0,1,8,5,200,0,0,0,1,200,200,200,200,200,0,31,200
0,200,10,0,0,0,1,5,12,1,0,0,0,0,200,1,200,33,33,1,33,200
0,200,25,0,0,0,1,10,5,200,0,0,0,0,200,200,200,18,200,0,33,200
0,200,25,0,0,0,1,10,5,200,0,0,0,0,200,200,200,18,200,0,37,200
0,200,25,0,0,0,1,10,5,200,0,0,0,0,200,200,200,18,200,0,40,200
1,200,25,0,0,0,1,10,5,200,0,0,0,0,200,200,200,18,200,0,38,200
1,200,25,0,0,0,1,10,5,200,0,0,0,0,200,200,200,18,200,0,38,200
0,1,30,1,2,0,1,14,5,6,0,0,0,0,1,200,200,17,23,1,42,200
0,1,30,1,2,0,1,14,5,6,0,0,0,0,1,200,200,17,23,1,0,200
0,200,30,1,2,0,1,0,5,2,0,0,0,0,200,200,200,0,0,1,39,200
0,200,30,1,2,0,1,0,5,2,0,0,0,0,200,200,200,0,0,1,58,200
0,200,30,0,0,0,1,2,6,200,0,0,0,1,200,200,200,25,16,1,21,200
0,1,15,0,0,0,1,7,5,1,0,0,0,1,200,200,1,0,0,2,200,200
0,200,25,0,0,1,1,7,5,2,0,0,0,0,200,200,200,23,200,1,32,200
1,200,25,0,0,1,1,7,5,2,0,0,0,0,200,200,200,23,200,1,200,200
0,200,30,0,0,0,1,3,5,200,0,0,0,0,200,200,200,200,200,1,35,200
0,200,30,0,0,0,1,3,5,200,0,0,0,0,200,200,200,200,200,0,50,200
0,200,30,1,2,0,1,4,5,200,0,0,1,0,200,200,200,29,28,0,61,200
0,200,30,0,0,0,1,10,5,200,0,0,0,0,200,200,200,18,200,1,46,200
0,200,30,0,0,0,1,10,5,200,0,0,0,0,200,200,200,18,200,1,40,200
0,200,30,0,0,0,1,10,5,200,0,0,0,0,200,200,200,18,200,1,200,200
0,200,30,2,2,0,1,0,5,200,0,0,0,1,1,200,200,0,0,1,39,200
0,200,30,2,2,0,1,0,5,200,0,0,0,1,1,200,200,0,0,1,68,200
1,200,30,2,2,0,1,0,5,200,0,0,0,1,1,200,200,0,0,1,200,200
0,200,10,0,0,0,1,0,7,2,0,0,0,0,200,1,200,20,0,1,34,200
0,200,10,0,0,0,1,0,7,2,0,0,0,0,200,1,200,20,0,1,47,200
0,200,35,1,2,0,1,14,5,4,0,0,0,0,200,200,200,23,200,0,36,200
0,200,35,1,2,0,1,14,5,4,0,0,0,0,200,200,200,23,200,0,27,200
1,200,35,1,2,0,1,14,5,4,0,0,0,0,200,200,200,23,200,0,200,200
0,200,30,1,2,0,1,12,3,6,0,0,0,0,200,200,1,0,200,0,200,200
0,200,30,1,2,0,1,12,3,6,0,0,0,0,200,200,1,0,200,1,64,200
0,200,30,1,2,0,1,14,3,6,0,0,0,0,1,200,200,11,200,0,74,200
0,200,30,1,2,0,1,14,3,6,0,0,0,0,1,200,200,11,200,0,53,200
0,200,35,0,0,0,1,10,2,4,0,0,0,1,200,200,200,0,0,0,52,200
0,200,35,0,0,0,1,10,2,4,0,0,0,1,200,200,200,0,0,0,52,200
1,200,35,0,0,0,1,10,2,4,0,0,0,1,200,200,200,0,0,1,200,200
0,200,30,0,0,0,1,12,5,200,0,0,200,0,200,200,200,18,200,1,31,200
0,200,30,0,0,0,1,12,5,200,0,0,200,0,200,200,200,18,200,0,52,200
0,1,30,0,0,0,1,12,5,200,0,0,0,0,200,200,1,18,200,2,200,200
0,1,30,0,0,0,1,12,5,200,0,0,0,0,200,200,1,18,200,0,30,200
0,200,10,0,0,0,1,7,7,200,0,0,0,0,200,1,1,23,0,1,200,200
1,200,10,0,0,0,1,7,7,200,0,0,0,0,200,1,1,23,0,0,200,200
0,200,30,2,0,2,0,10,5,200,0,1,0,0,200,200,200,0,200,1,23,200
0,200,30,2,0,2,0,10,5,200,0,1,0,0,200,200,200,0,200,0,31,200
0,200,30,0,0,0,1,12,2,200,0,0,0,1,200,200,1,22,22,2,200,200
0,200,30,0,0,0,1,12,2,200,0,0,0,1,200,200,1,22,22,1,30,200
1,200,30,0,0,0,1,12,2,200,0,0,0,1,200,200,1,22,22,1,200,200
1,200,30,0,0,0,1,12,2,200,0,0,0,1,200,200,1,22,22,0,104,200
1,200,30,0,0,0,1,12,2,200,0,0,0,1,200,200,1,22,22,0,200,200
0,200,15,0,0,2,0,0,7,200,0,1,0,0,200,1,200,20,200,0,200,200
0,200,15,0,0,2,0,0,7,200,0,1,0,0,200,1,200,20,200,0,27,200
0,200,25,0,0,0,1,7,5,200,0,0,0,0,200,200,200,0,0,2,200,200
0,200,30,2,3,0,2,12,12,4,0,0,12,0,200,200,200,25,25,0,34,200
0,200,30,2,3,0,2,12,12,4,0,0,12,0,200,200,200,25,25,0,200,200
0,200,30,1,2,2,1,12,2,2,0,1,0,0,200,200,200,21,200,1,59,200
0,200,30,1,2,2,1,12,2,2,0,1,0,0,200,200,200,21,200,1,25,200
1,200,30,1,2,2,1,12,2,2,0,1,0,0,200,200,200,21,200,1,55,200
1,200,30,1,2,2,1,12,2,2,0,1,0,0,200,200,200,21,200,0,28,200
1,200,30,1,2,2,1,12,2,2,0,1,0,0,200,200,200,21,200,1,44,200
0,200,35,0,0,0,1,10,7,200,0,0,0,0,200,200,1,20,16,1,200,200
0,200,35,0,0,0,1,10,7,200,0,0,0,0,200,200,1,20,16,0,38,200
0,200,30,1,2,0,1,10,3,4,0,0,0,0,1,200,1,16,0,0,200,200
0,200,30,1,2,0,1,10,3,4,0,0,0,0,1,200,1,16,0,1,24,200
1,200,30,1,2,0,1,10,3,4,0,0,0,0,1,200,1,16,0,0,24,200
0,200,30,4,0,0,1,10,2,4,0,0,0,0,200,200,200,18,0,1,62,200
0,200,30,4,0,0,1,10,2,4,0,0,0,0,200,200,200,18,0,1,40,200
1,200,30,4,0,0,1,10,2,4,0,0,0,0,200,200,200,18,0,0,200,200
0,200,30,0,0,0,1,7,5,200,0,0,200,0,200,200,1,0,200,0,200,200
0,200,30,0,0,0,1,7,2,4,0,0,0,0,200,200,1,0,0,2,200,200
0,200,30,0,0,0,1,3,5,200,0,200,200,0,200,200,200,20,200,1,27,200
0,200,30,0,0,0,1,3,5,200,0,200,200,0,200,200,200,20,200,1,200,200
1,200,30,0,0,0,1,3,5,200,0,200,200,0,200,200,200,20,200,1,28,200
1,200,30,0,0,0,1,3,5,200,0,200,200,0,200,200,200,20,200,0,200,200
0,200,30,2,2,0,1,0,5,2,0,0,0,0,200,200,200,0,0,1,40,200
0,200,30,2,2,0,1,0,5,2,0,0,0,0,200,200,200,0,0,1,54,200
1,200,30,2,2,0,1,0,5,2,0,0,0,0,200,200,200,0,0,1,58,200
0,200,30,0,0,0,3,10,2,2,0,0,0,0,200,200,200,0,200,0,34,200
0,200,30,0,0,0,3,10,2,2,0,0,0,0,200,200,200,0,200,0,29,200
0,200,30,0,0,0,1,12,2,1,0,0,0,0,200,200,200,23,22,1,23,200
0,200,30,0,0,0,1,12,2,1,0,0,0,0,200,200,200,23,22,0,60,200
1,200,30,0,0,0,1,12,2,1,0,0,0,0,200,200,200,23,22,1,0,200
0,200,30,0,0,0,1,2,200,200,0,0,0,1,200,1,200,200,200,0,83,200
0,200,30,0,0,2,3,12,5,2,0,1,0,0,200,200,200,0,0,1,38,200
0,200,30,0,0,2,3,12,5,2,0,1,0,0,200,200,200,0,0,0,51,200
0,200,30,0,0,1,1,7,6,1,0,0,0,1,200,200,1,11,0,1,200,200
1,200,30,0,0,1,1,7,6,1,0,0,0,1,200,200,1,11,0,0,69,200
0,200,20,0,0,0,4,7,5,2,0,0,0,1,200,200,200,0,200,1,63,200
0,200,30,0,0,1,1,10,5,2,0,200,200,0,200,200,200,18,18,0,30,200
0,200,30,0,0,1,1,10,5,2,0,200,200,0,200,200,200,18,18,1,31,200
0,200,30,0,0,1,1,10,5,2,0,200,200,0,200,200,200,18,18,0,52,200
0,200,30,0,0,200,0,7,6,1,0,200,200,1,200,200,1,0,0,2,200,200
1,200,30,0,0,0,1,7,5,200,0,0,0,0,200,200,0,22,16,0,200,200
0,200,30,0,0,0,1,7,5,200,0,0,0,0,200,200,0,22,16,0,25,200
0,0,15,0,0,0,4,7,7,200,0,0,0,0,200,200,1,0,0,2,200,200
0,200,30,0,0,0,1,7,5,2,2,200,0,0,200,200,200,20,200,0,60,200
0,200,25,0,0,0,1,7,5,200,0,0,0,0,200,200,200,0,200,2,0,200
0,200,30,0,0,0,3,8,0,1,0,0,0,1,200,200,200,0,0,1,63,200
4,200,30,0,0,0,3,8,0,1,0,0,0,1,200,200,200,0,0,0,13,200
0,200,30,1,2,0,1,14,5,200,0,0,200,0,200,200,200,17,200,1,200,200
0,200,30,1,2,0,1,14,5,200,0,0,200,0,200,200,200,17,200,0,71,200
1,200,30,1,2,0,1,14,5,200,0,0,200,0,200,200,200,17,200,1,59,200
0,200,30,0,0,0,1,0,2,2,0,0,0,1,200,200,1,17,200,0,200,200
0,200,30,0,0,0,1,0,2,2,0,0,0,1,200,200,1,17,200,1,22,200
0,200,30,0,0,0,1,14,5,200,0,0,0,1,1,200,200,17,200,1,24,200
0,200,30,0,0,0,1,14,5,200,0,0,0,1,1,200,200,17,200,0,28,200
0,200,30,1,2,0,3,10,5,200,0,0,0,0,200,200,1,18,16,0,200,200
0,200,30,1,2,0,3,10,5,200,0,0,0,0,200,200,1,18,16,1,21,200
1,200,30,1,2,0,3,10,5,200,0,0,0,0,200,200,1,18,16,1,200,200
1,200,30,1,2,0,3,10,5,200,0,0,0,0,200,200,1,18,16,0,200,200
0,200,15,0,0,0,1,7,7,200,0,0,0,0,200,1,1,0,0,2,200,200
1,200,15,0,0,0,1,7,7,200,0,0,0,0,200,1,1,0,0,0,12,200
0,200,30,2,2,0,4,14,2,200,0,0,0,0,200,200,1,5,200,0,200,200
0,200,30,2,2,0,4,14,2,200,0,0,0,0,200,200,1,5,200,0,40,200
0,200,30,200,200,2,3,8,5,200,0,1,0,0,200,200,200,11,200,0,37,200
4,200,30,200,200,2,3,8,5,200,0,1,0,0,200,200,200,11,200,0,51,200
0,200,30,1,2,2,3,10,5,2,0,1,0,1,200,200,200,18,200,1,28,200
0,200,30,1,2,2,3,10,5,2,0,1,0,1,200,200,200,18,200,0,22,200
0,200,30,1,2,2,3,14,5,200,0,1,0,1,1,200,200,10,200,1,38,200
0,200,30,1,2,2,3,14,5,200,0,1,0,1,1,200,200,10,200,1,41,200
0,200,30,0,0,0,3,10,5,2,0,1,0,1,200,200,1,0,200,1,200,200
0,200,30,0,0,0,3,10,5,2,0,1,0,1,200,200,1,0,200,0,34,200
1,200,30,0,0,0,3,10,5,2,0,1,0,1,200,200,1,0,200,1,200,200
0,200,30,0,0,2,3,7,5,2,0,1,0,0,200,200,1,0,200,2,200,200
0,200,30,200,200,0,2,10,5,200,0,0,0,1,1,200,200,18,16,0,68,200