PERSON_TYPE,CRASH_DATE_EST_I,POSTED_SPEED_LIMIT,TRAFFIC_CONTROL_DEVICE,DEVICE_CONDITION,WEATHER_CONDITION,LIGHTING_CONDITION,FIRST_CRASH_TYPE,TRAFFICWAY_TYPE,LANE_CNT,ALIGNMENT,ROADWAY_SURFACE_COND,ROAD_DEFECT,CRASH_TYPE,INTERSECTION_RELATED_I,NOT_RIGHT_OF_WAY_I,HIT_AND_RUN_I,PRIM_CONTRIBUTORY_CAUSE,SEC_CONTRIBUTORY_CAUSE,SEX,AGE,BAC_RESULT VALUE
0,200,30,0,0,0,1,12,5,4,0,0,0,1,200,200,200,200,200,0,35,200
0,200,20,2,2,0,1,8,5,200,0,0,0,0,1,200,200,17,11,1,31,200
4,200,20,2,2,0,1,8,5,200,0,0,0,0,1,200,200,17,11,0,32,200
0,200,30,1,2,0,1,10,2,4,0,0,0,0,200,200,200,18,17,0,200,200
0,200,30,1,2,0,1,10,2,4,0,0,0,0,200,200,200,18,17,0,30,200
0,200,30,0,0,0,1,12,2,200,3,0,0,0,200,200,200,21,200,1,200,200
0,200,30,0,0,0,1,12,2,200,3,0,0,0,200,200,200,21,200,1,67,200
0,200,15,0,0,0,1,7,0,1,0,0,0,0,200,200,200,11,33,0,36,200
0,200,30,3,12,0,1,7,5,2,0,0,0,0,200,200,200,18,18,1,24,200
0,200,30,0,0,0,1,7,0,200,0,0,0,0,200,200,200,21,200,1,82,200
0,200,30,0,0,0,1,8,5,4,2,0,0,0,200,200,1,23,0,2,200,200
4,200,30,0,0,0,1,8,5,4,2,0,0,0,200,200,1,23,0,0,49,200
0,200,25,1,2,0,1,14,1,200,0,0,0,0,200,200,200,23,0,0,23,200
0,200,25,1,2,0,1,14,1,200,0,0,0,0,200,200,200,23,0,0,56,200
0,1,30,0,0,0,1,7,5,1,0,0,0,1,200,200,1,0,0,2,200,200
0,200,35,2,2,0,1,12,5,2,0,0,0,0,0,200,1,22,23,2,200,200
0,200,35,2,2,0,1,12,5,2,0,0,0,0,0,200,1,22,23,0,61,200
0,200,30,0,2,0,1,10,5,200,0,0,0,0,200,200,200,18,200,0,50,200
0,200,30,0,2,0,1,10,5,200,0,0,0,0,200,200,200,18,200,0,61,200
0,200,30,1,2,0,1,14,5,4,0,0,0,1,1,200,200,0,0,0,49,200
0,200,30,1,2,0,1,14,5,4,0,0,0,1,1,200,200,0,0,0,24,200
1,200,30,1,2,0,1,14,5,4,0,0,0,1,1,200,200,0,0,0,19,200
1,200,30,1,2,0,1,14,5,4,0,0,0,1,1,200,200,0,0,1,25,200
0,200,30,0,0,0,1,7,5,200,0,0,0,0,200,200,1,0,0,0,200,200
1,200,30,0,0,0,1,7,5,200,0,0,0,0,200,200,1,0,0,1,46,200
0,200,30,1,2,2,1,14,5,200,0,0,0,0,1,200,200,18,0,1,44,200
0,200,30,1,2,2,1,14,5,200,0,0,0,0,1,200,200,18,0,1,18,200
0,200,30,1,2,0,1,14,2,2,0,0,0,0,200,200,200,17,17,0,37,200
0,200,30,1,2,0,1,14,2,2,0,0,0,0,200,200,200,17,17,1,73,200
4,200,30,0,0,0,1,8,5,2,0,0,0,1,200,200,200,0,0,0,200,200
1,200,30,0,0,0,1,8,5,2,0,0,0,1,200,200,200,0,0,1,200,200
1,200,30,0,0,0,1,8,5,2,0,0,0,1,200,200,200,0,0,0,28,200
0,200,30,200,200,0,1,10,5,4,0,0,200,0,200,200,200,16,17,0,200,200
0,200,30,200,200,0,1,10,5,4,0,0,200,0,200,200,200,16,17,0,18,200
1,200,30,200,200,0,1,10,5,4,0,0,200,0,200,200,200,16,17,0,19,200
1,200,30,200,200,0,1,10,5,4,0,0,200,0,200,200,200,16,17,1,18,200
0,200,30,200,200,0,1,12,5,200,0,0,0,0,200,200,200,200,200,2,200,200
0,200,30,200,200,0,1,12,5,200,0,0,0,0,200,200,200,200,200,1,21,200
0,200,30,0,0,0,1,12,5,2,0,0,0,0,200,200,1,0,0,2,200,200
0,200,30,0,0,0,1,12,5,2,0,0,0,0,200,200,1,0,0,0,21,200
0,200,30,2,2,0,1,0,5,200,0,0,0,0,1,200,1,0,0,1,200,200
0,200,30,2,2,0,1,0,5,200,0,0,0,0,1,200,1,0,0,1,29,200
0,200,30,0,0,0,1,10,2,2,0,0,0,0,200,200,1,18,200,1,200,200
0,200,30,0,0,0,1,10,2,2,0,0,0,0,200,200,1,18,200,0,51,200
0,200,30,200,200,0,1,10,5,200,0,0,0,0,200,200,200,200,200,0,60,200
0,200,30,200,200,0,1,10,5,200,0,0,0,0,200,200,200,200,200,0,36,200
1,200,30,200,200,0,1,10,5,200,0,0,0,0,200,200,200,200,200,1,200,200
0,200,30,1,2,0,1,14,2,200,0,0,0,0,200,200,200,0,11,0,37,200
0,200,30,1,2,0,1,14,2,200,0,0,0,0,200,200,200,0,11,0,80,200
1,200,30,1,2,0,1,14,2,200,0,0,0,0,200,200,200,0,11,0,200,200
0,200,25,0,0,0,1,3,2,2,0,0,0,1,200,200,200,27,200,0,46,200
0,200,25,0,0,0,1,3,2,2,0,0,0,1,200,200,200,27,200,0,48,200
0,200,30,0,0,0,1,11,5,200,0,0,0,0,200,200,200,0,0,1,200,200
0,200,30,0,0,0,1,11,5,200,0,0,0,0,200,200,200,0,0,1,51,200
0,200,30,0,0,0,1,7,2,4,0,1,200,0,200,200,200,0,200,0,90,200
0,200,10,0,0,0,1,7,7,0,0,0,0,0,200,1,200,0,0,0,76,200
1,200,10,0,0,0,1,7,7,0,0,0,0,0,200,1,200,0,0,0,200,200
0,200,30,2,2,1,1,12,2,2,0,0,0,0,1,200,1,0,0,2,200,200
0,200,30,2,2,1,1,12,2,2,0,0,0,0,1,200,1,0,0,0,61,200
0,200,30,0,0,0,1,7,6,200,0,0,0,0,200,200,1,21,0,1,200,200
0,200,30,0,0,0,1,10,2,2,0,0,200,0,200,200,200,16,18,0,71,200
0,200,30,0,0,0,1,10,2,2,0,0,200,0,200,200,200,16,18,0,43,200
0,200,30,0,0,0,1,10,2,2,0,0,200,0,200,200,200,16,18,0,200,200
0,200,30,0,0,0,1,10,5,200,0,0,200,0,200,200,200,18,200,0,39,200
0,200,30,0,0,0,1,10,5,200,0,0,200,0,200,200,200,18,200,1,68,200
0,200,0,0,0,0,1,7,12,0,0,0,0,0,200,1,200,11,0,0,45,200
1,200,0,0,0,0,1,7,12,0,0,0,0,0,200,1,200,11,0,1,24,200
1,200,0,0,0,0,1,7,12,0,0,0,0,0,200,1,200,11,0,1,46,200
1,200,0,0,0,0,1,7,12,0,0,0,0,0,200,1,200,11,0,0,200,200
0,200,30,1,2,0,1,10,5,5,0,0,0,0,1,200,200,0,0,0,40,200
0,200,30,1,2,0,1,10,5,5,0,0,0,0,1,200,200,0,0,0,52,200
1,200,30,1,2,0,1,10,5,5,0,0,0,0,1,200,200,0,0,1,52,200
0,200,30,1,2,0,1,12,2,200,0,0,0,0,200,200,200,21,0,1,45,200
0,200,30,1,2,0,1,12,2,200,0,0,0,0,200,200,200,21,0,0,35,200
0,200,30,1,2,0,1,12,5,200,0,0,0,0,200,200,200,0,0,0,60,200
0,200,30,1,2,0,1,12,5,200,0,0,0,0,200,200,200,0,0,0,27,200
0,200,30,1,2,0,1,14,2,6,0,0,0,0,1,200,200,0,200,1,42,200
0,200,30,1,2,0,1,14,2,6,0,0,0,0,1,200,200,0,200,0,25,200
1,200,30,1,2,0,1,14,2,6,0,0,0,0,1,200,200,0,200,1,20,200
0,200,30,2,2,0,1,10,2,2,0,0,0,0,1,200,200,18,0,0,36,200
0,200,30,2,2,0,1,10,2,2,0,0,0,0,1,200,200,18,0,1,71,200
0,200,0,0,0,0,1,12,4,200,0,0,0,0,200,200,200,18,200,1,36,200
0,200,0,0,0,0,1,12,4,200,0,0,0,0,200,200,200,18,200,0,32,200
0,200,30,1,2,0,1,0,5,200,0,0,0,0,1,200,200,17,17,1,200,200
0,200,30,1,2,0,1,0,5,200,0,0,0,0,1,200,200,17,17,1,39,200
0,1,20,2,2,0,1,9,6,1,0,0,0,1,200,200,1,11,16,2,200,200
5,1,20,2,2,0,1,9,6,1,0,0,0,1,200,200,1,11,16,1,41,200
5,1,20,2,2,0,1,9,6,1,0,0,0,1,200,200,1,11,16,1,12,200
0,200,15,0,0,0,1,7,7,200,0,0,0,0,200,200,200,20,16,1,48,200
1,200,15,0,0,0,1,7,7,200,0,0,0,0,200,200,200,20,16,1,200,200
0,200,30,0,0,0,1,12,5,2,0,0,200,0,200,200,200,22,17,0,35,200
0,200,30,0,0,0,1,12,5,2,0,0,200,0,200,200,200,22,17,1,21,200
1,200,30,0,0,0,1,12,5,2,0,0,200,0,200,200,200,22,17,0,23,200
0,200,30,0,0,0,1,12,5,200,0,0,0,0,200,200,200,0,0,0,200,200
0,200,30,0,0,0,1,12,5,200,0,0,0,0,200,200,200,0,0,1,40,200
0,1,30,2,2,0,1,7,6,200,0,0,0,0,200,200,200,11,200,0,23,200
0,200,30,1,2,0,1,0,5,3,0,0,0,0,200,200,200,6,35,1,33,200
0,200,30,1,2,0,1,0,5,3,0,0,0,0,200,200,200,6,35,0,57,200
4,200,30,1,2,0,1,8,5,200,0,0,0,0,1,200,200,0,0,0,200,200
0,200,30,1,2,0,1,8,5,200,0,0,0,0,1,200,200,0,0,0,24,200
0,0,30,0,0,0,1,7,6,200,0,0,0,1,200,200,1,23,11,0,15,200
0,200,30,0,0,0,1,2,5,2,0,0,0,0,200,200,200,0,0,0,61,200
0,200,35,0,0,0,200,12,5,200,0,0,0,0,200,200,200,0,200,0,200,200
0,200,35,0,0,0,200,12,5,200,0,0,0,0,200,200,200,0,200,0,200,200
0,200,30,2,0,0,1,0,5,2,0,0,0,1,1,200,200,5,17,1,23,200
0,200,30,2,0,0,1,0,5,2,0,0,0,1,1,200,200,5,17,0,25,200
0,200,30,2,2,0,1,11,5,200,0,0,0,0,1,200,200,0,200,0,57,200
0,200,30,2,2,0,1,11,5,200,0,0,0,0,1,200,200,0,200,0,19,200
0,200,30,0,0,0,1,7,5,200,0,0,0,1,200,200,200,27,11,1,83,200
0,200,30,0,0,0,1,10,5,200,2,0,0,1,200,200,200,18,0,0,34,200
0,200,30,0,0,0,1,10,5,200,2,0,0,1,200,200,200,18,0,0,37,200
1,200,30,0,0,0,1,10,5,200,2,0,0,1,200,200,200,18,0,1,35,200
1,200,30,0,0,0,1,10,5,200,2,0,0,1,200,200,200,18,0,1,200,200
0,200,15,0,0,0,1,7,0,1,0,0,0,0,200,200,200,0,0,0,43,200
1,200,15,0,0,0,1,7,0,1,0,0,0,0,200,200,200,0,0,0,19,200
0,0,30,0,0,0,1,7,6,1,0,0,0,0,200,200,1,0,200,2,200,200
0,200,30,0,0,0,1,14,7,1,0,0,0,0,200,1,200,20,23,0,54,200
0,200,30,0,0,0,1,14,7,1,0,0,0,0,200,1,200,20,23,0,71,200
0,200,15,2,0,0,1,0,0,1,2,0,0,1,200,200,1,16,14,0,200,200
0,200,15,2,0,0,1,0,0,1,2,0,0,1,200,200,1,16,14,0,23,200
1,200,15,2,0,0,1,0,0,1,2,0,0,1,200,200,1,16,14,1,200,200
4,200,30,0,0,200,1,8,5,2,0,200,200,1,200,200,200,11,11,1,20,200
1,200,30,0,0,200,1,8,5,2,0,200,200,1,200,200,200,11,11,0,200,200
1,200,30,0,0,200,1,8,5,2,0,200,200,1,200,200,200,11,11,0,28,200
0,200,30,1,2,0,1,10,5,200,0,0,200,0,200,200,200,0,0,1,19,200
0,200,30,1,2,0,1,10,5,200,0,0,200,0,200,200,200,0,0,0,27,200
0,200,30,200,200,200,200,14,1,5,0,200,200,0,1,200,1,0,0,0,200,200
0,200,30,200,200,200,200,14,1,5,0,200,200,0,1,200,1,0,0,1,56,200
1,200,30,200,200,200,200,14,1,5,0,200,200,0,1,200,1,0,0,1,200,200
1,200,30,200,200,200,200,14,1,5,0,200,200,0,1,200,1,0,0,0,200,200
1,200,30,200,200,200,200,14,1,5,0,200,200,0,1,200,1,0,0,2,200,200
1,200,30,200,200,200,200,14,1,5,0,200,200,0,1,200,1,0,0,0,200,200
0,200,30,1,2,0,1,10,2,2,0,0,0,1,1,200,200,14,18,1,35,200
0,200,30,1,2,0,1,10,2,2,0,0,0,1,1,200,200,14,18,0,40,200
0,200,30,1,2,0,1,10,2,2,0,0,0,1,1,200,200,14,18,0,33,200
0,200,15,0,0,0,1,7,5,2,0,0,0,0,200,200,200,12,200,1,77,200
0,200,20,0,0,0,1,7,7,1,0,0,0,0,200,200,200,0,0,1,17,200
0,200,30,1,2,0,1,14,5,2,0,0,0,1,1,200,200,200,200,0,21,200
0,200,30,1,2,0,1,14,5,2,0,0,0,1,1,200,200,200,200,0,40,200
0,200,20,0,0,0,1,7,5,200,0,0,0,0,200,200,200,21,200,0,42,200
0,200,30,2,2,0,1,8,6,200,0,0,2,1,1,200,200,17,200,0,27,200
4,200,30,2,2,0,1,8,6,200,0,0,2,1,1,200,200,17,200,1,25,200
3,200,30,2,2,0,1,8,6,200,0,0,2,1,1,200,200,17,200,0,2,200
0,200,30,2,2,0,1,14,2,2,0,0,0,0,1,200,200,17,200,0,69,200
0,200,30,2,2,0,1,14,2,2,0,0,0,0,1,200,200,17,200,0,57,200
1,200,30,2,2,0,1,14,2,2,0,0,0,0,1,200,200,17,200,1,26,200
1,200,30,2,2,0,1,14,2,2,0,0,0,0,1,200,200,17,200,0,5,200
0,200,30,0,0,0,1,7,2,4,0,0,0,0,200,200,1,0,200,2,200,200
0,200,30,1,2,0,1,10,5,200,0,0,200,0,200,200,200,18,200,1,32,200
0,200,30,1,2,0,1,10,5,200,0,0,200,0,200,200,200,18,200,0,52,200
0,200,30,0,0,0,0,7,7,200,0,0,0,0,200,200,1,0,200,2,200,200
0,200,30,0,0,0,1,0,7,2,0,0,0,0,200,200,200,20,0,0,68,200
0,200,30,0,0,0,1,0,7,2,0,0,0,0,200,200,200,20,0,1,41,200
0,200,30,1,200,0,1,8,2,4,0,0,0,1,1,200,200,17,200,1,51,200
4,200,30,1,200,0,1,8,2,4,0,0,0,1,1,200,200,17,200,0,49,200
0,200,35,1,2,0,1,14,2,4,0,0,0,1,1,200,200,17,200,0,67,200
0,200,35,1,2,0,1,14,2,4,0,0,0,1,1,200,200,17,200,0,43,200
0,200,35,1,2,0,1,14,2,4,0,0,0,1,1,200,200,17,200,1,50,200
1,200,35,1,2,0,1,14,2,4,0,0,0,1,1,200,200,17,200,1,24,200
1,200,35,1,2,0,1,14,2,4,0,0,0,1,1,200,200,17,200,0,3,200
0,200,30,1,2,0,1,10,2,200,0,0,0,0,200,200,200,18,11,0,40,200
0,200,30,1,2,0,1,10,2,200,0,0,0,0,200,200,200,18,11,1,28,200
0,200,30,0,0,0,1,7,5,200,0,0,0,0,200,200,1,200,200,2,200,200
0,200,30,0,0,0,1,12,2,200,0,0,0,0,200,200,200,0,0,1,53,200
0,200,30,0,0,0,1,12,2,200,0,0,0,0,200,200,200,0,0,1,47,200
1,200,30,0,0,0,1,12,2,200,0,0,0,0,200,200,200,0,0,1,200,200
0,200,40,1,2,0,1,10,2,200,0,0,0,1,1,200,200,0,200,1,42,200
0,200,40,1,2,0,1,10,2,200,0,0,0,1,1,200,200,0,200,1,22,200
1,200,40,1,2,0,1,10,2,200,0,0,0,1,1,200,200,0,200,0,200,200
0,200,30,2,2,0,1,10,5,200,0,0,0,0,200,200,1,18,18,0,200,200
0,200,30,2,2,0,1,10,5,200,0,0,0,0,200,200,1,18,18,1,23,200
0,200,30,0,0,0,1,10,3,4,0,0,0,1,200,200,200,27,18,1,64,200
0,200,30,0,0,0,1,10,3,4,0,0,0,1,200,200,200,27,18,1,44,200
0,200,30,0,0,0,1,10,3,4,0,0,0,1,200,200,200,27,18,0,22,200
0,1,30,0,0,0,1,12,5,200,0,0,0,0,200,200,1,0,200,0,200,200
0,1,30,0,0,0,1,12,5,200,0,0,0,0,200,200,1,0,200,0,32,200
0,200,30,0,0,0,1,14,5,200,0,0,0,0,200,200,200,17,16,1,68,200
0,200,30,0,0,0,1,14,5,200,0,0,0,0,200,200,200,17,16,0,22,200
0,200,30,0,0,0,1,10,3,2,0,0,0,1,200,200,1,18,0,0,200,200
0,200,30,0,0,0,1,10,3,2,0,0,0,1,200,200,1,18,0,1,49,200
0,200,30,1,0,0,1,12,5,2,0,0,0,0,200,200,200,22,22,0,200,200
0,200,30,1,0,0,1,12,5,2,0,0,0,0,200,200,200,22,22,1,47,200
0,200,30,0,0,0,1,12,2,200,0,0,0,0,200,200,1,22,22,0,38,200
0,200,30,0,0,0,1,12,2,200,0,0,0,0,200,200,1,22,22,0,38,200
1,200,30,0,0,0,1,12,2,200,0,0,0,0,200,200,1,22,22,0,20,200
0,200,30,0,0,0,1,10,2,2,0,0,0,0,1,200,200,200,200,0,53,200
0,200,30,0,0,0,1,10,2,2,0,0,0,0,1,200,200,200,200,0,53,200
0,200,20,0,0,0,1,2,7,200,0,0,0,0,200,200,200,200,200,1,200,200
3,200,20,0,0,0,1,2,7,200,0,0,0,0,200,200,200,200,200,200,200,200
0,200,30,2,2,0,1,0,5,2,0,0,0,1,1,200,200,200,200,0,32,200
0,200,30,2,2,0,1,0,5,2,0,0,0,1,1,200,200,200,200,0,30,200
1,200,30,2,2,0,1,0,5,2,0,0,0,1,1,200,200,200,200,0,200,200
0,200,35,1,2,0,1,8,1,2,0,0,0,1,1,200,200,0,0,0,55,200
4,200,35,1,2,0,1,8,1,2,0,0,0,1,1,200,200,0,0,0,9,200
0,200,30,1,2,0,1,10,6,1,0,0,200,0,200,200,1,22,200,0,200,200
0,200,30,1,2,0,1,10,6,1,0,0,200,0,200,200,1,22,200,0,67,200
0,200,30,1,2,0,1,14,2,4,0,0,0,0,1,200,200,17,0,1,22,200
0,200,30,1,2,0,1,14,2,4,0,0,0,0,1,200,200,17,0,0,200,200
0,200,30,1,2,0,1,14,2,4,0,0,0,0,1,200,200,17,0,0,37,200
1,200,30,1,2,0,1,14,2,4,0,0,0,0,1,200,200,17,0,0,32,200
0,200,30,0,0,0,1,7,5,2,0,0,0,1,200,200,200,27,0,1,32,200
1,200,30,0,0,0,1,7,5,2,0,0,0,1,200,200,200,27,0,1,4,200
1,200,30,0,0,0,1,7,5,2,0,0,0,1,200,200,200,27,0,1,1,200
0,200,30,0,0,0,1,10,2,2,0,0,0,0,200,200,200,25,18,0,38,200
0,200,30,0,0,0,1,10,2,2,0,0,0,0,200,200,200,25,18,1,40,200
0,200,30,2,2,0,1,9,3,7,0,0,0,1,200,200,1,17,0,2,200,200
5,200,30,2,2,0,1,9,3,7,0,0,0,1,200,200,1,17,0,0,59,200
0,1,25,0,0,200,200,7,5,2,0,0,0,0,200,200,1,0,0,2,200,200
0,200,30,2,2,0,1,10,5,1,0,0,0,0,200,200,200,17,200,0,20,200
0,200,30,2,2,0,1,10,5,1,0,0,0,0,200,200,200,17,200,0,46,200
0,200,15,0,0,0,1,7,0,1,0,0,0,1,200,200,200,0,0,0,43,200
0,200,35,3,2,0,1,10,3,4,0,0,0,0,200,200,200,18,18,0,27,200
0,200,35,3,2,0,1,10,3,4,0,0,0,0,200,200,200,18,18,0,68,200
0,200,30,0,0,0,1,12,5,4,0,0,0,0,200,200,1,17,17,0,200,200
0,200,30,0,0,0,1,12,5,4,0,0,0,0,200,200,1,17,17,0,51,200
0,200,10,0,0,0,1,7,7,200,0,200,200,0,200,200,1,0,0,2,200,200
0,200,30,0,0,0,1,12,5,200,0,0,0,0,200,200,200,0,0,0,200,200
0,200,30,0,0,0,1,12,5,200,0,0,0,0,200,200,200,0,0,0,72,200
0,200,30,2,2,0,1,14,5,2,0,0,0,0,1,200,200,17,14,1,21,200
0,200,30,2,2,0,1,14,5,2,0,0,0,0,1,200,200,17,14,1,40,200
1,200,30,2,2,0,1,14,5,2,0,0,0,0,1,200,200,17,14,0,20,200
0,200,30,1,2,0,1,14,2,2,0,0,0,1,200,200,1,17,23,1,200,200
0,200,30,1,2,0,1,14,2,2,0,0,0,1,200,200,1,17,23,0,22,200
1,200,30,1,2,0,1,14,2,2,0,0,0,1,200,200,1,17,23,1,44,200
0,200,30,1,2,0,1,10,5,200,0,0,0,0,200,200,200,18,16,0,28,200
0,200,30,1,2,0,1,10,5,200,0,0,0,0,200,200,200,18,16,1,64,200
0,200,30,0,0,0,1,10,5,2,0,0,0,0,200,200,1,0,0,1,200,200
0,200,30,0,0,0,1,10,5,2,0,0,0,0,200,200,1,0,0,1,34,200
1,200,30,0,0,0,1,10,5,2,0,0,0,0,200,200,1,0,0,0,16,200
0,200,45,0,0,0,1,12,6,2,0,0,0,0,200,200,200,18,18,0,35,200
0,200,45,0,0,0,1,12,6,2,0,0,0,0,200,200,200,18,18,0,38,200
0,200,45,0,0,0,1,12,6,2,0,0,0,0,200,200,200,18,18,1,53,200
0,200,30,0,0,0,1,5,5,200,0,0,0,1,1,200,200,0,200,1,75,200
3,200,30,0,0,0,1,5,5,200,0,0,0,1,1,200,200,0,200,0,44,200
0,1,30,1,2,0,1,12,5,0,0,0,0,0,1,200,200,21,200,0,200,200
0,1,30,1,2,0,1,12,5,0,0,0,0,0,1,200,200,21,200,0,52,200
0,200,30,0,0,0,1,10,5,2,0,0,0,0,200,200,200,18,200,0,30,200
0,200,30,0,0,0,1,10,5,2,0,0,0,0,200,200,200,18,200,0,40,200
0,200,30,0,0,0,1,10,5,2,0,0,0,0,200,200,200,18,200,1,39,200
1,200,30,0,0,0,1,10,5,2,0,0,0,0,200,200,200,18,200,0,52,200
0,200,30,0,0,0,1,12,2,2,0,0,0,0,200,200,200,0,200,0,28,200
0,200,30,0,0,0,1,12,2,2,0,0,0,0,200,200,200,0,200,0,200,200
0,200,30,0,3,0,1,7,12,1,0,0,0,0,200,200,200,0,0,0,63,200
0,200,30,0,0,0,1,8,2,2,0,0,0,0,200,200,1,0,200,0,200,200
4,200,30,0,0,0,1,8,2,2,0,0,0,0,200,200,1,0,200,0,35,200
0,200,30,0,0,0,1,7,0,200,0,0,0,0,200,200,1,0,200,2,200,200
0,200,30,0,0,0,1,10,3,2,0,0,0,0,200,200,1,0,0,0,200,200
0,200,30,0,0,0,1,10,3,2,0,0,0,0,200,200,1,0,0,0,61,200
0,200,30,1,2,0,1,14,2,2,0,0,0,0,1,200,1,23,0,1,200,200
0,200,30,1,2,0,1,14,2,2,0,0,0,0,1,200,1,23,0,0,19,200
0,200,30,1,2,0,1,0,5,4,0,0,0,1,1,200,1,14,6,0,200,200
0,200,30,1,2,0,1,0,5,4,0,0,0,1,1,200,1,14,6,0,38,200
0,200,30,1,2,0,1,0,5,4,0,0,0,1,1,200,1,14,6,0,48,200
0,200,30,0,0,0,1,7,5,200,0,0,0,0,200,200,200,20,20,1,200,200
0,200,30,1,2,0,1,14,5,2,0,0,0,0,200,200,200,0,200,0,73,200
0,200,30,1,2,0,1,14,5,2,0,0,0,0,200,200,200,0,200,0,62,200
0,200,30,0,0,0,1,12,6,2,0,0,0,1,200,200,1,21,25,2,200,200
0,200,30,0,0,0,1,12,6,2,0,0,0,1,200,200,1,21,25,0,38,200
0,200,30,0,0,0,1,14,5,2,0,0,0,0,200,200,200,23,0,1,42,200
0,200,30,0,0,0,1,14,5,2,0,0,0,0,200,200,200,23,0,1,0,200
1,200,30,0,0,0,1,14,5,2,0,0,0,0,200,200,200,23,0,0,200,200
0,200,30,1,2,0,1,12,2,200,0,0,0,0,1,200,200,0,0,1,17,200
0,200,30,1,2,0,1,12,2,200,0,0,0,0,1,200,200,0,0,0,59,200
1,200,30,1,2,0,1,12,2,200,0,0,0,0,1,200,200,0,0,0,200,200
0,200,30,1,2,0,1,10,5,4,0,0,0,0,200,200,200,18,17,0,20,200
0,200,30,1,2,0,1,10,5,4,0,0,0,0,200,200,200,18,17,0,46,200
0,200,30,0,0,0,1,10,2,200,0,0,0,0,200,200,200,18,18,0,30,200
0,200,30,0,0,0,1,10,2,200,0,0,0,0,200,200,200,18,18,0,34,200
1,200,30,0,0,0,1,10,2,200,0,0,0,0,200,200,200,18,18,1,9,200
1,200,30,0,0,0,1,10,2,200,0,0,0,0,200,200,200,18,18,1,8,200
1,200,30,0,0,0,1,10,2,200,0,0,0,0,200,200,200,18,18,0,0,200
1,200,30,0,0,0,1,10,2,200,0,0,0,0,200,200,200,18,18,0,47,200
0,200,30,1,2,0,1,12,6,200,0,0,0,0,200,200,200,0,0,0,49,200
0,200,30,1,2,0,1,12,6,200,0,0,0,0,200,200,200,0,0,0,41,200
1,200,30,1,2,0,1,12,6,200,0,0,0,0,200,200,200,0,0,1,78,200
0,200,30,2,2,0,4,0,5,200,0,0,0,0,200,200,200,17,16,1,53,200
0,200,30,2,2,0,4,0,5,200,0,0,0,0,200,200,200,17,16,1,21,200
0,200,30,0,0,200,200,10,5,200,0,200,200,0,200,200,200,17,200,1,20,200
0,200,30,0,0,200,200,10,5,200,0,200,200,0,200,200,200,17,200,1,30,200
0,200,30,0,0,0,1,12,5,200,0,0,0,0,200,200,200,0,0,0,32,200
0,200,30,0,0,0,1,12,5,200,0,0,0,0,200,200,200,0,0,1,22,200
0,200,30,2,2,0,1,0,5,2,0,0,0,0,1,200,200,17,200,1,47,200
0,200,30,2,2,0,1,0,5,2,0,0,0,0,1,200,200,17,200,1,41,200
0,200,25,0,0,0,1,12,6,4,0,0,0,0,200,200,200,21,200,0,39,200
0,200,25,0,0,0,1,12,6,4,0,0,0,0,200,200,200,21,200,0,39,200
0,200,30,1,200,0,200,10,6,2,0,0,200,0,200,200,200,0,0,0,200,200
0,200,30,1,200,0,200,10,6,2,0,0,200,0,200,200,200,0,0,0,36,200
0,200,25,1,2,0,1,12,2,200,0,0,0,0,1,200,200,22,21,1,200,200
0,200,25,1,2,0,1,12,2,200,0,0,0,0,1,200,200,22,21,0,50,200
1,200,25,1,2,0,1,12,2,200,0,0,0,0,1,200,200,22,21,1,36,200
0,200,15,0,0,0,1,12,7,200,0,0,0,0,200,200,200,0,200,1,46,200
0,200,15,0,0,0,1,12,7,200,0,0,0,0,200,200,200,0,200,1,22,200
1,200,15,0,0,0,1,12,7,200,0,0,0,0,200,200,200,0,200,0,26,200
0,200,30,0,0,0,1,10,5,200,0,0,0,0,200,200,200,18,0,0,20,200
0,200,30,0,0,0,1,10,5,200,0,0,0,0,200,200,200,18,0,0,23,200
0,200,30,0,0,0,1,11,5,200,0,0,0,0,200,200,200,17,200,0,57,200
0,200,30,0,0,0,1,11,5,200,0,0,0,0,200,200,200,17,200,1,31,200
0,200,35,0,0,0,1,10,5,200,0,0,0,0,200,200,200,0,200,0,200,200
0,200,35,0,0,0,1,10,5,200,0,0,0,0,200,200,200,0,200,0,200,200
0,200,30,1,2,0,1,14,2,0,3,0,0,0,1,200,200,21,200,0,66,200
0,200,30,1,2,0,1,14,2,0,3,0,0,0,1,200,200,21,200,1,28,200
1,200,30,1,2,0,1,14,2,0,3,0,0,0,1,200,200,21,200,0,52,200
0,200,30,0,0,0,1,12,2,4,0,0,0,0,200,200,200,0,0,0,69,200
0,200,30,0,0,0,1,12,2,4,0,0,0,0,200,200,200,0,0,0,39,200
0,200,30,2,2,0,1,12,2,2,0,0,0,0,1,200,1,22,0,0,200,200
0,200,30,2,2,0,1,12,2,2,0,0,0,0,1,200,1,22,0,1,42,200
0,200,30,0,0,0,1,10,5,200,0,0,200,0,200,200,200,18,200,1,40,200
0,200,30,0,0,0,1,10,5,200,0,0,200,0,200,200,200,18,200,1,40,200
0,200,15,0,0,0,1,0,5,2,0,0,0,0,200,200,200,20,200,0,53,200
0,200,15,0,0,0,1,0,5,2,0,0,0,0,200,200,200,20,200,1,53,200
1,200,15,0,0,0,1,0,5,2,0,0,0,0,200,200,200,20,200,1,52,200