PERSON_TYPE,CRASH_DATE_EST_I,POSTED_SPEED_LIMIT,TRAFFIC_CONTROL_DEVICE,DEVICE_CONDITION,WEATHER_CONDITION,LIGHTING_CONDITION,FIRST_CRASH_TYPE,TRAFFICWAY_TYPE,LANE_CNT,ALIGNMENT,ROADWAY_SURFACE_COND,ROAD_DEFECT,CRASH_TYPE,INTERSECTION_RELATED_I,NOT_RIGHT_OF_WAY_I,HIT_AND_RUN_I,PRIM_CONTRIBUTORY_CAUSE,SEC_CONTRIBUTORY_CAUSE,SEX,AGE,BAC_RESULT VALUE
1,200,15,0,0,0,1,0,5,2,0,0,0,0,200,200,200,20,200,1,18,200
1,200,15,0,0,0,1,0,5,2,0,0,0,0,200,200,200,20,200,0,15,200
0,200,30,0,0,0,1,14,5,3,0,0,0,1,200,200,200,23,23,0,31,200
0,200,30,0,0,0,1,14,5,3,0,0,0,1,200,200,200,23,23,0,57,200
0,200,35,0,0,0,1,2,5,2,0,0,0,1,200,200,200,12,200,1,54,200
1,200,35,0,0,0,1,2,5,2,0,0,0,1,200,200,200,12,200,1,86,200
0,200,30,12,0,0,1,12,200,200,0,0,0,0,200,200,200,20,200,0,200,200
0,200,30,12,0,0,1,12,200,200,0,0,0,0,200,200,200,20,200,0,30,200
0,200,35,0,0,0,1,7,2,4,0,0,0,0,200,200,200,21,200,0,30,200
0,200,30,0,0,0,1,14,5,1,0,0,0,1,1,200,200,22,200,1,32,200
0,200,30,0,0,0,1,14,5,1,0,0,0,1,1,200,200,22,200,1,52,200
1,200,30,0,0,0,1,14,5,1,0,0,0,1,1,200,200,22,200,1,7,200
1,200,30,0,0,0,1,14,5,1,0,0,0,1,1,200,200,22,200,1,8,200
0,200,30,0,0,0,1,7,6,1,0,0,0,0,200,200,1,0,200,1,200,200
0,200,30,1,2,0,1,14,5,4,0,0,0,0,200,200,200,6,23,1,20,200
0,200,30,1,2,0,1,14,5,4,0,0,0,0,200,200,200,6,23,1,26,200
0,200,30,0,0,0,1,12,5,200,0,0,0,0,0,200,200,0,0,1,28,200
0,200,30,0,0,0,1,12,5,200,0,0,0,0,0,200,200,0,0,0,44,200
1,200,30,0,0,0,1,12,5,200,0,0,0,0,0,200,200,0,0,200,200,200
0,200,30,1,2,0,1,10,5,3,0,0,0,0,200,200,200,11,0,0,22,200
0,200,30,1,2,0,1,10,5,3,0,0,0,0,200,200,200,11,0,1,32,200
0,200,30,1,2,0,1,10,2,2,0,0,0,0,200,200,1,25,200,1,200,200
0,200,30,1,2,0,1,10,2,2,0,0,0,0,200,200,1,25,200,1,46,200
0,200,30,1,1,0,1,8,2,200,0,0,0,1,1,200,200,17,200,0,58,200
4,200,30,1,1,0,1,8,2,200,0,0,0,1,1,200,200,17,200,0,27,200
4,200,30,1,1,0,1,8,2,200,0,0,0,1,1,200,200,17,200,0,31,200
0,200,30,200,200,0,1,10,5,200,0,0,0,0,200,200,200,200,200,0,34,200
0,200,30,200,200,0,1,10,5,200,0,0,0,0,200,200,200,200,200,1,35,200
1,200,30,200,200,0,1,10,5,200,0,0,0,0,200,200,200,200,200,0,1,200
0,200,35,200,200,0,1,7,5,1,0,0,0,0,200,200,1,16,200,0,52,200
0,200,30,1,2,0,1,8,5,2,0,0,200,0,200,200,200,17,17,1,25,200
4,200,30,1,2,0,1,8,5,2,0,0,200,0,200,200,200,17,17,0,28,200
0,200,10,0,0,0,1,7,7,200,0,200,200,0,200,1,1,0,200,1,200,200
0,200,25,0,0,0,1,8,5,2,0,200,200,1,200,200,200,0,0,0,200,200
4,200,25,0,0,0,1,8,5,2,0,200,200,1,200,200,200,0,0,0,42,200
0,200,25,0,0,0,1,7,200,200,0,0,0,0,200,200,200,0,24,0,64,200
0,200,30,0,0,0,1,2,5,200,0,0,1,0,200,200,200,0,0,0,33,200
0,200,30,0,0,0,1,12,5,200,0,0,0,0,200,200,200,21,200,0,37,200
0,200,30,0,0,0,1,12,5,200,0,0,0,0,200,200,200,21,200,0,36,200
0,200,30,1,2,0,1,10,5,2,0,0,0,0,200,200,200,18,0,1,39,200
0,200,30,1,2,0,1,10,5,2,0,0,0,0,200,200,200,18,0,0,47,200
0,200,30,1,2,0,1,10,5,2,0,0,0,0,200,200,200,18,0,1,40,200
0,200,30,0,0,0,3,14,6,4,0,0,0,0,200,200,200,21,200,0,62,200
0,200,30,0,0,0,3,14,6,4,0,0,0,0,200,200,200,21,200,0,24,200
0,200,30,0,0,0,1,14,5,200,0,0,0,0,200,200,200,21,21,0,30,200
0,200,30,0,0,0,1,14,5,200,0,0,0,0,200,200,200,21,21,1,61,200
0,200,30,1,2,0,4,8,5,200,0,0,200,1,200,200,200,17,200,0,73,200
4,200,30,1,2,0,4,8,5,200,0,0,200,1,200,200,200,17,200,1,17,200
0,200,30,0,0,0,1,10,5,200,0,200,200,1,200,200,200,18,200,1,24,200
0,200,30,0,0,0,1,10,5,200,0,200,200,1,200,200,200,18,200,0,55,200
0,200,30,0,0,0,1,7,2,200,0,0,0,1,200,200,200,21,200,1,21,200
0,1,30,0,0,0,1,14,8,200,0,0,0,0,200,200,1,0,200,0,22,200
0,1,30,0,0,0,1,14,8,200,0,0,0,0,200,200,1,0,200,0,44,200
1,1,30,0,0,0,1,14,8,200,0,0,0,0,200,200,1,0,200,0,20,200
1,1,30,0,0,0,1,14,8,200,0,0,0,0,200,200,1,0,200,0,25,200
0,200,30,0,0,0,1,10,5,200,0,0,0,0,200,200,1,0,0,1,68,200
0,200,30,0,0,0,1,10,5,200,0,0,0,0,200,200,1,0,0,0,200,200
0,1,30,1,2,0,3,0,5,200,0,0,0,1,1,200,200,17,200,0,18,200
0,1,30,1,2,0,3,0,5,200,0,0,0,1,1,200,200,17,200,0,65,200
0,1,30,0,0,200,200,7,6,200,0,200,200,0,200,200,1,20,200,2,200,200
0,200,30,0,0,0,3,7,5,2,0,0,0,0,200,200,200,20,200,1,30,200
0,200,30,1,1,0,1,9,6,4,0,0,0,1,1,200,200,0,200,2,200,200
5,200,30,1,1,0,1,9,6,4,0,0,0,1,1,200,200,0,200,1,22,200
5,200,30,0,0,0,3,9,5,2,0,0,0,1,200,200,1,13,200,0,74,200
0,200,30,0,0,0,3,9,5,2,0,0,0,1,200,200,1,13,200,2,200,200
0,200,30,0,0,0,1,10,5,200,0,0,0,0,200,200,200,18,16,0,49,200
0,200,30,0,0,0,1,10,5,200,0,0,0,0,200,200,200,18,16,0,19,200
0,200,30,0,0,0,1,10,5,200,0,0,0,0,200,200,200,18,16,0,68,200
0,200,30,0,0,0,1,0,6,200,0,0,0,0,200,200,200,17,16,1,200,200
0,200,30,0,0,0,1,0,6,200,0,0,0,0,200,200,200,17,16,0,49,200
0,200,30,0,0,0,1,7,6,200,0,0,0,0,200,200,200,0,200,1,22,200
0,200,25,1,2,0,3,14,5,2,0,0,0,1,1,200,200,0,200,0,72,200
0,200,25,1,2,0,3,14,5,2,0,0,0,1,1,200,200,0,200,1,44,200
0,200,30,1,2,0,4,14,12,4,0,0,0,0,1,200,200,23,22,2,200,200
0,200,30,1,2,0,4,14,12,4,0,0,0,0,1,200,200,23,22,0,62,200
0,200,30,1,2,0,3,12,5,200,0,0,200,0,200,200,200,17,200,1,22,200
0,200,30,1,2,0,3,12,5,200,0,0,200,0,200,200,200,17,200,0,37,200
0,200,20,0,200,0,0,7,200,200,0,0,0,0,200,200,1,0,200,0,200,200
0,200,30,1,2,0,3,14,5,2,0,0,0,1,200,200,200,17,16,0,30,200
0,200,30,1,2,0,3,14,5,2,0,0,0,1,200,200,200,17,16,0,25,200
0,200,20,0,0,0,3,7,5,2,0,0,0,1,200,200,200,16,0,1,44,200
0,200,30,0,0,200,200,7,7,200,0,200,0,0,200,200,1,0,0,2,200,200
0,200,30,2,2,0,3,0,5,2,0,0,0,1,200,200,1,17,16,2,200,200
0,200,30,2,2,0,3,0,5,2,0,0,0,1,200,200,1,17,16,1,200,200
0,200,25,2,0,0,1,7,6,2,0,0,0,0,200,200,1,21,0,2,200,200
0,200,30,200,200,0,200,10,2,200,0,0,200,0,200,200,1,18,200,0,200,200
0,200,30,200,200,0,200,10,2,200,0,0,200,0,200,200,1,18,200,0,31,200
0,1,30,1,3,0,3,0,2,2,0,0,0,1,1,200,200,6,200,1,83,200
0,1,30,1,3,0,3,0,2,2,0,0,0,1,1,200,200,6,200,1,20,200
0,200,25,0,0,0,1,7,6,1,0,0,0,0,200,200,1,11,21,1,200,200
1,200,25,0,0,0,1,7,6,1,0,0,0,0,200,200,1,11,21,1,200,200
1,200,25,0,0,0,1,7,6,1,0,0,0,0,200,200,1,11,21,200,200,200
1,200,25,0,0,0,1,7,6,1,0,0,0,0,200,200,1,11,21,200,200,200
1,200,25,0,0,0,1,7,6,1,0,0,0,0,200,200,1,11,21,200,200,200
1,200,25,0,0,0,1,7,6,1,0,0,0,0,200,200,1,11,21,200,200,200
1,200,25,0,0,0,1,7,6,1,0,0,0,0,200,200,1,11,21,200,200,200
0,200,45,1,2,0,4,14,3,200,0,0,0,0,200,200,1,6,200,0,200,200
0,200,45,1,2,0,4,14,3,200,0,0,0,0,200,200,1,6,200,0,24,200
4,200,35,0,0,0,4,8,2,200,0,0,0,1,1,200,200,18,200,0,0,200
0,200,35,0,0,0,4,8,2,200,0,0,0,1,1,200,200,18,200,1,53,200
1,200,35,0,0,0,4,8,2,200,0,0,0,1,1,200,200,18,200,1,75,200
0,200,30,0,0,0,3,10,5,2,0,0,0,0,200,200,200,18,0,0,67,200
0,200,30,0,0,0,3,10,5,2,0,0,0,0,200,200,200,18,0,0,200,200
1,200,30,0,0,0,3,10,5,2,0,0,0,0,200,200,200,18,0,1,45,200
0,200,30,0,0,0,3,11,7,200,0,0,0,0,200,1,200,0,0,1,200,200
0,200,30,0,0,0,3,11,7,200,0,0,0,0,200,1,200,0,0,0,71,200
0,200,30,0,0,0,3,0,6,1,0,0,0,0,200,200,200,20,200,0,19,200
0,200,30,0,0,0,3,8,5,2,0,0,0,1,200,200,1,25,17,2,200,200
4,200,30,0,0,0,3,8,5,2,0,0,0,1,200,200,1,25,17,0,22,200
0,200,35,1,2,0,3,14,2,4,0,0,0,0,1,200,1,10,21,0,200,200
0,200,35,1,2,0,3,14,2,4,0,0,0,0,1,200,1,10,21,0,21,200
0,200,30,0,0,0,3,7,5,200,0,0,0,0,200,200,200,11,200,0,43,200
0,200,30,0,0,0,3,14,5,2,0,0,0,0,200,200,1,23,23,0,200,200
0,200,30,0,0,0,3,14,5,2,0,0,0,0,200,200,1,23,23,1,34,200
0,1,30,0,0,0,3,7,5,200,0,0,0,0,200,200,1,0,0,2,200,200
0,200,30,1,2,0,3,14,5,2,0,0,0,1,1,200,1,23,200,2,200,200
0,200,30,1,2,0,3,14,5,2,0,0,0,1,1,200,1,23,200,1,26,200
1,200,30,1,2,0,3,14,5,2,0,0,0,1,1,200,1,23,200,1,26,200
1,200,30,1,2,0,3,14,5,2,0,0,0,1,1,200,1,23,200,1,23,200
0,200,30,1,2,0,3,14,5,2,0,0,0,0,1,200,200,23,200,1,27,200
0,200,30,1,2,0,3,14,5,2,0,0,0,0,1,200,200,23,200,0,42,200
0,200,30,1,2,0,3,14,5,4,0,0,0,1,1,200,200,21,23,0,200,200
0,200,30,1,2,0,3,14,5,4,0,0,0,1,1,200,200,21,23,0,47,200
0,200,30,1,2,0,3,14,5,4,0,0,0,1,1,200,200,21,23,1,25,200
0,200,30,0,0,0,3,3,5,200,0,0,0,1,1,200,200,17,200,0,24,200
0,200,30,0,0,0,3,3,5,200,0,0,0,1,1,200,200,17,200,0,23,200
0,200,45,0,0,0,3,10,3,4,0,0,0,1,200,200,200,11,11,0,32,200
0,200,45,0,0,0,3,10,3,4,0,0,0,1,200,200,200,11,11,1,50,200
0,200,10,0,0,0,1,10,6,200,3,0,0,0,200,200,200,10,200,0,200,200
0,200,10,0,0,0,1,10,6,200,3,0,0,0,200,200,200,10,200,0,26,200
0,200,20,0,0,0,3,7,5,200,0,200,200,1,200,200,1,0,0,1,15,200
0,200,30,0,0,0,3,2,2,2,0,0,0,1,200,200,200,0,200,0,200,200
1,200,30,0,0,0,3,2,2,2,0,0,0,1,200,200,200,0,200,1,23,200
1,200,30,0,0,0,3,2,2,2,0,0,0,1,200,200,200,0,200,1,200,200
1,200,30,0,0,0,3,2,2,2,0,0,0,1,200,200,200,0,200,0,200,200
0,200,25,0,0,0,3,7,2,2,0,0,0,1,200,200,1,200,200,2,200,200
0,200,35,1,2,0,3,0,2,2,0,0,0,1,200,200,1,6,200,0,24,200
0,200,35,1,2,0,3,0,2,2,0,0,0,1,200,200,1,6,200,0,56,200
0,200,30,0,0,0,0,5,2,2,0,0,1,0,200,200,200,200,200,0,35,200
0,200,15,0,0,0,3,2,5,2,0,0,0,1,200,1,0,14,8,1,200,200
1,200,15,0,0,0,3,2,5,2,0,0,0,1,200,1,0,14,8,0,26,200
0,200,30,2,2,0,3,2,12,6,0,0,0,0,1,200,200,17,17,1,58,200
0,200,30,2,2,0,3,2,12,6,0,0,0,0,1,200,200,17,17,1,60,200
0,200,30,0,0,0,3,8,3,2,0,0,0,1,200,200,1,0,200,2,200,200
4,200,30,0,0,0,3,8,3,2,0,0,0,1,200,200,1,0,200,0,42,200
5,200,30,1,2,0,2,9,5,6,2,0,0,0,0,200,0,6,17,1,200,200
0,200,30,1,2,0,2,9,5,6,2,0,0,0,0,200,0,6,17,1,20,200
1,200,30,1,2,0,2,9,5,6,2,0,0,0,0,200,0,6,17,0,22,200
0,200,5,200,200,0,1,2,7,200,0,0,0,0,200,1,1,20,200,0,200,200
1,200,5,200,200,0,1,2,7,200,0,0,0,0,200,1,1,20,200,0,200,200
0,200,30,1,2,0,3,14,5,4,0,0,0,0,1,200,1,0,0,2,200,200
0,200,30,1,2,0,3,14,5,4,0,0,0,0,1,200,1,0,0,0,47,200
0,200,30,1,2,0,1,0,5,2,0,0,200,0,1,200,200,16,6,0,31,200
0,200,30,1,2,0,1,0,5,2,0,0,200,0,1,200,200,16,6,0,26,200
0,200,30,0,0,0,1,12,5,200,0,0,0,0,200,200,200,0,200,0,200,200
0,200,30,0,0,0,1,12,5,200,0,0,0,0,200,200,200,0,200,1,65,200
0,200,30,1,2,0,1,10,5,200,0,0,0,0,200,200,200,2,9,1,25,200
0,200,30,1,2,0,1,10,5,200,0,0,0,0,200,200,200,2,9,1,45,200
0,200,20,0,0,0,1,5,0,200,0,0,0,0,200,200,200,28,28,0,59,200
0,200,45,0,0,0,2,5,3,8,0,0,0,0,200,200,200,21,200,0,20,200
0,200,30,0,0,0,1,7,5,1,0,0,0,0,200,200,200,11,200,0,200,200
1,200,30,0,0,0,1,7,5,1,0,0,0,0,200,200,200,11,200,1,34,200
1,200,30,0,0,0,1,7,5,1,0,0,0,0,200,200,200,11,200,0,40,200
0,200,30,1,2,0,1,14,3,0,0,0,0,1,1,200,200,17,23,0,40,200
0,200,30,1,2,0,1,14,3,0,0,0,0,1,1,200,200,17,23,0,32,200
0,200,30,1,2,0,1,14,3,4,0,0,0,1,1,200,200,11,0,1,55,200
0,200,30,1,2,0,1,14,3,4,0,0,0,1,1,200,200,11,0,1,40,200
1,200,30,1,2,0,1,14,3,4,0,0,0,1,1,200,200,11,0,1,16,200
0,200,30,1,2,0,1,10,2,200,0,0,0,0,200,200,200,18,200,0,25,200
0,200,30,1,2,0,1,10,2,200,0,0,0,0,200,200,200,18,200,1,50,200
0,200,30,0,0,0,1,7,2,200,0,0,0,1,200,200,200,21,200,0,49,200
0,200,30,0,0,0,1,12,1,200,0,1,0,0,200,200,200,21,200,1,39,200
0,200,30,0,0,0,1,12,1,200,0,1,0,0,200,200,200,21,200,1,39,200
0,1,30,1,2,0,1,12,5,200,0,0,0,0,1,200,200,200,200,0,200,200
0,1,30,1,2,0,1,12,5,200,0,0,0,0,1,200,200,200,200,1,200,200
0,200,30,1,2,0,1,0,3,4,0,0,0,1,1,200,200,6,200,0,51,200
0,200,30,1,2,0,1,0,3,4,0,0,0,1,1,200,200,6,200,0,52,200
0,200,30,0,0,0,1,7,6,2,0,0,0,1,200,200,1,0,0,2,200,200
0,200,30,0,0,0,1,3,5,1,0,0,0,1,200,200,200,0,0,0,35,200
0,200,30,0,0,0,1,3,5,1,0,0,0,1,200,200,200,0,0,0,25,200
0,200,30,0,0,0,1,12,5,200,0,0,0,0,200,200,1,21,200,2,200,200
0,200,45,0,0,0,1,12,5,4,0,0,0,0,200,200,200,0,0,1,24,200
0,200,45,0,0,0,1,12,5,4,0,0,0,0,200,200,200,0,0,0,37,200
0,200,30,2,2,0,1,0,5,200,0,0,0,1,1,200,200,0,0,0,40,200
0,200,30,2,2,0,1,0,5,200,0,0,0,1,1,200,200,0,0,0,46,200
0,200,30,0,0,0,1,2,3,200,0,0,0,0,200,200,200,27,200,0,44,200
0,0,30,2,2,0,1,9,5,2,0,0,0,1,0,200,200,33,0,0,59,200
5,0,30,2,2,0,1,9,5,2,0,0,0,1,0,200,200,33,0,1,26,200
0,200,30,2,2,0,1,14,3,1,0,0,0,0,1,200,200,20,0,0,30,200
0,200,30,2,2,0,1,14,3,1,0,0,0,0,1,200,200,20,0,0,24,200
0,200,25,2,2,0,1,11,5,2,0,0,0,0,1,200,200,21,0,0,47,200
0,200,25,2,2,0,1,11,5,2,0,0,0,0,1,200,200,21,0,0,38,200
1,200,25,2,2,0,1,11,5,2,0,0,0,0,1,200,200,21,0,0,200,200
1,200,25,2,2,0,1,11,5,2,0,0,0,0,1,200,200,21,0,200,200,200
0,200,30,1,2,0,1,14,2,200,0,0,0,0,1,200,200,23,11,0,44,200
0,200,30,1,2,0,1,14,2,200,0,0,0,0,1,200,200,23,11,0,53,200
0,200,30,1,2,0,1,12,6,3,0,0,0,0,200,200,200,21,11,0,29,200
0,200,30,1,2,0,1,12,6,3,0,0,0,0,200,200,200,21,11,1,55,200
0,200,30,0,0,0,1,7,6,1,0,0,0,0,200,200,1,0,0,2,200,200
0,200,45,1,2,0,1,10,3,10,2,0,0,0,200,200,200,0,0,0,200,200
0,200,45,1,2,0,1,10,3,10,2,0,0,0,200,200,200,0,0,0,34,200
1,200,45,1,2,0,1,10,3,10,2,0,0,0,200,200,200,0,0,200,200,200
1,200,45,1,2,0,1,10,3,10,2,0,0,0,200,200,200,0,0,200,200,200
1,200,45,1,2,0,1,10,3,10,2,0,0,0,200,200,200,0,0,200,200,200
0,200,30,0,0,0,1,7,5,2,0,0,0,0,200,200,200,11,11,0,64,200
1,200,30,0,0,0,1,7,5,2,0,0,0,0,200,200,200,11,11,1,71,200
0,200,20,1,2,0,1,8,3,200,0,0,0,1,200,200,1,0,200,0,200,200
4,200,20,1,2,0,1,8,3,200,0,0,0,1,200,200,1,0,200,0,36,200
0,200,30,0,0,0,1,10,5,200,0,0,0,0,200,200,200,18,18,0,49,200
0,200,30,0,0,0,1,10,5,200,0,0,0,0,200,200,200,18,18,0,19,200
0,200,30,0,0,0,1,10,5,200,0,0,0,0,200,200,200,18,18,0,68,200
1,200,30,0,0,0,1,10,5,200,0,0,0,0,200,200,200,18,18,0,200,200
1,200,30,0,0,0,1,10,5,200,0,0,0,0,200,200,200,18,18,0,200,200
0,200,15,0,0,0,1,7,5,200,0,0,0,1,0,0,0,28,35,0,54,200
1,200,15,0,0,0,1,7,5,200,0,0,0,1,0,0,0,28,35,1,63,200
0,200,30,0,0,0,1,14,5,200,0,0,0,0,200,200,200,0,200,0,29,200
0,200,30,0,0,0,1,14,5,200,0,0,0,0,200,200,200,0,200,1,24,200
1,200,30,0,0,0,1,14,5,200,0,0,0,0,200,200,200,0,200,200,200,200
1,200,30,0,0,0,1,14,5,200,0,0,0,0,200,200,200,0,200,200,200,200
0,200,30,4,0,0,1,10,2,200,0,0,0,1,200,200,200,16,8,0,31,200
0,200,30,4,0,0,1,10,2,200,0,0,0,1,200,200,200,16,8,1,63,200
0,200,30,2,2,0,1,7,5,200,0,0,0,0,200,200,200,0,0,1,28,200
1,200,30,2,2,0,1,7,5,200,0,0,0,0,200,200,200,0,0,0,200,200
0,200,30,0,0,0,1,14,5,200,0,0,0,0,200,200,200,23,0,0,36,200
0,200,30,0,0,0,1,14,5,200,0,0,0,0,200,200,200,23,0,0,28,200
0,200,30,0,0,0,3,7,5,4,0,0,0,0,200,200,1,22,0,2,200,200
0,200,30,0,0,0,1,12,2,2,0,0,0,0,200,200,200,22,0,0,200,200
0,200,30,0,0,0,1,12,2,2,0,0,0,0,200,200,200,22,0,0,36,200
0,200,30,1,2,0,1,9,5,4,0,0,12,1,1,200,200,6,0,0,59,200
5,200,30,1,2,0,1,9,5,4,0,0,12,1,1,200,200,6,0,0,71,200
0,1,30,0,0,0,3,7,5,200,0,0,0,0,200,200,200,0,0,2,200,200
0,200,30,2,2,0,1,0,2,2,0,0,0,1,1,200,200,0,0,1,32,200
0,200,30,2,2,0,1,0,2,2,0,0,0,1,1,200,200,0,0,1,66,200
0,200,30,1,2,0,1,12,5,4,0,0,0,0,200,200,200,21,200,0,48,200
0,200,30,1,2,0,1,12,5,4,0,0,0,0,200,200,200,21,200,1,60,200
1,200,30,1,2,0,1,12,5,4,0,0,0,0,200,200,200,21,200,0,200,200
0,1,35,0,0,0,1,7,5,200,0,0,0,0,200,200,1,0,200,2,200,200
0,200,30,2,200,0,1,0,5,2,0,0,0,0,1,200,200,0,200,0,22,200
0,200,30,2,200,0,1,0,5,2,0,0,0,0,1,200,200,0,200,0,25,200
0,200,30,1,2,0,1,10,3,200,0,0,0,0,200,200,200,18,200,0,71,200
0,200,30,1,2,0,1,10,3,200,0,0,0,0,200,200,200,18,200,0,53,200
0,200,30,1,2,0,1,10,6,200,0,0,0,1,1,200,1,0,0,2,200,200
0,200,30,1,2,0,1,10,6,200,0,0,0,1,1,200,1,0,0,0,35,200
0,200,30,0,0,0,1,10,2,200,0,0,0,1,200,200,1,0,0,0,200,200
0,200,30,0,0,0,1,10,2,200,0,0,0,1,200,200,1,0,0,1,17,200
1,200,30,0,0,0,1,10,2,200,0,0,0,1,200,200,1,0,0,1,22,200
0,200,30,0,0,0,1,3,5,2,0,0,0,0,200,200,200,0,0,1,61,200
0,200,30,0,0,0,1,3,5,2,0,0,0,0,200,200,200,0,0,1,55,200
0,200,20,0,0,0,3,2,0,200,0,0,0,0,200,200,200,13,200,0,65,200
0,200,30,0,0,0,1,12,5,4,0,0,0,1,200,200,1,0,0,2,200,200
0,200,30,0,0,0,1,12,5,4,0,0,0,1,200,200,1,0,0,1,37,200
0,200,30,0,0,0,1,12,7,200,0,0,0,0,200,200,200,0,0,0,200,200
0,200,30,0,0,0,1,12,7,200,0,0,0,0,200,200,200,0,0,0,200,200
0,200,30,1,2,0,1,10,5,2,0,0,0,0,1,200,200,0,0,0,60,200
0,200,30,1,2,0,1,10,5,2,0,0,0,0,1,200,200,0,0,0,32,200
0,200,30,0,0,1,1,12,6,2,0,1,0,0,200,200,200,17,17,0,35,200
0,200,30,0,0,1,1,12,6,2,0,1,0,0,200,200,200,17,17,0,32,200
0,200,30,0,0,0,1,14,6,200,0,0,0,0,200,200,200,11,33,0,37,200
0,200,30,0,0,0,1,14,6,200,0,0,0,0,200,200,200,11,33,0,18,200
0,200,35,0,0,0,1,5,2,4,0,0,0,0,200,200,200,200,200,0,52,200
0,200,30,0,0,0,1,2,0,200,0,0,0,0,200,1,200,200,200,0,50,200
0,200,30,0,0,0,1,7,0,1,0,0,200,0,200,200,200,0,200,1,27,200
0,200,30,0,0,0,1,12,5,200,0,0,0,0,200,200,200,0,200,0,50,200
0,200,30,0,0,0,1,12,5,200,0,0,0,0,200,200,200,0,200,1,35,200
0,200,30,1,2,0,1,10,5,4,0,0,0,0,200,200,1,0,0,0,200,200
0,200,30,1,2,0,1,10,5,4,0,0,0,0,200,200,1,0,0,1,40,200
0,200,45,1,2,0,1,10,2,5,0,0,0,0,200,200,200,18,0,0,33,200
0,200,45,1,2,0,1,10,2,5,0,0,0,0,200,200,200,18,0,0,20,200
0,200,45,0,0,0,1,10,3,200,0,0,0,0,200,200,200,18,0,0,37,200
0,200,45,0,0,0,1,10,3,200,0,0,0,0,200,200,200,18,0,1,24,200
0,200,30,1,2,0,1,10,5,4,0,0,200,0,200,200,200,0,0,0,54,200
0,200,30,1,2,0,1,10,5,4,0,0,200,0,200,200,200,0,0,1,28,200
0,200,30,1,2,0,1,10,5,200,3,0,0,0,200,200,200,0,200,1,58,200
0,200,30,1,2,0,1,10,5,200,3,0,0,0,200,200,200,0,200,0,34,200
0,200,30,1,2,0,1,14,2,200,0,0,0,1,1,200,200,21,23,0,43,200
0,200,30,1,2,0,1,14,2,200,0,0,0,1,1,200,200,21,23,0,37,200
0,200,30,0,0,0,1,12,5,200,0,0,0,0,200,200,200,0,200,1,60,200
0,200,30,0,0,0,1,12,5,200,0,0,0,0,200,200,200,0,200,0,48,200
1,200,30,0,0,0,1,12,5,200,0,0,0,0,200,200,200,0,200,0,44,200
0,200,30,0,0,0,1,7,6,200,0,0,0,0,200,200,200,200,200,0,69,200
0,200,30,0,0,0,1,10,0,200,0,0,0,1,200,200,1,18,200,2,200,200
0,200,30,0,0,0,1,10,0,200,0,0,0,1,200,200,1,18,200,1,36,200
1,200,30,0,0,0,1,10,0,200,0,0,0,1,200,200,1,18,200,0,30,200
1,200,30,0,0,0,1,10,0,200,0,0,0,1,200,200,1,18,200,1,62,200
1,200,30,0,0,0,1,10,0,200,0,0,0,1,200,200,1,18,200,0,0,200
1,200,30,0,0,0,1,10,0,200,0,0,0,1,200,200,1,18,200,1,9,200
0,200,15,2,0,0,1,9,5,2,0,12,12,0,1,200,200,28,17,1,40,200
5,200,15,2,0,0,1,9,5,2,0,12,12,0,1,200,200,28,17,0,200,200
1,200,15,2,0,0,1,9,5,2,0,12,12,0,1,200,200,28,17,1,200,200
1,200,15,2,0,0,1,9,5,2,0,12,12,0,1,200,200,28,17,1,200,200
0,200,30,1,2,0,3,8,2,200,0,0,0,0,1,200,200,0,0,0,58,200
4,200,30,1,2,0,3,8,2,200,0,0,0,0,1,200,200,0,0,0,200,200
0,200,30,2,2,0,1,10,5,2,0,0,0,0,200,200,200,18,200,0,200,200
0,200,30,2,2,0,1,10,5,2,0,0,0,0,200,200,200,18,200,0,42,200
4,200,30,1,2,0,1,8,6,200,0,0,0,1,1,200,200,6,200,0,46,200
0,200,30,1,2,0,1,8,6,200,0,0,0,1,1,200,200,6,200,1,72,200
1,200,30,1,2,0,1,8,6,200,0,0,0,1,1,200,200,6,200,0,71,200
0,200,35,1,2,0,1,10,5,2,0,0,0,0,200,200,200,0,0,1,20,200
0,200,35,1,2,0,1,10,5,2,0,0,0,0,200,200,200,0,0,1,62,200
0,200,30,0,0,0,1,7,7,2,0,0,200,0,200,200,200,0,200,1,30,200
0,200,30,0,0,0,1,10,6,2,0,0,0,0,200,200,200,0,0,0,28,200
0,200,30,0,0,0,1,10,6,2,0,0,0,0,200,200,200,0,0,0,61,200
0,1,30,0,0,0,1,7,5,200,0,0,0,0,200,200,1,0,0,2,200,200
0,200,30,0,0,0,1,7,6,200,0,0,0,0,200,200,1,0,0,2,200,200
0,200,30,0,0,0,1,12,3,200,0,0,12,1,200,200,1,33,200,0,37,200
0,200,30,0,0,0,1,12,3,200,0,0,12,1,200,200,1,33,200,0,45,200
1,200,30,0,0,0,1,12,3,200,0,0,12,1,200,200,1,33,200,0,38,200
0,200,30,0,0,0,1,7,5,200,0,0,0,0,0,200,200,17,200,0,46,200
0,200,30,0,0,0,1,7,2,200,0,0,0,1,200,200,200,11,200,0,41,200
0,200,30,0,0,0,1,0,5,200,0,0,0,0,200,200,200,17,17,0,87,200
0,200,30,0,0,0,1,0,5,200,0,0,0,0,200,200,200,17,17,1,39,200