PERSON_TYPE,CRASH_DATE_EST_I,POSTED_SPEED_LIMIT,TRAFFIC_CONTROL_DEVICE,DEVICE_CONDITION,WEATHER_CONDITION,LIGHTING_CONDITION,FIRST_CRASH_TYPE,TRAFFICWAY_TYPE,LANE_CNT,ALIGNMENT,ROADWAY_SURFACE_COND,ROAD_DEFECT,CRASH_TYPE,INTERSECTION_RELATED_I,NOT_RIGHT_OF_WAY_I,HIT_AND_RUN_I,PRIM_CONTRIBUTORY_CAUSE,SEC_CONTRIBUTORY_CAUSE,SEX,AGE,BAC_RESULT VALUE
0,200,30,0,200,0,1,8,2,200,0,0,200,0,200,200,200,20,0,0,38,200
4,200,30,0,200,0,1,8,2,200,0,0,200,0,200,200,200,20,0,0,61,200
0,200,30,1,2,0,1,12,2,200,0,0,0,1,1,200,200,21,200,0,60,200
0,200,30,1,2,0,1,12,2,200,0,0,0,1,1,200,200,21,200,0,65,200
0,200,30,0,0,0,1,12,6,2,0,0,200,0,200,200,200,0,200,0,46,200
0,200,30,0,0,0,1,12,6,2,0,0,200,0,200,200,200,0,200,0,77,200
0,200,15,0,0,0,1,2,0,200,0,0,0,1,200,1,1,25,16,0,46,200
0,200,20,1,2,0,1,12,5,6,0,0,0,0,200,200,1,22,200,0,54,200
0,200,20,1,2,0,1,12,5,6,0,0,0,0,200,200,1,22,200,0,42,200
1,200,20,1,2,0,1,12,5,6,0,0,0,0,200,200,1,22,200,0,21,200
0,200,30,1,2,0,1,10,2,200,0,0,0,0,200,200,200,18,200,0,52,200
0,200,30,1,2,0,1,10,2,200,0,0,0,0,200,200,200,18,200,1,70,200
0,1,30,0,0,0,1,10,5,200,0,0,0,0,200,200,200,18,16,0,45,200
0,1,30,0,0,0,1,10,5,200,0,0,0,0,200,200,200,18,16,1,27,200
0,200,30,1,2,0,1,12,3,2,0,0,3,0,200,200,200,18,200,1,74,200
0,200,30,1,2,0,1,12,3,2,0,0,3,0,200,200,200,18,200,0,62,200
0,200,30,0,0,0,1,10,5,2,0,0,0,0,200,200,200,0,200,1,27,200
0,200,30,0,0,0,1,10,5,2,0,0,0,0,200,200,200,0,200,0,58,200
0,200,30,0,0,0,1,11,6,200,0,200,200,0,200,200,200,0,200,1,200,200
0,200,30,0,0,0,1,11,6,200,0,200,200,0,200,200,200,0,200,0,66,200
0,200,30,1,2,0,1,14,2,200,0,0,0,0,1,200,200,21,0,0,69,200
0,200,30,1,2,0,1,14,2,200,0,0,0,0,1,200,200,21,0,0,27,200
0,200,30,2,2,0,1,0,5,200,0,0,0,1,1,200,200,0,200,1,21,200
0,200,30,2,2,0,1,0,5,200,0,0,0,1,1,200,200,0,200,0,31,200
0,200,15,0,0,0,1,7,7,200,0,0,0,0,200,200,1,0,200,0,200,200
0,200,30,200,200,0,1,10,5,200,0,200,200,0,200,200,200,0,200,0,55,200
0,200,30,200,200,0,1,10,5,200,0,200,200,0,200,200,200,0,200,1,57,200
0,200,30,0,0,0,1,10,5,200,0,0,0,0,200,200,200,200,200,1,200,200
0,200,30,0,0,0,1,10,5,200,0,0,0,0,200,200,200,200,200,1,21,200
1,200,30,0,0,0,1,10,5,200,0,0,0,0,200,200,200,200,200,0,200,200
0,200,30,2,2,0,1,0,3,4,0,0,0,1,1,200,200,17,0,0,65,200
0,200,30,2,2,0,1,0,3,4,0,0,0,1,1,200,200,17,0,1,54,200
1,200,30,2,2,0,1,0,3,4,0,0,0,1,1,200,200,17,0,200,200,200
0,200,30,9,2,200,1,7,5,200,0,200,0,0,200,200,1,0,0,2,200,200
0,200,25,0,0,0,1,3,5,2,0,0,0,0,200,200,200,33,20,0,23,200
0,200,25,0,0,0,1,3,5,2,0,0,0,0,200,200,200,33,20,1,68,200
0,200,30,1,2,0,1,12,6,2,0,0,0,0,1,200,1,0,0,1,200,200
0,200,30,1,2,0,1,12,6,2,0,0,0,0,1,200,1,0,0,0,200,200
0,200,5,0,0,200,200,2,4,1,0,200,200,0,200,200,1,0,200,2,200,200
0,200,30,0,0,0,1,7,6,1,0,0,0,0,200,200,1,0,200,2,200,200
0,1,30,1,2,0,1,14,5,200,0,0,0,0,1,200,200,17,200,1,200,200
0,1,30,1,2,0,1,14,5,200,0,0,0,0,1,200,200,17,200,0,26,200
0,200,30,1,2,0,1,12,5,200,0,0,0,0,1,200,200,0,0,0,46,200
0,200,30,1,2,0,1,12,5,200,0,0,0,0,1,200,200,0,0,1,41,200
0,200,15,0,0,2,1,12,6,200,0,0,2,0,200,200,200,0,200,1,54,200
0,200,15,0,0,2,1,12,6,200,0,0,2,0,200,200,200,0,200,0,56,200
0,200,30,0,0,0,1,10,5,2,0,0,0,0,200,200,1,18,25,1,200,200
0,200,30,0,0,0,1,10,5,2,0,0,0,0,200,200,1,18,25,0,67,200
0,200,30,1,2,0,1,12,2,2,0,0,0,0,1,200,200,17,200,0,64,200
0,200,30,1,2,0,1,12,2,2,0,0,0,0,1,200,200,17,200,0,52,200
0,200,30,2,2,0,1,0,12,4,0,0,0,1,1,200,200,0,6,1,64,200
0,200,30,2,2,0,1,0,12,4,0,0,0,1,1,200,200,0,6,0,40,200
0,200,30,0,0,0,1,0,5,200,0,0,0,0,200,200,200,20,200,1,60,200
0,200,30,0,0,0,1,0,5,200,0,0,0,0,200,200,200,20,200,1,32,200
1,200,30,0,0,0,1,0,5,200,0,0,0,0,200,200,200,20,200,0,33,200
1,200,30,0,0,0,1,0,5,200,0,0,0,0,200,200,200,20,200,0,7,200
0,200,15,0,0,0,1,7,7,200,0,0,0,0,200,200,200,20,200,0,18,200
0,200,30,0,0,0,1,10,5,4,0,0,0,0,200,200,1,16,18,1,26,200
0,200,30,1,2,0,1,10,5,200,0,0,0,0,200,200,200,0,200,1,200,200
0,200,30,1,2,0,1,10,5,200,0,0,0,0,200,200,200,0,200,0,33,200
0,200,30,1,2,0,1,12,2,2,0,0,0,0,1,200,200,11,200,0,27,200
0,200,30,1,2,0,1,12,2,2,0,0,0,0,1,200,200,11,200,0,34,200
1,200,30,1,2,0,1,12,2,2,0,0,0,0,1,200,200,11,200,0,200,200
0,200,30,2,2,0,1,10,5,200,0,0,0,1,200,200,200,20,20,0,56,200
0,200,30,2,2,0,1,10,5,200,0,0,0,1,200,200,200,20,20,0,60,200
0,200,30,0,0,0,1,10,5,200,0,0,0,0,200,200,200,18,16,0,41,200
0,200,30,0,0,0,1,10,5,200,0,0,0,0,200,200,200,18,16,1,29,200
0,200,30,1,2,0,1,10,5,200,0,0,0,0,1,200,200,18,200,0,200,200
0,200,30,1,2,0,1,10,5,200,0,0,0,0,1,200,200,18,200,1,54,200
0,200,30,0,0,0,1,0,7,200,0,200,200,0,200,200,200,11,0,0,54,200
0,200,30,0,0,0,1,0,7,200,0,200,200,0,200,200,200,11,0,0,51,200
0,200,30,1,2,0,1,12,5,4,0,0,0,0,200,200,200,0,200,0,32,200
0,200,30,1,2,0,1,12,5,4,0,0,0,0,200,200,200,0,200,1,58,200
0,200,30,0,0,0,1,10,3,200,0,0,0,0,200,200,200,18,18,0,46,200
0,200,30,0,0,0,1,10,3,200,0,0,0,0,200,200,200,18,18,0,0,200
1,200,30,0,0,0,1,10,3,200,0,0,0,0,200,200,200,18,18,0,68,200
0,200,30,0,0,0,1,8,0,200,0,0,0,0,200,200,200,0,16,0,32,200
4,200,30,0,0,0,1,8,0,200,0,0,0,0,200,200,200,0,16,0,200,200
0,200,30,1,2,0,1,10,5,2,0,0,0,0,0,200,200,16,11,0,24,200
0,200,30,1,2,0,1,10,5,2,0,0,0,0,0,200,200,16,11,0,66,200
0,200,15,0,0,0,1,7,7,200,0,0,0,1,200,200,1,20,200,2,200,200
0,200,30,1,2,0,1,10,5,200,0,0,0,0,200,200,200,18,200,0,17,200
0,200,30,1,2,0,1,10,5,200,0,0,0,0,200,200,200,18,200,1,31,200
0,200,30,0,0,0,1,12,5,200,0,0,0,0,200,200,200,200,200,1,23,200
0,200,30,0,0,0,1,12,5,200,0,0,0,0,200,200,200,200,200,1,55,200
0,200,30,0,0,0,1,10,2,2,0,0,0,0,200,200,1,0,0,0,200,200
0,200,30,0,0,0,1,10,2,2,0,0,0,0,200,200,1,0,0,0,34,200
0,200,35,1,2,0,1,14,5,2,0,0,0,1,1,200,200,16,6,0,52,200
0,200,35,1,2,0,1,14,5,2,0,0,0,1,1,200,200,16,6,1,48,200
0,1,30,200,200,200,200,7,5,200,0,200,200,0,200,200,0,0,200,2,200,200
0,200,35,0,0,0,1,4,5,200,0,0,1,0,200,200,200,0,200,0,200,200
0,200,30,0,0,0,1,12,2,200,0,0,0,0,200,200,200,0,0,0,200,200
0,200,30,0,0,0,1,12,2,200,0,0,0,0,200,200,200,0,0,1,32,200
1,200,30,0,0,0,1,12,2,200,0,0,0,0,200,200,200,0,0,1,31,200
0,200,30,0,0,0,1,12,2,2,0,0,0,1,200,200,200,0,200,1,68,200
0,200,30,0,0,0,1,12,2,2,0,0,0,1,200,200,200,0,200,1,42,200
0,1,10,0,0,0,1,7,7,200,0,0,0,0,200,1,1,20,11,2,200,200
0,200,30,1,2,0,1,5,5,2,0,0,0,0,1,200,200,28,0,1,76,200
0,200,30,1,2,0,1,5,5,2,0,0,0,0,1,200,200,28,0,0,37,200
1,200,30,1,2,0,1,14,5,200,0,0,0,0,1,200,200,23,200,0,200,200
0,200,30,1,2,0,1,14,5,200,0,0,0,0,1,200,200,23,200,1,29,200
0,200,30,1,2,0,1,14,5,200,0,0,0,0,1,200,200,23,200,0,69,200
1,200,30,1,2,0,1,14,5,200,0,0,0,0,1,200,200,23,200,1,200,200
0,200,15,0,0,0,1,0,7,0,0,0,0,1,200,200,200,200,200,1,45,200
0,200,15,0,0,0,1,0,7,0,0,0,0,1,200,200,200,200,200,0,75,200
0,200,30,1,2,0,1,14,5,2,0,0,0,0,1,200,1,0,0,0,200,200
0,200,30,1,2,0,1,14,5,2,0,0,0,0,1,200,1,0,0,1,31,200
1,200,30,1,2,0,1,14,5,2,0,0,0,0,1,200,1,0,0,2,200,200
1,200,30,1,2,0,1,14,5,2,0,0,0,0,1,200,1,0,0,2,200,200
0,200,35,0,0,0,1,10,5,200,0,0,0,0,200,200,200,18,200,1,24,200
0,200,35,0,0,0,1,10,5,200,0,0,0,0,200,200,200,18,200,1,24,200
0,200,30,1,0,0,1,10,5,4,0,0,0,1,200,200,200,0,0,0,200,200
0,200,30,1,0,0,1,10,5,4,0,0,0,1,200,200,200,0,0,0,21,200
0,200,30,1,2,0,1,10,2,2,0,0,200,0,1,200,200,0,200,0,53,200
0,200,30,1,2,0,1,10,2,2,0,0,200,0,1,200,200,0,200,0,47,200
1,200,30,1,2,0,1,10,2,2,0,0,200,0,1,200,200,0,200,0,11,200
0,200,30,1,2,0,1,8,2,4,0,0,0,1,1,200,200,17,16,0,72,200
4,200,30,1,2,0,1,8,2,4,0,0,0,1,1,200,200,17,16,1,33,200
0,200,30,1,2,0,1,12,5,4,0,0,0,0,200,200,200,200,200,0,200,200
0,200,30,1,2,0,1,12,5,4,0,0,0,0,200,200,200,200,200,0,200,200
0,200,0,0,0,0,1,4,7,200,0,0,0,1,200,200,200,25,200,0,36,200
1,200,0,0,0,0,1,4,7,200,0,0,0,1,200,200,200,25,200,1,59,200
1,200,0,0,0,0,1,4,7,200,0,0,0,1,200,200,200,25,200,200,58,200
0,200,30,0,0,2,1,7,5,200,0,1,0,0,200,200,1,0,0,2,200,200
0,200,30,0,0,0,1,7,5,200,0,0,0,0,200,200,1,200,200,2,200,200
0,200,30,1,2,0,1,10,6,200,0,0,0,0,1,200,200,17,16,0,200,200
0,200,30,1,2,0,1,10,6,200,0,0,0,0,1,200,200,17,16,0,73,200
1,200,30,1,2,0,1,10,6,200,0,0,0,0,1,200,200,17,16,0,70,200
0,200,10,0,0,0,1,8,0,200,0,0,0,1,200,200,200,17,0,1,64,200
4,200,10,0,0,0,1,8,0,200,0,0,0,1,200,200,200,17,0,0,15,200
0,200,30,1,2,0,1,14,5,2,0,0,200,0,1,200,200,23,200,0,19,200
0,200,30,1,2,0,1,14,5,2,0,0,200,0,1,200,200,23,200,1,52,200
0,200,30,0,0,0,1,10,5,200,0,0,0,0,200,200,200,18,200,0,31,200
0,200,30,0,0,0,1,10,5,200,0,0,0,0,200,200,200,18,200,0,54,200
0,200,30,0,0,0,1,9,2,4,0,0,0,0,200,200,1,0,0,0,200,200
5,200,30,0,0,0,1,9,2,4,0,0,0,0,200,200,1,0,0,1,26,200
0,200,30,0,0,0,1,12,6,200,0,0,0,0,200,200,200,0,0,0,58,200
0,200,30,0,0,0,1,12,6,200,0,0,0,0,200,200,200,0,0,0,26,200
1,200,30,0,0,0,1,12,6,200,0,0,0,0,200,200,200,0,0,0,21,200
0,200,30,0,0,0,1,14,5,200,0,0,0,0,200,200,1,23,22,0,200,200
0,200,30,0,0,0,1,14,5,200,0,0,0,0,200,200,1,23,22,1,31,200
0,200,30,0,0,0,2,14,2,2,0,0,200,1,1,200,200,17,200,1,58,200
0,200,30,0,0,0,2,14,2,2,0,0,200,1,1,200,200,17,200,1,52,200
1,200,30,0,0,0,2,14,2,2,0,0,200,1,1,200,200,17,200,1,62,200
0,200,30,2,2,0,1,0,5,2,0,0,0,1,200,200,200,17,17,0,18,200
0,200,30,2,2,0,1,0,5,2,0,0,0,1,200,200,200,17,17,1,39,200
0,200,30,0,0,0,1,7,5,200,2,0,0,1,200,200,200,0,0,0,27,200
1,200,30,0,0,0,1,7,5,200,2,0,0,1,200,200,200,0,0,1,21,200
0,200,30,2,2,0,1,14,5,200,0,0,0,1,200,200,200,11,200,1,32,200
0,200,30,2,2,0,1,14,5,200,0,0,0,1,200,200,200,11,200,1,39,200
0,200,30,1,2,0,1,10,2,200,0,0,200,0,200,200,200,0,0,0,61,200
0,200,30,1,2,0,1,10,2,200,0,0,200,0,200,200,200,0,0,0,30,200
0,200,30,0,0,0,1,7,5,2,0,0,0,1,200,200,200,12,0,1,24,200
1,200,30,0,0,0,1,7,5,2,0,0,0,1,200,200,200,12,0,0,200,200
5,200,30,1,2,0,1,9,6,200,0,0,0,1,200,200,200,0,200,0,200,200
0,200,30,1,2,0,1,9,6,200,0,0,0,1,200,200,200,0,200,0,200,200
0,200,30,2,2,0,1,14,2,4,0,0,0,0,1,200,1,25,5,0,200,200
0,200,30,2,2,0,1,14,2,4,0,0,0,0,1,200,1,25,5,1,48,200
1,200,30,2,2,0,1,14,2,4,0,0,0,0,1,200,1,25,5,1,55,200
0,200,30,1,2,0,1,14,5,200,0,0,0,0,1,200,200,0,0,0,26,200
0,200,30,1,2,0,1,14,5,200,0,0,0,0,1,200,200,0,0,0,18,200
1,200,30,1,2,0,1,14,5,200,0,0,0,0,1,200,200,0,0,0,36,200
0,200,5,0,0,0,1,7,7,200,0,0,0,0,200,1,200,33,200,1,52,200
0,200,30,0,0,0,1,7,2,200,0,0,0,0,200,200,200,21,200,0,48,200
0,200,15,0,0,0,1,14,7,0,0,0,0,0,200,1,200,17,23,0,61,200
0,200,15,0,0,0,1,14,7,0,0,0,0,0,200,1,200,17,23,0,31,200
0,200,30,0,0,0,1,2,3,2,0,0,0,1,200,200,200,0,0,0,25,200
0,200,30,0,0,0,1,10,5,200,0,0,0,0,200,200,1,0,0,0,200,200
0,200,30,0,0,0,1,10,5,200,0,0,0,0,200,200,1,0,0,0,54,200
0,200,35,0,0,0,1,14,2,4,0,0,0,1,1,200,200,17,200,0,33,200
0,200,35,0,0,0,1,14,2,4,0,0,0,1,1,200,200,17,200,1,17,200
0,200,30,0,0,0,1,7,2,200,0,0,0,0,200,200,200,20,200,0,200,200
0,200,30,1,2,0,1,12,5,4,0,0,0,0,0,200,200,0,0,1,200,200
0,200,30,1,2,0,1,12,5,4,0,0,0,0,0,200,200,0,0,1,200,200
0,1,30,0,0,0,3,7,6,3,0,0,0,0,200,200,1,21,200,2,200,200
0,200,30,0,0,0,1,10,5,200,0,0,0,0,200,200,1,18,200,0,200,200
0,200,30,0,0,0,1,10,5,200,0,0,0,0,200,200,1,18,200,0,61,200
0,1,30,200,200,200,200,7,5,2,0,200,200,0,200,200,1,0,200,2,200,200
0,200,30,0,0,0,1,3,2,4,0,0,0,0,200,200,200,21,200,0,65,200
0,200,30,0,0,0,1,3,2,4,0,0,0,0,200,200,200,21,200,0,26,200
0,200,30,1,2,0,1,14,5,4,0,0,0,0,200,200,200,23,17,0,37,200
0,200,30,1,2,0,1,14,5,4,0,0,0,0,200,200,200,23,17,0,34,200
1,200,30,1,2,0,1,14,5,4,0,0,0,0,200,200,200,23,17,1,42,200
0,200,30,2,2,0,1,9,6,1,0,0,0,1,200,200,200,0,0,0,25,200
5,200,30,2,2,0,1,9,6,1,0,0,0,1,200,200,200,0,0,1,28,200
0,200,35,2,0,0,1,8,5,2,0,0,0,0,200,200,200,0,200,0,200,200
4,200,35,2,0,0,1,8,5,2,0,0,0,0,200,200,200,0,200,0,29,200
1,200,35,2,0,0,1,8,5,2,0,0,0,0,200,200,200,0,200,0,44,200
0,200,30,0,0,0,1,14,5,1,1,0,0,0,200,200,200,23,0,1,85,200
0,200,30,0,0,0,1,14,5,1,1,0,0,0,200,200,200,23,0,0,57,200
0,200,30,0,0,0,1,12,5,2,0,0,0,0,200,200,200,22,0,0,36,200
0,200,30,0,0,0,1,12,5,2,0,0,0,0,200,200,200,22,0,1,73,200
0,200,30,1,2,0,1,14,5,2,0,0,0,0,1,200,200,0,0,0,200,200
0,200,30,1,2,0,1,14,5,2,0,0,0,0,1,200,200,0,0,0,200,200
0,200,35,0,0,0,1,14,2,4,0,0,0,0,1,200,200,16,17,1,72,200
0,200,35,0,0,0,1,14,2,4,0,0,0,0,1,200,200,16,17,0,24,200
0,200,0,1,2,0,1,10,5,1,0,0,0,0,200,200,1,0,0,0,200,200
0,200,0,1,2,0,1,10,5,1,0,0,0,0,200,200,1,0,0,1,30,200
1,200,0,1,2,0,1,10,5,1,0,0,0,0,200,200,1,0,0,1,30,200
0,200,30,1,2,0,1,10,5,1,0,0,0,0,200,200,200,18,16,0,35,200
0,200,30,1,2,0,1,10,5,1,0,0,0,0,200,200,200,18,16,0,200,200
0,200,30,1,2,0,1,14,5,200,0,0,0,1,200,200,200,23,200,1,35,200
0,200,30,1,2,0,1,14,5,200,0,0,0,1,200,200,200,23,200,0,27,200
0,200,30,1,2,0,1,10,5,2,0,0,0,0,200,200,200,18,18,1,200,200
0,200,30,1,2,0,1,10,5,2,0,0,0,0,200,200,200,18,18,0,43,200
0,200,30,1,2,0,1,10,5,200,0,0,0,0,200,200,1,20,200,0,200,200
0,200,30,1,2,0,1,10,5,200,0,0,0,0,200,200,1,20,200,0,28,200
0,200,30,1,200,200,200,12,6,4,0,200,200,0,1,200,200,11,0,0,67,200
0,200,30,1,200,200,200,12,6,4,0,200,200,0,1,200,200,11,0,0,22,200
0,200,35,2,12,0,1,14,5,2,0,0,0,1,1,200,200,23,200,0,37,200
0,200,35,2,12,0,1,14,5,2,0,0,0,1,1,200,200,23,200,0,52,200
1,200,35,2,12,0,1,14,5,2,0,0,0,1,1,200,200,23,200,0,40,200
0,200,35,0,0,0,1,0,7,200,0,0,0,0,200,200,200,20,200,0,48,200
0,200,35,0,0,0,1,0,7,200,0,0,0,0,200,200,200,20,200,0,62,200
0,200,30,0,0,0,1,12,5,2,0,0,0,0,200,200,200,0,0,0,53,200
0,200,30,0,0,0,1,12,5,2,0,0,0,0,200,200,200,0,0,0,37,200
0,200,25,2,0,0,1,10,5,2,0,0,0,0,1,200,200,0,0,1,40,200
0,200,25,2,0,0,1,10,5,2,0,0,0,0,1,200,200,0,0,1,50,200
0,1,30,0,0,200,200,7,12,0,0,0,0,0,200,200,200,0,200,0,200,200
0,200,30,0,0,0,1,10,2,2,0,0,0,0,200,200,1,0,200,1,200,200
0,200,30,0,0,0,1,10,2,2,0,0,0,0,200,200,1,0,200,0,58,200
0,200,30,1,2,0,1,14,3,4,0,0,0,0,0,200,200,200,200,0,56,200
0,200,30,1,2,0,1,14,3,4,0,0,0,0,0,200,200,200,200,0,53,200
0,200,30,200,0,0,1,10,3,2,0,0,0,1,200,200,200,18,22,0,200,200
0,200,30,200,0,0,1,10,3,2,0,0,0,1,200,200,200,18,22,1,55,200
1,200,30,200,0,0,1,10,3,2,0,0,0,1,200,200,200,18,22,0,25,200
1,200,30,200,0,0,1,10,3,2,0,0,0,1,200,200,200,18,22,1,56,200
0,200,25,0,0,0,1,10,7,200,0,0,0,0,200,200,1,200,200,1,200,200
0,200,25,0,0,0,1,10,7,200,0,0,0,0,200,200,1,200,200,0,35,200
0,200,35,2,2,0,1,0,2,200,0,0,0,1,1,200,200,17,0,1,49,200
0,200,35,2,2,0,1,0,2,200,0,0,0,1,1,200,200,17,0,0,26,200
0,200,30,2,200,0,1,0,5,2,0,0,200,1,1,200,200,0,0,0,18,200
0,200,30,2,200,0,1,0,5,2,0,0,200,1,1,200,200,0,0,1,39,200
1,200,30,2,200,0,1,0,5,2,0,0,200,1,1,200,200,0,0,0,17,200
1,200,30,2,200,0,1,0,5,2,0,0,200,1,1,200,200,0,0,0,15,200
0,200,25,2,2,0,1,0,2,4,1,0,200,0,1,200,200,5,17,0,59,200
0,200,25,2,2,0,1,0,2,4,1,0,200,0,1,200,200,5,17,1,47,200
0,200,40,0,0,0,1,12,3,200,3,0,0,0,200,200,200,200,200,0,40,200
0,200,40,0,0,0,1,12,3,200,3,0,0,0,200,200,200,200,200,0,22,200
5,200,30,12,0,0,1,9,5,2,0,0,0,0,200,200,200,17,200,0,200,200
0,200,30,12,0,0,1,9,5,2,0,0,0,0,200,200,200,17,200,1,32,200
0,200,30,0,0,0,1,10,5,2,0,0,200,0,200,200,0,18,200,1,40,200
0,200,30,0,0,0,1,10,5,2,0,0,200,0,200,200,0,18,200,1,64,200
0,200,30,0,0,0,1,12,2,2,0,0,0,0,200,200,200,22,16,0,66,200
0,200,30,0,0,0,1,12,2,2,0,0,0,0,200,200,200,22,16,0,21,200
1,200,30,0,0,0,1,12,2,2,0,0,0,0,200,200,200,22,16,1,13,200
0,200,25,0,0,0,1,10,5,2,0,0,0,0,200,200,1,25,11,1,200,200
0,200,25,0,0,0,1,10,5,2,0,0,0,0,200,200,1,25,11,1,21,200
0,200,25,0,0,0,1,10,5,2,0,0,0,0,200,200,1,25,11,1,33,200
1,200,25,0,0,0,1,10,5,2,0,0,0,0,200,200,1,25,11,1,4,200
0,200,0,0,0,0,1,12,2,2,0,0,0,0,200,200,1,0,0,0,200,200
0,200,0,0,0,0,1,12,2,2,0,0,0,0,200,200,1,0,0,1,55,200
1,200,0,0,0,0,1,12,2,2,0,0,0,0,200,200,1,0,0,1,25,200
1,200,0,0,0,0,1,12,2,2,0,0,0,0,200,200,1,0,0,0,0,200
0,200,40,0,0,0,1,12,3,8,0,0,0,0,200,200,200,21,200,1,44,200
0,200,40,0,0,0,1,12,3,8,0,0,0,0,200,200,200,21,200,0,55,200
0,200,30,0,0,0,1,10,7,2,0,0,0,0,200,200,200,20,0,1,0,200
0,200,30,0,0,0,1,10,7,2,0,0,0,0,200,200,200,20,0,1,51,200
0,200,30,0,0,0,1,12,5,200,0,0,0,0,200,200,200,200,200,1,53,200
0,200,30,0,0,0,1,12,5,200,0,0,0,0,200,200,200,200,200,1,49,200
1,200,30,0,0,0,1,12,5,200,0,0,0,0,200,200,200,200,200,0,200,200
0,200,20,0,0,0,1,7,6,200,0,0,0,0,200,200,200,0,0,0,200,200
0,200,30,0,0,0,1,7,5,200,0,200,200,0,200,200,1,0,200,2,200,200
0,200,30,0,0,0,1,12,5,4,0,0,0,0,200,200,1,0,0,2,200,200
0,200,30,0,0,0,1,12,5,4,0,0,0,0,200,200,1,0,0,1,35,200
0,200,30,0,0,0,4,10,5,2,0,0,0,1,200,200,200,18,200,0,28,200
0,200,30,0,0,0,4,10,5,2,0,0,0,1,200,200,200,18,200,0,24,200
1,200,30,0,0,0,4,10,5,2,0,0,0,1,200,200,200,18,200,1,25,200
0,200,30,0,0,0,1,7,2,200,0,0,0,0,200,200,1,21,200,0,200,200
0,200,30,0,0,0,1,2,6,1,0,0,0,0,200,200,200,13,0,0,53,200
0,200,30,200,200,200,200,7,5,2,0,200,200,0,200,200,200,0,200,0,44,200
0,200,20,0,0,0,1,0,5,200,0,0,0,0,200,200,200,17,11,1,41,200
0,200,20,0,0,0,1,0,5,200,0,0,0,0,200,200,200,17,11,1,24,200
0,200,30,2,1,0,1,7,5,200,0,0,0,1,200,200,1,0,25,0,200,200
1,200,30,2,1,0,1,7,5,200,0,0,0,1,200,200,1,0,25,1,200,200
0,200,30,2,2,0,1,0,5,2,0,0,0,1,1,200,200,200,200,0,34,200
0,200,30,2,2,0,1,0,5,2,0,0,0,1,1,200,200,200,200,1,30,200
1,200,30,2,2,0,1,0,5,2,0,0,0,1,1,200,200,200,200,0,42,200
0,200,30,0,0,0,1,2,6,1,0,0,4,0,200,200,200,28,200,1,35,200
0,200,30,0,0,0,1,10,2,2,0,0,0,0,200,200,200,7,0,1,28,200
0,200,30,0,0,0,1,10,2,2,0,0,0,0,200,200,200,7,0,1,200,200
1,200,30,0,0,0,1,10,2,2,0,0,0,0,200,200,200,7,0,0,1,200
4,200,30,0,0,0,1,8,6,200,0,0,0,0,200,200,200,8,0,0,12,200
0,200,30,0,0,0,1,8,6,200,0,0,0,0,200,200,200,8,0,1,56,200
0,200,30,1,2,0,1,14,6,2,0,0,0,1,1,200,200,0,0,0,200,200
0,200,30,1,2,0,1,14,6,2,0,0,0,1,1,200,200,0,0,0,200,200
1,200,30,1,2,0,1,14,6,2,0,0,0,1,1,200,200,0,0,0,200,200
1,200,30,1,2,0,1,14,6,2,0,0,0,1,1,200,200,0,0,0,200,200
1,200,30,1,2,0,1,14,6,2,0,0,0,1,1,200,200,0,0,1,200,200
0,200,30,1,2,0,1,10,2,4,0,0,0,1,0,200,200,16,0,0,48,200
0,200,30,1,2,0,1,10,2,4,0,0,0,1,0,200,200,16,0,1,31,200
1,200,30,1,2,0,1,10,2,4,0,0,0,1,0,200,200,16,0,1,5,200
0,200,30,0,0,0,1,12,5,200,0,0,0,0,200,200,200,21,0,1,28,200
0,200,30,0,0,0,1,12,5,200,0,0,0,0,200,200,200,21,0,0,0,200
0,200,30,1,2,0,1,12,5,200,0,0,0,0,200,200,1,22,200,1,200,200
0,200,30,1,2,0,1,12,5,200,0,0,0,0,200,200,1,22,200,0,50,200
0,200,30,0,0,0,1,12,2,4,0,0,0,1,200,200,200,21,200,0,31,200
0,200,30,0,0,0,1,12,2,4,0,0,0,1,200,200,200,21,200,0,64,200
1,200,30,0,0,0,1,12,2,4,0,0,0,1,200,200,200,21,200,1,200,200
0,200,30,0,0,0,1,9,12,200,0,0,0,1,200,200,1,0,200,0,200,200
5,200,30,0,0,0,1,9,12,200,0,0,0,1,200,200,1,0,200,0,62,200
0,200,30,1,2,0,1,12,6,200,0,0,0,0,200,200,200,23,200,0,29,200
0,200,30,1,2,0,1,12,6,200,0,0,0,0,200,200,200,23,200,1,42,200
0,200,30,1,2,0,1,8,5,4,0,0,0,1,1,200,1,6,200,0,200,200
4,200,30,1,2,0,1,8,5,4,0,0,0,1,1,200,1,6,200,0,200,200
5,200,30,1,2,0,1,8,5,4,0,0,0,1,1,200,1,6,200,1,33,200
5,200,30,1,2,0,1,8,5,4,0,0,0,1,1,200,1,6,200,1,27,200
4,200,30,0,0,0,1,8,5,2,0,0,0,1,200,200,200,0,0,0,34,200
1,200,30,0,0,0,1,8,5,2,0,0,0,1,200,200,200,0,0,0,33,200
1,200,30,0,0,0,1,8,5,2,0,0,0,1,200,200,200,0,0,0,33,200