PERSON_TYPE,CRASH_DATE_EST_I,POSTED_SPEED_LIMIT,TRAFFIC_CONTROL_DEVICE,DEVICE_CONDITION,WEATHER_CONDITION,LIGHTING_CONDITION,FIRST_CRASH_TYPE,TRAFFICWAY_TYPE,LANE_CNT,ALIGNMENT,ROADWAY_SURFACE_COND,ROAD_DEFECT,CRASH_TYPE,INTERSECTION_RELATED_I,NOT_RIGHT_OF_WAY_I,HIT_AND_RUN_I,PRIM_CONTRIBUTORY_CAUSE,SEC_CONTRIBUTORY_CAUSE,SEX,AGE,BAC_RESULT VALUE
4,200,30,2,2,0,1,8,5,2,0,0,0,0,200,200,200,17,200,0,21,200
0,200,30,2,2,0,1,8,5,2,0,0,0,0,200,200,200,17,200,1,43,200
0,200,30,0,0,0,1,7,12,1,0,0,0,0,200,200,1,0,0,2,200,200
0,200,30,0,0,0,1,0,6,3,0,0,0,0,200,200,200,17,33,1,61,200
0,200,30,0,0,0,1,0,6,3,0,0,0,0,200,200,200,17,33,1,53,200
0,200,30,0,0,0,3,7,5,200,0,0,0,0,200,200,1,21,200,0,200,200
4,200,30,0,0,0,1,8,5,2,0,0,0,1,200,200,200,0,0,1,33,200
0,200,30,1,2,0,1,14,5,3,0,0,0,0,200,200,200,23,22,0,0,200
0,200,30,1,2,0,1,14,5,3,0,0,0,0,200,200,200,23,22,0,26,200
1,200,30,1,2,0,1,14,5,3,0,0,0,0,200,200,200,23,22,0,46,200
0,200,30,2,2,0,1,0,5,2,0,0,0,0,1,200,200,17,5,0,35,200
0,200,30,2,2,0,1,0,5,2,0,0,0,0,1,200,200,17,5,0,57,200
0,200,30,2,2,0,1,0,5,2,0,0,0,0,1,200,200,17,5,0,30,200
1,200,30,2,2,0,1,0,5,2,0,0,0,0,1,200,200,17,5,0,10,200
0,200,30,0,0,0,1,7,0,200,0,0,0,0,200,200,200,0,200,1,200,200
0,200,30,0,0,0,1,12,6,1,0,0,0,0,200,200,1,22,16,0,200,200
0,200,30,0,0,0,1,12,6,1,0,0,0,0,200,200,1,22,16,0,200,200
1,200,30,0,0,0,1,12,6,1,0,0,0,0,200,200,1,22,16,1,200,200
1,200,30,0,0,0,1,12,6,1,0,0,0,0,200,200,1,22,16,1,200,200
0,200,30,0,0,0,1,12,5,3,0,0,0,0,200,200,200,22,23,0,24,200
0,200,30,0,0,0,1,12,5,3,0,0,0,0,200,200,200,22,23,0,70,200
0,1,30,0,0,0,1,12,2,200,0,0,200,0,200,200,1,0,200,0,59,200
0,1,30,0,0,0,1,12,2,200,0,0,200,0,200,200,1,0,200,1,200,200
0,200,30,0,0,0,1,12,5,4,0,0,0,0,200,200,200,0,0,0,200,200
0,200,30,0,0,0,1,12,5,4,0,0,0,0,200,200,200,0,0,1,47,200
0,1,30,200,200,200,200,12,5,4,0,200,4,0,200,200,200,0,200,0,200,200
0,1,30,200,200,200,200,12,5,4,0,200,4,0,200,200,200,0,200,1,67,200
0,200,30,2,2,0,1,0,12,200,0,0,0,0,200,200,200,17,200,1,79,200
0,200,30,2,2,0,1,0,12,200,0,0,0,0,200,200,200,17,200,0,24,200
0,0,0,0,2,0,1,7,7,200,0,0,0,0,200,1,1,0,200,2,200,200
0,200,30,2,2,0,1,8,3,2,0,0,0,1,1,200,1,0,0,0,28,200
4,200,30,2,2,0,1,8,3,2,0,0,0,1,1,200,1,0,0,0,23,200
0,200,35,1,0,0,1,14,6,2,0,0,0,0,1,200,200,22,21,1,200,200
0,200,35,1,0,0,1,14,6,2,0,0,0,0,1,200,200,22,21,1,73,200
0,200,30,1,200,0,1,10,5,200,0,200,200,0,1,200,200,0,200,1,58,200
0,200,30,1,200,0,1,10,5,200,0,200,200,0,1,200,200,0,200,1,65,200
0,200,30,1,2,0,1,10,5,200,0,0,0,1,200,200,200,200,200,0,200,200
0,200,30,1,2,0,1,10,5,200,0,0,0,1,200,200,200,200,200,0,54,200
4,200,30,0,0,0,1,8,5,2,0,0,0,0,200,200,200,17,200,0,200,200
0,200,30,0,0,0,1,8,5,2,0,0,0,0,200,200,200,17,200,0,29,200
0,200,30,0,0,0,1,12,6,3,0,0,0,0,200,200,200,0,0,0,200,200
0,200,30,0,0,0,1,12,6,3,0,0,0,0,200,200,200,0,0,0,200,200
1,200,30,0,0,0,1,12,6,3,0,0,0,0,200,200,200,0,0,1,200,200
0,200,40,0,0,0,4,12,3,8,0,0,0,0,200,200,200,23,200,0,28,200
0,200,40,0,0,0,4,12,3,8,0,0,0,0,200,200,200,23,200,0,32,200
0,200,30,1,2,0,1,10,2,2,0,0,0,0,200,200,1,18,0,1,200,200
0,200,30,1,2,0,1,10,2,2,0,0,0,0,200,200,1,18,0,1,49,200
0,200,25,0,0,0,2,7,5,200,0,0,0,0,200,200,200,0,0,1,200,200
0,200,5,0,200,200,0,7,7,200,0,200,200,0,200,200,200,0,0,2,200,200
0,200,30,1,2,0,1,10,2,200,0,0,0,0,200,200,200,20,200,2,27,200
0,200,30,1,2,0,1,10,2,200,0,0,0,0,200,200,200,20,200,1,27,200
0,200,30,1,2,0,3,14,2,2,0,0,0,1,1,0,200,17,23,1,48,200
0,200,30,1,2,0,3,14,2,2,0,0,0,1,1,0,200,17,23,1,29,200
0,200,30,0,0,0,1,0,2,200,0,0,0,0,200,200,200,0,0,0,19,200
0,200,30,0,0,0,1,0,2,200,0,0,0,0,200,200,200,0,0,0,35,200
0,200,30,0,0,0,4,7,5,2,0,0,0,0,200,200,200,11,200,1,20,200
0,200,25,0,0,0,2,14,6,200,0,0,0,0,200,200,200,23,0,0,38,200
0,200,25,0,0,0,2,14,6,200,0,0,0,0,200,200,200,23,0,0,200,200
0,200,30,0,0,0,2,10,5,200,0,0,0,0,200,200,1,200,200,0,200,200
0,200,30,0,0,0,2,10,5,200,0,0,0,0,200,200,1,200,200,1,31,200
1,200,30,0,0,0,2,10,5,200,0,0,0,0,200,200,1,200,200,1,200,200
0,200,30,0,0,0,0,12,5,2,0,0,0,0,200,200,200,23,0,1,200,200
0,200,30,0,0,0,0,12,5,2,0,0,0,0,200,200,200,23,0,0,45,200
0,200,30,0,0,0,1,7,6,200,0,0,200,0,200,200,1,0,0,2,200,200
0,200,25,0,0,0,1,0,12,200,0,0,0,0,200,200,200,0,200,1,48,200
0,200,25,0,0,0,1,0,12,200,0,0,0,0,200,200,200,0,200,1,76,200
0,200,30,1,2,0,3,12,2,200,0,0,0,1,1,200,200,22,21,0,59,200
0,200,30,1,2,0,3,12,2,200,0,0,0,1,1,200,200,22,21,0,54,200
0,200,30,0,0,0,1,2,3,200,0,0,0,0,200,200,200,0,0,0,50,200
0,200,30,2,2,0,0,10,5,2,0,0,0,1,1,200,0,0,0,0,32,200
0,200,30,2,2,0,0,10,5,2,0,0,0,1,1,200,0,0,0,0,22,200
0,200,25,0,0,0,3,9,5,1,0,0,0,1,1,200,1,25,25,0,200,200
5,200,25,0,0,0,3,9,5,1,0,0,0,1,1,200,1,25,25,0,34,200
0,200,30,0,0,0,3,10,5,2,0,0,0,1,200,200,200,8,18,0,22,200
0,200,30,0,0,0,3,10,5,2,0,0,0,1,200,200,200,8,18,0,34,200
1,200,30,0,0,0,3,10,5,2,0,0,0,1,200,200,200,8,18,1,53,200
1,200,30,0,0,0,3,10,5,2,0,0,0,1,200,200,200,8,18,0,8,200
1,200,30,0,0,0,3,10,5,2,0,0,0,1,200,200,200,8,18,0,3,200
0,200,30,0,0,0,3,10,5,2,0,0,0,0,200,200,200,12,11,0,19,200
0,200,30,0,0,0,3,10,5,2,0,0,0,0,200,200,200,12,11,0,28,200
1,200,30,0,0,0,3,10,5,2,0,0,0,0,200,200,200,12,11,1,19,200
1,200,30,0,0,0,3,10,5,2,0,0,0,0,200,200,200,12,11,1,26,200
0,200,30,0,0,0,4,7,5,2,0,0,0,0,200,200,1,20,200,1,200,200
0,200,30,0,0,200,200,7,200,200,0,200,200,0,200,200,1,17,200,2,200,200
0,200,30,2,2,0,4,0,5,2,0,0,0,0,200,200,200,0,200,1,200,200
0,200,30,2,2,0,4,0,5,2,0,0,0,0,200,200,200,0,200,1,34,200
0,200,35,1,2,0,3,10,5,4,0,0,0,0,200,200,200,7,18,1,26,200
0,200,35,1,2,0,3,10,5,4,0,0,0,0,200,200,200,7,18,0,28,200
0,200,30,2,2,0,3,0,12,200,0,0,0,0,1,200,200,5,17,1,26,200
0,200,30,2,2,0,3,0,12,200,0,0,0,0,1,200,200,5,17,1,34,200
1,200,30,2,2,0,3,0,12,200,0,0,0,0,1,200,200,5,17,1,4,200
1,200,30,2,2,0,3,0,12,200,0,0,0,0,1,200,200,5,17,0,6,200
1,200,30,2,2,0,3,0,12,200,0,0,0,0,1,200,200,5,17,0,0,200
1,200,30,2,2,0,3,0,12,200,0,0,0,0,1,200,200,5,17,0,14,200
0,200,30,1,2,0,3,9,3,4,0,0,0,1,1,200,1,0,200,1,200,200
5,200,30,1,2,0,3,9,3,4,0,0,0,1,1,200,1,0,200,0,31,200
0,200,30,1,2,0,3,10,5,2,0,0,0,0,1,200,1,0,0,0,200,200
0,200,30,1,2,0,3,10,5,2,0,0,0,0,1,200,1,0,0,0,39,200
0,200,15,2,2,0,0,10,6,200,0,0,0,0,1,200,200,5,200,0,200,200
0,200,15,2,2,0,0,10,6,200,0,0,0,0,1,200,200,5,200,1,64,200
0,200,30,0,0,0,3,14,5,200,0,0,0,0,200,200,200,17,200,1,52,200
0,200,30,0,0,0,3,14,5,200,0,0,0,0,200,200,200,17,200,0,52,200
1,200,30,0,0,0,3,14,5,200,0,0,0,0,200,200,200,17,200,0,31,200
0,200,25,0,0,0,200,7,5,2,0,0,0,0,200,200,1,200,200,2,200,200
0,200,30,1,2,0,3,14,12,200,0,0,0,0,1,200,200,16,6,1,200,200
0,200,30,1,2,0,3,14,12,200,0,0,0,0,1,200,200,16,6,0,28,200
1,200,30,1,2,0,3,14,12,200,0,0,0,0,1,200,200,16,6,1,22,200
0,200,30,0,0,0,3,7,3,200,0,0,0,1,200,200,200,0,200,1,39,200
0,200,30,0,0,0,3,14,5,4,0,0,0,0,200,200,1,23,200,2,200,200
0,200,30,0,0,0,3,14,5,4,0,0,0,0,200,200,1,23,200,0,27,200
1,200,30,0,0,0,3,14,5,4,0,0,0,0,200,200,1,23,200,0,27,200
1,200,30,0,0,0,3,14,5,4,0,0,0,0,200,200,1,23,200,0,27,200
0,200,0,0,0,0,200,7,5,2,0,200,200,0,200,200,1,0,0,2,200,200
0,200,30,1,2,0,3,0,5,200,0,0,0,0,1,200,200,17,0,0,33,200
0,200,30,1,2,0,3,0,5,200,0,0,0,0,1,200,200,17,0,0,29,200
1,200,30,1,2,0,3,0,5,200,0,0,0,0,1,200,200,17,0,1,200,200
0,200,30,0,0,0,3,7,5,2,0,0,0,1,200,200,0,32,0,0,28,200
0,200,30,1,2,0,3,9,5,2,0,0,0,1,200,200,200,0,200,0,45,200
5,200,30,1,2,0,3,9,5,2,0,0,0,1,200,200,200,0,200,0,200,200
0,200,30,0,12,0,0,7,5,2,2,0,0,1,200,200,1,0,200,0,200,200
0,200,30,1,2,200,0,10,6,2,0,200,0,0,200,200,200,16,200,0,37,200
0,200,30,1,2,200,0,10,6,2,0,200,0,0,200,200,200,16,200,1,46,200
1,200,30,1,2,200,0,10,6,2,0,200,0,0,200,200,200,16,200,1,45,200
1,200,30,1,2,200,0,10,6,2,0,200,0,0,200,200,200,16,200,0,200,200
0,200,30,1,2,0,0,10,2,2,0,0,0,0,200,200,200,18,200,0,19,200
0,200,30,1,2,0,0,10,2,2,0,0,0,0,200,200,200,18,200,0,45,200
0,200,35,1,2,0,3,14,2,200,0,0,200,1,1,200,200,0,0,0,29,200
0,200,35,1,2,0,3,14,2,200,0,0,200,1,1,200,200,0,0,0,50,200
0,200,35,1,2,0,3,10,5,5,0,0,0,1,1,200,1,27,0,0,200,200
0,200,35,1,2,0,3,10,5,5,0,0,0,1,1,200,1,27,0,0,32,200
0,200,30,1,2,0,3,12,2,200,0,0,200,1,0,200,200,16,14,0,29,200
0,200,30,1,2,0,3,12,2,200,0,0,200,1,0,200,200,16,14,0,26,200
0,200,30,1,2,0,3,12,2,200,0,0,200,1,0,200,200,16,14,0,60,200
1,200,30,1,2,0,3,12,2,200,0,0,200,1,0,200,200,16,14,1,17,200
1,200,30,1,2,0,3,12,2,200,0,0,200,1,0,200,200,16,14,1,20,200
0,200,30,1,2,0,3,12,8,2,0,0,0,1,1,200,1,14,25,0,200,200
0,200,30,1,2,0,3,12,8,2,0,0,0,1,1,200,1,14,25,1,25,200
1,200,30,1,2,0,3,12,8,2,0,0,0,1,1,200,1,14,25,0,200,200
0,200,30,0,0,1,2,10,6,2,0,0,0,0,200,200,1,18,200,0,25,200
0,200,30,0,0,1,2,10,6,2,0,0,0,0,200,200,1,18,200,0,200,200
0,200,30,0,0,0,1,7,6,1,0,0,0,0,200,200,1,0,0,2,200,200
0,200,30,1,2,0,2,9,5,200,0,0,0,1,1,200,200,17,16,1,56,200
5,200,30,1,2,0,2,9,5,200,0,0,0,1,1,200,200,17,16,1,25,200
0,200,30,0,0,0,1,7,5,2,0,0,0,1,200,200,200,21,22,1,37,200
0,200,30,1,2,0,1,0,5,2,0,0,0,0,200,200,1,17,11,2,200,200
0,200,30,1,2,0,1,0,5,2,0,0,0,0,200,200,1,17,11,1,25,200
1,200,30,1,2,0,1,0,5,2,0,0,0,0,200,200,1,17,11,0,28,200
1,200,30,1,2,0,1,0,5,2,0,0,0,0,200,200,1,17,11,1,200,200
0,200,30,1,1,0,2,10,2,200,0,0,0,0,200,200,200,7,6,0,200,200
0,200,30,1,1,0,2,10,2,200,0,0,0,0,200,200,200,7,6,0,53,200
0,1,30,0,0,200,200,7,6,1,0,200,0,0,200,200,1,0,0,2,200,200
0,200,30,1,2,0,2,10,5,4,0,0,0,1,1,200,200,18,200,0,61,200
0,200,30,1,2,0,2,10,5,4,0,0,0,1,1,200,200,18,200,1,41,200
0,200,5,0,0,0,2,7,7,1,0,0,0,0,200,1,200,11,0,0,200,200
0,200,40,0,0,1,1,12,3,200,1,0,0,0,200,200,200,8,200,1,56,200
0,200,40,0,0,1,1,12,3,200,1,0,0,0,200,200,200,8,200,2,0,200
0,200,35,0,0,0,1,7,5,200,0,0,0,0,200,200,200,20,11,0,200,200
0,200,30,2,200,0,2,7,5,2,0,0,0,0,200,200,1,22,200,1,200,200
0,200,30,1,2,0,1,2,5,2,0,0,0,1,1,200,200,21,200,2,200,200
1,200,30,1,2,0,1,2,5,2,0,0,0,1,1,200,200,21,200,2,200,200
0,200,30,1,2,0,1,10,3,2,0,0,0,0,200,200,200,18,11,1,41,200
0,200,30,1,2,0,1,10,3,2,0,0,0,0,200,200,200,18,11,1,32,200
0,200,30,1,2,0,1,10,3,2,0,0,0,0,200,200,200,18,11,1,32,200
0,200,30,1,2,0,1,10,2,6,0,0,0,1,1,200,200,18,18,0,38,200
0,200,30,1,2,0,1,10,2,6,0,0,0,1,1,200,200,18,18,0,41,200
0,200,30,2,12,0,1,7,6,200,0,0,200,0,200,200,200,11,200,1,40,200
1,200,30,2,12,0,1,7,6,200,0,0,200,0,200,200,200,11,200,1,10,200
0,200,30,0,0,1,1,2,1,200,0,0,0,0,200,1,200,0,200,1,17,200
1,200,30,0,0,1,1,2,1,200,0,0,0,0,200,1,200,0,200,1,17,200
0,200,30,0,0,0,1,12,2,200,0,0,0,0,200,200,200,17,17,1,84,200
0,200,30,0,0,0,1,12,2,200,0,0,0,0,200,200,200,17,17,2,200,200
0,200,30,0,0,0,1,12,2,2,0,0,0,0,200,200,200,21,20,0,48,200
0,200,30,0,0,0,1,12,2,2,0,0,0,0,200,200,200,21,20,1,53,200
1,200,30,0,0,0,1,12,2,2,0,0,0,0,200,200,200,21,20,1,23,200
0,200,30,2,2,0,1,0,5,2,0,0,0,0,1,200,200,5,200,0,200,200
0,200,30,2,2,0,1,0,5,2,0,0,0,0,1,200,200,5,200,0,71,200
0,200,30,0,0,0,1,12,5,2,0,0,0,0,200,200,1,22,16,1,33,200
0,200,30,0,0,0,1,12,5,2,0,0,0,0,200,200,1,22,16,1,56,200
1,200,30,0,0,0,1,12,5,2,0,0,0,0,200,200,1,22,16,2,200,200
1,200,30,0,0,0,1,12,5,2,0,0,0,0,200,200,1,22,16,2,200,200
0,1,30,1,2,1,1,14,5,2,0,0,0,1,1,200,200,0,200,0,71,200
0,1,30,1,2,1,1,14,5,2,0,0,0,1,1,200,200,0,200,0,52,200
0,200,30,0,0,0,1,0,5,200,0,0,0,0,200,200,200,20,0,0,34,200
0,200,30,0,0,0,1,0,5,200,0,0,0,0,200,200,200,20,0,0,34,200
1,200,30,0,0,0,1,0,5,200,0,0,0,0,200,200,200,20,0,1,33,200
0,200,30,1,5,0,1,10,6,4,0,0,0,0,200,200,200,18,18,0,48,200
0,200,30,1,5,0,1,10,6,4,0,0,0,0,200,200,200,18,18,0,45,200
0,200,30,2,2,0,1,0,5,2,0,0,0,1,1,200,200,17,200,0,82,200
0,200,30,2,2,0,1,0,5,2,0,0,0,1,1,200,200,17,200,1,57,200
0,200,40,0,0,1,1,10,3,8,0,0,0,0,200,200,1,18,11,0,200,200
0,200,40,0,0,1,1,10,3,8,0,0,0,0,200,200,1,18,11,1,28,200
1,200,40,0,0,1,1,10,3,8,0,0,0,0,200,200,1,18,11,0,30,200
1,200,40,0,0,1,1,10,3,8,0,0,0,0,200,200,1,18,11,1,2,200
0,200,30,1,2,1,1,10,6,3,0,0,0,0,200,200,200,18,0,1,32,200
0,200,30,1,2,1,1,10,6,3,0,0,0,0,200,200,200,18,0,0,54,200
1,200,30,1,2,1,1,10,6,3,0,0,0,0,200,200,200,18,0,0,7,200
0,200,30,1,2,0,1,12,5,4,0,0,0,0,1,200,200,17,17,0,61,200
0,200,30,1,2,0,1,12,5,4,0,0,0,0,1,200,200,17,17,0,35,200
0,200,30,2,2,0,1,14,5,2,0,0,0,0,1,200,1,17,0,2,200,200
0,200,30,2,2,0,1,14,5,2,0,0,0,0,1,200,1,17,0,1,27,200
0,200,30,1,0,0,1,14,5,200,0,0,0,1,200,200,200,15,15,0,31,200
0,200,30,1,0,0,1,14,5,200,0,0,0,1,200,200,200,15,15,0,64,200
0,200,30,0,0,0,3,12,2,200,0,0,0,0,200,200,200,0,0,0,28,200
0,200,30,0,0,0,3,12,2,200,0,0,0,0,200,200,200,0,0,0,34,200
0,200,30,1,2,1,1,12,3,2,0,0,0,0,200,200,200,17,17,0,60,200
0,200,30,1,2,1,1,12,3,2,0,0,0,0,200,200,200,17,17,0,48,200
0,200,30,0,0,1,1,2,0,1,0,0,0,0,200,200,200,16,200,0,29,200
0,200,15,0,0,0,1,7,5,200,0,0,0,0,200,200,200,16,25,1,61,200
0,200,30,12,200,0,1,10,5,4,0,0,12,0,200,200,200,0,200,1,41,200
0,200,30,12,200,0,1,10,5,4,0,0,12,0,200,200,200,0,200,0,64,200
0,200,30,0,0,0,1,12,2,200,0,0,0,0,200,200,1,0,0,0,200,200
0,200,30,0,0,0,1,12,2,200,0,0,0,0,200,200,1,0,0,0,55,200
0,200,30,0,0,0,1,7,7,0,0,0,0,0,200,1,200,20,200,1,60,200
0,200,30,0,0,1,1,2,2,2,0,0,0,1,200,200,200,16,2,1,46,200
0,200,30,0,0,1,1,10,2,200,0,0,0,0,200,200,1,18,200,2,200,200
0,200,30,0,0,1,1,10,2,200,0,0,0,0,200,200,1,18,200,0,68,200
0,200,30,1,2,0,1,10,5,4,0,0,0,0,1,200,200,18,11,0,65,200
0,200,30,1,2,0,1,10,5,4,0,0,0,0,1,200,200,18,11,1,63,200
1,200,30,1,2,0,1,10,5,4,0,0,0,0,1,200,200,18,11,0,43,200
1,200,30,1,2,0,1,10,5,4,0,0,0,0,1,200,200,18,11,0,38,200
1,200,30,1,2,0,1,10,5,4,0,0,0,0,1,200,200,18,11,1,46,200
1,200,30,1,2,0,1,10,5,4,0,0,0,0,1,200,200,18,11,1,57,200
0,0,10,0,0,0,2,2,0,200,0,0,0,0,200,200,1,20,0,2,200,200
0,200,30,1,2,0,1,14,5,4,0,0,200,0,1,200,200,0,200,0,19,200
0,200,30,1,2,0,1,14,5,4,0,0,200,0,1,200,200,0,200,0,48,200
0,200,30,1,2,0,3,12,5,2,0,0,0,0,200,200,200,0,200,1,200,200
0,200,30,1,2,0,3,12,5,2,0,0,0,0,200,200,200,0,200,0,48,200
0,200,10,0,0,0,3,0,7,200,0,0,0,0,200,1,200,0,0,0,55,200
0,200,10,0,0,0,3,0,7,200,0,0,0,0,200,1,200,0,0,1,50,200
0,200,30,0,0,1,1,10,5,2,0,0,0,0,200,200,1,18,200,0,200,200
0,200,30,0,0,1,1,10,5,2,0,0,0,0,200,200,1,18,200,0,28,200
0,200,30,0,0,1,1,10,5,2,0,0,0,0,200,200,1,18,200,1,65,200
0,200,25,0,0,0,1,7,5,2,0,0,0,0,200,200,200,0,200,0,45,200
0,200,30,0,0,2,1,5,5,200,0,1,0,0,200,1,1,11,200,2,200,200
0,200,10,0,0,2,1,11,7,200,0,1,0,0,200,200,200,20,200,0,52,200
0,200,10,0,0,2,1,11,7,200,0,1,0,0,200,200,200,20,200,1,31,200
4,200,30,1,2,0,1,8,2,4,0,0,0,0,200,200,200,35,200,0,200,200
0,200,30,1,2,0,1,8,2,4,0,0,0,0,200,200,200,35,200,1,44,200
0,200,30,0,0,0,1,10,2,2,0,0,200,0,200,200,1,18,200,0,200,200
0,200,30,0,0,0,1,10,2,2,0,0,200,0,200,200,1,18,200,1,22,200
1,200,30,0,0,0,1,10,2,2,0,0,200,0,200,200,1,18,200,1,200,200
0,200,30,0,12,2,1,14,5,2,0,1,0,0,200,200,200,23,21,0,34,200
0,200,30,0,12,2,1,14,5,2,0,1,0,0,200,200,200,23,21,0,27,200
1,200,30,0,12,2,1,14,5,2,0,1,0,0,200,200,200,23,21,0,0,200
0,200,30,0,0,0,2,7,5,2,0,0,200,0,200,200,1,0,0,2,200,200
0,200,35,0,0,2,1,9,12,3,0,1,0,1,200,200,200,0,0,0,33,200
5,200,35,0,0,2,1,9,12,3,0,1,0,1,200,200,200,0,0,1,36,200
0,200,30,1,2,0,1,10,2,200,0,0,0,1,200,200,200,18,17,0,44,200
0,200,30,1,2,0,1,10,2,200,0,0,0,1,200,200,200,18,17,1,44,200
1,200,30,1,2,0,1,10,2,200,0,0,0,1,200,200,200,18,17,1,200,200
1,200,30,1,2,0,1,10,2,200,0,0,0,1,200,200,200,18,17,1,15,200
0,200,30,0,0,1,1,2,6,200,0,0,0,0,200,200,200,0,0,0,35,200
0,200,25,0,200,200,200,7,2,200,0,200,0,0,200,200,1,0,0,2,200,200
0,200,30,2,2,2,1,10,2,2,0,1,0,1,1,200,200,12,34,1,0,200
0,200,30,2,2,2,1,10,2,2,0,1,0,1,1,200,200,12,34,0,0,200
0,1,30,0,0,2,1,10,5,2,0,1,0,0,1,200,1,16,0,0,200,200
0,1,30,0,0,2,1,10,5,2,0,1,0,0,1,200,1,16,0,1,26,200
0,200,30,1,2,2,1,14,2,4,0,1,12,1,200,200,200,17,23,0,74,200
0,200,30,1,2,2,1,14,2,4,0,1,12,1,200,200,200,17,23,1,35,200
0,200,30,1,200,0,1,12,2,4,0,0,0,0,200,200,1,22,200,0,200,200
0,200,30,1,200,0,1,12,2,4,0,0,0,0,200,200,1,22,200,1,33,200
0,200,30,1,2,2,1,14,2,200,0,1,0,0,200,200,200,11,200,1,30,200
0,200,30,1,2,2,1,14,2,200,0,1,0,0,200,200,200,11,200,0,80,200
1,200,30,1,2,2,1,14,2,200,0,1,0,0,200,200,200,11,200,1,78,200
0,200,30,0,0,0,1,14,5,2,0,0,0,0,200,200,200,0,0,0,68,200
0,200,30,0,0,0,1,14,5,2,0,0,0,0,200,200,200,0,0,0,66,200
0,200,30,0,0,0,3,12,6,200,0,0,0,0,200,200,200,200,200,0,65,200
0,200,30,0,0,0,3,12,6,200,0,0,0,0,200,200,200,200,200,0,29,200
1,200,30,0,0,0,3,12,6,200,0,0,0,0,200,200,200,200,200,0,200,200
1,200,30,0,0,0,3,12,6,200,0,0,0,0,200,200,200,200,200,1,200,200
1,200,30,0,0,0,3,12,6,200,0,0,0,0,200,200,200,200,200,1,200,200
1,200,30,0,0,0,3,12,6,200,0,0,0,0,200,200,200,200,200,1,200,200
0,200,30,0,0,2,1,7,0,2,0,1,0,0,200,200,200,11,0,0,44,200
0,200,15,0,0,2,1,2,0,1,0,1,0,0,200,0,200,0,0,0,45,200
1,200,15,0,0,2,1,2,0,1,0,1,0,0,200,0,200,0,0,0,36,200
0,200,30,0,0,2,1,0,5,3,0,1,0,0,200,200,200,17,18,1,43,200
0,200,30,0,0,2,1,0,5,3,0,1,0,0,200,200,200,17,18,0,70,200
0,200,30,0,0,0,1,2,6,200,2,0,0,0,200,1,200,200,200,0,35,200
0,200,30,0,0,2,1,10,5,4,0,1,0,0,200,200,200,18,0,1,40,200
0,200,30,0,0,2,1,10,5,4,0,1,0,0,200,200,200,18,0,1,21,200
1,200,30,0,0,2,1,10,5,4,0,1,0,0,200,200,200,18,0,1,52,200
0,200,30,1,2,0,1,10,2,2,0,0,0,1,200,200,200,0,0,0,21,200
0,200,30,1,2,0,1,10,2,2,0,0,0,1,200,200,200,0,0,0,48,200
0,200,30,2,2,2,1,14,5,2,0,1,2,1,200,200,200,17,0,0,50,200
0,200,30,2,2,2,1,14,5,2,0,1,2,1,200,200,200,17,0,1,50,200
1,200,30,2,2,2,1,14,5,2,0,1,2,1,200,200,200,17,0,1,41,200
0,200,30,0,0,0,1,12,6,2,0,0,0,0,200,200,200,0,0,0,200,200
0,200,30,0,0,0,1,12,6,2,0,0,0,0,200,200,200,0,0,0,30,200
0,200,30,1,2,2,1,0,5,2,0,1,0,1,1,200,200,0,0,0,57,200
0,200,30,1,2,2,1,0,5,2,0,1,0,1,1,200,200,0,0,0,35,200
1,200,30,1,2,2,1,0,5,2,0,1,0,1,1,200,200,0,0,0,45,200
0,200,30,0,0,2,1,7,5,2,0,1,0,0,200,200,200,0,0,0,47,200
0,200,30,1,2,0,1,14,2,2,0,1,0,0,200,200,200,22,200,0,25,200
0,200,30,1,2,0,1,14,2,2,0,1,0,0,200,200,200,22,200,1,59,200
1,200,30,1,2,0,1,14,2,2,0,1,0,0,200,200,200,22,200,200,15,200
0,200,30,0,0,0,1,10,5,200,0,0,0,0,200,200,200,18,0,0,200,200
0,200,30,0,0,0,1,10,5,200,0,0,0,0,200,200,200,18,0,0,41,200
4,200,30,1,2,0,1,8,5,2,0,0,0,0,1,200,200,0,200,0,200,200
0,200,30,1,2,0,1,8,5,2,0,0,0,0,1,200,200,0,200,0,62,200
0,200,25,1,2,0,1,10,5,200,0,0,0,0,1,200,200,18,0,1,42,200
0,200,25,1,2,0,1,10,5,200,0,0,0,0,1,200,200,18,0,0,30,200
0,200,30,0,0,0,1,0,5,2,0,0,0,0,200,200,200,17,17,1,200,200
0,200,30,0,0,0,1,0,5,2,0,0,0,0,200,200,200,17,17,0,29,200
0,200,30,0,0,2,1,10,5,0,0,1,0,1,1,200,200,15,34,0,46,200
0,200,30,0,0,2,1,10,5,0,0,1,0,1,1,200,200,15,34,0,45,200
0,200,15,0,0,0,1,10,7,200,0,0,0,0,200,200,1,18,200,0,200,200
0,200,15,0,0,0,1,10,7,200,0,0,0,0,200,200,1,18,200,1,51,200
0,200,30,0,0,2,1,14,2,200,0,1,0,1,200,200,200,0,200,1,31,200
0,200,30,0,0,2,1,14,2,200,0,1,0,1,200,200,200,0,200,1,65,200
0,200,30,1,2,2,1,12,2,4,0,1,0,0,200,200,200,16,17,1,32,200
0,200,30,1,2,2,1,12,2,4,0,1,0,0,200,200,200,16,17,1,41,200
0,200,30,0,0,0,1,12,5,200,0,0,0,0,200,200,200,17,17,0,21,200