PERSON_TYPE,CRASH_DATE_EST_I,POSTED_SPEED_LIMIT,TRAFFIC_CONTROL_DEVICE,DEVICE_CONDITION,WEATHER_CONDITION,LIGHTING_CONDITION,FIRST_CRASH_TYPE,TRAFFICWAY_TYPE,LANE_CNT,ALIGNMENT,ROADWAY_SURFACE_COND,ROAD_DEFECT,CRASH_TYPE,INTERSECTION_RELATED_I,NOT_RIGHT_OF_WAY_I,HIT_AND_RUN_I,PRIM_CONTRIBUTORY_CAUSE,SEC_CONTRIBUTORY_CAUSE,SEX,AGE,BAC_RESULT VALUE
0,200,30,0,0,0,1,12,5,200,0,0,0,0,200,200,200,17,17,0,0,200
1,200,30,0,0,0,1,12,5,200,0,0,0,0,200,200,200,17,17,200,200,200
0,200,25,0,0,2,1,9,5,4,0,1,0,1,200,200,1,0,200,2,200,200
5,200,25,0,0,2,1,9,5,4,0,1,0,1,200,200,1,0,200,1,42,200
0,200,30,1,2,2,1,14,2,200,0,1,0,0,200,200,200,17,18,0,26,200
0,200,30,1,2,2,1,14,2,200,0,1,0,0,200,200,200,17,18,0,33,200
0,200,30,0,0,2,1,10,3,2,0,1,0,1,200,200,200,18,34,0,53,200
0,200,30,0,0,2,1,10,3,2,0,1,0,1,200,200,200,18,34,0,17,200
1,200,30,0,0,2,1,10,3,2,0,1,0,1,200,200,200,18,34,1,17,200
0,200,30,1,2,2,1,14,5,4,0,1,0,1,1,200,200,0,200,0,30,200
0,200,30,1,2,2,1,14,5,4,0,1,0,1,1,200,200,0,200,1,21,200
0,200,30,1,2,2,1,0,5,6,0,1,0,0,1,200,1,6,0,1,200,200
0,200,30,1,2,2,1,0,5,6,0,1,0,0,1,200,1,6,0,1,78,200
0,200,30,0,0,0,1,10,2,200,0,0,0,0,200,200,200,0,0,0,56,200
0,200,30,0,0,0,1,10,2,200,0,0,0,0,200,200,200,0,0,0,61,200
0,200,30,0,0,1,1,14,2,2,0,0,0,0,200,200,200,16,16,0,52,200
0,200,30,0,0,1,1,14,2,2,0,0,0,0,200,200,200,16,16,0,54,200
1,200,30,0,0,1,1,14,2,2,0,0,0,0,200,200,200,16,16,0,55,200
1,200,30,0,0,1,1,14,2,2,0,0,0,0,200,200,200,16,16,1,1,200
1,200,30,0,0,1,1,14,2,2,0,0,0,0,200,200,200,16,16,1,34,200
0,200,30,0,0,12,3,10,6,200,0,0,0,0,200,200,200,20,200,0,19,200
0,200,30,0,0,12,3,10,6,200,0,0,0,0,200,200,200,20,200,0,50,200
0,200,30,0,0,0,1,10,5,200,0,0,12,0,0,200,200,0,0,1,54,200
0,200,30,0,0,0,1,10,5,200,0,0,12,0,0,200,200,0,0,0,21,200
0,200,30,200,200,2,1,0,12,200,0,1,0,0,200,200,200,17,200,1,200,200
0,200,30,200,200,2,1,0,12,200,0,1,0,0,200,200,200,17,200,1,83,200
0,200,35,1,12,0,1,0,3,6,0,0,0,0,1,200,200,17,17,0,56,200
0,200,35,1,12,0,1,0,3,6,0,0,0,0,1,200,200,17,17,0,28,200
0,200,20,1,2,0,1,0,2,2,0,0,0,1,1,200,0,6,200,0,200,200
0,200,20,1,2,0,1,0,2,2,0,0,0,1,1,200,0,6,200,0,36,200
0,200,30,0,0,0,1,10,5,2,0,0,0,0,200,200,200,18,0,1,24,200
0,200,30,0,0,0,1,10,5,2,0,0,0,0,200,200,200,18,0,0,22,200
1,200,30,0,0,0,1,10,5,2,0,0,0,0,200,200,200,18,0,1,200,200
0,200,30,1,2,2,1,0,2,4,0,1,0,0,200,200,200,17,17,1,39,200
0,200,30,1,2,2,1,0,2,4,0,1,0,0,200,200,200,17,17,0,0,200
0,200,30,0,0,2,1,12,5,1,0,0,0,0,200,200,1,0,0,2,200,200
0,200,30,0,0,2,1,12,5,1,0,0,0,0,200,200,1,0,0,1,38,200
0,200,30,0,0,2,1,14,5,2,0,1,0,1,1,200,200,25,200,1,21,200
0,200,30,0,0,2,1,14,5,2,0,1,0,1,1,200,200,25,200,1,31,200
0,200,30,1,2,2,1,10,2,2,0,1,200,0,200,200,200,34,34,1,52,200
0,200,30,1,2,2,1,10,2,2,0,1,200,0,200,200,200,34,34,0,39,200
0,200,30,1,2,2,1,10,2,2,0,1,200,0,200,200,200,34,34,0,36,200
0,200,30,1,2,2,1,0,2,4,0,1,0,0,200,200,1,11,200,0,200,200
0,200,30,1,2,2,1,0,2,4,0,1,0,0,200,200,1,11,200,0,47,200
1,200,30,1,2,2,1,0,2,4,0,1,0,0,200,200,1,11,200,0,43,200
0,200,25,1,2,2,1,10,2,200,0,1,0,0,1,200,1,18,0,1,200,200
0,200,25,1,2,2,1,10,2,200,0,1,0,0,1,200,1,18,0,1,51,200
1,200,25,1,2,2,1,10,2,200,0,1,0,0,1,200,1,18,0,0,35,200
0,200,30,0,2,2,1,10,5,200,0,1,0,0,200,200,200,18,0,0,200,200
0,200,30,0,2,2,1,10,5,200,0,1,0,0,200,200,200,18,0,0,200,200
0,200,30,0,2,2,1,10,5,200,0,1,0,0,200,200,200,18,0,1,200,200
0,200,30,1,2,2,1,12,2,200,0,1,0,0,200,200,200,0,0,1,104,200
0,200,30,1,2,2,1,12,2,200,0,1,0,0,200,200,200,0,0,1,76,200
0,200,25,4,0,2,1,0,0,2,0,1,0,0,1,200,200,15,14,0,35,200
0,200,25,4,0,2,1,0,0,2,0,1,0,0,1,200,200,15,14,1,48,200
0,200,30,2,2,2,1,0,5,1,0,1,0,1,1,200,200,17,33,0,28,200
0,200,30,2,2,2,1,0,5,1,0,1,0,1,1,200,200,17,33,0,31,200
1,200,30,2,2,2,1,0,5,1,0,1,0,1,1,200,200,17,33,1,30,200
1,200,30,2,2,2,1,0,5,1,0,1,0,1,1,200,200,17,33,0,0,200
0,200,30,2,2,0,1,0,5,4,0,0,0,0,1,200,0,17,0,1,21,200
0,200,30,2,2,0,1,0,5,4,0,0,0,0,1,200,0,17,0,0,68,200
0,200,30,1,2,1,1,14,5,4,0,1,0,0,1,200,200,23,11,1,56,200
0,200,30,1,2,1,1,14,5,4,0,1,0,0,1,200,200,23,11,1,29,200
0,200,35,0,0,0,1,7,6,3,0,0,0,0,200,200,1,15,16,2,200,200
0,200,25,1,2,2,1,14,5,1,0,1,0,0,1,200,200,23,0,0,33,200
0,200,25,1,2,2,1,14,5,1,0,1,0,0,1,200,200,23,0,1,60,200
1,200,25,1,2,2,1,14,5,1,0,1,0,0,1,200,200,23,0,1,65,200
1,200,25,1,2,2,1,14,5,1,0,1,0,0,1,200,200,23,0,1,43,200
0,200,30,0,0,1,1,14,5,2,0,0,0,0,200,200,1,0,0,2,200,200
0,200,30,0,0,1,1,14,5,2,0,0,0,0,200,200,1,0,0,1,46,200
0,200,15,0,0,1,1,0,0,200,0,1,0,0,200,200,0,17,200,0,200,200
0,200,15,0,0,1,1,0,0,200,0,1,0,0,200,200,0,17,200,1,19,200
1,200,15,0,0,1,1,0,0,200,0,1,0,0,200,200,0,17,200,1,200,200
0,200,30,0,0,0,1,12,2,2,0,0,0,1,200,200,200,17,200,0,55,200
0,200,30,0,0,0,1,12,2,2,0,0,0,1,200,200,200,17,200,1,31,200
1,200,30,0,0,0,1,12,2,2,0,0,0,1,200,200,200,17,200,200,58,200
0,200,30,0,0,1,1,14,5,4,0,0,0,0,200,200,1,14,17,0,200,200
0,200,30,0,0,1,1,14,5,4,0,0,0,0,200,200,1,14,17,0,46,200
0,200,35,1,2,0,1,10,2,2,0,0,0,0,1,200,200,18,11,0,20,200
0,200,35,1,2,0,1,10,2,2,0,0,0,0,1,200,200,18,11,1,35,200
0,200,30,1,2,2,1,10,5,4,0,1,0,0,200,200,200,34,18,1,25,200
0,200,30,1,2,2,1,10,5,4,0,1,0,0,200,200,200,34,18,0,36,200
0,200,30,1,2,2,1,10,5,4,0,1,0,0,200,200,200,34,18,0,53,200
0,200,30,0,0,2,1,10,5,200,0,1,0,0,200,200,200,18,200,1,27,200
0,200,30,0,0,2,1,10,5,200,0,1,0,0,200,200,200,18,200,1,34,200
0,200,35,0,0,2,1,12,5,4,0,1,0,0,200,200,200,21,200,1,33,200
0,200,35,0,0,2,1,12,5,4,0,1,0,0,200,200,200,21,200,0,25,200
0,200,30,0,0,0,1,10,5,4,0,0,200,1,200,200,200,18,200,1,32,200
0,200,30,0,0,0,1,10,5,4,0,0,200,1,200,200,200,18,200,0,36,200
1,200,30,0,0,0,1,10,5,4,0,0,200,1,200,200,200,18,200,1,30,200
1,200,30,0,0,0,1,10,5,4,0,0,200,1,200,200,200,18,200,1,14,200
1,200,30,0,0,0,1,10,5,4,0,0,200,1,200,200,200,18,200,0,12,200
1,200,30,0,0,0,1,10,5,4,0,0,200,1,200,200,200,18,200,0,200,200
1,200,30,0,0,0,1,10,5,4,0,0,200,1,200,200,200,18,200,0,200,200
0,1,30,0,0,0,200,7,5,200,0,0,0,0,200,200,1,0,0,2,200,200
0,200,35,0,0,2,1,12,5,200,2,1,0,0,200,200,1,21,16,0,200,200
0,200,35,0,0,2,1,12,5,200,2,1,0,0,200,200,1,21,16,0,39,200
0,200,30,1,2,2,1,14,5,200,0,1,200,0,200,200,200,17,200,0,61,200
0,200,30,1,2,2,1,14,5,200,0,1,200,0,200,200,200,17,200,0,63,200
0,200,30,0,0,2,1,7,7,2,0,1,0,0,200,200,200,20,20,1,63,200
0,200,30,0,0,1,1,2,7,200,0,0,0,0,200,1,200,16,200,0,24,200
0,200,25,1,2,2,1,10,5,200,0,1,0,0,1,200,200,18,0,0,50,200
0,200,25,1,2,2,1,10,5,200,0,1,0,0,1,200,200,18,0,1,28,200
0,200,30,2,2,0,1,0,5,2,0,0,0,1,1,200,200,0,200,1,0,200
0,200,30,2,2,0,1,0,5,2,0,0,0,1,1,200,200,0,200,0,24,200
1,200,30,2,2,0,1,0,5,2,0,0,0,1,1,200,200,0,200,1,34,200
1,200,30,2,2,0,1,0,5,2,0,0,0,1,1,200,200,0,200,1,9,200
0,200,5,0,0,0,1,7,7,1,0,0,0,0,200,200,1,0,0,2,200,200
0,200,30,0,0,0,1,11,5,2,0,0,0,0,200,200,1,0,200,2,200,200
0,200,30,0,0,0,1,11,5,2,0,0,0,0,200,200,1,0,200,0,63,200
0,200,30,2,2,0,1,14,2,200,0,0,0,1,1,200,200,17,200,0,33,200
0,200,30,2,2,0,1,14,2,200,0,0,0,1,1,200,200,17,200,0,20,200
1,200,30,2,2,0,1,14,2,200,0,0,0,1,1,200,200,17,200,0,53,200
1,200,30,2,2,0,1,14,2,200,0,0,0,1,1,200,200,17,200,1,20,200
1,200,30,2,2,0,1,14,2,200,0,0,0,1,1,200,200,17,200,1,1,200
0,200,25,0,0,0,3,7,5,200,0,0,0,0,200,200,200,0,200,0,26,200
0,200,30,2,0,1,1,0,5,2,0,1,0,0,1,200,200,5,200,1,22,200
0,200,30,2,0,1,1,0,5,2,0,1,0,0,1,200,200,5,200,1,79,200
0,200,25,0,0,0,1,7,6,1,0,0,0,0,200,200,200,200,200,0,67,200
0,200,30,200,200,200,200,10,200,200,0,200,200,0,200,200,200,0,200,0,22,200
0,200,30,200,200,200,200,10,200,200,0,200,200,0,200,200,200,0,200,0,32,200
0,200,30,0,0,0,1,10,5,200,0,0,200,0,200,200,200,0,200,0,200,200
0,200,30,0,0,0,1,10,5,200,0,0,200,0,200,200,200,0,200,1,32,200
0,200,30,1,2,0,1,10,5,200,0,0,0,0,200,200,200,18,0,1,23,200
0,200,30,1,2,0,1,10,5,200,0,0,0,0,200,200,200,18,0,0,25,200
0,200,30,1,2,0,1,14,5,200,0,0,0,0,1,200,200,17,200,0,26,200
0,200,30,1,2,0,1,14,5,200,0,0,0,0,1,200,200,17,200,1,28,200
1,200,30,1,2,0,1,14,5,200,0,0,0,0,1,200,200,17,200,1,28,200
1,200,30,1,2,0,1,14,5,200,0,0,0,0,1,200,200,17,200,1,200,200
0,200,30,0,0,0,1,7,5,2,0,0,0,0,200,200,200,8,0,0,38,200
1,200,30,0,0,0,1,7,5,2,0,0,0,0,200,200,200,8,0,0,200,200
0,200,30,1,2,0,1,10,5,4,0,0,0,0,1,200,200,0,0,0,200,200
0,200,30,1,2,0,1,10,5,4,0,0,0,0,1,200,200,0,0,1,200,200
1,200,30,1,2,0,1,10,5,4,0,0,0,0,1,200,200,0,0,0,1,200
0,200,35,0,0,0,1,10,5,4,0,0,0,0,200,200,1,18,18,0,200,200
0,200,35,0,0,0,1,10,5,4,0,0,0,0,200,200,1,18,18,0,20,200
0,200,35,0,0,0,1,10,5,4,0,0,0,0,200,200,1,18,18,0,46,200
0,200,30,1,2,1,1,14,5,2,0,0,0,0,1,200,200,22,16,1,46,200
0,200,30,1,2,1,1,14,5,2,0,0,0,0,1,200,200,22,16,0,50,200
1,200,30,1,2,1,1,14,5,2,0,0,0,0,1,200,200,22,16,1,19,200
1,200,30,1,2,1,1,14,5,2,0,0,0,0,1,200,200,22,16,0,20,200
0,200,30,0,0,0,1,12,3,200,2,0,0,0,200,200,1,25,16,0,200,200
0,200,30,0,0,0,1,12,3,200,2,0,0,0,200,200,1,25,16,1,48,200
0,200,30,0,0,0,1,10,5,2,0,200,200,0,200,200,1,20,27,0,200,200
0,200,30,0,0,0,1,10,5,2,0,200,200,0,200,200,1,20,27,1,27,200
0,1,30,0,0,2,4,7,6,3,0,0,0,0,200,200,200,22,20,0,200,200
0,200,30,0,0,0,1,7,5,1,0,0,0,0,200,200,200,0,0,0,200,200
0,200,5,0,0,0,1,5,4,200,0,0,0,0,200,200,200,200,200,1,44,200
0,200,25,4,0,0,1,10,2,2,0,0,0,0,200,200,200,17,17,0,200,200
0,200,25,4,0,0,1,10,2,2,0,0,0,0,200,200,200,17,17,1,58,200
0,200,35,0,0,0,1,0,5,200,0,0,0,0,200,200,200,0,0,0,23,200
0,200,35,0,0,0,1,0,5,200,0,0,0,0,200,200,200,0,0,0,29,200
0,200,35,1,2,0,4,12,2,200,0,0,0,0,200,200,200,22,0,1,200,200
0,200,35,1,2,0,4,12,2,200,0,0,0,0,200,200,200,22,0,1,45,200
0,200,40,3,5,0,1,12,3,4,5,0,1,0,200,200,200,0,0,2,200,200
0,200,40,3,5,0,1,12,3,4,5,0,1,0,200,200,200,0,0,1,19,200
0,200,30,1,2,0,1,10,3,200,0,0,0,0,1,200,200,18,7,0,26,200
0,200,30,1,2,0,1,10,3,200,0,0,0,0,1,200,200,18,7,0,25,200
0,200,30,1,2,0,1,7,3,4,0,0,0,0,1,200,200,0,200,0,31,200
1,200,30,1,2,0,1,7,3,4,0,0,0,0,1,200,200,0,200,200,200,200
0,1,30,0,0,0,200,7,5,2,0,200,0,0,200,200,1,11,200,2,200,200
0,200,30,200,200,200,200,12,200,200,0,200,200,0,200,200,200,0,200,0,65,200
0,200,30,200,200,200,200,12,200,200,0,200,200,0,200,200,200,0,200,1,78,200
0,200,25,0,0,0,2,12,6,200,0,1,0,0,200,200,200,17,11,0,200,200
0,200,25,0,0,0,2,12,6,200,0,1,0,0,200,200,200,17,11,0,22,200
0,0,35,0,0,0,1,7,5,2,0,0,0,1,200,200,200,21,200,0,26,200
0,200,5,0,0,0,1,3,7,0,0,0,0,0,200,1,200,17,20,0,50,200
0,200,5,0,0,0,1,3,7,0,0,0,0,0,200,1,200,17,20,1,55,200
1,200,5,0,0,0,1,3,7,0,0,0,0,0,200,1,200,17,20,1,37,200
1,200,5,0,0,0,1,3,7,0,0,0,0,0,200,1,200,17,20,1,60,200
0,200,0,0,0,0,200,7,2,2,0,0,0,0,200,200,1,0,200,2,200,200
0,200,30,0,0,0,1,9,2,2,0,0,0,0,200,200,1,0,200,1,200,200
5,200,30,0,0,0,1,9,2,2,0,0,0,0,200,200,1,0,200,1,54,200
0,200,35,2,2,0,1,14,1,12,0,0,0,0,1,200,200,0,200,0,27,200
0,200,35,2,2,0,1,14,1,12,0,0,0,0,1,200,200,0,200,1,56,200
0,200,30,0,0,0,1,14,5,200,0,0,0,0,200,200,200,200,200,0,200,200
0,200,30,0,0,0,1,14,5,200,0,0,0,0,200,200,200,200,200,1,47,200
1,200,30,0,0,0,1,14,5,200,0,0,0,0,200,200,200,200,200,0,200,200
0,200,30,0,0,0,1,12,5,3,0,0,0,0,200,200,200,0,0,0,23,200
0,200,30,0,0,0,1,12,5,3,0,0,0,0,200,200,200,0,0,1,35,200
0,200,30,0,0,0,1,12,5,200,0,0,0,0,200,200,1,17,200,0,200,200
0,200,30,0,0,0,1,12,5,200,0,0,0,0,200,200,1,17,200,0,50,200
1,200,30,0,0,0,1,12,5,200,0,0,0,0,200,200,1,17,200,200,200,200
1,200,30,0,0,0,1,12,5,200,0,0,0,0,200,200,1,17,200,200,200,200
1,200,30,0,0,0,1,12,5,200,0,0,0,0,200,200,1,17,200,200,200,200
0,200,15,0,0,0,1,2,7,200,0,1,0,0,200,200,200,20,200,1,52,200
0,1,30,0,0,0,1,7,5,2,0,200,200,0,200,200,1,200,200,2,200,200
0,200,30,0,0,1,1,10,5,200,0,0,0,0,200,200,1,0,0,2,200,200
0,200,30,0,0,1,1,10,5,200,0,0,0,0,200,200,1,0,0,1,23,200
0,200,30,0,0,1,1,10,5,200,0,0,0,0,200,200,1,0,0,0,39,200
1,200,30,0,0,1,1,10,5,200,0,0,0,0,200,200,1,0,0,1,17,200
1,200,30,0,0,1,1,10,5,200,0,0,0,0,200,200,1,0,0,1,37,200
1,200,30,0,0,1,1,10,5,200,0,0,0,0,200,200,1,0,0,0,14,200
1,200,30,0,0,1,1,10,5,200,0,0,0,0,200,200,1,0,0,0,12,200
1,200,30,0,0,1,1,10,5,200,0,0,0,0,200,200,1,0,0,0,11,200
0,200,25,1,2,1,1,14,6,1,0,0,0,0,1,200,200,23,21,0,28,200
0,200,25,1,2,1,1,14,6,1,0,0,0,0,1,200,200,23,21,0,27,200
1,200,25,1,2,1,1,14,6,1,0,0,0,0,1,200,200,23,21,1,31,200
0,200,35,1,2,0,1,10,5,2,0,0,0,0,200,200,200,18,0,0,35,200
0,200,35,1,2,0,1,10,5,2,0,0,0,0,200,200,200,18,0,1,61,200
0,200,35,0,0,0,1,10,5,200,0,0,0,0,200,200,200,0,0,0,34,200
0,200,35,0,0,0,1,10,5,200,0,0,0,0,200,200,200,0,0,0,20,200
1,200,35,0,0,0,1,10,5,200,0,0,0,0,200,200,200,0,0,0,21,200
0,200,20,0,200,200,200,7,6,1,0,200,200,1,200,200,0,0,200,1,50,200
0,200,30,1,2,0,1,0,5,4,0,0,0,0,1,200,1,17,0,0,55,200
0,200,30,1,2,0,1,0,5,4,0,0,0,0,1,200,1,17,0,0,45,200
1,200,30,1,2,0,1,0,5,4,0,0,0,0,1,200,1,17,0,0,81,200
0,200,30,0,0,2,1,10,3,2,0,1,0,1,200,200,200,18,16,0,21,200
0,200,30,0,0,2,1,10,3,2,0,1,0,1,200,200,200,18,16,1,35,200
1,200,30,0,0,2,1,10,3,2,0,1,0,1,200,200,200,18,16,1,26,200
1,200,30,0,0,2,1,10,3,2,0,1,0,1,200,200,200,18,16,0,48,200
0,200,30,0,0,1,1,12,5,6,0,0,0,0,200,200,200,17,21,0,43,200
0,200,30,0,0,1,1,12,5,6,0,0,0,0,200,200,200,17,21,1,200,200
1,200,30,0,0,1,1,12,5,6,0,0,0,0,200,200,200,17,21,0,20,200
0,200,30,1,2,0,1,14,5,2,0,0,0,0,200,200,200,0,200,0,47,200
0,200,30,1,2,0,1,14,5,2,0,0,0,0,200,200,200,0,200,1,31,200
0,200,30,0,0,1,1,12,5,2,0,0,0,0,200,200,200,17,200,0,23,200
0,200,30,0,0,1,1,12,5,2,0,0,0,0,200,200,200,17,200,0,61,200
0,200,30,0,2,1,1,12,5,4,0,0,0,0,200,200,200,22,16,1,40,200
0,200,30,0,2,1,1,12,5,4,0,0,0,0,200,200,200,22,16,1,37,200
0,200,30,0,0,0,1,10,5,200,0,0,12,1,200,200,200,200,200,0,17,200
0,200,30,0,0,0,1,10,5,200,0,0,12,1,200,200,200,200,200,0,200,200
0,200,30,1,2,0,1,12,6,2,0,0,0,1,200,200,1,6,11,2,200,200
0,200,30,1,2,0,1,12,6,2,0,0,0,1,200,200,1,6,11,1,39,200
0,200,30,1,2,0,1,12,6,2,0,0,0,1,200,200,1,6,11,0,58,200
0,200,30,1,2,0,1,12,6,2,0,0,0,1,200,200,1,6,11,0,27,200
1,200,30,1,2,0,1,12,6,2,0,0,0,1,200,200,1,6,11,0,14,200
1,200,30,1,2,0,1,12,6,2,0,0,0,1,200,200,1,6,11,0,13,200
1,200,30,1,2,0,1,12,6,2,0,0,0,1,200,200,1,6,11,2,200,200
0,200,30,1,2,0,1,10,5,2,0,0,0,0,1,200,200,18,0,0,19,200
0,200,30,1,2,0,1,10,5,2,0,0,0,0,1,200,200,18,0,0,55,200
0,200,30,0,0,0,1,7,5,2,0,0,0,0,200,200,1,0,0,0,200,200
1,200,30,0,0,0,1,7,5,2,0,0,0,0,200,200,1,0,0,1,200,200
1,200,30,0,0,0,1,7,5,2,0,0,0,0,200,200,1,0,0,0,200,200
0,200,35,0,0,0,1,10,5,200,0,0,0,0,200,200,200,0,200,0,200,200
0,200,35,0,0,0,1,10,5,200,0,0,0,0,200,200,200,0,200,1,200,200
0,200,40,0,0,1,1,10,3,8,0,1,0,1,200,200,1,18,200,1,200,200
0,200,40,0,0,1,1,10,3,8,0,1,0,1,200,200,1,18,200,1,31,200
1,200,40,0,0,1,1,10,3,8,0,1,0,1,200,200,1,18,200,0,32,200
1,200,40,0,0,1,1,10,3,8,0,1,0,1,200,200,1,18,200,1,0,200
0,200,30,0,0,0,1,14,5,200,0,0,0,0,200,200,200,200,200,1,30,200
0,200,30,0,0,0,1,14,5,200,0,0,0,0,200,200,200,200,200,0,50,200
1,200,30,0,0,0,1,14,5,200,0,0,0,0,200,200,200,200,200,1,200,200
0,200,30,2,200,1,1,14,12,200,0,0,0,0,1,200,200,17,200,0,31,200
0,200,30,2,200,1,1,14,12,200,0,0,0,0,1,200,200,17,200,1,21,200
0,1,35,0,0,0,0,7,6,200,0,0,0,1,200,200,1,18,200,2,200,200
0,200,30,0,0,1,1,12,5,2,0,0,0,0,200,200,200,17,200,0,68,200
0,200,30,0,0,1,1,12,5,2,0,0,0,0,200,200,200,17,200,1,45,200
0,200,30,1,2,1,1,7,5,4,0,0,200,0,200,200,200,200,200,1,32,200
1,200,30,1,2,1,1,7,5,4,0,0,200,0,200,200,200,200,200,0,6,200
1,200,30,1,2,1,1,7,5,4,0,0,200,0,200,200,200,200,200,1,37,200
0,200,40,0,0,0,1,10,5,2,0,0,0,1,200,200,200,11,16,0,25,200
0,200,40,0,0,0,1,10,5,2,0,0,0,1,200,200,200,11,16,0,74,200
0,200,40,0,0,0,1,10,5,2,0,0,0,1,200,200,200,11,16,0,38,200
1,200,40,0,0,0,1,10,5,2,0,0,0,1,200,200,200,11,16,1,28,200
1,200,40,0,0,0,1,10,5,2,0,0,0,1,200,200,200,11,16,0,0,200
0,1,30,1,2,0,1,14,5,200,0,0,0,1,200,200,200,16,0,0,47,200
0,1,30,1,2,0,1,14,5,200,0,0,0,1,200,200,200,16,0,1,26,200
0,1,30,1,2,0,1,14,5,200,0,0,0,1,200,200,200,16,0,0,49,200
1,1,30,1,2,0,1,14,5,200,0,0,0,1,200,200,200,16,0,1,35,200
0,200,30,0,0,0,1,12,2,2,0,0,0,0,200,200,200,0,0,1,29,200
0,200,30,0,0,0,1,12,2,2,0,0,0,0,200,200,200,0,0,0,62,200
0,200,35,1,2,0,1,10,2,8,0,0,0,0,200,200,1,18,200,0,200,200
0,200,35,1,2,0,1,10,2,8,0,0,0,0,200,200,1,18,200,1,38,200
0,200,30,0,0,0,1,10,5,200,0,0,0,0,200,200,200,18,16,0,26,200
0,200,30,0,0,0,1,10,5,200,0,0,0,0,200,200,200,18,16,0,200,200
0,200,30,0,0,0,1,10,5,200,0,0,0,0,200,200,200,18,16,0,46,200
0,200,30,0,0,0,1,12,5,200,0,0,0,0,200,200,200,21,17,0,49,200
0,200,30,0,0,0,1,12,5,200,0,0,0,0,200,200,200,21,17,0,45,200
0,200,30,0,0,0,1,10,5,200,0,0,0,0,200,200,200,200,200,0,0,200
0,200,30,0,0,0,1,10,5,200,0,0,0,0,200,200,200,200,200,1,51,200
0,200,30,0,0,200,200,7,7,1,0,200,0,0,200,1,1,0,200,2,200,200
0,0,10,0,0,1,1,7,5,200,2,0,0,0,200,200,200,0,0,2,200,200
0,200,30,0,0,0,1,7,6,1,0,0,0,0,200,200,200,21,200,0,200,200
0,200,15,200,200,2,1,7,12,1,2,200,200,1,200,200,200,0,200,0,200,200
0,200,30,1,2,0,1,12,5,4,0,0,0,0,200,200,200,17,0,1,60,200
0,200,30,1,2,0,1,12,5,4,0,0,0,0,200,200,200,17,0,1,24,200
0,200,30,1,2,0,1,0,2,200,2,0,0,1,1,200,200,17,200,1,200,200
0,200,30,1,2,0,1,0,2,200,2,0,0,1,1,200,200,17,200,0,200,200
0,200,45,0,0,1,1,12,2,200,0,0,0,0,200,200,200,22,200,0,62,200
0,200,45,0,0,1,1,12,2,200,0,0,0,0,200,200,200,22,200,0,67,200
0,200,30,0,0,0,1,10,5,2,0,0,0,0,200,200,200,0,0,1,200,200
0,200,30,0,0,0,1,10,5,2,0,0,0,0,200,200,200,0,0,0,200,200
1,200,30,0,0,0,1,10,5,2,0,0,0,0,200,200,200,0,0,1,200,200
1,200,30,0,0,0,1,10,5,2,0,0,0,0,200,200,200,0,0,0,200,200
1,200,30,0,0,0,1,10,5,2,0,0,0,0,200,200,200,0,0,1,200,200
0,200,30,0,0,0,1,7,5,2,0,0,0,1,200,200,200,7,200,1,22,200
0,200,0,0,0,0,1,12,5,1,0,0,0,0,200,200,200,0,0,1,200,200
0,200,0,0,0,0,1,12,5,1,0,0,0,0,200,200,200,0,0,1,73,200
0,200,30,0,0,0,1,12,5,200,0,0,0,0,200,200,200,200,200,1,200,200
0,200,30,0,0,0,1,12,5,200,0,0,0,0,200,200,200,200,200,0,32,200
0,200,30,1,2,0,1,12,5,200,0,0,0,1,200,200,200,18,200,0,19,200
0,200,30,1,2,0,1,12,5,200,0,0,0,1,200,200,200,18,200,0,57,200
1,200,30,1,2,0,1,12,5,200,0,0,0,1,200,200,200,18,200,1,19,200
0,200,30,0,0,0,1,10,5,4,0,0,0,0,200,200,1,18,0,2,200,200
0,200,30,0,0,0,1,10,5,4,0,0,0,0,200,200,1,18,0,0,32,200
0,200,30,0,0,1,1,10,5,2,0,0,200,0,200,200,1,0,200,2,200,200
0,200,30,0,0,1,1,10,5,2,0,0,200,0,200,200,1,0,200,0,25,200
0,200,30,1,2,0,1,10,5,4,0,0,0,0,200,200,200,18,200,0,21,200
0,200,30,1,2,0,1,10,5,4,0,0,0,0,200,200,200,18,200,0,53,200
0,200,30,0,0,0,1,10,5,4,0,0,0,0,200,200,200,18,200,0,36,200
0,200,30,0,0,0,1,10,5,4,0,0,0,0,200,200,200,18,200,0,63,200
0,200,30,1,2,0,1,14,5,200,0,0,0,0,200,200,0,0,0,1,70,200
0,200,30,1,2,0,1,14,5,200,0,0,0,0,200,200,0,0,0,2,200,200
0,200,40,0,0,200,1,10,3,3,0,200,200,0,200,200,200,0,0,0,41,200
0,200,40,0,0,200,1,10,3,3,0,200,200,0,200,200,200,0,0,1,72,200
0,200,30,0,0,0,1,10,8,2,2,0,0,1,1,200,200,0,0,0,71,200
0,200,30,0,0,0,1,10,8,2,2,0,0,1,1,200,200,0,0,1,55,200
1,200,30,0,0,0,1,10,8,2,2,0,0,1,1,200,200,0,0,0,24,200