PERSON_TYPE,CRASH_DATE_EST_I,POSTED_SPEED_LIMIT,TRAFFIC_CONTROL_DEVICE,DEVICE_CONDITION,WEATHER_CONDITION,LIGHTING_CONDITION,FIRST_CRASH_TYPE,TRAFFICWAY_TYPE,LANE_CNT,ALIGNMENT,ROADWAY_SURFACE_COND,ROAD_DEFECT,CRASH_TYPE,INTERSECTION_RELATED_I,NOT_RIGHT_OF_WAY_I,HIT_AND_RUN_I,PRIM_CONTRIBUTORY_CAUSE,SEC_CONTRIBUTORY_CAUSE,SEX,AGE,BAC_RESULT VALUE
1,200,30,0,0,0,1,10,8,2,2,0,0,1,1,200,200,0,0,1,20,200
0,200,30,0,0,0,1,0,7,200,0,0,0,0,200,200,200,20,200,1,44,200
0,200,30,0,0,0,1,0,7,200,0,0,0,0,200,200,200,20,200,1,36,200
1,200,30,0,0,0,1,0,7,200,0,0,0,0,200,200,200,20,200,1,18,200
1,200,30,0,0,0,1,0,7,200,0,0,0,0,200,200,200,20,200,200,200,200
1,200,30,0,0,0,1,0,7,200,0,0,0,0,200,200,200,20,200,1,34,200
1,200,30,0,0,0,1,0,7,200,0,0,0,0,200,200,200,20,200,1,200,200
0,200,30,2,2,0,1,14,5,2,0,0,0,0,1,200,1,17,23,0,200,200
0,200,30,2,2,0,1,14,5,2,0,0,0,0,1,200,1,17,23,1,27,200
0,200,30,0,0,0,1,12,5,2,0,0,0,1,200,200,200,11,0,0,27,200
0,200,30,0,0,0,1,12,5,2,0,0,0,1,200,200,200,11,0,0,19,200
1,200,30,0,0,0,1,12,5,2,0,0,0,1,200,200,200,11,0,0,60,200
0,200,30,1,2,1,4,14,2,3,4,0,0,1,1,200,200,31,16,1,45,200
0,200,30,1,2,1,4,14,2,3,4,0,0,1,1,200,200,31,16,0,22,200
1,200,30,1,2,1,4,14,2,3,4,0,0,1,1,200,200,31,16,0,21,200
0,200,30,2,2,0,1,0,2,200,0,0,0,1,1,200,1,17,200,0,200,200
0,200,30,2,2,0,1,0,2,200,0,0,0,1,1,200,1,17,200,1,35,200
0,200,20,0,0,0,1,11,2,2,0,0,0,0,200,200,200,0,0,0,41,200
0,200,20,0,0,0,1,11,2,2,0,0,0,0,200,200,200,0,0,1,49,200
0,200,30,2,2,0,1,10,5,2,0,0,0,0,1,200,200,18,16,0,200,200
0,200,30,2,2,0,1,10,5,2,0,0,0,0,1,200,200,18,16,0,200,200
0,200,30,0,0,0,1,0,7,1,0,0,0,0,200,200,200,17,200,1,45,200
0,200,30,0,0,0,1,0,7,1,0,0,0,0,200,200,200,17,200,1,200,200
0,200,30,1,2,0,1,10,5,4,0,1,0,0,1,200,200,0,0,0,36,200
0,200,30,1,2,0,1,10,5,4,0,1,0,0,1,200,200,0,0,0,27,200
0,200,20,2,2,1,1,0,5,2,0,1,0,1,1,200,200,5,0,1,25,200
0,200,20,2,2,1,1,0,5,2,0,1,0,1,1,200,200,5,0,0,22,200
0,200,30,0,0,0,1,12,2,200,0,0,0,0,200,200,200,21,21,1,24,200
0,200,30,0,0,0,1,12,2,200,0,0,0,0,200,200,200,21,21,1,38,200
1,200,30,0,0,0,1,12,2,200,0,0,0,0,200,200,200,21,21,1,35,200
0,200,30,0,0,0,1,10,5,200,0,0,0,1,200,200,200,200,200,0,21,200
0,200,30,0,0,0,1,10,5,200,0,0,0,1,200,200,200,200,200,1,0,200
0,200,25,0,0,0,1,7,6,1,0,0,0,1,200,200,200,11,0,1,20,200
1,200,25,0,0,0,1,7,6,1,0,0,0,1,200,200,200,11,0,0,0,200
0,200,30,1,2,0,1,14,5,200,0,0,0,0,1,200,200,17,33,1,49,200
0,200,30,1,2,0,1,14,5,200,0,0,0,0,1,200,200,17,33,0,53,200
0,200,30,2,2,0,1,0,5,4,0,0,0,1,1,200,200,17,200,1,27,200
0,200,30,2,2,0,1,0,5,4,0,0,0,1,1,200,200,17,200,0,29,200
1,200,30,2,2,0,1,0,5,4,0,0,0,1,1,200,200,17,200,0,39,200
1,200,30,2,2,0,1,0,5,4,0,0,0,1,1,200,200,17,200,0,48,200
0,200,30,1,0,1,1,14,5,2,0,1,0,0,200,200,1,23,200,2,200,200
0,200,30,1,0,1,1,14,5,2,0,1,0,0,200,200,1,23,200,1,44,200
0,200,30,0,0,0,1,12,5,2,0,0,200,0,200,200,1,17,200,0,200,200
0,200,30,0,0,0,1,12,5,2,0,0,200,0,200,200,1,17,200,0,41,200
1,200,30,0,0,0,1,12,5,2,0,0,200,0,200,200,1,17,200,1,33,200
1,200,30,0,0,0,1,12,5,2,0,0,200,0,200,200,1,17,200,1,0,200
0,200,0,200,200,0,1,12,3,3,0,200,200,0,200,200,200,0,0,0,24,200
0,200,0,200,200,0,1,12,3,3,0,200,200,0,200,200,200,0,0,0,27,200
0,200,30,0,0,0,1,7,2,2,0,0,0,0,200,200,1,0,0,1,28,200
1,200,30,0,0,0,1,7,2,2,0,0,0,0,200,200,1,0,0,0,200,200
0,200,30,0,0,0,1,10,3,200,0,0,0,0,200,200,1,0,200,1,200,200
0,200,30,0,0,0,1,10,3,200,0,0,0,0,200,200,1,0,200,0,27,200
0,200,20,0,0,1,1,10,7,200,0,0,200,0,200,200,1,20,200,1,200,200
0,200,20,0,0,1,1,10,7,200,0,0,200,0,200,200,1,20,200,1,59,200
0,200,30,2,2,0,1,10,5,4,0,0,0,0,1,200,1,18,16,0,200,200
0,200,30,2,2,0,1,10,5,4,0,0,0,0,1,200,1,18,16,0,200,200
0,200,30,2,2,0,1,10,5,4,0,0,0,0,1,200,1,18,16,0,40,200
1,200,30,2,2,0,1,10,5,4,0,0,0,0,1,200,1,18,16,2,200,200
0,200,25,0,0,0,4,12,5,200,0,0,0,0,200,200,200,21,21,0,69,200
0,200,25,0,0,0,4,12,5,200,0,0,0,0,200,200,200,21,21,1,69,200
0,200,30,0,0,0,1,11,5,4,0,0,2,0,200,200,1,22,22,1,200,200
0,200,30,0,0,0,1,11,5,4,0,0,2,0,200,200,1,22,22,1,73,200
0,200,30,1,200,2,1,14,5,2,3,1,200,1,1,200,200,22,22,0,34,200
0,200,30,1,200,2,1,14,5,2,3,1,200,1,1,200,200,22,22,0,34,200
0,200,30,2,2,0,4,14,5,200,0,0,200,1,1,200,200,17,200,1,29,200
0,200,30,2,2,0,4,14,5,200,0,0,200,1,1,200,200,17,200,0,24,200
0,200,25,2,1,0,1,0,5,2,0,0,0,0,1,200,200,17,17,0,61,200
0,200,25,2,1,0,1,0,5,2,0,0,0,0,1,200,200,17,17,0,24,200
1,200,25,2,1,0,1,0,5,2,0,0,0,0,1,200,200,17,17,0,12,200
1,200,25,2,1,0,1,0,5,2,0,0,0,0,1,200,200,17,17,0,26,200
0,200,20,0,0,0,1,11,7,200,0,0,0,0,200,200,200,200,200,1,38,200
0,200,20,0,0,0,1,11,7,200,0,0,0,0,200,200,200,200,200,1,27,200
0,200,30,0,0,0,1,0,6,200,0,0,0,0,200,200,1,17,16,0,200,200
0,200,30,0,0,0,1,0,6,200,0,0,0,0,200,200,1,17,16,0,61,200
0,200,30,0,0,0,1,12,5,2,0,0,0,0,200,200,200,17,11,1,25,200
0,200,30,0,0,0,1,12,5,2,0,0,0,0,200,200,200,17,11,0,66,200
0,200,30,0,0,0,1,7,6,1,0,0,0,0,200,200,200,0,200,1,57,200
1,200,30,0,0,0,1,7,6,1,0,0,0,0,200,200,200,0,200,0,53,200
0,200,30,1,2,1,1,14,3,3,0,0,0,1,200,200,200,0,0,0,31,200
0,200,30,1,2,1,1,14,3,3,0,0,0,1,200,200,200,0,0,0,41,200
0,200,30,0,0,0,1,11,2,4,0,0,0,1,200,200,200,12,200,0,44,200
0,200,30,0,0,0,1,11,2,4,0,0,0,1,200,200,200,12,200,0,64,200
1,200,30,0,0,0,1,11,2,4,0,0,0,1,200,200,200,12,200,1,24,200
0,200,30,1,2,0,1,10,5,200,0,0,0,0,1,200,200,17,18,0,33,200
0,200,30,1,2,0,1,10,5,200,0,0,0,0,1,200,200,17,18,1,22,200
0,1,30,0,0,0,200,7,2,200,0,0,0,0,200,200,200,0,0,1,200,200
0,200,30,1,2,0,1,12,5,200,0,0,0,0,200,200,1,22,200,0,200,200
0,200,30,1,2,0,1,12,5,200,0,0,0,0,200,200,1,22,200,0,34,200
0,200,35,1,2,0,1,10,5,4,0,0,0,0,200,200,200,20,200,0,81,200
0,200,35,1,2,0,1,10,5,4,0,0,0,0,200,200,200,20,200,1,39,200
1,200,35,1,2,0,1,10,5,4,0,0,0,0,200,200,200,20,200,0,38,200
1,200,35,1,2,0,1,10,5,4,0,0,0,0,200,200,200,20,200,1,10,200
0,200,30,2,2,0,1,3,6,1,0,0,0,0,1,200,200,20,200,0,0,200
0,200,30,2,2,0,1,3,6,1,0,0,0,0,1,200,200,20,200,1,50,200
1,200,30,2,2,0,1,3,6,1,0,0,0,0,1,200,200,20,200,0,200,200
0,1,30,1,2,0,1,12,2,4,0,0,0,0,1,200,200,0,0,0,44,200
0,1,30,1,2,0,1,12,2,4,0,0,0,0,1,200,200,0,0,0,62,200
0,200,25,0,0,0,1,10,5,2,0,0,0,0,200,200,1,20,200,1,200,200
0,200,25,0,0,0,1,10,5,2,0,0,0,0,200,200,1,20,200,0,58,200
0,200,30,0,0,0,1,12,2,200,0,0,0,0,200,200,1,0,0,2,200,200
0,200,30,0,0,0,1,12,2,200,0,0,0,0,200,200,1,0,0,1,49,200
0,200,30,0,0,0,1,7,5,2,0,0,0,0,200,200,200,27,27,0,39,200
0,200,30,1,2,0,1,10,5,4,0,0,0,0,1,200,200,18,0,0,48,200
0,200,30,1,2,0,1,10,5,4,0,0,0,0,1,200,200,18,0,0,19,200
0,200,30,1,2,1,1,12,6,3,0,0,0,0,200,200,200,17,11,0,28,200
0,200,30,1,2,1,1,12,6,3,0,0,0,0,200,200,200,17,11,1,68,200
0,200,30,1,2,0,1,14,2,200,0,0,0,0,200,200,200,21,200,1,45,200
0,200,30,1,2,0,1,14,2,200,0,0,0,0,200,200,200,21,200,1,39,200
0,200,30,0,0,0,1,14,6,200,0,0,0,0,200,200,1,200,200,2,200,200
0,200,30,0,0,0,1,14,6,200,0,0,0,0,200,200,1,200,200,1,35,200
1,200,30,0,0,0,1,14,6,200,0,0,0,0,200,200,1,200,200,0,200,200
1,200,30,0,0,0,1,14,6,200,0,0,0,0,200,200,1,200,200,0,200,200
1,200,30,0,0,0,1,14,6,200,0,0,0,0,200,200,1,200,200,0,200,200
1,200,30,0,0,0,1,14,6,200,0,0,0,0,200,200,1,200,200,1,200,200
0,200,20,0,0,0,4,7,6,2,0,0,0,0,200,200,200,200,200,2,200,200
0,200,30,1,2,0,1,8,6,200,0,0,0,0,1,200,200,6,17,0,60,200
4,200,30,1,2,0,1,8,6,200,0,0,0,0,1,200,200,6,17,0,26,200
1,200,30,1,2,0,1,8,6,200,0,0,0,0,1,200,200,6,17,1,200,200
1,200,30,1,2,0,1,8,6,200,0,0,0,0,1,200,200,6,17,0,200,200
0,200,30,2,2,1,1,0,5,200,0,0,0,1,1,200,200,17,0,1,24,200
0,200,30,2,2,1,1,0,5,200,0,0,0,1,1,200,200,17,0,1,40,200
1,200,30,2,2,1,1,0,5,200,0,0,0,1,1,200,200,17,0,0,200,200
1,200,30,2,2,1,1,0,5,200,0,0,0,1,1,200,200,17,0,1,12,200
1,200,30,2,2,1,1,0,5,200,0,0,0,1,1,200,200,17,0,1,11,200
1,200,30,2,2,1,1,0,5,200,0,0,0,1,1,200,200,17,0,1,8,200
0,200,20,2,2,0,2,10,5,2,0,0,0,0,1,200,200,11,11,0,40,200
0,200,20,2,2,0,2,10,5,2,0,0,0,0,1,200,200,11,11,0,38,200
1,200,20,2,2,0,2,10,5,2,0,0,0,0,1,200,200,11,11,0,10,200
0,200,35,1,2,0,2,12,5,200,0,0,0,0,200,200,1,21,16,1,200,200
0,200,35,1,2,0,2,12,5,200,0,0,0,0,200,200,1,21,16,1,51,200
0,200,35,0,0,0,1,14,5,2,0,0,0,0,200,200,200,17,200,0,67,200
0,200,35,0,0,0,1,14,5,2,0,0,0,0,200,200,200,17,200,1,60,200
1,200,35,0,0,0,1,14,5,2,0,0,0,0,200,200,200,17,200,0,62,200
0,200,30,0,0,1,1,7,6,2,0,0,0,0,200,200,200,0,19,0,62,200
0,200,20,2,2,0,4,8,12,200,0,0,0,1,1,200,200,17,5,0,20,200
4,200,20,2,2,0,4,8,12,200,0,0,0,1,1,200,200,17,5,0,64,200
0,200,25,0,0,0,1,7,6,1,0,0,200,0,200,200,200,20,200,2,200,200
0,200,30,0,0,0,1,7,7,200,0,0,0,0,200,1,1,200,200,2,200,200
0,200,30,1,2,0,1,10,5,200,0,0,0,1,200,200,200,18,9,1,200,200
0,200,30,1,2,0,1,10,5,200,0,0,0,1,200,200,200,18,9,1,200,200
0,200,30,0,0,0,3,12,5,6,0,0,0,1,200,200,200,16,11,0,29,200
0,200,30,0,0,0,3,12,5,6,0,0,0,1,200,200,200,16,11,1,54,200
0,200,30,0,0,0,3,12,5,6,0,0,0,1,200,200,200,16,11,0,32,200
1,200,30,0,0,0,3,12,5,6,0,0,0,1,200,200,200,16,11,0,200,200
0,200,30,0,0,0,3,8,5,200,0,0,0,1,200,200,200,0,200,0,74,200
4,200,30,0,0,0,3,8,5,200,0,0,0,1,200,200,200,0,200,0,20,200
0,200,35,0,0,0,2,7,5,200,0,0,200,0,200,200,200,21,200,1,35,200
1,200,35,0,0,0,2,7,5,200,0,0,200,0,200,200,200,21,200,200,200,200
0,200,30,0,0,0,1,10,5,2,0,0,0,0,200,200,200,18,200,0,200,200
0,200,30,0,0,0,1,10,5,2,0,0,0,0,200,200,200,18,200,1,62,200
0,200,20,1,2,0,2,7,6,1,0,0,0,0,200,200,200,0,200,0,41,200
1,200,20,1,2,0,2,7,6,1,0,0,0,0,200,200,200,0,200,0,45,200
0,200,30,0,0,0,4,10,5,4,0,0,0,0,200,200,200,18,7,1,19,200
0,200,30,0,0,0,4,10,5,4,0,0,0,0,200,200,200,18,7,0,41,200
1,200,30,0,0,0,4,10,5,4,0,0,0,0,200,200,200,18,7,1,200,200
1,200,30,0,0,0,4,10,5,4,0,0,0,0,200,200,200,18,7,0,200,200
1,200,30,0,0,0,4,10,5,4,0,0,0,0,200,200,200,18,7,0,200,200
1,200,30,0,0,0,4,10,5,4,0,0,0,0,200,200,200,18,7,0,200,200
1,200,30,0,0,0,4,10,5,4,0,0,0,0,200,200,200,18,7,0,200,200
0,200,30,0,0,0,4,10,5,4,0,0,0,1,200,200,200,14,18,0,44,200
0,200,30,0,0,0,4,10,5,4,0,0,0,1,200,200,200,14,18,1,34,200
0,200,30,1,200,2,1,12,5,200,0,200,200,0,1,200,1,0,200,1,200,200
0,200,30,1,200,2,1,12,5,200,0,200,200,0,1,200,1,0,200,1,60,200
0,200,30,1,2,0,4,10,5,200,0,0,0,0,200,200,200,18,200,0,32,200
0,200,30,1,2,0,4,10,5,200,0,0,0,0,200,200,200,18,200,0,56,200
0,200,35,0,0,0,1,10,5,2,0,200,200,0,200,200,200,0,200,0,32,200
0,200,35,0,0,0,1,10,5,2,0,200,200,0,200,200,200,0,200,0,54,200
0,200,30,0,0,1,3,10,5,2,0,0,0,0,200,200,200,18,200,0,24,200
0,200,30,0,0,1,3,10,5,2,0,0,0,0,200,200,200,18,200,0,38,200
0,200,30,0,0,0,4,10,5,200,0,0,0,0,200,200,200,200,200,0,53,200
0,200,30,0,0,0,4,10,5,200,0,0,0,0,200,200,200,200,200,0,48,200
1,200,30,0,0,0,4,10,5,200,0,0,0,0,200,200,200,200,200,0,200,200
0,200,20,0,0,0,3,2,0,200,0,0,200,0,200,200,1,0,200,0,200,200
0,200,25,0,0,0,3,7,6,1,0,0,0,1,200,200,1,11,200,1,200,200
0,200,30,0,0,200,200,7,5,200,0,0,0,0,200,200,1,0,200,2,200,200
0,200,30,1,2,0,3,11,5,0,0,0,0,0,1,200,200,21,11,0,40,200
0,200,30,1,2,0,3,11,5,0,0,0,0,0,1,200,200,21,11,0,29,200
0,1,30,0,0,0,1,7,5,2,0,0,0,0,200,200,1,0,200,2,200,200
0,200,30,1,200,0,3,10,3,4,0,0,200,1,1,200,200,18,200,0,74,200
0,200,30,1,200,0,3,10,3,4,0,0,200,1,1,200,200,18,200,1,28,200
0,200,30,0,0,0,4,12,2,4,0,0,0,1,200,200,200,21,17,1,74,200
0,200,30,0,0,0,4,12,2,4,0,0,0,1,200,200,200,21,17,0,50,200
0,200,25,0,0,0,1,4,2,2,0,0,1,0,200,200,200,29,200,0,51,200
0,200,30,1,2,0,3,9,2,2,0,0,0,1,200,200,200,17,33,0,21,200
5,200,30,1,2,0,3,9,2,2,0,0,0,1,200,200,200,17,33,1,30,200
0,200,30,1,1,0,3,10,2,200,0,0,0,0,200,200,1,18,16,2,200,200
0,200,30,1,1,0,3,10,2,200,0,0,0,0,200,200,1,18,16,0,46,200
0,200,30,1,2,0,0,14,5,200,0,0,0,0,1,200,200,0,0,0,53,200
0,200,30,1,2,0,0,14,5,200,0,0,0,0,1,200,200,0,0,1,45,200
1,200,30,1,2,0,0,14,5,200,0,0,0,0,1,200,200,0,0,0,29,200
1,200,30,1,2,0,0,14,5,200,0,0,0,0,1,200,200,0,0,1,6,200
1,200,30,1,2,0,0,14,5,200,0,0,0,0,1,200,200,0,0,0,4,200
0,200,25,0,0,0,1,3,5,4,0,0,0,1,200,200,200,11,0,0,66,200
0,200,25,0,0,0,1,3,5,4,0,0,0,1,200,200,200,11,0,1,45,200
1,200,25,0,0,0,1,3,5,4,0,0,0,1,200,200,200,11,0,1,31,200
0,200,15,0,0,0,4,4,6,1,0,0,0,0,200,200,200,0,200,2,200,200
0,200,30,0,0,0,0,7,5,2,0,1,200,1,200,200,200,0,0,0,52,200
1,200,30,0,0,0,0,7,5,2,0,1,200,1,200,200,200,0,0,1,48,200
0,200,35,1,2,2,3,14,2,4,0,1,0,1,1,200,200,11,0,0,21,200
0,200,35,1,2,2,3,14,2,4,0,1,0,1,1,200,200,11,0,1,26,200
1,200,35,1,2,2,3,14,2,4,0,1,0,1,1,200,200,11,0,1,22,200
1,200,35,1,2,2,3,14,2,4,0,1,0,1,1,200,200,11,0,1,29,200
1,200,35,1,2,2,3,14,2,4,0,1,0,1,1,200,200,11,0,1,4,200
0,200,30,0,0,0,3,12,5,200,0,0,0,0,200,200,200,17,200,0,0,200
0,200,30,0,0,0,3,12,5,200,0,0,0,0,200,200,200,17,200,0,67,200
0,1,30,0,0,2,3,3,5,2,0,1,0,1,200,200,200,32,21,0,22,0.19
0,1,30,0,0,2,3,3,5,2,0,1,0,1,200,200,200,32,21,0,60,200
0,200,30,1,2,0,3,10,2,2,0,0,0,0,200,200,200,11,0,1,34,200
0,200,30,1,2,0,3,10,2,2,0,0,0,0,200,200,200,11,0,0,55,200
0,200,30,0,0,2,3,0,3,4,0,1,0,1,1,200,200,0,0,0,57,200
0,200,30,0,0,2,3,0,3,4,0,1,0,1,1,200,200,0,0,0,32,200
0,200,30,1,2,2,3,12,2,4,0,1,0,0,1,200,1,6,22,2,200,200
0,200,30,1,2,2,3,12,2,4,0,1,0,0,1,200,1,6,22,0,51,200
0,200,30,1,2,0,3,10,5,200,0,0,200,0,200,200,200,0,0,1,33,200
0,200,30,1,2,0,3,10,5,200,0,0,200,0,200,200,200,0,0,1,39,200
1,200,30,1,2,0,3,10,5,200,0,0,200,0,200,200,200,0,0,1,200,200
0,200,30,2,2,2,3,0,12,1,2,1,0,1,1,200,1,17,200,2,200,200
0,200,30,2,2,2,3,0,12,1,2,1,0,1,1,200,1,17,200,1,49,200
1,200,30,2,2,2,3,0,12,1,2,1,0,1,1,200,1,17,200,1,57,200
1,200,30,2,2,2,3,0,12,1,2,1,0,1,1,200,1,17,200,1,68,200
0,200,30,0,0,2,4,14,5,200,0,1,0,0,200,200,200,19,200,1,45,200
0,200,30,0,0,2,4,14,5,200,0,1,0,0,200,200,200,19,200,0,23,200
1,200,30,0,0,2,4,14,5,200,0,1,0,0,200,200,200,19,200,1,200,200
0,200,30,200,200,0,4,12,5,6,0,0,200,0,1,200,200,22,21,1,21,200
0,200,30,200,200,0,4,12,5,6,0,0,200,0,1,200,200,22,21,0,42,200
0,200,30,2,0,0,0,10,6,200,0,0,0,0,1,200,200,20,200,0,200,200
0,200,30,2,0,0,0,10,6,200,0,0,0,0,1,200,200,20,200,1,28,200
1,200,30,2,0,0,0,10,6,200,0,0,0,0,1,200,200,20,200,0,200,200
0,200,30,1,2,0,3,10,5,2,0,0,12,0,200,200,200,18,0,0,40,200
0,200,30,1,2,0,3,10,5,2,0,0,12,0,200,200,200,18,0,0,27,200
4,200,25,200,200,200,200,8,5,1,0,200,200,0,200,200,200,11,0,0,35,200
0,200,25,200,200,200,200,8,5,1,0,200,200,0,200,200,200,11,0,0,31,200
0,200,35,0,2,2,3,10,2,2,0,1,12,0,1,200,1,18,34,2,200,200
0,200,35,0,2,2,3,10,2,2,0,1,12,0,1,200,1,18,34,0,29,200
0,1,30,1,2,2,3,14,5,4,0,1,0,0,1,200,200,23,34,0,21,200
0,1,30,1,2,2,3,14,5,4,0,1,0,0,1,200,200,23,34,0,25,200
1,1,30,1,2,2,3,14,5,4,0,1,0,0,1,200,200,23,34,0,31,200
1,1,30,1,2,2,3,14,5,4,0,1,0,0,1,200,200,23,34,0,19,200
0,200,30,2,12,0,3,10,2,2,0,0,0,0,200,200,0,18,0,0,37,200
0,200,30,2,12,0,3,10,2,2,0,0,0,0,200,200,0,18,0,0,23,200
0,200,30,0,0,0,0,7,5,2,0,0,0,0,200,200,200,0,200,1,23,200
0,200,25,2,0,0,3,11,5,2,0,0,0,0,1,200,200,0,0,0,52,200
0,200,25,2,0,0,3,11,5,2,0,0,0,0,1,200,200,0,0,0,39,200
0,200,30,0,0,0,0,2,0,200,0,0,0,1,200,200,200,23,16,0,200,200
1,200,30,0,0,0,0,2,0,200,0,0,0,1,200,200,200,23,16,0,17,200
1,200,30,0,0,0,0,2,0,200,0,0,0,1,200,200,200,23,16,0,25,200
0,200,30,1,2,0,1,10,5,4,0,0,0,0,200,200,200,8,8,0,49,200
0,200,30,1,2,0,1,10,5,4,0,0,0,0,200,200,200,8,8,1,20,200
0,200,25,0,0,2,3,7,5,200,0,1,0,0,200,200,200,20,20,0,58,200
0,200,30,0,0,0,1,10,5,4,0,0,0,0,200,200,200,7,7,1,68,200
0,200,30,0,0,0,1,10,5,4,0,0,0,0,200,200,200,7,7,1,23,200
0,200,25,0,0,2,3,11,5,2,0,1,0,0,200,200,1,25,16,0,200,200
0,200,25,0,0,2,3,11,5,2,0,1,0,0,200,200,1,25,16,0,31,200
0,200,30,1,2,2,3,10,2,200,0,1,0,0,200,200,200,0,200,0,19,200
0,200,30,1,2,2,3,10,2,200,0,1,0,0,200,200,200,0,200,0,33,200
0,200,25,0,0,2,3,2,5,2,0,1,0,1,200,1,0,14,33,2,200,200
0,200,30,0,0,0,0,12,2,2,0,0,0,0,200,200,1,17,15,0,200,200
0,200,30,0,0,0,0,12,2,2,0,0,0,0,200,200,1,17,15,0,57,200
0,200,30,1,2,2,3,10,2,200,0,1,0,0,200,200,1,16,200,1,200,200
0,200,30,1,2,2,3,10,2,200,0,1,0,0,200,200,1,16,200,0,53,200
0,200,30,1,200,2,3,9,2,2,0,1,0,1,1,200,1,17,200,0,200,200
5,200,30,1,200,2,3,9,2,2,0,1,0,1,1,200,1,17,200,0,22,200
1,200,30,1,200,2,3,9,2,2,0,1,0,1,1,200,1,17,200,2,200,200
0,200,30,1,2,2,3,10,2,2,0,1,0,0,200,200,1,34,200,1,19,200
0,200,30,1,2,2,3,10,2,2,0,1,0,0,200,200,1,34,200,0,200,200
1,200,30,1,2,2,3,10,2,2,0,1,0,0,200,200,1,34,200,0,0,200
0,200,30,0,0,0,3,10,5,200,0,0,200,0,200,200,200,18,200,0,24,200
0,200,30,0,0,0,3,10,5,200,0,0,200,0,200,200,200,18,200,0,56,200
0,200,30,0,0,0,0,14,5,2,0,0,0,1,200,1,200,22,22,0,34,200
0,200,30,0,0,0,0,14,5,2,0,0,0,1,200,1,200,22,22,1,42,200
0,200,55,0,0,2,3,2,3,8,3,1,0,1,200,200,200,15,25,0,16,200
1,200,55,0,0,2,3,2,3,8,3,1,0,1,200,200,200,15,25,0,19,200
0,200,25,2,2,0,0,0,5,200,0,0,0,0,1,200,200,0,0,0,52,200
0,200,25,2,2,0,0,0,5,200,0,0,0,0,1,200,200,0,0,0,67,200
1,200,25,2,2,0,0,0,5,200,0,0,0,0,1,200,200,0,0,1,53,200
1,200,25,2,2,0,0,0,5,200,0,0,0,0,1,200,200,0,0,1,4,200
0,200,20,2,12,0,3,10,6,2,0,0,0,0,200,200,1,18,0,0,200,200
0,200,20,2,12,0,3,10,6,2,0,0,0,0,200,200,1,18,0,0,35,200
1,200,20,2,12,0,3,10,6,2,0,0,0,0,200,200,1,18,0,1,34,200
0,200,30,0,0,2,3,12,3,4,0,1,0,1,200,200,200,34,21,0,63,200
0,200,30,0,0,2,3,12,3,4,0,1,0,1,200,200,200,34,21,0,53,200
0,200,30,0,0,0,0,7,6,1,0,0,0,0,200,200,200,20,200,1,35,200
0,200,25,1,200,0,3,0,2,8,0,0,0,1,1,200,200,15,0,0,19,200
0,200,25,1,200,0,3,0,2,8,0,0,0,1,1,200,200,15,0,1,20,200
0,200,30,2,2,0,3,0,5,2,0,0,200,1,1,200,1,32,5,0,45,200
0,200,30,2,2,0,3,0,5,2,0,0,200,1,1,200,1,32,5,0,33,200
1,200,30,2,2,0,3,0,5,2,0,0,200,1,1,200,1,32,5,0,200,200
1,200,30,2,2,0,3,0,5,2,0,0,200,1,1,200,1,32,5,1,29,200
0,200,30,1,2,12,3,12,5,200,0,12,200,0,200,200,200,22,200,1,200,200
0,200,30,1,2,12,3,12,5,200,0,12,200,0,200,200,200,22,200,0,34,200
0,200,30,0,0,2,3,7,5,2,0,1,0,0,200,1,200,11,34,0,29,200
0,200,40,0,0,0,3,2,2,3,3,0,0,1,200,200,1,15,16,0,26,200
1,200,40,0,0,0,3,2,2,3,3,0,0,1,200,200,1,15,16,1,200,200
0,200,30,0,0,0,3,2,7,200,0,0,0,1,200,1,0,0,0,2,200,200
0,200,20,2,2,0,3,0,6,1,0,0,0,0,1,200,200,17,16,1,62,200
0,200,20,2,2,0,3,0,6,1,0,0,0,0,1,200,200,17,16,1,19,200
0,200,30,0,200,2,3,2,2,2,0,1,200,1,200,200,200,34,0,1,38,200
0,200,30,1,2,1,3,7,2,2,0,0,0,0,1,200,200,11,25,0,45,200
0,200,30,1,2,0,3,10,2,2,0,0,0,0,1,200,200,7,0,0,26,200
0,200,30,1,2,0,3,10,2,2,0,0,0,0,1,200,200,7,0,0,22,200
1,200,30,1,2,0,3,10,2,2,0,0,0,0,1,200,200,7,0,0,21,200
1,200,30,1,2,0,3,10,2,2,0,0,0,0,1,200,200,7,0,1,22,200
0,200,30,0,0,0,3,12,2,2,0,0,0,0,200,200,1,21,0,0,200,200
0,200,30,0,0,0,3,12,2,2,0,0,0,0,200,200,1,21,0,0,48,200
0,200,30,0,0,0,3,7,6,1,0,0,0,1,200,200,1,32,25,0,32,200
0,200,35,1,2,2,3,10,3,4,0,1,0,1,1,200,200,16,0,0,27,200
0,200,35,1,2,2,3,10,3,4,0,1,0,1,1,200,200,16,0,0,34,200
0,200,35,1,2,2,3,10,3,4,0,1,0,1,1,200,200,16,0,0,38,200
0,200,30,0,0,0,3,7,6,200,0,200,0,1,200,200,200,27,32,0,31,0.12
0,200,30,1,2,0,3,10,6,200,0,0,0,0,1,200,200,18,200,0,73,200
0,200,30,1,2,0,3,10,6,200,0,0,0,0,1,200,200,18,200,1,57,200
0,200,30,0,0,2,3,7,5,4,0,1,0,1,200,200,200,32,21,0,29,200