PERSON_TYPE,CRASH_DATE_EST_I,POSTED_SPEED_LIMIT,TRAFFIC_CONTROL_DEVICE,DEVICE_CONDITION,WEATHER_CONDITION,LIGHTING_CONDITION,FIRST_CRASH_TYPE,TRAFFICWAY_TYPE,LANE_CNT,ALIGNMENT,ROADWAY_SURFACE_COND,ROAD_DEFECT,CRASH_TYPE,INTERSECTION_RELATED_I,NOT_RIGHT_OF_WAY_I,HIT_AND_RUN_I,PRIM_CONTRIBUTORY_CAUSE,SEC_CONTRIBUTORY_CAUSE,SEX,AGE,BAC_RESULT VALUE
0,200,45,0,0,0,3,12,3,4,0,0,0,1,200,200,0,32,25,0,28,200
0,200,45,0,0,0,3,12,3,4,0,0,0,1,200,200,0,32,25,0,28,200
0,200,30,0,0,2,3,2,5,200,0,1,0,1,1,200,200,13,200,0,23,200
1,200,30,0,0,2,3,2,5,200,0,1,0,1,1,200,200,13,200,0,29,200
0,0,30,0,0,2,3,14,6,1,0,1,0,0,200,200,200,0,200,0,44,200
0,0,30,0,0,2,3,14,6,1,0,1,0,0,200,200,200,0,200,0,24,200
0,200,40,0,0,2,3,10,3,4,0,1,0,1,200,200,200,16,22,0,29,200
0,200,40,0,0,2,3,10,3,4,0,1,0,1,200,200,200,16,22,1,30,200
0,200,30,1,2,2,3,10,5,2,0,1,0,0,200,200,200,16,0,0,82,200
0,200,30,1,2,2,3,10,5,2,0,1,0,0,200,200,200,16,0,0,26,200
0,200,30,2,2,2,3,2,5,2,0,1,200,1,1,200,200,14,22,0,45,200
0,200,30,0,0,2,3,7,5,200,0,1,0,0,200,200,1,16,0,2,200,200
0,200,35,2,2,2,3,0,2,4,0,1,0,0,1,200,200,17,34,0,56,200
0,200,35,2,2,2,3,0,2,4,0,1,0,0,1,200,200,17,34,0,19,200
1,200,35,2,2,2,3,0,2,4,0,1,0,0,1,200,200,17,34,1,19,200
1,200,35,2,2,2,3,0,2,4,0,1,0,0,1,200,200,17,34,0,28,200
1,200,35,2,2,2,3,0,2,4,0,1,0,0,1,200,200,17,34,1,200,200
0,200,30,0,0,2,0,10,5,200,0,1,0,0,200,200,1,0,0,0,200,200
0,200,30,0,0,2,0,10,5,200,0,1,0,0,200,200,1,0,0,0,59,200
5,200,30,0,0,0,3,9,2,4,0,1,0,1,200,200,1,200,200,0,34,200
0,200,30,0,0,0,3,9,2,4,0,1,0,1,200,200,1,200,200,1,37,200
0,200,0,0,0,2,3,7,6,200,0,1,0,0,200,200,200,27,200,0,23,200
0,200,30,0,0,200,200,7,6,200,0,200,0,1,200,200,1,0,0,2,200,200
0,200,30,1,2,2,3,14,6,4,0,1,0,1,1,200,1,6,14,2,200,200
0,200,30,1,2,2,3,14,6,4,0,1,0,1,1,200,1,6,14,0,56,200
0,200,30,1,2,0,2,2,2,0,0,1,0,1,1,200,1,0,200,2,200,200
0,200,30,0,0,0,2,2,12,2,0,1,0,1,200,200,0,0,200,2,200,200
0,200,30,0,0,2,3,7,6,2,0,1,0,0,200,200,1,0,0,2,200,200
0,200,30,0,0,0,1,7,6,1,0,0,0,1,200,200,1,0,200,2,200,200
0,1,30,1,2,200,200,7,3,200,0,200,0,0,200,200,0,0,0,2,200,200
0,200,10,0,0,1,1,7,7,200,0,1,0,0,200,200,200,20,11,1,64,200
0,200,30,1,2,1,1,0,5,2,0,0,0,1,1,200,1,6,6,1,200,200
0,200,30,1,2,1,1,0,5,2,0,0,0,1,1,200,1,6,6,0,34,200
0,1,35,0,0,200,200,7,5,2,0,200,200,1,200,200,0,0,0,2,200,200
0,200,30,2,0,1,1,2,5,200,0,1,0,1,200,200,200,34,200,0,28,200
0,200,39,1,2,0,3,14,5,4,0,0,0,0,200,200,200,23,200,1,32,200
0,200,39,1,2,0,3,14,5,4,0,0,0,0,200,200,200,23,200,0,40,200
0,200,40,0,0,1,1,12,3,4,0,1,0,0,200,200,1,17,11,0,200,200
0,200,40,0,0,1,1,12,3,4,0,1,0,0,200,200,1,17,11,1,41,200
0,200,20,0,0,0,1,7,6,200,0,1,0,0,200,200,200,11,200,1,22,200
0,200,30,0,0,0,1,10,5,200,0,0,0,0,200,200,200,20,200,0,55,200
0,200,30,0,0,0,1,10,5,200,0,0,0,0,200,200,200,20,200,0,31,200
0,200,30,0,0,0,1,7,5,2,0,1,0,1,200,200,1,14,16,0,200,200
0,200,30,0,0,1,1,12,5,2,0,0,0,0,200,200,200,0,0,0,66,200
0,200,30,0,0,1,1,12,5,2,0,0,0,0,200,200,200,0,0,0,54,200
0,200,35,0,0,0,1,12,2,4,0,0,0,0,200,200,200,21,21,0,27,200
0,200,35,0,0,0,1,12,2,4,0,0,0,0,200,200,200,21,21,0,27,200
0,200,30,0,0,0,200,7,5,2,0,1,0,0,200,1,1,0,0,2,200,200
0,1,30,0,0,0,3,7,5,2,0,0,0,0,200,200,1,0,0,2,200,200
0,200,0,200,200,1,1,2,0,200,0,0,200,0,200,200,200,0,0,0,200,200
1,200,0,200,200,1,1,2,0,200,0,0,200,0,200,200,200,0,0,0,200,200
0,200,35,1,2,1,1,14,2,200,0,1,0,0,200,200,200,23,200,0,25,200
0,200,35,1,2,1,1,14,2,200,0,1,0,0,200,200,200,23,200,0,29,200
0,1,30,0,0,200,200,7,5,1,0,200,0,0,200,200,1,0,0,2,200,200
0,200,30,0,0,200,200,7,6,1,0,200,0,0,200,200,1,0,0,2,200,200
0,1,25,0,0,200,200,7,5,1,0,200,0,0,200,200,1,25,200,2,200,200
0,200,30,1,2,0,1,10,5,2,0,0,0,0,200,200,200,0,0,0,200,200
0,200,30,1,2,0,1,10,5,2,0,0,0,0,200,200,200,0,0,1,69,200
4,200,20,0,0,0,1,8,6,1,0,0,1,1,200,200,200,0,0,0,54,200
0,200,20,0,0,0,1,8,6,1,0,0,1,1,200,200,200,0,0,1,38,200
1,200,20,0,0,0,1,8,6,1,0,0,1,1,200,200,200,0,0,0,37,200
0,200,30,12,2,1,1,12,5,4,0,0,200,0,200,200,1,22,28,0,200,200
0,200,30,12,2,1,1,12,5,4,0,0,200,0,200,200,1,22,28,0,55,200
0,200,20,2,2,0,1,9,8,2,2,0,0,1,1,200,200,5,17,0,63,200
5,200,20,2,2,0,1,9,8,2,2,0,0,1,1,200,200,5,17,1,40,200
0,1,30,0,0,2,3,7,2,2,0,1,0,1,200,200,1,0,0,2,200,200
0,200,30,0,0,0,1,0,4,200,0,0,0,0,200,200,200,0,20,1,48,200
0,200,30,0,0,0,1,0,4,200,0,0,0,0,200,200,200,0,20,1,70,200
0,200,15,0,0,1,1,0,0,1,0,0,0,0,200,200,1,17,0,0,200,200
0,200,15,0,0,1,1,0,0,1,0,0,0,0,200,200,1,17,0,0,67,200
0,200,30,0,0,1,1,10,3,4,0,0,0,1,200,200,200,0,0,0,45,200
0,200,30,0,0,1,1,10,3,4,0,0,0,1,200,200,200,0,0,1,28,200
0,200,30,0,0,0,3,7,5,3,0,0,0,1,200,200,1,0,0,2,200,200
0,200,30,2,2,0,1,0,5,2,0,0,0,1,1,200,200,17,200,1,45,200
0,200,30,2,2,0,1,0,5,2,0,0,0,1,1,200,200,17,200,1,47,200
1,200,30,2,2,0,1,0,5,2,0,0,0,1,1,200,200,17,200,0,46,200
1,200,30,2,2,0,1,0,5,2,0,0,0,1,1,200,200,17,200,0,12,200
1,200,30,2,2,0,1,0,5,2,0,0,0,1,1,200,200,17,200,0,15,200
0,200,35,1,2,1,4,10,5,200,0,200,200,0,200,200,200,20,200,1,200,200
0,200,35,1,2,1,4,10,5,200,0,200,200,0,200,200,200,20,200,1,48,200
0,200,30,0,2,0,1,10,5,200,0,0,0,0,200,200,200,11,11,0,25,200
0,200,30,0,2,0,1,10,5,200,0,0,0,0,200,200,200,11,11,1,31,200
0,200,30,0,2,0,1,10,5,200,0,0,0,0,200,200,200,11,11,0,45,200
1,200,30,0,2,0,1,10,5,200,0,0,0,0,200,200,200,11,11,0,45,200
0,200,30,1,200,0,1,10,5,4,0,0,0,0,200,200,1,11,200,1,200,200
0,200,30,1,200,0,1,10,5,4,0,0,0,0,200,200,1,11,200,1,62,200
0,200,40,0,0,200,1,12,8,2,0,200,200,0,200,200,1,0,200,1,200,200
0,200,40,0,0,200,1,12,8,2,0,200,200,0,200,200,1,0,200,1,56,200
0,1,20,1,2,1,1,10,6,1,0,0,0,0,200,200,200,0,0,1,85,200
0,1,20,1,2,1,1,10,6,1,0,0,0,0,200,200,200,0,0,0,46,200
0,200,30,0,0,0,1,0,2,200,0,1,0,0,200,200,200,17,0,0,42,200
0,200,30,0,0,0,1,0,2,200,0,1,0,0,200,200,200,17,0,0,31,200
1,200,30,0,0,0,1,0,2,200,0,1,0,0,200,200,200,17,0,0,200,200
0,200,30,1,2,1,3,14,12,200,0,200,0,0,200,200,200,17,22,0,50,200
0,200,30,1,2,1,3,14,12,200,0,200,0,0,200,200,200,17,22,0,0,200
0,1,30,0,0,200,200,7,5,200,0,200,0,0,200,200,1,0,0,2,200,200
0,200,20,0,0,0,1,10,2,2,0,1,0,0,200,200,200,18,18,0,20,200
0,200,20,0,0,0,1,10,2,2,0,1,0,0,200,200,200,18,18,0,19,200
0,200,30,0,0,0,1,7,6,1,0,0,0,0,200,200,200,20,11,1,65,200
0,200,30,0,0,0,1,7,7,200,0,0,0,0,200,1,200,20,11,1,65,200
0,200,30,0,0,1,1,10,5,200,0,0,0,0,200,200,200,200,200,2,200,200
0,200,30,0,0,1,1,10,5,200,0,0,0,0,200,200,200,200,200,1,41,200
0,200,5,0,0,0,1,2,7,2,0,0,200,0,200,1,1,11,0,0,200,200
0,200,15,0,0,0,1,11,7,1,0,0,0,0,200,200,200,0,0,1,200,200
0,200,15,0,0,0,1,11,7,1,0,0,0,0,200,200,200,0,0,1,37,200
1,200,15,0,0,0,1,11,7,1,0,0,0,0,200,200,200,0,0,1,14,200
0,200,30,0,0,0,1,12,6,1,0,0,0,0,200,200,200,17,22,1,23,200
0,200,30,0,0,0,1,12,6,1,0,0,0,0,200,200,200,17,22,1,51,200
0,200,30,0,0,0,1,7,3,4,0,0,0,0,200,200,1,0,0,1,200,200
0,200,30,0,0,0,1,7,6,1,0,0,0,0,200,200,1,0,0,2,200,200
0,200,30,0,0,0,1,7,5,200,0,0,0,0,200,200,1,200,200,2,200,200
0,200,35,1,2,0,1,10,5,4,0,0,0,0,1,200,200,7,200,1,26,200
0,200,35,1,2,0,1,10,5,4,0,0,0,0,1,200,200,7,200,0,70,200
0,200,30,0,0,0,1,12,5,200,0,0,0,0,200,200,200,22,25,1,48,200
0,200,30,0,0,0,1,12,5,200,0,0,0,0,200,200,200,22,25,1,42,200
1,200,30,0,0,0,1,12,5,200,0,0,0,0,200,200,200,22,25,1,24,200
0,1,30,0,0,0,1,7,6,1,0,0,0,0,200,200,200,0,11,2,200,200
0,200,30,0,0,1,1,14,2,200,0,0,0,0,200,200,200,18,200,0,200,200
0,200,30,0,0,1,1,14,2,200,0,0,0,0,200,200,200,18,200,1,18,200
1,200,30,0,0,1,1,14,2,200,0,0,0,0,200,200,200,18,200,1,59,200
0,200,30,2,2,1,1,10,2,2,0,200,200,0,200,200,200,0,0,2,200,200
0,200,30,2,2,1,1,10,2,2,0,200,200,0,200,200,200,0,0,1,48,200
0,200,30,1,2,2,3,10,5,200,0,1,0,0,1,200,200,18,34,1,200,200
0,200,30,1,2,2,3,10,5,200,0,1,0,0,1,200,200,18,34,1,200,200
1,200,30,1,2,2,3,10,5,200,0,1,0,0,1,200,200,18,34,2,200,200
1,200,30,1,2,2,3,10,5,200,0,1,0,0,1,200,200,18,34,0,200,200
0,200,30,2,2,12,1,3,5,2,0,1,0,0,1,200,200,0,200,0,33,200
0,200,30,2,2,12,1,3,5,2,0,1,0,0,1,200,200,0,200,1,32,200
0,200,30,0,0,0,1,14,5,2,0,0,0,0,200,200,200,17,0,0,66,200
0,200,30,0,0,0,1,14,5,2,0,0,0,0,200,200,200,17,0,0,32,200
1,200,30,0,0,0,1,14,5,2,0,0,0,0,200,200,200,17,0,0,18,200
0,1,30,0,0,200,200,7,5,2,0,200,0,0,200,200,1,23,11,2,200,200
0,200,30,0,0,0,1,10,5,200,0,0,0,0,200,200,200,7,0,1,72,200
0,200,30,0,0,0,1,10,5,200,0,0,0,0,200,200,200,7,0,0,57,200
0,1,30,0,0,2,3,7,6,1,0,1,0,0,200,200,1,20,0,2,200,200
0,200,30,2,0,0,1,10,6,200,0,0,0,0,1,200,200,18,18,0,56,200
0,200,30,2,0,0,1,10,6,200,0,0,0,0,1,200,200,18,18,0,200,200
1,200,30,2,0,0,1,10,6,200,0,0,0,0,1,200,200,18,18,0,22,200
0,200,30,0,0,0,1,7,5,200,0,1,0,0,200,200,1,0,0,2,200,200
0,200,25,1,2,1,1,0,5,8,2,0,0,1,1,200,200,6,200,1,24,200
0,200,25,1,2,1,1,0,5,8,2,0,0,1,1,200,200,6,200,0,49,200
1,200,25,1,2,1,1,0,5,8,2,0,0,1,1,200,200,6,200,0,28,200
1,200,25,1,2,1,1,0,5,8,2,0,0,1,1,200,200,6,200,1,26,200
1,200,25,1,2,1,1,0,5,8,2,0,0,1,1,200,200,6,200,0,29,200
1,200,25,1,2,1,1,0,5,8,2,0,0,1,1,200,200,6,200,1,23,200
1,200,25,1,2,1,1,0,5,8,2,0,0,1,1,200,200,6,200,0,51,200
1,200,25,1,2,1,1,0,5,8,2,0,0,1,1,200,200,6,200,1,53,200
0,200,15,0,0,0,1,7,7,200,0,0,0,0,200,200,200,0,0,1,64,200
0,200,25,0,0,0,200,2,6,1,0,200,0,0,200,200,1,0,0,2,200,200
0,200,15,0,0,0,1,0,7,200,0,0,0,0,200,1,200,17,17,1,39,200
0,200,15,0,0,0,1,0,7,200,0,0,0,0,200,1,200,17,17,0,26,200
1,200,15,0,0,0,1,0,7,200,0,0,0,0,200,1,200,17,17,0,200,200
0,200,30,0,0,0,1,7,5,1,0,0,0,0,200,200,200,20,200,0,30,200
0,200,35,2,0,0,1,0,5,200,0,0,0,0,200,200,200,5,5,1,74,200
0,200,35,2,0,0,1,0,5,200,0,0,0,0,200,200,200,5,5,0,23,200
0,0,15,0,0,0,1,7,7,200,0,0,0,0,200,200,200,20,0,0,34,200
0,200,30,0,0,0,1,12,12,1,0,0,0,0,200,200,1,0,0,1,200,200
1,200,30,0,0,0,1,12,12,1,0,0,0,0,200,200,1,0,0,1,84,200
0,200,30,2,2,0,1,7,5,200,0,0,0,1,200,200,200,0,0,1,38,200
0,200,30,1,2,0,1,14,5,2,0,0,0,1,1,200,200,17,0,1,38,200
0,200,30,1,2,0,1,14,5,2,0,0,0,1,1,200,200,17,0,1,24,200
1,200,30,1,2,0,1,14,5,2,0,0,0,1,1,200,200,17,0,1,11,200
1,200,30,1,2,0,1,14,5,2,0,0,0,1,1,200,200,17,0,1,14,200
0,200,35,1,2,1,1,10,5,200,0,0,0,0,200,200,200,18,200,0,64,200
0,200,35,1,2,1,1,10,5,200,0,0,0,0,200,200,200,18,200,1,200,200
1,200,35,1,2,1,1,10,5,200,0,0,0,0,200,200,200,18,200,1,63,200
0,1,25,1,2,1,1,10,5,2,0,0,0,0,200,200,200,0,0,1,30,200
0,1,25,1,2,1,1,10,5,2,0,0,0,0,200,200,200,0,0,1,21,200
0,200,30,1,0,0,1,12,2,4,0,0,0,0,200,200,1,14,22,0,200,200
0,200,30,1,0,0,1,12,2,4,0,0,0,0,200,200,1,14,22,1,64,200
0,200,30,1,0,0,1,12,2,4,0,0,0,0,200,200,1,14,22,0,73,200
0,1,30,0,0,200,200,7,5,2,0,200,200,1,200,200,1,0,0,2,200,200
0,200,30,1,2,0,1,10,5,2,0,0,0,0,200,200,200,18,200,1,26,200
0,200,30,1,2,0,1,10,5,2,0,0,0,0,200,200,200,18,200,1,66,200
0,200,30,1,2,0,1,10,5,2,0,0,0,0,200,200,200,18,200,0,40,200
0,200,30,1,2,0,1,0,5,3,0,200,200,0,200,200,200,17,0,0,43,200
0,200,30,1,2,0,1,0,5,3,0,200,200,0,200,200,200,17,0,0,70,200
0,200,25,0,0,0,1,7,5,200,0,0,0,0,200,200,0,25,11,0,18,200
1,200,25,0,0,0,1,7,5,200,0,0,0,0,200,200,0,25,11,1,18,200
0,200,30,0,0,0,1,8,5,2,0,0,0,1,200,200,200,0,17,0,50,200
4,200,30,0,0,0,1,8,5,2,0,0,0,1,200,200,200,0,17,0,33,200
0,200,30,1,2,1,1,12,5,200,0,0,0,0,200,200,1,21,200,1,200,200
0,200,30,1,2,1,1,12,5,200,0,0,0,0,200,200,1,21,200,1,29,200
0,200,30,0,0,0,1,7,5,1,0,0,0,0,200,200,1,8,11,1,200,200
1,200,30,0,0,0,1,7,5,1,0,0,0,0,200,200,1,8,11,0,200,200
0,200,10,0,0,0,1,10,7,2,0,0,0,1,200,200,200,0,0,1,34,200
0,200,10,0,0,0,1,10,7,2,0,0,0,1,200,200,200,0,0,1,44,200
1,200,10,0,0,0,1,10,7,2,0,0,0,1,200,200,200,0,0,0,18,200
1,200,10,0,0,0,1,10,7,2,0,0,0,1,200,200,200,0,0,0,20,200
1,200,10,0,0,0,1,10,7,2,0,0,0,1,200,200,200,0,0,200,18,200
1,200,10,0,0,0,1,10,7,2,0,0,0,1,200,200,200,0,0,2,200,200
0,200,15,0,0,0,1,0,7,1,0,0,0,0,200,1,200,0,0,0,31,200
0,200,15,0,0,0,1,0,7,1,0,0,0,0,200,1,200,0,0,1,64,200
1,200,15,0,0,0,1,0,7,1,0,0,0,0,200,1,200,0,0,0,27,200
0,200,30,2,2,0,1,14,5,200,0,0,0,1,1,200,200,23,27,1,66,200
0,200,30,2,2,0,1,14,5,200,0,0,0,1,1,200,200,23,27,1,35,200
1,200,30,2,2,0,1,14,5,200,0,0,0,1,1,200,200,23,27,1,70,200
1,200,30,2,2,0,1,14,5,200,0,0,0,1,1,200,200,23,27,1,10,200
1,200,30,2,2,0,1,14,5,200,0,0,0,1,1,200,200,23,27,1,9,200
0,200,30,1,2,0,1,10,2,4,0,0,0,0,200,200,200,0,0,1,27,200
0,200,30,1,2,0,1,10,2,4,0,0,0,0,200,200,200,0,0,0,200,200
0,200,30,0,0,0,1,2,5,2,0,0,0,1,200,200,200,0,200,0,36,200
0,1,30,0,0,200,3,7,6,3,0,200,200,0,200,200,1,0,200,2,200,200
4,200,30,200,200,0,1,8,6,2,0,0,0,0,200,200,1,0,200,0,200,200
0,200,30,2,2,0,1,14,5,2,0,200,200,0,1,200,200,17,22,0,30,200
0,200,30,2,2,0,1,14,5,2,0,200,200,0,1,200,200,17,22,1,27,200
0,200,30,0,0,0,1,12,5,200,0,0,0,0,200,200,200,22,25,0,200,200
0,200,30,0,0,0,1,12,5,200,0,0,0,0,200,200,200,22,25,0,52,200
1,200,30,0,0,0,1,12,5,200,0,0,0,0,200,200,200,22,25,0,200,200
1,200,30,0,0,0,1,12,5,200,0,0,0,0,200,200,200,22,25,0,200,200
0,1,30,0,0,0,1,7,6,1,0,0,0,0,200,200,1,0,200,1,200,200
0,200,20,1,2,0,1,14,5,2,0,0,0,1,200,200,1,0,17,0,200,200
0,200,20,1,2,0,1,14,5,2,0,0,0,1,200,200,1,0,17,0,23,200
0,200,30,3,2,0,1,9,2,2,0,0,0,1,200,200,200,17,16,0,37,200
5,200,30,3,2,0,1,9,2,2,0,0,0,1,200,200,200,17,16,1,63,200
0,200,30,1,2,0,1,10,2,4,0,0,0,0,200,200,200,16,200,0,46,200
0,200,30,1,2,0,1,10,2,4,0,0,0,0,200,200,200,16,200,0,200,200
0,200,30,1,2,0,1,14,8,200,0,0,0,1,1,200,200,23,200,0,26,200
0,200,30,1,2,0,1,14,8,200,0,0,0,1,1,200,200,23,200,1,30,200
0,200,30,0,0,0,1,2,5,2,0,0,0,0,200,200,200,200,200,0,53,200
0,200,35,0,0,0,1,10,5,2,0,0,0,0,200,200,1,21,18,0,200,200
0,200,35,0,0,0,1,10,5,2,0,0,0,0,200,200,1,21,18,0,52,200
1,200,35,0,0,0,1,10,5,2,0,0,0,0,200,200,1,21,18,0,200,200
0,200,30,0,0,0,0,7,6,1,0,0,0,0,200,200,1,0,0,2,200,200
0,200,25,0,0,0,1,10,6,200,0,0,0,0,200,200,200,20,20,0,45,200
0,200,25,0,0,0,1,10,6,200,0,0,0,0,200,200,200,20,20,0,43,200
0,200,30,0,0,0,1,10,2,4,0,0,0,0,200,200,1,18,200,0,200,200
0,200,30,0,0,0,1,10,2,4,0,0,0,0,200,200,1,18,200,1,53,200
0,1,30,0,0,0,1,7,6,200,3,0,0,0,200,200,1,200,200,2,200,200
0,200,35,1,2,0,1,9,3,2,0,0,0,1,200,200,1,0,0,0,200,200
5,200,35,1,2,0,1,9,3,2,0,0,0,1,200,200,1,0,0,0,73,200
0,200,40,3,2,0,1,12,3,4,5,0,0,0,200,200,200,11,11,0,53,200
0,200,40,3,2,0,1,12,3,4,5,0,0,0,200,200,200,11,11,1,30,200
1,200,40,3,2,0,1,12,3,4,5,0,0,0,200,200,200,11,11,1,200,200
0,200,30,2,2,0,1,0,12,2,0,0,0,1,1,200,200,17,0,1,56,200
0,200,30,2,2,0,1,0,12,2,0,0,0,1,1,200,200,17,0,0,22,200
0,200,35,1,2,0,1,10,5,2,0,0,0,0,200,200,200,18,18,0,38,200
0,200,35,1,2,0,1,10,5,2,0,0,0,0,200,200,200,18,18,1,60,200
0,200,30,0,0,0,1,7,6,200,0,0,0,0,200,200,1,0,0,2,200,200
0,200,30,1,2,0,1,12,5,3,0,0,0,0,1,200,200,22,200,1,41,200
0,200,30,1,2,0,1,12,5,3,0,0,0,0,1,200,200,22,200,1,28,200
1,200,30,1,2,0,1,12,5,3,0,0,0,0,1,200,200,22,200,1,59,200
1,200,30,1,2,0,1,12,5,3,0,0,0,0,1,200,200,22,200,1,15,200
1,200,30,1,2,0,1,12,5,3,0,0,0,0,1,200,200,22,200,0,17,200
1,200,30,1,2,0,1,12,5,3,0,0,0,0,1,200,200,22,200,1,200,200
1,200,30,1,2,0,1,12,5,3,0,0,0,0,1,200,200,22,200,1,200,200
0,200,20,0,200,0,1,7,5,2,0,0,0,0,200,200,200,0,200,1,200,200
0,200,35,0,0,0,1,0,2,6,0,0,0,0,200,200,200,17,0,1,33,200
0,200,35,0,0,0,1,0,2,6,0,0,0,0,200,200,200,17,0,1,40,200
1,200,35,0,0,0,1,0,2,6,0,0,0,0,200,200,200,17,0,1,33,200
0,200,30,2,2,0,1,9,5,2,0,200,200,1,1,200,1,17,22,0,200,200
5,200,30,2,2,0,1,9,5,2,0,200,200,1,1,200,1,17,22,1,38,200
0,200,30,1,2,0,1,14,2,200,0,0,0,0,1,200,200,23,3,0,30,200
0,200,30,1,2,0,1,14,2,200,0,0,0,0,1,200,200,23,3,0,43,200
0,200,30,0,0,2,1,3,2,200,0,1,0,1,200,200,200,34,200,0,20,200
0,200,30,0,0,2,1,3,2,200,0,1,0,1,200,200,200,34,200,0,43,200
0,200,45,0,0,0,1,10,3,5,0,0,0,1,200,200,200,11,16,1,35,200
0,200,45,0,0,0,1,10,3,5,0,0,0,1,200,200,200,11,16,0,61,200
1,200,45,0,0,0,1,10,3,5,0,0,0,1,200,200,200,11,16,0,9,200
1,200,45,0,0,0,1,10,3,5,0,0,0,1,200,200,200,11,16,1,0,200
0,200,25,0,0,0,1,14,5,2,0,0,0,0,200,200,200,17,11,1,23,200
0,200,25,0,0,0,1,14,5,2,0,0,0,0,200,200,200,17,11,0,58,200
0,1,30,0,0,200,200,7,6,1,0,200,0,0,200,200,1,0,200,2,200,200
0,200,30,2,2,0,1,10,5,2,0,200,200,0,1,200,200,18,0,0,38,200
0,200,30,2,2,0,1,10,5,2,0,200,200,0,1,200,200,18,0,0,22,200
0,200,10,0,0,0,1,11,7,200,0,200,200,0,200,200,200,20,20,0,52,200
0,200,10,0,0,0,1,11,7,200,0,200,200,0,200,200,200,20,20,0,39,200
1,200,10,0,0,0,1,11,7,200,0,200,200,0,200,200,200,20,20,0,200,200
1,200,10,0,0,0,1,11,7,200,0,200,200,0,200,200,200,20,20,1,30,200
0,200,30,0,0,0,1,11,7,2,0,0,200,0,200,1,200,0,0,1,200,200
0,200,30,0,0,0,1,11,7,2,0,0,200,0,200,1,200,0,0,1,54,200
0,1,30,0,0,0,1,12,5,200,0,0,0,0,200,200,1,18,200,2,200,200
0,1,30,0,0,0,1,12,5,200,0,0,0,0,200,200,1,18,200,0,29,200
0,200,30,1,2,0,1,0,2,4,0,0,0,1,200,200,200,0,200,1,31,200
0,200,30,1,2,0,1,0,2,4,0,0,0,1,200,200,200,0,200,1,40,200
0,200,30,1,2,0,1,12,5,6,0,0,0,0,1,200,200,0,200,1,51,200
0,200,30,1,2,0,1,12,5,6,0,0,0,0,1,200,200,0,200,0,19,200
1,200,30,1,2,0,1,12,5,6,0,0,0,0,1,200,200,0,200,0,32,200
1,200,30,1,2,0,1,12,5,6,0,0,0,0,1,200,200,0,200,0,24,200
1,200,30,1,2,0,1,12,5,6,0,0,0,0,1,200,200,0,200,0,59,200
0,200,30,0,0,1,1,11,6,2,0,0,0,0,1,200,200,20,0,0,27,200
0,200,30,0,0,1,1,11,6,2,0,0,0,0,1,200,200,20,0,1,24,200
1,200,30,0,0,1,1,11,6,2,0,0,0,0,1,200,200,20,0,0,200,200
0,200,25,0,0,2,1,11,2,200,0,1,0,1,200,200,200,34,34,0,24,200
0,200,25,0,0,2,1,11,2,200,0,1,0,1,200,200,200,34,34,0,56,200
0,200,30,0,0,0,1,9,2,4,0,0,0,1,200,200,200,21,200,0,0,200
5,200,30,0,0,0,1,9,2,4,0,0,0,1,200,200,200,21,200,0,73,200
0,200,30,0,0,0,1,10,5,4,0,0,0,0,200,200,200,18,11,0,20,200
0,200,30,0,0,0,1,10,5,4,0,0,0,0,200,200,200,18,11,0,49,200
0,200,30,0,0,0,1,10,5,4,0,0,0,0,200,200,200,18,11,2,200,200
0,200,30,1,2,0,1,10,5,2,0,0,0,0,200,200,200,16,200,0,52,200
0,200,30,1,2,0,1,10,5,2,0,0,0,0,200,200,200,16,200,1,58,200
0,200,30,0,0,0,1,9,5,200,0,0,0,1,200,200,200,200,200,1,200,200
5,200,30,0,0,0,1,9,5,200,0,0,0,1,200,200,200,200,200,1,11,200
0,1,30,0,0,200,200,7,2,2,0,200,0,0,200,200,1,0,0,2,200,200
0,200,35,0,0,0,1,14,3,4,0,0,0,0,1,200,1,18,16,2,200,200
0,200,35,0,0,0,1,14,3,4,0,0,0,0,1,200,1,18,16,0,55,200
0,200,30,0,0,0,1,7,6,1,0,0,0,1,200,200,1,200,200,0,200,200
0,200,40,0,0,0,1,12,3,10,5,0,0,0,200,200,200,0,0,0,21,200
0,200,40,0,0,0,1,12,3,10,5,0,0,0,200,200,200,0,0,1,53,200
1,200,40,0,0,0,1,12,3,10,5,0,0,0,200,200,200,0,0,1,24,200
0,200,25,0,0,0,1,12,5,4,0,0,0,0,200,200,200,11,0,1,30,200
0,200,25,0,0,0,1,12,5,4,0,0,0,0,200,200,200,11,0,1,31,200
0,200,30,2,0,0,1,7,6,200,0,0,0,0,200,200,200,22,22,1,63,200
0,200,30,1,2,0,1,0,12,3,0,0,0,1,1,200,200,3,200,0,55,200
0,200,30,1,2,0,1,0,12,3,0,0,0,1,1,200,200,3,200,1,32,200
0,200,30,0,0,0,1,10,5,2,0,0,0,0,200,200,200,18,11,0,52,200
0,200,30,0,0,0,1,10,5,2,0,0,0,0,200,200,200,18,11,1,200,200
0,200,30,2,2,0,1,10,5,200,0,0,0,0,200,200,200,18,200,0,200,200
0,200,30,2,2,0,1,10,5,200,0,0,0,0,200,200,200,18,200,0,200,200
0,200,30,2,2,0,1,14,5,1,0,0,0,1,1,200,200,17,4,1,18,200
0,200,30,2,2,0,1,14,5,1,0,0,0,1,1,200,200,17,4,1,29,200
0,200,30,1,2,1,1,10,2,2,0,0,0,0,1,200,1,16,0,0,200,200