PERSON_TYPE,CRASH_DATE_EST_I,POSTED_SPEED_LIMIT,TRAFFIC_CONTROL_DEVICE,DEVICE_CONDITION,WEATHER_CONDITION,LIGHTING_CONDITION,FIRST_CRASH_TYPE,TRAFFICWAY_TYPE,LANE_CNT,ALIGNMENT,ROADWAY_SURFACE_COND,ROAD_DEFECT,CRASH_TYPE,INTERSECTION_RELATED_I,NOT_RIGHT_OF_WAY_I,HIT_AND_RUN_I,PRIM_CONTRIBUTORY_CAUSE,SEC_CONTRIBUTORY_CAUSE,SEX,AGE,BAC_RESULT VALUE
0,200,30,1,2,1,1,10,2,2,0,0,0,0,1,200,1,16,0,0,28,200
1,200,30,1,2,1,1,10,2,2,0,0,0,0,1,200,1,16,0,1,30,200
0,200,30,1,2,0,1,14,2,4,0,0,0,1,1,200,200,23,200,0,56,200
0,200,30,1,2,0,1,14,2,4,0,0,0,1,1,200,200,23,200,0,28,200
1,200,30,1,2,0,1,14,2,4,0,0,0,1,1,200,200,23,200,0,200,200
1,200,30,1,2,0,1,14,2,4,0,0,0,1,1,200,200,23,200,0,25,200
0,200,10,0,0,0,1,7,7,1,3,0,0,0,200,1,200,23,11,0,25,200
0,200,30,2,2,0,1,14,12,200,0,0,0,0,200,200,200,0,0,1,90,200
0,200,30,2,2,0,1,14,12,200,0,0,0,0,200,200,200,0,0,0,22,200
1,200,30,2,2,0,1,14,12,200,0,0,0,0,200,200,200,0,0,1,20,200
0,200,30,0,0,0,1,0,5,2,0,0,0,0,200,200,1,20,0,1,200,200
0,200,30,0,0,0,1,0,5,2,0,0,0,0,200,200,1,20,0,0,48,200
0,200,30,200,200,200,200,7,200,200,0,200,200,0,200,200,200,0,200,0,200,200
0,200,30,0,0,0,1,5,6,200,0,0,12,0,200,200,200,0,200,1,200,200
0,200,30,1,2,1,1,10,5,2,0,0,0,0,200,200,200,18,16,1,200,200
0,200,30,1,2,1,1,10,5,2,0,0,0,0,200,200,200,18,16,1,200,200
1,200,30,1,2,1,1,10,5,2,0,0,0,0,200,200,200,18,16,0,200,200
0,200,45,0,0,0,1,12,3,200,0,0,0,0,200,200,200,21,16,1,27,200
0,200,45,0,0,0,1,12,3,200,0,0,0,0,200,200,200,21,16,0,20,200
0,200,30,0,0,0,1,12,5,200,0,0,0,0,200,200,200,0,0,0,76,200
0,200,30,0,0,0,1,12,5,200,0,0,0,0,200,200,200,0,0,0,37,200
0,200,35,0,0,0,1,7,7,200,0,0,0,0,200,200,200,200,200,0,38,200
0,200,30,0,0,0,1,10,5,200,0,0,0,0,200,200,1,18,16,1,200,200
0,200,30,0,0,0,1,10,5,200,0,0,0,0,200,200,1,18,16,1,37,200
1,200,30,0,0,0,1,10,5,200,0,0,0,0,200,200,1,18,16,1,200,200
0,200,30,0,0,0,1,12,5,2,0,0,0,0,200,200,200,17,200,1,24,200
0,200,30,0,0,0,1,12,5,2,0,0,0,0,200,200,200,17,200,1,35,200
0,200,30,0,0,0,1,10,5,2,0,0,0,0,200,200,1,18,0,0,200,200
0,200,30,0,0,0,1,10,5,2,0,0,0,0,200,200,1,18,0,1,29,200
0,200,30,2,2,0,1,0,5,200,0,0,0,1,200,200,200,17,200,1,54,200
0,200,30,2,2,0,1,0,5,200,0,0,0,1,200,200,200,17,200,0,27,200
1,200,30,2,2,0,1,0,5,200,0,0,0,1,200,200,200,17,200,1,25,200
0,200,30,0,0,0,1,14,6,4,0,0,0,1,200,200,200,23,200,1,55,200
0,200,30,0,0,0,1,14,6,4,0,0,0,1,200,200,200,23,200,0,32,200
1,200,30,0,0,0,1,14,6,4,0,0,0,1,200,200,200,23,200,200,200,200
1,200,30,0,0,0,1,14,6,4,0,0,0,1,200,200,200,23,200,200,200,200
0,200,30,0,0,1,1,10,5,2,0,0,0,0,1,200,200,18,16,0,200,200
0,200,30,0,0,1,1,10,5,2,0,0,0,0,1,200,200,18,16,1,200,200
0,200,30,2,0,0,1,0,6,200,0,0,0,0,200,200,200,5,200,1,59,200
0,200,30,2,0,0,1,0,6,200,0,0,0,0,200,200,200,5,200,0,23,200
0,1,30,0,0,0,1,11,5,200,0,0,0,0,200,200,200,18,200,0,36,200
0,1,30,0,0,0,1,11,5,200,0,0,0,0,200,200,200,18,200,0,54,200
0,200,30,0,0,0,1,10,5,2,0,0,0,0,200,200,1,18,16,1,40,200
0,200,30,0,0,0,1,10,5,2,0,0,0,0,200,200,1,18,16,1,200,200
0,200,0,0,0,0,1,7,7,1,0,0,0,0,200,1,200,0,200,0,35,200
0,200,30,2,2,0,1,0,2,4,0,0,0,1,1,200,200,17,200,1,30,200
0,200,30,2,2,0,1,0,2,4,0,0,0,1,1,200,200,17,200,1,43,200
0,200,30,0,0,0,1,10,5,2,0,0,0,0,1,200,200,18,11,0,43,200
0,200,30,0,0,0,1,10,5,2,0,0,0,0,1,200,200,18,11,0,62,200
1,200,30,0,0,0,1,10,5,2,0,0,0,0,1,200,200,18,11,1,21,200
1,200,30,0,0,0,1,10,5,2,0,0,0,0,1,200,200,18,11,1,16,200
0,200,15,0,0,0,1,8,0,200,0,0,0,1,200,0,1,14,17,1,200,200
4,200,15,0,0,0,1,8,0,200,0,0,0,1,200,0,1,14,17,0,10,200
0,200,40,0,0,0,1,10,3,10,1,0,0,0,200,200,200,0,0,1,29,200
0,200,40,0,0,0,1,10,3,10,1,0,0,0,200,200,200,0,0,0,43,200
1,200,40,0,0,0,1,10,3,10,1,0,0,0,200,200,200,0,0,1,43,200
1,200,40,0,0,0,1,10,3,10,1,0,0,0,200,200,200,0,0,1,1,200
1,200,40,0,0,0,1,10,3,10,1,0,0,0,200,200,200,0,0,0,3,200
1,200,40,0,0,0,1,10,3,10,1,0,0,0,200,200,200,0,0,0,5,200
1,200,40,0,0,0,1,10,3,10,1,0,0,0,200,200,200,0,0,1,15,200
0,200,30,0,0,0,1,7,6,2,0,0,0,0,200,200,200,0,200,0,56,200
1,200,30,0,0,0,1,7,6,2,0,0,0,0,200,200,200,0,200,1,200,200
0,200,30,1,2,0,1,10,5,200,0,0,0,0,1,200,200,9,7,0,29,200
0,200,30,1,2,0,1,10,5,200,0,0,0,0,1,200,200,9,7,1,35,200
1,200,30,1,2,0,1,10,5,200,0,0,0,0,1,200,200,9,7,1,30,200
1,200,30,1,2,0,1,10,5,200,0,0,0,0,1,200,200,9,7,0,8,200
0,200,15,3,12,0,1,11,7,2,0,0,0,0,200,1,200,20,0,1,39,200
0,200,15,3,12,0,1,11,7,2,0,0,0,0,200,1,200,20,0,0,33,200
0,200,30,2,2,1,1,10,5,2,0,0,0,0,1,200,200,18,16,1,200,200
0,200,30,2,2,1,1,10,5,2,0,0,0,0,1,200,200,18,16,1,200,200
0,200,30,2,2,1,1,10,5,2,0,0,0,0,1,200,200,18,16,1,200,200
1,200,30,2,2,1,1,10,5,2,0,0,0,0,1,200,200,18,16,1,200,200
1,200,30,2,2,1,1,10,5,2,0,0,0,0,1,200,200,18,16,0,200,200
1,200,30,2,2,1,1,10,5,2,0,0,0,0,1,200,200,18,16,0,200,200
0,200,30,2,2,0,1,14,5,2,0,0,0,0,200,200,1,23,23,1,200,200
0,200,30,2,2,0,1,14,5,2,0,0,0,0,200,200,1,23,23,1,41,200
1,200,30,2,2,0,1,14,5,2,0,0,0,0,200,200,1,23,23,1,200,200
0,1,25,0,0,200,200,7,5,1,0,200,0,0,200,200,200,20,0,0,200,200
0,1,30,1,2,0,1,14,3,4,0,0,0,1,1,200,200,17,17,1,33,200
0,1,30,1,2,0,1,14,3,4,0,0,0,1,1,200,200,17,17,0,32,200
1,1,30,1,2,0,1,14,3,4,0,0,0,1,1,200,200,17,17,0,4,200
0,200,30,2,2,0,1,10,6,200,0,0,0,1,0,200,200,18,0,0,19,200
0,200,30,2,2,0,1,10,6,200,0,0,0,1,0,200,200,18,0,1,69,200
0,200,30,0,0,0,1,12,5,4,0,0,0,0,0,200,1,21,17,1,200,200
0,200,30,0,0,0,1,12,5,4,0,0,0,0,0,200,1,21,17,0,18,200
0,200,30,200,200,0,1,3,5,200,0,0,0,0,200,200,200,8,11,1,53,200
2,200,30,200,200,0,1,3,5,200,0,0,0,0,200,200,200,8,11,200,200,200
0,200,30,200,200,0,1,3,5,200,0,0,0,0,200,200,200,8,11,2,200,200
0,200,30,0,0,0,1,12,3,4,0,0,0,1,200,200,200,17,0,0,30,200
0,200,30,0,0,0,1,12,3,4,0,0,0,1,200,200,200,17,0,0,70,200
1,200,30,0,0,0,1,12,3,4,0,0,0,1,200,200,200,17,0,0,29,200
1,200,30,0,0,0,1,12,3,4,0,0,0,1,200,200,200,17,0,1,24,200
1,200,30,0,0,0,1,12,3,4,0,0,0,1,200,200,200,17,0,1,69,200
0,200,25,0,0,0,1,11,6,3,0,0,0,0,200,200,1,10,16,0,200,200
0,200,25,0,0,0,1,11,6,3,0,0,0,0,200,200,1,10,16,0,36,200
0,1,30,0,0,0,0,7,5,2,0,0,0,0,200,200,1,0,200,2,200,200
0,200,30,0,0,0,1,14,12,2,0,12,12,1,200,200,200,16,200,1,17,200
0,200,30,0,0,0,1,14,12,2,0,12,12,1,200,200,200,16,200,1,27,200
1,200,30,0,0,0,1,14,12,2,0,12,12,1,200,200,200,16,200,1,17,200
1,200,30,0,0,0,1,14,12,2,0,12,12,1,200,200,200,16,200,0,2,200
1,200,30,0,0,0,1,14,12,2,0,12,12,1,200,200,200,16,200,0,1,200
1,200,30,0,0,0,1,14,12,2,0,12,12,1,200,200,200,16,200,0,1,200
0,200,30,0,0,0,1,12,5,3,0,0,0,0,200,200,200,18,16,0,40,200
0,200,30,0,0,0,1,12,5,3,0,0,0,0,200,200,200,18,16,0,38,200
0,200,30,1,2,0,1,0,5,2,0,0,0,1,1,200,200,6,14,0,57,200
0,200,30,1,2,0,1,0,5,2,0,0,0,1,1,200,200,6,14,1,200,200
0,200,10,0,0,0,1,9,7,200,2,0,0,1,200,200,1,0,200,0,200,200
5,200,10,0,0,0,1,9,7,200,2,0,0,1,200,200,1,0,200,1,74,200
0,200,30,0,0,0,1,14,5,200,0,0,0,0,200,200,200,0,200,0,54,200
0,200,30,0,0,0,1,14,5,200,0,0,0,0,200,200,200,0,200,0,37,200
1,200,30,0,0,0,1,14,5,200,0,0,0,0,200,200,200,0,200,1,32,200
1,200,30,0,0,0,1,14,5,200,0,0,0,0,200,200,200,0,200,1,59,200
0,200,30,0,0,1,1,12,5,2,0,0,0,0,200,200,200,17,200,1,200,200
0,200,30,0,0,1,1,12,5,2,0,0,0,0,200,200,200,17,200,0,200,200
0,200,30,0,0,0,1,14,2,200,0,0,0,1,200,200,200,23,17,0,25,200
0,200,30,0,0,0,1,14,2,200,0,0,0,1,200,200,200,23,17,1,48,200
1,200,30,0,0,0,1,14,2,200,0,0,0,1,200,200,200,23,17,1,68,200
1,200,30,0,0,0,1,14,2,200,0,0,0,1,200,200,200,23,17,200,200,200
0,200,20,2,2,0,1,8,5,2,0,0,0,1,1,200,200,5,17,1,63,200
4,200,20,2,2,0,1,8,5,2,0,0,0,1,1,200,200,5,17,0,6,200
0,200,30,0,0,200,200,7,6,1,0,200,200,0,200,200,1,0,0,2,200,200
0,200,30,1,2,0,1,12,5,4,0,0,0,0,1,200,1,0,0,1,200,200
0,200,30,1,2,0,1,12,5,4,0,0,0,0,1,200,1,0,0,0,0,200
0,200,30,1,2,0,1,12,5,2,0,0,0,1,1,200,200,17,200,0,39,200
0,200,30,1,2,0,1,12,5,2,0,0,0,1,1,200,200,17,200,1,53,200
1,200,30,1,2,0,1,12,5,2,0,0,0,1,1,200,200,17,200,0,0,200
0,200,30,1,2,0,1,10,2,4,0,0,0,1,1,200,200,7,0,1,36,200
0,200,30,1,2,0,1,10,2,4,0,0,0,1,1,200,200,7,0,0,74,200
0,200,30,0,0,0,1,7,5,200,0,0,0,0,200,200,1,0,200,2,200,200
0,200,30,2,2,0,1,14,2,200,0,0,0,0,1,200,200,17,0,1,27,200
0,200,30,2,2,0,1,14,2,200,0,0,0,0,1,200,200,17,0,0,70,200
1,200,30,2,2,0,1,14,2,200,0,0,0,0,1,200,200,17,0,1,53,200
0,200,30,0,0,0,1,10,3,4,0,0,0,1,200,200,200,16,200,0,55,200
0,200,30,0,0,0,1,10,3,4,0,0,0,1,200,200,200,16,200,0,26,200
0,200,30,0,0,0,1,10,3,4,0,0,0,1,200,200,200,16,200,0,56,200
0,200,30,0,0,0,1,10,3,4,0,0,0,1,200,200,200,16,200,1,33,200
1,200,30,0,0,0,1,10,3,4,0,0,0,1,200,200,200,16,200,1,24,200
1,200,30,0,0,0,1,10,3,4,0,0,0,1,200,200,200,16,200,1,6,200
1,200,30,0,0,0,1,10,3,4,0,0,0,1,200,200,200,16,200,1,6,200
0,200,30,0,0,0,1,12,5,200,0,0,0,0,200,200,200,0,200,1,21,200
0,200,30,0,0,0,1,12,5,200,0,0,0,0,200,200,200,0,200,1,37,200
0,200,40,0,0,0,200,12,8,3,0,0,0,0,200,200,200,22,200,1,200,200
0,200,40,0,0,0,200,12,8,3,0,0,0,0,200,200,200,22,200,1,29,200
0,200,30,0,0,0,1,0,5,2,0,0,0,0,200,200,200,22,22,1,200,200
0,200,30,0,0,0,1,0,5,2,0,0,0,0,200,200,200,22,22,1,36,200
0,200,30,1,2,0,1,10,2,2,0,0,0,0,1,200,200,18,200,1,39,200
0,200,30,1,2,0,1,10,2,2,0,0,0,0,1,200,200,18,200,1,47,200
0,200,25,0,0,0,1,10,5,200,0,0,0,0,200,200,200,18,0,0,58,200
0,200,25,0,0,0,1,10,5,200,0,0,0,0,200,200,200,18,0,1,35,200
0,200,30,1,2,0,1,10,5,2,0,0,0,0,200,200,200,23,0,1,22,200
0,200,30,1,2,0,1,10,5,2,0,0,0,0,200,200,200,23,0,1,64,200
0,200,30,1,2,1,4,10,5,4,0,0,0,0,200,200,200,0,200,0,38,200
0,200,30,1,2,1,4,10,5,4,0,0,0,0,200,200,200,0,200,1,26,200
1,200,30,1,2,1,4,10,5,4,0,0,0,0,200,200,200,0,200,0,200,200
0,200,30,0,0,0,1,7,6,1,0,0,0,0,200,200,200,0,200,1,46,200
0,200,35,2,2,0,1,12,3,200,0,0,0,0,200,200,200,21,16,1,27,200
0,200,35,2,2,0,1,12,3,200,0,0,0,0,200,200,200,21,16,0,29,200
1,200,35,2,2,0,1,12,3,200,0,0,0,0,200,200,200,21,16,1,28,200
0,200,30,1,2,0,1,12,2,200,0,0,0,0,200,200,200,0,0,0,29,200
0,200,30,1,2,0,1,12,2,200,0,0,0,0,200,200,200,0,0,1,38,200
1,200,30,1,2,0,1,12,2,200,0,0,0,0,200,200,200,0,0,0,200,200
1,200,30,1,2,0,1,12,2,200,0,0,0,0,200,200,200,0,0,1,200,200
1,200,30,1,2,0,1,12,2,200,0,0,0,0,200,200,200,0,0,0,200,200
1,200,30,1,2,0,1,12,2,200,0,0,0,0,200,200,200,0,0,1,38,200
0,200,30,0,0,0,1,7,5,2,0,0,200,0,200,200,1,0,0,2,200,200
0,200,30,200,200,0,200,10,200,1,0,0,0,0,200,200,1,0,200,2,200,200
0,200,30,200,200,0,200,10,200,1,0,0,0,0,200,200,1,0,200,2,200,200
0,200,30,0,0,0,1,10,2,4,0,0,200,0,200,200,1,18,200,2,200,200
0,200,30,0,0,0,1,10,2,4,0,0,200,0,200,200,1,18,200,0,30,200
0,200,30,0,0,0,1,10,2,4,0,0,200,0,200,200,1,18,200,1,42,200
0,200,30,0,0,0,1,10,2,4,0,0,200,0,200,200,1,18,200,0,60,200
0,200,30,1,2,0,1,10,2,200,0,0,0,1,200,200,200,0,200,0,50,200
0,200,30,1,2,0,1,10,2,200,0,0,0,1,200,200,200,0,200,0,36,200
0,200,30,1,2,0,1,10,2,200,0,0,0,1,200,200,200,0,200,1,31,200
0,200,30,1,2,0,1,10,2,200,0,0,0,1,200,200,200,0,200,1,59,200
0,200,10,0,0,0,1,7,7,200,0,200,200,0,200,200,1,0,0,2,200,200
0,200,35,0,0,0,1,7,5,2,0,0,0,0,200,200,1,0,0,0,200,200
0,200,30,0,0,0,1,7,6,1,0,0,0,0,200,200,1,22,22,2,200,200
0,200,30,0,0,0,1,10,6,2,0,0,0,0,0,200,200,11,0,0,35,200
0,200,30,0,0,0,1,10,6,2,0,0,0,0,0,200,200,11,0,1,60,200
0,200,30,0,0,0,1,10,6,2,0,0,0,0,0,200,200,11,0,2,200,200
0,200,30,0,0,0,1,0,12,1,0,0,0,0,200,200,200,20,200,1,70,200
0,200,30,0,0,0,1,0,12,1,0,0,0,0,200,200,200,20,200,0,32,200
4,200,30,0,0,0,1,8,5,2,0,0,0,0,200,200,200,0,200,0,25,200
0,200,30,0,0,0,1,8,5,2,0,0,0,0,200,200,200,0,200,0,49,200
1,200,30,0,0,0,1,8,5,2,0,0,0,0,200,200,200,0,200,0,58,200
0,200,30,0,0,0,1,14,2,2,0,0,200,0,200,200,200,23,21,0,45,200
0,200,30,0,0,0,1,14,2,2,0,0,200,0,200,200,200,23,21,0,45,200
0,200,20,0,0,0,1,0,6,1,0,0,0,0,200,200,1,25,25,0,200,200
0,200,20,0,0,0,1,0,6,1,0,0,0,0,200,200,1,25,25,0,19,200
0,1,30,0,0,0,1,7,6,1,0,0,0,0,200,200,1,0,0,2,200,200
0,200,15,0,0,0,1,7,7,2,0,0,0,0,200,1,200,16,200,0,200,200
1,200,15,0,0,0,1,7,7,2,0,0,0,0,200,1,200,16,200,0,200,200
0,200,30,0,0,0,1,14,5,2,0,0,0,0,200,200,200,22,16,1,200,200
0,200,30,0,0,0,1,14,5,2,0,0,0,0,200,200,200,22,16,0,51,200
0,200,15,0,0,0,1,14,0,1,0,0,0,0,1,200,200,0,0,1,41,200
0,200,15,0,0,0,1,14,0,1,0,0,0,0,1,200,200,0,0,1,22,200
0,200,30,0,0,0,1,7,5,200,0,0,0,0,200,200,1,22,22,2,200,200
0,1,30,0,0,0,0,7,5,200,0,0,0,0,200,200,1,0,200,2,200,200
0,200,30,2,2,0,1,10,5,2,0,0,0,1,200,200,200,18,200,0,64,200
0,200,30,2,2,0,1,10,5,2,0,0,0,1,200,200,200,18,200,0,46,200
0,200,40,0,0,0,1,10,5,200,0,0,0,0,200,200,1,18,200,2,200,200
0,200,40,0,0,0,1,10,5,200,0,0,0,0,200,200,1,18,200,1,64,200
0,200,35,1,2,0,1,10,5,200,0,200,200,0,1,200,1,16,0,2,200,200
0,200,35,1,2,0,1,10,5,200,0,200,200,0,1,200,1,16,0,1,22,200
0,200,35,1,2,0,1,10,5,200,0,200,200,0,1,200,1,16,0,2,200,200
1,200,35,1,2,0,1,10,5,200,0,200,200,0,1,200,1,16,0,0,30,200
4,200,30,2,2,0,1,8,5,4,0,0,0,1,1,200,200,10,200,0,35,200
0,200,30,2,2,0,1,8,5,4,0,0,0,1,1,200,200,10,200,0,45,200
1,200,30,2,2,0,1,8,5,4,0,0,0,1,1,200,200,10,200,1,49,200
0,200,30,0,0,0,1,12,5,2,0,0,0,0,200,200,200,23,200,1,32,200
0,200,30,0,0,0,1,12,5,2,0,0,0,0,200,200,200,23,200,0,36,200
1,200,30,0,0,0,1,12,5,2,0,0,0,0,200,200,200,23,200,0,31,200
1,200,30,0,0,0,1,12,5,2,0,0,0,0,200,200,200,23,200,0,27,200
0,200,30,0,0,0,1,3,5,200,0,0,0,0,200,200,200,20,0,1,25,200
0,200,30,0,0,0,1,3,5,200,0,0,0,0,200,200,200,20,0,1,41,200
0,200,30,0,0,0,4,9,12,1,0,0,0,0,200,200,200,0,0,0,40,200
5,200,30,0,0,0,4,9,12,1,0,0,0,0,200,200,200,0,0,0,55,200
0,200,30,0,0,0,4,0,7,200,0,0,0,0,200,200,200,20,200,0,34,200
0,200,30,0,0,0,4,0,7,200,0,0,0,0,200,200,200,20,200,0,26,200
0,200,30,0,0,0,1,7,5,4,0,0,0,0,200,200,200,21,200,1,200,200
0,200,30,0,0,0,1,12,5,200,0,0,0,0,200,200,200,0,0,0,46,200
0,200,30,0,0,0,1,12,5,200,0,0,0,0,200,200,200,0,0,0,26,200
0,200,30,0,0,0,1,0,0,1,0,0,0,0,200,200,200,17,17,1,200,200
0,200,30,0,0,0,1,0,0,1,0,0,0,0,200,200,200,17,17,1,23,200
1,200,30,0,0,0,1,0,0,1,0,0,0,0,200,200,200,17,17,1,200,200
1,200,30,0,0,0,1,0,0,1,0,0,0,0,200,200,200,17,17,200,200,200
1,200,30,0,0,0,1,0,0,1,0,0,0,0,200,200,200,17,17,200,200,200
0,200,0,0,0,0,2,14,7,200,0,0,0,0,200,200,200,0,0,0,41,200
0,200,0,0,0,0,2,14,7,200,0,0,0,0,200,200,200,0,0,1,30,200
1,200,0,0,0,0,2,14,7,200,0,0,0,0,200,200,200,0,0,1,200,200
1,200,0,0,0,0,2,14,7,200,0,0,0,0,200,200,200,0,0,0,200,200
0,200,30,0,0,0,1,0,5,200,0,0,0,1,200,200,200,0,17,1,26,200
0,200,30,0,0,0,1,0,5,200,0,0,0,1,200,200,200,0,17,0,38,200
0,200,30,1,2,0,1,12,5,2,0,0,0,0,200,200,200,22,200,1,59,200
0,200,30,1,2,0,1,12,5,2,0,0,0,0,200,200,200,22,200,1,77,200
0,200,30,1,2,0,1,12,3,8,0,0,0,0,200,200,1,23,16,2,200,200
0,200,30,1,2,0,1,12,3,8,0,0,0,0,200,200,1,23,16,1,21,200
0,200,30,1,2,0,1,12,3,8,0,0,0,0,200,200,1,23,16,2,200,200
1,200,30,1,2,0,1,12,3,8,0,0,0,0,200,200,1,23,16,0,200,200
0,200,30,0,0,0,1,3,5,2,0,0,0,0,200,200,200,10,10,0,25,200
0,200,30,0,0,0,1,3,5,2,0,0,0,0,200,200,200,10,10,0,24,200
1,200,30,0,0,0,1,3,5,2,0,0,0,0,200,200,200,10,10,0,17,200
0,200,30,0,0,0,1,12,5,200,0,0,0,0,200,200,200,17,200,0,58,200
0,200,30,0,0,0,1,12,5,200,0,0,0,0,200,200,200,17,200,0,61,200
0,200,30,0,0,0,1,12,5,2,0,0,0,0,200,200,200,0,0,0,200,200
0,200,30,0,0,0,1,12,5,2,0,0,0,0,200,200,200,0,0,0,200,200
0,200,30,2,2,0,1,10,5,2,0,0,0,0,200,200,200,0,200,0,42,200
0,200,30,2,2,0,1,10,5,2,0,0,0,0,200,200,200,0,200,1,33,200
0,200,30,0,0,0,4,12,5,4,0,0,0,0,200,200,1,22,21,0,200,200
0,200,30,0,0,0,4,12,5,4,0,0,0,0,200,200,1,22,21,0,40,200
5,200,30,0,0,0,4,12,5,4,0,0,0,0,200,200,1,22,21,0,25,200
0,200,30,1,2,0,2,10,2,4,0,0,0,0,1,200,200,21,200,0,53,200
0,200,30,1,2,0,2,10,2,4,0,0,0,0,1,200,200,21,200,0,39,200
0,200,30,1,2,0,2,10,2,4,0,0,0,0,1,200,200,21,200,1,22,200
0,200,30,0,0,0,1,12,6,4,0,0,0,0,200,200,1,21,16,2,200,200
0,200,30,0,0,0,1,12,6,4,0,0,0,0,200,200,1,21,16,1,24,200
0,200,30,2,2,1,1,10,5,2,0,0,0,0,1,200,1,10,200,1,200,200
0,200,30,2,2,1,1,10,5,2,0,0,0,0,1,200,1,10,200,0,200,200
0,200,30,0,0,0,3,5,5,200,0,0,200,1,200,200,200,0,200,0,63,200
0,200,30,2,2,0,3,2,2,2,0,0,0,0,0,200,200,16,200,0,58,0.04
0,200,25,0,0,0,3,14,5,2,0,0,0,0,200,200,200,17,11,1,18,200
0,200,25,0,0,0,3,14,5,2,0,0,0,0,200,200,200,17,11,1,33,200
0,200,40,2,3,0,2,14,3,4,0,0,0,1,1,200,200,16,16,0,69,200
0,200,40,2,3,0,2,14,3,4,0,0,0,1,1,200,200,16,16,1,35,200
1,200,40,2,3,0,2,14,3,4,0,0,0,1,1,200,200,16,16,1,13,200
1,200,40,2,3,0,2,14,3,4,0,0,0,1,1,200,200,16,16,0,2,200
1,200,40,2,3,0,2,14,3,4,0,0,0,1,1,200,200,16,16,0,5,200
0,200,30,2,2,0,3,10,5,200,0,0,0,0,200,200,1,0,0,0,200,200
0,200,30,2,2,0,3,10,5,200,0,0,0,0,200,200,1,0,0,1,37,200
1,200,30,2,2,0,3,10,5,200,0,0,0,0,200,200,1,0,0,1,200,200
0,200,30,0,0,0,3,12,6,6,0,0,0,0,200,200,1,22,0,2,200,200
0,200,30,0,0,0,3,12,6,6,0,0,0,0,200,200,1,22,0,0,42,200
0,200,30,1,2,0,4,3,2,4,0,0,0,1,1,200,200,21,0,0,61,200
0,200,30,1,2,0,4,3,2,4,0,0,0,1,1,200,200,21,0,0,45,200
1,200,30,1,2,0,4,3,2,4,0,0,0,1,1,200,200,21,0,1,42,200
0,200,30,0,0,0,1,7,5,200,0,0,0,0,200,200,1,0,0,2,200,200
0,200,30,0,0,0,1,12,5,2,0,0,0,0,200,200,200,22,200,0,200,200
0,200,30,0,0,0,1,12,5,2,0,0,0,0,200,200,200,22,200,0,23,200
0,200,30,0,0,0,3,12,5,2,0,0,0,0,200,200,1,21,11,2,200,200
0,200,30,0,0,0,3,12,5,2,0,0,0,0,200,200,1,21,11,0,61,200
0,200,30,0,0,0,3,10,2,6,0,0,0,1,1,200,200,18,14,0,0,200
0,200,30,0,0,0,3,10,2,6,0,0,0,1,1,200,200,18,14,1,0,200
1,200,30,0,0,0,3,10,2,6,0,0,0,1,1,200,200,18,14,1,30,200
1,200,30,0,0,0,3,10,2,6,0,0,0,1,1,200,200,18,14,0,8,200
1,200,30,0,0,0,3,10,2,6,0,0,0,1,1,200,200,18,14,1,12,200
0,200,15,0,0,0,1,2,0,1,0,0,0,0,200,200,200,200,200,0,21,200
0,200,30,0,0,0,3,10,5,2,0,0,0,1,200,200,200,18,0,0,69,200
0,200,30,0,0,0,3,10,5,2,0,0,0,1,200,200,200,18,0,1,25,200
0,200,30,0,0,0,3,10,5,2,0,0,0,1,200,200,200,18,0,0,69,200
1,200,30,0,0,0,3,10,5,2,0,0,0,1,200,200,200,18,0,1,27,200
0,200,30,1,2,0,3,10,5,2,0,0,0,0,1,200,200,16,200,0,22,200
0,200,30,1,2,0,3,10,5,2,0,0,0,0,1,200,200,16,200,1,54,200
0,1,30,1,2,0,3,0,5,2,0,0,0,1,1,200,200,0,0,1,28,200
0,1,30,1,2,0,3,0,5,2,0,0,0,1,1,200,200,0,0,1,37,200
1,1,30,1,2,0,3,0,5,2,0,0,0,1,1,200,200,0,0,0,1,200
0,200,35,1,2,0,3,9,5,200,0,0,0,1,1,200,200,17,0,1,19,200
5,200,35,1,2,0,3,9,5,200,0,0,0,1,1,200,200,17,0,0,39,200
1,200,35,1,2,0,3,9,5,200,0,0,0,1,1,200,200,17,0,1,12,200
0,200,5,0,0,0,1,7,12,200,0,0,0,0,200,1,200,0,200,0,200,200
0,200,25,0,0,0,3,7,6,1,0,0,0,0,200,200,200,21,22,0,76,200
1,200,25,0,0,0,3,7,6,1,0,0,0,0,200,200,200,21,22,1,46,200
1,200,25,0,0,0,3,7,6,1,0,0,0,0,200,200,200,21,22,0,57,200
1,200,25,0,0,0,3,7,6,1,0,0,0,0,200,200,200,21,22,0,200,200
0,200,35,200,200,200,1,12,2,200,0,0,200,0,200,200,200,21,0,0,51,200
0,200,35,200,200,200,1,12,2,200,0,0,200,0,200,200,200,21,0,1,35,200
1,200,35,200,200,200,1,12,2,200,0,0,200,0,200,200,200,21,0,0,16,200
0,200,30,0,0,0,3,7,5,2,0,0,0,0,200,200,1,11,0,0,200,200
0,200,25,0,0,200,2,7,6,200,0,200,200,0,200,200,1,0,0,2,200,200
0,200,30,0,0,0,3,7,5,2,0,0,0,1,200,200,200,27,0,1,71,200
0,200,30,0,0,0,3,10,5,200,0,0,0,0,200,200,200,0,200,1,30,200