PERSON_TYPE,CRASH_DATE_EST_I,POSTED_SPEED_LIMIT,TRAFFIC_CONTROL_DEVICE,DEVICE_CONDITION,WEATHER_CONDITION,LIGHTING_CONDITION,FIRST_CRASH_TYPE,TRAFFICWAY_TYPE,LANE_CNT,ALIGNMENT,ROADWAY_SURFACE_COND,ROAD_DEFECT,CRASH_TYPE,INTERSECTION_RELATED_I,NOT_RIGHT_OF_WAY_I,HIT_AND_RUN_I,PRIM_CONTRIBUTORY_CAUSE,SEC_CONTRIBUTORY_CAUSE,SEX,AGE,BAC_RESULT VALUE
0,200,30,0,0,0,3,10,5,200,0,0,0,0,200,200,200,0,200,1,200,200
1,200,30,0,0,0,3,10,5,200,0,0,0,0,200,200,200,0,200,1,35,200
0,200,30,0,0,0,0,12,6,2,0,0,0,0,200,200,200,0,200,0,37,200
0,200,30,0,0,0,0,12,6,2,0,0,0,0,200,200,200,0,200,1,41,200
1,200,30,0,0,0,0,12,6,2,0,0,0,0,200,200,200,0,200,200,200,200
0,200,30,1,2,0,3,12,5,200,0,0,0,0,200,200,1,0,0,2,200,200
0,200,30,1,2,0,3,12,5,200,0,0,0,0,200,200,1,0,0,1,39,200
0,200,0,0,0,0,0,7,7,200,0,0,0,0,200,1,200,0,0,2,200,200
0,200,30,0,0,0,4,10,5,200,0,0,0,1,200,200,1,18,0,0,200,200
0,200,30,0,0,0,4,10,5,200,0,0,0,1,200,200,1,18,0,0,43,200
1,200,30,0,0,0,4,10,5,200,0,0,0,1,200,200,1,18,0,0,200,200
1,200,30,0,0,0,4,10,5,200,0,0,0,1,200,200,1,18,0,0,200,200
0,200,25,1,2,0,0,0,5,2,0,0,0,1,200,200,1,14,21,0,200,200
0,200,25,1,2,0,0,0,5,2,0,0,0,1,200,200,1,14,21,0,200,200
1,200,25,1,2,0,0,0,5,2,0,0,0,1,200,200,1,14,21,200,200,200
1,200,25,1,2,0,0,0,5,2,0,0,0,1,200,200,1,14,21,200,200,200
1,200,25,1,2,0,0,0,5,2,0,0,0,1,200,200,1,14,21,200,200,200
0,200,30,0,0,0,3,7,5,2,0,0,0,0,200,200,200,23,200,0,26,200
0,200,30,0,0,0,0,12,6,4,0,0,0,0,200,200,200,21,200,1,0,200
0,200,30,0,0,0,0,12,6,4,0,0,0,0,200,200,200,21,200,1,24,200
1,200,30,0,0,0,0,12,6,4,0,0,0,0,200,200,200,21,200,0,21,200
1,200,30,0,0,0,0,12,6,4,0,0,0,0,200,200,200,21,200,0,24,200
0,200,30,0,0,0,3,7,8,2,0,0,0,0,200,200,200,0,200,0,200,200
1,200,30,0,0,0,3,7,8,2,0,0,0,0,200,200,200,0,200,0,200,200
0,200,30,0,0,0,3,12,6,1,0,0,0,0,200,200,200,0,200,1,0,200
0,200,30,0,0,0,3,12,6,1,0,0,0,0,200,200,200,0,200,0,57,200
0,200,30,0,0,0,3,12,6,2,0,0,0,0,200,200,200,0,200,0,57,200
0,200,30,0,0,0,3,12,6,2,0,0,0,0,200,200,200,0,200,1,36,200
0,200,30,1,2,0,3,10,6,1,0,0,0,1,1,200,1,0,0,0,200,200
0,200,30,1,2,0,3,10,6,1,0,0,0,1,1,200,1,0,0,0,48,200
0,200,30,200,200,0,3,14,2,200,0,0,200,0,200,200,200,200,200,0,26,200
0,200,30,200,200,0,3,14,2,200,0,0,200,0,200,200,200,200,200,1,37,200
0,200,35,200,200,200,200,10,5,200,0,0,200,0,200,200,200,11,0,0,200,200
0,200,35,200,200,200,200,10,5,200,0,0,200,0,200,200,200,11,0,0,46,200
1,200,35,200,200,200,200,10,5,200,0,0,200,0,200,200,200,11,0,1,34,200
0,200,30,0,0,0,3,7,12,200,0,0,0,1,200,1,1,25,14,0,200,200
1,200,30,0,0,0,3,7,12,200,0,0,0,1,200,1,1,25,14,0,200,200
0,200,30,2,2,2,3,0,12,1,0,1,0,0,1,200,1,5,0,1,200,200
0,200,30,2,2,2,3,0,12,1,0,1,0,0,1,200,1,5,0,0,42,200
1,200,30,2,2,2,3,0,12,1,0,1,0,0,1,200,1,5,0,1,200,200
1,200,30,2,2,2,3,0,12,1,0,1,0,0,1,200,1,5,0,1,200,200
1,200,30,2,2,2,3,0,12,1,0,1,0,0,1,200,1,5,0,1,200,200
0,200,30,1,2,0,3,0,6,200,0,0,0,0,200,200,200,0,200,0,44,200
0,200,30,1,2,0,3,0,6,200,0,0,0,0,200,200,200,0,200,0,23,200
0,200,30,0,0,0,3,7,7,200,0,0,0,0,200,200,1,0,0,1,200,200
0,200,30,1,2,2,3,10,3,2,0,1,0,1,1,200,1,34,200,1,26,200
0,200,30,1,2,2,3,10,3,2,0,1,0,1,1,200,1,34,200,0,200,200
0,200,30,1,2,2,3,10,3,2,0,1,0,1,1,200,1,34,200,1,39,200
1,200,30,1,2,2,3,10,3,2,0,1,0,1,1,200,1,34,200,1,25,200
1,200,30,1,2,2,3,10,3,2,0,1,0,1,1,200,1,34,200,1,3,200
1,200,30,1,2,2,3,10,3,2,0,1,0,1,1,200,1,34,200,1,33,200
0,200,30,200,200,0,3,14,5,2,0,0,0,0,1,200,1,0,200,1,200,200
0,200,30,200,200,0,3,14,5,2,0,0,0,0,1,200,1,0,200,1,28,200
1,200,30,200,200,0,3,14,5,2,0,0,0,0,1,200,1,0,200,1,200,200
1,200,30,200,200,0,3,14,5,2,0,0,0,0,1,200,1,0,200,1,200,200
1,200,30,200,200,0,3,14,5,2,0,0,0,0,1,200,1,0,200,1,200,200
0,200,30,0,12,0,3,7,2,4,0,0,200,1,200,200,200,0,0,1,29,200
0,200,30,0,12,0,3,7,2,4,0,0,200,1,200,200,200,0,0,1,18,200
1,200,30,0,12,0,3,7,2,4,0,0,200,1,200,200,200,0,0,0,200,200
1,200,30,0,12,0,3,7,2,4,0,0,200,1,200,200,200,0,0,1,49,200
4,200,30,0,200,0,3,8,5,200,0,200,200,1,200,200,200,0,200,0,20,200
0,200,30,1,2,2,3,14,3,4,0,1,0,0,200,200,200,14,17,0,200,200
0,200,30,1,2,2,3,14,3,4,0,1,0,0,200,200,200,14,17,0,27,200
0,200,30,0,0,0,0,7,5,200,0,0,0,1,200,200,200,32,200,0,68,200
1,200,30,0,0,0,0,7,5,200,0,0,0,1,200,200,200,32,200,1,35,200
0,200,35,1,2,0,0,12,6,4,0,0,0,0,200,200,1,22,200,1,35,200
0,200,35,1,2,0,0,12,6,4,0,0,0,0,200,200,1,22,200,2,200,200
0,200,20,0,0,2,3,7,5,2,0,1,0,0,200,200,200,0,0,1,34,200
0,200,25,0,0,0,3,7,5,2,0,0,0,0,200,200,200,20,0,0,22,200
0,200,30,2,2,0,3,10,5,2,0,0,0,0,200,200,1,14,16,0,200,200
0,200,30,2,2,0,3,10,5,2,0,0,0,0,200,200,1,14,16,1,39,200
1,200,30,2,2,0,3,10,5,2,0,0,0,0,200,200,1,14,16,0,55,200
1,200,30,2,2,0,3,10,5,2,0,0,0,0,200,200,1,14,16,1,16,200
0,200,30,0,0,0,3,7,6,200,0,0,12,1,200,200,200,16,16,0,24,200
0,0,35,0,0,0,1,10,3,4,0,0,0,0,200,200,200,200,200,2,200,200
0,0,35,0,0,0,1,10,3,4,0,0,0,0,200,200,200,200,200,0,26,200
0,0,25,0,0,0,1,7,5,2,0,0,0,0,200,200,1,0,0,2,200,200
0,200,30,1,2,2,3,14,2,4,0,1,0,1,200,200,200,14,0,0,33,200
0,200,30,1,2,2,3,14,2,4,0,1,0,1,200,200,200,14,0,0,51,200
1,200,30,1,2,2,3,14,2,4,0,1,0,1,200,200,200,14,0,1,45,200
0,200,30,1,2,0,3,12,5,2,0,0,0,0,200,200,200,21,200,0,51,200
0,200,30,1,2,0,3,12,5,2,0,0,0,0,200,200,200,21,200,0,44,200
0,200,30,0,0,0,3,2,6,2,0,0,0,1,200,200,200,8,200,1,68,200
0,200,30,2,2,2,3,0,5,2,0,1,0,0,1,200,200,0,0,1,61,200
0,200,30,2,2,2,3,0,5,2,0,1,0,0,1,200,200,0,0,0,30,200
0,200,30,1,200,0,3,10,5,200,0,0,0,0,200,200,1,18,0,0,200,200
0,200,30,1,200,0,3,10,5,200,0,0,0,0,200,200,1,18,0,0,18,200
1,200,30,1,200,0,3,10,5,200,0,0,0,0,200,200,1,18,0,0,19,200
0,200,35,0,0,0,3,14,5,200,0,0,0,1,200,200,200,23,0,1,48,200
0,200,35,0,0,0,3,14,5,200,0,0,0,1,200,200,200,23,0,1,28,200
0,200,30,0,0,0,3,10,5,2,0,0,0,1,200,200,1,0,0,2,200,200
0,200,30,0,0,0,3,10,5,2,0,0,0,1,200,200,1,0,0,1,41,200
0,200,30,0,0,0,3,4,2,2,0,0,12,1,200,200,200,0,200,0,64,200
0,200,30,0,0,2,3,7,5,2,0,1,0,1,200,200,1,14,15,1,20,200
1,200,30,0,0,2,3,7,5,2,0,1,0,1,200,200,1,14,15,1,20,200
1,200,30,0,0,2,3,7,5,2,0,1,0,1,200,200,1,14,15,2,200,200
1,200,30,0,0,2,3,7,5,2,0,1,0,1,200,200,1,14,15,2,200,200
0,1,35,0,0,0,200,10,6,2,0,200,200,1,0,200,1,0,200,1,200,200
0,1,35,0,0,0,200,10,6,2,0,200,200,1,0,200,1,0,200,0,31,200
0,200,30,1,2,0,3,7,2,2,0,0,0,0,1,200,200,12,0,0,68,200
0,200,30,0,0,0,3,12,2,2,0,200,200,0,200,200,1,21,25,2,200,200
0,200,30,0,0,0,3,12,2,2,0,200,200,0,200,200,1,21,25,0,46,200
1,200,30,0,0,0,3,12,2,2,0,200,200,0,200,200,1,21,25,200,200,200
1,200,30,0,0,0,3,12,2,2,0,200,200,0,200,200,1,21,25,0,45,200
0,200,30,1,2,0,3,10,2,4,0,0,0,0,200,200,1,0,0,1,200,200
0,200,30,1,2,0,3,10,2,4,0,0,0,0,200,200,1,0,0,1,36,200
1,200,30,1,2,0,3,10,2,4,0,0,0,0,200,200,1,0,0,1,19,200
1,200,30,1,2,0,3,10,2,4,0,0,0,0,200,200,1,0,0,0,19,200
0,200,30,0,0,0,3,7,5,200,0,0,0,1,200,200,200,8,200,0,38,200
0,200,30,0,0,0,3,7,6,1,0,0,200,1,200,200,1,32,32,0,31,0.2
0,200,30,1,2,0,3,14,1,4,0,0,0,0,200,200,1,0,200,0,200,200
0,200,30,1,2,0,3,14,1,4,0,0,0,0,200,200,1,0,200,0,60,200
0,200,30,1,2,2,3,10,6,200,0,1,200,0,200,200,200,18,16,1,50,200
0,200,30,1,2,2,3,10,6,200,0,1,200,0,200,200,200,18,16,0,27,200
0,200,30,0,12,0,3,7,5,200,0,200,200,0,200,200,200,0,200,1,51,200
0,200,30,0,2,0,3,2,5,2,0,0,0,1,1,200,200,2,200,1,38,200
0,200,25,0,0,0,0,7,6,200,0,1,0,0,200,200,1,25,0,2,200,200
0,200,30,1,2,0,3,10,5,200,0,0,0,0,200,200,1,0,200,2,200,200
0,200,30,1,2,0,3,10,5,200,0,0,0,0,200,200,1,0,200,0,22,200
0,200,30,1,2,0,3,0,2,2,0,0,0,1,1,200,1,6,200,2,200,200
0,200,30,1,2,0,3,0,2,2,0,0,0,1,1,200,1,6,200,0,39,200
1,200,30,1,2,0,3,0,2,2,0,0,0,1,1,200,1,6,200,1,200,200
0,200,35,0,2,0,3,12,5,2,0,0,0,1,200,200,200,17,23,0,28,200
0,200,35,0,2,0,3,12,5,2,0,0,0,1,200,200,200,17,23,0,32,200
1,200,35,0,2,0,3,12,5,2,0,0,0,1,200,200,200,17,23,0,28,200
0,200,30,0,0,0,3,7,5,2,0,0,0,1,200,200,200,21,0,0,47,200
0,0,30,0,0,0,3,14,5,4,0,0,0,1,200,200,1,23,200,2,200,200
0,0,30,0,0,0,3,14,5,4,0,0,0,1,200,200,1,23,200,1,24,200
0,200,30,0,0,0,2,3,5,200,0,0,0,1,200,200,1,21,4,2,200,200
0,200,30,0,0,0,2,3,5,200,0,0,0,1,200,200,1,21,4,0,32,200
0,200,30,0,0,0,3,9,5,200,0,0,0,1,200,200,1,0,0,0,200,200
5,200,30,0,0,0,3,9,5,200,0,0,0,1,200,200,1,0,0,1,35,200
0,200,20,0,0,1,3,7,6,200,0,0,0,0,200,200,200,12,12,1,61,200
0,200,20,0,0,0,3,7,12,200,0,0,0,1,200,200,200,14,200,1,22,200
0,200,25,0,0,0,0,3,2,200,0,0,12,1,200,200,200,16,0,0,21,200
0,200,25,0,0,0,0,3,2,200,0,0,12,1,200,200,200,16,0,0,28,200
0,200,30,1,2,0,3,14,5,4,0,0,0,0,1,200,200,14,17,1,29,200
0,200,30,1,2,0,3,14,5,4,0,0,0,0,1,200,200,14,17,0,26,200
0,200,30,1,2,0,3,9,6,2,0,12,1,1,1,200,200,17,28,0,22,200
5,200,30,1,2,0,3,9,6,2,0,12,1,1,1,200,200,17,28,0,61,200
1,200,30,1,2,0,3,9,6,2,0,12,1,1,1,200,200,17,28,1,21,200
0,200,30,0,0,0,3,3,5,2,0,0,0,1,200,200,200,0,21,0,62,200
0,200,30,0,0,0,3,3,5,2,0,0,0,1,200,200,200,0,21,0,43,200
0,200,30,0,0,0,3,7,2,2,0,0,0,1,200,200,1,0,200,0,200,200
0,200,30,1,2,0,3,10,5,200,0,0,0,1,1,200,200,16,27,0,28,200
0,200,30,1,2,0,3,10,5,200,0,0,0,1,1,200,200,16,27,0,51,200
0,200,30,0,0,0,3,2,5,2,0,0,0,1,200,200,1,0,0,2,200,200
0,200,30,0,0,0,3,2,5,2,0,0,0,1,200,200,1,0,0,0,24,200
0,200,15,0,0,0,3,7,5,200,0,0,0,1,200,200,1,0,200,0,200,200
1,200,15,0,0,0,3,7,5,200,0,0,0,1,200,200,1,0,200,0,200,200
1,200,15,0,0,0,3,7,5,200,0,0,0,1,200,200,1,0,200,0,200,200
0,200,30,0,0,0,3,7,2,2,0,0,0,1,200,200,200,16,33,0,23,200
0,200,30,1,2,6,3,10,3,200,0,0,0,1,1,200,200,18,16,0,39,200
0,200,30,1,2,6,3,10,3,200,0,0,0,1,1,200,200,18,16,0,61,200
1,200,30,1,2,6,3,10,3,200,0,0,0,1,1,200,200,18,16,0,31,200
0,200,25,6,2,6,2,10,5,200,0,200,200,1,200,200,1,18,200,0,200,200
0,200,25,6,2,6,2,10,5,200,0,200,200,1,200,200,1,18,200,1,51,200
1,200,25,6,2,6,2,10,5,200,0,200,200,1,200,200,1,18,200,0,65,200
0,0,30,0,0,0,3,2,2,4,0,0,0,1,200,200,200,0,200,2,200,200
0,200,30,0,0,0,3,7,6,1,0,0,0,1,200,200,1,0,0,0,38,200
0,200,30,0,0,2,3,7,7,200,0,0,0,0,200,200,200,0,200,1,25,200
0,200,30,0,1,0,3,10,8,200,2,0,0,1,200,200,1,200,200,0,200,200
0,200,30,0,1,0,3,10,8,200,2,0,0,1,200,200,1,200,200,1,200,200
0,200,30,0,1,0,3,10,8,200,2,0,0,1,200,200,1,200,200,0,45,200
0,200,30,1,2,0,3,3,2,2,0,0,0,1,1,200,200,27,0,1,200,200
0,200,30,1,2,0,3,3,2,2,0,0,0,1,1,200,200,27,0,0,32,200
0,200,20,0,0,0,3,7,6,1,0,0,0,1,200,200,1,8,14,1,200,200
0,1,20,0,0,0,0,2,0,200,0,0,0,0,200,1,1,0,200,2,200,200
0,200,30,0,0,0,1,14,3,3,0,0,0,1,200,200,200,23,22,0,51,200
0,200,30,0,0,0,1,14,3,3,0,0,0,1,200,200,200,23,22,0,27,200
0,1,30,1,2,0,1,9,5,4,0,0,0,1,0,200,200,17,11,1,32,200
5,1,30,1,2,0,1,9,5,4,0,0,0,1,0,200,200,17,11,0,56,200
0,200,30,0,0,0,1,7,2,4,0,0,0,1,200,200,200,21,200,0,33,200
0,200,20,0,0,0,2,7,6,1,0,0,0,0,200,200,1,0,200,2,200,200
0,200,35,0,0,0,1,7,5,2,0,0,0,1,200,200,200,15,16,1,29,200
1,200,35,0,0,0,1,7,5,2,0,0,0,1,200,200,200,15,16,0,26,200
0,200,30,0,0,0,1,12,5,4,0,0,0,0,200,200,200,0,0,0,38,200
0,200,30,0,0,0,1,12,5,4,0,0,0,0,200,200,200,0,0,0,29,200
0,200,30,2,2,0,1,2,5,2,0,0,0,0,1,200,200,32,27,1,22,200
0,200,30,0,0,0,1,10,3,4,0,0,0,1,200,200,200,18,200,1,62,200
0,200,30,0,0,0,1,10,3,4,0,0,0,1,200,200,200,18,200,0,26,200
0,200,15,0,0,0,1,7,0,200,0,0,0,1,200,200,200,32,32,0,41,0.12
0,200,0,1,2,0,1,12,2,4,0,0,0,1,1,200,200,16,0,1,23,200
0,200,0,1,2,0,1,12,2,4,0,0,0,1,1,200,200,16,0,1,41,200
1,200,0,1,2,0,1,12,2,4,0,0,0,1,1,200,200,16,0,0,200,200
0,200,30,1,2,0,1,8,5,2,0,0,0,0,1,200,200,17,200,1,54,200
4,200,30,1,2,0,1,8,5,2,0,0,0,0,1,200,200,17,200,200,200,200
0,200,30,1,2,0,1,14,5,2,0,0,0,0,1,200,200,0,0,0,200,200
0,200,30,1,2,0,1,14,5,2,0,0,0,0,1,200,200,0,0,0,61,200
0,200,30,0,0,0,1,2,7,200,0,0,0,0,200,200,200,0,0,0,32,200
1,200,30,0,0,0,1,2,7,200,0,0,0,0,200,200,200,0,0,1,200,200
0,200,25,0,0,0,1,7,5,200,0,0,0,0,200,200,200,0,0,1,200,200
0,200,15,2,2,0,1,2,6,1,2,0,0,1,200,200,0,0,200,2,200,200
0,200,30,0,0,0,1,7,2,200,0,0,0,0,200,200,1,18,200,2,200,200
0,200,20,0,0,0,1,7,6,1,0,200,200,1,200,200,200,0,0,0,18,200
0,200,30,0,0,0,0,10,3,1,0,0,0,0,200,200,1,18,200,2,200,200
0,200,30,0,0,0,0,10,3,1,0,0,0,0,200,200,1,18,200,0,79,200
0,0,30,1,2,0,1,4,6,2,0,0,0,1,200,200,200,12,0,1,54,200
0,200,30,12,0,0,1,7,12,200,0,0,0,0,200,200,1,25,200,2,200,200
0,200,25,1,2,0,1,10,6,2,0,0,0,0,200,200,200,18,200,1,41,200
0,200,25,1,2,0,1,10,6,2,0,0,0,0,200,200,200,18,200,0,44,200
0,200,25,0,0,0,3,7,12,200,0,0,0,0,200,200,200,20,200,2,200,200
0,200,35,0,0,0,1,7,5,200,0,0,0,0,200,200,1,0,0,2,200,200
0,200,30,1,2,0,1,14,2,4,0,0,0,1,1,1,200,17,0,1,54,200
0,200,30,1,2,0,1,14,2,4,0,0,0,1,1,1,200,17,0,1,53,200
0,200,30,1,2,0,1,12,5,200,0,0,0,0,1,1,1,22,200,0,200,200
0,200,30,1,2,0,1,12,5,200,0,0,0,0,1,1,1,22,200,1,60,200
0,200,30,2,2,0,3,14,2,2,0,0,0,1,1,200,200,17,0,1,53,200
0,200,30,2,2,0,3,14,2,2,0,0,0,1,1,200,200,17,0,0,19,200
0,200,30,0,0,0,1,10,5,200,0,0,0,0,200,200,200,18,18,1,29,200
0,200,30,0,0,0,1,10,5,200,0,0,0,0,200,200,200,18,18,0,51,200
1,200,30,0,0,0,1,10,5,200,0,0,0,0,200,200,200,18,18,1,200,200
0,1,25,0,0,0,200,7,6,1,0,200,0,0,200,200,0,11,0,2,200,200
0,200,25,0,0,0,1,7,5,200,0,0,0,0,200,200,200,20,200,0,61,200
0,200,25,0,0,200,200,7,6,200,0,200,0,1,200,200,1,0,0,2,200,200
0,200,30,0,0,0,1,7,5,200,0,0,0,0,200,200,200,0,0,1,31,200
0,200,0,0,0,0,1,3,6,200,0,0,0,0,200,200,200,20,11,2,200,200
0,200,0,0,0,0,1,3,6,200,0,0,0,0,200,200,200,20,11,0,51,200
0,200,30,1,2,0,1,10,5,200,0,0,0,1,1,200,1,18,16,1,200,200
0,200,30,1,2,0,1,10,5,200,0,0,0,1,1,200,1,18,16,1,63,200
0,200,10,0,0,0,1,0,7,200,0,0,0,0,200,200,200,20,20,1,49,200
0,200,10,0,0,0,1,0,7,200,0,0,0,0,200,200,200,20,20,0,31,200
1,200,10,0,0,0,1,0,7,200,0,0,0,0,200,200,200,20,20,1,27,200
0,200,30,0,0,0,1,10,5,2,0,0,0,1,200,200,200,18,18,1,50,200
0,200,30,0,0,0,1,10,5,2,0,0,0,1,200,200,200,18,18,1,27,200
0,200,30,0,0,0,1,10,5,2,0,0,0,1,200,200,200,18,18,1,39,200
0,200,20,0,0,0,1,14,5,200,0,0,0,0,200,200,200,0,22,1,47,200
0,200,20,0,0,0,1,14,5,200,0,0,0,0,200,200,200,0,22,1,29,200
1,200,20,0,0,0,1,14,5,200,0,0,0,0,200,200,200,0,22,1,200,200
0,200,30,0,0,0,3,2,3,2,0,0,4,0,200,200,200,13,200,0,29,200
0,200,15,0,0,0,1,12,0,1,0,0,200,0,200,200,1,22,0,0,200,200
0,200,15,0,0,0,1,12,0,1,0,0,200,0,200,200,1,22,0,0,46,200
1,200,15,0,0,0,1,12,0,1,0,0,200,0,200,200,1,22,0,0,47,200
0,200,30,0,0,0,1,7,2,200,0,0,1,0,200,200,1,0,0,2,200,200
0,200,10,0,0,0,1,7,7,200,0,0,0,0,200,200,1,0,200,0,36,200
0,200,30,1,2,0,1,14,5,200,0,0,0,1,1,200,200,0,0,0,32,200
0,200,30,1,2,0,1,14,5,200,0,0,0,1,1,200,200,0,0,1,46,200
5,200,35,1,2,0,1,9,5,2,0,0,0,1,1,200,1,11,0,1,25,200
0,200,35,1,2,0,1,9,5,2,0,0,0,1,1,200,1,11,0,0,200,200
0,200,25,1,2,0,1,9,6,2,0,0,0,0,1,200,200,17,6,0,64,200
5,200,25,1,2,0,1,9,6,2,0,0,0,0,1,200,200,17,6,1,32,200
0,200,35,0,0,0,200,12,5,2,0,0,0,1,200,200,1,200,200,2,200,200
0,200,35,0,0,0,200,12,5,2,0,0,0,1,200,200,1,200,200,0,29,200
0,200,30,0,0,0,1,12,2,2,0,0,0,0,200,200,200,22,21,1,54,200
0,200,30,0,0,0,1,12,2,2,0,0,0,0,200,200,200,22,21,1,48,200
0,200,30,0,0,0,1,7,3,1,0,0,0,0,200,200,200,21,0,0,28,200
1,200,30,0,0,0,1,7,3,1,0,0,0,0,200,200,200,21,0,0,23,200
1,200,30,0,0,0,1,7,3,1,0,0,0,0,200,200,200,21,0,0,29,200
1,200,30,0,0,0,1,7,3,1,0,0,0,0,200,200,200,21,0,0,2,200
1,200,30,0,0,0,1,7,3,1,0,0,0,0,200,200,200,21,0,0,32,200
0,200,30,1,2,0,1,10,2,200,0,0,0,0,200,200,200,18,16,0,26,200
0,200,30,1,2,0,1,10,2,200,0,0,0,0,200,200,200,18,16,1,37,200
1,200,30,1,2,0,1,10,2,200,0,0,0,0,200,200,200,18,16,0,37,200
0,200,30,0,0,0,3,10,6,2,0,0,0,1,200,200,1,22,200,0,200,200
0,200,30,0,0,0,3,10,6,2,0,0,0,1,200,200,1,22,200,0,37,200
0,200,30,0,0,0,3,10,6,2,0,0,0,1,200,200,1,22,200,1,51,200
0,1,30,0,0,0,200,7,5,2,0,200,0,0,200,200,1,0,200,2,200,200
0,200,30,1,2,0,1,10,2,8,0,0,0,0,1,200,200,18,18,0,50,200
0,200,30,1,2,0,1,10,2,8,0,0,0,0,1,200,200,18,18,1,47,200
0,200,30,2,2,0,1,10,5,2,0,0,0,1,1,200,1,18,200,1,200,200
0,200,30,2,2,0,1,10,5,2,0,0,0,1,1,200,1,18,200,1,69,200
1,200,30,2,2,0,1,10,5,2,0,0,0,1,1,200,1,18,200,1,200,200
1,200,30,2,2,0,1,10,5,2,0,0,0,1,1,200,1,18,200,0,200,200
1,200,30,2,2,0,1,10,5,2,0,0,0,1,1,200,1,18,200,0,200,200
0,200,30,1,3,0,1,14,2,2,0,0,0,1,1,200,200,200,200,1,42,200
0,200,30,1,3,0,1,14,2,2,0,0,0,1,1,200,200,200,200,0,25,200
1,200,30,1,3,0,1,14,2,2,0,0,0,1,1,200,200,200,200,1,26,200
0,200,10,0,0,0,1,12,6,200,0,0,0,0,200,200,200,0,0,0,200,200
0,200,10,0,0,0,1,12,6,200,0,0,0,0,200,200,200,0,0,0,61,200
0,200,30,1,2,0,1,10,2,2,0,0,0,0,200,200,200,0,0,0,28,200
0,200,30,1,2,0,1,10,2,2,0,0,0,0,200,200,200,0,0,1,40,200
1,200,30,1,2,0,1,10,2,2,0,0,0,0,200,200,200,0,0,1,60,200
1,200,30,1,2,0,1,10,2,2,0,0,0,0,200,200,200,0,0,1,11,200
0,1,20,0,0,0,1,7,7,200,0,0,0,0,200,200,1,20,0,1,200,200
1,1,20,0,0,0,1,7,7,200,0,0,0,0,200,200,1,20,0,1,43,200
0,1,15,0,0,200,200,2,0,200,0,200,200,0,200,1,1,0,0,2,200,200
0,200,30,0,0,0,1,10,5,2,0,0,0,0,200,200,200,18,0,0,34,200
0,200,30,0,0,0,1,10,5,2,0,0,0,0,200,200,200,18,0,0,29,200
0,200,30,0,0,0,1,14,6,200,0,0,0,0,200,200,200,23,23,0,61,200
0,200,30,0,0,0,1,14,6,200,0,0,0,0,200,200,200,23,23,0,65,200
0,200,30,0,0,0,1,14,12,4,0,0,0,0,200,200,200,17,21,0,66,200
0,200,30,0,0,0,1,14,12,4,0,0,0,0,200,200,200,17,21,0,60,200
0,200,30,1,2,0,1,14,5,2,0,0,0,0,1,200,200,17,200,0,0,200
0,200,30,1,2,0,1,14,5,2,0,0,0,0,1,200,200,17,200,0,0,200
0,200,30,1,2,0,1,0,12,0,2,0,0,1,1,200,200,3,33,1,51,200
0,200,30,1,2,0,1,0,12,0,2,0,0,1,1,200,200,3,33,0,48,200
1,200,30,1,2,0,1,0,12,0,2,0,0,1,1,200,200,3,33,1,39,200
1,200,30,1,2,0,1,0,12,0,2,0,0,1,1,200,200,3,33,1,4,200
1,200,30,1,2,0,1,0,12,0,2,0,0,1,1,200,200,3,33,1,7,200
1,200,30,1,2,0,1,0,12,0,2,0,0,1,1,200,200,3,33,0,3,200
0,1,30,0,0,200,200,7,6,1,0,200,0,0,200,200,1,22,16,2,200,200
0,200,25,0,0,0,1,7,5,2,0,0,0,0,200,200,1,0,200,1,200,200
0,200,35,2,0,2,1,0,2,200,0,1,0,0,200,200,200,9,200,1,36,200
0,200,35,2,0,2,1,0,2,200,0,1,0,0,200,200,200,9,200,1,26,200
0,200,30,0,0,0,1,10,5,200,0,0,0,0,200,200,1,20,20,2,200,200
0,200,30,0,0,0,1,10,5,200,0,0,0,0,200,200,1,20,20,0,55,200
0,1,30,0,0,0,1,10,5,200,0,0,0,0,200,200,200,18,200,1,25,200
0,1,30,0,0,0,1,10,5,200,0,0,0,0,200,200,200,18,200,0,31,200
0,200,30,0,0,0,1,0,6,1,0,200,200,0,200,200,200,17,17,1,22,200
0,200,30,0,0,0,1,0,6,1,0,200,200,0,200,200,200,17,17,1,29,200
0,200,30,0,0,0,1,10,2,2,0,0,1,1,200,200,200,18,200,0,45,200
0,200,30,0,0,0,1,10,2,2,0,0,1,1,200,200,200,18,200,0,200,200
0,200,30,1,2,0,3,14,12,200,0,0,0,1,1,200,200,6,16,1,18,200
0,200,30,1,2,0,3,14,12,200,0,0,0,1,1,200,200,6,16,0,49,200
4,200,30,1,2,0,3,14,12,200,0,0,0,1,1,200,200,6,16,0,34,200
1,200,30,1,2,0,3,14,12,200,0,0,0,1,1,200,200,6,16,200,200,200
1,200,30,1,2,0,3,14,12,200,0,0,0,1,1,200,200,6,16,1,200,200
0,200,30,0,0,0,1,7,5,2,0,0,0,0,200,200,1,20,0,2,200,200
0,1,25,0,0,200,200,7,5,200,0,0,0,0,200,200,1,0,200,2,200,200
0,200,25,0,0,0,1,12,6,200,0,0,1,0,200,200,200,21,200,1,19,200
0,200,25,0,0,0,1,12,6,200,0,0,1,0,200,200,200,21,200,1,54,200
0,200,30,0,0,0,1,7,7,200,0,0,0,0,200,1,200,11,200,1,66,200
0,200,30,0,0,0,200,2,0,200,0,0,0,0,200,1,1,0,0,2,200,200