PERSON_TYPE,CRASH_DATE_EST_I,POSTED_SPEED_LIMIT,TRAFFIC_CONTROL_DEVICE,DEVICE_CONDITION,WEATHER_CONDITION,LIGHTING_CONDITION,FIRST_CRASH_TYPE,TRAFFICWAY_TYPE,LANE_CNT,ALIGNMENT,ROADWAY_SURFACE_COND,ROAD_DEFECT,CRASH_TYPE,INTERSECTION_RELATED_I,NOT_RIGHT_OF_WAY_I,HIT_AND_RUN_I,PRIM_CONTRIBUTORY_CAUSE,SEC_CONTRIBUTORY_CAUSE,SEX,AGE,BAC_RESULT VALUE
0,200,30,3,0,0,1,0,7,200,0,0,0,0,200,200,200,20,200,0,54,200
0,200,30,3,0,0,1,0,7,200,0,0,0,0,200,200,200,20,200,0,39,200
0,1,30,0,0,0,1,2,6,1,0,0,0,0,200,200,1,0,200,2,200,200
0,200,30,0,0,0,1,2,2,4,0,0,0,1,200,200,1,0,200,2,200,200
0,200,0,0,0,0,1,7,7,0,0,0,0,0,200,200,1,0,0,2,200,200
0,200,10,0,0,0,1,7,7,0,0,0,0,0,200,1,200,0,0,0,55,200
0,200,30,1,2,0,1,14,5,2,0,0,0,1,1,200,200,0,0,0,27,200
0,200,30,1,2,0,1,14,5,2,0,0,0,1,1,200,200,0,0,0,83,200
1,200,30,1,2,0,1,14,5,2,0,0,0,1,1,200,200,0,0,0,26,200
1,200,30,1,2,0,1,14,5,2,0,0,0,1,1,200,200,0,0,0,26,200
1,200,30,1,2,0,1,14,5,2,0,0,0,1,1,200,200,0,0,1,26,200
1,200,30,1,2,0,1,14,5,2,0,0,0,1,1,200,200,0,0,0,26,200
0,200,30,0,0,0,1,2,5,200,0,0,1,1,200,200,200,0,200,0,37,200
0,200,5,0,0,0,1,9,0,1,0,200,200,0,200,200,1,0,0,1,200,200
5,200,5,0,0,0,1,9,0,1,0,200,200,0,200,200,1,0,0,1,31,200
0,200,30,0,0,0,0,10,5,200,0,0,0,0,200,200,200,18,200,1,21,200
0,200,30,0,0,0,0,10,5,200,0,0,0,0,200,200,200,18,200,1,60,200
0,200,30,1,5,0,1,12,5,200,0,0,0,0,1,200,200,0,0,1,61,200
0,200,30,1,5,0,1,12,5,200,0,0,0,0,1,200,200,0,0,2,44,200
0,200,30,2,200,0,1,10,5,1,0,0,200,0,200,200,1,0,0,1,200,200
0,200,30,2,200,0,1,10,5,1,0,0,200,0,200,200,1,0,0,0,64,200
0,1,25,1,2,0,3,7,6,1,0,0,0,0,200,200,1,15,6,0,200,200
0,1,30,0,0,0,1,7,7,200,0,0,0,0,200,200,200,18,200,1,28,200
0,200,30,0,200,0,1,7,5,200,0,200,200,0,200,200,1,0,0,0,200,200
0,200,30,0,0,0,1,2,5,200,0,0,0,1,200,200,200,0,0,0,30,200
0,200,35,1,2,0,1,10,5,2,0,0,0,0,200,200,200,0,0,0,33,200
0,200,35,1,2,0,1,10,5,2,0,0,0,0,200,200,200,0,0,1,34,200
1,200,35,1,2,0,1,10,5,2,0,0,0,0,200,200,200,0,0,1,33,200
0,200,30,1,2,0,1,14,3,200,0,0,0,1,1,200,200,23,17,1,200,200
0,200,30,1,2,0,1,14,3,200,0,0,0,1,1,200,200,23,17,1,200,200
0,200,20,0,0,0,1,7,2,2,0,0,200,0,200,200,1,0,20,1,200,200
0,200,45,0,0,0,1,12,3,4,0,0,0,1,200,200,1,0,200,2,200,200
0,200,45,0,0,0,1,12,3,4,0,0,0,1,200,200,1,0,200,0,50,200
0,200,30,0,0,0,1,0,7,2,0,0,0,0,200,1,200,20,11,0,60,200
0,200,30,0,0,0,1,0,7,2,0,0,0,0,200,1,200,20,11,1,33,200
1,200,30,0,0,0,1,0,7,2,0,0,0,0,200,1,200,20,11,1,62,200
0,200,30,0,0,0,1,0,0,200,0,0,0,0,200,200,200,200,200,1,23,200
0,200,30,0,0,0,1,0,0,200,0,0,0,0,200,200,200,200,200,0,20,200
0,200,30,0,0,0,1,7,5,200,0,0,0,0,200,200,200,0,200,0,42,200
4,200,35,0,0,0,1,8,5,200,0,0,0,0,200,200,200,35,200,0,28,200
0,200,35,0,0,0,1,8,5,200,0,0,0,0,200,200,200,35,200,1,63,200
1,200,30,0,0,0,1,12,5,200,0,0,0,0,200,200,200,0,0,1,200,200
0,200,30,0,0,0,1,12,5,200,0,0,0,0,200,200,200,0,0,0,35,200
0,200,30,0,0,0,1,12,5,200,0,0,0,0,200,200,200,0,0,0,57,200
1,200,30,0,0,0,1,12,5,200,0,0,0,0,200,200,200,0,0,1,200,200
1,200,30,0,0,0,1,12,5,200,0,0,0,0,200,200,200,0,0,0,200,200
0,1,20,0,0,200,200,7,7,1,0,0,0,0,200,200,1,0,0,2,200,200
0,200,30,0,0,0,1,7,5,200,0,0,0,0,200,200,200,28,0,1,32,200
0,200,30,1,2,0,1,14,3,4,0,0,0,0,200,200,200,17,0,1,75,200
0,200,30,1,2,0,1,14,3,4,0,0,0,0,200,200,200,17,0,0,56,200
1,200,30,1,2,0,1,14,3,4,0,0,0,0,200,200,200,17,0,0,200,200
1,200,30,1,2,0,1,14,3,4,0,0,0,0,200,200,200,17,0,1,200,200
0,200,30,1,2,0,1,3,2,200,0,0,0,0,1,200,200,20,200,0,43,200
0,200,30,1,2,0,1,3,2,200,0,0,0,0,1,200,200,20,200,1,43,200
0,200,25,0,0,0,1,10,5,200,0,0,0,0,200,200,200,0,0,1,23,200
0,200,25,0,0,0,1,10,5,200,0,0,0,0,200,200,200,0,0,1,30,200
0,200,30,0,0,0,1,7,6,2,0,0,0,0,200,200,200,22,200,0,59,200
0,200,30,0,0,0,1,9,6,1,0,0,0,1,200,200,1,0,0,0,200,200
5,200,30,0,0,0,1,9,6,1,0,0,0,1,200,200,1,0,0,0,200,200
0,200,30,1,2,0,1,10,5,200,0,0,0,0,1,200,1,18,200,1,200,200
0,200,30,1,2,0,1,10,5,200,0,0,0,0,1,200,1,18,200,1,32,200
0,200,30,0,0,0,1,7,5,200,0,0,0,0,200,200,0,200,200,1,200,200
0,200,0,0,0,0,1,9,5,1,0,0,0,1,200,200,200,0,0,1,200,200
5,200,0,0,0,0,1,9,5,1,0,0,0,1,200,200,200,0,0,0,65,200
0,200,35,3,2,0,1,12,5,200,0,0,0,0,200,200,200,22,17,0,32,200
0,200,35,3,2,0,1,12,5,200,0,0,0,0,200,200,200,22,17,0,29,200
0,200,30,1,1,0,1,2,5,4,0,0,0,1,1,1,200,0,200,1,53,200
0,200,30,1,2,0,1,0,2,200,0,0,0,1,200,200,200,6,200,1,26,200
0,200,30,1,2,0,1,0,2,200,0,0,0,1,200,200,200,6,200,0,62,200
1,200,30,1,2,0,1,0,2,200,0,0,0,1,200,200,200,6,200,1,6,200
0,200,30,0,0,0,1,7,7,2,0,0,0,0,200,0,1,0,0,2,200,200
0,200,20,2,200,0,1,0,6,200,0,0,0,1,1,200,200,10,200,1,38,200
0,200,20,2,200,0,1,0,6,200,0,0,0,1,1,200,200,10,200,0,37,200
1,200,20,2,200,0,1,0,6,200,0,0,0,1,1,200,200,10,200,0,200,200
0,200,35,0,0,0,1,10,7,1,0,0,0,0,200,200,1,0,0,1,200,200
0,200,35,0,0,0,1,10,7,1,0,0,0,0,200,200,1,0,0,0,71,200
0,200,30,0,0,0,1,7,5,200,0,0,0,0,200,200,1,21,200,2,200,200
0,200,30,0,0,0,1,12,5,200,0,0,0,0,200,200,200,0,0,0,39,200
0,200,30,0,0,0,1,12,5,200,0,0,0,0,200,200,200,0,0,0,36,200
0,200,30,0,0,0,1,7,5,2,0,0,0,0,200,200,200,20,11,1,78,200
0,200,25,4,2,0,1,12,2,2,0,0,0,0,1,200,200,16,17,1,46,200
0,200,25,4,2,0,1,12,2,2,0,0,0,0,1,200,200,16,17,1,26,200
0,200,30,0,0,0,3,7,5,200,0,0,0,0,200,200,1,0,200,0,200,200
0,200,30,200,2,0,1,7,5,4,0,1,0,0,200,200,1,0,0,2,200,200
0,200,30,0,0,0,1,10,5,200,0,0,0,0,0,200,200,18,200,0,20,200
0,200,30,0,0,0,1,10,5,200,0,0,0,0,0,200,200,18,200,0,24,200
0,200,30,0,0,0,1,0,5,2,0,0,0,1,200,200,200,17,200,1,72,200
0,200,30,0,0,0,1,0,5,2,0,0,0,1,200,200,200,17,200,0,38,200
0,200,15,0,0,0,1,10,6,1,0,0,0,1,200,200,200,20,200,0,27,200
0,200,15,0,0,0,1,10,6,1,0,0,0,1,200,200,200,20,200,1,35,200
0,200,0,1,1,0,1,14,1,2,0,0,200,1,1,200,200,200,200,2,200,200
0,200,0,1,1,0,1,14,1,2,0,0,200,1,1,200,200,200,200,0,39,200
1,200,0,1,1,0,1,14,1,2,0,0,200,1,1,200,200,200,200,0,61,200
0,200,30,0,0,0,1,14,5,4,0,0,0,1,200,200,200,17,200,0,31,200
0,200,30,0,0,0,1,14,5,4,0,0,0,1,200,200,200,17,200,0,37,200
1,200,30,0,0,0,1,14,5,4,0,0,0,1,200,200,200,17,200,1,44,200
1,200,30,0,0,0,1,14,5,4,0,0,0,1,200,200,200,17,200,0,5,200
0,200,25,2,2,0,1,0,5,2,0,0,0,0,1,200,200,17,200,0,55,200
0,200,25,2,2,0,1,0,5,2,0,0,0,0,1,200,200,17,200,0,23,200
1,200,25,2,2,0,1,0,5,2,0,0,0,0,1,200,200,17,200,0,1,200
0,200,30,1,2,0,1,10,2,4,0,0,200,0,1,200,200,21,0,1,51,200
0,200,30,1,2,0,1,10,2,4,0,0,200,0,1,200,200,21,0,0,21,200
1,200,30,1,2,0,1,10,2,4,0,0,200,0,1,200,200,21,0,0,70,200
0,200,30,1,2,0,1,12,5,200,0,0,0,0,200,200,1,0,200,0,200,200
0,200,30,1,2,0,1,12,5,200,0,0,0,0,200,200,1,0,200,0,64,200
0,200,25,2,1,0,1,0,5,200,0,0,0,0,1,200,200,7,200,1,16,200
0,200,25,2,1,0,1,0,5,200,0,0,0,0,1,200,200,7,200,0,29,200
1,200,25,2,1,0,1,0,5,200,0,0,0,0,1,200,200,7,200,0,200,200
1,200,25,2,1,0,1,0,5,200,0,0,0,0,1,200,200,7,200,1,200,200
1,200,25,2,1,0,1,0,5,200,0,0,0,0,1,200,200,7,200,200,200,200
1,200,25,2,1,0,1,0,5,200,0,0,0,0,1,200,200,7,200,0,200,200
1,200,25,2,1,0,1,0,5,200,0,0,0,0,1,200,200,7,200,0,26,200
1,200,25,2,1,0,1,0,5,200,0,0,0,0,1,200,200,7,200,0,8,200
1,200,25,2,1,0,1,0,5,200,0,0,0,0,1,200,200,7,200,0,6,200
1,200,25,2,1,0,1,0,5,200,0,0,0,0,1,200,200,7,200,0,4,200
4,200,30,0,0,0,1,8,5,2,0,0,0,0,200,200,200,200,200,0,11,200
0,200,30,0,0,0,1,10,5,200,0,0,0,0,1,200,200,0,0,1,200,200
0,200,30,0,0,0,1,10,5,200,0,0,0,0,1,200,200,0,0,1,28,200
0,200,0,0,0,0,1,7,7,200,0,0,0,0,200,200,0,11,0,2,200,200
0,200,30,1,200,0,1,9,5,200,0,0,0,1,200,200,200,16,200,0,34,200
5,200,30,1,200,0,1,9,5,200,0,0,0,1,200,200,200,16,200,1,27,200
0,200,25,0,0,0,1,7,5,200,0,0,0,0,200,200,200,0,200,1,55,200
1,200,25,0,0,0,1,7,5,200,0,0,0,0,200,200,200,0,200,0,35,200
0,200,35,0,0,0,1,7,6,2,0,0,200,1,200,200,200,25,0,0,29,200
0,200,30,200,200,0,1,2,5,2,2,0,200,0,200,200,200,0,200,0,39,200
0,200,30,0,0,0,1,7,5,200,0,0,0,0,200,200,1,0,0,2,200,200
0,200,25,0,0,0,1,7,6,1,0,0,0,1,200,200,200,12,0,1,26,200
1,200,25,0,0,0,1,7,6,1,0,0,0,1,200,200,200,12,0,0,6,200
1,200,25,0,0,0,1,7,6,1,0,0,0,1,200,200,200,12,0,1,2,200
1,200,25,0,0,0,1,7,6,1,0,0,0,1,200,200,200,12,0,1,5,200
0,200,30,0,0,0,3,7,6,1,0,0,0,0,200,200,200,0,200,1,47,200
0,200,30,0,0,0,1,12,5,2,0,0,0,0,200,200,200,17,200,1,37,200
0,200,30,0,0,0,1,12,5,2,0,0,0,0,200,200,200,17,200,1,20,200
1,200,30,0,0,0,1,12,5,2,0,0,0,0,200,200,200,17,200,1,19,200
1,200,30,0,0,0,1,12,5,2,0,0,0,0,200,200,200,17,200,0,16,200
1,200,30,0,0,0,1,12,5,2,0,0,0,0,200,200,200,17,200,1,14,200
1,200,30,0,0,0,1,12,5,2,0,0,0,0,200,200,200,17,200,1,200,200
0,200,30,0,0,0,1,7,6,1,0,200,200,0,200,200,1,0,200,0,200,200
0,200,30,0,0,0,1,2,7,200,0,0,0,0,200,200,200,20,200,0,30,200
1,200,30,0,0,0,1,2,7,200,0,0,0,0,200,200,200,20,200,0,30,200
0,200,30,200,200,0,1,9,200,200,0,0,200,1,200,200,200,0,200,2,200,200
5,200,30,200,200,0,1,9,200,200,0,0,200,1,200,200,200,0,200,1,34,200
0,200,25,0,0,0,1,10,5,2,0,0,0,0,200,200,1,20,200,0,200,200
0,200,25,0,0,0,1,10,5,2,0,0,0,0,200,200,1,20,200,0,200,200
0,200,30,0,0,0,1,7,5,1,0,0,0,0,200,200,1,0,0,2,200,200
0,200,30,0,0,0,2,7,6,200,0,0,0,0,200,200,1,200,200,2,200,200
0,200,30,0,0,0,1,12,5,200,0,0,0,0,200,200,200,17,200,1,43,200
0,200,30,0,0,0,1,12,5,200,0,0,0,0,200,200,200,17,200,1,43,200
0,200,30,0,0,0,1,0,5,2,0,0,0,0,1,200,200,17,200,1,58,200
0,200,30,0,0,0,1,0,5,2,0,0,0,0,1,200,200,17,200,0,43,200
1,200,30,0,0,0,1,0,5,2,0,0,0,0,1,200,200,17,200,1,200,200
1,200,30,0,0,0,1,0,5,2,0,0,0,0,1,200,200,17,200,1,200,200
0,200,30,0,0,0,1,14,5,3,0,200,200,0,200,200,200,23,22,1,200,200
0,200,30,0,0,0,1,14,5,3,0,200,200,0,200,200,200,23,22,0,66,200
1,200,30,0,0,0,1,14,5,3,0,200,200,0,200,200,200,23,22,0,200,200
1,200,30,0,0,0,1,14,5,3,0,200,200,0,200,200,200,23,22,0,200,200
0,200,30,0,0,0,1,7,7,1,0,0,200,0,200,200,200,0,0,0,24,200
0,200,20,0,0,0,1,7,5,2,0,0,0,0,200,200,200,7,7,0,57,200
0,0,25,200,2,0,1,12,6,1,0,0,0,0,200,200,200,22,17,0,39,200
0,0,25,200,2,0,1,12,6,1,0,0,0,0,200,200,200,22,17,1,69,200
1,0,25,200,2,0,1,12,6,1,0,0,0,0,200,200,200,22,17,0,56,200
0,200,30,1,2,0,1,12,5,200,0,0,0,0,200,200,1,0,200,0,200,200
0,200,30,1,2,0,1,12,5,200,0,0,0,0,200,200,1,0,200,1,29,200
1,200,30,1,2,0,1,12,5,200,0,0,0,0,200,200,1,0,200,1,200,200
0,200,30,0,0,0,1,11,2,200,0,0,0,0,200,200,200,21,200,0,46,200
0,200,30,0,0,0,1,11,2,200,0,0,0,0,200,200,200,21,200,2,200,200
0,200,30,1,2,0,1,14,5,200,0,0,0,0,1,200,0,17,200,0,46,200
0,200,30,1,2,0,1,14,5,200,0,0,0,0,1,200,0,17,200,1,22,200
1,200,30,1,2,0,1,14,5,200,0,0,0,0,1,200,0,17,200,1,46,200
0,200,30,0,0,0,1,12,5,200,0,0,0,0,200,200,200,200,200,0,200,200
0,200,30,0,0,0,1,12,5,200,0,0,0,0,200,200,200,200,200,0,25,200
1,200,30,0,0,0,1,12,5,200,0,0,0,0,200,200,200,200,200,0,200,200
1,200,30,0,0,0,1,12,5,200,0,0,0,0,200,200,200,200,200,1,200,200
0,200,20,2,2,0,1,7,6,1,0,0,0,0,200,200,200,8,200,1,61,200
0,200,30,1,2,0,1,14,3,200,0,0,0,1,200,200,200,3,16,0,25,200
0,200,30,1,2,0,1,14,3,200,0,0,0,1,200,200,200,3,16,0,28,200
1,200,30,1,2,0,1,14,3,200,0,0,0,1,200,200,200,3,16,1,23,200
0,200,30,1,2,0,1,10,2,4,0,0,0,0,200,200,200,0,0,0,61,200
0,200,30,1,2,0,1,10,2,4,0,0,0,0,200,200,200,0,0,1,41,200
0,200,30,0,0,0,1,7,5,2,0,200,200,0,200,200,200,20,20,0,23,200
1,200,30,0,0,0,1,7,5,2,0,200,200,0,200,200,200,20,20,1,39,200
0,200,30,2,2,0,1,10,5,2,0,0,0,1,200,200,1,18,0,0,200,200
0,200,30,2,2,0,1,10,5,2,0,0,0,1,200,200,1,18,0,0,33,200
1,200,30,2,2,0,1,10,5,2,0,0,0,1,200,200,1,18,0,0,12,200
0,200,30,0,0,0,1,7,5,2,0,0,0,0,200,200,200,12,0,0,44,200
0,200,30,0,0,0,1,8,5,2,0,0,0,1,1,200,1,0,200,2,200,200
4,200,30,0,0,0,1,8,5,2,0,0,0,1,1,200,1,0,200,0,52,200
0,200,30,0,0,0,1,11,5,200,0,0,0,0,200,200,200,35,200,0,200,200
0,200,30,0,0,0,1,11,5,200,0,0,0,0,200,200,200,35,200,0,27,200
0,200,30,1,200,0,1,12,5,3,0,0,200,0,200,200,200,0,0,0,35,200
0,200,30,1,200,0,1,12,5,3,0,0,200,0,200,200,200,0,0,0,40,200
0,200,5,0,0,0,1,7,7,200,0,0,0,0,200,1,200,11,200,0,25,200
0,200,10,0,0,0,1,10,12,200,0,0,0,0,200,200,200,0,200,0,200,200
0,200,10,0,0,0,1,10,12,200,0,0,0,0,200,200,200,0,200,1,47,200
1,200,10,0,0,0,1,10,12,200,0,0,0,0,200,200,200,0,200,200,200,200
0,200,30,2,2,0,1,0,5,2,0,0,0,0,1,200,200,5,11,0,12,200
0,200,30,2,2,0,1,0,5,2,0,0,0,0,1,200,200,5,11,0,70,200
0,200,30,2,2,0,1,0,5,2,0,0,0,0,1,200,200,5,11,0,35,200
1,200,30,2,2,0,1,0,5,2,0,0,0,0,1,200,200,5,11,1,32,200
0,200,15,0,0,0,1,7,7,200,0,0,0,0,200,1,1,0,0,2,200,200
0,1,30,0,0,0,1,12,5,200,0,0,0,0,200,200,200,22,200,0,22,200
0,1,30,0,0,0,1,12,5,200,0,0,0,0,200,200,200,22,200,0,41,200
0,1,30,2,12,0,1,0,5,2,0,0,0,1,1,200,200,5,200,0,30,200
0,1,30,2,12,0,1,0,5,2,0,0,0,1,1,200,200,5,200,0,59,200
0,1,30,2,12,0,1,0,5,2,0,0,0,1,1,200,200,5,200,0,47,200
1,1,30,2,12,0,1,0,5,2,0,0,0,1,1,200,200,5,200,0,30,200
1,1,30,2,12,0,1,0,5,2,0,0,0,1,1,200,200,5,200,1,54,200
1,1,30,2,12,0,1,0,5,2,0,0,0,1,1,200,200,5,200,1,18,200
1,1,30,2,12,0,1,0,5,2,0,0,0,1,1,200,200,5,200,0,18,200
0,200,30,12,12,0,1,10,3,200,0,0,200,0,200,200,200,18,0,0,200,200
0,200,30,12,12,0,1,10,3,200,0,0,200,0,200,200,200,18,0,0,33,200
0,200,30,2,2,0,3,10,5,200,0,0,0,0,1,200,200,18,0,0,29,200
0,200,30,2,2,0,3,10,5,200,0,0,0,0,1,200,200,18,0,0,38,200
0,200,20,0,0,0,1,7,7,1,0,0,200,0,200,200,1,0,0,2,200,200
0,200,30,0,0,0,1,7,7,200,0,0,0,0,200,1,200,11,200,0,200,200
0,200,35,0,0,0,1,10,5,2,0,0,0,0,0,200,0,22,22,1,54,200
0,200,35,0,0,0,1,10,5,2,0,0,0,0,0,200,0,22,22,0,200,200
1,200,35,0,0,0,1,10,5,2,0,0,0,0,0,200,0,22,22,1,72,200
1,200,35,0,0,0,1,10,5,2,0,0,0,0,0,200,0,22,22,1,49,200
1,200,35,0,0,0,1,10,5,2,0,0,0,0,0,200,0,22,22,200,200,200
0,200,30,0,0,0,1,8,5,4,0,0,0,1,200,200,0,0,0,2,200,200
4,200,30,0,0,0,1,8,5,4,0,0,0,1,200,200,0,0,0,0,13,200
0,200,30,0,0,0,1,12,2,4,0,0,0,0,200,200,200,11,0,1,22,200
0,200,30,0,0,0,1,12,2,4,0,0,0,0,200,200,200,11,0,1,50,200
1,200,30,0,0,0,1,12,2,4,0,0,0,0,200,200,200,11,0,1,200,200
1,200,30,0,0,0,1,12,2,4,0,0,0,0,200,200,200,11,0,1,200,200
0,200,35,1,2,0,1,10,1,4,0,0,0,0,200,200,200,14,18,0,200,200
0,200,30,0,0,0,4,10,5,200,0,0,0,0,200,200,200,200,200,0,62,200
0,200,30,0,0,0,4,10,5,200,0,0,0,0,200,200,200,200,200,1,27,200
0,0,30,0,0,0,4,7,6,1,0,0,0,1,200,200,1,0,0,2,200,200
0,200,10,0,0,0,1,7,7,200,0,0,0,0,200,200,200,20,20,1,62,200
1,200,10,0,0,0,1,7,7,200,0,0,0,0,200,200,200,20,20,0,47,200
1,200,10,0,0,0,1,7,7,200,0,0,0,0,200,200,200,20,20,1,46,200
0,200,30,0,0,0,3,11,0,200,0,0,0,0,200,200,200,17,200,0,43,200
0,200,30,0,0,0,3,11,0,200,0,0,0,0,200,200,200,17,200,1,27,200
0,200,20,0,0,0,3,7,5,2,2,0,0,1,200,200,200,23,11,0,25,200
0,200,30,1,2,0,3,14,5,2,0,0,0,0,200,200,200,200,200,1,27,200
0,200,30,1,2,0,3,14,5,2,0,0,0,0,200,200,200,200,200,0,19,200
0,200,30,0,0,0,0,12,6,200,0,0,0,0,200,200,200,0,0,1,19,200
0,200,30,0,0,0,0,12,6,200,0,0,0,0,200,200,200,0,0,1,19,200
0,200,30,0,0,0,3,12,2,200,0,0,0,1,200,200,200,21,200,1,42,200
0,200,30,0,0,0,3,12,2,200,0,0,0,1,200,200,200,21,200,0,25,200
0,200,30,0,0,0,3,12,2,200,0,0,0,1,200,200,200,21,200,0,27,200
0,200,30,0,0,0,3,12,2,200,0,0,0,1,200,200,200,21,200,0,45,200
0,200,30,0,0,0,3,12,2,200,0,0,0,1,200,200,200,21,200,1,18,200
1,200,30,0,0,0,3,12,2,200,0,0,0,1,200,200,200,21,200,0,200,200
1,200,30,0,0,0,3,12,2,200,0,0,0,1,200,200,200,21,200,1,200,200
1,200,30,0,0,0,3,12,2,200,0,0,0,1,200,200,200,21,200,0,200,200
1,200,30,0,0,0,3,12,2,200,0,0,0,1,200,200,200,21,200,1,200,200
1,200,30,0,0,0,3,12,2,200,0,0,0,1,200,200,200,21,200,1,200,200
0,200,30,0,0,0,1,7,5,200,0,0,0,0,200,200,1,0,0,2,200,200
0,200,30,0,0,0,0,12,3,2,0,0,200,0,200,200,200,0,0,0,48,200
0,200,30,0,0,0,0,12,3,2,0,0,200,0,200,200,200,0,0,1,31,200
0,200,30,0,0,0,0,7,5,200,0,0,0,0,200,200,1,25,200,0,15,200
1,200,30,0,0,0,0,7,5,200,0,0,0,0,200,200,1,25,200,1,200,200
1,200,30,0,0,0,0,7,5,200,0,0,0,0,200,200,1,25,200,0,200,200
0,200,30,0,0,0,1,7,6,1,0,0,0,0,200,200,1,11,0,2,200,200
0,200,30,0,0,0,3,3,5,2,0,0,0,1,200,200,200,0,0,0,200,200
0,200,30,0,0,0,3,3,5,2,0,0,0,1,200,200,200,0,0,1,44,200
0,1,20,0,0,0,3,7,6,200,0,0,0,0,200,200,200,20,11,2,200,200
0,200,30,2,2,0,3,0,12,200,0,0,0,0,1,200,200,0,0,0,27,200
0,200,30,2,2,0,3,0,12,200,0,0,0,0,1,200,200,0,0,0,24,200
1,200,30,2,2,0,3,0,12,200,0,0,0,0,1,200,200,0,0,1,25,200
0,200,30,1,2,0,3,9,5,2,0,0,0,1,1,200,200,17,0,0,45,200
5,200,30,1,2,0,3,9,5,2,0,0,0,1,1,200,200,17,0,1,60,200
0,200,30,1,200,0,1,7,6,2,0,0,0,1,200,200,200,0,0,0,20,200
0,0,30,0,0,0,200,7,6,1,0,0,0,0,200,200,1,0,200,2,200,200
0,200,20,0,0,0,1,7,6,1,0,0,3,0,200,200,200,11,11,2,200,200
0,200,30,0,0,0,0,7,5,200,0,0,0,0,200,200,1,0,0,2,200,200
0,200,25,2,2,0,3,14,5,2,0,0,0,0,1,200,200,17,5,0,26,200
0,200,25,2,2,0,3,14,5,2,0,0,0,0,1,200,200,17,5,0,79,200
0,200,30,0,0,0,3,7,6,1,0,0,0,1,200,200,1,200,200,2,0,200
0,200,30,1,2,0,3,10,5,200,0,0,0,0,200,200,200,0,0,1,200,200
0,200,30,1,2,0,3,10,5,200,0,0,0,0,200,200,200,0,0,0,60,200
0,200,30,2,2,0,3,10,6,1,0,0,0,1,200,200,1,0,0,2,200,200
0,200,30,2,2,0,3,10,6,1,0,0,0,1,200,200,1,0,0,1,32,200
1,200,30,2,2,0,3,10,6,1,0,0,0,1,200,200,1,0,0,1,53,200
1,200,30,2,2,0,3,10,6,1,0,0,0,1,200,200,1,0,0,0,62,200
0,200,30,0,0,0,3,12,2,200,0,0,0,0,200,200,200,17,0,0,25,200
0,200,30,0,0,0,3,12,2,200,0,0,0,0,200,200,200,17,0,0,35,200
1,200,30,0,0,0,3,12,2,200,0,0,0,0,200,200,200,17,0,1,41,200
1,200,30,0,0,0,3,12,2,200,0,0,0,0,200,200,200,17,0,0,8,200
0,200,35,0,0,0,2,14,2,2,0,0,0,0,200,200,200,200,200,0,19,200
0,200,35,0,0,0,2,14,2,2,0,0,0,0,200,200,200,200,200,0,53,200
0,200,0,0,0,0,1,7,5,200,0,0,0,0,200,200,1,0,0,2,200,200
0,200,30,0,0,0,0,10,2,2,0,0,0,0,200,200,200,18,12,0,26,200
0,200,30,0,0,0,0,10,2,2,0,0,0,0,200,200,200,18,12,1,45,200
1,200,30,0,0,0,0,10,2,2,0,0,0,0,200,200,200,18,12,0,16,200
0,200,30,2,2,0,3,14,2,200,0,0,0,0,200,200,200,0,200,0,55,200
0,200,30,2,2,0,3,14,2,200,0,0,0,0,200,200,200,0,200,1,34,200
0,200,30,0,2,0,3,10,5,1,0,0,0,0,200,200,1,16,200,0,200,200
0,200,30,0,2,0,3,10,5,1,0,0,0,0,200,200,1,16,200,1,33,200
0,200,30,0,2,0,3,10,5,1,0,0,0,0,200,200,1,16,200,0,200,200
0,200,30,2,2,0,3,10,5,2,0,0,0,0,200,200,1,20,200,2,200,200
0,200,30,2,2,0,3,10,5,2,0,0,0,0,200,200,1,20,200,1,34,200
1,200,30,2,2,0,3,10,5,2,0,0,0,0,200,200,1,20,200,0,200,200
1,200,30,2,2,0,3,10,5,2,0,0,0,0,200,200,1,20,200,2,200,200
1,200,30,2,2,0,3,10,5,2,0,0,0,0,200,200,1,20,200,2,200,200
1,200,30,2,2,0,3,10,5,2,0,0,0,0,200,200,1,20,200,2,200,200
0,200,20,1,2,0,3,14,5,2,0,0,0,1,200,200,200,11,4,1,27,200
0,200,20,1,2,0,3,14,5,2,0,0,0,1,200,200,200,11,4,1,31,200
1,200,20,1,2,0,3,14,5,2,0,0,0,1,200,200,200,11,4,0,4,200
0,200,30,0,0,0,3,7,6,1,0,0,0,0,200,200,1,0,0,2,200,200
0,200,30,2,2,0,3,2,3,200,0,0,0,1,1,200,200,33,200,0,50,200
0,200,30,0,0,0,3,12,6,2,0,0,0,0,200,200,200,21,200,0,21,200
0,200,30,0,0,0,3,12,6,2,0,0,0,0,200,200,200,21,200,0,45,200
0,200,30,0,0,0,3,7,6,200,0,0,0,0,200,200,200,20,200,1,67,200
0,200,30,0,0,0,3,12,6,200,0,0,200,0,200,200,1,0,200,2,200,200
0,200,30,0,0,0,3,12,6,200,0,0,200,0,200,200,1,0,200,0,25,200
0,200,30,0,0,0,3,10,2,4,0,0,0,1,1,200,200,6,16,0,25,200