PERSON_TYPE,CRASH_DATE_EST_I,POSTED_SPEED_LIMIT,TRAFFIC_CONTROL_DEVICE,DEVICE_CONDITION,WEATHER_CONDITION,LIGHTING_CONDITION,FIRST_CRASH_TYPE,TRAFFICWAY_TYPE,LANE_CNT,ALIGNMENT,ROADWAY_SURFACE_COND,ROAD_DEFECT,CRASH_TYPE,INTERSECTION_RELATED_I,NOT_RIGHT_OF_WAY_I,HIT_AND_RUN_I,PRIM_CONTRIBUTORY_CAUSE,SEC_CONTRIBUTORY_CAUSE,SEX,AGE,BAC_RESULT VALUE
0,200,30,0,0,0,3,10,2,4,0,0,0,1,1,200,200,6,16,1,24,200
1,200,30,0,0,0,3,10,2,4,0,0,0,1,1,200,200,6,16,1,23,200
0,200,30,1,0,0,3,12,5,200,0,0,0,0,200,200,200,22,200,0,25,200
0,200,30,1,0,0,3,12,5,200,0,0,0,0,200,200,200,22,200,1,40,200
0,200,15,0,0,0,0,7,5,200,0,0,0,0,200,200,1,0,0,2,200,200
0,200,35,0,0,0,3,8,12,1,0,0,0,0,200,200,200,16,200,0,46,200
4,200,35,0,0,0,3,8,12,1,0,0,0,0,200,200,200,16,200,0,13,200
0,200,35,0,0,0,0,5,0,200,0,0,0,0,200,200,200,0,200,0,0,200
0,200,30,2,2,0,3,0,3,6,0,0,0,1,1,200,200,16,200,0,20,200
0,200,30,2,2,0,3,0,3,6,0,0,0,1,1,200,200,16,200,0,51,200
1,200,30,2,2,0,3,0,3,6,0,0,0,1,1,200,200,16,200,1,31,200
0,200,30,2,2,0,3,12,12,200,0,0,0,0,1,200,200,0,0,0,200,200
0,200,30,2,2,0,3,12,12,200,0,0,0,0,1,200,200,0,0,0,47,200
1,200,30,2,2,0,3,12,12,200,0,0,0,0,1,200,200,0,0,1,200,200
0,200,35,1,2,0,0,14,5,2,0,0,0,0,200,200,1,0,200,1,200,200
0,200,35,1,2,0,0,14,5,2,0,0,0,0,200,200,1,0,200,1,31,200
1,200,35,1,2,0,0,14,5,2,0,0,0,0,200,200,1,0,200,0,23,200
0,200,30,1,2,0,3,14,5,200,0,0,0,0,1,200,200,6,200,0,20,200
0,200,30,1,2,0,3,14,5,200,0,0,0,0,1,200,200,6,200,0,19,200
0,200,30,0,0,0,3,14,2,2,0,0,0,1,0,200,200,23,17,0,40,200
0,200,30,0,0,0,3,14,2,2,0,0,0,1,0,200,200,23,17,1,26,200
1,200,30,0,0,0,3,14,2,2,0,0,0,1,0,200,200,23,17,1,14,200
0,200,25,0,0,0,3,7,6,200,0,0,0,1,200,1,200,25,16,0,200,200
0,200,25,0,0,0,3,7,6,200,0,0,0,1,200,1,200,25,16,0,17,200
0,200,30,1,2,0,3,14,5,200,0,0,0,0,200,200,1,23,200,0,200,200
0,200,30,1,2,0,3,14,5,200,0,0,0,0,200,200,1,23,200,1,46,200
1,200,30,1,2,0,3,14,5,200,0,0,0,0,200,200,1,23,200,1,200,200
0,200,35,1,2,0,3,14,5,200,0,0,0,1,1,200,200,17,0,0,42,200
0,200,35,1,2,0,3,14,5,200,0,0,0,1,1,200,200,17,0,1,76,200
0,200,35,0,0,0,3,7,6,200,0,0,0,1,200,200,200,0,0,2,200,200
0,200,20,0,0,0,3,10,2,2,0,0,0,0,200,200,1,4,18,0,200,200
0,200,20,0,0,0,3,10,2,2,0,0,0,0,200,200,1,4,18,0,43,200
0,200,30,1,2,0,3,4,5,2,0,0,0,1,1,200,200,200,200,0,42,200
1,200,30,1,2,0,3,4,5,2,0,0,0,1,1,200,200,200,200,1,25,200
0,200,30,4,0,0,3,0,5,2,0,0,0,1,1,200,200,16,0,0,20,200
0,200,30,4,0,0,3,0,5,2,0,0,0,1,1,200,200,16,0,0,200,200
1,200,30,4,0,0,3,0,5,2,0,0,0,1,1,200,200,16,0,1,20,200
1,200,30,4,0,0,3,0,5,2,0,0,0,1,1,200,200,16,0,0,19,200
1,200,30,4,0,0,3,0,5,2,0,0,0,1,1,200,200,16,0,0,200,200
0,200,20,0,0,0,3,14,2,2,0,0,200,0,200,200,200,17,22,1,23,200
0,200,20,0,0,0,3,14,2,2,0,0,200,0,200,200,200,17,22,1,200,200
0,1,30,2,200,0,3,1,200,200,0,0,200,0,200,200,1,0,0,2,200,200
0,200,25,0,0,0,3,7,5,200,0,0,0,0,200,200,200,0,200,0,48,200
0,200,30,2,2,0,3,0,3,3,0,1,0,1,200,200,200,17,17,1,38,200
0,200,30,2,2,0,3,0,3,3,0,1,0,1,200,200,200,17,17,1,44,200
0,200,30,0,0,0,3,7,5,2,0,0,0,1,200,200,200,21,19,0,45,0.18
0,200,0,0,0,0,3,2,7,200,0,0,0,0,200,1,1,0,0,2,200,200
0,200,30,0,0,0,1,10,2,2,0,0,0,0,200,200,200,8,200,0,39,200
0,200,30,0,0,0,1,10,2,2,0,0,0,0,200,200,200,8,200,1,200,200
0,200,30,0,0,0,0,7,6,1,0,0,0,0,200,200,1,21,200,0,33,200
0,200,30,0,0,0,3,2,5,2,0,0,200,1,200,200,200,27,200,1,24,200
0,200,30,0,0,0,3,10,6,200,0,0,0,0,200,200,1,25,200,0,200,200
0,200,30,0,0,0,3,10,6,200,0,0,0,0,200,200,1,25,200,0,0,200
0,200,25,0,0,0,3,7,5,200,0,0,0,1,200,200,1,0,0,2,200,200
0,200,30,1,2,0,3,0,6,3,2,0,0,1,1,1,200,10,20,1,22,200
0,200,30,1,2,0,3,0,6,3,2,0,0,1,1,1,200,10,20,0,35,200
0,200,30,1,2,0,3,0,6,3,2,0,0,1,1,1,200,10,20,0,31,200
1,200,30,1,2,0,3,0,6,3,2,0,0,1,1,1,200,10,20,0,36,200
0,200,30,0,0,0,3,10,2,4,0,0,0,0,200,200,200,22,200,0,29,200
0,200,30,0,0,0,3,10,2,4,0,0,0,0,200,200,200,22,200,1,74,200
0,200,30,1,2,0,3,12,12,4,5,0,0,1,1,200,200,0,0,1,43,200
0,200,30,1,2,0,3,12,12,4,5,0,0,1,1,200,200,0,0,1,29,200
0,200,25,0,200,0,3,2,6,1,0,0,0,1,200,200,1,0,0,0,200,200
1,200,25,0,200,0,3,2,6,1,0,0,0,1,200,200,1,0,0,0,25,200
1,200,25,0,200,0,3,2,6,1,0,0,0,1,200,200,1,0,0,0,22,200
1,200,25,0,200,0,3,2,6,1,0,0,0,1,200,200,1,0,0,200,200,200
0,200,30,0,0,0,0,0,5,200,0,0,0,0,200,200,200,20,20,0,38,200
0,200,30,0,0,0,0,0,5,200,0,0,0,0,200,200,200,20,20,0,28,200
4,200,30,1,2,0,1,8,2,4,0,0,0,1,1,200,200,21,0,0,63,200
0,200,30,1,2,0,1,8,2,4,0,0,0,1,1,200,200,21,0,0,52,200
0,200,35,1,2,0,1,10,3,3,0,0,0,0,200,200,200,18,16,0,36,200
0,200,35,1,2,0,1,10,3,3,0,0,0,0,200,200,200,18,16,0,65,200
0,200,35,1,2,0,1,10,3,3,0,0,0,0,200,200,200,18,16,0,35,200
0,200,20,0,0,0,1,7,5,2,0,0,3,0,200,200,1,0,0,2,200,200
0,200,35,0,0,0,1,10,3,200,0,0,0,0,200,200,200,18,200,1,26,200
0,200,30,1,2,0,1,10,5,4,0,0,0,0,1,200,200,0,0,1,60,200
0,200,30,1,2,0,1,10,5,4,0,0,0,0,1,200,200,0,0,1,39,200
0,200,30,1,2,0,1,10,5,200,0,0,0,0,200,200,200,16,18,0,33,200
0,200,30,1,2,0,1,10,5,200,0,0,0,0,200,200,200,16,18,0,34,200
0,200,30,0,0,0,1,10,5,2,0,0,0,0,0,200,200,16,200,0,36,200
0,200,30,0,0,0,1,10,5,2,0,0,0,0,0,200,200,16,200,0,36,200
0,200,30,0,0,0,1,12,6,1,0,0,0,0,200,200,200,17,200,1,58,200
0,200,30,0,0,0,1,12,6,1,0,0,0,0,200,200,200,17,200,0,62,200
0,200,30,1,2,0,1,12,2,200,0,0,0,0,1,200,200,22,0,1,43,200
0,200,30,1,2,0,1,12,2,200,0,0,0,0,1,200,200,22,0,1,47,200
0,200,30,0,0,0,1,7,5,2,0,0,0,0,200,200,200,0,0,0,56,200
0,200,30,0,0,0,1,12,5,4,0,0,0,0,200,200,1,200,0,0,21,200
0,200,30,0,0,0,1,12,5,4,0,0,0,0,200,200,1,200,0,1,38,200
1,200,30,0,0,0,1,12,5,4,0,0,0,0,200,200,1,200,0,0,13,200
1,200,30,0,0,0,1,12,5,4,0,0,0,0,200,200,1,200,0,0,7,200
1,200,30,0,0,0,1,12,5,4,0,0,0,0,200,200,1,200,0,0,39,200
0,200,30,0,0,0,1,2,6,200,0,0,200,0,200,200,200,33,200,1,63,200
0,200,30,0,0,0,1,14,2,200,0,0,0,0,200,200,200,21,200,0,58,200
0,200,30,0,0,0,1,14,2,200,0,0,0,0,200,200,200,21,200,0,41,200
1,200,30,0,0,0,1,14,2,200,0,0,0,0,200,200,200,21,200,0,10,200
1,200,30,0,0,0,1,14,2,200,0,0,0,0,200,200,200,21,200,0,7,200
0,0,30,1,2,0,1,12,5,2,0,0,0,0,0,200,200,8,20,0,53,200
0,0,30,1,2,0,1,12,5,2,0,0,0,0,0,200,200,8,20,0,25,200
0,200,30,2,2,0,1,0,5,200,0,0,0,1,200,200,200,0,200,1,41,200
0,200,30,2,2,0,1,0,5,200,0,0,0,1,200,200,200,0,200,1,35,200
1,200,30,2,2,0,1,0,5,200,0,0,0,1,200,200,200,0,200,0,8,200
1,200,30,2,2,0,1,0,5,200,0,0,0,1,200,200,200,0,200,1,4,200
0,200,40,3,0,0,1,12,2,8,0,0,0,0,200,200,200,22,0,1,27,200
0,200,40,3,0,0,1,12,2,8,0,0,0,0,200,200,200,22,0,1,26,200
0,200,30,0,0,0,1,10,2,200,0,0,0,0,200,200,200,200,200,1,38,200
0,200,30,0,0,0,1,10,2,200,0,0,0,0,200,200,200,200,200,1,37,200
1,200,30,0,0,0,1,10,2,200,0,0,0,0,200,200,200,200,200,0,10,200
1,200,30,0,0,0,1,10,2,200,0,0,0,0,200,200,200,200,200,1,10,200
1,200,30,0,0,0,1,10,2,200,0,0,0,0,200,200,200,200,200,200,5,200
1,200,30,0,0,0,1,10,2,200,0,0,0,0,200,200,200,200,200,200,4,200
0,200,30,1,2,0,1,0,6,200,0,0,0,0,1,200,200,6,200,0,24,200
0,200,30,1,2,0,1,0,6,200,0,0,0,0,1,200,200,6,200,1,63,200
0,200,30,0,0,0,1,12,2,200,0,0,0,0,200,200,0,0,0,0,25,200
0,200,30,0,0,0,1,12,2,200,0,0,0,0,200,200,0,0,0,0,23,200
1,200,30,0,0,0,1,12,2,200,0,0,0,0,200,200,0,0,0,1,21,200
0,200,30,2,2,0,1,0,5,200,0,0,0,0,200,200,200,17,200,0,200,200
0,200,30,2,2,0,1,0,5,200,0,0,0,0,200,200,200,17,200,0,35,200
1,200,30,2,2,0,1,0,5,200,0,0,0,0,200,200,200,17,200,1,200,200
1,200,30,2,2,0,1,0,5,200,0,0,0,0,200,200,200,17,200,0,200,200
1,200,30,2,2,0,1,0,5,200,0,0,0,0,200,200,200,17,200,0,200,200
0,200,20,0,0,0,1,8,5,2,0,0,0,0,200,200,200,17,17,0,32,200
4,200,20,0,0,0,1,8,5,2,0,0,0,0,200,200,200,17,17,0,0,200
0,200,30,0,0,0,1,7,5,2,0,0,0,0,200,200,1,0,0,1,200,200
0,200,35,0,0,0,1,9,5,2,0,0,0,0,1,200,200,17,200,1,66,200
5,200,35,0,0,0,1,9,5,2,0,0,0,0,1,200,200,17,200,200,200,200
0,200,30,0,0,0,200,7,6,200,0,0,0,0,200,200,1,0,0,2,200,200
0,200,30,0,0,0,1,14,5,2,0,0,0,0,200,200,0,11,0,0,27,200
0,200,30,0,0,0,1,14,5,2,0,0,0,0,200,200,0,11,0,0,63,200
0,200,30,0,0,0,1,12,2,2,0,0,0,0,200,200,200,0,0,0,46,200
0,200,30,0,0,0,1,12,2,2,0,0,0,0,200,200,200,0,0,0,88,200
1,200,30,0,0,0,1,12,2,2,0,0,0,0,200,200,200,0,0,2,46,200
1,200,30,0,0,0,1,12,2,2,0,0,0,0,200,200,200,0,0,1,83,200
0,200,5,0,0,0,1,10,7,1,0,0,0,0,200,200,200,16,18,1,51,200
0,200,5,0,0,0,1,10,7,1,0,0,0,0,200,200,200,16,18,1,51,200
0,200,5,0,0,0,1,10,7,1,0,0,0,0,200,200,200,16,18,1,64,200
1,200,5,0,0,0,1,10,7,1,0,0,0,0,200,200,200,16,18,1,4,200
0,200,30,1,2,0,1,14,3,200,0,0,0,1,1,200,200,6,23,0,34,200
0,200,30,1,2,0,1,14,3,200,0,0,0,1,1,200,200,6,23,0,200,200
0,200,30,0,0,0,3,7,5,200,0,0,0,0,200,200,1,0,0,2,200,200
0,200,30,0,0,0,1,10,5,2,0,0,0,1,200,200,200,18,16,1,38,200
0,200,30,0,0,0,1,10,5,2,0,0,0,1,200,200,200,18,16,0,33,200
1,200,30,0,0,0,1,10,5,2,0,0,0,1,200,200,200,18,16,1,11,200
0,200,15,2,2,0,1,0,2,200,0,0,0,1,200,200,200,14,16,1,85,200
0,200,15,2,2,0,1,0,2,200,0,0,0,1,200,200,200,14,16,0,28,200
0,200,30,0,0,0,1,14,5,5,0,0,0,1,200,200,200,17,200,1,59,200
0,200,30,0,0,0,1,14,5,5,0,0,0,1,200,200,200,17,200,0,33,200
0,200,30,0,0,0,1,12,5,2,0,0,0,1,200,200,200,22,11,0,200,200
0,200,30,0,0,0,1,12,5,2,0,0,0,1,200,200,200,22,11,0,41,200
1,200,30,0,0,0,1,12,5,2,0,0,0,1,200,200,200,22,11,0,48,200
0,200,30,0,0,0,1,10,2,200,0,0,0,0,200,200,200,0,200,0,29,200
0,200,30,0,0,0,1,10,2,200,0,0,0,0,200,200,200,0,200,1,33,200
0,200,30,0,0,0,1,10,2,200,0,0,0,0,200,200,200,0,200,0,30,200
0,200,30,0,0,0,1,10,5,2,0,0,0,1,200,200,200,11,0,0,73,200
0,200,30,0,0,0,1,10,5,2,0,0,0,1,200,200,200,11,0,1,69,200
0,200,30,200,200,0,3,7,2,200,0,0,0,0,200,200,1,0,0,2,200,200
0,200,30,0,0,0,1,7,6,200,0,0,0,0,200,200,1,0,200,0,200,200
1,200,30,0,0,0,1,7,6,200,0,0,0,0,200,200,1,0,200,1,200,200
0,200,55,0,0,0,1,12,3,200,1,0,0,0,200,200,200,21,200,0,24,200
0,200,55,0,0,0,1,12,3,200,1,0,0,0,200,200,200,21,200,1,60,200
0,200,25,2,2,0,1,14,5,4,0,0,0,1,1,200,200,23,200,0,34,200
0,200,25,2,2,0,1,14,5,4,0,0,0,1,1,200,200,23,200,0,35,200
1,200,25,2,2,0,1,14,5,4,0,0,0,1,1,200,200,23,200,0,72,200
0,200,30,0,0,0,1,12,5,2,0,0,0,0,200,200,200,0,0,1,22,200
0,200,30,0,0,0,1,12,5,2,0,0,0,0,200,200,200,0,0,0,38,200
0,200,30,1,2,0,1,10,2,2,0,0,0,0,200,200,200,18,33,0,71,200
0,200,30,1,2,0,1,10,2,2,0,0,0,0,200,200,200,18,33,0,56,200
0,1,30,1,2,0,1,11,6,1,0,0,0,0,200,200,200,0,0,0,51,200
0,1,30,1,2,0,1,11,6,1,0,0,0,0,200,200,200,0,0,0,39,200
0,200,15,0,0,0,1,7,6,1,0,0,0,0,200,200,200,0,200,0,44,200
0,200,30,0,0,0,1,7,2,200,0,0,0,0,200,200,200,0,200,0,58,200
0,200,30,2,2,0,1,10,6,1,0,0,0,0,200,200,200,0,0,0,39,200
0,200,30,2,2,0,1,10,6,1,0,0,0,0,200,200,200,0,0,1,60,200
0,200,30,0,0,0,1,14,2,4,0,0,0,0,200,200,200,23,17,0,61,200
0,200,30,0,0,0,1,14,2,4,0,0,0,0,200,200,200,23,17,0,52,200
0,200,30,0,0,0,1,10,5,200,0,0,0,0,200,200,0,0,200,0,200,200
0,200,30,0,0,0,1,10,5,200,0,0,0,0,200,200,0,0,200,0,47,200
0,200,20,0,0,0,1,11,5,200,0,0,0,0,200,200,200,22,0,0,35,200
0,200,20,0,0,0,1,11,5,200,0,0,0,0,200,200,200,22,0,0,43,200
0,200,30,1,2,0,1,14,5,200,0,0,0,0,1,200,200,23,23,1,54,200
0,200,30,1,2,0,1,14,5,200,0,0,0,0,1,200,200,23,23,1,59,200
0,200,15,0,0,0,1,7,7,200,0,0,0,0,200,200,1,0,200,2,200,200
0,200,30,0,0,0,1,2,12,200,0,0,0,0,200,1,200,11,11,0,34,200
0,200,30,0,0,200,0,7,6,1,0,200,200,0,200,200,1,0,0,2,200,200
0,1,10,0,0,0,1,2,0,1,0,0,0,0,200,200,200,0,0,0,58,200
0,200,30,0,0,0,1,10,5,2,0,0,2,0,200,200,200,17,17,1,28,200
0,200,30,0,0,0,1,10,5,2,0,0,2,0,200,200,200,17,17,0,54,200
0,200,15,0,0,0,1,11,7,2,0,0,0,0,200,200,200,20,200,1,200,200
0,200,15,0,0,0,1,11,7,2,0,0,0,0,200,200,200,20,200,1,31,200
1,200,15,0,0,0,1,11,7,2,0,0,0,0,200,200,200,20,200,0,20,200
0,200,30,0,0,0,1,10,6,200,0,0,0,0,200,200,200,0,200,1,24,200
0,200,30,0,0,0,1,10,6,200,0,0,0,0,200,200,200,0,200,0,47,200
0,200,30,0,0,0,1,7,7,200,0,0,0,0,200,200,1,19,0,2,200,200
0,200,0,0,0,0,1,12,6,3,0,0,0,0,200,200,200,21,15,0,48,200
0,200,0,0,0,0,1,12,6,3,0,0,0,0,200,200,200,21,15,1,28,200
0,200,30,0,0,0,3,7,5,2,0,200,200,0,200,200,1,0,200,2,200,200
0,200,5,0,0,0,1,12,7,2,0,0,0,0,200,200,200,17,0,0,53,200
0,200,5,0,0,0,1,12,7,2,0,0,0,0,200,200,200,17,0,0,36,200
0,200,30,1,2,0,1,10,2,200,2,0,0,1,200,200,200,18,18,1,200,200
0,200,30,1,2,0,1,10,2,200,2,0,0,1,200,200,200,18,18,1,49,200
0,200,30,0,0,2,0,7,6,200,0,1,0,0,200,200,1,0,0,2,200,200
0,200,30,200,200,200,200,2,200,200,0,200,200,0,200,200,200,0,200,1,29,200
0,200,30,0,0,0,1,10,5,2,0,0,0,1,200,200,200,18,16,1,67,200
0,200,30,0,0,0,1,10,5,2,0,0,0,1,200,200,200,18,16,0,32,200
0,200,35,0,0,0,3,7,2,200,0,0,0,0,200,200,200,0,200,0,22,200
0,200,30,0,0,0,1,2,3,4,0,0,0,1,200,200,200,7,200,0,61,200
0,200,35,200,2,0,1,7,5,2,0,0,0,1,200,200,200,12,200,1,22,200
1,200,35,200,2,0,1,7,5,2,0,0,0,1,200,200,200,12,200,0,23,200
0,200,30,0,0,0,1,7,6,200,0,0,0,0,200,200,1,0,200,0,200,200
1,200,30,0,0,0,1,7,6,200,0,0,0,0,200,200,1,0,200,0,200,200
0,200,30,1,2,0,0,10,2,200,0,0,0,0,200,200,200,16,0,0,200,200
0,200,30,1,2,0,0,10,2,200,0,0,0,0,200,200,200,16,0,0,70,200
0,200,30,1,2,0,0,10,2,200,0,0,0,0,200,200,200,16,0,0,200,200
0,200,30,1,2,0,1,12,2,4,0,0,0,0,200,200,1,23,0,1,200,200
0,200,30,1,2,0,1,12,2,4,0,0,0,0,200,200,1,23,0,1,35,200
1,200,30,1,2,0,1,12,2,4,0,0,0,0,200,200,1,23,0,0,12,200
1,200,30,1,2,0,1,12,2,4,0,0,0,0,200,200,1,23,0,1,7,200
1,200,30,1,2,0,1,12,2,4,0,0,0,0,200,200,1,23,0,1,6,200
0,200,30,0,0,0,1,10,5,2,0,0,0,0,200,200,200,0,0,0,23,200
0,200,30,0,0,0,1,10,5,2,0,0,0,0,200,200,200,0,0,1,24,200
0,200,30,2,2,0,1,10,2,4,0,0,0,0,200,200,200,18,0,0,52,200
0,200,30,2,2,0,1,10,2,4,0,0,0,0,200,200,200,18,0,1,26,200
1,200,30,2,2,0,1,10,2,4,0,0,0,0,200,200,200,18,0,0,5,200
0,200,30,0,0,0,4,7,7,2,0,0,0,0,200,200,200,22,0,1,200,200
0,200,30,1,2,0,1,10,2,5,0,0,0,1,200,200,200,0,0,0,50,200
0,200,30,1,2,0,1,10,2,5,0,0,0,1,200,200,200,0,0,1,22,200
0,200,30,1,2,0,1,10,2,5,0,0,0,1,200,200,200,0,0,2,200,200
1,200,30,1,2,0,1,10,2,5,0,0,0,1,200,200,200,0,0,1,200,200
1,200,30,1,2,0,1,10,2,5,0,0,0,1,200,200,200,0,0,1,200,200
0,0,30,0,0,0,1,7,6,1,0,0,0,0,200,200,0,0,0,0,32,200
0,200,30,1,2,0,1,12,5,200,3,0,0,0,200,200,1,18,16,0,200,200
0,200,30,1,2,0,1,12,5,200,3,0,0,0,200,200,1,18,16,1,54,200
0,200,0,0,0,0,1,0,7,200,5,0,0,0,200,200,200,17,11,0,28,200
0,200,0,0,0,0,1,0,7,200,5,0,0,0,200,200,200,17,11,0,68,200
0,1,35,0,0,0,1,10,3,2,0,0,0,0,200,200,200,18,11,1,200,200
0,1,35,0,0,0,1,10,3,2,0,0,0,0,200,200,200,18,11,0,45,200
1,1,35,0,0,0,1,10,3,2,0,0,0,0,200,200,200,18,11,1,81,200
1,1,35,0,0,0,1,10,3,2,0,0,0,0,200,200,200,18,11,0,5,200
1,1,35,0,0,0,1,10,3,2,0,0,0,0,200,200,200,18,11,0,200,200
0,1,30,0,0,0,1,7,5,1,0,0,0,0,200,200,1,0,0,1,200,200
5,200,25,0,0,0,1,9,2,200,0,0,0,1,1,200,200,17,17,0,20,200
0,200,25,0,0,0,1,9,2,200,0,0,0,1,1,200,200,17,17,1,51,200
0,200,30,0,0,0,1,10,5,200,0,0,0,0,200,200,200,17,0,1,41,200
0,200,30,0,0,0,1,10,5,200,0,0,0,0,200,200,200,17,0,1,25,200
0,200,20,0,0,0,1,12,6,2,0,0,12,0,200,200,200,17,200,1,19,200
0,200,20,0,0,0,1,12,6,2,0,0,12,0,200,200,200,17,200,0,41,200
0,200,25,0,0,0,1,11,7,200,0,0,0,0,200,1,200,20,0,0,53,200
0,200,25,0,0,0,1,11,7,200,0,0,0,0,200,1,200,20,0,0,27,200
0,200,30,0,0,0,1,11,5,200,0,0,0,0,200,200,200,0,0,0,43,200
0,200,30,0,0,0,1,11,5,200,0,0,0,0,200,200,200,0,0,0,35,200
0,200,0,0,0,0,1,7,7,0,0,0,0,0,200,200,1,0,0,0,200,200
0,200,30,2,2,0,1,0,2,200,0,0,0,1,1,200,200,17,200,0,18,200
0,200,30,2,2,0,1,0,2,200,0,0,0,1,1,200,200,17,200,1,54,200
1,200,30,2,2,0,1,0,2,200,0,0,0,1,1,200,200,17,200,1,4,200
1,200,30,2,2,0,1,0,2,200,0,0,0,1,1,200,200,17,200,0,1,200
0,200,35,1,2,0,1,14,2,200,0,0,0,0,200,200,200,0,200,0,200,200
0,200,35,1,2,0,1,14,2,200,0,0,0,0,200,200,200,0,200,0,51,200
0,200,30,1,2,0,1,10,2,200,0,0,0,0,200,200,200,18,0,0,200,200
0,200,30,1,2,0,1,10,2,200,0,0,0,0,200,200,200,18,0,0,37,200
0,200,30,0,0,0,1,7,6,1,0,0,200,0,200,200,200,0,200,0,69,200
0,200,30,0,0,0,1,2,6,1,0,0,0,1,200,1,200,27,27,0,0,200
0,200,0,0,0,0,1,12,5,4,0,0,0,0,200,200,200,21,11,0,31,200
0,200,0,0,0,0,1,12,5,4,0,0,0,0,200,200,200,21,11,0,39,200
0,1,30,0,0,200,200,7,5,1,0,200,0,0,200,200,1,0,11,2,200,200
0,200,30,0,0,0,1,7,6,1,0,0,0,0,200,200,200,0,0,0,55,200
0,200,30,1,2,0,1,12,5,200,0,0,0,0,1,200,200,0,0,0,30,200
0,200,30,1,2,0,1,12,5,200,0,0,0,0,1,200,200,0,0,1,39,200
0,200,30,1,2,0,1,10,5,200,0,0,0,0,200,200,200,8,0,0,78,200
0,200,30,1,2,0,1,10,5,200,0,0,0,0,200,200,200,8,0,0,69,200
0,200,15,0,0,0,1,7,7,0,0,0,0,1,200,200,200,0,11,0,86,200
1,200,15,0,0,0,1,7,7,0,0,0,0,1,200,200,200,0,11,1,73,200
0,200,35,0,0,0,1,12,5,200,0,0,1,0,200,200,200,0,0,0,200,200
0,200,35,0,0,0,1,12,5,200,0,0,1,0,200,200,200,0,0,1,200,200
0,200,30,0,0,0,3,7,2,200,0,0,0,0,200,200,1,0,0,2,200,200
0,200,30,0,0,0,1,10,5,4,0,0,0,0,200,200,200,18,0,0,28,200
0,200,30,0,0,0,1,10,5,4,0,0,0,0,200,200,200,18,0,1,39,200
0,200,30,0,0,0,1,7,7,0,0,200,0,0,200,200,200,17,200,0,35,200
1,200,30,0,0,0,1,7,7,0,0,200,0,0,200,200,200,17,200,1,22,200
1,200,30,0,0,0,1,7,7,0,0,200,0,0,200,200,200,17,200,0,22,200
0,200,30,2,2,0,1,0,5,2,0,0,0,0,1,200,200,17,0,1,37,200
0,200,30,2,2,0,1,0,5,2,0,0,0,0,1,200,200,17,0,0,35,200
0,200,30,0,0,0,1,7,5,2,0,0,0,0,200,200,200,200,200,0,66,200
1,200,30,0,0,0,1,7,5,2,0,0,0,0,200,200,200,200,200,1,200,200
1,200,30,0,0,0,1,7,5,2,0,0,0,0,200,200,200,200,200,0,200,200
0,200,30,0,0,0,1,10,6,2,0,0,200,1,200,200,200,16,200,1,28,200
0,200,30,0,0,0,1,10,6,2,0,0,200,1,200,200,200,16,200,0,50,200
0,200,30,0,0,0,1,10,6,2,0,0,200,1,200,200,200,16,200,1,38,200
0,200,30,0,0,0,1,12,5,200,0,0,0,0,200,200,1,0,0,0,200,200
0,200,30,0,0,0,1,12,5,200,0,0,0,0,200,200,1,0,0,1,58,200
0,200,30,2,2,0,1,14,3,2,0,0,0,1,1,200,200,5,0,0,29,200
0,200,30,2,2,0,1,14,3,2,0,0,0,1,1,200,200,5,0,1,56,200
0,200,30,2,2,0,1,14,3,2,0,0,0,1,1,200,200,5,0,1,51,200
0,200,30,0,0,0,1,0,5,2,0,0,0,0,200,200,1,17,0,0,200,200
0,200,30,0,0,0,1,0,5,2,0,0,0,0,200,200,1,17,0,0,48,200
0,200,30,0,0,0,1,11,5,200,0,0,0,0,200,200,200,0,0,1,200,200
0,200,30,0,0,0,1,11,5,200,0,0,0,0,200,200,200,0,0,0,55,200
0,200,30,0,0,0,1,10,5,200,0,0,0,0,200,200,200,18,200,1,23,200
0,200,30,0,0,0,1,10,5,200,0,0,0,0,200,200,200,18,200,0,37,200
0,200,30,1,2,0,1,14,2,2,1,0,0,1,1,200,200,17,11,0,67,200
0,200,30,1,2,0,1,14,2,2,1,0,0,1,1,200,200,17,11,0,69,200
1,200,30,1,2,0,1,14,2,2,1,0,0,1,1,200,200,17,11,1,66,200
0,200,30,0,0,0,1,0,5,4,0,0,0,0,200,200,200,20,0,0,59,200
0,200,30,0,0,0,1,0,5,4,0,0,0,0,200,200,200,20,0,0,37,200
0,200,30,0,0,0,1,10,5,2,0,0,0,1,200,200,200,17,21,0,23,200
0,200,30,0,0,0,1,10,5,2,0,0,0,1,200,200,200,17,21,0,50,200
1,200,30,0,0,0,1,10,5,2,0,0,0,1,200,200,200,17,21,1,33,200
1,200,30,0,0,0,1,10,5,2,0,0,0,1,200,200,200,17,21,0,0,200
0,200,30,0,0,0,1,7,6,200,0,0,0,0,200,200,1,18,200,0,200,200
1,200,30,0,0,0,1,7,6,200,0,0,0,0,200,200,1,18,200,1,40,200
0,200,35,0,0,0,1,0,5,200,0,0,0,0,200,200,200,0,0,1,38,200
0,200,35,0,0,0,1,0,5,200,0,0,0,0,200,200,200,0,0,0,200,200
0,200,30,0,0,0,1,14,2,200,2,0,0,1,200,1,200,17,200,1,38,200
0,200,30,0,0,0,1,14,2,200,2,0,0,1,200,1,200,17,200,0,19,200
1,200,30,0,0,0,1,14,2,200,2,0,0,1,200,1,200,17,200,1,20,200