PERSON_TYPE,CRASH_DATE_EST_I,POSTED_SPEED_LIMIT,TRAFFIC_CONTROL_DEVICE,DEVICE_CONDITION,WEATHER_CONDITION,LIGHTING_CONDITION,FIRST_CRASH_TYPE,TRAFFICWAY_TYPE,LANE_CNT,ALIGNMENT,ROADWAY_SURFACE_COND,ROAD_DEFECT,CRASH_TYPE,INTERSECTION_RELATED_I,NOT_RIGHT_OF_WAY_I,HIT_AND_RUN_I,PRIM_CONTRIBUTORY_CAUSE,SEC_CONTRIBUTORY_CAUSE,SEX,AGE,BAC_RESULT VALUE
1,200,30,0,0,0,1,14,2,200,2,0,0,1,200,1,200,17,200,1,0,200
0,200,30,0,0,0,1,14,1,200,0,0,0,1,200,200,200,0,0,0,49,200
0,200,30,0,0,0,1,14,1,200,0,0,0,1,200,200,200,0,0,0,76,200
1,200,30,0,0,0,1,3,7,200,0,0,0,0,200,200,200,17,200,1,200,200
0,200,30,0,0,0,1,3,7,200,0,0,0,0,200,200,200,17,200,0,200,200
0,200,30,0,0,0,1,3,7,200,0,0,0,0,200,200,200,17,200,1,30,200
0,200,30,0,0,0,1,12,5,200,0,0,0,0,0,200,200,22,200,0,45,200
0,200,30,0,0,0,1,12,5,200,0,0,0,0,0,200,200,22,200,0,71,200
0,200,30,0,0,0,1,0,2,1,0,0,0,0,1,200,200,11,11,0,32,200
0,200,30,0,0,0,1,0,2,1,0,0,0,0,1,200,200,11,11,0,68,200
0,200,30,1,2,0,1,14,5,2,0,0,0,0,1,200,200,23,22,0,36,200
0,200,30,1,2,0,1,14,5,2,0,0,0,0,1,200,200,23,22,1,29,200
0,200,30,0,0,0,1,10,5,1,0,0,0,1,200,200,200,16,0,0,23,200
0,200,30,0,0,0,1,10,5,1,0,0,0,1,200,200,200,16,0,1,46,200
1,200,30,0,0,0,1,10,5,1,0,0,0,1,200,200,200,16,0,1,11,200
0,200,30,0,0,0,1,7,5,200,0,0,0,0,200,200,1,0,0,2,200,200
1,200,30,0,0,0,1,10,3,4,0,0,0,1,200,200,200,18,200,0,40,200
0,200,30,0,0,0,1,10,3,4,0,0,0,1,200,200,200,18,200,0,37,200
0,200,30,0,0,0,1,10,3,4,0,0,0,1,200,200,200,18,200,0,43,200
0,200,30,0,0,0,1,12,6,2,0,0,0,1,200,200,200,0,0,0,41,200
0,200,30,0,0,0,1,12,6,2,0,0,0,1,200,200,200,0,0,0,56,200
0,200,30,1,2,0,1,8,5,2,0,0,0,1,1,200,200,17,17,0,57,200
4,200,30,1,2,0,1,8,5,2,0,0,0,1,1,200,200,17,17,1,56,200
0,200,30,0,0,0,0,12,5,200,0,0,0,0,200,200,200,21,0,0,34,200
0,200,30,0,0,0,0,12,5,200,0,0,0,0,200,200,200,21,0,1,27,200
0,200,20,0,0,0,3,12,6,200,0,0,0,0,200,200,1,17,25,2,200,200
0,200,20,0,0,0,3,12,6,200,0,0,0,0,200,200,1,17,25,0,25,200
0,200,30,0,0,0,1,7,2,2,0,0,200,0,200,200,200,22,0,0,200,200
0,200,30,0,0,0,3,7,2,2,0,0,0,0,200,200,1,0,0,2,200,200
0,200,35,0,0,0,1,7,5,2,0,0,0,1,200,200,200,11,0,0,52,200
0,200,30,0,0,0,1,0,6,200,0,200,200,0,200,200,200,0,0,1,35,200
0,200,30,0,0,0,1,0,6,200,0,200,200,0,200,200,200,0,0,0,38,200
0,200,30,0,0,0,1,7,6,1,0,0,0,0,200,200,200,18,200,1,49,200
0,200,25,0,0,0,1,7,5,200,2,0,0,0,200,200,200,200,200,1,26,200
0,200,30,0,0,0,1,10,5,1,0,0,0,0,200,200,200,18,200,0,25,200
0,200,30,0,0,0,1,10,5,1,0,0,0,0,200,200,200,18,200,0,60,200
0,200,30,0,0,0,1,7,6,200,0,0,0,0,200,200,1,0,0,2,200,200
0,200,30,1,2,0,1,10,5,200,0,0,0,0,200,200,200,18,200,1,38,200
0,200,30,1,2,0,1,10,5,200,0,0,0,0,200,200,200,18,200,1,70,200
0,200,30,1,200,0,1,12,5,4,0,200,200,0,1,200,200,0,0,1,54,200
0,200,30,1,200,0,1,12,5,4,0,200,200,0,1,200,200,0,0,1,39,200
0,1,30,0,0,200,200,7,6,1,0,200,200,0,200,200,1,200,200,2,200,200
0,200,30,1,2,0,1,10,5,200,0,0,0,0,200,200,200,16,200,1,31,200
0,200,30,1,2,0,1,10,5,200,0,0,0,0,200,200,200,16,200,1,65,200
1,200,30,1,2,0,1,10,5,200,0,0,0,0,200,200,200,16,200,0,200,200
0,200,30,2,200,0,1,10,2,2,0,0,0,0,200,200,200,11,3,0,16,200
0,200,30,2,200,0,1,10,2,2,0,0,0,0,200,200,200,11,3,0,51,200
1,200,30,2,200,0,1,10,2,2,0,0,0,0,200,200,200,11,3,200,200,200
1,200,30,2,200,0,1,10,2,2,0,0,0,0,200,200,200,11,3,200,200,200
0,200,30,0,0,0,1,11,7,200,0,0,0,0,200,1,200,17,200,0,85,200
0,200,30,0,0,0,1,11,7,200,0,0,0,0,200,1,200,17,200,0,0,200
1,200,30,0,0,0,1,11,7,200,0,0,0,0,200,1,200,17,200,1,49,200
0,200,30,1,2,0,1,0,5,4,0,200,200,0,1,200,1,17,17,1,200,200
0,200,30,1,2,0,1,0,5,4,0,200,200,0,1,200,1,17,17,0,68,200
1,200,30,1,2,0,1,0,5,4,0,200,200,0,1,200,1,17,17,1,200,200
0,200,30,1,2,0,1,10,5,2,0,200,200,0,1,200,200,0,0,0,24,200
0,200,30,1,2,0,1,10,5,2,0,200,200,0,1,200,200,0,0,0,59,200
0,200,30,0,0,0,1,2,5,200,0,0,0,1,200,200,200,200,200,0,68,200
0,200,30,0,0,0,1,12,5,200,0,0,0,0,200,200,200,17,17,1,39,200
0,200,30,0,0,0,1,12,5,200,0,0,0,0,200,200,200,17,17,0,50,200
1,200,30,0,0,0,1,12,5,200,0,0,0,0,200,200,200,17,17,0,17,200
1,200,30,0,0,0,1,12,5,200,0,0,0,0,200,200,200,17,17,0,21,200
1,200,30,0,0,0,1,12,5,200,0,0,0,0,200,200,200,17,17,0,8,200
0,200,25,2,0,0,1,0,5,2,0,0,0,1,1,200,200,16,17,0,55,200
0,200,25,2,0,0,1,0,5,2,0,0,0,1,1,200,200,16,17,1,76,200
0,200,30,2,2,0,1,10,5,200,0,0,0,0,200,200,200,0,0,1,28,200
0,200,30,2,2,0,1,10,5,200,0,0,0,0,200,200,200,0,0,0,28,200
0,200,30,2,2,0,1,0,5,2,0,0,0,1,1,200,200,17,200,0,72,200
0,200,30,2,2,0,1,0,5,2,0,0,0,1,1,200,200,17,200,0,17,200
0,200,30,1,2,0,1,12,6,200,0,0,0,0,200,200,200,21,200,1,46,200
0,200,30,1,2,0,1,12,6,200,0,0,0,0,200,200,200,21,200,0,38,200
0,200,25,0,200,200,200,12,5,200,0,200,200,0,200,200,200,0,0,0,200,200
0,200,25,0,200,200,200,12,5,200,0,200,200,0,200,200,200,0,0,0,63,200
0,200,15,0,0,0,1,7,7,200,0,0,0,0,200,200,1,23,0,1,200,200
0,200,10,0,0,0,1,0,7,200,0,0,0,0,200,200,200,20,200,1,34,200
0,200,10,0,0,0,1,0,7,200,0,0,0,0,200,200,200,20,200,0,65,200
0,200,30,1,2,0,1,14,12,4,0,0,0,1,1,200,200,6,200,0,41,200
0,200,30,1,2,0,1,14,12,4,0,0,0,1,1,200,200,6,200,0,41,200
0,200,30,0,0,0,1,10,12,4,0,0,0,0,200,200,200,18,200,0,43,200
0,200,30,0,0,0,1,10,12,4,0,0,0,0,200,200,200,18,200,1,200,200
0,200,30,0,0,0,1,7,3,200,0,0,0,0,200,200,200,0,200,0,76,200
1,200,30,0,0,0,1,7,3,200,0,0,0,0,200,200,200,0,200,1,58,200
0,200,30,0,0,0,4,7,6,200,0,0,0,0,200,200,200,200,200,2,200,200
0,200,30,0,0,0,1,14,2,200,0,0,0,0,200,200,200,23,200,0,52,200
0,200,30,0,0,0,1,14,2,200,0,0,0,0,200,200,200,23,200,0,25,200
1,200,30,0,0,0,1,14,2,200,0,0,0,0,200,200,200,23,200,1,28,200
1,200,30,0,0,0,1,14,2,200,0,0,0,0,200,200,200,23,200,0,2,200
1,200,30,0,0,0,1,14,2,200,0,0,0,0,200,200,200,23,200,0,24,200
0,200,30,1,2,0,1,14,12,2,0,0,0,0,1,200,200,0,0,1,29,200
0,200,30,1,2,0,1,14,12,2,0,0,0,0,1,200,200,0,0,0,51,200
0,200,35,0,0,0,1,10,2,2,0,0,0,0,200,200,1,0,0,0,200,200
0,200,35,0,0,0,1,10,2,2,0,0,0,0,200,200,1,0,0,0,37,200
0,200,30,2,2,0,1,9,6,200,0,200,200,0,200,200,200,0,0,1,31,200
5,200,30,2,2,0,1,9,6,200,0,200,200,0,200,200,200,0,0,200,200,200
0,200,30,0,0,0,1,0,5,2,0,0,0,0,200,200,200,200,0,1,34,200
0,200,30,0,0,0,1,0,5,2,0,0,0,0,200,200,200,200,0,1,20,200
0,200,35,0,0,0,0,10,5,200,0,0,0,0,1,200,1,18,200,0,200,200
0,200,35,0,0,0,0,10,5,200,0,0,0,0,1,200,1,18,200,0,43,200
0,200,35,1,2,0,1,10,2,2,0,0,0,1,0,200,200,16,200,0,24,200
0,200,35,1,2,0,1,10,2,2,0,0,0,1,0,200,200,16,200,0,34,200
0,200,35,1,2,0,1,10,2,2,0,0,0,1,0,200,200,16,200,1,74,200
1,200,35,1,2,0,1,10,2,2,0,0,0,1,0,200,200,16,200,1,36,200
1,200,35,1,2,0,1,10,2,2,0,0,0,1,0,200,200,16,200,200,72,200
0,200,30,0,0,0,1,12,5,200,0,0,0,0,200,200,200,0,0,1,37,200
0,200,30,0,0,0,1,12,5,200,0,0,0,0,200,200,200,0,0,1,30,200
0,200,30,1,2,0,1,10,5,200,0,0,0,0,200,200,200,20,200,1,40,200
0,200,30,1,2,0,1,10,5,200,0,0,0,0,200,200,200,20,200,0,45,200
0,200,30,2,2,0,1,10,5,200,0,0,0,1,1,200,200,16,11,0,18,200
0,200,30,2,2,0,1,10,5,200,0,0,0,1,1,200,200,16,11,1,0,200
0,200,30,2,2,0,1,10,5,200,0,0,0,1,1,200,200,16,11,1,53,200
0,200,30,2,2,0,1,10,5,200,0,0,0,0,200,200,200,18,16,1,200,200
0,200,30,2,2,0,1,10,5,200,0,0,0,0,200,200,200,18,16,0,27,200
0,200,55,3,2,0,1,12,3,6,3,0,0,1,200,200,200,11,200,1,39,200
0,200,55,3,2,0,1,12,3,6,3,0,0,1,200,200,200,11,200,0,18,200
0,200,30,0,0,0,1,7,6,2,0,0,0,0,200,200,1,17,200,2,200,200
1,200,30,0,0,0,1,7,6,2,0,0,0,0,200,200,1,17,200,0,51,200
0,200,30,2,0,0,1,0,5,200,0,0,0,0,1,200,200,0,200,1,35,200
0,200,30,2,0,0,1,0,5,200,0,0,0,0,1,200,200,0,200,0,35,200
0,200,30,0,0,0,1,0,0,200,0,0,0,1,1,200,200,17,200,0,0,200
0,200,30,0,0,0,1,0,0,200,0,0,0,1,1,200,200,17,200,0,40,200
1,200,30,0,0,0,1,0,0,200,0,0,0,1,1,200,200,17,200,1,200,200
0,200,30,0,0,0,1,7,7,200,0,0,0,0,200,200,200,20,20,1,200,200
1,200,30,0,0,0,1,7,7,200,0,0,0,0,200,200,200,20,20,0,200,200
0,200,30,0,0,0,1,7,3,6,0,0,0,1,200,1,200,16,7,0,64,200
0,200,30,1,2,2,1,12,2,2,0,0,200,0,200,200,1,21,200,0,200,200
0,200,30,1,2,2,1,12,2,2,0,0,200,0,200,200,1,21,200,1,51,200
0,200,30,1,2,0,1,0,6,3,0,200,200,0,1,200,1,6,0,1,200,200
0,200,30,1,2,0,1,0,6,3,0,200,200,0,1,200,1,6,0,0,79,200
0,200,30,1,2,0,1,0,2,2,0,0,0,0,200,200,200,6,0,0,40,200
0,200,30,1,2,0,1,0,2,2,0,0,0,0,200,200,200,6,0,0,57,200
0,200,30,0,0,0,1,0,5,2,0,0,0,1,200,200,1,17,17,0,200,200
0,200,30,0,0,0,1,0,5,2,0,0,0,1,200,200,1,17,17,0,27,200
1,200,30,0,0,0,1,0,5,2,0,0,0,1,200,200,1,17,17,0,200,200
0,200,30,0,0,0,1,7,5,2,0,0,0,0,200,200,200,0,0,1,59,200
0,200,30,2,2,0,1,10,2,4,0,0,0,0,200,200,1,18,0,2,200,200
0,200,30,2,2,0,1,10,2,4,0,0,0,0,200,200,1,18,0,1,42,200
0,200,30,1,2,0,1,14,2,2,0,0,0,1,1,200,200,17,11,0,52,200
0,200,30,1,2,0,1,14,2,2,0,0,0,1,1,200,200,17,11,0,20,200
0,200,30,0,0,0,1,0,5,200,0,0,0,0,200,200,200,0,0,0,200,200
0,200,30,0,0,0,1,0,5,200,0,0,0,0,200,200,200,0,0,1,66,200
0,200,35,1,2,0,1,14,5,4,0,0,0,1,1,200,200,17,23,1,21,200
0,200,35,1,2,0,1,14,5,4,0,0,0,1,1,200,200,17,23,1,83,200
0,200,35,0,0,0,1,8,5,200,0,0,0,1,200,200,1,18,200,0,200,200
4,200,35,0,0,0,1,8,5,200,0,0,0,1,200,200,1,18,200,0,22,200
0,200,30,1,2,0,1,12,5,2,0,0,0,0,1,200,1,22,21,1,200,200
0,200,30,1,2,0,1,12,5,2,0,0,0,0,1,200,1,22,21,1,43,200
1,200,30,1,2,0,1,12,5,2,0,0,0,0,1,200,1,22,21,0,200,200
1,200,30,1,2,0,1,12,5,2,0,0,0,0,1,200,1,22,21,2,200,200
0,200,30,0,0,0,1,7,2,4,0,0,0,1,200,200,200,27,200,1,48,200
0,200,30,0,0,0,1,12,6,2,0,200,200,0,200,200,200,21,21,0,22,200
0,200,30,0,0,0,1,12,6,2,0,200,200,0,200,200,200,21,21,0,45,200
1,200,30,0,0,0,1,12,6,2,0,200,200,0,200,200,200,21,21,0,18,200
1,200,30,0,0,0,1,12,6,2,0,200,200,0,200,200,200,21,21,0,200,200
0,200,30,2,2,0,0,12,5,200,0,0,0,0,200,200,200,200,200,1,200,200
0,200,30,2,2,0,0,12,5,200,0,0,0,0,200,200,200,200,200,1,25,200
1,200,30,2,2,0,0,12,5,200,0,0,0,0,200,200,200,200,200,1,200,200
1,200,30,2,2,0,0,12,5,200,0,0,0,0,200,200,200,200,200,1,200,200
0,200,40,1,2,0,1,14,2,200,0,0,0,0,200,200,200,0,0,0,200,200
0,200,40,1,2,0,1,14,2,200,0,0,0,0,200,200,200,0,0,0,37,200
0,200,30,0,0,0,1,7,6,200,0,0,0,0,200,200,1,14,0,1,200,200
0,200,20,2,2,0,1,10,6,200,0,0,0,0,200,200,200,5,200,0,200,200
0,200,20,2,2,0,1,10,6,200,0,0,0,0,200,200,200,5,200,0,27,200
0,200,15,0,0,0,1,10,7,3,0,0,200,0,200,1,1,18,0,1,200,200
0,200,15,0,0,0,1,10,7,3,0,0,200,0,200,1,1,18,0,1,62,200
1,200,15,0,0,0,1,10,7,3,0,0,200,0,200,1,1,18,0,0,72,200
0,200,35,0,0,0,1,10,2,2,0,0,0,0,200,200,200,0,0,0,18,200
0,200,35,0,0,0,1,10,2,2,0,0,0,0,200,200,200,0,0,0,51,200
0,200,30,2,2,0,1,14,5,200,0,0,0,0,1,200,200,17,200,0,66,200
0,200,30,2,2,0,1,14,5,200,0,0,0,0,1,200,200,17,200,1,79,200
1,200,30,2,2,0,1,14,5,200,0,0,0,0,1,200,200,17,200,0,76,200
0,200,30,2,2,0,1,9,5,200,0,0,0,1,1,200,200,17,0,0,35,200
5,200,30,2,2,0,1,9,5,200,0,0,0,1,1,200,200,17,0,1,42,200
0,200,30,200,200,0,1,10,5,200,0,200,200,0,200,200,200,18,16,1,30,200
0,200,30,200,200,0,1,10,5,200,0,200,200,0,200,200,200,18,16,0,43,200
0,200,30,200,200,0,1,10,5,200,0,200,200,0,200,200,200,18,16,0,28,200
0,200,30,0,0,0,1,10,5,200,0,0,0,0,200,200,200,18,200,0,200,200
0,200,30,0,0,0,1,10,5,200,0,0,0,0,200,200,200,18,200,1,24,200
0,200,30,0,0,0,1,14,3,200,0,0,0,0,1,200,200,5,200,2,200,200
0,200,30,0,0,0,1,14,3,200,0,0,0,0,1,200,200,5,200,1,61,200
1,200,30,0,0,0,1,14,3,200,0,0,0,0,1,200,200,5,200,1,71,200
0,200,10,0,0,0,1,11,7,200,0,0,0,0,200,200,200,0,11,0,200,200
0,200,10,0,0,0,1,11,7,200,0,0,0,0,200,200,200,0,11,1,63,200
0,200,30,0,0,0,1,2,2,4,0,0,0,1,200,200,200,21,0,0,28,200
0,200,30,1,2,0,1,10,3,200,0,0,0,0,200,200,200,18,200,0,54,200
0,200,30,1,2,0,1,10,3,200,0,0,0,0,200,200,200,18,200,1,46,200
0,200,30,0,0,0,1,10,5,2,0,0,200,0,200,200,200,18,200,1,45,200
0,200,30,0,0,0,1,10,5,2,0,0,200,0,200,200,200,18,200,1,49,200
0,200,25,1,2,0,1,10,5,200,0,0,0,1,200,200,200,0,0,1,18,200
0,200,25,1,2,0,1,10,5,200,0,0,0,1,200,200,200,0,0,0,51,200
1,200,25,1,2,0,1,10,5,200,0,0,0,1,200,200,200,0,0,1,200,200
0,200,30,1,2,0,1,12,2,2,0,0,0,0,200,200,1,0,0,1,200,200
0,200,30,1,2,0,1,12,2,2,0,0,0,0,200,200,1,0,0,1,63,200
0,200,30,2,0,0,1,12,5,2,0,0,200,0,200,200,200,17,200,0,27,200
0,200,30,2,0,0,1,12,5,2,0,0,200,0,200,200,200,17,200,0,27,200
0,0,15,0,0,0,1,7,7,200,0,0,0,0,200,200,1,0,0,2,200,200
0,200,30,2,0,0,1,0,5,200,0,0,0,0,1,200,200,17,200,0,65,200
0,200,30,2,0,0,1,0,5,200,0,0,0,0,1,200,200,17,200,0,86,200
1,200,30,2,0,0,1,0,5,200,0,0,0,0,1,200,200,17,200,1,200,200
0,200,20,2,2,0,1,7,5,200,0,0,0,1,200,200,200,32,0,1,36,0.12
1,200,20,2,2,0,1,7,5,200,0,0,0,1,200,200,200,32,0,1,200,200
1,200,20,2,2,0,1,7,5,200,0,0,0,1,200,200,200,32,0,1,200,200
1,200,20,2,2,0,1,7,5,200,0,0,0,1,200,200,200,32,0,0,43,200
0,200,30,1,2,0,1,10,5,4,0,0,0,0,200,200,200,0,0,1,200,200
0,200,30,1,2,0,1,10,5,4,0,0,0,0,200,200,200,0,0,1,38,200
0,200,30,0,0,0,1,10,2,4,0,0,0,0,200,200,200,0,0,0,30,200
0,200,30,0,0,0,1,10,2,4,0,0,0,0,200,200,200,0,0,0,36,200
0,200,30,2,2,0,1,0,12,2,0,0,0,1,1,200,200,5,11,0,27,200
0,200,30,2,2,0,1,0,12,2,0,0,0,1,1,200,200,5,11,1,35,200
1,200,30,2,2,0,1,0,12,2,0,0,0,1,1,200,200,5,11,1,15,200
0,200,30,1,2,0,1,9,5,200,0,0,0,0,1,200,1,6,16,0,200,200
5,200,30,1,2,0,1,9,5,200,0,0,0,0,1,200,1,6,16,1,50,200
0,200,30,1,2,0,1,10,5,4,0,200,200,0,200,200,200,0,0,1,48,200
0,200,30,1,2,0,1,10,5,4,0,200,200,0,200,200,200,0,0,1,47,200
1,200,30,1,2,0,1,10,5,4,0,200,200,0,200,200,200,0,0,1,200,200
1,200,30,1,2,0,1,10,5,4,0,200,200,0,200,200,200,0,0,1,200,200
1,200,30,1,2,0,1,10,5,4,0,200,200,0,200,200,200,0,0,1,200,200
1,200,30,1,2,0,1,10,5,4,0,200,200,0,200,200,200,0,0,1,200,200
0,200,30,0,0,0,1,14,5,200,0,0,0,0,200,200,200,200,200,0,26,200
0,200,30,0,0,0,1,14,5,200,0,0,0,0,200,200,200,200,200,1,26,200
1,200,30,0,0,0,1,14,5,200,0,0,0,0,200,200,200,200,200,1,200,200
0,200,30,2,2,0,1,0,2,0,2,0,0,1,1,200,200,0,200,1,26,200
0,200,30,2,2,0,1,0,2,0,2,0,0,1,1,200,200,0,200,1,39,200
1,200,10,0,0,0,2,5,12,200,0,0,12,1,200,1,200,200,200,0,25,200
0,200,30,1,2,0,1,10,5,200,0,0,0,0,1,200,200,18,200,0,33,200
0,200,30,1,2,0,1,10,5,200,0,0,0,0,1,200,200,18,200,0,34,200
0,200,35,1,2,2,1,14,1,5,0,0,0,1,1,200,200,17,200,0,27,200
0,200,35,1,2,2,1,14,1,5,0,0,0,1,1,200,200,17,200,1,32,200
0,200,30,2,0,0,1,0,2,200,0,0,0,1,1,200,200,5,16,0,24,200
0,200,30,2,0,0,1,0,2,200,0,0,0,1,1,200,200,5,16,1,71,200
1,200,30,2,0,0,1,0,2,200,0,0,0,1,1,200,200,5,16,0,47,200
0,200,30,0,0,0,1,14,5,200,0,0,0,0,200,200,200,17,16,0,41,200
0,200,30,0,0,0,1,14,5,200,0,0,0,0,200,200,200,17,16,0,27,200
0,200,30,0,0,0,1,14,5,4,0,0,0,1,1,200,200,17,23,0,36,200
0,200,30,0,0,0,1,14,5,4,0,0,0,1,1,200,200,17,23,1,18,200
1,200,30,0,0,0,1,14,5,4,0,0,0,1,1,200,200,17,23,0,21,200
0,200,35,0,0,0,1,7,7,200,0,0,0,0,200,200,200,200,200,1,22,200
0,200,30,0,0,0,1,12,5,200,0,0,0,0,200,200,1,22,200,2,200,200
0,200,30,0,0,0,1,12,5,200,0,0,0,0,200,200,1,22,200,1,37,200
0,200,30,1,2,0,1,10,6,4,0,0,0,0,200,200,200,18,200,1,40,200
0,200,30,1,2,0,1,10,6,4,0,0,0,0,200,200,200,18,200,0,44,200
0,200,30,1,2,0,1,10,6,4,0,0,0,0,200,200,200,18,200,1,18,200
1,200,30,1,2,0,1,10,6,4,0,0,0,0,200,200,200,18,200,1,44,200
1,200,30,1,2,0,1,10,6,4,0,0,0,0,200,200,200,18,200,1,13,200
1,200,30,1,2,0,1,10,6,4,0,0,0,0,200,200,200,18,200,1,17,200
1,200,30,1,2,0,1,10,6,4,0,0,0,0,200,200,200,18,200,1,9,200
1,200,30,1,2,0,1,10,6,4,0,0,0,0,200,200,200,18,200,1,9,200
1,200,30,1,2,0,1,10,6,4,0,0,0,0,200,200,200,18,200,1,17,200
0,200,30,6,2,0,1,10,5,4,0,0,0,0,1,200,200,18,0,0,18,200
0,200,30,6,2,0,1,10,5,4,0,0,0,0,1,200,200,18,0,0,41,200
0,200,30,0,0,0,1,12,5,1,0,0,0,0,200,200,1,22,21,0,200,200
0,200,30,0,0,0,1,12,5,1,0,0,0,0,200,200,1,22,21,1,29,200
0,200,30,0,0,0,1,7,7,200,0,0,0,0,200,200,1,0,0,2,200,200
0,200,30,12,12,0,1,7,2,2,0,0,0,0,200,200,200,11,200,0,36,200
1,200,30,12,12,0,1,7,2,2,0,0,0,0,200,200,200,11,200,1,58,200
0,200,35,0,0,0,1,10,5,2,0,0,200,0,200,200,200,18,200,0,28,200
0,200,35,0,0,0,1,10,5,2,0,0,200,0,200,200,200,18,200,1,37,200
0,1,30,0,0,0,1,7,7,200,0,0,0,0,200,200,200,0,0,0,26,200
0,200,30,1,2,0,1,10,2,2,0,0,0,1,200,200,1,16,0,1,22,200
0,200,30,1,2,0,1,10,2,2,0,0,0,1,200,200,1,16,0,1,23,200
1,200,30,1,2,0,1,10,2,2,0,0,0,1,200,200,1,16,0,0,16,200
0,200,30,1,2,0,1,10,5,200,0,0,0,0,200,200,200,18,18,1,66,200
0,200,30,1,2,0,1,10,5,200,0,0,0,0,200,200,200,18,18,1,49,200
0,200,15,0,0,0,1,7,7,200,0,0,0,0,200,200,1,0,0,2,200,200
0,1,30,1,2,0,1,14,3,200,0,0,0,0,1,200,200,21,21,0,29,200
0,1,30,1,2,0,1,14,3,200,0,0,0,0,1,200,200,21,21,0,61,200
0,200,30,0,0,200,200,5,5,200,0,200,0,0,200,200,200,29,200,0,46,200
0,200,30,1,200,0,1,14,2,200,0,200,200,0,1,200,1,17,23,0,200,200
0,200,30,1,200,0,1,14,2,200,0,200,200,0,1,200,1,17,23,0,27,200
0,1,30,0,0,0,1,5,5,200,0,0,0,0,200,200,200,200,200,1,42,200
2,1,30,0,0,0,1,5,5,200,0,0,0,0,200,200,200,200,200,0,26,200
0,200,30,2,2,0,1,0,5,200,0,0,0,0,200,200,200,5,5,1,21,200
0,200,30,2,2,0,1,0,5,200,0,0,0,0,200,200,200,5,5,0,28,200
1,200,30,2,2,0,1,0,5,200,0,0,0,0,200,200,200,5,5,0,26,200
1,200,30,2,2,0,1,0,5,200,0,0,0,0,200,200,200,5,5,0,1,200
1,200,30,2,2,0,1,0,5,200,0,0,0,0,200,200,200,5,5,1,3,200
1,200,30,2,2,0,1,0,5,200,0,0,0,0,200,200,200,5,5,0,0,200
0,200,30,0,0,0,1,7,6,200,0,0,0,0,200,200,1,200,200,2,200,200
0,200,30,0,0,0,1,12,3,200,0,0,200,0,200,200,1,21,21,0,200,200
0,200,30,0,0,0,1,12,3,200,0,0,200,0,200,200,1,21,21,1,40,200
0,200,35,1,2,0,0,4,3,200,0,0,0,0,200,200,0,0,0,0,47,200
0,200,30,0,0,200,200,7,12,200,0,200,200,0,200,200,1,17,200,2,200,200
0,200,30,0,0,0,1,9,5,4,0,0,0,1,200,200,1,0,0,2,200,200
5,200,30,0,0,0,1,9,5,4,0,0,0,1,200,200,1,0,0,1,39,200
1,200,30,0,0,0,1,9,5,4,0,0,0,1,200,200,1,0,0,1,64,200
1,200,30,0,0,0,1,9,5,4,0,0,0,1,200,200,1,0,0,1,3,200
0,200,30,1,2,0,1,12,5,2,0,0,0,0,200,200,1,0,200,1,200,200
0,200,30,1,2,0,1,12,5,2,0,0,0,0,200,200,1,0,200,1,31,200
1,200,30,1,2,0,1,12,5,2,0,0,0,0,200,200,1,0,200,0,1,200
0,200,30,1,2,0,1,10,5,200,0,200,200,0,200,200,200,0,0,0,33,200
0,200,30,1,2,0,1,10,5,200,0,200,200,0,200,200,200,0,0,1,39,200
1,200,30,1,2,0,1,10,5,200,0,200,200,0,200,200,200,0,0,1,200,200
1,200,30,1,2,0,1,10,5,200,0,200,200,0,200,200,200,0,0,1,200,200
1,200,30,1,2,0,1,10,5,200,0,200,200,0,200,200,200,0,0,0,200,200
0,200,35,0,0,0,1,7,5,200,0,0,0,0,200,200,200,14,200,0,200,200
1,200,35,0,0,0,1,7,5,200,0,0,0,0,200,200,200,14,200,2,200,200
1,200,35,0,0,0,1,7,5,200,0,0,0,0,200,200,200,14,200,2,200,200
1,200,35,0,0,0,1,7,5,200,0,0,0,0,200,200,200,14,200,2,200,200
0,200,30,0,0,0,1,10,5,200,0,0,0,0,200,200,200,20,0,1,27,200
0,200,30,0,0,0,1,10,5,200,0,0,0,0,200,200,200,20,0,1,54,200
0,200,25,0,0,0,1,10,4,200,0,0,0,0,200,200,200,20,11,0,200,200
0,200,25,0,0,0,1,10,4,200,0,0,0,0,200,200,200,20,11,0,29,200
1,200,25,0,0,0,1,10,4,200,0,0,0,0,200,200,200,20,11,1,200,200
0,200,30,200,0,0,1,10,7,200,0,0,0,0,200,200,200,17,200,0,28,200
0,200,30,200,0,0,1,10,7,200,0,0,0,0,200,200,200,17,200,1,43,200
0,200,30,1,2,0,1,12,5,200,2,0,0,0,200,200,200,18,200,1,200,200
0,200,30,1,2,0,1,12,5,200,2,0,0,0,200,200,200,18,200,1,26,200
0,1,30,0,0,0,200,7,6,1,0,0,0,0,200,200,1,0,0,2,200,200