PERSON_TYPE,CRASH_DATE_EST_I,POSTED_SPEED_LIMIT,TRAFFIC_CONTROL_DEVICE,DEVICE_CONDITION,WEATHER_CONDITION,LIGHTING_CONDITION,FIRST_CRASH_TYPE,TRAFFICWAY_TYPE,LANE_CNT,ALIGNMENT,ROADWAY_SURFACE_COND,ROAD_DEFECT,CRASH_TYPE,INTERSECTION_RELATED_I,NOT_RIGHT_OF_WAY_I,HIT_AND_RUN_I,PRIM_CONTRIBUTORY_CAUSE,SEC_CONTRIBUTORY_CAUSE,SEX,AGE,BAC_RESULT VALUE
0,200,30,0,0,0,1,14,2,6,0,0,0,0,200,200,1,18,16,2,200,200
0,200,30,0,0,0,1,14,2,6,0,0,0,0,200,200,1,18,16,1,27,200
0,200,30,0,0,0,1,12,5,2,0,0,200,0,200,200,1,22,200,0,200,200
0,200,30,0,0,0,1,12,5,2,0,0,200,0,200,200,1,22,200,1,41,200
0,200,30,0,0,0,0,7,2,4,0,0,200,0,200,200,1,0,0,2,200,200
0,200,15,0,0,0,1,9,7,200,0,0,0,1,200,1,1,0,200,0,200,200
5,200,15,0,0,0,1,9,7,200,0,0,0,1,200,1,1,0,200,1,27,200
0,200,30,1,2,0,1,10,5,2,0,200,0,0,200,200,200,0,200,0,56,200
0,200,30,1,2,0,1,10,5,2,0,200,0,0,200,200,200,0,200,1,53,200
0,200,30,1,2,0,1,14,2,2,0,0,0,0,200,200,1,16,200,0,200,200
0,200,30,1,2,0,1,14,2,2,0,0,0,0,200,200,1,16,200,0,40,200
0,200,30,0,0,0,1,10,5,200,0,0,0,0,200,200,200,20,200,0,33,200
0,200,30,0,0,0,1,10,5,200,0,0,0,0,200,200,200,20,200,1,59,200
0,200,20,0,0,0,1,12,6,2,0,0,0,1,200,200,1,0,0,2,200,200
0,200,20,0,0,0,1,12,6,2,0,0,0,1,200,200,1,0,0,1,23,200
0,200,30,1,2,0,1,10,5,200,0,0,0,0,200,200,200,0,0,0,27,200
0,200,30,1,2,0,1,10,5,200,0,0,0,0,200,200,200,0,0,1,42,200
0,200,30,0,0,0,1,14,12,4,0,0,0,0,200,200,200,16,33,0,38,200
0,200,30,0,0,0,1,14,12,4,0,0,0,0,200,200,200,16,33,1,21,200
1,200,30,0,0,0,1,14,12,4,0,0,0,0,200,200,200,16,33,1,21,200
0,200,30,0,0,0,1,12,6,1,0,0,0,0,200,200,200,0,200,0,200,200
0,200,30,0,0,0,1,12,6,1,0,0,0,0,200,200,200,0,200,1,25,200
0,200,35,0,0,0,1,10,2,200,0,0,0,0,200,200,200,11,0,1,23,200
0,200,35,0,0,0,1,10,2,200,0,0,0,0,200,200,200,11,0,0,48,200
0,200,30,2,2,0,1,10,7,200,0,0,0,0,200,200,200,20,20,1,28,200
0,200,30,2,2,0,1,10,7,200,0,0,0,0,200,200,200,20,20,0,32,200
1,200,30,2,2,0,1,10,7,200,0,0,0,0,200,200,200,20,20,1,200,200
4,200,30,0,0,0,1,11,5,200,0,0,0,0,200,200,200,21,21,0,33,200
0,200,30,0,0,0,1,11,5,200,0,0,0,0,200,200,200,21,21,1,24,200
0,200,30,0,0,0,1,12,5,4,0,200,200,0,200,200,200,0,0,0,38,200
0,200,30,0,0,0,1,12,5,4,0,200,200,0,200,200,200,0,0,1,56,200
0,200,35,0,0,0,1,7,5,200,0,0,0,0,200,200,200,0,200,1,75,200
0,200,30,1,2,0,1,10,5,200,0,0,0,0,200,200,200,0,200,0,30,200
0,200,30,1,2,0,1,10,5,200,0,0,0,0,200,200,200,0,200,0,32,200
0,200,30,2,2,0,1,10,2,2,0,0,0,0,200,200,200,18,18,1,23,200
0,200,30,0,0,0,1,12,6,200,0,0,0,0,200,200,200,22,22,1,200,200
0,200,30,0,0,0,1,12,6,200,0,0,0,0,200,200,200,22,22,1,49,200
0,0,35,0,0,0,4,8,2,4,0,0,0,1,200,200,200,22,11,0,67,200
4,0,35,0,0,0,4,8,2,4,0,0,0,1,200,200,200,22,11,0,59,200
0,200,30,2,2,0,1,14,5,200,0,0,0,0,1,200,200,17,200,0,48,200
0,200,30,2,2,0,1,14,5,200,0,0,0,0,1,200,200,17,200,1,35,200
0,200,25,0,0,0,1,10,5,2,0,0,0,0,200,200,200,18,18,1,200,200
0,200,25,0,0,0,1,10,5,2,0,0,0,0,200,200,200,18,18,1,73,200
0,200,30,0,0,0,1,10,2,4,0,0,0,0,200,200,200,18,0,1,56,200
0,200,30,0,0,0,1,10,2,4,0,0,0,0,200,200,200,18,0,0,23,200
0,200,30,1,2,0,1,10,5,2,0,0,0,0,1,200,200,18,16,0,200,200
0,200,30,1,2,0,1,10,5,2,0,0,0,0,1,200,200,18,16,1,44,200
0,200,30,0,0,0,1,10,2,4,0,0,200,0,200,200,200,18,0,1,200,200
0,200,30,0,0,0,1,10,2,4,0,0,200,0,200,200,200,18,0,1,32,200
0,200,30,200,200,200,200,7,200,200,0,200,200,0,200,200,1,0,200,2,200,200
0,200,15,0,0,0,1,11,7,200,0,0,0,0,200,200,200,0,0,0,62,200
0,200,15,0,0,0,1,11,7,200,0,0,0,0,200,200,200,0,0,0,40,200
0,200,30,0,0,0,4,7,6,200,0,0,0,0,200,200,200,200,200,0,60,200
0,200,30,1,2,0,1,10,5,200,0,0,0,0,200,200,200,12,0,0,20,200
0,200,30,1,2,0,1,10,5,200,0,0,0,0,200,200,200,12,0,1,34,200
1,200,30,1,2,0,1,10,5,200,0,0,0,0,200,200,200,12,0,1,14,200
4,200,35,1,0,0,1,8,5,200,0,0,0,1,200,200,200,0,200,1,23,200
1,200,35,1,0,0,1,8,5,200,0,0,0,1,200,200,200,0,200,0,200,200
0,200,30,0,0,0,1,7,5,200,0,0,0,0,200,200,1,22,22,2,200,200
0,1,30,0,0,0,3,7,6,1,0,0,0,0,200,200,1,0,0,2,200,200
0,200,30,1,2,200,1,14,1,4,0,200,0,0,200,200,200,0,0,1,200,200
0,200,30,1,2,200,1,14,1,4,0,200,0,0,200,200,200,0,0,1,74,200
0,200,25,1,2,0,3,14,5,0,0,0,0,0,1,200,200,17,0,0,22,200
0,200,25,1,2,0,3,14,5,0,0,0,0,0,1,200,200,17,0,0,48,200
0,200,25,0,0,0,3,7,5,1,0,0,0,0,200,200,200,21,0,0,52,200
0,200,30,0,0,0,0,12,5,2,0,0,0,1,200,200,1,0,0,1,200,200
0,200,30,0,0,0,0,12,5,2,0,0,0,1,200,200,1,0,0,1,31,200
1,200,30,0,0,0,0,12,5,2,0,0,0,1,200,200,1,0,0,0,200,200
0,200,30,0,0,0,1,10,5,200,0,0,0,0,200,200,200,18,200,1,200,200
0,200,30,0,0,0,1,10,5,200,0,0,0,0,200,200,200,18,200,1,62,200
0,200,30,1,2,0,1,14,12,4,0,0,0,0,1,200,200,23,11,0,200,200
0,200,30,1,2,0,1,14,12,4,0,0,0,0,1,200,200,23,11,0,30,200
0,200,10,0,0,0,1,7,7,1,0,0,0,0,200,1,200,16,200,1,200,200
0,200,30,200,200,0,3,7,5,4,0,0,0,0,200,200,200,11,200,0,28,200
0,200,30,0,0,0,1,12,5,200,0,0,200,0,200,200,200,0,0,0,33,200
0,200,30,0,0,0,1,12,5,200,0,0,200,0,200,200,200,0,0,0,32,200
1,200,30,0,0,0,1,12,5,200,0,0,200,0,200,200,200,0,0,0,200,200
1,200,30,0,0,0,1,12,5,200,0,0,200,0,200,200,200,0,0,1,200,200
1,200,30,0,0,0,1,12,5,200,0,0,200,0,200,200,200,0,0,1,200,200
0,200,30,200,200,0,1,7,2,2,0,200,200,0,200,200,1,0,200,2,200,200
0,200,30,0,0,0,1,10,5,200,0,0,0,0,200,200,1,0,0,1,200,200
0,200,30,0,0,0,1,10,5,200,0,0,0,0,200,200,1,0,0,1,34,200
1,200,30,0,0,0,1,10,5,200,0,0,0,0,200,200,1,0,0,200,200,200
1,200,30,0,0,0,1,10,5,200,0,0,0,0,200,200,1,0,0,200,200,200
1,200,30,0,0,0,1,10,5,200,0,0,0,0,200,200,1,0,0,0,200,200
1,200,30,0,0,0,1,10,5,200,0,0,0,0,200,200,1,0,0,1,200,200
1,200,30,0,0,0,1,10,5,200,0,0,0,0,200,200,1,0,0,1,200,200
0,200,30,1,2,0,3,14,5,4,0,0,0,1,1,200,200,0,11,0,18,200
0,200,30,1,2,0,3,14,5,4,0,0,0,1,1,200,200,0,11,1,57,200
1,200,30,1,2,0,3,14,5,4,0,0,0,1,1,200,200,0,11,200,16,200
1,200,30,1,2,0,3,14,5,4,0,0,0,1,1,200,200,0,11,0,16,200
1,200,30,1,2,0,3,14,5,4,0,0,0,1,1,200,200,0,11,0,15,200
1,200,30,1,2,0,3,14,5,4,0,0,0,1,1,200,200,0,11,0,57,200
1,200,30,1,2,0,3,14,5,4,0,0,0,1,1,200,200,0,11,0,200,200
0,200,30,2,2,0,3,10,2,2,0,0,0,0,200,200,200,18,200,1,39,200
0,200,30,2,2,0,3,10,2,2,0,0,0,0,200,200,200,18,200,0,39,200
0,200,25,2,2,0,3,0,5,1,0,0,0,1,1,200,200,5,0,0,60,200
0,200,25,2,2,0,3,0,5,1,0,0,0,1,1,200,200,5,0,0,21,200
0,200,30,1,2,0,3,10,2,2,0,0,0,0,200,200,200,18,0,1,36,200
0,200,30,1,2,0,3,10,2,2,0,0,0,0,200,200,200,18,0,1,35,200
1,200,30,1,2,0,3,10,2,2,0,0,0,0,200,200,200,18,0,1,200,200
0,200,35,2,0,0,1,14,5,200,0,0,0,1,1,200,200,0,0,1,200,200
0,200,35,2,0,0,1,14,5,200,0,0,0,1,1,200,200,0,0,0,29,200
1,200,35,2,0,0,1,14,5,200,0,0,0,1,1,200,200,0,0,1,200,200
0,200,30,200,200,200,200,10,3,4,0,200,200,0,200,200,200,0,200,1,37,200
0,200,30,200,200,200,200,10,3,4,0,200,200,0,200,200,200,0,200,1,68,200
0,200,30,1,1,0,3,12,2,2,0,0,0,0,200,200,200,23,35,0,72,200
0,200,30,1,1,0,3,12,2,2,0,0,0,0,200,200,200,23,35,0,32,200
4,200,25,0,0,0,3,8,5,2,0,0,0,0,200,200,200,0,200,0,19,200
0,200,30,0,0,0,0,9,5,2,0,0,200,1,200,200,200,0,0,1,45,200
5,200,30,0,0,0,0,9,5,2,0,0,200,1,200,200,200,0,0,0,35,200
0,200,30,1,2,0,3,0,5,200,0,0,0,1,200,200,1,27,10,0,200,200
0,200,30,1,2,0,3,0,5,200,0,0,0,1,200,200,1,27,10,0,47,200
1,200,30,1,2,0,3,0,5,200,0,0,0,1,200,200,1,27,10,1,200,200
0,200,25,0,0,0,3,2,5,2,0,0,200,1,200,0,200,8,0,1,35,200
0,200,20,0,0,0,3,5,0,1,0,0,200,0,200,0,200,0,200,1,39,200
0,200,30,0,0,0,1,12,5,2,0,0,0,0,200,200,200,7,7,0,18,200
0,200,30,0,0,0,1,12,5,2,0,0,0,0,200,200,200,7,7,1,200,200
0,200,30,200,0,0,0,12,5,200,0,0,0,1,200,200,1,16,200,0,37,200
0,200,30,200,0,0,0,12,5,200,0,0,0,1,200,200,1,16,200,1,23,200
0,1,30,200,200,0,0,2,2,200,0,0,0,0,0,200,0,16,200,0,37,200
0,200,30,200,200,0,3,3,5,200,0,0,200,1,200,200,1,0,0,2,200,200
0,200,30,200,200,0,3,3,5,200,0,0,200,1,200,200,1,0,0,1,29,200
0,200,30,0,0,0,3,7,5,2,0,0,0,0,200,200,1,16,0,2,200,200
0,200,30,0,0,0,3,7,5,4,0,0,200,0,200,200,200,27,200,1,68,200
0,200,30,2,2,0,3,0,6,200,0,0,0,0,1,200,200,17,200,1,46,200
0,200,30,2,2,0,3,0,6,200,0,0,0,0,1,200,200,17,200,0,38,200
0,200,15,0,0,200,200,7,7,200,0,200,200,0,200,200,0,11,200,0,23,200
0,200,30,0,0,0,0,12,5,200,0,0,0,0,200,200,200,0,200,1,60,200
0,200,30,0,0,0,0,12,5,200,0,0,0,0,200,200,200,0,200,0,200,200
0,200,30,0,0,0,3,2,3,4,0,0,0,0,200,200,200,23,0,0,49,200
0,200,20,0,0,0,3,7,6,1,0,0,0,0,200,200,1,0,200,1,200,200
0,200,30,1,2,0,3,10,5,200,0,0,0,0,200,200,200,0,0,0,200,200
0,200,30,1,2,0,3,10,5,200,0,0,0,0,200,200,200,0,0,0,37,200
0,200,30,0,0,0,3,0,5,200,0,0,200,0,200,200,1,0,0,2,200,200
0,200,30,0,0,0,3,0,5,200,0,0,200,0,200,200,1,0,0,0,34,200
0,200,30,1,2,0,1,10,2,2,0,0,0,1,200,200,200,18,200,1,68,200
0,200,30,1,2,0,1,10,2,2,0,0,0,1,200,200,200,18,200,1,23,200
0,1,20,200,0,0,0,7,5,2,0,0,200,0,200,200,200,11,0,0,200,200
0,200,30,0,0,0,3,14,5,2,0,0,0,0,200,200,1,32,23,1,38,200
0,200,30,0,0,0,3,14,5,2,0,0,0,0,200,200,1,32,23,0,27,0.09
1,200,30,0,0,0,3,14,5,2,0,0,0,0,200,200,1,32,23,1,45,200
1,200,30,0,0,0,3,14,5,2,0,0,0,0,200,200,1,32,23,1,200,200
0,200,30,200,0,0,3,2,5,4,0,0,0,1,200,200,200,14,14,0,200,200
0,200,30,0,0,0,3,7,6,200,0,0,0,0,200,200,0,200,200,2,200,200
0,200,30,1,200,0,200,9,200,2,0,200,200,1,1,200,1,0,0,2,200,200
5,200,30,1,200,0,200,9,200,2,0,200,200,1,1,200,1,0,0,1,25,200
0,200,35,200,200,0,3,2,2,200,3,0,0,1,200,200,200,16,0,1,0,200
1,200,35,200,200,0,3,2,2,200,3,0,0,1,200,200,200,16,0,0,200,200
0,200,30,1,2,0,3,10,5,2,0,0,0,0,1,200,200,18,0,0,45,200
0,200,30,1,2,0,3,10,5,2,0,0,0,0,1,200,200,18,0,0,45,200
0,200,30,2,2,0,0,12,2,2,0,0,0,0,200,200,200,22,0,0,22,200
0,200,30,2,2,0,0,12,2,2,0,0,0,0,200,200,200,22,0,0,67,200
1,200,30,2,2,0,0,12,2,2,0,0,0,0,200,200,200,22,0,1,200,200
1,200,30,2,2,0,0,12,2,2,0,0,0,0,200,200,200,22,0,0,200,200
1,200,30,2,2,0,0,12,2,2,0,0,0,0,200,200,200,22,0,1,200,200
0,200,35,1,2,0,2,12,5,200,0,0,0,0,1,200,200,10,18,0,35,200
0,200,35,1,2,0,2,12,5,200,0,0,0,0,1,200,200,10,18,0,37,200
0,200,30,0,0,0,2,7,5,6,2,0,0,1,200,200,200,21,16,0,63,200
0,1,25,0,0,0,200,7,6,200,0,0,0,0,200,200,200,0,0,2,200,200
0,200,30,1,2,0,1,12,3,4,0,0,0,0,1,200,200,17,17,1,35,200
0,200,30,1,2,0,1,12,3,4,0,0,0,0,1,200,200,17,17,0,44,200
0,200,20,0,0,0,1,0,5,200,0,0,0,0,200,200,200,20,0,0,48,200
0,200,20,0,0,0,1,0,5,200,0,0,0,0,200,200,200,20,0,0,200,200
0,200,30,1,2,1,1,12,5,4,0,0,0,1,1,200,200,12,12,0,54,200
0,200,30,1,2,1,1,12,5,4,0,0,0,1,1,200,200,12,12,0,30,200
0,200,30,2,2,1,1,0,2,0,0,0,0,1,1,200,1,5,0,0,200,200
0,200,30,2,2,1,1,0,2,0,0,0,0,1,1,200,1,5,0,0,48,200
0,200,30,2,2,0,1,8,5,4,0,0,0,1,1,200,200,0,200,0,54,200
4,200,30,2,2,0,1,8,5,4,0,0,0,1,1,200,200,0,200,1,27,200
0,200,30,0,0,0,1,14,2,200,0,0,0,0,200,200,200,0,0,0,58,200
0,200,30,0,0,0,1,14,2,200,0,0,0,0,200,200,200,0,0,0,45,200
0,200,30,0,0,0,1,10,2,200,0,0,0,1,200,200,200,16,200,0,31,200
0,200,30,0,0,0,1,10,2,200,0,0,0,1,200,200,200,16,200,0,39,200
0,200,30,1,2,2,1,10,5,200,0,1,0,0,200,200,200,18,18,1,22,200
0,200,30,1,2,2,1,10,5,200,0,1,0,0,200,200,200,18,18,1,200,200
0,200,30,1,2,2,1,14,5,4,0,1,0,0,1,200,200,6,6,1,33,200
0,200,30,1,2,2,1,14,5,4,0,1,0,0,1,200,200,6,6,1,33,200
0,200,30,0,0,200,3,7,5,2,0,200,200,0,200,200,1,0,0,2,200,200
0,200,30,1,2,2,1,0,5,200,0,1,0,1,200,200,1,25,34,0,200,200
0,200,30,1,2,2,1,0,5,200,0,1,0,1,200,200,1,25,34,1,38,200
0,200,30,1,2,2,1,0,5,200,0,1,0,1,200,200,1,25,34,0,41,200
1,200,30,1,2,2,1,0,5,200,0,1,0,1,200,200,1,25,34,1,16,200
0,200,35,0,0,2,1,10,5,200,0,1,0,0,200,200,200,18,200,1,69,200
0,200,35,0,0,2,1,10,5,200,0,1,0,0,200,200,200,18,200,0,43,200
0,200,20,0,0,2,1,7,6,200,0,0,0,0,200,200,1,0,0,2,200,200
0,200,30,2,2,2,1,0,5,200,0,1,0,1,200,200,200,17,200,0,58,200
0,200,30,2,2,2,1,0,5,200,0,1,0,1,200,200,200,17,200,1,200,200
4,200,30,1,2,0,1,8,5,200,0,1,0,1,200,200,200,6,0,0,18,200
0,200,30,1,2,0,1,8,5,200,0,1,0,1,200,200,200,6,0,1,37,200
1,200,30,1,2,0,1,8,5,200,0,1,0,1,200,200,200,6,0,0,200,200
0,200,35,2,2,1,1,12,5,4,0,1,0,0,200,200,200,22,0,0,25,200
0,200,35,2,2,1,1,12,5,4,0,1,0,0,200,200,200,22,0,1,28,200
1,200,35,2,2,1,1,12,5,4,0,1,0,0,200,200,200,22,0,1,25,200
1,200,35,2,2,1,1,12,5,4,0,1,0,0,200,200,200,22,0,0,1,200
1,200,35,2,2,1,1,12,5,4,0,1,0,0,200,200,200,22,0,0,0,200
1,200,35,2,2,1,1,12,5,4,0,1,0,0,200,200,200,22,0,0,9,200
1,200,35,2,2,1,1,12,5,4,0,1,0,0,200,200,200,22,0,1,5,200
0,200,20,0,0,200,2,7,5,200,0,200,200,0,200,200,1,0,200,2,200,200
0,200,30,0,0,2,1,12,5,2,0,1,0,0,200,200,1,0,0,0,200,200
0,200,30,0,0,2,1,12,5,2,0,1,0,0,200,200,1,0,0,1,29,200
0,200,30,0,0,2,0,14,2,200,0,1,200,0,200,200,200,0,0,0,53,200
0,200,30,0,0,2,0,14,2,200,0,1,200,0,200,200,200,0,0,0,43,200
0,200,25,0,0,0,1,10,5,200,0,0,0,0,200,200,200,0,0,1,200,200
0,200,25,0,0,0,1,10,5,200,0,0,0,0,200,200,200,0,0,0,41,200
1,200,25,0,0,0,1,10,5,200,0,0,0,0,200,200,200,0,0,0,6,200
0,200,30,0,0,2,1,12,5,4,0,1,0,0,200,200,200,0,0,1,21,200
0,200,30,0,0,2,1,12,5,4,0,1,0,0,200,200,200,0,0,1,39,200
0,200,30,0,0,1,1,7,6,1,0,1,0,0,200,200,1,0,0,2,200,200
0,200,30,1,2,2,1,10,5,3,0,1,0,0,200,200,200,0,0,1,33,200
0,200,30,1,2,2,1,10,5,3,0,1,0,0,200,200,200,0,0,1,43,200
1,200,30,1,2,2,1,10,5,3,0,1,0,0,200,200,200,0,0,0,200,200
0,200,30,1,2,0,1,10,5,200,0,0,0,0,200,200,200,16,25,0,26,200
0,200,30,1,2,0,1,10,5,200,0,0,0,0,200,200,200,16,25,0,63,200
0,200,30,2,2,1,1,14,5,2,0,1,0,0,1,200,200,5,200,1,34,200
0,200,30,2,2,1,1,14,5,2,0,1,0,0,1,200,200,5,200,1,39,200
0,200,20,1,2,2,2,10,3,3,0,1,0,0,0,200,1,18,12,0,200,200
0,200,20,1,2,2,2,10,3,3,0,1,0,0,0,200,1,18,12,1,31,200
0,200,30,1,2,2,1,9,2,6,0,1,200,1,200,200,0,17,200,0,48,200
5,200,30,1,2,2,1,9,2,6,0,1,200,1,200,200,0,17,200,1,33,200
0,1,0,0,0,2,1,7,7,0,0,1,0,0,200,200,200,33,20,0,42,200
0,200,30,1,2,2,1,12,2,4,0,1,0,0,200,200,1,0,34,2,200,200
0,200,30,1,2,2,1,12,2,4,0,1,0,0,200,200,1,0,34,1,52,200
0,200,30,0,0,0,1,14,2,2,0,1,0,0,200,200,200,17,0,0,72,200
0,200,30,0,0,0,1,14,2,2,0,1,0,0,200,200,200,17,0,0,52,200
0,200,30,1,2,2,1,10,5,4,0,1,0,1,200,200,200,18,16,0,0,200
0,200,30,1,2,2,1,10,5,4,0,1,0,1,200,200,200,18,16,1,64,200
0,200,30,2,2,0,1,10,6,2,0,0,0,1,200,200,1,18,0,2,200,200
0,200,30,2,2,0,1,10,6,2,0,0,0,1,200,200,1,18,0,0,49,200
0,200,0,0,0,2,1,11,2,3,0,1,0,0,200,200,200,0,0,0,57,200
0,200,0,0,0,2,1,11,2,3,0,1,0,0,200,200,200,0,0,0,35,200
0,200,30,1,0,2,1,11,3,2,0,1,0,0,200,200,1,17,17,1,200,200
0,200,30,1,0,2,1,11,3,2,0,1,0,0,200,200,1,17,17,0,35,200
0,200,30,0,0,2,1,14,5,200,0,1,0,0,200,200,200,16,0,0,37,200
0,200,30,0,0,2,1,14,5,200,0,1,0,0,200,200,200,16,0,0,41,200
1,200,30,0,0,2,1,14,5,200,0,1,0,0,200,200,200,16,0,1,56,200
0,200,10,0,0,0,1,7,7,1,0,0,0,0,200,200,1,0,0,2,200,200
0,200,30,0,0,2,1,12,6,3,0,1,0,0,1,200,200,17,200,0,37,200
0,200,30,0,0,2,1,12,6,3,0,1,0,0,1,200,200,17,200,0,40,200
0,200,30,1,2,2,200,12,2,200,0,1,0,0,200,200,200,12,16,0,28,200
0,200,30,1,2,2,200,12,2,200,0,1,0,0,200,200,200,12,16,0,67,200
1,200,30,1,2,2,200,12,2,200,0,1,0,0,200,200,200,12,16,0,34,200
1,200,30,1,2,2,200,12,2,200,0,1,0,0,200,200,200,12,16,1,39,200
0,200,30,1,2,0,1,14,2,8,0,1,0,1,1,200,200,23,200,1,64,200
0,200,30,1,2,0,1,14,2,8,0,1,0,1,1,200,200,23,200,1,54,200
0,200,30,0,0,2,1,12,3,200,0,1,0,1,200,200,200,34,34,1,33,200
0,200,30,0,0,2,1,12,3,200,0,1,0,1,200,200,200,34,34,1,29,200
0,200,30,0,0,0,0,7,5,4,0,0,0,1,200,200,1,0,0,2,200,200
0,200,30,1,2,2,1,12,6,3,0,1,0,0,200,200,200,22,17,0,25,200
0,200,30,1,2,2,1,12,6,3,0,1,0,0,200,200,200,22,17,0,23,200
0,200,30,2,2,2,1,14,5,200,0,1,0,1,200,200,200,34,200,1,34,200
0,200,30,2,2,2,1,14,5,200,0,1,0,1,200,200,200,34,200,1,23,200
0,200,30,0,0,2,1,10,5,2,0,1,0,1,1,200,200,18,200,1,24,200
0,200,30,0,0,2,1,10,5,2,0,1,0,1,1,200,200,18,200,1,71,200
0,200,25,0,0,12,1,0,5,4,0,1,0,1,1,200,200,0,0,1,32,200
0,200,25,0,0,12,1,0,5,4,0,1,0,1,1,200,200,0,0,0,21,200
1,200,25,0,0,12,1,0,5,4,0,1,0,1,1,200,200,0,0,0,55,200
0,200,30,0,0,0,1,10,2,200,0,0,0,0,1,200,1,18,200,0,200,200
0,200,30,0,0,0,1,10,2,200,0,0,0,0,1,200,1,18,200,1,25,200
0,200,30,1,2,1,1,0,5,4,0,1,0,0,200,200,200,17,200,0,29,200
0,200,30,1,2,1,1,0,5,4,0,1,0,0,200,200,200,17,200,0,35,200
1,200,30,1,2,1,1,0,5,4,0,1,0,0,200,200,200,17,200,0,200,200
0,200,20,0,0,0,1,7,5,1,0,0,0,0,200,200,1,0,0,2,200,200
0,1,30,0,0,0,2,7,5,4,0,0,0,0,200,200,1,0,0,2,200,200
0,200,15,0,0,1,1,7,7,1,0,1,0,0,200,200,200,20,0,0,26,200
0,200,30,0,0,0,1,7,5,1,0,0,0,1,200,200,1,16,4,2,200,200
0,200,30,2,1,2,1,12,6,1,0,1,0,1,200,200,1,21,200,0,200,200
0,200,30,2,1,2,1,12,6,1,0,1,0,1,200,200,1,21,200,0,41,200
0,200,30,2,1,2,1,12,6,1,0,1,0,1,200,200,1,21,200,1,25,200
0,200,30,7,3,0,1,10,5,200,0,0,0,0,200,200,200,18,0,1,24,200
0,200,30,7,3,0,1,10,5,200,0,0,0,0,200,200,200,18,0,1,41,200
1,200,30,7,3,0,1,10,5,200,0,0,0,0,200,200,200,18,0,0,2,200
0,200,30,0,0,1,1,9,7,200,0,1,0,1,200,1,1,20,11,0,200,200
5,200,30,0,0,1,1,9,7,200,0,1,0,1,200,1,1,20,11,1,22,200
0,1,30,1,2,0,1,14,3,200,0,1,0,0,1,200,200,0,0,0,51,200
0,1,30,1,2,0,1,14,3,200,0,1,0,0,1,200,200,0,0,1,200,200
1,1,30,1,2,0,1,14,3,200,0,1,0,0,1,200,200,0,0,1,200,200
0,200,30,0,0,0,1,12,5,2,0,1,0,0,200,200,200,0,0,0,23,200
0,200,30,0,0,0,1,12,5,2,0,1,0,0,200,200,200,0,0,0,64,200
0,200,30,2,2,0,1,7,5,200,0,1,0,1,1,200,200,16,15,0,23,200
0,200,30,0,0,0,1,12,2,2,0,0,12,0,200,200,1,28,28,0,200,200
0,200,30,0,0,0,1,12,2,2,0,0,12,0,200,200,1,28,28,1,47,200
1,200,30,0,0,0,1,12,2,2,0,0,12,0,200,200,1,28,28,1,27,200
0,200,30,0,0,0,1,12,2,200,0,0,0,0,200,200,1,0,0,0,200,200
0,200,30,0,0,0,1,12,2,200,0,0,0,0,200,200,1,0,0,0,56,200
0,200,20,1,2,1,1,0,2,4,0,0,0,0,1,200,200,21,33,0,41,200
0,200,20,1,2,1,1,0,2,4,0,0,0,0,1,200,200,21,33,0,40,200
0,200,30,1,2,2,1,12,5,2,0,1,0,0,1,200,200,17,17,1,61,200
0,200,30,1,2,2,1,12,5,2,0,1,0,0,1,200,200,17,17,1,54,200
0,200,30,1,2,0,1,10,5,4,0,0,0,0,1,200,200,16,0,0,49,200
0,200,30,1,2,0,1,10,5,4,0,0,0,0,1,200,200,16,0,1,37,200
0,200,30,1,2,1,1,14,3,8,2,1,0,1,1,200,1,17,0,1,30,200
0,200,30,1,2,1,1,14,3,8,2,1,0,1,1,200,1,17,0,2,200,200
1,200,30,1,2,1,1,14,3,8,2,1,0,1,1,200,1,17,0,1,0,200
0,200,30,1,2,0,1,10,5,4,0,0,0,0,200,200,200,17,16,1,200,200
0,200,30,1,2,0,1,10,5,4,0,0,0,0,200,200,200,17,16,1,18,200
1,200,30,1,2,0,1,10,5,4,0,0,0,0,200,200,200,17,16,0,200,200
1,200,30,1,2,0,1,10,5,4,0,0,0,0,200,200,200,17,16,1,200,200
0,200,30,2,2,0,1,10,5,4,0,0,200,0,200,200,200,0,0,0,200,200
0,200,30,2,2,0,1,10,5,4,0,0,200,0,200,200,200,0,0,0,200,200
0,200,30,0,0,0,1,10,2,4,0,0,200,0,200,200,200,0,0,1,28,200
0,200,30,0,0,0,1,10,2,4,0,0,200,0,200,200,200,0,0,0,36,200
0,200,30,0,0,0,1,10,2,4,0,0,200,0,200,200,200,0,0,1,42,200
0,200,10,0,0,0,1,7,7,1,0,0,0,0,200,200,1,0,0,2,200,200
0,200,35,1,2,0,1,2,2,4,0,0,0,1,200,200,200,27,200,1,32,200
0,200,30,0,0,0,1,7,6,1,0,0,0,0,200,200,200,0,0,0,18,200
0,200,35,0,0,1,1,10,3,200,0,1,0,0,200,200,200,18,18,0,28,200
0,200,35,0,0,1,1,10,3,200,0,1,0,0,200,200,200,18,18,0,51,200
0,200,30,1,2,0,1,12,3,6,0,0,0,0,1,200,1,17,23,1,200,200
0,200,30,1,2,0,1,12,3,6,0,0,0,0,1,200,1,17,23,1,33,200
1,200,30,1,2,0,1,12,3,6,0,0,0,0,1,200,1,17,23,0,0,200