PERSON_TYPE,CRASH_DATE_EST_I,POSTED_SPEED_LIMIT,TRAFFIC_CONTROL_DEVICE,DEVICE_CONDITION,WEATHER_CONDITION,LIGHTING_CONDITION,FIRST_CRASH_TYPE,TRAFFICWAY_TYPE,LANE_CNT,ALIGNMENT,ROADWAY_SURFACE_COND,ROAD_DEFECT,CRASH_TYPE,INTERSECTION_RELATED_I,NOT_RIGHT_OF_WAY_I,HIT_AND_RUN_I,PRIM_CONTRIBUTORY_CAUSE,SEC_CONTRIBUTORY_CAUSE,SEX,AGE,BAC_RESULT VALUE
0,200,30,1,2,0,1,10,2,200,0,1,0,0,1,200,200,16,18,0,23,200
0,200,30,1,2,0,1,10,2,200,0,1,0,0,1,200,200,16,18,1,60,200
0,200,30,0,0,0,1,12,5,2,0,0,0,0,200,200,200,0,200,0,37,200
0,200,30,0,0,0,1,12,5,2,0,0,0,0,200,200,200,0,200,0,35,200
1,200,30,0,0,0,1,12,5,2,0,0,0,0,200,200,200,0,200,0,2,200
1,200,30,0,0,0,1,12,5,2,0,0,0,0,200,200,200,0,200,0,2,200
0,200,30,2,2,0,1,9,5,200,0,0,0,1,1,200,200,17,200,1,44,200
5,200,30,2,2,0,1,9,5,200,0,0,0,1,1,200,200,17,200,1,200,200
1,200,30,2,2,0,1,9,5,200,0,0,0,1,1,200,200,17,200,0,15,200
0,200,30,1,2,0,3,12,3,200,0,0,0,0,200,200,200,0,0,0,24,200
0,200,30,1,2,0,3,12,3,200,0,0,0,0,200,200,200,0,0,0,48,200
0,200,20,0,0,200,200,7,5,200,0,200,200,0,200,200,1,0,200,2,200,200
0,200,30,0,0,0,1,12,5,2,0,0,0,0,200,200,1,17,25,2,200,200
0,200,30,0,0,0,1,12,5,2,0,0,0,0,200,200,1,17,25,1,32,200
1,200,30,0,0,0,1,12,5,2,0,0,0,0,200,200,1,17,25,0,24,200
0,200,30,0,0,0,0,14,2,200,0,0,0,0,1,200,200,17,17,1,36,200
0,200,30,0,0,0,0,14,2,200,0,0,0,0,1,200,200,17,17,1,24,200
1,200,30,0,0,0,0,14,2,200,0,0,0,0,1,200,200,17,17,1,200,200
1,200,30,0,0,0,0,14,2,200,0,0,0,0,1,200,200,17,17,0,200,200
1,200,30,0,0,0,0,14,2,200,0,0,0,0,1,200,200,17,17,0,200,200
0,200,30,1,2,1,1,12,5,3,0,0,0,0,200,200,200,0,0,0,46,200
0,200,30,1,2,1,1,12,5,3,0,0,0,0,200,200,200,0,0,1,31,200
1,200,30,1,2,1,1,12,5,3,0,0,0,0,200,200,200,0,0,1,1,200
1,200,30,1,2,1,1,12,5,3,0,0,0,0,200,200,200,0,0,0,6,200
1,200,30,1,2,1,1,12,5,3,0,0,0,0,200,200,200,0,0,1,200,200
0,200,30,1,2,0,1,0,12,3,0,0,0,1,1,200,200,6,200,0,53,200
0,200,30,1,2,0,1,0,12,3,0,0,0,1,1,200,200,6,200,0,32,200
1,200,30,1,2,0,1,0,12,3,0,0,0,1,1,200,200,6,200,1,52,200
0,200,45,1,2,0,0,10,3,4,0,0,0,0,200,200,200,18,200,1,27,200
0,200,45,1,2,0,0,10,3,4,0,0,0,0,200,200,200,18,200,0,66,200
0,200,20,2,2,0,1,10,5,3,0,0,0,0,200,200,200,20,17,0,28,200
0,200,20,2,2,0,1,10,5,3,0,0,0,0,200,200,200,20,17,1,35,200
0,200,30,0,0,1,3,14,2,2,0,0,0,0,200,200,200,23,21,1,46,200
0,200,30,0,0,1,3,14,2,2,0,0,0,0,200,200,200,23,21,0,54,200
0,200,30,1,2,0,1,3,5,2,0,0,0,0,200,200,1,20,0,0,44,200
0,200,30,1,2,0,1,3,5,2,0,0,0,0,200,200,1,20,0,1,42,200
1,200,30,1,2,0,1,3,5,2,0,0,0,0,200,200,1,20,0,0,7,200
1,200,30,1,2,0,1,3,5,2,0,0,0,0,200,200,1,20,0,1,7,200
1,200,30,1,2,0,1,3,5,2,0,0,0,0,200,200,1,20,0,0,4,200
0,200,40,1,2,0,1,12,3,6,0,0,1,0,200,200,200,17,22,0,54,200
0,200,40,1,2,0,1,12,3,6,0,0,1,0,200,200,200,17,22,0,57,200
0,200,30,0,0,0,1,7,7,2,0,0,0,0,200,1,200,0,0,0,63,200
0,200,30,1,2,0,1,12,5,2,0,0,0,0,1,200,200,18,18,0,200,200
0,200,30,1,2,0,1,12,5,2,0,0,0,0,1,200,200,18,18,0,57,200
1,200,30,1,2,0,1,12,5,2,0,0,0,0,1,200,200,18,18,0,32,200
0,200,10,0,0,0,1,0,7,1,0,0,0,0,200,1,200,0,0,1,19,200
0,200,10,0,0,0,1,0,7,1,0,0,0,0,200,1,200,0,0,1,23,200
1,200,10,0,0,0,1,0,7,1,0,0,0,0,200,1,200,0,0,0,3,200
0,200,30,0,0,0,1,7,5,200,0,0,0,0,200,200,200,0,200,0,47,200
0,200,15,0,0,0,1,7,7,0,0,0,0,0,200,200,1,0,0,2,200,200
0,200,30,2,2,0,1,10,5,2,0,0,0,0,200,200,200,18,16,1,25,200
0,200,30,2,2,0,1,10,5,2,0,0,0,0,200,200,200,18,16,0,49,200
0,200,30,2,2,0,1,7,2,200,0,0,0,0,200,200,200,200,200,0,62,200
0,200,30,1,0,0,1,14,2,200,0,0,0,0,200,200,200,18,18,1,52,200
0,200,30,1,0,0,1,14,2,200,0,0,0,0,200,200,200,18,18,0,200,200
0,1,25,0,0,0,1,7,5,200,0,0,0,0,200,200,200,0,0,2,200,200
0,200,30,1,2,0,1,12,2,200,0,1,0,0,1,200,200,0,0,1,61,200
0,200,30,1,2,0,1,12,2,200,0,1,0,0,1,200,200,0,0,0,54,200
0,200,30,200,200,0,1,10,5,200,0,0,200,1,200,200,200,0,0,1,200,200
0,200,30,200,200,0,1,10,5,200,0,0,200,1,200,200,200,0,0,0,60,200
0,200,35,0,0,0,3,12,5,200,0,0,0,0,200,200,200,0,0,1,200,200
0,200,35,0,0,0,3,12,5,200,0,0,0,0,200,200,200,0,0,1,200,200
0,200,30,3,2,0,1,14,3,2,0,0,12,1,200,200,200,23,28,0,35,200
0,200,30,3,2,0,1,14,3,2,0,0,12,1,200,200,200,23,28,0,51,200
0,1,25,0,0,0,3,7,6,200,0,0,0,0,200,200,1,17,0,2,200,200
0,200,30,2,2,0,1,14,5,200,0,0,0,0,1,200,200,23,0,0,23,200
0,200,30,2,2,0,1,14,5,200,0,0,0,0,1,200,200,23,0,0,42,200
1,200,30,2,2,0,1,14,5,200,0,0,0,0,1,200,200,23,0,1,7,200
0,200,35,0,0,0,1,7,5,200,0,0,0,0,200,200,1,0,0,2,200,200
0,200,30,0,0,0,3,10,2,200,0,0,0,0,200,200,200,22,17,0,27,200
0,200,30,0,0,0,3,10,2,200,0,0,0,0,200,200,200,22,17,0,44,200
0,200,30,0,0,0,1,12,6,2,0,0,0,0,200,200,200,17,21,0,37,200
0,200,30,0,0,0,1,12,6,2,0,0,0,0,200,200,200,17,21,0,24,200
0,200,30,1,2,0,1,10,5,2,0,0,0,0,200,200,200,7,11,1,41,200
0,200,30,1,2,0,1,10,5,2,0,0,0,0,200,200,200,7,11,0,35,200
1,200,30,1,2,0,1,10,5,2,0,0,0,0,200,200,200,7,11,0,200,200
1,200,30,1,2,0,1,10,5,2,0,0,0,0,200,200,200,7,11,1,200,200
0,200,30,0,0,0,1,10,5,4,0,0,0,0,200,200,200,0,0,0,30,200
0,200,30,0,0,0,1,10,5,4,0,0,0,0,200,200,200,0,0,0,48,200
1,200,30,0,0,0,1,10,5,4,0,0,0,0,200,200,200,0,0,1,45,200
1,200,30,0,0,0,1,10,5,4,0,0,0,0,200,200,200,0,0,1,51,200
0,200,15,12,2,0,1,2,7,2,0,0,0,0,200,200,200,200,200,0,57,200
0,200,30,0,0,0,0,12,5,2,0,200,200,0,200,200,200,21,21,0,200,200
0,200,30,0,0,0,0,12,5,2,0,200,200,0,200,200,200,21,21,0,56,200
1,200,30,0,0,0,0,12,5,2,0,200,200,0,200,200,200,21,21,1,52,200
0,200,30,0,0,0,1,10,3,200,0,0,0,1,200,200,200,0,0,0,200,200
0,200,30,0,0,0,1,10,3,200,0,0,0,1,200,200,200,0,0,1,69,200
0,200,25,0,0,0,1,7,2,200,0,0,200,0,200,200,200,0,0,1,63,200
1,200,25,0,0,0,1,7,2,200,0,0,200,0,200,200,200,0,0,1,45,200
0,200,30,0,0,0,1,10,5,2,0,0,0,0,200,200,200,18,11,1,41,200
0,200,30,0,0,0,1,10,5,2,0,0,0,0,200,200,200,18,11,0,38,200
1,200,30,0,0,0,1,10,5,2,0,0,0,0,200,200,200,18,11,1,54,200
0,200,30,1,2,0,1,14,1,4,0,0,0,1,200,200,200,200,200,0,60,200
0,200,30,1,2,0,1,14,1,4,0,0,0,1,200,200,200,200,200,1,45,200
0,1,30,0,0,0,1,14,5,2,0,0,0,0,200,200,1,0,0,0,200,200
0,1,30,0,0,0,1,14,5,2,0,0,0,0,200,200,1,0,0,0,60,200
0,200,30,200,200,0,1,12,5,200,0,0,200,0,200,200,200,18,200,0,50,200
0,200,30,200,200,0,1,12,5,200,0,0,200,0,200,200,200,18,200,1,54,200
0,200,35,0,0,0,1,12,5,200,0,0,0,1,200,200,1,21,200,2,200,200
0,200,35,0,0,0,1,12,5,200,0,0,0,1,200,200,1,21,200,0,18,200
0,200,30,1,2,0,1,0,5,2,0,0,0,0,1,200,1,0,200,2,200,200
0,200,30,1,2,0,1,0,5,2,0,0,0,0,1,200,1,0,200,0,25,200
0,200,30,0,0,0,1,10,5,200,0,0,0,1,200,200,200,18,0,1,48,200
0,200,30,0,0,0,1,10,5,200,0,0,0,1,200,200,200,18,0,1,26,200
0,200,30,0,0,0,1,10,5,200,0,0,0,1,200,200,200,18,0,0,34,200
0,200,30,0,0,0,1,10,5,200,0,0,0,1,200,200,200,18,0,0,67,200
0,200,30,1,2,0,1,12,5,200,0,0,0,0,1,200,200,0,0,1,31,200
0,200,30,1,2,0,1,12,5,200,0,0,0,0,1,200,200,0,0,0,51,200
1,200,30,1,2,0,1,12,5,200,0,0,0,0,1,200,200,0,0,1,200,200
1,200,30,1,2,0,1,12,5,200,0,0,0,0,1,200,200,0,0,1,200,200
0,200,40,1,2,0,1,10,5,5,0,0,0,0,200,200,200,0,0,0,200,200
0,200,40,1,2,0,1,10,5,5,0,0,0,0,200,200,200,0,0,0,31,200
1,200,40,1,2,0,1,10,5,5,0,0,0,0,200,200,200,0,0,0,200,200
0,200,30,0,0,0,1,14,2,200,0,0,0,1,200,200,200,23,200,0,49,200
0,200,30,0,0,0,1,14,2,200,0,0,0,1,200,200,200,23,200,0,20,200
0,200,30,0,0,0,1,7,12,200,0,0,0,0,200,200,200,200,200,1,32,200
0,200,30,0,0,0,1,2,5,2,0,0,0,0,200,200,200,200,200,1,200,200
3,200,30,0,0,0,1,2,5,2,0,0,0,0,200,200,200,200,200,200,200,200
0,200,30,0,0,0,1,10,5,4,0,0,0,0,200,200,200,16,11,1,18,200
0,200,30,0,0,0,1,10,5,4,0,0,0,0,200,200,200,16,11,0,59,200
0,200,30,0,0,0,1,14,12,2,0,0,0,0,200,200,200,0,0,0,53,200
0,200,30,0,0,0,1,14,12,2,0,0,0,0,200,200,200,0,0,0,38,200
0,200,25,0,0,0,1,12,6,1,0,0,200,0,200,200,1,0,0,1,200,200
0,200,25,0,0,0,1,12,6,1,0,0,200,0,200,200,1,0,0,0,44,200
0,200,30,1,2,0,1,10,3,200,0,0,0,0,200,200,1,0,200,0,200,200
0,200,30,1,2,0,1,10,3,200,0,0,0,0,200,200,1,0,200,0,50,200
0,1,30,2,2,0,1,7,5,1,0,0,0,0,200,200,1,0,200,2,200,200
0,200,0,200,200,200,200,2,200,200,0,200,200,1,200,200,1,0,0,2,200,200
0,200,30,0,0,0,1,7,6,3,0,0,0,0,200,200,200,17,22,0,51,200
0,200,30,2,2,0,1,14,2,2,0,0,200,0,1,200,200,33,0,1,25,200
0,200,30,2,2,0,1,14,2,2,0,0,200,0,1,200,200,33,0,1,25,200
0,200,0,0,0,0,1,7,5,200,0,0,0,0,200,200,200,20,20,0,21,200
0,200,30,0,0,200,1,14,5,200,0,200,200,0,200,200,200,12,200,1,57,200
0,200,30,0,0,200,1,14,5,200,0,200,200,0,200,200,200,12,200,0,200,200
0,200,35,0,0,0,1,10,5,200,0,0,0,0,200,200,200,0,0,1,64,200
0,200,35,0,0,0,1,10,5,200,0,0,0,0,200,200,200,0,0,1,28,200
1,200,35,0,0,0,1,10,5,200,0,0,0,0,200,200,200,0,0,0,200,200
0,200,35,1,2,0,1,10,2,200,0,0,0,0,200,200,200,18,0,0,51,200
0,200,35,1,2,0,1,10,2,200,0,0,0,0,200,200,200,18,0,0,63,200
0,200,30,0,0,0,1,7,5,200,0,0,0,0,200,200,1,20,200,1,200,200
1,200,30,0,0,0,1,7,5,200,0,0,0,0,200,200,1,20,200,1,200,200
0,200,30,0,0,0,1,0,5,200,0,0,0,0,200,200,200,0,0,1,61,200
0,200,30,0,0,0,1,0,5,200,0,0,0,0,200,200,200,0,0,0,36,200
0,200,15,0,0,0,1,10,7,200,0,0,0,0,200,1,200,20,17,0,23,200
0,200,15,0,0,0,1,10,7,200,0,0,0,0,200,1,200,20,17,1,63,200
0,200,30,0,0,0,1,12,5,4,0,200,200,0,200,200,200,21,22,0,49,200
0,200,30,0,0,0,1,12,5,4,0,200,200,0,200,200,200,21,22,1,50,200
1,200,30,0,0,0,1,12,5,4,0,200,200,0,200,200,200,21,22,1,200,200
0,200,30,2,2,0,1,10,5,200,0,0,0,0,1,200,200,0,200,0,21,200
0,200,30,2,2,0,1,10,5,200,0,0,0,0,1,200,200,0,200,0,45,200
0,200,30,1,2,0,1,14,3,4,0,0,0,0,1,200,200,6,14,0,22,200
0,200,30,1,2,0,1,14,3,4,0,0,0,0,1,200,200,6,14,1,27,200
1,200,30,1,2,0,1,14,3,4,0,0,0,0,1,200,200,6,14,1,24,200
0,200,30,0,0,0,1,14,5,2,0,0,0,0,200,200,1,0,200,0,200,200
0,200,30,0,0,0,1,14,5,2,0,0,0,0,200,200,1,0,200,1,51,200
0,200,30,0,0,0,1,10,12,1,0,0,12,0,200,200,200,18,200,0,18,200
0,200,30,0,0,0,1,10,12,1,0,0,12,0,200,200,200,18,200,0,40,200
0,200,35,0,0,0,1,12,2,200,0,0,12,0,200,200,200,0,0,0,42,200
0,200,35,0,0,0,1,12,2,200,0,0,12,0,200,200,200,0,0,1,51,200
0,200,30,2,2,0,1,14,2,200,0,0,0,1,1,200,200,17,200,1,44,200
0,200,30,2,2,0,1,14,2,200,0,0,0,1,1,200,200,17,200,0,39,200
1,200,30,2,2,0,1,14,2,200,0,0,0,1,1,200,200,17,200,0,15,200
0,200,35,1,2,0,1,4,5,1,0,0,1,0,200,200,200,0,0,1,31,200
0,200,30,0,0,0,1,7,6,1,0,0,0,0,200,200,200,0,0,0,77,200
0,200,30,1,2,0,1,10,5,2,0,0,0,1,1,200,200,8,200,0,53,200
0,200,30,1,2,0,1,10,5,2,0,0,0,1,1,200,200,8,200,0,37,200
0,200,30,1,2,0,3,12,6,200,0,0,0,0,200,200,200,21,200,0,38,200
0,200,30,1,2,0,3,12,6,200,0,0,0,0,200,200,200,21,200,0,57,200
0,200,30,1,2,0,1,10,2,200,0,1,0,0,1,200,1,18,16,0,200,200
0,200,30,1,2,0,1,10,2,200,0,1,0,0,1,200,1,18,16,1,52,200
0,200,30,1,2,0,1,14,3,200,0,0,0,1,1,200,200,6,16,0,21,200
0,200,30,1,2,0,1,14,3,200,0,0,0,1,1,200,200,6,16,0,53,200
0,200,30,1,2,0,1,14,3,200,0,0,0,1,1,200,200,6,16,0,61,200
0,200,20,0,0,0,1,7,5,200,0,0,0,0,200,200,200,20,200,0,75,200
0,200,30,2,2,0,1,0,12,2,0,0,0,0,1,200,200,5,0,0,200,200
0,200,30,2,2,0,1,0,12,2,0,0,0,0,1,200,200,5,0,0,53,200
0,200,30,2,2,0,1,0,12,2,0,0,0,0,1,200,200,5,0,1,57,200
1,200,30,2,2,0,1,0,12,2,0,0,0,0,1,200,200,5,0,0,200,200
0,200,35,1,2,0,1,10,5,2,0,0,0,0,200,200,200,18,35,0,29,200
0,200,35,1,2,0,1,10,5,2,0,0,0,0,200,200,200,18,35,1,60,200
0,200,30,1,2,0,1,10,5,200,0,0,0,0,1,200,200,18,200,0,22,200
0,200,30,1,2,0,1,10,5,200,0,0,0,0,1,200,200,18,200,0,36,200
0,200,15,0,0,0,1,7,7,1,0,0,0,0,200,1,200,0,0,0,38,200
1,200,15,0,0,0,1,7,7,1,0,0,0,0,200,1,200,0,0,1,49,200
0,200,30,2,2,0,1,10,6,200,0,0,0,0,1,200,200,20,0,0,35,200
0,200,30,2,2,0,1,10,6,200,0,0,0,0,1,200,200,20,0,0,61,200
0,200,35,1,2,0,1,12,1,2,0,0,0,0,200,200,1,22,0,1,200,200
0,200,35,1,2,0,1,12,1,2,0,0,0,0,200,200,1,22,0,0,40,200
0,200,30,1,2,0,1,10,2,4,0,0,0,0,1,200,200,0,200,1,200,200
0,200,30,1,2,0,1,10,2,4,0,0,0,0,1,200,200,0,200,1,21,200
1,200,30,1,2,0,1,10,2,4,0,0,0,0,1,200,200,0,200,1,53,200
1,200,30,1,2,0,1,10,2,4,0,0,0,0,1,200,200,0,200,1,10,200
1,200,30,1,2,0,1,10,2,4,0,0,0,0,1,200,200,0,200,0,63,200
0,200,0,1,2,0,1,10,200,200,0,200,200,0,1,200,200,0,200,0,45,200
0,200,0,1,2,0,1,10,200,200,0,200,200,0,1,200,200,0,200,0,42,200
0,200,30,1,2,0,1,14,3,2,0,0,0,0,1,200,200,20,200,0,54,200
0,200,30,1,2,0,1,14,3,2,0,0,0,0,1,200,200,20,200,0,26,200
1,200,30,1,2,0,1,14,3,2,0,0,0,0,1,200,200,20,200,0,200,200
0,200,30,0,0,0,1,12,5,4,0,0,0,0,200,200,1,16,22,2,200,200
0,200,30,0,0,0,1,12,5,4,0,0,0,0,200,200,1,16,22,0,58,200
0,200,30,0,0,0,1,0,5,2,0,0,0,0,200,200,200,17,200,1,75,200
0,200,30,0,0,0,1,0,5,2,0,0,0,0,200,200,200,17,200,0,55,200
0,200,30,2,2,0,1,10,5,1,0,0,0,0,1,200,200,20,200,1,41,200
0,200,30,2,2,0,1,10,5,1,0,0,0,0,1,200,200,20,200,1,38,200
1,200,30,2,2,0,1,10,5,1,0,0,0,0,1,200,200,20,200,1,200,200
0,200,30,0,0,200,1,10,2,200,0,200,200,0,200,200,200,17,200,1,35,200
0,200,30,0,0,200,1,10,2,200,0,200,200,0,200,200,200,17,200,0,71,200
0,200,35,1,2,2,1,14,5,5,0,1,0,0,1,200,200,0,0,0,200,200
0,200,35,1,2,2,1,14,5,5,0,1,0,0,1,200,200,0,0,1,37,200
0,200,30,200,200,0,4,7,7,200,0,0,200,0,200,200,1,0,200,2,200,200
0,200,35,0,0,0,1,7,5,200,0,0,0,0,200,200,1,0,0,2,200,200
0,200,30,0,0,0,3,9,12,200,0,0,0,1,200,200,200,0,200,2,200,200
5,200,30,0,0,0,3,9,12,200,0,0,0,1,200,200,200,0,200,0,46,200
0,200,30,1,200,0,1,0,6,2,0,0,200,0,1,200,200,17,200,0,67,200
0,200,30,1,200,0,1,0,6,2,0,0,200,0,1,200,200,17,200,0,45,200
0,200,35,1,200,0,1,12,5,4,0,0,200,0,1,200,200,0,0,0,21,200
0,200,35,1,200,0,1,12,5,4,0,0,200,0,1,200,200,0,0,1,61,200
1,200,35,1,200,0,1,12,5,4,0,0,200,0,1,200,200,0,0,1,59,200
0,200,30,0,0,200,1,12,5,200,0,200,0,0,200,200,1,0,200,1,200,200
0,200,30,0,0,200,1,12,5,200,0,200,0,0,200,200,1,0,200,1,29,200
0,200,30,1,2,0,1,12,5,200,0,0,0,0,200,200,200,21,200,1,200,200
0,200,30,1,2,0,1,12,5,200,0,0,0,0,200,200,200,21,200,1,57,200
0,200,10,0,0,0,1,2,7,200,0,0,0,0,200,1,200,21,200,0,22,200
0,200,0,0,0,0,1,10,200,200,0,200,200,0,200,200,1,0,200,0,200,200
0,200,0,0,0,0,1,10,200,200,0,200,200,0,200,200,1,0,200,0,26,200
0,200,30,0,0,0,1,14,5,3,0,0,0,0,200,200,200,0,0,1,32,200
0,200,30,0,0,0,1,14,5,3,0,0,0,0,200,200,200,0,0,0,50,200
0,200,30,0,0,0,1,7,7,1,0,0,0,0,200,200,200,20,200,0,200,200
0,200,30,1,2,0,1,10,2,4,0,0,0,0,1,200,200,0,200,1,200,200
0,200,30,1,2,0,1,10,2,4,0,0,0,0,1,200,200,0,200,0,62,200
1,200,30,1,2,0,1,10,2,4,0,0,0,0,1,200,200,0,200,200,200,200
0,200,30,0,0,0,1,14,5,200,0,0,0,0,200,200,200,0,0,1,43,200
0,200,30,0,0,0,1,14,5,200,0,0,0,0,200,200,200,0,0,1,30,200
1,200,30,0,0,0,1,14,5,200,0,0,0,0,200,200,200,0,0,0,2,200
0,200,30,1,2,0,1,14,8,200,0,0,200,0,1,200,1,23,200,2,200,200
0,200,30,1,2,0,1,14,8,200,0,0,200,0,1,200,1,23,200,1,42,200
0,200,30,2,2,0,1,0,2,2,0,0,0,0,1,200,200,17,200,1,50,200
0,200,30,2,2,0,1,0,2,2,0,0,0,0,1,200,200,17,200,1,36,200
1,200,30,2,2,0,1,0,2,2,0,0,0,0,1,200,200,17,200,0,6,200
1,200,30,2,2,0,1,0,2,2,0,0,0,0,1,200,200,17,200,0,4,200
0,200,30,0,0,0,1,7,5,200,0,0,0,0,200,200,200,12,16,1,58,200
0,200,35,1,2,0,1,12,5,2,0,0,0,0,1,200,200,17,0,1,47,200
0,200,35,1,2,0,1,12,5,2,0,0,0,0,1,200,200,17,0,0,39,200
1,200,35,1,2,0,1,12,5,2,0,0,0,0,1,200,200,17,0,0,200,200
0,200,30,1,2,0,1,14,5,4,0,0,0,0,200,200,1,0,0,0,200,200
0,200,30,1,2,0,1,14,5,4,0,0,0,0,200,200,1,0,0,0,0,200
0,200,30,2,2,0,1,14,5,200,0,0,0,0,200,200,200,23,23,0,34,200
0,200,30,2,2,0,1,14,5,200,0,0,0,0,200,200,200,23,23,0,56,200
0,200,0,0,0,0,1,7,6,1,0,0,0,1,200,200,200,27,200,0,34,200
0,200,35,1,2,0,1,10,1,2,0,0,0,0,200,200,200,18,200,0,65,200
0,200,35,1,2,0,1,10,1,2,0,0,0,0,200,200,200,18,200,0,35,200
1,200,35,1,2,0,1,10,1,2,0,0,0,0,200,200,200,18,200,0,36,200
0,200,30,10,0,0,1,9,5,4,0,0,0,0,200,1,200,32,25,0,64,200
5,200,30,10,0,0,1,9,5,4,0,0,0,0,200,1,200,32,25,1,26,200
0,200,30,2,2,0,1,0,5,200,0,0,0,0,1,200,1,17,200,0,200,200
0,200,30,2,2,0,1,0,5,200,0,0,0,0,1,200,1,17,200,0,52,200
1,200,35,0,0,0,1,10,5,200,0,0,0,0,200,200,200,0,0,0,200,200
0,200,35,0,0,0,1,10,5,200,0,0,0,0,200,200,200,0,0,1,200,200
0,200,35,0,0,0,1,10,5,200,0,0,0,0,200,200,200,0,0,0,32,200
0,200,35,0,0,0,1,10,5,4,0,0,0,1,200,200,200,18,200,0,43,200
0,200,35,0,0,0,1,10,5,4,0,0,0,1,200,200,200,18,200,1,65,200
1,200,35,0,0,0,1,10,5,4,0,0,0,1,200,200,200,18,200,0,3,200
0,200,30,0,0,0,1,12,5,200,3,0,0,0,200,200,200,22,16,0,50,200
0,200,30,0,0,0,1,12,5,200,3,0,0,0,200,200,200,22,16,0,30,200
1,200,30,0,0,0,1,12,5,200,3,0,0,0,200,200,200,22,16,0,200,200
0,1,30,0,0,0,1,7,5,2,0,0,0,0,200,200,200,0,0,2,200,200
0,200,30,1,0,0,1,14,5,200,0,0,0,0,200,200,200,0,200,0,30,200
0,200,30,1,0,0,1,14,5,200,0,0,0,0,200,200,200,0,200,0,50,200
1,200,30,1,0,0,1,14,5,200,0,0,0,0,200,200,200,0,200,0,200,200
0,200,35,0,0,0,1,12,2,6,0,0,0,0,200,200,1,0,200,1,200,200
0,200,35,0,0,0,1,12,2,6,0,0,0,0,200,200,1,0,200,1,64,200
0,200,30,0,0,0,1,8,8,2,0,0,0,1,1,200,200,0,0,1,42,200
4,200,30,0,0,0,1,8,8,2,0,0,0,1,1,200,200,0,0,0,56,200
0,200,30,0,0,0,1,12,2,2,0,0,200,0,200,200,200,0,20,1,27,200
0,200,30,0,0,0,1,12,2,2,0,0,200,0,200,200,200,0,20,1,23,200
0,200,30,2,0,0,1,0,12,200,0,0,0,0,1,200,200,5,200,1,62,200
0,200,30,2,0,0,1,0,12,200,0,0,0,0,1,200,200,5,200,0,38,200
0,200,30,0,0,0,1,10,5,2,0,0,0,1,1,200,200,16,200,0,24,200
0,200,30,0,0,0,1,10,5,2,0,0,0,1,1,200,200,16,200,0,79,200
0,1,30,0,0,0,200,7,6,200,0,0,0,0,200,200,1,0,200,2,200,200
0,1,35,1,2,0,1,12,2,2,0,0,0,0,200,200,1,0,0,0,29,200
0,1,35,1,2,0,1,12,2,2,0,0,0,0,200,200,1,0,0,2,200,200
1,1,35,1,2,0,1,12,2,2,0,0,0,0,200,200,1,0,0,1,200,200
1,1,35,1,2,0,1,12,2,2,0,0,0,0,200,200,1,0,0,0,200,200
1,1,35,1,2,0,1,12,2,2,0,0,0,0,200,200,1,0,0,1,200,200
0,200,0,2,2,0,1,10,200,200,0,200,200,0,1,200,200,0,200,0,35,200
0,200,0,2,2,0,1,10,200,200,0,200,200,0,1,200,200,0,200,1,22,200
0,200,30,3,2,0,1,12,5,3,0,0,0,0,200,200,1,22,4,0,200,200
0,200,30,3,2,0,1,12,5,3,0,0,0,0,200,200,1,22,4,0,33,200
0,200,30,2,2,0,1,7,6,1,0,0,0,0,200,200,200,21,200,0,48,200
5,200,30,0,0,0,1,9,2,2,0,0,0,1,200,200,200,13,13,1,48,200
0,200,30,0,0,0,1,9,2,2,0,0,0,1,200,200,200,13,13,0,23,200
0,200,30,0,0,0,1,7,5,2,0,0,0,0,200,200,200,0,0,1,25,200
0,200,30,0,0,0,1,10,5,200,0,0,0,0,200,200,200,18,16,0,21,200
0,200,30,0,0,0,1,10,5,200,0,0,0,0,200,200,200,18,16,0,23,200
0,200,20,2,2,0,1,14,5,2,0,0,0,0,200,200,200,0,0,0,21,200
0,200,20,2,2,0,1,14,5,2,0,0,0,0,200,200,200,0,0,0,39,200
0,200,30,2,2,0,1,0,12,2,0,0,0,0,1,200,200,17,200,1,20,200
0,200,30,2,2,0,1,0,12,2,0,0,0,0,1,200,200,17,200,0,46,200
0,200,30,0,0,0,1,8,5,2,0,0,0,0,200,200,200,0,200,0,26,200
4,200,30,0,0,0,1,8,5,2,0,0,0,0,200,200,200,0,200,0,23,200
1,200,30,0,0,0,1,8,5,2,0,0,0,0,200,200,200,0,200,1,29,200
0,200,30,1,2,0,1,10,5,2,0,0,0,0,200,200,200,18,0,1,27,200
0,200,30,1,2,0,1,10,5,2,0,0,0,0,200,200,200,18,0,0,43,200
0,200,30,1,2,1,4,7,5,200,0,0,0,0,200,200,200,21,200,0,27,200
0,200,30,1,2,2,1,10,5,4,0,1,0,0,1,200,200,16,18,0,24,200
0,200,30,1,2,2,1,10,5,4,0,1,0,0,1,200,200,16,18,1,34,200
0,200,30,0,0,1,1,14,2,200,0,1,0,0,200,200,200,0,200,0,0,200
0,200,30,0,0,1,1,14,2,200,0,1,0,0,200,200,200,0,200,0,59,200
0,200,30,0,0,0,1,14,5,2,0,0,0,1,1,200,200,17,200,0,27,200
0,200,30,0,0,0,1,14,5,2,0,0,0,1,1,200,200,17,200,0,20,200