PERSON_TYPE,CRASH_DATE_EST_I,POSTED_SPEED_LIMIT,TRAFFIC_CONTROL_DEVICE,DEVICE_CONDITION,WEATHER_CONDITION,LIGHTING_CONDITION,FIRST_CRASH_TYPE,TRAFFICWAY_TYPE,LANE_CNT,ALIGNMENT,ROADWAY_SURFACE_COND,ROAD_DEFECT,CRASH_TYPE,INTERSECTION_RELATED_I,NOT_RIGHT_OF_WAY_I,HIT_AND_RUN_I,PRIM_CONTRIBUTORY_CAUSE,SEC_CONTRIBUTORY_CAUSE,SEX,AGE,BAC_RESULT VALUE
0,200,25,0,0,0,1,14,0,200,0,0,0,0,200,200,200,25,25,0,19,200
0,200,25,0,0,0,1,14,0,200,0,0,0,0,200,200,200,25,25,0,28,200
1,200,25,0,0,0,1,14,0,200,0,0,0,0,200,200,200,25,25,0,200,200
0,200,30,2,2,0,1,10,5,200,0,0,0,0,1,200,200,0,0,0,25,200
0,200,30,2,2,0,1,10,5,200,0,0,0,0,1,200,200,0,0,0,43,200
0,200,30,1,2,0,1,10,5,2,0,0,0,0,1,200,200,18,16,0,200,200
0,200,30,1,2,0,1,10,5,2,0,0,0,0,1,200,200,18,16,0,200,200
0,200,30,1,2,0,1,10,5,2,0,0,0,0,1,200,200,18,16,0,200,200
0,200,15,0,0,0,1,2,0,200,0,0,0,0,200,200,200,0,200,0,29,200
0,200,30,1,2,0,1,9,5,200,0,0,200,1,1,200,200,21,22,1,56,200
5,200,30,1,2,0,1,9,5,200,0,0,200,1,1,200,200,21,22,1,24,200
0,200,30,1,2,0,1,10,5,200,0,0,0,0,200,200,200,0,200,1,36,200
0,200,30,1,2,0,1,10,5,200,0,0,0,0,200,200,200,0,200,1,28,200
0,200,30,1,2,0,1,10,5,200,0,0,0,0,200,200,200,0,200,1,31,200
0,200,35,0,0,2,1,0,5,200,0,1,0,0,200,200,200,0,0,1,200,200
0,200,35,0,0,2,1,0,5,200,0,1,0,0,200,200,200,0,0,0,75,200
0,200,30,2,2,0,1,0,5,2,0,0,0,0,200,200,200,5,17,0,68,200
0,200,30,2,2,0,1,0,5,2,0,0,0,0,200,200,200,5,17,0,22,200
0,200,30,1,2,0,3,10,5,200,0,0,0,0,200,200,1,0,0,2,200,200
0,200,30,1,2,0,3,10,5,200,0,0,0,0,200,200,1,0,0,0,62,200
0,200,30,1,2,0,3,10,5,200,0,0,0,0,200,200,1,0,0,1,32,200
0,200,30,1,2,0,1,14,5,200,0,0,0,0,200,200,1,20,0,0,200,200
0,200,30,1,2,0,1,14,5,200,0,0,0,0,200,200,1,20,0,1,46,200
0,200,5,0,0,2,1,7,7,200,0,1,0,0,200,200,1,20,0,2,200,200
0,200,30,1,2,0,1,10,3,2,0,0,0,0,200,200,200,18,16,0,35,200
0,200,30,1,2,0,1,10,3,2,0,0,0,0,200,200,200,18,16,0,58,200
0,200,30,1,2,0,1,12,6,3,0,0,0,0,200,200,200,0,200,0,20,200
0,200,30,1,2,0,1,12,6,3,0,0,0,0,200,200,200,0,200,0,62,200
0,200,30,1,2,0,1,10,3,3,0,0,0,0,1,200,200,18,200,0,49,200
0,200,30,1,2,0,1,10,3,3,0,0,0,0,1,200,200,18,200,1,47,200
0,200,30,0,0,0,1,12,5,200,0,0,0,0,200,200,200,21,0,1,47,200
0,200,30,0,0,0,1,12,5,200,0,0,0,0,200,200,200,21,0,0,53,200
4,200,30,0,0,0,4,8,5,200,0,0,0,0,200,200,0,200,200,0,200,200
0,200,30,0,0,0,4,8,5,200,0,0,0,0,200,200,0,200,200,0,36,200
0,200,30,2,2,1,1,14,2,2,0,0,0,1,1,200,200,23,0,0,200,200
0,200,30,2,2,1,1,14,2,2,0,0,0,1,1,200,200,23,0,1,30,200
1,200,30,2,2,1,1,14,2,2,0,0,0,1,1,200,200,23,0,1,34,200
0,200,30,0,0,0,1,10,5,200,0,1,0,0,200,200,1,18,18,0,200,200
0,200,30,0,0,0,1,10,5,200,0,1,0,0,200,200,1,18,18,1,51,200
0,200,30,0,0,0,1,10,5,200,0,0,0,1,200,200,200,18,200,0,55,200
0,200,30,0,0,0,1,10,5,200,0,0,0,1,200,200,200,18,200,0,28,200
0,200,30,1,2,0,4,14,8,200,0,0,0,0,1,200,200,23,21,0,80,200
0,200,30,1,2,0,4,14,8,200,0,0,0,0,1,200,200,23,21,1,56,200
5,200,30,1,200,2,1,9,2,1,0,0,200,0,200,200,200,17,200,0,62,200
0,200,30,1,200,2,1,9,2,1,0,0,200,0,200,200,200,17,200,0,46,200
0,200,30,1,200,0,1,10,5,2,0,0,200,0,200,200,1,0,0,1,200,200
0,200,30,1,200,0,1,10,5,2,0,0,200,0,200,200,1,0,0,1,49,200
0,200,30,2,2,0,1,0,2,10,0,0,0,0,1,200,200,17,5,1,57,200
0,200,30,2,2,0,1,0,2,10,0,0,0,0,1,200,200,17,5,1,53,200
1,200,30,2,2,0,1,0,2,10,0,0,0,0,1,200,200,17,5,1,56,200
1,200,30,2,2,0,1,0,2,10,0,0,0,0,1,200,200,17,5,1,32,200
1,200,30,2,2,0,1,0,2,10,0,0,0,0,1,200,200,17,5,0,49,200
1,200,30,2,2,0,1,0,2,10,0,0,0,0,1,200,200,17,5,1,13,200
0,200,30,1,2,2,1,8,6,2,0,1,0,1,200,200,200,0,0,0,53,200
4,200,30,1,2,2,1,8,6,2,0,1,0,1,200,200,200,0,0,0,29,200
0,200,15,0,0,0,1,14,7,200,0,0,0,0,200,200,200,0,0,1,25,200
0,200,15,0,0,0,1,14,7,200,0,0,0,0,200,200,200,0,0,1,33,200
0,200,30,0,0,0,1,12,5,200,0,0,0,1,200,200,200,0,0,0,32,200
0,200,30,0,0,0,1,12,5,200,0,0,0,1,200,200,200,0,0,0,54,200
1,200,30,0,0,0,1,12,5,200,0,0,0,1,200,200,200,0,0,1,200,200
0,200,30,0,0,0,1,10,5,200,0,0,0,0,200,200,200,200,200,1,26,200
0,200,30,0,0,0,1,10,5,200,0,0,0,0,200,200,200,200,200,1,50,200
0,200,30,1,2,2,1,0,5,2,0,1,0,1,1,200,200,6,200,0,34,200
0,200,30,1,2,2,1,0,5,2,0,1,0,1,1,200,200,6,200,1,51,200
1,200,30,1,2,2,1,0,5,2,0,1,0,1,1,200,200,6,200,1,29,200
1,200,30,1,2,2,1,0,5,2,0,1,0,1,1,200,200,6,200,0,27,200
0,200,30,0,0,2,1,8,2,2,0,1,0,1,1,200,200,17,200,1,26,200
4,200,30,0,0,2,1,8,2,2,0,1,0,1,1,200,200,17,200,0,28,200
0,200,0,0,0,0,1,10,200,200,0,200,200,1,200,200,200,0,200,0,66,200
0,200,0,0,0,0,1,10,200,200,0,200,200,1,200,200,200,0,200,0,34,200
0,200,30,1,2,2,1,14,5,200,0,1,0,0,200,200,200,22,0,0,35,200
0,200,30,1,2,2,1,14,5,200,0,1,0,0,200,200,200,22,0,1,24,200
0,200,30,1,2,0,1,12,5,2,0,0,0,0,200,200,200,22,21,0,30,200
0,200,30,1,2,0,1,12,5,2,0,0,0,0,200,200,200,22,21,0,30,200
1,200,30,1,2,0,1,12,5,2,0,0,0,0,200,200,200,22,21,1,19,200
0,1,5,0,0,2,4,7,7,200,0,1,0,0,200,1,200,200,200,2,200,200
0,200,30,1,2,12,1,9,5,2,0,1,0,1,1,200,1,17,0,2,200,200
5,200,30,1,2,12,1,9,5,2,0,1,0,1,1,200,1,17,0,0,25,200
0,200,30,0,0,0,3,11,5,200,0,0,0,0,200,200,1,22,7,1,43,200
0,200,30,0,0,0,3,11,5,200,0,0,0,0,200,200,1,22,7,0,200,200
0,200,30,0,0,0,1,12,5,200,3,1,0,0,200,200,200,21,17,1,42,200
0,200,30,0,0,0,1,12,5,200,3,1,0,0,200,200,200,21,17,0,16,200
1,200,30,0,0,0,1,12,5,200,3,1,0,0,200,200,200,21,17,0,200,200
0,200,30,1,2,2,1,5,5,2,0,1,1,0,200,200,200,0,0,0,200,200
0,200,30,1,2,1,1,10,6,200,0,0,0,0,200,200,200,16,200,0,62,200
0,200,30,1,2,1,1,10,6,200,0,0,0,0,200,200,200,16,200,0,51,200
1,200,30,1,2,1,1,10,6,200,0,0,0,0,200,200,200,16,200,0,21,200
0,200,0,0,0,0,1,7,2,200,0,0,0,0,200,200,200,8,200,1,47,200
0,200,30,200,200,200,200,1,5,2,0,200,200,0,200,200,200,200,200,2,200,200
0,200,30,1,2,0,1,14,5,200,0,0,200,0,200,200,1,0,200,0,200,200
0,200,30,1,2,0,1,14,5,200,0,0,200,0,200,200,1,0,200,0,17,200
0,200,30,1,2,0,1,14,5,3,0,0,0,1,1,200,200,0,27,0,24,200
0,200,30,1,2,0,1,14,5,3,0,0,0,1,1,200,200,0,27,0,25,200
0,200,30,1,2,0,1,10,2,200,0,0,0,0,200,200,200,0,200,0,200,200
0,200,30,1,2,0,1,10,2,200,0,0,0,0,200,200,200,0,200,0,35,200
5,200,30,0,0,0,1,9,2,4,0,0,0,1,200,200,200,0,200,1,200,200
0,200,30,0,0,0,1,9,2,4,0,0,0,1,200,200,200,0,200,1,56,200
0,200,30,1,2,1,1,12,5,5,0,200,200,0,200,200,1,21,22,1,200,200
0,200,30,1,2,1,1,12,5,5,0,200,200,0,200,200,1,21,22,0,37,200
0,200,30,0,0,0,1,7,5,200,0,0,0,0,200,200,1,0,0,2,200,200
0,1,30,0,0,0,1,12,2,2,0,0,0,0,200,200,200,11,0,0,63,200
0,1,30,0,0,0,1,12,2,2,0,0,0,0,200,200,200,11,0,0,39,200
0,200,0,0,0,0,1,7,7,200,0,0,200,0,200,200,200,0,0,1,200,200
1,200,0,0,0,0,1,7,7,200,0,0,200,0,200,200,200,0,0,1,31,200
0,200,20,0,0,0,1,7,5,2,0,0,0,0,200,200,1,11,11,0,200,200
0,200,10,0,0,0,200,7,7,200,0,0,0,0,200,200,1,0,0,2,200,200
0,200,30,0,0,0,1,12,6,1,0,0,0,0,200,200,200,0,0,0,19,200
0,200,30,0,0,0,1,12,6,1,0,0,0,0,200,200,200,0,0,0,54,200
0,200,30,1,2,12,1,0,3,0,0,1,0,1,1,200,200,16,200,0,27,200
0,200,30,1,2,12,1,0,3,0,0,1,0,1,1,200,200,16,200,0,26,200
1,200,30,1,2,12,1,0,3,0,0,1,0,1,1,200,200,16,200,1,200,200
1,200,30,1,2,12,1,0,3,0,0,1,0,1,1,200,200,16,200,1,24,200
0,200,30,1,2,0,1,10,5,2,0,0,0,0,1,200,200,18,16,0,200,200
0,200,30,1,2,0,1,10,5,2,0,0,0,0,1,200,200,18,16,1,200,200
0,200,35,1,2,1,1,0,5,2,0,1,0,0,1,200,200,17,200,1,73,200
0,200,35,1,2,1,1,0,5,2,0,1,0,0,1,200,200,17,200,1,72,200
0,200,25,0,0,1,1,12,2,200,0,1,0,0,200,200,200,0,200,0,58,200
0,200,25,0,0,1,1,12,2,200,0,1,0,0,200,200,200,0,200,0,43,200
0,1,30,1,200,200,1,0,6,2,0,1,200,1,1,200,200,0,0,1,51,200
0,1,30,1,200,200,1,0,6,2,0,1,200,1,1,200,200,0,0,0,30,200
0,200,35,0,0,12,4,8,5,200,0,1,200,0,200,200,200,11,33,0,34,200
4,200,35,0,0,12,4,8,5,200,0,1,200,0,200,200,200,11,33,0,40,200
0,200,30,0,0,0,1,14,5,200,0,0,0,0,1,200,1,23,0,2,200,200
0,200,30,0,0,0,1,14,5,200,0,0,0,0,1,200,1,23,0,1,24,200
0,200,30,200,200,0,1,0,200,2,0,200,200,0,200,200,200,200,200,2,200,200
0,200,30,200,200,0,1,0,200,2,0,200,200,0,200,200,200,200,200,0,31,200
1,200,30,200,200,0,1,0,200,2,0,200,200,0,200,200,200,200,200,0,15,200
1,200,30,200,200,0,1,0,200,2,0,200,200,0,200,200,200,200,200,1,200,200
0,200,30,1,2,0,1,10,5,200,0,0,0,0,200,200,200,16,0,0,54,200
0,200,30,1,2,0,1,10,5,200,0,0,0,0,200,200,200,16,0,0,33,200
0,200,30,1,2,0,1,5,2,4,0,0,0,0,1,200,200,17,0,0,68,200
0,200,30,1,2,0,1,5,2,4,0,0,0,0,1,200,200,17,0,0,43,200
0,200,30,1,2,0,1,14,5,200,0,0,0,0,200,200,200,22,0,1,56,200
0,200,30,1,2,0,1,14,5,200,0,0,0,0,200,200,200,22,0,1,61,200
0,200,30,1,2,200,200,14,5,0,0,200,200,0,200,200,200,0,200,0,27,200
0,200,30,1,2,200,200,14,5,0,0,200,200,0,200,200,200,0,200,0,26,200
0,200,30,1,200,0,1,14,5,2,0,0,200,0,200,200,1,0,0,1,200,200
0,200,30,1,200,0,1,14,5,2,0,0,200,0,200,200,1,0,0,1,22,200
0,200,30,0,0,0,2,0,5,200,0,0,0,1,200,200,200,200,200,0,19,200
0,200,30,0,0,0,2,0,5,200,0,0,0,1,200,200,200,200,200,1,55,200
1,200,30,0,0,0,2,0,5,200,0,0,0,1,200,200,200,200,200,1,200,200
0,200,30,0,0,0,1,7,2,200,0,1,0,0,200,200,1,0,0,1,200,200
0,200,35,1,2,0,4,12,5,200,0,0,0,0,200,200,200,0,0,0,25,200
0,200,35,1,2,0,4,12,5,200,0,0,0,0,200,200,200,0,0,1,32,200
1,200,35,1,2,0,4,12,5,200,0,0,0,0,200,200,200,0,0,1,4,200
0,200,30,1,2,2,1,10,5,4,0,1,0,0,1,200,200,16,200,1,44,200
0,200,30,1,2,2,1,10,5,4,0,1,0,0,1,200,200,16,200,1,21,200
0,1,30,0,0,0,3,14,5,200,0,0,0,0,200,200,200,17,200,1,47,200
0,1,30,0,0,0,3,14,5,200,0,0,0,0,200,200,200,17,200,0,22,200
1,1,30,0,0,0,3,14,5,200,0,0,0,0,200,200,200,17,200,1,22,200
0,200,0,0,0,0,1,7,7,200,0,0,0,0,200,200,1,0,200,2,200,200
0,200,30,0,0,0,3,10,0,200,0,0,0,0,200,200,1,20,200,1,200,200
0,200,30,0,0,0,3,10,0,200,0,0,0,0,200,200,1,20,200,0,28,200
0,200,25,0,200,0,1,12,2,200,0,0,0,0,200,200,1,0,200,0,200,200
0,200,25,0,200,0,1,12,2,200,0,0,0,0,200,200,1,0,200,0,47,200
0,200,30,0,0,0,3,12,5,200,0,0,0,0,200,200,200,0,0,0,200,200
0,200,30,0,0,0,3,12,5,200,0,0,0,0,200,200,200,0,0,0,31,200
0,200,30,1,2,0,1,12,5,4,0,1,0,1,200,200,200,0,0,1,22,200
0,200,30,1,2,0,1,12,5,4,0,1,0,1,200,200,200,0,0,1,54,200
0,200,30,0,0,0,4,14,5,200,0,0,0,0,200,200,200,200,200,1,33,200
0,200,30,0,0,0,4,14,5,200,0,0,0,0,200,200,200,200,200,0,50,200
1,200,30,0,0,0,4,14,5,200,0,0,0,0,200,200,200,200,200,1,200,200
1,200,30,0,0,0,4,14,5,200,0,0,0,0,200,200,200,200,200,1,200,200
1,200,30,0,0,0,4,14,5,200,0,0,0,0,200,200,200,200,200,0,200,200
0,1,30,0,0,0,1,7,5,2,0,0,200,0,200,200,200,20,11,1,27,200
0,200,30,2,2,0,1,7,5,200,0,0,0,0,1,200,200,0,0,0,46,200
0,200,30,200,200,1,4,14,6,200,0,0,0,0,1,200,200,23,200,0,49,200
0,200,30,200,200,1,4,14,6,200,0,0,0,0,1,200,200,23,200,0,50,200
0,200,30,1,2,0,0,12,5,200,0,0,0,0,200,200,1,0,0,1,200,200
0,200,30,1,2,0,0,12,5,200,0,0,0,0,200,200,1,0,0,0,29,200
0,200,15,0,0,0,1,7,7,200,0,0,0,0,200,200,200,0,11,1,200,200
0,200,35,2,1,0,1,14,5,4,0,0,0,0,1,200,200,21,16,1,24,200
0,200,35,2,1,0,1,14,5,4,0,0,0,0,1,200,200,21,16,0,57,200
0,200,35,2,1,0,1,14,5,4,0,0,0,0,1,200,200,21,16,1,26,200
0,200,30,2,2,0,4,10,5,2,0,200,200,0,200,200,200,18,18,1,200,200
0,200,30,2,2,0,4,10,5,2,0,200,200,0,200,200,200,18,18,1,37,200
0,200,35,0,0,0,1,7,7,200,0,0,0,0,200,200,1,200,200,0,200,200
0,200,25,0,0,0,1,10,5,200,0,0,0,0,200,200,1,18,200,0,200,200
0,200,25,0,0,0,1,10,5,200,0,0,0,0,200,200,1,18,200,1,56,200
0,200,0,0,0,0,1,7,7,200,0,0,0,0,200,1,200,20,20,1,33,200
0,200,30,0,0,0,4,7,3,200,0,0,0,0,200,200,1,21,0,2,200,200
0,1,30,1,2,0,3,10,2,2,0,0,0,0,1,200,200,18,200,1,200,200
0,1,30,1,2,0,3,10,2,2,0,0,0,0,1,200,200,18,200,1,32,200
0,200,30,0,0,200,200,7,5,2,0,200,200,0,200,200,1,0,200,2,200,200
0,200,30,1,2,0,1,14,5,200,0,0,0,0,200,200,200,3,22,1,30,200
0,200,30,1,2,0,1,14,5,200,0,0,0,0,200,200,200,3,22,1,200,200
0,200,30,0,0,0,3,7,6,200,0,0,0,0,200,200,200,11,200,0,48,200
0,200,30,0,0,0,3,10,5,2,0,1,0,1,200,200,1,18,200,1,28,200
0,200,30,0,0,0,3,10,5,2,0,1,0,1,200,200,1,18,200,2,200,200
1,200,30,0,0,0,3,14,5,2,0,0,200,0,200,200,200,200,200,1,4,200
0,200,30,0,0,0,3,14,5,2,0,0,200,0,200,200,200,200,200,0,24,200
0,200,30,0,0,0,3,14,5,2,0,0,200,0,200,200,200,200,200,0,37,200
1,200,30,0,0,0,3,14,5,2,0,0,200,0,200,200,200,200,200,1,27,200
0,200,30,0,0,0,1,7,5,200,0,0,0,0,200,200,200,17,200,0,20,200
1,200,30,0,0,0,1,7,5,200,0,0,0,0,200,200,200,17,200,1,200,200
0,200,30,0,0,0,3,12,5,200,0,0,0,0,200,200,200,0,0,0,47,200
0,200,30,0,0,0,3,12,5,200,0,0,0,0,200,200,200,0,0,0,45,200
0,200,35,0,0,200,3,12,12,4,0,200,200,0,200,200,1,22,200,0,200,200
0,200,35,0,0,200,3,12,12,4,0,200,200,0,200,200,1,22,200,1,59,200
0,200,30,0,0,0,3,7,6,200,0,0,0,1,200,200,1,0,0,2,200,200
0,200,30,0,0,0,1,7,5,2,0,0,0,1,200,200,1,0,200,2,200,200
0,200,30,1,2,0,0,10,2,200,0,0,0,0,200,200,200,18,200,0,64,200
0,200,30,1,2,0,0,10,2,200,0,0,0,0,200,200,200,18,200,0,37,200
0,200,30,1,2,0,0,10,2,200,0,0,0,0,200,200,200,18,200,0,23,200
0,200,30,1,2,0,0,10,2,200,0,0,0,0,200,200,200,18,200,0,46,200
0,200,30,0,0,200,1,10,2,4,0,200,200,0,200,200,200,0,0,0,33,200
0,200,30,0,0,200,1,10,2,4,0,200,200,0,200,200,200,0,0,0,26,200
0,200,25,0,0,0,3,7,5,4,0,0,0,0,200,200,1,0,0,2,200,200
0,200,0,0,0,0,1,7,7,200,0,0,0,0,200,200,200,21,11,0,32,200
0,200,30,0,0,0,3,10,3,200,0,0,0,0,200,200,200,0,200,1,61,200
0,200,30,0,0,0,3,10,3,200,0,0,0,0,200,200,200,0,200,0,62,200
0,200,30,2,2,1,0,0,5,4,0,0,0,1,200,200,200,17,200,1,44,200
0,200,30,2,2,1,0,0,5,4,0,0,0,1,200,200,200,17,200,0,19,200
0,200,30,0,0,1,4,8,5,2,0,200,200,1,200,200,200,20,11,0,200,200
4,200,30,0,0,1,4,8,5,2,0,200,200,1,200,200,200,20,11,1,26,200
0,200,30,1,2,0,1,10,2,200,0,0,0,0,1,200,200,16,200,2,200,200
0,200,30,1,2,0,1,10,2,200,0,0,0,0,1,200,200,16,200,1,35,200
0,200,30,0,0,0,3,12,6,3,0,0,0,0,200,200,200,0,0,0,31,200
0,200,30,0,0,0,3,12,6,3,0,0,0,0,200,200,200,0,0,0,25,200
0,200,30,1,2,200,1,10,2,2,0,200,200,0,1,200,200,16,9,0,60,200
0,200,30,1,2,200,1,10,2,2,0,200,200,0,1,200,200,16,9,0,21,200
0,200,0,0,0,0,3,3,7,0,0,0,0,0,200,200,200,0,0,1,33,200
0,200,0,0,0,0,3,3,7,0,0,0,0,0,200,200,200,0,0,1,34,200
0,200,30,0,0,0,0,10,6,1,0,200,200,0,200,200,200,11,0,0,35,200
0,200,30,0,0,0,0,10,6,1,0,200,200,0,200,200,200,11,0,1,54,200
0,200,35,0,0,0,0,12,2,200,0,0,0,1,200,200,200,17,200,0,60,200
0,200,35,0,0,0,0,12,2,200,0,0,0,1,200,200,200,17,200,1,70,200
0,200,30,0,0,0,3,12,2,200,0,0,0,0,1,200,1,22,200,2,200,200
0,200,30,0,0,0,3,12,2,200,0,0,0,0,1,200,1,22,200,1,53,200
0,200,30,1,2,200,3,12,12,3,0,200,200,0,1,200,200,21,0,1,200,200
0,200,30,1,2,200,3,12,12,3,0,200,200,0,1,200,200,21,0,1,26,200
0,200,30,0,0,2,3,10,5,3,0,1,12,0,200,200,200,18,16,0,42,200
0,200,30,0,0,2,3,10,5,3,0,1,12,0,200,200,200,18,16,1,37,200
0,200,30,200,200,0,200,14,2,4,0,0,200,0,1,200,200,0,11,0,67,200
0,200,30,200,200,0,200,14,2,4,0,0,200,0,1,200,200,0,11,0,54,200
0,200,30,0,0,0,3,7,5,2,0,0,200,1,200,200,200,32,25,1,28,200
0,200,15,0,0,0,1,0,7,200,0,0,0,0,200,200,200,17,20,1,64,200
0,200,15,0,0,0,1,0,7,200,0,0,0,0,200,200,200,17,20,1,200,200
0,200,30,1,200,0,3,0,5,200,0,0,0,0,200,200,200,0,0,1,38,200
0,200,30,1,200,0,3,0,5,200,0,0,0,0,200,200,200,0,0,0,46,200
0,200,30,1,2,0,4,0,5,4,0,0,0,0,1,200,200,6,0,1,30,200
0,200,30,1,2,0,4,0,5,4,0,0,0,0,1,200,200,6,0,1,34,200
0,200,30,0,0,0,1,7,7,1,0,0,0,0,200,1,1,20,200,2,200,200
0,200,30,2,2,0,1,0,5,2,0,0,0,0,1,200,200,0,0,0,29,200
0,200,30,2,2,0,1,0,5,2,0,0,0,0,1,200,200,0,0,1,62,200
0,200,30,2,12,2,3,9,6,2,0,1,200,1,1,200,1,5,200,2,200,200
5,200,30,2,12,2,3,9,6,2,0,1,200,1,1,200,1,5,200,0,27,200
0,200,30,1,2,2,3,10,5,200,0,1,0,0,1,200,200,11,7,0,47,200
0,200,30,1,2,2,3,10,5,200,0,1,0,0,1,200,200,11,7,1,32,200
0,1,30,0,0,2,3,4,5,2,0,1,0,1,200,200,200,34,0,0,31,200
0,200,30,1,200,2,3,14,5,4,2,1,0,0,1,200,200,0,0,1,200,200
0,200,30,1,200,2,3,14,5,4,2,1,0,0,1,200,200,0,0,0,19,200
0,200,30,1,2,2,3,10,3,200,0,1,0,1,1,200,200,16,200,1,33,200
0,200,30,1,2,2,3,10,3,200,0,1,0,1,1,200,200,16,200,0,43,200
1,200,30,1,2,2,3,10,3,200,0,1,0,1,1,200,200,16,200,0,200,200
0,200,30,1,2,2,3,14,200,2,0,1,0,0,0,200,200,0,34,0,71,200
0,200,30,1,2,2,3,14,200,2,0,1,0,0,0,200,200,0,34,0,48,200
0,200,30,1,2,2,3,14,200,2,0,1,0,0,0,200,200,0,34,1,32,200
0,200,30,1,2,2,3,14,200,2,0,1,0,0,0,200,200,0,34,0,35,200
0,200,30,12,200,2,3,7,6,1,0,1,0,1,200,200,200,15,10,0,23,200
0,200,30,1,2,2,3,10,3,4,0,1,0,1,1,200,200,0,200,1,23,200
0,200,30,1,2,2,3,10,3,4,0,1,0,1,1,200,200,0,200,0,28,200
1,200,30,1,2,2,3,10,3,4,0,1,0,1,1,200,200,0,200,0,0,200
1,200,30,1,2,2,3,10,3,4,0,1,0,1,1,200,200,0,200,0,3,200
0,200,30,0,0,2,3,14,2,4,0,1,0,1,1,200,200,23,34,0,24,200
0,200,30,0,0,2,3,14,2,4,0,1,0,1,1,200,200,23,34,0,24,200
0,1,30,0,0,2,3,7,5,2,0,1,0,1,200,200,1,0,200,2,200,200
0,200,35,1,2,2,3,10,6,2,0,1,0,1,200,200,1,16,18,1,200,200
0,200,35,1,2,2,3,10,6,2,0,1,0,1,200,200,1,16,18,0,36,200
0,200,30,0,0,0,1,12,5,2,0,0,0,0,200,200,200,21,0,0,28,200
0,200,30,0,0,0,1,12,5,2,0,0,0,0,200,200,200,21,0,0,43,200
0,200,20,0,0,2,0,3,7,1,0,1,0,0,200,1,200,20,200,0,28,200
0,200,20,0,0,2,0,3,7,1,0,1,0,0,200,1,200,20,200,1,57,200
0,200,30,0,0,2,3,14,5,2,0,1,0,0,200,200,200,17,0,0,47,200
0,200,30,0,0,2,3,14,5,2,0,1,0,0,200,200,200,17,0,0,43,200
0,200,30,2,2,2,3,3,5,2,0,1,200,0,200,200,200,10,11,1,47,200
0,200,30,2,2,2,3,3,5,2,0,1,200,0,200,200,200,10,11,0,35,200
1,200,30,2,2,2,3,3,5,2,0,1,200,0,200,200,200,10,11,1,18,200
0,200,30,0,0,2,3,7,2,2,0,1,0,1,200,200,200,33,200,1,55,200
0,1,30,1,2,2,3,2,6,2,0,1,200,1,200,200,200,8,200,0,54,200
1,1,30,1,2,2,3,2,6,2,0,1,200,1,200,200,200,8,200,1,60,200
1,1,30,1,2,2,3,2,6,2,0,1,200,1,200,200,200,8,200,0,35,200
1,1,30,1,2,2,3,2,6,2,0,1,200,1,200,200,200,8,200,0,58,200
1,1,30,1,2,2,3,2,6,2,0,1,200,1,200,200,200,8,200,0,200,200
0,200,25,0,0,2,3,10,2,200,0,1,0,0,200,200,200,34,34,0,27,200
0,200,25,0,0,2,3,10,2,200,0,1,0,0,200,200,200,34,34,0,33,200
0,200,35,1,1,2,3,0,5,200,0,1,3,0,1,200,200,17,200,0,25,200
0,200,35,1,1,2,3,0,5,200,0,1,3,0,1,200,200,17,200,0,26,200
0,200,35,0,0,2,3,10,6,2,0,1,0,0,200,200,1,20,200,0,200,200
0,200,35,0,0,2,3,10,6,2,0,1,0,0,200,200,1,20,200,1,33,200
0,200,30,0,0,2,3,14,5,200,0,1,0,0,1,200,200,21,23,0,24,200
0,200,30,0,0,2,3,14,5,200,0,1,0,0,1,200,200,21,23,0,32,200
0,200,30,2,2,2,3,7,5,1,0,1,0,1,200,200,200,8,200,1,23,200
0,200,30,1,2,2,3,14,5,2,0,1,0,0,200,200,1,25,200,0,37,200
0,200,30,1,2,2,3,14,5,2,0,1,0,0,200,200,1,25,200,1,24,200
0,200,30,2,2,2,3,8,5,3,0,1,0,1,1,200,200,16,6,0,200,200
4,200,30,2,2,2,3,8,5,3,0,1,0,1,1,200,200,16,6,1,61,200
0,200,20,2,2,2,3,2,5,2,0,1,0,1,1,200,200,32,5,1,40,200
0,200,30,1,2,2,3,14,5,4,0,1,0,1,1,200,200,6,0,2,200,200
0,200,30,1,2,2,3,14,5,4,0,1,0,1,1,200,200,6,0,1,63,200
1,200,30,1,2,2,3,14,5,4,0,1,0,1,1,200,200,6,0,1,200,200
1,200,30,1,2,2,3,14,5,4,0,1,0,1,1,200,200,6,0,0,41,200
0,200,20,0,0,2,0,12,200,200,0,1,0,1,1,200,200,27,11,0,57,200
0,200,20,0,0,2,0,12,200,200,0,1,0,1,1,200,200,27,11,0,34,200
0,200,25,0,0,2,3,2,2,200,3,1,0,1,200,200,200,15,34,0,20,200
0,200,30,1,2,2,3,14,5,2,0,1,0,0,1,200,1,18,16,0,200,200
0,200,30,1,2,2,3,14,5,2,0,1,0,0,1,200,1,18,16,1,28,200
0,200,30,1,2,2,3,2,2,4,0,1,0,1,1,200,200,32,15,1,33,200