PERSON_TYPE,CRASH_DATE_EST_I,POSTED_SPEED_LIMIT,TRAFFIC_CONTROL_DEVICE,DEVICE_CONDITION,WEATHER_CONDITION,LIGHTING_CONDITION,FIRST_CRASH_TYPE,TRAFFICWAY_TYPE,LANE_CNT,ALIGNMENT,ROADWAY_SURFACE_COND,ROAD_DEFECT,CRASH_TYPE,INTERSECTION_RELATED_I,NOT_RIGHT_OF_WAY_I,HIT_AND_RUN_I,PRIM_CONTRIBUTORY_CAUSE,SEC_CONTRIBUTORY_CAUSE,SEX,AGE,BAC_RESULT VALUE
1,200,35,0,0,2,3,2,5,4,0,1,0,1,200,200,1,0,0,0,200,200
1,200,35,0,0,2,3,2,5,4,0,1,0,1,200,200,1,0,0,0,200,200
1,200,35,0,0,2,3,2,5,4,0,1,0,1,200,200,1,0,0,0,15,200
1,200,35,0,0,2,3,2,5,4,0,1,0,1,200,200,1,0,0,0,200,200
1,200,35,0,0,2,3,2,5,4,0,1,0,1,200,200,1,0,0,0,14,200
0,200,30,1,2,2,3,5,2,2,0,1,0,1,1,200,200,15,34,0,20,200
0,200,30,0,0,2,3,2,5,200,0,1,200,1,200,200,200,34,200,0,21,200
0,200,40,0,0,2,1,10,6,3,0,1,0,1,200,200,1,14,18,0,200,200
0,200,40,0,0,2,1,10,6,3,0,1,0,1,200,200,1,14,18,0,44,200
0,200,40,0,0,2,1,10,6,3,0,1,0,1,200,200,1,14,18,0,57,200
0,200,40,0,0,2,1,10,6,3,0,1,0,1,200,200,1,14,18,0,30,200
0,200,30,0,0,2,3,10,5,200,0,1,0,0,200,200,200,34,34,0,28,200
0,200,30,0,0,2,3,10,5,200,0,1,0,0,200,200,200,34,34,0,53,200
0,200,30,0,0,2,0,5,5,4,0,1,1,1,200,200,200,29,200,0,33,200
0,200,30,0,0,2,0,7,5,2,0,1,0,0,200,200,1,34,200,2,200,200
0,200,35,0,0,2,2,10,3,200,0,1,0,0,200,200,200,18,34,0,24,200
0,200,35,0,0,2,2,10,3,200,0,1,0,0,200,200,200,18,34,0,39,200
0,200,35,1,2,2,2,0,5,200,0,1,0,0,1,200,200,15,200,0,61,200
0,200,35,1,2,2,2,0,5,200,0,1,0,0,1,200,200,15,200,0,29,200
0,200,25,0,0,2,1,7,5,4,0,1,0,1,200,200,200,0,0,0,43,200
0,200,15,0,0,2,2,7,12,200,0,1,0,0,200,1,200,0,0,0,43,200
0,200,30,4,2,2,2,0,5,4,0,1,0,1,1,200,200,6,16,0,22,200
0,200,30,4,2,2,2,0,5,4,0,1,0,1,1,200,200,6,16,0,28,200
0,200,30,0,0,2,2,12,2,200,0,1,0,0,200,200,200,21,0,0,66,200
0,200,30,0,0,2,2,12,2,200,0,1,0,0,200,200,200,21,0,0,35,200
0,200,30,1,1,2,1,10,2,200,0,1,0,0,200,200,200,18,200,0,45,200
0,200,30,1,1,2,1,10,2,200,0,1,0,0,200,200,200,18,200,1,46,200
1,200,30,1,1,2,1,10,2,200,0,1,0,0,200,200,200,18,200,0,200,200
0,200,30,1,2,0,1,14,6,3,0,0,0,0,1,200,200,23,21,0,26,200
0,200,30,1,2,0,1,14,6,3,0,0,0,0,1,200,200,23,21,0,200,200
0,200,30,3,2,1,1,12,2,2,0,1,0,0,200,200,200,0,200,0,21,200
0,200,30,3,2,1,1,12,2,2,0,1,0,0,200,200,200,0,200,0,54,200
0,200,5,0,0,2,1,7,12,200,0,1,0,0,200,200,200,20,200,0,41,200
0,200,30,0,0,0,1,7,2,4,0,1,0,0,200,200,1,21,200,2,200,200
0,200,30,1,2,0,1,10,12,3,0,1,200,1,200,200,200,21,200,0,41,200
0,200,30,1,2,0,1,10,12,3,0,1,200,1,200,200,200,21,200,1,37,200
0,200,30,1,2,0,1,10,12,3,0,1,200,1,200,200,200,21,200,0,30,200
0,200,30,0,0,0,1,14,5,2,0,1,0,0,200,200,200,17,200,0,31,200
0,200,30,0,0,0,1,14,5,2,0,1,0,0,200,200,200,17,200,0,33,200
1,200,30,0,0,0,1,14,5,2,0,1,0,0,200,200,200,17,200,0,41,200
0,200,30,0,0,0,1,0,5,2,0,0,0,0,200,200,200,17,17,0,28,200
0,200,30,0,0,0,1,0,5,2,0,0,0,0,200,200,200,17,17,1,24,200
0,200,30,1,2,0,1,12,2,200,0,0,0,0,200,200,200,21,22,1,20,200
0,200,30,1,2,0,1,12,2,200,0,0,0,0,200,200,200,21,22,0,60,200
0,200,30,0,0,1,1,12,5,1,0,0,0,0,200,200,200,22,18,0,25,200
0,200,30,0,0,1,1,12,5,1,0,0,0,0,200,200,200,22,18,1,60,200
1,200,30,0,0,1,1,12,5,1,0,0,0,0,200,200,200,22,18,1,200,200
0,200,30,0,0,0,1,0,200,200,0,1,0,0,200,200,200,17,17,1,31,200
0,200,30,0,0,0,1,0,200,200,0,1,0,0,200,200,200,17,17,0,34,200
0,200,30,0,0,0,1,0,200,200,0,1,0,0,200,200,200,17,17,0,54,200
0,200,30,0,0,0,1,10,5,200,0,0,0,1,200,200,200,18,0,0,200,200
0,200,30,0,0,0,1,10,5,200,0,0,0,1,200,200,200,18,0,0,200,200
0,200,30,0,0,0,1,10,5,200,0,0,0,1,200,200,200,18,0,0,200,200
0,200,35,1,2,2,1,14,5,4,0,1,200,0,200,200,1,25,21,1,200,200
0,200,35,1,2,2,1,14,5,4,0,1,200,0,200,200,1,25,21,1,42,200
0,1,45,1,2,0,1,10,2,2,0,0,0,1,200,200,200,18,14,0,23,200
0,1,45,1,2,0,1,10,2,2,0,0,0,1,200,200,200,18,14,1,40,200
0,200,30,1,2,1,1,10,2,200,0,1,0,1,200,200,200,18,200,0,43,200
0,200,30,1,2,1,1,10,2,200,0,1,0,1,200,200,200,18,200,0,32,200
0,200,30,1,2,1,1,10,2,200,0,1,0,1,200,200,200,18,200,0,200,200
1,200,30,1,2,1,1,10,2,200,0,1,0,1,200,200,200,18,200,0,7,200
1,200,30,1,2,1,1,10,2,200,0,1,0,1,200,200,200,18,200,0,7,200
1,200,30,1,2,1,1,10,2,200,0,1,0,1,200,200,200,18,200,0,14,200
0,200,20,2,2,0,1,14,5,1,0,0,0,0,200,200,200,0,17,1,30,200
0,200,20,2,2,0,1,14,5,1,0,0,0,0,200,200,200,0,17,1,33,200
0,200,30,0,0,0,1,7,6,1,0,0,0,0,200,200,1,0,200,2,200,200
0,200,45,0,0,2,1,12,6,4,0,1,0,0,200,200,200,16,15,0,26,200
0,200,45,0,0,2,1,12,6,4,0,1,0,0,200,200,200,16,15,0,43,200
1,200,45,0,0,2,1,12,6,4,0,1,0,0,200,200,200,16,15,1,43,200
0,200,30,0,0,0,1,10,6,2,0,1,0,0,200,200,200,0,0,0,26,200
0,200,30,0,0,0,1,10,6,2,0,1,0,0,200,200,200,0,0,1,60,200
0,200,30,0,0,0,1,12,5,200,0,0,0,0,200,200,200,0,0,0,46,200
0,200,30,0,0,0,1,12,5,200,0,0,0,0,200,200,200,0,0,0,0,200
0,200,30,2,2,0,1,0,6,1,0,0,0,0,1,200,200,16,17,1,20,200
0,200,30,2,2,0,1,0,6,1,0,0,0,0,1,200,200,16,17,0,37,200
1,200,30,2,2,0,1,0,6,1,0,0,0,0,1,200,200,16,17,1,19,200
0,200,20,0,0,0,1,10,5,200,0,0,0,0,200,200,200,18,0,0,42,200
0,200,20,0,0,0,1,10,5,200,0,0,0,0,200,200,200,18,0,0,47,200
0,200,15,0,0,0,1,7,6,200,0,1,0,0,200,200,1,0,200,2,200,200
0,200,30,0,0,0,1,12,6,3,2,1,0,0,200,200,200,21,200,0,41,200
0,200,30,0,0,0,1,12,6,3,2,1,0,0,200,200,200,21,200,0,67,200
0,200,35,0,0,1,1,14,5,4,0,1,0,0,200,200,200,0,0,1,60,200
0,200,35,0,0,1,1,14,5,4,0,1,0,0,200,200,200,0,0,1,37,200
0,200,25,1,2,0,1,12,5,200,0,0,0,0,200,200,200,17,17,0,32,200
0,200,25,1,2,0,1,12,5,200,0,0,0,0,200,200,200,17,17,0,32,200
0,200,30,0,0,0,1,14,5,200,0,0,0,0,200,200,200,21,0,0,69,200
0,200,30,0,0,0,1,14,5,200,0,0,0,0,200,200,200,21,0,1,36,200
0,200,25,0,0,0,1,0,2,200,0,0,0,0,200,200,200,17,0,0,52,200
0,200,25,0,0,0,1,0,2,200,0,0,0,0,200,200,200,17,0,0,62,200
0,200,30,0,0,1,1,7,5,2,0,0,0,0,200,200,1,200,20,0,200,200
0,200,30,0,0,0,1,0,4,200,0,1,0,0,200,200,200,0,0,0,200,200
0,200,30,0,0,0,1,0,4,200,0,1,0,0,200,200,200,0,0,1,61,200
0,200,30,0,0,0,1,10,6,200,0,0,0,0,200,200,200,0,200,1,30,200
0,200,30,0,0,0,1,10,6,200,0,0,0,0,200,200,200,0,200,0,37,200
0,200,25,1,2,0,1,12,5,200,0,0,0,0,200,200,200,0,0,0,29,200
0,200,25,1,2,0,1,12,5,200,0,0,0,0,200,200,200,0,0,0,20,200
0,200,30,1,2,0,1,10,200,4,0,0,0,1,200,200,200,18,200,0,23,200
0,200,30,1,2,0,1,10,200,4,0,0,0,1,200,200,200,18,200,1,36,200
0,200,30,1,2,0,1,10,2,4,0,0,0,0,200,200,200,200,200,0,78,200
0,200,30,1,2,0,1,10,2,4,0,0,0,0,200,200,200,200,200,0,42,200
0,200,30,0,0,0,1,7,6,2,0,0,0,0,200,200,1,18,18,2,200,200
0,200,30,0,0,0,1,10,3,4,0,0,0,1,200,200,200,18,16,0,44,200
0,200,30,0,0,0,1,10,3,4,0,0,0,1,200,200,200,18,16,1,58,200
1,200,30,0,0,0,1,10,3,4,0,0,0,1,200,200,200,18,16,0,60,200
0,200,15,0,0,0,1,7,7,200,0,0,0,1,200,1,1,11,17,1,200,200
0,200,45,1,2,0,3,10,3,4,0,0,0,0,200,200,200,18,200,1,200,200
0,200,45,1,2,0,3,10,3,4,0,0,0,0,200,200,200,18,200,0,29,200
0,200,30,0,0,1,1,7,2,200,0,0,0,1,200,200,200,11,200,0,29,200
0,200,30,1,2,0,1,14,5,0,0,0,0,0,200,200,200,17,200,1,43,200
0,200,30,1,2,0,1,14,5,0,0,0,0,0,200,200,200,17,200,1,36,200
0,200,30,0,0,1,1,10,5,2,2,0,0,1,200,200,200,16,200,0,21,200
0,200,30,0,0,1,1,10,5,2,2,0,0,1,200,200,200,16,200,1,32,200
1,200,30,0,0,1,1,10,5,2,2,0,0,1,200,200,200,16,200,0,33,200
0,200,30,1,2,2,1,8,200,3,0,1,0,0,200,200,200,17,23,0,31,200
4,200,30,1,2,2,1,8,200,3,0,1,0,0,200,200,200,17,23,0,31,200
0,200,30,1,2,0,1,10,5,2,0,0,0,0,200,200,200,18,200,1,29,200
0,200,30,1,2,0,1,10,5,2,0,0,0,0,200,200,200,18,200,0,68,200
0,200,10,0,0,0,1,7,2,200,0,0,0,0,200,200,1,0,0,2,200,200
0,200,30,0,0,0,1,10,5,200,0,0,0,0,200,200,1,0,200,0,200,200
0,200,30,0,0,0,1,10,5,200,0,0,0,0,200,200,1,0,200,0,41,200
0,200,0,0,0,1,1,7,7,200,0,0,0,0,200,1,200,0,0,2,200,200
0,200,35,0,0,2,1,2,5,4,0,1,200,1,1,1,200,25,14,0,14,200
1,200,35,0,0,2,1,2,5,4,0,1,200,1,1,1,200,25,14,0,16,200
1,200,35,0,0,2,1,2,5,4,0,1,200,1,1,1,200,25,14,0,15,200
1,200,35,0,0,2,1,2,5,4,0,1,200,1,1,1,200,25,14,0,14,200
0,200,20,0,0,2,3,7,6,1,0,1,0,0,200,200,0,0,0,2,200,200
0,200,30,0,0,0,1,14,2,200,0,0,0,1,200,200,200,17,200,0,31,200
0,200,30,0,0,0,1,14,2,200,0,0,0,1,200,200,200,17,200,0,70,200
0,200,30,0,0,0,1,7,5,200,0,0,0,0,200,200,1,0,0,2,200,200
0,200,0,0,0,1,1,0,7,200,0,0,0,0,200,200,200,0,0,1,62,200
0,200,0,0,0,1,1,0,7,200,0,0,0,0,200,200,200,0,0,1,37,200
0,1,20,0,0,2,0,7,6,1,0,1,0,0,200,200,200,0,0,2,200,200
0,200,30,1,2,0,1,10,5,200,0,0,0,0,200,200,200,18,200,0,45,200
0,200,30,1,2,0,1,10,5,200,0,0,0,0,200,200,200,18,200,0,200,200
0,200,25,1,2,0,1,14,5,2,0,0,0,0,200,200,200,23,0,0,37,200
0,200,25,1,2,0,1,14,5,2,0,0,0,0,200,200,200,23,0,0,37,200
0,200,30,2,2,1,1,12,3,6,0,1,0,1,1,200,200,17,21,0,48,200
0,200,30,2,2,1,1,12,3,6,0,1,0,1,1,200,200,17,21,1,54,200
0,200,25,0,0,1,1,0,5,2,0,0,0,1,200,200,200,11,200,0,54,200
0,200,25,0,0,1,1,0,5,2,0,0,0,1,200,200,200,11,200,1,25,200
0,200,30,1,2,0,1,9,6,3,0,0,0,1,1,200,200,17,200,0,28,200
5,200,30,1,2,0,1,9,6,3,0,0,0,1,1,200,200,17,200,1,58,200
0,200,30,0,0,0,1,7,6,200,0,1,0,0,200,200,1,20,0,0,200,200
1,200,30,0,0,0,1,7,6,200,0,1,0,0,200,200,1,20,0,1,37,200
0,200,10,0,200,0,1,7,5,200,0,1,0,0,200,200,200,4,200,0,28,200
0,200,30,0,0,0,1,7,3,200,0,1,0,0,200,200,1,0,0,2,200,200
0,200,30,0,0,0,0,7,6,200,0,0,0,0,200,200,1,0,200,2,200,200
0,200,40,0,0,1,1,10,3,8,0,0,0,0,200,200,200,18,28,1,34,200
0,200,40,0,0,1,1,10,3,8,0,0,0,0,200,200,200,18,28,0,29,200
0,200,30,1,2,2,1,0,5,2,0,1,0,0,1,200,200,6,11,1,21,200
0,200,30,1,2,2,1,0,5,2,0,1,0,0,1,200,200,6,11,0,58,200
0,200,30,0,0,1,1,12,5,2,0,1,0,0,200,200,200,22,200,0,21,200
0,200,30,0,0,1,1,12,5,2,0,1,0,0,200,200,200,22,200,1,22,200
0,200,30,1,2,1,1,12,5,2,0,1,0,1,1,200,1,32,21,0,65,0.38
0,200,30,1,2,1,1,12,5,2,0,1,0,1,1,200,1,32,21,0,54,200
0,200,25,0,0,2,1,9,5,2,0,1,0,1,1,200,200,17,200,0,63,200
5,200,25,0,0,2,1,9,5,2,0,1,0,1,1,200,200,17,200,1,54,200
0,200,30,0,0,2,1,10,2,4,0,1,0,0,200,200,200,18,200,1,19,200
0,200,30,0,0,2,1,10,2,4,0,1,0,0,200,200,200,18,200,1,200,200
0,200,30,0,0,2,1,12,3,200,0,1,0,0,200,200,200,11,200,1,37,200
0,200,30,0,0,2,1,12,3,200,0,1,0,0,200,200,200,11,200,0,57,200
0,200,15,0,0,2,1,0,12,200,0,1,0,0,200,200,200,0,200,0,60,200
0,200,15,0,0,2,1,0,12,200,0,1,0,0,200,200,200,0,200,1,50,200
0,200,20,0,0,2,1,2,0,200,0,1,0,0,200,1,200,0,200,0,53,200
0,200,15,0,0,2,1,2,6,1,0,1,0,0,200,200,200,33,33,0,42,200
0,200,30,6,2,1,1,10,2,200,0,1,0,0,200,200,200,0,200,0,45,200
0,200,30,6,2,1,1,10,2,200,0,1,0,0,200,200,200,0,200,1,39,200
0,200,30,2,2,0,1,10,5,4,0,0,1,0,200,200,1,0,0,0,200,200
0,200,30,2,2,0,1,10,5,4,0,0,1,0,200,200,1,0,0,0,71,200
0,200,20,0,0,2,1,7,6,200,0,1,0,1,200,200,1,16,11,0,14,200
0,200,25,2,2,0,1,7,12,0,0,0,0,0,200,200,200,0,0,0,54,200
1,200,25,2,2,0,1,7,12,0,0,0,0,0,200,200,200,0,0,1,24,200
0,200,35,1,2,2,1,10,5,200,0,1,0,0,200,200,1,0,200,2,200,200
0,200,35,1,2,2,1,10,5,200,0,1,0,0,200,200,1,0,200,0,45,200
0,200,30,2,12,2,1,0,5,2,0,1,0,1,200,200,200,17,200,1,27,200
0,200,30,2,12,2,1,0,5,2,0,1,0,1,200,200,200,17,200,1,40,200
0,200,15,0,0,2,1,2,7,200,0,1,0,0,200,1,200,20,0,0,200,200
3,200,15,0,0,2,1,2,7,200,0,1,0,0,200,1,200,20,0,2,200,200
0,200,20,0,0,0,1,7,2,200,0,1,0,0,200,200,200,200,200,1,200,200
0,200,30,1,2,2,1,14,2,200,0,1,0,0,1,200,200,23,23,1,62,200
0,200,30,1,2,2,1,14,2,200,0,1,0,0,1,200,200,23,23,1,18,200
0,200,35,0,0,0,1,14,5,2,0,1,0,0,200,200,200,23,200,0,200,200
0,200,35,0,0,0,1,14,5,2,0,1,0,0,200,200,200,23,200,0,25,200
0,200,30,1,2,1,1,10,5,2,0,1,0,0,200,200,200,17,18,0,24,200
0,200,30,1,2,1,1,10,5,2,0,1,0,0,200,200,200,17,18,1,59,200
0,200,30,2,2,2,1,0,5,200,0,1,0,0,1,200,200,5,200,1,27,200
0,200,30,2,2,2,1,0,5,200,0,1,0,0,1,200,200,5,200,0,63,200
0,200,30,0,0,1,1,7,2,200,0,0,0,1,200,200,200,18,11,0,23,200
0,200,30,0,0,2,1,7,6,3,0,1,200,0,200,200,200,0,0,0,35,200
0,200,30,1,2,0,1,10,5,4,0,0,0,0,1,200,200,18,200,1,23,200
0,200,30,1,2,0,1,10,5,4,0,0,0,0,1,200,200,18,200,0,33,200
0,200,30,0,0,1,1,7,5,200,0,1,0,0,200,200,1,200,200,2,200,200
0,200,15,0,0,2,1,0,5,2,0,1,0,0,200,200,200,17,11,0,22,200
0,200,15,0,0,2,1,0,5,2,0,1,0,0,200,200,200,17,11,0,38,200
0,200,35,0,0,2,1,12,2,200,0,1,0,0,1,200,200,21,200,0,53,200
0,200,35,0,0,2,1,12,2,200,0,1,0,0,1,200,200,21,200,0,39,200
0,200,30,2,2,1,1,7,6,1,0,1,0,0,200,200,200,16,25,1,36,200
1,200,30,2,2,1,1,7,6,1,0,1,0,0,200,200,200,16,25,0,34,200
1,200,30,2,2,1,1,7,6,1,0,1,0,0,200,200,200,16,25,1,30,200
0,200,30,1,2,0,1,12,5,200,0,0,0,0,200,200,200,22,22,1,0,200
0,200,30,1,2,0,1,12,5,200,0,0,0,0,200,200,200,22,22,0,68,200
0,200,30,0,0,2,1,12,2,6,0,1,0,0,200,200,200,22,21,0,48,200
0,200,30,0,0,2,1,12,2,6,0,1,0,0,200,200,200,22,21,0,64,200
0,200,30,1,2,2,1,12,5,2,0,1,0,0,1,200,200,17,11,0,38,200
0,200,30,1,2,2,1,12,5,2,0,1,0,0,1,200,200,17,11,1,30,200
0,200,30,0,0,2,1,10,5,6,0,1,0,0,200,200,200,34,200,0,200,200
0,200,30,0,0,2,1,10,5,6,0,1,0,0,200,200,200,34,200,1,34,200
0,200,30,0,0,0,1,7,5,200,0,0,0,0,200,200,200,0,0,1,51,200
0,200,30,200,200,2,1,11,200,200,0,1,0,0,200,200,200,200,200,0,0,200
0,200,30,200,200,2,1,11,200,200,0,1,0,0,200,200,200,200,200,0,51,200
0,200,30,1,2,1,1,10,2,4,0,0,0,0,1,200,200,18,200,1,36,200
0,200,30,1,2,1,1,10,2,4,0,0,0,0,1,200,200,18,200,1,18,200
0,200,30,1,2,0,1,0,5,4,0,0,0,0,1,200,200,22,17,1,68,200
0,200,30,1,2,0,1,0,5,4,0,0,0,0,1,200,200,22,17,1,29,200
0,200,30,0,0,2,1,11,5,2,0,1,0,0,200,200,1,0,200,1,200,200
0,200,30,0,0,2,1,11,5,2,0,1,0,0,200,200,1,0,200,0,67,200
0,200,30,1,2,2,1,0,12,200,0,1,0,1,1,200,200,3,0,0,79,200
0,200,30,1,2,2,1,0,12,200,0,1,0,1,1,200,200,3,0,1,23,200
1,200,30,1,2,2,1,0,12,200,0,1,0,1,1,200,200,3,0,1,44,200
0,200,30,0,0,2,0,10,5,200,0,1,0,0,200,200,200,0,0,1,19,200
0,200,30,0,0,2,0,10,5,200,0,1,0,0,200,200,200,0,0,1,35,200
0,200,10,0,0,2,1,0,7,200,0,1,0,0,200,200,200,17,20,0,200,200
0,200,10,0,0,2,1,0,7,200,0,1,0,0,200,200,200,17,20,1,48,200
0,200,30,0,0,2,1,12,5,200,0,1,0,0,200,200,1,21,0,2,200,200
0,200,30,0,0,2,1,12,5,200,0,1,0,0,200,200,1,21,0,0,86,200
0,200,30,1,2,2,1,7,5,200,0,1,0,0,200,200,200,18,7,1,29,200
1,200,30,1,2,2,1,7,5,200,0,1,0,0,200,200,200,18,7,1,35,200
1,200,30,1,2,2,1,7,5,200,0,1,0,0,200,200,200,18,7,1,58,200
0,200,30,1,2,0,1,3,2,4,0,1,0,1,200,200,200,6,10,0,18,200
0,200,30,1,2,0,1,3,2,4,0,1,0,1,200,200,200,6,10,0,52,200
0,200,30,200,200,2,1,10,5,2,0,1,0,0,200,200,200,200,200,0,41,200
0,200,30,200,200,2,1,10,5,2,0,1,0,0,200,200,200,200,200,1,30,200
1,200,30,200,200,2,1,10,5,2,0,1,0,0,200,200,200,200,200,0,200,200
1,200,30,200,200,2,1,10,5,2,0,1,0,0,200,200,200,200,200,1,200,200
0,200,30,1,2,0,1,10,2,200,0,0,0,0,200,200,200,18,18,1,200,200
0,200,30,1,2,0,1,10,2,200,0,0,0,0,200,200,200,18,18,1,40,200
0,200,25,1,2,2,1,12,5,200,0,1,0,0,1,200,1,21,200,1,200,200
0,200,25,1,2,2,1,12,5,200,0,1,0,0,1,200,1,21,200,1,26,200
0,200,25,1,2,2,1,10,5,2,0,1,0,0,200,200,200,18,200,1,54,200
0,200,25,1,2,2,1,10,5,2,0,1,0,0,200,200,200,18,200,1,50,200
0,200,25,1,2,2,1,10,5,2,0,1,0,0,200,200,200,18,200,1,36,200
0,200,30,1,2,1,1,9,2,200,0,1,0,1,1,200,200,0,200,1,59,200
5,200,30,1,2,1,1,9,2,200,0,1,0,1,1,200,200,0,200,1,200,200
0,0,20,0,0,200,200,7,200,1,0,200,0,1,200,200,1,0,0,2,200,200
0,200,30,0,0,1,1,12,5,200,0,0,200,1,200,200,1,21,22,1,200,200
0,200,30,0,0,1,1,12,5,200,0,0,200,1,200,200,1,21,22,0,26,200
0,200,35,0,0,0,1,10,5,200,0,0,0,0,200,200,200,18,0,1,200,200
0,200,35,0,0,0,1,10,5,200,0,0,0,0,200,200,200,18,0,0,64,200
0,200,30,1,2,0,1,14,3,4,0,0,0,1,200,200,200,6,200,1,27,200
0,200,30,1,2,0,1,14,3,4,0,0,0,1,200,200,200,6,200,0,60,200
1,200,30,1,2,0,1,14,3,4,0,0,0,1,200,200,200,6,200,1,2,200
1,200,30,1,2,0,1,14,3,4,0,0,0,1,200,200,200,6,200,1,2,200
1,200,30,1,2,0,1,14,3,4,0,0,0,1,200,200,200,6,200,1,6,200
0,200,30,0,0,2,3,7,7,200,0,1,0,0,200,200,200,0,200,0,58,200
0,200,30,0,0,2,1,7,5,4,0,1,0,0,200,200,1,0,200,0,200,200
1,200,30,0,0,2,1,7,5,4,0,1,0,0,200,200,1,0,200,0,45,200
0,200,30,200,200,2,1,10,5,200,0,1,0,0,200,200,200,200,200,0,200,200
0,200,30,200,200,2,1,10,5,200,0,1,0,0,200,200,200,200,200,0,56,200
0,200,30,1,2,1,1,10,2,4,0,1,0,1,1,200,200,12,0,0,45,200
0,200,30,1,2,1,1,10,2,4,0,1,0,1,1,200,200,12,0,1,33,200
1,200,30,1,2,1,1,10,2,4,0,1,0,1,1,200,200,12,0,0,14,200
0,200,35,0,0,0,1,14,3,200,0,1,0,1,200,200,1,17,23,0,200,200
0,200,35,0,0,0,1,14,3,200,0,1,0,1,200,200,1,17,23,1,33,200
1,200,35,0,0,0,1,14,3,200,0,1,0,1,200,200,1,17,23,0,15,200
1,200,35,0,0,0,1,14,3,200,0,1,0,1,200,200,1,17,23,1,6,200
0,200,30,200,200,200,200,12,5,200,0,200,200,0,200,200,200,200,200,0,200,200
0,200,30,200,200,200,200,12,5,200,0,200,200,0,200,200,200,200,200,0,38,200
0,200,15,0,0,2,1,7,7,2,0,1,1,0,200,200,200,0,0,0,24,200
0,1,25,0,12,0,1,7,7,200,0,0,0,0,200,1,1,0,0,2,200,200
0,200,30,2,12,2,1,14,5,200,0,1,0,1,1,200,200,23,23,0,48,200
0,200,30,2,12,2,1,14,5,200,0,1,0,1,1,200,200,23,23,1,36,200
1,200,30,2,12,2,1,14,5,200,0,1,0,1,1,200,200,23,23,1,0,200
0,200,30,1,2,0,1,14,5,200,0,0,0,0,200,200,1,0,200,0,200,200
0,200,30,1,2,0,1,14,5,200,0,0,0,0,200,200,1,0,200,0,29,200
0,200,30,0,0,0,1,7,2,2,0,0,0,0,200,200,200,11,200,1,32,200
0,200,30,0,0,2,3,10,2,4,0,1,0,1,200,200,1,0,200,2,200,200
0,200,30,0,0,2,3,10,2,4,0,1,0,1,200,200,1,0,200,0,29,200
0,200,30,0,0,2,1,0,5,200,0,1,0,0,200,200,200,20,200,1,36,200
0,200,30,0,0,2,1,0,5,200,0,1,0,0,200,200,200,20,200,1,32,200
1,200,30,0,0,2,1,0,5,200,0,1,0,0,200,200,200,20,200,1,13,200
1,200,30,0,0,2,1,0,5,200,0,1,0,0,200,200,200,20,200,1,15,200
1,200,30,0,0,2,1,0,5,200,0,1,0,0,200,200,200,20,200,1,12,200
0,200,30,2,3,2,3,0,2,200,0,1,0,0,1,200,200,23,23,0,36,200
0,200,30,2,3,2,3,0,2,200,0,1,0,0,1,200,200,23,23,1,19,200
0,200,30,1,2,0,1,10,3,6,0,0,0,0,200,200,200,16,15,0,200,200
0,200,30,1,2,0,1,10,3,6,0,0,0,0,200,200,200,16,15,0,33,200
0,200,30,2,2,2,1,7,5,2,0,1,0,0,200,200,1,0,200,2,200,200
0,200,20,2,2,0,1,9,5,2,0,0,0,1,1,200,200,17,17,1,63,200
5,200,20,2,2,0,1,9,5,2,0,0,0,1,1,200,200,17,17,1,18,200
0,200,20,0,0,0,1,0,12,2,0,0,0,0,200,200,1,0,0,0,200,200
0,200,20,0,0,0,1,0,12,2,0,0,0,0,200,200,1,0,0,0,26,200
0,200,0,0,0,0,1,2,7,200,0,0,1,0,200,1,200,20,200,0,58,200
0,200,30,0,0,0,1,12,5,2,0,0,0,0,200,200,200,0,0,0,200,200
0,200,30,0,0,0,1,12,5,2,0,0,0,0,200,200,200,0,0,0,200,200
0,200,30,0,0,0,1,10,5,200,0,0,0,0,200,200,1,18,18,2,200,200
0,200,30,0,0,0,1,10,5,200,0,0,0,0,200,200,1,18,18,0,29,200
0,200,30,1,2,2,1,10,5,200,0,1,0,1,200,200,200,200,200,1,30,200
0,200,30,1,2,2,1,10,5,200,0,1,0,1,200,200,200,200,200,0,79,200
1,200,30,1,2,2,1,10,5,200,0,1,0,1,200,200,200,200,200,1,200,200
0,200,30,1,2,1,1,12,6,3,0,1,0,0,1,200,200,17,200,0,29,200
0,200,30,1,2,1,1,12,6,3,0,1,0,0,1,200,200,17,200,1,65,200
1,200,30,1,2,1,1,12,6,3,0,1,0,0,1,200,200,17,200,0,37,200
0,200,30,0,0,2,1,7,5,200,0,1,200,0,200,200,0,0,0,2,200,200
0,200,30,200,0,0,1,10,6,200,0,12,0,1,200,200,1,18,22,0,200,200
0,200,30,200,0,0,1,10,6,200,0,12,0,1,200,200,1,18,22,1,36,200
1,200,30,200,0,0,1,10,6,200,0,12,0,1,200,200,1,18,22,1,10,200
0,200,20,0,0,1,1,12,6,2,0,1,0,0,200,200,200,200,200,0,57,200
0,200,20,0,0,1,1,12,6,2,0,1,0,0,200,200,200,200,200,0,53,200