PERSON_TYPE,CRASH_DATE_EST_I,POSTED_SPEED_LIMIT,TRAFFIC_CONTROL_DEVICE,DEVICE_CONDITION,WEATHER_CONDITION,LIGHTING_CONDITION,FIRST_CRASH_TYPE,TRAFFICWAY_TYPE,LANE_CNT,ALIGNMENT,ROADWAY_SURFACE_COND,ROAD_DEFECT,CRASH_TYPE,INTERSECTION_RELATED_I,NOT_RIGHT_OF_WAY_I,HIT_AND_RUN_I,PRIM_CONTRIBUTORY_CAUSE,SEC_CONTRIBUTORY_CAUSE,SEX,AGE,BAC_RESULT VALUE
1,200,20,0,0,1,1,12,6,2,0,1,0,0,200,200,200,200,200,0,61,200
0,200,30,200,200,200,200,10,200,200,0,200,200,0,200,200,200,200,200,1,200,200
0,200,30,200,200,200,200,10,200,200,0,200,200,0,200,200,200,200,200,1,200,200
0,200,25,0,0,1,1,0,6,1,0,1,0,0,1,200,200,0,0,0,17,200
0,200,25,0,0,1,1,0,6,1,0,1,0,0,1,200,200,0,0,0,27,200
1,200,25,0,0,1,1,0,6,1,0,1,0,0,1,200,200,0,0,0,8,200
1,200,25,0,0,1,1,0,6,1,0,1,0,0,1,200,200,0,0,1,200,200
0,200,30,0,0,0,1,12,5,4,0,0,200,0,200,200,1,22,22,0,200,200
0,200,30,0,0,0,1,12,5,4,0,0,200,0,200,200,1,22,22,1,40,200
0,200,30,2,2,0,1,0,5,200,0,0,0,0,1,200,200,17,200,1,46,200
0,200,30,2,2,0,1,0,5,200,0,0,0,0,1,200,200,17,200,1,20,200
0,200,30,0,0,1,1,12,2,4,0,1,0,0,200,200,200,11,0,0,28,200
0,200,30,0,0,1,1,12,2,4,0,1,0,0,200,200,200,11,0,0,28,200
0,200,25,0,0,0,1,12,5,2,0,0,0,0,200,200,200,17,17,0,27,200
0,200,25,0,0,0,1,12,5,2,0,0,0,0,200,200,200,17,17,2,200,200
0,200,30,0,0,0,1,14,5,0,0,0,0,0,1,200,200,17,23,0,200,200
0,200,30,0,0,0,1,14,5,0,0,0,0,0,1,200,200,17,23,0,28,200
0,200,30,1,200,200,200,12,6,4,0,200,200,0,1,200,1,25,0,0,200,200
0,200,30,1,200,200,200,12,6,4,0,200,200,0,1,200,1,25,0,1,25,200
0,200,30,1,2,0,1,14,3,200,0,0,0,0,1,200,1,0,0,0,200,200
0,200,30,1,2,0,1,14,3,200,0,0,0,0,1,200,1,0,0,1,23,200
1,200,30,1,2,0,1,14,3,200,0,0,0,0,1,200,1,0,0,1,200,200
1,200,30,1,2,0,1,14,3,200,0,0,0,0,1,200,1,0,0,2,200,200
0,200,30,2,0,0,1,10,5,200,0,0,0,0,200,200,200,18,200,1,78,200
0,200,30,2,0,0,1,10,5,200,0,0,0,0,200,200,200,18,200,1,30,200
0,200,35,1,2,1,1,10,5,6,0,0,0,1,1,200,200,16,200,0,72,200
0,200,35,1,2,1,1,10,5,6,0,0,0,1,1,200,200,16,200,1,39,200
1,200,35,1,2,1,1,10,5,6,0,0,0,1,1,200,200,16,200,1,16,200
0,200,30,0,0,0,1,7,3,6,0,0,0,0,200,200,200,0,200,0,25,200
1,200,30,0,0,0,1,7,3,6,0,0,0,0,200,200,200,0,200,0,44,200
0,200,30,0,0,0,1,14,3,200,0,0,200,1,1,200,200,0,200,1,24,200
0,200,30,0,0,0,1,14,3,200,0,0,200,1,1,200,200,0,200,0,62,200
0,200,30,1,2,1,1,14,5,200,0,0,0,0,1,200,200,0,0,0,200,200
0,200,30,1,2,1,1,14,5,200,0,0,0,0,1,200,200,0,0,0,49,200
1,200,30,1,2,1,1,14,5,200,0,0,0,0,1,200,200,0,0,1,47,200
0,200,10,0,0,0,1,0,0,200,0,200,200,0,200,200,200,20,200,0,39,200
0,200,10,0,0,0,1,0,0,200,0,200,200,0,200,200,200,20,200,1,30,200
0,200,10,0,0,1,1,7,7,200,0,1,0,0,200,200,200,0,200,2,200,200
0,200,30,0,0,0,1,14,5,200,0,0,0,0,200,200,1,23,0,0,200,200
0,200,30,0,0,0,1,14,5,200,0,0,0,0,200,200,1,23,0,0,58,200
0,0,30,1,2,0,1,14,5,3,0,0,0,1,1,200,1,23,17,0,200,200
0,0,30,1,2,0,1,14,5,3,0,0,0,1,1,200,1,23,17,0,30,200
0,200,20,0,0,1,1,10,12,2,0,1,0,0,200,200,200,200,200,0,48,200
0,200,20,0,0,1,1,10,12,2,0,1,0,0,200,200,200,200,200,0,60,200
0,200,30,1,2,2,3,10,2,4,0,1,0,0,1,200,1,0,34,0,200,200
0,200,30,1,2,2,3,10,2,4,0,1,0,0,1,200,1,0,34,1,32,200
0,200,30,0,0,0,1,10,2,2,0,0,0,0,200,200,200,16,200,0,49,200
0,200,30,0,0,0,1,10,2,2,0,0,0,0,200,200,200,16,200,0,33,200
0,200,30,0,0,0,1,2,3,4,0,0,0,1,200,200,200,13,200,0,46,200
0,200,30,1,2,0,1,14,2,2,0,0,0,1,1,200,200,17,200,0,23,200
0,200,30,1,2,0,1,14,2,2,0,0,0,1,1,200,200,17,200,0,51,200
1,200,30,1,2,0,1,14,2,2,0,0,0,1,1,200,200,17,200,0,49,200
0,1,30,1,0,0,1,12,5,4,0,0,0,0,200,200,200,21,0,0,22,200
0,1,30,1,0,0,1,12,5,4,0,0,0,0,200,200,200,21,0,0,35,200
0,200,30,0,0,0,1,3,5,2,0,0,0,1,200,200,1,25,17,0,32,200
0,200,30,0,0,0,1,3,5,2,0,0,0,1,200,200,1,25,17,0,200,200
1,200,30,0,0,0,1,3,5,2,0,0,0,1,200,200,1,25,17,200,200,200
0,200,35,1,2,0,1,10,3,200,0,0,0,0,1,200,1,18,0,0,200,200
0,200,35,1,2,0,1,10,3,200,0,0,0,0,1,200,1,18,0,1,74,200
0,200,30,1,2,1,1,14,2,3,3,0,0,0,1,200,200,0,200,0,23,200
0,200,30,1,2,1,1,14,2,3,3,0,0,0,1,200,200,0,200,0,35,200
1,200,30,1,2,1,1,14,2,3,3,0,0,0,1,200,200,0,200,1,200,200
1,200,30,1,2,1,1,14,2,3,3,0,0,0,1,200,200,0,200,0,200,200
0,200,30,0,0,0,1,0,5,2,0,0,0,0,200,200,200,17,200,0,35,200
0,200,30,0,0,0,1,0,5,2,0,0,0,0,200,200,200,17,200,0,55,200
0,200,30,0,0,0,1,10,5,2,0,1,0,1,200,200,200,0,16,0,23,200
0,200,30,0,0,0,1,10,5,2,0,1,0,1,200,200,200,0,16,1,26,200
1,200,30,0,0,0,1,10,5,2,0,1,0,1,200,200,200,0,16,0,24,200
1,200,30,0,0,0,1,10,5,2,0,1,0,1,200,200,200,0,16,0,24,200
0,200,30,1,200,1,1,14,3,4,0,0,200,0,1,200,200,0,200,0,58,200
0,200,30,1,200,1,1,14,3,4,0,0,200,0,1,200,200,0,200,1,25,200
1,200,30,1,200,1,1,14,3,4,0,0,200,0,1,200,200,0,200,0,24,200
1,200,30,1,200,1,1,14,3,4,0,0,200,0,1,200,200,0,200,0,5,200
1,200,30,1,200,1,1,14,3,4,0,0,200,0,1,200,200,0,200,1,4,200
0,200,0,1,2,0,1,10,12,0,0,0,0,1,1,200,200,7,11,1,53,200
0,200,0,1,2,0,1,10,12,0,0,0,0,1,1,200,200,7,11,0,51,200
1,200,0,1,2,0,1,10,12,0,0,0,0,1,1,200,200,7,11,2,200,200
1,200,0,1,2,0,1,10,12,0,0,0,0,1,1,200,200,7,11,200,200,200
1,200,0,1,2,0,1,10,12,0,0,0,0,1,1,200,200,7,11,2,200,200
0,200,30,1,2,1,1,14,5,4,0,200,0,1,1,200,200,0,0,0,50,200
0,200,30,1,2,1,1,14,5,4,0,200,0,1,1,200,200,0,0,0,31,200
0,200,35,0,0,0,1,9,3,200,0,0,0,1,200,200,200,0,0,0,77,200
5,200,35,0,0,0,1,9,3,200,0,0,0,1,200,200,200,0,0,0,48,200
0,200,30,0,0,0,1,7,5,2,0,0,0,0,200,200,200,0,0,0,200,200
0,200,30,0,0,0,1,7,6,200,0,1,1,1,200,200,200,0,200,0,14,200
0,200,30,0,0,0,2,7,6,200,0,0,0,0,200,200,1,11,200,1,200,200
0,200,35,0,0,0,1,12,5,4,0,200,200,0,200,200,1,22,0,2,200,200
0,200,35,0,0,0,1,12,5,4,0,200,200,0,200,200,1,22,0,1,34,200
0,200,30,1,2,0,1,10,5,2,0,1,0,0,1,200,200,18,16,0,200,200
0,200,30,1,2,0,1,10,5,2,0,1,0,0,1,200,200,18,16,1,200,200
0,200,30,1,2,0,1,10,5,2,0,1,0,0,1,200,200,18,16,0,200,200
0,200,35,1,2,2,1,14,3,200,0,1,0,1,1,200,200,17,16,0,81,200
0,200,35,1,2,2,1,14,3,200,0,1,0,1,1,200,200,17,16,0,24,200
0,200,35,1,2,2,1,14,3,200,0,1,0,1,1,200,200,17,16,0,44,200
0,200,35,1,2,2,1,14,3,200,0,1,0,1,1,200,200,17,16,0,17,200
1,200,35,1,2,2,1,14,3,200,0,1,0,1,1,200,200,17,16,1,75,200
0,200,30,2,2,0,1,0,2,2,0,0,0,0,1,200,200,5,200,1,27,200
0,200,30,2,2,0,1,0,2,2,0,0,0,0,1,200,200,5,200,1,55,200
0,200,20,0,0,0,2,7,5,200,0,0,0,0,200,200,200,20,200,1,200,200
0,200,30,0,0,0,1,10,5,200,0,0,0,0,200,200,200,18,16,0,32,200
0,200,30,0,0,0,1,10,5,200,0,0,0,0,200,200,200,18,16,1,39,200
0,200,35,1,2,0,1,12,3,200,0,0,0,0,200,200,200,23,200,0,200,200
0,200,35,1,2,0,1,12,3,200,0,0,0,0,200,200,200,23,200,0,27,200
0,200,30,0,3,0,1,12,3,4,0,0,0,1,200,200,1,22,0,2,200,200
0,200,30,0,3,0,1,12,3,4,0,0,0,1,200,200,1,22,0,1,57,200
0,200,30,0,0,0,1,10,5,4,0,0,0,1,200,200,200,18,11,1,30,200
0,200,30,0,0,0,1,10,5,4,0,0,0,1,200,200,200,18,11,1,39,200
0,200,30,0,0,0,1,10,5,4,0,0,0,1,200,200,200,18,11,0,48,200
0,200,30,0,0,0,1,10,5,4,0,0,0,1,200,200,200,18,11,2,200,200
1,200,30,0,0,0,1,10,5,4,0,0,0,1,200,200,200,18,11,1,7,200
1,200,30,0,0,0,1,10,5,4,0,0,0,1,200,200,200,18,11,0,2,200
1,200,30,0,0,0,1,10,5,4,0,0,0,1,200,200,200,18,11,1,5,200
1,200,30,0,0,0,1,10,5,4,0,0,0,1,200,200,200,18,11,1,200,200
0,1,30,0,0,2,0,7,5,200,0,1,200,0,200,200,1,0,0,2,200,200
0,200,25,0,0,0,1,7,5,2,0,0,0,0,200,200,200,0,200,0,32,200
0,200,30,1,2,2,1,12,5,200,0,1,0,0,1,200,200,0,0,1,26,200
0,200,30,1,2,2,1,12,5,200,0,1,0,0,1,200,200,0,0,1,30,200
0,200,30,2,2,0,1,9,5,200,0,0,0,0,200,200,200,0,200,1,55,200
5,200,30,2,2,0,1,9,5,200,0,0,0,0,200,200,200,0,200,0,49,200
0,200,30,0,0,0,1,10,5,200,0,0,0,0,200,200,200,16,18,0,44,200
0,200,30,0,0,0,1,10,5,200,0,0,0,0,200,200,200,16,18,1,34,200
0,200,30,0,0,0,1,10,5,200,0,0,0,0,200,200,200,16,18,0,43,200
0,200,30,0,0,0,1,7,7,0,0,0,0,0,200,1,1,0,200,2,200,200
0,200,30,0,0,0,1,12,5,200,0,0,0,0,200,200,1,22,200,1,200,200
0,200,30,0,0,0,1,12,5,200,0,0,0,0,200,200,1,22,200,1,48,200
0,200,30,0,0,0,1,10,2,0,0,0,0,0,1,200,200,18,200,0,39,200
0,200,30,0,0,0,1,10,2,0,0,0,0,0,1,200,200,18,200,0,49,200
0,200,30,0,0,0,1,7,5,4,0,0,0,0,200,200,1,0,0,2,200,200
0,200,25,2,2,0,1,0,1,200,0,0,0,1,1,200,200,17,0,1,28,200
0,200,25,2,2,0,1,0,1,200,0,0,0,1,1,200,200,17,0,0,23,200
0,200,30,0,0,0,1,10,2,4,0,0,0,0,200,200,200,200,200,0,17,200
0,200,30,0,0,0,1,10,2,4,0,0,0,0,200,200,200,200,200,0,58,200
0,200,25,2,0,0,1,14,5,2,0,0,0,0,200,200,200,17,17,0,28,200
0,200,25,2,0,0,1,14,5,2,0,0,0,0,200,200,200,17,17,0,0,200
0,200,30,0,0,1,1,0,6,200,0,0,0,0,200,200,1,17,20,1,200,200
0,200,30,0,0,1,1,0,6,200,0,0,0,0,200,200,1,17,20,1,42,200
0,200,30,1,2,0,1,14,2,200,0,0,0,0,1,200,200,17,0,0,25,200
0,200,30,1,2,0,1,14,2,200,0,0,0,0,1,200,200,17,0,0,57,200
1,200,30,1,2,0,1,14,2,200,0,0,0,0,1,200,200,17,0,1,24,200
1,200,30,1,2,0,1,14,2,200,0,0,0,0,1,200,200,17,0,1,28,200
0,200,30,0,0,0,1,10,5,2,0,0,0,0,200,200,1,18,0,1,200,200
0,200,30,0,0,0,1,10,5,2,0,0,0,0,200,200,1,18,0,0,40,200
0,200,30,0,0,0,1,12,5,4,0,0,0,0,200,200,200,22,17,0,23,200
0,200,30,0,0,0,1,12,5,4,0,0,0,0,200,200,200,22,17,0,200,200
0,200,35,1,2,1,1,10,5,200,0,0,0,0,200,200,200,0,0,1,20,200
0,200,35,1,2,1,1,10,5,200,0,0,0,0,200,200,200,0,0,1,45,200
0,200,30,1,3,2,1,14,2,200,0,1,0,0,200,200,200,0,200,1,200,200
0,200,30,1,3,2,1,14,2,200,0,1,0,0,200,200,200,0,200,1,0,200
0,200,30,1,2,0,1,14,2,2,0,0,200,1,1,200,200,200,200,0,67,200
0,200,30,1,2,0,1,14,2,2,0,0,200,1,1,200,200,200,200,0,25,200
1,200,30,1,2,0,1,14,2,2,0,0,200,1,1,200,200,200,200,1,65,200
0,200,15,0,0,0,1,7,6,1,0,0,0,0,200,200,200,10,200,0,53,200
1,200,15,0,0,0,1,7,6,1,0,0,0,0,200,200,200,10,200,1,38,200
0,200,30,1,2,0,1,10,6,2,0,0,0,0,1,200,200,18,18,0,25,200
0,200,30,1,2,0,1,10,6,2,0,0,0,0,1,200,200,18,18,0,44,200
0,200,30,0,0,0,1,7,5,200,0,0,0,0,200,200,1,0,0,2,200,200
0,200,30,0,0,0,3,7,5,2,0,0,0,0,200,200,1,0,0,2,200,200
0,200,20,0,0,1,1,12,5,200,0,0,0,0,200,200,1,17,200,1,200,200
0,200,20,0,0,1,1,12,5,200,0,0,0,0,200,200,1,17,200,0,31,200
0,200,30,1,2,0,1,10,5,2,0,1,0,0,200,200,200,18,200,0,30,200
0,200,30,1,2,0,1,10,5,2,0,1,0,0,200,200,200,18,200,0,48,200
1,200,30,1,2,0,1,10,5,2,0,1,0,0,200,200,200,18,200,0,7,200
0,200,30,0,0,0,1,10,5,4,0,0,3,0,200,200,200,18,200,0,20,200
0,200,30,0,0,0,1,10,5,4,0,0,3,0,200,200,200,18,200,0,85,200
0,200,30,0,0,0,1,7,5,200,0,0,0,0,200,200,200,0,200,0,66,200
0,200,30,1,2,0,1,12,2,200,0,0,0,1,200,200,200,17,200,0,53,200
0,200,30,1,2,0,1,12,2,200,0,0,0,1,200,200,200,17,200,1,53,200
0,200,30,0,0,0,1,10,5,200,0,0,0,0,200,200,200,18,0,0,58,200
0,200,30,0,0,0,1,10,5,200,0,0,0,0,200,200,200,18,0,0,200,200
0,200,30,0,0,0,1,7,5,200,0,0,0,0,200,200,200,22,16,0,66,200
1,200,30,0,0,0,1,7,5,200,0,0,0,0,200,200,200,22,16,1,200,200
0,200,30,0,0,0,1,10,3,200,1,0,0,1,200,200,200,18,0,0,36,200
0,200,30,0,0,0,1,10,3,200,1,0,0,1,200,200,200,18,0,1,61,200
0,200,30,0,0,0,1,10,3,200,1,0,0,1,200,200,200,18,0,1,57,200
0,200,35,0,0,0,1,12,5,4,2,0,0,0,200,200,200,0,0,0,27,200
0,200,35,0,0,0,1,12,5,4,2,0,0,0,200,200,200,0,0,0,40,200
0,200,35,0,0,0,1,10,5,200,0,0,0,0,200,200,1,16,34,0,23,200
0,200,35,0,0,0,1,10,5,200,0,0,0,0,200,200,1,16,34,0,34,200
0,200,35,0,0,0,1,10,5,200,0,0,0,0,200,200,1,16,34,0,200,200
0,200,35,0,0,0,1,10,5,200,0,0,0,0,200,200,1,16,34,0,55,200
1,200,35,0,0,0,1,10,5,200,0,0,0,0,200,200,1,16,34,1,54,200
0,200,35,0,0,1,1,10,5,2,0,1,200,0,200,200,200,0,0,1,200,200
0,200,35,0,0,1,1,10,5,2,0,1,200,0,200,200,200,0,0,1,56,200
0,200,30,0,0,0,1,10,5,2,0,0,0,1,200,200,200,18,18,1,29,200
0,200,30,0,0,0,1,10,5,2,0,0,0,1,200,200,200,18,18,1,48,200
0,200,0,0,0,0,1,7,2,200,0,200,200,0,0,200,1,0,200,2,200,200
0,200,30,2,2,0,1,10,5,3,0,0,0,0,1,200,200,18,0,0,65,200
0,200,30,2,2,0,1,10,5,3,0,0,0,0,1,200,200,18,0,1,59,200
0,200,30,0,0,0,1,7,5,2,0,0,0,0,200,200,1,0,200,2,200,200
0,200,30,1,2,0,1,14,2,2,0,0,0,1,1,200,200,23,11,0,47,200
0,200,30,1,2,0,1,14,2,2,0,0,0,1,1,200,200,23,11,0,26,200
1,200,30,1,2,0,1,14,2,2,0,0,0,1,1,200,200,23,11,0,28,200
0,200,30,0,0,0,1,12,2,200,0,0,0,0,200,200,1,22,200,1,200,200
0,200,30,0,0,0,1,12,2,200,0,0,0,0,200,200,1,22,200,1,38,200
0,200,30,0,0,200,200,12,6,2,0,200,200,0,0,200,200,22,200,1,44,200
0,200,30,0,0,200,200,12,6,2,0,200,200,0,0,200,200,22,200,0,42,200
0,200,30,0,0,0,1,10,2,200,0,0,0,0,200,200,200,18,17,1,23,200
0,200,30,0,0,0,1,10,2,200,0,0,0,0,200,200,200,18,17,1,43,200
0,200,30,0,0,0,1,10,2,200,0,0,0,0,200,200,200,18,17,0,49,200
0,200,30,0,0,0,1,10,2,200,0,0,0,0,200,200,1,0,200,1,200,200
0,200,30,0,0,0,1,10,2,200,0,0,0,0,200,200,1,0,200,1,28,200
0,200,20,0,0,0,1,12,6,1,0,0,0,1,200,200,1,17,22,2,200,200
0,200,20,0,0,0,1,12,6,1,0,0,0,1,200,200,1,17,22,0,27,200
0,200,30,0,0,0,1,10,5,200,0,0,0,0,200,200,200,18,200,0,37,200
0,200,30,0,0,0,1,10,5,200,0,0,0,0,200,200,200,18,200,1,23,200
0,200,30,1,2,1,1,10,6,3,0,0,0,0,200,200,1,0,0,0,200,200
0,200,30,1,2,1,1,10,6,3,0,0,0,0,200,200,1,0,0,1,30,200
0,200,35,1,2,0,1,14,1,2,0,0,0,1,1,200,1,16,17,0,200,200
0,200,35,1,2,0,1,14,1,2,0,0,0,1,1,200,1,16,17,1,78,200
4,200,30,2,2,0,1,8,5,200,0,0,0,0,1,200,200,17,200,0,200,200
0,200,30,2,2,0,1,8,5,200,0,0,0,0,1,200,200,17,200,0,78,200
0,200,30,0,0,0,1,7,2,2,0,0,0,0,200,200,1,18,0,2,200,200
0,1,30,0,0,0,1,7,5,2,0,0,0,0,200,200,1,0,0,2,200,200
0,200,30,2,2,0,4,10,2,2,0,0,0,0,200,200,1,18,200,1,200,200
0,200,30,2,2,0,4,10,2,2,0,0,0,0,200,200,1,18,200,1,37,200
0,200,30,0,0,0,4,7,6,3,0,0,0,0,200,200,200,23,200,0,63,200
0,0,30,0,0,200,200,7,4,0,3,200,0,0,200,200,1,0,0,2,200,200
4,200,20,0,0,0,1,8,6,1,0,0,0,0,200,200,200,13,200,0,0,200
0,200,30,200,200,0,200,10,5,200,0,0,0,0,200,200,200,200,200,1,25,200
0,200,30,200,200,0,200,10,5,200,0,0,0,0,200,200,200,200,200,1,56,200
0,200,30,200,200,0,200,10,5,200,0,0,0,0,200,200,200,200,200,1,45,200
1,200,30,200,200,0,200,10,5,200,0,0,0,0,200,200,200,200,200,1,37,200
1,200,30,200,200,0,200,10,5,200,0,0,0,0,200,200,200,200,200,1,11,200
1,200,30,200,200,0,200,10,5,200,0,0,0,0,200,200,200,200,200,0,8,200
0,200,30,0,0,0,1,7,8,200,0,0,0,0,200,200,200,11,0,0,73,200
1,200,30,0,0,0,1,7,8,200,0,0,0,0,200,200,200,11,0,2,200,200
0,200,30,0,0,0,3,7,5,2,0,0,0,0,200,200,200,0,0,0,69,200
1,200,30,0,0,0,3,7,5,2,0,0,0,0,200,200,200,0,0,1,33,200
0,200,45,1,2,0,4,10,5,200,0,0,0,0,200,200,200,18,0,0,22,200
0,200,45,1,2,0,4,10,5,200,0,0,0,0,200,200,200,18,0,0,35,200
1,200,45,1,2,0,4,10,5,200,0,0,0,0,200,200,200,18,0,1,30,200
1,200,45,1,2,0,4,10,5,200,0,0,0,0,200,200,200,18,0,1,10,200
1,200,45,1,2,0,4,10,5,200,0,0,0,0,200,200,200,18,0,0,3,200
1,200,45,1,2,0,4,10,5,200,0,0,0,0,200,200,200,18,0,1,200,200
0,200,30,0,0,0,1,0,6,200,0,0,0,0,200,200,200,17,200,1,27,200
0,200,30,0,0,0,1,0,6,200,0,0,0,0,200,200,200,17,200,0,56,200
0,1,30,0,0,0,1,12,5,2,0,0,0,0,200,200,200,200,200,1,200,200
0,1,30,0,0,0,1,12,5,2,0,0,0,0,200,200,200,200,200,0,200,200
0,200,30,0,0,0,1,7,5,2,0,0,0,0,200,200,1,20,11,0,200,200
0,200,30,0,0,1,4,10,5,1,0,0,200,0,200,200,200,18,0,0,47,200
0,200,30,0,0,1,4,10,5,1,0,0,200,0,200,200,200,18,0,1,25,200
1,200,30,0,0,1,4,10,5,1,0,0,200,0,200,200,200,18,0,200,200,200
0,200,30,2,2,0,1,0,5,0,0,0,0,1,1,200,200,17,200,0,37,200
0,200,30,2,2,0,1,0,5,0,0,0,0,1,1,200,200,17,200,1,54,200
0,200,20,0,0,0,1,7,4,200,0,0,0,0,200,200,1,25,200,0,200,200
1,200,20,0,0,0,1,7,4,200,0,0,0,0,200,200,1,25,200,0,200,200
0,200,30,1,2,0,1,12,5,2,0,0,0,0,1,200,1,22,0,1,200,200
0,200,30,1,2,0,1,12,5,2,0,0,0,0,1,200,1,22,0,0,53,200
0,200,30,0,0,0,1,12,5,4,0,0,0,0,200,200,200,17,17,1,20,200
0,200,30,0,0,0,1,12,5,4,0,0,0,0,200,200,200,17,17,1,26,200
0,200,30,200,200,0,200,11,5,2,0,200,200,0,200,200,200,200,200,0,19,200
0,200,30,200,200,0,200,11,5,2,0,200,200,0,200,200,200,200,200,1,27,200
0,200,30,2,200,0,1,10,5,3,0,0,200,0,200,200,200,0,0,0,200,200
0,200,30,2,200,0,1,10,5,3,0,0,200,0,200,200,200,0,0,0,69,200
0,200,30,0,0,0,4,7,5,200,0,0,0,0,200,200,200,13,200,0,24,200
1,200,30,0,0,0,4,7,5,200,0,0,0,0,200,200,200,13,200,0,200,200
1,200,30,0,0,0,4,7,5,200,0,0,0,0,200,200,200,13,200,0,200,200
1,200,30,0,0,0,4,7,5,200,0,0,0,0,200,200,200,13,200,1,200,200
0,200,30,0,0,0,3,7,5,4,0,0,0,1,200,200,1,21,200,2,200,200
0,200,30,0,0,200,200,7,5,4,0,200,200,0,200,200,1,0,0,2,200,200
0,200,30,0,0,0,0,9,5,200,0,0,0,0,200,200,200,0,0,0,73,200
5,200,30,0,0,0,0,9,5,200,0,0,0,0,200,200,200,0,0,0,34,200
0,200,30,1,2,0,4,14,12,10,0,0,0,1,1,200,200,6,14,0,28,200
0,200,30,1,2,0,4,14,12,10,0,0,0,1,1,200,200,6,14,1,51,200
1,200,30,1,2,0,4,14,12,10,0,0,0,1,1,200,200,6,14,1,27,200
0,200,30,1,2,0,3,14,2,4,0,0,0,0,1,200,200,23,21,1,68,200
0,200,30,1,2,0,3,14,2,4,0,0,0,0,1,200,200,23,21,0,33,200
0,200,30,1,2,0,4,12,5,200,0,0,0,0,200,200,1,0,0,0,200,200
0,200,30,1,2,0,4,12,5,200,0,0,0,0,200,200,1,0,0,0,33,200
0,200,30,0,0,0,1,12,3,200,0,0,0,0,200,200,200,21,200,0,71,200
0,200,30,0,0,0,1,12,3,200,0,0,0,0,200,200,200,21,200,0,55,200
1,200,30,0,0,0,1,12,3,200,0,0,0,0,200,200,200,21,200,1,200,200
1,200,30,0,0,0,1,12,3,200,0,0,0,0,200,200,200,21,200,0,200,200
0,200,30,0,0,1,3,12,2,6,0,0,200,0,200,200,200,21,200,0,23,200
0,200,30,0,0,1,3,12,2,6,0,0,200,0,200,200,200,21,200,1,29,200
0,200,30,0,0,0,1,12,5,2,0,0,200,0,200,200,200,0,0,1,36,200
0,200,30,0,0,0,1,12,5,2,0,0,200,0,200,200,200,0,0,0,53,200
0,200,30,3,2,0,3,3,3,4,0,0,0,0,200,200,200,20,15,0,55,200
0,200,30,3,2,0,3,3,3,4,0,0,0,0,200,200,200,20,15,0,27,200
0,200,30,1,2,0,3,10,2,4,0,0,0,0,1,200,200,0,0,0,23,200
0,200,30,1,2,0,3,10,2,4,0,0,0,0,1,200,200,0,0,0,26,200
0,200,25,0,0,1,0,8,6,200,0,0,0,1,200,200,200,0,0,0,28,200
4,200,25,0,0,1,0,8,6,200,0,0,0,1,200,200,200,0,0,0,20,200
1,200,25,0,0,1,0,8,6,200,0,0,0,1,200,200,200,0,0,0,37,200
0,200,30,0,0,0,3,7,6,3,0,0,0,0,200,200,200,0,0,0,31,200
0,200,30,0,0,0,3,12,5,2,0,0,0,0,200,200,200,22,22,0,25,200
0,200,30,0,0,0,3,12,5,2,0,0,0,0,200,200,200,22,22,0,30,200
0,200,25,2,0,0,3,10,5,2,0,0,0,0,200,200,200,18,0,0,29,200
0,200,25,2,0,0,3,10,5,2,0,0,0,0,200,200,200,18,0,0,69,200
0,200,25,0,0,0,3,7,5,3,0,0,0,1,200,200,200,11,16,0,35,200
0,200,30,1,2,0,1,14,5,200,0,0,0,0,1,200,200,200,200,0,55,200
0,200,30,1,2,0,1,14,5,200,0,0,0,0,1,200,200,200,200,0,47,200
0,200,30,1,2,0,3,10,3,200,0,0,0,1,200,200,200,200,200,0,27,200
0,200,30,1,2,0,3,10,3,200,0,0,0,1,200,200,200,200,200,0,34,200
1,200,30,1,2,0,3,10,3,200,0,0,0,1,200,200,200,200,200,1,31,200
0,200,30,0,0,0,3,10,5,2,0,0,0,0,200,200,1,18,200,0,200,200
0,200,30,0,0,0,3,10,5,2,0,0,0,0,200,200,1,18,200,1,27,200
0,200,30,0,0,0,4,11,5,2,0,0,0,0,200,200,200,16,200,1,200,200
0,200,30,0,0,0,4,11,5,2,0,0,0,0,200,200,200,16,200,0,19,200
5,200,30,1,2,0,3,9,5,2,0,0,0,1,0,200,200,17,6,0,31,200
0,200,30,1,2,0,3,9,5,2,0,0,0,1,0,200,200,17,6,0,25,200
0,200,30,1,2,0,3,10,5,2,0,0,200,0,1,200,200,0,0,0,59,200
0,200,30,1,2,0,3,10,5,2,0,0,200,0,1,200,200,0,0,0,37,200
1,200,30,1,2,0,3,10,5,2,0,0,200,0,1,200,200,0,0,0,4,200
0,200,30,1,2,0,3,10,1,2,0,0,0,1,0,200,200,18,0,0,51,200
0,200,30,1,2,0,3,10,1,2,0,0,0,1,0,200,200,18,0,0,51,200
0,200,35,0,0,0,3,10,5,200,0,0,0,0,200,200,1,18,0,1,41,200
0,200,35,0,0,0,3,10,5,200,0,0,0,0,200,200,1,18,0,0,200,200
0,200,30,0,0,0,0,12,5,200,0,0,0,0,200,200,200,18,200,1,48,200