PERSON_TYPE,CRASH_DATE_EST_I,POSTED_SPEED_LIMIT,TRAFFIC_CONTROL_DEVICE,DEVICE_CONDITION,WEATHER_CONDITION,LIGHTING_CONDITION,FIRST_CRASH_TYPE,TRAFFICWAY_TYPE,LANE_CNT,ALIGNMENT,ROADWAY_SURFACE_COND,ROAD_DEFECT,CRASH_TYPE,INTERSECTION_RELATED_I,NOT_RIGHT_OF_WAY_I,HIT_AND_RUN_I,PRIM_CONTRIBUTORY_CAUSE,SEC_CONTRIBUTORY_CAUSE,SEX,AGE,BAC_RESULT VALUE
0,200,30,0,0,0,0,12,5,200,0,0,0,0,200,200,200,18,200,0,33,200
0,200,30,0,0,0,3,7,5,200,0,0,0,0,200,200,200,0,200,1,57,200
0,200,30,0,0,0,3,12,5,2,0,0,0,1,200,200,200,17,11,0,39,200
0,200,30,0,0,0,3,12,5,2,0,0,0,1,200,200,200,17,11,0,75,200
0,1,30,0,0,0,3,2,2,2,0,0,200,1,200,200,200,14,16,0,30,200
1,1,30,0,0,0,3,2,2,2,0,0,200,1,200,200,200,14,16,1,28,200
0,200,30,0,0,0,3,0,5,4,0,0,0,0,200,200,200,0,0,1,200,200
0,200,30,0,0,0,3,0,5,4,0,0,0,0,200,200,200,0,0,1,79,200
0,200,30,0,0,0,3,7,12,200,0,0,0,0,200,200,1,0,200,2,200,200
0,200,20,0,0,0,0,7,4,200,0,0,0,1,200,200,200,0,16,0,25,200
0,200,30,0,0,0,3,7,2,2,0,0,0,0,1,200,200,0,11,0,47,200
0,200,30,1,2,2,1,10,2,4,0,1,0,0,1,200,200,18,200,2,200,200
0,200,30,1,2,2,1,10,2,4,0,1,0,0,1,200,200,18,200,0,59,200
0,200,20,0,0,0,3,0,6,200,0,0,0,0,200,200,200,10,200,0,200,200
0,200,20,0,0,0,3,0,6,200,0,0,0,0,200,200,200,10,200,0,35,200
0,200,30,0,0,0,3,12,3,4,0,0,0,0,200,200,1,21,11,2,200,200
0,200,30,0,0,0,3,12,3,4,0,0,0,0,200,200,1,21,11,0,29,200
0,200,40,3,5,0,3,10,3,200,0,0,4,0,200,200,200,11,28,0,22,200
0,200,40,3,5,0,3,10,3,200,0,0,4,0,200,200,200,11,28,0,50,200
0,200,30,0,0,2,0,7,5,2,0,1,0,0,200,200,1,200,200,2,200,200
0,200,30,0,0,0,1,12,5,200,0,0,0,0,200,200,200,21,200,0,18,200
0,200,30,0,0,0,1,12,5,200,0,0,0,0,200,200,200,21,200,0,51,200
0,200,30,0,0,0,3,2,5,4,0,0,0,1,200,200,0,14,14,2,200,200
1,200,30,0,0,0,3,2,5,4,0,0,0,1,200,200,0,14,14,0,51,200
0,200,30,1,2,0,3,12,5,4,0,0,200,0,0,200,200,21,21,0,46,200
0,200,30,1,2,0,3,12,5,4,0,0,200,0,0,200,200,21,21,0,0,200
1,200,30,1,2,0,3,12,5,4,0,0,200,0,0,200,200,21,21,0,200,200
0,200,20,0,0,0,3,7,6,1,0,0,0,0,200,200,200,21,200,0,18,200
0,200,30,0,0,0,3,7,12,200,0,0,0,0,200,200,1,25,200,2,200,200
0,200,30,1,2,0,1,10,3,200,0,0,0,0,200,200,200,18,200,1,34,200
0,200,30,1,2,0,1,10,3,200,0,0,0,0,200,200,200,18,200,0,24,200
0,200,25,0,0,0,3,7,6,1,0,0,0,1,200,200,1,0,200,2,200,200
0,200,30,3,2,0,4,12,3,4,0,0,0,0,200,200,200,18,200,1,24,200
0,200,30,3,2,0,4,12,3,4,0,0,0,0,200,200,200,18,200,0,31,200
1,200,30,3,2,0,4,12,3,4,0,0,0,0,200,200,200,18,200,200,200,200
0,200,30,0,0,0,3,7,6,200,0,0,0,1,200,200,200,0,200,0,68,200
0,200,30,1,2,0,3,2,3,2,0,0,0,1,1,200,1,0,0,0,38,200
0,200,30,1,2,0,3,10,2,200,0,0,0,0,200,200,200,30,16,0,45,200
0,200,30,1,2,0,3,10,2,200,0,0,0,0,200,200,200,30,16,0,47,200
1,200,30,1,2,0,3,10,2,200,0,0,0,0,200,200,200,30,16,0,17,200
1,200,30,1,2,0,3,10,2,200,0,0,0,0,200,200,200,30,16,0,200,200
0,200,30,1,2,0,3,0,1,10,0,0,0,1,1,200,200,17,200,0,54,200
0,200,30,1,2,0,3,0,1,10,0,0,0,1,1,200,200,17,200,1,30,200
1,200,30,1,2,0,3,0,1,10,0,0,0,1,1,200,200,17,200,0,200,200
0,200,30,1,2,0,2,2,2,4,0,0,0,1,1,200,1,15,200,0,200,200
0,1,20,0,0,0,200,7,6,200,0,0,0,0,200,200,1,0,0,2,200,200
0,200,20,0,0,0,2,7,2,2,0,0,0,0,200,200,200,11,200,0,23,200
0,200,25,1,2,0,1,10,3,2,0,0,0,0,200,200,200,18,200,0,54,200
0,200,25,1,2,0,1,10,3,2,0,0,0,0,200,200,200,18,200,1,28,200
0,200,25,0,0,0,1,14,5,4,0,0,0,1,200,200,200,21,200,0,66,200
0,200,25,0,0,0,1,14,5,4,0,0,0,1,200,200,200,21,200,0,41,200
0,200,30,0,2,0,1,7,6,3,0,0,0,1,200,200,200,27,0,0,28,200
0,200,30,0,0,0,2,8,5,2,0,0,0,1,200,200,1,0,0,0,200,200
4,200,30,0,0,0,2,8,5,2,0,0,0,1,200,200,1,0,0,0,67,200
0,200,25,0,0,0,1,12,6,1,0,0,0,0,200,200,200,22,16,0,26,200
0,200,25,0,0,0,1,12,6,1,0,0,0,0,200,200,200,22,16,0,29,200
0,200,30,200,200,0,1,12,5,2,0,0,0,0,200,200,200,21,21,1,32,200
0,200,30,200,200,0,1,12,5,2,0,0,0,0,200,200,200,21,21,0,0,200
0,200,25,0,0,0,1,10,2,200,2,0,0,0,200,200,200,200,200,1,33,200
0,200,25,0,0,0,1,10,2,200,2,0,0,0,200,200,200,200,200,0,58,200
0,200,25,0,0,1,1,12,5,200,0,1,0,0,200,200,200,0,0,0,54,200
0,200,25,0,0,1,1,12,5,200,0,1,0,0,200,200,200,0,0,0,27,200
0,200,35,0,0,0,1,7,5,200,0,0,0,0,1,200,200,0,0,0,0,200
0,200,0,0,0,0,1,2,5,2,0,0,0,0,200,200,0,0,0,0,27,200
0,200,0,0,0,0,1,2,5,2,0,0,0,0,200,200,0,0,0,1,57,200
0,200,20,200,200,0,1,7,6,200,0,0,200,0,200,200,200,0,200,0,31,200
0,200,35,0,0,0,1,14,7,2,0,0,0,0,200,200,200,23,200,0,33,200
0,200,35,0,0,0,1,14,7,2,0,0,0,0,200,200,200,23,200,0,25,200
0,200,30,0,0,0,1,10,5,2,0,0,0,0,200,200,200,27,200,0,200,200
0,200,30,0,0,0,1,10,5,2,0,0,0,0,200,200,200,27,200,1,30,200
0,200,30,2,1,0,1,0,5,2,0,0,0,1,1,200,200,17,5,0,31,200
0,200,30,2,1,0,1,0,5,2,0,0,0,1,1,200,200,17,5,1,59,200
0,1,30,0,0,0,1,2,5,200,0,0,0,0,200,200,200,11,200,0,24,200
0,200,25,0,0,0,1,2,5,200,0,0,0,0,200,200,200,11,200,0,65,200
0,200,5,0,0,0,1,8,12,1,0,2,12,1,200,200,200,17,200,0,59,200
4,200,5,0,0,0,1,8,12,1,0,2,12,1,200,200,200,17,200,1,35,200
0,200,30,1,2,0,1,12,5,2,0,0,0,0,1,200,200,33,200,1,42,200
0,200,30,1,2,0,1,12,5,2,0,0,0,0,1,200,200,33,200,0,61,200
0,1,20,0,0,0,3,7,2,200,0,0,0,0,200,200,1,200,200,2,200,200
0,200,30,2,3,0,1,0,5,0,0,0,0,0,200,200,1,17,0,1,200,200
0,200,30,2,3,0,1,0,5,0,0,0,0,0,200,200,1,17,0,0,59,200
1,200,30,2,3,0,1,0,5,0,0,0,0,0,200,200,1,17,0,0,200,200
0,200,30,0,0,0,1,12,2,2,0,0,200,0,200,200,200,0,200,2,200,200
0,200,30,0,0,0,1,12,2,2,0,0,200,0,200,200,200,0,200,0,32,200
0,200,30,1,2,0,1,7,2,4,0,0,0,0,200,200,1,0,0,1,200,200
0,200,35,0,0,0,1,10,5,200,0,0,0,0,200,200,200,18,200,0,24,200
0,200,35,0,0,0,1,10,5,200,0,0,0,0,200,200,200,18,200,0,0,200
0,200,35,0,0,0,1,10,5,200,0,0,0,0,200,200,200,18,200,0,72,200
0,200,35,0,0,0,1,10,5,200,0,0,0,0,200,200,200,18,200,0,40,200
0,200,35,0,0,0,1,10,5,200,0,0,0,0,200,200,200,18,200,0,47,200
0,200,30,1,2,0,0,12,5,4,0,0,0,0,200,200,200,21,0,0,57,200
0,200,30,1,2,0,0,12,5,4,0,0,0,0,200,200,200,21,0,1,54,200
0,200,30,0,0,0,1,7,2,4,0,0,0,0,200,200,200,22,200,1,55,200
1,200,30,0,0,0,1,7,2,4,0,0,0,0,200,200,200,22,200,1,19,200
0,200,40,0,0,0,1,12,5,4,0,0,0,0,200,200,200,0,200,0,52,200
0,200,40,0,0,0,1,12,5,4,0,0,0,0,200,200,200,0,200,1,19,200
0,200,25,0,0,0,1,10,5,2,0,0,0,0,200,200,200,18,200,1,41,200
0,200,25,0,0,0,1,10,5,2,0,0,0,0,200,200,200,18,200,0,25,200
0,200,25,0,0,0,1,14,5,200,0,0,0,0,1,200,200,22,21,1,21,200
0,200,25,0,0,0,1,14,5,200,0,0,0,0,1,200,200,22,21,1,41,200
0,200,30,1,2,0,3,0,12,4,0,0,0,1,1,200,1,200,200,2,200,200
0,200,30,1,2,0,3,0,12,4,0,0,0,1,1,200,1,200,200,0,33,200
0,200,30,0,0,0,1,10,5,2,0,0,0,1,200,200,200,18,18,0,56,200
0,200,30,0,0,0,1,10,5,2,0,0,0,1,200,200,200,18,18,1,77,200
0,200,20,0,0,0,1,7,5,2,0,0,0,0,200,200,200,0,0,0,78,200
1,200,20,0,0,0,1,7,5,2,0,0,0,0,200,200,200,0,0,2,200,200
1,200,20,0,0,0,1,7,5,2,0,0,0,0,200,200,200,0,0,2,200,200
1,200,20,0,0,0,1,7,5,2,0,0,0,0,200,200,200,0,0,1,27,200
0,200,35,1,2,0,3,10,5,2,0,0,0,0,200,200,200,18,18,0,200,200
0,200,35,1,2,0,3,10,5,2,0,0,0,0,200,200,200,18,18,0,24,200
0,200,30,0,0,0,1,7,5,2,0,0,0,0,200,200,1,0,0,2,200,200
0,200,30,0,0,0,1,14,12,200,0,0,0,0,200,200,200,23,17,1,0,200
0,200,30,0,0,0,1,14,12,200,0,0,0,0,200,200,200,23,17,1,49,200
0,1,20,0,0,0,1,7,5,2,0,0,0,0,200,200,1,0,0,2,200,200
0,200,30,0,0,0,1,14,6,200,0,0,0,0,200,200,200,0,200,0,35,200
0,200,30,0,0,0,1,14,6,200,0,0,0,0,200,200,200,0,200,0,26,200
0,0,30,0,0,0,3,7,5,200,0,0,0,0,200,200,1,0,200,2,200,200
0,200,30,2,2,0,1,14,4,200,0,0,0,0,200,200,200,17,200,0,55,200
0,200,30,2,2,0,1,14,4,200,0,0,0,0,200,200,200,17,200,0,47,200
0,200,30,0,0,0,1,0,5,1,0,0,2,1,200,200,1,0,0,1,200,200
0,200,30,0,0,0,1,0,5,1,0,0,2,1,200,200,1,0,0,0,65,200
1,200,30,0,0,0,1,0,5,1,0,0,2,1,200,200,1,0,0,0,57,200
0,200,30,0,0,0,1,2,5,200,0,0,0,0,200,1,200,9,16,1,27,200
0,200,10,0,0,200,1,2,7,1,0,200,0,0,200,1,200,0,0,0,200,200
0,200,30,1,2,0,1,14,12,2,0,0,0,0,1,200,200,0,0,1,35,200
0,200,30,1,2,0,1,14,12,2,0,0,0,0,1,200,200,0,0,0,29,200
0,1,10,0,0,0,1,7,7,2,0,0,0,0,200,200,1,0,0,2,200,200
0,200,35,1,200,0,1,10,5,200,0,0,0,0,200,200,200,18,200,0,34,200
0,200,35,1,200,0,1,10,5,200,0,0,0,0,200,200,200,18,200,1,32,200
0,200,30,1,2,0,1,10,2,2,0,0,0,0,200,200,200,18,0,0,55,200
0,200,30,1,2,0,1,10,2,2,0,0,0,0,200,200,200,18,0,0,33,200
0,200,30,1,2,0,1,10,2,2,0,0,0,0,200,200,200,18,0,1,41,200
0,200,30,0,0,0,1,10,5,200,0,0,0,0,200,200,200,7,18,0,56,200
0,200,30,0,0,0,1,10,5,200,0,0,0,0,200,200,200,7,18,0,30,200
0,200,30,0,0,0,1,10,5,200,0,0,0,0,200,200,200,7,18,1,37,200
0,200,35,0,0,0,1,14,5,2,0,200,200,0,200,200,200,17,200,0,66,200
0,200,35,0,0,0,1,14,5,2,0,200,200,0,200,200,200,17,200,0,34,200
0,1,30,1,2,1,1,10,5,200,0,0,0,0,200,200,200,18,200,0,200,200
0,1,30,1,2,1,1,10,5,200,0,0,0,0,200,200,200,18,200,1,37,200
0,200,30,0,0,0,1,10,5,200,0,0,0,0,200,200,200,18,200,0,0,200
0,200,30,0,0,0,1,10,5,200,0,0,0,0,200,200,200,18,200,0,77,200
1,200,30,0,0,0,1,10,5,200,0,0,0,0,200,200,200,18,200,200,200,200
0,200,30,0,0,0,1,7,6,200,0,0,0,0,200,200,1,0,200,2,200,200
0,200,30,0,0,0,1,7,5,200,0,0,200,0,200,200,200,11,200,1,43,200
1,200,30,0,0,0,1,7,5,200,0,0,200,0,200,200,200,11,200,0,200,200
0,200,30,0,0,0,1,7,6,200,0,0,0,0,200,200,200,23,200,0,35,200
1,200,30,0,0,0,1,7,6,200,0,0,0,0,200,200,200,23,200,1,41,200
1,200,30,0,0,0,1,7,6,200,0,0,0,0,200,200,200,23,200,1,200,200
0,200,30,0,0,0,1,10,5,4,2,0,0,1,200,200,200,18,200,0,60,200
0,200,30,0,0,0,1,10,5,4,2,0,0,1,200,200,200,18,200,1,45,200
1,200,30,0,0,0,1,10,5,4,2,0,0,1,200,200,200,18,200,0,12,200
1,200,30,0,0,0,1,10,5,4,2,0,0,1,200,200,200,18,200,0,200,200
1,200,30,0,0,0,1,10,5,4,2,0,0,1,200,200,200,18,200,0,200,200
0,200,30,0,0,1,1,12,5,2,0,0,0,0,200,200,200,21,0,0,20,200
0,200,30,0,0,1,1,12,5,2,0,0,0,0,200,200,200,21,0,1,67,200
0,200,30,0,0,0,1,7,5,2,0,0,0,0,200,200,200,0,200,0,47,200
0,200,30,0,0,0,1,7,0,200,0,0,0,0,200,200,200,20,200,0,19,200
0,200,30,2,0,0,1,10,5,200,0,0,0,0,200,200,200,20,200,1,63,200
0,200,30,2,0,0,1,10,5,200,0,0,0,0,200,200,200,20,200,1,200,200
0,200,30,0,0,2,1,12,5,200,0,1,0,0,200,200,200,21,0,0,21,200
0,200,30,0,0,2,1,12,5,200,0,1,0,0,200,200,200,21,0,1,53,200
1,200,30,0,0,2,1,12,5,200,0,1,0,0,200,200,200,21,0,0,200,200
1,200,30,0,0,2,1,12,5,200,0,1,0,0,200,200,200,21,0,1,200,200
0,200,30,1,2,0,1,10,3,200,0,0,0,0,200,200,200,18,18,1,200,200
0,200,30,1,2,0,1,10,3,200,0,0,0,0,200,200,200,18,18,1,76,200
0,200,30,0,0,0,1,12,2,2,0,0,0,0,200,200,200,200,200,1,32,200
0,200,30,0,0,0,1,12,2,2,0,0,0,0,200,200,200,200,200,0,56,200
0,200,30,0,0,0,1,2,3,2,0,0,0,1,200,200,200,29,11,0,43,200
0,200,30,1,2,0,1,12,3,3,0,0,0,0,200,200,200,16,18,0,82,200
0,200,30,1,2,0,1,12,3,3,0,0,0,0,200,200,200,16,18,1,19,200
0,200,10,0,0,0,1,7,7,0,0,0,0,0,200,200,1,0,0,2,200,200
0,200,30,0,0,0,1,7,6,1,0,0,0,0,200,200,200,17,200,0,22,200
0,200,15,0,0,0,1,0,7,200,0,0,0,0,200,200,1,17,20,0,200,200
0,200,15,0,0,0,1,0,7,200,0,0,0,0,200,200,1,17,20,1,37,200
0,200,30,0,0,0,1,8,2,2,0,0,0,1,200,200,200,0,200,0,35,200
4,200,30,0,0,0,1,8,2,2,0,0,0,1,200,200,200,0,200,0,200,200
1,200,30,0,0,0,1,8,2,2,0,0,0,1,200,200,200,0,200,0,200,200
0,200,20,0,0,0,1,7,6,200,0,0,0,0,200,200,200,0,0,0,42,200
1,200,20,0,0,0,1,7,6,200,0,0,0,0,200,200,200,0,0,0,200,200
0,200,30,1,2,0,1,12,5,200,0,0,0,0,200,200,200,21,200,0,80,200
0,200,30,1,2,0,1,12,5,200,0,0,0,0,200,200,200,21,200,0,56,200
0,200,20,0,0,0,1,7,3,2,0,0,0,1,200,200,200,8,200,0,65,200
0,200,30,1,200,0,1,12,5,200,0,0,0,0,200,200,1,17,200,2,200,200
0,200,30,1,200,0,1,12,5,200,0,0,0,0,200,200,1,17,200,1,47,200
0,1,15,0,0,200,200,7,5,2,0,200,200,0,200,200,1,0,0,2,200,200
0,200,25,0,0,0,1,12,6,1,0,0,0,1,200,200,200,17,200,1,52,200
0,200,25,0,0,0,1,12,6,1,0,0,0,1,200,200,200,17,200,1,27,200
1,200,25,0,0,0,1,12,6,1,0,0,0,1,200,200,200,17,200,0,29,200
0,200,30,2,2,0,1,10,5,2,0,0,0,0,1,200,200,8,0,1,63,200
0,200,30,2,2,0,1,10,5,2,0,0,0,0,1,200,200,8,0,1,71,200
0,200,30,0,0,0,1,2,5,2,0,0,0,1,200,200,200,13,0,0,25,200
0,200,30,0,0,0,1,0,1,200,0,0,0,1,200,200,1,17,200,0,200,200
0,200,30,0,0,0,1,0,1,200,0,0,0,1,200,200,1,17,200,1,41,200
1,200,30,0,0,0,1,0,1,200,0,0,0,1,200,200,1,17,200,1,9,200
1,200,30,0,0,0,1,0,1,200,0,0,0,1,200,200,1,17,200,0,7,200
1,200,30,0,0,0,1,0,1,200,0,0,0,1,200,200,1,17,200,0,4,200
0,1,30,0,0,0,1,2,4,2,0,0,0,0,200,1,1,0,200,2,200,200
0,200,30,200,200,0,1,14,6,2,0,0,0,0,0,200,200,17,200,1,31,200
0,200,30,200,200,0,1,14,6,2,0,0,0,0,0,200,200,17,200,0,34,200
0,200,30,1,2,0,1,14,6,2,0,0,0,0,200,200,200,23,200,1,41,200
0,200,30,1,2,0,1,14,6,2,0,0,0,0,200,200,200,23,200,0,40,200
0,200,30,0,0,0,1,7,6,1,0,0,0,0,200,200,200,0,200,0,54,200
0,200,30,0,0,0,1,7,6,2,0,0,0,0,200,200,1,0,200,2,200,200
1,200,30,0,0,0,1,7,6,2,0,0,0,0,200,200,1,0,200,1,34,200
0,200,30,0,0,0,1,10,2,2,0,0,0,0,200,200,200,0,200,0,49,200
0,200,30,0,0,0,1,10,2,2,0,0,0,0,200,200,200,0,200,1,68,200
0,1,30,0,0,0,1,10,5,200,0,0,0,1,200,200,200,16,0,1,46,200
0,1,30,0,0,0,1,10,5,200,0,0,0,1,200,200,200,16,0,1,66,200
0,1,30,0,0,0,1,10,5,200,0,0,0,1,200,200,200,16,0,1,45,200
1,1,30,0,0,0,1,10,5,200,0,0,0,1,200,200,200,16,0,1,8,200
1,1,30,0,0,0,1,10,5,200,0,0,0,1,200,200,200,16,0,1,83,200
0,200,30,1,2,0,1,14,6,3,0,200,200,0,1,200,200,22,22,1,40,200
0,200,30,1,2,0,1,14,6,3,0,200,200,0,1,200,200,22,22,1,50,200
0,200,30,0,0,0,1,7,7,0,0,0,0,0,200,200,1,20,0,1,200,200
0,200,30,1,2,0,1,14,2,2,0,0,0,1,1,200,200,17,200,0,26,200
0,200,30,1,2,0,1,14,2,2,0,0,0,1,1,200,200,17,200,0,72,200
0,200,40,0,0,2,1,10,3,4,0,1,0,0,200,200,200,0,0,0,200,200
0,200,40,0,0,2,1,10,3,4,0,1,0,0,200,200,200,0,0,0,31,200
0,200,40,0,0,2,1,10,3,4,0,1,0,0,200,200,200,0,0,1,200,200
1,200,40,0,0,2,1,10,3,4,0,1,0,0,200,200,200,0,0,1,200,200
0,200,30,1,2,0,1,14,5,2,0,0,200,0,200,200,200,21,200,0,200,200
0,200,30,1,2,0,1,14,5,2,0,0,200,0,200,200,200,21,200,0,53,200
0,200,30,0,0,0,1,7,2,4,0,0,0,0,200,200,200,0,0,0,56,200
1,200,30,0,0,0,1,7,2,4,0,0,0,0,200,200,200,0,0,1,32,200
0,200,30,0,0,0,1,2,7,200,0,0,0,0,200,1,200,0,200,0,67,200
0,200,30,0,0,0,1,12,3,4,0,0,0,1,200,200,200,17,200,1,50,200
0,200,30,0,0,0,1,12,3,4,0,0,0,1,200,200,200,17,200,1,0,200
0,200,30,0,0,0,1,10,5,200,0,0,0,0,200,200,200,18,16,0,21,200
0,200,30,0,0,0,1,10,5,200,0,0,0,0,200,200,200,18,16,0,38,200
0,1,30,0,0,0,1,12,5,2,0,0,0,0,200,200,200,200,200,0,64,200
0,1,30,0,0,0,1,12,5,2,0,0,0,0,200,200,200,200,200,0,54,200
0,200,30,1,2,0,1,12,5,200,0,0,0,0,1,200,200,11,200,0,200,200
0,200,30,1,2,0,1,12,5,200,0,0,0,0,1,200,200,11,200,0,200,200
0,1,30,0,0,0,200,7,5,2,0,0,0,0,200,200,1,0,200,2,200,200
0,200,30,0,0,0,3,14,5,2,0,0,0,0,200,200,200,23,16,0,22,200
0,200,30,0,0,0,3,14,5,2,0,0,0,0,200,200,200,23,16,1,32,200
0,200,35,200,0,0,1,10,5,200,0,0,0,0,200,200,200,0,200,0,200,200
0,200,35,200,0,0,1,10,5,200,0,0,0,0,200,200,200,0,200,1,200,200
0,200,30,0,0,0,1,0,5,4,0,0,0,1,200,200,200,33,200,0,58,200
0,200,30,0,0,0,1,0,5,4,0,0,0,1,200,200,200,33,200,1,18,200
0,200,30,1,2,0,1,12,3,4,0,0,0,0,200,200,1,21,200,2,200,200
0,200,30,1,2,0,1,12,3,4,0,0,0,0,200,200,1,21,200,1,21,200
1,200,30,1,2,0,1,12,3,4,0,0,0,0,200,200,1,21,200,1,40,200
0,200,30,0,0,0,1,10,5,200,0,0,0,0,200,200,200,18,200,0,64,200
0,200,30,0,0,0,1,10,5,200,0,0,0,0,200,200,200,18,200,1,200,200
0,200,30,1,200,2,1,10,5,200,0,200,0,0,1,200,200,18,200,1,21,200
0,200,30,1,200,2,1,10,5,200,0,200,0,0,1,200,200,18,200,0,26,200
1,200,30,1,200,2,1,10,5,200,0,200,0,0,1,200,200,18,200,1,29,200
1,200,30,1,200,2,1,10,5,200,0,200,0,0,1,200,200,18,200,0,200,200
0,200,35,2,2,0,0,2,12,200,0,0,1,0,200,200,200,28,200,0,43,200
0,200,30,2,2,0,1,10,5,4,0,0,0,0,200,200,200,18,200,0,22,200
0,200,30,2,2,0,1,10,5,4,0,0,0,0,200,200,200,18,200,1,21,200
0,200,30,2,2,0,1,10,5,200,3,0,0,0,200,200,200,0,0,0,18,200
0,200,30,2,2,0,1,10,5,200,3,0,0,0,200,200,200,0,0,0,71,200
0,200,30,1,2,0,1,10,5,4,0,0,0,1,1,200,1,0,0,0,200,200
0,200,30,1,2,0,1,10,5,4,0,0,0,1,1,200,1,0,0,0,48,200
1,200,30,1,2,0,1,10,5,4,0,0,0,1,1,200,1,0,0,0,55,200
0,200,30,0,0,0,1,12,2,2,0,0,0,0,200,200,200,22,22,0,22,200
0,200,30,0,0,0,1,12,2,2,0,0,0,0,200,200,200,22,22,1,32,200
0,200,30,0,0,0,1,9,5,4,0,0,0,1,200,200,200,4,200,0,52,200
5,200,30,0,0,0,1,9,5,4,0,0,0,1,200,200,200,4,200,1,34,200
0,200,30,0,0,0,1,2,5,200,0,0,3,0,200,200,200,28,200,1,31,200
0,200,30,2,2,0,1,10,3,2,0,0,0,1,1,200,200,16,16,1,21,200
0,200,30,2,2,0,1,10,3,2,0,0,0,1,1,200,200,16,16,1,52,200
0,200,30,0,0,0,1,7,6,2,0,0,0,0,200,200,1,0,200,2,200,200
0,200,30,0,0,0,1,9,2,2,0,0,0,0,200,200,200,17,200,1,57,200
5,200,30,0,0,0,1,9,2,2,0,0,0,0,200,200,200,17,200,1,51,200
0,200,35,0,0,0,1,10,5,200,0,0,0,1,200,200,200,18,16,1,16,200
0,200,35,0,0,0,1,10,5,200,0,0,0,1,200,200,200,18,16,1,17,200
0,200,35,0,0,0,1,10,5,200,0,0,0,1,200,200,200,18,16,1,16,200
1,200,35,0,0,0,1,10,5,200,0,0,0,1,200,200,200,18,16,1,15,200
1,200,35,0,0,0,1,10,5,200,0,0,0,1,200,200,200,18,16,1,16,200
0,200,30,0,0,0,1,7,5,2,0,0,0,0,200,200,200,0,0,1,200,200
0,200,30,1,2,0,1,10,5,2,0,0,0,0,200,200,200,18,16,0,40,200
0,200,30,1,2,0,1,10,5,2,0,0,0,0,200,200,200,18,16,1,63,200
0,200,30,1,2,0,1,12,5,200,0,0,0,1,1,200,1,0,0,1,200,200
0,200,30,1,2,0,1,12,5,200,0,0,0,1,1,200,1,0,0,1,24,200
3,200,30,1,2,0,1,12,5,200,0,0,0,1,1,200,1,0,0,0,60,200
0,200,30,0,0,0,1,7,6,200,0,0,200,0,200,200,1,0,200,2,200,200
0,200,30,0,0,0,1,4,5,200,0,0,0,0,200,200,200,0,200,0,50,200
0,200,30,0,0,0,3,10,2,200,0,0,0,0,200,200,1,200,200,0,200,200
0,200,30,0,0,0,3,10,2,200,0,0,0,0,200,200,1,200,200,1,29,200
0,200,30,0,0,0,1,12,2,200,0,0,0,0,200,200,200,200,200,1,200,200
0,200,30,0,0,0,1,12,2,200,0,0,0,0,200,200,200,200,200,1,200,200
0,200,30,0,0,0,1,10,5,200,0,0,0,0,200,200,200,18,18,0,26,200
0,200,30,0,0,0,1,10,5,200,0,0,0,0,200,200,200,18,18,1,40,200
0,200,30,0,0,0,1,2,3,4,0,0,0,0,200,1,200,0,0,0,59,200
0,200,5,0,0,0,1,7,7,1,0,0,0,1,200,1,200,11,200,1,36,200
0,200,35,1,2,0,1,14,5,200,0,0,0,1,1,200,200,14,0,0,18,200
0,200,35,1,2,0,1,14,5,200,0,0,0,1,1,200,200,14,0,1,25,200
0,200,35,1,2,0,1,14,5,200,0,0,0,1,1,200,200,14,0,0,38,200
1,200,35,1,2,0,1,14,5,200,0,0,0,1,1,200,200,14,0,1,200,200
1,200,35,1,2,0,1,14,5,200,0,0,0,1,1,200,200,14,0,2,200,200
1,200,35,1,2,0,1,14,5,200,0,0,0,1,1,200,200,14,0,2,200,200
0,200,30,1,2,0,3,12,3,2,0,0,0,1,1,200,200,17,200,0,31,200
0,200,30,1,2,0,3,12,3,2,0,0,0,1,1,200,200,17,200,1,44,200
1,200,30,1,2,0,3,12,3,2,0,0,0,1,1,200,200,17,200,1,15,200
0,200,30,0,0,0,1,12,5,200,0,0,0,0,200,200,200,16,22,0,200,200
0,200,30,0,0,0,1,12,5,200,0,0,0,0,200,200,200,16,22,1,72,200
1,200,30,0,0,0,1,12,5,200,0,0,0,0,200,200,200,16,22,0,200,200
0,200,30,1,2,0,1,0,5,5,0,0,0,0,1,200,200,17,0,0,200,200
0,200,30,1,2,0,1,0,5,5,0,0,0,0,1,200,200,17,0,0,73,200
1,200,30,1,2,0,1,0,5,5,0,0,0,0,1,200,200,17,0,1,57,200
0,200,30,1,2,0,1,12,6,2,0,0,0,0,1,200,200,17,0,1,29,200
0,200,30,1,2,0,1,12,6,2,0,0,0,0,1,200,200,17,0,0,24,200
0,200,30,0,0,0,1,10,5,2,0,0,0,1,1,200,1,0,200,0,200,200
0,200,30,0,0,0,1,10,5,2,0,0,0,1,1,200,1,0,200,1,43,200
0,200,10,0,0,0,1,7,7,200,0,0,0,0,200,200,1,0,200,2,200,200
0,200,30,1,2,0,1,0,3,4,0,0,0,1,1,200,0,6,200,0,200,200