PERSON_TYPE,CRASH_DATE_EST_I,POSTED_SPEED_LIMIT,TRAFFIC_CONTROL_DEVICE,DEVICE_CONDITION,WEATHER_CONDITION,LIGHTING_CONDITION,FIRST_CRASH_TYPE,TRAFFICWAY_TYPE,LANE_CNT,ALIGNMENT,ROADWAY_SURFACE_COND,ROAD_DEFECT,CRASH_TYPE,INTERSECTION_RELATED_I,NOT_RIGHT_OF_WAY_I,HIT_AND_RUN_I,PRIM_CONTRIBUTORY_CAUSE,SEC_CONTRIBUTORY_CAUSE,SEX,AGE,BAC_RESULT VALUE
0,200,30,1,2,0,1,0,3,4,0,0,0,1,1,200,0,6,200,0,31,200
0,200,0,0,0,0,1,10,5,200,0,0,0,0,200,200,200,11,0,1,25,200
0,200,0,0,0,0,1,10,5,200,0,0,0,0,200,200,200,11,0,0,50,200
1,200,0,0,0,0,1,10,5,200,0,0,0,0,200,200,200,11,0,1,200,200
0,200,30,1,2,0,1,10,3,200,0,0,0,0,200,200,1,200,200,2,200,200
0,200,30,1,2,0,1,10,3,200,0,0,0,0,200,200,1,200,200,0,200,200
0,200,0,0,0,0,1,7,7,200,0,0,0,0,200,1,200,0,0,0,200,200
0,200,30,2,2,0,1,14,12,2,0,0,0,0,1,200,200,0,0,1,55,200
0,200,30,2,2,0,1,14,12,2,0,0,0,0,1,200,200,0,0,1,33,200
0,200,30,0,0,0,1,10,5,4,1,0,0,1,200,1,1,18,11,0,200,200
0,200,30,0,0,0,1,10,5,4,1,0,0,1,200,1,1,18,11,1,51,200
0,200,30,0,0,0,1,10,5,4,1,0,0,1,200,1,1,18,11,1,200,200
1,200,30,0,0,0,1,10,5,4,1,0,0,1,200,1,1,18,11,0,24,200
0,200,30,2,2,0,1,10,6,3,0,0,0,0,200,200,200,20,200,0,57,200
0,200,30,2,2,0,1,10,6,3,0,0,0,0,200,200,200,20,200,0,37,200
0,200,30,1,2,0,1,10,5,200,0,0,200,0,200,200,200,17,200,1,20,200
0,200,30,1,2,0,1,10,5,200,0,0,200,0,200,200,200,17,200,0,55,200
0,200,5,200,200,0,1,7,7,1,2,0,200,0,200,1,200,0,200,1,47,200
0,200,30,0,0,0,1,10,5,200,0,0,0,0,200,200,200,18,16,0,41,200
0,200,30,0,0,0,1,10,5,200,0,0,0,0,200,200,200,18,16,0,31,200
0,200,35,200,200,0,1,10,5,200,0,0,200,0,200,200,200,0,200,1,200,200
0,200,35,200,200,0,1,10,5,200,0,0,200,0,200,200,200,0,200,0,200,200
0,200,30,1,2,0,1,10,5,4,0,0,0,1,1,200,200,18,200,0,21,200
0,200,30,1,2,0,1,10,5,4,0,0,0,1,1,200,200,18,200,0,28,200
1,200,30,1,2,0,1,10,5,4,0,0,0,1,1,200,200,18,200,1,21,200
1,200,30,1,2,0,1,10,5,4,0,0,0,1,1,200,200,18,200,0,4,200
0,200,30,0,0,0,1,12,5,2,0,0,0,0,200,200,200,0,0,1,37,200
0,200,30,0,0,0,1,12,5,2,0,0,0,0,200,200,200,0,0,0,34,200
0,200,30,1,2,0,1,12,5,4,0,0,0,0,200,200,0,22,11,0,17,200
0,200,30,1,2,0,1,12,5,4,0,0,0,0,200,200,0,22,11,1,28,200
0,200,30,1,2,0,1,10,12,2,0,0,0,1,1,200,200,16,18,0,55,200
0,200,30,1,2,0,1,10,12,2,0,0,0,1,1,200,200,16,18,1,29,200
0,200,30,1,3,0,1,0,5,200,0,0,200,0,1,200,1,0,0,0,200,200
0,200,30,1,3,0,1,0,5,200,0,0,200,0,1,200,1,0,0,1,21,200
0,200,10,0,0,0,1,11,8,200,3,0,0,0,200,200,200,22,200,1,200,200
0,200,10,0,0,0,1,11,8,200,3,0,0,0,200,200,200,22,200,1,41,200
0,200,30,200,200,200,200,11,200,200,0,200,200,0,200,200,200,0,200,0,64,200
0,200,30,200,200,200,200,11,200,200,0,200,200,0,200,200,200,0,200,0,73,200
0,200,30,0,0,0,1,7,5,4,0,0,0,0,200,200,1,0,0,2,200,200
0,200,35,0,0,0,1,12,2,2,0,0,0,0,200,200,1,0,0,0,200,200
0,200,35,0,0,0,1,12,2,2,0,0,0,0,200,200,1,0,0,1,65,200
1,200,35,0,0,0,1,12,2,2,0,0,0,0,200,200,1,0,0,1,41,200
0,200,30,2,2,0,1,0,5,4,0,0,0,1,1,200,200,17,5,0,39,200
0,200,30,2,2,0,1,0,5,4,0,0,0,1,1,200,200,17,5,1,69,200
1,200,30,2,2,0,1,0,5,4,0,0,0,1,1,200,200,17,5,0,30,200
0,200,30,0,0,0,1,12,3,4,0,0,0,0,200,200,200,22,200,0,200,200
0,200,30,0,0,0,1,12,3,4,0,0,0,0,200,200,200,22,200,0,68,200
0,200,35,0,0,0,1,10,5,200,0,0,0,0,200,200,200,13,22,1,35,200
0,200,35,0,0,0,1,10,5,200,0,0,0,0,200,200,200,13,22,1,71,200
0,200,35,1,2,0,1,12,2,200,0,0,0,0,200,200,1,22,200,1,200,200
0,200,35,1,2,0,1,12,2,200,0,0,0,0,200,200,1,22,200,1,68,200
0,200,5,0,0,0,1,7,7,200,0,0,0,0,200,1,1,0,200,0,200,200
1,200,5,0,0,0,1,7,7,200,0,0,0,0,200,1,1,0,200,1,200,200
0,200,30,0,0,0,0,7,5,2,0,200,200,0,200,200,1,0,0,2,200,200
0,200,30,2,12,0,1,0,5,2,0,0,0,0,1,200,200,5,200,0,28,200
0,200,30,2,12,0,1,0,5,2,0,0,0,0,1,200,200,5,200,1,40,200
0,200,30,2,2,0,1,0,5,200,0,0,200,0,200,200,200,17,0,0,200,200
0,200,30,2,2,0,1,0,5,200,0,0,200,0,200,200,200,17,0,1,68,200
0,200,30,0,0,0,1,14,5,4,0,0,0,1,200,200,200,17,200,0,18,200
0,200,30,0,0,0,1,14,5,4,0,0,0,1,200,200,200,17,200,0,25,200
0,200,30,0,0,0,1,14,5,4,0,0,0,1,200,200,200,17,200,0,41,200
1,200,30,0,0,0,1,14,5,4,0,0,0,1,200,200,200,17,200,1,22,200
1,200,30,0,0,0,1,14,5,4,0,0,0,1,200,200,200,17,200,1,1,200
0,200,30,2,0,0,1,14,5,2,0,0,0,0,0,200,200,17,5,0,29,200
0,200,30,2,0,0,1,14,5,2,0,0,0,0,0,200,200,17,5,1,29,200
1,200,30,2,0,0,1,14,5,2,0,0,0,0,0,200,200,17,5,1,6,200
1,200,30,2,0,0,1,14,5,2,0,0,0,0,0,200,200,17,5,1,1,200
1,200,30,2,0,0,1,14,5,2,0,0,0,0,0,200,200,17,5,0,4,200
0,200,30,0,0,0,1,10,5,2,0,0,0,0,200,200,200,27,18,0,49,200
0,200,30,0,0,0,1,10,5,2,0,0,0,0,200,200,200,27,18,0,67,200
0,200,30,0,0,0,1,10,5,2,0,0,0,0,200,200,200,27,18,1,42,200
0,200,30,0,0,0,1,7,6,200,0,0,0,0,200,200,200,11,20,1,67,200
1,200,30,0,0,0,1,7,6,200,0,0,0,0,200,200,200,11,20,1,33,200
0,200,30,0,0,0,1,7,5,200,0,0,0,0,200,200,200,22,16,1,32,200
0,200,40,0,0,0,1,10,3,4,0,0,0,0,200,200,1,18,200,0,200,200
0,200,40,0,0,0,1,10,3,4,0,0,0,0,200,200,1,18,200,0,55,200
0,200,40,0,0,0,1,10,3,4,0,0,0,0,200,200,1,18,200,0,43,200
0,200,30,0,0,0,1,14,5,2,0,0,0,1,200,200,200,8,200,0,52,200
0,200,30,0,0,0,1,14,5,2,0,0,0,1,200,200,200,8,200,0,39,200
0,200,30,2,2,0,1,0,5,200,0,0,0,0,1,200,200,5,0,1,22,200
0,200,30,2,2,0,1,0,5,200,0,0,0,0,1,200,200,5,0,0,60,200
0,200,30,2,2,0,1,14,5,2,0,0,0,0,1,200,200,17,16,0,200,200
0,200,30,2,2,0,1,14,5,2,0,0,0,0,1,200,200,17,16,0,200,200
0,200,30,0,3,0,1,7,3,200,0,0,0,0,200,200,1,0,200,0,200,200
0,200,30,1,2,0,1,12,5,4,0,0,0,0,1,200,1,21,200,1,200,200
0,200,30,1,2,0,1,12,5,4,0,0,0,0,1,200,1,21,200,0,200,200
0,200,30,0,0,0,1,14,5,2,0,0,0,0,200,200,200,17,11,0,40,200
0,200,30,0,0,0,1,14,5,2,0,0,0,0,200,200,200,17,11,1,75,200
0,200,15,1,2,0,1,10,5,200,0,0,0,0,200,200,200,18,16,1,200,200
0,200,15,1,2,0,1,10,5,200,0,0,0,0,200,200,200,18,16,1,41,200
0,200,20,0,0,0,1,3,0,1,0,0,200,1,200,200,200,25,16,0,17,200
0,200,20,0,0,0,1,3,0,1,0,0,200,1,200,200,200,25,16,0,40,200
0,200,30,0,0,200,200,7,5,200,0,200,200,0,200,200,1,17,200,2,200,200
0,200,30,0,0,0,1,10,5,4,0,0,0,0,1,200,200,0,0,1,59,200
0,200,30,0,0,0,1,10,5,4,0,0,0,0,1,200,200,0,0,0,57,200
0,200,30,200,200,200,200,0,200,200,0,200,200,0,200,200,200,0,200,1,59,200
0,200,30,200,200,200,200,0,200,200,0,200,200,0,200,200,200,0,200,0,36,200
1,200,30,200,200,200,200,0,200,200,0,200,200,0,200,200,200,0,200,1,200,200
0,200,30,0,0,0,1,10,5,4,0,0,0,0,200,200,200,16,16,0,48,200
0,200,30,0,0,0,1,10,5,4,0,0,0,0,200,200,200,16,16,1,23,200
0,200,30,1,2,0,1,14,5,2,0,0,0,0,1,200,200,0,200,1,48,200
0,200,30,1,2,0,1,14,5,2,0,0,0,0,1,200,200,0,200,0,37,200
1,200,30,1,2,0,1,14,5,2,0,0,0,0,1,200,200,0,200,0,76,200
0,200,30,0,0,0,1,10,6,200,0,0,0,0,200,200,200,18,200,0,23,200
0,200,30,0,0,0,1,10,6,200,0,0,0,0,200,200,200,18,200,0,55,200
0,200,30,0,0,0,1,10,5,2,0,0,0,0,200,200,200,18,200,0,42,200
0,200,30,0,0,0,1,10,5,2,0,0,0,0,200,200,200,18,200,0,53,200
0,200,35,1,2,0,1,12,5,4,0,0,0,1,1,200,200,22,200,0,21,200
0,200,35,1,2,0,1,12,5,4,0,0,0,1,1,200,200,22,200,0,26,200
1,200,35,1,2,0,1,12,5,4,0,0,0,1,1,200,200,22,200,1,25,200
0,200,30,1,2,0,1,10,2,2,0,0,0,0,200,200,200,18,0,0,62,200
0,200,30,1,2,0,1,10,2,2,0,0,0,0,200,200,200,18,0,1,83,200
1,200,30,1,2,0,1,10,2,2,0,0,0,0,200,200,200,18,0,1,54,200
0,200,30,1,2,0,1,12,5,200,0,0,0,0,1,200,200,0,0,0,55,200
0,200,30,1,2,0,1,12,5,200,0,0,0,0,1,200,200,0,0,0,22,200
0,200,30,2,2,0,1,12,5,2,0,0,0,0,1,200,200,22,200,1,0,200
0,200,30,2,2,0,1,12,5,2,0,0,0,0,1,200,200,22,200,0,38,200
0,200,30,0,0,0,1,12,5,2,2,0,0,0,200,200,200,0,0,1,24,200
0,200,30,0,0,0,1,12,5,2,2,0,0,0,200,200,200,0,0,1,30,200
0,200,30,0,0,0,1,8,5,4,0,0,0,1,200,200,200,21,17,0,72,200
4,200,30,0,0,0,1,8,5,4,0,0,0,1,200,200,200,21,17,0,34,200
0,200,15,0,0,0,1,2,1,200,0,0,0,1,200,1,1,15,200,2,200,200
0,200,30,0,0,0,1,7,6,2,0,0,200,0,200,200,1,0,200,2,200,200
0,200,30,0,0,0,1,0,7,200,0,0,0,0,200,1,1,17,20,1,200,200
0,200,30,0,0,0,1,0,7,200,0,0,0,0,200,1,1,17,20,1,58,200
0,200,30,0,0,0,1,7,5,200,0,0,0,0,200,200,200,21,200,2,200,200
0,200,30,0,0,0,1,12,5,200,0,0,0,0,200,200,200,0,0,0,46,200
0,200,30,0,0,0,1,12,5,200,0,0,0,0,200,200,200,0,0,0,45,200
0,200,30,0,0,0,1,7,2,2,0,0,0,0,200,200,1,0,0,2,200,200
0,200,30,1,2,0,1,10,2,4,0,0,0,0,200,200,200,0,200,1,46,200
0,200,30,1,2,0,1,10,2,4,0,0,0,0,200,200,200,0,200,1,51,200
0,1,30,0,0,0,1,2,6,1,0,0,0,1,200,200,0,0,200,2,200,200
0,200,30,1,2,0,1,10,5,4,0,0,0,1,200,200,1,18,7,1,200,200
0,200,30,1,2,0,1,10,5,4,0,0,0,1,200,200,1,18,7,0,27,200
1,200,30,1,2,0,1,10,5,4,0,0,0,1,200,200,1,18,7,1,25,200
0,200,30,1,2,0,1,14,5,4,0,0,0,1,200,200,200,6,16,1,29,200
0,200,30,1,2,0,1,14,5,4,0,0,0,1,200,200,200,6,16,0,44,200
1,200,30,1,2,0,1,14,5,4,0,0,0,1,200,200,200,6,16,1,29,200
0,200,30,0,0,0,1,0,7,200,0,0,0,0,200,200,1,22,200,1,200,200
0,200,30,0,0,0,1,0,7,200,0,0,0,0,200,200,1,22,200,1,42,200
1,200,30,0,0,0,1,0,7,200,0,0,0,0,200,200,1,22,200,0,200,200
1,200,30,0,0,0,1,0,7,200,0,0,0,0,200,200,1,22,200,0,200,200
0,200,30,0,12,0,1,10,5,200,0,0,0,0,200,200,200,18,18,1,32,200
0,200,30,0,12,0,1,10,5,200,0,0,0,0,200,200,200,18,18,0,44,200
0,200,40,0,0,0,1,10,3,4,0,0,0,0,200,200,200,18,16,0,60,200
0,200,40,0,0,0,1,10,3,4,0,0,0,0,200,200,200,18,16,1,54,200
0,200,25,2,2,0,1,9,5,200,0,0,0,0,1,200,200,0,0,0,47,200
5,200,25,2,2,0,1,9,5,200,0,0,0,0,1,200,200,0,0,0,27,200
0,200,30,1,2,0,1,14,5,200,0,0,200,0,1,200,200,22,21,0,44,200
0,200,30,1,2,0,1,14,5,200,0,0,200,0,1,200,200,22,21,0,34,200
0,200,30,2,2,0,1,10,2,200,0,0,200,0,200,200,200,18,0,0,200,200
0,200,30,2,2,0,1,10,2,200,0,0,200,0,200,200,200,18,0,1,47,200
0,1,30,0,0,200,200,7,6,1,0,200,200,0,200,200,1,0,200,2,200,200
0,200,30,1,2,0,1,10,5,2,0,0,0,1,200,200,200,16,18,0,30,200
0,200,30,1,2,0,1,10,5,2,0,0,0,1,200,200,200,16,18,1,29,200
1,200,30,1,2,0,1,10,5,2,0,0,0,1,200,200,200,16,18,0,44,200
0,200,30,2,2,0,1,14,5,1,0,0,0,0,200,200,200,21,200,1,50,200
0,200,30,2,2,0,1,14,5,1,0,0,0,0,200,200,200,21,200,1,54,200
1,200,30,2,2,0,1,14,5,1,0,0,0,0,200,200,200,21,200,1,29,200
0,200,30,2,200,0,1,0,5,2,0,0,200,1,200,200,200,17,0,1,29,200
0,200,30,2,200,0,1,0,5,2,0,0,200,1,200,200,200,17,0,0,59,200
0,200,30,2,200,0,1,0,5,2,0,0,200,1,200,200,200,17,0,0,40,200
0,200,30,0,0,0,1,10,6,3,0,0,0,0,200,200,200,0,200,0,74,200
0,200,30,0,0,0,1,10,6,3,0,0,0,0,200,200,200,0,200,0,60,200
1,200,30,0,0,0,1,10,6,3,0,0,0,0,200,200,200,0,200,0,200,200
1,200,30,0,0,0,1,10,6,3,0,0,0,0,200,200,200,0,200,0,200,200
0,200,30,0,0,0,1,14,5,200,0,0,200,0,200,200,200,17,200,1,32,200
0,200,30,0,0,0,1,14,5,200,0,0,200,0,200,200,200,17,200,0,55,200
0,200,30,0,0,0,1,11,5,2,0,0,0,0,200,200,200,11,0,0,200,200
0,200,30,0,0,0,1,11,5,2,0,0,0,0,200,200,200,11,0,1,58,200
0,200,30,0,0,0,1,14,2,200,0,0,0,1,200,200,200,11,17,0,88,200
0,200,30,0,0,0,1,14,2,200,0,0,0,1,200,200,200,11,17,0,49,200
1,200,30,0,0,0,1,14,2,200,0,0,0,1,200,200,200,11,17,0,5,200
0,200,30,200,200,200,200,10,200,200,0,200,200,0,200,200,200,0,200,1,28,200
0,200,30,200,200,200,200,10,200,200,0,200,200,0,200,200,200,0,200,0,64,200
0,200,30,200,200,200,200,10,200,200,0,200,200,0,200,200,200,0,200,0,26,200
1,200,30,200,200,200,200,10,200,200,0,200,200,0,200,200,200,0,200,1,34,200
0,200,30,1,2,0,1,8,5,200,0,1,0,1,200,200,1,0,0,0,200,200
4,200,30,1,2,0,1,8,5,200,0,1,0,1,200,200,1,0,0,0,41,200
0,200,30,1,2,0,1,10,5,2,0,0,0,0,200,200,1,0,200,0,200,200
0,200,30,1,2,0,1,10,5,2,0,0,0,0,200,200,1,0,200,1,39,200
0,200,30,0,0,0,1,12,2,200,0,0,0,0,200,200,200,18,22,0,200,200
0,200,30,0,0,0,1,12,2,200,0,0,0,0,200,200,200,18,22,1,30,200
0,200,30,1,2,0,1,8,2,2,0,0,0,1,1,200,1,25,200,0,200,200
4,200,30,1,2,0,1,8,2,2,0,0,0,1,1,200,1,25,200,1,55,200
0,200,30,1,2,0,1,14,5,2,0,0,0,0,200,200,200,0,0,1,33,200
0,200,30,1,2,0,1,14,5,2,0,0,0,0,200,200,200,0,0,0,23,200
0,200,30,0,0,0,1,10,5,2,0,0,0,0,200,200,200,18,200,0,30,200
0,200,30,0,0,0,1,10,5,2,0,0,0,0,200,200,200,18,200,1,36,200
0,200,0,0,0,0,1,0,7,1,0,0,0,0,200,1,200,0,0,1,23,200
0,200,0,0,0,0,1,0,7,1,0,0,0,0,200,1,200,0,0,0,52,200
1,200,0,0,0,0,1,0,7,1,0,0,0,0,200,1,200,0,0,1,18,200
0,200,30,1,2,0,1,10,5,200,0,0,0,0,200,200,200,18,16,0,23,200
0,200,30,1,2,0,1,10,5,200,0,0,0,0,200,200,200,18,16,0,42,200
0,200,30,0,0,0,1,2,0,200,0,0,0,0,200,1,0,25,200,0,17,200
0,200,30,0,0,0,1,7,5,200,0,0,0,0,200,200,1,0,200,2,200,200
0,200,30,0,200,0,1,14,2,2,0,0,200,1,200,200,200,17,0,0,40,200
0,200,30,0,200,0,1,14,2,2,0,0,200,1,200,200,200,17,0,0,32,200
1,200,30,0,200,0,1,14,2,2,0,0,200,1,200,200,200,17,0,1,28,200
1,200,30,0,200,0,1,14,2,2,0,0,200,1,200,200,200,17,0,200,200,200
0,200,30,200,200,0,1,10,5,2,0,0,200,0,200,200,200,0,0,1,22,200
0,200,30,200,200,0,1,10,5,2,0,0,200,0,200,200,200,0,0,1,26,200
0,200,30,200,200,0,1,10,5,2,0,0,200,0,200,200,200,0,0,1,32,200
0,200,30,0,0,0,1,14,2,2,0,0,0,0,200,200,200,17,21,1,38,200
0,200,30,0,0,0,1,14,2,2,0,0,0,0,200,200,200,17,21,0,60,200
0,200,30,0,0,0,1,7,2,2,0,0,0,0,200,200,200,0,200,0,40,200
0,200,30,1,2,0,1,10,5,200,1,0,0,0,1,200,200,18,0,1,68,200
0,200,30,1,2,0,1,10,5,200,1,0,0,0,1,200,200,18,0,0,53,200
0,200,30,1,2,0,1,10,5,200,1,0,0,0,1,200,200,18,0,1,64,200
1,200,30,1,2,0,1,10,5,200,1,0,0,0,1,200,200,18,0,1,64,200
4,200,30,2,0,0,1,8,2,200,0,0,200,1,1,200,200,5,0,0,43,200
0,200,30,2,0,0,1,8,2,200,0,0,200,1,1,200,200,5,0,0,48,200
0,200,30,0,0,0,1,12,5,4,0,0,0,0,200,200,1,17,200,0,200,200
0,200,30,0,0,0,1,12,5,4,0,0,0,0,200,200,1,17,200,0,52,200
0,200,30,1,2,0,1,10,6,200,0,0,0,1,200,200,200,0,200,0,32,200
0,200,30,1,2,0,1,10,6,200,0,0,0,1,200,200,200,0,200,0,42,200
0,200,30,0,0,0,1,7,5,2,0,0,0,0,200,200,1,0,200,2,200,200
0,200,30,0,200,0,1,0,7,4,0,0,200,0,200,200,200,16,0,0,200,200
0,200,30,0,200,0,1,0,7,4,0,0,200,0,200,200,200,16,0,0,47,200
0,200,10,0,0,0,1,7,7,200,0,0,0,0,200,200,1,20,200,0,34,200
0,200,30,200,200,200,200,2,3,2,0,200,200,0,200,1,1,200,200,0,200,200
0,200,30,0,0,0,1,7,6,3,0,0,0,0,200,200,200,22,200,0,24,200
0,200,30,0,0,0,1,7,5,200,0,0,0,0,200,200,1,0,0,2,200,200
0,200,30,0,0,0,1,10,2,200,0,0,0,0,200,200,200,0,0,0,39,200
0,200,30,0,0,0,1,10,2,200,0,0,0,0,200,200,200,0,0,1,33,200
0,200,30,1,2,0,1,10,5,200,0,0,0,0,200,200,200,18,200,0,49,200
0,200,30,1,2,0,1,10,5,200,0,0,0,0,200,200,200,18,200,0,62,200
4,200,30,0,0,0,1,8,3,2,0,0,0,1,1,200,200,25,200,0,56,200
0,200,30,0,0,0,1,8,3,2,0,0,0,1,1,200,200,25,200,0,60,200
0,200,25,2,2,0,1,14,5,2,0,0,0,0,1,200,200,17,11,1,23,200
0,200,25,2,2,0,1,14,5,2,0,0,0,0,1,200,200,17,11,0,48,200
0,200,30,1,2,0,1,14,5,4,0,0,0,0,1,200,1,23,200,0,200,200
0,200,30,1,2,0,1,14,5,4,0,0,0,0,1,200,1,23,200,0,55,200
0,200,30,1,2,0,1,14,6,200,0,0,0,1,200,200,200,23,200,1,51,200
0,200,30,1,2,0,1,14,6,200,0,0,0,1,200,200,200,23,200,0,29,200
0,200,30,200,200,200,200,0,200,200,0,200,200,0,200,200,200,0,200,0,26,200
0,200,30,200,200,200,200,0,200,200,0,200,200,0,200,200,200,0,200,1,70,200
1,200,30,200,200,200,200,0,200,200,0,200,200,0,200,200,200,0,200,0,200,200
1,200,30,200,200,200,200,0,200,200,0,200,200,0,200,200,200,0,200,1,65,200
0,200,30,0,0,0,1,10,5,6,0,0,0,0,200,200,1,18,0,1,200,200
0,200,30,0,0,0,1,10,5,6,0,0,0,0,200,200,1,18,0,1,36,200
0,200,30,0,0,0,1,10,5,200,2,0,0,0,200,200,1,0,0,0,200,200
0,200,30,0,0,0,1,10,5,200,2,0,0,0,200,200,1,0,0,0,55,200
0,200,30,0,0,0,1,12,5,200,0,0,0,0,200,200,200,20,200,1,29,200
0,200,30,2,2,0,1,12,5,2,0,0,0,0,1,200,1,22,21,0,200,200
0,200,30,2,2,0,1,12,5,2,0,0,0,0,1,200,1,22,21,1,32,200
0,200,30,0,0,0,4,14,5,200,0,0,0,0,200,200,200,17,16,0,44,200
0,200,30,0,0,0,4,14,5,200,0,0,0,0,200,200,200,17,16,1,59,200
1,200,30,0,0,0,4,14,5,200,0,0,0,0,200,200,200,17,16,0,200,200
0,200,35,0,0,0,1,0,2,2,0,0,0,0,200,200,200,17,0,0,79,200
0,200,35,0,0,0,1,0,2,2,0,0,0,0,200,200,200,17,0,1,49,200
5,200,25,0,0,0,1,9,6,1,0,0,0,1,200,200,200,0,0,0,5,200
0,200,25,0,0,0,1,9,6,1,0,0,0,1,200,200,200,0,0,0,27,200
1,200,25,0,0,0,1,9,6,1,0,0,0,1,200,200,200,0,0,1,27,200
1,200,25,0,0,0,1,9,6,1,0,0,0,1,200,200,200,0,0,1,200,200
0,1,30,0,0,200,200,7,6,200,0,200,200,0,200,200,1,0,200,2,200,200
0,200,30,2,2,0,1,7,6,200,0,0,0,0,200,200,200,12,12,0,69,200
1,200,30,2,2,0,1,7,6,200,0,0,0,0,200,200,200,12,12,1,73,200
0,200,30,6,0,0,1,12,2,200,0,0,0,0,1,200,200,0,200,0,23,200
0,200,30,6,0,0,1,12,2,200,0,0,0,0,1,200,200,0,200,0,58,200
0,200,30,0,0,0,1,12,5,200,0,0,0,0,200,200,200,22,22,0,25,200
0,200,30,0,0,0,1,12,5,200,0,0,0,0,200,200,200,22,22,1,73,200
1,200,30,0,0,0,1,12,5,200,0,0,0,0,200,200,200,22,22,1,200,200
1,200,30,0,0,0,1,12,5,200,0,0,0,0,200,200,200,22,22,0,71,200
0,200,30,0,0,0,4,14,2,2,0,0,0,0,200,200,200,0,0,0,29,200
0,200,30,0,0,0,4,14,2,2,0,0,0,0,200,200,200,0,0,1,20,200
1,200,30,0,0,0,4,14,2,2,0,0,0,0,200,200,200,0,0,1,7,200
0,200,30,0,0,0,3,7,5,200,0,0,0,0,200,200,1,200,200,2,200,200
0,200,30,1,2,0,1,14,5,2,0,0,0,0,200,200,200,23,200,1,28,200
0,200,30,1,2,0,1,14,5,2,0,0,0,0,200,200,200,23,200,1,28,200
0,200,30,1,2,200,1,10,5,2,0,200,0,0,200,200,200,16,0,0,31,200
0,200,30,1,2,200,1,10,5,2,0,200,0,0,200,200,200,16,0,0,35,200
4,200,30,0,0,0,1,8,2,2,0,0,0,0,0,200,200,0,200,0,200,200
0,200,30,0,0,0,1,8,2,2,0,0,0,0,0,200,200,0,200,0,43,200
0,200,30,0,0,0,3,14,2,2,0,0,0,0,1,200,200,23,23,1,17,200
0,200,30,0,0,0,3,14,2,2,0,0,0,0,1,200,200,23,23,1,39,200
1,200,30,0,0,0,3,14,2,2,0,0,0,0,1,200,200,23,23,0,200,200
1,200,30,0,0,0,3,14,2,2,0,0,0,0,1,200,200,23,23,1,18,200
1,200,30,0,0,0,3,14,2,2,0,0,0,0,1,200,200,23,23,0,200,200
0,200,45,0,0,0,4,14,2,4,0,0,0,1,200,200,200,23,21,0,19,200
0,200,45,0,0,0,4,14,2,4,0,0,0,1,200,200,200,23,21,1,28,200
0,200,45,0,0,0,4,14,2,4,0,0,0,1,200,200,200,23,21,0,34,200
1,200,45,0,0,0,4,14,2,4,0,0,0,1,200,200,200,23,21,0,19,200
1,200,45,0,0,0,4,14,2,4,0,0,0,1,200,200,200,23,21,0,19,200
0,200,35,0,0,0,0,10,5,200,0,0,0,1,200,200,200,18,18,0,44,200
0,200,35,0,0,0,0,10,5,200,0,0,0,1,200,200,200,18,18,1,53,200
1,200,35,0,0,0,0,10,5,200,0,0,0,1,200,200,200,18,18,0,69,200
0,200,30,1,2,0,3,14,5,5,0,0,0,0,1,200,200,7,200,1,24,200
0,200,30,1,2,0,3,14,5,5,0,0,0,0,1,200,200,7,200,0,58,200
0,200,30,9,2,0,1,10,2,4,0,0,0,1,200,200,1,14,18,0,200,200
0,200,30,9,2,0,1,10,2,4,0,0,0,1,200,200,1,14,18,1,30,200
0,200,30,1,2,0,4,10,5,2,0,0,0,1,200,200,200,18,11,0,40,200
0,200,30,1,2,0,4,10,5,2,0,0,0,1,200,200,200,18,11,1,36,200
1,200,30,1,2,0,4,10,5,2,0,0,0,1,200,200,200,18,11,0,3,200
0,200,30,1,2,0,3,10,5,4,0,0,0,0,1,200,1,0,200,2,200,200
0,200,30,1,2,0,3,10,5,4,0,0,0,0,1,200,1,0,200,1,48,200
0,200,30,0,0,2,1,10,3,4,0,1,0,0,200,200,200,7,34,0,39,200
0,200,30,0,0,2,1,10,3,4,0,1,0,0,200,200,200,7,34,1,29,200
0,200,30,0,0,2,1,10,3,4,0,1,0,0,200,200,200,7,34,0,200,200
0,200,30,1,2,0,1,10,5,200,0,0,0,0,200,200,200,18,200,0,42,200
0,200,30,1,2,0,1,10,5,200,0,0,0,0,200,200,200,18,200,1,58,200
0,200,30,0,0,0,4,10,3,200,0,0,0,0,200,200,200,0,0,0,200,200
0,200,30,0,0,0,4,10,3,200,0,0,0,0,200,200,200,0,0,1,200,200
0,200,30,0,0,0,4,10,3,200,0,0,0,0,200,200,200,0,0,1,40,200
0,200,30,1,2,0,3,14,2,4,0,0,0,0,1,200,200,23,23,0,39,200
0,200,30,1,2,0,3,14,2,4,0,0,0,0,1,200,200,23,23,1,20,200
0,200,30,1,2,0,3,10,5,4,0,0,0,0,1,200,200,18,0,0,38,200