PERSON_TYPE,CRASH_DATE_EST_I,POSTED_SPEED_LIMIT,TRAFFIC_CONTROL_DEVICE,DEVICE_CONDITION,WEATHER_CONDITION,LIGHTING_CONDITION,FIRST_CRASH_TYPE,TRAFFICWAY_TYPE,LANE_CNT,ALIGNMENT,ROADWAY_SURFACE_COND,ROAD_DEFECT,CRASH_TYPE,INTERSECTION_RELATED_I,NOT_RIGHT_OF_WAY_I,HIT_AND_RUN_I,PRIM_CONTRIBUTORY_CAUSE,SEC_CONTRIBUTORY_CAUSE,SEX,AGE,BAC_RESULT VALUE
0,200,30,1,2,0,3,10,5,4,0,0,0,0,1,200,200,18,0,1,45,200
0,200,30,0,0,0,1,12,6,200,0,0,0,0,200,200,200,21,16,0,36,200
0,200,30,0,0,0,1,12,6,200,0,0,0,0,200,200,200,21,16,1,34,200
0,200,30,1,2,0,3,12,5,200,0,0,0,0,200,200,200,22,200,1,24,200
0,200,30,1,2,0,3,12,5,200,0,0,0,0,200,200,200,22,200,0,200,200
0,200,30,0,0,0,1,7,7,200,0,0,0,0,200,200,200,0,0,0,200,200
0,200,45,0,0,0,1,10,3,8,0,0,0,1,200,200,200,18,0,1,0,200
0,200,45,0,0,0,1,10,3,8,0,0,0,1,200,200,200,18,0,0,52,200
0,200,30,1,2,2,3,12,5,2,0,1,0,0,1,200,200,21,200,0,22,200
0,200,30,1,2,2,3,12,5,2,0,1,0,0,1,200,200,21,200,0,37,200
0,200,30,1,2,0,3,12,2,4,0,0,0,0,200,200,1,22,0,0,36,200
0,200,30,1,2,0,3,12,2,4,0,0,0,0,200,200,1,22,0,0,200,200
1,200,30,1,2,0,3,12,2,4,0,0,0,0,200,200,1,22,0,0,13,200
1,200,30,1,2,0,3,12,2,4,0,0,0,0,200,200,1,22,0,0,12,200
0,200,30,1,2,0,3,0,5,4,0,0,0,1,1,200,200,16,17,1,58,200
0,200,30,1,2,0,3,0,5,4,0,0,0,1,1,200,200,16,17,1,32,200
1,200,30,1,2,0,3,0,5,4,0,0,0,1,1,200,200,16,17,0,37,200
0,200,30,0,0,0,4,14,2,200,0,0,3,0,200,200,200,11,11,1,34,200
0,200,30,0,0,0,4,14,2,200,0,0,3,0,200,200,200,11,11,1,38,200
0,200,30,0,0,0,1,10,5,200,0,0,0,1,200,200,200,0,200,0,46,200
0,200,30,0,0,0,1,10,5,200,0,0,0,1,200,200,200,0,200,1,32,200
0,200,30,0,0,0,3,7,6,1,0,0,0,1,200,200,200,25,27,1,21,200
0,200,30,2,2,2,1,0,5,0,0,1,0,0,1,200,200,17,200,1,27,200
0,200,30,2,2,2,1,0,5,0,0,1,0,0,1,200,200,17,200,0,74,200
0,1,30,1,200,0,1,10,5,8,0,0,200,0,1,200,200,18,11,0,200,200
0,1,30,1,200,0,1,10,5,8,0,0,200,0,1,200,200,18,11,0,61,200
0,1,30,1,200,0,1,10,5,8,0,0,200,0,1,200,200,18,11,0,200,200
0,200,30,1,2,0,3,8,2,200,0,0,0,1,1,200,200,17,200,1,31,200
4,200,30,1,2,0,3,8,2,200,0,0,0,1,1,200,200,17,200,0,20,200
0,200,55,0,0,0,3,4,12,200,2,0,0,1,200,200,200,12,200,0,21,200
1,200,55,0,0,0,3,4,12,200,2,0,0,1,200,200,200,12,200,0,22,200
0,200,30,0,0,0,1,7,6,1,0,0,0,0,200,200,1,0,0,2,200,200
0,200,35,0,2,0,4,14,5,2,0,0,0,1,200,200,200,16,7,0,31,200
0,200,35,0,2,0,4,14,5,2,0,0,0,1,200,200,200,16,7,1,28,200
5,200,30,2,2,0,3,9,5,200,0,0,0,0,1,200,200,19,200,0,73,200
0,200,30,2,2,0,3,9,5,200,0,0,0,0,1,200,200,19,200,0,42,200
0,200,30,2,2,0,0,10,5,0,0,0,0,0,1,200,200,18,200,0,60,200
0,200,30,2,2,0,0,10,5,0,0,0,0,0,1,200,200,18,200,0,56,200
1,200,30,2,2,0,0,10,5,0,0,0,0,0,1,200,200,18,200,0,52,200
1,200,30,2,2,0,0,10,5,0,0,0,0,0,1,200,200,18,200,0,44,200
0,200,30,1,2,0,3,14,2,200,0,0,0,0,1,200,200,18,0,0,200,200
0,200,30,1,2,0,3,14,2,200,0,0,0,0,1,200,200,18,0,1,26,200
0,200,30,1,2,0,3,0,3,2,0,0,0,1,1,200,1,6,14,0,25,200
0,200,30,1,2,0,3,0,3,2,0,0,0,1,1,200,1,6,14,0,200,200
1,200,30,1,2,0,3,0,3,2,0,0,0,1,1,200,1,6,14,200,200,200
1,200,30,1,2,0,3,0,3,2,0,0,0,1,1,200,1,6,14,200,200,200
1,200,30,1,2,0,3,0,3,2,0,0,0,1,1,200,1,6,14,200,200,200
0,200,10,0,0,0,3,7,12,200,0,0,0,0,200,1,1,200,200,2,200,200
0,200,30,0,0,0,4,10,2,200,0,200,200,1,0,200,0,14,0,0,24,200
0,200,30,0,0,0,4,10,2,200,0,200,200,1,0,200,0,14,0,0,41,200
0,200,30,0,0,0,0,7,5,200,0,200,200,1,200,200,200,22,21,0,45,200
0,0,30,0,0,0,3,12,5,1,0,0,0,0,200,200,1,20,19,0,29,200
0,0,30,0,0,0,3,12,5,1,0,0,0,0,200,200,1,20,19,0,200,200
1,0,30,0,0,0,3,12,5,1,0,0,0,0,200,200,1,20,19,0,24,200
1,0,30,0,0,0,3,12,5,1,0,0,0,0,200,200,1,20,19,200,22,200
0,200,30,2,2,0,3,0,2,4,0,0,0,1,1,200,200,17,200,1,27,200
0,200,30,2,2,0,3,0,2,4,0,0,0,1,1,200,200,17,200,0,24,200
0,200,30,0,0,0,3,7,2,200,0,0,0,0,200,200,200,0,200,1,35,200
0,200,30,1,2,0,1,14,2,200,0,0,0,0,200,200,1,23,200,1,200,200
0,200,30,1,2,0,1,14,2,200,0,0,0,0,200,200,1,23,200,0,59,200
0,200,25,0,0,0,3,10,6,200,0,0,0,1,200,200,200,20,20,0,26,200
0,200,25,0,0,0,3,10,6,200,0,0,0,1,200,200,200,20,20,0,36,200
1,200,25,0,0,0,3,10,6,200,0,0,0,1,200,200,200,20,20,200,200,200
1,200,25,0,0,0,3,10,6,200,0,0,0,1,200,200,200,20,20,0,200,200
0,200,30,1,2,0,0,0,5,2,0,0,0,1,200,200,1,17,200,2,200,200
0,200,30,1,2,0,0,0,5,2,0,0,0,1,200,200,1,17,200,0,30,200
0,200,25,0,0,0,3,0,0,200,0,0,0,0,200,200,200,17,0,0,54,200
0,200,25,0,0,0,3,0,0,200,0,0,0,0,200,200,200,17,0,1,200,200
0,200,30,2,2,0,3,2,2,2,0,0,0,0,200,200,200,14,21,0,35,200
0,200,30,0,0,0,3,7,5,2,0,0,0,1,200,200,1,32,16,0,27,200
1,200,30,0,0,0,3,7,5,2,0,0,0,1,200,200,1,32,16,0,39,200
0,200,30,4,2,0,3,12,5,2,0,0,0,0,200,200,1,0,0,0,200,200
0,200,30,4,2,0,3,12,5,2,0,0,0,0,200,200,1,0,0,0,34,200
1,200,30,4,2,0,3,12,5,2,0,0,0,0,200,200,1,0,0,0,200,200
1,200,30,4,2,0,3,12,5,2,0,0,0,0,200,200,1,0,0,0,200,200
1,200,30,4,2,0,3,12,5,2,0,0,0,0,200,200,1,0,0,1,21,200
0,200,30,1,2,0,3,10,5,200,0,0,0,0,1,200,1,18,16,1,21,200
0,200,30,0,0,0,3,0,5,2,0,0,0,0,200,200,1,0,0,0,200,200
0,200,30,0,0,0,3,0,5,2,0,0,0,0,200,200,1,0,0,1,59,200
0,200,30,0,0,0,0,2,12,0,0,0,0,1,200,200,200,25,14,2,200,200
0,200,30,0,0,0,3,2,2,4,0,0,0,1,200,200,200,200,200,1,18,200
0,200,30,1,2,0,3,10,5,200,0,0,0,0,1,200,200,0,0,1,30,200
0,200,30,1,2,0,3,10,5,200,0,0,0,0,1,200,200,0,0,0,28,200
0,200,25,0,0,0,3,7,6,1,0,0,0,0,200,200,200,20,0,0,42,200
0,200,25,0,0,0,3,7,6,200,0,0,0,0,200,200,1,20,200,2,200,200
0,200,15,0,0,0,1,0,12,6,0,0,0,0,200,200,200,5,5,0,25,200
0,200,15,0,0,0,1,0,12,6,0,0,0,0,200,200,200,5,5,0,47,200
0,200,35,0,0,0,1,14,5,200,0,0,0,1,200,200,200,23,17,1,27,200
0,200,35,0,0,0,1,14,5,200,0,0,0,1,200,200,200,23,17,0,22,200
0,200,30,1,2,0,1,14,6,3,0,0,0,0,1,200,200,4,21,1,36,200
0,200,30,1,2,0,1,14,6,3,0,0,0,0,1,200,200,4,21,0,45,200
0,200,30,2,0,0,1,10,5,2,0,0,0,0,200,200,1,20,0,1,63,200
0,200,30,2,0,0,1,10,5,2,0,0,0,0,200,200,1,20,0,0,200,200
0,200,30,0,0,0,1,10,2,4,0,0,0,0,200,200,200,16,18,0,39,200
0,200,30,0,0,0,1,10,2,4,0,0,0,0,200,200,200,16,18,0,27,200
0,200,30,1,2,0,3,14,6,200,0,0,0,1,200,200,200,23,200,0,0,200
0,200,30,1,2,0,3,14,6,200,0,0,0,1,200,200,200,23,200,0,0,200
0,200,30,1,2,0,1,14,12,4,0,0,0,1,1,200,200,17,0,2,56,200
0,200,30,1,2,0,1,14,12,4,0,0,0,1,1,200,200,17,0,0,34,200
0,200,30,0,0,0,1,7,5,2,0,0,3,0,200,200,200,33,11,1,20,200
0,200,30,1,2,0,1,14,12,0,0,0,0,0,200,200,200,17,17,0,38,200
0,200,30,1,2,0,1,14,12,0,0,0,0,0,200,200,200,17,17,0,61,200
0,200,30,1,2,0,1,12,2,200,2,0,0,0,200,200,1,27,200,1,200,200
0,200,30,1,2,0,1,12,2,200,2,0,0,0,200,200,1,27,200,0,33,200
0,200,30,0,0,0,1,7,6,200,0,0,0,1,200,200,200,8,200,0,20,200
0,200,35,2,2,0,1,0,2,200,0,0,0,0,200,200,200,0,0,0,21,200
0,200,35,2,2,0,1,0,2,200,0,0,0,0,200,200,200,0,0,1,44,200
0,200,30,1,2,0,1,12,1,4,0,0,0,0,200,200,200,22,200,0,26,200
0,200,30,1,2,0,1,12,1,4,0,0,0,0,200,200,200,22,200,1,59,200
0,200,30,0,0,0,1,12,5,2,0,0,0,0,200,200,200,21,0,0,24,200
0,200,30,0,0,0,1,12,5,2,0,0,0,0,200,200,200,21,0,0,43,200
1,200,30,2,2,0,1,10,5,2,0,0,0,0,1,200,200,18,0,0,200,200
0,200,30,2,2,0,1,10,5,2,0,0,0,0,1,200,200,18,0,0,23,200
0,200,30,2,2,0,1,10,5,2,0,0,0,0,1,200,200,18,0,0,50,200
1,200,30,2,2,0,1,10,5,2,0,0,0,0,1,200,200,18,0,0,200,200
1,200,30,2,2,0,1,10,5,2,0,0,0,0,1,200,200,18,0,0,200,200
1,200,30,2,2,0,1,10,5,2,0,0,0,0,1,200,200,18,0,0,200,200
1,200,30,2,2,0,1,10,5,2,0,0,0,0,1,200,200,18,0,0,200,200
1,200,30,2,2,0,1,10,5,2,0,0,0,0,1,200,200,18,0,0,200,200
0,200,25,0,0,0,1,7,12,200,0,0,0,0,200,200,1,200,200,0,31,200
0,200,30,0,0,0,1,7,5,4,0,0,0,0,200,200,200,23,200,0,21,200
0,200,30,1,1,0,1,8,5,2,0,0,0,1,200,200,200,16,33,1,34,200
4,200,30,1,1,0,1,8,5,2,0,0,0,1,200,200,200,16,33,0,22,200
0,200,30,0,0,0,1,10,6,200,0,0,0,1,200,200,200,16,200,0,73,200
0,200,30,0,0,0,1,10,6,200,0,0,0,1,200,200,200,16,200,0,48,200
1,200,30,0,0,0,1,10,6,200,0,0,0,1,200,200,200,16,200,1,200,200
1,200,30,0,0,0,1,10,6,200,0,0,0,1,200,200,200,16,200,0,16,200
0,200,0,0,0,0,1,2,12,0,0,0,0,0,200,200,200,200,200,0,58,200
0,200,30,0,0,0,1,10,5,200,0,0,0,0,200,200,200,16,200,1,0,200
0,200,30,0,0,0,1,10,5,200,0,0,0,0,200,200,200,16,200,0,32,200
0,200,30,0,0,0,1,10,5,200,0,0,0,0,200,200,200,16,200,1,45,200
0,200,30,0,0,0,1,10,5,200,0,0,0,0,200,200,200,16,200,1,19,200
0,200,25,0,0,0,1,11,5,2,0,0,0,0,200,200,200,20,200,0,25,200
0,200,25,0,0,0,1,11,5,2,0,0,0,0,200,200,200,20,200,1,63,200
0,200,30,1,1,0,3,0,12,0,0,0,0,0,1,200,200,17,17,0,24,200
0,200,30,1,1,0,3,0,12,0,0,0,0,0,1,200,200,17,17,0,66,200
0,200,30,1,2,0,1,12,2,4,0,0,0,0,200,200,1,0,0,2,200,200
0,200,30,1,2,0,1,12,2,4,0,0,0,0,200,200,1,0,0,1,29,200
0,200,25,0,0,0,1,7,5,200,0,0,0,0,200,200,200,17,200,0,25,200
0,200,35,1,2,0,1,14,3,200,0,0,0,0,1,200,200,0,0,1,71,200
0,200,35,1,2,0,1,14,3,200,0,0,0,0,1,200,200,0,0,0,40,200
0,200,30,2,2,0,1,0,12,1,0,0,0,0,1,200,200,0,0,1,33,200
0,200,30,2,2,0,1,0,12,1,0,0,0,0,1,200,200,0,0,1,39,200
0,200,30,0,0,0,1,14,1,200,0,0,0,0,1,200,200,0,200,0,36,200
0,200,30,0,0,0,1,14,1,200,0,0,0,0,1,200,200,0,200,0,43,200
0,200,30,1,2,0,1,10,1,4,0,0,0,0,1,200,200,18,200,0,25,200
0,200,30,1,2,0,1,10,1,4,0,0,0,0,1,200,200,18,200,0,24,200
0,200,40,0,0,0,1,10,3,8,0,0,0,0,200,200,200,16,17,0,25,200
0,200,40,0,0,0,1,10,3,8,0,0,0,0,200,200,200,16,17,0,35,200
0,200,15,0,0,0,1,7,6,200,0,0,0,0,200,200,1,0,200,2,200,200
0,200,30,0,0,0,1,10,7,200,0,0,0,0,200,200,200,20,200,0,85,200
0,200,30,0,0,0,1,10,7,200,0,0,0,0,200,200,200,20,200,1,40,200
0,200,30,0,1,0,0,14,2,200,0,0,0,0,200,200,200,23,0,0,67,200
0,200,30,0,1,0,0,14,2,200,0,0,0,0,200,200,200,23,0,1,33,200
0,200,25,0,0,0,1,14,5,2,0,0,0,0,200,200,200,23,0,0,22,200
0,200,25,0,0,0,1,14,5,2,0,0,0,0,200,200,200,23,0,1,55,200
0,200,15,0,0,0,1,12,6,200,0,0,0,0,200,200,200,17,200,0,18,200
0,200,15,0,0,0,1,12,6,200,0,0,0,0,200,200,200,17,200,1,38,200
0,200,30,1,2,0,1,14,2,200,0,0,0,0,1,200,200,0,200,1,42,200
0,200,30,1,2,0,1,14,2,200,0,0,0,0,1,200,200,0,200,1,87,200
1,200,30,1,2,0,1,14,2,200,0,0,0,0,1,200,200,0,200,0,90,200
0,200,30,1,2,0,1,14,12,0,0,0,0,1,1,200,200,17,200,1,25,200
0,200,30,1,2,0,1,14,12,0,0,0,0,1,1,200,200,17,200,0,19,200
0,200,30,0,0,0,1,12,5,4,0,0,200,0,200,200,200,0,0,1,58,200
0,200,30,0,0,0,1,12,5,4,0,0,200,0,200,200,200,0,0,1,60,200
0,200,30,1,2,0,1,14,5,8,0,0,0,1,1,200,200,17,16,1,64,200
0,200,30,1,2,0,1,14,5,8,0,0,0,1,1,200,200,17,16,0,31,200
0,200,30,1,2,0,3,14,5,0,0,0,0,0,200,200,200,21,0,0,29,200
0,200,30,1,2,0,3,14,5,0,0,0,0,0,200,200,200,21,0,0,26,200
1,200,30,1,2,0,3,14,5,0,0,0,0,0,200,200,200,21,0,200,200,200
0,200,25,0,0,0,1,7,7,200,0,0,0,0,200,1,200,0,200,0,58,200
0,1,30,0,0,200,200,7,5,200,0,0,0,0,200,200,1,17,17,2,200,200
0,200,35,1,2,0,1,10,3,200,0,0,200,0,1,200,200,0,0,0,31,200
0,200,35,1,2,0,1,10,3,200,0,0,200,0,1,200,200,0,0,0,64,200
1,200,35,1,2,0,1,10,3,200,0,0,200,0,1,200,200,0,0,0,65,200
0,200,30,0,0,0,1,12,2,200,0,0,0,0,200,200,200,22,200,0,18,200
0,200,30,0,0,0,1,12,2,200,0,0,0,0,200,200,200,22,200,1,21,200
0,200,30,0,0,0,1,0,6,200,0,0,0,0,200,200,1,2,2,0,200,200
0,200,30,0,0,0,1,0,6,200,0,0,0,0,200,200,1,2,2,0,27,200
0,200,15,0,0,0,1,3,0,200,0,0,0,0,200,200,200,0,0,1,200,200
0,200,15,0,0,0,1,3,0,200,0,0,0,0,200,200,200,0,0,0,23,200
0,200,15,0,0,0,1,3,0,200,0,0,0,0,200,200,200,0,0,0,64,200
1,200,15,0,0,0,1,3,0,200,0,0,0,0,200,200,200,0,0,2,200,200
1,200,15,0,0,0,1,3,0,200,0,0,0,0,200,200,200,0,0,2,200,200
1,200,15,0,0,0,1,3,0,200,0,0,0,0,200,200,200,0,0,2,200,200
1,200,15,0,0,0,1,3,0,200,0,0,0,0,200,200,200,0,0,1,23,200
0,200,30,1,2,0,1,14,5,200,0,0,0,0,1,200,200,22,16,0,35,200
0,200,30,1,2,0,1,14,5,200,0,0,0,0,1,200,200,22,16,0,47,200
0,200,30,0,0,0,1,7,3,2,0,0,0,0,200,200,200,200,200,1,47,200
0,1,30,0,0,200,1,12,5,200,0,200,0,0,200,200,200,0,0,0,27,200
0,1,30,0,0,200,1,12,5,200,0,200,0,0,200,200,200,0,0,0,41,200
0,200,25,0,200,0,1,12,7,2,0,200,200,0,200,1,200,16,200,0,81,200
0,200,25,0,200,0,1,12,7,2,0,200,200,0,200,1,200,16,200,0,28,200
0,200,15,0,2,0,1,0,0,200,0,0,0,1,200,200,1,17,17,2,200,200
0,200,15,0,2,0,1,0,0,200,0,0,0,1,200,200,1,17,17,0,34,200
1,200,15,0,2,0,1,0,0,200,0,0,0,1,200,200,1,17,17,2,200,200
1,200,15,0,2,0,1,0,0,200,0,0,0,1,200,200,1,17,17,1,200,200
0,200,45,0,0,0,1,12,12,200,0,0,0,0,200,200,1,21,22,0,200,200
0,200,45,0,0,0,1,12,12,200,0,0,0,0,200,200,1,21,22,0,53,200
0,1,30,0,0,0,3,7,5,2,0,0,0,1,200,200,1,25,0,2,200,200
0,200,30,1,2,0,1,14,5,200,0,0,0,0,200,200,1,21,200,0,200,200
0,200,30,1,2,0,1,14,5,200,0,0,0,0,200,200,1,21,200,1,200,200
1,200,30,1,2,0,1,14,5,200,0,0,0,0,200,200,1,21,200,0,16,200
1,200,30,1,2,0,1,14,5,200,0,0,0,0,200,200,1,21,200,0,14,200
5,200,30,1,2,0,1,9,6,200,0,0,0,0,1,200,200,2,200,1,200,200
0,200,30,1,2,0,1,9,6,200,0,0,0,0,1,200,200,2,200,0,47,200
0,200,20,0,0,0,1,12,6,1,0,0,0,0,200,200,200,0,0,0,24,200
0,200,20,0,0,0,1,12,6,1,0,0,0,0,200,200,200,0,0,1,25,200
1,200,20,0,0,0,1,12,6,1,0,0,0,0,200,200,200,0,0,2,200,200
1,200,20,0,0,0,1,12,6,1,0,0,0,0,200,200,200,0,0,2,200,200
0,200,30,0,0,0,1,12,2,200,0,0,0,0,200,200,200,0,0,1,21,200
0,200,30,0,0,0,1,12,2,200,0,0,0,0,200,200,200,0,0,1,200,200
1,200,30,0,0,0,1,12,2,200,0,0,0,0,200,200,200,0,0,1,200,200
1,200,30,0,0,0,1,12,2,200,0,0,0,0,200,200,200,0,0,1,200,200
0,200,30,1,2,0,1,0,5,200,0,0,0,0,200,200,200,0,0,1,69,200
0,200,30,1,2,0,1,0,5,200,0,0,0,0,200,200,200,0,0,0,49,200
4,200,30,0,0,0,1,8,2,4,0,0,0,1,200,200,200,16,21,0,27,200
0,200,30,0,0,0,1,8,2,4,0,0,0,1,200,200,200,16,21,0,60,200
0,200,30,0,0,0,1,12,6,4,0,0,0,0,200,200,200,0,200,1,20,200
0,200,30,0,0,0,1,12,6,4,0,0,0,0,200,200,200,0,200,1,26,200
0,200,30,0,0,0,1,7,6,200,0,0,0,1,200,200,200,0,0,0,36,200
0,200,25,0,0,2,1,10,5,200,0,1,0,0,200,200,1,18,18,0,200,200
0,200,25,0,0,2,1,10,5,200,0,1,0,0,200,200,1,18,18,0,47,200
0,200,30,0,0,0,1,12,5,2,0,0,0,1,200,200,1,17,200,0,200,200
0,200,30,0,0,0,1,12,5,2,0,0,0,1,200,200,1,17,200,0,32,200
0,200,20,0,0,0,1,2,0,200,0,0,0,0,200,1,200,20,200,1,57,200
0,200,30,0,0,0,1,12,5,200,0,0,0,0,1,200,1,22,17,1,200,200
0,200,30,0,0,0,1,12,5,200,0,0,0,0,1,200,1,22,17,0,43,200
0,200,30,1,2,0,1,14,3,8,2,0,0,0,1,200,200,0,0,1,69,200
0,200,30,1,2,0,1,14,3,8,2,0,0,0,1,200,200,0,0,0,55,200
0,200,30,1,2,0,1,10,5,200,0,0,0,0,200,200,200,18,0,0,24,200
0,200,30,1,2,0,1,10,5,200,0,0,0,0,200,200,200,18,0,0,200,200
1,200,30,1,2,0,1,10,5,200,0,0,0,0,200,200,200,18,0,1,25,200
0,200,30,0,0,0,1,7,3,4,0,0,0,0,200,200,1,0,0,2,200,200
0,200,30,1,2,0,1,14,5,4,0,0,0,0,1,200,200,0,200,1,70,200
0,200,30,1,2,0,1,14,5,4,0,0,0,0,1,200,200,0,200,1,43,200
0,200,30,0,0,0,1,7,6,1,0,0,0,1,200,200,200,200,200,0,35,200
0,200,35,0,0,0,1,10,5,200,0,0,0,0,200,200,200,18,200,0,38,200
0,200,35,0,0,0,1,10,5,200,0,0,0,0,200,200,200,18,200,0,56,200
0,200,30,0,0,0,1,0,6,200,0,0,0,0,200,200,200,17,33,0,0,200
0,200,30,0,0,0,1,0,6,200,0,0,0,0,200,200,200,17,33,0,200,200
0,200,35,200,200,200,1,7,6,1,0,200,200,0,200,200,0,0,0,2,200,200
0,200,30,0,0,0,1,12,2,2,0,12,12,0,200,200,200,17,18,1,29,200
0,200,30,0,0,0,1,12,2,2,0,12,12,0,200,200,200,17,18,0,59,200
4,200,20,0,0,0,1,8,5,200,0,0,0,0,200,200,1,0,200,0,200,200
0,200,20,0,0,0,1,8,5,200,0,0,0,0,200,200,1,0,200,0,80,200
0,1,35,0,0,200,200,7,5,2,0,200,0,0,200,200,1,0,200,2,200,200
0,200,30,1,2,0,1,14,1,4,0,0,0,0,1,200,200,0,200,0,63,200
0,200,30,1,2,0,1,14,1,4,0,0,0,0,1,200,200,0,200,1,58,200
0,200,30,200,200,200,0,7,6,200,0,0,0,0,200,200,1,0,0,1,200,200
0,200,30,1,2,0,1,14,2,4,0,0,0,0,1,200,200,17,200,0,200,200
0,200,30,1,2,0,1,14,2,4,0,0,0,0,1,200,200,17,200,0,59,200
5,200,30,1,2,0,1,9,2,2,0,0,0,1,200,200,200,200,200,0,56,200
0,200,30,1,2,0,1,9,2,2,0,0,0,1,200,200,200,200,200,0,37,200
0,200,15,0,0,0,1,14,6,3,0,0,0,0,200,200,200,17,21,1,23,200
0,200,15,0,0,0,1,14,6,3,0,0,0,0,200,200,200,17,21,0,28,200
4,200,30,0,0,0,1,8,6,2,0,0,0,1,200,200,200,22,200,1,49,200
0,200,30,0,0,0,1,8,6,2,0,0,0,1,200,200,200,22,200,0,29,200
1,200,30,0,0,0,1,8,6,2,0,0,0,1,200,200,200,22,200,1,48,200
0,200,30,1,0,0,1,10,2,2,0,0,0,0,1,200,200,18,200,0,200,200
0,200,30,1,0,0,1,10,2,2,0,0,0,0,1,200,200,18,200,1,75,200
0,200,30,1,0,0,1,10,2,2,0,0,0,0,1,200,200,18,200,0,57,200
0,200,30,0,0,0,1,14,5,2,0,0,0,0,200,200,200,22,17,0,36,200
0,200,30,0,0,0,1,14,5,2,0,0,0,0,200,200,200,22,17,0,69,200
0,200,30,0,0,0,1,7,5,2,0,0,0,0,200,200,200,20,200,0,42,200
0,200,30,0,0,0,1,12,3,200,0,0,0,0,200,200,200,22,0,1,32,200
0,200,30,0,0,0,1,12,3,200,0,0,0,0,200,200,200,22,0,0,53,200
0,200,30,0,0,0,1,2,3,200,0,0,0,0,200,1,0,3,0,2,200,200
0,200,30,0,0,0,3,7,6,1,0,0,0,0,200,200,1,0,0,2,200,200
0,200,10,0,0,0,1,5,7,200,0,0,0,0,200,1,200,0,200,0,38,200
0,200,30,1,2,0,1,14,5,4,0,0,0,0,1,200,200,17,22,1,46,200
0,200,30,1,2,0,1,14,5,4,0,0,0,0,1,200,200,17,22,1,37,200
0,200,30,1,1,0,1,12,2,200,0,0,0,0,200,200,200,16,22,0,51,200
0,200,30,1,1,0,1,12,2,200,0,0,0,0,200,200,200,16,22,1,56,200
0,200,30,2,2,0,1,10,5,4,0,0,0,0,1,200,1,18,0,1,200,200
0,200,30,2,2,0,1,10,5,4,0,0,0,0,1,200,1,18,0,1,35,200
0,200,30,2,2,0,1,10,5,4,0,0,0,0,1,200,1,18,0,1,36,200
0,200,5,0,0,0,1,2,7,200,0,0,0,1,200,200,200,23,25,1,45,200
0,200,35,0,0,0,1,12,5,4,0,0,0,0,200,200,200,4,21,0,76,200
0,200,35,0,0,0,1,12,5,4,0,0,0,0,200,200,200,4,21,0,19,200
1,200,35,0,0,0,1,12,5,4,0,0,0,0,200,200,200,4,21,1,200,200
1,200,35,0,0,0,1,12,5,4,0,0,0,0,200,200,200,4,21,1,200,200
0,200,30,0,0,0,1,0,5,2,0,0,0,1,200,200,200,17,11,0,61,200
0,200,30,0,0,0,1,0,5,2,0,0,0,1,200,200,200,17,11,1,44,200
0,1,30,1,2,0,1,10,2,2,0,0,0,0,1,200,200,20,0,0,49,200
0,1,30,1,2,0,1,10,2,2,0,0,0,0,1,200,200,20,0,1,38,200
0,200,20,2,4,0,1,0,2,4,0,0,0,0,1,200,200,17,16,0,52,200
0,200,20,2,4,0,1,0,2,4,0,0,0,0,1,200,200,17,16,1,46,200
0,200,30,10,2,0,1,10,3,200,0,0,0,0,1,200,200,3,200,0,27,200
0,200,30,10,2,0,1,10,3,200,0,0,0,0,1,200,200,3,200,0,27,200
4,200,30,1,2,0,1,8,5,4,0,0,0,0,200,200,1,17,200,0,200,200
0,200,30,1,2,0,1,8,5,4,0,0,0,0,200,200,1,17,200,1,34,200
0,200,30,0,0,0,1,9,7,200,0,0,0,0,200,200,200,17,17,0,52,200
5,200,30,0,0,0,1,9,7,200,0,0,0,0,200,200,200,17,17,1,74,200
0,200,30,1,2,0,1,10,5,200,0,0,0,0,1,200,200,18,200,1,23,200
0,200,30,1,2,0,1,10,5,200,0,0,0,0,1,200,200,18,200,0,54,200
0,200,30,0,0,0,1,11,7,200,0,0,0,0,200,200,200,20,200,1,60,200
0,200,30,0,0,0,1,11,7,200,0,0,0,0,200,200,200,20,200,0,46,200
0,200,30,0,0,0,1,10,5,2,0,0,0,0,200,1,200,18,200,1,38,200
0,200,30,0,0,0,1,10,5,2,0,0,0,0,200,1,200,18,200,1,36,200
0,200,35,0,0,0,1,10,5,2,0,0,12,0,200,200,200,18,0,0,37,200
0,200,35,0,0,0,1,10,5,2,0,0,12,0,200,200,200,18,0,0,29,200
0,200,20,0,0,0,0,0,5,2,0,0,0,0,200,200,1,0,0,2,200,200
0,200,20,0,0,0,0,0,5,2,0,0,0,0,200,200,1,0,0,1,24,200
0,200,30,0,0,0,1,7,5,2,0,200,200,0,200,200,1,0,0,2,200,200
0,200,30,0,0,0,1,14,2,200,0,0,0,0,200,200,200,21,21,0,81,200
0,200,30,0,0,0,1,14,2,200,0,0,0,0,200,200,200,21,21,1,41,200
0,200,30,0,0,0,1,14,2,4,0,0,200,1,200,200,200,17,0,1,200,200
0,200,30,0,0,0,1,14,2,4,0,0,200,1,200,200,200,17,0,0,54,200
0,200,30,0,0,200,1,10,6,200,3,200,200,0,200,200,200,0,11,0,47,200
0,200,30,0,0,200,1,10,6,200,3,200,200,0,200,200,200,0,11,0,62,200
0,200,30,1,2,0,1,10,6,1,0,0,0,0,200,200,200,0,0,0,200,200