PERSON_TYPE,CRASH_DATE_EST_I,POSTED_SPEED_LIMIT,TRAFFIC_CONTROL_DEVICE,DEVICE_CONDITION,WEATHER_CONDITION,LIGHTING_CONDITION,FIRST_CRASH_TYPE,TRAFFICWAY_TYPE,LANE_CNT,ALIGNMENT,ROADWAY_SURFACE_COND,ROAD_DEFECT,CRASH_TYPE,INTERSECTION_RELATED_I,NOT_RIGHT_OF_WAY_I,HIT_AND_RUN_I,PRIM_CONTRIBUTORY_CAUSE,SEC_CONTRIBUTORY_CAUSE,SEX,AGE,BAC_RESULT VALUE
0,200,30,1,2,0,1,10,6,1,0,0,0,0,200,200,200,0,0,1,200,200
0,200,30,0,0,0,1,0,5,200,0,0,0,0,200,200,200,17,16,1,66,200
0,200,30,0,0,0,1,0,5,200,0,0,0,0,200,200,200,17,16,1,60,200
0,200,30,0,0,0,1,9,5,200,0,0,0,1,200,200,200,21,200,0,200,200
5,200,30,0,0,0,1,9,5,200,0,0,0,1,200,200,200,21,200,0,44,200
0,200,35,200,200,0,1,10,200,200,0,0,200,0,200,200,200,20,200,0,0,200
0,200,35,200,200,0,1,10,200,200,0,0,200,0,200,200,200,20,200,1,80,200
0,200,30,0,0,1,1,14,4,200,0,0,0,0,200,200,1,0,0,2,200,200
0,200,30,0,0,1,1,14,4,200,0,0,0,0,200,200,1,0,0,1,48,200
0,1,30,200,200,0,200,7,5,2,0,0,0,0,200,200,200,200,200,2,200,200
0,200,30,1,2,0,1,12,5,4,0,0,0,0,1,200,200,0,0,1,200,200
0,200,30,1,2,0,1,12,5,4,0,0,0,0,1,200,200,0,0,1,200,200
0,200,30,0,0,0,1,12,5,2,0,0,0,0,200,200,200,0,0,1,50,200
0,200,30,0,0,0,1,12,5,2,0,0,0,0,200,200,200,0,0,0,47,200
0,200,35,2,0,0,1,10,5,2,0,0,0,0,200,200,200,0,0,0,35,200
0,200,35,2,0,0,1,10,5,2,0,0,0,0,200,200,200,0,0,1,26,200
0,200,30,0,0,0,1,5,5,2,0,0,12,1,200,200,200,200,200,0,23,200
0,200,30,0,0,0,1,14,7,200,0,0,0,0,200,200,200,20,200,2,55,200
0,200,30,0,0,0,1,14,7,200,0,0,0,0,200,200,200,20,200,1,58,200
0,200,30,1,2,0,1,12,5,200,0,0,0,0,200,200,200,0,0,1,200,200
0,200,30,1,2,0,1,12,5,200,0,0,0,0,200,200,200,0,0,0,200,200
0,200,30,0,0,0,200,7,5,2,0,0,0,0,200,200,1,17,0,2,200,200
0,200,35,0,0,0,1,8,5,2,0,0,0,0,200,200,1,200,200,0,200,200
4,200,35,0,0,0,1,8,5,2,0,0,0,0,200,200,1,200,200,0,18,200
0,1,30,1,2,0,1,10,5,200,0,0,0,0,200,200,200,18,200,1,200,200
0,1,30,1,2,0,1,10,5,200,0,0,0,0,200,200,200,18,200,1,32,200
0,200,30,0,0,0,1,10,5,4,0,0,0,1,200,200,200,0,0,0,43,200
0,200,30,0,0,0,1,10,5,4,0,0,0,1,200,200,200,0,0,1,22,200
0,200,30,0,0,0,1,10,2,200,0,0,0,0,200,200,200,0,0,0,24,200
0,200,30,0,0,0,1,10,2,200,0,0,0,0,200,200,200,0,0,0,48,200
1,200,30,0,0,0,1,10,2,200,0,0,0,0,200,200,200,0,0,200,54,200
0,200,30,1,2,0,1,0,2,4,0,0,0,0,200,200,200,17,17,1,33,200
0,200,30,1,2,0,1,0,2,4,0,0,0,0,200,200,200,17,17,1,34,200
1,200,30,1,2,0,1,0,2,4,0,0,0,0,200,200,200,17,17,1,200,200
1,200,30,1,2,0,1,0,2,4,0,0,0,0,200,200,200,17,17,1,200,200
1,200,30,1,2,0,1,0,2,4,0,0,0,0,200,200,200,17,17,0,200,200
0,200,30,2,2,0,1,0,5,200,0,0,0,0,1,200,200,5,17,1,57,200
0,200,30,2,2,0,1,0,5,200,0,0,0,0,1,200,200,5,17,1,62,200
0,200,30,1,2,0,1,10,3,2,0,0,0,0,200,200,1,18,200,0,200,200
0,200,30,1,2,0,1,10,3,2,0,0,0,0,200,200,1,18,200,0,26,200
0,200,30,0,0,0,1,7,5,2,0,0,0,0,200,200,1,0,200,2,200,200
0,200,30,200,200,200,200,0,7,0,2,200,200,0,200,1,200,0,0,1,60,200
0,200,30,200,200,200,200,0,7,0,2,200,200,0,200,1,200,0,0,1,53,200
1,200,30,200,200,200,200,0,7,0,2,200,200,0,200,1,200,0,0,1,200,200
0,200,30,2,2,0,1,0,2,200,0,0,0,1,1,200,200,5,7,1,17,200
0,200,30,2,2,0,1,0,2,200,0,0,0,1,1,200,200,5,7,0,61,200
1,200,30,2,2,0,1,0,2,200,0,0,0,1,1,200,200,5,7,1,54,200
0,200,10,0,0,0,1,7,7,200,0,0,0,0,200,1,200,16,200,0,43,200
0,200,30,2,2,0,1,9,5,200,0,0,0,1,1,200,200,5,200,1,200,200
5,200,30,2,2,0,1,9,5,200,0,0,0,1,1,200,200,5,200,1,4,200
0,200,30,0,0,0,1,7,6,200,0,0,0,0,200,200,1,200,200,1,200,200
0,200,30,0,0,0,1,12,6,1,0,200,200,0,200,200,200,0,0,1,31,200
0,200,30,0,0,0,1,12,6,1,0,200,200,0,200,200,200,0,0,0,200,200
0,200,30,1,2,0,1,14,5,8,0,0,0,0,1,200,200,0,0,0,200,200
0,200,30,1,2,0,1,14,5,8,0,0,0,0,1,200,200,0,0,0,200,200
0,200,30,0,0,0,1,0,12,200,0,0,200,0,200,200,200,17,0,1,21,200
0,200,30,0,0,0,1,0,12,200,0,0,200,0,200,200,200,17,0,0,47,200
0,200,30,1,2,0,1,10,2,200,0,0,0,0,1,200,200,18,200,1,26,200
0,200,30,1,2,0,1,10,2,200,0,0,0,0,1,200,200,18,200,0,52,200
0,200,30,1,2,0,1,12,6,200,0,0,0,0,200,200,200,0,11,0,66,200
0,200,30,1,2,0,1,12,6,200,0,0,0,0,200,200,200,0,11,0,42,200
0,200,30,0,0,0,1,10,2,200,0,0,200,0,200,200,200,18,0,0,53,200
0,200,30,0,0,0,1,10,2,200,0,0,200,0,200,200,200,18,0,0,55,200
0,200,30,1,2,0,1,10,2,4,0,0,0,0,1,200,200,0,200,0,68,200
0,200,30,1,2,0,1,10,2,4,0,0,0,0,1,200,200,0,200,1,48,200
0,200,10,0,0,0,1,7,7,200,0,0,0,0,200,1,1,0,0,1,200,200
1,200,10,0,0,0,1,7,7,200,0,0,0,0,200,1,1,0,0,1,200,200
0,200,30,1,2,0,1,10,2,4,0,0,0,0,1,200,200,18,6,0,64,200
0,200,30,1,2,0,1,10,2,4,0,0,0,0,1,200,200,18,6,1,26,200
0,200,30,0,0,0,1,7,6,200,0,0,0,0,200,200,200,0,0,0,200,200
0,200,30,1,2,0,1,14,3,2,0,0,0,1,200,200,200,200,200,0,54,200
0,200,30,1,2,0,1,14,3,2,0,0,0,1,200,200,200,200,200,1,49,200
1,200,30,1,2,0,1,14,3,2,0,0,0,1,200,200,200,200,200,1,9,200
0,200,30,1,2,0,1,12,2,4,0,0,0,1,200,200,200,17,200,0,26,200
0,200,30,1,2,0,1,12,2,4,0,0,0,1,200,200,200,17,200,0,59,200
0,200,30,2,2,0,1,0,5,2,0,0,0,1,1,200,200,17,200,0,36,200
0,200,30,2,2,0,1,0,5,2,0,0,0,1,1,200,200,17,200,1,27,200
0,1,30,0,0,0,1,10,5,2,0,0,0,0,200,200,1,18,0,0,200,200
0,1,30,0,0,0,1,10,5,2,0,0,0,0,200,200,1,18,0,1,79,200
0,200,30,0,0,0,1,10,2,4,0,0,200,0,200,200,200,18,0,1,25,200
0,200,30,0,0,0,1,10,2,4,0,0,200,0,200,200,200,18,0,0,51,200
0,200,30,0,0,0,1,10,2,4,0,0,200,0,200,200,200,18,0,0,47,200
0,200,30,1,2,0,1,10,5,4,0,200,200,0,200,200,200,20,20,1,47,200
0,200,30,1,2,0,1,10,5,4,0,200,200,0,200,200,200,20,20,0,55,200
0,200,10,0,0,0,1,7,7,200,0,0,0,0,200,1,1,0,0,2,200,200
0,200,30,2,2,0,1,14,5,2,0,0,0,0,1,200,200,17,0,0,61,200
0,200,30,2,2,0,1,14,5,2,0,0,0,0,1,200,200,17,0,0,68,200
0,200,30,0,0,0,1,12,5,2,0,0,0,0,200,200,200,0,200,0,53,200
0,200,30,0,0,0,1,12,5,2,0,0,0,0,200,200,200,0,200,1,58,200
0,200,30,1,1,0,1,12,5,4,0,0,0,0,1,200,200,0,0,0,200,200
0,200,30,1,1,0,1,12,5,4,0,0,0,0,1,200,200,0,0,0,200,200
0,200,35,200,200,0,1,7,200,200,0,0,200,0,200,200,1,0,200,1,200,200
0,200,30,0,0,0,1,7,7,2,0,0,0,0,200,1,200,0,0,0,37,200
0,200,30,0,200,0,1,14,5,2,0,0,200,0,200,200,200,22,200,0,200,200
0,200,30,0,200,0,1,14,5,2,0,0,200,0,200,200,200,22,200,1,27,200
0,200,30,1,2,0,1,10,5,4,0,0,0,0,1,200,200,16,0,0,18,200
0,200,30,1,2,0,1,10,5,4,0,0,0,0,1,200,200,16,0,1,56,200
0,200,30,1,2,0,1,10,2,200,0,0,0,1,200,200,200,16,18,0,30,200
0,200,30,1,2,0,1,10,2,200,0,0,0,1,200,200,200,16,18,0,38,200
0,200,30,1,2,0,1,10,2,200,0,0,0,1,200,200,200,16,18,0,22,200
1,200,30,1,2,0,1,10,2,200,0,0,0,1,200,200,200,16,18,0,200,200
1,200,30,1,2,0,1,10,2,200,0,0,0,1,200,200,200,16,18,1,200,200
0,200,30,2,2,0,1,0,5,2,0,200,200,0,200,200,200,5,200,1,36,200
0,200,30,2,2,0,1,0,5,2,0,200,200,0,200,200,200,5,200,0,27,200
1,200,30,2,2,0,1,0,5,2,0,200,200,0,200,200,200,5,200,0,200,200
1,200,30,2,2,0,1,0,5,2,0,200,200,0,200,200,200,5,200,2,200,200
1,200,30,2,2,0,1,0,5,2,0,200,200,0,200,200,200,5,200,2,200,200
0,200,35,0,0,0,1,10,2,2,0,0,0,0,200,200,200,0,0,1,200,200
0,200,35,0,0,0,1,10,2,2,0,0,0,0,200,200,200,0,0,1,58,200
0,200,30,0,0,0,1,10,5,2,0,0,0,0,200,200,200,0,0,0,89,200
0,200,30,0,0,0,1,10,5,2,0,0,0,0,200,200,200,0,0,1,74,200
0,0,25,1,2,0,1,10,5,200,0,0,0,0,1,200,200,18,18,0,40,200
0,0,25,1,2,0,1,10,5,200,0,0,0,0,1,200,200,18,18,1,63,200
1,0,25,1,2,0,1,10,5,200,0,0,0,0,1,200,200,18,18,0,37,200
0,200,30,2,2,0,1,0,2,200,0,0,0,0,200,200,1,22,200,2,200,200
0,200,30,2,2,0,1,0,2,200,0,0,0,0,200,200,1,22,200,0,58,200
0,200,30,0,0,0,1,10,2,4,0,0,0,0,200,200,200,18,200,0,33,200
0,200,30,0,0,0,1,10,2,4,0,0,0,0,200,200,200,18,200,0,44,200
0,200,30,0,0,0,1,10,5,2,0,0,0,0,200,200,200,18,18,1,25,200
0,200,30,0,0,0,1,10,5,2,0,0,0,0,200,200,200,18,18,0,21,200
0,200,30,0,0,0,1,7,5,200,0,0,200,0,200,200,1,0,0,0,200,200
0,200,30,0,0,0,1,14,5,200,0,200,200,0,200,200,200,17,200,1,18,200
0,200,30,0,0,0,1,14,5,200,0,200,200,0,200,200,200,17,200,1,27,200
0,200,30,0,0,0,1,14,5,2,0,0,0,0,200,200,200,17,0,1,200,200
0,200,30,0,0,0,1,14,5,2,0,0,0,0,200,200,200,17,0,1,27,200
0,200,30,0,0,0,1,12,5,200,0,200,200,0,200,200,200,22,22,1,31,200
0,200,30,0,0,0,1,12,5,200,0,200,200,0,200,200,200,22,22,1,51,200
1,200,30,0,0,0,1,12,5,200,0,200,200,0,200,200,200,22,22,1,46,200
0,200,35,0,0,0,1,12,5,200,0,0,0,0,200,200,200,0,200,1,200,200
0,200,35,0,0,0,1,12,5,200,0,0,0,0,200,200,200,0,200,0,200,200
0,200,30,0,0,0,1,7,5,2,0,0,0,0,200,200,200,0,200,0,40,200
0,200,30,1,2,0,1,10,5,2,0,0,200,0,200,200,200,0,0,1,200,200
0,200,30,1,2,0,1,10,5,2,0,0,200,0,200,200,200,0,0,1,50,200
1,200,30,1,2,0,1,10,5,2,0,0,200,0,200,200,200,0,0,0,200,200
0,200,35,1,2,0,1,10,2,4,0,0,0,0,200,200,1,18,0,0,200,200
0,200,35,1,2,0,1,10,2,4,0,0,0,0,200,200,1,18,0,1,28,200
0,200,30,2,2,0,1,0,6,200,0,0,0,0,200,200,1,5,16,2,200,200
0,200,30,2,2,0,1,0,6,200,0,0,0,0,200,200,1,5,16,0,26,200
0,200,30,0,0,0,1,7,5,2,0,0,0,0,200,200,1,0,0,2,200,200
0,200,25,2,2,0,1,0,5,4,0,0,0,1,1,200,200,17,17,1,28,200
0,200,25,2,2,0,1,0,5,4,0,0,0,1,1,200,200,17,17,0,62,200
1,200,25,2,2,0,1,0,5,4,0,0,0,1,1,200,200,17,17,1,32,200
1,200,25,2,2,0,1,0,5,4,0,0,0,1,1,200,200,17,17,1,6,200
1,200,25,2,2,0,1,0,5,4,0,0,0,1,1,200,200,17,17,1,0,200
0,200,30,1,2,0,1,10,12,200,0,0,0,0,1,200,200,18,7,0,35,200
0,200,30,1,2,0,1,10,12,200,0,0,0,0,1,200,200,18,7,1,42,200
0,200,30,0,0,0,1,10,5,200,0,0,0,0,200,200,1,0,0,0,200,200
0,200,30,0,0,0,1,10,5,200,0,0,0,0,200,200,1,0,0,1,73,200
0,200,30,1,200,0,1,12,5,200,0,0,200,0,200,200,200,0,11,0,200,200
0,200,30,1,200,0,1,12,5,200,0,0,200,0,200,200,200,0,11,0,43,200
0,200,30,1,2,0,1,9,3,200,0,0,0,1,1,200,200,0,0,0,200,200
5,200,30,1,2,0,1,9,3,200,0,0,0,1,1,200,200,0,0,0,200,200
0,200,30,0,0,0,1,12,5,200,0,0,0,0,200,200,200,17,200,1,78,200
0,200,30,0,0,0,1,12,5,200,0,0,0,0,200,200,200,17,200,0,72,200
1,200,30,0,0,0,1,12,5,200,0,0,0,0,200,200,200,17,200,1,71,200
0,200,30,0,0,0,1,7,5,200,0,0,0,0,200,200,200,23,16,0,52,200
0,200,30,1,2,0,1,10,2,2,0,0,0,0,200,200,200,18,0,0,200,200
0,200,30,1,2,0,1,10,2,2,0,0,0,0,200,200,200,18,0,1,42,200
0,200,0,0,0,0,1,10,3,2,0,0,0,0,200,200,1,18,7,0,200,200
0,200,0,0,0,0,1,10,3,2,0,0,0,0,200,200,1,18,7,0,28,200
0,200,0,0,0,0,1,10,3,2,0,0,0,0,200,200,1,18,7,1,38,200
0,200,0,0,0,0,1,10,3,2,0,0,0,0,200,200,1,18,7,1,30,200
1,200,0,0,0,0,1,10,3,2,0,0,0,0,200,200,1,18,7,1,200,200
0,200,30,1,2,0,1,2,2,2,0,0,12,0,200,200,200,8,200,1,40,200
0,1,0,0,0,200,200,7,7,2,0,200,200,0,200,200,1,0,0,2,200,200
0,200,25,0,0,0,1,14,5,4,0,0,0,1,200,200,200,17,200,1,52,200
0,200,25,0,0,0,1,14,5,4,0,0,0,1,200,200,200,17,200,1,26,200
1,200,25,0,0,0,1,14,5,4,0,0,0,1,200,200,200,17,200,1,53,200
1,200,25,0,0,0,1,14,5,4,0,0,0,1,200,200,200,17,200,1,1,200
4,200,30,0,200,0,1,12,5,200,0,0,200,0,200,200,1,0,200,200,200,200
0,200,30,0,200,0,1,12,5,200,0,0,200,0,200,200,1,0,200,0,47,200
0,200,30,0,200,0,1,12,5,200,0,0,200,0,200,200,1,0,200,0,23,200
0,200,30,0,0,0,1,14,5,200,0,0,0,0,1,200,200,17,16,0,62,200
0,200,30,0,0,0,1,14,5,200,0,0,0,0,1,200,200,17,16,1,30,200
0,200,30,0,0,0,1,10,2,2,0,0,0,0,200,200,200,32,32,0,52,200
0,200,30,0,0,0,1,10,2,2,0,0,0,0,200,200,200,32,32,1,35,200
1,200,30,0,0,0,1,10,2,2,0,0,0,0,200,200,200,32,32,1,35,200
1,200,30,0,0,0,1,10,2,2,0,0,0,0,200,200,200,32,32,1,12,200
1,200,30,0,0,0,1,10,2,2,0,0,0,0,200,200,200,32,32,1,10,200
0,1,30,0,0,0,1,10,6,200,0,0,0,0,200,200,200,18,200,0,26,200
0,1,30,0,0,0,1,10,6,200,0,0,0,0,200,200,200,18,200,0,44,200
0,200,30,0,0,0,1,12,5,4,0,0,0,0,200,200,200,0,0,0,32,200
0,200,30,0,0,0,1,12,5,4,0,0,0,0,200,200,200,0,0,0,200,200
0,200,0,1,2,0,1,12,2,2,0,0,0,0,200,200,200,22,17,0,31,200
0,200,0,1,2,0,1,12,2,2,0,0,0,0,200,200,200,22,17,0,31,200
0,200,25,0,0,0,1,12,5,200,0,0,0,0,200,200,200,0,0,0,20,200
0,200,25,0,0,0,1,12,5,200,0,0,0,0,200,200,200,0,0,0,33,200
0,200,30,1,2,0,1,8,12,200,0,0,0,0,200,200,200,20,200,0,200,200
4,200,30,1,2,0,1,8,12,200,0,0,0,0,200,200,200,20,200,1,27,200
0,200,30,1,2,0,1,10,2,200,0,0,0,0,200,200,200,20,18,1,200,200
0,200,30,1,2,0,1,10,2,200,0,0,0,0,200,200,200,20,18,1,44,200
0,200,30,1,2,0,1,10,5,3,0,0,0,0,1,200,200,0,0,0,200,200
0,200,30,1,2,0,1,10,5,3,0,0,0,0,1,200,200,0,0,0,200,200
0,1,0,1,2,0,1,8,5,4,0,0,0,1,1,200,1,0,200,2,200,200
4,1,0,1,2,0,1,8,5,4,0,0,0,1,1,200,1,0,200,0,43,200
0,200,30,0,0,0,1,10,5,2,0,0,0,1,200,200,200,0,200,1,31,200
0,200,30,0,0,0,1,10,5,2,0,0,0,1,200,200,200,0,200,1,67,200
1,200,30,0,0,0,1,10,5,2,0,0,0,1,200,200,200,0,200,1,71,200
0,200,30,0,0,0,1,10,2,2,0,0,0,0,200,200,1,16,200,0,53,200
0,200,30,0,0,0,1,10,2,2,0,0,0,0,200,200,1,16,200,0,42,200
0,200,35,0,0,0,1,2,5,2,0,0,0,0,200,200,1,0,0,2,200,200
0,200,35,0,0,0,1,2,5,2,0,0,0,0,200,200,1,0,0,0,43,200
0,200,15,0,0,0,3,2,7,2,0,0,0,0,200,1,200,16,200,0,200,200
0,200,20,0,0,0,1,14,5,2,0,0,0,0,200,200,200,0,0,1,200,200
0,200,20,0,0,0,1,14,5,2,0,0,0,0,200,200,200,0,0,1,35,200
0,200,30,1,2,0,1,10,2,4,0,0,0,0,200,200,1,32,18,0,52,200
0,200,30,1,2,0,1,10,2,4,0,0,0,0,200,200,1,32,18,0,32,200
0,200,30,1,2,0,1,10,2,4,0,0,0,0,200,200,1,32,18,1,38,200
1,200,30,1,2,0,1,10,2,4,0,0,0,0,200,200,1,32,18,1,10,200
1,200,30,1,2,0,1,10,2,4,0,0,0,0,200,200,1,32,18,1,2,200
1,200,30,1,2,0,1,10,2,4,0,0,0,0,200,200,1,32,18,1,8,200
0,200,30,0,0,0,1,2,200,1,0,0,0,0,200,200,200,200,200,0,28,200
3,200,30,0,0,0,1,2,200,1,0,0,0,0,200,200,200,200,200,2,200,200
0,200,30,3,2,0,1,12,2,4,0,200,200,0,200,200,200,0,0,1,32,200
0,200,30,3,2,0,1,12,2,4,0,200,200,0,200,200,200,0,0,1,73,200
1,200,30,3,2,0,1,12,2,4,0,200,200,0,200,200,200,0,0,1,12,200
1,200,30,3,2,0,1,12,2,4,0,200,200,0,200,200,200,0,0,1,8,200
1,200,30,3,2,0,1,12,2,4,0,200,200,0,200,200,200,0,0,0,9,200
0,200,30,0,0,0,1,12,5,200,0,0,0,0,200,200,1,22,16,0,200,200
0,200,30,0,0,0,1,12,5,200,0,0,0,0,200,200,1,22,16,0,52,200
1,200,30,0,0,0,1,12,5,200,0,0,0,0,200,200,1,22,16,1,200,200
0,200,30,0,0,0,1,7,0,200,0,0,200,0,200,200,200,22,200,0,67,200
1,200,30,0,0,0,1,7,0,200,0,0,200,0,200,200,200,22,200,1,200,200
1,200,30,0,0,0,1,7,0,200,0,0,200,0,200,200,200,22,200,0,57,200
1,200,30,0,0,0,1,7,0,200,0,0,200,0,200,200,200,22,200,2,200,200
0,200,30,0,0,0,1,12,2,200,0,0,0,0,200,200,200,21,200,0,33,200
0,200,30,0,0,0,1,12,2,200,0,0,0,0,200,200,200,21,200,0,19,200
0,200,30,0,0,0,1,12,5,200,0,0,200,0,200,200,200,22,200,1,35,200
0,200,30,0,0,0,1,12,5,200,0,0,200,0,200,200,200,22,200,1,47,200
0,200,15,0,0,0,1,14,5,200,0,0,0,1,1,200,200,17,200,1,23,200
0,200,15,0,0,0,1,14,5,200,0,0,0,1,1,200,200,17,200,0,200,200
1,200,15,0,0,0,1,14,5,200,0,0,0,1,1,200,200,17,200,1,0,200
0,200,30,1,2,0,1,10,5,200,0,0,0,0,1,200,200,11,200,1,200,200
0,200,30,1,2,0,1,10,5,200,0,0,0,0,1,200,200,11,200,1,200,200
0,200,30,0,0,0,1,5,5,2,0,0,0,0,200,200,200,0,200,0,27,200
0,200,30,2,2,0,3,0,5,200,0,0,0,0,1,200,1,0,200,0,200,200
0,200,30,2,2,0,3,0,5,200,0,0,0,0,1,200,1,0,200,0,60,200
0,200,30,0,0,200,200,10,5,200,0,200,0,0,200,200,1,20,200,1,200,200
0,200,30,0,0,200,200,10,5,200,0,200,0,0,200,200,1,20,200,0,29,200
1,200,30,0,0,200,200,10,5,200,0,200,0,0,200,200,1,20,200,1,200,200
0,200,30,0,0,0,1,11,6,1,0,200,200,0,200,200,200,200,200,0,18,200
0,200,30,0,0,0,1,11,6,1,0,200,200,0,200,200,200,200,200,0,41,200
1,200,30,0,0,0,1,11,6,1,0,200,200,0,200,200,200,200,200,1,200,200
0,200,25,0,0,0,1,10,2,2,0,0,0,0,200,200,200,16,11,0,63,200
0,200,25,0,0,0,1,10,2,2,0,0,0,0,200,200,200,16,11,0,56,200
0,200,0,0,0,200,200,7,7,200,0,200,200,0,200,1,1,200,200,2,200,200
0,200,35,1,2,0,1,10,2,200,0,0,0,1,200,200,200,16,200,0,39,200
0,200,35,1,2,0,1,10,2,200,0,0,0,1,200,200,200,16,200,1,51,200
0,1,30,0,0,0,1,0,7,200,0,0,0,0,200,200,200,17,200,0,30,200
0,1,30,0,0,0,1,0,7,200,0,0,0,0,200,200,200,17,200,0,32,200
0,200,30,0,0,0,1,14,2,2,0,0,0,0,200,200,200,23,200,1,26,200
0,200,30,0,0,0,1,14,2,2,0,0,0,0,200,200,200,23,200,0,49,200
0,200,30,0,0,0,1,3,5,200,0,0,0,0,200,200,200,0,0,0,200,200
0,200,30,0,0,0,1,3,5,200,0,0,0,0,200,200,200,0,0,1,23,200
0,200,30,2,2,0,1,8,3,0,0,0,0,1,1,200,1,0,200,0,200,200
4,200,30,2,2,0,1,8,3,0,0,0,0,1,1,200,1,0,200,0,65,200
0,1,35,0,0,0,1,7,0,200,0,0,0,0,200,200,1,20,200,0,200,200
0,1,30,1,2,0,1,10,5,200,0,0,0,0,200,200,200,0,200,1,16,200
0,1,30,1,2,0,1,10,5,200,0,0,0,0,200,200,200,0,200,1,34,200
1,1,30,1,2,0,1,10,5,200,0,0,0,0,200,200,200,0,200,0,56,200
0,200,30,0,0,0,1,12,5,2,0,0,200,0,200,200,200,21,0,0,17,200
0,200,30,0,0,0,1,12,5,2,0,0,200,0,200,200,200,21,0,1,22,200
1,200,30,0,0,0,1,12,5,2,0,0,200,0,200,200,200,21,0,1,17,200
1,200,30,0,0,0,1,12,5,2,0,0,200,0,200,200,200,21,0,1,17,200
1,200,30,0,0,0,1,12,5,2,0,0,200,0,200,200,200,21,0,1,17,200
0,200,30,0,0,0,1,12,5,200,0,0,0,0,200,200,200,11,200,0,200,200
0,200,30,0,0,0,1,12,5,200,0,0,0,0,200,200,200,11,200,1,200,200
1,200,30,0,0,0,1,12,5,200,0,0,0,0,200,200,200,11,200,1,200,200
0,200,30,0,0,0,1,7,7,200,0,0,0,0,200,200,200,0,0,1,62,200
0,200,35,1,2,0,1,10,6,2,0,0,0,0,1,200,200,16,25,0,19,200
0,200,35,1,2,0,1,10,6,2,0,0,0,0,1,200,200,16,25,0,200,200
1,200,35,1,2,0,1,10,6,2,0,0,0,0,1,200,200,16,25,1,15,200
1,200,35,1,2,0,1,10,6,2,0,0,0,0,1,200,200,16,25,200,200,200
0,200,15,0,0,0,1,5,0,1,0,0,4,0,200,200,200,0,200,0,53,200
1,200,15,0,0,0,1,5,0,1,0,0,4,0,200,200,200,0,200,0,45,200
1,200,15,0,0,0,1,5,0,1,0,0,4,0,200,200,200,0,200,0,39,200
1,200,15,0,0,0,1,5,0,1,0,0,4,0,200,200,200,0,200,0,42,200
0,200,30,2,2,0,1,0,5,2,0,0,0,0,1,200,200,17,17,1,28,200
0,200,30,2,2,0,1,0,5,2,0,0,0,0,1,200,200,17,17,1,0,200
1,200,30,2,2,0,1,0,5,2,0,0,0,0,1,200,200,17,17,0,12,200
1,200,30,2,2,0,1,0,5,2,0,0,0,0,1,200,200,17,17,0,1,200
0,200,30,2,12,0,1,0,5,2,0,0,0,0,1,200,200,17,200,1,22,200
0,200,30,2,12,0,1,0,5,2,0,0,0,0,1,200,200,17,200,1,35,200
0,200,30,1,2,0,1,12,5,6,0,0,0,0,200,200,200,17,0,0,24,200
0,200,30,1,2,0,1,12,5,6,0,0,0,0,200,200,200,17,0,0,21,200
0,200,15,2,2,0,1,0,7,2,0,1,0,0,200,1,200,20,17,2,200,200
0,200,15,2,2,0,1,0,7,2,0,1,0,0,200,1,200,20,17,1,35,200
1,200,15,2,2,0,1,0,7,2,0,1,0,0,200,1,200,20,17,1,200,200
0,200,30,200,200,200,200,0,5,2,0,200,200,0,1,200,200,0,0,0,54,200
0,200,30,200,200,200,200,0,5,2,0,200,200,0,1,200,200,0,0,1,46,200
1,200,30,200,200,200,200,0,5,2,0,200,200,0,1,200,200,0,0,1,64,200
0,200,30,1,2,0,4,12,3,3,0,0,0,0,200,200,200,22,200,0,200,200
0,200,30,1,2,0,4,12,3,3,0,0,0,0,200,200,200,22,200,0,41,200
0,200,30,0,0,0,1,14,5,200,0,0,0,1,1,200,200,17,200,1,36,200
0,200,30,0,0,0,1,14,5,200,0,0,0,1,1,200,200,17,200,0,25,200
1,200,30,0,0,0,1,14,5,200,0,0,0,1,1,200,200,17,200,0,200,200
0,200,30,0,0,0,1,12,5,2,0,200,200,0,200,200,1,0,0,2,200,200
0,200,30,0,0,0,1,12,5,2,0,200,200,0,200,200,1,0,0,1,26,200
1,200,30,0,0,0,1,12,5,2,0,200,200,0,200,200,1,0,0,1,200,200
0,200,30,2,2,0,1,10,5,4,0,0,0,0,1,200,200,0,0,0,200,200
0,200,30,2,2,0,1,10,5,4,0,0,0,0,1,200,200,0,0,0,200,200
0,200,30,2,2,0,1,10,5,4,0,0,0,0,1,200,200,0,0,1,200,200
1,200,30,2,2,0,1,10,5,4,0,0,0,0,1,200,200,0,0,1,200,200
0,200,30,0,0,0,1,10,5,2,0,0,0,0,200,200,1,18,200,0,200,200
0,200,30,0,0,0,1,10,5,2,0,0,0,0,200,200,1,18,200,1,55,200
0,200,30,1,200,0,1,12,2,3,0,0,200,0,200,200,200,0,0,0,57,200
0,200,30,1,200,0,1,12,2,3,0,0,200,0,200,200,200,0,0,0,49,200