PERSON_TYPE,CRASH_DATE_EST_I,POSTED_SPEED_LIMIT,TRAFFIC_CONTROL_DEVICE,DEVICE_CONDITION,WEATHER_CONDITION,LIGHTING_CONDITION,FIRST_CRASH_TYPE,TRAFFICWAY_TYPE,LANE_CNT,ALIGNMENT,ROADWAY_SURFACE_COND,ROAD_DEFECT,CRASH_TYPE,INTERSECTION_RELATED_I,NOT_RIGHT_OF_WAY_I,HIT_AND_RUN_I,PRIM_CONTRIBUTORY_CAUSE,SEC_CONTRIBUTORY_CAUSE,SEX,AGE,BAC_RESULT VALUE
4,200,30,0,0,0,1,8,5,200,0,0,0,1,200,200,200,16,200,0,10,200
0,200,30,0,0,0,1,8,5,200,0,0,0,1,200,200,200,16,200,0,34,200
0,200,30,0,0,0,1,12,5,200,0,0,0,0,200,200,1,0,0,2,200,200
0,200,30,0,0,0,1,12,5,200,0,0,0,0,200,200,1,0,0,0,25,200
0,200,25,2,2,0,1,0,5,200,0,0,0,1,1,200,200,5,0,0,36,200
0,200,25,2,2,0,1,0,5,200,0,0,0,1,1,200,200,5,0,0,30,200
0,200,30,0,0,0,1,7,7,200,0,0,0,0,200,200,1,0,200,2,200,200
0,200,30,200,200,200,1,14,5,200,0,200,200,0,200,200,200,0,11,0,53,200
0,200,30,200,200,200,1,14,5,200,0,200,200,0,200,200,200,0,11,0,47,200
0,200,30,0,0,0,1,8,5,2,0,0,0,0,200,200,200,200,200,1,37,200
4,200,30,0,0,0,1,8,5,2,0,0,0,0,200,200,200,200,200,0,200,200
1,200,30,0,0,0,1,8,5,2,0,0,0,0,200,200,200,200,200,200,200,200
1,200,30,0,0,0,1,8,5,2,0,0,0,0,200,200,200,200,200,0,200,200
0,200,30,0,0,0,1,10,5,2,0,0,0,1,200,200,1,0,0,0,200,200
0,200,30,0,0,0,1,10,5,2,0,0,0,1,200,200,1,0,0,1,41,200
0,200,30,0,0,0,1,10,5,2,0,0,0,1,200,200,1,0,0,1,17,200
0,200,35,0,0,0,1,11,7,2,0,0,0,0,200,200,200,0,0,0,63,200
0,200,35,0,0,0,1,11,7,2,0,0,0,0,200,200,200,0,0,1,47,200
0,200,30,2,2,0,1,0,5,2,0,0,0,1,1,200,200,17,0,0,25,200
0,200,30,2,2,0,1,0,5,2,0,0,0,1,1,200,200,17,0,1,58,200
0,200,30,0,0,1,1,12,5,200,0,0,0,0,200,200,200,0,0,0,59,200
0,200,30,0,0,1,1,12,5,200,0,0,0,0,200,200,200,0,0,1,43,200
0,200,30,0,0,0,1,7,7,1,0,0,0,0,200,1,200,11,23,0,30,200
0,200,30,1,2,0,1,14,5,2,0,0,0,1,1,200,200,0,0,0,71,200
0,200,30,1,2,0,1,14,5,2,0,0,0,1,1,200,200,0,0,1,22,200
1,200,30,1,2,0,1,14,5,2,0,0,0,1,1,200,200,0,0,0,0,200
0,200,25,0,0,200,200,7,6,1,0,200,0,0,200,200,1,0,0,2,200,200
0,200,30,0,0,0,1,7,6,1,0,0,0,0,200,200,1,25,0,0,200,200
1,200,30,0,0,0,1,7,6,1,0,0,0,0,200,200,1,25,0,0,200,200
1,200,30,0,0,0,1,7,6,1,0,0,0,0,200,200,1,25,0,200,200,200
1,200,30,0,0,0,1,7,6,1,0,0,0,0,200,200,1,25,0,0,200,200
0,200,30,2,2,0,1,0,5,2,0,0,0,0,1,200,200,5,200,0,61,200
0,200,30,2,2,0,1,0,5,2,0,0,0,0,1,200,200,5,200,0,53,200
1,200,30,2,2,0,1,0,5,2,0,0,0,0,1,200,200,5,200,1,46,200
1,200,30,2,2,0,1,0,5,2,0,0,0,0,1,200,200,5,200,0,9,200
1,200,30,2,2,0,1,0,5,2,0,0,0,0,1,200,200,5,200,0,5,200
1,200,30,2,2,0,1,0,5,2,0,0,0,0,1,200,200,5,200,0,11,200
0,200,30,0,0,0,1,2,2,4,0,0,0,1,200,200,1,0,0,2,200,200
0,200,30,0,0,0,1,12,2,4,0,0,0,1,200,200,200,16,200,0,58,200
0,200,30,0,0,0,1,12,2,4,0,0,0,1,200,200,200,16,200,0,19,200
0,200,30,2,2,0,1,7,5,2,0,0,0,0,200,200,200,0,0,1,65,200
1,200,30,2,2,0,1,7,5,2,0,0,0,0,200,200,200,0,0,0,54,200
0,200,30,0,0,0,1,7,5,200,0,0,0,0,200,200,200,22,200,1,24,200
1,200,30,0,0,0,1,7,5,200,0,0,0,0,200,200,200,22,200,0,22,200
0,200,30,1,0,0,1,3,2,200,0,0,0,0,200,200,200,17,0,0,64,200
0,200,30,1,0,0,1,3,2,200,0,0,0,0,200,200,200,17,0,1,200,200
0,200,35,0,0,0,1,10,2,2,0,0,0,0,200,200,200,0,0,1,23,200
0,200,35,0,0,0,1,10,2,2,0,0,0,0,200,200,200,0,0,1,32,200
0,200,30,1,2,0,1,14,5,6,0,0,0,1,1,200,200,17,22,0,43,200
0,200,30,1,2,0,1,14,5,6,0,0,0,1,1,200,200,17,22,1,32,200
0,200,30,0,0,0,1,12,2,4,0,0,0,0,200,200,200,21,200,1,200,200
0,200,30,0,0,0,1,12,2,4,0,0,0,0,200,200,200,21,200,0,49,200
0,200,30,2,2,0,1,10,2,2,0,0,0,0,200,200,200,30,18,1,27,200
0,200,30,2,2,0,1,10,2,2,0,0,0,0,200,200,200,30,18,0,35,200
0,200,30,2,2,0,1,10,2,2,0,0,0,0,200,200,200,30,18,1,200,200
1,200,30,2,2,0,1,10,2,2,0,0,0,0,200,200,200,30,18,1,8,200
0,200,35,200,200,0,4,2,5,2,0,0,0,1,200,200,200,0,0,0,53,200
0,200,30,0,0,0,1,10,2,200,0,0,200,0,200,200,200,18,0,0,39,200
0,200,30,0,0,0,1,10,2,200,0,0,200,0,200,200,200,18,0,0,33,200
1,200,30,0,0,0,1,10,2,200,0,0,200,0,200,200,200,18,0,1,200,200
0,200,30,0,0,0,1,12,5,200,0,0,0,0,200,200,200,17,200,1,58,200
0,200,30,0,0,0,1,12,5,200,0,0,0,0,200,200,200,17,200,0,19,200
1,200,30,0,0,0,1,12,5,200,0,0,0,0,200,200,200,17,200,1,200,200
0,200,30,0,0,0,1,12,2,4,0,0,0,0,200,200,200,22,0,0,27,200
0,200,30,0,0,0,1,12,2,4,0,0,0,0,200,200,200,22,0,1,33,200
1,200,30,0,0,0,1,12,2,4,0,0,0,0,200,200,200,22,0,0,34,200
0,200,30,0,0,0,1,10,7,200,0,0,0,0,200,1,0,200,200,1,45,200
0,200,30,0,0,0,1,10,7,200,0,0,0,0,200,1,0,200,200,1,64,200
1,200,30,0,0,0,1,10,7,200,0,0,0,0,200,1,0,200,200,1,200,200
0,200,30,2,2,0,1,0,5,200,0,0,0,1,1,200,200,17,200,1,37,200
0,200,30,2,2,0,1,0,5,200,0,0,0,1,1,200,200,17,200,1,28,200
1,200,30,2,2,0,1,0,5,200,0,0,0,1,1,200,200,17,200,2,200,200
0,200,30,2,2,0,1,14,12,4,0,0,0,1,1,200,200,17,200,1,37,200
0,200,30,2,2,0,1,14,12,4,0,0,0,1,1,200,200,17,200,0,28,200
0,200,30,2,2,0,1,14,5,200,0,0,0,0,1,200,200,16,0,1,200,200
0,200,30,2,2,0,1,14,5,200,0,0,0,0,1,200,200,16,0,0,41,200
1,200,30,2,2,0,1,14,5,200,0,0,0,0,1,200,200,16,0,0,200,200
1,200,30,2,2,0,1,14,5,200,0,0,0,0,1,200,200,16,0,0,200,200
0,200,30,0,0,0,1,7,5,200,0,0,0,0,200,200,1,0,200,2,200,200
0,200,30,0,2,0,1,7,12,200,0,0,0,0,200,0,200,25,22,1,21,200
1,200,30,0,2,0,1,7,12,200,0,0,0,0,200,0,200,25,22,200,200,200
1,200,30,0,2,0,1,7,12,200,0,0,0,0,200,0,200,25,22,1,34,200
0,200,30,1,2,0,4,12,6,3,2,0,0,0,200,200,200,0,200,1,54,200
0,200,30,1,2,0,4,12,6,3,2,0,0,0,200,200,200,0,200,1,49,200
1,200,30,1,2,0,4,12,6,3,2,0,0,0,200,200,200,0,200,200,200,200
1,200,30,1,2,0,4,12,6,3,2,0,0,0,200,200,200,0,200,200,200,200
1,200,30,1,2,0,4,12,6,3,2,0,0,0,200,200,200,0,200,200,200,200
0,200,30,1,200,0,1,10,2,4,0,0,0,0,200,200,1,18,25,1,200,200
0,200,30,1,200,0,1,10,2,4,0,0,0,0,200,200,1,18,25,0,55,200
1,200,30,1,200,0,1,10,2,4,0,0,0,0,200,200,1,18,25,2,200,200
0,200,25,2,2,0,1,3,5,2,0,0,0,1,1,200,200,17,5,0,200,200
0,200,25,2,2,0,1,3,5,2,0,0,0,1,1,200,200,17,5,0,20,200
1,200,25,2,2,0,1,3,5,2,0,0,0,1,1,200,200,17,5,0,200,200
0,1,30,1,2,0,3,10,5,2,0,0,0,0,200,200,200,0,0,0,38,200
0,1,30,1,2,0,3,10,5,2,0,0,0,0,200,200,200,0,0,0,21,200
1,1,30,1,2,0,3,10,5,2,0,0,0,0,200,200,200,0,0,0,25,200
1,1,30,1,2,0,3,10,5,2,0,0,0,0,200,200,200,0,0,0,23,200
0,200,30,1,2,0,4,0,5,200,0,0,200,1,1,200,200,6,11,0,17,200
0,200,30,1,2,0,4,0,5,200,0,0,200,1,1,200,200,6,11,1,26,200
1,200,30,1,2,0,4,0,5,200,0,0,200,1,1,200,200,6,11,0,23,200
1,200,30,1,2,0,4,0,5,200,0,0,200,1,1,200,200,6,11,0,14,200
1,200,30,1,2,0,4,0,5,200,0,0,200,1,1,200,200,6,11,0,17,200
0,200,30,1,2,0,1,10,5,200,0,0,0,1,200,200,200,16,0,0,64,200
0,200,30,1,2,0,1,10,5,200,0,0,0,1,200,200,200,16,0,1,34,200
0,200,30,0,0,0,1,12,5,4,0,0,0,0,200,200,1,25,0,0,28,200
0,200,30,0,0,0,1,12,5,4,0,0,0,0,200,200,1,25,0,1,32,200
0,200,30,1,2,1,4,7,5,2,0,0,0,0,200,200,200,20,200,1,59,200
1,200,30,1,2,1,4,7,5,2,0,0,0,0,200,200,200,20,200,0,78,200
0,200,30,0,0,0,2,2,5,2,0,0,0,0,200,200,200,0,0,0,200,200
0,200,30,0,0,0,1,0,5,200,0,0,0,0,200,200,200,0,0,1,200,200
0,200,30,0,0,0,1,0,5,200,0,0,0,0,200,200,200,0,0,0,65,200
0,200,0,1,2,0,4,10,5,1,0,0,0,0,200,200,200,0,0,1,62,200
0,200,0,1,2,0,4,10,5,1,0,0,0,0,200,200,200,0,0,0,45,200
0,200,30,0,0,0,0,10,6,1,0,0,0,0,200,200,200,18,0,0,24,200
0,200,30,0,0,0,0,10,6,1,0,0,0,0,200,200,200,18,0,0,28,200
0,200,30,0,0,2,4,10,5,4,0,1,0,0,200,0,200,18,0,0,23,200
0,200,30,0,0,2,4,10,5,4,0,1,0,0,200,0,200,18,0,0,23,200
0,200,20,1,2,0,1,10,5,200,0,0,0,0,1,200,200,6,200,1,45,200
0,200,20,1,2,0,1,10,5,200,0,0,0,0,1,200,200,6,200,1,23,200
0,200,20,1,2,0,1,10,5,200,0,0,0,0,1,200,200,6,200,0,29,200
0,200,30,0,0,2,0,10,5,200,0,1,0,0,200,200,200,0,0,1,27,200
0,200,30,0,0,2,0,10,5,200,0,1,0,0,200,200,200,0,0,0,65,200
0,200,35,0,0,2,0,8,3,200,0,1,0,1,200,200,1,0,19,2,200,200
4,200,35,0,0,2,0,8,3,200,0,1,0,1,200,200,1,0,19,1,29,200
0,200,30,1,2,2,0,10,5,200,0,1,200,0,1,200,200,0,0,1,36,200
0,200,30,1,2,2,0,10,5,200,0,1,200,0,1,200,200,0,0,0,28,200
0,200,30,1,2,2,3,14,5,2,0,1,0,1,1,200,200,0,200,1,47,200
0,200,30,1,2,2,3,14,5,2,0,1,0,1,1,200,200,0,200,0,19,200
0,200,30,1,2,2,3,10,2,2,0,1,200,1,1,200,200,18,18,0,35,200
0,200,30,1,2,2,3,10,2,2,0,1,200,1,1,200,200,18,18,0,53,200
0,200,30,1,2,2,3,10,2,2,0,1,200,1,1,200,200,18,18,0,26,200
0,200,30,0,0,2,0,7,5,200,0,1,0,0,200,200,1,0,200,0,200,200
0,200,30,0,0,2,3,12,2,4,0,1,2,1,200,200,200,21,200,0,21,200
0,200,30,0,0,2,3,12,2,4,0,1,2,1,200,200,200,21,200,0,17,200
0,200,30,2,2,2,0,7,5,2,0,1,200,1,1,200,200,34,0,0,64,200
0,200,30,0,0,2,3,12,2,200,0,1,0,1,200,200,1,0,200,2,200,200
0,200,30,0,0,2,3,12,2,200,0,1,0,1,200,200,1,0,200,0,36,200
0,200,30,0,0,2,3,7,7,0,0,1,0,0,200,200,200,0,200,0,29,200
0,200,10,0,0,2,0,3,7,2,2,0,0,0,200,200,200,0,200,1,200,200
0,200,10,0,0,2,0,3,7,2,2,0,0,0,200,200,200,0,200,1,28,200
0,200,30,1,2,2,3,0,5,4,0,1,0,1,1,200,1,0,0,2,200,200
0,200,30,1,2,2,3,0,5,4,0,1,0,1,1,200,1,0,0,0,37,200
1,200,30,1,2,2,3,0,5,4,0,1,0,1,1,200,1,0,0,1,7,200
0,200,30,1,2,2,0,10,2,2,0,1,3,0,200,200,200,11,11,1,71,200
0,200,30,1,2,2,0,10,2,2,0,1,3,0,200,200,200,11,11,0,31,200
0,200,30,1,2,2,0,10,2,2,0,1,3,0,200,200,200,11,11,0,32,200
0,200,30,0,0,0,1,7,2,2,0,0,0,0,200,200,1,200,200,2,200,200
0,1,30,0,0,2,3,9,5,2,0,1,0,1,1,200,1,0,200,2,200,200
5,1,30,0,0,2,3,9,5,2,0,1,0,1,1,200,1,0,200,1,80,200
0,200,30,2,2,2,3,0,2,200,0,1,0,0,200,200,1,0,200,2,200,200
0,200,30,2,2,2,3,0,2,200,0,1,0,0,200,200,1,0,200,0,27,200
0,200,25,0,0,2,3,7,6,200,0,1,0,0,200,200,200,23,200,0,26,200
1,200,25,0,0,2,3,7,6,200,0,1,0,0,200,200,200,23,200,0,27,200
0,200,30,0,0,0,1,3,7,200,0,1,0,0,200,200,1,20,200,1,200,200
0,200,30,0,0,0,1,3,7,200,0,1,0,0,200,200,1,20,200,1,26,200
0,200,25,2,2,2,3,12,5,200,0,1,0,0,200,200,200,22,17,1,52,200
0,200,25,2,2,2,3,12,5,200,0,1,0,0,200,200,200,22,17,0,29,200
0,200,30,1,5,2,3,0,2,200,0,1,0,0,200,200,200,17,0,1,200,200
0,200,30,1,5,2,3,0,2,200,0,1,0,0,200,200,200,17,0,1,23,200
0,200,35,0,0,2,3,10,6,4,0,1,200,0,200,200,200,11,34,0,40,200
0,200,35,0,0,2,3,10,6,4,0,1,200,0,200,200,200,11,34,1,39,200
0,1,35,1,2,2,3,12,3,200,0,1,0,0,1,200,200,0,0,1,24,200
0,1,35,1,2,2,3,12,3,200,0,1,0,0,1,200,200,0,0,0,26,200
0,200,30,2,2,2,3,14,5,200,0,1,0,0,1,200,200,0,200,1,49,200
0,200,30,2,2,2,3,14,5,200,0,1,0,0,1,200,200,0,200,0,45,200
0,200,30,200,12,2,3,10,6,200,0,1,200,0,200,200,200,16,200,0,30,200
0,200,30,200,12,2,3,10,6,200,0,1,200,0,200,200,200,16,200,1,43,200
0,200,30,1,2,1,3,9,6,200,0,1,3,1,1,200,200,0,0,0,200,200
5,200,30,1,2,1,3,9,6,200,0,1,3,1,1,200,200,0,0,1,54,200
0,200,35,1,2,0,1,10,5,2,0,200,200,0,1,200,200,0,0,0,60,200
0,200,35,1,2,0,1,10,5,2,0,200,200,0,1,200,200,0,0,1,38,200
0,200,30,0,0,2,3,10,5,200,0,1,0,0,200,200,200,0,0,0,58,200
0,200,30,0,0,2,3,10,5,200,0,1,0,0,200,200,200,0,0,0,34,200
1,200,30,0,0,2,3,10,5,200,0,1,0,0,200,200,200,0,0,0,200,200
0,200,30,1,2,2,3,10,5,5,0,1,0,0,200,200,200,18,16,1,24,200
0,200,30,1,2,2,3,10,5,5,0,1,0,0,200,200,200,18,16,1,40,200
0,200,30,0,0,2,3,12,6,4,0,1,0,0,200,200,1,0,0,0,200,200
0,200,30,0,0,2,3,12,6,4,0,1,0,0,200,200,1,0,0,0,24,200
0,200,35,1,2,2,3,10,12,200,2,1,0,0,200,200,0,18,200,0,26,200
0,200,35,1,2,2,3,10,12,200,2,1,0,0,200,200,0,18,200,1,52,200
0,200,30,200,200,2,0,10,5,200,0,1,200,0,200,200,200,34,200,1,36,200
0,200,30,200,200,2,0,10,5,200,0,1,200,0,200,200,200,34,200,2,200,200
0,200,30,0,0,2,3,12,7,200,0,1,200,0,200,200,200,20,0,0,23,200
0,200,30,0,0,2,3,12,7,200,0,1,200,0,200,200,200,20,0,1,200,200
1,200,30,0,0,2,3,12,7,200,0,1,200,0,200,200,200,20,0,1,28,200
1,200,30,0,0,2,3,12,7,200,0,1,200,0,200,200,200,20,0,0,25,200
0,200,35,2,2,2,3,10,3,200,0,1,0,0,0,200,200,0,0,0,33,200
0,200,35,2,2,2,3,10,3,200,0,1,0,0,0,200,200,0,0,0,25,200
0,200,30,0,0,2,3,9,2,2,0,1,0,1,200,200,200,17,16,0,57,200
5,200,30,0,0,2,3,9,2,2,0,1,0,1,200,200,200,17,16,1,58,200
0,200,20,1,2,0,3,14,5,200,0,1,0,0,1,200,200,34,20,1,23,200
0,200,20,1,2,0,3,14,5,200,0,1,0,0,1,200,200,34,20,0,61,200
0,200,35,0,0,2,3,10,5,200,0,1,0,1,200,200,1,34,0,0,200,200
0,200,35,0,0,2,3,10,5,200,0,1,0,1,200,200,1,34,0,0,19,200
0,200,30,2,2,0,1,0,2,2,0,0,0,0,1,200,200,17,200,0,200,200
0,200,30,2,2,0,1,0,2,2,0,0,0,0,1,200,200,17,200,0,26,200
0,200,30,0,0,0,1,0,0,2,0,0,0,0,200,200,200,17,17,0,28,200
0,200,30,0,0,0,1,0,0,2,0,0,0,0,200,200,200,17,17,1,64,200
1,200,30,0,0,0,1,0,0,2,0,0,0,0,200,200,200,17,17,1,68,200
0,200,25,2,200,2,3,9,6,200,0,1,200,1,1,200,200,5,5,1,31,200
5,200,25,2,200,2,3,9,6,200,0,1,200,1,1,200,200,5,5,1,39,200
0,200,30,0,0,2,3,12,5,2,0,1,0,0,200,200,200,22,0,1,21,200
0,200,30,0,0,2,3,12,5,2,0,1,0,0,200,200,200,22,0,0,29,200
0,200,30,1,2,0,3,0,5,200,0,1,200,0,200,200,200,0,0,1,200,200
0,200,30,1,2,0,3,0,5,200,0,1,200,0,200,200,200,0,0,0,55,200
1,200,30,1,2,0,3,0,5,200,0,1,200,0,200,200,200,0,0,0,200,200
1,200,30,1,2,0,3,0,5,200,0,1,200,0,200,200,200,0,0,0,200,200
0,200,30,0,0,2,3,7,6,1,0,1,0,0,200,200,1,0,0,0,30,200
0,200,30,2,2,2,3,0,5,4,0,1,200,1,1,200,200,0,200,0,19,200
0,200,30,2,2,2,3,0,5,4,0,1,200,1,1,200,200,0,200,1,38,200
1,200,30,2,2,2,3,0,5,4,0,1,200,1,1,200,200,0,200,1,18,200
0,200,30,0,0,2,3,10,2,2,0,1,3,0,200,200,200,18,34,0,200,200
0,200,30,0,0,2,3,10,2,2,0,1,3,0,200,200,200,18,34,1,53,200
0,200,30,1,2,2,3,14,2,4,0,1,0,1,1,200,200,16,16,0,18,200
0,200,30,1,2,2,3,14,2,4,0,1,0,1,1,200,200,16,16,0,31,200
1,200,30,1,2,2,3,14,2,4,0,1,0,1,1,200,200,16,16,0,16,200
1,200,30,1,2,2,3,14,2,4,0,1,0,1,1,200,200,16,16,0,20,200
1,200,30,1,2,2,3,14,2,4,0,1,0,1,1,200,200,16,16,0,17,200
1,200,30,1,2,2,3,14,2,4,0,1,0,1,1,200,200,16,16,0,200,200
1,200,30,1,2,2,3,14,2,4,0,1,0,1,1,200,200,16,16,1,34,200
1,200,30,1,2,2,3,14,2,4,0,1,0,1,1,200,200,16,16,1,4,200
1,200,30,1,2,2,3,14,2,4,0,1,0,1,1,200,200,16,16,1,11,200
1,200,30,1,2,2,3,14,2,4,0,1,0,1,1,200,200,16,16,0,7,200
0,200,30,2,2,1,3,14,5,2,0,1,200,1,200,200,200,17,23,1,17,200
0,200,30,2,2,1,3,14,5,2,0,1,200,1,200,200,200,17,23,0,31,200
1,200,30,2,2,1,3,14,5,2,0,1,200,1,200,200,200,17,23,0,18,200
1,200,30,2,2,1,3,14,5,2,0,1,200,1,200,200,200,17,23,1,17,200
0,200,30,1,2,2,3,0,5,2,0,1,200,0,200,200,200,17,0,0,200,200
0,200,30,1,2,2,3,0,5,2,0,1,200,0,200,200,200,17,0,1,17,200
1,200,30,1,2,2,3,0,5,2,0,1,200,0,200,200,200,17,0,0,200,200
1,200,30,1,2,2,3,0,5,2,0,1,200,0,200,200,200,17,0,0,200,200
1,200,30,1,2,2,3,0,5,2,0,1,200,0,200,200,200,17,0,0,200,200
0,200,30,0,0,0,3,7,2,200,0,1,0,1,200,200,200,0,0,0,38,200
0,200,30,0,0,2,3,14,2,2,0,1,0,1,200,200,200,0,0,0,44,200
0,200,30,0,0,2,3,14,2,2,0,1,0,1,200,200,200,0,0,1,19,200
1,200,30,0,0,2,3,14,2,2,0,1,0,1,200,200,200,0,0,0,17,200
0,200,30,0,0,0,3,7,6,200,0,1,0,1,200,200,1,15,0,2,200,200
0,200,30,1,2,2,3,12,6,3,0,1,0,1,200,200,200,22,21,0,45,200
0,200,30,1,2,2,3,12,6,3,0,1,0,1,200,200,200,22,21,0,0,200
1,200,30,1,2,2,3,12,6,3,0,1,0,1,200,200,200,22,21,0,0,200
0,200,30,1,2,0,3,12,3,2,0,0,0,0,1,200,1,16,14,2,200,200
0,200,30,1,2,0,3,12,3,2,0,0,0,0,1,200,1,16,14,1,20,200
0,200,30,1,2,0,3,12,3,2,0,0,0,0,1,200,1,16,14,0,55,200
1,200,30,1,2,0,3,12,3,2,0,0,0,0,1,200,1,16,14,1,19,200
1,200,30,1,2,0,3,12,3,2,0,0,0,0,1,200,1,16,14,0,19,200
0,200,30,1,2,2,3,0,2,2,0,1,0,1,1,200,200,34,0,0,20,200
0,200,30,1,2,2,3,0,2,2,0,1,0,1,1,200,200,34,0,0,23,200
0,200,30,1,2,2,3,0,5,200,0,1,0,1,200,200,200,0,0,0,25,200
0,200,30,1,2,2,3,0,5,200,0,1,0,1,200,200,200,0,0,0,31,200
0,200,30,0,0,2,0,5,2,2,0,1,1,0,200,200,200,34,200,0,27,200
0,1,30,2,0,2,0,0,2,200,0,1,0,0,200,200,200,17,200,1,200,200
0,1,30,2,0,2,0,0,2,200,0,1,0,0,200,200,200,17,200,1,20,200
0,200,30,0,0,2,3,2,5,2,0,1,0,0,200,200,200,0,0,1,54,200
1,200,30,0,0,2,3,2,5,2,0,1,0,0,200,200,200,0,0,0,65,200
0,200,30,2,0,0,3,14,2,4,0,0,0,1,1,200,200,0,0,0,28,200
0,200,30,2,0,0,3,14,2,4,0,0,0,1,1,200,200,0,0,1,22,200
1,200,30,2,0,0,3,14,2,4,0,0,0,1,1,200,200,0,0,1,23,200
0,200,30,1,2,0,3,10,2,4,0,1,0,1,1,200,200,0,200,0,32,200
0,200,30,1,2,0,3,10,2,4,0,1,0,1,1,200,200,0,200,0,66,200
0,200,30,1,2,0,3,10,2,4,0,1,0,1,1,200,200,0,200,0,33,200
0,200,30,0,0,2,3,12,5,4,0,1,0,0,200,200,1,0,25,2,200,200
0,200,30,0,0,2,3,12,5,4,0,1,0,0,200,200,1,0,25,0,30,200
0,200,30,0,0,2,3,12,5,4,0,1,0,0,200,200,1,0,25,2,200,200
0,200,30,0,0,2,3,0,5,2,0,1,0,0,200,200,200,34,34,0,75,200
0,200,30,0,0,2,3,0,5,2,0,1,0,0,200,200,200,34,34,0,20,200
1,200,30,0,0,2,3,0,5,2,0,1,0,0,200,200,200,34,34,0,22,200
0,200,30,0,0,2,3,7,5,2,0,1,0,0,200,200,1,21,3,2,200,200
0,200,30,2,2,0,3,0,2,4,0,1,0,0,1,200,200,17,200,0,71,200
0,200,30,2,2,0,3,0,2,4,0,1,0,0,1,200,200,17,200,0,29,200
0,200,25,0,0,0,3,12,3,3,3,0,0,0,200,200,200,17,200,0,19,200
0,200,25,0,0,0,3,12,3,3,3,0,0,0,200,200,200,17,200,1,33,200
0,200,30,0,12,0,3,12,5,2,0,1,200,0,200,200,200,22,34,0,23,200
0,200,30,0,12,0,3,12,5,2,0,1,200,0,200,200,200,22,34,1,32,200
1,200,30,0,12,0,3,12,5,2,0,1,200,0,200,200,200,22,34,1,19,200
0,200,30,1,2,0,3,10,5,4,0,0,0,0,1,200,200,16,18,0,21,200
0,200,30,1,2,0,3,10,5,4,0,0,0,0,1,200,200,16,18,0,25,200
1,200,30,1,2,0,3,10,5,4,0,0,0,0,1,200,200,16,18,0,43,200
0,1,30,0,0,0,3,7,6,1,0,0,0,0,200,200,1,0,0,2,200,200
0,200,25,0,0,0,3,7,6,1,0,0,0,0,200,200,1,0,0,2,200,200
0,200,30,1,2,0,3,10,5,4,0,0,0,1,0,200,1,16,32,0,48,200
0,200,30,1,2,0,3,10,5,4,0,0,0,1,0,200,1,16,32,0,64,200
0,200,30,1,2,0,3,10,5,4,0,0,0,1,0,200,1,16,32,1,69,200
1,200,30,1,2,0,3,10,5,4,0,0,0,1,0,200,1,16,32,1,72,200
0,200,30,0,0,0,3,7,6,1,0,1,0,0,200,200,1,20,200,1,200,200
0,200,30,1,2,2,0,10,2,200,0,1,0,1,1,200,200,16,200,2,200,200
0,200,30,1,2,2,0,10,2,200,0,1,0,1,1,200,200,16,200,0,45,200
1,200,30,1,2,2,0,10,2,200,0,1,0,1,1,200,200,16,200,1,38,200
1,200,30,1,2,2,0,10,2,200,0,1,0,1,1,200,200,16,200,200,7,200
1,200,30,1,2,2,0,10,2,200,0,1,0,1,1,200,200,16,200,200,5,200
1,200,30,1,2,2,0,10,2,200,0,1,0,1,1,200,200,16,200,200,9,200
0,200,30,1,2,2,3,12,2,200,0,1,200,0,1,200,1,11,0,2,200,200
0,200,30,1,2,2,3,12,2,200,0,1,200,0,1,200,1,11,0,0,38,200
0,200,30,1,2,2,3,11,1,200,0,1,0,0,200,200,200,0,200,0,61,200
0,200,30,1,2,2,3,11,1,200,0,1,0,0,200,200,200,0,200,0,29,200
0,200,30,0,0,0,3,7,5,200,0,0,0,1,200,200,200,32,200,1,37,200
0,200,30,1,2,0,1,14,12,200,0,0,0,0,1,200,200,23,0,0,46,200
0,200,30,1,2,0,1,14,12,200,0,0,0,0,1,200,200,23,0,1,26,200
0,200,30,2,2,1,3,14,6,200,0,1,0,1,1,200,1,17,0,2,200,200
0,200,30,2,2,1,3,14,6,200,0,1,0,1,1,200,1,17,0,0,30,200
1,200,30,2,2,1,3,14,6,200,0,1,0,1,1,200,1,17,0,1,33,200
1,200,30,2,2,1,3,14,6,200,0,1,0,1,1,200,1,17,0,0,38,200
0,200,30,0,0,0,3,12,5,2,0,1,200,0,200,200,200,0,0,0,23,200
0,200,30,0,0,0,3,12,5,2,0,1,200,0,200,200,200,0,0,0,58,200
1,200,30,0,0,0,3,12,5,2,0,1,200,0,200,200,200,0,0,200,200,200
0,200,30,12,12,0,3,12,5,2,0,0,0,0,200,200,1,7,7,0,34,200
0,200,30,12,12,0,3,12,5,2,0,0,0,0,200,200,1,7,7,0,200,200
0,200,30,1,0,12,3,14,1,200,0,1,0,1,1,200,200,0,0,1,19,200
0,200,30,1,0,12,3,14,1,200,0,1,0,1,1,200,200,0,0,0,17,200
0,200,30,1,0,12,3,14,1,200,0,1,0,1,1,200,200,0,0,1,47,200
1,200,30,1,0,12,3,14,1,200,0,1,0,1,1,200,200,0,0,0,24,200
1,200,30,1,0,12,3,14,1,200,0,1,0,1,1,200,200,0,0,1,24,200
0,200,30,1,2,0,3,14,2,2,0,0,0,1,1,200,200,23,200,0,57,200
0,200,30,1,2,0,3,14,2,2,0,0,0,1,1,200,200,23,200,0,48,200