PERSON_TYPE,CRASH_DATE_EST_I,POSTED_SPEED_LIMIT,TRAFFIC_CONTROL_DEVICE,DEVICE_CONDITION,WEATHER_CONDITION,LIGHTING_CONDITION,FIRST_CRASH_TYPE,TRAFFICWAY_TYPE,LANE_CNT,ALIGNMENT,ROADWAY_SURFACE_COND,ROAD_DEFECT,CRASH_TYPE,INTERSECTION_RELATED_I,NOT_RIGHT_OF_WAY_I,HIT_AND_RUN_I,PRIM_CONTRIBUTORY_CAUSE,SEC_CONTRIBUTORY_CAUSE,SEX,AGE,BAC_RESULT VALUE
0,200,30,1,1,0,3,14,2,4,0,1,0,0,1,200,200,17,17,0,36,200
0,200,30,1,1,0,3,14,2,4,0,1,0,0,1,200,200,17,17,1,68,200
1,200,30,1,1,0,3,14,2,4,0,1,0,0,1,200,200,17,17,1,23,200
1,200,30,1,1,0,3,14,2,4,0,1,0,0,1,200,200,17,17,1,36,200
0,200,30,2,2,0,3,0,5,2,0,0,0,1,1,200,0,5,17,2,200,200
0,200,30,2,2,0,3,0,5,2,0,0,0,1,1,200,0,5,17,1,29,200
0,200,30,0,0,0,3,7,6,1,0,0,0,1,200,200,200,0,0,0,23,200
1,200,30,0,0,0,3,7,6,1,0,0,0,1,200,200,200,0,0,1,21,200
0,1,30,200,200,0,3,10,5,2,0,0,0,0,200,200,0,32,16,0,36,200
0,1,30,200,200,0,3,10,5,2,0,0,0,0,200,200,0,32,16,0,30,200
1,1,30,200,200,0,3,10,5,2,0,0,0,0,200,200,0,32,16,1,23,200
0,200,30,1,2,0,3,10,2,1,0,1,0,1,1,200,200,16,7,0,54,200
0,200,30,1,2,0,3,10,2,1,0,1,0,1,1,200,200,16,7,0,65,200
0,200,30,1,2,0,3,10,2,1,0,1,0,1,1,200,200,16,7,1,31,200
1,200,30,1,2,0,3,10,2,1,0,1,0,1,1,200,200,16,7,0,41,200
1,200,30,1,2,0,3,10,2,1,0,1,0,1,1,200,200,16,7,0,28,200
0,200,35,1,2,0,3,10,1,2,0,0,0,0,200,200,1,18,25,0,200,200
0,200,35,1,2,0,3,10,1,2,0,0,0,0,200,200,1,18,25,0,27,200
0,200,30,1,2,0,1,12,1,200,0,0,0,0,1,200,200,0,0,0,33,200
0,200,30,1,2,0,1,12,1,200,0,0,0,0,1,200,200,0,0,1,29,200
0,200,30,1,2,0,3,12,5,4,0,0,0,0,1,200,1,0,0,0,200,200
0,200,30,1,2,0,3,12,5,4,0,0,0,0,1,200,1,0,0,0,27,200
0,200,30,0,0,0,3,7,1,200,0,0,200,0,200,200,200,16,16,0,25,200
0,200,55,1,2,0,3,14,3,200,0,0,0,1,1,200,200,23,200,1,28,200
0,200,55,1,2,0,3,14,3,200,0,0,0,1,1,200,200,23,200,0,60,200
1,200,55,1,2,0,3,14,3,200,0,0,0,1,1,200,200,23,200,0,29,200
0,200,30,2,2,2,0,2,5,2,3,1,0,1,1,200,200,32,200,1,30,200
1,200,30,2,2,2,0,2,5,2,3,1,0,1,1,200,200,32,200,0,43,200
0,200,30,0,0,0,0,7,200,1,0,0,0,0,200,200,1,20,200,2,200,200
0,200,35,0,0,0,3,7,2,200,0,0,0,1,200,200,200,0,200,1,34,200
4,200,35,1,2,0,3,8,12,1,0,0,0,1,1,200,200,31,15,0,43,200
0,200,35,1,2,0,3,8,12,1,0,0,0,1,1,200,200,31,15,0,27,200
1,200,35,1,2,0,3,8,12,1,0,0,0,1,1,200,200,31,15,1,200,200
0,200,45,0,0,0,3,2,3,8,0,0,0,1,200,200,200,14,11,0,59,200
5,1,30,1,200,0,3,9,5,2,0,0,200,1,200,200,0,0,200,0,47,200
0,1,30,1,200,0,3,9,5,2,0,0,200,1,200,200,0,0,200,1,50,200
1,1,30,1,200,0,3,9,5,2,0,0,200,1,200,200,0,0,200,0,50,200
0,200,30,0,0,0,3,7,5,200,0,0,0,0,200,200,1,0,0,2,200,200
0,1,15,0,0,0,3,7,0,1,0,0,0,0,200,1,1,20,200,2,200,200
0,200,30,3,2,0,3,2,3,2,0,1,0,1,200,200,200,27,0,0,20,200
0,200,35,0,0,0,3,7,5,200,0,1,0,1,200,200,200,11,200,0,52,200
0,200,30,0,0,0,0,7,6,1,0,0,0,0,200,200,200,7,200,0,20,200
1,200,30,0,0,0,0,7,6,1,0,0,0,0,200,200,200,7,200,1,19,200
0,200,30,1,2,0,3,0,5,2,0,0,0,1,1,200,200,6,200,1,24,200
0,200,30,1,2,0,3,0,5,2,0,0,0,1,1,200,200,6,200,0,21,200
1,200,30,1,2,0,3,0,5,2,0,0,0,1,1,200,200,6,200,0,24,200
1,200,30,1,2,0,3,0,5,2,0,0,0,1,1,200,200,6,200,1,2,200
1,200,30,1,2,0,3,0,5,2,0,0,0,1,1,200,200,6,200,0,200,200
1,200,30,1,2,0,3,0,5,2,0,0,0,1,1,200,200,6,200,0,24,200
0,200,25,0,0,0,3,2,5,200,0,0,0,1,200,1,200,14,25,2,200,200
1,200,25,0,0,0,3,2,5,200,0,0,0,1,200,1,200,14,25,1,200,200
1,200,25,0,0,0,3,2,5,200,0,0,0,1,200,1,200,14,25,0,200,200
0,200,30,0,0,0,3,7,5,1,0,0,0,1,200,200,1,14,16,2,200,200
0,200,25,0,0,0,3,7,5,200,0,0,3,1,200,200,1,0,21,0,20,200
0,200,25,0,0,0,3,7,5,200,0,0,3,1,200,200,1,0,21,2,200,200
1,200,25,0,0,0,3,7,5,200,0,0,3,1,200,200,1,0,21,0,22,200
0,200,30,2,2,0,3,14,5,2,0,0,0,1,1,200,200,0,0,0,21,200
0,200,30,2,2,0,3,14,5,2,0,0,0,1,1,200,200,0,0,0,28,200
1,200,30,2,2,0,3,14,5,2,0,0,0,1,1,200,200,0,0,0,22,200
0,200,30,0,0,0,0,7,5,1,0,0,0,1,200,200,1,0,16,0,200,200
0,200,30,0,0,0,3,12,6,3,0,0,0,1,200,200,200,14,0,0,24,200
0,200,30,0,0,0,3,12,6,3,0,0,0,1,200,200,200,14,0,0,40,200
1,200,30,0,0,0,3,12,6,3,0,0,0,1,200,200,200,14,0,1,25,200
0,200,25,0,0,0,1,7,5,200,0,0,0,1,200,200,200,11,0,0,37,200
0,200,30,1,2,0,3,14,5,2,0,0,0,1,1,200,1,6,200,2,200,200
0,200,30,1,2,0,3,14,5,2,0,0,0,1,1,200,1,6,200,0,24,200
1,200,30,1,2,0,3,14,5,2,0,0,0,1,1,200,1,6,200,1,23,200
1,200,30,1,2,0,3,14,5,2,0,0,0,1,1,200,1,6,200,1,23,200
1,200,30,1,2,0,3,14,5,2,0,0,0,1,1,200,1,6,200,0,23,200
0,200,30,0,0,200,200,14,5,2,0,200,200,0,200,200,1,18,200,0,200,200
0,200,30,0,0,200,200,14,5,2,0,200,200,0,200,200,1,18,200,0,27,200
0,200,30,0,0,0,3,12,5,200,0,0,0,0,200,200,200,22,21,0,200,200
0,200,30,0,0,0,3,12,5,200,0,0,0,0,200,200,200,22,21,0,57,200
1,200,30,0,0,0,3,12,5,200,0,0,0,0,200,200,200,22,21,0,37,200
0,200,25,0,0,0,3,0,5,200,0,0,0,0,200,200,200,17,17,0,66,200
0,200,25,0,0,0,3,0,5,200,0,0,0,0,200,200,200,17,17,0,35,200
0,200,25,0,0,0,3,7,5,2,0,0,0,1,200,200,200,32,20,1,54,200
0,200,30,1,2,0,0,14,5,4,0,0,0,0,1,200,200,21,200,0,31,200
0,200,30,1,2,0,0,14,5,4,0,0,0,0,1,200,200,21,200,1,53,200
0,200,35,1,2,0,2,10,5,200,0,0,0,0,1,200,200,16,0,0,30,200
0,200,35,1,2,0,2,10,5,200,0,0,0,0,1,200,200,16,0,1,38,200
0,200,30,1,2,0,3,12,6,3,0,0,0,0,200,200,1,22,21,2,200,200
0,200,30,1,2,0,3,12,6,3,0,0,0,0,200,200,1,22,21,0,26,200
0,200,30,0,0,0,0,7,5,2,0,1,0,1,200,200,200,0,200,0,61,200
0,200,30,1,2,0,2,10,5,200,0,0,0,1,200,200,200,16,18,0,22,200
0,200,30,1,2,0,2,10,5,200,0,0,0,1,200,200,200,16,18,0,55,200
0,200,30,0,0,0,2,2,3,6,0,0,0,1,200,200,1,0,200,1,24,200
0,200,30,1,2,0,4,10,5,4,0,0,0,1,1,200,200,18,17,0,40,200
0,200,30,1,2,0,4,10,5,4,0,0,0,1,1,200,200,18,17,0,54,200
0,200,30,0,0,1,3,7,2,2,0,0,0,0,200,200,1,25,200,2,200,200
4,200,25,1,2,2,2,8,2,4,0,0,0,1,1,200,200,6,200,0,56,200
0,200,25,1,2,2,2,8,2,4,0,0,0,1,1,200,200,6,200,0,51,200
0,200,30,2,0,0,1,10,5,200,2,0,3,0,200,200,200,28,15,0,29,200
0,200,30,2,0,0,1,10,5,200,2,0,3,0,200,200,200,28,15,1,42,200
0,200,15,0,0,0,2,3,7,200,0,0,0,0,200,200,1,0,200,0,200,200
0,200,15,0,0,0,2,3,7,200,0,0,0,0,200,200,1,0,200,0,32,200
0,200,25,0,0,0,1,10,12,200,0,0,0,0,200,200,200,18,200,0,200,200
0,200,25,0,0,0,1,10,12,200,0,0,0,0,200,200,200,18,200,0,27,200
0,200,30,0,0,1,1,2,5,4,0,0,0,1,200,200,200,0,0,0,36,200
0,200,30,1,2,0,1,10,5,2,0,0,0,0,200,200,200,18,0,0,57,200
0,200,30,1,2,0,1,10,5,2,0,0,0,0,200,200,200,18,0,1,45,200
0,200,20,0,0,0,1,7,5,2,0,0,0,0,200,200,200,20,200,0,200,200
0,200,30,1,2,0,1,10,5,4,2,0,0,1,1,200,200,18,7,0,28,200
0,200,30,1,2,0,1,10,5,4,2,0,0,1,1,200,200,18,7,1,29,200
0,200,30,0,0,1,1,7,2,4,0,0,0,1,200,1,200,32,32,0,39,200
0,200,30,1,2,0,2,0,12,0,0,0,0,0,1,200,1,0,200,1,57,200
0,200,30,1,2,0,2,0,12,0,0,0,0,0,1,200,1,0,200,2,200,200
0,200,30,0,0,1,1,12,5,2,0,0,0,1,200,200,1,25,0,0,200,200
0,200,30,0,0,1,1,12,5,2,0,0,0,1,200,200,1,25,0,1,55,200
0,200,30,0,0,1,1,7,5,2,0,1,0,1,200,200,200,32,27,0,39,200
0,200,30,0,0,0,2,7,6,2,0,0,0,0,200,200,200,0,0,1,41,200
0,200,30,0,0,2,1,2,6,2,0,1,0,1,200,200,200,4,11,0,65,200
0,200,30,0,0,2,0,2,5,200,0,1,0,1,200,200,200,0,27,1,36,200
1,200,30,0,0,2,0,2,5,200,0,1,0,1,200,200,200,0,27,0,53,200
0,200,30,1,2,0,1,10,2,200,0,0,0,0,1,200,200,16,200,0,44,200
0,200,30,1,2,0,1,10,2,200,0,0,0,0,1,200,200,16,200,0,66,200
0,200,35,0,0,0,1,10,5,4,0,0,0,0,200,200,200,0,0,1,53,200
0,200,35,0,0,0,1,10,5,4,0,0,0,0,200,200,200,0,0,0,60,200
0,200,30,1,2,2,1,0,5,4,0,1,200,0,1,200,0,6,25,0,20,200
0,200,30,1,2,2,1,0,5,4,0,1,200,0,1,200,0,6,25,0,28,200
0,200,30,1,2,2,1,10,5,2,0,1,0,0,200,200,200,18,200,0,30,200
0,200,30,1,2,2,1,10,5,2,0,1,0,0,200,200,200,18,200,1,52,200
0,200,30,1,2,2,1,0,5,200,0,1,0,0,1,200,200,6,200,0,19,200
0,200,30,1,2,2,1,0,5,200,0,1,0,0,1,200,200,6,200,0,50,200
1,200,30,1,2,2,1,0,5,200,0,1,0,0,1,200,200,6,200,1,21,200
0,1,30,0,0,200,3,7,5,200,0,200,200,0,200,200,1,0,0,2,200,200
0,200,30,0,0,2,1,11,6,200,0,1,0,1,200,200,200,10,200,1,47,200
0,200,30,0,0,2,1,11,6,200,0,1,0,1,200,200,200,10,200,1,30,200
0,200,30,2,2,2,1,14,2,4,0,1,0,1,1,200,200,17,0,1,59,200
0,200,30,2,2,2,1,14,2,4,0,1,0,1,1,200,200,17,0,1,21,200
0,200,25,0,0,200,200,7,6,200,0,200,0,1,200,200,1,0,0,2,200,200
0,200,15,0,0,2,1,11,6,1,0,1,0,0,200,200,200,20,17,1,39,200
0,200,15,0,0,2,1,11,6,1,0,1,0,0,200,200,200,20,17,0,59,200
1,200,15,0,0,2,1,11,6,1,0,1,0,0,200,200,200,20,17,0,15,200
1,200,15,0,0,2,1,11,6,1,0,1,0,0,200,200,200,20,17,200,4,200
0,200,30,1,2,2,1,10,2,4,0,1,0,0,200,200,200,16,200,0,44,200
0,200,30,1,2,2,1,10,2,4,0,1,0,0,200,200,200,16,200,1,64,200
0,200,35,1,2,2,1,10,6,4,0,1,0,0,200,200,200,0,0,0,39,200
0,200,35,1,2,2,1,10,6,4,0,1,0,0,200,200,200,0,0,0,51,200
1,200,35,1,2,2,1,10,6,4,0,1,0,0,200,200,200,0,0,200,200,200
0,200,35,0,0,2,1,14,5,200,0,1,200,0,0,200,200,17,17,0,71,200
0,200,35,0,0,2,1,14,5,200,0,1,200,0,0,200,200,17,17,0,35,200
0,200,25,0,0,2,1,10,6,1,0,1,0,0,200,200,200,33,20,0,57,200
0,200,25,0,0,2,1,10,6,1,0,1,0,0,200,200,200,33,20,1,24,200
0,200,25,1,2,2,1,12,5,2,0,1,0,0,200,200,200,0,0,0,63,200
0,200,25,1,2,2,1,12,5,2,0,1,0,0,200,200,200,0,0,1,50,200
0,200,30,1,2,2,1,12,3,200,0,1,0,0,1,200,200,21,200,0,59,200
0,200,30,1,2,2,1,12,3,200,0,1,0,0,1,200,200,21,200,0,32,200
0,200,30,1,2,2,1,12,3,200,0,1,0,0,1,200,200,21,200,0,63,200
0,200,20,0,0,2,1,7,6,200,0,1,0,0,200,200,1,0,0,2,200,200
0,200,15,0,0,2,1,7,7,200,0,1,0,0,200,1,1,20,200,0,200,200
0,200,30,1,1,0,1,0,5,200,0,1,0,0,1,200,200,17,15,0,24,200
0,200,30,1,1,0,1,0,5,200,0,1,0,0,1,200,200,17,15,0,68,200
0,200,30,1,2,2,1,3,3,2,0,1,0,1,1,200,200,6,200,0,17,200
0,200,30,1,2,2,1,3,3,2,0,1,0,1,1,200,200,6,200,0,37,200
0,200,30,0,0,2,1,2,5,2,0,1,200,0,200,1,200,34,0,0,56,200
0,200,30,2,2,0,1,14,2,200,0,1,0,1,1,200,200,17,21,0,22,200
0,200,30,2,2,0,1,14,2,200,0,1,0,1,1,200,200,17,21,1,75,200
0,200,30,0,0,2,1,12,5,200,0,1,0,0,200,200,200,17,0,1,37,200
0,200,30,0,0,2,1,12,5,200,0,1,0,0,200,200,200,17,0,1,53,200
1,200,30,0,0,2,1,12,5,200,0,1,0,0,200,200,200,17,0,1,2,200
1,200,30,0,0,2,1,12,5,200,0,1,0,0,200,200,200,17,0,0,79,200
4,200,15,0,0,2,1,8,7,200,0,1,0,0,200,200,200,13,200,0,200,200
0,200,15,0,0,2,1,8,7,200,0,1,0,0,200,200,200,13,200,0,44,200
0,200,30,0,0,2,1,10,2,2,0,1,200,0,200,200,200,0,0,0,200,200
0,200,30,0,0,2,1,10,2,2,0,1,200,0,200,200,200,0,0,0,200,200
0,200,30,0,0,2,1,10,2,2,0,1,200,0,200,200,200,0,0,1,57,200
0,200,30,0,0,2,1,10,2,2,0,1,200,0,200,200,200,0,0,0,200,200
0,200,0,0,0,2,1,0,7,0,0,1,0,0,200,1,200,0,0,0,0,200
0,200,0,0,0,2,1,0,7,0,0,1,0,0,200,1,200,0,0,0,60,200
0,200,30,0,0,2,1,7,2,200,0,1,0,0,200,200,200,34,200,0,27,200
0,200,30,0,0,0,1,10,5,200,0,1,0,0,200,200,1,0,0,0,200,200
0,200,30,0,0,0,1,10,5,200,0,1,0,0,200,200,1,0,0,0,63,200
0,200,30,0,0,0,1,10,5,200,0,1,0,0,200,200,1,0,0,0,200,200
0,200,30,2,2,1,1,14,5,200,0,3,0,0,1,200,200,17,17,0,27,200
0,200,30,2,2,1,1,14,5,200,0,3,0,0,1,200,200,17,17,1,37,200
1,200,30,2,2,1,1,14,5,200,0,3,0,0,1,200,200,17,17,0,200,200
1,200,30,2,2,1,1,14,5,200,0,3,0,0,1,200,200,17,17,1,200,200
0,200,25,2,2,2,1,0,5,6,0,1,0,1,1,200,200,17,200,0,20,200
0,200,25,2,2,2,1,0,5,6,0,1,0,1,1,200,200,17,200,1,28,200
0,200,25,2,2,2,1,0,5,6,0,1,0,1,1,200,200,17,200,1,30,200
1,200,25,2,2,2,1,0,5,6,0,1,0,1,1,200,200,17,200,1,44,200
1,200,25,2,2,2,1,0,5,6,0,1,0,1,1,200,200,17,200,0,47,200
1,200,25,2,2,2,1,0,5,6,0,1,0,1,1,200,200,17,200,0,61,200
1,200,25,2,2,2,1,0,5,6,0,1,0,1,1,200,200,17,200,1,33,200
1,200,25,2,2,2,1,0,5,6,0,1,0,1,1,200,200,17,200,1,58,200
1,200,25,2,2,2,1,0,5,6,0,1,0,1,1,200,200,17,200,1,16,200
0,200,30,1,2,2,1,2,2,2,0,1,0,1,200,200,200,200,200,1,26,200
1,200,30,1,2,2,1,2,2,2,0,1,0,1,200,200,200,200,200,1,45,200
0,200,20,0,0,2,1,7,6,1,0,1,0,0,200,1,1,0,0,0,200,200
0,200,30,1,2,1,1,0,2,200,0,0,0,0,200,200,200,17,17,1,77,200
0,200,30,1,2,1,1,0,2,200,0,0,0,0,200,200,200,17,17,0,52,200
0,200,30,0,0,0,1,7,6,1,0,0,0,0,200,200,1,0,0,2,200,200
0,1,20,0,0,0,3,7,6,1,0,0,0,0,200,200,1,21,0,2,200,200
0,200,15,0,0,0,1,7,0,1,0,1,0,0,200,200,200,21,200,0,50,200
0,200,30,1,2,0,3,14,5,4,0,0,0,0,1,200,200,23,0,0,200,200
0,200,30,1,2,0,3,14,5,4,0,0,0,0,1,200,200,23,0,0,26,200
0,200,30,0,0,0,3,12,2,200,0,0,0,0,200,200,200,0,0,0,25,200
0,200,30,0,0,0,3,12,2,200,0,0,0,0,200,200,200,0,0,0,32,200
0,200,30,0,0,2,1,0,3,4,0,1,0,0,200,200,200,17,34,1,20,200
0,200,30,0,0,2,1,0,3,4,0,1,0,0,200,200,200,17,34,0,40,200
0,200,10,1,2,0,1,12,12,200,0,0,0,1,200,200,200,22,22,1,38,200
0,200,10,1,2,0,1,12,12,200,0,0,0,1,200,200,200,22,22,1,56,200
0,200,30,0,0,0,1,14,2,200,0,0,0,0,200,200,200,0,0,0,40,200
0,200,30,0,0,0,1,14,2,200,0,0,0,0,200,200,200,0,0,0,26,200
0,200,30,0,0,2,1,7,7,0,0,1,0,0,200,200,1,0,0,2,200,200
0,200,25,0,0,0,1,12,2,200,0,0,0,0,200,200,200,22,200,0,200,200
0,200,25,0,0,0,1,12,2,200,0,0,0,0,200,200,200,22,200,1,25,200
1,200,10,0,12,2,1,7,7,2,3,1,0,1,200,200,1,0,0,1,62,200
0,200,30,1,2,0,1,2,5,4,3,0,0,1,1,200,200,0,0,0,31,200
0,200,30,0,0,2,1,9,2,4,0,1,0,1,0,200,1,17,16,2,200,200
5,200,30,0,0,2,1,9,2,4,0,1,0,1,0,200,1,17,16,0,36,200
0,200,40,3,2,1,1,12,3,4,2,1,0,0,200,200,1,21,0,0,200,200
0,200,40,3,2,1,1,12,3,4,2,1,0,0,200,200,1,21,0,0,31,200
0,200,20,0,0,1,1,7,5,2,0,1,0,1,200,200,200,0,200,1,36,200
0,200,30,1,2,1,1,14,3,4,0,0,0,0,1,200,200,0,0,1,28,200
0,200,30,1,2,1,1,14,3,4,0,0,0,0,1,200,200,0,0,1,85,200
1,200,30,1,2,1,1,14,3,4,0,0,0,0,1,200,200,0,0,1,51,200
1,200,30,1,2,1,1,14,3,4,0,0,0,0,1,200,200,0,0,0,2,200
0,200,35,0,0,2,1,12,5,2,0,1,0,1,200,200,200,0,0,0,57,200
0,200,35,0,0,2,1,12,5,2,0,1,0,1,200,200,200,0,0,1,51,200
1,200,35,0,0,2,1,12,5,2,0,1,0,1,200,200,200,0,0,1,60,200
1,200,35,0,0,2,1,12,5,2,0,1,0,1,200,200,200,0,0,1,81,200
0,200,30,1,2,2,1,10,200,0,0,1,0,0,1,200,1,20,0,2,200,200
0,200,30,1,2,2,1,10,200,0,0,1,0,0,1,200,1,20,0,1,33,200
1,200,30,1,2,2,1,10,200,0,0,1,0,0,1,200,1,20,0,200,200,200
1,200,30,1,2,2,1,10,200,0,0,1,0,0,1,200,1,20,0,2,200,200
1,200,30,1,2,2,1,10,200,0,0,1,0,0,1,200,1,20,0,2,200,200
0,200,30,0,0,0,1,12,3,6,0,0,200,0,200,200,200,0,200,1,50,200
0,200,30,0,0,0,1,12,3,6,0,0,200,0,200,200,200,0,200,0,47,200
0,200,25,1,2,0,1,10,5,200,0,0,0,0,200,200,200,18,0,0,24,200
0,200,25,1,2,0,1,10,5,200,0,0,0,0,200,200,200,18,0,0,28,200
0,200,30,0,0,0,1,7,2,2,0,1,0,0,200,200,200,200,200,0,39,200
0,200,30,0,0,2,1,7,2,200,0,1,0,0,200,200,200,21,200,1,44,200
0,200,30,0,0,0,1,14,5,4,0,1,0,0,200,200,200,0,0,1,66,200
0,200,30,0,0,0,1,14,5,4,0,1,0,0,200,200,200,0,0,1,17,200
0,200,30,2,2,2,1,2,5,2,0,1,12,1,1,200,200,200,200,1,61,200
0,200,30,0,0,2,1,7,5,200,0,1,4,0,200,200,200,21,200,1,33,200
0,200,30,200,200,200,1,12,5,200,0,1,200,0,200,200,200,0,200,1,200,200
0,200,30,200,200,200,1,12,5,200,0,1,200,0,200,200,200,0,200,0,200,200
0,200,0,0,0,2,1,0,12,200,0,1,0,0,1,200,200,11,200,0,20,200
0,200,0,0,0,2,1,0,12,200,0,1,0,0,1,200,200,11,200,1,17,200
1,200,0,0,0,2,1,0,12,200,0,1,0,0,1,200,200,11,200,1,15,200
1,200,0,0,0,2,1,0,12,200,0,1,0,0,1,200,200,11,200,1,10,200
0,200,35,0,0,2,1,10,2,2,0,1,0,0,200,200,200,0,0,0,74,200
0,200,35,0,0,2,1,10,2,2,0,1,0,0,200,200,200,0,0,0,77,200
0,200,30,1,2,0,1,14,12,0,0,1,0,1,1,200,200,17,200,0,36,200
0,200,30,1,2,0,1,14,12,0,0,1,0,1,1,200,200,17,200,0,19,200
1,200,30,1,2,0,1,14,12,0,0,1,0,1,1,200,200,17,200,1,17,200
0,200,30,2,2,0,1,0,2,0,0,0,0,1,1,200,200,17,16,1,42,200
0,200,30,2,2,0,1,0,2,0,0,0,0,1,1,200,200,17,16,0,56,200
1,200,30,2,2,0,1,0,2,0,0,0,0,1,1,200,200,17,16,1,24,200
1,200,30,2,2,0,1,0,2,0,0,0,0,1,1,200,200,17,16,0,1,200
0,200,30,1,2,2,1,10,2,200,0,1,0,0,200,200,200,34,0,0,35,200
0,200,30,1,2,2,1,10,2,200,0,1,0,0,200,200,200,34,0,0,69,200
0,200,5,0,0,0,1,0,7,1,0,0,0,0,200,1,200,20,200,1,45,200
0,200,5,0,0,0,1,0,7,1,0,0,0,0,200,1,200,20,200,1,40,200
1,200,5,0,0,0,1,0,7,1,0,0,0,0,200,1,200,20,200,1,8,200
1,200,5,0,0,0,1,0,7,1,0,0,0,0,200,1,200,20,200,1,4,200
0,200,30,0,0,2,1,7,5,4,0,1,0,0,200,200,200,11,200,0,20,200
0,200,30,0,0,2,1,12,5,200,0,1,0,0,200,200,1,0,200,1,200,200
0,200,30,0,0,2,1,12,5,200,0,1,0,0,200,200,1,0,200,1,30,200
1,200,30,0,0,2,1,12,5,200,0,1,0,0,200,200,1,0,200,2,200,200
0,200,30,0,0,1,1,7,2,200,0,1,0,0,200,200,200,0,0,1,200,200
1,200,30,0,0,1,1,7,2,200,0,1,0,0,200,200,200,0,0,1,200,200
0,1,25,0,0,0,1,10,5,2,0,1,0,0,200,200,200,11,0,0,18,200
0,1,25,0,0,0,1,10,5,2,0,1,0,0,200,200,200,11,0,0,48,200
1,1,25,0,0,0,1,10,5,2,0,1,0,0,200,200,200,11,0,0,200,200
1,1,25,0,0,0,1,10,5,2,0,1,0,0,200,200,200,11,0,200,200,200
0,200,30,1,2,2,1,11,2,2,0,1,0,0,200,200,200,21,0,1,33,200
0,200,30,1,2,2,1,11,2,2,0,1,0,0,200,200,200,21,0,0,33,200
0,0,30,1,2,0,1,3,5,2,0,0,0,0,200,200,200,10,21,0,78,200
0,0,30,1,2,0,1,3,5,2,0,0,0,0,200,200,200,10,21,0,27,200
1,0,30,1,2,0,1,3,5,2,0,0,0,0,200,200,200,10,21,1,31,200
1,0,30,1,2,0,1,3,5,2,0,0,0,0,200,200,200,10,21,0,2,200
0,200,35,0,0,0,1,12,5,200,0,0,0,0,200,200,200,17,0,0,25,200
0,200,35,0,0,0,1,12,5,200,0,0,0,0,200,200,200,17,0,0,41,200
0,200,30,0,0,0,1,12,3,200,0,0,0,0,1,200,200,22,16,1,40,200
0,200,30,0,0,0,1,12,3,200,0,0,0,0,1,200,200,22,16,0,31,200
0,200,30,0,0,0,1,12,3,200,0,0,0,0,1,200,200,22,16,0,55,200
1,200,30,0,0,0,1,12,3,200,0,0,0,0,1,200,200,22,16,1,35,200
0,200,30,1,2,0,3,10,5,200,0,0,200,0,200,200,200,11,200,1,200,200
0,200,30,1,2,0,3,10,5,200,0,0,200,0,200,200,200,11,200,0,37,200
0,200,30,0,0,0,1,10,5,200,0,0,0,0,200,200,200,200,200,0,52,200
0,200,30,0,0,0,1,10,5,200,0,0,0,0,200,200,200,200,200,1,42,200
1,200,30,0,0,0,1,10,5,200,0,0,0,0,200,200,200,200,200,1,200,200
0,200,30,0,0,0,0,7,5,2,0,0,0,0,200,200,200,0,0,0,200,200
1,200,30,0,0,0,0,7,5,2,0,0,0,0,200,200,200,0,0,1,200,200
0,200,10,2,2,0,1,14,12,200,0,0,0,1,1,200,200,11,23,0,34,200
0,200,10,2,2,0,1,14,12,200,0,0,0,1,1,200,200,11,23,0,56,200
0,200,30,0,0,1,1,14,5,200,0,0,0,0,200,200,200,0,0,1,37,200
0,200,30,0,0,1,1,14,5,200,0,0,0,0,200,200,200,0,0,1,20,200
1,200,30,0,0,1,1,14,5,200,0,0,0,0,200,200,200,0,0,1,200,200
0,200,35,0,0,0,1,12,5,200,0,0,0,0,200,200,200,0,200,0,200,200
0,200,35,0,0,0,1,12,5,200,0,0,0,0,200,200,200,0,200,1,200,200
1,200,35,0,0,0,1,12,5,200,0,0,0,0,200,200,200,0,200,1,200,200
0,200,30,1,2,0,1,10,5,4,0,0,0,1,200,200,200,18,11,1,67,200
0,200,30,1,2,0,1,10,5,4,0,0,0,1,200,200,200,18,11,0,48,200
1,200,30,1,2,0,1,10,5,4,0,0,0,1,200,200,200,18,11,1,5,200
0,200,25,2,0,0,1,14,5,200,0,0,0,1,200,200,200,17,16,0,40,200
0,200,25,2,0,0,1,14,5,200,0,0,0,1,200,200,200,17,16,1,57,200
0,200,25,0,0,0,1,10,5,2,0,0,0,1,200,200,1,14,18,0,200,200
0,200,25,0,0,0,1,10,5,2,0,0,0,1,200,200,1,14,18,0,37,200
0,200,30,1,2,2,1,10,5,200,0,1,200,0,200,200,200,11,200,0,69,200
0,200,30,1,2,2,1,10,5,200,0,1,200,0,200,200,200,11,200,0,25,200
0,200,30,0,0,2,1,7,7,1,0,1,0,0,200,200,200,20,0,1,200,200
0,200,30,2,2,0,1,0,5,200,0,0,0,0,200,200,200,5,16,0,200,200
0,200,30,2,2,0,1,0,5,200,0,0,0,0,200,200,200,5,16,1,21,200
0,200,30,1,2,0,1,3,5,4,0,0,0,1,1,200,200,21,200,0,26,200
0,200,30,1,2,0,1,3,5,4,0,0,0,1,1,200,200,21,200,0,25,200
0,200,30,2,2,0,1,0,5,2,0,12,200,0,200,200,1,0,0,1,200,200
0,200,30,2,2,0,1,0,5,2,0,12,200,0,200,200,1,0,0,0,53,200
0,200,30,0,0,2,3,7,6,1,0,1,200,0,200,200,1,0,0,2,200,200
0,200,15,200,200,0,1,2,0,1,0,0,0,1,200,200,1,0,0,0,200,200