PERSON_TYPE,CRASH_DATE_EST_I,POSTED_SPEED_LIMIT,TRAFFIC_CONTROL_DEVICE,DEVICE_CONDITION,WEATHER_CONDITION,LIGHTING_CONDITION,FIRST_CRASH_TYPE,TRAFFICWAY_TYPE,LANE_CNT,ALIGNMENT,ROADWAY_SURFACE_COND,ROAD_DEFECT,CRASH_TYPE,INTERSECTION_RELATED_I,NOT_RIGHT_OF_WAY_I,HIT_AND_RUN_I,PRIM_CONTRIBUTORY_CAUSE,SEC_CONTRIBUTORY_CAUSE,SEX,AGE,BAC_RESULT VALUE
0,200,30,1,2,0,1,14,5,4,0,1,0,0,1,200,200,17,23,0,30,200
0,200,30,1,2,0,1,14,5,4,0,1,0,0,1,200,200,17,23,0,33,200
0,200,30,1,2,0,1,12,6,4,0,0,0,0,1,200,200,0,0,0,200,200
0,200,30,1,2,0,1,12,6,4,0,0,0,0,1,200,200,0,0,0,200,200
1,200,30,1,2,0,1,12,6,4,0,0,0,0,1,200,200,0,0,1,200,200
0,200,30,1,2,0,1,12,5,2,0,0,0,0,200,200,1,0,0,0,200,200
0,200,30,1,2,0,1,12,5,2,0,0,0,0,200,200,1,0,0,0,200,200
1,200,30,1,2,0,1,12,5,2,0,0,0,0,200,200,1,0,0,1,200,200
1,200,30,1,2,0,1,12,5,2,0,0,0,0,200,200,1,0,0,0,200,200
0,200,30,0,200,0,1,14,2,2,0,0,200,0,200,200,200,17,0,0,39,200
0,200,30,0,200,0,1,14,2,2,0,0,200,0,200,200,200,17,0,0,39,200
0,200,35,0,0,0,1,12,5,2,0,0,0,0,200,200,200,21,200,0,200,200
0,200,35,0,0,0,1,12,5,2,0,0,0,0,200,200,200,21,200,1,27,200
0,200,30,0,0,0,1,10,5,2,0,0,0,0,200,200,1,18,11,2,200,200
0,200,30,0,0,0,1,10,5,2,0,0,0,0,200,200,1,18,11,1,26,200
1,200,30,0,0,0,1,10,5,2,0,0,0,0,200,200,1,18,11,0,29,200
0,200,30,0,0,0,1,10,5,200,0,0,0,0,200,200,200,200,200,1,22,200
0,200,30,0,0,0,1,10,5,200,0,0,0,0,200,200,200,200,200,0,28,200
1,200,30,0,0,0,1,10,5,200,0,0,0,0,200,200,200,200,200,1,200,200
0,0,30,0,0,0,1,7,5,1,0,0,200,0,200,200,1,0,0,2,200,200
0,200,30,1,2,0,1,12,1,200,0,0,0,0,200,200,200,0,200,0,26,200
0,200,30,1,2,0,1,12,1,200,0,0,0,0,200,200,200,0,200,0,36,200
0,200,5,0,0,0,1,7,0,1,0,0,0,0,200,200,1,200,200,0,200,200
0,200,30,1,2,5,1,10,2,2,0,1,0,0,200,200,200,18,16,0,45,200
0,200,30,1,2,5,1,10,2,2,0,1,0,0,200,200,200,18,16,1,42,200
0,200,30,1,2,5,1,10,2,2,0,1,0,0,200,200,200,18,16,1,27,200
0,200,15,0,0,1,1,10,7,200,0,0,0,0,200,1,200,20,200,0,72,200
0,200,15,0,0,1,1,10,7,200,0,0,0,0,200,1,200,20,200,1,60,200
1,200,15,0,0,1,1,10,7,200,0,0,0,0,200,1,200,20,200,1,73,200
1,200,15,0,0,1,1,10,7,200,0,0,0,0,200,1,200,20,200,0,31,200
1,200,15,0,0,1,1,10,7,200,0,0,0,0,200,1,200,20,200,0,67,200
0,200,30,1,2,0,1,12,5,2,0,0,0,0,0,200,200,21,200,1,38,200
0,200,30,1,2,0,1,12,5,2,0,0,0,0,0,200,200,21,200,0,55,200
1,200,30,1,2,0,1,12,5,2,0,0,0,0,0,200,200,21,200,2,200,200
0,200,30,1,2,0,1,10,5,200,0,0,0,0,0,200,200,18,18,1,72,200
0,200,30,2,0,0,1,0,5,2,0,1,1,1,1,200,200,17,11,1,60,200
0,200,30,2,0,0,1,0,5,2,0,1,1,1,1,200,200,17,11,0,65,200
0,200,30,1,2,0,1,0,5,2,2,0,200,1,200,200,200,6,11,1,57,200
0,200,30,1,2,0,1,0,5,2,2,0,200,1,200,200,200,6,11,0,37,200
0,200,30,1,2,0,1,0,5,2,2,0,200,1,200,200,200,6,11,1,54,200
1,200,30,1,2,0,1,0,5,2,2,0,200,1,200,200,200,6,11,1,58,200
1,200,30,1,2,0,1,0,5,2,2,0,200,1,200,200,200,6,11,0,52,200
0,200,30,2,2,0,1,12,5,4,0,0,0,0,200,200,1,3,6,2,200,200
0,200,30,2,2,0,1,12,5,4,0,0,0,0,200,200,1,3,6,0,28,200
0,200,30,0,0,0,1,10,5,200,0,1,0,0,200,200,200,20,0,1,52,200
0,200,30,0,0,0,1,10,5,200,0,1,0,0,200,200,200,20,0,0,56,200
0,200,30,0,0,0,1,7,6,2,0,0,0,0,200,200,200,200,200,0,43,200
0,200,30,2,0,0,1,0,5,200,0,0,0,0,200,200,200,0,0,1,24,200
0,200,30,2,0,0,1,0,5,200,0,0,0,0,200,200,200,0,0,1,25,200
0,200,30,0,0,0,1,7,5,2,0,1,0,0,200,200,200,21,16,1,200,200
1,200,30,0,0,0,1,7,5,2,0,1,0,0,200,200,200,21,16,0,200,200
0,200,30,0,0,0,1,7,3,200,0,0,0,0,200,200,200,0,0,1,200,200
0,200,30,0,0,0,1,12,2,200,0,0,0,1,200,200,200,17,200,1,28,200
0,200,30,0,0,0,1,12,2,200,0,0,0,1,200,200,200,17,200,1,59,200
1,200,30,0,0,0,1,12,2,200,0,0,0,1,200,200,200,17,200,1,66,200
0,200,35,1,2,0,1,10,5,200,0,0,0,0,1,200,200,0,0,0,38,200
0,200,35,1,2,0,1,10,5,200,0,0,0,0,1,200,200,0,0,1,23,200
1,200,35,1,2,0,1,10,5,200,0,0,0,0,1,200,200,0,0,0,28,200
1,200,35,1,2,0,1,10,5,200,0,0,0,0,1,200,200,0,0,1,44,200
1,200,35,1,2,0,1,10,5,200,0,0,0,0,1,200,200,0,0,1,6,200
0,200,30,1,2,0,1,12,5,2,0,0,0,0,200,200,1,17,22,2,200,200
0,200,30,1,2,0,1,12,5,2,0,0,0,0,200,200,1,17,22,0,31,200
0,200,30,1,2,0,1,10,5,200,0,0,0,0,200,200,1,0,200,1,200,200
0,200,30,1,2,0,1,10,5,200,0,0,0,0,200,200,1,0,200,1,24,200
0,200,30,1,2,0,1,0,2,200,0,0,0,1,1,200,1,6,200,2,200,200
0,200,30,1,2,0,1,0,2,200,0,0,0,1,1,200,1,6,200,0,68,200
0,200,35,0,0,0,1,7,5,1,0,0,0,0,200,200,1,0,0,2,200,200
0,200,30,0,0,0,1,9,7,200,0,0,0,1,200,200,1,20,0,0,200,200
5,200,30,0,0,0,1,9,7,200,0,0,0,1,200,200,1,20,0,1,26,200
0,200,30,2,2,0,1,0,12,200,0,0,0,0,200,200,200,5,200,0,23,200
0,200,30,2,2,0,1,0,12,200,0,0,0,0,200,200,200,5,200,0,36,200
0,200,30,1,2,0,1,10,6,4,0,0,0,0,200,200,200,0,0,1,200,200
0,200,30,1,2,0,1,10,6,4,0,0,0,0,200,200,200,0,0,0,200,200
1,200,30,1,2,0,1,10,6,4,0,0,0,0,200,200,200,0,0,1,200,200
1,200,30,1,2,0,1,10,6,4,0,0,0,0,200,200,200,0,0,1,200,200
1,200,30,1,2,0,1,10,6,4,0,0,0,0,200,200,200,0,0,1,11,200
1,200,30,1,2,0,1,10,6,4,0,0,0,0,200,200,200,0,0,1,13,200
0,200,30,1,2,1,1,10,5,200,0,0,0,1,200,200,200,0,200,1,21,200
0,200,30,1,2,1,1,10,5,200,0,0,0,1,200,200,200,0,200,1,55,200
1,200,30,1,2,1,1,10,5,200,0,0,0,1,200,200,200,0,200,1,19,200
0,200,30,0,0,0,1,10,2,2,0,0,0,1,200,200,200,16,0,1,24,200
0,200,30,0,0,0,1,10,2,2,0,0,0,1,200,200,200,16,0,1,33,200
0,200,35,0,0,0,1,10,2,4,0,0,0,1,200,200,200,18,18,0,200,200
0,200,35,0,0,0,1,10,2,4,0,0,0,1,200,200,200,18,18,1,34,200
1,200,35,0,0,0,1,10,2,4,0,0,0,1,200,200,200,18,18,1,200,200
1,200,35,0,0,0,1,10,2,4,0,0,0,1,200,200,200,18,18,0,200,200
1,200,35,0,0,0,1,10,2,4,0,0,0,1,200,200,200,18,18,1,14,200
1,200,35,0,0,0,1,10,2,4,0,0,0,1,200,200,200,18,18,1,16,200
0,200,30,0,0,0,1,12,5,2,0,0,0,0,200,200,200,0,0,0,43,200
0,200,30,0,0,0,1,12,5,2,0,0,0,0,200,200,200,0,0,0,44,200
1,200,30,0,0,0,1,12,5,2,0,0,0,0,200,200,200,0,0,1,39,200
1,200,30,0,0,0,1,12,5,2,0,0,0,0,200,200,200,0,0,0,6,200
1,200,30,0,0,0,1,12,5,2,0,0,0,0,200,200,200,0,0,1,10,200
0,200,30,0,0,0,1,10,5,4,0,0,0,0,200,200,200,20,11,0,45,200
0,200,30,0,0,0,1,10,5,4,0,0,0,0,200,200,200,20,11,0,52,200
1,200,30,0,0,0,1,10,5,4,0,0,0,0,200,200,200,20,11,0,200,200
0,200,30,1,2,0,1,10,5,4,0,0,200,0,200,200,200,0,0,0,17,200
0,200,30,1,2,0,1,10,5,4,0,0,200,0,200,200,200,0,0,0,42,200
1,200,30,1,2,0,1,10,5,4,0,0,200,0,200,200,200,0,0,1,41,200
0,1,5,0,0,200,1,2,0,200,0,200,0,0,200,1,1,200,200,0,200,200
0,200,30,0,0,0,1,10,7,200,0,0,0,0,200,200,1,200,200,1,200,200
0,200,30,0,0,0,1,10,7,200,0,0,0,0,200,200,1,200,200,0,54,200
1,200,30,0,0,0,1,10,7,200,0,0,0,0,200,200,1,200,200,1,200,200
1,200,30,0,0,0,1,10,7,200,0,0,0,0,200,200,1,200,200,1,200,200
0,200,40,0,0,0,1,12,12,200,0,0,0,0,200,200,200,21,0,0,64,200
0,200,40,0,0,0,1,12,12,200,0,0,0,0,200,200,200,21,0,0,59,200
1,200,40,0,0,0,1,12,12,200,0,0,0,0,200,200,200,21,0,1,200,200
1,200,40,0,0,0,1,12,12,200,0,0,0,0,200,200,200,21,0,1,200,200
1,200,40,0,0,0,1,12,12,200,0,0,0,0,200,200,200,21,0,1,200,200
0,200,30,0,0,0,1,7,2,200,0,0,0,1,200,200,200,21,200,1,70,200
0,200,30,2,2,0,1,10,2,2,0,0,0,1,200,200,200,18,0,0,26,200
0,200,30,2,2,0,1,10,2,2,0,0,0,1,200,200,200,18,0,0,38,200
0,200,30,1,200,0,1,14,3,6,0,0,0,0,200,200,1,23,0,1,200,200
0,200,30,1,200,0,1,14,3,6,0,0,0,0,200,200,1,23,0,0,33,200
1,200,30,1,200,0,1,14,3,6,0,0,0,0,200,200,1,23,0,200,200,200
0,200,30,1,2,0,1,14,2,4,0,0,0,0,1,200,200,18,0,0,200,200
0,200,30,1,2,0,1,14,2,4,0,0,0,0,1,200,200,18,0,0,28,200
0,200,10,0,3,0,1,7,7,200,0,0,0,0,200,1,1,25,0,2,200,200
0,200,30,0,0,0,1,2,6,200,0,0,1,0,1,200,200,0,200,0,31,200
0,200,30,0,0,0,1,5,2,200,0,0,0,1,200,200,200,12,200,0,37,200
0,200,30,2,2,0,1,0,5,2,0,0,200,1,1,200,200,17,33,0,38,200
0,200,30,2,2,0,1,0,5,2,0,0,200,1,1,200,200,17,33,0,32,200
0,200,35,1,2,0,1,14,2,200,0,0,0,1,200,200,1,17,200,0,200,200
0,200,35,1,2,0,1,14,2,200,0,0,0,1,200,200,1,17,200,1,29,200
0,200,30,1,2,0,1,12,5,4,0,0,0,0,1,200,200,22,16,1,25,200
0,200,30,1,2,0,1,12,5,4,0,0,0,0,1,200,200,22,16,1,58,200
0,200,30,12,200,2,1,9,6,1,0,1,0,0,200,200,200,3,17,0,27,200
5,200,30,12,200,2,1,9,6,1,0,1,0,0,200,200,200,3,17,1,29,200
0,200,30,1,2,0,1,10,3,2,0,0,0,0,200,200,200,18,200,0,26,200
0,200,30,1,2,0,1,10,3,2,0,0,0,0,200,200,200,18,200,0,200,200
0,200,30,0,0,1,1,12,2,2,0,0,0,0,200,200,1,22,200,1,200,200
0,200,30,0,0,1,1,12,2,2,0,0,0,0,200,200,1,22,200,1,31,200
0,200,30,0,0,1,1,7,6,200,0,200,200,0,200,200,1,0,0,2,200,200
0,200,30,0,0,0,1,12,3,200,0,0,0,0,200,200,200,0,0,0,200,200
0,200,30,0,0,0,1,12,3,200,0,0,0,0,200,200,200,0,0,0,200,200
1,200,30,0,0,0,1,12,3,200,0,0,0,0,200,200,200,0,0,1,200,200
0,200,30,0,0,0,1,10,5,4,0,0,0,0,200,200,1,18,200,2,200,200
0,200,30,0,0,0,1,10,5,4,0,0,0,0,200,200,1,18,200,1,36,200
1,200,30,0,0,0,1,10,5,4,0,0,0,0,200,200,1,18,200,0,13,200
1,200,30,0,0,0,1,10,5,4,0,0,0,0,200,200,1,18,200,1,8,200
0,200,30,0,0,0,1,10,2,2,0,0,0,0,200,200,200,0,0,0,28,200
0,200,30,0,0,0,1,10,2,2,0,0,0,0,200,200,200,0,0,1,35,200
0,200,30,1,200,2,3,10,5,4,0,1,200,0,1,200,1,0,0,2,200,200
0,200,30,1,200,2,3,10,5,4,0,1,200,0,1,200,1,0,0,1,40,200
0,200,30,1,200,2,3,10,5,4,0,1,200,0,1,200,1,0,0,2,200,200
0,200,30,0,0,200,0,7,2,2,0,200,0,0,200,200,1,0,200,2,200,200
0,200,30,0,0,0,1,7,5,200,0,0,0,0,200,200,1,200,200,2,200,200
0,200,30,0,0,0,1,7,5,2,0,0,0,0,200,200,200,200,200,0,42,200
0,200,30,2,2,0,1,2,6,200,0,0,12,0,200,200,200,28,200,1,36,200
1,200,30,2,2,0,1,2,6,200,0,0,12,0,200,200,200,28,200,1,1,200
0,200,35,0,0,0,1,10,7,1,0,0,0,0,200,200,1,0,0,2,200,200
0,200,35,0,0,0,1,10,7,1,0,0,0,0,200,200,1,0,0,0,24,200
0,200,30,1,2,0,1,0,12,200,0,0,0,1,1,200,200,6,17,0,54,200
0,200,30,1,2,0,1,0,12,200,0,0,0,1,1,200,200,6,17,0,34,200
5,200,30,1,2,0,1,0,12,200,0,0,0,1,1,200,200,6,17,0,49,200
5,200,30,1,2,0,1,0,12,200,0,0,0,1,1,200,200,6,17,1,42,200
1,200,30,1,2,0,1,0,12,200,0,0,0,1,1,200,200,6,17,1,48,200
1,200,30,1,2,0,1,0,12,200,0,0,0,1,1,200,200,6,17,1,200,200
1,200,30,1,2,0,1,0,12,200,0,0,0,1,1,200,200,6,17,1,18,200
1,200,30,1,2,0,1,0,12,200,0,0,0,1,1,200,200,6,17,1,45,200
1,200,30,1,2,0,1,0,12,200,0,0,0,1,1,200,200,6,17,0,28,200
0,200,30,0,0,2,1,10,5,200,0,1,0,0,200,200,1,0,200,0,200,200
0,200,30,0,0,2,1,10,5,200,0,1,0,0,200,200,1,0,200,1,200,200
0,200,30,0,0,2,1,10,5,200,0,1,0,0,200,200,1,0,200,0,200,200
1,200,30,0,0,2,1,10,5,200,0,1,0,0,200,200,1,0,200,1,200,200
0,200,30,12,2,0,1,7,5,200,0,0,0,0,200,200,200,22,0,0,50,200
1,200,30,12,2,0,1,7,5,200,0,0,0,0,200,200,200,22,0,0,200,200
1,200,30,12,2,0,1,7,5,200,0,0,0,0,200,200,200,22,0,1,200,200
0,200,30,0,0,0,1,14,5,2,0,0,200,0,200,200,200,17,200,1,19,200
0,200,30,0,0,0,1,14,5,2,0,0,200,0,200,200,200,17,200,1,55,200
0,200,30,0,0,0,1,7,2,2,0,0,0,0,200,200,200,27,0,1,200,200
1,200,30,0,0,0,1,7,2,2,0,0,0,0,200,200,200,27,0,1,22,200
1,200,30,0,0,0,1,7,2,2,0,0,0,0,200,200,200,27,0,1,45,200
0,200,30,0,0,0,1,10,5,200,0,0,0,0,200,200,200,18,16,0,200,200
0,200,30,0,0,0,1,10,5,200,0,0,0,0,200,200,200,18,16,0,63,200
0,200,30,1,2,0,1,14,5,2,0,0,0,0,1,200,200,22,200,2,66,200
0,200,30,1,2,0,1,14,5,2,0,0,0,0,1,200,200,22,200,0,67,200
0,200,30,1,2,0,1,12,2,200,0,0,0,0,200,200,1,0,0,1,200,200
0,200,30,1,2,0,1,12,2,200,0,0,0,0,200,200,1,0,0,0,61,200
0,1,20,0,0,0,1,7,7,200,0,0,200,0,200,200,200,0,0,2,200,200
0,200,30,2,2,0,1,0,6,200,0,0,0,1,1,200,200,17,200,1,33,200
0,200,30,2,2,0,1,0,6,200,0,0,0,1,1,200,200,17,200,0,55,200
1,200,30,2,2,0,1,0,6,200,0,0,0,1,1,200,200,17,200,1,6,200
0,200,30,0,0,0,1,10,5,4,0,0,0,0,200,200,200,0,0,0,52,200
0,200,30,0,0,0,1,10,5,4,0,0,0,0,200,200,200,0,0,0,57,200
0,200,25,0,0,0,1,7,5,1,0,0,0,0,200,200,200,20,0,0,49,200
0,200,30,0,0,0,1,7,2,2,0,0,0,1,200,200,200,11,16,0,69,0
0,200,35,2,2,0,1,10,5,5,0,0,0,0,200,200,200,18,0,1,50,200
0,200,35,2,2,0,1,10,5,5,0,0,0,0,200,200,200,18,0,0,31,200
0,200,30,0,0,0,1,10,5,200,0,1,0,0,200,200,200,18,0,0,48,200
0,200,30,0,0,0,1,10,5,200,0,1,0,0,200,200,200,18,0,1,26,200
0,200,30,0,0,0,4,10,5,200,0,0,0,0,200,200,200,200,200,1,68,200
0,200,30,0,0,0,4,10,5,200,0,0,0,0,200,200,200,200,200,1,52,200
0,200,0,0,0,0,1,11,7,200,0,0,0,0,200,1,1,20,11,0,200,200
0,200,0,0,0,0,1,11,7,200,0,0,0,0,200,1,1,20,11,1,60,200
1,200,0,0,0,0,1,11,7,200,0,0,0,0,200,1,1,20,11,200,200,200
1,200,0,0,0,0,1,11,7,200,0,0,0,0,200,1,1,20,11,1,200,200
0,200,30,0,0,0,1,10,5,2,2,0,0,1,200,200,200,18,18,0,38,200
0,200,30,0,0,0,1,10,5,2,2,0,0,1,200,200,200,18,18,0,58,200
1,200,30,0,0,0,1,10,5,2,2,0,0,1,200,200,200,18,18,1,69,200
0,200,30,0,0,0,1,12,2,200,0,0,0,0,1,200,200,0,200,0,66,200
0,200,30,0,0,0,1,12,2,200,0,0,0,0,1,200,200,0,200,0,22,200
0,200,25,0,0,0,1,7,5,2,0,0,0,1,200,1,1,25,200,0,32,200
1,200,25,0,0,0,1,7,5,2,0,0,0,1,200,1,1,25,200,0,33,200
0,200,30,1,2,0,1,12,3,6,0,0,0,0,200,200,200,17,0,0,44,200
0,200,30,1,2,0,1,12,3,6,0,0,0,0,200,200,200,17,0,0,32,200
4,200,20,0,0,0,1,8,6,1,0,0,0,1,200,200,200,0,0,1,52,200
0,200,20,0,0,0,1,8,6,1,0,0,0,1,200,200,200,0,0,0,30,200
0,200,0,0,0,0,1,12,3,3,0,0,0,0,200,200,1,0,0,0,200,200
0,200,0,0,0,0,1,12,3,3,0,0,0,0,200,200,1,0,0,1,31,200
0,200,30,0,0,0,1,10,3,200,0,0,0,0,200,200,200,16,18,2,200,200
0,200,30,0,0,0,1,10,3,200,0,0,0,0,200,200,200,16,18,0,69,200
0,200,30,0,0,0,1,7,5,2,0,0,0,0,200,200,1,0,0,2,200,200
0,200,35,0,0,0,1,10,5,4,0,0,0,0,200,200,200,18,0,0,45,200
0,200,35,0,0,0,1,10,5,4,0,0,0,0,200,200,200,18,0,1,36,200
0,200,30,1,2,0,1,10,2,4,0,0,200,1,200,200,200,18,0,1,200,200
0,200,30,1,2,0,1,10,2,4,0,0,200,1,200,200,200,18,0,0,29,200
0,200,30,0,0,0,1,12,5,4,0,0,0,0,200,200,200,0,0,0,41,200
0,200,30,0,0,0,1,12,5,4,0,0,0,0,200,200,200,0,0,0,25,200
0,200,30,1,2,0,1,12,5,200,0,0,0,0,200,200,200,0,200,1,200,200
0,200,30,1,2,0,1,12,5,200,0,0,0,0,200,200,200,0,200,0,200,200
0,200,30,1,2,0,1,10,5,200,0,0,200,0,200,200,200,11,200,0,27,200
0,200,30,1,2,0,1,10,5,200,0,0,200,0,200,200,200,11,200,1,35,200
0,200,35,1,2,0,1,10,5,200,0,0,0,0,200,200,200,18,0,1,28,200
0,200,35,1,2,0,1,10,5,200,0,0,0,0,200,200,200,18,0,0,57,200
1,200,35,1,2,0,1,10,5,200,0,0,0,0,200,200,200,18,0,1,200,200
1,200,35,1,2,0,1,10,5,200,0,0,0,0,200,200,200,18,0,1,53,200
0,200,0,0,0,0,1,7,7,0,0,0,0,0,200,1,200,27,0,0,76,200
0,200,30,0,0,0,1,7,6,1,0,0,0,1,200,200,1,0,200,2,200,200
0,200,30,0,0,2,1,14,5,200,0,1,0,0,0,200,1,10,34,1,200,200
0,200,30,0,0,2,1,14,5,200,0,1,0,0,0,200,1,10,34,0,39,200
1,200,30,0,0,2,1,14,5,200,0,1,0,0,0,200,1,10,34,0,26,200
0,200,30,0,0,2,3,7,6,200,0,1,0,0,200,0,1,0,0,2,200,200
0,200,25,0,0,0,1,14,6,1,0,0,0,0,1,200,200,17,0,0,73,200
0,200,25,0,0,0,1,14,6,1,0,0,0,0,1,200,200,17,0,0,29,200
0,200,30,1,2,0,1,14,5,2,0,0,0,0,200,200,200,18,16,0,200,200
0,200,30,1,2,0,1,14,5,2,0,0,0,0,200,200,200,18,16,0,29,200
1,200,30,1,2,0,1,14,5,2,0,0,0,0,200,200,200,18,16,1,200,200
0,200,35,1,2,0,1,0,5,2,0,0,0,0,200,200,1,6,200,2,200,200
0,200,35,1,2,0,1,0,5,2,0,0,0,0,200,200,1,6,200,0,61,200
0,200,30,0,0,0,1,10,5,200,0,0,0,0,200,200,200,18,200,0,59,200
0,200,30,0,0,0,1,10,5,200,0,0,0,0,200,200,200,18,200,1,49,200
1,200,30,0,0,0,1,10,5,200,0,0,0,0,200,200,200,18,200,1,200,200
0,200,30,0,0,0,1,0,5,2,0,0,0,0,200,200,200,17,200,0,23,200
0,200,30,0,0,0,1,0,5,2,0,0,0,0,200,200,200,17,200,0,200,200
0,200,30,0,0,0,1,2,5,4,0,0,0,1,200,1,200,10,11,0,77,200
0,200,35,0,0,0,1,10,3,2,0,0,0,0,200,200,200,18,0,0,44,200
0,200,35,0,0,0,1,10,3,2,0,0,0,0,200,200,200,18,0,1,55,200
0,200,20,0,0,0,1,7,6,1,0,0,0,0,200,200,200,11,11,1,39,200
0,200,30,2,2,0,1,14,5,2,0,1,0,0,1,200,200,17,16,1,200,200
0,200,30,2,2,0,1,14,5,2,0,1,0,0,1,200,200,17,16,0,200,200
1,200,30,2,2,0,1,14,5,2,0,1,0,0,1,200,200,17,16,0,200,200
0,200,30,0,0,0,1,14,5,200,0,0,0,0,200,200,200,0,0,1,20,200
0,200,30,0,0,0,1,14,5,200,0,0,0,0,200,200,200,0,0,1,45,200
0,1,30,0,0,2,1,7,5,2,0,1,0,0,200,200,1,0,0,2,200,200
0,200,30,0,0,0,4,7,5,2,0,0,0,1,200,200,200,7,200,1,66,200
0,200,30,0,0,0,1,7,7,1,0,0,0,0,200,200,200,18,0,0,51,200
0,1,30,1,2,0,200,10,5,2,0,200,200,0,1,200,200,18,200,0,26,200
0,1,30,1,2,0,200,10,5,2,0,200,200,0,1,200,200,18,200,1,48,200
1,1,30,1,2,0,200,10,5,2,0,200,200,0,1,200,200,18,200,1,42,200
0,200,25,0,0,0,4,12,5,2,0,0,0,0,200,200,200,0,200,1,39,200
0,200,25,0,0,0,4,12,5,2,0,0,0,0,200,200,200,0,200,0,38,200
0,200,30,1,2,0,3,14,12,200,0,0,0,0,0,200,200,0,0,1,200,200
0,200,30,1,2,0,3,14,12,200,0,0,0,0,0,200,200,0,0,0,200,200
0,200,30,0,0,0,3,7,5,200,2,0,0,1,200,200,200,0,0,0,44,200
0,200,30,0,0,0,3,2,5,2,0,0,0,1,200,200,200,11,200,0,52,200
0,200,30,0,0,200,200,7,7,0,0,200,200,0,200,1,1,0,0,2,200,200
0,200,20,2,2,0,3,12,2,4,0,0,200,0,200,200,0,21,21,0,51,200
0,200,20,2,2,0,3,12,2,4,0,0,200,0,200,200,0,21,21,2,200,200
0,200,25,0,0,2,3,14,2,200,0,1,0,0,200,200,200,18,18,0,73,200
0,200,25,0,0,2,3,14,2,200,0,1,0,0,200,200,200,18,18,0,49,200
0,200,15,0,0,0,1,7,7,200,0,0,0,0,200,200,1,200,200,2,200,200
0,200,30,0,0,2,4,12,5,200,0,1,0,0,200,200,200,17,200,1,200,200
0,200,30,0,0,2,4,12,5,200,0,1,0,0,200,200,200,17,200,0,43,200
0,200,30,0,0,0,3,14,6,200,0,0,0,0,200,200,1,25,200,2,200,200
0,200,30,0,0,0,3,14,6,200,0,0,0,0,200,200,1,25,200,1,22,200
1,200,30,0,0,0,3,14,6,200,0,0,0,0,200,200,1,25,200,0,2,200
0,200,30,0,0,0,3,9,5,2,0,0,0,1,200,200,200,25,25,1,38,200
5,200,30,0,0,0,3,9,5,2,0,0,0,1,200,200,200,25,25,1,53,200
0,200,30,2,2,2,3,11,5,2,0,1,0,1,1,200,1,16,21,0,200,200
0,200,30,2,2,2,3,11,5,2,0,1,0,1,1,200,1,16,21,1,200,200
0,200,30,0,0,2,3,14,5,2,0,1,0,1,200,200,200,0,34,1,28,200
0,200,30,0,0,2,3,14,5,2,0,1,0,1,200,200,200,0,34,0,32,200
0,200,30,1,2,0,3,12,2,2,0,0,200,0,200,200,200,11,21,0,200,200
0,200,30,1,2,0,3,12,2,2,0,0,200,0,200,200,200,11,21,1,26,200
0,200,35,1,2,0,3,14,5,2,0,0,0,0,1,200,1,25,6,1,200,200
0,200,35,1,2,0,3,14,5,2,0,0,0,0,1,200,1,25,6,1,200,200
1,200,35,1,2,0,3,14,5,2,0,0,0,0,1,200,1,25,6,200,200,200
1,200,35,1,2,0,3,14,5,2,0,0,0,0,1,200,1,25,6,200,200,200
0,200,15,0,0,0,3,7,6,1,0,0,0,1,200,200,1,200,200,2,200,200
1,200,15,0,0,0,3,7,6,1,0,0,0,1,200,200,1,200,200,2,200,200
0,200,30,0,0,2,3,12,2,2,0,1,3,0,200,200,200,34,11,0,40,200
0,200,30,0,0,2,3,12,2,2,0,1,3,0,200,200,200,34,11,0,40,200
0,200,30,1,2,0,3,14,5,2,0,0,0,1,1,200,200,17,200,1,19,200
0,200,30,1,2,0,3,14,5,2,0,0,0,1,1,200,200,17,200,0,20,200
1,200,30,1,2,0,3,14,5,2,0,0,0,1,1,200,200,17,200,1,200,200
0,200,30,1,2,0,3,0,5,2,0,200,0,1,1,200,200,6,200,0,32,200
0,200,30,1,2,0,3,0,5,2,0,200,0,1,1,200,200,6,200,1,31,200
1,200,30,1,2,0,3,0,5,2,0,200,0,1,1,200,200,6,200,0,200,200
1,200,30,1,2,0,3,0,5,2,0,200,0,1,1,200,200,6,200,0,200,200
0,200,30,0,0,0,3,12,2,200,0,1,0,0,200,200,1,25,0,0,200,200
0,200,30,0,0,0,3,12,2,200,0,1,0,0,200,200,1,25,0,0,37,200
1,200,30,0,0,0,3,12,2,200,0,1,0,0,200,200,1,25,0,0,200,200
0,200,30,0,0,0,4,10,5,200,0,0,0,0,200,200,200,16,18,0,28,200
0,200,30,0,0,0,4,10,5,200,0,0,0,0,200,200,200,16,18,0,41,200
1,200,30,0,0,0,4,10,5,200,0,0,0,0,200,200,200,16,18,1,52,200
1,200,30,0,0,0,4,10,5,200,0,0,0,0,200,200,200,16,18,0,38,200
0,200,30,1,2,0,3,9,6,2,0,1,0,1,1,200,1,0,200,2,200,200
5,200,30,1,2,0,3,9,6,2,0,1,0,1,1,200,1,0,200,0,60,200
0,1,30,0,0,2,1,7,5,2,0,1,200,0,200,200,1,20,0,0,200,200
0,200,30,200,200,1,3,14,2,4,0,0,200,0,1,200,200,11,0,0,200,200