PERSON_TYPE,CRASH_DATE_EST_I,POSTED_SPEED_LIMIT,TRAFFIC_CONTROL_DEVICE,DEVICE_CONDITION,WEATHER_CONDITION,LIGHTING_CONDITION,FIRST_CRASH_TYPE,TRAFFICWAY_TYPE,LANE_CNT,ALIGNMENT,ROADWAY_SURFACE_COND,ROAD_DEFECT,CRASH_TYPE,INTERSECTION_RELATED_I,NOT_RIGHT_OF_WAY_I,HIT_AND_RUN_I,PRIM_CONTRIBUTORY_CAUSE,SEC_CONTRIBUTORY_CAUSE,SEX,AGE,BAC_RESULT VALUE
0,200,30,200,200,1,3,14,2,4,0,0,200,0,1,200,200,11,0,0,200,200
0,200,20,0,0,0,3,11,2,200,0,0,0,0,200,200,1,0,0,1,200,200
0,200,20,0,0,0,3,11,2,200,0,0,0,0,200,200,1,0,0,0,17,200
0,200,30,1,2,0,3,11,2,2,0,200,200,1,1,200,200,0,0,0,36,200
0,200,30,1,2,0,3,11,2,2,0,200,200,1,1,200,200,0,0,1,52,200
1,200,30,1,2,0,3,11,2,2,0,200,200,1,1,200,200,0,0,1,30,200
0,1,30,0,0,0,3,7,5,2,0,0,200,0,200,200,1,11,25,2,200,200
0,200,30,0,0,0,4,10,6,2,0,0,0,0,200,200,200,200,200,1,31,200
0,200,30,0,0,0,4,10,6,2,0,0,0,0,200,200,200,200,200,1,35,200
0,200,30,0,0,0,4,10,6,2,0,0,0,0,200,200,200,200,200,0,49,200
0,200,30,1,2,2,3,10,5,200,0,1,0,1,1,200,200,15,14,0,21,200
0,200,30,1,2,2,3,10,5,200,0,1,0,1,1,200,200,15,14,0,44,200
0,200,30,1,2,2,3,10,5,200,0,1,0,1,1,200,200,15,14,1,48,200
0,200,30,0,0,2,3,10,2,4,0,1,3,0,200,200,200,18,11,0,200,200
0,200,30,0,0,2,3,10,2,4,0,1,3,0,200,200,200,18,11,1,42,200
0,200,30,0,0,2,3,10,2,4,0,1,3,0,200,200,200,18,11,0,49,200
0,200,30,0,0,0,3,10,5,2,0,0,0,1,200,200,1,18,0,2,200,200
0,200,30,0,0,0,3,10,5,2,0,0,0,1,200,200,1,18,0,1,20,200
0,200,30,1,2,0,0,10,5,4,0,1,0,0,200,200,200,18,0,0,31,200
0,200,30,1,2,0,0,10,5,4,0,1,0,0,200,200,200,18,0,0,27,200
0,200,30,1,2,0,3,12,6,3,0,0,0,0,1,200,200,21,200,1,200,200
0,200,30,1,2,0,3,12,6,3,0,0,0,0,1,200,200,21,200,0,31,200
1,200,30,1,2,0,3,12,6,3,0,0,0,0,1,200,200,21,200,0,28,200
0,200,30,1,2,0,3,10,3,4,0,0,200,0,1,200,1,18,18,1,200,200
0,200,30,1,2,0,3,10,3,4,0,0,200,0,1,200,1,18,18,0,36,200
0,200,30,0,0,0,3,7,5,2,0,0,0,1,200,200,200,32,30,1,22,0.11
0,200,15,0,0,1,4,7,7,200,0,0,0,0,200,1,200,22,200,1,27,200
0,200,30,0,0,0,3,7,6,1,0,0,0,1,200,0,200,7,16,0,45,200
0,200,25,2,2,0,3,0,5,2,0,0,0,1,1,200,200,16,200,1,29,200
0,200,25,2,2,0,3,0,5,2,0,0,0,1,1,200,200,16,200,0,35,200
1,200,25,2,2,0,3,0,5,2,0,0,0,1,1,200,200,16,200,0,25,200
1,200,25,2,2,0,3,0,5,2,0,0,0,1,1,200,200,16,200,0,30,200
1,200,25,2,2,0,3,0,5,2,0,0,0,1,1,200,200,16,200,0,32,200
1,200,25,2,2,0,3,0,5,2,0,0,0,1,1,200,200,16,200,0,36,200
0,200,5,0,0,200,1,10,7,200,0,200,200,0,200,200,1,18,200,0,200,200
0,200,5,0,0,200,1,10,7,200,0,200,200,0,200,200,1,18,200,1,35,200
0,200,35,1,2,0,3,14,2,200,0,0,0,1,1,200,1,25,14,0,200,200
0,200,35,1,2,0,3,14,2,200,0,0,0,1,1,200,1,25,14,0,39,200
1,200,35,1,2,0,3,14,2,200,0,0,0,1,1,200,1,25,14,0,200,200
1,200,35,1,2,0,3,14,2,200,0,0,0,1,1,200,1,25,14,1,33,200
0,200,30,1,2,0,3,10,2,2,0,0,0,0,200,200,200,200,200,1,20,200
0,200,30,1,2,0,3,10,2,2,0,0,0,0,200,200,200,200,200,1,26,200
0,200,30,0,0,0,0,7,6,1,2,0,200,0,200,200,200,200,200,0,33,200
1,200,30,0,0,0,0,7,6,1,2,0,200,0,200,200,200,200,200,1,23,200
1,200,30,0,0,0,0,7,6,1,2,0,200,0,200,200,200,200,200,0,200,200
0,200,30,0,0,0,3,12,5,2,0,0,200,0,200,200,200,0,0,0,29,200
0,200,30,0,0,0,3,12,5,2,0,0,200,0,200,200,200,0,0,1,63,200
0,200,30,0,0,0,3,7,5,4,1,0,0,1,200,200,200,16,200,1,49,200
0,200,25,2,2,2,3,0,2,200,0,1,0,0,1,200,200,5,5,0,70,200
0,200,25,2,2,2,3,0,2,200,0,1,0,0,1,200,200,5,5,0,30,200
0,200,30,1,2,0,0,10,5,200,0,0,0,0,200,200,1,0,19,0,200,200
0,200,30,1,2,0,0,10,5,200,0,0,0,0,200,200,1,0,19,0,44,200
1,200,30,1,2,0,0,10,5,200,0,0,0,0,200,200,1,0,19,1,64,200
0,200,30,0,0,2,0,7,7,200,0,1,0,0,200,1,200,200,200,0,200,200
0,1,30,0,0,0,200,7,5,1,0,0,0,0,200,200,1,0,0,2,200,200
0,200,35,0,0,0,3,10,3,200,0,0,200,0,200,200,1,18,0,0,200,200
0,200,35,0,0,0,3,10,3,200,0,0,200,0,200,200,1,18,0,0,58,200
0,200,30,0,0,0,3,2,0,200,0,0,0,0,200,200,200,200,200,0,200,200
1,200,30,0,0,0,3,2,0,200,0,0,0,0,200,200,200,200,200,0,200,200
0,200,30,1,2,0,3,10,2,200,0,1,0,0,200,200,1,0,0,1,200,200
0,200,30,1,2,0,3,10,2,200,0,1,0,0,200,200,1,0,0,1,55,200
0,200,30,0,0,0,3,12,2,200,0,0,0,0,200,200,200,0,200,1,200,200
0,200,30,0,0,0,3,12,2,200,0,0,0,0,200,200,200,0,200,0,200,200
0,0,30,1,2,0,3,10,1,4,2,0,200,0,1,200,200,16,32,0,25,0.15
0,0,30,1,2,0,3,10,1,4,2,0,200,0,1,200,200,16,32,0,36,200
1,0,30,1,2,0,3,10,1,4,2,0,200,0,1,200,200,16,32,0,20,200
0,200,35,1,2,0,3,2,3,200,0,1,0,1,1,200,200,0,18,0,29,200
0,200,35,1,2,0,3,14,2,2,0,0,0,1,1,200,200,14,10,0,22,200
0,200,35,1,2,0,3,14,2,2,0,0,0,1,1,200,200,14,10,0,0,200
0,200,30,2,0,0,0,10,5,2,0,0,0,1,1,200,1,0,200,2,200,200
0,200,30,2,0,0,0,10,5,2,0,0,0,1,1,200,1,0,200,1,44,200
0,200,30,0,0,1,3,7,5,2,0,0,0,0,200,200,200,11,200,0,36,200
1,200,30,0,0,1,3,7,5,2,0,0,0,0,200,200,200,11,200,1,200,200
1,200,30,0,0,1,3,7,5,2,0,0,0,0,200,200,200,11,200,2,200,200
1,200,30,0,0,1,3,7,5,2,0,0,0,0,200,200,200,11,200,1,200,200
1,200,30,0,0,1,3,7,5,2,0,0,0,0,200,200,200,11,200,0,200,200
1,200,30,0,0,1,3,7,5,2,0,0,0,0,200,200,200,11,200,0,200,200
0,200,30,1,2,0,3,2,5,2,0,1,0,0,1,0,1,0,200,2,200,200
0,200,30,2,0,0,3,0,5,2,0,0,0,0,1,200,200,0,200,0,56,200
0,200,30,2,0,0,3,0,5,2,0,0,0,0,1,200,200,0,200,0,41,200
1,200,30,2,0,0,3,0,5,2,0,0,0,0,1,200,200,0,200,1,67,200
1,200,30,2,0,0,3,0,5,2,0,0,0,0,1,200,200,0,200,1,56,200
1,200,30,2,0,0,3,0,5,2,0,0,0,0,1,200,200,0,200,1,34,200
5,200,25,0,0,0,3,9,5,1,0,0,0,1,1,200,200,0,200,0,28,200
0,200,25,0,0,0,3,9,5,1,0,0,0,1,1,200,200,0,200,0,25,200
1,200,25,0,0,0,3,9,5,1,0,0,0,1,1,200,200,0,200,0,200,200
0,200,30,1,2,0,3,14,3,2,0,0,0,1,1,200,1,6,200,1,200,200
0,200,30,1,2,0,3,14,3,2,0,0,0,1,1,200,1,6,200,0,57,200
1,200,30,1,2,0,3,14,3,2,0,0,0,1,1,200,1,6,200,0,21,200
1,200,30,1,2,0,3,14,3,2,0,0,0,1,1,200,1,6,200,0,200,200
0,200,30,3,2,0,3,10,5,4,0,0,200,0,200,200,200,18,18,0,36,200
0,200,30,3,2,0,3,10,5,4,0,0,200,0,200,200,200,18,18,0,29,200
0,200,25,0,0,0,3,12,5,2,0,0,0,1,200,200,200,22,200,1,29,200
0,200,25,0,0,0,3,12,5,2,0,0,0,1,200,200,200,22,200,2,200,200
1,200,25,0,0,0,3,12,5,2,0,0,0,1,200,200,200,22,200,0,29,200
0,200,30,0,0,0,3,10,5,200,0,0,200,0,200,200,200,18,200,1,26,200
0,200,30,0,0,0,3,10,5,200,0,0,200,0,200,200,200,18,200,0,55,200
0,200,30,0,0,0,3,7,6,1,0,0,0,0,200,200,1,21,0,2,200,200
0,200,30,1,2,0,0,11,1,200,0,0,0,1,200,200,1,0,0,2,200,200
0,200,30,1,2,0,0,11,1,200,0,0,0,1,200,200,1,0,0,1,45,200
0,200,20,0,0,0,3,10,2,200,0,0,0,0,200,200,1,0,0,0,200,200
0,200,20,0,0,0,3,10,2,200,0,0,0,0,200,200,1,0,0,0,27,200
1,200,20,0,0,0,3,10,2,200,0,0,0,0,200,200,1,0,0,0,25,200
0,200,30,2,2,0,1,12,6,200,0,200,0,0,200,200,200,0,0,0,200,200
0,200,30,2,2,0,1,12,6,200,0,200,0,0,200,200,200,0,0,1,21,200
0,200,30,1,2,0,3,10,1,200,0,0,0,1,200,200,200,16,16,0,39,200
0,200,30,1,2,0,3,10,1,200,0,0,0,1,200,200,200,16,16,0,29,200
0,200,30,1,2,0,3,10,6,4,0,0,0,0,200,200,200,6,200,1,30,200
0,200,30,1,2,0,3,10,6,4,0,0,0,0,200,200,200,6,200,1,50,200
1,200,30,1,2,0,3,10,6,4,0,0,0,0,200,200,200,6,200,0,36,200
0,200,30,0,0,0,3,7,5,2,0,0,200,0,200,200,200,22,200,0,40,200
0,200,20,0,0,0,0,7,6,0,0,0,0,0,200,200,200,0,0,0,24,200
0,200,30,0,0,2,3,7,5,200,0,1,0,1,1,200,200,27,200,1,34,200
0,200,30,1,2,0,3,10,5,200,0,0,0,0,1,200,200,16,16,0,38,200
0,200,30,1,2,0,3,10,5,200,0,0,0,0,1,200,200,16,16,1,37,200
0,200,30,1,2,0,3,10,5,200,0,0,0,0,1,200,200,16,16,0,43,200
1,200,30,1,2,0,3,10,5,200,0,0,0,0,1,200,200,16,16,200,19,200
1,200,30,1,2,0,3,10,5,200,0,0,0,0,1,200,200,16,16,0,200,200
0,200,10,0,0,0,3,2,7,0,0,0,0,0,200,1,200,0,200,0,40,200
1,200,10,0,0,0,3,2,7,0,0,0,0,0,200,1,200,0,200,0,25,200
1,200,10,0,0,0,3,2,7,0,0,0,0,0,200,1,200,0,200,1,31,200
0,200,30,2,2,0,3,0,6,3,0,0,0,1,200,200,200,17,16,0,33,200
0,200,30,2,2,0,3,0,6,3,0,0,0,1,200,200,200,17,16,0,48,200
1,200,30,2,2,0,3,0,6,3,0,0,0,1,200,200,200,17,16,0,35,200
1,200,30,2,2,0,3,0,6,3,0,0,0,1,200,200,200,17,16,0,36,200
1,200,30,2,2,0,3,0,6,3,0,0,0,1,200,200,200,17,16,1,37,200
0,200,30,1,2,0,3,14,1,200,0,0,0,1,1,200,1,6,0,0,200,200
0,200,30,1,2,0,3,14,1,200,0,0,0,1,1,200,1,6,0,1,47,200
0,1,30,0,0,0,3,2,3,4,0,0,200,1,200,200,200,0,200,0,37,200
0,200,30,1,2,0,2,10,5,2,0,0,0,1,200,200,1,0,0,0,27,200
0,200,30,1,2,0,2,10,5,2,0,0,0,1,200,200,1,0,0,1,38,200
0,200,30,0,3,0,2,2,2,2,0,0,0,1,200,1,0,0,0,2,200,200
0,200,30,1,2,0,1,10,1,200,0,200,200,0,200,200,1,0,200,0,200,200
0,200,30,1,2,0,1,10,1,200,0,200,200,0,200,200,1,0,200,1,43,200
0,200,30,0,0,0,1,2,3,4,0,0,0,1,200,200,200,0,200,2,200,200
1,200,30,0,0,0,1,2,3,4,0,0,0,1,200,200,200,0,200,0,38,200
1,200,30,0,0,0,1,2,3,4,0,0,0,1,200,200,200,0,200,0,200,200
0,200,30,1,2,0,1,10,5,4,0,0,0,0,1,200,200,16,200,1,44,200
0,200,30,1,2,0,1,10,5,4,0,0,0,0,1,200,200,16,200,0,62,200
0,200,35,0,0,0,1,2,5,2,0,0,0,1,200,1,200,0,0,0,46,200
0,1,15,0,0,200,200,7,5,2,2,200,0,1,200,200,1,0,0,2,200,200
0,200,30,0,0,0,3,12,2,2,0,0,0,0,200,200,200,17,21,1,20,200
0,200,30,0,0,0,3,12,2,2,0,0,0,0,200,200,200,17,21,0,23,200
0,1,25,0,0,200,200,7,5,2,0,200,0,1,200,200,1,0,0,2,200,200
0,200,15,0,0,0,1,0,7,200,0,0,0,0,200,1,200,0,0,1,33,200
0,200,15,0,0,0,1,0,7,200,0,0,0,0,200,1,200,0,0,1,25,200
0,200,30,0,0,0,1,7,5,200,0,0,200,0,200,200,200,0,0,0,37,200
0,200,30,1,0,0,1,14,2,2,0,0,0,0,200,200,1,0,0,1,200,200
0,200,30,1,0,0,1,14,2,2,0,0,0,0,200,200,1,0,0,1,200,200
1,200,30,1,0,0,1,14,2,2,0,0,0,0,200,200,1,0,0,1,200,200
0,200,30,0,0,0,1,5,5,2,0,0,0,1,200,200,0,200,0,0,200,200
1,200,30,0,0,0,1,5,5,2,0,0,0,1,200,200,0,200,0,0,200,200
1,200,30,0,0,0,1,5,5,2,0,0,0,1,200,200,0,200,0,0,200,200
0,200,30,0,0,0,1,7,6,1,0,0,0,0,200,200,1,0,0,2,200,200
0,200,30,0,0,200,200,7,2,4,0,200,0,1,200,200,1,0,200,2,200,200
0,200,0,2,2,0,1,14,5,2,0,0,0,0,200,200,200,0,0,1,29,200
0,200,0,2,2,0,1,14,5,2,0,0,0,0,200,200,200,0,0,0,47,200
1,200,0,2,2,0,1,14,5,2,0,0,0,0,200,200,200,0,0,0,3,200
1,200,0,2,2,0,1,14,5,2,0,0,0,0,200,200,200,0,0,0,54,200
0,200,30,1,2,2,200,12,2,200,0,1,0,0,200,200,200,200,200,0,31,200
0,200,30,1,2,2,200,12,2,200,0,1,0,0,200,200,200,200,200,0,61,200
0,200,30,1,2,0,1,14,5,4,0,0,0,1,1,1,200,6,11,0,71,200
0,200,30,1,2,0,1,14,5,4,0,0,0,1,1,1,200,6,11,1,37,200
0,200,20,0,0,0,1,2,7,0,0,0,0,0,200,1,200,11,200,1,22,200
0,200,30,0,0,0,3,7,5,1,0,0,0,1,200,200,1,0,0,2,200,200
0,200,30,1,2,0,1,0,5,200,0,0,0,1,1,200,200,6,200,0,60,200
0,200,30,1,2,0,1,0,5,200,0,0,0,1,1,200,200,6,200,1,29,200
0,200,30,2,2,0,1,12,2,200,0,0,0,0,200,200,1,0,0,1,200,200
0,200,30,2,2,0,1,12,2,200,0,0,0,0,200,200,1,0,0,0,71,200
0,200,25,200,200,0,1,7,6,200,0,0,200,1,200,200,1,0,200,0,200,200
0,200,30,1,2,0,1,10,5,4,0,0,0,1,200,200,200,0,0,0,38,200
0,200,30,1,2,0,1,10,5,4,0,0,0,1,200,200,200,0,0,1,50,200
0,200,30,0,0,0,1,7,3,1,0,0,3,1,200,200,1,0,200,2,200,200
0,200,30,0,0,0,0,7,6,1,0,0,0,0,200,200,1,0,200,2,200,200
0,200,30,2,2,0,1,10,5,1,0,0,0,0,200,200,200,0,200,0,70,200
0,200,30,2,2,0,1,10,5,1,0,0,0,0,200,200,200,0,200,0,60,200
0,200,30,2,2,0,1,10,5,1,0,0,0,0,200,200,200,0,200,0,59,200
1,200,30,2,2,0,1,10,5,1,0,0,0,0,200,200,200,0,200,1,67,200
1,200,30,2,2,0,1,10,5,1,0,0,0,0,200,200,200,0,200,1,64,200
0,200,30,0,0,0,3,2,5,2,0,1,1,0,200,1,200,0,200,0,59,200
0,200,30,0,1,0,200,7,5,2,0,0,0,1,200,200,1,0,0,2,200,200
0,200,30,1,2,0,1,10,2,2,2,0,0,0,200,200,200,18,0,0,69,200
0,200,30,1,2,0,1,10,2,2,2,0,0,0,200,200,200,18,0,0,62,200
0,200,35,0,0,0,200,2,5,200,0,200,0,0,200,200,1,0,200,2,200,200
0,200,15,12,2,200,200,7,6,1,0,200,0,0,200,200,1,0,200,2,200,200
0,200,30,1,2,0,1,10,5,2,0,200,200,1,200,200,200,0,0,0,61,200
0,200,30,1,2,0,1,10,5,2,0,200,200,1,200,200,200,0,0,1,35,200
0,200,25,0,0,0,1,7,5,200,0,0,0,0,200,200,1,0,200,2,200,200
0,200,30,2,2,1,1,14,2,200,0,0,0,1,200,200,200,17,200,1,22,200
0,200,30,2,2,1,1,14,2,200,0,0,0,1,200,200,200,17,200,0,25,200
1,200,30,2,2,1,1,14,2,200,0,0,0,1,200,200,200,17,200,0,22,200
1,200,30,2,2,1,1,14,2,200,0,0,0,1,200,200,200,17,200,0,28,200
0,200,30,1,2,0,1,10,5,3,0,0,0,0,1,200,200,18,0,0,23,200
0,200,30,1,2,0,1,10,5,3,0,0,0,0,1,200,200,18,0,0,47,200
0,200,25,0,0,0,1,12,5,200,0,0,0,0,200,200,200,17,17,1,23,200
0,200,25,0,0,0,1,12,5,200,0,0,0,0,200,200,200,17,17,0,80,200
0,200,30,0,0,0,1,0,6,200,0,0,0,0,200,200,1,0,0,0,200,200
0,200,30,0,0,0,1,0,6,200,0,0,0,0,200,200,1,0,0,0,22,200
1,200,30,0,0,0,1,0,6,200,0,0,0,0,200,200,1,0,0,200,200,200
1,200,30,0,0,0,1,0,6,200,0,0,0,0,200,200,1,0,0,200,200,200
0,200,30,0,0,0,1,12,2,200,0,0,0,0,200,200,200,0,200,1,25,200
0,200,30,0,0,0,1,12,2,200,0,0,0,0,200,200,200,0,200,1,47,200
1,200,30,0,0,0,1,12,2,200,0,0,0,0,200,200,200,0,200,1,55,200
1,200,30,0,0,0,1,12,2,200,0,0,0,0,200,200,200,0,200,0,51,200
1,200,30,0,0,0,1,12,2,200,0,0,0,0,200,200,200,0,200,0,21,200
0,200,25,2,2,0,1,0,5,2,0,0,0,1,200,200,200,17,0,0,47,200
0,200,25,2,2,0,1,0,5,2,0,0,0,1,200,200,200,17,0,0,25,200
0,200,30,0,0,0,1,10,5,200,0,0,0,0,200,200,200,18,0,0,200,200
0,200,30,0,0,0,1,10,5,200,0,0,0,0,200,200,200,18,0,0,45,200
1,200,30,0,0,0,1,10,5,200,0,0,0,0,200,200,200,18,0,1,200,200
1,200,30,0,0,0,1,10,5,200,0,0,0,0,200,200,200,18,0,200,200,200
1,200,30,0,0,0,1,10,5,200,0,0,0,0,200,200,200,18,0,200,200,200
1,200,30,0,0,0,1,10,5,200,0,0,0,0,200,200,200,18,0,200,200,200
0,200,30,0,0,0,1,0,5,2,0,0,0,0,200,200,200,17,200,1,29,200
0,200,30,0,0,0,1,0,5,2,0,0,0,0,200,200,200,17,200,1,62,200
0,200,10,0,0,0,1,7,7,200,0,0,0,0,200,1,200,200,35,0,39,200
1,200,10,0,0,0,1,7,7,200,0,0,0,0,200,1,200,200,35,1,200,200
0,0,20,200,200,200,200,7,6,1,0,200,0,0,200,200,0,0,0,2,200,200
0,200,30,0,0,0,1,0,5,200,0,0,0,0,1,200,200,17,5,2,200,200
0,200,30,0,0,0,1,0,5,200,0,0,0,0,1,200,200,17,5,0,33,200
1,200,30,0,0,0,1,0,5,200,0,0,0,0,1,200,200,17,5,1,38,200
1,200,30,0,0,0,1,0,5,200,0,0,0,0,1,200,200,17,5,0,13,200
0,200,35,0,0,2,3,0,5,4,0,1,200,0,1,200,200,0,200,0,38,200
0,200,35,0,0,2,3,0,5,4,0,1,200,0,1,200,200,0,200,0,35,200
0,200,30,2,2,0,1,7,6,200,0,0,0,1,200,200,200,0,0,0,57,200
0,200,5,0,0,0,1,2,4,1,2,0,0,0,200,1,200,0,0,1,60,200
1,200,5,0,0,0,1,2,4,1,2,0,0,0,200,1,200,0,0,0,200,200
0,200,30,0,0,0,0,7,5,1,0,0,0,0,200,200,1,0,200,2,200,200
0,200,30,0,0,0,1,14,5,4,0,0,200,0,200,200,200,23,33,0,20,200
0,200,30,0,0,0,1,14,5,4,0,0,200,0,200,200,200,23,33,0,29,200
1,200,30,0,0,0,1,14,5,4,0,0,200,0,200,200,200,23,33,0,200,200
0,200,30,200,200,0,1,12,5,4,0,0,0,1,200,200,200,21,16,0,33,200
0,200,30,200,200,0,1,12,5,4,0,0,0,1,200,200,200,21,16,0,41,200
1,200,30,200,200,0,1,12,5,4,0,0,0,1,200,200,200,21,16,1,29,200
0,200,30,0,0,0,1,0,2,4,0,0,0,1,200,200,200,17,200,0,26,200
0,200,30,0,0,0,1,0,2,4,0,0,0,1,200,200,200,17,200,0,18,200
0,200,30,2,1,0,1,14,12,4,0,0,0,0,200,200,200,33,11,0,38,200
0,200,30,2,1,0,1,14,12,4,0,0,0,0,200,200,200,33,11,0,26,200
1,200,30,2,1,0,1,14,12,4,0,0,0,0,200,200,200,33,11,1,24,200
1,200,30,2,1,0,1,14,12,4,0,0,0,0,200,200,200,33,11,1,5,200
0,200,40,0,0,0,1,10,3,2,0,0,0,0,200,200,200,0,0,1,200,200
0,200,40,0,0,0,1,10,3,2,0,0,0,0,200,200,200,0,0,0,200,200
1,200,40,0,0,0,1,10,3,2,0,0,0,0,200,200,200,0,0,1,200,200
0,1,30,0,0,0,3,7,5,200,0,0,0,1,200,200,1,0,0,2,200,200
0,200,30,0,0,0,3,7,5,200,0,0,0,0,200,200,1,0,200,2,200,200
0,200,30,0,0,0,1,14,2,4,0,0,0,0,200,200,200,23,0,1,64,200
0,200,30,0,0,0,1,14,2,4,0,0,0,0,200,200,200,23,0,0,52,200
0,200,35,1,2,0,1,14,12,200,0,0,0,1,1,200,200,17,0,1,22,200
0,200,35,1,2,0,1,14,12,200,0,0,0,1,1,200,200,17,0,1,47,200
0,200,30,1,0,0,1,10,2,200,0,0,0,0,1,200,200,18,18,1,30,200
0,200,30,1,0,0,1,10,2,200,0,0,0,0,1,200,200,18,18,0,0,200
1,200,30,1,0,0,1,10,2,200,0,0,0,0,1,200,200,18,18,0,41,200
0,200,30,0,0,0,1,7,7,200,0,0,0,0,200,1,200,200,200,0,200,200
1,200,30,0,0,0,1,7,7,200,0,0,0,0,200,1,200,200,200,1,200,200
1,200,30,0,0,0,1,7,7,200,0,0,0,0,200,1,200,200,200,0,200,200
0,200,30,1,2,0,1,8,5,2,0,0,0,1,1,200,200,0,0,0,35,200
4,200,30,1,2,0,1,8,5,2,0,0,0,1,1,200,200,0,0,0,53,200
1,200,30,1,2,0,1,8,5,2,0,0,0,1,1,200,200,0,0,1,200,200
0,200,30,0,0,0,0,7,6,200,0,0,200,0,200,200,200,20,200,1,36,200
0,200,40,0,0,0,1,10,3,9,0,0,0,0,200,200,200,0,0,0,24,200
0,200,40,0,0,0,1,10,3,9,0,0,0,0,200,200,200,0,0,0,65,200
0,200,40,0,0,0,1,10,3,9,0,0,0,0,200,200,200,0,0,0,200,200
1,200,40,0,0,0,1,10,3,9,0,0,0,0,200,200,200,0,0,1,28,200
0,200,30,1,200,0,1,12,5,4,0,0,200,0,200,200,1,0,200,0,200,200
0,200,30,1,200,0,1,12,5,4,0,0,200,0,200,200,1,0,200,1,49,200
0,200,10,0,0,0,1,7,7,0,0,0,0,0,200,1,1,0,200,2,200,200
0,200,30,0,0,0,1,11,6,200,0,0,0,0,200,200,1,17,200,1,200,200
0,200,30,0,0,0,1,11,6,200,0,0,0,0,200,200,1,17,200,1,45,200
1,200,30,0,0,0,1,11,6,200,0,0,0,0,200,200,1,17,200,1,25,200
0,200,35,0,0,0,1,10,5,200,0,0,0,1,200,200,200,16,200,1,25,200
0,200,35,0,0,0,1,10,5,200,0,0,0,1,200,200,200,16,200,1,43,200
0,200,35,0,0,0,1,10,5,200,0,0,0,1,200,200,200,16,200,0,33,200
0,200,35,0,0,0,1,10,5,200,0,0,0,1,200,200,200,16,200,1,200,200
1,200,35,0,0,0,1,10,5,200,0,0,0,1,200,200,200,16,200,0,200,200
1,200,35,0,0,0,1,10,5,200,0,0,0,1,200,200,200,16,200,0,1,200
1,200,35,0,0,0,1,10,5,200,0,0,0,1,200,200,200,16,200,0,17,200
1,200,35,0,0,0,1,10,5,200,0,0,0,1,200,200,200,16,200,1,12,200
1,200,35,0,0,0,1,10,5,200,0,0,0,1,200,200,200,16,200,1,10,200
0,200,30,0,0,200,200,7,5,1,0,200,200,0,200,200,1,0,0,2,200,200
0,200,30,0,0,0,1,7,6,1,0,0,0,0,200,200,200,11,0,0,70,200
1,200,30,0,0,0,1,7,6,1,0,0,0,0,200,200,200,11,0,0,200,200
1,200,30,0,0,0,1,7,6,1,0,0,0,0,200,200,200,11,0,0,200,200
0,200,30,1,2,0,1,0,2,200,0,0,200,0,1,200,200,16,200,0,33,200
0,200,30,1,2,0,1,0,2,200,0,0,200,0,1,200,200,16,200,0,28,200
1,200,30,1,2,0,1,0,2,200,0,0,200,0,1,200,200,16,200,1,200,200
0,200,10,0,0,0,1,12,5,200,0,0,0,0,200,200,1,0,200,1,200,200
0,200,10,0,0,0,1,12,5,200,0,0,0,0,200,200,1,0,200,1,0,200
1,200,10,0,0,0,1,12,5,200,0,0,0,0,200,200,1,0,200,1,47,200
0,200,30,200,200,200,200,7,200,2,0,200,200,0,200,200,1,0,0,2,200,200
0,200,30,0,0,0,4,7,6,200,0,0,0,0,200,200,1,200,200,2,200,200
0,200,30,0,0,0,1,12,5,2,0,0,0,0,200,200,1,0,0,2,200,200
0,200,30,0,0,0,1,12,5,2,0,0,0,0,200,200,1,0,0,0,29,200
1,200,30,0,0,0,1,12,5,2,0,0,0,0,200,200,1,0,0,1,200,200
1,200,30,0,0,0,1,12,5,2,0,0,0,0,200,200,1,0,0,0,200,200
0,200,65,0,0,0,1,2,12,200,2,0,0,1,200,200,200,0,0,1,200,200
0,200,30,0,0,0,1,7,6,1,0,0,0,0,200,200,1,0,0,2,200,200
0,200,20,0,0,0,1,7,7,200,0,0,3,0,200,200,1,11,27,0,71,200
1,200,20,0,0,0,1,7,7,200,0,0,3,0,200,200,1,11,27,0,86,200
1,200,20,0,0,0,1,7,7,200,0,0,3,0,200,200,1,11,27,1,84,200
0,200,30,1,2,0,1,10,3,4,0,0,200,1,1,200,200,16,200,0,27,200
0,200,30,1,2,0,1,10,3,4,0,0,200,1,1,200,200,16,200,0,26,200
0,200,30,1,2,0,1,10,3,4,0,0,200,1,1,200,200,16,200,1,25,200
0,200,30,1,2,0,1,10,3,4,0,0,200,1,1,200,200,16,200,0,42,200
0,200,30,1,2,0,1,10,3,4,0,0,200,1,1,200,200,16,200,0,25,200
1,200,30,1,2,0,1,10,3,4,0,0,200,1,1,200,200,16,200,0,31,200
1,200,30,1,2,0,1,10,3,4,0,0,200,1,1,200,200,16,200,1,36,200
1,200,30,1,2,0,1,10,3,4,0,0,200,1,1,200,200,16,200,1,10,200
1,200,30,1,2,0,1,10,3,4,0,0,200,1,1,200,200,16,200,1,9,200
1,200,30,1,2,0,1,10,3,4,0,0,200,1,1,200,200,16,200,0,4,200
0,200,30,0,0,0,1,7,5,200,0,0,0,0,200,200,1,11,25,1,16,200
1,200,30,0,0,0,1,7,5,200,0,0,0,0,200,200,1,11,25,1,200,200