PERSON_TYPE,CRASH_DATE_EST_I,POSTED_SPEED_LIMIT,TRAFFIC_CONTROL_DEVICE,DEVICE_CONDITION,WEATHER_CONDITION,LIGHTING_CONDITION,FIRST_CRASH_TYPE,TRAFFICWAY_TYPE,LANE_CNT,ALIGNMENT,ROADWAY_SURFACE_COND,ROAD_DEFECT,CRASH_TYPE,INTERSECTION_RELATED_I,NOT_RIGHT_OF_WAY_I,HIT_AND_RUN_I,PRIM_CONTRIBUTORY_CAUSE,SEC_CONTRIBUTORY_CAUSE,SEX,AGE,BAC_RESULT VALUE
1,200,30,0,0,0,1,7,5,200,0,0,0,0,200,200,1,11,25,1,200,200
1,200,30,0,0,0,1,7,5,200,0,0,0,0,200,200,1,11,25,1,200,200
0,200,30,0,0,0,1,3,7,200,0,0,0,0,200,200,200,11,200,1,200,200
0,200,30,0,0,0,1,3,7,200,0,0,0,0,200,200,200,11,200,1,200,200
0,1,30,0,0,0,0,7,5,2,0,0,200,0,200,200,1,0,21,2,200,200
0,1,30,0,0,0,200,7,6,200,0,0,0,0,200,200,1,0,200,2,200,200
0,200,30,1,2,0,1,10,2,4,0,0,0,1,1,200,200,18,200,1,30,200
0,200,30,1,2,0,1,10,2,4,0,0,0,1,1,200,200,18,200,0,23,200
1,200,30,1,2,0,1,10,2,4,0,0,0,1,1,200,200,18,200,200,200,200
1,200,30,1,2,0,1,10,2,4,0,0,0,1,1,200,200,18,200,200,200,200
0,200,30,0,0,0,1,11,7,200,0,200,200,0,200,1,200,0,0,0,200,200
0,200,30,0,0,0,1,11,7,200,0,200,200,0,200,1,200,0,0,0,43,200
0,200,30,0,0,0,1,7,7,200,0,0,0,0,200,200,1,200,200,1,200,200
1,200,30,0,0,0,1,7,7,200,0,0,0,0,200,200,1,200,200,0,200,200
0,200,30,1,2,0,2,10,5,200,0,0,0,0,1,200,200,18,200,1,18,200
0,200,30,1,2,0,2,10,5,200,0,0,0,0,1,200,200,18,200,1,25,200
0,200,15,0,0,0,1,7,7,200,0,0,0,0,200,200,200,0,200,2,200,200
0,200,30,0,2,0,1,14,5,200,0,0,0,0,200,200,200,17,17,1,32,200
0,200,30,0,2,0,1,14,5,200,0,0,0,0,200,200,200,17,17,0,68,200
0,200,30,0,0,0,1,14,12,4,0,0,0,1,200,200,200,23,21,0,26,200
0,200,30,0,0,0,1,14,12,4,0,0,0,1,200,200,200,23,21,0,21,200
0,200,30,1,2,0,1,12,5,200,0,0,0,0,200,200,1,21,200,0,200,200
0,200,30,1,2,0,1,12,5,200,0,0,0,0,200,200,1,21,200,1,34,200
0,200,30,0,0,0,1,0,5,200,0,0,0,1,200,200,200,17,200,0,28,200
0,200,30,0,0,0,1,0,5,200,0,0,0,1,200,200,200,17,200,1,46,200
1,200,30,0,0,0,1,0,5,200,0,0,0,1,200,200,200,17,200,0,17,200
0,200,30,2,2,0,1,0,5,200,0,0,0,0,1,200,200,17,200,0,200,200
0,200,30,2,2,0,1,0,5,200,0,0,0,0,1,200,200,17,200,1,43,200
0,200,30,0,0,0,1,14,5,200,0,0,0,0,200,200,1,23,0,2,200,200
0,200,30,0,0,0,1,14,5,200,0,0,0,0,200,200,1,23,0,0,24,200
0,200,35,0,0,0,1,10,5,200,0,0,200,0,200,200,200,0,200,0,200,200
0,200,35,0,0,0,1,10,5,200,0,0,200,0,200,200,200,0,200,0,200,200
0,200,35,0,0,0,1,0,6,3,0,0,0,1,1,200,200,17,0,0,66,200
0,200,35,0,0,0,1,0,6,3,0,0,0,1,1,200,200,17,0,0,44,200
1,200,35,0,0,0,1,0,6,3,0,0,0,1,1,200,200,17,0,0,38,200
0,200,35,2,2,0,1,0,5,6,2,0,0,0,1,200,200,17,17,0,30,200
0,200,35,2,2,0,1,0,5,6,2,0,0,0,1,200,200,17,17,0,16,200
0,200,35,2,2,0,1,0,5,6,2,0,0,0,1,200,200,17,17,1,31,200
1,200,35,2,2,0,1,0,5,6,2,0,0,0,1,200,200,17,17,1,17,200
1,200,35,2,2,0,1,0,5,6,2,0,0,0,1,200,200,17,17,1,22,200
0,200,30,1,2,0,1,12,2,200,0,0,0,0,200,200,200,22,11,0,26,200
0,200,30,1,2,0,1,12,2,200,0,0,0,0,200,200,200,22,11,0,36,200
1,200,30,1,2,0,1,12,2,200,0,0,0,0,200,200,200,22,11,1,25,200
1,200,30,1,2,0,1,12,2,200,0,0,0,0,200,200,200,22,11,0,8,200
1,200,30,1,2,0,1,12,2,200,0,0,0,0,200,200,200,22,11,1,4,200
0,200,30,0,0,0,1,7,5,200,0,0,0,0,200,200,200,0,200,0,22,200
0,1,30,0,12,0,1,7,5,2,0,0,0,0,200,200,1,20,0,1,200,200
0,200,30,0,0,0,1,2,5,4,0,0,0,0,1,200,200,0,0,2,200,200
0,200,30,0,0,0,1,10,5,4,0,0,0,0,200,200,1,18,0,0,200,200
0,200,30,0,0,0,1,10,5,4,0,0,0,0,200,200,1,18,0,0,18,200
0,200,30,0,0,0,1,7,7,1,0,0,0,0,200,200,200,0,0,1,200,200
0,200,35,0,0,0,1,10,5,2,0,0,0,0,200,200,200,18,18,0,78,200
0,200,35,0,0,0,1,10,5,2,0,0,0,0,200,200,200,18,18,0,53,200
0,200,30,1,2,0,1,14,2,4,0,0,0,1,1,200,200,17,200,0,19,200
0,200,30,1,2,0,1,14,2,4,0,0,0,1,1,200,200,17,200,1,29,200
1,200,30,1,2,0,1,14,2,4,0,0,0,1,1,200,200,17,200,0,19,200
0,200,30,200,200,0,1,10,5,200,0,0,0,0,1,200,200,16,200,0,41,200
0,200,30,200,200,0,1,10,5,200,0,0,0,0,1,200,200,16,200,1,21,200
0,1,30,0,0,0,3,7,6,1,0,0,0,0,200,200,1,0,0,2,200,200
0,200,30,0,0,0,1,14,5,200,0,0,0,0,1,200,200,17,200,0,36,200
0,200,30,0,0,0,1,14,5,200,0,0,0,0,1,200,200,17,200,0,20,200
0,200,30,1,2,0,1,10,2,2,0,0,0,0,200,200,200,18,17,2,200,200
0,200,30,1,2,0,1,10,2,2,0,0,0,0,200,200,200,18,17,1,71,200
1,200,30,1,2,0,1,10,2,2,0,0,0,0,200,200,200,18,17,1,200,200
0,200,30,1,2,0,3,14,5,200,0,0,0,0,200,200,1,0,200,1,200,200
0,200,30,1,2,0,3,14,5,200,0,0,0,0,200,200,1,0,200,1,22,200
0,200,30,0,0,0,1,12,2,200,0,0,0,0,200,200,200,20,20,1,36,200
0,200,30,0,0,0,1,12,2,200,0,0,0,0,200,200,200,20,20,0,44,200
0,200,30,0,0,0,1,7,6,1,0,0,0,0,200,200,200,11,0,0,33,200
0,200,30,0,0,0,1,7,6,1,0,0,200,1,200,200,1,0,200,2,200,200
0,200,30,0,0,0,1,7,5,200,0,0,0,0,200,200,1,200,200,2,200,200
0,200,30,1,2,0,1,10,5,200,0,0,0,0,1,200,200,11,200,0,200,200
0,200,30,1,2,0,1,10,5,200,0,0,0,0,1,200,200,11,200,0,200,200
0,200,30,0,0,0,1,7,5,2,0,0,0,0,200,200,200,23,0,0,29,200
0,200,15,2,200,0,1,14,3,200,0,0,0,0,200,200,200,0,200,0,65,200
0,200,15,2,200,0,1,14,3,200,0,0,0,0,200,200,200,0,200,0,41,200
0,200,30,0,0,0,1,10,2,2,0,0,0,1,200,200,200,18,18,1,18,200
0,200,30,0,0,0,1,10,2,2,0,0,0,1,200,200,200,18,18,0,28,200
1,200,30,0,0,0,1,10,2,2,0,0,0,1,200,200,200,18,18,1,25,200
1,200,30,0,0,0,1,10,2,2,0,0,0,1,200,200,200,18,18,1,5,200
0,200,30,1,2,0,1,14,3,6,0,0,0,0,1,200,1,0,200,1,200,200
0,200,30,1,2,0,1,14,3,6,0,0,0,0,1,200,1,0,200,1,22,200
1,200,30,1,2,0,1,14,3,6,0,0,0,0,1,200,1,0,200,1,200,200
0,200,30,2,0,0,1,0,2,200,0,0,0,1,1,200,200,17,11,0,31,200
0,200,30,2,0,0,1,0,2,200,0,0,0,1,1,200,200,17,11,0,61,200
1,200,30,2,0,0,1,0,2,200,0,0,0,1,1,200,200,17,11,1,23,200
1,200,30,2,0,0,1,0,2,200,0,0,0,1,1,200,200,17,11,0,44,200
1,200,30,2,0,0,1,0,2,200,0,0,0,1,1,200,200,17,11,0,7,200
0,200,35,1,2,0,1,12,2,4,0,0,0,0,200,200,200,22,21,0,41,200
0,200,35,1,2,0,1,12,2,4,0,0,0,0,200,200,200,22,21,0,24,200
1,200,35,1,2,0,1,12,2,4,0,0,0,0,200,200,200,22,21,1,200,200
1,200,35,1,2,0,1,12,2,4,0,0,0,0,200,200,200,22,21,1,200,200
0,200,30,0,0,2,1,7,6,1,0,0,0,0,200,200,1,0,0,2,200,200
0,200,30,1,2,0,1,12,5,4,0,0,0,1,200,200,200,17,0,0,51,200
0,200,30,1,2,0,1,12,5,4,0,0,0,1,200,200,200,17,0,0,25,200
1,200,30,1,2,0,1,12,5,4,0,0,0,1,200,200,200,17,0,1,18,200
1,200,30,1,2,0,1,12,5,4,0,0,0,1,200,200,200,17,0,1,20,200
0,0,15,0,0,0,1,0,0,1,0,0,0,0,200,1,200,25,200,1,44,200
0,0,15,0,0,0,1,0,0,1,0,0,0,0,200,1,200,25,200,1,42,200
0,200,35,200,200,0,1,12,3,200,0,0,0,1,200,200,200,0,0,0,44,200
0,200,35,200,200,0,1,12,3,200,0,0,0,1,200,200,200,0,0,0,27,200
0,200,30,0,0,0,1,10,5,200,0,0,0,0,200,200,200,200,200,0,24,200
0,200,30,0,0,0,1,10,5,200,0,0,0,0,200,200,200,200,200,1,34,200
1,200,30,0,0,0,1,10,5,200,0,0,0,0,200,200,200,200,200,1,200,200
1,200,30,0,0,0,1,10,5,200,0,0,0,0,200,200,200,200,200,0,200,200
0,200,25,1,2,0,1,14,5,4,0,0,0,0,1,200,200,17,200,0,200,200
0,200,25,1,2,0,1,14,5,4,0,0,0,0,1,200,200,17,200,0,26,200
0,200,25,1,2,0,1,14,5,4,0,0,0,0,1,200,200,17,200,1,64,200
1,200,25,1,2,0,1,14,5,4,0,0,0,0,1,200,200,17,200,1,21,200
1,200,25,1,2,0,1,14,5,4,0,0,0,0,1,200,200,17,200,1,23,200
0,1,30,0,0,200,200,7,6,200,0,200,200,0,200,200,1,200,200,2,200,200
0,200,30,0,0,200,1,14,5,200,0,200,0,0,200,200,200,17,200,0,200,200
0,200,30,0,0,200,1,14,5,200,0,200,0,0,200,200,200,17,200,1,62,200
0,200,30,0,0,0,1,12,2,200,0,0,0,0,200,200,200,0,0,0,200,200
0,200,30,0,0,0,1,12,2,200,0,0,0,0,200,200,200,0,0,0,65,200
0,200,30,0,0,0,1,12,2,200,0,0,0,0,200,200,200,0,200,1,34,200
0,200,30,0,0,0,1,12,2,200,0,0,0,0,200,200,200,0,200,1,200,200
0,200,20,0,0,0,1,7,2,200,0,0,0,0,200,200,1,0,0,2,200,200
0,200,30,1,2,0,1,10,1,4,0,0,0,1,1,200,200,11,0,1,19,200
0,200,30,1,2,0,1,10,1,4,0,0,0,1,1,200,200,11,0,1,28,200
1,200,30,1,2,0,1,10,1,4,0,0,0,1,1,200,200,11,0,1,44,200
1,200,30,1,2,0,1,10,1,4,0,0,0,1,1,200,200,11,0,0,31,200
1,200,30,1,2,0,1,10,1,4,0,0,0,1,1,200,200,11,0,1,4,200
1,200,30,1,2,0,1,10,1,4,0,0,0,1,1,200,200,11,0,1,6,200
0,200,30,1,2,0,1,10,5,2,0,0,0,1,200,200,200,18,16,1,31,200
0,200,30,1,2,0,1,10,5,2,0,0,0,1,200,200,200,18,16,0,41,200
0,200,30,1,2,0,1,10,5,2,0,0,0,1,200,200,200,18,16,0,33,200
4,200,30,1,2,0,1,8,2,200,0,0,0,1,1,200,200,0,0,0,21,200
0,200,30,1,2,0,1,8,2,200,0,0,0,1,1,200,200,0,0,0,57,200
1,200,30,1,2,0,1,8,2,200,0,0,0,1,1,200,200,0,0,1,55,200
0,200,30,200,200,0,1,10,5,200,0,0,200,0,200,200,1,16,200,0,200,200
0,200,30,200,200,0,1,10,5,200,0,0,200,0,200,200,1,16,200,0,33,200
1,200,30,200,200,0,1,10,5,200,0,0,200,0,200,200,1,16,200,0,27,200
1,200,30,200,200,0,1,10,5,200,0,0,200,0,200,200,1,16,200,1,27,200
1,200,30,200,200,0,1,10,5,200,0,0,200,0,200,200,1,16,200,200,200,200
0,200,25,1,2,0,1,12,2,4,3,0,0,1,1,200,200,0,22,0,46,200
0,200,25,1,2,0,1,12,2,4,3,0,0,1,1,200,200,0,22,0,50,200
0,200,30,0,0,0,1,10,2,2,0,0,0,0,200,200,1,18,11,0,200,200
0,200,30,0,0,0,1,10,2,2,0,0,0,0,200,200,1,18,11,0,30,200
0,200,30,0,0,0,1,10,5,200,0,0,0,0,200,200,200,200,200,1,22,200
0,200,30,0,0,0,1,10,5,200,0,0,0,0,200,200,200,200,200,1,22,200
0,200,30,0,0,0,1,10,5,200,0,0,0,0,200,200,200,200,200,0,47,200
1,200,30,0,0,0,1,10,5,200,0,0,0,0,200,200,200,200,200,0,200,200
0,200,15,0,0,1,1,7,5,200,0,200,200,0,200,200,1,0,0,0,200,200
0,200,30,1,2,0,1,14,2,200,0,0,0,0,200,200,1,18,16,0,200,200
0,200,30,1,2,0,1,14,2,200,0,0,0,0,200,200,1,18,16,0,44,200
1,200,30,1,2,0,1,14,2,200,0,0,0,0,200,200,1,18,16,1,41,200
1,200,30,1,2,0,1,14,2,200,0,0,0,0,200,200,1,18,16,1,200,200
1,200,30,1,2,0,1,14,2,200,0,0,0,0,200,200,1,18,16,0,200,200
1,200,30,1,2,0,1,14,2,200,0,0,0,0,200,200,1,18,16,1,200,200
0,0,30,1,2,0,1,10,3,2,0,0,0,1,200,200,1,200,200,0,41,200
0,0,30,1,2,0,1,10,3,2,0,0,0,1,200,200,1,200,200,0,200,200
1,0,30,1,2,0,1,10,3,2,0,0,0,1,200,200,1,200,200,1,47,200
1,0,30,1,2,0,1,10,3,2,0,0,0,1,200,200,1,200,200,0,11,200
1,0,30,1,2,0,1,10,3,2,0,0,0,1,200,200,1,200,200,1,19,200
0,200,35,0,0,0,1,10,5,2,0,0,0,0,200,200,200,0,0,0,22,200
0,200,35,0,0,0,1,10,5,2,0,0,0,0,200,200,200,0,0,1,60,200
0,200,30,2,2,200,1,3,6,200,0,200,0,1,200,200,1,10,25,0,200,200
0,200,30,2,2,200,1,3,6,200,0,200,0,1,200,200,1,10,25,1,37,200
1,200,30,2,2,200,1,3,6,200,0,200,0,1,200,200,1,10,25,1,200,200
0,200,35,0,0,0,1,10,2,200,0,0,0,0,200,200,200,7,0,0,61,200
0,200,35,0,0,0,1,10,2,200,0,0,0,0,200,200,200,7,0,0,60,200
0,200,15,0,0,0,1,0,7,200,0,0,0,0,200,200,200,0,200,0,76,200
0,200,15,0,0,0,1,0,7,200,0,0,0,0,200,200,200,0,200,1,53,200
0,200,30,2,0,0,1,10,5,2,0,0,0,0,200,200,200,16,200,1,23,200
0,200,30,2,0,0,1,10,5,2,0,0,0,0,200,200,200,16,200,0,81,200
0,200,30,1,2,0,1,10,3,6,0,0,0,1,1,200,1,16,200,2,200,200
0,200,30,1,2,0,1,10,3,6,0,0,0,1,1,200,1,16,200,0,27,200
0,200,20,0,0,0,1,10,5,2,0,0,0,0,200,200,1,11,11,0,200,200
0,200,20,0,0,0,1,10,5,2,0,0,0,0,200,200,1,11,11,1,46,200
0,200,25,0,0,0,1,7,6,1,0,0,0,0,200,200,1,0,0,2,200,200
0,200,20,0,0,0,1,0,0,1,0,0,0,0,200,200,1,0,0,0,200,200
0,200,20,0,0,0,1,0,0,1,0,0,0,0,200,200,1,0,0,0,35,200
1,200,20,0,0,0,1,0,0,1,0,0,0,0,200,200,1,0,0,1,16,200
1,200,20,0,0,0,1,0,0,1,0,0,0,0,200,200,1,0,0,0,64,200
1,200,20,0,0,0,1,0,0,1,0,0,0,0,200,200,1,0,0,1,34,200
1,200,20,0,0,0,1,0,0,1,0,0,0,0,200,200,1,0,0,1,40,200
1,200,20,0,0,0,1,0,0,1,0,0,0,0,200,200,1,0,0,0,3,200
1,200,20,0,0,0,1,0,0,1,0,0,0,0,200,200,1,0,0,1,64,200
0,200,30,1,2,0,1,10,5,0,0,0,0,0,1,200,200,18,0,1,80,200
0,200,30,1,2,0,1,10,5,0,0,0,0,0,1,200,200,18,0,0,53,200
0,200,30,0,0,0,1,7,6,1,0,0,0,1,200,200,1,0,0,0,200,200
0,200,30,0,0,0,1,10,5,2,0,1,0,0,200,200,200,0,0,0,22,200
0,200,30,0,0,0,1,10,5,2,0,1,0,0,200,200,200,0,0,1,38,200
1,200,30,0,0,0,1,10,5,2,0,1,0,0,200,200,200,0,0,0,200,200
0,200,20,0,0,0,1,2,5,200,0,0,0,0,200,200,200,200,200,0,200,200
0,200,30,0,0,0,2,5,5,200,0,0,0,1,200,200,200,200,200,1,42,200
1,200,30,0,0,0,2,5,5,200,0,0,0,1,200,200,200,200,200,1,200,200
0,200,30,2,2,1,1,10,3,4,0,0,200,0,200,200,1,18,200,0,200,200
0,200,30,2,2,1,1,10,3,4,0,0,200,0,200,200,1,18,200,0,77,200
1,200,30,2,2,1,1,10,3,4,0,0,200,0,200,200,1,18,200,0,200,200
0,200,30,1,2,0,4,12,5,4,0,0,0,1,1,200,200,22,200,0,65,200
0,200,30,1,2,0,4,12,5,4,0,0,0,1,1,200,200,22,200,0,54,200
0,200,30,1,2,0,4,12,5,4,0,0,0,1,1,200,200,22,200,0,49,200
1,200,30,1,2,0,4,12,5,4,0,0,0,1,1,200,200,22,200,1,91,200
4,200,30,0,0,0,1,8,5,200,0,0,0,1,200,200,1,21,200,0,44,200
0,200,30,0,0,0,1,14,5,200,0,0,0,0,1,200,200,0,0,0,52,200
0,200,30,0,0,0,1,14,5,200,0,0,0,0,1,200,200,0,0,0,31,200
1,200,30,0,0,0,1,14,5,200,0,0,0,0,1,200,200,0,0,1,45,200
1,200,30,0,0,0,1,14,5,200,0,0,0,0,1,200,200,0,0,1,31,200
0,200,30,0,0,0,4,10,5,2,0,1,0,1,200,200,200,18,0,0,42,200
0,200,30,0,0,0,4,10,5,2,0,1,0,1,200,200,200,18,0,0,68,200
0,200,30,0,0,0,4,10,5,2,0,1,0,1,200,200,200,18,0,1,36,200
0,200,30,1,2,0,1,14,2,2,0,1,0,0,200,200,200,23,200,0,18,200
0,200,30,1,2,0,1,14,2,2,0,1,0,0,200,200,200,23,200,0,49,200
1,200,30,1,2,0,1,14,2,2,0,1,0,0,200,200,200,23,200,1,44,200
1,200,30,1,2,0,1,14,2,2,0,1,0,0,200,200,200,23,200,1,12,200
1,200,30,1,2,0,1,14,2,2,0,1,0,0,200,200,200,23,200,0,1,200
1,200,30,1,2,0,1,14,2,2,0,1,0,0,200,200,200,23,200,0,23,200
1,200,30,1,2,0,1,14,2,2,0,1,0,0,200,200,200,23,200,1,18,200
0,200,30,1,2,0,4,10,5,2,0,0,0,1,1,200,200,18,0,1,57,200
0,200,30,1,2,0,4,10,5,2,0,0,0,1,1,200,200,18,0,0,41,200
0,200,30,0,0,0,1,0,5,2,0,0,0,1,200,200,1,0,0,0,200,200
0,200,30,0,0,0,1,0,5,2,0,0,0,1,200,200,1,0,0,0,29,200
0,200,30,0,0,0,1,0,5,2,0,0,0,1,200,200,1,0,0,1,64,200
0,200,30,1,2,0,4,10,2,200,0,200,200,0,0,200,200,0,0,0,58,200
0,200,30,1,2,0,4,10,2,200,0,200,200,0,0,200,200,0,0,1,42,200
0,200,30,0,0,0,1,0,5,2,0,0,0,0,200,200,200,25,0,1,200,200
0,200,30,0,0,0,1,0,5,2,0,0,0,0,200,200,200,25,0,0,35,200
0,200,30,0,0,0,1,7,5,2,0,0,0,0,200,200,1,0,200,2,200,200
1,200,30,0,0,0,1,7,5,2,0,0,0,0,200,200,1,0,200,0,35,200
1,200,30,0,0,0,1,7,5,2,0,0,0,0,200,200,1,0,200,0,200,200
0,200,30,1,2,0,4,14,2,4,0,0,200,0,1,200,200,33,0,1,74,200
0,200,30,1,2,0,4,14,2,4,0,0,200,0,1,200,200,33,0,1,43,200
0,200,15,0,0,1,0,2,7,0,0,1,0,0,200,1,200,12,200,0,64,200
0,200,30,1,2,0,3,14,5,200,0,0,0,0,1,200,1,17,200,2,200,200
0,200,30,1,2,0,3,14,5,200,0,0,0,0,1,200,1,17,200,1,28,200
0,200,30,0,0,0,1,10,5,200,0,0,0,0,200,200,200,18,0,0,32,200
0,200,30,0,0,0,1,10,5,200,0,0,0,0,200,200,200,18,0,1,43,200
0,200,30,0,0,0,1,10,5,200,0,0,0,0,200,200,200,18,0,0,200,200
0,200,30,0,0,0,1,12,5,2,0,0,0,0,200,200,200,21,200,1,200,200
0,200,30,0,0,0,1,12,5,2,0,0,0,0,200,200,200,21,200,0,53,200
5,200,35,1,2,0,0,9,1,2,0,0,0,1,1,200,200,16,200,1,52,200
0,200,35,1,2,0,0,9,1,2,0,0,0,1,1,200,200,16,200,1,47,200
0,200,30,0,0,1,3,10,2,2,0,0,0,0,1,200,200,18,200,1,24,200
0,200,30,0,0,1,3,10,2,2,0,0,0,0,1,200,200,18,200,0,21,200
0,200,30,1,200,0,4,10,5,200,0,0,200,0,200,200,1,0,200,1,200,200
0,200,30,1,200,0,4,10,5,200,0,0,200,0,200,200,1,0,200,1,37,200
0,1,30,2,2,200,200,7,2,2,0,0,0,1,200,200,1,0,200,2,200,200
0,200,30,0,2,0,0,2,3,2,0,0,0,1,200,200,200,0,200,0,30,200
0,200,30,1,2,0,3,12,2,200,0,0,0,0,200,200,1,0,0,1,200,200
0,200,30,1,2,0,3,12,2,200,0,0,0,0,200,200,1,0,0,1,26,200
0,200,30,0,0,0,3,0,200,200,0,0,200,1,200,200,200,17,200,0,45,200
0,200,30,0,0,0,3,0,200,200,0,0,200,1,200,200,200,17,200,0,25,200
0,200,20,0,0,0,3,12,5,200,0,0,0,1,200,200,200,0,0,1,32,200
0,200,20,0,0,0,3,12,5,200,0,0,0,1,200,200,200,0,0,0,37,200
1,200,20,0,0,0,3,12,5,200,0,0,0,1,200,200,200,0,0,1,200,200
1,200,20,0,0,0,3,12,5,200,0,0,0,1,200,200,200,0,0,0,31,200
0,200,30,0,0,0,2,12,2,2,0,0,0,0,200,200,200,17,200,0,200,200
0,200,30,0,0,0,2,12,2,2,0,0,0,0,200,200,200,17,200,0,42,200
0,200,20,0,0,0,3,2,0,200,0,0,0,0,200,200,200,200,200,0,55,200
0,200,30,0,0,0,3,7,2,200,0,0,0,0,200,200,200,12,200,1,200,200
0,200,30,0,0,0,4,7,6,1,0,0,0,0,200,200,1,200,200,2,200,200
0,200,30,10,2,0,3,10,2,2,0,0,0,1,1,200,200,0,0,1,29,200
0,200,30,10,2,0,3,10,2,2,0,0,0,1,1,200,200,0,0,0,36,200
0,200,30,1,2,0,3,14,5,200,0,0,0,1,1,1,200,25,17,0,28,200
0,200,30,1,2,0,3,14,5,200,0,0,0,1,1,1,200,25,17,0,51,200
1,200,30,1,2,0,3,14,5,200,0,0,0,1,1,1,200,25,17,1,19,200
0,200,30,0,0,0,3,12,6,1,0,0,0,0,200,200,200,22,200,0,38,200
0,200,30,0,0,0,3,12,6,1,0,0,0,0,200,200,200,22,200,0,61,200
0,200,30,0,0,0,3,7,5,2,0,0,0,0,200,200,1,25,0,0,200,200
0,1,25,0,0,200,3,7,6,2,0,200,200,0,200,200,1,0,200,2,200,200
0,200,30,0,0,0,3,7,6,200,0,0,0,0,200,200,200,0,200,0,200,200
0,200,15,0,0,0,3,12,3,200,0,0,0,0,200,200,200,0,0,1,21,200
0,200,15,0,0,0,3,12,3,200,0,0,0,0,200,200,200,0,0,1,41,200
0,200,30,0,0,0,3,7,6,1,0,0,0,0,200,200,200,20,200,0,30,200
0,200,30,0,3,0,3,2,6,1,0,0,200,0,200,200,0,25,3,0,200,200
1,200,30,0,3,0,3,2,6,1,0,0,200,0,200,200,0,25,3,200,200,200
1,200,30,0,3,0,3,2,6,1,0,0,200,0,200,200,0,25,3,1,17,200
1,200,30,0,3,0,3,2,6,1,0,0,200,0,200,200,0,25,3,1,17,200
0,200,30,0,0,0,0,0,5,200,0,0,200,0,200,200,1,23,200,1,200,200
0,200,30,0,0,0,0,0,5,200,0,0,200,0,200,200,1,23,200,1,0,200
0,200,30,0,0,0,3,12,5,2,0,0,0,0,200,200,1,0,200,1,200,200
0,200,30,0,0,0,3,12,5,2,0,0,0,0,200,200,1,0,200,1,35,200
0,200,25,0,0,0,3,11,5,200,0,0,0,0,200,200,1,32,10,0,36,200
1,200,25,0,0,0,3,11,5,200,0,0,0,0,200,200,1,32,10,0,8,200
1,200,25,0,0,0,3,11,5,200,0,0,0,0,200,200,1,32,10,0,6,200
0,200,30,0,0,0,3,11,5,2,0,0,200,0,200,200,200,0,200,0,34,200
0,200,30,0,0,0,3,11,5,2,0,0,200,0,200,200,200,0,200,1,20,200
1,200,30,0,0,0,3,11,5,2,0,0,200,0,200,200,200,0,200,0,22,200
1,200,30,0,0,0,3,11,5,2,0,0,200,0,200,200,200,0,200,0,23,200
1,200,30,0,0,0,3,11,5,2,0,0,200,0,200,200,200,0,200,0,38,200
1,200,30,0,0,0,3,11,5,2,0,0,200,0,200,200,200,0,200,1,45,200
1,200,30,0,0,0,3,11,5,2,0,0,200,0,200,200,200,0,200,0,35,200
1,200,30,0,0,0,3,11,5,2,0,0,200,0,200,200,200,0,200,1,15,200
1,200,30,0,0,0,3,11,5,2,0,0,200,0,200,200,200,0,200,1,13,200
0,200,30,1,2,0,3,0,2,200,0,0,0,1,1,200,200,6,6,0,22,200
0,200,30,1,2,0,3,0,2,200,0,0,0,1,1,200,200,6,6,0,72,200
1,200,30,1,2,0,3,0,2,200,0,0,0,1,1,200,200,6,6,0,200,200
1,200,30,1,2,0,3,0,2,200,0,0,0,1,1,200,200,6,6,1,200,200
0,200,30,0,0,0,1,14,5,4,0,0,0,1,200,200,200,0,0,0,33,200
0,200,30,0,0,0,1,14,5,4,0,0,0,1,200,200,200,0,0,0,200,200
0,200,30,0,0,0,3,9,5,2,0,0,0,1,200,200,200,20,0,0,44,200
5,200,30,0,0,0,3,9,5,2,0,0,0,1,200,200,200,20,0,1,31,200
0,200,30,0,0,0,3,7,6,200,0,0,0,0,200,200,200,20,11,1,42,200
0,200,55,0,200,0,3,10,3,4,0,0,0,1,200,200,200,18,11,0,27,200
0,200,55,0,200,0,3,10,3,4,0,0,0,1,200,200,200,18,11,0,22,200
0,200,30,2,2,0,3,14,2,200,0,0,0,0,1,200,200,16,23,0,27,200
0,200,30,2,2,0,3,14,2,200,0,0,0,0,1,200,200,16,23,1,23,200
0,200,20,0,0,0,0,7,5,2,0,1,0,0,200,200,0,20,0,2,200,200
0,200,30,0,0,0,3,7,2,200,0,0,0,0,200,200,1,0,200,0,200,200
0,200,30,0,0,0,3,10,2,200,0,0,0,0,200,200,200,0,0,0,21,200
0,200,30,0,0,0,3,10,2,200,0,0,0,0,200,200,200,0,0,0,26,200
0,0,35,0,0,0,3,2,5,2,0,0,0,1,1,200,1,0,0,2,200,200
0,200,30,0,0,0,3,7,200,1,0,0,0,1,200,200,200,16,0,1,33,200
0,200,30,2,2,0,3,0,2,4,0,0,0,0,1,200,200,5,17,0,29,200
0,200,30,2,2,0,3,0,2,4,0,0,0,0,1,200,200,5,17,1,41,200
0,200,30,0,0,0,3,14,1,1,0,0,0,1,200,200,200,17,200,1,33,200
0,200,30,0,0,0,3,14,1,1,0,0,0,1,200,200,200,17,200,0,28,200
1,200,30,0,0,0,3,14,1,1,0,0,0,1,200,200,200,17,200,1,63,200