PERSON_TYPE,CRASH_DATE_EST_I,POSTED_SPEED_LIMIT,TRAFFIC_CONTROL_DEVICE,DEVICE_CONDITION,WEATHER_CONDITION,LIGHTING_CONDITION,FIRST_CRASH_TYPE,TRAFFICWAY_TYPE,LANE_CNT,ALIGNMENT,ROADWAY_SURFACE_COND,ROAD_DEFECT,CRASH_TYPE,INTERSECTION_RELATED_I,NOT_RIGHT_OF_WAY_I,HIT_AND_RUN_I,PRIM_CONTRIBUTORY_CAUSE,SEC_CONTRIBUTORY_CAUSE,SEX,AGE,BAC_RESULT VALUE
1,200,30,0,0,0,3,14,1,1,0,0,0,1,200,200,200,17,200,1,33,200
0,200,30,1,2,2,3,14,5,4,0,1,0,1,1,200,200,34,17,1,20,200
0,200,30,1,2,2,3,14,5,4,0,1,0,1,1,200,200,34,17,1,36,200
1,200,30,1,2,2,3,14,5,4,0,1,0,1,1,200,200,34,17,1,26,200
1,200,30,1,2,2,3,14,5,4,0,1,0,1,1,200,200,34,17,1,17,200
1,200,30,1,2,2,3,14,5,4,0,1,0,1,1,200,200,34,17,1,10,200
0,200,35,1,2,2,3,12,3,4,0,1,0,1,200,200,1,0,0,0,23,200
0,200,35,1,2,2,3,12,3,4,0,1,0,1,200,200,1,0,0,1,41,200
1,200,35,1,2,2,3,12,3,4,0,1,0,1,200,200,1,0,0,0,200,200
0,200,45,0,0,0,3,2,3,200,0,0,0,1,200,200,0,16,200,0,63,200
0,200,30,1,2,0,3,10,5,200,0,0,0,0,200,200,200,200,200,1,26,200
0,200,30,1,2,0,3,10,5,200,0,0,0,0,200,200,200,200,200,0,40,200
0,200,30,1,2,0,3,10,2,1,0,0,200,1,1,200,200,200,200,0,56,200
0,200,30,1,2,0,3,10,2,1,0,0,200,1,1,200,200,200,200,0,42,200
0,200,30,0,0,0,3,7,5,4,0,0,0,1,200,200,200,14,22,0,19,200
0,200,30,0,0,0,3,7,5,4,0,0,0,1,200,200,200,14,22,1,59,200
0,200,30,0,0,0,3,7,5,4,0,0,0,1,200,200,200,14,22,0,24,200
1,200,30,0,0,0,3,7,5,4,0,0,0,1,200,200,200,14,22,1,24,200
0,200,30,0,0,0,3,10,5,2,0,0,0,0,200,200,1,16,0,1,200,200
0,200,30,0,0,0,3,10,5,2,0,0,0,0,200,200,1,16,0,1,26,200
1,200,30,0,0,0,3,10,5,2,0,0,0,0,200,200,1,16,0,1,26,200
0,200,30,0,0,2,3,7,6,1,0,1,0,1,200,200,200,32,0,1,31,200
1,200,30,0,0,2,3,7,6,1,0,1,0,1,200,200,200,32,0,0,200,200
1,200,30,0,0,2,3,7,6,1,0,1,0,1,200,200,200,32,0,0,200,200
0,200,30,1,2,2,3,12,6,2,0,1,0,0,200,200,1,21,200,1,200,200
0,200,30,1,2,2,3,12,6,2,0,1,0,0,200,200,1,21,200,0,67,200
0,200,30,0,0,2,3,7,5,4,0,1,0,0,200,200,200,1,200,1,52,200
5,200,30,1,2,2,3,4,5,2,0,1,12,1,1,200,1,8,34,0,61,200
0,200,30,1,2,2,3,4,5,2,0,1,12,1,1,200,1,8,34,1,47,200
0,200,30,1,2,2,3,4,5,2,0,1,12,1,1,200,1,8,34,2,200,200
0,200,30,0,0,12,3,7,2,2,0,1,0,0,200,200,200,18,15,0,28,200
0,200,20,0,200,2,0,10,5,2,0,1,0,0,200,200,1,15,27,0,200,200
0,200,20,0,200,2,0,10,5,2,0,1,0,0,200,200,1,15,27,0,22,200
1,200,20,0,200,2,0,10,5,2,0,1,0,0,200,200,1,15,27,0,21,200
1,200,20,0,200,2,0,10,5,2,0,1,0,0,200,200,1,15,27,0,51,200
0,200,30,1,2,0,3,10,5,4,0,1,0,0,200,200,200,0,0,0,20,200
0,200,30,1,2,0,3,10,5,4,0,1,0,0,200,200,200,0,0,1,27,200
0,200,30,1,2,0,3,10,5,4,0,1,0,0,200,200,200,0,0,0,30,200
0,200,30,0,0,2,3,7,5,1,0,1,0,1,200,200,200,27,200,0,28,200
0,200,30,1,2,0,3,10,2,200,0,1,0,0,200,200,1,0,0,0,200,200
0,200,30,1,2,0,3,10,2,200,0,1,0,0,200,200,1,0,0,0,65,200
1,200,30,1,2,0,3,10,2,200,0,1,0,0,200,200,1,0,0,0,65,200
0,200,25,0,0,0,3,7,6,200,0,0,0,1,200,200,1,0,0,1,200,200
1,200,25,0,0,0,3,7,6,200,0,0,0,1,200,200,1,0,0,2,200,200
0,200,25,0,0,0,0,14,5,200,0,0,0,0,200,200,1,0,0,2,200,200
0,200,25,0,0,0,0,14,5,200,0,0,0,0,200,200,1,0,0,1,26,200
1,200,25,0,0,0,0,14,5,200,0,0,0,0,200,200,1,0,0,1,23,200
1,200,25,0,0,0,0,14,5,200,0,0,0,0,200,200,1,0,0,0,200,200
1,200,25,0,0,0,0,14,5,200,0,0,0,0,200,200,1,0,0,0,200,200
0,200,15,0,0,0,3,12,5,200,0,200,200,1,200,200,1,0,0,0,200,200
0,200,15,0,0,0,3,12,5,200,0,200,200,1,200,200,1,0,0,0,32,200
1,200,15,0,0,0,3,12,5,200,0,200,200,1,200,200,1,0,0,0,200,200
0,200,30,1,2,0,3,2,5,3,0,0,0,1,1,200,0,200,200,0,19,200
1,200,30,1,2,0,3,2,5,3,0,0,0,1,1,200,0,200,200,200,20,200
0,200,30,0,0,0,3,10,8,2,0,1,0,0,200,200,1,18,0,2,200,200
0,200,30,0,0,0,3,10,8,2,0,1,0,0,200,200,1,18,0,0,27,200
0,200,25,0,0,0,3,7,6,200,0,0,0,1,200,200,1,10,200,2,200,200
0,200,40,0,0,2,3,10,3,8,3,1,1,1,200,200,200,0,200,0,33,200
0,200,40,0,0,2,3,10,3,8,3,1,1,1,200,200,200,0,200,0,33,200
1,200,40,0,0,2,3,10,3,8,3,1,1,1,200,200,200,0,200,1,39,200
0,200,30,0,200,0,3,2,5,200,0,0,0,1,200,200,200,32,200,0,30,200
1,200,30,0,200,0,3,2,5,200,0,0,0,1,200,200,200,32,200,1,21,200
0,200,30,2,0,0,0,10,6,1,0,1,0,0,200,200,200,16,0,0,31,200
0,200,30,2,0,0,0,10,6,1,0,1,0,0,200,200,200,16,0,0,38,200
0,200,25,0,200,0,3,2,6,1,0,0,0,0,200,1,200,0,200,1,200,200
0,200,30,0,0,0,3,7,6,1,0,0,0,0,200,200,200,27,0,0,19,200
0,200,30,0,0,1,3,2,5,200,0,1,0,1,200,200,200,0,200,0,34,200
1,200,30,0,0,1,3,2,5,200,0,1,0,1,200,200,200,0,200,1,31,200
0,200,30,1,2,2,1,11,5,2,0,1,0,0,200,200,200,17,17,0,29,200
0,200,30,1,2,2,1,11,5,2,0,1,0,0,200,200,200,17,17,0,60,200
0,200,30,1,2,0,2,0,3,4,0,0,0,0,1,200,200,17,17,0,44,200
0,200,30,1,2,0,2,0,3,4,0,0,0,0,1,200,200,17,17,0,38,200
0,200,30,1,2,0,1,10,5,4,0,0,0,0,200,200,200,18,200,0,26,200
0,200,30,1,2,0,1,10,5,4,0,0,0,0,200,200,200,18,200,0,51,200
0,200,30,0,0,200,200,7,5,2,0,200,0,1,200,200,1,200,200,2,200,200
0,200,20,0,0,0,1,0,6,1,2,0,0,0,1,200,200,16,17,1,32,200
0,200,20,0,0,0,1,0,6,1,2,0,0,0,1,200,200,16,17,0,24,200
0,200,30,1,2,0,1,8,2,4,0,0,0,1,200,200,200,0,0,0,55,200
4,200,30,1,2,0,1,8,2,4,0,0,0,1,200,200,200,0,0,1,200,200
0,200,30,1,2,0,1,7,5,5,0,0,0,1,200,200,200,27,0,1,26,200
1,200,30,1,2,0,1,7,5,5,0,0,0,1,200,200,200,27,0,0,1,200
0,200,30,0,0,0,1,10,5,2,0,0,0,0,200,200,1,0,0,0,200,200
0,200,30,0,0,0,1,10,5,2,0,0,0,0,200,200,1,0,0,0,59,200
0,200,30,1,2,0,1,14,5,4,0,0,0,1,1,200,200,0,0,0,44,200
0,200,30,1,2,0,1,14,5,4,0,0,0,1,1,200,200,0,0,1,39,200
0,200,35,0,0,0,1,2,0,200,0,1,0,0,200,200,200,25,14,0,200,200
0,200,30,0,0,0,1,7,5,4,0,0,0,1,200,200,1,0,0,0,31,200
1,200,30,0,0,0,1,7,5,4,0,0,0,1,200,200,1,0,0,1,23,200
0,200,30,1,2,0,1,12,5,4,0,0,0,0,1,200,200,22,16,0,52,200
0,200,30,1,2,0,1,12,5,4,0,0,0,0,1,200,200,22,16,0,50,200
1,200,30,1,2,0,1,12,5,4,0,0,0,0,1,200,200,22,16,1,20,200
0,200,30,12,12,0,1,2,5,200,0,0,0,1,200,200,200,3,200,0,53,200
0,200,15,0,0,0,1,7,12,200,0,0,0,0,200,200,1,0,0,2,200,200
0,200,30,2,2,0,1,0,5,0,0,0,0,0,1,200,1,16,200,1,200,200
0,200,30,2,2,0,1,0,5,0,0,0,0,0,1,200,1,16,200,1,32,200
0,200,20,2,2,0,1,0,6,2,0,0,0,1,0,200,200,7,0,1,53,200
0,200,20,2,2,0,1,0,6,2,0,0,0,1,0,200,200,7,0,0,27,200
1,200,20,2,2,0,1,0,6,2,0,0,0,1,0,200,200,7,0,1,14,200
0,200,30,0,0,200,200,7,5,2,0,0,0,0,200,200,1,0,0,2,200,200
0,200,30,0,0,0,1,12,5,2,0,0,3,1,200,200,200,22,0,0,25,200
0,200,30,0,0,0,1,12,5,2,0,0,3,1,200,200,200,22,0,0,60,200
0,200,35,2,2,2,1,14,5,4,0,1,0,0,1,200,200,23,33,1,34,200
0,200,35,2,2,2,1,14,5,4,0,1,0,0,1,200,200,23,33,1,65,200
1,200,35,2,2,2,1,14,5,4,0,1,0,0,1,200,200,23,33,1,2,200
1,200,35,2,2,2,1,14,5,4,0,1,0,0,1,200,200,23,33,0,1,200
0,200,30,0,0,0,1,12,2,200,0,0,0,0,200,200,200,0,0,0,55,200
0,200,30,0,0,0,1,12,2,200,0,0,0,0,200,200,200,0,0,0,29,200
1,200,30,0,0,0,1,12,2,200,0,0,0,0,200,200,200,0,0,1,200,200
1,200,30,0,0,0,1,12,2,200,0,0,0,0,200,200,200,0,0,0,200,200
1,200,30,0,0,0,1,12,2,200,0,0,0,0,200,200,200,0,0,1,200,200
1,200,30,0,0,0,1,12,2,200,0,0,0,0,200,200,200,0,0,1,200,200
0,200,30,0,0,2,1,7,6,200,0,1,0,0,1,200,1,23,200,2,200,200
0,200,30,0,0,2,1,10,5,2,0,1,0,0,200,200,200,18,16,0,36,200
0,200,30,0,0,2,1,10,5,2,0,1,0,0,200,200,200,18,16,0,23,200
1,200,30,0,0,2,1,10,5,2,0,1,0,0,200,200,200,18,16,1,34,200
1,200,30,0,0,2,1,10,5,2,0,1,0,0,200,200,200,18,16,1,0,200
1,200,30,0,0,2,1,10,5,2,0,1,0,0,200,200,200,18,16,1,2,200
0,200,30,200,200,0,1,12,200,200,0,0,0,0,200,200,1,22,21,1,200,200
0,200,30,200,200,0,1,12,200,200,0,0,0,0,200,200,1,22,21,1,57,200
0,200,30,2,1,0,1,10,5,200,0,0,0,0,200,200,200,0,0,1,30,200
0,200,30,2,1,0,1,10,5,200,0,0,0,0,200,200,200,0,0,0,49,200
1,200,30,2,1,0,1,10,5,200,0,0,0,0,200,200,200,0,0,1,47,200
0,200,30,1,2,1,3,14,2,5,0,1,0,0,1,200,1,17,0,0,200,200
0,200,30,1,2,1,3,14,2,5,0,1,0,0,1,200,1,17,0,0,29,200
0,200,30,1,2,0,0,0,2,2,0,0,0,0,200,200,1,0,0,2,200,200
0,200,30,1,2,0,0,0,2,2,0,0,0,0,200,200,1,0,0,1,62,200
0,200,35,0,0,2,3,7,6,200,0,1,0,0,200,200,1,0,200,2,200,200
0,200,30,1,2,2,0,10,3,4,0,1,0,0,1,200,200,18,18,0,27,200
0,200,30,1,2,2,0,10,3,4,0,1,0,0,1,200,200,18,18,1,30,200
0,200,15,2,2,0,3,10,7,200,0,0,0,0,200,200,200,18,200,0,29,200
0,200,15,2,2,0,3,10,7,200,0,0,0,0,200,200,200,18,200,0,52,200
4,200,25,0,0,0,1,8,5,2,0,0,0,1,200,200,200,0,200,1,54,200
0,200,35,0,0,0,1,10,12,200,0,0,0,0,200,1,200,0,0,0,63,200
0,200,35,0,0,0,1,10,12,200,0,0,0,0,200,1,200,0,0,1,26,200
0,200,10,0,0,0,3,14,7,200,0,0,0,0,200,200,1,0,0,1,200,200
0,200,10,0,0,0,3,14,7,200,0,0,0,0,200,200,1,0,0,1,43,200
1,200,10,0,0,0,3,14,7,200,0,0,0,0,200,200,1,0,0,0,200,200
0,200,40,0,0,0,1,10,3,2,0,0,0,1,200,200,200,18,18,1,24,200
0,200,40,0,0,0,1,10,3,2,0,0,0,1,200,200,200,18,18,0,64,200
0,200,30,1,200,0,1,0,6,3,0,0,0,1,1,200,200,0,200,0,37,200
0,200,30,1,200,0,1,0,6,3,0,0,0,1,1,200,200,0,200,1,22,200
1,200,30,1,200,0,1,0,6,3,0,0,0,1,1,200,200,0,200,0,200,200
0,200,30,0,0,0,1,7,5,2,0,0,0,0,200,200,200,0,0,0,53,200
0,200,10,0,0,200,1,7,7,200,0,0,0,0,200,200,1,20,200,0,200,200
0,200,35,0,0,0,1,12,5,200,0,0,0,1,200,200,1,25,200,0,200,200
0,200,35,0,0,0,1,12,5,200,0,0,0,1,200,200,1,25,200,1,53,200
0,200,30,1,2,200,3,10,5,4,0,200,200,0,200,200,1,18,18,2,200,200
0,200,30,1,2,200,3,10,5,4,0,200,200,0,200,200,1,18,18,1,65,200
0,200,15,0,0,0,1,7,7,1,0,0,0,0,200,1,1,0,0,1,200,200
0,0,15,0,0,0,0,7,7,2,0,0,0,0,200,200,1,0,0,2,200,200
0,200,30,1,2,0,1,14,5,2,0,0,0,0,1,200,200,23,200,0,60,200
0,200,30,1,2,0,1,14,5,2,0,0,0,0,1,200,200,23,200,0,50,200
0,200,25,0,0,0,1,7,6,1,0,0,0,1,200,200,0,0,0,0,200,200
0,200,30,0,0,0,1,7,3,4,0,0,0,1,200,200,200,27,0,0,64,200
0,200,30,0,0,0,1,10,5,6,0,0,0,0,200,200,200,18,12,0,78,200
0,200,30,0,0,0,1,10,5,6,0,0,0,0,200,200,200,18,12,0,55,200
0,200,0,0,0,200,1,7,7,0,0,0,0,0,200,0,1,0,0,2,200,200
0,200,30,0,0,200,200,9,2,2,0,200,0,0,200,200,200,0,0,2,200,200
5,200,30,0,0,200,200,9,2,2,0,200,0,0,200,200,200,0,0,1,64,200
0,200,30,0,0,0,1,7,5,2,0,0,0,0,200,200,200,25,200,0,60,200
0,200,30,0,0,0,1,12,6,200,0,0,0,0,200,200,200,17,200,0,29,200
0,200,30,0,0,0,1,12,6,200,0,0,0,0,200,200,200,17,200,0,47,200
1,200,30,0,0,0,1,12,6,200,0,0,0,0,200,200,200,17,200,1,23,200
0,200,30,0,0,0,1,10,5,200,0,0,0,1,200,200,200,18,0,0,27,200
0,200,30,0,0,0,1,10,5,200,0,0,0,1,200,200,200,18,0,0,46,200
0,200,30,0,0,0,1,10,5,200,0,0,0,1,200,200,200,18,0,0,200,200
1,200,30,0,0,0,1,10,5,200,0,0,0,1,200,200,200,18,0,1,200,200
1,200,30,0,0,0,1,10,5,200,0,0,0,1,200,200,200,18,0,1,44,200
1,200,30,0,0,0,1,10,5,200,0,0,0,1,200,200,200,18,0,0,5,200
1,200,30,0,0,0,1,10,5,200,0,0,0,1,200,200,200,18,0,1,3,200
0,200,30,0,0,0,1,12,5,2,0,0,0,0,200,200,200,0,0,1,30,200
0,200,30,0,0,0,1,12,5,2,0,0,0,0,200,200,200,0,0,0,22,200
0,200,30,1,2,2,1,14,2,200,0,1,0,1,1,200,200,15,15,0,22,200
0,200,30,1,2,2,1,14,2,200,0,1,0,1,1,200,200,15,15,0,29,200
0,200,30,1,2,2,1,14,2,200,0,1,0,1,1,200,200,15,15,0,23,200
0,200,30,1,2,2,1,10,2,200,0,12,0,0,200,200,200,0,18,1,200,200
0,200,30,1,2,2,1,10,2,200,0,12,0,0,200,200,200,0,18,1,63,200
0,200,35,1,200,0,1,0,12,200,0,0,0,1,1,200,200,0,0,1,61,200
0,200,35,1,200,0,1,0,12,200,0,0,0,1,1,200,200,0,0,1,46,200
1,200,35,1,200,0,1,0,12,200,0,0,0,1,1,200,200,0,0,0,59,200
1,200,35,1,200,0,1,0,12,200,0,0,0,1,1,200,200,0,0,1,8,200
0,1,30,0,0,0,200,7,2,200,0,0,0,0,200,200,200,0,0,2,200,200
0,1,20,0,0,0,1,7,5,1,0,0,0,0,200,200,1,0,0,2,200,200
4,200,30,2,0,0,1,8,5,2,0,0,0,1,1,200,200,5,200,0,69,200
0,200,30,2,0,0,1,8,5,2,0,0,0,1,1,200,200,5,200,1,21,200
1,200,30,2,0,0,1,8,5,2,0,0,0,1,1,200,200,5,200,1,25,200
0,200,25,1,2,0,1,10,2,2,0,0,0,1,1,200,200,18,200,0,67,200
0,200,25,1,2,0,1,10,2,2,0,0,0,1,1,200,200,18,200,1,24,200
0,200,25,1,2,0,1,10,2,2,0,0,0,1,1,200,200,18,200,0,43,200
0,200,30,1,2,0,1,11,5,2,0,0,0,0,1,200,200,11,0,0,70,200
0,200,30,1,2,0,1,11,5,2,0,0,0,0,1,200,200,11,0,0,38,200
0,200,20,0,0,0,1,2,0,200,0,0,0,0,200,1,1,0,200,2,200,200
0,0,15,0,0,2,1,7,6,1,0,1,0,0,200,200,1,0,200,2,200,200
0,200,30,1,2,0,1,10,5,2,0,0,0,0,1,200,200,18,16,1,200,200
0,200,30,1,2,0,1,10,5,2,0,0,0,0,1,200,200,18,16,0,200,200
1,200,30,1,2,0,1,10,5,2,0,0,0,0,1,200,200,18,16,1,200,200
0,200,30,0,0,0,1,7,2,4,0,0,0,0,200,200,1,25,16,2,200,200
0,1,30,0,0,2,1,7,6,200,0,1,0,0,200,200,1,0,200,2,200,200
0,200,25,1,2,0,1,10,8,200,0,0,12,0,200,200,200,20,20,1,34,200
0,200,25,1,2,0,1,10,8,200,0,0,12,0,200,200,200,20,20,0,39,200
0,200,0,0,0,2,1,14,0,2,0,1,0,0,200,200,200,34,0,0,200,200
0,200,0,0,0,2,1,14,0,2,0,1,0,0,200,200,200,34,0,0,26,200
0,200,30,1,2,1,1,0,5,6,2,0,0,1,1,200,1,6,15,0,200,200
0,200,30,1,2,1,1,0,5,6,2,0,0,1,1,200,1,6,15,1,40,200
1,200,30,1,2,1,1,0,5,6,2,0,0,1,1,200,1,6,15,0,14,200
1,200,30,1,2,1,1,0,5,6,2,0,0,1,1,200,1,6,15,0,9,200
1,200,30,1,2,1,1,0,5,6,2,0,0,1,1,200,1,6,15,1,11,200
1,200,30,1,2,1,1,0,5,6,2,0,0,1,1,200,1,6,15,0,7,200
1,200,30,1,2,1,1,0,5,6,2,0,0,1,1,200,1,6,15,0,200,200
1,200,30,1,2,1,1,0,5,6,2,0,0,1,1,200,1,6,15,0,200,200
0,200,30,0,0,0,1,7,7,2,0,0,0,0,200,200,200,17,200,0,28,200
0,200,30,0,0,0,1,10,5,4,0,0,0,0,200,200,200,18,18,1,26,200
0,200,30,0,0,0,1,10,5,4,0,0,0,0,200,200,200,18,18,0,37,200
1,200,30,0,0,0,1,10,5,4,0,0,0,0,200,200,200,18,18,1,29,200
1,200,30,0,0,0,1,10,5,4,0,0,0,0,200,200,200,18,18,1,12,200
1,200,30,0,0,0,1,10,5,4,0,0,0,0,200,200,200,18,18,1,8,200
1,200,30,0,0,0,1,10,5,4,0,0,0,0,200,200,200,18,18,0,2,200
0,200,10,0,0,2,200,7,7,200,0,200,0,1,200,200,200,0,200,1,200,200
1,200,10,0,0,2,200,7,7,200,0,200,0,1,200,200,200,0,200,0,200,200
1,200,10,0,0,2,200,7,7,200,0,200,0,1,200,200,200,0,200,1,68,200
1,200,10,0,0,2,200,7,7,200,0,200,0,1,200,200,200,0,200,200,200,200
0,200,30,0,0,0,1,14,2,1,0,0,0,1,1,200,200,17,0,1,38,200
0,200,30,0,0,0,1,14,2,1,0,0,0,1,1,200,200,17,0,1,35,200
1,200,30,0,0,0,1,14,2,1,0,0,0,1,1,200,200,17,0,0,39,200
0,200,30,0,0,0,1,10,2,200,0,0,0,0,200,200,200,2,18,0,21,200
0,200,30,0,0,0,1,10,2,200,0,0,0,0,200,200,200,2,18,0,64,200
1,200,30,0,0,0,1,10,2,200,0,0,0,0,200,200,200,2,18,1,58,200
0,200,30,0,0,0,1,7,6,1,0,200,200,0,200,200,1,0,0,0,200,200
0,200,30,0,0,0,0,11,5,200,0,200,200,1,200,200,200,0,0,0,21,200
0,200,30,0,0,0,0,11,5,200,0,200,200,1,200,200,200,0,0,1,46,200
1,200,30,0,0,0,0,11,5,200,0,200,200,1,200,200,200,0,0,1,200,200
0,200,30,0,0,1,1,10,7,0,0,0,0,0,200,1,200,11,200,0,27,200
0,200,30,0,0,1,1,10,7,0,0,0,0,0,200,1,200,11,200,1,71,200
0,200,30,0,0,0,1,12,5,4,0,0,0,0,200,200,1,0,200,2,200,200
0,200,30,0,0,0,1,12,5,4,0,0,0,0,200,200,1,0,200,0,200,200
1,200,30,0,0,0,1,12,5,4,0,0,0,0,200,200,1,0,200,2,200,200
1,200,30,0,0,0,1,12,5,4,0,0,0,0,200,200,1,0,200,1,43,200
1,200,30,0,0,0,1,12,5,4,0,0,0,0,200,200,1,0,200,0,17,200
0,200,30,2,0,2,1,14,5,2,0,1,200,1,1,200,200,17,16,0,19,200
0,200,30,2,0,2,1,14,5,2,0,1,200,1,1,200,200,17,16,1,22,200
1,200,30,2,0,2,1,14,5,2,0,1,200,1,1,200,200,17,16,1,28,200
0,200,30,1,2,0,1,14,3,4,0,0,0,1,1,200,200,17,0,0,22,200
0,200,30,1,2,0,1,14,3,4,0,0,0,1,1,200,200,17,0,1,33,200
0,200,30,0,0,200,1,10,2,2,0,200,0,0,200,200,200,0,0,1,29,200
0,200,30,0,0,200,1,10,2,2,0,200,0,0,200,200,200,0,0,0,54,200
0,200,30,0,0,200,1,10,2,2,0,200,0,0,200,200,200,0,0,0,49,200
0,200,10,0,0,2,1,7,7,1,0,1,0,0,200,200,1,11,0,0,200,200
1,200,10,0,0,2,1,7,7,1,0,1,0,0,200,200,1,11,0,0,16,200
0,200,30,0,0,0,0,7,2,2,0,0,0,0,200,200,1,0,200,2,200,200
0,200,30,4,2,2,1,0,5,2,0,1,200,0,1,200,200,0,0,1,45,200
0,200,30,4,2,2,1,0,5,2,0,1,200,0,1,200,200,0,0,0,34,200
0,200,30,0,0,0,3,7,5,2,0,0,0,0,200,200,1,0,0,2,200,200
0,200,0,0,0,0,0,7,6,200,0,0,0,0,200,200,1,200,200,2,200,200
0,200,30,0,0,0,1,11,5,200,0,1,0,0,200,200,200,0,0,0,61,200
0,200,30,0,0,0,1,11,5,200,0,1,0,0,200,200,200,0,0,0,28,200
0,200,30,1,2,2,1,14,2,2,0,1,0,1,200,200,1,17,200,2,200,200
0,200,30,1,2,2,1,14,2,2,0,1,0,1,200,200,1,17,200,0,24,200
0,200,30,2,1,2,1,10,2,2,0,1,0,1,1,200,200,34,18,0,23,200
0,200,30,2,1,2,1,10,2,2,0,1,0,1,1,200,200,34,18,0,51,200
1,200,30,2,1,2,1,10,2,2,0,1,0,1,1,200,200,34,18,0,200,200
1,200,30,2,1,2,1,10,2,2,0,1,0,1,1,200,200,34,18,1,200,200
1,200,30,2,1,2,1,10,2,2,0,1,0,1,1,200,200,34,18,0,20,200
1,200,30,2,1,2,1,10,2,2,0,1,0,1,1,200,200,34,18,0,8,200
0,200,30,0,0,200,200,7,5,2,0,200,200,0,200,200,1,0,0,2,200,200
0,200,45,0,0,2,1,10,3,8,0,1,200,1,200,200,200,8,8,0,24,200
0,200,45,0,0,2,1,10,3,8,0,1,200,1,200,200,200,8,8,0,26,200
1,200,45,0,0,2,1,10,3,8,0,1,200,1,200,200,200,8,8,0,22,200
1,200,45,0,0,2,1,10,3,8,0,1,200,1,200,200,200,8,8,0,200,200
0,200,30,1,2,0,1,10,2,1,0,0,0,0,200,200,200,0,0,0,200,200
0,200,30,1,2,0,1,10,2,1,0,0,0,0,200,200,200,0,0,1,200,200
0,200,30,1,2,2,3,12,5,2,0,1,0,0,200,200,1,22,200,1,200,200
0,200,30,1,2,2,3,12,5,2,0,1,0,0,200,200,1,22,200,0,23,200
0,200,30,1,2,2,1,0,12,0,0,1,200,1,1,200,200,6,17,0,59,200
0,200,30,1,2,2,1,0,12,0,0,1,200,1,1,200,200,6,17,0,55,200
4,200,30,1,2,1,1,8,12,4,0,0,0,1,1,200,200,200,200,0,48,200
0,200,30,1,2,1,1,8,12,4,0,0,0,1,1,200,200,200,200,1,24,200
0,1,30,0,0,200,200,7,2,2,0,200,0,0,200,200,1,0,200,2,200,200
0,1,30,0,0,0,3,14,5,200,0,0,0,0,200,200,200,18,0,1,28,200
0,1,30,0,0,0,3,14,5,200,0,0,0,0,200,200,200,18,0,0,21,200
0,1,30,2,3,2,1,0,2,6,0,1,0,1,1,200,200,34,16,1,19,200
0,1,30,2,3,2,1,0,2,6,0,1,0,1,1,200,200,34,16,1,19,200
1,1,30,2,3,2,1,0,2,6,0,1,0,1,1,200,200,34,16,1,200,200
1,1,30,2,3,2,1,0,2,6,0,1,0,1,1,200,200,34,16,1,200,200
1,1,30,2,3,2,1,0,2,6,0,1,0,1,1,200,200,34,16,0,200,200
1,1,30,2,3,2,1,0,2,6,0,1,0,1,1,200,200,34,16,0,200,200
1,1,30,2,3,2,1,0,2,6,0,1,0,1,1,200,200,34,16,1,200,200
0,200,30,0,0,0,1,7,5,200,0,0,0,0,200,200,200,0,200,1,31,200
4,200,30,0,0,2,1,8,2,2,0,1,0,1,200,200,200,0,200,1,22,200
1,200,30,0,0,2,1,8,2,2,0,1,0,1,200,200,200,0,200,1,33,200
0,1,30,0,0,1,1,7,6,1,0,0,0,0,200,200,1,0,200,2,200,200
0,200,30,1,2,1,1,10,5,2,0,1,200,0,200,200,200,15,200,0,20,200
0,200,30,1,2,1,1,10,5,2,0,1,200,0,200,200,200,15,200,1,22,200
1,200,30,1,2,1,1,10,5,2,0,1,200,0,200,200,200,15,200,1,20,200
1,200,30,1,2,1,1,10,5,2,0,1,200,0,200,200,200,15,200,1,3,200
1,200,5,12,1,0,1,4,3,16,0,0,0,0,200,200,200,200,200,0,200,200
0,200,30,1,2,2,1,14,5,4,0,1,0,0,1,200,200,6,200,1,57,200
0,200,30,1,2,2,1,14,5,4,0,1,0,0,1,200,200,6,200,0,35,200
1,200,30,1,2,2,1,14,5,4,0,1,0,0,1,200,200,6,200,0,40,200
1,200,30,1,2,2,1,14,5,4,0,1,0,0,1,200,200,6,200,200,200,200
0,200,30,1,2,0,1,0,5,200,0,0,0,0,1,200,200,0,0,1,26,200
0,200,30,1,2,0,1,0,5,200,0,0,0,0,1,200,200,0,0,0,38,200
1,200,30,1,2,0,1,0,5,200,0,0,0,0,1,200,200,0,0,1,31,200
0,200,30,0,0,2,1,2,2,2,0,1,4,0,200,200,200,28,0,0,29,200
0,1,30,4,2,2,1,0,2,2,0,1,0,1,1,200,200,17,16,0,21,200
0,1,30,4,2,2,1,0,2,2,0,1,0,1,1,200,200,17,16,1,52,200
1,1,30,4,2,2,1,0,2,2,0,1,0,1,1,200,200,17,16,0,27,200
1,1,30,4,2,2,1,0,2,2,0,1,0,1,1,200,200,17,16,0,30,200
0,200,30,1,2,0,1,10,3,6,0,0,0,0,200,200,1,25,200,2,200,200
0,200,30,1,2,0,1,10,3,6,0,0,0,0,200,200,1,25,200,0,47,200
0,200,30,1,2,0,1,10,3,6,0,0,0,0,200,200,1,25,200,0,76,200
1,200,30,1,2,0,1,10,3,6,0,0,0,0,200,200,1,25,200,1,0,200
1,200,30,1,2,0,1,10,3,6,0,0,0,0,200,200,1,25,200,1,14,200
0,200,30,1,2,1,1,0,5,4,0,0,0,0,1,200,200,6,200,0,43,200
0,200,30,1,2,1,1,0,5,4,0,0,0,0,1,200,200,6,200,0,21,200
0,200,30,0,0,0,3,7,12,1,0,200,200,0,200,200,1,11,200,2,200,200