PERSON_TYPE,CRASH_DATE_EST_I,POSTED_SPEED_LIMIT,TRAFFIC_CONTROL_DEVICE,DEVICE_CONDITION,WEATHER_CONDITION,LIGHTING_CONDITION,FIRST_CRASH_TYPE,TRAFFICWAY_TYPE,LANE_CNT,ALIGNMENT,ROADWAY_SURFACE_COND,ROAD_DEFECT,CRASH_TYPE,INTERSECTION_RELATED_I,NOT_RIGHT_OF_WAY_I,HIT_AND_RUN_I,PRIM_CONTRIBUTORY_CAUSE,SEC_CONTRIBUTORY_CAUSE,SEX,AGE,BAC_RESULT VALUE
0,200,30,12,12,1,1,14,2,200,0,1,0,0,200,200,200,0,200,1,0,200
0,200,30,12,12,1,1,14,2,200,0,1,0,0,200,200,200,0,200,0,28,200
0,200,45,0,0,0,1,10,3,3,0,0,0,1,200,200,200,16,200,0,62,200
0,200,45,0,0,0,1,10,3,3,0,0,0,1,200,200,200,16,200,1,26,200
1,200,45,0,0,0,1,10,3,3,0,0,0,1,200,200,200,16,200,1,200,200
1,200,45,0,0,0,1,10,3,3,0,0,0,1,200,200,200,16,200,0,200,200
1,200,45,0,0,0,1,10,3,3,0,0,0,1,200,200,200,16,200,0,200,200
1,200,45,0,0,0,1,10,3,3,0,0,0,1,200,200,200,16,200,1,200,200
1,200,45,0,0,0,1,10,3,3,0,0,0,1,200,200,200,16,200,0,200,200
1,200,45,0,0,0,1,10,3,3,0,0,0,1,200,200,200,16,200,1,200,200
1,200,45,0,0,0,1,10,3,3,0,0,0,1,200,200,200,16,200,2,200,200
1,200,45,0,0,0,1,10,3,3,0,0,0,1,200,200,200,16,200,2,200,200
1,200,45,0,0,0,1,10,3,3,0,0,0,1,200,200,200,16,200,0,200,200
1,200,45,0,0,0,1,10,3,3,0,0,0,1,200,200,200,16,200,2,200,200
1,200,45,0,0,0,1,10,3,3,0,0,0,1,200,200,200,16,200,0,200,200
1,200,45,0,0,0,1,10,3,3,0,0,0,1,200,200,200,16,200,2,200,200
1,200,45,0,0,0,1,10,3,3,0,0,0,1,200,200,200,16,200,0,200,200
1,200,45,0,0,0,1,10,3,3,0,0,0,1,200,200,200,16,200,2,200,200
1,200,45,0,0,0,1,10,3,3,0,0,0,1,200,200,200,16,200,0,200,200
1,200,45,0,0,0,1,10,3,3,0,0,0,1,200,200,200,16,200,0,200,200
1,200,45,0,0,0,1,10,3,3,0,0,0,1,200,200,200,16,200,1,200,200
0,200,10,0,0,0,1,7,7,0,0,0,0,0,200,200,200,0,0,1,200,200
0,200,30,0,0,2,1,10,5,4,0,1,200,0,200,200,200,0,0,0,200,200
0,200,30,0,0,2,1,10,5,4,0,1,200,0,200,200,200,0,0,1,35,200
0,200,30,0,0,2,2,14,5,200,0,1,200,0,200,200,200,17,17,0,26,200
0,200,30,0,0,2,2,14,5,200,0,1,200,0,200,200,200,17,17,0,35,200
1,200,30,0,0,2,2,14,5,200,0,1,200,0,200,200,200,17,17,0,11,200
1,200,30,0,0,2,2,14,5,200,0,1,200,0,200,200,200,17,17,0,7,200
0,200,20,0,0,1,1,12,5,200,0,0,200,0,200,200,200,0,0,0,19,200
0,200,20,0,0,1,1,12,5,200,0,0,200,0,200,200,200,0,0,1,37,200
0,200,30,0,0,2,1,10,5,200,0,1,0,0,200,200,200,18,200,1,23,200
0,200,30,0,0,2,1,10,5,200,0,1,0,0,200,200,200,18,200,0,46,200
1,200,30,0,0,2,1,10,5,200,0,1,0,0,200,200,200,18,200,1,200,200
1,200,30,0,0,2,1,10,5,200,0,1,0,0,200,200,200,18,200,1,200,200
0,200,30,1,2,2,1,12,5,2,0,1,200,0,200,200,200,0,0,1,28,200
0,200,30,1,2,2,1,12,5,2,0,1,200,0,200,200,200,0,0,0,28,200
1,200,30,1,2,2,1,12,5,2,0,1,200,0,200,200,200,0,0,0,34,200
1,200,30,1,2,2,1,12,5,2,0,1,200,0,200,200,200,0,0,1,34,200
0,200,30,0,0,2,1,14,5,2,0,1,0,0,200,200,200,17,200,0,62,200
0,200,30,0,0,2,1,14,5,2,0,1,0,0,200,200,200,17,200,1,54,200
0,200,30,0,0,2,1,14,5,2,0,1,0,0,200,200,200,17,200,0,23,200
0,200,15,0,0,1,1,7,7,1,0,0,0,0,200,200,1,11,0,0,200,200
1,200,15,0,0,1,1,7,7,1,0,0,0,0,200,200,1,11,0,0,37,200
0,200,30,0,0,0,4,12,3,200,0,0,0,0,200,200,200,0,0,1,23,200
0,200,30,0,0,0,4,12,3,200,0,0,0,0,200,200,200,0,0,1,58,200
1,200,30,0,0,0,4,12,3,200,0,0,0,0,200,200,200,0,0,1,200,200
0,200,0,0,0,2,1,7,7,0,0,1,200,0,200,1,1,0,0,2,200,200
0,200,30,0,0,2,3,2,5,200,0,1,4,0,200,200,200,34,29,1,41,200
1,200,30,0,0,2,3,2,5,200,0,1,4,0,200,200,200,34,29,0,200,200
0,200,30,1,2,2,1,14,5,2,0,1,0,1,1,200,200,11,0,0,51,200
0,200,30,1,2,2,1,14,5,2,0,1,0,1,1,200,200,11,0,1,23,200
1,200,30,1,2,2,1,14,5,2,0,1,0,1,1,200,200,11,0,1,4,200
0,200,30,1,2,2,1,0,5,4,0,1,0,0,1,200,200,0,0,0,28,200
0,200,30,1,2,2,1,0,5,4,0,1,0,0,1,200,200,0,0,0,49,200
1,200,30,1,2,2,1,0,5,4,0,1,0,0,1,200,200,0,0,1,24,200
1,200,30,1,2,2,1,0,5,4,0,1,0,0,1,200,200,0,0,1,23,200
1,200,30,1,2,2,1,0,5,4,0,1,0,0,1,200,200,0,0,0,200,200
0,200,30,0,0,0,1,10,5,200,0,1,0,1,200,200,200,0,0,0,25,200
0,200,30,0,0,0,1,10,5,200,0,1,0,1,200,200,200,0,0,1,38,200
0,200,30,0,0,0,1,12,5,200,0,0,0,0,200,200,200,17,17,0,30,200
0,200,30,0,0,0,1,12,5,200,0,0,0,0,200,200,200,17,17,0,25,200
0,200,25,0,200,0,1,7,0,1,0,0,0,0,200,200,0,200,200,0,200,200
0,200,30,1,2,1,1,0,6,3,0,0,0,0,1,200,200,6,17,0,48,200
0,200,30,1,2,1,1,0,6,3,0,0,0,0,1,200,200,6,17,1,37,200
0,200,30,1,2,2,4,10,5,4,0,1,0,1,200,200,200,34,200,0,33,200
0,200,30,1,2,2,4,10,5,4,0,1,0,1,200,200,200,34,200,0,41,200
1,200,30,1,2,2,4,10,5,4,0,1,0,1,200,200,200,34,200,1,31,200
1,200,30,1,2,2,4,10,5,4,0,1,0,1,200,200,200,34,200,0,4,200
1,200,30,1,2,2,4,10,5,4,0,1,0,1,200,200,200,34,200,1,2,200
0,1,30,0,0,2,2,7,5,2,0,1,0,1,200,200,200,34,200,1,28,200
0,200,30,0,0,2,4,7,7,200,0,1,0,0,200,200,1,0,200,2,200,200
0,200,25,0,0,2,1,7,6,1,0,1,0,0,200,200,1,0,200,0,200,200
0,200,30,2,2,2,1,10,6,200,0,1,0,0,1,200,1,20,200,0,200,200
0,200,30,2,2,2,1,10,6,200,0,1,0,0,1,200,1,20,200,0,34,200
0,200,30,0,0,0,1,7,5,200,0,0,0,0,200,200,1,0,0,0,200,200
0,200,30,0,0,2,1,7,2,2,0,1,0,0,200,200,200,34,33,0,52,200
0,200,30,0,0,2,1,10,2,2,0,1,0,0,200,200,1,0,0,2,200,200
0,200,30,0,0,2,1,10,2,2,0,1,0,0,200,200,1,0,0,0,26,200
0,200,30,0,0,2,1,10,5,200,0,1,0,0,200,200,200,0,0,0,58,200
0,200,30,0,0,2,1,10,5,200,0,1,0,0,200,200,200,0,0,0,21,200
0,200,30,0,0,2,1,12,6,200,0,1,0,0,200,200,1,17,200,0,200,200
0,200,30,0,0,2,1,12,6,200,0,1,0,0,200,200,1,17,200,0,22,200
1,200,30,0,0,2,1,12,6,200,0,1,0,0,200,200,1,17,200,1,19,200
0,200,30,0,0,2,1,7,5,4,0,1,200,0,200,200,1,0,0,1,200,200
1,200,30,0,0,2,1,7,5,4,0,1,200,0,200,200,1,0,0,1,51,200
0,200,35,1,2,2,1,10,2,4,0,1,0,1,1,200,200,7,16,1,27,200
0,200,35,1,2,2,1,10,2,4,0,1,0,1,1,200,200,7,16,1,65,200
0,200,35,1,2,2,1,10,2,4,0,1,0,1,1,200,200,7,16,1,25,200
0,200,30,0,0,2,1,10,3,4,0,1,0,0,200,200,1,0,0,0,200,200
0,200,30,0,0,2,1,10,3,4,0,1,0,0,200,200,1,0,0,0,68,200
1,200,30,0,0,2,1,10,3,4,0,1,0,0,200,200,1,0,0,1,53,200
1,200,30,0,0,2,1,10,3,4,0,1,0,0,200,200,1,0,0,0,18,200
0,200,30,0,2,2,1,10,5,200,0,1,200,0,200,200,200,18,200,1,50,200
0,200,30,0,2,2,1,10,5,200,0,1,200,0,200,200,200,18,200,0,47,200
0,200,30,0,0,2,1,7,5,200,0,1,200,0,200,200,200,0,0,0,30,200
0,200,25,1,3,2,1,0,2,200,0,1,0,1,1,200,200,16,0,0,28,200
0,200,25,1,3,2,1,0,2,200,0,1,0,1,1,200,200,16,0,1,76,200
0,200,30,2,0,2,1,0,3,4,0,1,0,1,200,200,200,16,12,0,33,200
0,200,30,2,0,2,1,0,3,4,0,1,0,1,200,200,200,16,12,0,17,200
0,200,30,2,0,2,1,0,3,4,0,1,0,1,200,200,200,16,12,1,27,200
0,200,30,1,2,2,1,9,5,2,0,1,0,1,1,200,1,17,200,2,200,200
5,200,30,1,2,2,1,9,5,2,0,1,0,1,1,200,1,17,200,1,77,200
0,200,30,0,0,200,1,7,5,1,0,200,200,0,200,200,1,0,0,2,200,200
0,200,30,0,0,2,1,12,6,1,0,1,0,0,200,200,200,17,200,1,200,200
0,200,30,0,0,2,1,12,6,1,0,1,0,0,200,200,200,17,200,0,200,200
1,200,30,0,0,2,1,12,6,1,0,1,0,0,200,200,200,17,200,1,200,200
1,200,30,0,0,2,1,12,6,1,0,1,0,0,200,200,200,17,200,0,200,200
0,200,35,0,0,2,1,0,5,200,0,1,200,0,1,200,200,17,11,0,16,200
0,200,35,0,0,2,1,0,5,200,0,1,200,0,1,200,200,17,11,0,40,200
1,200,35,0,0,2,1,0,5,200,0,1,200,0,1,200,200,17,11,0,19,200
4,200,30,0,0,2,4,8,6,2,0,1,0,0,1,200,200,16,34,0,22,200
0,200,30,0,0,2,4,8,6,2,0,1,0,0,1,200,200,16,34,1,74,200
1,200,30,0,0,2,4,8,6,2,0,1,0,0,1,200,200,16,34,1,71,200
0,1,30,0,0,2,1,10,5,2,0,1,0,0,200,200,200,17,200,0,38,200
0,1,30,0,0,2,1,10,5,2,0,1,0,0,200,200,200,17,200,0,38,200
1,1,30,0,0,2,1,10,5,2,0,1,0,0,200,200,200,17,200,0,26,200
1,1,30,0,0,2,1,10,5,2,0,1,0,0,200,200,200,17,200,1,1,200
1,1,30,0,0,2,1,10,5,2,0,1,0,0,200,200,200,17,200,0,34,200
1,1,30,0,0,2,1,10,5,2,0,1,0,0,200,200,200,17,200,1,30,200
0,200,30,1,3,2,1,12,5,4,0,1,0,1,200,200,200,16,34,1,27,200
0,200,30,1,3,2,1,12,5,4,0,1,0,1,200,200,200,16,34,0,27,200
1,200,30,1,3,2,1,12,5,4,0,1,0,1,200,200,200,16,34,1,27,200
1,200,30,1,3,2,1,12,5,4,0,1,0,1,200,200,200,16,34,0,1,200
0,200,30,0,0,0,2,10,5,200,0,1,0,0,200,200,200,200,200,0,35,200
0,200,30,0,0,0,2,10,5,200,0,1,0,0,200,200,200,200,200,0,54,200
1,200,30,0,0,0,2,10,5,200,0,1,0,0,200,200,200,200,200,1,200,200
1,200,30,0,0,0,2,10,5,200,0,1,0,0,200,200,200,200,200,1,200,200
1,200,30,0,0,0,2,10,5,200,0,1,0,0,200,200,200,200,200,1,200,200
0,200,25,2,2,1,1,7,6,1,0,1,0,0,1,200,1,10,25,0,200,200
0,200,25,2,2,1,1,7,6,1,0,1,0,0,1,200,1,10,25,1,23,200
1,200,25,2,2,1,1,7,6,1,0,1,0,0,1,200,1,10,25,0,1,200
0,200,35,0,0,2,4,7,5,200,0,1,200,0,200,200,0,0,0,0,72,200
0,200,30,0,0,0,1,12,2,4,0,0,0,0,200,200,200,22,200,0,31,200
0,200,30,0,0,0,1,12,2,4,0,0,0,0,200,200,200,22,200,0,42,200
0,200,30,0,0,0,1,12,2,4,0,0,0,0,200,200,200,22,200,2,200,200
0,1,30,1,2,2,1,14,6,3,0,1,0,1,1,200,200,21,200,0,34,200
0,1,30,1,2,2,1,14,6,3,0,1,0,1,1,200,200,21,200,0,24,200
0,1,30,0,0,0,1,10,5,4,0,1,0,0,200,200,200,18,0,0,27,200
0,1,30,0,0,0,1,10,5,4,0,1,0,0,200,200,200,18,0,0,30,200
0,200,30,0,0,2,1,14,5,200,0,1,0,0,200,200,200,0,0,1,18,200
0,200,30,0,0,2,1,14,5,200,0,1,0,0,200,200,200,0,0,0,60,200
0,200,30,0,0,2,1,4,6,1,0,1,2,0,200,200,200,29,28,1,45,200
0,200,30,2,2,2,1,14,5,200,0,1,0,1,1,200,200,17,200,1,20,200
0,200,30,2,2,2,1,14,5,200,0,1,0,1,1,200,200,17,200,1,27,200
1,200,30,2,2,2,1,14,5,200,0,1,0,1,1,200,200,17,200,1,200,200
1,200,30,2,2,2,1,14,5,200,0,1,0,1,1,200,200,17,200,1,200,200
0,200,30,0,0,0,0,10,5,2,0,0,0,0,200,200,200,18,18,0,200,200
0,200,30,0,0,0,0,10,5,2,0,0,0,0,200,200,200,18,18,0,83,200
1,200,30,0,0,0,0,10,5,2,0,0,0,0,200,200,200,18,18,1,200,200
0,200,30,0,0,2,3,14,2,2,0,1,0,1,200,200,1,22,21,1,33,200
0,200,30,0,0,2,3,14,2,2,0,1,0,1,200,200,1,22,21,0,200,200
0,200,15,0,0,12,200,7,5,2,0,200,0,0,200,200,200,0,200,2,200,200
0,200,30,2,2,2,1,0,5,2,0,1,0,1,0,200,200,17,200,0,44,200
0,200,30,2,2,2,1,0,5,2,0,1,0,1,0,200,200,17,200,1,32,200
0,200,25,1,2,2,3,10,5,4,0,1,0,1,200,200,200,7,7,0,53,200
0,200,25,1,2,2,3,10,5,4,0,1,0,1,200,200,200,7,7,1,55,200
1,200,25,1,2,2,3,10,5,4,0,1,0,1,200,200,200,7,7,1,54,200
0,200,30,0,0,2,4,14,5,2,0,1,2,0,200,200,1,0,200,1,200,200
0,200,30,0,0,2,4,14,5,2,0,1,2,0,200,200,1,0,200,0,25,200
0,200,30,0,0,2,1,14,5,2,0,1,0,0,1,200,200,17,16,0,200,200
0,200,30,0,0,2,1,14,5,2,0,1,0,0,1,200,200,17,16,1,200,200
1,200,30,0,0,2,1,14,5,2,0,1,0,0,1,200,200,17,16,0,200,200
0,200,30,1,2,0,1,12,6,3,0,0,0,0,200,200,200,22,23,1,55,200
0,200,30,1,2,0,1,12,6,3,0,0,0,0,200,200,200,22,23,0,22,200
0,200,30,0,0,2,1,10,5,2,0,1,200,0,200,200,200,34,34,1,33,200
0,200,30,0,0,2,1,10,5,2,0,1,200,0,200,200,200,34,34,0,30,200
1,200,30,0,0,2,1,10,5,2,0,1,200,0,200,200,200,34,34,0,200,200
1,200,30,0,0,2,1,10,5,2,0,1,200,0,200,200,200,34,34,1,200,200
1,200,30,0,0,2,1,10,5,2,0,1,200,0,200,200,200,34,34,1,200,200
1,200,30,0,0,2,1,10,5,2,0,1,200,0,200,200,200,34,34,0,200,200
0,200,5,12,2,2,3,12,3,16,0,1,0,0,200,200,200,34,16,1,50,200
0,200,5,12,2,2,3,12,3,16,0,1,0,0,200,200,200,34,16,0,44,200
1,200,5,12,2,2,3,12,3,16,0,1,0,0,200,200,200,34,16,0,200,200
1,200,5,12,2,2,3,12,3,16,0,1,0,0,200,200,200,34,16,200,200,200
0,200,30,0,0,0,1,0,6,1,0,0,0,0,200,200,1,0,0,0,200,200
0,200,30,0,0,0,1,0,6,1,0,0,0,0,200,200,1,0,0,0,200,200
1,200,30,0,0,0,1,0,6,1,0,0,0,0,200,200,1,0,0,0,0,200
1,200,30,0,0,0,1,0,6,1,0,0,0,0,200,200,1,0,0,0,200,200
0,200,30,0,0,0,4,12,5,200,0,0,0,0,200,200,200,200,200,1,35,200
0,200,30,0,0,0,4,12,5,200,0,0,0,0,200,200,200,200,200,1,51,200
1,200,30,0,0,0,4,12,5,200,0,0,0,0,200,200,200,200,200,0,200,200
1,200,30,0,0,0,4,12,5,200,0,0,0,0,200,200,200,200,200,1,200,200
1,200,30,0,0,0,4,12,5,200,0,0,0,0,200,200,200,200,200,1,200,200
1,200,30,0,0,0,4,12,5,200,0,0,0,0,200,200,200,200,200,0,200,200
0,200,30,0,0,0,1,14,2,4,0,0,0,0,1,200,200,0,200,1,79,200
0,200,30,0,0,0,1,14,2,4,0,0,0,0,1,200,200,0,200,0,200,200
0,200,30,1,3,2,4,0,5,200,0,1,0,1,1,200,200,17,0,1,42,200
0,200,30,1,3,2,4,0,5,200,0,1,0,1,1,200,200,17,0,1,28,200
0,1,30,0,0,2,3,12,2,2,0,1,0,0,1,200,200,12,34,1,27,200
0,1,30,0,0,2,3,12,2,2,0,1,0,0,1,200,200,12,34,0,0,200
1,1,30,0,0,2,3,12,2,2,0,1,0,0,1,200,200,12,34,1,26,200
1,1,30,0,0,2,3,12,2,2,0,1,0,0,1,200,200,12,34,1,200,200
0,200,25,0,0,2,1,2,6,200,0,1,0,0,200,1,1,0,0,2,200,200
0,200,30,0,3,2,2,0,5,200,0,1,0,1,1,200,200,17,3,0,29,200
0,200,30,0,3,2,2,0,5,200,0,1,0,1,1,200,200,17,3,1,39,200
1,200,30,0,3,2,2,0,5,200,0,1,0,1,1,200,200,17,3,0,39,200
0,200,30,0,0,0,3,12,6,2,0,0,0,0,200,200,200,0,0,0,200,200
0,200,30,0,0,0,3,12,6,2,0,0,0,0,200,200,200,0,0,1,200,200
0,200,35,0,0,2,3,7,5,2,0,1,0,0,200,200,200,20,0,0,58,200
0,200,30,1,2,2,0,12,3,200,0,1,0,1,1,200,200,17,200,0,25,200
0,200,30,1,2,2,0,12,3,200,0,1,0,1,1,200,200,17,200,0,25,200
0,200,30,0,0,2,3,7,5,2,0,1,0,1,200,200,200,12,0,0,28,200
1,200,30,0,0,2,3,7,5,2,0,1,0,1,200,200,200,12,0,1,200,200
1,200,30,0,0,2,3,7,5,2,0,1,0,1,200,200,200,12,0,1,200,200
0,200,30,0,0,2,1,12,5,2,0,1,0,0,200,200,1,22,200,0,200,200
0,200,30,0,0,2,1,12,5,2,0,1,0,0,200,200,1,22,200,1,57,200
0,1,30,0,0,2,3,7,2,2,0,1,0,1,200,200,200,34,8,0,25,200
0,200,30,0,0,2,200,7,6,200,0,1,0,0,200,200,200,0,0,2,200,200
0,200,30,2,2,2,3,0,2,2,0,1,0,0,200,200,200,0,0,0,23,200
0,200,30,2,2,2,3,0,2,2,0,1,0,0,200,200,200,0,0,1,40,200
0,200,15,0,0,0,3,7,7,200,0,1,0,0,200,200,1,20,0,1,200,200
0,200,30,1,3,1,3,0,2,2,0,1,0,1,1,200,1,3,17,2,200,200
0,200,30,1,3,1,3,0,2,2,0,1,0,1,1,200,1,3,17,0,52,200
0,200,30,1,2,0,3,14,5,2,0,1,0,1,200,200,200,17,23,1,22,200
0,200,30,1,2,0,3,14,5,2,0,1,0,1,200,200,200,17,23,0,43,200
1,200,30,1,2,0,3,14,5,2,0,1,0,1,200,200,200,17,23,0,0,200
0,200,30,1,3,0,0,0,5,2,0,0,0,1,1,200,200,6,16,0,23,200
0,200,30,1,3,0,0,0,5,2,0,0,0,1,1,200,200,6,16,0,37,200
0,200,30,1,3,0,0,0,5,2,0,0,0,1,1,200,200,6,16,0,53,200
1,200,30,1,3,0,0,0,5,2,0,0,0,1,1,200,200,6,16,1,39,200
1,200,30,1,3,0,0,0,5,2,0,0,0,1,1,200,200,6,16,1,20,200
0,1,30,0,0,1,3,4,5,2,0,0,1,0,200,200,200,28,200,1,31,200
0,200,30,2,2,2,0,14,5,2,0,1,0,0,1,200,200,17,0,0,22,200
0,200,30,2,2,2,0,14,5,2,0,1,0,0,1,200,200,17,0,0,32,200
0,200,30,0,0,0,3,7,5,4,0,0,0,1,200,200,200,0,200,0,24,200
0,200,30,1,2,0,3,10,5,4,0,0,0,0,200,200,1,20,200,2,200,200
0,200,30,1,2,0,3,10,5,4,0,0,0,0,200,200,1,20,200,0,47,200
1,200,30,1,2,0,3,10,5,4,0,0,0,0,200,200,1,20,200,0,41,200
0,200,30,0,0,0,3,7,5,2,0,1,0,1,200,200,200,16,200,0,60,200
0,200,30,1,2,2,3,10,1,200,2,1,200,0,200,200,1,17,200,0,200,200
0,200,30,1,2,2,3,10,1,200,2,1,200,0,200,200,1,17,200,1,18,200
1,200,30,1,2,2,3,10,1,200,2,1,200,0,200,200,1,17,200,0,14,200
0,200,30,1,2,0,3,12,5,200,0,0,0,0,200,200,200,200,200,0,200,200
0,200,30,1,2,0,3,12,5,200,0,0,0,0,200,200,200,200,200,1,30,200
0,1,10,0,0,0,3,7,7,200,0,0,0,0,200,200,1,21,200,0,200,200
0,200,30,0,0,2,3,10,2,2,0,1,0,0,200,200,200,16,14,0,20,200
0,200,30,0,0,2,3,10,2,2,0,1,0,0,200,200,200,16,14,0,30,200
1,200,30,0,0,2,3,10,2,2,0,1,0,0,200,200,200,16,14,0,20,200
1,200,30,0,0,2,3,10,2,2,0,1,0,0,200,200,200,16,14,0,21,200
1,200,30,0,0,2,3,10,2,2,0,1,0,0,200,200,200,16,14,1,44,200
0,200,9,0,0,0,3,12,2,2,0,1,0,0,200,200,200,7,200,0,23,200
0,200,9,0,0,0,3,12,2,2,0,1,0,0,200,200,200,7,200,1,26,200
0,200,30,0,0,0,3,12,5,200,0,0,0,1,200,200,200,200,200,1,40,200
0,200,30,0,0,0,3,12,5,200,0,0,0,1,200,200,200,200,200,0,31,200
1,200,30,0,0,0,3,12,5,200,0,0,0,1,200,200,200,200,200,1,37,200
1,200,30,0,0,0,3,12,5,200,0,0,0,1,200,200,200,200,200,0,2,200
0,200,30,0,0,0,3,7,5,2,0,1,0,0,200,200,1,0,200,2,200,200
0,200,30,1,2,0,0,12,6,3,0,0,0,1,1,200,200,17,200,0,29,200
0,200,30,1,2,0,0,12,6,3,0,0,0,1,1,200,200,17,200,0,35,200
0,200,30,0,0,0,0,12,7,200,0,1,200,0,200,1,200,16,200,0,44,200
0,200,30,0,0,0,0,12,7,200,0,1,200,0,200,1,200,16,200,1,44,200
0,200,30,0,0,200,1,7,6,200,0,200,0,0,200,200,1,0,0,0,200,200
0,200,30,1,2,0,3,0,5,4,0,0,0,0,1,200,200,6,0,0,28,200
0,200,30,1,2,0,3,0,5,4,0,0,0,0,1,200,200,6,0,0,27,200
0,200,30,1,2,12,3,9,5,2,0,1,0,1,1,200,200,17,200,0,0,200
5,200,30,1,2,12,3,9,5,2,0,1,0,1,1,200,200,17,200,0,40,200
0,200,35,0,0,0,0,14,5,2,0,0,0,0,1,200,1,23,0,2,200,200
0,200,35,0,0,0,0,14,5,2,0,0,0,0,1,200,1,23,0,1,44,200
0,200,30,0,200,2,3,7,7,200,0,1,12,0,200,200,200,200,200,0,37,200
1,200,30,0,200,2,3,7,7,200,0,1,12,0,200,200,200,200,200,0,200,200
1,200,30,0,200,2,3,7,7,200,0,1,12,0,200,200,200,200,200,1,200,200
0,0,30,0,0,0,3,7,5,2,0,1,0,0,200,200,1,21,0,2,200,200
0,200,30,0,2,0,3,7,7,0,0,0,0,0,200,1,200,20,200,0,38,200
1,200,30,0,2,0,3,7,7,0,0,0,0,0,200,1,200,20,200,1,24,200
1,200,30,0,2,0,3,7,7,0,0,0,0,0,200,1,200,20,200,1,25,200
1,200,30,0,2,0,3,7,7,0,0,0,0,0,200,1,200,20,200,1,26,200
1,200,30,0,2,0,3,7,7,0,0,0,0,0,200,1,200,20,200,1,22,200
0,200,30,1,2,0,3,8,5,2,0,0,0,0,1,200,200,0,200,0,29,200
4,200,30,1,2,0,3,8,5,2,0,0,0,0,1,200,200,0,200,0,66,200
0,200,30,1,2,0,3,2,2,2,0,0,0,1,200,1,200,25,16,1,200,200
1,200,30,1,2,0,3,2,2,2,0,0,0,1,200,1,200,25,16,0,200,200
0,200,30,0,0,0,3,12,5,200,0,0,200,0,200,200,1,21,200,2,200,200
0,200,30,0,0,0,3,12,5,200,0,0,200,0,200,200,1,21,200,0,28,200
1,200,30,0,0,0,3,12,5,200,0,0,200,0,200,200,1,21,200,200,200,200
0,200,35,2,2,0,3,0,5,200,0,0,0,1,1,200,200,32,32,0,41,200
0,200,35,2,2,0,3,0,5,200,0,0,0,1,1,200,200,32,32,0,33,200
0,200,5,0,0,0,0,7,6,200,0,0,0,0,200,200,1,0,19,2,200,200
0,200,40,0,0,200,1,10,3,5,0,200,0,0,200,200,1,0,200,2,200,200
0,200,40,0,0,200,1,10,3,5,0,200,0,0,200,200,1,0,200,0,46,200
0,200,25,0,0,0,3,7,5,1,0,0,0,0,200,200,200,22,0,1,50,200
0,200,30,0,0,0,3,7,5,2,0,0,0,1,200,200,200,32,10,1,25,0.22
0,200,20,0,0,0,3,7,6,3,0,0,0,1,200,200,1,0,0,2,200,200
0,200,35,2,2,0,3,0,2,2,0,0,0,1,1,200,200,0,200,0,24,200
0,200,35,2,2,0,3,0,2,2,0,0,0,1,1,200,200,0,200,1,67,200
1,200,35,2,2,0,3,0,2,2,0,0,0,1,1,200,200,0,200,0,200,200
1,200,35,2,2,0,3,0,2,2,0,0,0,1,1,200,200,0,200,0,200,200
1,200,35,2,2,0,3,0,2,2,0,0,0,1,1,200,200,0,200,1,55,200
0,200,25,1,2,0,3,10,5,2,0,0,0,0,1,200,200,0,200,0,58,200
0,200,25,1,2,0,3,10,5,2,0,0,0,0,1,200,200,0,200,1,52,200
0,200,30,0,0,0,3,7,5,2,0,0,0,1,200,200,200,0,200,0,36,200
0,200,25,0,0,0,3,7,5,1,0,0,0,1,200,200,0,32,16,0,34,200
1,200,25,0,0,0,3,7,5,1,0,0,0,1,200,200,0,32,16,1,26,200
1,200,25,0,0,0,3,7,5,1,0,0,0,1,200,200,0,32,16,0,28,200
0,200,30,0,0,0,3,7,5,200,0,0,0,1,200,200,1,0,0,0,200,200
0,200,30,0,0,0,1,2,3,3,0,0,0,1,200,200,200,16,11,0,20,200
0,200,35,0,0,0,0,7,6,200,0,0,200,1,200,200,0,0,0,0,61,200
0,200,30,1,2,0,3,14,2,0,0,0,0,1,1,200,200,17,16,0,30,200
0,200,30,1,2,0,3,14,2,0,0,0,0,1,1,200,200,17,16,0,55,200
1,200,30,1,2,0,3,14,2,0,0,0,0,1,1,200,200,17,16,1,21,200
0,200,20,0,200,200,200,7,6,200,0,200,0,0,200,200,1,0,0,2,200,200
0,200,40,0,0,0,1,10,2,200,0,0,0,1,200,200,200,0,200,0,32,200
0,200,40,0,0,0,1,10,2,200,0,0,0,1,200,200,200,0,200,0,69,200
0,200,30,1,2,0,1,9,2,5,0,0,0,1,1,200,200,33,0,0,86,200
5,200,30,1,2,0,1,9,2,5,0,0,0,1,1,200,200,33,0,0,56,200
0,200,25,2,2,2,1,14,6,1,0,1,0,0,1,200,200,5,5,1,200,200
0,200,25,2,2,2,1,14,6,1,0,1,0,0,1,200,200,5,5,0,22,200
0,200,30,0,0,0,2,12,6,200,0,0,0,0,200,200,200,0,0,0,28,200
0,200,30,0,0,0,2,12,6,200,0,0,0,0,200,200,200,0,0,0,40,200
0,200,30,1,2,0,1,14,5,3,0,0,0,0,200,200,200,23,0,1,37,200
0,200,30,1,2,0,1,14,5,3,0,0,0,0,200,200,200,23,0,0,47,200
0,200,30,0,0,0,0,7,2,2,0,0,0,1,200,200,1,0,0,2,200,200