PERSON_TYPE,CRASH_DATE_EST_I,POSTED_SPEED_LIMIT,TRAFFIC_CONTROL_DEVICE,DEVICE_CONDITION,WEATHER_CONDITION,LIGHTING_CONDITION,FIRST_CRASH_TYPE,TRAFFICWAY_TYPE,LANE_CNT,ALIGNMENT,ROADWAY_SURFACE_COND,ROAD_DEFECT,CRASH_TYPE,INTERSECTION_RELATED_I,NOT_RIGHT_OF_WAY_I,HIT_AND_RUN_I,PRIM_CONTRIBUTORY_CAUSE,SEC_CONTRIBUTORY_CAUSE,SEX,AGE,BAC_RESULT VALUE
0,200,30,0,0,0,1,9,5,3,0,0,0,1,1,200,200,0,200,0,53,200
5,200,30,0,0,0,1,9,5,3,0,0,0,1,1,200,200,0,200,0,24,200
0,1,10,0,0,0,1,0,0,200,0,0,0,0,200,200,200,200,200,0,41,200
0,1,10,0,0,0,1,0,0,200,0,0,0,0,200,200,200,200,200,0,44,200
0,200,0,0,0,0,1,0,7,200,0,0,0,0,200,1,200,20,200,0,48,200
0,200,0,0,0,0,1,0,7,200,0,0,0,0,200,1,200,20,200,1,68,200
0,200,35,1,2,0,1,10,5,4,0,0,0,0,200,200,200,16,16,0,50,200
0,200,35,1,2,0,1,10,5,4,0,0,0,0,200,200,200,16,16,1,21,200
1,200,35,1,2,0,1,10,5,4,0,0,0,0,200,200,200,16,16,1,41,200
1,200,35,1,2,0,1,10,5,4,0,0,0,0,200,200,200,16,16,1,9,200
1,200,35,1,2,0,1,10,5,4,0,0,0,0,200,200,200,16,16,1,7,200
1,200,35,1,2,0,1,10,5,4,0,0,0,0,200,200,200,16,16,200,200,200
1,200,35,1,2,0,1,10,5,4,0,0,0,0,200,200,200,16,16,0,24,200
0,200,30,2,2,0,1,2,5,2,0,0,0,1,1,200,200,0,200,0,72,200
0,200,30,0,0,0,1,7,5,200,0,0,0,1,200,200,200,8,0,0,54,200
1,200,30,0,0,0,1,7,5,200,0,0,0,1,200,200,200,8,0,0,200,200
0,200,30,0,0,0,1,14,5,2,0,0,0,1,200,200,200,17,200,1,22,200
0,200,30,0,0,0,1,14,5,2,0,0,0,1,200,200,200,17,200,0,62,200
0,200,20,2,2,0,1,10,8,200,5,0,0,0,200,200,1,10,200,0,34,200
0,200,20,2,2,0,1,10,8,200,5,0,0,0,200,200,1,10,200,1,52,200
0,200,30,2,2,0,1,0,2,200,0,0,0,0,1,200,200,17,200,1,56,200
0,200,30,2,2,0,1,0,2,200,0,0,0,0,1,200,200,17,200,0,30,200
0,200,30,0,0,0,1,7,5,2,0,0,0,0,200,200,1,0,200,2,200,200
0,200,30,0,0,0,1,10,5,200,0,0,0,1,200,200,200,0,0,0,200,200
0,200,30,0,0,0,1,10,5,200,0,0,0,1,200,200,200,0,0,1,200,200
0,200,30,0,0,0,1,10,5,200,0,0,0,1,200,200,200,0,0,1,200,200
0,200,30,1,2,0,1,12,6,3,0,0,0,0,1,200,1,22,16,2,200,200
0,200,30,1,2,0,1,12,6,3,0,0,0,0,1,200,1,22,16,0,58,200
0,1,30,0,0,200,200,7,6,200,0,200,0,0,200,200,1,0,0,2,200,200
0,200,30,1,2,0,1,10,5,2,0,0,0,0,1,200,200,18,18,1,24,200
0,200,30,1,2,0,1,10,5,2,0,0,0,0,1,200,200,18,18,0,48,200
0,200,40,1,1,0,1,10,3,4,0,0,0,0,200,200,200,18,200,0,33,200
0,200,40,1,1,0,1,10,3,4,0,0,0,0,200,200,200,18,200,0,37,200
1,200,40,1,1,0,1,10,3,4,0,0,0,0,200,200,200,18,200,0,200,200
0,200,30,1,2,0,1,14,2,4,0,0,0,0,1,200,200,23,200,1,55,200
0,200,30,1,2,0,1,14,2,4,0,0,0,0,1,200,200,23,200,0,25,200
0,200,30,1,2,0,1,14,2,4,0,0,0,1,1,200,200,0,0,1,39,200
0,200,30,1,2,0,1,14,2,4,0,0,0,1,1,200,200,0,0,1,28,200
0,200,35,0,0,2,1,10,5,4,0,1,0,0,200,200,200,34,34,0,200,200
0,200,35,0,0,2,1,10,5,4,0,1,0,0,200,200,200,34,34,0,52,200
0,200,30,0,0,0,1,7,5,200,0,0,0,0,200,200,200,200,200,0,0,200
0,200,30,1,2,0,1,14,5,2,0,0,0,1,1,200,200,18,0,1,49,200
0,200,30,1,2,0,1,14,5,2,0,0,0,1,1,200,200,18,0,0,28,200
1,200,30,1,2,0,1,14,5,2,0,0,0,1,1,200,200,18,0,0,27,200
0,200,25,0,0,0,1,7,5,200,0,0,0,0,200,200,200,11,200,1,29,200
0,200,15,200,200,0,1,2,6,1,0,1,200,1,200,200,200,0,200,1,22,200
0,200,30,0,0,0,1,10,2,200,0,0,0,0,200,200,200,18,200,1,54,200
0,200,30,0,0,0,1,10,2,200,0,0,0,0,200,200,200,18,200,0,32,200
0,200,30,0,0,0,1,10,2,200,0,0,0,0,200,200,200,18,200,2,200,200
1,200,30,0,0,0,1,10,2,200,0,0,0,0,200,200,200,18,200,1,38,200
0,200,30,1,2,0,1,8,5,2,0,0,0,1,200,200,200,3,200,0,30,200
4,200,30,1,2,0,1,8,5,2,0,0,0,1,200,200,200,3,200,0,48,200
0,200,30,0,0,0,1,14,2,200,0,0,0,1,200,200,200,23,11,1,20,200
0,200,30,0,0,0,1,14,2,200,0,0,0,1,200,200,200,23,11,0,17,200
0,200,30,0,0,0,1,14,2,200,0,0,0,1,200,200,200,23,11,0,60,200
1,200,30,0,0,0,1,14,2,200,0,0,0,1,200,200,200,23,11,0,15,200
0,200,30,2,12,0,1,14,12,200,0,0,0,1,1,200,200,23,200,1,43,200
0,200,30,2,12,0,1,14,12,200,0,0,0,1,1,200,200,23,200,1,29,200
0,1,30,0,0,0,4,7,5,2,0,0,0,0,200,200,1,0,0,2,200,200
0,1,30,2,200,0,1,10,5,1,0,200,200,0,1,200,1,16,0,0,200,200
0,1,30,2,200,0,1,10,5,1,0,200,200,0,1,200,1,16,0,1,32,200
4,200,20,0,0,0,1,8,6,200,0,0,0,1,200,200,200,10,200,0,18,200
0,200,20,0,0,0,1,8,6,200,0,0,0,1,200,200,200,10,200,1,39,200
0,200,30,0,0,0,2,10,7,2,0,0,0,0,200,200,200,17,17,0,200,200
0,200,30,0,0,0,2,10,7,2,0,0,0,0,200,200,200,17,17,1,49,200
0,200,20,2,0,0,1,8,5,2,0,0,0,0,1,200,1,16,0,2,200,200
4,200,20,2,0,0,1,8,5,2,0,0,0,0,1,200,1,16,0,0,30,200
0,200,30,2,2,0,1,0,5,2,0,0,0,1,1,200,200,0,0,1,51,200
0,200,30,2,2,0,1,0,5,2,0,0,0,1,1,200,200,0,0,1,69,200
0,200,45,200,200,0,1,12,3,200,0,0,200,0,200,200,200,22,0,1,200,200
0,200,45,200,200,0,1,12,3,200,0,0,200,0,200,200,200,22,0,1,55,200
0,200,30,0,0,0,3,7,5,2,0,0,0,0,200,200,1,0,0,2,200,200
0,200,30,2,2,0,1,2,2,2,0,0,0,1,1,200,200,18,25,0,27,200
0,200,30,1,0,0,1,10,2,200,0,0,0,1,200,200,1,18,200,1,200,200
0,200,30,1,0,0,1,10,2,200,0,0,0,1,200,200,1,18,200,1,43,200
0,200,25,0,0,0,1,12,5,200,0,0,0,0,200,200,200,22,22,0,38,200
0,200,25,0,0,0,1,12,5,200,0,0,0,0,200,200,200,22,22,0,51,200
0,200,30,2,2,0,1,9,6,1,0,0,0,1,1,200,200,17,16,1,53,200
5,200,30,2,2,0,1,9,6,1,0,0,0,1,1,200,200,17,16,0,59,200
0,200,30,0,0,0,1,12,5,2,3,0,0,0,200,200,1,22,0,0,200,200
0,200,30,0,0,0,1,12,5,2,3,0,0,0,200,200,1,22,0,1,53,200
1,200,30,0,0,0,1,12,5,2,3,0,0,0,200,200,1,22,0,1,200,200
0,200,20,0,0,0,1,0,5,200,0,0,0,0,200,200,1,0,0,2,200,200
0,200,20,0,0,0,1,0,5,200,0,0,0,0,200,200,1,0,0,1,67,200
0,200,30,0,0,0,1,2,5,200,0,0,0,0,200,200,200,20,200,0,28,200
0,200,30,1,2,0,1,10,2,3,0,0,0,0,200,200,200,18,22,0,18,200
0,200,30,1,2,0,1,10,2,3,0,0,0,0,200,200,200,18,22,0,38,200
0,200,10,0,0,0,1,10,7,200,0,0,0,0,200,1,200,200,200,0,76,200
0,200,10,0,0,0,1,10,7,200,0,0,0,0,200,1,200,200,200,0,44,200
0,200,35,0,0,0,1,11,5,200,0,0,0,0,200,200,200,0,0,0,37,200
0,200,35,0,0,0,1,11,5,200,0,0,0,0,200,200,200,0,0,0,37,200
1,200,35,0,0,0,1,11,5,200,0,0,0,0,200,200,200,0,0,1,62,200
1,200,35,0,0,0,1,11,5,200,0,0,0,0,200,200,200,0,0,1,37,200
1,200,35,0,0,0,1,11,5,200,0,0,0,0,200,200,200,0,0,0,1,200
0,200,30,1,2,0,1,10,5,2,0,0,0,0,200,200,200,18,200,1,200,200
0,200,30,1,2,0,1,10,5,2,0,0,0,0,200,200,200,18,200,1,28,200
0,200,30,0,0,0,1,0,5,4,0,0,0,0,200,200,200,17,0,0,47,200
0,200,30,0,0,0,1,0,5,4,0,0,0,0,200,200,200,17,0,1,70,200
0,200,30,0,0,0,1,0,5,2,0,0,0,0,200,200,200,20,200,0,62,200
0,200,30,0,0,0,1,0,5,2,0,0,0,0,200,200,200,20,200,0,39,200
0,200,30,0,0,0,1,12,5,4,0,0,0,0,200,200,200,21,16,0,53,200
0,200,30,0,0,0,1,12,5,4,0,0,0,0,200,200,200,21,16,0,62,200
0,200,25,0,0,0,1,7,6,200,0,0,0,0,200,200,1,0,0,2,200,200
0,200,30,0,0,0,1,10,5,200,0,0,0,0,200,200,200,200,200,0,28,200
0,200,30,0,0,0,1,10,5,200,0,0,0,0,200,200,200,200,200,0,51,200
0,200,30,0,0,0,1,12,5,200,0,0,0,0,200,200,200,0,0,0,53,200
0,200,30,0,0,0,1,12,5,200,0,0,0,0,200,200,200,0,0,1,34,200
0,200,20,0,0,0,1,7,5,200,0,0,0,0,200,200,1,17,200,0,200,200
1,200,20,0,0,0,1,7,5,200,0,0,0,0,200,200,1,17,200,1,200,200
0,200,30,0,0,0,1,7,6,1,0,0,0,0,200,200,1,0,0,2,200,200
0,200,30,1,2,0,1,14,3,4,0,0,0,1,1,200,200,0,200,1,22,200
0,200,30,1,2,0,1,14,3,4,0,0,0,1,1,200,200,0,200,0,34,200
0,200,25,1,2,0,1,10,6,200,0,0,0,0,1,200,200,20,20,0,35,200
0,200,25,1,2,0,1,10,6,200,0,0,0,0,1,200,200,20,20,0,33,200
0,200,15,0,0,0,1,7,0,1,0,0,0,0,200,1,1,0,0,2,200,200
0,200,15,0,0,0,1,10,7,200,0,0,0,0,200,200,1,18,0,1,200,200
0,200,15,0,0,0,1,10,7,200,0,0,0,0,200,200,1,18,0,1,30,200
1,200,15,0,0,0,1,10,7,200,0,0,0,0,200,200,1,18,0,1,0,200
0,200,30,0,0,0,1,10,5,2,0,0,0,1,200,200,200,16,18,0,61,200
0,200,30,0,0,0,1,10,5,2,0,0,0,1,200,200,200,16,18,0,36,200
1,200,30,0,0,0,1,10,5,2,0,0,0,1,200,200,200,16,18,0,30,200
0,200,30,0,0,0,1,10,5,2,0,0,0,1,200,200,200,0,0,1,28,200
0,200,30,0,0,0,1,10,5,2,0,0,0,1,200,200,200,0,0,0,28,200
0,200,30,1,2,0,1,10,3,200,0,0,200,0,200,200,200,0,200,0,38,200
0,200,30,1,2,0,1,10,3,200,0,0,200,0,200,200,200,0,200,0,49,200
0,200,20,2,2,0,1,0,5,0,0,0,0,1,1,200,200,5,200,1,45,200
0,200,20,2,2,0,1,0,5,0,0,0,0,1,1,200,200,5,200,1,42,200
0,1,30,0,0,200,200,7,5,2,0,200,0,0,200,200,1,0,0,2,200,200
0,200,30,0,0,0,1,14,2,200,0,0,0,0,200,200,200,0,0,0,56,200
0,200,30,0,0,0,1,14,2,200,0,0,0,0,200,200,200,0,0,0,33,200
0,200,30,0,0,0,1,14,5,200,0,0,0,0,200,200,200,0,200,0,35,200
0,200,30,0,0,0,1,14,5,200,0,0,0,0,200,200,200,0,200,1,51,200
1,200,30,0,0,0,1,14,5,200,0,0,0,0,200,200,200,0,200,1,200,200
0,200,20,0,0,0,1,0,7,2,0,0,0,0,200,200,200,17,20,1,46,200
0,200,20,0,0,0,1,0,7,2,0,0,0,0,200,200,200,17,20,1,57,200
0,200,30,1,2,0,1,0,5,2,0,0,0,0,1,200,200,6,17,1,30,200
0,200,30,1,2,0,1,0,5,2,0,0,0,0,1,200,200,6,17,0,60,200
0,1,30,1,2,0,1,10,3,200,0,0,0,0,1,200,200,0,0,0,35,200
0,1,30,1,2,0,1,10,3,200,0,0,0,0,1,200,200,0,0,1,54,200
0,1,30,0,0,2,3,7,6,1,0,1,0,0,200,200,1,0,0,2,200,200
0,200,30,1,2,0,1,10,8,200,0,0,0,1,200,200,200,18,12,1,21,200
0,200,30,1,2,0,1,10,8,200,0,0,0,1,200,200,200,18,12,1,30,200
0,200,30,0,0,0,1,0,5,200,0,0,0,0,200,200,200,0,0,0,41,200
0,200,30,0,0,0,1,0,5,200,0,0,0,0,200,200,200,0,0,1,57,200
0,200,30,0,0,0,1,2,12,200,2,0,0,0,200,1,200,0,0,1,200,200
0,200,10,1,2,0,1,10,5,200,0,0,0,0,1,200,200,18,18,1,58,200
0,200,10,1,2,0,1,10,5,200,0,0,0,0,1,200,200,18,18,0,37,200
1,200,10,1,2,0,1,10,5,200,0,0,0,0,1,200,200,18,18,2,16,200
1,200,10,1,2,0,1,10,5,200,0,0,0,0,1,200,200,18,18,1,9,200
0,200,30,0,0,0,1,8,2,2,0,0,0,0,200,200,1,21,21,2,200,200
4,200,30,0,0,0,1,8,2,2,0,0,0,0,200,200,1,21,21,1,31,200
0,200,30,0,0,0,1,2,6,200,0,0,0,0,200,200,200,200,200,0,44,200
0,200,20,0,0,0,1,9,5,2,0,0,0,1,200,200,1,0,0,2,200,200
5,200,20,0,0,0,1,9,5,2,0,0,0,1,200,200,1,0,0,0,53,200
0,200,0,1,2,0,1,10,5,2,0,0,0,0,200,200,200,18,0,1,25,200
0,200,0,1,2,0,1,10,5,2,0,0,0,0,200,200,200,18,0,0,38,200
1,200,0,1,2,0,1,10,5,2,0,0,0,0,200,200,200,18,0,0,200,200
0,200,30,1,2,0,1,10,5,4,0,0,0,0,200,200,200,18,200,1,200,200
0,200,30,1,2,0,1,10,5,4,0,0,0,0,200,200,200,18,200,0,36,200
0,200,15,0,0,0,1,7,7,200,0,0,0,0,200,200,200,0,200,0,68,200
0,1,30,0,0,200,200,7,5,1,0,200,0,0,200,200,1,0,0,2,200,200
0,200,30,0,0,0,1,0,2,4,0,0,0,0,200,200,200,0,0,0,0,200
0,200,30,0,0,0,1,0,2,4,0,0,0,0,200,200,200,0,0,0,49,200
0,200,30,0,0,0,1,12,5,200,0,0,0,0,200,200,200,21,200,0,40,200
0,200,30,0,0,0,1,12,5,200,0,0,0,0,200,200,200,21,200,1,54,200
0,200,30,12,2,0,1,12,2,4,0,0,0,0,200,200,200,22,16,1,39,200
0,200,30,12,2,0,1,12,2,4,0,0,0,0,200,200,200,22,16,0,39,200
0,200,30,1,2,0,1,10,2,2,0,0,0,0,200,200,200,18,0,0,200,200
0,200,30,1,2,0,1,10,2,2,0,0,0,0,200,200,200,18,0,1,26,200
0,200,5,0,0,0,1,2,4,200,0,0,0,0,200,200,200,0,200,0,24,200
1,200,5,0,0,0,1,2,4,200,0,0,0,0,200,200,200,0,200,0,23,200
0,200,30,1,2,0,1,10,3,4,0,0,200,0,1,200,1,0,0,0,200,200
0,200,30,1,2,0,1,10,3,4,0,0,200,0,1,200,1,0,0,1,34,200
0,1,25,0,0,200,200,7,6,200,0,200,0,0,200,200,1,0,0,2,200,200
0,200,25,0,0,0,1,7,5,200,0,0,0,1,200,200,200,22,200,0,50,200
0,200,30,2,2,0,1,12,5,2,0,0,0,0,200,200,200,17,200,1,57,200
0,200,30,2,2,0,1,12,5,2,0,0,0,0,200,200,200,17,200,0,40,200
1,200,30,2,2,0,1,12,5,2,0,0,0,0,200,200,200,17,200,0,200,200
1,200,30,2,2,0,1,12,5,2,0,0,0,0,200,200,200,17,200,1,200,200
1,200,30,2,2,0,1,12,5,2,0,0,0,0,200,200,200,17,200,0,62,200
0,1,30,2,0,200,200,7,6,1,0,200,0,0,200,200,1,200,200,2,200,200
0,200,30,1,2,200,1,0,5,200,0,200,0,0,1,200,200,17,200,1,44,200
0,200,30,1,2,200,1,0,5,200,0,200,0,0,1,200,200,17,200,1,65,200
1,200,30,1,2,200,1,0,5,200,0,200,0,0,1,200,200,17,200,1,200,200
0,200,30,7,12,0,1,5,3,2,0,0,0,1,0,200,200,17,200,0,33,200
5,200,30,7,12,0,1,5,3,2,0,0,0,1,0,200,200,17,200,0,41,200
0,200,30,1,2,0,1,10,2,4,0,0,0,0,200,200,200,20,200,0,72,200
0,200,30,1,2,0,1,10,2,4,0,0,0,0,200,200,200,20,200,1,38,200
1,200,30,1,2,0,1,10,2,4,0,0,0,0,200,200,200,20,200,1,72,200
0,200,30,0,0,0,1,2,6,2,0,0,0,1,200,200,200,11,11,0,23,200
0,200,30,1,2,0,1,9,5,2,0,0,0,1,1,200,200,33,0,0,29,200
5,200,30,1,2,0,1,9,5,2,0,0,0,1,1,200,200,33,0,1,20,200
0,200,15,0,0,0,1,7,6,1,0,0,0,0,200,200,200,0,0,1,43,200
0,200,30,0,0,0,3,2,5,1,0,0,1,1,200,200,200,0,0,1,35,200
0,200,30,1,2,0,1,14,1,2,0,0,0,0,1,200,200,200,200,0,69,200
0,200,30,1,2,0,1,14,1,2,0,0,0,0,1,200,200,200,200,0,37,200
0,200,30,0,0,0,1,7,6,1,0,0,0,0,200,200,200,17,16,0,82,200
0,200,30,0,0,0,1,7,7,200,0,0,0,0,200,200,1,200,200,2,200,200
0,200,30,1,2,0,4,10,3,200,0,0,0,0,200,200,200,18,200,1,78,200
0,200,30,1,2,0,4,10,3,200,0,0,0,0,200,200,200,18,200,0,54,200
0,200,30,1,2,0,1,0,5,4,0,0,0,1,1,200,200,6,0,0,27,200
0,200,30,1,2,0,1,0,5,4,0,0,0,1,1,200,200,6,0,0,81,200
1,200,30,1,2,0,1,0,5,4,0,0,0,1,1,200,200,6,0,1,81,200
0,1,20,0,0,200,200,7,5,200,0,200,0,0,200,200,1,0,0,2,200,200
0,200,30,0,0,0,1,10,2,200,0,0,0,0,200,200,200,0,200,0,33,200
0,200,30,0,0,0,1,10,2,200,0,0,0,0,200,200,200,0,200,0,58,200
0,200,30,12,0,0,1,10,12,200,0,200,200,0,200,1,200,0,0,0,200,200
0,200,30,12,0,0,1,10,12,200,0,200,200,0,200,1,200,0,0,1,65,200
1,200,30,12,0,0,1,10,12,200,0,200,200,0,200,1,200,0,0,1,34,200
1,200,30,12,0,0,1,10,12,200,0,200,200,0,200,1,200,0,0,0,0,200
0,200,30,0,0,0,1,10,5,200,0,1,0,0,200,200,200,18,0,0,29,200
0,200,30,0,0,0,1,10,5,200,0,1,0,0,200,200,200,18,0,0,200,200
1,200,30,0,0,0,1,10,5,200,0,1,0,0,200,200,200,18,0,0,5,200
0,200,30,1,2,0,1,14,2,200,0,0,0,0,200,200,200,23,200,0,66,200
0,200,30,1,2,0,1,14,2,200,0,0,0,0,200,200,200,23,200,0,27,200
0,200,30,200,200,0,1,14,5,200,0,0,200,0,200,200,200,0,0,0,27,200
0,200,30,200,200,0,1,14,5,200,0,0,200,0,200,200,200,0,0,0,200,200
0,200,30,1,1,0,1,8,5,4,0,0,0,1,200,200,200,17,35,2,200,200
4,200,30,1,1,0,1,8,5,4,0,0,0,1,200,200,200,17,35,0,28,200
0,200,30,1,3,0,1,0,5,200,0,0,0,1,1,200,200,16,200,0,25,200
0,200,30,1,3,0,1,0,5,200,0,0,0,1,1,200,200,16,200,0,20,200
0,200,30,200,200,0,1,10,5,200,2,200,200,0,200,200,200,0,0,1,68,200
0,200,30,200,200,0,1,10,5,200,2,200,200,0,200,200,200,0,0,0,47,200
0,200,15,0,0,0,1,2,0,1,0,2,12,0,200,1,200,0,200,1,72,200
0,200,30,1,2,0,1,14,2,4,0,2,3,1,200,200,1,23,0,2,200,200
0,200,30,1,2,0,1,14,2,4,0,2,3,1,200,200,1,23,0,0,53,200
0,200,30,1,2,0,1,12,2,200,0,0,0,1,1,200,200,21,200,0,58,200
0,200,30,1,2,0,1,12,2,200,0,0,0,1,1,200,200,21,200,1,29,200
0,200,30,2,2,0,1,14,5,2,2,0,0,1,1,200,200,17,200,0,59,200
0,200,30,2,2,0,1,14,5,2,2,0,0,1,1,200,200,17,200,1,23,200
0,200,25,0,0,0,1,12,2,200,0,0,0,1,1,200,1,19,27,0,62,200
0,200,25,0,0,0,1,12,2,200,0,0,0,1,1,200,1,19,27,0,200,200
0,200,20,2,2,0,1,14,6,200,0,0,0,0,200,200,200,22,200,1,24,200
0,200,20,2,2,0,1,14,6,200,0,0,0,0,200,200,200,22,200,0,53,200
1,200,20,2,2,0,1,14,6,200,0,0,0,0,200,200,200,22,200,0,23,200
0,200,25,2,12,0,1,0,5,2,0,0,200,1,1,200,200,0,0,0,24,200
0,200,25,2,12,0,1,0,5,2,0,0,200,1,1,200,200,0,0,1,61,200
0,200,30,1,2,0,1,10,3,2,0,0,0,0,200,200,200,18,16,0,59,200
0,200,30,1,2,0,1,10,3,2,0,0,0,0,200,200,200,18,16,1,77,200
0,200,30,1,2,0,1,10,5,2,0,0,0,0,200,200,1,18,200,1,200,200
0,200,30,1,2,0,1,10,5,2,0,0,0,0,200,200,1,18,200,0,35,200
0,200,25,1,2,0,1,14,5,2,0,0,0,1,200,200,200,21,200,1,48,200
0,200,25,1,2,0,1,14,5,2,0,0,0,1,200,200,200,21,200,0,40,200
1,200,25,1,2,0,1,14,5,2,0,0,0,1,200,200,200,21,200,0,200,200
0,200,30,0,0,0,1,0,5,2,0,0,0,0,200,200,200,20,200,0,40,200
0,200,30,0,0,0,1,0,5,2,0,0,0,0,200,200,200,20,200,0,53,200
1,200,30,0,0,0,1,0,5,2,0,0,0,0,200,200,200,20,200,1,3,200
0,200,15,0,0,200,1,11,0,200,0,200,200,0,200,200,200,22,200,1,200,200
0,200,15,0,0,200,1,11,0,200,0,200,200,0,200,200,200,22,200,1,44,200
0,200,30,0,0,0,0,7,6,200,0,0,0,0,200,200,1,0,200,2,200,200
0,200,30,12,2,0,1,12,6,2,0,0,0,0,200,200,200,17,16,0,23,200
0,200,30,12,2,0,1,12,6,2,0,0,0,0,200,200,200,17,16,0,53,200
0,200,30,0,0,0,1,7,6,1,0,0,0,0,200,200,200,33,0,0,27,200
0,200,30,200,200,200,200,0,5,200,0,200,200,0,200,200,200,0,200,1,200,200
0,200,30,200,200,200,200,0,5,200,0,200,200,0,200,200,200,0,200,0,79,200
0,200,30,0,0,0,1,7,2,4,0,0,0,0,200,200,1,0,200,2,200,200
1,200,30,0,0,0,1,7,2,4,0,0,0,0,200,200,1,0,200,0,29,200
0,200,25,0,0,0,1,10,5,200,0,0,0,0,200,200,200,0,0,0,36,200
0,200,25,0,0,0,1,10,5,200,0,0,0,0,200,200,200,0,0,1,74,200
0,200,40,1,2,0,1,7,5,4,0,0,0,0,200,200,200,0,0,1,34,200
0,200,30,1,2,0,1,12,5,3,0,0,0,0,1,200,1,0,200,0,200,200
0,200,30,1,2,0,1,12,5,3,0,0,0,0,1,200,1,0,200,0,58,200
0,200,30,1,2,0,1,0,6,2,0,0,0,1,1,200,200,17,16,1,28,200
0,200,30,1,2,0,1,0,6,2,0,0,0,1,1,200,200,17,16,0,25,200
1,200,30,1,2,0,1,0,6,2,0,0,0,1,1,200,200,17,16,1,26,200
1,200,30,1,2,0,1,0,6,2,0,0,0,1,1,200,200,17,16,0,8,200
1,200,30,1,2,0,1,0,6,2,0,0,0,1,1,200,200,17,16,0,0,200
0,200,30,0,0,0,1,7,7,200,0,0,0,0,200,1,200,200,200,2,200,200
0,200,30,1,2,0,1,10,5,4,0,0,0,0,1,200,200,0,0,0,61,200
0,200,30,1,2,0,1,10,5,4,0,0,0,0,1,200,200,0,0,0,25,200
1,200,30,1,2,0,1,10,5,4,0,0,0,0,1,200,200,0,0,1,26,200
0,200,30,0,0,0,1,14,5,200,0,0,0,0,200,200,200,20,200,1,200,200
0,200,30,0,0,0,1,14,5,200,0,0,0,0,200,200,200,20,200,0,25,200
0,200,30,1,2,0,1,14,5,4,0,0,0,0,1,200,200,0,200,1,200,200
0,200,30,1,2,0,1,14,5,4,0,0,0,0,1,200,200,0,200,0,200,200
1,200,30,1,2,0,1,14,5,4,0,0,0,0,1,200,200,0,200,0,200,200
0,200,10,0,0,0,1,7,7,0,0,0,200,0,200,200,200,0,0,2,200,200
0,200,20,0,0,0,1,7,6,1,0,0,0,0,200,200,200,0,200,0,47,200
0,200,20,0,0,0,1,0,7,200,0,0,0,0,200,1,200,17,200,1,25,200
0,200,20,0,0,0,1,0,7,200,0,0,0,0,200,1,200,17,200,1,21,200
0,200,10,0,0,0,1,7,7,1,0,1,0,0,200,1,1,0,0,2,200,200
0,200,30,1,2,200,1,10,6,200,0,200,200,0,200,200,200,0,0,1,200,200
0,200,30,1,2,200,1,10,6,200,0,200,200,0,200,200,200,0,0,0,35,200
0,200,30,1,2,0,1,14,3,200,0,0,2,0,1,200,200,23,200,0,63,200
0,200,30,1,2,0,1,14,3,200,0,0,2,0,1,200,200,23,200,0,47,200
0,200,30,0,0,0,1,7,3,4,0,0,0,0,200,200,200,20,0,0,29,200
0,200,30,1,2,0,1,12,2,2,0,0,0,0,200,200,1,0,0,0,200,200
0,200,30,1,2,0,1,12,2,2,0,0,0,0,200,200,1,0,0,1,39,200
0,200,35,0,0,0,1,11,5,2,0,0,0,1,200,200,200,17,22,0,36,200
0,200,35,0,0,0,1,11,5,2,0,0,0,1,200,200,200,17,22,0,26,200
0,200,30,200,200,200,2,14,5,200,0,200,200,0,200,200,1,200,200,1,200,200
0,200,30,200,200,200,2,14,5,200,0,200,200,0,200,200,1,200,200,0,39,200
1,200,30,200,200,200,2,14,5,200,0,200,200,0,200,200,1,200,200,1,200,200
1,200,30,200,200,200,2,14,5,200,0,200,200,0,200,200,1,200,200,1,35,200
0,200,30,0,0,2,0,7,5,200,0,1,0,0,200,200,200,0,0,1,42,200
0,200,30,0,0,0,1,14,2,2,0,0,0,1,200,200,200,33,0,1,25,200
0,200,30,0,0,0,1,14,2,2,0,0,0,1,200,200,200,33,0,0,35,200
0,200,30,1,2,0,1,12,5,200,0,0,0,0,1,200,200,0,0,0,28,200
0,200,30,1,2,0,1,12,5,200,0,0,0,0,1,200,200,0,0,1,36,200
0,200,0,2,2,200,200,7,200,200,0,200,200,0,200,200,200,0,200,0,37,200
0,200,35,200,200,0,1,14,200,200,0,0,200,0,200,200,200,0,200,0,50,200
0,200,35,200,200,0,1,14,200,200,0,0,200,0,200,200,200,0,200,0,26,200
0,200,15,0,0,0,1,7,7,200,0,0,0,0,200,200,1,200,200,2,200,200
0,200,5,0,0,0,3,2,7,0,0,0,0,0,200,1,200,11,0,0,40,200
0,200,30,1,2,0,1,12,5,3,0,0,0,0,1,200,200,0,200,0,65,200
0,200,30,1,2,0,1,12,5,3,0,0,0,0,1,200,200,0,200,1,26,200
0,200,30,1,2,200,1,10,5,200,0,200,0,0,1,200,200,11,200,0,200,200
0,200,30,1,2,200,1,10,5,200,0,200,0,0,1,200,200,11,200,0,200,200
0,200,40,3,2,0,1,12,3,4,2,0,12,0,200,200,200,0,0,0,0,200