PERSON_TYPE,CRASH_DATE_EST_I,POSTED_SPEED_LIMIT,TRAFFIC_CONTROL_DEVICE,DEVICE_CONDITION,WEATHER_CONDITION,LIGHTING_CONDITION,FIRST_CRASH_TYPE,TRAFFICWAY_TYPE,LANE_CNT,ALIGNMENT,ROADWAY_SURFACE_COND,ROAD_DEFECT,CRASH_TYPE,INTERSECTION_RELATED_I,NOT_RIGHT_OF_WAY_I,HIT_AND_RUN_I,PRIM_CONTRIBUTORY_CAUSE,SEC_CONTRIBUTORY_CAUSE,SEX,AGE,BAC_RESULT VALUE
0,200,40,3,2,0,1,12,3,4,2,0,12,0,200,200,200,0,0,0,48,200
1,200,40,3,2,0,1,12,3,4,2,0,12,0,200,200,200,0,0,1,28,200
0,200,30,0,0,0,1,12,5,200,0,0,0,0,200,200,1,0,0,2,200,200
0,200,30,0,0,0,1,12,5,200,0,0,0,0,200,200,1,0,0,0,30,200
0,200,30,2,2,0,1,14,5,2,0,0,0,0,200,200,1,5,11,0,200,200
0,200,30,2,2,0,1,14,5,2,0,0,0,0,200,200,1,5,11,0,34,200
0,200,0,0,0,0,1,9,7,200,0,0,0,1,200,200,1,20,0,0,22,200
5,200,0,0,0,0,1,9,7,200,0,0,0,1,200,200,1,20,0,0,24,200
0,200,35,0,0,0,1,7,2,200,0,0,0,1,200,200,1,0,0,2,200,200
0,1,30,200,200,200,200,10,0,200,0,200,200,0,200,200,1,0,0,1,200,200
0,1,30,200,200,200,200,10,0,200,0,200,200,0,200,200,1,0,0,1,65,200
0,200,30,0,0,0,1,12,5,200,0,3,0,0,200,200,200,23,0,1,65,200
0,200,30,0,0,0,1,12,5,200,0,3,0,0,200,200,200,23,0,0,33,200
0,200,30,1,2,0,1,2,2,200,0,200,200,0,200,0,200,0,200,0,44,200
0,200,30,1,2,0,1,10,5,200,0,0,0,0,200,200,200,18,200,1,33,200
0,200,30,1,2,0,1,10,5,200,0,0,0,0,200,200,200,18,200,0,45,200
1,200,30,1,2,0,1,10,5,200,0,0,0,0,200,200,200,18,200,1,46,200
1,200,30,1,2,0,1,10,5,200,0,0,0,0,200,200,200,18,200,1,200,200
0,200,30,0,2,0,1,10,5,2,0,0,200,0,200,200,200,18,200,0,0,200
0,200,30,0,2,0,1,10,5,2,0,0,200,0,200,200,200,18,200,1,25,200
1,200,30,0,2,0,1,10,5,2,0,0,200,0,200,200,200,18,200,1,2,200
0,200,30,0,0,0,1,7,5,200,0,0,0,0,200,200,0,17,200,0,30,200
0,200,0,2,3,2,1,10,5,200,0,1,0,0,200,200,200,5,5,0,23,200
0,200,0,2,3,2,1,10,5,200,0,1,0,0,200,200,200,5,5,1,35,200
0,200,0,0,0,0,1,7,7,200,0,1,0,0,200,200,1,25,200,2,200,200
0,200,30,0,0,0,1,14,5,200,0,0,0,0,200,200,200,0,0,1,34,200
0,200,30,0,0,0,1,14,5,200,0,0,0,0,200,200,200,0,0,1,42,200
0,200,30,1,200,200,200,12,5,200,0,200,200,0,200,200,1,22,200,2,200,200
0,200,30,1,200,200,200,12,5,200,0,200,200,0,200,200,1,22,200,1,54,200
0,200,30,0,0,0,1,7,6,1,0,0,0,1,1,200,200,14,25,0,32,200
0,200,35,0,0,0,1,12,5,4,0,0,0,0,200,200,1,18,19,0,200,200
0,200,35,0,0,0,1,12,5,4,0,0,0,0,200,200,1,18,19,1,28,200
0,200,30,2,2,0,1,7,6,1,0,0,0,0,200,200,1,20,0,1,200,200
0,200,30,200,200,0,1,10,3,4,0,200,200,0,200,200,200,16,18,1,200,200
0,200,30,200,200,0,1,10,3,4,0,200,200,0,200,200,200,16,18,0,40,200
0,200,30,1,3,0,1,10,5,200,0,0,0,0,200,200,200,0,200,0,48,200
0,200,30,1,3,0,1,10,5,200,0,0,0,0,200,200,200,0,200,0,62,200
0,200,30,1,3,0,1,10,5,200,0,0,0,0,200,200,200,0,200,0,200,200
0,200,30,1,2,0,1,14,2,4,0,0,0,1,1,200,200,0,200,1,20,200
0,200,30,1,2,0,1,14,2,4,0,0,0,1,1,200,200,0,200,0,57,200
0,200,0,2,2,200,200,8,200,200,0,200,200,0,200,200,200,0,200,1,200,200
4,200,0,2,2,200,200,8,200,200,0,200,200,0,200,200,200,0,200,0,38,200
0,200,30,0,0,200,1,7,6,1,0,200,200,0,200,200,1,22,22,2,200,200
0,200,30,1,1,0,1,14,2,4,0,0,200,0,1,200,200,0,200,0,200,200
0,200,30,1,1,0,1,14,2,4,0,0,200,0,1,200,200,0,200,0,38,200
0,200,30,2,2,0,1,8,5,2,0,0,0,1,1,200,1,17,0,2,200,200
4,200,30,2,2,0,1,8,5,2,0,0,0,1,1,200,1,17,0,0,23,200
0,1,25,0,0,200,200,7,6,200,0,200,200,0,200,200,200,0,0,2,200,200
0,200,30,1,2,0,1,12,3,5,0,0,0,0,1,200,200,0,0,0,200,200
0,200,30,1,2,0,1,12,3,5,0,0,0,0,1,200,200,0,0,1,56,200
0,200,30,0,0,0,1,10,3,200,0,0,0,0,200,200,1,21,200,0,200,200
0,200,30,0,0,0,1,10,3,200,0,0,0,0,200,200,1,21,200,1,67,200
0,200,30,0,0,0,1,10,3,200,0,0,0,0,200,200,1,21,200,0,45,200
1,200,30,0,0,0,1,10,3,200,0,0,0,0,200,200,1,21,200,1,200,200
0,200,30,1,2,0,1,10,5,200,0,200,200,0,200,200,200,0,0,1,59,200
0,200,30,1,2,0,1,10,5,200,0,200,200,0,200,200,200,0,0,1,52,200
0,200,30,0,0,0,1,12,6,3,0,0,0,0,200,200,200,0,200,1,40,200
0,200,30,0,0,0,1,12,6,3,0,0,0,0,200,200,200,0,200,0,66,200
0,200,10,0,0,0,1,12,1,200,0,0,0,0,200,200,200,0,0,0,51,200
0,200,10,0,0,0,1,12,1,200,0,0,0,0,200,200,200,0,0,0,81,200
0,200,30,1,2,0,1,10,5,4,0,0,0,0,1,200,200,18,16,0,200,200
0,200,30,1,2,0,1,10,5,4,0,0,0,0,1,200,200,18,16,0,200,200
0,200,30,1,2,0,1,14,5,200,0,200,200,0,1,200,200,0,0,1,39,200
0,200,30,1,2,0,1,14,5,200,0,200,200,0,1,200,200,0,0,0,45,200
0,200,30,1,2,0,3,10,2,2,0,0,0,0,1,200,200,0,200,1,33,200
0,200,30,1,2,0,3,10,2,2,0,0,0,0,1,200,200,0,200,0,31,200
0,200,30,2,2,0,1,0,5,200,0,0,0,0,1,200,200,0,0,1,54,200
0,200,30,2,2,0,1,0,5,200,0,0,0,0,1,200,200,0,0,0,24,200
0,200,30,1,2,0,1,12,5,200,0,0,0,0,1,200,200,0,0,0,56,200
0,200,30,1,2,0,1,12,5,200,0,0,0,0,1,200,200,0,0,1,50,200
0,200,20,0,0,0,1,7,5,200,0,0,200,0,200,200,1,0,0,2,200,200
0,200,20,0,0,0,1,12,5,1,0,0,0,0,200,200,200,17,200,1,53,200
0,200,20,0,0,0,1,12,5,1,0,0,0,0,200,200,200,17,200,1,33,200
1,200,20,0,0,0,1,12,5,1,0,0,0,0,200,200,200,17,200,200,200,200
1,200,20,0,0,0,1,12,5,1,0,0,0,0,200,200,200,17,200,200,200,200
1,200,20,0,0,0,1,12,5,1,0,0,0,0,200,200,200,17,200,200,200,200
0,200,30,2,2,0,1,14,5,200,0,0,0,0,1,200,200,0,0,0,21,200
0,200,30,2,2,0,1,14,5,200,0,0,0,0,1,200,200,0,0,0,36,200
1,200,30,2,2,0,1,14,5,200,0,0,0,0,1,200,200,0,0,0,21,200
1,200,30,2,2,0,1,14,5,200,0,0,0,0,1,200,200,0,0,1,19,200
0,200,30,0,0,0,1,7,6,200,0,0,0,0,200,200,1,0,200,2,200,200
0,200,25,0,0,0,1,7,6,1,0,0,0,0,200,200,1,0,200,2,200,200
0,200,30,0,0,0,1,0,12,200,0,0,0,0,200,200,200,200,200,0,200,200
0,200,30,0,0,0,1,0,12,200,0,0,0,0,200,200,200,200,200,0,200,200
0,200,30,0,0,0,1,11,6,200,0,0,0,0,200,200,200,22,21,1,36,200
0,200,30,0,0,0,1,11,6,200,0,0,0,0,200,200,200,22,21,0,69,200
1,200,30,0,0,0,1,11,6,200,0,0,0,0,200,200,200,22,21,0,15,200
1,200,30,0,0,0,1,11,6,200,0,0,0,0,200,200,200,22,21,1,8,200
0,200,30,1,2,0,1,14,3,200,0,0,0,1,1,200,200,17,0,0,61,200
0,200,30,1,2,0,1,14,3,200,0,0,0,1,1,200,200,17,0,0,57,200
0,200,15,0,0,0,1,10,7,2,0,0,200,0,200,1,200,27,0,1,40,200
0,200,15,0,0,0,1,10,7,2,0,0,200,0,200,1,200,27,0,1,19,200
0,200,30,1,2,0,1,7,2,2,2,0,0,0,200,200,200,0,0,0,56,200
1,200,30,1,2,0,1,7,2,2,2,0,0,0,200,200,200,0,0,0,11,200
1,200,30,1,2,0,1,7,2,2,2,0,0,0,200,200,200,0,0,1,54,200
1,200,30,1,2,0,1,7,2,2,2,0,0,0,200,200,200,0,0,0,200,200
1,200,30,1,2,0,1,7,2,2,2,0,0,0,200,200,200,0,0,0,8,200
1,200,30,1,2,0,1,7,2,2,2,0,0,0,200,200,200,0,0,0,8,200
1,200,30,1,2,0,1,7,2,2,2,0,0,0,200,200,200,0,0,0,13,200
1,200,30,1,2,0,1,7,2,2,2,0,0,0,200,200,200,0,0,0,12,200
1,200,30,1,2,0,1,7,2,2,2,0,0,0,200,200,200,0,0,1,8,200
1,200,30,1,2,0,1,7,2,2,2,0,0,0,200,200,200,0,0,1,11,200
1,200,30,1,2,0,1,7,2,2,2,0,0,0,200,200,200,0,0,0,9,200
0,200,30,1,2,0,1,10,5,2,0,0,0,0,200,200,200,0,0,0,28,200
0,200,30,1,2,0,1,10,5,2,0,0,0,0,200,200,200,0,0,0,50,200
1,200,30,1,2,0,1,10,5,2,0,0,0,0,200,200,200,0,0,0,200,200
0,200,30,1,2,0,1,14,2,2,0,0,0,0,1,200,200,6,16,0,80,200
0,200,30,1,2,0,1,14,2,2,0,0,0,0,1,200,200,6,16,0,35,200
0,200,30,200,200,200,1,12,5,200,0,200,200,0,200,200,200,200,200,1,200,200
0,200,30,200,200,200,1,12,5,200,0,200,200,0,200,200,200,200,200,1,31,200
1,200,30,200,200,200,1,12,5,200,0,200,200,0,200,200,200,200,200,0,28,200
0,200,30,1,2,0,1,8,2,4,0,0,0,0,200,200,1,0,0,2,200,200
4,200,30,1,2,0,1,8,2,4,0,0,0,0,200,200,1,0,0,0,20,200
0,200,30,0,0,0,1,7,5,2,0,0,0,0,200,200,200,0,0,1,43,200
0,200,30,1,2,0,1,0,3,4,0,0,0,1,1,200,200,0,0,0,38,200
0,200,30,1,2,0,1,0,3,4,0,0,0,1,1,200,200,0,0,1,79,200
0,200,30,0,0,0,1,12,5,2,0,0,0,0,200,200,200,23,11,1,82,200
0,200,30,0,0,0,1,12,5,2,0,0,0,0,200,200,200,23,11,0,69,200
1,200,30,0,0,0,1,12,5,2,0,0,0,0,200,200,200,23,11,1,20,200
1,200,30,0,0,0,1,12,5,2,0,0,0,0,200,200,200,23,11,1,12,200
1,200,30,0,0,0,1,12,5,2,0,0,0,0,200,200,200,23,11,0,200,200
1,200,30,0,0,0,1,12,5,2,0,0,0,0,200,200,200,23,11,0,12,200
1,200,30,0,0,0,1,12,5,2,0,0,0,0,200,200,200,23,11,1,6,200
0,200,30,0,0,0,1,7,5,200,0,0,0,0,200,200,200,0,200,1,200,200
0,200,30,1,2,0,1,10,5,4,0,0,0,0,200,200,200,16,200,0,25,200
0,200,30,1,2,0,1,10,5,4,0,0,0,0,200,200,200,16,200,1,48,200
0,200,15,0,0,0,1,7,7,200,0,0,0,0,200,200,1,0,19,2,200,200
0,1,30,0,0,0,3,12,5,2,0,0,0,0,1,200,1,17,0,1,200,200
0,1,30,0,0,0,3,12,5,2,0,0,0,0,1,200,1,17,0,0,26,200
1,1,30,0,0,0,3,12,5,2,0,0,0,0,1,200,1,17,0,1,26,200
0,200,20,0,0,0,1,7,5,1,0,0,200,0,200,200,1,0,0,2,200,200
0,200,30,0,0,0,1,10,5,2,0,0,0,0,200,200,1,0,0,1,200,200
0,200,30,0,0,0,1,10,5,2,0,0,0,0,200,200,1,0,0,0,55,200
0,200,30,0,0,0,1,12,3,4,0,0,12,0,200,200,200,22,200,0,58,200
0,200,30,0,0,0,1,12,3,4,0,0,12,0,200,200,200,22,200,0,50,200
0,200,30,200,200,200,200,7,5,200,0,200,200,0,200,200,200,0,200,0,29,200
0,200,25,0,0,0,1,10,5,200,0,0,0,0,200,200,200,200,8,0,49,200
0,200,25,0,0,0,1,10,5,200,0,0,0,0,200,200,200,200,8,0,200,200
0,200,0,200,200,0,1,14,200,200,0,200,200,0,200,200,200,0,200,1,17,200
0,200,0,200,200,0,1,14,200,200,0,200,200,0,200,200,200,0,200,0,28,200
1,200,0,200,200,0,1,14,200,200,0,200,200,0,200,200,200,0,200,1,17,200
1,200,0,200,200,0,1,14,200,200,0,200,200,0,200,200,200,0,200,1,32,200
0,200,30,0,0,0,1,12,5,2,0,200,200,0,200,200,200,17,17,1,50,200
0,200,30,0,0,0,1,12,5,2,0,200,200,0,200,200,200,17,17,0,56,200
0,200,30,2,2,0,1,7,5,200,0,0,0,0,200,200,200,23,0,0,37,200
0,200,30,0,0,0,1,14,5,200,0,0,0,0,200,200,200,23,200,0,17,200
0,200,30,0,0,0,1,14,5,200,0,0,0,0,200,200,200,23,200,1,40,200
1,200,30,0,0,0,1,14,5,200,0,0,0,0,200,200,200,23,200,1,9,200
1,200,30,0,0,0,1,14,5,200,0,0,0,0,200,200,200,23,200,0,4,200
0,1,30,0,0,200,200,7,6,1,0,200,0,0,200,200,1,0,200,2,200,200
0,200,30,2,2,0,1,14,2,2,0,0,0,1,1,200,200,17,0,1,35,200
0,200,30,2,2,0,1,14,2,2,0,0,0,1,1,200,200,17,0,1,23,200
1,200,30,2,2,0,1,14,2,2,0,0,0,1,1,200,200,17,0,1,14,200
1,200,30,2,2,0,1,14,2,2,0,0,0,1,1,200,200,17,0,0,12,200
0,200,30,1,2,0,1,10,5,200,0,0,0,0,1,200,200,11,200,1,200,200
0,200,30,1,2,0,1,10,5,200,0,0,0,0,1,200,200,11,200,0,200,200
0,200,30,0,0,0,1,10,2,200,0,0,0,0,200,200,200,0,0,1,74,200
0,200,30,0,0,0,1,10,2,200,0,0,0,0,200,200,200,0,0,1,39,200
0,200,0,0,0,0,1,7,2,4,0,0,0,0,200,200,0,0,200,2,200,200
0,200,20,0,0,0,1,10,7,2,0,0,0,0,200,200,200,0,0,1,25,200
0,200,20,0,0,0,1,10,7,2,0,0,0,0,200,200,200,0,0,1,31,200
1,200,20,0,0,0,1,10,7,2,0,0,0,0,200,200,200,0,0,0,10,200
0,200,30,0,0,0,1,10,5,200,0,0,0,0,200,200,1,200,200,0,200,200
0,200,30,0,0,0,1,10,5,200,0,0,0,0,200,200,1,200,200,0,43,200
0,200,30,1,2,0,1,14,5,200,0,200,200,0,200,200,200,23,0,1,200,200
0,200,30,1,2,0,1,14,5,200,0,200,200,0,200,200,200,23,0,0,50,200
0,200,30,0,0,0,1,10,5,200,0,0,0,0,200,200,200,18,200,0,20,200
0,200,30,0,0,0,1,10,5,200,0,0,0,0,200,200,200,18,200,1,38,200
0,200,30,0,0,200,200,7,5,2,0,0,0,0,200,200,1,0,200,2,200,200
0,200,30,1,2,0,1,14,2,200,0,12,12,1,1,200,200,0,0,0,200,200
0,200,30,1,2,0,1,14,2,200,0,12,12,1,1,200,200,0,0,1,200,200
0,200,45,0,0,0,1,12,3,3,0,0,0,0,200,200,200,0,200,0,71,200
0,200,45,0,0,0,1,12,3,3,0,0,0,0,200,200,200,0,200,0,69,200
0,200,35,1,2,0,1,9,5,4,0,0,0,1,1,200,200,17,200,1,37,200
5,200,35,1,2,0,1,9,5,4,0,0,0,1,1,200,200,17,200,0,26,200
1,200,35,1,2,0,1,9,5,4,0,0,0,1,1,200,200,17,200,0,11,200
1,200,35,1,2,0,1,9,5,4,0,0,0,1,1,200,200,17,200,1,6,200
0,200,30,1,2,0,1,14,2,4,0,0,0,0,1,200,1,23,0,1,200,200
0,200,30,1,2,0,1,14,2,4,0,0,0,0,1,200,1,23,0,1,24,200
0,200,35,0,0,0,1,10,2,4,0,0,0,1,200,200,200,18,16,0,39,200
0,200,35,0,0,0,1,10,2,4,0,0,0,1,200,200,200,18,16,0,48,200
0,200,40,0,0,0,1,12,3,4,0,0,1,0,200,200,200,22,16,0,29,200
0,200,40,0,0,0,1,12,3,4,0,0,1,0,200,200,200,22,16,0,58,200
0,200,30,0,0,0,1,12,6,200,0,0,0,0,200,200,200,0,0,0,27,200
0,200,30,0,0,0,1,12,6,200,0,0,0,0,200,200,200,0,0,0,35,200
0,200,30,0,0,0,1,14,2,4,0,0,0,1,1,200,200,200,200,1,67,200
0,200,30,0,0,0,1,14,2,4,0,0,0,1,1,200,200,200,200,0,29,200
1,200,30,0,0,0,1,14,2,4,0,0,0,1,1,200,200,200,200,200,57,200
1,200,30,0,0,0,1,14,2,4,0,0,0,1,1,200,200,200,200,0,48,200
1,200,30,0,0,0,1,14,2,4,0,0,0,1,1,200,200,200,200,1,27,200
0,200,15,0,0,2,0,14,7,200,0,1,0,0,200,200,1,23,200,1,200,200
0,200,15,0,0,2,0,14,7,200,0,1,0,0,200,200,1,23,200,1,21,200
0,200,25,0,0,0,1,7,6,200,0,0,0,0,200,200,1,200,200,2,200,200
0,200,15,0,0,0,1,10,5,200,0,0,0,0,200,200,200,22,0,1,34,200
0,200,15,0,0,0,1,10,5,200,0,0,0,0,200,200,200,22,0,0,47,200
1,200,15,0,0,0,1,10,5,200,0,0,0,0,200,200,200,22,0,0,5,200
0,200,30,1,2,0,1,0,5,200,0,0,0,1,1,200,200,0,0,1,200,200
0,200,30,1,2,0,1,0,5,200,0,0,0,1,1,200,200,0,0,0,64,200
1,200,30,1,2,0,1,0,5,200,0,0,0,1,1,200,200,0,0,0,19,200
1,200,30,1,2,0,1,0,5,200,0,0,0,1,1,200,200,0,0,0,14,200
1,200,30,1,2,0,1,0,5,200,0,0,0,1,1,200,200,0,0,1,1,200
0,200,20,0,0,0,1,12,5,200,1,0,0,0,200,200,1,22,0,1,200,200
0,200,20,0,0,0,1,12,5,200,1,0,0,0,200,200,1,22,0,0,32,200
0,200,30,1,2,0,1,8,5,2,0,0,0,1,200,200,200,33,0,0,63,200
4,200,30,1,2,0,1,8,5,2,0,0,0,1,200,200,200,33,0,1,25,200
0,200,30,1,2,0,1,10,5,4,0,0,0,0,200,200,200,0,0,0,200,200
0,200,30,1,2,0,1,10,5,4,0,0,0,0,200,200,200,0,0,1,24,200
0,200,30,0,0,0,1,14,2,4,0,0,0,0,200,200,200,18,0,0,200,200
0,200,30,0,0,0,1,14,2,4,0,0,0,0,200,200,200,18,0,1,24,200
0,200,30,0,0,0,1,10,5,2,0,0,0,1,200,200,200,14,18,1,70,200
0,200,30,0,0,0,1,10,5,2,0,0,0,1,200,200,200,14,18,0,29,200
0,200,30,0,0,0,1,10,5,2,0,0,0,1,200,200,200,14,18,0,74,200
0,200,15,0,0,0,1,7,5,2,0,0,0,0,200,200,200,20,200,1,200,200
0,200,30,2,2,0,1,10,6,200,0,0,0,0,1,200,200,20,17,0,73,200
0,200,30,2,2,0,1,10,6,200,0,0,0,0,1,200,200,20,17,1,40,200
1,200,30,2,2,0,1,10,6,200,0,0,0,0,1,200,200,20,17,0,38,200
1,200,30,2,2,0,1,10,6,200,0,0,0,0,1,200,200,20,17,1,2,200
0,200,0,200,200,200,200,12,200,200,0,200,200,0,200,200,200,0,200,1,71,200
0,200,0,200,200,200,200,12,200,200,0,200,200,0,200,200,200,0,200,0,21,200
0,200,25,3,2,0,1,10,6,3,3,0,0,0,200,200,200,16,18,0,35,200
0,200,25,3,2,0,1,10,6,3,3,0,0,0,200,200,200,16,18,0,72,200
1,200,25,3,2,0,1,10,6,3,3,0,0,0,200,200,200,16,18,1,61,200
1,200,25,3,2,0,1,10,6,3,3,0,0,0,200,200,200,16,18,1,28,200
0,200,35,1,2,0,1,14,6,4,0,0,0,0,200,200,200,23,0,0,57,200
0,200,35,1,2,0,1,14,6,4,0,0,0,0,200,200,200,23,0,1,200,200
0,200,30,1,2,0,1,14,5,4,0,0,0,1,200,200,200,23,200,0,52,200
0,200,30,1,2,0,1,14,5,4,0,0,0,1,200,200,200,23,200,1,50,200
0,200,30,0,0,0,1,7,5,1,0,0,200,0,200,200,200,200,200,1,36,200
1,200,30,0,0,0,1,7,5,1,0,0,200,0,200,200,200,200,200,1,6,200
1,200,30,0,0,0,1,7,5,1,0,0,200,0,200,200,200,200,200,0,2,200
0,200,30,0,0,0,1,7,2,2,0,0,200,0,200,200,200,12,200,0,35,200
1,200,30,0,0,0,1,7,2,2,0,0,200,0,200,200,200,12,200,1,35,200
1,200,30,0,0,0,1,7,2,2,0,0,200,0,200,200,200,12,200,0,16,200
0,200,30,0,0,0,1,7,5,2,0,0,0,0,200,200,200,20,200,0,41,200
0,200,30,0,0,0,0,7,6,200,0,0,0,0,200,200,200,20,0,1,51,200
0,200,30,1,2,0,1,12,3,3,0,0,0,0,200,200,200,22,200,1,18,200
0,200,30,1,2,0,1,12,3,3,0,0,0,0,200,200,200,22,200,1,37,200
0,200,30,1,2,0,1,10,5,200,0,0,0,0,1,200,1,18,0,1,42,200
0,200,30,1,2,0,1,10,5,200,0,0,0,0,1,200,1,18,0,2,200,200
1,200,30,1,2,0,1,10,5,200,0,0,0,0,1,200,1,18,0,0,200,200
1,200,30,1,2,0,1,10,5,200,0,0,0,0,1,200,1,18,0,1,200,200
1,200,30,1,2,0,1,10,5,200,0,0,0,0,1,200,1,18,0,1,200,200
0,200,30,1,2,0,1,10,2,200,0,0,0,0,200,200,200,18,11,1,38,200
0,200,30,1,2,0,1,10,2,200,0,0,0,0,200,200,200,18,11,1,74,200
0,200,30,1,2,0,1,10,5,2,0,0,0,0,200,200,1,18,0,1,200,200
0,200,30,1,2,0,1,10,5,2,0,0,0,0,200,200,1,18,0,1,47,200
0,200,10,200,200,0,1,2,7,200,0,200,200,0,200,200,200,0,0,0,200,200
0,200,30,4,2,0,1,14,2,2,0,0,0,1,200,200,200,0,0,0,25,200
0,200,30,4,2,0,1,14,2,2,0,0,0,1,200,200,200,0,0,1,66,200
1,200,30,4,2,0,1,14,2,2,0,0,0,1,200,200,200,0,0,0,60,200
1,200,30,4,2,0,1,14,2,2,0,0,0,1,200,200,200,0,0,200,5,200
1,200,30,4,2,0,1,14,2,2,0,0,0,1,200,200,200,0,0,200,7,200
1,200,30,4,2,0,1,14,2,2,0,0,0,1,200,200,200,0,0,1,13,200
0,200,30,1,2,0,1,12,3,4,0,0,0,0,200,200,1,0,200,2,200,200
0,200,30,1,2,0,1,12,3,4,0,0,0,0,200,200,1,0,200,0,68,200
0,200,30,0,0,0,1,10,5,2,0,0,0,0,1,200,200,16,12,0,29,200
0,200,30,0,0,0,1,10,5,2,0,0,0,0,1,200,200,16,12,1,53,200
1,200,30,0,0,0,1,10,5,2,0,0,0,0,1,200,200,16,12,0,29,200
0,200,30,1,2,0,1,11,5,4,0,0,0,0,200,200,1,20,20,2,200,200
0,200,30,1,2,0,1,11,5,4,0,0,0,0,200,200,1,20,20,0,38,200
1,200,30,1,2,0,1,11,5,4,0,0,0,0,200,200,1,20,20,0,17,200
1,200,30,1,2,0,1,11,5,4,0,0,0,0,200,200,1,20,20,0,11,200
0,200,35,200,200,0,1,7,7,200,0,0,200,0,200,200,200,200,200,1,78,200
4,200,30,0,0,0,1,8,2,4,0,0,0,1,200,200,200,21,35,0,36,200
0,200,30,0,0,0,1,8,2,4,0,0,0,1,200,200,200,21,35,0,42,200
0,200,30,1,2,0,1,12,5,200,0,0,0,0,200,200,200,21,200,1,27,200
0,200,30,1,2,0,1,12,5,200,0,0,0,0,200,200,200,21,200,1,48,200
0,200,30,0,0,0,1,7,5,2,0,0,0,0,200,200,200,20,33,1,54,200
0,200,30,0,0,0,1,10,5,2,0,0,0,0,200,200,1,18,0,2,200,200
0,200,30,0,0,0,1,10,5,2,0,0,0,0,200,200,1,18,0,0,48,200
1,200,30,0,0,0,1,10,5,2,0,0,0,0,200,200,1,18,0,0,200,200
1,200,30,0,0,0,1,10,5,2,0,0,0,0,200,200,1,18,0,1,200,200
0,200,30,1,2,0,1,12,3,4,0,0,0,0,200,200,200,0,200,1,42,200
0,200,30,1,2,0,1,12,3,4,0,0,0,0,200,200,200,0,200,0,44,200
0,200,30,0,0,0,1,14,5,200,0,0,0,1,200,200,200,17,23,0,26,200
0,200,30,0,0,0,1,14,5,200,0,0,0,1,200,200,200,17,23,1,20,200
1,200,30,0,0,0,1,14,5,200,0,0,0,1,200,200,200,17,23,1,21,200
1,200,30,0,0,0,1,14,5,200,0,0,0,1,200,200,200,17,23,1,200,200
1,200,30,0,0,0,1,14,5,200,0,0,0,1,200,200,200,17,23,1,200,200
1,200,30,0,0,0,1,14,5,200,0,0,0,1,200,200,200,17,23,0,200,200
0,200,20,0,0,200,1,2,7,1,0,200,200,0,200,200,200,0,0,0,49,200
0,200,20,1,2,0,1,9,5,2,0,0,0,1,1,200,200,17,200,0,71,200
5,200,20,1,2,0,1,9,5,2,0,0,0,1,1,200,200,17,200,0,59,200
0,200,30,0,0,0,1,12,7,0,0,0,0,0,200,200,200,0,0,0,200,200
0,200,30,0,0,0,1,12,7,0,0,0,0,0,200,200,200,0,0,0,200,200
1,200,30,0,0,0,1,12,7,0,0,0,0,0,200,200,200,0,0,0,200,200
0,200,30,2,2,0,1,7,5,2,0,0,0,0,0,200,200,23,0,0,0,200
1,200,30,2,2,0,1,7,5,2,0,0,0,0,0,200,200,23,0,1,60,200
1,200,30,2,2,0,1,7,5,2,0,0,0,0,0,200,200,23,0,1,5,200
0,200,30,1,2,0,1,0,5,2,0,0,0,1,1,200,200,0,200,1,26,200
0,200,30,1,2,0,1,0,5,2,0,0,0,1,1,200,200,0,200,0,25,200
0,200,20,0,0,0,1,7,7,200,0,0,0,0,200,200,1,0,200,2,200,200
0,200,30,1,2,0,1,8,5,4,0,0,0,1,1,200,200,0,0,1,51,200
4,200,30,1,2,0,1,8,5,4,0,0,0,1,1,200,200,0,0,0,15,200
0,200,30,0,0,0,1,14,5,200,0,0,0,0,200,200,200,200,200,0,37,200
0,200,30,0,0,0,1,14,5,200,0,0,0,0,200,200,200,200,200,0,35,200
0,200,30,0,0,0,1,12,5,2,0,0,0,0,200,200,200,20,200,0,26,200
0,200,30,0,0,0,1,12,5,2,0,0,0,0,200,200,200,20,200,0,49,200
0,200,40,1,2,0,1,12,3,4,0,0,0,1,200,200,200,17,22,0,23,200
0,200,40,1,2,0,1,12,3,4,0,0,0,1,200,200,200,17,22,0,23,200
0,200,40,1,2,0,1,12,3,4,0,0,0,1,200,200,200,17,22,0,23,200
0,200,30,0,0,0,1,7,6,200,0,0,0,0,200,200,200,0,0,2,200,200
0,200,35,200,200,0,1,12,200,200,0,0,200,0,200,200,200,200,200,0,52,200
0,200,35,200,200,0,1,12,200,200,0,0,200,0,200,200,200,200,200,1,74,200
0,200,30,0,0,0,1,10,3,4,0,0,0,1,200,200,200,18,200,1,32,200
0,200,30,0,0,0,1,10,3,4,0,0,0,1,200,200,200,18,200,1,46,200
1,200,30,0,0,0,1,10,3,4,0,0,0,1,200,200,200,18,200,0,1,200