PERSON_TYPE,CRASH_DATE_EST_I,POSTED_SPEED_LIMIT,TRAFFIC_CONTROL_DEVICE,DEVICE_CONDITION,WEATHER_CONDITION,LIGHTING_CONDITION,FIRST_CRASH_TYPE,TRAFFICWAY_TYPE,LANE_CNT,ALIGNMENT,ROADWAY_SURFACE_COND,ROAD_DEFECT,CRASH_TYPE,INTERSECTION_RELATED_I,NOT_RIGHT_OF_WAY_I,HIT_AND_RUN_I,PRIM_CONTRIBUTORY_CAUSE,SEC_CONTRIBUTORY_CAUSE,SEX,AGE,BAC_RESULT VALUE
1,200,30,0,0,0,1,10,3,4,0,0,0,1,200,200,200,18,200,1,0,200
0,200,30,0,200,200,200,0,7,200,0,200,200,0,200,200,200,20,200,1,38,200
0,200,30,0,200,200,200,0,7,200,0,200,200,0,200,200,200,20,200,0,38,200
0,200,30,1,2,0,1,10,5,2,0,0,0,0,200,200,200,18,18,1,74,200
0,200,30,1,2,0,1,10,5,2,0,0,0,0,200,200,200,18,18,0,35,200
1,200,30,1,2,0,1,10,5,2,0,0,0,0,200,200,200,18,18,1,18,200
0,200,30,0,0,0,3,7,6,1,0,0,0,0,200,200,1,0,0,2,200,200
0,200,30,0,0,0,1,9,2,200,0,0,0,0,200,200,200,17,0,1,200,200
5,200,30,0,0,0,1,9,2,200,0,0,0,0,200,200,200,17,0,1,200,200
0,200,15,0,0,0,1,7,7,200,0,0,0,0,200,1,1,0,0,1,200,200
0,200,30,0,0,0,1,12,5,200,0,0,0,0,200,200,0,0,0,0,35,200
0,200,30,0,0,0,1,12,5,200,0,0,0,0,200,200,0,0,0,0,27,200
0,200,30,1,2,0,1,12,5,2,0,0,0,0,200,200,200,22,200,0,200,200
0,200,30,1,2,0,1,12,5,2,0,0,0,0,200,200,200,22,200,1,200,200
0,200,30,3,0,0,1,12,5,3,0,0,0,0,200,200,1,22,200,1,200,200
0,200,30,3,0,0,1,12,5,3,0,0,0,0,200,200,1,22,200,0,28,200
0,200,30,0,0,0,1,10,5,200,0,0,0,0,200,200,200,200,200,0,61,200
0,200,30,0,0,0,1,10,5,200,0,0,0,0,200,200,200,200,200,0,28,200
0,200,30,1,2,0,1,12,5,200,0,0,0,0,200,200,1,200,200,1,200,200
0,200,30,1,2,0,1,12,5,200,0,0,0,0,200,200,1,200,200,1,200,200
0,200,0,0,0,0,1,12,2,4,3,0,0,0,200,200,200,22,16,1,49,200
0,200,0,0,0,0,1,12,2,4,3,0,0,0,200,200,200,22,16,0,32,200
0,200,30,0,0,0,1,10,2,2,0,0,0,0,200,200,1,22,0,0,200,200
0,200,30,0,0,0,1,10,2,2,0,0,0,0,200,200,1,22,0,1,53,200
1,200,30,0,0,0,1,10,2,2,0,0,0,0,200,200,1,22,0,0,25,200
0,200,30,0,0,0,1,12,5,4,0,0,0,0,200,200,200,0,0,1,56,200
0,200,30,0,0,0,1,12,5,4,0,0,0,0,200,200,200,0,0,0,21,200
0,200,30,1,2,0,1,12,5,2,0,0,0,0,200,200,200,0,0,0,200,200
0,200,30,1,2,0,1,12,5,2,0,0,0,0,200,200,200,0,0,1,27,200
0,200,30,1,2,0,1,10,2,4,0,0,0,0,1,200,200,0,200,1,65,200
0,200,30,1,2,0,1,10,2,4,0,0,0,0,1,200,200,0,200,1,33,200
0,200,30,0,0,0,1,7,5,200,0,0,0,0,200,200,1,0,0,2,200,200
0,1,30,0,0,0,1,7,5,2,0,0,0,0,200,200,1,0,0,2,200,200
0,200,0,0,0,200,200,12,200,200,0,200,200,0,200,200,200,0,200,0,43,200
0,200,0,0,0,200,200,12,200,200,0,200,200,0,200,200,200,0,200,0,43,200
0,200,30,1,2,0,1,12,6,200,0,0,0,0,200,200,200,7,200,0,200,200
0,200,30,1,2,0,1,12,6,200,0,0,0,0,200,200,200,7,200,0,200,200
0,200,30,0,0,0,1,12,2,4,0,0,0,0,200,200,200,0,0,0,25,200
0,200,30,0,0,0,1,12,2,4,0,0,0,0,200,200,200,0,0,1,18,200
1,200,30,0,0,0,1,12,2,4,0,0,0,0,200,200,200,0,0,200,200,200
1,200,30,0,0,0,1,12,2,4,0,0,0,0,200,200,200,0,0,1,200,200
1,200,30,0,0,0,1,12,2,4,0,0,0,0,200,200,200,0,0,0,200,200
0,200,30,0,0,0,1,7,7,200,0,0,200,0,200,200,1,0,0,2,200,200
0,200,30,2,0,0,1,10,5,200,0,0,0,1,200,200,200,16,200,0,30,200
0,200,30,2,0,0,1,10,5,200,0,0,0,1,200,200,200,16,200,0,26,200
0,200,30,2,0,0,1,10,5,200,0,0,0,1,200,200,200,16,200,0,61,200
1,200,30,2,0,0,1,10,5,200,0,0,0,1,200,200,200,16,200,1,22,200
1,200,30,2,0,0,1,10,5,200,0,0,0,1,200,200,200,16,200,0,43,200
1,200,30,2,0,0,1,10,5,200,0,0,0,1,200,200,200,16,200,1,21,200
0,200,30,200,200,200,200,14,5,200,0,200,200,1,200,200,200,23,200,1,47,200
0,200,30,200,200,200,200,14,5,200,0,200,200,1,200,200,200,23,200,0,31,200
1,200,30,200,200,200,200,14,5,200,0,200,200,1,200,200,200,23,200,0,200,200
0,200,25,0,0,0,4,0,6,1,0,0,0,0,200,200,200,17,16,0,43,200
0,200,25,0,0,0,4,0,6,1,0,0,0,0,200,200,200,17,16,0,32,200
0,200,30,2,2,0,1,10,5,200,0,0,0,1,1,200,200,18,200,0,62,200
0,200,30,2,2,0,1,10,5,200,0,0,0,1,1,200,200,18,200,1,16,200
1,200,30,2,2,0,1,10,5,200,0,0,0,1,1,200,200,18,200,0,42,200
1,200,30,2,2,0,1,10,5,200,0,0,0,1,1,200,200,18,200,1,0,200
0,200,30,0,0,0,1,12,5,200,0,0,0,0,1,200,200,0,0,0,200,200
0,200,30,0,0,0,1,12,5,200,0,0,0,0,1,200,200,0,0,0,39,200
0,200,30,0,0,0,1,10,5,200,0,0,0,0,200,200,200,0,200,1,200,200
0,200,30,0,0,0,1,10,5,200,0,0,0,0,200,200,200,0,200,1,39,200
1,200,30,0,0,0,1,10,5,200,0,0,0,0,200,200,200,0,200,1,200,200
1,200,30,0,0,0,1,10,5,200,0,0,0,0,200,200,200,0,200,0,200,200
0,200,30,1,2,0,1,0,5,4,0,0,0,0,200,200,200,0,0,1,19,200
0,200,30,1,2,0,1,0,5,4,0,0,0,0,200,200,200,0,0,1,16,200
1,200,30,1,2,0,1,0,5,4,0,0,0,0,200,200,200,0,0,1,14,200
0,200,30,0,0,200,200,7,6,2,0,200,0,0,200,200,1,0,200,2,200,200
0,200,30,0,0,0,1,7,6,1,0,0,200,0,200,200,200,21,200,0,57,200
0,200,30,1,2,0,1,10,2,6,0,0,0,0,200,200,200,27,27,0,200,200
0,200,30,1,2,0,1,10,2,6,0,0,0,0,200,200,200,27,27,0,200,200
0,200,30,1,2,0,1,10,2,6,0,0,0,0,200,200,200,27,27,0,32,200
0,200,10,0,0,0,1,7,0,200,0,0,0,1,200,200,1,20,200,0,200,200
0,200,30,0,0,0,1,10,5,200,0,0,0,0,200,200,200,0,0,0,45,200
0,200,30,0,0,0,1,10,5,200,0,0,0,0,200,200,200,0,0,0,60,200
0,200,30,0,0,0,1,14,5,2,0,0,0,1,1,200,200,17,11,0,29,200
0,200,30,0,0,0,1,14,5,2,0,0,0,1,1,200,200,17,11,0,39,200
0,200,30,0,0,0,1,12,5,200,0,0,0,0,200,200,1,21,0,2,200,200
0,200,30,0,0,0,1,12,5,200,0,0,0,0,200,200,1,21,0,0,26,200
0,200,30,0,0,0,1,7,5,200,0,0,0,0,200,200,200,0,0,1,63,200
0,0,30,0,0,0,1,7,6,1,0,0,0,0,200,200,0,0,0,2,200,200
0,200,30,0,0,0,1,0,5,200,0,0,0,1,1,200,200,17,0,1,26,200
0,200,30,0,0,0,1,0,5,200,0,0,0,1,1,200,200,17,0,0,32,200
1,200,30,0,0,0,1,0,5,200,0,0,0,1,1,200,200,17,0,0,4,200
0,200,30,1,2,0,1,12,5,200,0,0,0,0,200,200,200,0,0,0,23,200
0,200,30,1,2,0,1,12,5,200,0,0,0,0,200,200,200,0,0,0,38,200
4,200,30,1,2,0,1,8,6,2,0,0,0,0,1,200,200,0,0,0,200,200
0,200,30,1,2,0,1,8,6,2,0,0,0,0,1,200,200,0,0,0,200,200
0,200,25,0,0,0,1,7,6,200,0,0,0,0,200,200,1,200,200,0,200,200
0,200,30,1,2,0,1,12,6,200,0,0,0,0,200,200,1,21,200,0,200,200
0,200,30,1,2,0,1,12,6,200,0,0,0,0,200,200,1,21,200,1,31,200
0,200,30,1,2,0,1,10,5,4,0,0,0,0,1,200,200,0,0,0,50,200
0,200,30,1,2,0,1,10,5,4,0,0,0,0,1,200,200,0,0,0,42,200
0,200,35,0,0,0,1,7,7,200,0,0,0,0,200,200,1,20,200,1,200,200
1,200,35,0,0,0,1,7,7,200,0,0,0,0,200,200,1,20,200,0,200,200
0,200,15,0,0,0,4,0,7,200,0,200,200,0,200,200,200,0,0,1,84,200
0,200,15,0,0,0,4,0,7,200,0,200,200,0,200,200,200,0,0,1,28,200
0,200,30,0,0,0,1,12,5,4,0,0,0,0,200,200,1,21,0,0,200,200
0,200,30,0,0,0,1,12,5,4,0,0,0,0,200,200,1,21,0,1,39,200
0,200,30,0,0,0,1,10,2,200,0,0,0,0,200,200,200,18,0,0,45,200
0,200,30,0,0,0,1,10,2,200,0,0,0,0,200,200,200,18,0,0,80,200
0,200,30,0,0,0,1,12,2,4,0,0,0,0,200,200,200,18,200,0,58,200
0,200,30,0,0,0,1,12,2,4,0,0,0,0,200,200,200,18,200,0,52,200
0,200,30,0,0,0,1,12,2,4,0,0,0,0,200,200,200,18,200,1,42,200
0,0,30,0,0,0,1,7,5,3,0,0,0,0,200,200,1,0,200,2,200,200
0,1,30,0,0,200,200,7,5,2,0,200,0,0,200,200,1,0,200,2,200,200
0,200,30,0,0,0,4,7,6,1,0,0,0,0,200,200,200,200,200,0,34,200
0,200,30,1,2,0,1,10,6,3,0,0,0,0,1,200,200,16,16,0,68,200
0,200,30,1,2,0,1,10,6,3,0,0,0,0,1,200,200,16,16,0,25,200
0,200,30,1,2,0,4,14,2,2,0,0,0,0,0,200,200,21,17,1,23,200
0,200,30,1,2,0,4,14,2,2,0,0,0,0,0,200,200,21,17,0,52,200
4,200,30,0,0,0,3,8,2,2,0,0,0,1,200,200,200,200,200,0,36,200
0,200,30,0,0,0,1,10,5,2,0,0,0,0,200,200,1,18,200,0,200,200
0,200,30,0,0,0,1,10,5,2,0,0,0,0,200,200,1,18,200,0,63,200
0,200,15,0,0,200,200,14,7,200,0,200,0,0,200,0,200,17,200,0,30,200
0,200,15,0,0,200,200,14,7,200,0,200,0,0,200,0,200,17,200,1,31,200
0,200,30,1,2,0,1,14,5,2,0,0,0,0,200,200,200,17,17,0,40,200
0,200,30,1,2,0,1,14,5,2,0,0,0,0,200,200,200,17,17,1,26,200
1,200,30,1,2,0,1,14,5,2,0,0,0,0,200,200,200,17,17,0,26,200
0,200,15,0,0,0,4,0,7,200,0,0,0,0,200,200,200,20,200,1,200,200
0,200,15,0,0,0,4,0,7,200,0,0,0,0,200,200,200,20,200,0,26,200
0,200,30,1,2,0,1,10,5,2,0,0,0,0,200,200,200,0,0,0,25,200
0,200,30,1,2,0,1,10,5,2,0,0,0,0,200,200,200,0,0,1,67,200
0,200,15,0,0,0,3,0,7,1,0,0,200,0,200,200,1,200,200,1,200,200
0,200,15,0,0,0,3,0,7,1,0,0,200,0,200,200,1,200,200,1,31,200
0,200,25,2,2,0,4,7,5,2,0,0,0,1,1,200,200,11,33,0,12,200
0,0,30,0,0,0,1,0,2,200,0,0,0,0,200,200,200,17,17,0,17,200
0,0,30,0,0,0,1,0,2,200,0,0,0,0,200,200,200,17,17,1,52,200
0,200,30,0,0,0,1,10,5,200,0,0,0,1,200,200,200,18,200,0,43,200
0,200,30,0,0,0,1,10,5,200,0,0,0,1,200,200,200,18,200,0,0,200
0,200,30,0,0,0,1,10,5,200,0,0,0,1,200,200,200,18,200,1,200,200
1,200,30,0,0,0,1,10,5,200,0,0,0,1,200,200,200,18,200,0,200,200
0,200,30,0,0,0,4,0,5,200,0,0,0,0,200,200,200,0,0,0,200,200
0,200,30,0,0,0,4,0,5,200,0,0,0,0,200,200,200,0,0,0,23,200
0,200,30,0,0,200,0,8,5,200,0,200,200,0,200,200,200,0,0,0,54,200
4,200,30,0,0,200,0,8,5,200,0,200,200,0,200,200,200,0,0,0,200,200
0,200,25,1,2,0,1,14,6,4,0,0,0,0,200,200,200,23,200,0,31,200
0,200,25,1,2,0,1,14,6,4,0,0,0,0,200,200,200,23,200,1,26,200
1,200,25,1,2,0,1,14,6,4,0,0,0,0,200,200,200,23,200,1,39,200
1,200,25,1,2,0,1,14,6,4,0,0,0,0,200,200,200,23,200,0,34,200
0,200,35,0,0,0,0,7,2,200,0,0,0,1,200,200,200,21,200,0,38,200
0,200,30,0,0,0,1,10,5,2,0,0,0,0,200,200,200,18,200,0,18,200
0,200,30,0,0,0,1,10,5,2,0,0,0,0,200,200,200,18,200,1,51,200
0,200,25,0,0,0,1,12,6,200,0,0,0,0,200,200,0,0,0,1,200,200
0,200,25,0,0,0,1,12,6,200,0,0,0,0,200,200,0,0,0,1,39,200
0,200,30,0,0,0,3,14,5,2,0,0,0,0,200,200,200,17,200,0,32,200
0,200,30,0,0,0,3,14,5,2,0,0,0,0,200,200,200,17,200,1,34,200
1,200,30,0,0,0,3,14,5,2,0,0,0,0,200,200,200,17,200,0,12,200
0,200,30,0,0,0,1,10,5,2,0,0,0,0,200,200,200,18,16,1,200,200
0,200,30,0,0,0,1,10,5,2,0,0,0,0,200,200,200,18,16,1,200,200
0,200,30,0,0,0,1,12,3,3,0,0,0,0,200,200,200,22,200,0,62,200
0,200,30,0,0,0,1,12,3,3,0,0,0,0,200,200,200,22,200,0,52,200
0,200,30,1,0,0,3,10,3,200,2,0,0,1,200,200,200,16,200,1,23,200
0,200,30,1,0,0,3,10,3,200,2,0,0,1,200,200,200,16,200,0,49,200
0,200,30,1,0,0,3,10,3,200,2,0,0,1,200,200,200,16,200,0,53,200
0,200,30,0,0,0,3,7,5,200,0,0,0,0,200,0,1,0,200,2,200,200
0,200,25,0,0,0,3,7,5,200,0,0,0,0,200,200,200,0,0,0,64,200
0,200,30,0,0,0,1,7,6,1,0,0,0,0,200,200,1,0,0,2,200,200
0,200,30,1,2,0,3,10,2,4,0,0,0,1,200,200,200,16,200,1,26,200
0,200,30,1,2,0,3,10,2,4,0,0,0,1,200,200,200,16,200,1,18,200
0,200,30,1,2,0,3,10,2,4,0,0,0,1,200,200,200,16,200,1,42,200
0,200,30,0,0,0,1,10,8,200,0,0,0,0,200,200,200,20,0,0,57,200
0,200,30,0,0,0,1,10,8,200,0,0,0,0,200,200,200,20,0,0,60,200
0,200,30,0,0,0,1,12,5,2,0,0,0,0,200,200,200,22,18,0,200,200
0,200,30,0,0,0,1,12,5,2,0,0,0,0,200,200,200,22,18,0,0,200
0,200,30,0,0,0,3,8,2,4,0,0,0,1,200,200,1,17,25,0,200,200
4,200,30,0,0,0,3,8,2,4,0,0,0,1,200,200,1,17,25,0,200,200
0,200,30,12,2,0,3,7,2,2,0,0,0,0,200,200,1,21,11,2,200,200
0,200,30,0,0,0,1,7,12,200,0,0,0,0,200,200,1,20,0,1,200,200
0,200,35,1,200,0,3,12,5,2,0,200,200,0,200,200,200,22,0,0,23,200
0,200,35,1,200,0,3,12,5,2,0,200,200,0,200,200,200,22,0,0,23,200
0,200,25,0,0,0,3,2,6,1,0,0,0,0,200,200,1,20,25,1,200,200
0,1,30,0,0,0,3,7,7,2,0,0,0,0,200,200,1,0,200,2,200,200
0,200,25,1,2,0,1,10,5,4,0,0,0,0,1,200,200,0,0,0,200,200
0,200,25,1,2,0,1,10,5,4,0,0,0,0,1,200,200,0,0,0,22,200
1,200,25,1,2,0,1,10,5,4,0,0,0,0,1,200,200,0,0,0,43,200
0,200,30,0,0,0,3,7,5,2,0,0,0,0,200,200,200,20,8,0,39,200
0,200,30,1,2,0,3,14,2,1,0,0,0,1,1,200,200,17,200,1,23,200
0,200,30,1,2,0,3,14,2,1,0,0,0,1,1,200,200,17,200,0,60,200
0,200,30,0,0,0,4,12,2,4,0,0,0,0,200,200,1,21,200,0,200,200
0,200,30,0,0,0,4,12,2,4,0,0,0,0,200,200,1,21,200,0,66,200
0,200,15,0,0,0,1,11,0,200,0,200,200,0,1,200,200,22,22,1,42,200
0,200,15,0,0,0,1,11,0,200,0,200,200,0,1,200,200,22,22,1,32,200
0,200,30,1,2,0,3,14,5,3,0,0,0,0,1,200,200,21,200,0,43,200
0,200,30,1,2,0,3,14,5,3,0,0,0,0,1,200,200,21,200,1,57,200
0,200,30,0,0,0,0,8,2,4,0,0,0,1,200,200,200,0,0,1,62,200
4,200,30,0,0,0,0,8,2,4,0,0,0,1,200,200,200,0,0,0,55,200
0,1,30,0,0,0,3,14,2,2,0,0,0,0,200,200,200,0,0,0,66,200
0,1,30,0,0,0,3,14,2,2,0,0,0,0,200,200,200,0,0,0,49,200
0,200,30,1,2,0,3,9,5,4,0,0,0,1,1,200,200,17,0,0,37,200
5,200,30,1,2,0,3,9,5,4,0,0,0,1,1,200,200,17,0,1,66,200
0,200,30,0,0,0,3,12,6,200,0,0,200,0,200,200,200,0,0,1,62,200
0,200,30,0,0,0,3,12,6,200,0,0,200,0,200,200,200,0,0,0,31,200
1,200,30,0,0,0,3,12,6,200,0,0,200,0,200,200,200,0,0,0,35,200
0,0,15,0,0,0,1,7,7,0,0,0,0,0,200,200,1,20,11,0,200,200
0,200,30,0,0,0,0,10,7,200,0,0,0,0,200,200,200,20,200,1,200,200
0,200,30,0,0,0,0,10,7,200,0,0,0,0,200,200,200,20,200,0,34,200
0,200,30,0,0,0,1,12,5,2,0,0,0,0,200,200,200,0,0,1,24,200
0,200,30,0,0,0,1,12,5,2,0,0,0,0,200,200,200,0,0,0,77,200
0,200,25,0,0,0,3,7,5,200,0,0,0,0,200,200,200,0,0,2,200,200
0,200,0,0,0,0,3,2,0,200,0,0,0,0,200,200,200,0,0,1,41,200
1,200,0,0,0,0,3,2,0,200,0,0,0,0,200,200,200,0,0,1,200,200
0,200,30,0,0,0,1,14,5,200,0,0,0,0,200,200,200,22,200,0,200,200
0,200,30,0,0,0,1,14,5,200,0,0,0,0,200,200,200,22,200,0,73,200
0,200,30,0,0,0,1,7,6,1,0,0,0,0,200,200,200,22,0,0,31,200
0,200,30,1,2,0,1,10,5,200,0,0,0,0,1,200,200,18,0,0,17,200
0,200,30,1,2,0,1,10,5,200,0,0,0,0,1,200,200,18,0,0,200,200
1,200,30,1,2,0,1,10,5,200,0,0,0,0,1,200,200,18,0,1,200,200
1,200,30,1,2,0,1,10,5,200,0,0,0,0,1,200,200,18,0,0,200,200
0,200,30,2,2,0,3,0,5,2,0,0,0,1,1,200,200,17,200,1,25,200
0,200,30,2,2,0,3,0,5,2,0,0,0,1,1,200,200,17,200,0,27,200
1,200,30,2,2,0,3,0,5,2,0,0,0,1,1,200,200,17,200,0,23,200
0,200,0,0,0,0,4,7,7,200,0,0,0,0,200,1,200,0,0,0,56,200
0,200,35,0,0,0,0,11,5,2,0,0,0,0,200,200,200,17,200,0,62,200
0,200,35,0,0,0,0,11,5,2,0,0,0,0,200,200,200,17,200,0,23,200
0,200,30,2,2,0,3,0,2,2,0,0,0,0,1,200,200,16,0,0,200,200
0,200,30,2,2,0,3,0,2,2,0,0,0,0,1,200,200,16,0,1,33,200
0,200,30,2,2,0,1,10,5,2,0,0,0,0,1,200,200,0,0,0,47,200
0,200,30,2,2,0,1,10,5,2,0,0,0,0,1,200,200,0,0,1,56,200
0,1,30,0,0,0,4,7,5,2,0,0,0,0,200,200,1,20,0,2,200,200
0,200,30,1,2,0,3,7,5,2,0,0,0,1,200,200,200,6,23,0,44,200
0,200,30,0,0,0,1,10,200,0,0,0,0,0,200,200,200,16,200,0,200,200
0,200,30,0,0,0,1,10,200,0,0,0,0,0,200,200,200,16,200,0,28,200
0,0,30,2,2,0,3,7,5,2,0,0,0,0,200,200,1,0,0,2,200,200
0,200,30,0,0,0,0,7,7,200,0,0,0,1,200,200,1,11,200,0,200,200
1,200,30,0,0,0,0,7,7,200,0,0,0,1,200,200,1,11,200,0,62,200
0,200,30,0,0,0,3,2,2,2,0,0,0,1,200,200,200,0,18,1,20,200
0,200,35,2,2,0,3,10,2,6,2,0,0,1,1,200,200,16,0,0,30,200
0,200,35,2,2,0,3,10,2,6,2,0,0,1,1,200,200,16,0,0,35,200
0,1,25,0,0,0,3,7,6,1,0,0,0,0,200,200,200,0,200,0,53,200
0,200,30,0,0,0,3,0,5,200,0,0,0,1,1,200,200,0,0,0,28,200
0,200,30,0,0,0,3,0,5,200,0,0,0,1,1,200,200,0,0,0,44,200
1,200,30,0,0,0,3,0,5,200,0,0,0,1,1,200,200,0,0,0,39,200
0,200,30,7,12,0,3,10,5,6,0,0,0,1,200,200,200,16,0,0,22,200
0,200,30,7,12,0,3,10,5,6,0,0,0,1,200,200,200,16,0,0,33,200
1,200,30,7,12,0,3,10,5,6,0,0,0,1,200,200,200,16,0,1,53,200
0,200,30,0,0,0,3,7,5,2,0,0,0,0,200,200,1,0,0,2,200,200
0,200,30,1,2,200,3,10,1,200,0,200,200,0,1,200,1,6,18,2,200,200
0,200,30,1,2,200,3,10,1,200,0,200,200,0,1,200,1,6,18,0,64,200
0,1,30,0,0,0,3,7,6,1,0,0,0,0,200,200,1,20,0,0,200,200
0,200,35,1,2,0,3,14,3,200,0,0,0,0,1,200,200,11,200,0,24,200
0,200,35,1,2,0,3,14,3,200,0,0,0,0,1,200,200,11,200,0,17,200
0,200,20,0,0,0,0,7,6,1,0,0,0,1,200,200,1,16,14,2,200,200
0,200,30,1,2,0,3,10,3,200,0,0,0,1,1,200,0,18,200,0,200,200
0,200,30,1,2,0,3,10,3,200,0,0,0,1,1,200,0,18,200,1,25,200
1,200,30,1,2,0,3,10,3,200,0,0,0,1,1,200,0,18,200,1,49,200
1,200,30,1,2,0,3,10,3,200,0,0,0,1,1,200,0,18,200,0,1,200
0,200,30,0,0,0,3,7,6,1,0,1,0,1,200,200,1,21,0,0,200,200
0,200,30,0,12,0,3,2,3,1,0,0,1,0,200,200,200,4,200,0,50,200
0,0,35,0,0,0,3,3,5,2,0,0,0,1,200,200,200,17,0,0,33,200
0,0,35,0,0,0,3,3,5,2,0,0,0,1,200,200,200,17,0,1,20,200
0,200,35,0,0,0,3,3,5,200,0,0,12,1,200,200,200,16,28,0,57,200
0,200,35,0,0,0,3,3,5,200,0,0,12,1,200,200,200,16,28,0,37,200
0,200,30,1,2,0,0,8,3,4,0,0,0,1,200,200,200,17,16,0,66,200
4,200,30,1,2,0,0,8,3,4,0,0,0,1,200,200,200,17,16,0,24,200
0,200,30,0,0,2,0,7,5,2,0,1,0,0,200,200,1,0,0,2,200,200
0,200,30,1,2,0,3,9,5,4,0,0,0,1,200,200,200,16,200,0,33,200
5,200,30,1,2,0,3,9,5,4,0,0,0,1,200,200,200,16,200,0,71,200
0,200,30,3,2,0,3,7,6,1,0,0,0,0,200,200,1,21,200,2,200,200
0,0,30,1,2,0,3,14,3,4,0,0,0,1,1,200,200,23,23,0,77,200
0,0,30,1,2,0,3,14,3,4,0,0,0,1,1,200,200,23,23,0,57,200
0,200,30,0,0,0,1,12,2,4,0,0,0,0,200,200,200,17,21,0,65,200
0,200,30,0,0,0,1,12,2,4,0,0,0,0,200,200,200,17,21,0,31,200
0,200,35,0,0,0,2,4,5,200,0,12,4,0,200,200,200,200,200,0,53,200
0,200,30,1,2,0,2,12,12,5,0,0,0,0,1,200,1,22,23,2,200,200
0,200,30,1,2,0,2,12,12,5,0,0,0,0,1,200,1,22,23,1,27,200
1,200,30,1,2,0,2,12,12,5,0,0,0,0,1,200,1,22,23,2,200,200
1,200,30,1,2,0,2,12,12,5,0,0,0,0,1,200,1,22,23,2,200,200
1,200,30,1,2,0,2,12,12,5,0,0,0,0,1,200,1,22,23,2,200,200
1,200,30,1,2,0,2,12,12,5,0,0,0,0,1,200,1,22,23,2,200,200
0,200,30,1,200,0,1,10,5,4,0,200,0,0,200,200,1,0,200,0,200,200
0,200,30,1,200,0,1,10,5,4,0,200,0,0,200,200,1,0,200,1,59,200
0,200,30,0,0,0,1,14,5,2,0,0,0,1,1,200,200,23,33,0,40,200
0,200,30,0,0,0,1,14,5,2,0,0,0,1,1,200,200,23,33,0,35,200
0,200,25,2,2,0,1,14,5,200,0,0,0,0,1,200,200,0,200,1,52,200
0,200,25,2,2,0,1,14,5,200,0,0,0,0,1,200,200,0,200,0,46,200
0,200,30,1,0,0,1,10,3,200,0,0,0,0,1,200,200,18,0,0,56,200
0,200,30,1,0,0,1,10,3,200,0,0,0,0,1,200,200,18,0,1,75,200
1,200,30,1,0,0,1,10,3,200,0,0,0,0,1,200,200,18,0,0,200,200
0,200,30,1,2,0,1,14,1,200,0,0,0,1,1,200,200,17,16,0,0,200
0,200,30,1,2,0,1,14,1,200,0,0,0,1,1,200,200,17,16,1,60,200
0,200,35,0,0,0,1,10,5,200,0,0,0,0,200,200,200,18,200,1,38,200
0,200,35,0,0,0,1,10,5,200,0,0,0,0,200,200,200,18,200,0,55,200
0,200,30,200,200,200,1,12,5,200,0,200,200,0,200,200,200,0,0,1,27,200
0,200,30,200,200,200,1,12,5,200,0,200,200,0,200,200,200,0,0,0,38,200
0,200,30,2,2,0,1,14,3,2,0,0,0,1,1,1,200,17,11,0,49,200
0,200,30,2,2,0,1,14,3,2,0,0,0,1,1,1,200,17,11,1,27,200
0,1,25,0,0,200,200,7,6,2,0,200,200,0,200,200,1,200,200,2,200,200
0,200,30,0,0,0,1,7,5,200,0,0,0,0,200,200,1,0,0,2,200,200
0,200,30,0,0,0,1,9,5,200,0,0,0,1,1,200,200,0,200,0,34,200
5,200,30,0,0,0,1,9,5,200,0,0,0,1,1,200,200,0,200,1,40,200
0,200,30,2,2,0,1,0,5,200,0,0,0,1,200,200,200,28,200,1,33,200
0,200,30,2,2,0,1,0,5,200,0,0,0,1,200,200,200,28,200,0,26,200
0,200,30,1,2,0,1,7,6,3,0,0,0,0,200,200,200,0,0,0,56,200
1,200,30,1,2,0,1,7,6,3,0,0,0,0,200,200,200,0,0,0,200,200
1,200,30,1,2,0,1,7,6,3,0,0,0,0,200,200,200,0,0,0,200,200
1,200,30,1,2,0,1,7,6,3,0,0,0,0,200,200,200,0,0,1,200,200
1,200,30,1,2,0,1,7,6,3,0,0,0,0,200,200,200,0,0,0,200,200
1,200,30,1,2,0,1,7,6,3,0,0,0,0,200,200,200,0,0,1,200,200
1,200,30,1,2,0,1,7,6,3,0,0,0,0,200,200,200,0,0,1,200,200
1,200,30,0,0,0,1,7,5,200,0,0,0,0,1,200,200,21,200,200,200,200
0,200,30,0,0,0,1,7,5,200,0,0,0,0,1,200,200,21,200,1,50,200
1,200,30,0,0,0,1,7,5,200,0,0,0,0,1,200,200,21,200,200,200,200
1,200,30,0,0,0,1,7,5,200,0,0,0,0,1,200,200,21,200,0,200,200
1,200,30,0,0,0,1,7,5,200,0,0,0,0,1,200,200,21,200,200,200,200
1,200,30,0,0,0,1,7,5,200,0,0,0,0,1,200,200,21,200,200,200,200
1,200,30,0,0,0,1,7,5,200,0,0,0,0,1,200,200,21,200,200,200,200
1,200,30,0,0,0,1,7,5,200,0,0,0,0,1,200,200,21,200,200,200,200
0,200,25,0,0,0,1,7,5,2,0,0,0,0,200,200,200,17,17,0,66,200