PERSON_TYPE,CRASH_DATE_EST_I,POSTED_SPEED_LIMIT,TRAFFIC_CONTROL_DEVICE,DEVICE_CONDITION,WEATHER_CONDITION,LIGHTING_CONDITION,FIRST_CRASH_TYPE,TRAFFICWAY_TYPE,LANE_CNT,ALIGNMENT,ROADWAY_SURFACE_COND,ROAD_DEFECT,CRASH_TYPE,INTERSECTION_RELATED_I,NOT_RIGHT_OF_WAY_I,HIT_AND_RUN_I,PRIM_CONTRIBUTORY_CAUSE,SEC_CONTRIBUTORY_CAUSE,SEX,AGE,BAC_RESULT VALUE
0,200,30,0,0,0,1,10,2,2,0,0,200,0,200,200,200,18,200,0,52,200
0,200,0,0,0,0,1,10,2,200,0,0,0,0,200,200,200,20,200,1,28,200
0,200,0,0,0,0,1,10,2,200,0,0,0,0,200,200,200,20,200,1,30,200
0,200,30,200,200,200,200,10,5,200,0,200,200,0,200,200,200,0,200,0,22,200
0,200,30,200,200,200,200,10,5,200,0,200,200,0,200,200,200,0,200,1,35,200
0,200,30,0,0,0,1,7,5,2,0,0,0,0,200,200,200,11,0,1,200,200
0,200,30,0,0,0,1,10,2,200,0,0,0,1,200,200,200,0,0,0,32,200
0,200,30,0,0,0,1,10,2,200,0,0,0,1,200,200,200,0,0,0,60,200
1,200,30,0,0,0,1,10,2,200,0,0,0,1,200,200,200,0,0,1,21,200
0,200,30,0,0,0,1,7,6,3,0,0,2,1,200,200,200,27,200,1,25,200
1,200,30,0,0,0,1,7,6,3,0,0,2,1,200,200,200,27,200,1,3,200
0,200,0,0,0,0,1,2,7,200,0,0,0,1,200,1,200,27,200,0,67,200
0,200,30,0,0,0,1,7,7,1,0,0,0,0,200,1,1,20,18,0,200,200
0,200,25,0,0,0,1,11,5,2,0,0,0,1,200,200,200,25,16,1,39,0
0,200,25,0,0,0,1,11,5,2,0,0,0,1,200,200,200,25,16,0,38,200
0,200,25,0,0,0,1,11,5,2,0,0,0,1,200,200,200,25,16,1,35,200
0,200,25,0,0,0,1,11,5,2,0,0,0,1,200,200,200,25,16,1,40,200
1,200,25,0,0,0,1,11,5,2,0,0,0,1,200,200,200,25,16,0,11,200
0,200,30,0,0,0,1,12,5,4,0,0,0,0,200,200,1,0,0,0,200,200
0,200,30,0,0,0,1,12,5,4,0,0,0,0,200,200,1,0,0,1,21,200
0,200,30,1,2,0,1,10,2,2,0,0,0,0,200,200,1,0,0,0,200,200
0,200,30,1,2,0,1,10,2,2,0,0,0,0,200,200,1,0,0,0,51,200
0,200,30,0,0,0,1,7,5,2,0,0,0,0,200,200,200,0,0,0,52,200
0,200,30,1,2,0,1,10,5,200,0,0,0,0,200,200,200,18,200,1,47,200
0,200,30,1,2,0,1,10,5,200,0,0,0,0,200,200,200,18,200,0,65,200
1,200,30,1,2,0,1,10,5,200,0,0,0,0,200,200,200,18,200,1,53,200
4,200,30,0,0,0,1,8,5,2,0,0,0,1,200,200,200,17,0,1,22,200
1,200,30,0,0,0,1,8,5,2,0,0,0,1,200,200,200,17,0,0,38,200
0,200,15,0,0,0,1,12,6,1,0,0,0,1,200,200,200,20,11,0,35,200
0,200,15,0,0,0,1,12,6,1,0,0,0,1,200,200,200,20,11,0,0,200
1,200,15,0,0,0,1,12,6,1,0,0,0,1,200,200,200,20,11,0,19,200
1,200,15,0,0,0,1,12,6,1,0,0,0,1,200,200,200,20,11,1,18,200
0,200,30,0,0,0,1,12,5,200,0,0,0,0,200,200,200,22,16,1,29,200
0,200,30,0,0,0,1,12,5,200,0,0,0,0,200,200,200,22,16,1,41,200
1,200,30,0,0,0,1,12,5,200,0,0,0,0,200,200,200,22,16,0,200,200
1,200,30,0,0,0,1,12,5,200,0,0,0,0,200,200,200,22,16,1,200,200
1,200,30,0,0,0,1,12,5,200,0,0,0,0,200,200,200,22,16,0,200,200
0,200,30,0,0,0,1,14,2,2,0,0,0,1,1,200,1,15,21,0,200,200
0,200,30,0,0,0,1,14,2,2,0,0,0,1,1,200,1,15,21,1,49,200
0,200,30,0,0,0,1,10,5,200,0,0,0,0,200,200,200,0,0,0,77,200
0,200,30,0,0,0,1,10,5,200,0,0,0,0,200,200,200,0,0,0,200,200
0,200,0,1,2,2,1,10,3,1,0,1,0,0,200,200,200,0,0,1,38,200
0,200,0,1,2,2,1,10,3,1,0,1,0,0,200,200,200,0,0,0,50,200
0,200,25,1,2,0,1,7,5,200,0,0,0,1,1,200,1,0,0,2,200,200
0,200,30,0,0,0,1,12,5,200,0,0,0,0,200,200,200,17,0,1,26,200
0,200,30,0,0,0,1,12,5,200,0,0,0,0,200,200,200,17,0,0,50,200
1,200,30,0,0,0,1,12,5,200,0,0,0,0,200,200,200,17,0,0,5,200
0,200,15,0,0,0,1,2,0,1,0,0,0,0,200,1,200,20,200,0,200,200
0,200,30,0,0,0,1,10,5,2,0,0,0,1,200,200,200,16,0,1,76,200
0,200,30,0,0,0,1,10,5,2,0,0,0,1,200,200,200,16,0,1,58,200
0,200,30,0,0,0,1,10,5,2,0,0,0,1,200,200,200,16,0,1,35,200
0,200,30,0,0,0,1,10,5,2,0,0,0,1,200,200,200,16,0,1,68,200
1,200,30,0,0,0,1,10,5,2,0,0,0,1,200,200,200,16,0,1,91,200
0,200,25,0,0,0,2,10,5,200,0,0,0,0,200,200,200,0,200,0,41,200
0,200,25,0,0,0,2,10,5,200,0,0,0,0,200,200,200,0,200,1,30,200
0,200,30,0,0,0,1,10,5,200,0,0,0,0,200,200,200,200,200,0,24,200
0,200,30,0,0,0,1,10,5,200,0,0,0,0,200,200,200,200,200,1,47,200
0,200,30,0,0,0,1,11,0,1,0,0,0,0,200,200,200,20,200,0,29,200
0,200,30,0,0,0,1,11,0,1,0,0,0,0,200,200,200,20,200,1,25,200
0,200,35,1,2,0,1,0,3,200,0,0,0,1,1,200,1,22,17,0,200,200
0,200,35,1,2,0,1,0,3,200,0,0,0,1,1,200,1,22,17,0,27,200
0,200,45,0,0,0,1,12,3,3,0,0,0,1,200,200,200,200,200,0,30,200
0,200,45,0,0,0,1,12,3,3,0,0,0,1,200,200,200,200,200,1,21,200
1,200,45,0,0,0,1,12,3,3,0,0,0,1,200,200,200,200,200,1,26,200
1,200,45,0,0,0,1,12,3,3,0,0,0,1,200,200,200,200,200,1,20,200
0,200,30,0,0,0,1,7,6,1,0,0,200,0,200,200,1,0,0,2,200,200
0,200,35,0,0,0,1,10,5,200,0,0,0,0,200,200,200,18,0,0,27,200
0,200,35,0,0,0,1,10,5,200,0,0,0,0,200,200,200,18,0,0,64,200
0,200,30,0,0,0,1,0,6,1,0,0,0,1,200,200,200,0,0,0,20,200
0,200,30,0,0,0,1,0,6,1,0,0,0,1,200,200,200,0,0,1,45,200
0,200,30,200,200,0,1,10,7,200,0,0,0,0,200,200,200,20,0,1,38,200
0,200,30,200,200,0,1,10,7,200,0,0,0,0,200,200,200,20,0,1,58,200
1,200,30,200,200,0,1,10,7,200,0,0,0,0,200,200,200,20,0,0,54,200
0,200,25,0,0,0,1,7,5,2,0,0,0,0,200,200,1,0,0,2,200,200
0,0,25,0,200,0,1,7,2,4,0,0,0,0,200,200,1,200,200,2,200,200
0,200,35,0,0,0,1,7,5,2,0,0,0,0,200,200,200,18,200,0,200,200
0,200,30,0,0,0,1,12,5,200,0,0,0,0,200,200,200,0,0,0,200,200
0,200,30,0,0,0,1,12,5,200,0,0,0,0,200,200,200,0,0,1,35,200
1,200,30,0,0,0,1,12,5,200,0,0,0,0,200,200,200,0,0,0,200,200
1,200,30,0,0,0,1,12,5,200,0,0,0,0,200,200,200,0,0,0,200,200
0,200,30,0,0,0,1,7,6,1,0,200,200,0,200,200,1,0,0,2,200,200
0,200,30,0,0,0,1,14,5,2,0,0,0,1,200,200,200,11,200,0,19,200
0,200,30,0,0,0,1,14,5,2,0,0,0,1,200,200,200,11,200,0,19,200
1,200,30,0,0,0,1,14,5,2,0,0,0,1,200,200,200,11,200,0,19,200
1,200,30,0,0,0,1,14,5,2,0,0,0,1,200,200,200,11,200,0,37,200
0,200,30,0,0,1,1,12,5,4,0,1,0,0,200,200,200,0,200,0,26,200
0,200,30,0,0,1,1,12,5,4,0,1,0,0,200,200,200,0,200,0,26,200
1,200,30,0,0,1,1,12,5,4,0,1,0,0,200,200,200,0,200,1,49,200
1,200,30,0,0,1,1,12,5,4,0,1,0,0,200,200,200,0,200,1,14,200
0,200,30,0,0,0,1,10,5,200,0,0,0,0,200,200,200,18,200,0,47,200
0,200,30,0,0,0,1,10,5,200,0,0,0,0,200,200,200,18,200,0,36,200
0,200,30,0,0,0,1,12,5,200,0,200,200,0,200,200,200,0,0,0,40,200
0,200,30,0,0,0,1,12,5,200,0,200,200,0,200,200,200,0,0,0,36,200
0,200,5,0,0,0,1,7,7,1,0,0,200,0,200,200,200,0,200,1,56,200
0,200,30,0,0,0,1,0,2,4,0,0,0,1,200,200,200,17,200,1,23,200
0,200,30,0,0,0,1,0,2,4,0,0,0,1,200,200,200,17,200,1,39,200
0,200,30,0,0,2,1,10,5,200,0,1,0,0,200,200,200,18,200,0,54,200
0,200,30,0,0,2,1,10,5,200,0,1,0,0,200,200,200,18,200,0,27,200
0,1,15,200,200,200,200,7,6,1,0,200,0,0,200,200,1,0,200,2,200,200
0,200,0,0,0,0,1,2,12,0,0,0,0,0,200,1,200,20,11,0,55,200
0,200,30,0,0,0,1,12,6,2,0,0,0,0,200,200,200,22,0,0,32,200
0,200,30,0,0,0,1,12,6,2,0,0,0,0,200,200,200,22,0,1,25,200
0,200,30,0,0,200,200,7,6,1,0,200,200,0,200,200,1,0,0,2,200,200
0,200,30,0,0,0,1,10,12,4,0,0,200,0,200,200,200,0,0,0,37,200
0,200,30,0,0,0,1,10,12,4,0,0,200,0,200,200,200,0,0,1,63,200
0,200,15,0,0,0,1,7,6,1,0,0,0,0,200,200,200,11,0,0,77,200
1,200,15,0,0,0,1,7,6,1,0,0,0,0,200,200,200,11,0,1,24,200
0,200,30,0,0,2,1,9,5,200,0,0,0,1,200,200,1,0,0,1,200,200
5,200,30,0,0,2,1,9,5,200,0,0,0,1,200,200,1,0,0,1,23,200
0,200,30,0,0,0,1,11,2,2,0,0,0,0,200,200,200,25,0,0,25,200
0,200,30,0,0,0,1,11,2,2,0,0,0,0,200,200,200,25,0,0,20,200
0,200,30,0,0,0,1,2,3,2,0,0,0,1,200,200,200,12,200,0,43,200
0,200,30,0,0,0,1,7,6,200,0,0,0,0,200,200,200,0,0,0,18,200
0,200,30,0,0,0,1,9,5,200,0,0,0,1,200,200,1,0,200,2,200,200
5,200,30,0,0,0,1,9,5,200,0,0,0,1,200,200,1,0,200,1,45,200
0,200,45,0,0,0,1,10,3,4,0,0,0,0,200,200,200,16,200,0,52,200
0,200,45,0,0,0,1,10,3,4,0,0,0,0,200,200,200,16,200,0,44,200
1,200,45,0,0,0,1,10,3,4,0,0,0,0,200,200,200,16,200,0,51,200
1,200,45,0,0,0,1,10,3,4,0,0,0,0,200,200,200,16,200,0,21,200
1,200,45,0,0,0,1,10,3,4,0,0,0,0,200,200,200,16,200,0,37,200
1,200,45,0,0,0,1,10,3,4,0,0,0,0,200,200,200,16,200,0,36,200
1,200,45,0,0,0,1,10,3,4,0,0,0,0,200,200,200,16,200,1,40,200
1,200,45,0,0,0,1,10,3,4,0,0,0,0,200,200,200,16,200,200,37,200
1,200,45,0,0,0,1,10,3,4,0,0,0,0,200,200,200,16,200,0,26,200
1,200,45,0,0,0,1,10,3,4,0,0,0,0,200,200,200,16,200,1,55,200
1,200,45,0,0,0,1,10,3,4,0,0,0,0,200,200,200,16,200,0,200,200
1,200,45,0,0,0,1,10,3,4,0,0,0,0,200,200,200,16,200,200,200,200
1,200,45,0,0,0,1,10,3,4,0,0,0,0,200,200,200,16,200,2,200,200
1,200,45,0,0,0,1,10,3,4,0,0,0,0,200,200,200,16,200,200,200,200
1,200,45,0,0,0,1,10,3,4,0,0,0,0,200,200,200,16,200,1,200,200
1,200,45,0,0,0,1,10,3,4,0,0,0,0,200,200,200,16,200,2,200,200
1,200,45,0,0,0,1,10,3,4,0,0,0,0,200,200,200,16,200,1,200,200
1,200,45,0,0,0,1,10,3,4,0,0,0,0,200,200,200,16,200,2,200,200
1,200,45,0,0,0,1,10,3,4,0,0,0,0,200,200,200,16,200,1,200,200
1,200,45,0,0,0,1,10,3,4,0,0,0,0,200,200,200,16,200,0,200,200
0,200,35,0,0,0,1,2,7,1,0,0,0,0,200,200,200,0,0,1,51,200
0,200,30,0,0,0,1,7,5,200,0,0,0,0,200,200,200,200,200,1,200,200
1,200,30,0,0,0,1,7,5,200,0,0,0,0,200,200,200,200,200,0,200,200
0,200,30,0,0,2,1,10,5,200,0,1,0,0,200,200,200,18,16,1,29,200
0,200,30,0,0,2,1,10,5,200,0,1,0,0,200,200,200,18,16,0,58,200
0,200,30,1,2,0,1,10,5,2,0,0,0,0,1,200,200,16,200,0,200,200
0,200,30,1,2,0,1,10,5,2,0,0,0,0,1,200,200,16,200,1,200,200
0,200,20,0,0,0,1,7,6,1,0,0,200,0,200,200,200,0,0,0,33,200
0,200,30,0,0,0,1,12,5,2,0,0,200,0,200,200,200,0,0,0,50,200
0,200,30,0,0,0,1,12,5,2,0,0,200,0,200,200,200,0,0,0,27,200
0,200,30,1,2,1,1,10,2,1,0,0,0,0,200,200,200,18,200,0,22,200
0,200,30,1,2,1,1,10,2,1,0,0,0,0,200,200,200,18,200,1,49,200
0,200,30,1,2,1,1,14,12,200,0,0,0,0,1,200,200,23,0,0,57,200
0,200,30,1,2,1,1,14,12,200,0,0,0,0,1,200,200,23,0,1,40,200
0,200,30,0,0,0,1,11,5,200,0,0,0,0,200,200,200,0,200,1,35,200
0,200,30,0,0,0,1,11,5,200,0,0,0,0,200,200,200,0,200,1,23,200
0,200,30,1,2,0,1,14,2,200,2,1,0,1,1,200,200,17,200,0,25,200
0,200,30,1,2,0,1,14,2,200,2,1,0,1,1,200,200,17,200,1,41,200
1,200,30,1,2,0,1,14,2,200,2,1,0,1,1,200,200,17,200,1,10,200
0,200,30,1,2,0,1,10,5,200,0,0,0,0,200,200,200,18,16,1,68,200
0,200,30,1,2,0,1,10,5,200,0,0,0,0,200,200,200,18,16,0,35,200
1,200,30,1,2,0,1,10,5,200,0,0,0,0,200,200,200,18,16,1,200,200
0,200,30,0,0,1,1,7,5,200,0,1,0,0,200,200,200,200,200,0,61,200
0,200,30,200,200,200,200,3,200,200,0,0,200,0,200,200,200,0,200,0,18,200
0,200,30,200,200,200,200,3,200,200,0,0,200,0,200,200,200,0,200,1,40,200
0,200,20,2,2,0,1,10,5,2,0,0,200,0,200,200,200,20,33,0,36,200
0,200,20,2,2,0,1,10,5,2,0,0,200,0,200,200,200,20,33,0,38,200
0,200,30,0,0,2,1,12,2,2,2,1,0,0,200,200,200,17,22,0,35,200
0,200,30,0,0,2,1,12,2,2,2,1,0,0,200,200,200,17,22,0,46,200
1,200,30,0,0,2,1,12,2,2,2,1,0,0,200,200,200,17,22,0,200,200
0,200,15,0,0,0,1,3,7,200,0,0,0,0,200,200,200,0,0,1,27,200
0,200,15,0,0,0,1,3,7,200,0,0,0,0,200,200,200,0,0,1,38,200
1,200,15,0,0,0,1,3,7,200,0,0,0,0,200,200,200,0,0,0,11,200
0,200,30,0,0,0,1,0,7,200,0,0,0,0,200,1,200,20,0,0,80,200
0,200,30,0,0,0,1,0,7,200,0,0,0,0,200,1,200,20,0,0,46,200
0,200,30,1,2,2,4,14,2,4,0,1,0,1,200,200,200,21,18,1,31,200
0,200,30,1,2,2,4,14,2,4,0,1,0,1,200,200,200,21,18,0,30,200
4,200,30,1,2,0,1,8,2,200,0,0,0,1,1,200,200,17,200,0,35,200
0,200,30,1,2,0,1,8,2,200,0,0,0,1,1,200,200,17,200,0,41,200
0,200,30,2,2,0,1,14,2,4,0,1,0,0,1,200,200,0,0,0,40,200
0,200,30,2,2,0,1,14,2,4,0,1,0,0,1,200,200,0,0,1,35,200
1,200,30,2,2,0,1,14,2,4,0,1,0,0,1,200,200,0,0,1,200,200
4,200,30,1,2,2,1,8,5,2,0,1,200,1,200,200,1,10,200,0,45,200
0,200,30,1,2,2,1,8,5,2,0,1,200,1,200,200,1,10,200,0,200,200
0,200,30,2,2,1,1,10,12,1,0,0,200,0,1,200,1,18,18,0,200,200
0,200,30,2,2,1,1,10,12,1,0,0,200,0,1,200,1,18,18,1,35,200
1,200,30,2,2,1,1,10,12,1,0,0,200,0,1,200,1,18,18,1,200,200
0,200,30,0,0,0,1,0,7,200,0,0,200,0,200,200,200,17,0,1,46,200
0,200,30,0,0,0,1,0,7,200,0,0,200,0,200,200,200,17,0,0,35,200
0,200,30,0,0,0,1,12,2,200,0,0,0,0,200,200,200,17,17,1,21,200
0,200,30,0,0,0,1,12,2,200,0,0,0,0,200,200,200,17,17,0,62,200
0,200,30,2,0,0,1,10,2,200,0,0,0,1,200,200,200,18,18,0,31,200
0,200,30,2,0,0,1,10,2,200,0,0,0,1,200,200,200,18,18,0,34,200
1,200,30,2,0,0,1,10,2,200,0,0,0,1,200,200,200,18,18,1,42,200
0,200,30,1,2,1,1,10,5,2,0,1,0,0,200,200,200,0,0,0,45,200
0,200,30,1,2,1,1,10,5,2,0,1,0,0,200,200,200,0,0,0,35,200
0,200,30,0,0,0,1,7,7,1,0,0,0,0,200,200,1,0,200,2,200,200
0,200,30,0,0,0,1,14,2,4,0,0,0,1,1,200,200,17,23,0,19,200
0,200,30,0,0,0,1,14,2,4,0,0,0,1,1,200,200,17,23,0,45,200
1,200,30,0,0,0,1,14,2,4,0,0,0,1,1,200,200,17,23,0,19,200
1,200,30,0,0,0,1,14,2,4,0,0,0,1,1,200,200,17,23,1,15,200
0,200,30,200,200,2,200,12,5,200,0,1,200,0,1,200,200,21,16,0,52,200
0,200,30,200,200,2,200,12,5,200,0,1,200,0,1,200,200,21,16,0,44,200
0,200,30,0,0,2,1,10,5,4,0,1,0,1,200,200,200,22,0,1,32,200
0,200,30,0,0,2,1,10,5,4,0,1,0,1,200,200,200,22,0,0,44,200
0,200,30,1,2,0,1,10,5,2,0,1,0,0,1,200,200,18,16,0,200,200
0,200,30,1,2,0,1,10,5,2,0,1,0,0,1,200,200,18,16,0,200,200
1,200,30,1,2,0,1,10,5,2,0,1,0,0,1,200,200,18,16,0,200,200
1,200,30,1,2,0,1,10,5,2,0,1,0,0,1,200,200,18,16,0,200,200
1,200,30,1,2,0,1,10,5,2,0,1,0,0,1,200,200,18,16,0,200,200
0,200,30,2,2,2,1,0,5,200,0,1,0,0,1,200,200,17,200,0,46,200
0,200,30,2,2,2,1,0,5,200,0,1,0,0,1,200,200,17,200,0,37,200
0,200,30,0,0,2,1,12,2,2,0,1,0,0,200,200,1,25,22,0,200,200
0,200,30,0,0,2,1,12,2,2,0,1,0,0,200,200,1,25,22,1,78,200
1,200,30,0,0,2,1,12,2,2,0,1,0,0,200,200,1,25,22,1,47,200
0,200,15,0,0,0,1,7,5,200,0,0,0,1,200,200,200,16,0,0,26,200
0,200,15,0,0,1,1,3,0,1,0,1,0,0,200,200,200,11,11,0,37,200
0,200,15,0,0,1,1,3,0,1,0,1,0,0,200,200,200,11,11,0,28,200
0,200,35,0,0,0,1,10,2,200,1,0,0,1,200,200,200,12,200,1,0,200
0,200,35,0,0,0,1,10,2,200,1,0,0,1,200,200,200,12,200,0,25,200
1,200,35,0,0,0,1,10,2,200,1,0,0,1,200,200,200,12,200,1,15,200
0,200,30,0,0,0,1,14,5,200,0,1,0,0,200,200,200,0,0,1,41,200
0,200,30,0,0,0,1,14,5,200,0,1,0,0,200,200,200,0,0,0,39,200
0,200,30,1,2,0,1,10,5,2,0,0,0,0,200,200,200,0,0,1,200,200
0,200,30,1,2,0,1,10,5,2,0,0,0,0,200,200,200,0,0,1,30,200
0,200,15,0,0,2,4,7,6,200,0,1,0,0,200,200,200,0,0,0,55,200
1,200,15,0,0,2,4,7,6,200,0,1,0,0,200,200,200,0,0,0,200,200
0,200,30,2,2,2,1,10,2,4,0,1,0,0,200,200,200,18,16,1,29,200
0,200,30,2,2,2,1,10,2,4,0,1,0,0,200,200,200,18,16,1,32,200
0,200,35,2,2,1,1,0,5,2,0,0,0,1,1,200,200,17,200,1,44,200
0,200,35,2,2,1,1,0,5,2,0,0,0,1,1,200,200,17,200,1,66,200
0,200,30,1,2,6,1,12,5,4,0,1,0,0,200,200,200,0,200,0,48,200
0,200,30,1,2,6,1,12,5,4,0,1,0,0,200,200,200,0,200,1,32,200
1,200,30,1,2,6,1,12,5,4,0,1,0,0,200,200,200,0,200,0,48,200
1,200,30,1,2,6,1,12,5,4,0,1,0,0,200,200,200,0,200,0,27,200
4,1,30,0,0,2,1,8,5,2,0,1,0,0,200,200,200,0,200,0,47,200
0,1,30,0,0,2,1,8,5,2,0,1,0,0,200,200,200,0,200,1,57,200
0,200,30,0,0,0,1,2,3,200,0,0,0,1,200,200,200,3,0,0,29,200
0,200,35,200,200,2,1,10,5,200,0,1,0,0,200,200,200,0,200,1,200,200
0,200,35,200,200,2,1,10,5,200,0,1,0,0,200,200,200,0,200,0,200,200
1,200,35,200,200,2,1,10,5,200,0,1,0,0,200,200,200,0,200,1,200,200
1,200,35,200,200,2,1,10,5,200,0,1,0,0,200,200,200,0,200,0,200,200
0,200,30,0,0,0,4,10,5,200,0,0,0,0,200,200,200,200,200,0,58,200
0,200,30,0,0,0,4,10,5,200,0,0,0,0,200,200,200,200,200,1,200,200
0,200,30,200,200,200,200,10,200,200,0,200,200,0,200,200,200,0,200,0,27,200
0,200,30,200,200,200,200,10,200,200,0,200,200,0,200,200,200,0,200,0,22,200
1,200,30,200,200,200,200,10,200,200,0,200,200,0,200,200,200,0,200,0,22,200
1,200,30,200,200,200,200,10,200,200,0,200,200,0,200,200,200,0,200,1,55,200
0,200,35,1,2,2,1,10,2,5,0,1,0,1,1,200,200,16,34,0,37,200
0,200,35,1,2,2,1,10,2,5,0,1,0,1,1,200,200,16,34,0,17,200
0,200,30,0,0,1,4,0,0,200,0,1,0,1,200,200,200,3,200,0,35,200
0,200,30,0,0,1,4,0,0,200,0,1,0,1,200,200,200,3,200,0,49,200
1,200,30,0,0,1,4,0,0,200,0,1,0,1,200,200,200,3,200,1,200,200
1,200,30,0,0,1,4,0,0,200,0,1,0,1,200,200,200,3,200,200,200,200
0,200,30,1,2,0,1,10,6,200,0,1,0,0,200,200,200,20,200,1,26,200
0,200,30,1,2,0,1,10,6,200,0,1,0,0,200,200,200,20,200,1,48,200
0,200,30,0,0,0,1,7,5,200,0,1,0,0,200,200,200,0,0,0,27,200
0,200,30,0,0,0,1,11,5,200,0,0,0,0,200,200,1,200,200,1,200,200
0,200,30,0,0,0,1,11,5,200,0,0,0,0,200,200,1,200,200,1,30,200
0,200,25,0,0,2,4,9,6,1,0,1,0,1,200,200,200,17,200,0,44,200
5,200,25,0,0,2,4,9,6,1,0,1,0,1,200,200,200,17,200,0,39,200
0,200,30,1,2,2,1,10,5,200,0,1,0,0,200,200,200,18,18,0,21,200
0,200,30,1,2,2,1,10,5,200,0,1,0,0,200,200,200,18,18,0,63,200
1,200,30,1,2,2,1,10,5,200,0,1,0,0,200,200,200,18,18,1,200,200
0,200,30,0,0,1,4,12,3,4,0,0,0,0,200,200,200,21,200,1,66,200
0,200,30,0,0,1,4,12,3,4,0,0,0,0,200,200,200,21,200,0,70,200
0,200,30,1,2,0,1,14,5,4,0,0,0,0,1,200,200,21,17,1,55,200
0,200,30,1,2,0,1,14,5,4,0,0,0,0,1,200,200,21,17,1,36,200
1,200,30,1,2,0,1,14,5,4,0,0,0,0,1,200,200,21,17,1,200,200
0,200,0,1,2,0,1,12,6,200,0,0,0,0,200,200,200,22,200,1,39,200
0,200,0,1,2,0,1,12,6,200,0,0,0,0,200,200,200,22,200,1,24,200
0,200,35,0,0,0,1,10,5,200,0,1,0,0,200,200,200,18,0,1,200,200
0,200,35,0,0,0,1,10,5,200,0,1,0,0,200,200,200,18,0,0,43,200
1,200,35,0,0,0,1,10,5,200,0,1,0,0,200,200,200,18,0,1,5,200
1,200,35,0,0,0,1,10,5,200,0,1,0,0,200,200,200,18,0,0,5,200
0,200,30,0,0,0,1,7,5,200,0,0,0,0,200,200,200,22,16,1,200,200
1,200,30,0,0,0,1,7,5,200,0,0,0,0,200,200,200,22,16,0,200,200
0,200,30,0,0,1,1,14,5,4,0,0,0,0,200,200,200,11,0,0,43,200
0,200,30,0,0,1,1,14,5,4,0,0,0,0,200,200,200,11,0,0,38,200
1,200,30,0,0,1,1,14,5,4,0,0,0,0,200,200,200,11,0,1,33,200
1,200,30,0,0,1,1,14,5,4,0,0,0,0,200,200,200,11,0,0,7,200
1,200,30,0,0,1,1,14,5,4,0,0,0,0,200,200,200,11,0,0,11,200
1,200,30,0,0,1,1,14,5,4,0,0,0,0,200,200,200,11,0,0,9,200
0,200,30,1,2,0,4,12,5,2,0,200,200,0,1,200,200,0,0,1,24,200
0,200,30,1,2,0,4,12,5,2,0,200,200,0,1,200,200,0,0,1,39,200
0,200,30,0,0,0,1,8,5,2,0,0,0,1,200,200,200,0,200,0,22,200
4,200,30,0,0,0,1,8,5,2,0,0,0,1,200,200,200,0,200,0,25,200
0,200,30,0,0,0,1,8,5,2,0,0,0,1,200,200,200,0,200,1,52,200
1,200,30,0,0,0,1,8,5,2,0,0,0,1,200,200,200,0,200,0,21,200
1,200,30,0,0,0,1,8,5,2,0,0,0,1,200,200,200,0,200,1,56,200
0,200,30,0,0,0,4,2,5,200,0,1,0,1,200,200,200,28,200,0,48,200
4,200,30,0,0,0,1,7,5,200,0,1,0,0,200,200,200,0,200,1,26,200
0,200,30,0,0,0,1,7,5,200,0,1,0,0,200,200,200,0,200,0,34,200
1,200,30,0,0,0,1,7,5,200,0,1,0,0,200,200,200,0,200,1,0,200
0,200,30,0,0,0,1,10,5,4,0,0,0,0,1,200,200,18,11,1,47,200
0,200,30,0,0,0,1,10,5,4,0,0,0,0,1,200,200,18,11,1,64,200
0,200,30,0,200,0,1,12,3,200,0,0,0,0,200,200,200,0,200,0,31,200
0,200,30,0,200,0,1,12,3,200,0,0,0,0,200,200,200,0,200,0,25,200
4,200,25,2,2,2,1,8,6,1,0,1,12,1,200,200,200,34,0,0,55,200
0,200,25,2,2,2,1,8,6,1,0,1,12,1,200,200,200,34,0,0,39,200
0,200,30,2,0,0,1,0,6,1,0,0,0,0,1,200,1,5,200,0,200,200
0,200,30,2,0,0,1,0,6,1,0,0,0,0,1,200,1,5,200,0,63,200
1,200,30,2,0,0,1,0,6,1,0,0,0,0,1,200,1,5,200,0,200,200
0,200,30,200,200,0,1,12,200,200,0,200,200,0,200,200,1,0,200,0,26,200
0,200,30,200,200,0,1,12,200,200,0,200,200,0,200,200,1,0,200,0,21,200
1,200,30,200,200,0,1,12,200,200,0,200,200,0,200,200,1,0,200,1,200,200
0,200,30,0,0,0,1,10,5,200,0,0,0,0,200,200,200,200,200,1,200,200
0,200,30,0,0,0,1,10,5,200,0,0,0,0,200,200,200,200,200,0,61,200
0,200,30,0,0,0,1,10,2,2,0,0,200,0,200,200,200,27,0,0,200,200
0,200,30,0,0,0,1,10,2,2,0,0,200,0,200,200,200,27,0,0,30,200
0,200,30,0,0,0,1,10,2,2,0,0,200,0,200,200,200,27,0,0,200,200