PERSON_TYPE,CRASH_DATE_EST_I,POSTED_SPEED_LIMIT,TRAFFIC_CONTROL_DEVICE,DEVICE_CONDITION,WEATHER_CONDITION,LIGHTING_CONDITION,FIRST_CRASH_TYPE,TRAFFICWAY_TYPE,LANE_CNT,ALIGNMENT,ROADWAY_SURFACE_COND,ROAD_DEFECT,CRASH_TYPE,INTERSECTION_RELATED_I,NOT_RIGHT_OF_WAY_I,HIT_AND_RUN_I,PRIM_CONTRIBUTORY_CAUSE,SEC_CONTRIBUTORY_CAUSE,SEX,AGE,BAC_RESULT VALUE
0,200,25,0,0,0,4,7,6,1,0,0,0,0,200,200,1,20,0,0,200,200
0,200,15,0,0,0,1,7,0,1,0,0,0,0,200,200,200,11,0,1,200,200
1,200,15,0,0,0,1,7,0,1,0,0,0,0,200,200,200,11,0,1,200,200
0,200,30,1,200,0,1,14,2,200,0,200,200,0,1,200,200,17,200,1,41,200
0,200,30,1,200,0,1,14,2,200,0,200,200,0,1,200,200,17,200,1,60,200
1,200,30,1,200,0,1,14,2,200,0,200,200,0,1,200,200,17,200,1,20,200
0,200,30,0,0,0,1,7,5,200,0,0,0,0,200,200,1,0,200,2,200,200
0,200,30,2,2,0,1,0,5,3,0,0,0,0,200,200,200,17,17,1,72,200
0,200,30,2,2,0,1,0,5,3,0,0,0,0,200,200,200,17,17,1,20,200
0,200,30,2,2,0,1,0,5,2,0,0,0,0,1,200,200,17,200,0,24,200
0,200,30,2,2,0,1,0,5,2,0,0,0,0,1,200,200,17,200,1,25,200
1,200,30,2,2,0,1,0,5,2,0,0,0,0,1,200,200,17,200,0,20,200
1,200,30,2,2,0,1,0,5,2,0,0,0,0,1,200,200,17,200,1,5,200
1,200,30,2,2,0,1,0,5,2,0,0,0,0,1,200,200,17,200,0,9,200
1,200,30,2,2,0,1,0,5,2,0,0,0,0,1,200,200,17,200,1,3,200
1,200,30,2,2,0,1,0,5,2,0,0,0,0,1,200,200,17,200,0,26,200
0,200,0,2,2,0,1,0,200,200,0,12,200,0,1,200,200,0,200,1,40,200
0,200,0,2,2,0,1,0,200,200,0,12,200,0,1,200,200,0,200,1,25,200
0,200,30,0,0,200,1,7,5,200,0,200,200,0,200,200,1,0,0,2,200,200
0,200,35,0,0,0,1,7,5,2,0,0,0,0,200,200,200,0,0,2,200,200
0,200,30,0,0,1,3,12,6,200,0,0,0,1,200,200,200,21,200,0,70,200
0,200,30,0,0,1,3,12,6,200,0,0,0,1,200,200,200,21,200,0,48,200
1,200,30,0,0,1,3,12,6,200,0,0,0,1,200,200,200,21,200,0,36,200
0,200,30,0,0,0,4,14,5,200,0,0,0,0,200,200,200,0,200,0,200,200
0,200,30,0,0,0,4,14,5,200,0,0,0,0,200,200,200,0,200,0,22,200
0,200,20,0,0,1,3,12,6,1,0,12,0,1,200,200,200,22,16,0,21,0.23
0,200,20,0,0,1,3,12,6,1,0,12,0,1,200,200,200,22,16,0,34,200
1,200,20,0,0,1,3,12,6,1,0,12,0,1,200,200,200,22,16,0,200,200
1,200,20,0,0,1,3,12,6,1,0,12,0,1,200,200,200,22,16,1,200,200
0,200,30,0,0,0,1,7,5,200,0,0,0,0,200,200,200,21,21,0,64,200
0,200,30,200,200,200,0,14,5,200,0,200,0,0,200,200,200,0,200,0,19,200
0,200,30,200,200,200,0,14,5,200,0,200,0,0,200,200,200,0,200,1,54,200
0,200,30,0,0,0,3,14,2,4,0,1,0,1,200,200,200,0,200,0,64,200
0,200,30,0,0,0,3,14,2,4,0,1,0,1,200,200,200,0,200,0,31,200
1,200,30,0,0,0,3,14,2,4,0,1,0,1,200,200,200,0,200,0,42,200
1,200,30,0,0,0,3,14,2,4,0,1,0,1,200,200,200,0,200,1,26,200
0,200,30,0,0,0,0,7,5,200,0,0,0,0,200,200,1,0,0,2,200,200
0,200,30,1,2,2,1,12,5,200,0,1,0,0,200,200,1,0,0,2,200,200
0,200,30,1,2,2,1,12,5,200,0,1,0,0,200,200,1,0,0,0,37,200
0,200,30,0,0,0,1,7,6,200,0,0,0,0,200,200,200,17,17,0,200,200
0,200,35,0,0,0,4,12,5,4,0,0,0,0,200,200,200,21,21,1,28,200
0,200,35,0,0,0,4,12,5,4,0,0,0,0,200,200,200,21,21,0,25,200
0,200,35,1,2,0,3,10,3,3,0,0,0,0,200,200,1,18,0,1,200,200
0,200,35,1,2,0,3,10,3,3,0,0,0,0,200,200,1,18,0,0,48,200
1,200,35,1,2,0,3,10,3,3,0,0,0,0,200,200,1,18,0,1,36,200
1,200,35,1,2,0,3,10,3,3,0,0,0,0,200,200,1,18,0,1,17,200
1,200,35,1,2,0,3,10,3,3,0,0,0,0,200,200,1,18,0,0,10,200
1,200,35,1,2,0,3,10,3,3,0,0,0,0,200,200,1,18,0,0,16,200
0,200,10,0,0,0,3,7,7,200,0,0,0,0,200,200,1,0,200,2,200,200
0,200,30,0,0,2,0,10,5,200,0,1,0,0,200,200,1,0,0,0,200,200
0,200,30,0,0,2,0,10,5,200,0,1,0,0,200,200,1,0,0,0,35,200
0,200,30,0,0,0,3,12,5,4,0,1,0,0,200,200,200,0,200,0,200,200
0,200,30,0,0,0,3,12,5,4,0,1,0,0,200,200,200,0,200,1,200,200
0,200,30,0,0,0,1,12,5,200,0,200,200,0,200,200,200,0,0,0,21,200
0,200,30,0,0,0,1,12,5,200,0,200,200,0,200,200,200,0,0,1,71,200
1,200,30,0,0,0,1,12,5,200,0,200,200,0,200,200,200,0,0,0,72,200
0,200,35,1,2,0,1,14,5,2,0,0,0,0,1,200,200,16,11,0,200,200
0,200,35,1,2,0,1,14,5,2,0,0,0,0,1,200,200,16,11,1,55,200
0,200,25,0,0,2,3,7,6,1,0,1,0,1,200,200,200,25,200,1,40,200
0,200,30,1,2,2,0,10,5,4,0,1,0,1,1,200,200,11,0,0,26,200
0,200,30,1,2,2,0,10,5,4,0,1,0,1,1,200,200,11,0,0,50,200
0,200,35,0,0,2,3,14,5,2,0,1,12,1,1,200,200,34,200,1,25,200
0,200,35,0,0,2,3,14,5,2,0,1,12,1,1,200,200,34,200,0,48,200
0,200,30,1,2,2,3,10,5,4,0,1,0,0,1,200,200,0,0,1,27,200
0,200,30,1,2,2,3,10,5,4,0,1,0,0,1,200,200,0,0,0,37,200
1,200,30,1,2,2,3,10,5,4,0,1,0,0,1,200,200,0,0,1,200,200
1,200,30,1,2,2,3,10,5,4,0,1,0,0,1,200,200,0,0,0,200,200
0,200,30,2,2,0,3,3,5,4,0,1,0,1,1,200,200,17,0,0,53,200
0,200,30,2,2,0,3,3,5,4,0,1,0,1,1,200,200,17,0,1,43,200
1,200,30,2,2,0,3,3,5,4,0,1,0,1,1,200,200,17,0,1,35,200
0,200,30,0,0,2,3,2,5,200,0,1,0,1,200,200,200,200,200,1,36,200
1,200,30,0,0,2,3,2,5,200,0,1,0,1,200,200,200,200,200,0,200,200
0,200,30,1,2,2,3,14,5,4,0,1,200,0,1,200,1,17,23,0,200,200
0,200,30,1,2,2,3,14,5,4,0,1,200,0,1,200,1,17,23,0,53,200
0,200,30,1,2,2,0,9,5,2,0,1,0,1,200,200,200,17,23,1,24,200
5,200,30,1,2,2,0,9,5,2,0,1,0,1,200,200,200,17,23,1,55,200
1,200,30,1,2,2,0,9,5,2,0,1,0,1,200,200,200,17,23,0,20,200
1,200,30,1,2,2,0,9,5,2,0,1,0,1,200,200,200,17,23,1,18,200
1,200,30,1,2,2,0,9,5,2,0,1,0,1,200,200,200,17,23,0,22,200
0,200,30,0,0,2,3,2,3,2,0,1,0,0,200,200,200,0,200,0,27,200
0,200,30,1,2,2,3,3,5,4,0,1,0,1,1,200,1,6,25,0,200,200
0,200,30,1,2,2,3,3,5,4,0,1,0,1,1,200,1,6,25,1,38,200
1,200,30,1,2,2,3,3,5,4,0,1,0,1,1,200,1,6,25,0,200,200
0,200,30,1,2,0,3,12,2,4,0,1,0,1,1,200,200,21,0,1,45,200
0,200,30,1,2,0,3,12,2,4,0,1,0,1,1,200,200,21,0,1,38,200
0,200,30,1,2,2,3,8,2,4,0,1,0,1,200,200,1,16,0,2,200,200
4,200,30,1,2,2,3,8,2,4,0,1,0,1,200,200,1,16,0,0,18,200
0,1,5,0,0,0,1,7,7,200,0,1,0,0,200,1,1,0,0,2,200,200
0,1,30,0,0,2,4,12,5,4,0,1,200,0,200,200,200,22,200,0,200,200
0,1,30,0,0,2,4,12,5,4,0,1,200,0,200,200,200,22,200,0,200,200
0,0,30,8,2,0,3,7,5,2,0,1,0,1,200,200,200,7,0,0,43,200
1,0,30,8,2,0,3,7,5,2,0,1,0,1,200,200,200,7,0,1,200,200
0,200,25,0,0,2,3,7,6,1,0,1,0,1,200,200,1,0,200,0,200,200
0,200,30,1,2,0,1,12,5,200,0,0,0,0,1,200,1,22,200,1,200,200
0,200,30,1,2,0,1,12,5,200,0,0,0,0,1,200,1,22,200,1,24,200
0,200,30,0,0,0,3,7,6,1,0,0,0,0,200,200,0,32,16,0,30,0.18
0,200,30,0,0,12,3,2,6,1,0,1,0,1,200,200,200,27,200,0,200,200
0,200,30,1,2,2,3,14,1,3,0,1,200,1,1,200,200,23,16,0,26,200
0,200,30,1,2,2,3,14,1,3,0,1,200,1,1,200,200,23,16,0,27,200
0,200,30,1,2,2,3,14,1,3,0,1,200,1,1,200,200,23,16,0,27,200
1,200,30,1,2,2,3,14,1,3,0,1,200,1,1,200,200,23,16,0,29,200
1,200,30,1,2,2,3,14,1,3,0,1,200,1,1,200,200,23,16,1,24,200
0,200,30,200,200,200,200,10,2,4,0,200,200,0,200,200,200,18,18,0,27,200
0,200,30,200,200,200,200,10,2,4,0,200,200,0,200,200,200,18,18,0,48,200
0,200,30,1,2,2,3,12,5,200,0,1,0,0,200,200,200,17,0,1,25,200
0,200,30,1,2,2,3,12,5,200,0,1,0,0,200,200,200,17,0,0,60,200
1,200,30,1,2,2,3,12,5,200,0,1,0,0,200,200,200,17,0,0,200,200
1,200,30,1,2,2,3,12,5,200,0,1,0,0,200,200,200,17,0,1,30,200
1,200,30,1,2,2,3,12,5,200,0,1,0,0,200,200,200,17,0,1,3,200
1,200,30,1,2,2,3,12,5,200,0,1,0,0,200,200,200,17,0,0,1,200
0,200,25,1,2,2,3,12,2,200,0,1,0,0,1,200,1,21,0,0,200,200
0,200,25,1,2,2,3,12,2,200,0,1,0,0,1,200,1,21,0,0,45,200
4,200,35,0,0,0,3,8,5,2,0,0,0,0,200,200,200,0,0,200,200,200
0,200,30,1,2,2,3,0,6,200,0,1,12,1,0,200,1,0,0,2,200,200
0,200,30,1,2,2,3,0,6,200,0,1,12,1,0,200,1,0,0,0,200,200
1,200,30,1,2,2,3,0,6,200,0,1,12,1,0,200,1,0,0,1,200,200
0,200,20,200,0,2,4,7,5,2,0,1,0,0,200,200,1,0,11,0,200,200
0,200,30,1,2,2,3,14,6,3,0,1,3,0,200,200,1,23,23,2,200,200
0,200,30,1,2,2,3,14,6,3,0,1,3,0,200,200,1,23,23,0,37,200
0,200,30,3,0,0,3,10,2,4,0,0,0,0,200,200,1,0,0,0,200,200
0,200,30,3,0,0,3,10,2,4,0,0,0,0,200,200,1,0,0,0,41,200
1,200,30,3,0,0,3,10,2,4,0,0,0,0,200,200,1,0,0,1,200,200
0,200,30,1,2,2,3,10,2,2,0,1,0,0,1,200,200,18,34,0,40,200
0,200,30,1,2,2,3,10,2,2,0,1,0,0,1,200,200,18,34,0,33,200
0,200,30,1,2,2,3,12,1,200,0,1,0,1,1,200,1,0,200,2,200,200
0,200,30,1,2,2,3,12,1,200,0,1,0,1,1,200,1,0,200,1,54,200
0,200,0,0,0,2,3,12,5,1,0,1,0,0,200,200,1,0,0,0,200,200
0,200,0,0,0,2,3,12,5,1,0,1,0,0,200,200,1,0,0,0,26,200
0,200,10,0,0,2,2,7,7,0,0,1,0,0,200,1,200,17,34,0,52,200
0,1,30,200,200,200,3,14,3,200,0,200,200,0,1,200,1,200,200,0,200,200
0,1,30,200,200,200,3,14,3,200,0,200,200,0,1,200,1,200,200,0,200,200
0,1,25,1,2,0,1,12,5,2,0,0,0,0,200,200,1,0,0,0,200,200
0,1,25,1,2,0,1,12,5,2,0,0,0,0,200,200,1,0,0,0,57,200
0,200,30,1,2,2,3,0,2,4,0,1,0,1,1,200,200,6,16,1,57,200
0,200,30,1,2,2,3,0,2,4,0,1,0,1,1,200,200,6,16,0,32,200
0,200,30,1,2,2,3,0,2,4,0,1,0,1,1,200,200,6,16,0,69,200
0,200,30,1,2,2,3,0,2,4,0,1,0,1,1,200,200,6,16,0,57,200
0,200,30,1,2,2,3,0,2,4,0,1,0,1,1,200,200,6,16,0,52,200
1,200,30,1,2,2,3,0,2,4,0,1,0,1,1,200,200,6,16,200,200,200
0,200,30,0,0,2,1,14,5,200,0,1,0,1,200,200,200,0,34,0,51,200
0,200,30,0,0,2,1,14,5,200,0,1,0,1,200,200,200,0,34,1,46,200
0,200,30,1,2,2,1,10,3,3,0,1,0,1,200,200,200,18,34,0,55,200
0,200,30,1,2,2,1,10,3,3,0,1,0,1,200,200,200,18,34,1,34,200
0,200,30,1,2,2,1,10,3,3,0,1,0,1,200,200,200,18,34,1,34,200
0,200,30,1,2,2,1,10,3,3,0,1,0,1,200,200,200,18,34,0,46,200
0,200,30,1,2,2,1,14,2,200,0,1,0,0,200,200,200,200,200,1,54,200
0,200,30,1,2,2,1,14,2,200,0,1,0,0,200,200,200,200,200,0,26,200
0,200,30,4,0,2,1,0,5,2,0,0,200,0,200,200,200,32,33,0,49,200
0,200,30,4,0,2,1,0,5,2,0,0,200,0,200,200,200,32,33,1,20,200
0,200,30,0,0,2,1,7,6,200,0,1,0,0,200,200,1,17,200,0,200,200
0,200,30,1,2,0,1,10,5,3,0,0,0,0,200,200,200,18,18,1,200,200
0,200,30,1,2,0,1,10,5,3,0,0,0,0,200,200,200,18,18,0,54,200
0,200,30,0,0,2,1,4,6,1,0,1,1,1,200,200,200,29,25,0,22,200
0,200,30,0,0,2,1,14,5,200,0,1,0,1,200,200,200,23,0,1,51,200
0,200,30,0,0,2,1,14,5,200,0,1,0,1,200,200,200,23,0,1,49,200
1,200,30,0,0,2,1,14,5,200,0,1,0,1,200,200,200,23,0,1,12,200
0,200,40,0,0,2,1,10,3,8,0,1,0,0,200,200,200,17,22,0,52,200
0,200,40,0,0,2,1,10,3,8,0,1,0,0,200,200,200,17,22,0,41,200
0,200,20,0,0,2,1,0,5,2,0,1,0,1,200,200,200,20,34,1,42,200
0,200,20,0,0,2,1,0,5,2,0,1,0,1,200,200,200,20,34,0,32,200
1,200,20,0,0,2,1,0,5,2,0,1,0,1,200,200,200,20,34,1,4,200
0,1,30,0,0,2,3,7,6,1,0,1,0,0,200,200,1,11,0,2,200,200
0,200,15,0,0,2,1,11,5,200,0,1,0,0,200,200,1,17,11,0,200,200
0,200,15,0,0,2,1,11,5,200,0,1,0,0,200,200,1,17,11,0,62,200
0,200,30,1,2,2,1,10,3,3,0,1,0,0,1,200,1,0,200,2,200,200
0,200,30,1,2,2,1,10,3,3,0,1,0,0,1,200,1,0,200,1,61,200
0,200,30,1,2,2,1,10,3,3,0,1,0,0,1,200,1,0,200,1,200,200
1,200,30,1,2,2,1,10,3,3,0,1,0,0,1,200,1,0,200,0,200,200
0,200,20,0,0,2,1,7,5,200,0,1,0,0,200,200,200,21,200,1,48,200
1,200,20,0,0,2,1,7,5,200,0,1,0,0,200,200,200,21,200,1,39,200
0,200,30,0,0,2,1,10,3,200,0,1,0,0,200,200,200,34,0,1,22,200
0,200,30,0,0,2,1,10,3,200,0,1,0,0,200,200,200,34,0,1,24,200
0,200,30,0,0,2,1,10,5,200,0,1,0,0,200,200,200,16,15,0,48,200
0,200,30,0,0,2,1,10,5,200,0,1,0,0,200,200,200,16,15,0,22,200
0,200,20,2,2,2,1,14,2,4,0,1,12,0,200,200,200,17,17,0,22,200
0,200,20,2,2,2,1,14,2,4,0,1,12,0,200,200,200,17,17,0,23,200
0,200,30,0,0,2,1,10,5,200,0,1,0,1,200,200,200,16,18,0,17,200
0,200,30,0,0,2,1,10,5,200,0,1,0,1,200,200,200,16,18,0,33,200
0,200,30,12,12,2,1,12,2,4,0,1,12,0,200,200,200,22,17,1,200,200
0,200,30,12,12,2,1,12,2,4,0,1,12,0,200,200,200,22,17,1,48,200
0,200,30,0,0,2,1,10,2,2,0,1,0,0,200,200,200,18,0,0,27,200
0,200,30,0,0,2,1,10,2,2,0,1,0,0,200,200,200,18,0,0,45,200
0,200,30,0,0,2,1,14,5,5,0,1,0,0,200,200,1,17,200,2,200,200
0,200,30,0,0,2,1,14,5,5,0,1,0,0,200,200,1,17,200,0,46,200
0,200,30,2,2,2,1,14,2,200,0,1,0,1,1,200,200,5,200,1,21,200
0,200,30,2,2,2,1,14,2,200,0,1,0,1,1,200,200,5,200,1,52,200
0,1,45,0,0,0,0,7,6,1,0,0,0,0,200,200,1,0,0,2,200,200
0,200,30,0,0,2,1,7,5,1,0,1,0,1,1,200,200,34,200,1,29,200
0,200,30,2,2,2,1,0,5,4,0,1,0,1,1,1,200,17,16,1,38,200
0,200,30,2,2,2,1,0,5,4,0,1,0,1,1,1,200,17,16,0,50,200
0,200,35,0,0,2,1,2,5,200,0,1,0,1,200,1,200,0,0,0,30,200
0,200,30,0,0,2,1,0,5,2,0,1,0,0,1,200,1,0,200,0,200,200
0,200,30,0,0,2,1,0,5,2,0,1,0,0,1,200,1,0,200,1,56,200
0,200,30,0,0,2,1,10,5,2,0,1,0,1,1,200,200,16,34,1,0,200
0,200,30,0,0,2,1,10,5,2,0,1,0,1,1,200,200,16,34,1,0,200
0,200,10,0,0,2,3,0,7,200,0,1,200,0,200,1,200,0,200,0,54,200
0,200,10,0,0,2,3,0,7,200,0,1,200,0,200,1,200,0,200,1,36,200
0,200,30,1,2,2,1,10,2,200,0,1,0,1,200,200,200,18,200,0,35,200
0,200,30,1,2,2,1,10,2,200,0,1,0,1,200,200,200,18,200,0,48,200
0,200,30,0,0,2,1,14,5,200,0,1,0,0,1,200,200,0,0,0,56,200
0,200,30,0,0,2,1,14,5,200,0,1,0,0,1,200,200,0,0,1,30,200
1,200,30,0,0,2,1,14,5,200,0,1,0,0,1,200,200,0,0,1,6,200
1,200,30,0,0,2,1,14,5,200,0,1,0,0,1,200,200,0,0,1,4,200
0,200,25,0,0,2,1,7,5,200,0,1,0,0,200,200,200,21,0,0,39,200
0,200,30,1,2,2,1,3,6,1,0,1,200,0,200,200,200,0,200,0,200,200
0,200,30,1,2,2,1,3,6,1,0,1,200,0,200,200,200,0,200,0,38,200
1,200,30,1,2,2,1,3,6,1,0,1,200,0,200,200,200,0,200,0,200,200
0,200,30,1,2,2,1,10,5,200,0,1,0,0,1,200,200,18,34,0,37,200
0,200,30,1,2,2,1,10,5,200,0,1,0,0,1,200,200,18,34,0,32,200
1,200,30,1,2,2,1,10,5,200,0,1,0,0,1,200,200,18,34,1,200,200
1,200,30,1,2,2,1,10,5,200,0,1,0,0,1,200,200,18,34,200,200,200
1,200,30,1,2,2,1,10,5,200,0,1,0,0,1,200,200,18,34,200,200,200
0,200,40,0,0,2,1,10,3,200,0,1,0,1,200,200,200,34,16,0,34,200
0,200,40,0,0,2,1,10,3,200,0,1,0,1,200,200,200,34,16,1,49,200
0,200,40,0,0,2,1,10,3,200,0,1,0,1,200,200,200,34,16,1,56,200
0,200,30,1,2,2,1,10,5,2,0,1,0,0,200,200,200,0,200,1,200,200
0,200,30,1,2,2,1,10,5,2,0,1,0,0,200,200,200,0,200,1,31,200
1,200,30,1,2,2,1,10,5,2,0,1,0,0,200,200,200,0,200,1,23,200
0,200,25,2,2,2,1,0,5,2,0,1,0,0,200,200,200,17,200,1,36,200
0,200,25,2,2,2,1,0,5,2,0,1,0,0,200,200,200,17,200,1,51,200
0,200,30,0,0,2,1,0,5,200,0,1,0,0,1,200,200,4,17,1,52,200
0,200,30,0,0,2,1,0,5,200,0,1,0,0,1,200,200,4,17,1,45,200
0,200,30,0,0,2,3,10,2,200,0,1,0,0,200,200,200,0,200,1,51,200
0,200,30,0,0,2,3,10,2,200,0,1,0,0,200,200,200,0,200,0,50,200
1,200,30,0,0,2,3,10,2,200,0,1,0,0,200,200,200,0,200,1,200,200
1,200,30,0,0,2,3,10,2,200,0,1,0,0,200,200,200,0,200,1,200,200
0,200,30,0,0,5,1,10,5,200,0,1,4,0,200,200,200,18,34,1,41,200
0,200,30,0,0,5,1,10,5,200,0,1,4,0,200,200,200,18,34,1,64,200
0,200,30,1,2,2,1,14,5,200,0,1,0,0,200,200,200,23,23,1,46,200
0,200,30,1,2,2,1,14,5,200,0,1,0,0,200,200,200,23,23,0,27,200
0,200,35,2,2,2,1,14,3,200,0,1,0,0,1,200,200,17,200,1,25,200
0,200,35,2,2,2,1,14,3,200,0,1,0,0,1,200,200,17,200,1,84,200
0,200,35,2,2,2,1,14,3,200,0,1,0,0,1,200,200,17,200,0,34,200
1,200,35,2,2,2,1,14,3,200,0,1,0,0,1,200,200,17,200,1,31,200
1,200,35,2,2,2,1,14,3,200,0,1,0,0,1,200,200,17,200,0,29,200
1,200,35,2,2,2,1,14,3,200,0,1,0,0,1,200,200,17,200,0,200,200
0,200,30,1,2,2,1,0,2,200,0,1,0,1,1,200,200,17,17,0,39,200
0,200,30,1,2,2,1,0,2,200,0,1,0,1,1,200,200,17,17,0,50,200
1,200,30,1,2,2,1,0,2,200,0,1,0,1,1,200,200,17,17,0,34,200
0,200,30,1,2,2,1,12,6,3,0,1,0,0,1,200,200,17,17,0,45,200
0,200,30,1,2,2,1,12,6,3,0,1,0,0,1,200,200,17,17,0,27,200
0,200,30,2,0,0,1,0,5,200,0,0,0,1,1,200,200,0,0,1,68,200
0,200,30,2,0,0,1,0,5,200,0,0,0,1,1,200,200,0,0,1,39,200
1,200,30,2,0,0,1,0,5,200,0,0,0,1,1,200,200,0,0,1,15,200
1,200,30,2,0,0,1,0,5,200,0,0,0,1,1,200,200,0,0,1,200,200
0,200,30,0,0,2,1,10,5,200,0,1,200,0,200,200,200,0,0,0,18,200
0,200,30,0,0,2,1,10,5,200,0,1,200,0,200,200,200,0,0,1,34,200
0,200,30,0,0,2,1,10,5,200,0,1,200,0,200,200,200,0,0,1,200,200
0,200,30,0,0,2,1,14,5,200,0,1,0,0,200,200,200,34,0,0,43,200
0,200,30,0,0,2,1,14,5,200,0,1,0,0,200,200,200,34,0,0,37,200
0,200,30,1,2,2,1,10,3,200,2,1,0,0,200,200,1,18,200,0,200,200
0,200,30,1,2,2,1,10,3,200,2,1,0,0,200,200,1,18,200,0,51,200
1,200,30,1,2,2,1,10,3,200,2,1,0,0,200,200,1,18,200,1,200,200
0,200,30,0,0,2,1,12,5,2,0,1,0,0,200,200,200,17,22,0,48,200
0,200,30,0,0,2,1,12,5,2,0,1,0,0,200,200,200,17,22,0,31,200
0,200,30,0,0,2,1,12,5,200,0,1,0,0,200,200,200,17,200,1,62,200
0,200,30,0,0,2,1,12,5,200,0,1,0,0,200,200,200,17,200,1,32,200
0,200,30,1,2,2,1,14,6,1,0,1,0,0,200,200,200,23,200,1,46,200
0,200,30,1,2,2,1,14,6,1,0,1,0,0,200,200,200,23,200,0,42,200
0,200,30,0,0,2,1,14,5,2,0,1,0,1,0,200,200,23,11,0,20,200
0,200,30,0,0,2,1,14,5,2,0,1,0,1,0,200,200,23,11,0,200,200
1,200,30,0,0,2,1,14,5,2,0,1,0,1,0,200,200,23,11,1,200,200
1,200,30,0,0,2,1,14,5,2,0,1,0,1,0,200,200,23,11,0,20,200
0,200,30,0,0,2,1,0,0,200,0,1,0,0,200,200,200,17,17,0,200,200
0,200,30,0,0,2,1,0,0,200,0,1,0,0,200,200,200,17,17,1,58,200
0,200,30,0,0,2,1,10,5,2,0,1,0,0,200,200,200,18,0,0,71,200
0,200,30,0,0,2,1,10,5,2,0,1,0,0,200,200,200,18,0,1,33,200
0,200,30,0,0,2,1,10,5,2,0,1,0,0,200,200,200,18,0,1,36,200
1,200,30,0,0,2,1,10,5,2,0,1,0,0,200,200,200,18,0,0,200,200
0,200,15,0,0,0,1,2,0,1,0,0,0,0,200,200,1,0,0,2,200,200
0,200,30,0,0,2,1,12,5,200,0,1,0,0,200,200,1,0,200,1,44,200
0,200,30,0,0,2,1,12,5,200,0,1,0,0,200,200,1,0,200,1,200,200
1,200,30,0,0,2,1,12,5,200,0,1,0,0,200,200,1,0,200,1,1,200
0,200,30,0,0,2,1,5,5,200,0,1,0,0,200,200,1,23,200,0,200,200
0,200,30,1,2,2,1,10,5,2,0,1,0,0,200,200,200,34,11,0,43,200
0,200,30,1,2,2,1,10,5,2,0,1,0,0,200,200,200,34,11,0,26,200
0,1,30,2,2,2,1,0,2,4,0,1,0,1,1,200,1,17,5,2,200,200
0,1,30,2,2,2,1,0,2,4,0,1,0,1,1,200,1,17,5,1,44,200
1,1,30,2,2,2,1,0,2,4,0,1,0,1,1,200,1,17,5,0,8,200
1,1,30,2,2,2,1,0,2,4,0,1,0,1,1,200,1,17,5,1,5,200
1,1,30,2,2,2,1,0,2,4,0,1,0,1,1,200,1,17,5,0,3,200
1,1,30,2,2,2,1,0,2,4,0,1,0,1,1,200,1,17,5,0,1,200
0,1,15,0,0,0,1,7,5,1,0,0,0,0,200,200,200,0,0,0,200,200
0,200,30,0,0,2,0,10,5,4,0,1,0,0,200,200,200,17,17,0,44,200
0,200,30,0,0,2,0,10,5,4,0,1,0,0,200,200,200,17,17,1,25,200
0,200,30,0,0,2,1,0,5,2,0,1,0,0,200,200,200,20,20,0,39,200
0,200,30,0,0,2,1,0,5,2,0,1,0,0,200,200,200,20,20,0,26,200
0,200,25,0,200,200,200,7,5,2,0,200,200,0,200,200,200,0,0,0,62,200
0,200,30,0,0,2,1,11,5,2,0,1,0,1,200,200,200,0,0,0,28,200
0,200,30,0,0,2,1,11,5,2,0,1,0,1,200,200,200,0,0,1,24,200
0,200,5,0,0,2,1,7,7,200,2,1,0,0,200,1,1,1,200,0,200,200
0,200,30,1,1,2,1,7,5,200,0,1,0,0,200,200,1,21,200,0,200,200
0,200,10,0,0,2,1,7,7,2,0,1,0,0,200,200,200,0,0,1,200,200
0,200,30,0,0,2,1,12,5,200,0,1,0,0,200,200,200,34,200,1,67,200
0,200,30,0,0,2,1,12,5,200,0,1,0,0,200,200,200,34,200,1,25,200
0,200,30,0,0,2,2,0,5,2,0,1,0,1,1,200,200,11,200,1,68,200
0,200,30,0,0,2,2,0,5,2,0,1,0,1,1,200,200,11,200,1,38,200
0,200,30,0,0,200,200,10,5,200,0,0,0,0,200,200,1,16,200,2,200,200
0,200,30,0,0,200,200,10,5,200,0,0,0,0,200,200,1,16,200,1,26,200
0,200,30,1,2,2,1,0,8,200,0,1,0,1,1,200,200,6,17,0,37,200
0,200,30,1,2,2,1,0,8,200,0,1,0,1,1,200,200,6,17,0,38,200
0,200,30,1,2,2,1,0,8,200,0,1,0,1,1,200,200,6,17,0,43,200
0,200,30,2,0,2,1,0,6,1,0,1,0,1,1,200,200,17,25,1,37,200
0,200,30,2,0,2,1,0,6,1,0,1,0,1,1,200,200,17,25,1,41,200
0,200,30,2,0,2,1,0,6,1,0,1,0,1,1,200,200,17,25,1,42,200
0,200,30,1,2,2,1,14,2,6,0,1,200,0,1,200,200,0,200,0,36,200
0,200,30,1,2,2,1,14,2,6,0,1,200,0,1,200,200,0,200,1,48,200
1,200,30,1,2,2,1,14,2,6,0,1,200,0,1,200,200,0,200,1,34,200
0,200,30,1,2,0,1,10,1,200,0,0,0,0,1,200,200,18,200,0,58,200
0,200,30,1,2,0,1,10,1,200,0,0,0,0,1,200,200,18,200,1,34,200
1,200,30,1,2,0,1,10,1,200,0,0,0,0,1,200,200,18,200,1,62,200