PERSON_TYPE,CRASH_DATE_EST_I,POSTED_SPEED_LIMIT,TRAFFIC_CONTROL_DEVICE,DEVICE_CONDITION,WEATHER_CONDITION,LIGHTING_CONDITION,FIRST_CRASH_TYPE,TRAFFICWAY_TYPE,LANE_CNT,ALIGNMENT,ROADWAY_SURFACE_COND,ROAD_DEFECT,CRASH_TYPE,INTERSECTION_RELATED_I,NOT_RIGHT_OF_WAY_I,HIT_AND_RUN_I,PRIM_CONTRIBUTORY_CAUSE,SEC_CONTRIBUTORY_CAUSE,SEX,AGE,BAC_RESULT VALUE
0,200,30,1,2,2,1,14,3,6,0,1,0,0,200,200,200,23,23,0,33,200
0,200,30,1,2,2,1,14,3,6,0,1,0,0,200,200,200,23,23,0,200,200
0,200,30,0,0,2,1,12,3,1,5,1,200,0,200,200,200,17,34,1,82,200
0,200,30,0,0,2,1,12,3,1,5,1,200,0,200,200,200,17,34,1,61,200
0,200,30,200,200,200,1,10,12,4,0,200,200,0,200,200,200,21,0,0,27,200
0,200,30,200,200,200,1,10,12,4,0,200,200,0,200,200,200,21,0,1,27,200
1,200,30,200,200,200,1,10,12,4,0,200,200,0,200,200,200,21,0,1,59,200
0,200,30,0,0,2,1,14,5,200,0,1,1,1,1,200,200,23,34,1,28,200
0,200,30,0,0,2,1,14,5,200,0,1,1,1,1,200,200,23,34,1,47,200
0,200,30,0,0,2,1,12,5,200,0,1,0,0,200,200,200,21,0,0,26,200
0,200,30,0,0,2,1,12,5,200,0,1,0,0,200,200,200,21,0,0,43,200
0,200,30,1,2,2,2,10,2,1,0,1,0,0,1,200,200,34,0,0,28,200
0,200,30,1,2,2,2,10,2,1,0,1,0,0,1,200,200,34,0,0,60,200
0,200,30,1,2,2,2,10,2,1,0,1,0,0,1,200,200,34,0,1,200,200
0,200,30,0,0,2,1,14,5,2,0,1,0,0,200,200,200,17,23,1,200,200
0,200,30,0,0,2,1,14,5,2,0,1,0,0,200,200,200,17,23,1,45,200
1,200,30,0,0,2,1,14,5,2,0,1,0,0,200,200,200,17,23,0,9,200
0,200,35,1,200,2,1,10,5,200,0,1,200,1,200,200,200,200,200,0,49,200
0,200,35,1,200,2,1,10,5,200,0,1,200,1,200,200,200,200,200,0,44,200
0,200,35,1,200,2,1,10,5,200,0,1,200,1,200,200,200,200,200,0,40,200
0,200,35,1,200,2,1,10,5,200,0,1,200,1,200,200,200,200,200,0,25,200
1,200,35,1,200,2,1,10,5,200,0,1,200,1,200,200,200,200,200,1,38,200
0,200,30,4,0,2,1,12,2,2,0,1,0,0,1,200,200,34,17,0,16,200
0,200,30,4,0,2,1,12,2,2,0,1,0,0,1,200,200,34,17,0,61,200
0,200,30,2,2,2,1,0,2,200,0,1,0,0,200,200,200,0,0,0,200,200
0,200,30,2,2,2,1,0,2,200,0,1,0,0,200,200,200,0,0,1,73,200
0,200,30,0,0,2,1,7,3,2,5,1,0,0,200,200,200,34,34,1,50,200
0,200,30,2,2,0,1,12,8,200,0,0,0,0,200,200,200,22,0,1,32,200
0,200,30,2,2,0,1,12,8,200,0,0,0,0,200,200,200,22,0,0,21,200
0,200,30,2,4,2,1,0,12,200,0,1,0,0,1,200,1,0,200,0,200,200
0,200,30,2,4,2,1,0,12,200,0,1,0,0,1,200,1,0,200,0,27,200
0,200,30,0,0,2,1,10,5,4,0,1,0,0,200,200,200,18,18,1,53,200
0,200,30,0,0,2,1,10,5,4,0,1,0,0,200,200,200,18,18,1,23,200
0,200,30,200,200,2,1,10,5,200,0,1,200,0,200,200,200,34,200,1,28,200
0,200,30,200,200,2,1,10,5,200,0,1,200,0,200,200,200,34,200,1,42,200
0,200,30,1,2,2,1,14,3,4,0,1,200,0,200,200,200,23,3,0,46,200
0,200,30,1,2,2,1,14,3,4,0,1,200,0,200,200,200,23,3,1,61,200
0,200,30,2,2,0,1,0,2,2,0,0,0,0,200,200,1,5,5,1,200,200
0,200,30,2,2,0,1,0,2,2,0,0,0,0,200,200,1,5,5,1,40,200
0,200,30,2,2,2,1,11,5,200,0,1,0,1,200,200,200,34,0,0,46,200
0,200,30,2,2,2,1,11,5,200,0,1,0,1,200,200,200,34,0,0,19,200
1,200,30,2,2,2,1,11,5,200,0,1,0,1,200,200,200,34,0,0,41,200
1,200,30,2,2,2,1,11,5,200,0,1,0,1,200,200,200,34,0,0,22,200
1,200,30,2,2,2,1,11,5,200,0,1,0,1,200,200,200,34,0,1,19,200
1,200,30,2,2,2,1,11,5,200,0,1,0,1,200,200,200,34,0,0,18,200
0,200,15,0,0,2,1,0,0,200,0,1,0,0,200,200,200,0,0,0,200,200
0,200,15,0,0,2,1,0,0,200,0,1,0,0,200,200,200,0,0,1,200,200
0,200,30,1,2,2,1,14,1,2,0,1,0,1,1,200,200,0,0,0,39,200
0,200,30,1,2,2,1,14,1,2,0,1,0,1,1,200,200,0,0,1,81,200
0,200,30,0,0,2,1,0,5,2,0,1,0,0,200,200,200,0,0,0,200,200
0,200,30,0,0,2,1,0,5,2,0,1,0,0,200,200,200,0,0,1,26,200
0,200,25,0,0,2,1,12,5,200,0,1,0,0,200,200,1,0,0,0,200,200
0,200,25,0,0,2,1,12,5,200,0,1,0,0,200,200,1,0,0,1,83,200
0,200,30,0,0,2,1,10,5,200,0,1,0,0,200,200,200,16,18,0,0,200
0,200,30,0,0,2,1,10,5,200,0,1,0,0,200,200,200,16,18,0,24,200
0,200,30,0,0,0,1,2,7,200,0,0,0,0,200,200,200,0,0,1,19,200
0,200,30,0,0,2,1,7,5,2,0,1,0,1,200,200,1,34,200,2,200,200
0,200,30,1,2,1,1,14,6,2,0,1,0,1,200,200,200,23,17,1,56,200
0,200,30,1,2,1,1,14,6,2,0,1,0,1,200,200,200,23,17,0,41,200
0,200,10,3,2,2,1,0,7,200,0,1,0,0,200,200,200,34,0,1,28,200
0,200,10,3,2,2,1,0,7,200,0,1,0,0,200,200,200,34,0,0,200,200
0,200,30,0,0,2,1,10,5,200,0,1,200,1,200,200,200,0,34,1,77,200
0,200,30,0,0,2,1,10,5,200,0,1,200,1,200,200,200,0,34,0,20,200
0,200,0,0,0,2,1,7,7,0,0,1,0,0,200,1,200,20,200,1,50,200
0,200,30,1,2,2,1,9,2,200,0,1,0,1,1,200,200,17,200,1,67,200
5,200,30,1,2,2,1,9,2,200,0,1,0,1,1,200,200,17,200,0,62,200
0,200,0,0,0,0,2,7,7,200,0,0,0,0,200,200,1,0,0,2,200,200
0,200,30,1,2,2,1,14,5,4,0,1,0,0,1,200,200,0,0,0,200,200
0,200,30,1,2,2,1,14,5,4,0,1,0,0,1,200,200,0,0,0,200,200
0,200,30,1,200,200,1,14,5,2,0,1,0,1,1,200,200,23,200,0,35,200
0,200,30,1,200,200,1,14,5,2,0,1,0,1,1,200,200,23,200,1,25,200
0,200,30,0,0,0,1,12,5,2,0,1,0,0,200,200,1,21,200,0,200,200
0,200,30,0,0,0,1,12,5,2,0,1,0,0,200,200,1,21,200,0,54,200
1,200,30,0,0,0,1,12,5,2,0,1,0,0,200,200,1,21,200,0,47,200
0,200,30,1,2,2,1,7,5,4,0,1,0,0,200,200,1,0,200,2,200,200
0,200,30,1,2,0,3,14,5,4,0,0,0,0,1,200,200,0,200,0,41,200
0,200,30,1,2,0,3,14,5,4,0,0,0,0,1,200,200,0,200,0,27,200
0,200,30,0,0,0,3,7,7,1,0,0,0,0,200,200,1,0,200,2,200,200
0,200,30,1,2,2,1,14,12,4,0,1,0,0,1,200,200,17,17,0,22,200
0,200,30,1,2,2,1,14,12,4,0,1,0,0,1,200,200,17,17,0,46,200
1,200,30,1,2,2,1,14,12,4,0,1,0,0,1,200,200,17,17,0,27,200
1,200,30,1,2,2,1,14,12,4,0,1,0,0,1,200,200,17,17,0,29,200
0,200,30,1,2,2,1,2,5,200,0,1,0,0,1,200,200,34,200,0,42,200
0,200,30,0,0,2,1,14,2,4,0,1,12,0,200,200,1,17,200,2,200,200
0,200,30,0,0,2,1,14,2,4,0,1,12,0,200,200,1,17,200,0,34,200
0,200,35,0,0,2,1,12,2,200,0,1,0,0,200,200,200,17,11,1,71,200
0,200,35,0,0,2,1,12,2,200,0,1,0,0,200,200,200,17,11,0,39,200
0,200,15,0,0,0,1,7,7,2,0,0,0,0,200,200,1,17,200,2,200,200
0,200,5,12,12,2,1,12,3,11,0,1,0,0,200,200,200,20,200,0,52,200
0,200,5,12,12,2,1,12,3,11,0,1,0,0,200,200,200,20,200,0,71,200
0,200,30,2,12,2,1,0,5,2,2,1,0,1,1,200,200,33,17,1,22,200
0,200,30,2,12,2,1,0,5,2,2,1,0,1,1,200,200,33,17,1,40,200
1,200,30,2,12,2,1,0,5,2,2,1,0,1,1,200,200,33,17,1,200,200
0,200,0,0,0,2,1,14,5,4,0,1,0,0,200,200,200,23,17,0,49,200
0,200,0,0,0,2,1,14,5,4,0,1,0,0,200,200,200,23,17,1,42,200
1,200,0,0,0,2,1,14,5,4,0,1,0,0,200,200,200,23,17,1,200,200
1,200,0,0,0,2,1,14,5,4,0,1,0,0,200,200,200,23,17,1,200,200
0,200,35,0,0,2,1,12,1,4,0,1,0,1,200,200,200,21,11,1,49,200
0,200,35,0,0,2,1,12,1,4,0,1,0,1,200,200,200,21,11,0,34,200
1,200,35,0,0,2,1,12,1,4,0,1,0,1,200,200,200,21,11,1,69,200
0,200,30,1,2,2,1,12,6,3,0,1,0,0,200,200,200,22,11,0,65,200
0,200,30,1,2,2,1,12,6,3,0,1,0,0,200,200,200,22,11,1,54,200
0,200,30,1,200,0,0,9,2,200,0,0,0,1,1,200,1,0,200,1,200,200
5,200,30,1,200,0,0,9,2,200,0,0,0,1,1,200,1,0,200,1,24,200
0,200,30,2,2,0,1,0,2,200,0,1,0,1,1,200,200,17,200,0,62,200
0,200,30,2,2,0,1,0,2,200,0,1,0,1,1,200,200,17,200,1,39,200
0,200,30,0,0,2,1,0,0,200,0,1,0,0,200,200,1,0,0,0,200,200
0,200,30,0,0,2,1,0,0,200,0,1,0,0,200,200,1,0,0,0,31,200
0,200,30,1,2,2,1,10,2,200,0,1,0,0,200,200,200,0,200,0,40,200
0,200,30,1,2,2,1,10,2,200,0,1,0,0,200,200,200,0,200,0,76,200
0,200,30,1,2,2,1,10,2,200,0,1,0,0,200,200,200,0,200,1,26,200
0,200,30,1,2,2,1,12,6,200,0,1,0,0,200,200,200,21,200,0,47,200
0,200,30,1,2,2,1,12,6,200,0,1,0,0,200,200,200,21,200,0,31,200
0,200,30,1,2,2,1,0,2,200,0,1,0,0,200,200,200,17,200,0,47,200
0,200,30,1,2,2,1,0,2,200,0,1,0,0,200,200,200,17,200,1,47,200
1,200,30,1,2,2,1,0,2,200,0,1,0,0,200,200,200,17,200,1,22,200
0,200,30,0,0,0,1,7,12,200,0,0,0,0,200,200,200,11,0,0,200,200
0,1,30,200,200,200,1,14,5,2,0,200,200,0,1,200,1,200,200,0,200,200
0,1,30,200,200,200,1,14,5,2,0,200,200,0,1,200,1,200,200,1,200,200
0,200,0,1,2,2,1,14,12,200,0,1,0,1,1,200,200,17,200,0,22,200
0,200,0,1,2,2,1,14,12,200,0,1,0,1,1,200,200,17,200,0,36,200
0,200,40,0,0,2,1,10,6,200,0,1,0,0,200,200,200,0,0,0,45,200
0,200,40,0,0,2,1,10,6,200,0,1,0,0,200,200,200,0,0,1,200,200
0,200,0,0,0,2,1,14,5,2,0,1,0,0,1,200,200,17,0,1,59,200
0,200,0,0,0,2,1,14,5,2,0,1,0,0,1,200,200,17,0,1,59,200
0,200,30,1,2,2,1,14,5,4,0,1,0,1,1,200,1,16,11,0,18,200
0,200,30,1,2,2,1,14,5,4,0,1,0,1,1,200,1,16,11,1,54,200
0,200,30,1,2,2,1,14,5,4,0,1,0,1,1,200,1,16,11,1,46,200
0,200,30,1,2,2,3,10,2,4,0,1,0,0,1,200,1,0,200,0,200,200
0,200,30,1,2,2,3,10,2,4,0,1,0,0,1,200,1,0,200,1,24,200
0,200,30,1,2,2,3,10,2,4,0,1,0,0,1,200,1,0,200,0,200,200
0,200,30,2,2,1,1,14,5,4,2,1,0,1,1,1,200,17,15,1,31,200
0,200,30,2,2,1,1,14,5,4,2,1,0,1,1,1,200,17,15,1,44,200
0,200,30,2,2,1,1,14,5,4,2,1,0,1,1,1,200,17,15,0,57,200
0,200,35,1,2,2,1,14,2,200,0,1,200,1,1,200,200,17,200,0,42,200
0,200,35,1,2,2,1,14,2,200,0,1,200,1,1,200,200,17,200,0,22,200
1,200,35,1,2,2,1,14,2,200,0,1,200,1,1,200,200,17,200,1,19,200
0,200,30,0,0,0,1,10,5,200,0,0,0,0,200,200,200,0,0,0,200,200
0,200,30,0,0,0,1,10,5,200,0,0,0,0,200,200,200,0,0,0,31,200
0,200,40,1,2,2,1,10,3,200,0,1,0,1,1,200,200,18,17,0,21,200
0,200,40,1,2,2,1,10,3,200,0,1,0,1,1,200,200,18,17,0,36,200
0,200,30,0,0,1,1,0,5,4,0,1,0,0,200,200,200,20,200,0,47,200
0,200,30,0,0,1,1,0,5,4,0,1,0,0,200,200,200,20,200,0,45,200
0,200,30,0,0,2,1,12,2,200,0,1,0,1,200,200,200,22,200,1,22,200
0,200,30,0,0,2,1,12,2,200,0,1,0,1,200,200,200,22,200,0,42,200
0,200,30,1,2,2,1,10,2,4,0,1,0,0,1,200,200,0,0,0,63,200
0,200,30,1,2,2,1,10,2,4,0,1,0,0,1,200,200,0,0,0,75,200
0,200,35,0,0,0,1,10,5,2,0,0,0,0,200,200,200,0,0,0,200,200
0,200,35,0,0,0,1,10,5,2,0,0,0,0,200,200,200,0,0,0,58,200
0,200,30,1,2,2,1,7,5,2,0,1,0,0,200,200,200,0,0,1,21,200
0,200,40,0,200,200,200,10,5,200,0,200,200,0,200,200,200,0,200,0,39,200
0,200,40,0,200,200,200,10,5,200,0,200,200,0,200,200,200,0,200,1,63,200
0,200,30,200,200,0,1,12,5,2,0,200,200,0,200,200,1,0,0,1,200,200
0,200,30,200,200,0,1,12,5,2,0,200,200,0,200,200,1,0,0,0,56,200
0,200,0,0,0,2,1,10,5,4,0,1,1,1,200,200,1,0,0,0,66,200
0,200,0,0,0,2,1,10,5,4,0,1,1,1,200,200,1,0,0,0,200,200
1,200,0,0,0,2,1,10,5,4,0,1,1,1,200,200,1,0,0,1,63,200
0,200,30,0,0,0,1,7,5,200,0,0,0,0,200,200,1,0,0,2,200,200
0,200,35,0,0,0,1,12,6,200,0,0,0,0,200,200,200,21,200,0,33,200
0,200,35,0,0,0,1,12,6,200,0,0,0,0,200,200,200,21,200,0,200,200
1,200,35,0,0,0,1,12,6,200,0,0,0,0,200,200,200,21,200,2,200,200
0,200,30,0,0,2,1,7,5,4,0,1,200,0,200,200,200,22,22,0,34,200
1,200,30,0,0,2,1,7,5,4,0,1,200,0,200,200,200,22,22,0,200,200
1,200,30,0,0,2,1,7,5,4,0,1,200,0,200,200,200,22,22,0,24,200
0,1,30,0,0,0,1,12,5,200,0,0,0,0,200,200,200,22,200,1,44,200
0,1,30,0,0,0,1,12,5,200,0,0,0,0,200,200,200,22,200,1,38,200
0,200,30,200,200,200,200,8,5,200,0,200,200,1,200,200,1,0,200,0,200,200
4,200,30,200,200,200,200,8,5,200,0,200,200,1,200,200,1,0,200,0,37,200
0,200,30,0,0,2,1,10,5,4,0,1,0,0,200,200,200,0,0,1,200,200
0,200,30,0,0,2,1,10,5,4,0,1,0,0,200,200,200,0,0,0,200,200
0,200,30,0,0,2,1,11,7,1,0,1,200,0,200,1,0,0,0,0,68,200
0,200,30,0,0,2,1,11,7,1,0,1,200,0,200,1,0,0,0,1,61,200
0,200,30,0,0,2,1,12,5,200,0,1,0,0,200,200,200,21,200,1,71,200
0,200,30,0,0,2,1,12,5,200,0,1,0,0,200,200,200,21,200,0,61,200
0,200,30,0,0,2,1,12,3,200,0,1,0,0,200,200,200,21,200,0,59,200
0,200,30,0,0,2,1,12,3,200,0,1,0,0,200,200,200,21,200,1,38,200
0,200,30,0,0,1,1,10,5,200,0,0,0,0,200,200,200,0,0,0,56,200
0,200,30,0,0,1,1,10,5,200,0,0,0,0,200,200,200,0,0,0,45,200
0,200,30,2,2,2,1,14,5,2,0,1,0,0,1,200,200,17,0,1,17,200
0,200,30,2,2,2,1,14,5,2,0,1,0,0,1,200,200,17,0,0,40,200
1,200,30,2,2,2,1,14,5,2,0,1,0,0,1,200,200,17,0,1,17,200
0,200,35,1,2,2,1,10,5,4,0,1,0,0,1,200,200,18,34,0,29,200
0,200,35,1,2,2,1,10,5,4,0,1,0,0,1,200,200,18,34,1,20,200
0,200,35,1,2,2,1,10,5,4,0,1,0,0,1,200,200,18,34,1,23,200
0,200,35,1,2,2,1,10,5,200,0,1,0,0,200,200,1,18,0,2,200,200
0,200,35,1,2,2,1,10,5,200,0,1,0,0,200,200,1,18,0,1,40,200
0,200,30,1,2,2,1,10,5,4,0,1,0,0,1,200,200,18,34,0,200,200
0,200,30,1,2,2,1,10,5,4,0,1,0,0,1,200,200,18,34,0,200,200
0,200,30,1,2,0,1,10,5,200,0,0,0,0,200,200,200,0,200,0,45,200
0,200,30,1,2,0,1,10,5,200,0,0,0,0,200,200,200,0,200,0,31,200
0,200,0,0,0,2,1,12,12,200,0,1,0,0,200,200,200,17,17,0,200,200
0,200,0,0,0,2,1,12,12,200,0,1,0,0,200,200,200,17,17,1,52,200
0,200,30,200,200,200,200,14,5,200,0,200,200,0,200,200,200,0,200,1,62,200
0,200,30,200,200,200,200,14,5,200,0,200,200,0,200,200,200,0,200,1,39,200
0,200,30,0,0,0,1,14,5,200,0,1,0,0,200,200,200,0,0,1,23,200
0,200,30,0,0,0,1,14,5,200,0,1,0,0,200,200,200,0,0,0,38,200
0,200,30,0,0,2,1,14,2,2,0,1,0,0,200,200,200,18,11,1,200,200
0,200,30,0,0,2,1,14,2,2,0,1,0,0,200,200,200,18,11,1,70,200
1,200,30,0,0,2,1,14,2,2,0,1,0,0,200,200,200,18,11,0,200,200
0,200,30,0,0,0,1,0,5,2,0,0,0,1,200,200,200,17,23,0,70,200
0,200,30,0,0,0,1,0,5,2,0,0,0,1,200,200,200,17,23,0,63,200
0,200,30,1,2,0,3,2,5,2,0,1,0,0,200,200,200,29,200,0,200,200
0,200,30,0,0,2,1,7,2,200,0,1,0,0,200,200,200,0,200,1,69,200
0,200,30,1,2,2,1,10,3,4,0,1,0,0,1,200,1,18,16,0,200,200
0,200,30,1,2,2,1,10,3,4,0,1,0,0,1,200,1,18,16,1,200,200
0,200,20,0,0,2,1,10,6,1,0,1,0,0,200,200,200,20,200,0,61,200
0,200,20,0,0,2,1,10,6,1,0,1,0,0,200,200,200,20,200,1,200,200
1,200,20,0,0,2,1,10,6,1,0,1,0,0,200,200,200,20,200,0,36,200
0,200,30,0,0,2,1,0,5,200,0,1,200,0,1,200,200,200,200,2,200,200
0,200,30,0,0,2,1,0,5,200,0,1,200,0,1,200,200,200,200,0,63,200
0,200,0,0,0,0,1,14,3,200,0,0,0,0,200,200,200,17,200,0,66,200
0,200,0,0,0,0,1,14,3,200,0,0,0,0,200,200,200,17,200,1,23,200
0,200,35,0,0,2,1,10,5,2,0,1,0,0,200,200,1,0,0,2,200,200
0,200,35,0,0,2,1,10,5,2,0,1,0,0,200,200,1,0,0,1,44,200
0,200,35,1,2,0,1,10,5,4,0,0,0,0,200,200,200,18,18,0,35,200
0,200,35,1,2,0,1,10,5,4,0,0,0,0,200,200,200,18,18,1,40,200
0,200,30,0,0,2,1,9,5,200,0,1,0,1,200,200,200,0,0,1,55,200
5,200,30,0,0,2,1,9,5,200,0,1,0,1,200,200,200,0,0,1,65,200
0,200,30,1,2,2,1,12,3,200,0,1,200,0,0,200,200,0,0,0,40,200
0,200,30,1,2,2,1,12,3,200,0,1,200,0,0,200,200,0,0,0,61,200
1,200,30,1,2,2,1,12,3,200,0,1,200,0,0,200,200,0,0,0,42,200
0,200,30,0,0,0,1,7,6,200,0,0,0,0,200,200,200,0,0,1,60,200
1,200,30,0,0,0,1,7,6,200,0,0,0,0,200,200,200,0,0,1,38,200
0,200,30,0,0,0,1,10,2,2,0,1,0,0,200,200,200,11,0,0,65,200
0,200,30,0,0,0,1,10,2,2,0,1,0,0,200,200,200,11,0,1,19,200
0,200,30,2,12,0,1,0,5,2,0,0,0,1,200,200,200,17,0,1,31,200
0,200,30,2,12,0,1,0,5,2,0,0,0,1,200,200,200,17,0,0,45,200
1,200,30,2,12,0,1,0,5,2,0,0,0,1,200,200,200,17,0,0,2,200
1,200,30,2,12,0,1,0,5,2,0,0,0,1,200,200,200,17,0,0,4,200
1,200,30,2,12,0,1,0,5,2,0,0,0,1,200,200,200,17,0,200,0,200
1,200,30,2,12,0,1,0,5,2,0,0,0,1,200,200,200,17,0,1,65,200
0,200,30,1,2,0,1,12,5,3,0,0,0,0,1,200,200,22,0,1,53,200
0,200,30,1,2,0,1,12,5,3,0,0,0,0,1,200,200,22,0,1,35,200
1,200,30,1,2,0,1,12,5,3,0,0,0,0,1,200,200,22,0,1,200,200
1,200,30,1,2,0,1,12,5,3,0,0,0,0,1,200,200,22,0,1,45,200
1,200,30,1,2,0,1,12,5,3,0,0,0,0,1,200,200,22,0,0,43,200
1,200,30,1,2,0,1,12,5,3,0,0,0,0,1,200,200,22,0,1,67,200
0,200,30,0,0,0,1,10,5,200,0,0,0,0,200,200,1,0,0,2,200,200
0,200,30,0,0,0,1,10,5,200,0,0,0,0,200,200,1,0,0,1,56,200
0,200,30,0,0,200,1,7,200,200,0,200,200,0,200,200,200,18,200,0,50,200
0,200,30,0,0,2,1,7,7,200,0,1,0,0,200,1,1,0,0,2,200,200
0,200,35,1,2,2,1,8,2,200,0,1,0,1,200,200,1,0,200,0,200,200
4,200,35,1,2,2,1,8,2,200,0,1,0,1,200,200,1,0,200,1,27,200
0,200,30,1,2,0,1,0,5,2,0,0,0,0,1,200,200,0,0,0,200,200
0,200,30,1,2,0,1,0,5,2,0,0,0,0,1,200,200,0,0,1,200,200
0,200,30,200,200,0,1,7,5,200,0,200,200,0,200,200,200,0,200,0,60,200
1,200,30,200,200,0,1,7,5,200,0,200,200,0,200,200,200,0,200,0,38,200
0,200,30,0,0,1,1,10,5,200,0,0,0,0,200,200,200,3,200,0,41,200
0,200,30,0,0,1,1,10,5,200,0,0,0,0,200,200,200,3,200,1,28,200
1,200,30,0,0,1,1,10,5,200,0,0,0,0,200,200,200,3,200,1,2,200
0,200,30,0,0,0,1,7,5,200,0,0,0,0,200,200,1,22,22,2,200,200
0,200,30,0,0,1,1,14,5,2,1,0,0,1,200,200,200,17,0,0,49,200
0,200,30,0,0,1,1,14,5,2,1,0,0,1,200,200,200,17,0,0,30,200
0,200,30,1,2,0,1,11,5,200,0,0,0,0,200,200,200,0,0,0,31,200
0,200,30,1,2,0,1,11,5,200,0,0,0,0,200,200,200,0,0,0,42,200
0,200,30,2,12,2,1,2,3,2,0,1,0,1,200,200,200,0,200,0,64,200
0,200,40,2,2,2,1,10,2,200,0,1,0,1,200,200,200,7,0,1,10,200
0,200,40,2,2,2,1,10,2,200,0,1,0,1,200,200,200,7,0,1,21,200
1,200,40,2,2,2,1,10,2,200,0,1,0,1,200,200,200,7,0,0,23,200
1,200,40,2,2,2,1,10,2,200,0,1,0,1,200,200,200,7,0,0,21,200
1,200,40,2,2,2,1,10,2,200,0,1,0,1,200,200,200,7,0,0,17,200
0,200,35,0,0,2,1,10,5,4,0,1,0,0,200,200,200,18,34,0,48,200
0,200,35,0,0,2,1,10,5,4,0,1,0,0,200,200,200,18,34,1,31,200
0,200,30,0,0,2,1,2,200,2,3,1,0,1,200,200,200,12,12,1,0,200
1,200,30,0,0,2,1,2,200,2,3,1,0,1,200,200,200,12,12,1,26,200
1,200,30,0,0,2,1,2,200,2,3,1,0,1,200,200,200,12,12,1,27,200
0,200,30,1,2,2,1,10,2,4,0,1,0,0,200,200,200,18,0,0,55,200
0,200,30,1,2,2,1,10,2,4,0,1,0,0,200,200,200,18,0,1,28,200
1,200,30,1,2,2,1,10,2,4,0,1,0,0,200,200,200,18,0,200,200,200
0,200,30,0,0,0,1,0,12,4,0,1,0,0,200,200,200,16,11,0,47,200
0,200,30,0,0,0,1,0,12,4,0,1,0,0,200,200,200,16,11,0,22,200
1,200,30,0,0,0,1,0,12,4,0,1,0,0,200,200,200,16,11,0,22,200
0,200,35,1,2,0,1,12,5,200,0,0,0,0,200,200,200,21,200,0,65,200
0,200,35,1,2,0,1,12,5,200,0,0,0,0,200,200,200,21,200,0,62,200
1,200,35,1,2,0,1,12,5,200,0,0,0,0,200,200,200,21,200,1,65,200
0,200,30,0,0,1,1,12,2,200,0,0,0,0,200,200,1,20,0,2,200,200
0,200,30,0,0,1,1,12,2,200,0,0,0,0,200,200,1,20,0,0,41,200
0,200,30,1,2,0,1,10,5,4,0,0,0,0,200,200,200,18,18,1,77,200
0,200,30,1,2,0,1,10,5,4,0,0,0,0,200,200,200,18,18,0,73,200
0,200,35,1,2,2,1,12,5,200,0,0,0,0,200,200,1,0,0,1,200,200
0,200,35,1,2,2,1,12,5,200,0,0,0,0,200,200,1,0,0,0,52,200
0,200,15,0,0,0,1,7,7,200,0,0,0,0,200,1,200,0,0,1,39,200
0,200,30,12,12,2,1,0,2,3,0,200,200,0,200,200,1,22,22,2,200,200
0,200,30,12,12,2,1,0,2,3,0,200,200,0,200,200,1,22,22,0,49,200
0,200,30,1,2,1,1,14,5,200,0,1,0,0,1,200,200,0,200,0,63,200
0,200,30,1,2,1,1,14,5,200,0,1,0,0,1,200,200,0,200,0,29,200
1,200,30,1,2,1,1,14,5,200,0,1,0,0,1,200,200,0,200,0,200,200
1,200,30,1,2,1,1,14,5,200,0,1,0,0,1,200,200,0,200,1,200,200
0,200,10,0,0,0,1,12,7,1,0,1,0,0,200,0,200,20,200,0,200,200
0,200,10,0,0,0,1,12,7,1,0,1,0,0,200,0,200,20,200,0,46,200
0,200,30,200,200,200,200,12,1,200,0,200,200,0,200,200,200,0,0,0,29,200
0,200,30,200,200,200,200,12,1,200,0,200,200,0,200,200,200,0,0,0,63,200
0,200,10,0,0,1,1,7,7,1,0,0,0,0,200,200,1,0,0,0,200,200
0,200,20,0,200,0,1,7,12,200,0,0,0,1,200,200,1,200,200,2,200,200
0,200,35,1,2,0,1,10,5,200,0,0,0,0,200,200,200,16,200,1,27,200
0,200,35,1,2,0,1,10,5,200,0,0,0,0,200,200,200,16,200,1,61,200
1,200,35,1,2,0,1,10,5,200,0,0,0,0,200,200,200,16,200,1,200,200
0,200,30,0,0,0,1,10,5,2,0,0,0,1,200,200,200,18,0,0,36,200
0,200,30,0,0,0,1,10,5,2,0,0,0,1,200,200,200,18,0,0,58,200
1,200,30,0,0,0,1,10,5,2,0,0,0,1,200,200,200,18,0,1,84,200
0,200,30,0,0,2,1,12,5,200,0,1,0,0,200,200,200,0,0,1,35,200
0,200,30,0,0,2,1,12,5,200,0,1,0,0,200,200,200,0,0,1,53,200
1,200,30,0,0,2,1,12,5,200,0,1,0,0,200,200,200,0,0,1,82,200
0,200,30,2,2,0,1,0,12,2,0,0,0,0,1,200,200,17,22,1,68,200
0,200,30,2,2,0,1,0,12,2,0,0,0,0,1,200,200,17,22,0,23,200
0,200,30,1,2,0,1,12,5,200,0,0,0,0,200,200,1,200,200,0,200,200
0,200,30,1,2,0,1,12,5,200,0,0,0,0,200,200,1,200,200,0,200,200
0,200,30,0,0,1,1,7,5,2,0,0,0,0,200,200,200,25,200,1,0,200