PERSON_TYPE,CRASH_DATE_EST_I,POSTED_SPEED_LIMIT,TRAFFIC_CONTROL_DEVICE,DEVICE_CONDITION,WEATHER_CONDITION,LIGHTING_CONDITION,FIRST_CRASH_TYPE,TRAFFICWAY_TYPE,LANE_CNT,ALIGNMENT,ROADWAY_SURFACE_COND,ROAD_DEFECT,CRASH_TYPE,INTERSECTION_RELATED_I,NOT_RIGHT_OF_WAY_I,HIT_AND_RUN_I,PRIM_CONTRIBUTORY_CAUSE,SEC_CONTRIBUTORY_CAUSE,SEX,AGE,BAC_RESULT VALUE
1,200,30,0,0,1,1,7,5,2,0,0,0,0,200,200,200,25,200,200,200,200
0,200,30,0,0,0,1,14,5,200,0,1,0,1,200,200,200,21,17,0,63,200
0,200,30,0,0,0,1,14,5,200,0,1,0,1,200,200,200,21,17,1,43,200
1,200,30,0,0,0,1,14,5,200,0,1,0,1,200,200,200,21,17,1,61,200
1,200,30,0,0,0,1,14,5,200,0,1,0,1,200,200,200,21,17,1,15,200
0,200,30,1,2,1,1,10,5,200,0,1,200,0,1,200,200,12,0,0,33,200
0,200,30,1,2,1,1,10,5,200,0,1,200,0,1,200,200,12,0,1,26,200
0,200,30,2,2,2,1,0,5,200,0,1,0,0,1,200,200,17,200,1,200,200
0,200,30,2,2,2,1,0,5,200,0,1,0,0,1,200,200,17,200,1,51,200
0,200,20,0,0,0,1,2,12,200,0,0,0,1,200,1,200,0,0,0,20,200
1,200,20,0,0,0,1,2,12,200,0,0,0,1,200,1,200,0,0,1,0,200
0,200,30,0,0,1,1,12,5,2,0,0,0,0,200,200,200,17,200,0,51,200
0,200,30,0,0,1,1,12,5,2,0,0,0,0,200,200,200,17,200,1,61,200
1,200,30,0,0,1,1,12,5,2,0,0,0,0,200,200,200,17,200,2,73,200
0,200,35,4,2,0,1,10,2,4,0,0,0,0,200,200,200,18,0,0,22,200
0,200,35,4,2,0,1,10,2,4,0,0,0,0,200,200,200,18,0,0,38,200
0,200,35,4,2,0,1,10,2,4,0,0,0,0,200,200,200,18,0,1,49,200
1,200,35,4,2,0,1,10,2,4,0,0,0,0,200,200,200,18,0,1,200,200
0,200,25,0,0,2,1,14,5,200,0,1,0,0,200,200,200,17,0,1,42,200
0,200,25,0,0,2,1,14,5,200,0,1,0,0,200,200,200,17,0,1,55,200
0,200,30,0,0,2,1,7,5,2,0,1,0,0,200,200,200,22,200,0,37,200
1,200,30,0,0,2,1,7,5,2,0,1,0,0,200,200,200,22,200,0,200,200
0,200,30,2,2,0,1,10,5,2,0,0,0,0,200,200,200,18,200,1,26,200
0,200,30,2,2,0,1,10,5,2,0,0,0,0,200,200,200,18,200,0,58,200
0,200,30,2,2,0,1,10,5,2,0,0,0,0,200,200,200,18,200,1,35,200
1,200,30,2,2,0,1,10,5,2,0,0,0,0,200,200,200,18,200,1,200,200
0,200,30,0,0,0,1,14,0,200,0,0,0,0,200,200,1,0,0,2,200,200
0,200,30,0,0,0,1,14,0,200,0,0,0,0,200,200,1,0,0,1,39,200
0,200,30,1,2,0,1,10,5,200,0,0,200,0,200,200,200,0,0,0,200,200
0,200,30,1,2,0,1,10,5,200,0,0,200,0,200,200,200,0,0,0,83,200
0,200,30,1,2,0,1,10,5,200,0,0,200,0,200,200,200,0,0,0,29,200
0,200,30,0,0,0,1,12,5,2,0,0,0,0,200,200,200,0,0,0,30,200
0,200,30,0,0,0,1,12,5,2,0,0,0,0,200,200,200,0,0,1,48,200
0,200,30,2,2,0,1,10,5,200,0,0,0,0,1,200,200,18,18,0,50,200
0,200,30,2,2,0,1,10,5,200,0,0,0,0,1,200,200,18,18,1,55,200
0,200,30,0,0,0,1,12,5,200,0,200,200,0,200,200,200,17,17,0,31,200
0,200,30,0,0,0,1,12,5,200,0,200,200,0,200,200,200,17,17,0,66,200
1,200,30,0,0,0,1,12,5,200,0,200,200,0,200,200,200,17,17,0,200,200
1,200,30,0,0,0,1,12,5,200,0,200,200,0,200,200,200,17,17,0,200,200
0,200,30,0,0,0,3,7,6,200,0,0,0,0,200,200,1,200,200,2,200,200
0,200,30,2,2,2,1,0,5,1,0,1,0,1,1,200,200,17,0,0,69,200
0,200,30,2,2,2,1,0,5,1,0,1,0,1,1,200,200,17,0,0,16,200
1,200,30,2,2,2,1,0,5,1,0,1,0,1,1,200,200,17,0,1,15,200
1,200,30,2,2,2,1,0,5,1,0,1,0,1,1,200,200,17,0,1,10,200
4,200,30,0,0,0,1,8,2,2,0,0,0,1,200,200,200,17,200,0,26,200
0,200,30,0,0,0,1,8,2,2,0,0,0,1,200,200,200,17,200,1,30,200
0,200,35,0,0,0,1,7,5,200,0,0,0,0,200,200,200,0,0,0,18,200
0,200,30,0,0,2,1,7,6,200,0,1,200,0,200,200,1,0,200,2,200,200
0,200,30,1,2,0,1,14,2,2,0,0,0,0,1,200,200,17,11,1,49,200
0,200,30,1,2,0,1,14,2,2,0,0,0,0,1,200,200,17,11,0,38,200
1,200,30,1,2,0,1,14,2,2,0,0,0,0,1,200,200,17,11,1,200,200
1,200,30,1,2,0,1,14,2,2,0,0,0,0,1,200,200,17,11,1,200,200
1,200,30,1,2,0,1,14,2,2,0,0,0,0,1,200,200,17,11,0,200,200
0,200,30,0,0,0,1,7,6,1,0,0,0,0,200,200,200,0,0,1,56,200
0,200,45,1,2,2,1,10,3,6,0,1,0,0,200,200,200,18,34,1,55,200
0,200,45,1,2,2,1,10,3,6,0,1,0,0,200,200,200,18,34,0,43,200
0,200,30,0,0,0,1,10,5,4,0,1,0,0,200,200,200,18,11,1,31,200
0,200,30,0,0,0,1,10,5,4,0,1,0,0,200,200,200,18,11,1,27,200
0,200,35,0,0,0,1,0,5,200,0,1,0,0,200,200,200,17,0,1,60,200
0,200,35,0,0,0,1,0,5,200,0,1,0,0,200,200,200,17,0,0,32,200
0,200,30,1,2,0,1,10,2,4,0,0,0,1,1,200,200,0,200,0,200,200
0,200,30,1,2,0,1,10,2,4,0,0,0,1,1,200,200,0,200,1,200,200
1,200,30,1,2,0,1,10,2,4,0,0,0,1,1,200,200,0,200,1,54,200
0,1,30,0,0,0,1,14,5,200,0,0,0,0,200,200,200,17,200,1,37,200
0,1,30,0,0,0,1,14,5,200,0,0,0,0,200,200,200,17,200,0,53,200
0,200,30,1,2,0,1,7,5,200,0,0,0,0,200,200,200,22,18,1,200,200
0,200,25,2,2,1,1,12,6,1,0,0,0,1,1,200,200,5,11,0,14,200
0,200,25,2,2,1,1,12,6,1,0,0,0,1,1,200,200,5,11,0,31,200
1,200,25,2,2,1,1,12,6,1,0,0,0,1,1,200,200,5,11,0,200,200
0,200,30,1,2,0,1,10,5,200,0,1,0,0,200,200,200,0,0,0,19,200
0,200,30,1,2,0,1,10,5,200,0,1,0,0,200,200,200,0,0,1,39,200
0,200,30,2,2,1,1,0,5,1,0,0,0,0,200,200,200,17,200,1,33,200
0,200,30,2,2,1,1,0,5,1,0,0,0,0,200,200,200,17,200,0,19,200
1,200,30,2,2,1,1,0,5,1,0,0,0,0,200,200,200,17,200,1,17,200
1,200,30,2,2,1,1,0,5,1,0,0,0,0,200,200,200,17,200,0,15,200
1,200,30,2,2,1,1,0,5,1,0,0,0,0,200,200,200,17,200,0,14,200
0,200,30,200,200,0,1,10,2,2,0,0,200,0,200,200,1,25,25,0,22,200
0,200,30,200,200,0,1,10,2,2,0,0,200,0,200,200,1,25,25,1,200,200
1,200,30,200,200,0,1,10,2,2,0,0,200,0,200,200,1,25,25,0,19,200
1,200,30,200,200,0,1,10,2,2,0,0,200,0,200,200,1,25,25,1,18,200
1,200,30,200,200,0,1,10,2,2,0,0,200,0,200,200,1,25,25,200,21,200
0,200,35,0,0,0,1,7,5,200,0,0,0,0,200,200,1,0,0,2,200,200
0,200,30,3,0,0,1,12,5,3,0,0,0,1,0,200,200,23,200,0,30,200
0,200,30,3,0,0,1,12,5,3,0,0,0,1,0,200,200,23,200,0,26,200
1,200,30,3,0,0,1,12,5,3,0,0,0,1,0,200,200,23,200,0,200,200
0,200,30,2,2,2,1,0,5,2,0,0,0,0,1,200,200,17,200,1,18,200
0,200,30,2,2,2,1,0,5,2,0,0,0,0,1,200,200,17,200,1,34,200
1,200,30,2,2,2,1,0,5,2,0,0,0,0,1,200,200,17,200,1,31,200
0,200,30,0,0,2,1,7,5,200,0,1,0,0,200,200,200,11,0,0,66,200
0,200,30,0,0,2,1,7,5,200,0,1,0,0,200,200,200,11,0,0,81,200
1,200,30,0,0,2,1,7,5,200,0,1,0,0,200,200,200,11,0,0,200,200
1,200,30,0,0,2,1,7,5,200,0,1,0,0,200,200,200,11,0,1,200,200
1,200,30,0,0,2,1,7,5,200,0,1,0,0,200,200,200,11,0,0,200,200
1,200,30,0,0,2,1,7,5,200,0,1,0,0,200,200,200,11,0,1,24,200
0,200,30,0,0,0,1,0,7,200,0,0,0,0,200,200,200,20,200,0,32,200
0,200,30,0,0,0,1,0,7,200,0,0,0,0,200,200,200,20,200,1,51,200
1,200,30,0,0,0,1,0,7,200,0,0,0,0,200,200,200,20,200,200,200,200
0,200,20,0,0,0,1,12,2,2,0,1,0,0,200,200,200,22,200,1,75,200
0,200,20,0,0,0,1,12,2,2,0,1,0,0,200,200,200,22,200,0,65,200
0,200,10,0,0,1,1,10,7,200,0,200,200,0,200,200,1,20,20,1,200,200
0,200,10,0,0,1,1,10,7,200,0,200,200,0,200,200,1,20,20,1,30,200
0,200,30,1,2,2,1,0,12,200,0,1,0,1,1,200,200,0,0,1,44,200
0,200,30,1,2,2,1,0,12,200,0,1,0,1,1,200,200,0,0,0,39,200
0,200,35,1,2,0,1,12,5,200,0,0,0,0,200,200,200,18,200,1,75,200
0,200,35,1,2,0,1,12,5,200,0,0,0,0,200,200,200,18,200,0,65,200
0,200,30,0,0,2,1,14,5,200,0,1,0,0,200,200,200,0,0,0,28,200
0,200,30,0,0,2,1,14,5,200,0,1,0,0,200,200,200,0,0,1,32,200
0,200,30,1,2,2,1,10,5,200,0,1,0,0,200,200,1,200,200,1,200,200
0,200,30,1,2,2,1,10,5,200,0,1,0,0,200,200,1,200,200,1,200,200
0,200,35,2,2,2,1,0,5,200,0,1,0,0,1,200,200,17,0,0,17,200
0,200,35,2,2,2,1,0,5,200,0,1,0,0,1,200,200,17,0,0,48,200
1,200,35,2,2,2,1,0,5,200,0,1,0,0,1,200,200,17,0,0,200,200
1,200,35,2,2,2,1,0,5,200,0,1,0,0,1,200,200,17,0,0,4,200
0,200,30,1,2,0,1,0,5,200,2,0,0,1,200,200,200,17,0,0,2,200
0,200,30,1,2,0,1,0,5,200,2,0,0,1,200,200,200,17,0,0,40,200
0,200,30,1,2,0,1,10,5,2,0,0,0,0,200,200,200,0,0,1,47,200
0,200,30,1,2,0,1,10,5,2,0,0,0,0,200,200,200,0,0,1,27,200
0,200,30,0,0,0,1,10,5,4,0,0,200,0,200,200,1,18,200,1,200,200
0,200,30,0,0,0,1,10,5,4,0,0,200,0,200,200,1,18,200,0,61,200
0,200,30,1,2,0,1,10,5,200,0,0,0,0,200,200,200,21,21,0,54,200
0,200,30,1,2,0,1,10,5,200,0,0,0,0,200,200,200,21,21,0,26,200
0,200,30,1,2,0,1,10,5,200,0,0,0,0,200,200,200,21,21,0,46,200
0,200,30,0,0,0,1,14,2,200,0,0,200,1,200,200,200,17,21,0,41,200
0,200,30,0,0,0,1,14,2,200,0,0,200,1,200,200,200,17,21,1,25,200
0,200,30,0,0,0,1,7,5,200,0,0,0,0,200,200,1,16,0,2,200,200
0,200,30,1,1,0,1,0,5,200,0,1,0,0,200,200,200,16,17,0,200,200
0,200,30,1,1,0,1,0,5,200,0,1,0,0,200,200,200,16,17,0,57,200
1,200,30,1,1,0,1,0,5,200,0,1,0,0,200,200,200,16,17,0,200,200
0,200,30,0,3,2,1,10,2,200,0,1,200,0,200,200,1,0,200,2,200,200
0,200,30,0,3,2,1,10,2,200,0,1,200,0,200,200,1,0,200,0,61,200
0,200,35,0,0,0,1,12,5,200,0,0,0,0,200,200,200,0,0,1,41,200
0,200,35,0,0,0,1,12,5,200,0,0,0,0,200,200,200,0,0,0,20,200
1,200,35,0,0,0,1,12,5,200,0,0,0,0,200,200,200,0,0,0,23,200
1,200,35,0,0,0,1,12,5,200,0,0,0,0,200,200,200,0,0,1,11,200
1,200,35,0,0,0,1,12,5,200,0,0,0,0,200,200,200,0,0,1,19,200
0,200,20,0,0,1,1,7,5,2,0,0,0,0,200,200,200,22,18,1,40,200
1,200,20,0,0,1,1,7,5,2,0,0,0,0,200,200,200,22,18,0,15,200
0,200,30,1,2,0,1,14,5,4,0,1,0,0,1,200,200,17,200,1,200,200
0,200,30,1,2,0,1,14,5,4,0,1,0,0,1,200,200,17,200,0,200,200
0,200,30,0,0,0,1,10,2,4,0,0,0,0,200,200,200,200,200,0,56,200
0,200,30,0,0,0,1,10,2,4,0,0,0,0,200,200,200,200,200,0,17,200
1,200,30,0,0,0,1,10,2,4,0,0,0,0,200,200,200,200,200,0,45,200
0,200,30,0,0,0,1,10,4,1,3,0,0,0,200,200,200,20,20,0,20,200
0,200,30,0,0,0,1,10,4,1,3,0,0,0,200,200,200,20,20,1,26,200
1,200,30,0,0,0,1,10,4,1,3,0,0,0,200,200,200,20,20,1,200,200
0,200,30,0,0,0,1,14,5,2,0,0,200,0,200,200,200,0,0,0,28,200
0,200,30,0,0,0,1,14,5,2,0,0,200,0,200,200,200,0,0,1,25,200
0,200,30,1,2,0,1,10,5,200,0,0,0,0,200,200,1,200,200,0,200,200
0,200,30,1,2,0,1,10,5,200,0,0,0,0,200,200,1,200,200,0,200,200
0,200,30,1,2,0,1,12,5,200,0,0,0,0,200,200,200,0,200,1,57,200
0,200,30,1,2,0,1,12,5,200,0,0,0,0,200,200,200,0,200,2,200,200
0,200,30,0,0,0,1,12,6,1,0,0,0,0,200,200,200,11,0,1,24,200
0,200,30,0,0,0,1,12,6,1,0,0,0,0,200,200,200,11,0,1,27,200
1,200,30,0,0,0,1,12,6,1,0,0,0,0,200,200,200,11,0,1,200,200
0,200,30,0,0,0,1,10,5,4,0,0,0,0,200,200,200,18,18,0,20,200
0,200,30,0,0,0,1,10,5,4,0,0,0,0,200,200,200,18,18,1,27,200
0,200,30,0,0,200,1,12,5,200,0,200,0,0,200,200,200,21,200,1,46,200
0,200,30,0,0,200,1,12,5,200,0,200,0,0,200,200,200,21,200,0,74,200
0,200,30,0,0,0,1,12,5,200,0,0,0,0,200,200,1,0,0,2,200,200
0,200,30,0,0,0,1,12,5,200,0,0,0,0,200,200,1,0,0,1,30,200
0,200,30,0,0,0,1,14,5,2,0,0,0,0,200,200,200,0,0,0,200,200
0,200,30,0,0,0,1,14,5,2,0,0,0,0,200,200,200,0,0,0,200,200
0,200,30,1,2,0,1,12,2,200,0,0,2,0,200,200,200,21,200,1,37,200
0,200,30,1,2,0,1,12,2,200,0,0,2,0,200,200,200,21,200,1,55,200
0,200,30,1,3,0,1,14,3,4,0,0,0,0,1,200,200,17,0,1,200,200
0,200,30,1,3,0,1,14,3,4,0,0,0,0,1,200,200,17,0,1,59,200
0,200,30,0,0,0,1,12,2,2,0,0,0,0,200,200,200,0,200,1,33,200
0,200,30,0,0,0,1,12,2,2,0,0,0,0,200,200,200,0,200,0,77,200
1,200,30,0,0,0,1,12,2,2,0,0,0,0,200,200,200,0,200,0,18,200
0,200,30,1,2,0,1,14,5,2,0,0,0,0,200,200,200,0,200,1,200,200
0,200,30,1,2,0,1,14,5,2,0,0,0,0,200,200,200,0,200,1,55,200
1,200,30,1,2,0,1,14,5,2,0,0,0,0,200,200,200,0,200,0,200,200
0,200,30,0,0,0,1,12,5,200,0,0,0,0,200,200,200,0,0,1,50,200
0,200,30,0,0,0,1,12,5,200,0,0,0,0,200,200,200,0,0,0,27,200
1,200,30,0,0,0,1,12,5,200,0,0,0,0,200,200,200,0,0,1,200,200
5,200,15,0,0,0,1,9,7,2,0,0,0,1,200,1,200,13,13,1,24,200
0,200,15,0,0,0,1,9,7,2,0,0,0,1,200,1,200,13,13,1,43,200
1,200,15,0,0,0,1,9,7,2,0,0,0,1,200,1,200,13,13,1,200,200
1,200,15,0,0,0,1,9,7,2,0,0,0,1,200,1,200,13,13,1,200,200
1,200,15,0,0,0,1,9,7,2,0,0,0,1,200,1,200,13,13,1,200,200
0,200,35,2,200,0,1,12,3,200,0,0,200,0,200,200,200,30,7,1,200,200
0,200,35,2,200,0,1,12,3,200,0,0,200,0,200,200,200,30,7,1,49,200
0,200,30,0,0,0,1,7,6,1,0,0,0,0,200,200,200,21,200,0,45,200
0,200,30,1,2,0,1,14,5,3,0,0,0,0,1,200,200,0,0,0,200,200
0,200,30,1,2,0,1,14,5,3,0,0,0,0,1,200,200,0,0,1,31,200
0,200,30,0,0,200,1,7,5,200,0,200,0,0,200,200,200,0,200,1,200,200
0,200,30,0,0,0,4,14,5,200,0,0,0,0,200,200,200,23,16,0,52,200
0,200,30,0,0,0,4,14,5,200,0,0,0,0,200,200,200,23,16,0,43,200
0,200,30,0,0,0,1,10,5,4,0,0,0,0,200,200,200,0,0,1,200,200
0,200,30,0,0,0,1,10,5,4,0,0,0,0,200,200,200,0,0,1,41,200
1,200,30,0,0,0,1,10,5,4,0,0,0,0,200,200,200,0,0,1,200,200
1,200,30,0,0,0,1,10,5,4,0,0,0,0,200,200,200,0,0,0,17,200
0,200,30,200,200,200,200,0,5,200,0,200,200,0,200,200,200,0,200,0,20,200
0,200,30,200,200,200,200,0,5,200,0,200,200,0,200,200,200,0,200,0,48,200
1,200,30,200,200,200,200,0,5,200,0,200,200,0,200,200,200,0,200,0,200,200
0,200,30,0,0,0,1,12,2,2,0,0,0,0,200,200,200,0,0,1,29,200
0,200,30,0,0,0,1,12,2,2,0,0,0,0,200,200,200,0,0,0,28,200
0,200,30,0,0,1,1,7,5,2,0,0,0,0,200,200,200,11,200,0,38,200
0,200,35,0,0,0,1,7,5,200,0,0,0,0,200,200,200,0,0,1,49,200
0,200,5,0,0,2,1,7,7,200,0,1,0,0,200,1,200,20,200,0,28,200
0,1,30,0,0,200,200,7,6,1,0,200,0,0,200,200,1,0,200,2,200,200
0,200,30,1,200,0,1,10,5,200,0,200,200,1,1,200,200,18,200,0,36,200
0,200,30,1,200,0,1,10,5,200,0,200,200,1,1,200,200,18,200,0,29,200
1,200,30,1,200,0,1,10,5,200,0,200,200,1,1,200,200,18,200,1,39,200
0,200,30,0,0,0,1,7,7,2,0,0,0,0,200,1,200,20,20,1,54,200
1,200,30,0,0,0,1,7,7,2,0,0,0,0,200,1,200,20,20,1,24,200
0,200,35,0,0,0,1,12,5,4,0,0,0,0,1,200,200,23,200,0,21,200
0,200,35,0,0,0,1,12,5,4,0,0,0,0,1,200,200,23,200,0,37,200
0,200,30,1,200,0,1,10,5,2,0,0,200,0,200,200,200,0,0,0,36,200
0,200,30,1,200,0,1,10,5,2,0,0,200,0,200,200,200,0,0,1,48,200
0,200,30,1,2,0,4,8,5,3,0,0,0,0,0,200,0,23,22,1,32,200
4,200,30,1,2,0,4,8,5,3,0,0,0,0,0,200,0,23,22,0,19,200
0,200,0,0,0,0,1,12,3,200,0,0,0,0,200,200,200,11,200,1,42,200
0,200,0,0,0,0,1,12,3,200,0,0,0,0,200,200,200,11,200,1,200,200
0,200,0,1,2,0,4,14,6,2,0,0,0,0,200,200,200,0,0,1,24,200
0,200,0,1,2,0,4,14,6,2,0,0,0,0,200,200,200,0,0,1,45,200
0,200,30,1,2,0,1,10,2,2,0,0,0,0,200,200,200,18,17,1,20,200
0,200,30,1,2,0,1,10,2,2,0,0,0,0,200,200,200,18,17,0,33,200
0,200,30,2,2,0,4,12,5,200,0,0,0,1,200,200,1,0,0,2,200,200
0,200,30,2,2,0,4,12,5,200,0,0,0,1,200,200,1,0,0,1,23,200
1,200,30,2,2,0,4,12,5,200,0,0,0,1,200,200,1,0,0,1,25,200
1,200,30,2,2,0,4,12,5,200,0,0,0,1,200,200,1,0,0,0,25,200
0,200,30,200,200,0,4,12,2,200,0,0,0,0,200,200,1,0,0,2,200,200
0,200,30,200,200,0,4,12,2,200,0,0,0,0,200,200,1,0,0,0,26,200
0,200,35,1,2,2,0,14,5,200,0,1,0,1,200,200,200,0,0,1,26,200
0,200,35,1,2,2,0,14,5,200,0,1,0,1,200,200,200,0,0,0,40,200
0,200,30,0,0,0,1,14,6,200,0,0,0,0,200,200,1,17,200,2,200,200
0,200,30,0,0,0,1,14,6,200,0,0,0,0,200,200,1,17,200,1,34,200
1,200,30,0,0,0,1,14,6,200,0,0,0,0,200,200,1,17,200,1,200,200
0,200,25,0,0,1,1,12,5,200,0,1,0,0,200,200,200,4,200,0,200,200
0,200,25,0,0,1,1,12,5,200,0,1,0,0,200,200,200,4,200,0,40,200
0,200,30,0,0,0,1,10,5,4,0,0,0,0,200,200,1,18,0,0,200,200
0,200,30,0,0,0,1,10,5,4,0,0,0,0,200,200,1,18,0,0,20,200
0,200,30,0,0,0,1,10,5,4,0,0,0,0,200,200,1,18,0,2,200,200
1,200,30,0,0,0,1,10,5,4,0,0,0,0,200,200,1,18,0,1,18,200
0,200,30,0,0,0,3,12,6,200,0,0,0,0,200,200,200,0,0,0,61,200
0,200,30,0,0,0,3,12,6,200,0,0,0,0,200,200,200,0,0,1,27,200
1,200,30,0,0,0,3,12,6,200,0,0,0,0,200,200,200,0,0,1,200,200
1,200,30,0,0,0,3,12,6,200,0,0,0,0,200,200,200,0,0,0,200,200
0,200,30,0,0,0,3,7,3,200,0,0,0,0,200,200,200,11,200,1,43,200
0,200,30,0,0,0,1,10,2,2,0,0,0,0,200,200,200,8,11,0,200,200
0,200,30,0,0,0,1,10,2,2,0,0,0,0,200,200,200,8,11,1,62,200
0,200,0,1,2,0,1,10,2,200,0,0,0,0,200,200,200,18,200,1,37,200
0,200,0,1,2,0,1,10,2,200,0,0,0,0,200,200,200,18,200,1,47,200
0,200,30,0,0,0,0,2,5,2,0,0,0,0,200,200,200,0,0,0,29,200
1,200,30,0,0,0,0,2,5,2,0,0,0,0,200,200,200,0,0,200,200,200
0,200,30,0,0,0,3,3,2,2,0,0,200,1,200,200,200,12,0,1,31,200
0,200,30,0,0,0,3,3,2,2,0,0,200,1,200,200,200,12,0,0,38,200
0,200,30,200,200,200,200,0,200,2,0,200,200,1,1,200,200,0,0,1,34,200
0,200,30,200,200,200,200,0,200,2,0,200,200,1,1,200,200,0,0,0,39,200
0,200,30,0,0,0,1,0,5,200,0,200,200,0,200,200,200,17,200,0,200,200
0,200,30,0,0,0,1,0,5,200,0,200,200,0,200,200,200,17,200,0,57,200
0,200,30,1,2,0,3,10,5,200,0,0,0,0,200,200,200,16,18,1,44,200
0,200,30,1,2,0,3,10,5,200,0,0,0,0,200,200,200,16,18,0,200,200
0,200,30,1,2,0,1,14,2,2,0,0,0,0,200,200,200,18,11,1,200,200
0,200,30,1,2,0,1,14,2,2,0,0,0,0,200,200,200,18,11,1,70,200
0,200,30,2,2,0,3,0,5,200,0,0,0,1,1,200,200,16,17,0,47,200
0,200,30,2,2,0,3,0,5,200,0,0,0,1,1,200,200,16,17,1,44,200
0,200,30,0,0,0,1,7,6,200,0,0,200,0,200,200,200,11,0,1,34,200
0,0,30,2,2,0,3,0,5,2,0,0,0,1,1,200,200,16,200,0,44,200
0,0,30,2,2,0,3,0,5,2,0,0,0,1,1,200,200,16,200,0,46,200
1,0,30,2,2,0,3,0,5,2,0,0,0,1,1,200,200,16,200,1,42,200
1,0,30,2,2,0,3,0,5,2,0,0,0,1,1,200,200,16,200,1,25,200
0,200,35,1,12,0,0,14,2,2,0,0,0,0,1,200,200,23,23,0,18,200
0,200,35,1,12,0,0,14,2,2,0,0,0,0,1,200,200,23,23,0,58,200
0,200,25,0,0,0,1,14,6,2,0,0,200,0,1,200,200,23,0,0,52,200
0,200,25,0,0,0,1,14,6,2,0,0,200,0,1,200,200,23,0,0,23,200
0,200,30,200,200,200,3,14,2,4,0,200,200,0,200,200,200,23,23,1,200,200
0,200,30,200,200,200,3,14,2,4,0,200,200,0,200,200,200,23,23,1,54,200
0,200,30,0,0,0,200,7,3,200,0,200,0,0,200,200,200,0,0,2,200,200
0,200,30,0,0,0,1,7,6,1,0,0,0,0,200,200,1,0,0,2,200,200
0,1,30,0,0,200,200,7,5,200,0,200,0,0,200,1,1,200,200,2,200,200
0,200,35,0,12,0,1,7,5,200,0,0,0,0,200,200,1,0,0,0,0,200
0,200,30,1,2,0,0,14,1,5,0,0,0,1,1,200,200,33,17,1,40,200
0,200,30,1,2,0,0,14,1,5,0,0,0,1,1,200,200,33,17,1,32,200
1,200,30,1,2,0,0,14,1,5,0,0,0,1,1,200,200,33,17,1,22,200
1,200,30,1,2,0,0,14,1,5,0,0,0,1,1,200,200,33,17,0,33,200
1,200,30,1,2,0,0,14,1,5,0,0,0,1,1,200,200,33,17,0,26,200
0,200,5,0,0,0,3,0,7,200,0,0,0,0,200,1,200,20,200,0,71,200
0,200,5,0,0,0,3,0,7,200,0,0,0,0,200,1,200,20,200,1,36,200
0,200,15,0,0,0,3,5,0,1,0,0,0,0,200,1,1,25,200,2,200,200
0,200,35,2,0,2,0,0,5,200,0,1,0,1,200,200,200,17,16,0,41,200
0,200,35,2,0,2,0,0,5,200,0,1,0,1,200,200,200,17,16,0,41,200
0,0,25,200,200,200,200,7,5,200,0,200,200,0,200,200,1,0,0,2,200,200
0,200,30,0,0,0,3,10,5,2,0,0,0,0,200,200,200,18,16,1,18,200
0,200,30,0,0,0,3,10,5,2,0,0,0,0,200,200,200,18,16,0,18,200
0,200,30,1,2,0,0,14,2,0,0,0,0,0,1,200,200,21,0,1,37,200
0,200,30,1,2,0,0,14,2,0,0,0,0,0,1,200,200,21,0,1,28,200
1,200,30,1,2,0,0,14,2,0,0,0,0,0,1,200,200,21,0,1,200,200
0,200,30,0,0,0,3,14,5,2,0,0,0,0,200,200,200,22,200,0,17,200
0,200,30,0,0,0,3,14,5,2,0,0,0,0,200,200,200,22,200,0,41,200
0,200,30,0,0,0,3,14,5,2,0,0,0,1,200,200,200,32,16,0,0,200
0,200,30,0,0,0,3,14,5,2,0,0,0,1,200,200,200,32,16,0,25,200
0,200,30,1,2,0,3,0,5,0,0,0,0,0,1,200,200,6,16,0,38,200
0,200,30,1,2,0,3,0,5,0,0,0,0,0,1,200,200,6,16,0,54,200
1,200,30,1,2,0,3,0,5,0,0,0,0,0,1,200,200,6,16,200,200,200
0,200,30,0,0,0,3,10,2,2,0,0,12,0,200,200,200,18,0,1,53,200
0,200,30,0,0,0,3,10,2,2,0,0,12,0,200,200,200,18,0,1,40,200
0,200,40,0,0,0,3,12,3,4,5,0,0,0,200,200,200,21,25,1,37,200
0,200,40,0,0,0,3,12,3,4,5,0,0,0,200,200,200,21,25,0,27,200
5,200,30,1,2,0,3,9,5,4,0,0,0,1,1,200,1,27,11,0,20,200
0,200,30,1,2,0,3,9,5,4,0,0,0,1,1,200,1,27,11,2,200,200
0,200,30,0,0,0,0,12,5,2,0,0,0,1,200,200,200,25,200,0,200,200
0,200,30,0,0,0,0,12,5,2,0,0,0,1,200,200,200,25,200,0,34,200
0,200,30,0,0,0,3,7,6,1,0,0,0,1,200,200,200,27,27,0,60,200
0,200,30,0,0,0,3,7,6,1,0,0,0,1,200,200,200,32,21,0,24,0.16
0,200,30,0,0,2,3,7,5,200,0,1,0,1,200,200,200,34,0,0,18,200