PERSON_TYPE,CRASH_DATE_EST_I,POSTED_SPEED_LIMIT,TRAFFIC_CONTROL_DEVICE,DEVICE_CONDITION,WEATHER_CONDITION,LIGHTING_CONDITION,FIRST_CRASH_TYPE,TRAFFICWAY_TYPE,LANE_CNT,ALIGNMENT,ROADWAY_SURFACE_COND,ROAD_DEFECT,CRASH_TYPE,INTERSECTION_RELATED_I,NOT_RIGHT_OF_WAY_I,HIT_AND_RUN_I,PRIM_CONTRIBUTORY_CAUSE,SEC_CONTRIBUTORY_CAUSE,SEX,AGE,BAC_RESULT VALUE
1,200,30,0,0,2,3,7,5,200,0,1,0,1,200,200,200,34,0,0,19,200
0,200,35,0,0,2,2,14,5,4,0,1,0,0,200,200,200,0,0,0,52,200
0,200,35,0,0,2,2,14,5,4,0,1,0,0,200,200,200,0,0,0,45,200
0,200,30,1,2,2,3,10,5,4,0,1,0,0,200,200,200,0,200,0,200,200
0,200,30,1,2,2,3,10,5,4,0,1,0,0,200,200,200,0,200,1,200,200
0,200,30,0,0,0,2,10,5,4,0,0,0,1,200,200,200,16,18,0,69,200
0,200,30,0,0,0,2,10,5,4,0,0,0,1,200,200,200,16,18,0,23,200
0,200,30,0,0,2,1,10,5,4,0,1,200,0,200,200,1,0,200,2,200,200
0,200,30,0,0,2,1,10,5,4,0,1,200,0,200,200,1,0,200,1,54,200
0,200,30,0,0,2,1,10,5,4,0,1,200,0,200,200,1,0,200,0,40,200
0,200,30,1,2,2,1,10,3,6,0,1,0,1,1,200,200,18,34,1,20,200
0,200,30,1,2,2,1,10,3,6,0,1,0,1,1,200,200,18,34,1,57,200
0,200,30,0,0,0,1,14,5,200,0,1,0,0,200,200,200,17,200,0,18,200
0,200,30,0,0,0,1,14,5,200,0,1,0,0,200,200,200,17,200,0,70,200
0,200,20,1,2,1,1,9,2,2,0,0,0,0,200,200,200,19,0,1,43,200
5,200,20,1,2,1,1,9,2,2,0,0,0,0,200,200,200,19,0,1,200,200
0,200,30,2,2,2,2,10,5,200,0,1,0,0,1,200,200,18,0,0,21,200
0,200,30,2,2,2,2,10,5,200,0,1,0,0,1,200,200,18,0,1,37,200
0,200,30,0,0,2,1,10,5,4,0,1,0,0,200,200,200,0,0,0,36,200
0,200,30,0,0,2,1,10,5,4,0,1,0,0,200,200,200,0,0,1,51,200
1,200,30,0,0,2,1,10,5,4,0,1,0,0,200,200,200,0,0,0,25,200
0,200,30,1,1,0,1,10,5,200,0,0,0,1,200,1,200,18,200,1,24,200
0,200,30,1,1,0,1,10,5,200,0,0,0,1,200,1,200,18,200,0,45,200
0,200,30,1,1,0,1,10,5,200,0,0,0,1,200,1,200,18,200,1,41,200
0,200,30,1,2,2,1,12,5,2,0,1,12,0,1,200,200,28,0,0,44,200
0,200,30,1,2,2,1,12,5,2,0,1,12,0,1,200,200,28,0,1,28,200
1,200,30,1,2,2,1,12,5,2,0,1,12,0,1,200,200,28,0,0,10,200
1,200,30,1,2,2,1,12,5,2,0,1,12,0,1,200,200,28,0,0,5,200
0,200,30,0,0,0,1,11,5,200,0,0,0,0,200,200,200,21,21,0,51,200
0,200,30,0,0,0,1,11,5,200,0,0,0,0,200,200,200,21,21,0,37,200
1,200,30,0,0,0,1,11,5,200,0,0,0,0,200,200,200,21,21,0,6,200
0,200,35,2,2,2,1,0,5,200,0,1,0,1,200,200,200,17,200,1,35,200
0,200,35,2,2,2,1,0,5,200,0,1,0,1,200,200,200,17,200,1,27,200
1,200,35,2,2,2,1,0,5,200,0,1,0,1,200,200,200,17,200,1,7,200
0,200,30,1,2,0,1,14,5,4,0,1,0,1,1,200,1,10,200,0,200,200
0,200,30,1,2,0,1,14,5,4,0,1,0,1,1,200,1,10,200,1,42,200
1,200,30,1,2,0,1,14,5,4,0,1,0,1,1,200,1,10,200,0,7,200
0,200,30,0,0,0,1,14,12,200,0,0,0,0,200,200,200,17,200,1,54,200
0,200,30,0,0,0,1,14,12,200,0,0,0,0,200,200,200,17,200,0,62,200
0,200,30,200,200,2,1,2,12,200,2,200,200,0,200,200,200,0,200,0,49,200
0,200,5,0,0,2,1,2,8,1,0,0,0,0,200,1,200,0,0,1,54,200
0,200,30,1,2,2,1,10,5,2,0,1,0,0,200,200,200,18,15,0,46,200
0,200,30,1,2,2,1,10,5,2,0,1,0,0,200,200,200,18,15,1,20,200
1,200,30,1,2,2,1,10,5,2,0,1,0,0,200,200,200,18,15,0,14,200
1,200,30,1,2,2,1,10,5,2,0,1,0,0,200,200,200,18,15,0,17,200
1,200,30,1,2,2,1,10,5,2,0,1,0,0,200,200,200,18,15,1,5,200
0,200,25,0,0,1,1,7,5,1,0,0,0,0,200,200,200,11,0,0,39,200
1,200,25,0,0,1,1,7,5,1,0,0,0,0,200,200,200,11,0,1,31,200
1,200,25,0,0,1,1,7,5,1,0,0,0,0,200,200,200,11,0,2,200,200
1,200,25,0,0,1,1,7,5,1,0,0,0,0,200,200,200,11,0,2,200,200
1,200,25,0,0,1,1,7,5,1,0,0,0,0,200,200,200,11,0,2,200,200
1,200,25,0,0,1,1,7,5,1,0,0,0,0,200,200,200,11,0,2,200,200
1,200,25,0,0,1,1,7,5,1,0,0,0,0,200,200,200,11,0,2,200,200
1,200,25,0,0,1,1,7,5,1,0,0,0,0,200,200,200,11,0,2,200,200
1,200,25,0,0,1,1,7,5,1,0,0,0,0,200,200,200,11,0,2,200,200
1,200,25,0,0,1,1,7,5,1,0,0,0,0,200,200,200,11,0,1,53,200
0,200,5,12,0,2,1,12,3,11,0,1,0,0,200,200,200,0,0,0,67,200
0,200,5,12,0,2,1,12,3,11,0,1,0,0,200,200,200,0,0,0,45,200
0,1,25,0,0,2,200,7,6,1,0,1,0,0,200,200,1,0,0,2,200,200
0,200,30,2,2,0,1,0,5,4,0,0,0,0,1,200,1,0,0,2,200,200
0,200,30,2,2,0,1,0,5,4,0,0,0,0,1,200,1,0,0,1,31,200
0,200,30,0,0,0,1,7,5,2,0,0,0,0,200,200,1,0,200,2,200,200
0,200,30,0,0,1,1,12,2,200,0,0,0,0,200,200,200,0,0,0,55,200
0,200,30,0,0,1,1,12,2,200,0,0,0,0,200,200,200,0,0,0,48,200
1,200,30,0,0,1,1,12,2,200,0,0,0,0,200,200,200,0,0,0,29,200
1,200,30,0,0,1,1,12,2,200,0,0,0,0,200,200,200,0,0,0,8,200
0,200,20,0,0,2,3,2,12,1,0,1,0,0,200,200,1,0,0,2,200,200
0,200,30,0,0,0,1,2,5,2,0,0,0,0,200,200,200,11,200,0,60,200
0,200,30,1,2,0,1,14,5,4,0,0,0,0,1,200,200,17,21,0,43,200
0,200,30,1,2,0,1,14,5,4,0,0,0,0,1,200,200,17,21,1,28,200
0,1,30,0,0,2,1,10,5,2,0,1,0,0,200,200,200,0,0,1,39,200
0,1,30,0,0,2,1,10,5,2,0,1,0,0,200,200,200,0,0,1,35,200
0,200,35,2,2,2,1,0,2,4,0,1,0,1,1,200,200,0,0,1,29,200
0,200,35,2,2,2,1,0,2,4,0,1,0,1,1,200,200,0,0,0,29,200
0,200,35,2,2,2,1,0,2,4,0,1,0,1,1,200,200,0,0,1,47,200
1,200,35,2,2,2,1,0,2,4,0,1,0,1,1,200,200,0,0,0,6,200
1,200,35,2,2,2,1,0,2,4,0,1,0,1,1,200,200,0,0,0,16,200
0,200,30,0,0,0,1,7,5,200,0,0,0,0,200,200,200,0,0,0,50,200
0,200,20,1,2,0,1,8,5,2,0,0,0,0,200,200,200,0,0,1,41,200
4,200,20,1,2,0,1,8,5,2,0,0,0,0,200,200,200,0,0,0,35,200
0,200,30,1,2,1,1,12,2,4,0,0,200,0,200,200,200,21,200,0,24,200
0,200,30,1,2,1,1,12,2,4,0,0,200,0,200,200,200,21,200,1,64,200
0,200,30,0,0,0,1,7,5,1,0,1,0,1,200,200,200,21,200,0,25,200
1,200,30,0,0,0,1,7,5,1,0,1,0,1,200,200,200,21,200,0,26,200
0,200,30,1,2,0,1,9,2,1,0,0,0,1,1,200,1,0,200,1,200,200
5,200,30,1,2,0,1,9,2,1,0,0,0,1,1,200,1,0,200,1,12,200
0,200,35,1,2,2,1,14,5,200,0,1,0,1,200,200,200,18,34,0,42,200
0,200,35,1,2,2,1,14,5,200,0,1,0,1,200,200,200,18,34,1,44,200
0,200,30,0,0,200,1,7,6,1,0,200,0,0,200,200,1,0,200,2,200,200
0,200,30,1,2,2,1,12,5,4,0,1,0,0,200,200,200,34,200,0,49,200
0,200,30,1,2,2,1,12,5,4,0,1,0,0,200,200,200,34,200,0,67,200
0,200,30,0,0,1,1,12,2,200,0,0,0,0,200,200,200,17,17,0,72,200
0,200,30,0,0,1,1,12,2,200,0,0,0,0,200,200,200,17,17,0,48,200
0,200,30,0,0,0,1,7,5,4,0,0,0,0,200,200,200,0,0,1,22,200
1,200,30,0,0,0,1,7,5,4,0,0,0,0,200,200,200,0,0,1,200,200
1,200,30,0,0,0,1,7,5,4,0,0,0,0,200,200,200,0,0,1,200,200
1,200,30,0,0,0,1,7,5,4,0,0,0,0,200,200,200,0,0,1,200,200
1,200,30,0,0,0,1,7,5,4,0,0,0,0,200,200,200,0,0,0,200,200
1,200,30,0,0,0,1,7,5,4,0,0,0,0,200,200,200,0,0,0,200,200
1,200,30,0,0,0,1,7,5,4,0,0,0,0,200,200,200,0,0,1,200,200
1,200,30,0,0,0,1,7,5,4,0,0,0,0,200,200,200,0,0,1,200,200
0,200,30,0,0,0,1,7,5,2,0,0,0,0,200,200,1,0,0,2,200,200
1,200,30,0,0,0,1,7,5,2,0,0,0,0,200,200,1,0,0,1,54,200
1,200,30,0,0,0,1,7,5,2,0,0,0,0,200,200,1,0,0,0,200,200
1,200,30,0,0,0,1,7,5,2,0,0,0,0,200,200,1,0,0,1,200,200
1,200,30,0,0,0,1,7,5,2,0,0,0,0,200,200,1,0,0,0,200,200
0,1,20,0,0,1,1,7,5,1,0,1,0,0,200,200,200,0,0,1,66,200
0,200,30,1,2,0,1,14,5,4,0,1,0,0,1,200,200,0,0,0,37,200
0,200,30,1,2,0,1,14,5,4,0,1,0,0,1,200,200,0,0,1,52,200
1,200,30,1,2,0,1,14,5,4,0,1,0,0,1,200,200,0,0,1,65,200
0,200,30,0,0,200,200,7,6,1,0,200,200,0,200,200,1,0,200,2,200,200
0,200,0,1,2,1,1,12,3,200,0,0,0,0,200,200,200,22,11,0,44,200
0,200,0,1,2,1,1,12,3,200,0,0,0,0,200,200,200,22,11,0,37,200
0,200,30,1,200,2,1,10,5,200,0,1,200,1,200,200,200,0,200,0,26,200
0,200,30,1,200,2,1,10,5,200,0,1,200,1,200,200,200,0,200,0,28,200
1,200,30,1,200,2,1,10,5,200,0,1,200,1,200,200,200,0,200,0,22,200
0,200,30,0,0,2,1,14,5,1,0,1,0,0,200,200,200,17,17,1,29,200
0,200,30,0,0,2,1,14,5,1,0,1,0,0,200,200,200,17,17,0,36,200
0,200,30,0,0,0,1,7,5,200,0,0,0,0,200,200,200,17,17,1,49,200
0,200,30,1,2,1,1,10,5,5,0,0,0,0,200,200,200,18,16,0,35,200
0,200,30,1,2,1,1,10,5,5,0,0,0,0,200,200,200,18,16,1,28,200
0,200,30,1,2,2,1,14,5,2,0,1,0,0,200,200,200,0,200,0,24,200
0,200,30,1,2,2,1,14,5,2,0,1,0,0,200,200,200,0,200,0,41,200
0,200,15,0,0,200,1,7,7,0,0,0,0,0,200,1,1,0,0,2,200,200
0,200,30,0,12,0,1,5,5,2,0,0,12,0,1,200,200,28,200,0,23,200
0,200,30,1,2,0,1,10,5,2,0,1,0,0,200,200,200,34,0,1,34,200
0,200,30,1,2,0,1,10,5,2,0,1,0,0,200,200,200,34,0,1,59,200
0,200,30,1,2,2,1,10,5,200,0,1,0,0,200,200,200,18,0,0,45,200
0,200,30,1,2,2,1,10,5,200,0,1,0,0,200,200,200,18,0,0,21,200
0,200,30,0,0,1,1,12,3,4,0,0,0,0,200,200,200,0,200,0,37,200
0,200,30,0,0,1,1,12,3,4,0,0,0,0,200,200,200,0,200,0,57,200
0,200,25,2,200,0,1,7,5,1,0,0,0,0,200,200,200,23,0,0,66,200
1,200,25,2,200,0,1,7,5,1,0,0,0,0,200,200,200,23,0,1,200,200
1,200,25,2,200,0,1,7,5,1,0,0,0,0,200,200,200,23,0,1,200,200
1,200,25,2,200,0,1,7,5,1,0,0,0,0,200,200,200,23,0,1,200,200
1,200,25,2,200,0,1,7,5,1,0,0,0,0,200,200,200,23,0,1,0,200
1,200,25,2,200,0,1,7,5,1,0,0,0,0,200,200,200,23,0,1,200,200
0,200,20,0,0,0,1,7,5,2,0,0,0,0,200,200,1,20,21,0,200,200
0,200,30,1,2,2,1,10,5,2,0,1,0,0,200,200,200,16,18,0,31,200
0,200,30,1,2,2,1,10,5,2,0,1,0,0,200,200,200,16,18,1,46,200
1,200,30,1,2,2,1,10,5,2,0,1,0,0,200,200,200,16,18,0,11,200
0,200,20,0,0,2,1,7,6,1,0,1,0,0,200,200,200,0,200,1,200,200
1,200,20,0,0,2,1,7,6,1,0,1,0,0,200,200,200,0,200,1,200,200
0,200,30,1,2,2,1,12,5,4,0,1,12,0,200,200,200,22,200,0,28,200
0,200,30,1,2,2,1,12,5,4,0,1,12,0,200,200,200,22,200,1,49,200
0,200,30,0,0,1,1,7,6,3,0,0,0,0,200,200,1,0,0,2,200,200
1,200,30,0,0,1,1,7,6,3,0,0,0,0,200,200,1,0,0,1,48,200
0,200,35,0,0,2,1,10,6,2,0,1,12,0,200,200,200,18,12,0,53,200
0,200,35,0,0,2,1,10,6,2,0,1,12,0,200,200,200,18,12,0,49,200
1,200,35,0,0,2,1,10,6,2,0,1,12,0,200,200,200,18,12,0,24,200
0,200,30,2,0,2,1,10,5,200,0,1,0,1,200,200,200,0,0,0,20,200
0,200,30,2,0,2,1,10,5,200,0,1,0,1,200,200,200,0,0,1,200,200
0,200,30,2,0,2,1,10,5,200,0,1,0,1,200,200,200,0,0,0,200,200
1,200,30,2,0,2,1,10,5,200,0,1,0,1,200,200,200,0,0,1,200,200
0,200,30,0,0,0,1,10,5,1,0,0,0,0,200,200,200,200,200,0,31,200
0,200,30,0,0,0,1,10,5,1,0,0,0,0,200,200,200,200,200,1,27,200
0,200,30,0,0,1,1,12,5,200,0,0,0,0,200,200,200,17,200,1,24,200
0,200,30,0,0,1,1,12,5,200,0,0,0,0,200,200,200,17,200,0,29,200
1,200,30,0,0,1,1,12,5,200,0,0,0,0,200,200,200,17,200,0,52,200
0,200,30,0,0,1,1,14,5,2,0,1,0,0,200,200,200,0,0,0,54,200
0,200,30,0,0,1,1,14,5,2,0,1,0,0,200,200,200,0,0,1,46,200
0,200,30,1,2,2,1,12,2,200,0,1,0,1,200,200,1,0,0,1,200,200
0,200,30,1,2,2,1,12,2,200,0,1,0,1,200,200,1,0,0,0,62,200
0,200,45,1,2,2,1,12,2,200,0,1,0,1,200,200,200,21,200,0,19,200
0,200,45,1,2,2,1,12,2,200,0,1,0,1,200,200,200,21,200,1,19,200
0,200,45,1,2,2,1,12,2,200,0,1,0,1,200,200,200,21,200,0,55,200
1,200,45,1,2,2,1,12,2,200,0,1,0,1,200,200,200,21,200,0,200,200
1,200,45,1,2,2,1,12,2,200,0,1,0,1,200,200,200,21,200,1,200,200
1,200,45,1,2,2,1,12,2,200,0,1,0,1,200,200,200,21,200,1,200,200
1,200,45,1,2,2,1,12,2,200,0,1,0,1,200,200,200,21,200,1,200,200
0,200,30,0,0,0,1,2,6,200,0,0,12,0,200,200,200,0,0,0,34,200
0,200,30,0,0,0,1,7,3,200,0,0,0,0,200,200,200,0,0,0,50,200
1,200,30,0,0,0,1,7,3,200,0,0,0,0,200,200,200,0,0,0,200,200
0,200,35,1,2,2,1,10,1,4,0,1,0,0,1,200,1,18,200,0,200,200
0,200,35,1,2,2,1,10,1,4,0,1,0,0,1,200,1,18,200,1,72,200
0,200,35,1,2,2,1,10,1,4,0,1,0,0,1,200,1,18,200,2,200,200
0,200,30,0,0,2,1,2,3,4,0,1,0,0,200,200,200,0,0,0,26,200
0,200,30,0,0,0,1,10,5,200,0,0,0,0,200,200,200,27,200,1,62,200
0,200,30,0,0,0,1,10,5,200,0,0,0,0,200,200,200,27,200,1,33,200
0,200,30,0,0,1,1,12,2,200,0,1,0,0,200,200,1,22,22,0,200,200
0,200,30,0,0,1,1,12,2,200,0,1,0,0,200,200,1,22,22,0,85,200
1,200,30,0,0,1,1,12,2,200,0,1,0,0,200,200,1,22,22,0,200,200
0,200,35,0,0,200,200,7,5,2,0,0,0,0,200,200,200,0,0,2,200,200
0,1,30,1,2,2,1,14,6,4,0,1,0,0,1,200,200,23,22,0,51,200
0,1,30,1,2,2,1,14,6,4,0,1,0,0,1,200,200,23,22,0,34,200
0,200,25,0,0,2,1,5,5,200,0,1,0,0,200,200,200,28,200,0,54,200
0,200,15,0,0,0,4,7,5,200,0,0,0,0,200,200,1,0,200,2,200,200
0,200,40,1,2,2,0,10,12,200,0,1,0,1,1,200,200,34,200,0,23,200
0,200,40,1,2,2,0,10,12,200,0,1,0,1,1,200,200,34,200,0,52,200
1,200,40,1,2,2,0,10,12,200,0,1,0,1,1,200,200,34,200,1,75,200
0,200,30,0,0,2,1,10,5,2,0,1,0,1,200,200,200,0,0,1,200,200
0,200,30,0,0,2,1,10,5,2,0,1,0,1,200,200,200,0,0,0,76,200
1,200,30,0,0,2,1,10,5,2,0,1,0,1,200,200,200,0,0,0,64,200
0,200,20,0,0,2,1,0,5,200,0,1,200,0,200,200,200,0,0,0,52,200
0,200,20,0,0,2,1,0,5,200,0,1,200,0,200,200,200,0,0,1,36,200
0,200,30,0,0,2,1,11,2,2,0,1,0,1,200,200,200,16,21,0,35,200
0,200,30,0,0,2,1,11,2,2,0,1,0,1,200,200,200,16,21,0,40,200
0,200,35,1,2,0,1,0,5,4,0,0,0,0,200,200,0,0,0,1,200,200
0,200,35,1,2,0,1,0,5,4,0,0,0,0,200,200,0,0,0,0,18,200
0,200,30,0,0,2,1,0,6,1,0,1,0,1,200,1,200,17,0,0,43,200
0,200,30,0,0,2,1,0,6,1,0,1,0,1,200,1,200,17,0,0,45,200
0,200,30,0,0,0,3,2,6,2,0,0,1,0,200,200,200,200,200,0,54,200
0,200,30,2,0,2,1,2,5,2,0,1,0,1,200,200,200,200,0,0,30,200
0,200,30,1,2,2,1,14,3,4,0,1,0,1,1,200,200,0,0,1,22,200
0,200,30,1,2,2,1,14,3,4,0,1,0,1,1,200,200,0,0,0,66,200
0,200,0,2,2,0,1,12,5,1,0,0,0,0,200,200,200,21,200,1,57,200
0,200,0,2,2,0,1,12,5,1,0,0,0,0,200,200,200,21,200,1,54,200
1,200,0,2,2,0,1,12,5,1,0,0,0,0,200,200,200,21,200,1,24,200
0,200,30,1,2,0,1,10,2,2,0,0,0,0,1,200,200,18,200,0,55,200
0,200,30,1,2,0,1,10,2,2,0,0,0,0,1,200,200,18,200,0,40,200
0,200,30,1,2,0,1,14,5,200,0,0,0,0,200,200,200,17,0,0,40,200
0,200,30,1,2,0,1,14,5,200,0,0,0,0,200,200,200,17,0,1,34,200
1,200,30,1,2,0,1,14,5,200,0,0,0,0,200,200,200,17,0,0,200,200
1,200,30,1,2,0,1,14,5,200,0,0,0,0,200,200,200,17,0,1,4,200
1,200,30,1,2,0,1,14,5,200,0,0,0,0,200,200,200,17,0,0,16,200
0,200,30,1,0,0,1,14,2,2,0,0,0,0,200,200,200,0,0,2,200,200
0,200,30,1,0,0,1,14,2,2,0,0,0,0,200,200,200,0,0,0,52,200
0,1,20,0,0,200,200,7,6,1,0,200,0,0,200,200,1,0,21,2,200,200
0,200,20,0,0,2,1,7,7,200,0,1,200,0,200,1,1,0,0,1,200,200
0,200,30,2,12,2,1,2,5,2,0,1,0,0,1,200,200,34,5,1,23,200
1,200,30,2,12,2,1,2,5,2,0,1,0,0,1,200,200,34,5,0,28,200
0,200,30,0,0,2,1,12,5,2,0,1,0,0,200,200,200,200,200,1,48,200
0,200,30,0,0,2,1,12,5,2,0,1,0,0,200,200,200,200,200,1,33,200
0,200,30,0,200,2,1,10,5,4,0,1,200,1,200,200,200,0,200,1,37,200
0,200,30,0,200,2,1,10,5,4,0,1,200,1,200,200,200,0,200,1,70,200
0,200,30,0,200,2,1,10,5,4,0,1,200,1,200,200,200,0,200,0,53,200
4,200,35,0,12,2,1,8,5,200,0,1,0,0,200,200,1,0,200,0,200,200
0,200,30,0,0,2,1,11,2,200,0,1,0,1,200,200,200,20,18,0,25,200
0,200,30,0,0,2,1,11,2,200,0,1,0,1,200,200,200,20,18,0,58,200
1,200,30,0,0,2,1,11,2,200,0,1,0,1,200,200,200,20,18,0,200,200
0,200,45,200,200,2,1,2,3,200,0,1,200,1,200,200,0,16,0,0,200,200
0,200,15,0,0,2,1,0,7,200,0,1,0,0,200,1,200,0,200,0,59,200
0,200,15,0,0,2,1,0,7,200,0,1,0,0,200,1,200,0,200,0,29,200
0,200,30,1,2,2,1,10,6,3,0,1,200,0,200,200,200,0,200,0,61,200
0,200,30,1,2,2,1,10,6,3,0,1,200,0,200,200,200,0,200,1,23,200
0,200,30,0,0,2,1,7,5,4,0,1,0,0,200,200,1,0,200,2,200,200
0,200,30,0,0,2,1,10,5,4,0,1,0,0,200,200,200,16,200,0,36,200
0,200,30,0,0,2,1,10,5,4,0,1,0,0,200,200,200,16,200,0,56,200
0,200,35,1,2,2,1,9,5,200,0,1,0,1,200,200,1,22,200,0,200,200
5,200,35,1,2,2,1,9,5,200,0,1,0,1,200,200,1,22,200,0,22,200
4,200,30,2,0,2,1,8,2,2,0,1,0,1,1,200,200,0,200,0,16,200
0,200,30,2,0,2,1,8,2,2,0,1,0,1,1,200,200,0,200,0,69,200
0,200,30,2,2,2,1,0,5,2,0,1,0,0,200,200,200,17,5,0,30,200
0,200,30,2,2,2,1,0,5,2,0,1,0,0,200,200,200,17,5,0,59,200
0,200,30,2,2,2,1,0,5,4,0,1,0,0,1,200,200,0,0,1,30,200
0,200,30,2,2,2,1,0,5,4,0,1,0,0,1,200,200,0,0,1,30,200
1,200,30,2,2,2,1,0,5,4,0,1,0,0,1,200,200,0,0,0,28,200
0,200,45,0,0,2,1,2,3,6,3,1,0,1,200,200,200,34,200,1,21,200
0,200,30,0,0,2,1,12,2,200,0,1,0,0,200,200,200,17,18,1,36,200
0,200,30,0,0,2,1,12,2,200,0,1,0,0,200,200,200,17,18,0,24,200
0,200,30,1,2,0,1,14,5,4,0,0,0,0,1,200,200,23,0,0,27,200
0,200,30,1,2,0,1,14,5,4,0,0,0,0,1,200,200,23,0,0,29,200
0,200,30,1,2,2,1,14,5,2,0,1,0,0,200,200,1,23,200,2,200,200
0,200,30,1,2,2,1,14,5,2,0,1,0,0,200,200,1,23,200,0,48,200
0,200,30,1,2,2,1,14,5,200,0,1,0,0,200,200,200,34,200,0,53,200
0,200,30,1,2,2,1,14,5,200,0,1,0,0,200,200,200,34,200,0,20,200
0,200,30,1,2,2,1,3,3,4,2,1,0,1,200,200,200,17,0,0,200,200
0,200,30,1,2,2,1,3,3,4,2,1,0,1,200,200,200,17,0,1,41,200
0,200,30,6,1,2,1,10,5,2,0,1,0,0,200,200,200,0,0,1,62,200
0,200,30,6,1,2,1,10,5,2,0,1,0,0,200,200,200,0,0,1,19,200
0,200,35,0,0,0,1,12,5,2,0,0,0,0,200,200,200,0,0,1,200,200
0,200,35,0,0,0,1,12,5,2,0,0,0,0,200,200,200,0,0,1,23,200
0,200,30,0,0,0,1,10,12,200,0,0,0,0,200,200,200,11,0,1,200,200
0,200,30,0,0,0,1,10,12,200,0,0,0,0,200,200,200,11,0,0,200,200
0,200,15,0,0,2,1,7,0,200,0,1,0,0,200,200,1,0,0,1,200,200
0,200,30,2,2,2,1,0,2,2,0,1,0,0,200,200,200,34,0,0,49,200
0,200,30,2,2,2,1,0,2,2,0,1,0,0,200,200,200,34,0,1,25,200
0,200,30,1,2,2,1,9,2,2,0,1,0,1,1,200,200,16,34,1,30,200
5,200,30,1,2,2,1,9,2,2,0,1,0,1,1,200,200,16,34,1,39,200
1,200,30,1,2,2,1,9,2,2,0,1,0,1,1,200,200,16,34,1,33,200
1,200,30,1,2,2,1,9,2,2,0,1,0,1,1,200,200,16,34,1,62,200
0,200,30,2,2,2,1,0,2,1,0,1,0,0,1,200,200,17,0,0,200,200
0,200,30,2,2,2,1,0,2,1,0,1,0,0,1,200,200,17,0,0,35,200
0,200,20,0,0,2,1,7,5,4,3,1,0,0,200,200,200,33,28,0,27,200
0,200,30,1,2,2,1,9,5,4,0,1,0,1,1,200,200,17,33,0,51,200
5,200,30,1,2,2,1,9,5,4,0,1,0,1,1,200,200,17,33,1,59,200
0,200,30,2,2,2,1,0,1,2,0,1,0,1,1,200,200,5,0,0,59,200
0,200,30,2,2,2,1,0,1,2,0,1,0,1,1,200,200,5,0,1,41,200
0,200,30,0,0,2,1,10,5,200,0,1,0,0,200,200,1,18,200,0,200,200
0,200,30,0,0,2,1,10,5,200,0,1,0,0,200,200,1,18,200,0,32,200
0,200,10,0,0,2,1,11,7,200,0,1,200,0,200,200,1,0,0,0,200,200
0,200,30,0,0,2,1,7,5,2,0,1,0,0,200,200,200,34,16,0,0,200
0,200,30,1,2,2,1,10,5,200,0,1,0,0,1,200,200,0,0,1,20,200
0,200,30,1,2,2,1,10,5,200,0,1,0,0,1,200,200,0,0,0,33,200
0,200,30,1,2,200,200,10,2,2,0,200,0,1,1,200,200,0,200,1,200,200
0,200,30,1,2,200,200,10,2,2,0,200,0,1,1,200,200,0,200,1,69,200
1,200,30,1,2,200,200,10,2,2,0,200,0,1,1,200,200,0,200,1,200,200
1,200,30,1,2,200,200,10,2,2,0,200,0,1,1,200,200,0,200,2,200,200
1,200,30,1,2,200,200,10,2,2,0,200,0,1,1,200,200,0,200,2,200,200
0,200,30,0,0,2,1,7,7,0,0,1,200,0,200,0,200,0,200,2,200,200
0,200,35,1,2,2,1,10,6,200,0,1,0,0,200,200,200,20,200,0,51,200
0,200,35,1,2,2,1,10,6,200,0,1,0,0,200,200,200,20,200,0,31,200
1,200,35,1,2,2,1,10,6,200,0,1,0,0,200,200,200,20,200,1,200,200
0,200,30,0,0,0,1,10,2,2,0,0,0,0,200,200,200,18,18,1,48,200
0,200,30,0,0,0,1,10,2,2,0,0,0,0,200,200,200,18,18,1,48,200
0,200,30,1,2,2,1,10,5,4,0,1,200,0,200,200,200,18,18,0,41,200
0,200,30,1,2,2,1,10,5,4,0,1,200,0,200,200,200,18,18,0,200,200
1,200,30,1,2,2,1,10,5,4,0,1,200,0,200,200,200,18,18,0,200,200
1,200,30,1,2,2,1,10,5,4,0,1,200,0,200,200,200,18,18,0,200,200
0,200,30,1,1,2,1,10,5,4,0,1,0,1,200,200,200,15,200,0,22,200
0,200,30,1,1,2,1,10,5,4,0,1,0,1,200,200,200,15,200,1,19,200
0,200,30,1,1,2,1,10,5,4,0,1,0,1,200,200,200,15,200,1,38,200
1,200,30,1,1,2,1,10,5,4,0,1,0,1,200,200,200,15,200,0,28,200
1,200,30,1,1,2,1,10,5,4,0,1,0,1,200,200,200,15,200,1,34,200
0,200,30,1,2,2,1,10,2,4,0,1,0,0,200,200,200,15,18,1,28,200
0,200,30,1,2,2,1,10,2,4,0,1,0,0,200,200,200,15,18,0,36,200
0,200,30,1,2,0,1,7,5,200,0,1,0,0,200,200,200,20,200,0,53,200
0,200,30,0,0,0,1,14,2,4,0,1,200,0,200,200,200,17,34,1,58,200
0,200,30,0,0,0,1,14,2,4,0,1,200,0,200,200,200,17,34,0,24,200
1,200,30,0,0,0,1,14,2,4,0,1,200,0,200,200,200,17,34,0,19,200
0,200,35,1,2,2,1,10,2,4,0,1,0,0,1,200,200,20,0,0,62,200