PERSON_TYPE,CRASH_DATE_EST_I,POSTED_SPEED_LIMIT,TRAFFIC_CONTROL_DEVICE,DEVICE_CONDITION,WEATHER_CONDITION,LIGHTING_CONDITION,FIRST_CRASH_TYPE,TRAFFICWAY_TYPE,LANE_CNT,ALIGNMENT,ROADWAY_SURFACE_COND,ROAD_DEFECT,CRASH_TYPE,INTERSECTION_RELATED_I,NOT_RIGHT_OF_WAY_I,HIT_AND_RUN_I,PRIM_CONTRIBUTORY_CAUSE,SEC_CONTRIBUTORY_CAUSE,SEX,AGE,BAC_RESULT VALUE
0,200,35,1,2,2,1,10,2,4,0,1,0,0,1,200,200,20,0,2,200,200
0,200,30,200,200,2,1,7,2,2,0,1,0,1,200,200,1,0,0,2,200,200
0,200,30,0,0,0,1,7,5,2,0,0,0,0,200,200,1,16,11,2,200,200
0,200,30,0,0,2,1,10,5,200,0,1,0,0,200,200,1,18,0,2,200,200
0,200,30,0,0,2,1,10,5,200,0,1,0,0,200,200,1,18,0,1,41,200
0,200,30,1,2,2,1,10,5,4,0,1,0,0,200,200,200,18,200,0,40,200
0,200,30,1,2,2,1,10,5,4,0,1,0,0,200,200,200,18,200,0,35,200
1,200,30,1,2,2,1,10,5,4,0,1,0,0,200,200,200,18,200,0,200,200
0,1,30,0,0,1,1,12,5,2,0,0,0,0,200,200,200,0,200,0,36,200
0,1,30,0,0,1,1,12,5,2,0,0,0,0,200,200,200,0,200,0,72,200
0,200,30,0,0,2,1,9,5,200,0,1,0,1,200,200,1,20,200,1,200,200
5,200,30,0,0,2,1,9,5,200,0,1,0,1,200,200,1,20,200,1,25,200
0,200,30,0,0,2,1,7,7,0,0,1,0,1,200,1,200,8,16,0,19,200
1,200,30,0,0,2,1,7,7,0,0,1,0,1,200,1,200,8,16,1,200,200
0,200,35,0,0,2,1,0,7,200,0,1,0,0,200,200,200,20,200,1,88,200
0,200,35,0,0,2,1,0,7,200,0,1,0,0,200,200,200,20,200,0,43,200
0,200,30,2,2,2,1,0,5,200,0,1,200,0,1,200,1,17,0,1,200,200
0,200,30,2,2,2,1,0,5,200,0,1,200,0,1,200,1,17,0,0,31,200
0,200,30,1,2,2,1,7,6,2,0,1,0,0,1,200,200,0,0,0,26,200
0,200,35,1,2,2,1,10,2,200,0,1,0,1,1,200,200,34,200,0,40,200
0,200,35,1,2,2,1,10,2,200,0,1,0,1,1,200,200,34,200,0,35,200
0,1,30,1,2,2,1,0,5,4,0,0,0,1,200,200,200,3,0,1,40,200
0,1,30,1,2,2,1,0,5,4,0,0,0,1,200,200,200,3,0,0,68,200
0,1,30,1,2,2,1,0,5,4,0,0,0,1,200,200,200,3,0,0,69,200
0,200,30,0,0,200,200,7,5,2,0,200,0,0,200,200,1,200,200,2,200,200
0,200,30,0,0,0,1,10,5,200,0,1,12,0,200,200,200,25,2,0,200,200
0,200,30,0,0,0,1,10,5,200,0,1,12,0,200,200,200,25,2,0,31,200
0,200,30,0,0,0,1,10,5,200,0,1,0,0,200,200,200,18,16,0,40,200
0,200,30,0,0,0,1,10,5,200,0,1,0,0,200,200,200,18,16,0,200,200
1,200,30,0,0,0,1,10,5,200,0,1,0,0,200,200,200,18,16,0,200,200
1,200,30,0,0,0,1,10,5,200,0,1,0,0,200,200,200,18,16,0,200,200
1,200,30,0,0,0,1,10,5,200,0,1,0,0,200,200,200,18,16,1,200,200
0,200,35,0,2,2,1,2,6,1,3,1,0,1,1,200,200,15,25,0,35,200
0,200,30,1,2,2,1,14,6,200,0,1,0,0,200,200,200,23,200,1,58,200
0,200,30,1,2,2,1,14,6,200,0,1,0,0,200,200,200,23,200,0,28,200
0,200,30,1,2,1,1,14,1,2,0,0,0,0,1,200,200,0,200,1,200,200
0,200,30,1,2,1,1,14,1,2,0,0,0,0,1,200,200,0,200,1,61,200
0,200,30,1,2,2,1,10,5,4,0,1,0,0,1,200,200,18,0,1,200,200
0,200,30,1,2,2,1,10,5,4,0,1,0,0,1,200,200,18,0,1,43,200
0,200,30,0,0,2,1,10,5,200,0,1,0,0,200,200,1,18,200,0,200,200
0,200,30,0,0,2,1,10,5,200,0,1,0,0,200,200,1,18,200,1,62,200
0,200,30,1,2,2,1,12,5,2,0,1,0,0,200,200,1,22,200,1,200,200
0,200,30,1,2,2,1,12,5,2,0,1,0,0,200,200,1,22,200,0,60,200
0,200,30,200,200,200,200,10,5,200,0,200,200,0,200,200,1,0,200,2,200,200
0,200,30,200,200,200,200,10,5,200,0,200,200,0,200,200,1,0,200,1,24,200
0,200,30,0,0,12,1,12,6,1,0,1,0,1,200,200,200,23,11,1,27,200
0,200,30,0,0,12,1,12,6,1,0,1,0,1,200,200,200,23,11,1,36,200
0,200,30,0,0,2,1,0,5,200,0,1,0,0,200,200,1,17,0,2,200,200
0,200,30,0,0,2,1,0,5,200,0,1,0,0,200,200,1,17,0,0,59,200
0,200,35,2,2,0,1,10,5,200,0,1,0,1,200,200,200,16,200,0,33,200
0,200,35,2,2,0,1,10,5,200,0,1,0,1,200,200,200,16,200,1,28,200
1,200,35,2,2,0,1,10,5,200,0,1,0,1,200,200,200,16,200,1,200,200
0,200,30,1,2,0,1,9,5,200,0,1,0,1,200,200,1,17,200,2,200,200
5,200,30,1,2,0,1,9,5,200,0,1,0,1,200,200,1,17,200,0,57,200
0,200,30,1,2,1,1,14,3,2,0,1,0,1,200,200,200,16,34,0,29,200
0,200,30,1,2,1,1,14,3,2,0,1,0,1,200,200,200,16,34,0,55,200
0,200,25,0,0,0,1,10,5,200,0,0,0,0,200,200,1,200,200,0,200,200
0,200,25,0,0,0,1,10,5,200,0,0,0,0,200,200,1,200,200,0,74,200
0,200,30,1,2,2,1,12,6,3,0,1,0,0,1,200,200,17,0,1,49,200
0,200,30,1,2,2,1,12,6,3,0,1,0,0,1,200,200,17,0,0,51,200
1,200,30,1,2,2,1,12,6,3,0,1,0,0,1,200,200,17,0,1,200,200
0,200,30,0,0,0,1,8,5,200,0,0,0,1,1,200,200,22,0,0,51,200
4,200,30,0,0,0,1,8,5,200,0,0,0,1,1,200,200,22,0,0,16,200
0,200,30,0,0,2,1,14,2,200,0,1,0,1,200,200,200,17,200,1,25,200
0,200,30,0,0,2,1,14,2,200,0,1,0,1,200,200,200,17,200,0,34,200
1,200,30,0,0,2,1,14,2,200,0,1,0,1,200,200,200,17,200,1,200,200
1,200,30,0,0,2,1,14,2,200,0,1,0,1,200,200,200,17,200,1,200,200
0,200,30,0,0,2,1,12,5,2,0,0,0,0,200,200,200,17,0,1,17,200
0,200,30,0,0,2,1,12,5,2,0,0,0,0,200,200,200,17,0,0,34,200
0,200,30,1,2,2,1,10,5,200,0,1,0,0,200,200,1,200,200,1,200,200
0,200,30,1,2,2,1,10,5,200,0,1,0,0,200,200,1,200,200,1,40,200
1,200,30,1,2,2,1,10,5,200,0,1,0,0,200,200,1,200,200,0,200,200
0,200,35,1,2,2,1,10,3,200,0,1,0,0,200,200,200,16,200,0,42,200
0,200,35,1,2,2,1,10,3,200,0,1,0,0,200,200,200,16,200,1,17,200
0,200,30,2,2,0,1,14,12,0,0,0,0,0,1,200,200,17,11,0,71,200
0,200,30,2,2,0,1,14,12,0,0,0,0,0,1,200,200,17,11,0,47,200
0,200,30,2,2,2,1,0,5,2,0,1,0,0,1,200,1,17,0,2,200,200
0,200,30,2,2,2,1,0,5,2,0,1,0,0,1,200,1,17,0,0,71,200
0,200,30,2,2,2,1,0,5,200,0,1,0,0,200,200,1,17,0,0,200,200
0,200,30,2,2,2,1,0,5,200,0,1,0,0,200,200,1,17,0,0,27,200
0,200,30,0,0,0,1,10,5,200,0,1,0,0,200,200,1,0,0,1,25,200
0,200,30,0,0,0,1,10,5,200,0,1,0,0,200,200,1,0,0,0,200,200
1,200,30,0,0,0,1,10,5,200,0,1,0,0,200,200,1,0,0,1,4,200
1,200,30,0,0,0,1,10,5,200,0,1,0,0,200,200,1,0,0,1,4,200
0,200,25,1,2,2,1,9,12,200,0,1,0,1,0,200,200,11,0,1,61,200
5,200,25,1,2,2,1,9,12,200,0,1,0,1,0,200,200,11,0,1,54,200
0,200,30,1,2,1,1,10,2,4,0,1,0,0,1,200,200,0,200,0,200,200
0,200,30,1,2,1,1,10,2,4,0,1,0,0,1,200,200,0,200,1,35,200
0,200,30,2,2,0,1,10,2,4,0,0,0,1,1,200,200,16,200,0,28,200
0,200,30,2,2,0,1,10,2,4,0,0,0,1,1,200,200,16,200,0,54,200
0,200,30,0,0,2,1,10,5,2,0,1,0,0,200,200,200,18,0,0,18,200
0,200,30,0,0,2,1,10,5,2,0,1,0,0,200,200,200,18,0,0,23,200
0,200,30,0,0,2,1,12,5,4,0,1,0,1,200,200,200,0,200,0,25,200
0,200,30,0,0,2,1,12,5,4,0,1,0,1,200,200,200,0,200,1,27,200
0,200,30,1,2,0,1,14,12,200,0,0,0,1,200,200,200,0,0,1,59,200
0,200,30,1,2,0,1,14,12,200,0,0,0,1,200,200,200,0,0,0,60,200
0,200,30,2,2,0,1,14,6,1,0,0,0,0,1,200,200,0,200,0,25,200
0,200,30,2,2,0,1,14,6,1,0,0,0,0,1,200,200,0,200,0,37,200
0,200,30,0,0,0,1,11,3,4,0,1,0,0,200,200,0,20,21,0,25,200
0,200,30,0,0,0,1,11,3,4,0,1,0,0,200,200,0,20,21,1,24,200
1,200,30,0,0,0,1,11,3,4,0,1,0,0,200,200,0,20,21,0,34,200
1,200,30,0,0,0,1,11,3,4,0,1,0,0,200,200,0,20,21,0,200,200
1,200,30,0,0,0,1,11,3,4,0,1,0,0,200,200,0,20,21,0,200,200
1,200,30,0,0,0,1,11,3,4,0,1,0,0,200,200,0,20,21,200,200,200
0,200,25,0,0,2,1,0,5,2,0,1,0,0,200,200,200,17,34,1,34,200
0,200,25,0,0,2,1,0,5,2,0,1,0,0,200,200,200,17,34,0,38,200
0,200,30,1,2,2,1,10,5,2,0,1,0,0,200,200,1,16,0,2,200,200
0,200,30,1,2,2,1,10,5,2,0,1,0,0,200,200,1,16,0,0,26,200
0,200,30,1,2,0,1,12,5,200,0,1,0,0,200,200,200,200,200,0,23,200
0,200,30,1,2,0,1,12,5,200,0,1,0,0,200,200,200,200,200,1,39,200
0,200,30,0,0,0,1,12,2,2,0,0,0,0,200,200,1,0,200,2,200,200
0,200,30,0,0,0,1,12,2,2,0,0,0,0,200,200,1,0,200,1,25,200
0,200,30,0,0,1,1,7,2,2,0,0,0,1,200,200,200,16,0,0,50,200
0,200,30,1,2,0,1,10,2,4,0,0,0,0,200,200,1,16,11,2,200,200
0,200,30,1,2,0,1,10,2,4,0,0,0,0,200,200,1,16,11,0,25,200
0,200,25,0,0,0,1,7,5,200,0,0,0,0,200,200,1,23,0,2,200,200
0,200,30,1,2,0,1,12,5,2,0,1,0,0,1,200,200,0,200,1,38,200
0,200,30,1,2,0,1,12,5,2,0,1,0,0,1,200,200,0,200,1,38,200
1,200,30,1,2,0,1,12,5,2,0,1,0,0,1,200,200,0,200,0,6,200
1,200,30,1,2,0,1,12,5,2,0,1,0,0,1,200,200,0,200,0,2,200
0,200,30,0,0,1,1,0,5,200,0,0,200,0,200,200,200,21,0,1,82,200
0,200,30,0,0,1,1,0,5,200,0,0,200,0,200,200,200,21,0,0,56,200
1,200,30,0,0,1,1,0,5,200,0,0,200,0,200,200,200,21,0,1,45,200
0,200,30,0,0,0,1,3,5,200,0,0,0,1,200,200,200,20,17,0,29,200
0,200,30,0,0,0,1,3,5,200,0,0,0,1,200,200,200,20,17,0,48,200
0,200,30,0,0,0,1,7,7,200,0,0,0,0,200,1,1,0,0,1,200,200
0,200,30,0,0,1,1,10,5,200,0,1,0,0,200,200,200,0,27,1,38,200
0,200,30,0,0,1,1,10,5,200,0,1,0,0,200,200,200,0,27,0,31,200
0,200,25,2,2,0,0,0,5,2,0,0,0,0,1,200,200,17,16,0,56,200
0,200,25,2,2,0,0,0,5,2,0,0,0,0,1,200,200,17,16,1,35,200
0,200,30,0,0,0,1,7,7,200,0,0,0,0,200,200,1,0,0,1,200,200
0,200,30,0,0,0,1,12,5,2,0,0,0,0,200,200,200,20,200,1,25,200
0,200,30,0,0,0,1,12,5,2,0,0,0,0,200,200,200,20,200,0,54,200
0,200,30,0,0,1,1,10,5,200,0,0,0,0,200,200,200,11,0,0,41,200
0,200,30,0,0,1,1,10,5,200,0,0,0,0,200,200,200,11,0,0,35,200
0,200,30,0,0,1,1,10,5,200,0,0,0,0,200,200,200,11,0,1,23,200
0,200,30,0,0,0,1,10,2,4,2,0,0,1,200,200,0,18,200,1,44,200
0,200,30,0,0,0,1,10,2,4,2,0,0,1,200,200,0,18,200,0,63,200
0,200,30,2,2,0,1,14,12,0,0,0,0,0,1,200,200,17,11,0,200,200
0,200,30,2,2,0,1,14,12,0,0,0,0,0,1,200,200,17,11,1,39,200
0,200,30,2,2,0,1,12,5,200,0,1,0,0,1,200,1,17,200,0,200,200
0,200,30,2,2,0,1,12,5,200,0,1,0,0,1,200,1,17,200,1,49,200
0,200,30,2,2,1,1,14,5,200,0,0,0,1,200,200,1,17,200,0,200,200
0,200,30,2,2,1,1,14,5,200,0,0,0,1,200,200,1,17,200,0,48,200
0,200,30,0,0,0,1,10,5,200,0,1,0,0,200,200,1,18,18,1,200,200
0,200,30,0,0,0,1,10,5,200,0,1,0,0,200,200,1,18,18,1,72,200
0,200,30,0,0,0,1,10,5,200,0,1,0,0,200,200,1,18,18,0,30,200
0,200,30,1,2,0,1,10,5,200,0,0,0,0,1,200,200,0,0,0,22,200
0,200,30,1,2,0,1,10,5,200,0,0,0,0,1,200,200,0,0,1,200,200
0,200,30,0,0,0,1,2,3,3,0,0,0,1,200,0,200,0,0,0,47,200
0,200,30,0,0,2,1,12,5,4,0,1,0,0,200,200,200,21,18,0,53,200
0,200,30,0,0,2,1,12,5,4,0,1,0,0,200,200,200,21,18,0,24,200
0,200,30,2,0,2,1,0,2,2,0,1,0,1,1,200,200,5,34,1,21,200
0,200,30,2,0,2,1,0,2,2,0,1,0,1,1,200,200,5,34,0,61,200
0,200,30,1,2,200,2,10,5,200,0,200,0,0,1,200,200,21,22,0,58,200
0,200,30,1,2,200,2,10,5,200,0,200,0,0,1,200,200,21,22,0,200,200
1,200,30,1,2,200,2,10,5,200,0,200,0,0,1,200,200,21,22,0,14,200
0,200,45,0,0,1,1,10,3,8,0,200,200,0,200,200,200,18,18,0,52,200
0,200,45,0,0,1,1,10,3,8,0,200,200,0,200,200,200,18,18,1,200,200
0,200,30,0,0,0,1,7,5,200,0,0,0,0,200,200,200,21,200,0,36,200
0,200,30,2,2,2,1,0,5,200,0,0,0,0,1,200,200,17,200,1,200,200
0,200,30,2,2,2,1,0,5,200,0,0,0,0,1,200,200,17,200,0,41,200
0,200,30,0,0,0,1,10,5,2,0,1,0,0,200,200,200,34,18,0,38,200
0,200,30,0,0,0,1,10,5,2,0,1,0,0,200,200,200,34,18,0,200,200
1,200,30,0,0,0,1,10,5,2,0,1,0,0,200,200,200,34,18,0,200,200
1,200,30,0,0,0,1,10,5,2,0,1,0,0,200,200,200,34,18,0,200,200
0,200,30,0,0,0,1,7,5,200,0,0,0,0,0,200,200,0,200,1,200,200
0,200,20,2,1,0,1,14,5,2,0,0,0,0,200,200,1,21,200,2,200,200
0,200,20,2,1,0,1,14,5,2,0,0,0,0,200,200,1,21,200,0,36,200
1,200,20,2,1,0,1,14,5,2,0,0,0,0,200,200,1,21,200,1,36,200
0,200,30,0,0,0,1,14,5,200,0,0,0,0,200,200,1,23,17,2,200,200
0,200,30,0,0,0,1,14,5,200,0,0,0,0,200,200,1,23,17,0,47,200
0,200,30,0,0,0,4,10,5,2,0,0,0,1,1,200,200,0,0,1,58,200
0,200,30,0,0,0,4,10,5,2,0,0,0,1,1,200,200,0,0,0,25,200
0,200,30,0,0,0,4,10,5,2,0,0,0,1,1,200,200,0,0,0,25,200
0,200,30,0,0,0,1,7,2,4,0,0,200,0,200,200,200,23,0,0,43,200
1,200,30,0,0,0,1,7,2,4,0,0,200,0,200,200,200,23,0,0,200,200
1,200,30,0,0,0,1,7,2,4,0,0,200,0,200,200,200,23,0,0,200,200
1,200,30,0,0,0,1,7,2,4,0,0,200,0,200,200,200,23,0,0,200,200
1,200,30,0,0,0,1,7,2,4,0,0,200,0,200,200,200,23,0,0,200,200
1,200,30,0,0,0,1,7,2,4,0,0,200,0,200,200,200,23,0,0,200,200
0,200,20,1,2,0,1,10,2,2,0,0,0,0,200,200,200,18,18,0,84,200
0,200,20,1,2,0,1,10,2,2,0,0,0,0,200,200,200,18,18,1,40,200
0,200,30,0,0,1,4,7,5,200,0,1,0,0,200,200,1,21,0,2,200,200
0,200,30,0,0,2,4,12,5,200,0,1,0,0,200,200,1,11,15,0,200,200
0,200,30,0,0,2,4,12,5,200,0,1,0,0,200,200,1,11,15,1,68,200
1,200,30,0,0,2,4,12,5,200,0,1,0,0,200,200,1,11,15,1,56,200
0,200,30,1,2,0,1,0,5,2,0,0,0,0,1,200,1,0,0,2,200,200
0,200,30,1,2,0,1,0,5,2,0,0,0,0,1,200,1,0,0,1,57,200
0,200,15,0,0,1,2,7,7,200,0,0,0,0,200,200,200,0,0,2,200,200
0,0,30,0,0,0,200,10,5,2,0,0,0,0,200,200,200,18,200,1,30,200
0,0,30,0,0,0,200,10,5,2,0,0,0,0,200,200,200,18,200,1,37,200
0,200,30,1,2,0,1,10,5,200,0,1,0,0,200,200,1,18,16,0,200,200
0,200,30,1,2,0,1,10,5,200,0,1,0,0,200,200,1,18,16,0,26,200
0,200,30,1,2,0,1,10,5,200,0,1,0,0,200,200,1,18,16,0,200,200
0,200,30,0,0,0,1,10,2,2,3,0,0,1,200,200,200,18,200,0,49,200
0,200,30,0,0,0,1,10,2,2,3,0,0,1,200,200,200,18,200,1,33,200
0,1,30,0,0,0,1,7,2,200,0,1,0,0,200,200,1,0,0,0,200,200
0,200,30,0,0,0,1,10,2,2,0,0,0,0,200,200,1,18,17,1,200,200
0,200,30,0,0,0,1,10,2,2,0,0,0,0,200,200,1,18,17,0,46,200
1,200,30,0,0,0,1,10,2,2,0,0,0,0,200,200,1,18,17,2,200,200
0,200,35,1,2,0,1,0,5,200,0,0,0,0,200,200,200,0,200,0,71,200
0,200,35,1,2,0,1,0,5,200,0,0,0,0,200,200,200,0,200,0,200,200
0,200,30,0,0,0,1,11,0,1,0,0,0,0,200,200,1,25,200,2,200,200
0,200,30,0,0,0,1,11,0,1,0,0,0,0,200,200,1,25,200,0,26,200
0,200,30,0,0,2,1,14,2,4,0,1,0,0,200,200,200,23,200,0,200,200
0,200,30,0,0,2,1,14,2,4,0,1,0,0,200,200,200,23,200,0,22,200
0,200,20,2,1,0,1,14,3,4,0,0,0,1,1,200,200,23,22,1,59,200
0,200,20,2,1,0,1,14,3,4,0,0,0,1,1,200,200,23,22,1,18,200
1,200,20,2,1,0,1,14,3,4,0,0,0,1,1,200,200,23,22,1,21,200
0,200,30,1,2,0,1,12,5,200,0,0,0,0,200,200,200,22,200,0,39,200
0,200,30,1,2,0,1,12,5,200,0,0,0,0,200,200,200,22,200,0,24,200
0,1,30,1,2,0,1,10,5,200,0,0,0,0,1,200,200,18,200,0,18,200
0,1,30,1,2,0,1,10,5,200,0,0,0,0,1,200,200,18,200,1,27,200
0,200,30,1,2,1,1,9,3,7,0,0,0,1,200,200,200,0,0,0,0,200
5,200,30,1,2,1,1,9,3,7,0,0,0,1,200,200,200,0,0,1,8,200
0,200,30,1,2,0,1,14,2,4,0,0,0,0,200,200,1,0,0,0,200,200
0,200,30,1,2,0,1,14,2,4,0,0,0,0,200,200,1,0,0,0,26,200
0,200,30,200,200,200,200,7,200,200,0,200,200,0,200,200,200,0,200,1,71,200
0,200,30,0,0,0,1,7,6,200,0,0,0,0,200,200,200,20,200,0,200,200
0,200,30,0,0,1,1,2,3,2,0,0,0,1,200,200,200,11,0,0,42,200
0,200,35,0,0,0,1,14,5,2,0,0,0,0,200,200,200,0,0,0,36,200
0,200,35,0,0,0,1,14,5,2,0,0,0,0,200,200,200,0,0,0,48,200
0,200,30,1,2,0,1,14,5,200,0,0,0,0,0,200,200,23,0,0,70,200
0,200,30,1,2,0,1,14,5,200,0,0,0,0,0,200,200,23,0,1,54,200
0,200,30,2,2,0,1,0,5,0,2,0,3,1,1,200,200,33,35,0,61,200
0,200,30,2,2,0,1,0,5,0,2,0,3,1,1,200,200,33,35,1,48,200
1,200,30,2,2,0,1,0,5,0,2,0,3,1,1,200,200,33,35,0,48,200
0,200,15,0,0,0,1,7,7,4,0,1,0,0,200,1,200,17,0,0,24,200
1,200,15,0,0,0,1,7,7,4,0,1,0,0,200,1,200,17,0,0,25,200
1,200,15,0,0,0,1,7,7,4,0,1,0,0,200,1,200,17,0,1,39,200
0,200,30,0,0,0,1,7,6,200,0,0,0,0,200,200,1,200,200,2,200,200
0,200,40,3,2,1,1,12,3,4,0,0,4,0,200,200,200,17,4,0,61,200
0,200,40,3,2,1,1,12,3,4,0,0,4,0,200,200,200,17,4,1,27,200
0,200,50,1,200,200,200,0,6,200,0,200,200,0,1,200,1,21,200,0,35,200
0,200,50,1,200,200,200,0,6,200,0,200,200,0,1,200,1,21,200,2,200,200
1,200,50,1,200,200,200,0,6,200,0,200,200,0,1,200,1,21,200,200,200,200
0,200,30,1,2,0,1,10,5,4,0,0,0,0,1,200,1,18,11,1,200,200
0,200,30,1,2,0,1,10,5,4,0,0,0,0,1,200,1,18,11,1,62,200
0,200,30,0,0,2,1,7,2,200,0,1,0,0,200,200,1,0,200,2,200,200
0,200,30,200,0,0,1,0,5,200,0,0,200,0,200,200,200,17,17,1,25,200
0,200,30,200,0,0,1,0,5,200,0,0,200,0,200,200,200,17,17,0,16,200
0,200,30,0,0,2,4,10,5,200,0,1,0,0,200,200,200,20,11,1,67,200
0,200,30,0,0,2,4,10,5,200,0,1,0,0,200,200,200,20,11,1,25,200
0,200,0,0,0,0,1,10,7,200,0,0,200,0,200,200,200,0,0,1,200,200
0,200,0,0,0,0,1,10,7,200,0,0,200,0,200,200,200,0,0,1,51,200
0,200,30,6,2,0,1,10,5,200,0,0,0,0,200,200,200,18,200,0,16,200
0,200,30,6,2,0,1,10,5,200,0,0,0,0,200,200,200,18,200,1,30,200
1,200,30,6,2,0,1,10,5,200,0,0,0,0,200,200,200,18,200,0,30,200
0,200,30,0,0,0,1,0,5,200,0,1,0,0,200,200,200,0,0,0,55,200
0,200,30,0,0,0,1,0,5,200,0,1,0,0,200,200,200,0,0,1,46,200
1,200,30,0,0,0,1,0,5,200,0,1,0,0,200,200,200,0,0,1,200,200
1,200,30,0,0,0,1,0,5,200,0,1,0,0,200,200,200,0,0,1,200,200
0,200,30,0,0,1,1,10,2,200,0,0,0,0,200,200,200,18,0,0,43,200
0,200,30,0,0,1,1,10,2,200,0,0,0,0,200,200,200,18,0,0,35,200
1,200,30,0,0,1,1,10,2,200,0,0,0,0,200,200,200,18,0,1,33,200
1,200,30,0,0,1,1,10,2,200,0,0,0,0,200,200,200,18,0,0,12,200
1,200,30,0,0,1,1,10,2,200,0,0,0,0,200,200,200,18,0,1,46,200
0,200,30,0,0,1,1,14,2,6,0,200,200,1,200,200,1,23,22,2,200,200
0,200,30,0,0,1,1,14,2,6,0,200,200,1,200,200,1,23,22,0,48,200
0,200,30,0,0,0,1,7,5,200,0,0,0,0,200,200,200,22,22,1,200,200
0,200,20,0,0,0,1,7,7,200,0,0,0,0,200,200,1,0,200,2,200,200
0,200,30,200,200,1,1,12,5,2,0,1,200,0,1,200,1,25,16,1,28,200
0,200,30,200,200,1,1,12,5,2,0,1,200,0,1,200,1,25,16,0,28,200
1,200,30,200,200,1,1,12,5,2,0,1,200,0,1,200,1,25,16,1,33,200
0,200,30,0,0,0,1,3,6,200,0,0,0,0,200,200,200,20,200,0,39,200
0,200,30,0,0,0,1,3,6,200,0,0,0,0,200,200,200,20,200,1,38,200
1,200,30,0,0,0,1,3,6,200,0,0,0,0,200,200,200,20,200,0,42,200
1,200,30,0,0,0,1,3,6,200,0,0,0,0,200,200,200,20,200,1,200,200
1,200,30,0,0,0,1,3,6,200,0,0,0,0,200,200,200,20,200,0,200,200
0,200,30,1,2,0,1,14,5,2,0,0,0,0,1,200,200,18,0,0,200,200
0,200,30,1,2,0,1,14,5,2,0,0,0,0,1,200,200,18,0,1,40,200
0,200,35,0,0,0,1,7,5,1,0,1,0,0,200,200,200,0,0,0,200,200
0,200,25,0,0,2,1,0,5,2,0,1,0,0,200,200,200,17,0,1,26,200
0,200,25,0,0,2,1,0,5,2,0,1,0,0,200,200,200,17,0,1,17,200
0,200,15,0,0,1,1,7,6,1,0,0,0,0,200,200,200,11,200,1,27,200
1,200,15,0,0,1,1,7,6,1,0,0,0,0,200,200,200,11,200,0,27,200
0,200,30,1,2,0,1,12,5,200,0,0,0,0,200,200,200,21,200,1,45,200
0,200,30,1,2,0,1,12,5,200,0,0,0,0,200,200,200,21,200,1,25,200
0,200,30,1,2,2,1,14,5,200,0,1,0,0,1,200,200,22,200,0,200,200
0,200,30,1,2,2,1,14,5,200,0,1,0,0,1,200,200,22,200,1,58,200
0,200,30,2,2,0,1,9,5,2,0,0,0,1,200,200,200,17,17,0,44,200
5,200,30,2,2,0,1,9,5,2,0,0,0,1,200,200,200,17,17,0,25,200
0,200,30,1,2,0,3,0,6,2,0,0,0,1,1,200,200,6,200,0,23,200
0,200,30,1,2,0,3,0,6,2,0,0,0,1,1,200,200,6,200,1,34,200
0,200,30,1,2,1,1,10,5,200,0,0,200,0,200,200,200,12,0,0,36,200
0,200,30,1,2,1,1,10,5,200,0,0,200,0,200,200,200,12,0,0,58,200
0,200,30,1,2,1,1,10,5,200,0,0,200,0,200,200,200,12,0,0,36,200
1,200,30,1,2,1,1,10,5,200,0,0,200,0,200,200,200,12,0,0,37,200
1,200,30,1,2,1,1,10,5,200,0,0,200,0,200,200,200,12,0,1,58,200
0,200,30,0,0,0,1,14,5,2,0,0,0,1,1,200,200,0,0,0,64,200
0,200,30,0,0,0,1,14,5,2,0,0,0,1,1,200,200,0,0,1,30,200
0,200,35,0,0,2,1,10,2,2,0,1,0,1,200,200,200,18,18,0,28,200
0,200,35,0,0,2,1,10,2,2,0,1,0,1,200,200,200,18,18,0,17,200
0,200,35,0,0,2,1,10,2,2,0,1,0,1,200,200,200,18,18,1,25,200
1,200,35,0,0,2,1,10,2,2,0,1,0,1,200,200,200,18,18,1,29,200
1,200,35,0,0,2,1,10,2,2,0,1,0,1,200,200,200,18,18,0,1,200
1,200,35,0,0,2,1,10,2,2,0,1,0,1,200,200,200,18,18,1,2,200
1,200,35,0,0,2,1,10,2,2,0,1,0,1,200,200,200,18,18,1,10,200
0,200,30,0,0,0,1,10,5,2,0,0,0,0,200,200,200,16,11,1,29,200
0,200,30,0,0,0,1,10,5,2,0,0,0,0,200,200,200,16,11,1,35,200
0,200,30,0,0,0,1,7,5,2,0,1,0,1,200,200,200,12,12,0,54,200
0,200,25,2,2,0,1,7,5,2,0,200,200,0,200,200,200,16,11,1,34,200
0,200,30,0,0,1,1,10,5,200,0,200,200,0,200,200,200,200,200,0,200,200
0,200,30,0,0,1,1,10,5,200,0,200,200,0,200,200,200,200,200,0,69,200
0,200,30,1,2,0,1,10,5,200,0,0,1,0,200,200,200,18,0,0,35,200
0,200,30,1,2,0,1,10,5,200,0,0,1,0,200,200,200,18,0,0,200,200
1,200,30,1,2,0,1,10,5,200,0,0,1,0,200,200,200,18,0,1,17,200
1,200,30,1,2,0,1,10,5,200,0,0,1,0,200,200,200,18,0,0,7,200