PERSON_TYPE,CRASH_DATE_EST_I,POSTED_SPEED_LIMIT,TRAFFIC_CONTROL_DEVICE,DEVICE_CONDITION,WEATHER_CONDITION,LIGHTING_CONDITION,FIRST_CRASH_TYPE,TRAFFICWAY_TYPE,LANE_CNT,ALIGNMENT,ROADWAY_SURFACE_COND,ROAD_DEFECT,CRASH_TYPE,INTERSECTION_RELATED_I,NOT_RIGHT_OF_WAY_I,HIT_AND_RUN_I,PRIM_CONTRIBUTORY_CAUSE,SEC_CONTRIBUTORY_CAUSE,SEX,AGE,BAC_RESULT VALUE
1,200,30,1,2,0,1,10,5,200,0,0,1,0,200,200,200,18,0,0,7,200
0,200,30,0,0,0,1,7,5,200,0,200,200,0,200,200,1,0,200,2,200,200
0,200,30,0,0,1,4,14,5,4,0,0,0,1,200,200,200,0,0,0,65,200
0,200,30,0,0,1,4,14,5,4,0,0,0,1,200,200,200,0,0,0,24,200
0,200,30,0,0,0,1,10,2,2,0,200,200,0,1,200,200,18,200,1,24,200
0,200,30,0,0,0,1,10,2,2,0,200,200,0,1,200,200,18,200,1,80,200
0,200,20,0,0,1,1,7,6,1,0,1,200,0,200,200,1,0,0,2,200,200
0,200,30,2,2,0,1,0,2,200,0,0,0,0,1,200,200,5,16,0,18,200
0,200,30,2,2,0,1,0,2,200,0,0,0,0,1,200,200,5,16,0,25,200
0,200,30,1,2,0,1,10,2,4,0,0,0,0,200,200,1,16,11,1,200,200
0,200,30,1,2,0,1,10,2,4,0,0,0,0,200,200,1,16,11,0,45,200
0,200,30,0,0,0,4,14,3,200,0,1,0,1,1,200,200,17,0,0,22,200
0,200,30,0,0,0,4,14,3,200,0,1,0,1,1,200,200,17,0,1,61,200
0,200,30,0,0,0,1,7,5,2,0,0,0,0,200,200,200,13,22,1,46,200
0,200,30,0,0,0,1,12,2,4,0,200,200,0,200,200,200,17,11,0,26,200
0,200,30,0,0,0,1,12,2,4,0,200,200,0,200,200,200,17,11,0,47,200
0,200,5,0,0,0,1,14,8,1,0,0,0,0,200,1,200,0,0,0,200,200
0,200,5,0,0,0,1,14,8,1,0,0,0,0,200,1,200,0,0,0,200,200
0,200,25,0,0,0,1,12,5,200,0,0,0,0,200,200,1,200,200,2,200,200
0,200,25,0,0,0,1,12,5,200,0,0,0,0,200,200,1,200,200,0,65,200
0,200,30,0,0,0,1,10,2,2,0,0,2,0,200,200,200,18,200,0,58,200
0,200,30,0,0,0,1,10,2,2,0,0,2,0,200,200,200,18,200,0,63,200
0,200,30,0,0,0,4,12,5,2,0,1,0,0,200,200,200,22,21,0,29,200
0,200,30,0,0,0,4,12,5,2,0,1,0,0,200,200,200,22,21,0,37,200
1,200,30,0,0,0,4,12,5,2,0,1,0,0,200,200,200,22,21,1,27,200
1,200,30,0,0,0,4,12,5,2,0,1,0,0,200,200,200,22,21,1,8,200
1,200,30,0,0,0,4,12,5,2,0,1,0,0,200,200,200,22,21,1,9,200
1,200,30,0,0,0,4,12,5,2,0,1,0,0,200,200,200,22,21,0,25,200
0,200,30,2,0,0,2,10,5,2,0,0,0,0,200,200,200,0,200,1,200,200
0,200,30,2,0,0,2,10,5,2,0,0,0,0,200,200,200,0,200,1,49,200
0,200,30,0,0,0,1,2,5,1,0,12,12,0,200,200,200,29,0,1,27,200
0,200,30,2,200,0,4,12,5,200,0,0,0,0,200,200,200,20,200,0,200,200
0,200,30,2,200,0,4,12,5,200,0,0,0,0,200,200,200,20,200,0,37,200
1,200,30,2,200,0,4,12,5,200,0,0,0,0,200,200,200,20,200,0,41,200
0,200,30,1,2,0,4,14,2,200,0,0,0,1,1,200,200,23,0,1,23,200
0,200,30,1,2,0,4,14,2,200,0,0,0,1,1,200,200,23,0,0,28,200
1,200,30,1,2,0,4,14,2,200,0,0,0,1,1,200,200,23,0,1,30,200
1,200,30,1,2,0,4,14,2,200,0,0,0,1,1,200,200,23,0,1,40,200
1,200,30,1,2,0,4,14,2,200,0,0,0,1,1,200,200,23,0,1,32,200
0,200,30,1,2,0,1,10,2,4,0,0,0,0,200,200,200,7,11,1,36,200
0,200,30,1,2,0,1,10,2,4,0,0,0,0,200,200,200,7,11,1,200,200
0,200,30,0,0,0,1,7,5,200,0,0,0,0,200,200,1,0,0,2,200,200
0,200,30,12,0,0,3,14,2,200,0,0,0,1,1,200,200,17,16,1,26,200
0,200,30,12,0,0,3,14,2,200,0,0,0,1,1,200,200,17,16,0,35,200
0,200,30,1,2,0,3,14,2,200,0,0,0,1,200,200,200,11,0,1,200,200
0,200,30,1,2,0,3,14,2,200,0,0,0,1,200,200,200,11,0,0,24,200
1,200,30,1,2,0,3,14,2,200,0,0,0,1,200,200,200,11,0,0,200,200
0,200,35,1,2,0,1,10,5,2,0,0,0,0,200,200,200,0,0,0,31,200
0,200,35,1,2,0,1,10,5,2,0,0,0,0,200,200,200,0,0,1,59,200
0,200,30,0,0,1,4,12,5,200,0,1,0,0,200,200,200,0,0,1,200,200
0,200,30,0,0,1,4,12,5,200,0,1,0,0,200,200,200,0,0,0,47,200
0,200,15,0,0,0,1,7,7,200,0,0,0,0,200,200,1,0,200,2,200,200
0,200,30,0,0,0,2,5,5,200,0,0,0,0,200,200,200,22,200,0,44,200
0,200,30,1,2,0,3,12,5,200,0,0,0,0,200,200,200,21,200,0,72,200
0,200,30,1,2,0,3,12,5,200,0,0,0,0,200,200,200,21,200,0,19,200
0,200,35,0,0,0,0,10,5,200,0,0,0,0,200,200,200,7,0,0,60,200
0,200,35,0,0,0,0,10,5,200,0,0,0,0,200,200,200,7,0,1,46,200
0,200,30,1,2,0,4,12,5,2,0,0,0,0,200,200,200,17,17,0,52,200
0,200,30,1,2,0,4,12,5,2,0,0,0,0,200,200,200,17,17,0,46,200
0,1,15,0,0,200,200,7,12,2,0,200,0,0,200,200,1,200,200,2,200,200
0,200,35,0,0,0,3,7,3,4,0,0,0,1,200,200,200,200,0,0,18,200
0,200,30,2,2,0,1,0,5,2,0,0,0,0,200,200,0,0,0,0,48,200
0,200,30,2,2,0,1,0,5,2,0,0,0,0,200,200,0,0,0,1,27,200
0,200,35,1,2,0,3,10,1,5,0,0,0,0,200,200,1,2,0,1,200,200
0,200,35,1,2,0,3,10,1,5,0,0,0,0,200,200,1,2,0,0,28,200
0,200,30,0,0,0,1,7,6,200,0,0,0,0,200,200,200,200,200,1,37,200
0,200,30,0,0,0,3,12,5,200,0,0,0,0,200,200,200,0,0,1,20,200
0,200,30,0,0,0,3,12,5,200,0,0,0,0,200,200,200,0,0,1,44,200
0,200,30,1,200,0,1,10,5,200,0,200,200,1,1,200,1,18,200,1,200,200
0,200,30,1,200,0,1,10,5,200,0,200,200,1,1,200,1,18,200,0,44,200
1,200,30,1,200,0,1,10,5,200,0,200,200,1,1,200,1,18,200,1,42,200
0,200,35,1,2,2,4,10,2,2,0,1,0,1,1,200,200,34,200,0,44,200
0,200,35,1,2,2,4,10,2,2,0,1,0,1,1,200,200,34,200,0,41,200
1,200,35,1,2,2,4,10,2,2,0,1,0,1,1,200,200,34,200,1,200,200
0,200,30,0,0,0,4,7,7,200,0,0,0,0,200,200,1,200,200,1,200,200
0,200,35,0,0,0,3,7,6,1,2,0,200,1,200,200,1,0,0,0,200,200
1,200,35,0,0,0,3,7,6,1,2,0,200,1,200,200,1,0,0,2,200,200
1,200,35,0,0,0,3,7,6,1,2,0,200,1,200,200,1,0,0,2,200,200
1,200,35,0,0,0,3,7,6,1,2,0,200,1,200,200,1,0,0,2,200,200
0,200,30,1,2,0,3,12,5,200,0,0,0,0,200,200,1,22,200,0,200,200
0,200,30,1,2,0,3,12,5,200,0,0,0,0,200,200,1,22,200,1,57,200
0,200,30,0,0,0,1,8,12,200,2,0,0,1,200,200,200,0,0,1,200,200
4,200,30,0,0,0,1,8,12,200,2,0,0,1,200,200,200,0,0,0,43,200
0,200,30,2,2,0,2,0,2,4,0,0,0,1,1,200,200,17,200,0,16,200
0,200,30,2,2,0,2,0,2,4,0,0,0,1,1,200,200,17,200,1,45,200
0,200,30,1,2,0,3,12,5,2,0,0,0,0,200,200,200,22,11,1,18,200
0,200,30,1,2,0,3,12,5,2,0,0,0,0,200,200,200,22,11,0,24,200
0,200,15,0,0,2,1,0,7,200,0,1,0,0,200,1,200,20,7,0,200,200
0,200,15,0,0,2,1,0,7,200,0,1,0,0,200,1,200,20,7,1,30,200
0,200,30,0,0,0,3,10,5,200,0,0,0,0,200,200,200,0,0,0,0,200
0,200,30,0,0,0,3,10,5,200,0,0,0,0,200,200,200,0,0,1,0,200
1,200,30,0,0,0,3,10,5,200,0,0,0,0,200,200,200,0,0,1,25,200
0,200,30,1,2,0,3,9,2,4,0,0,0,1,1,200,1,6,0,2,200,200
5,200,30,1,2,0,3,9,2,4,0,0,0,1,1,200,1,6,0,1,15,200
0,200,30,1,2,0,1,10,12,4,0,0,12,0,200,200,200,0,0,0,61,200
0,200,30,1,2,0,1,10,12,4,0,0,12,0,200,200,200,0,0,1,52,200
0,200,30,1,2,0,1,10,12,4,0,0,12,0,200,200,200,0,0,2,200,200
0,200,30,0,200,0,3,10,5,200,0,0,0,1,200,200,1,25,25,0,26,200
0,200,30,0,200,0,3,10,5,200,0,0,0,1,200,200,1,25,25,0,200,200
0,200,30,0,200,0,3,10,5,200,0,0,0,1,200,200,1,25,25,1,44,200
1,200,30,0,200,0,3,10,5,200,0,0,0,1,200,200,1,25,25,0,21,200
0,200,30,1,2,0,3,10,3,200,0,0,0,0,1,200,1,25,0,1,200,200
0,200,30,1,2,0,3,10,3,200,0,0,0,0,1,200,1,25,0,0,72,200
0,200,30,1,2,0,0,12,5,4,0,0,0,0,200,200,200,21,0,1,200,200
0,200,30,1,2,0,0,12,5,4,0,0,0,0,200,200,200,21,0,1,48,200
0,1,30,0,0,0,3,12,6,200,0,0,0,0,200,200,200,17,17,0,50,200
0,1,30,0,0,0,3,12,6,200,0,0,0,0,200,200,200,17,17,0,39,200
0,200,30,1,2,1,1,10,3,2,0,0,0,0,200,200,200,0,0,0,0,200
0,200,30,1,2,1,1,10,3,2,0,0,0,0,200,200,200,0,0,1,56,200
0,200,35,0,0,2,1,0,5,200,0,1,0,1,1,200,1,17,200,0,200,200
0,200,35,0,0,2,1,0,5,200,0,1,0,1,1,200,1,17,200,1,27,200
0,200,30,2,2,0,3,10,2,200,0,0,0,1,200,200,200,18,200,0,46,200
0,200,30,2,2,0,3,10,2,200,0,0,0,1,200,200,200,18,200,0,57,200
1,200,30,2,2,0,3,10,2,200,0,0,0,1,200,200,200,18,200,1,200,200
1,200,30,2,2,0,3,10,2,200,0,0,0,1,200,200,200,18,200,200,200,200
0,200,30,0,0,0,3,7,5,2,0,0,0,0,200,200,1,0,0,0,200,200
0,200,30,1,2,0,4,10,2,4,0,0,0,0,1,200,200,18,0,0,23,200
0,200,30,1,2,0,4,10,2,4,0,0,0,0,1,200,200,18,0,0,0,200
0,200,30,1,1,0,3,10,2,4,0,0,0,0,200,200,200,18,16,0,37,200
0,200,30,1,1,0,3,10,2,4,0,0,0,0,200,200,200,18,16,0,36,200
1,200,30,1,1,0,3,10,2,4,0,0,0,0,200,200,200,18,16,1,33,200
0,200,30,2,200,0,3,14,6,1,0,200,200,0,1,200,200,21,0,0,55,200
0,200,30,2,200,0,3,14,6,1,0,200,200,0,1,200,200,21,0,0,21,200
0,200,20,0,0,0,3,7,6,200,0,0,0,0,200,200,1,22,0,2,200,200
0,200,30,2,2,0,3,7,6,200,0,0,0,1,200,200,1,0,0,0,200,200
1,200,30,2,2,0,3,7,6,200,0,0,0,1,200,200,1,0,0,200,200,200
1,200,30,2,2,0,3,7,6,200,0,0,0,1,200,200,1,0,0,200,200,200
0,200,30,1,2,0,3,9,6,3,0,0,0,1,1,200,200,8,0,1,24,200
5,200,30,1,2,0,3,9,6,3,0,0,0,1,1,200,200,8,0,1,30,200
0,200,30,0,0,0,3,12,5,2,0,0,0,0,1,200,200,0,0,0,200,200
0,200,30,0,0,0,3,12,5,2,0,0,0,0,1,200,200,0,0,0,26,200
0,200,30,0,0,0,3,12,5,200,0,0,0,1,200,200,200,23,22,0,54,200
0,200,30,0,0,0,3,12,5,200,0,0,0,1,200,200,200,23,22,0,200,200
1,200,30,0,0,0,3,12,5,200,0,0,0,1,200,200,200,23,22,1,21,200
0,200,30,2,2,0,3,0,5,200,0,1,200,0,1,200,200,10,200,1,65,200
0,200,30,2,2,0,3,0,5,200,0,1,200,0,1,200,200,10,200,0,20,200
0,200,35,0,0,0,3,0,12,200,0,0,0,0,200,200,200,0,200,1,23,200
0,200,35,0,0,0,3,0,12,200,0,0,0,0,200,200,200,0,200,1,35,200
0,200,30,0,0,0,3,12,5,4,0,0,0,0,200,200,200,0,0,0,20,200
0,200,30,0,0,0,3,12,5,4,0,0,0,0,200,200,200,0,0,1,77,200
0,200,30,0,0,0,3,11,5,2,2,0,0,0,200,200,1,21,0,2,200,200
0,200,30,0,0,0,3,11,5,2,2,0,0,0,200,200,1,21,0,0,60,200
0,200,35,0,0,0,0,14,5,200,0,0,0,1,1,200,200,6,0,0,43,200
0,200,35,0,0,0,0,14,5,200,0,0,0,1,1,200,200,6,0,0,17,200
0,200,35,0,0,0,3,0,5,200,0,0,0,1,200,200,200,16,200,0,22,200
0,200,35,0,0,0,3,0,5,200,0,0,0,1,200,200,200,16,200,0,28,200
0,200,30,1,2,0,3,10,5,4,0,0,0,0,200,200,200,18,200,1,19,200
0,200,30,1,2,0,3,10,5,4,0,0,0,0,200,200,200,18,200,1,24,200
0,200,10,0,0,0,0,10,7,1,0,0,0,0,200,200,1,0,0,1,30,200
0,200,10,0,0,0,0,10,7,1,0,0,0,0,200,200,1,0,0,0,200,200
1,200,10,0,0,0,0,10,7,1,0,0,0,0,200,200,1,0,0,0,200,200
0,200,30,1,2,0,3,14,2,2,0,0,0,0,1,200,200,23,0,0,39,200
0,200,30,1,2,0,3,14,2,2,0,0,0,0,1,200,200,23,0,0,24,200
0,200,30,1,2,0,0,0,5,200,0,0,0,1,1,200,200,17,200,1,24,200
0,200,30,1,2,0,0,0,5,200,0,0,0,1,1,200,200,17,200,0,42,200
0,200,30,1,2,0,0,0,5,200,0,0,0,1,1,200,200,17,200,0,35,200
1,200,30,1,2,0,0,0,5,200,0,0,0,1,1,200,200,17,200,1,26,200
0,200,30,0,0,0,3,12,5,200,0,0,0,1,200,200,200,0,0,0,25,200
0,200,30,0,0,0,3,12,5,200,0,0,0,1,200,200,200,0,0,0,56,200
0,200,30,0,0,0,3,10,6,1,0,1,0,0,200,200,200,18,11,0,15,200
0,200,30,0,0,0,3,10,6,1,0,1,0,0,200,200,200,18,11,0,33,200
1,200,30,0,0,0,3,10,6,1,0,1,0,0,200,200,200,18,11,1,18,200
1,200,30,0,0,0,3,10,6,1,0,1,0,0,200,200,200,18,11,0,42,200
1,200,30,0,0,0,3,10,6,1,0,1,0,0,200,200,200,18,11,0,45,200
1,200,30,0,0,0,3,10,6,1,0,1,0,0,200,200,200,18,11,0,37,200
0,200,45,0,0,0,3,10,3,200,0,0,0,0,200,200,1,21,16,0,200,200
0,200,45,0,0,0,3,10,3,200,0,0,0,0,200,200,1,21,16,0,24,200
0,200,30,1,2,0,3,10,3,6,0,0,0,0,1,200,200,18,0,1,56,200
0,200,30,1,2,0,3,10,3,6,0,0,0,0,1,200,200,18,0,1,20,200
1,200,30,1,2,0,3,10,3,6,0,0,0,0,1,200,200,18,0,1,20,200
0,200,35,2,2,0,3,10,6,1,0,0,0,0,200,200,200,0,200,0,49,200
0,200,35,2,2,0,3,10,6,1,0,0,0,0,200,200,200,0,200,0,49,200
0,200,30,0,0,0,3,9,5,2,0,0,0,0,200,200,200,200,200,0,54,200
5,200,30,0,0,0,3,9,5,2,0,0,0,0,200,200,200,200,200,0,23,200
0,200,30,200,200,0,3,10,5,200,0,0,200,1,200,200,1,18,200,2,200,200
0,200,30,200,200,0,3,10,5,200,0,0,200,1,200,200,1,18,200,1,24,200
1,200,30,200,200,0,3,10,5,200,0,0,200,1,200,200,1,18,200,200,200,200
1,200,30,200,200,0,3,10,5,200,0,0,200,1,200,200,1,18,200,200,200,200
1,200,30,200,200,0,3,10,5,200,0,0,200,1,200,200,1,18,200,200,200,200
0,200,30,1,2,0,3,6,5,200,0,0,0,1,1,200,200,6,200,0,23,200
0,200,30,1,2,0,3,6,5,200,0,0,0,1,1,200,200,6,200,0,54,200
1,200,30,1,2,0,3,6,5,200,0,0,0,1,1,200,200,6,200,0,21,200
1,200,30,1,2,0,3,6,5,200,0,0,0,1,1,200,200,6,200,0,29,200
0,200,30,2,2,0,3,10,2,200,0,0,0,0,200,200,200,20,200,1,50,200
0,200,30,2,2,0,3,10,2,200,0,0,0,0,200,200,200,20,200,0,32,200
0,200,30,0,0,0,3,0,5,200,0,0,0,0,200,200,1,0,0,2,200,200
0,200,30,0,0,0,3,0,5,200,0,0,0,0,200,200,1,0,0,0,35,200
0,200,25,1,200,0,3,7,5,2,0,0,0,0,200,200,1,0,22,0,200,200
1,200,25,1,200,0,3,7,5,2,0,0,0,0,200,200,1,0,22,0,21,200
0,200,30,2,2,0,3,14,5,2,0,0,0,1,1,200,1,5,0,2,200,200
0,200,30,2,2,0,3,14,5,2,0,0,0,1,1,200,1,5,0,0,25,200
0,200,30,0,0,0,3,12,3,200,0,0,0,0,200,200,200,22,22,0,49,200
0,200,30,0,0,0,3,12,3,200,0,0,0,0,200,200,200,22,22,0,52,200
0,200,30,2,2,0,3,10,5,4,0,0,0,0,1,200,1,18,0,1,200,200
0,200,30,2,2,0,3,10,5,4,0,0,0,0,1,200,1,18,0,0,28,200
1,200,30,2,2,0,3,10,5,4,0,0,0,0,1,200,1,18,0,200,200,200
0,200,35,0,0,0,3,2,3,2,0,0,0,0,200,200,200,29,11,0,23,200
1,200,35,0,0,0,3,2,3,2,0,0,0,0,200,200,200,29,11,1,22,200
0,200,30,1,2,0,3,10,3,4,0,0,0,0,1,200,200,16,18,0,62,200
0,200,30,1,2,0,3,10,3,4,0,0,0,0,1,200,200,16,18,0,43,200
1,200,30,1,2,0,3,10,3,4,0,0,0,0,1,200,200,16,18,1,46,200
0,200,25,0,0,0,0,7,6,200,0,0,0,0,200,200,200,16,200,0,28,200
1,200,25,0,0,0,0,7,6,200,0,0,0,0,200,200,200,16,200,0,25,200
0,200,30,1,2,0,3,10,5,200,0,0,0,1,200,200,200,18,200,1,20,0
0,200,30,1,2,0,3,10,5,200,0,0,0,1,200,200,200,18,200,0,29,200
1,200,30,1,2,0,3,10,5,200,0,0,0,1,200,200,200,18,200,0,23,200
0,200,30,0,0,0,3,7,6,1,0,0,3,0,200,200,1,200,200,0,200,200
1,200,30,0,0,0,3,7,6,1,0,0,3,0,200,200,1,200,200,1,20,200
0,200,30,1,2,0,3,14,5,2,0,0,0,1,1,200,200,3,17,1,20,200
0,200,30,1,2,0,3,14,5,2,0,0,0,1,1,200,200,3,17,1,26,200
1,200,30,1,2,0,3,14,5,2,0,0,0,1,1,200,200,3,17,1,20,200
1,200,30,1,2,0,3,14,5,2,0,0,0,1,1,200,200,3,17,0,28,200
0,200,20,0,0,0,3,7,6,1,0,0,0,1,200,200,1,0,0,1,200,200
1,200,20,0,0,0,3,7,6,1,0,0,0,1,200,200,1,0,0,0,200,200
0,200,30,0,0,0,3,2,8,200,3,0,0,1,200,200,1,0,0,2,200,200
0,1,30,0,0,0,3,7,2,200,0,0,200,0,200,200,1,0,200,2,200,200
0,200,30,1,2,0,3,8,5,2,0,0,0,0,1,200,200,17,200,0,56,200
4,200,30,1,2,0,3,8,5,2,0,0,0,0,1,200,200,17,200,0,30,200
0,200,30,0,0,0,3,7,2,2,0,0,0,0,200,200,1,0,200,1,200,200
0,200,30,1,2,0,3,8,2,2,0,0,0,1,1,200,200,17,0,1,24,200
4,200,30,1,2,0,3,8,2,2,0,0,0,1,1,200,200,17,0,0,51,200
0,200,30,0,0,0,3,7,6,1,0,0,0,0,200,200,200,200,200,0,32,200
0,200,15,0,0,0,3,7,6,1,0,0,0,1,200,200,200,0,0,0,55,200
0,200,30,0,0,0,3,7,5,200,0,0,0,1,200,200,1,21,0,2,200,200
0,1,30,0,0,0,3,7,5,1,0,0,200,1,200,200,200,27,200,0,39,200
0,200,40,0,0,0,3,12,3,4,0,0,0,1,200,200,200,22,25,1,19,200
0,200,40,0,0,0,3,12,3,4,0,0,0,1,200,200,200,22,25,1,34,200
0,200,30,2,0,0,3,2,6,1,0,0,0,1,200,200,200,27,25,0,33,200
0,200,30,0,0,0,3,2,5,200,0,0,0,1,200,200,200,27,200,0,27,200
0,200,30,1,2,0,3,14,6,6,0,0,0,1,1,200,200,22,17,0,37,200
0,200,30,1,2,0,3,14,6,6,0,0,0,1,1,200,200,22,17,1,23,200
0,200,30,0,0,200,200,7,6,1,0,0,0,0,200,200,1,0,200,2,200,200
0,1,30,0,0,0,2,7,2,2,0,0,0,0,200,200,200,0,0,0,62,200
0,200,30,1,2,1,2,0,6,200,0,0,0,0,200,200,1,0,0,0,200,200
0,200,30,1,2,1,2,0,6,200,0,0,0,0,200,200,1,0,0,1,47,200
0,200,30,0,0,0,1,2,3,200,0,0,0,1,200,200,200,7,200,1,30,200
1,200,30,0,0,0,1,2,3,200,0,0,0,1,200,200,200,7,200,1,52,200
1,200,30,0,0,0,1,2,3,200,0,0,0,1,200,200,200,7,200,1,5,200
0,200,30,1,2,0,1,14,3,6,3,0,0,0,1,200,200,23,21,0,63,200
0,200,30,1,2,0,1,14,3,6,3,0,0,0,1,200,200,23,21,1,39,200
0,200,30,0,0,0,1,10,12,200,0,0,0,0,200,200,200,11,0,0,200,200
0,200,30,0,0,0,1,10,12,200,0,0,0,0,200,200,200,11,0,0,200,200
0,200,30,2,2,0,3,10,5,200,0,0,0,0,200,200,1,18,0,0,200,200
0,200,30,2,2,0,3,10,5,200,0,0,0,0,200,200,1,18,0,0,53,200
1,200,30,2,2,0,3,10,5,200,0,0,0,0,200,200,1,18,0,0,200,200
0,200,30,0,0,0,1,2,5,2,0,0,0,0,200,200,200,20,200,0,57,200
0,200,30,1,200,1,1,9,8,2,0,0,200,1,200,200,200,17,200,0,33,200
5,200,30,1,200,1,1,9,8,2,0,0,200,1,200,200,200,17,200,1,57,200
0,200,15,2,2,1,2,2,5,2,0,0,0,0,1,200,200,27,200,0,0,200
0,200,40,0,0,1,1,10,8,1,2,0,0,0,200,200,200,18,11,1,49,200
0,200,40,0,0,1,1,10,8,1,2,0,0,0,200,200,200,18,11,0,45,200
0,200,30,1,2,0,1,14,12,0,0,0,0,1,1,200,200,17,17,0,47,200
0,200,30,1,2,0,1,14,12,0,0,0,0,1,1,200,200,17,17,0,46,200
0,200,30,1,2,1,1,10,3,6,0,0,0,0,200,200,200,18,0,1,68,200
0,200,30,1,2,1,1,10,3,6,0,0,0,0,200,200,200,18,0,1,45,200
0,200,30,0,0,0,1,7,5,1,0,0,0,0,200,200,1,0,200,2,200,200
0,200,30,0,0,0,1,12,2,4,0,0,0,1,200,200,1,18,0,0,200,200
0,200,30,0,0,0,1,12,2,4,0,0,0,1,200,200,1,18,0,0,56,200
1,200,30,0,0,0,1,12,2,4,0,0,0,1,200,200,1,18,0,0,200,200
0,200,30,2,3,0,1,10,5,200,0,0,0,0,200,200,1,18,0,2,200,200
0,200,30,2,3,0,1,10,5,200,0,0,0,0,200,200,1,18,0,1,37,200
1,200,30,2,3,0,1,10,5,200,0,0,0,0,200,200,1,18,0,1,15,200
1,200,30,2,3,0,1,10,5,200,0,0,0,0,200,200,1,18,0,1,7,200
0,200,30,0,0,0,1,12,3,6,3,0,0,1,200,200,200,17,0,0,74,200
0,200,30,0,0,0,1,12,3,6,3,0,0,1,200,200,200,17,0,1,24,200
1,200,30,0,0,0,1,12,3,6,3,0,0,1,200,200,200,17,0,1,74,200
0,200,0,0,0,0,0,7,6,200,0,0,0,0,200,0,1,21,200,0,200,200
0,200,35,0,0,1,1,7,6,200,2,0,200,1,200,200,200,200,200,1,27,200
0,200,15,0,0,0,0,2,0,200,0,0,0,0,200,200,1,14,200,0,200,200
0,200,30,1,2,0,1,10,5,4,0,0,0,0,200,200,200,16,200,1,20,200
0,200,30,1,2,0,1,10,5,4,0,0,0,0,200,200,200,16,200,1,57,200
1,200,30,1,2,0,1,10,5,4,0,0,0,0,200,200,200,16,200,0,23,200
0,200,30,0,0,0,1,14,2,4,0,0,0,1,200,200,200,23,0,0,37,200
0,200,30,0,0,0,1,14,2,4,0,0,0,1,200,200,200,23,0,0,53,200
0,200,20,0,0,200,200,7,5,2,0,200,0,0,200,200,1,0,0,2,200,200
0,200,30,0,0,0,1,10,5,2,0,0,0,0,200,200,200,18,18,0,32,200
0,200,30,0,0,0,1,10,5,2,0,0,0,0,200,200,200,18,18,0,64,200
1,200,30,0,0,0,1,10,5,2,0,0,0,0,200,200,200,18,18,0,200,200
1,200,30,0,0,0,1,10,5,2,0,0,0,0,200,200,200,18,18,1,200,200
0,200,10,0,0,0,1,2,0,200,0,0,0,0,200,1,200,7,7,0,74,200
0,200,0,1,2,1,1,0,3,8,0,0,0,0,200,200,200,6,11,0,200,200
0,200,0,1,2,1,1,0,3,8,0,0,0,0,200,200,200,6,11,0,41,200
1,200,0,1,2,1,1,0,3,8,0,0,0,0,200,200,200,6,11,200,200,200
1,200,0,1,2,1,1,0,3,8,0,0,0,0,200,200,200,6,11,200,200,200
1,200,0,1,2,1,1,0,3,8,0,0,0,0,200,200,200,6,11,200,200,200
1,200,0,1,2,1,1,0,3,8,0,0,0,0,200,200,200,6,11,200,200,200
1,200,0,1,2,1,1,0,3,8,0,0,0,0,200,200,200,6,11,200,200,200
1,200,0,1,2,1,1,0,3,8,0,0,0,0,200,200,200,6,11,200,200,200
0,200,25,0,0,0,1,10,5,200,0,0,0,0,200,200,1,17,200,2,200,200
0,200,25,0,0,0,1,10,5,200,0,0,0,0,200,200,1,17,200,0,200,200
0,200,30,0,0,0,3,7,5,200,0,0,0,0,200,200,1,25,200,2,200,200
0,200,30,0,0,1,1,7,2,200,0,0,0,1,200,200,1,25,0,0,200,200
0,200,30,1,2,0,1,10,6,2,0,0,0,0,200,200,1,22,0,1,200,200
0,200,30,1,2,0,1,10,6,2,0,0,0,0,200,200,1,22,0,1,34,200
0,200,30,1,2,0,1,0,2,200,0,0,200,1,1,200,200,0,200,1,46,200
0,200,30,1,2,0,1,0,2,200,0,0,200,1,1,200,200,0,200,0,30,200
0,200,30,1,2,1,1,10,5,4,0,0,0,1,200,200,200,18,0,1,63,200
0,200,30,1,2,1,1,10,5,4,0,0,0,1,200,200,200,18,0,0,57,200
1,200,30,1,2,1,1,10,5,4,0,0,0,1,200,200,200,18,0,0,200,200
0,200,30,0,0,1,1,12,5,2,0,0,0,0,200,200,0,25,25,0,18,200
0,200,30,0,0,1,1,12,5,2,0,0,0,0,200,200,0,25,25,0,46,200
1,200,30,0,0,1,1,12,5,2,0,0,0,0,200,200,0,25,25,0,50,200
0,200,30,1,2,0,1,0,5,4,0,0,0,1,200,200,200,0,0,1,61,200
0,200,30,1,2,0,1,0,5,4,0,0,0,1,200,200,200,0,0,0,48,200
0,200,20,0,0,0,1,0,2,200,0,0,0,0,200,200,200,200,200,0,44,200
0,200,20,0,0,0,1,0,2,200,0,0,0,0,200,200,200,200,200,0,44,200
0,200,15,0,0,0,1,7,7,1,0,0,0,0,200,1,200,20,0,1,52,200
1,200,15,0,0,0,1,7,7,1,0,0,0,0,200,1,200,20,0,1,200,200
1,200,15,0,0,0,1,7,7,1,0,0,0,0,200,1,200,20,0,0,39,200
1,200,15,0,0,0,1,7,7,1,0,0,0,0,200,1,200,20,0,1,28,200
1,200,15,0,0,0,1,7,7,1,0,0,0,0,200,1,200,20,0,0,4,200
0,200,20,0,0,0,1,7,5,200,0,0,0,0,200,200,1,21,0,2,200,200