PERSON_TYPE,CRASH_DATE_EST_I,POSTED_SPEED_LIMIT,TRAFFIC_CONTROL_DEVICE,DEVICE_CONDITION,WEATHER_CONDITION,LIGHTING_CONDITION,FIRST_CRASH_TYPE,TRAFFICWAY_TYPE,LANE_CNT,ALIGNMENT,ROADWAY_SURFACE_COND,ROAD_DEFECT,CRASH_TYPE,INTERSECTION_RELATED_I,NOT_RIGHT_OF_WAY_I,HIT_AND_RUN_I,PRIM_CONTRIBUTORY_CAUSE,SEC_CONTRIBUTORY_CAUSE,SEX,AGE,BAC_RESULT VALUE
0,200,35,1,2,1,1,14,1,2,0,0,0,0,1,200,200,11,27,1,73,200
0,200,35,1,2,1,1,14,1,2,0,0,0,0,1,200,200,11,27,0,28,200
1,200,35,1,2,1,1,14,1,2,0,0,0,0,1,200,200,11,27,1,200,200
0,200,30,2,2,0,1,14,2,2,0,0,0,0,200,200,1,0,0,1,200,200
0,200,30,2,2,0,1,14,2,2,0,0,0,0,200,200,1,0,0,0,26,200
1,200,30,2,2,0,1,14,2,2,0,0,0,0,200,200,1,0,0,0,27,200
1,200,30,2,2,0,1,14,2,2,0,0,0,0,200,200,1,0,0,1,29,200
0,200,30,0,0,0,1,7,3,4,0,0,0,0,200,200,1,20,200,1,200,200
0,200,0,0,0,1,1,0,5,200,0,0,0,0,200,200,1,17,200,0,200,200
0,200,0,0,0,1,1,0,5,200,0,0,0,0,200,200,1,17,200,0,82,200
0,200,30,1,2,1,2,12,5,2,0,0,0,0,200,200,200,7,18,0,33,200
0,200,30,1,2,1,2,12,5,2,0,0,0,0,200,200,200,7,18,0,28,200
0,200,30,1,2,1,2,12,5,2,0,0,0,0,200,200,200,7,18,1,44,200
0,200,30,200,200,0,1,10,2,200,0,0,0,0,200,200,1,16,0,0,200,200
0,200,30,200,200,0,1,10,2,200,0,0,0,0,200,200,1,16,0,1,50,200
0,0,30,0,0,1,1,2,5,2,0,0,0,1,200,200,1,0,0,0,200,200
1,0,30,0,0,1,1,2,5,2,0,0,0,1,200,200,1,0,0,0,200,200
0,200,30,200,0,0,4,10,5,2,0,200,200,0,200,200,200,0,0,1,82,200
0,200,30,200,0,0,4,10,5,2,0,200,200,0,200,200,200,0,0,1,200,200
0,200,30,0,0,0,1,10,5,200,0,0,0,0,200,200,1,18,18,2,200,200
0,200,30,0,0,0,1,10,5,200,0,0,0,0,200,200,1,18,18,0,31,200
0,200,35,0,0,0,1,10,2,2,0,0,0,0,200,200,200,16,18,1,34,200
0,200,35,0,0,0,1,10,2,2,0,0,0,0,200,200,200,16,18,0,56,200
0,200,30,1,2,0,1,12,5,4,0,0,200,0,1,200,200,22,200,0,41,200
0,200,30,1,2,0,1,12,5,4,0,0,200,0,1,200,200,22,200,1,35,200
0,1,20,0,0,0,200,7,6,200,0,0,0,0,200,200,1,0,0,2,200,200
0,200,30,1,2,0,1,10,5,200,0,0,0,0,200,200,200,18,0,0,27,200
0,200,30,1,2,0,1,10,5,200,0,0,0,0,200,200,200,18,0,0,38,200
0,200,0,0,0,1,1,7,7,200,0,0,0,0,200,200,200,20,200,0,57,200
0,200,25,0,0,0,1,7,5,1,0,0,0,0,200,200,200,21,0,1,53,200
0,200,30,0,0,0,1,12,2,2,0,0,0,0,200,200,200,0,0,0,19,200
0,200,30,0,0,0,1,12,2,2,0,0,0,0,200,200,200,0,0,1,31,200
0,200,30,1,2,0,1,7,2,2,0,0,200,0,200,200,200,27,200,1,47,200
0,200,30,2,2,0,1,10,200,2,0,0,0,0,1,200,1,20,0,1,200,200
0,200,30,2,2,0,1,10,200,2,0,0,0,0,1,200,1,20,0,1,64,200
0,200,30,0,0,0,1,0,5,2,0,0,0,1,1,200,200,17,200,1,58,200
0,200,30,0,0,0,1,0,5,2,0,0,0,1,1,200,200,17,200,0,67,200
0,200,30,0,0,0,1,10,7,200,0,0,0,0,200,200,1,0,0,1,200,200
0,200,30,0,0,0,1,10,7,200,0,0,0,0,200,200,1,0,0,0,26,200
0,200,30,1,2,0,1,10,12,4,0,0,0,0,200,200,200,18,0,0,200,200
0,200,30,1,2,0,1,10,12,4,0,0,0,0,200,200,200,18,0,0,46,200
0,200,30,1,2,200,3,14,5,200,0,200,200,0,200,200,200,17,23,0,23,200
0,200,30,1,2,200,3,14,5,200,0,200,200,0,200,200,200,17,23,0,33,200
0,200,30,0,0,2,1,12,5,200,0,0,0,0,200,200,200,0,0,0,21,200
0,200,30,0,0,2,1,12,5,200,0,0,0,0,200,200,200,0,0,0,52,200
0,200,0,1,200,0,1,0,6,1,0,0,0,0,200,200,1,17,200,0,200,200
0,200,0,1,200,0,1,0,6,1,0,0,0,0,200,200,1,17,200,1,58,200
0,200,30,0,0,0,1,12,1,200,0,0,0,0,200,200,200,0,0,1,62,200
0,200,30,0,0,0,1,12,1,200,0,0,0,0,200,200,200,0,0,0,20,200
1,200,30,0,0,0,1,12,1,200,0,0,0,0,200,200,200,0,0,0,200,200
0,200,30,0,0,0,1,10,2,200,0,0,0,0,200,200,200,11,16,1,24,200
0,200,30,0,0,0,1,10,2,200,0,0,0,0,200,200,200,11,16,1,29,200
0,200,30,0,0,0,1,10,2,200,0,0,0,0,200,200,200,11,16,0,200,200
0,200,30,0,0,0,1,10,2,200,0,0,0,0,200,200,200,18,0,1,200,200
0,200,30,0,0,0,1,10,2,200,0,0,0,0,200,200,200,18,0,1,49,200
0,200,30,1,2,0,1,14,5,200,0,0,0,0,200,200,200,17,200,0,200,200
0,200,30,1,2,0,1,14,5,200,0,0,0,0,200,200,200,17,200,1,27,200
1,200,30,1,2,0,1,14,5,200,0,0,0,0,200,200,200,17,200,0,20,200
0,200,30,0,0,0,1,2,3,2,0,0,1,0,200,200,200,29,0,0,51,200
0,200,30,0,0,1,1,7,5,2,0,0,0,0,200,200,200,11,200,0,48,200
0,200,30,1,2,1,4,14,5,4,0,0,200,0,0,200,200,23,200,1,29,200
0,200,30,1,2,1,4,14,5,4,0,0,200,0,0,200,200,23,200,0,27,200
1,200,30,1,2,1,4,14,5,4,0,0,200,0,0,200,200,23,200,1,18,200
0,200,30,0,2,0,2,14,5,2,0,0,0,0,200,200,200,20,21,0,29,200
0,200,30,0,2,0,2,14,5,2,0,0,0,0,200,200,200,20,21,0,49,200
0,200,30,1,2,0,1,8,5,2,0,0,0,1,1,200,1,0,0,1,200,200
4,200,30,1,2,0,1,8,5,2,0,0,0,1,1,200,1,0,0,0,29,200
0,200,30,1,2,0,1,10,5,200,0,0,0,0,200,200,200,18,0,1,18,200
0,200,30,1,2,0,1,10,5,200,0,0,0,0,200,200,200,18,0,1,42,200
0,200,30,0,0,0,1,0,12,0,0,0,0,0,1,200,1,17,11,0,27,200
0,200,30,0,0,0,1,0,12,0,0,0,0,0,1,200,1,17,11,0,200,200
0,200,30,0,0,0,1,7,7,200,0,0,0,0,200,200,200,0,200,2,200,200
0,200,30,1,0,0,1,0,5,200,0,0,0,0,200,200,200,6,200,0,42,200
0,200,30,1,0,0,1,0,5,200,0,0,0,0,200,200,200,6,200,0,41,200
0,200,30,1,2,0,4,0,5,200,0,0,0,0,200,200,200,0,0,0,41,200
0,200,30,1,2,0,4,0,5,200,0,0,0,0,200,200,200,0,0,0,42,200
0,200,30,0,0,0,1,12,5,2,0,0,0,0,200,200,200,0,0,0,52,200
0,200,30,0,0,0,1,12,5,2,0,0,0,0,200,200,200,0,0,1,37,200
0,200,30,1,2,1,4,12,5,4,0,0,0,0,1,200,200,18,200,1,46,200
0,200,30,1,2,1,4,12,5,4,0,0,0,0,1,200,200,18,200,0,38,200
1,200,30,1,2,1,4,12,5,4,0,0,0,0,1,200,200,18,200,1,4,200
0,200,30,0,0,0,1,7,6,1,3,0,0,0,200,200,200,0,0,1,76,200
0,200,35,1,2,0,3,0,3,8,0,0,0,1,200,200,200,6,6,1,23,200
0,200,35,1,2,0,3,0,3,8,0,0,0,1,200,200,200,6,6,0,28,200
0,200,25,0,0,2,0,7,5,200,0,1,0,0,200,200,200,0,200,1,24,200
0,200,30,1,2,0,0,14,3,2,0,0,0,0,1,200,200,16,18,0,75,200
0,200,30,1,2,0,0,14,3,2,0,0,0,0,1,200,200,16,18,0,24,200
1,200,30,1,2,0,0,14,3,2,0,0,0,0,1,200,200,16,18,1,28,200
1,200,30,1,2,0,0,14,3,2,0,0,0,0,1,200,200,16,18,1,1,200
0,200,30,1,2,0,1,10,5,4,0,0,0,0,200,200,200,18,200,1,29,200
0,200,30,1,2,0,1,10,5,4,0,0,0,0,200,200,200,18,200,1,35,200
1,200,30,1,2,0,1,10,5,4,0,0,0,0,200,200,200,18,200,1,200,200
0,200,30,0,0,0,1,12,5,200,0,0,0,0,200,200,200,22,22,0,200,200
0,200,30,0,0,0,1,12,5,200,0,0,0,0,200,200,200,22,22,1,29,200
0,200,30,2,2,0,3,0,12,200,0,0,0,1,1,200,200,5,200,1,26,200
0,200,30,2,2,0,3,0,12,200,0,0,0,1,1,200,200,5,200,1,33,200
1,200,30,2,2,0,3,0,12,200,0,0,0,1,1,200,200,5,200,0,200,200
0,200,30,0,0,0,3,7,6,200,0,0,0,0,200,200,1,0,200,2,200,200
0,200,30,0,0,0,0,14,5,2,0,0,0,0,200,200,1,22,22,0,200,200
0,200,30,0,0,0,0,14,5,2,0,0,0,0,200,200,1,22,22,1,34,200
1,200,30,0,0,0,0,14,5,2,0,0,0,0,200,200,1,22,22,1,200,200
1,200,30,0,0,0,0,14,5,2,0,0,0,0,200,200,1,22,22,1,53,200
1,200,30,0,0,0,0,14,5,2,0,0,0,0,200,200,1,22,22,1,9,200
1,200,30,0,0,0,0,14,5,2,0,0,0,0,200,200,1,22,22,1,2,200
1,200,30,0,0,0,0,14,5,2,0,0,0,0,200,200,1,22,22,1,34,200
0,200,15,0,0,0,0,9,7,200,0,0,0,1,200,1,200,0,0,0,57,200
5,200,15,0,0,0,0,9,7,200,0,0,0,1,200,1,200,0,0,0,52,200
0,200,30,0,0,0,3,7,5,4,0,0,0,0,200,200,1,0,200,1,200,200
0,200,30,1,2,0,0,0,3,3,0,0,0,1,1,200,200,17,6,0,47,200
0,200,30,1,2,0,0,0,3,3,0,0,0,1,1,200,200,17,6,1,15,200
1,200,30,1,2,0,0,0,3,3,0,0,0,1,1,200,200,17,6,1,48,200
0,200,25,0,0,0,3,0,5,200,0,0,0,0,200,200,200,17,0,0,33,200
0,200,25,0,0,0,3,0,5,200,0,0,0,0,200,200,200,17,0,1,20,200
0,200,30,1,2,0,3,12,2,200,0,0,0,0,1,200,1,22,200,2,200,200
0,200,30,1,2,0,3,12,2,200,0,0,0,0,1,200,1,22,200,0,30,200
1,200,30,1,2,0,3,12,2,200,0,0,0,0,1,200,1,22,200,1,200,200
0,200,30,2,2,0,3,0,12,4,0,0,0,0,200,200,200,16,16,1,44,200
0,200,30,2,2,0,3,0,12,4,0,0,0,0,200,200,200,16,16,0,36,200
1,200,30,2,2,0,3,0,12,4,0,0,0,0,200,200,200,16,16,1,200,200
0,200,30,0,0,0,3,0,5,200,0,0,0,0,200,200,200,0,0,0,46,200
0,200,30,0,0,0,3,0,5,200,0,0,0,0,200,200,200,0,0,0,62,200
0,200,30,0,0,0,1,9,0,2,0,0,0,1,200,200,200,0,200,0,200,200
5,200,30,0,0,0,1,9,0,2,0,0,0,1,200,200,200,0,200,0,24,200
5,200,30,1,2,0,3,9,2,2,0,0,0,1,200,200,200,17,0,0,57,200
0,200,30,1,2,0,3,9,2,2,0,0,0,1,200,200,200,17,0,0,28,200
0,200,30,1,2,0,2,10,5,4,0,0,0,0,200,200,1,0,18,2,200,200
0,200,30,1,2,0,2,10,5,4,0,0,0,0,200,200,1,0,18,0,42,200
1,200,30,1,2,0,2,10,5,4,0,0,0,0,200,200,1,0,18,1,200,200
0,200,15,0,0,0,0,7,0,200,0,0,0,1,200,200,1,0,0,0,25,200
0,200,30,0,0,0,4,7,6,1,0,0,0,0,200,200,1,0,0,2,200,200
0,200,30,0,0,0,3,7,5,200,0,0,0,1,200,200,1,25,0,2,200,200
0,200,30,0,0,0,1,7,7,1,0,0,0,0,200,200,200,20,0,1,76,200
0,200,30,1,2,0,3,12,2,2,0,0,0,0,200,200,200,22,200,1,57,200
0,200,30,1,2,0,3,12,2,2,0,0,0,0,200,200,200,22,200,1,22,200
1,200,30,1,2,0,3,12,2,2,0,0,0,0,200,200,200,22,200,1,21,200
0,200,30,1,2,0,3,0,1,2,0,0,0,1,1,200,1,6,16,2,200,200
0,200,30,1,2,0,3,0,1,2,0,0,0,1,1,200,1,6,16,1,32,200
1,200,30,1,2,0,3,0,1,2,0,0,0,1,1,200,1,6,16,1,48,200
0,200,30,0,0,0,3,12,5,4,0,0,0,0,200,200,200,0,0,0,23,200
0,200,30,0,0,0,3,12,5,4,0,0,0,0,200,200,200,0,0,0,200,200
0,200,30,1,2,0,3,10,5,2,2,0,200,1,1,200,1,0,0,1,200,200
0,200,30,1,2,0,3,10,5,2,2,0,200,1,1,200,1,0,0,0,29,200
0,200,30,1,2,0,3,10,5,2,2,0,200,1,1,200,1,0,0,1,43,200
1,200,30,1,2,0,3,10,5,2,2,0,200,1,1,200,1,0,0,1,19,200
0,200,30,1,2,0,3,14,5,4,0,0,0,0,200,200,200,17,32,0,26,200
0,200,30,1,2,0,3,14,5,4,0,0,0,0,200,200,200,17,32,0,30,200
0,200,25,1,2,0,0,7,2,2,0,0,0,0,200,200,200,0,0,0,58,200
1,200,25,1,2,0,0,7,2,2,0,0,0,0,200,200,200,0,0,1,200,200
0,200,30,2,2,0,1,7,6,1,0,0,0,0,200,200,1,0,0,2,200,200
0,200,35,0,2,0,4,2,5,2,3,0,0,0,200,200,200,200,200,0,23,200
0,1,30,0,0,200,200,7,6,1,0,200,0,0,200,200,1,0,200,2,200,200
0,200,30,0,0,0,3,7,6,200,0,0,0,1,200,200,200,17,200,0,47,200
1,200,30,0,0,0,3,7,6,200,0,0,0,1,200,200,200,17,200,1,200,200
1,200,30,0,0,0,3,7,6,200,0,0,0,1,200,200,200,17,200,1,59,200
0,200,25,0,0,0,3,7,5,200,0,0,3,0,200,200,200,11,200,0,24,200
0,200,35,1,2,0,3,12,1,4,0,0,200,1,200,200,200,16,21,1,28,200
0,200,35,1,2,0,3,12,1,4,0,0,200,1,200,200,200,16,21,0,37,200
1,200,35,1,2,0,3,12,1,4,0,0,200,1,200,200,200,16,21,1,28,200
0,200,25,0,0,0,0,7,5,200,0,0,0,0,200,200,1,20,200,1,200,200
0,200,30,0,0,0,3,10,5,2,0,0,0,0,200,200,200,33,0,1,67,200
0,200,30,0,0,0,3,10,5,2,0,0,0,0,200,200,200,33,0,1,26,200
0,200,35,2,2,0,3,12,6,1,0,0,0,0,1,200,1,22,16,0,200,200
0,200,35,2,2,0,3,12,6,1,0,0,0,0,1,200,1,22,16,1,28,200
0,200,35,0,0,0,3,10,2,4,3,0,0,1,200,200,200,28,15,0,22,200
0,200,35,0,0,0,3,10,2,4,3,0,0,1,200,200,200,28,15,0,49,200
1,200,35,0,0,0,3,10,2,4,3,0,0,1,200,200,200,28,15,0,22,200
0,200,30,2,2,0,3,12,2,2,0,0,200,0,200,200,1,22,200,0,200,200
0,200,30,2,2,0,3,12,2,2,0,0,200,0,200,200,1,22,200,1,27,200
0,200,30,3,0,0,3,7,1,200,0,0,0,1,200,200,1,16,200,0,200,200
1,200,30,3,0,0,3,7,1,200,0,0,0,1,200,200,1,16,200,0,200,200
0,200,35,1,2,0,0,7,3,4,0,0,0,0,1,200,200,200,200,1,40,200
1,200,35,1,2,0,0,7,3,4,0,0,0,0,1,200,200,200,200,0,54,200
1,200,35,1,2,0,0,7,3,4,0,0,0,0,1,200,200,200,200,0,53,200
1,200,35,1,2,0,0,7,3,4,0,0,0,0,1,200,200,200,200,1,37,200
0,200,30,0,0,0,200,7,6,200,0,0,0,0,200,200,1,0,0,2,200,200
0,200,35,1,2,0,0,10,5,200,0,0,0,0,1,200,1,18,200,0,200,200
0,200,35,1,2,0,0,10,5,200,0,0,0,0,1,200,1,18,200,0,54,200
1,200,35,1,2,0,0,10,5,200,0,0,0,0,1,200,1,18,200,0,26,200
0,200,40,1,2,0,3,10,8,1,2,0,0,1,200,200,1,32,25,0,22,0.05
0,200,40,1,2,0,3,10,8,1,2,0,0,1,200,200,1,32,25,0,29,200
1,200,40,1,2,0,3,10,8,1,2,0,0,1,200,200,1,32,25,1,22,200
1,200,40,1,2,0,3,10,8,1,2,0,0,1,200,200,1,32,25,1,22,200
0,200,30,0,0,0,3,4,5,4,0,0,0,1,1,200,200,0,200,0,38,200
0,200,30,0,0,0,3,7,2,200,0,0,0,0,200,200,1,0,200,2,200,200
0,200,30,1,2,0,3,10,5,2,0,0,0,0,200,200,200,0,21,0,42,200
0,200,30,1,2,0,3,10,5,2,0,0,0,0,200,200,200,0,21,0,67,200
0,200,30,1,2,0,3,14,1,200,0,0,0,0,200,200,1,21,200,0,200,200
0,200,30,1,2,0,3,14,1,200,0,0,0,0,200,200,1,21,200,1,51,200
1,200,30,1,2,0,3,14,1,200,0,0,0,0,200,200,1,21,200,2,200,200
1,200,30,1,2,0,3,14,1,200,0,0,0,0,200,200,1,21,200,2,200,200
0,200,30,1,2,0,3,0,2,4,0,0,0,1,1,200,200,6,16,0,19,200
0,200,30,1,2,0,3,0,2,4,0,0,0,1,1,200,200,6,16,0,41,200
0,200,30,1,2,0,3,10,1,5,0,0,0,0,200,200,200,32,25,0,54,0.24
0,200,30,1,2,0,3,10,1,5,0,0,0,0,200,200,200,32,25,1,26,200
1,200,30,1,2,0,3,10,1,5,0,0,0,0,200,200,200,32,25,200,200,200
1,200,30,1,2,0,3,10,1,5,0,0,0,0,200,200,200,32,25,200,200,200
1,200,30,1,2,0,3,10,1,5,0,0,0,0,200,200,200,32,25,200,200,200
0,200,30,2,2,0,3,2,5,2,0,0,0,1,1,200,200,16,200,0,200,200
1,200,30,2,2,0,3,2,5,2,0,0,0,1,1,200,200,16,200,1,17,200
1,200,30,2,2,0,3,2,5,2,0,0,0,1,1,200,200,16,200,1,16,200
0,200,30,0,0,3,3,2,5,2,0,0,200,0,200,200,200,8,200,0,51,200
1,200,30,0,0,3,3,2,5,2,0,0,200,0,200,200,200,8,200,1,50,200
0,200,30,1,2,0,3,0,2,2,0,0,0,0,1,200,200,30,6,0,25,200
0,200,30,1,2,0,3,0,2,2,0,0,0,0,1,200,200,30,6,0,25,200
0,200,30,0,0,0,3,14,5,4,0,0,0,0,200,200,200,23,200,0,20,200
0,200,30,0,0,0,3,14,5,4,0,0,0,0,200,200,200,23,200,1,41,200
0,200,30,0,0,0,3,7,6,1,0,0,0,1,200,200,200,0,200,0,53,200
0,200,30,0,200,0,3,7,2,200,0,0,200,0,200,200,200,14,11,0,17,200
0,200,30,2,0,0,3,14,5,2,0,0,0,0,1,200,200,17,17,1,200,200
0,200,30,2,0,0,3,14,5,2,0,0,0,0,1,200,200,17,17,0,39,200
0,200,5,0,0,0,200,12,6,200,0,0,0,0,200,1,200,20,0,0,46,200
0,200,5,0,0,0,200,12,6,200,0,0,0,0,200,1,200,20,0,0,23,200
0,200,30,0,0,0,3,7,5,200,0,0,0,1,200,200,200,0,0,0,29,200
0,200,30,1,2,0,2,14,2,4,0,0,0,0,1,200,200,0,21,1,36,200
0,200,30,1,2,0,2,14,2,4,0,0,0,0,1,200,200,0,21,0,26,200
0,200,20,1,2,0,3,10,6,200,0,0,0,0,200,200,200,0,0,0,27,200
0,200,20,1,2,0,3,10,6,200,0,0,0,0,200,200,200,0,0,1,51,200
0,200,25,2,2,0,3,12,5,2,0,0,0,0,200,200,1,0,200,0,200,200
0,200,25,2,2,0,3,12,5,2,0,0,0,0,200,200,1,0,200,0,40,200
1,200,25,2,2,0,3,12,5,2,0,0,0,0,200,200,1,0,200,0,18,200
0,200,30,0,0,0,3,10,5,200,0,0,0,0,200,200,200,18,200,0,20,200
0,200,30,0,0,0,3,10,5,200,0,0,0,0,200,200,200,18,200,0,0,200
0,200,35,1,2,0,3,10,1,7,0,0,0,0,1,200,200,16,18,0,27,200
0,200,35,1,2,0,3,10,1,7,0,0,0,0,1,200,200,16,18,0,33,200
1,200,35,1,2,0,3,10,1,7,0,0,0,0,1,200,200,16,18,0,24,200
1,200,35,1,2,0,3,10,1,7,0,0,0,0,1,200,200,16,18,1,29,200
0,200,30,0,0,0,0,7,3,200,0,0,0,1,0,200,200,14,21,0,49,200
0,200,30,0,0,0,3,0,2,2,0,0,0,1,0,200,1,200,200,2,200,200
0,200,30,0,0,0,3,0,2,2,0,0,0,1,0,200,1,200,200,0,38,200
1,200,30,0,0,0,3,0,2,2,0,0,0,1,0,200,1,200,200,0,40,200
1,200,30,0,0,0,3,0,2,2,0,0,0,1,0,200,1,200,200,0,40,200
0,200,35,0,0,0,3,7,5,200,0,0,0,1,200,200,1,0,16,2,200,200
0,200,30,0,0,0,3,7,5,4,0,0,0,1,200,200,200,23,2,1,32,200
0,200,30,1,2,0,3,0,2,4,0,2,12,1,1,200,1,6,0,2,200,200
0,200,30,1,2,0,3,0,2,4,0,2,12,1,1,200,1,6,0,0,29,200
1,200,30,1,2,0,3,0,2,4,0,2,12,1,1,200,1,6,0,1,200,200
0,1,40,0,0,0,3,10,3,200,0,0,0,1,200,200,1,0,200,0,24,200
0,1,40,0,0,0,3,10,3,200,0,0,0,1,200,200,1,0,200,2,200,200
1,1,40,0,0,0,3,10,3,200,0,0,0,1,200,200,1,0,200,1,200,200
0,200,30,0,0,0,3,10,5,2,0,0,0,0,200,200,1,22,25,1,200,200
0,200,30,0,0,0,3,10,5,2,0,0,0,0,200,200,1,22,25,0,21,200
0,200,30,0,0,0,3,7,5,2,0,0,0,0,200,200,1,0,0,2,200,200
0,200,30,0,0,0,3,3,5,200,0,0,0,1,200,200,1,14,200,2,200,200
0,200,30,0,0,0,3,3,5,200,0,0,0,1,200,200,1,14,200,0,37,200
1,200,30,0,0,0,3,3,5,200,0,0,0,1,200,200,1,14,200,0,26,200
0,200,30,2,2,0,3,2,2,200,0,0,0,0,1,200,200,0,0,1,35,200
0,200,30,2,2,0,3,2,2,200,0,0,0,0,1,200,200,0,0,2,200,200
0,200,30,1,2,0,2,14,5,3,0,0,0,0,1,200,200,0,21,1,43,200
0,200,30,1,2,0,2,14,5,3,0,0,0,0,1,200,200,0,21,0,28,200
0,200,30,1,2,0,3,14,2,4,0,0,0,0,1,200,200,6,27,0,35,200
0,200,30,1,2,0,3,14,2,4,0,0,0,0,1,200,200,6,27,0,61,200
0,200,30,3,2,0,3,7,5,2,0,0,0,1,200,200,200,16,21,0,32,200
0,200,30,0,0,0,3,7,6,1,0,0,0,1,200,200,200,12,200,0,24,200
0,200,30,0,0,0,3,7,5,2,0,0,0,0,200,200,1,16,200,2,200,200
0,200,30,1,2,0,3,7,5,4,0,0,3,1,200,200,200,29,0,0,26,200
1,200,30,1,2,0,3,7,5,4,0,0,3,1,200,200,200,29,0,1,26,200
0,200,30,1,2,0,0,7,5,200,0,0,0,0,200,200,1,0,0,2,200,200
0,200,15,0,0,0,3,7,6,1,0,0,0,0,200,200,1,20,20,1,200,200
1,200,15,0,0,0,3,7,6,1,0,0,0,0,200,200,1,20,20,200,200,200
0,200,25,0,0,0,0,7,6,1,0,0,0,0,200,200,200,25,16,0,32,200
0,200,30,0,0,0,3,7,2,2,0,0,0,1,200,200,1,0,0,2,200,200
1,200,30,0,0,0,3,7,2,2,0,0,0,1,200,200,1,0,0,0,39,200
0,200,30,0,0,0,3,2,0,1,0,0,0,1,200,200,200,14,25,0,26,200
0,200,30,1,2,0,3,0,2,4,0,0,0,0,1,200,200,7,7,1,46,200
0,200,30,1,2,0,3,0,2,4,0,0,0,0,1,200,200,7,7,0,35,200
0,200,20,0,0,0,0,7,5,200,0,0,0,0,200,200,1,0,200,0,200,200
1,200,20,0,0,0,0,7,5,200,0,0,0,0,200,200,1,0,200,0,200,200
0,200,25,0,0,0,0,2,200,200,0,0,0,0,200,200,1,14,200,2,200,200
0,200,30,2,2,0,0,10,5,4,0,0,0,1,1,200,0,0,200,0,23,200
0,200,30,2,2,0,0,10,5,4,0,0,0,1,1,200,0,0,200,0,200,200
1,200,30,2,2,0,0,10,5,4,0,0,0,1,1,200,0,0,200,1,200,200
0,200,35,1,2,0,3,0,2,200,0,0,0,1,1,0,200,6,16,1,20,200
0,200,35,1,2,0,3,0,2,200,0,0,0,1,1,0,200,6,16,0,23,200
0,200,30,0,0,0,1,2,6,2,0,0,0,1,200,1,200,27,0,0,62,200
0,200,30,0,0,0,4,10,5,2,0,0,0,0,200,200,200,18,200,1,22,200
0,200,30,0,0,0,4,10,5,2,0,0,0,0,200,200,200,18,200,1,37,200
1,200,30,0,0,0,4,10,5,2,0,0,0,0,200,200,200,18,200,1,200,200
0,200,30,1,2,0,1,2,5,2,0,0,0,1,200,200,1,0,0,2,200,200
0,200,30,1,0,0,1,10,12,200,0,0,0,0,200,200,200,11,0,0,200,200
0,200,30,1,0,0,1,10,12,200,0,0,0,0,200,200,200,11,0,1,200,200
0,200,30,2,0,1,1,2,6,1,0,0,0,0,200,1,200,0,0,1,32,200
0,200,30,1,2,0,1,2,2,4,0,0,0,1,1,200,1,0,200,2,200,200
0,200,25,0,0,0,1,7,6,200,0,0,0,0,200,200,1,21,18,2,200,200
0,200,25,2,2,0,1,0,5,2,2,0,0,1,1,200,200,17,5,0,85,200
0,200,25,2,2,0,1,0,5,2,2,0,0,1,1,200,200,17,5,1,76,200
0,200,30,0,0,0,3,12,6,2,0,0,0,1,200,200,1,0,200,2,200,200
0,200,30,0,0,0,3,12,6,2,0,0,0,1,200,200,1,0,200,0,34,200
0,200,30,2,2,0,1,0,5,4,0,0,0,1,1,0,200,17,200,0,68,200
0,200,30,2,2,0,1,0,5,4,0,0,0,1,1,0,200,17,200,1,27,200
1,200,30,2,2,0,1,0,5,4,0,0,0,1,1,0,200,17,200,0,21,200
0,200,30,0,0,1,3,7,2,3,0,1,0,0,200,200,200,0,200,0,55,200
1,200,30,0,0,1,3,7,2,3,0,1,0,0,200,200,200,0,200,1,200,200
1,200,30,0,0,1,3,7,2,3,0,1,0,0,200,200,200,0,200,0,37,200
0,200,30,0,0,0,1,7,2,2,0,0,0,1,200,200,200,0,0,1,68,200
0,200,30,0,0,1,1,2,5,200,0,0,1,0,200,200,200,0,0,0,37,200
0,1,20,0,0,200,200,7,5,200,0,200,0,0,200,200,1,0,11,0,200,200
0,200,30,0,0,0,1,14,2,2,0,0,0,1,1,200,200,17,200,0,83,200
0,200,30,0,0,0,1,14,2,2,0,0,0,1,1,200,200,17,200,0,60,200
0,200,15,0,0,0,1,7,6,200,0,0,0,0,200,200,1,0,0,2,200,200
0,200,20,0,0,0,1,0,5,2,0,0,0,0,200,200,1,0,0,2,200,200
0,200,20,0,0,0,1,0,5,2,0,0,0,0,200,200,1,0,0,1,31,200
0,200,30,0,0,0,3,7,5,1,0,0,0,0,200,200,1,0,0,2,200,200
0,200,20,0,0,0,1,5,6,200,0,0,12,0,200,200,200,200,200,0,75,200
0,200,25,1,2,0,1,10,5,200,0,0,0,0,1,200,200,18,18,1,26,200
0,200,25,1,2,0,1,10,5,200,0,0,0,0,1,200,200,18,18,0,45,200
0,200,0,1,2,0,1,10,3,4,0,0,0,0,200,200,200,0,200,0,45,200
0,200,0,1,2,0,1,10,3,4,0,0,0,0,200,200,200,0,200,0,45,200
0,200,30,1,2,0,1,10,5,2,0,0,0,0,1,200,200,18,200,0,49,200
0,200,30,1,2,0,1,10,5,2,0,0,0,0,1,200,200,18,200,1,33,200
0,200,30,0,0,0,1,7,6,200,0,0,0,0,200,200,200,18,17,1,21,200
0,200,30,0,0,0,1,10,2,200,0,0,0,0,200,200,200,0,0,0,49,200
0,200,30,0,0,0,1,10,2,200,0,0,0,0,200,200,200,0,0,1,33,200
1,200,30,0,0,0,1,10,2,200,0,0,0,0,200,200,200,0,0,0,8,200
1,200,30,0,0,0,1,10,2,200,0,0,0,0,200,200,200,0,0,0,7,200
0,200,30,0,0,0,1,0,5,2,0,0,0,0,200,200,200,17,200,1,200,200