PERSON_TYPE,CRASH_DATE_EST_I,POSTED_SPEED_LIMIT,TRAFFIC_CONTROL_DEVICE,DEVICE_CONDITION,WEATHER_CONDITION,LIGHTING_CONDITION,FIRST_CRASH_TYPE,TRAFFICWAY_TYPE,LANE_CNT,ALIGNMENT,ROADWAY_SURFACE_COND,ROAD_DEFECT,CRASH_TYPE,INTERSECTION_RELATED_I,NOT_RIGHT_OF_WAY_I,HIT_AND_RUN_I,PRIM_CONTRIBUTORY_CAUSE,SEC_CONTRIBUTORY_CAUSE,SEX,AGE,BAC_RESULT VALUE
0,200,30,0,0,0,1,0,5,2,0,0,0,0,200,200,200,17,200,1,57,200
0,200,30,0,0,0,1,0,5,2,0,0,0,0,200,200,200,0,0,0,72,200
0,200,30,0,0,0,1,0,5,2,0,0,0,0,200,200,200,0,0,1,59,200
0,1,30,1,200,200,200,7,2,200,1,0,12,0,200,200,1,0,0,1,200,200
0,200,25,0,0,0,3,7,6,1,0,0,1,0,200,200,1,0,0,2,200,200
0,1,0,0,0,0,1,2,12,200,0,200,200,0,200,1,1,0,200,2,200,200
0,1,30,0,12,0,200,7,5,2,0,0,0,0,200,200,1,0,0,2,200,200
0,1,30,0,0,0,1,7,6,200,0,0,0,1,200,200,1,0,200,0,200,200
1,1,30,0,0,0,1,7,6,200,0,0,0,1,200,200,1,0,200,2,200,200
0,1,30,200,200,200,200,7,200,1,0,200,200,0,200,200,1,0,200,2,200,200
0,200,20,0,0,0,1,7,6,1,0,0,0,0,200,200,1,0,200,1,200,200
0,200,30,0,0,0,3,2,5,4,0,0,1,0,200,200,200,200,200,0,29,200
3,200,30,0,0,0,3,2,5,4,0,0,1,0,200,200,200,200,200,200,200,200
0,1,15,0,0,2,1,7,7,1,0,0,0,0,200,200,1,0,1,2,200,200
0,200,30,0,0,0,1,12,3,200,0,0,0,1,200,200,1,21,200,2,200,200
0,200,30,0,0,0,1,12,3,200,0,0,0,1,200,200,1,21,200,1,24,200
0,200,30,1,3,0,1,7,7,200,0,0,0,0,200,200,200,200,200,0,22,200
0,200,30,0,0,0,1,7,5,2,0,0,0,0,200,200,200,20,0,0,60,200
1,200,30,0,0,0,1,7,5,2,0,0,0,0,200,200,200,20,0,1,61,200
0,200,30,0,0,0,3,7,6,200,0,1,0,0,200,200,1,0,0,2,200,200
0,200,30,1,2,0,0,14,5,200,0,0,0,0,200,200,1,17,200,2,200,200
0,200,30,1,2,0,0,14,5,200,0,0,0,0,200,200,1,17,200,1,43,200
1,200,30,1,2,0,0,14,5,200,0,0,0,0,200,200,1,17,200,0,200,200
0,200,15,0,0,0,1,7,7,200,0,0,0,0,200,200,200,0,200,0,59,200
0,200,30,0,0,0,1,10,5,6,0,0,0,1,200,200,200,18,200,0,39,200
0,200,30,0,0,0,1,10,5,6,0,0,0,1,200,200,200,18,200,0,39,200
0,200,30,1,2,0,1,10,2,2,0,0,0,0,200,200,200,0,200,1,47,200
0,200,30,1,2,0,1,10,2,2,0,0,0,0,200,200,200,0,200,1,38,200
0,200,30,0,0,0,1,12,5,200,0,0,0,0,200,200,200,21,200,0,39,200
0,200,30,0,0,0,1,12,5,200,0,0,0,0,200,200,200,21,200,0,57,200
0,200,30,1,2,0,1,12,2,4,0,0,0,1,200,200,200,12,21,0,26,200
0,200,30,1,2,0,1,12,2,4,0,0,0,1,200,200,200,12,21,1,34,200
0,200,30,1,2,0,1,12,2,4,0,0,0,1,200,200,200,12,21,1,34,200
1,200,30,1,2,0,1,12,2,4,0,0,0,1,200,200,200,12,21,0,39,200
0,200,30,1,2,0,1,8,12,14,0,0,0,1,1,200,200,17,16,1,56,200
4,200,30,1,2,0,1,8,12,14,0,0,0,1,1,200,200,17,16,0,33,200
0,1,30,0,0,0,1,10,2,200,0,0,0,0,200,200,200,16,0,0,46,200
0,1,30,0,0,0,1,10,2,200,0,0,0,0,200,200,200,16,0,0,49,200
0,200,30,1,2,0,1,14,5,200,0,0,0,1,1,200,200,6,23,0,30,200
0,200,30,1,2,0,1,14,5,200,0,0,0,1,1,200,200,6,23,0,200,200
0,200,30,0,0,200,3,7,6,1,0,200,200,0,200,200,1,0,0,2,200,200
0,1,30,0,0,0,0,7,5,2,0,0,0,0,200,200,1,0,0,2,200,200
0,200,30,0,0,0,1,7,7,200,0,0,0,0,200,200,1,0,0,1,200,200
1,200,30,0,0,0,1,7,7,200,0,0,0,0,200,200,1,0,0,1,32,200
0,1,30,1,2,0,1,14,2,2,0,0,0,1,1,200,200,0,200,0,24,200
0,1,30,1,2,0,1,14,2,2,0,0,0,1,1,200,200,0,200,1,23,200
0,1,30,1,2,0,1,14,2,2,0,0,0,1,1,200,200,0,200,1,51,200
0,1,30,1,2,0,1,14,2,2,0,0,0,1,1,200,200,0,200,1,28,200
0,200,30,0,1,0,1,10,2,4,0,0,0,1,200,200,200,18,15,0,43,200
0,200,30,0,1,0,1,10,2,4,0,0,0,1,200,200,200,18,15,0,37,200
1,200,30,0,1,0,1,10,2,4,0,0,0,1,200,200,200,18,15,1,39,200
1,200,30,0,1,0,1,10,2,4,0,0,0,1,200,200,200,18,15,1,4,200
0,200,30,1,2,0,1,0,2,0,0,0,0,1,1,0,0,17,16,0,17,200
0,200,30,1,2,0,1,0,2,0,0,0,0,1,1,0,0,17,16,1,52,200
0,200,30,1,2,0,1,10,6,200,0,0,0,0,1,200,1,6,18,0,200,200
0,200,30,1,2,0,1,10,6,200,0,0,0,0,1,200,1,6,18,0,53,200
0,200,30,0,0,0,1,0,6,1,0,0,0,0,200,200,200,17,17,1,37,200
0,200,30,0,0,0,1,0,6,1,0,0,0,0,200,200,200,17,17,1,21,200
0,200,30,1,2,0,1,12,2,4,0,0,0,0,200,200,200,11,21,1,37,200
0,200,30,1,2,0,1,12,2,4,0,0,0,0,200,200,200,11,21,1,56,200
0,200,30,2,2,0,1,0,5,200,0,0,0,0,1,200,200,0,0,1,21,200
0,200,30,2,2,0,1,0,5,200,0,0,0,0,1,200,200,0,0,0,39,200
0,1,30,0,0,0,1,7,7,200,0,0,0,0,200,200,200,18,200,1,55,200
0,200,30,0,0,0,1,14,5,200,0,0,0,0,200,200,200,23,16,0,36,200
0,200,30,0,0,0,1,14,5,200,0,0,0,0,200,200,200,23,16,1,20,200
1,200,30,0,0,0,1,14,5,200,0,0,0,0,200,200,200,23,16,1,200,200
4,200,30,0,0,0,4,8,5,200,0,0,0,1,200,200,200,11,200,0,35,200
0,200,30,1,2,0,1,0,5,6,0,0,0,0,1,200,0,17,3,0,43,200
0,200,30,1,2,0,1,0,5,6,0,0,0,0,1,200,0,17,3,1,200,200
0,200,30,0,0,0,1,12,5,200,0,0,0,0,200,200,200,200,200,0,68,200
0,200,30,0,0,0,1,12,5,200,0,0,0,0,200,200,200,200,200,0,62,200
0,200,35,1,2,0,1,10,1,200,0,0,0,0,200,200,200,18,16,0,24,200
0,200,35,1,2,0,1,10,1,200,0,0,0,0,200,200,200,18,16,0,24,200
0,200,20,2,2,0,1,0,12,200,0,200,200,1,1,200,200,200,200,1,28,200
0,200,20,2,2,0,1,0,12,200,0,200,200,1,1,200,200,200,200,0,65,200
0,200,30,0,0,0,1,10,7,0,0,0,0,0,200,200,200,20,11,0,52,200
0,200,30,0,0,0,1,10,7,0,0,0,0,0,200,200,200,20,11,1,30,200
1,200,30,0,0,0,1,10,7,0,0,0,0,0,200,200,200,20,11,1,200,200
1,200,30,0,0,0,1,10,7,0,0,0,0,0,200,200,200,20,11,0,200,200
0,1,30,0,0,0,1,8,0,200,0,0,0,0,200,200,200,17,200,0,28,200
4,1,30,0,0,0,1,8,0,200,0,0,0,0,200,200,200,17,200,0,58,200
0,200,30,1,2,0,1,10,3,200,0,0,0,0,200,200,200,18,200,1,41,200
0,200,30,1,2,0,1,10,3,200,0,0,0,0,200,200,200,18,200,1,71,200
0,200,35,0,0,0,1,10,5,4,0,0,0,0,200,200,200,7,18,1,47,200
0,200,35,0,0,0,1,10,5,4,0,0,0,0,200,200,200,7,18,1,38,200
0,200,25,0,0,0,1,0,5,4,0,0,200,0,200,200,200,13,11,1,29,200
0,200,25,0,0,0,1,0,5,4,0,0,200,0,200,200,200,13,11,0,55,200
0,200,30,1,2,0,1,12,5,6,0,0,0,0,200,200,200,22,17,0,44,200
0,200,30,1,2,0,1,12,5,6,0,0,0,0,200,200,200,22,17,1,43,200
1,200,30,1,2,0,1,12,5,6,0,0,0,0,200,200,200,22,17,0,200,200
1,200,30,1,2,0,1,12,5,6,0,0,0,0,200,200,200,22,17,0,200,200
0,200,30,1,2,0,1,14,12,6,0,0,0,1,1,200,200,0,0,1,25,200
0,200,30,1,2,0,1,14,12,6,0,0,0,1,1,200,200,0,0,1,29,200
0,200,30,0,0,0,1,7,5,200,0,0,0,0,200,200,200,0,200,1,200,200
0,200,30,0,0,0,1,10,5,200,0,0,0,0,200,200,1,18,16,0,200,200
0,200,30,0,0,0,1,10,5,200,0,0,0,0,200,200,1,18,16,1,44,200
1,200,30,0,0,0,1,10,5,200,0,0,0,0,200,200,1,18,16,1,200,200
1,200,30,0,0,0,1,10,5,200,0,0,0,0,200,200,1,18,16,0,200,200
0,1,30,0,0,0,200,7,6,1,0,0,200,0,200,200,1,0,0,2,200,200
0,200,30,0,0,0,1,2,5,2,0,0,0,0,1,200,200,200,11,1,22,200
0,200,30,0,0,0,1,12,2,2,0,0,0,0,200,200,200,17,200,1,28,200
0,200,30,0,0,0,1,12,2,2,0,0,0,0,200,200,200,17,200,0,57,200
1,200,30,0,0,0,1,12,2,2,0,0,0,0,200,200,200,17,200,1,50,200
0,1,30,0,0,0,1,12,5,200,0,0,0,0,200,200,200,17,200,1,64,200
0,1,30,0,0,0,1,12,5,200,0,0,0,0,200,200,200,17,200,0,32,200
0,200,30,0,3,0,1,10,2,2,0,0,0,0,200,200,200,11,18,1,55,200
0,200,30,0,3,0,1,10,2,2,0,0,0,0,200,200,200,11,18,0,48,200
0,200,30,0,0,0,1,10,5,2,0,0,0,0,200,200,1,11,200,2,200,200
0,200,30,0,0,0,1,10,5,2,0,0,0,0,200,200,1,11,200,1,46,200
0,1,20,0,1,0,0,7,6,200,0,0,0,0,200,200,1,200,0,0,200,200
0,200,30,1,2,0,1,14,5,2,0,0,0,0,1,200,200,0,200,1,54,200
0,200,30,1,2,0,1,14,5,2,0,0,0,0,1,200,200,0,200,0,24,200
0,200,15,0,0,0,1,5,0,200,0,0,0,0,200,1,1,0,200,0,200,200
0,200,30,0,0,0,1,10,5,200,0,200,200,0,200,200,1,0,200,0,200,200
0,200,30,0,0,0,1,10,5,200,0,200,200,0,200,200,1,0,200,1,36,200
0,200,20,0,0,0,2,7,6,1,0,0,0,0,200,200,200,18,200,2,200,200
0,200,30,2,2,0,1,14,2,2,0,0,0,0,1,200,200,0,200,0,45,200
0,200,30,2,2,0,1,14,2,2,0,0,0,0,1,200,200,0,200,1,49,200
0,200,20,0,0,0,1,3,5,1,0,0,0,0,200,200,200,20,0,0,34,200
0,200,20,0,0,0,1,3,5,1,0,0,0,0,200,200,200,20,0,0,52,200
0,200,10,0,0,0,1,7,7,200,0,200,200,0,200,1,200,20,200,0,35,200
1,200,10,0,0,0,1,7,7,200,0,200,200,0,200,1,200,20,200,1,30,200
0,200,30,0,0,0,1,12,5,200,0,0,200,0,200,200,200,17,17,0,48,200
0,200,30,0,0,0,1,12,5,200,0,0,200,0,200,200,200,17,17,1,35,200
1,200,30,0,0,0,1,12,5,200,0,0,200,0,200,200,200,17,17,1,200,200
0,200,30,0,0,0,1,12,2,4,0,0,0,0,200,200,200,22,0,0,200,200
0,200,30,0,0,0,1,12,2,4,0,0,0,0,200,200,200,22,0,1,29,200
1,200,30,0,0,0,1,12,2,4,0,0,0,0,200,200,200,22,0,1,32,200
0,200,30,1,2,0,1,10,5,2,0,0,0,0,200,200,1,18,200,0,200,200
0,200,30,1,2,0,1,10,5,2,0,0,0,0,200,200,1,18,200,1,23,200
1,200,30,1,2,0,1,10,5,2,0,0,0,0,200,200,1,18,200,1,3,200
1,200,30,1,2,0,1,10,5,2,0,0,0,0,200,200,1,18,200,1,1,200
0,200,30,0,0,0,1,14,6,200,0,0,0,1,200,200,1,200,200,1,200,200
0,200,30,0,0,0,1,14,6,200,0,0,0,1,200,200,1,200,200,1,63,200
0,200,30,0,0,0,1,12,6,200,0,0,0,0,200,200,200,0,0,1,200,200
0,200,30,0,0,0,1,12,6,200,0,0,0,0,200,200,200,0,0,1,35,200
0,200,10,0,0,0,1,0,4,200,0,0,0,0,200,200,200,0,0,1,41,200
0,200,10,0,0,0,1,0,4,200,0,0,0,0,200,200,200,0,0,0,33,200
0,200,30,2,2,0,1,0,5,200,0,0,0,0,1,200,200,17,200,0,64,200
0,200,30,2,2,0,1,0,5,200,0,0,0,0,1,200,200,17,200,1,49,200
0,200,35,2,2,0,1,10,5,200,0,0,0,0,200,200,200,0,0,0,36,200
0,200,35,2,2,0,1,10,5,200,0,0,0,0,200,200,200,0,0,0,21,200
0,200,25,0,0,0,1,7,6,1,0,0,0,1,200,200,200,32,2,0,30,200
0,200,25,0,0,0,1,12,5,4,0,0,200,0,200,200,200,17,0,0,65,200
0,200,25,0,0,0,1,12,5,4,0,0,200,0,200,200,200,17,0,1,17,200
1,200,25,0,0,0,1,12,5,4,0,0,200,0,200,200,200,17,0,1,8,200
0,200,30,0,0,0,1,12,6,200,0,0,0,0,0,200,200,21,200,0,25,200
0,200,30,0,0,0,1,12,6,200,0,0,0,0,0,200,200,21,200,0,64,200
0,200,30,0,0,0,200,7,7,200,0,0,0,0,200,200,200,20,200,2,200,200
0,200,45,3,2,0,1,12,3,3,0,0,0,1,200,200,200,21,200,0,47,200
0,200,45,3,2,0,1,12,3,3,0,0,0,1,200,200,200,21,200,0,33,200
0,200,30,0,0,0,1,9,5,4,0,0,0,1,200,200,1,200,200,0,49,200
5,200,30,0,0,0,1,9,5,4,0,0,0,1,200,200,1,200,200,0,59,200
0,200,30,1,2,0,1,10,2,200,0,200,200,0,1,200,200,17,200,1,20,200
0,200,30,1,2,0,1,10,2,200,0,200,200,0,1,200,200,17,200,0,40,200
1,200,30,1,2,0,1,10,2,200,0,200,200,0,1,200,200,17,200,1,200,200
0,200,30,1,2,0,1,9,5,200,0,0,0,1,1,200,200,17,200,0,43,200
5,200,30,1,2,0,1,9,5,200,0,0,0,1,1,200,200,17,200,1,48,200
0,200,30,1,2,0,1,0,12,0,0,0,0,1,1,200,200,0,0,1,62,200
0,200,30,1,2,0,1,0,12,0,0,0,0,1,1,200,200,0,0,0,49,200
0,1,30,0,0,0,1,10,5,200,0,0,0,0,200,200,200,18,200,0,18,200
0,1,30,0,0,0,1,10,5,200,0,0,0,0,200,200,200,18,200,0,31,200
0,200,30,0,0,0,1,12,5,2,0,0,0,0,200,200,200,0,200,1,20,200
0,200,30,0,0,0,1,12,5,2,0,0,0,0,200,200,200,0,200,0,67,200
0,200,30,1,2,0,1,10,5,200,0,0,0,0,200,200,200,16,18,1,27,200
0,200,30,1,2,0,1,10,5,200,0,0,0,0,200,200,200,16,18,1,34,200
0,200,30,1,2,0,1,12,5,2,0,0,1,0,1,200,1,17,0,0,200,200
0,200,30,1,2,0,1,12,5,2,0,0,1,0,1,200,1,17,0,0,48,200
1,200,30,1,2,0,1,12,5,2,0,0,1,0,1,200,1,17,0,1,200,200
0,200,30,0,0,0,1,12,5,2,0,0,0,0,200,200,1,7,200,1,200,200
0,200,30,0,0,0,1,12,5,2,0,0,0,0,200,200,1,7,200,0,42,200
0,200,30,0,0,0,1,12,5,200,0,0,200,0,200,200,200,22,200,1,44,200
0,200,30,0,0,0,1,12,5,200,0,0,200,0,200,200,200,22,200,1,28,200
1,200,30,0,0,0,1,12,5,200,0,0,200,0,200,200,200,22,200,1,4,200
0,200,30,200,200,0,1,7,5,200,0,200,200,0,200,200,200,20,21,0,56,200
0,200,15,0,0,0,1,7,6,1,0,0,0,0,200,200,200,200,200,0,200,200
1,200,15,0,0,0,1,7,6,1,0,0,0,0,200,200,200,200,200,0,50,200
0,200,15,0,0,0,1,0,7,1,0,200,200,0,200,1,200,0,0,0,20,200
0,200,15,0,0,0,1,0,7,1,0,200,200,0,200,1,200,0,0,0,28,200
0,200,30,1,2,0,1,12,6,3,0,0,0,0,200,200,200,200,200,0,37,200
0,200,30,1,2,0,1,12,6,3,0,0,0,0,200,200,200,200,200,0,24,200
1,200,30,1,2,0,1,12,6,3,0,0,0,0,200,200,200,200,200,0,29,200
0,200,30,0,3,0,1,7,7,0,2,0,0,0,200,1,1,20,200,1,200,200
1,200,30,0,3,0,1,7,7,0,2,0,0,0,200,1,1,20,200,0,48,200
1,200,30,0,3,0,1,7,7,0,2,0,0,0,200,1,1,20,200,1,200,200
0,200,30,0,0,0,4,2,7,200,0,0,0,0,200,200,200,0,200,1,60,200
0,200,30,1,2,0,1,10,2,4,0,0,0,0,200,200,1,18,6,2,200,200
0,200,30,1,2,0,1,10,2,4,0,0,0,0,200,200,1,18,6,0,21,200
1,200,30,1,2,0,1,10,2,4,0,0,0,0,200,200,1,18,6,0,32,200
0,200,30,200,200,200,200,7,5,200,0,200,200,0,200,200,200,0,200,2,200,200
0,200,25,0,0,0,1,7,6,1,0,0,0,0,200,200,1,22,0,0,200,200
0,200,30,0,0,0,1,9,5,2,0,0,0,1,1,200,1,17,200,2,200,200
5,200,30,0,0,0,1,9,5,2,0,0,0,1,1,200,1,17,200,0,52,200
0,200,30,1,2,0,1,10,2,4,0,0,0,0,200,200,200,7,200,1,21,200
0,200,30,1,2,0,1,10,2,4,0,0,0,0,200,200,200,7,200,0,54,200
1,200,30,1,2,0,1,10,2,4,0,0,0,0,200,200,200,7,200,1,200,200
4,200,30,0,0,200,1,8,2,200,0,200,200,1,200,200,200,17,0,0,68,200
1,200,30,0,0,200,1,8,2,200,0,200,200,1,200,200,200,17,0,1,200,200
0,200,30,0,0,0,1,10,6,1,0,0,0,0,200,200,1,25,25,0,200,200
0,200,30,0,0,0,1,10,6,1,0,0,0,0,200,200,1,25,25,0,41,200
1,200,30,0,0,0,1,10,6,1,0,0,0,0,200,200,1,25,25,0,200,200
0,1,30,2,2,0,1,10,5,200,0,0,0,0,1,200,200,18,200,0,38,200
0,1,30,2,2,0,1,10,5,200,0,0,0,0,1,200,200,18,200,1,27,200
1,1,30,2,2,0,1,10,5,200,0,0,0,0,1,200,200,18,200,200,200,200
0,200,30,1,2,0,1,14,6,4,0,0,0,0,200,200,200,0,200,0,200,200
0,200,30,1,2,0,1,14,6,4,0,0,0,0,200,200,200,0,200,0,51,200
0,200,30,0,0,0,1,7,7,200,0,0,0,0,200,200,200,20,16,1,47,200
1,200,30,0,0,0,1,7,7,200,0,0,0,0,200,200,200,20,16,1,200,200
0,200,30,2,2,0,1,0,5,200,0,0,0,0,200,200,1,20,20,2,200,200
0,200,30,2,2,0,1,0,5,200,0,0,0,0,200,200,1,20,20,1,39,200
1,200,30,2,2,0,1,0,5,200,0,0,0,0,200,200,1,20,20,1,200,200
1,200,30,2,2,0,1,0,5,200,0,0,0,0,200,200,1,20,20,0,200,200
1,200,30,2,2,0,1,0,5,200,0,0,0,0,200,200,1,20,20,0,200,200
1,200,30,2,2,0,1,0,5,200,0,0,0,0,200,200,1,20,20,0,200,200
0,200,30,0,0,0,3,7,5,2,0,0,0,0,200,200,1,17,20,2,200,200
1,200,30,0,0,0,3,7,5,2,0,0,0,0,200,200,1,17,20,0,21,200
1,200,30,0,0,0,3,7,5,2,0,0,0,0,200,200,1,17,20,1,44,200
1,200,30,0,0,0,3,7,5,2,0,0,0,0,200,200,1,17,20,0,23,200
1,200,30,0,0,0,3,7,5,2,0,0,0,0,200,200,1,17,20,1,29,200
0,200,30,2,2,0,1,14,5,2,0,0,0,1,1,200,200,0,0,0,69,200
0,200,30,2,2,0,1,14,5,2,0,0,0,1,1,200,200,0,0,0,0,200
0,200,30,0,0,0,1,14,5,200,0,0,0,0,200,200,200,17,200,1,23,200
0,200,30,0,0,0,1,14,5,200,0,0,0,0,200,200,200,17,200,0,36,200
0,200,30,0,0,0,1,12,5,200,0,0,0,0,200,200,200,200,200,1,22,200
0,200,30,0,0,0,1,12,5,200,0,0,0,0,200,200,200,200,200,0,41,200
1,200,30,0,0,0,1,12,5,200,0,0,0,0,200,200,200,200,200,1,200,200
0,1,30,1,2,0,1,10,2,3,1,0,0,1,200,200,200,0,200,1,49,200
0,1,30,1,2,0,1,10,2,3,1,0,0,1,200,200,200,0,200,1,40,200
0,200,30,0,0,0,1,10,5,2,0,0,0,1,200,200,200,16,32,0,30,200
0,200,30,0,0,0,1,10,5,2,0,0,0,1,200,200,200,16,32,0,56,200
0,200,30,1,2,2,1,10,2,2,0,0,0,0,200,200,200,20,200,0,47,200
0,200,30,1,2,2,1,10,2,2,0,0,0,0,200,200,200,20,200,0,26,200
1,200,30,1,2,2,1,10,2,2,0,0,0,0,200,200,200,20,200,0,22,200
0,200,0,0,0,0,1,12,6,200,0,0,0,0,200,200,200,21,200,1,200,200
0,200,0,0,0,0,1,12,6,200,0,0,0,0,200,200,200,21,200,0,56,200
0,200,30,0,0,0,0,0,2,200,0,0,0,0,1,200,200,0,200,1,56,200
0,200,30,0,0,0,0,0,2,200,0,0,0,0,1,200,200,0,200,0,34,200
0,200,30,1,2,0,1,10,5,2,0,0,0,0,200,200,200,18,16,0,32,200
0,200,30,1,2,0,1,10,5,2,0,0,0,0,200,200,200,18,16,1,26,200
0,200,30,1,2,0,1,8,5,1,0,0,0,0,200,200,1,0,0,2,200,200
4,200,30,1,2,0,1,8,5,1,0,0,0,0,200,200,1,0,0,0,18,200
0,200,30,0,0,0,1,12,2,8,0,0,0,1,200,200,1,21,0,2,200,200
0,200,30,0,0,0,1,12,2,8,0,0,0,1,200,200,1,21,0,1,32,200
0,200,30,1,2,0,1,14,2,4,0,0,0,1,1,200,200,21,200,0,28,200
0,200,30,1,2,0,1,14,2,4,0,0,0,1,1,200,200,21,200,1,24,200
1,200,30,1,2,0,1,14,2,4,0,0,0,1,1,200,200,21,200,1,30,200
1,200,30,1,2,0,1,14,2,4,0,0,0,1,1,200,200,21,200,1,2,200
0,200,30,0,0,0,1,10,5,2,0,0,200,0,200,200,1,18,0,1,200,200
0,200,30,0,0,0,1,10,5,2,0,0,200,0,200,200,1,18,0,0,32,200
0,200,30,0,0,0,1,10,5,2,0,0,200,0,200,200,1,18,0,0,29,200
0,200,30,0,0,0,1,10,5,2,0,0,200,0,200,200,1,18,0,0,61,200
1,200,30,0,0,0,1,10,5,2,0,0,200,0,200,200,1,18,0,1,200,200
1,200,30,0,0,0,1,10,5,2,0,0,200,0,200,200,1,18,0,0,200,200
1,200,30,0,0,0,1,10,5,2,0,0,200,0,200,200,1,18,0,1,200,200
1,200,30,0,0,0,1,10,5,2,0,0,200,0,200,200,1,18,0,1,200,200
1,200,30,0,0,0,1,10,5,2,0,0,200,0,200,200,1,18,0,1,200,200
1,200,30,0,0,0,1,10,5,2,0,0,200,0,200,200,1,18,0,1,200,200
0,200,35,0,0,0,4,11,5,200,0,0,0,1,200,200,200,12,0,0,18,200
0,200,35,0,0,0,4,11,5,200,0,0,0,1,200,200,200,12,0,0,31,200
0,200,30,0,0,0,1,10,5,2,0,0,0,1,1,200,200,32,25,0,31,0.16
0,200,30,0,0,0,1,10,5,2,0,0,0,1,1,200,200,32,25,0,40,200
1,200,30,0,0,0,1,10,5,2,0,0,0,1,1,200,200,32,25,0,10,200
1,200,30,0,0,0,1,10,5,2,0,0,0,1,1,200,200,32,25,0,9,200
1,200,30,0,0,0,1,10,5,2,0,0,0,1,1,200,200,32,25,1,46,200
0,200,30,0,0,0,1,7,5,2,0,0,0,0,200,200,1,20,200,0,200,200
1,200,30,0,0,0,1,7,5,2,0,0,0,0,200,200,1,20,200,200,200,200
0,200,30,1,2,0,1,0,6,4,0,0,0,0,1,200,200,3,17,0,35,200
0,200,30,1,2,0,1,0,6,4,0,0,0,0,1,200,200,3,17,1,29,200
0,200,30,1,2,0,1,12,5,4,0,0,0,0,200,200,1,0,0,2,200,200
0,200,30,1,2,0,1,12,5,4,0,0,0,0,200,200,1,0,0,0,25,200
1,200,30,1,2,0,1,12,5,4,0,0,0,0,200,200,1,0,0,1,23,200
0,200,30,0,0,0,1,7,5,2,0,0,0,0,200,200,1,0,0,2,200,200
0,200,30,0,0,0,4,0,7,200,0,0,0,0,200,200,200,20,16,1,23,200
0,200,30,0,0,0,4,0,7,200,0,0,0,0,200,200,200,20,16,1,37,200
1,200,30,0,0,0,4,0,7,200,0,0,0,0,200,200,200,20,16,0,200,200
0,200,30,0,0,0,1,12,5,200,0,0,0,0,200,200,200,17,200,0,25,200
0,200,30,0,0,0,1,12,5,200,0,0,0,0,200,200,200,17,200,0,43,200
0,200,30,0,0,0,1,7,6,1,0,0,0,0,200,200,1,0,0,2,200,200
0,200,30,0,0,0,4,7,5,200,0,0,0,1,200,200,200,0,200,0,27,200
0,200,35,1,2,0,4,0,2,2,0,0,0,0,1,200,200,6,200,0,41,200
0,200,35,1,2,0,4,0,2,2,0,0,0,0,1,200,200,6,200,1,45,200
0,200,20,2,2,0,1,14,5,2,0,0,0,0,200,200,200,0,0,0,51,200
0,200,20,2,2,0,1,14,5,2,0,0,0,0,200,200,200,0,0,1,26,200
1,200,20,2,2,0,1,14,5,2,0,0,0,0,200,200,200,0,0,0,25,200
0,200,30,0,0,0,1,9,5,2,0,0,0,1,200,200,1,25,200,0,200,200
5,200,30,0,0,0,1,9,5,2,0,0,0,1,200,200,1,25,200,1,28,200
0,200,30,1,2,0,1,12,5,200,0,0,0,0,200,200,200,22,200,1,41,200
0,200,30,1,2,0,1,12,5,200,0,0,0,0,200,200,200,22,200,0,22,200
1,200,30,1,2,0,1,12,5,200,0,0,0,0,200,200,200,22,200,1,200,200
0,200,30,1,2,0,4,10,5,2,0,0,200,0,200,200,1,20,0,0,200,200
0,200,30,1,2,0,4,10,5,2,0,0,200,0,200,200,1,20,0,1,61,200
0,200,30,0,0,0,4,2,5,200,0,0,0,1,200,200,200,0,200,0,45,200
0,200,30,0,0,0,1,7,7,0,0,0,0,0,200,200,200,11,0,0,26,200
1,200,30,0,0,0,1,7,7,0,0,0,0,0,200,200,200,11,0,1,200,200
0,200,5,0,0,0,4,7,7,200,0,0,0,0,200,200,1,20,0,2,200,200
0,200,30,0,2,0,1,0,5,2,0,0,0,0,200,200,200,0,200,0,25,200
0,200,30,0,2,0,1,0,5,2,0,0,0,0,200,200,200,0,200,0,55,200
0,200,30,1,2,0,1,8,6,200,0,0,0,1,200,200,200,200,200,1,37,200
4,200,30,1,2,0,1,8,6,200,0,0,0,1,200,200,200,200,200,0,200,200
0,200,30,1,2,0,4,10,5,200,0,0,0,0,1,200,200,18,200,1,17,200
0,200,30,1,2,0,4,10,5,200,0,0,0,0,1,200,200,18,200,0,60,200
1,200,30,1,2,0,4,10,5,200,0,0,0,0,1,200,200,18,200,1,200,200
1,200,30,1,2,0,4,10,5,200,0,0,0,0,1,200,200,18,200,1,200,200
0,200,30,0,0,0,1,7,0,1,0,0,0,0,200,200,1,0,0,2,200,200
0,200,30,0,0,0,4,9,6,1,0,0,0,1,200,200,200,17,16,0,21,200
5,200,30,0,0,0,4,9,6,1,0,0,0,1,200,200,200,17,16,1,65,200
0,200,30,1,200,0,2,0,2,2,0,200,200,0,1,200,200,0,0,1,35,200
0,200,30,1,200,0,2,0,2,2,0,200,200,0,1,200,200,0,0,1,49,200
0,0,30,3,12,0,3,12,2,2,2,0,12,0,200,200,200,4,21,0,46,200
0,0,30,3,12,0,3,12,2,2,2,0,12,0,200,200,200,4,21,1,27,200