PERSON_TYPE,CRASH_DATE_EST_I,POSTED_SPEED_LIMIT,TRAFFIC_CONTROL_DEVICE,DEVICE_CONDITION,WEATHER_CONDITION,LIGHTING_CONDITION,FIRST_CRASH_TYPE,TRAFFICWAY_TYPE,LANE_CNT,ALIGNMENT,ROADWAY_SURFACE_COND,ROAD_DEFECT,CRASH_TYPE,INTERSECTION_RELATED_I,NOT_RIGHT_OF_WAY_I,HIT_AND_RUN_I,PRIM_CONTRIBUTORY_CAUSE,SEC_CONTRIBUTORY_CAUSE,SEX,AGE,BAC_RESULT VALUE
1,0,30,3,12,0,3,12,2,2,2,0,12,0,200,200,200,4,21,1,39,200
0,200,25,0,0,0,1,14,6,3,0,0,0,0,200,200,200,21,200,0,56,200
0,200,25,0,0,0,1,14,6,3,0,0,0,0,200,200,200,21,200,1,46,200
0,200,30,0,0,0,4,7,5,200,0,0,0,0,200,200,200,17,200,0,47,200
1,200,30,0,0,0,4,7,5,200,0,0,0,0,200,200,200,17,200,0,200,200
1,200,30,0,0,0,4,7,5,200,0,0,0,0,200,200,200,17,200,0,200,200
0,200,30,0,0,0,3,8,5,2,0,0,0,1,200,200,200,0,0,0,36,200
4,200,30,0,0,0,3,8,5,2,0,0,0,1,200,200,200,0,0,0,23,200
0,200,15,0,0,0,1,0,7,1,0,0,200,0,200,200,200,0,0,1,41,200
0,200,15,0,0,0,1,0,7,1,0,0,200,0,200,200,200,0,0,0,48,200
0,200,35,2,2,0,4,0,5,4,0,0,0,0,200,200,1,17,200,1,32,200
0,200,35,2,2,0,4,0,5,4,0,0,0,0,200,200,1,17,200,0,47,200
1,200,35,2,2,0,4,0,5,4,0,0,0,0,200,200,1,17,200,1,200,200
0,200,30,200,200,200,200,0,12,200,0,200,200,0,200,200,200,0,0,0,31,200
0,200,30,200,200,200,200,0,12,200,0,200,200,0,200,200,200,0,0,0,26,200
1,200,30,200,200,200,200,0,12,200,0,200,200,0,200,200,200,0,0,2,200,200
0,200,30,0,2,0,4,2,7,1,0,0,0,0,200,200,200,16,16,2,200,200
0,200,30,0,0,0,4,14,2,2,0,0,0,0,200,200,200,17,14,0,57,200
0,200,30,0,0,0,4,14,2,2,0,0,0,0,200,200,200,17,14,1,19,200
0,200,30,2,2,0,3,10,2,2,0,0,0,0,1,200,200,16,11,0,41,200
0,200,30,2,2,0,3,10,2,2,0,0,0,0,1,200,200,16,11,0,44,200
0,200,30,1,2,0,2,12,3,3,0,0,0,0,200,200,200,17,21,0,31,200
0,200,30,1,2,0,2,12,3,3,0,0,0,0,200,200,200,17,21,0,26,200
1,200,30,1,2,0,2,12,3,3,0,0,0,0,200,200,200,17,21,1,23,200
0,200,30,0,0,0,0,7,7,200,0,0,0,0,200,200,200,20,20,0,43,200
0,200,30,2,2,0,3,14,5,2,0,0,0,0,1,200,200,17,16,1,200,200
0,200,30,2,2,0,3,14,5,2,0,0,0,0,1,200,200,17,16,0,200,200
1,200,30,2,2,0,3,14,5,2,0,0,0,0,1,200,200,17,16,1,200,200
1,200,30,2,2,0,3,14,5,2,0,0,0,0,1,200,200,17,16,1,200,200
1,200,30,2,2,0,3,14,5,2,0,0,0,0,1,200,200,17,16,0,200,200
0,200,10,200,200,200,200,10,200,200,0,200,200,0,200,200,200,20,200,0,30,200
0,200,10,200,200,200,200,10,200,200,0,200,200,0,200,200,200,20,200,1,58,200
0,1,30,0,0,0,1,7,5,200,0,0,0,0,200,200,1,0,200,2,200,200
0,200,30,0,0,0,3,10,2,2,0,0,0,0,200,200,200,18,200,1,47,200
0,200,30,0,0,0,3,10,2,2,0,0,0,0,200,200,200,18,200,1,41,200
0,0,30,0,0,0,1,7,6,1,0,0,200,0,200,200,0,0,0,2,200,200
0,200,35,0,0,0,3,14,2,2,0,0,0,0,200,200,200,17,11,0,83,200
0,200,35,0,0,0,3,14,2,2,0,0,0,0,200,200,200,17,11,1,65,200
1,200,35,0,0,0,3,14,2,2,0,0,0,0,200,200,200,17,11,0,200,200
0,200,35,1,2,0,3,10,5,6,0,0,0,0,200,200,200,0,0,0,26,200
0,200,35,1,2,0,3,10,5,6,0,0,0,0,200,200,200,0,0,0,59,200
0,200,30,1,2,0,3,7,5,200,0,0,0,0,1,200,200,18,200,0,26,200
0,200,35,0,0,0,3,3,5,2,0,0,0,1,200,200,0,17,200,0,200,200
0,200,35,0,0,0,3,3,5,2,0,0,0,1,200,200,0,17,200,1,27,200
0,200,45,0,0,0,3,12,3,4,0,0,200,0,200,200,1,0,200,2,200,200
0,200,45,0,0,0,3,12,3,4,0,0,200,0,200,200,1,0,200,0,54,200
1,200,45,0,0,0,3,12,3,4,0,0,200,0,200,200,1,0,200,1,45,200
0,1,30,1,2,0,3,7,5,2,0,0,0,0,200,200,1,0,200,2,200,200
0,200,5,200,200,0,1,7,7,200,0,0,200,0,200,1,1,0,0,2,200,200
0,200,30,0,0,0,3,7,6,1,0,0,0,0,200,200,200,0,200,2,200,200
0,200,30,0,0,0,1,10,2,200,0,0,0,0,200,200,1,22,200,0,200,200
0,200,30,0,0,0,1,10,2,200,0,0,0,0,200,200,1,22,200,0,46,200
0,200,30,1,2,0,1,12,5,200,0,0,0,0,200,200,200,0,0,0,59,200
0,200,30,1,2,0,1,12,5,200,0,0,0,0,200,200,200,0,0,0,71,200
0,200,25,0,0,0,3,7,6,1,0,0,0,1,200,200,1,0,11,2,200,200
0,200,15,0,0,0,0,7,6,1,0,0,0,0,200,200,1,0,0,1,200,200
0,200,30,0,0,0,3,7,6,1,0,0,0,0,200,200,1,22,200,2,200,200
0,200,35,2,2,0,3,10,5,200,0,0,0,0,200,200,1,18,0,0,200,200
0,200,35,2,2,0,3,10,5,200,0,0,0,0,200,200,1,18,0,0,24,200
0,200,30,0,0,200,4,7,7,200,0,200,0,0,200,200,1,15,200,0,200,200
0,200,25,0,0,0,200,9,5,2,0,0,200,1,200,200,1,0,200,2,200,200
5,200,25,0,0,0,200,9,5,2,0,0,200,1,200,200,1,0,200,1,4,200
0,200,30,0,0,0,3,10,2,2,0,0,0,1,200,200,1,14,17,0,200,200
0,200,30,0,0,0,3,10,2,2,0,0,0,1,200,200,1,14,17,0,31,200
1,200,30,0,0,0,3,10,2,2,0,0,0,1,200,200,1,14,17,0,29,200
1,200,30,0,0,0,3,10,2,2,0,0,0,1,200,200,1,14,17,1,20,200
0,200,30,1,200,0,0,10,5,4,0,0,0,0,200,200,200,16,200,0,21,200
0,200,30,1,200,0,0,10,5,4,0,0,0,0,200,200,200,16,200,1,29,200
0,200,30,0,0,0,3,10,2,200,0,0,0,0,200,200,200,18,200,0,22,200
0,200,30,0,0,0,3,10,2,200,0,0,0,0,200,200,200,18,200,0,41,200
0,200,30,1,2,0,3,2,5,200,0,0,0,1,1,200,200,25,14,0,18,200
1,200,30,1,2,0,3,2,5,200,0,0,0,1,1,200,200,25,14,0,17,200
1,200,30,1,2,0,3,2,5,200,0,0,0,1,1,200,200,25,14,0,16,200
1,200,30,1,2,0,3,2,5,200,0,0,0,1,1,200,200,25,14,0,17,200
0,200,30,0,0,0,3,2,4,1,0,0,0,0,200,1,0,0,0,0,200,200
0,200,0,0,0,0,1,7,5,200,0,0,0,0,200,200,1,20,200,1,200,200
0,200,30,0,0,0,3,14,5,2,0,0,0,1,200,200,200,18,0,0,52,200
0,200,30,0,0,0,3,14,5,2,0,0,0,1,200,200,200,18,0,0,32,200
1,200,30,0,0,0,3,14,5,2,0,0,0,1,200,200,200,18,0,1,27,200
0,200,35,0,0,0,3,2,3,4,0,0,0,1,200,200,200,29,16,0,49,200
0,200,30,0,0,0,3,7,6,1,0,0,0,0,200,200,200,12,200,0,30,200
0,200,30,0,0,0,3,10,1,200,0,0,0,0,200,200,1,16,16,0,200,200
0,200,30,0,0,0,3,10,1,200,0,0,0,0,200,200,1,16,16,1,36,200
1,200,30,0,0,0,3,10,1,200,0,0,0,0,200,200,1,16,16,0,33,200
1,200,30,0,0,0,3,10,1,200,0,0,0,0,200,200,1,16,16,0,25,200
1,200,30,0,0,0,3,10,1,200,0,0,0,0,200,200,1,16,16,0,19,200
1,200,30,0,0,0,3,10,1,200,0,0,0,0,200,200,1,16,16,200,200,200
0,200,30,1,2,0,3,10,5,3,0,0,200,0,200,200,1,0,0,2,200,200
0,200,30,1,2,0,3,10,5,3,0,0,200,0,200,200,1,0,0,1,0,200
0,200,30,0,0,0,1,5,2,200,0,0,1,0,200,200,200,200,200,1,46,200
0,200,30,0,0,0,3,2,5,2,0,0,200,1,200,200,200,0,0,1,31,200
0,200,30,1,2,0,3,10,5,200,0,0,0,0,200,200,200,16,0,1,44,200
0,200,30,1,2,0,3,10,5,200,0,0,0,0,200,200,200,16,0,0,38,200
1,200,30,1,2,0,3,10,5,200,0,0,0,0,200,200,200,16,0,0,36,200
0,200,35,0,0,0,3,7,5,200,0,0,0,1,200,200,1,0,0,2,200,200
1,200,30,0,0,0,3,2,5,2,0,0,0,1,200,200,1,0,0,1,23,200
1,200,30,0,0,0,3,2,5,2,0,0,0,1,200,200,1,0,0,1,22,200
0,200,20,2,2,0,3,2,6,1,0,0,0,1,200,200,200,12,0,1,35,200
0,200,30,0,0,0,3,4,2,200,0,0,0,1,1,200,200,0,0,0,55,200
0,200,30,0,0,0,0,14,5,2,0,0,0,0,200,200,200,16,0,0,44,200
0,200,30,0,0,0,0,14,5,2,0,0,0,0,200,200,200,16,0,0,38,200
0,1,30,0,0,0,200,7,6,1,0,0,0,0,200,200,1,0,0,2,200,200
0,200,30,1,2,1,4,10,2,5,0,0,0,0,200,200,200,16,0,1,60,200
0,200,30,1,2,1,4,10,2,5,0,0,0,0,200,200,200,16,0,0,29,200
0,200,20,0,0,0,1,7,6,2,0,0,0,1,200,200,200,17,200,1,51,200
0,200,30,0,0,0,1,14,5,200,0,0,200,1,1,200,200,17,0,0,29,200
0,200,30,0,0,0,1,14,5,200,0,0,200,1,1,200,200,17,0,0,43,200
0,200,30,0,0,0,1,10,5,4,0,0,0,0,200,200,200,0,0,1,23,200
0,200,30,0,0,0,1,10,5,4,0,0,0,0,200,200,200,0,0,0,54,200
0,200,25,2,0,0,1,14,5,200,0,0,0,0,1,200,200,17,17,0,59,200
0,200,25,2,0,0,1,14,5,200,0,0,0,0,1,200,200,17,17,1,59,200
0,200,30,1,2,0,1,12,5,200,0,0,0,1,1,200,200,22,11,1,62,200
0,200,30,1,2,0,1,12,5,200,0,0,0,1,1,200,200,22,11,0,44,200
0,200,30,0,0,0,1,0,2,2,0,0,0,1,200,200,200,0,0,0,65,200
0,200,30,0,0,0,1,0,2,2,0,0,0,1,200,200,200,0,0,1,30,200
0,200,30,1,2,0,1,14,5,200,0,0,0,1,1,200,200,6,200,1,49,200
0,200,30,1,2,0,1,14,5,200,0,0,0,1,1,200,200,6,200,1,40,200
1,200,30,1,2,0,1,14,5,200,0,0,0,1,1,200,200,6,200,0,14,200
0,200,30,1,2,0,1,10,5,4,0,0,0,0,200,200,1,16,200,1,200,200
0,200,30,1,2,0,1,10,5,4,0,0,0,0,200,200,1,16,200,0,30,200
1,200,30,1,2,0,1,10,5,4,0,0,0,0,200,200,1,16,200,0,200,200
0,200,30,1,2,0,1,14,2,4,0,0,0,1,1,200,200,0,0,0,65,200
0,200,30,1,2,0,1,14,2,4,0,0,0,1,1,200,200,0,0,0,66,200
0,200,30,1,2,0,1,14,2,4,0,0,0,1,1,200,200,0,0,0,44,200
0,200,30,0,0,0,1,14,2,2,0,0,0,0,200,200,200,22,17,0,58,200
0,200,30,0,0,0,1,14,2,2,0,0,0,0,200,200,200,22,17,0,48,200
0,200,30,0,0,0,1,14,2,2,0,0,0,0,200,200,200,22,17,1,58,200
0,200,30,1,2,0,1,12,2,4,0,0,0,1,1,200,200,2,0,1,72,200
0,200,30,1,2,0,1,12,2,4,0,0,0,1,1,200,200,2,0,0,52,200
0,200,30,1,2,0,1,14,3,200,0,0,0,1,1,200,200,17,200,1,44,200
0,200,30,1,2,0,1,14,3,200,0,0,0,1,1,200,200,17,200,1,31,200
1,200,30,1,2,0,1,14,3,200,0,0,0,1,1,200,200,17,200,0,17,200
1,200,30,1,2,0,1,14,3,200,0,0,0,1,1,200,200,17,200,1,7,200
0,200,20,0,0,0,1,14,5,200,0,0,0,1,1,200,200,17,17,0,28,200
0,200,20,0,0,0,1,14,5,200,0,0,0,1,1,200,200,17,17,0,54,200
1,200,20,0,0,0,1,14,5,200,0,0,0,1,1,200,200,17,17,1,25,200
0,200,30,1,2,0,1,9,6,4,2,0,0,1,1,200,200,17,16,0,49,200
5,200,30,1,2,0,1,9,6,4,2,0,0,1,1,200,200,17,16,1,26,200
1,200,30,1,2,0,1,9,6,4,2,0,0,1,1,200,200,17,16,1,11,200
1,200,30,1,2,0,1,9,6,4,2,0,0,1,1,200,200,17,16,0,10,200
1,200,30,1,2,0,1,9,6,4,2,0,0,1,1,200,200,17,16,1,9,200
0,200,30,200,200,0,1,7,200,200,3,0,0,0,200,200,1,0,200,2,200,200
0,200,30,0,0,0,1,7,5,4,0,0,0,0,200,200,200,32,200,0,51,200
0,200,30,1,2,0,1,12,5,2,0,0,0,0,200,200,200,21,17,1,41,200
0,200,30,1,2,0,1,12,5,2,0,0,0,0,200,200,200,21,17,0,52,200
1,200,30,1,2,0,1,12,5,2,0,0,0,0,200,200,200,21,17,1,58,200
1,200,30,1,2,0,1,12,5,2,0,0,0,0,200,200,200,21,17,1,200,200
1,200,30,1,2,0,1,12,5,2,0,0,0,0,200,200,200,21,17,1,200,200
1,200,30,1,2,0,1,12,5,2,0,0,0,0,200,200,200,21,17,0,8,200
0,200,25,0,0,0,1,7,6,0,0,0,0,0,1,200,200,11,11,0,23,200
1,200,25,0,0,0,1,7,6,0,0,0,0,0,1,200,200,11,11,0,200,200
1,200,25,0,0,0,1,7,6,0,0,0,0,0,1,200,200,11,11,0,200,200
1,200,25,0,0,0,1,7,6,0,0,0,0,0,1,200,200,11,11,0,200,200
1,200,25,0,0,0,1,7,6,0,0,0,0,0,1,200,200,11,11,1,200,200
1,200,25,0,0,0,1,7,6,0,0,0,0,0,1,200,200,11,11,1,46,200
0,200,30,2,2,0,1,12,5,200,0,0,0,0,1,200,200,21,17,1,24,200
0,200,30,2,2,0,1,12,5,200,0,0,0,0,1,200,200,21,17,0,28,200
1,200,30,2,2,0,1,12,5,200,0,0,0,0,1,200,200,21,17,1,200,200
0,200,30,0,0,0,3,7,6,1,0,0,0,0,200,200,1,0,0,2,200,200
0,200,30,1,2,0,1,10,1,6,0,0,0,0,1,200,200,20,200,0,28,200
0,200,30,1,2,0,1,10,1,6,0,0,0,0,1,200,200,20,200,0,16,200
0,200,30,1,2,0,4,14,5,4,0,0,0,0,200,200,1,22,0,0,200,200
0,200,30,1,2,0,4,14,5,4,0,0,0,0,200,200,1,22,0,1,33,200
0,200,35,2,200,0,1,0,5,200,0,0,0,0,200,200,200,17,11,0,44,200
0,200,35,2,200,0,1,0,5,200,0,0,0,0,200,200,200,17,11,0,21,200
0,200,30,0,3,0,1,12,2,200,0,0,0,0,200,200,200,0,0,1,56,200
0,200,30,0,3,0,1,12,2,200,0,0,0,0,200,200,200,0,0,1,45,200
1,200,30,0,3,0,1,12,2,200,0,0,0,0,200,200,200,0,0,1,17,200
0,200,45,0,0,0,1,12,3,11,0,0,0,0,200,200,200,0,21,0,68,200
0,200,45,0,0,0,1,12,3,11,0,0,0,0,200,200,200,0,21,1,37,200
1,200,45,0,0,0,1,12,3,11,0,0,0,0,200,200,200,0,21,1,63,200
0,200,30,1,2,0,1,14,2,4,0,0,0,1,1,200,200,17,11,1,25,200
0,200,30,1,2,0,1,14,2,4,0,0,0,1,1,200,200,17,11,1,32,200
1,200,30,1,2,0,1,14,2,4,0,0,0,1,1,200,200,17,11,1,17,200
0,200,15,0,0,0,0,5,0,1,0,0,0,0,1,200,1,0,0,2,200,200
3,200,15,0,0,0,0,5,0,1,0,0,0,0,1,200,1,0,0,2,200,200
3,200,15,0,0,0,0,5,0,1,0,0,0,0,1,200,1,0,0,1,56,200
0,1,30,0,0,0,3,7,5,2,0,0,0,0,200,200,1,0,200,2,200,200
0,200,30,0,0,0,1,10,5,2,0,0,0,0,200,200,200,18,0,0,29,200
0,200,30,0,0,0,1,10,5,2,0,0,0,0,200,200,200,18,0,1,37,200
0,200,30,0,0,0,1,10,5,2,0,0,0,0,200,200,200,18,0,1,24,200
0,200,30,1,2,0,1,10,5,4,0,0,0,0,200,200,200,0,0,1,50,200
0,200,30,1,2,0,1,10,5,4,0,0,0,0,200,200,200,0,0,0,200,200
0,200,30,1,2,0,1,10,5,4,0,0,0,0,200,200,200,0,0,2,200,200
1,200,30,1,2,0,1,10,5,4,0,0,0,0,200,200,200,0,0,1,15,200
0,200,30,0,0,0,1,12,5,200,0,0,0,0,200,200,200,21,0,1,47,200
0,200,30,0,0,0,1,12,5,200,0,0,0,0,200,200,200,21,0,0,36,200
1,200,30,0,0,0,1,12,5,200,0,0,0,0,200,200,200,21,0,0,200,200
0,200,20,2,2,0,1,7,6,1,0,0,200,0,1,200,200,23,200,0,49,200
1,200,20,2,2,0,1,7,6,1,0,0,200,0,1,200,200,23,200,1,200,200
1,200,20,2,2,0,1,7,6,1,0,0,200,0,1,200,200,23,200,0,17,200
1,200,20,2,2,0,1,7,6,1,0,0,200,0,1,200,200,23,200,0,18,200
1,200,20,2,2,0,1,7,6,1,0,0,200,0,1,200,200,23,200,0,200,200
0,200,30,0,0,0,1,14,5,2,0,0,0,0,1,200,200,23,16,1,53,200
0,200,30,0,0,0,1,14,5,2,0,0,0,0,1,200,200,23,16,1,33,200
0,200,30,1,2,0,1,10,5,4,0,0,0,0,1,200,200,0,0,1,55,200
0,200,30,1,2,0,1,10,5,4,0,0,0,0,1,200,200,0,0,1,26,200
1,200,30,1,2,0,1,10,5,4,0,0,0,0,1,200,200,0,0,0,9,200
1,200,30,1,2,0,1,10,5,4,0,0,0,0,1,200,200,0,0,1,1,200
0,200,25,2,2,0,1,7,5,200,0,0,0,1,1,200,200,200,0,0,37,200
0,200,30,0,0,0,1,14,2,200,0,0,0,0,200,200,200,23,200,0,50,200
0,200,30,0,0,0,1,14,2,200,0,0,0,0,200,200,200,23,200,0,24,200
1,200,30,0,0,0,1,14,2,200,0,0,0,0,200,200,200,23,200,0,200,200
1,200,30,0,0,0,1,14,2,200,0,0,0,0,200,200,200,23,200,0,200,200
1,200,30,0,0,0,1,14,2,200,0,0,0,0,200,200,200,23,200,0,45,200
0,200,30,1,2,0,1,14,5,2,0,0,0,0,1,200,200,17,0,1,41,200
0,200,30,1,2,0,1,14,5,2,0,0,0,0,1,200,200,17,0,1,23,200
0,200,30,2,0,0,1,0,5,4,0,0,0,1,200,200,200,17,22,0,58,200
0,200,30,2,0,0,1,0,5,4,0,0,0,1,200,200,200,17,22,1,16,200
0,200,15,0,0,0,1,7,6,200,0,0,0,0,200,200,1,200,0,2,200,200
0,200,30,2,2,0,1,0,2,200,0,0,0,0,200,200,200,5,17,1,33,200
0,200,30,2,2,0,1,0,2,200,0,0,0,0,200,200,200,5,17,0,38,200
0,200,25,0,0,0,1,10,2,200,0,0,0,0,200,200,200,200,200,0,48,200
0,200,25,0,0,0,1,10,2,200,0,0,0,0,200,200,200,200,200,1,34,200
1,200,25,0,0,0,1,10,2,200,0,0,0,0,200,200,200,200,200,0,9,200
1,200,25,0,0,0,1,10,2,200,0,0,0,0,200,200,200,200,200,0,6,200
0,200,30,1,2,0,1,9,5,200,0,0,0,1,1,200,200,6,200,0,27,200
5,200,30,1,2,0,1,9,5,200,0,0,0,1,1,200,200,6,200,0,44,200
1,200,30,1,2,0,1,9,5,200,0,0,0,1,1,200,200,6,200,0,29,200
0,200,35,1,2,0,1,9,5,4,0,0,0,1,200,200,200,22,200,1,69,200
5,200,35,1,2,0,1,9,5,4,0,0,0,1,200,200,200,22,200,1,49,200
0,200,10,0,0,0,1,14,7,200,0,0,0,1,200,200,200,10,0,0,28,200
0,200,10,0,0,0,1,14,7,200,0,0,0,1,200,200,200,10,0,1,41,200
0,200,30,0,0,0,1,2,5,1,0,0,0,0,200,0,200,0,29,0,39,200
0,200,30,0,0,0,1,10,5,4,0,0,0,1,200,200,200,9,11,1,18,200
0,200,30,0,0,0,1,10,5,4,0,0,0,1,200,200,200,9,11,0,30,200
0,200,30,0,0,0,1,10,5,4,0,0,0,1,200,200,200,9,11,1,46,200
0,200,30,0,0,0,1,10,5,4,0,0,0,1,200,200,200,9,11,0,24,200
1,200,30,0,0,0,1,10,5,4,0,0,0,1,200,200,200,9,11,1,200,200
1,200,30,0,0,0,1,10,5,4,0,0,0,1,200,200,200,9,11,1,1,200
0,200,30,1,2,0,1,12,6,3,0,0,0,0,1,200,200,22,16,0,57,200
0,200,30,1,2,0,1,12,6,3,0,0,0,0,1,200,200,22,16,0,46,200
0,200,30,0,0,0,1,0,5,200,0,0,0,0,200,200,200,0,0,0,51,200
0,200,30,0,0,0,1,0,5,200,0,0,0,0,200,200,200,0,0,0,69,200
0,200,30,2,2,0,1,10,5,200,0,0,0,0,200,200,200,18,200,0,45,200
0,200,30,2,2,0,1,10,5,200,0,0,0,0,200,200,200,18,200,1,41,200
0,200,25,0,0,0,1,0,0,2,0,0,0,0,200,200,200,17,16,0,29,200
0,200,25,0,0,0,1,0,0,2,0,0,0,0,200,200,200,17,16,1,36,200
0,200,30,0,0,0,1,7,5,2,0,0,0,0,200,200,200,0,0,0,20,200
0,200,30,2,2,0,1,0,5,4,0,0,0,0,1,200,200,17,33,1,51,200
0,200,30,2,2,0,1,0,5,4,0,0,0,0,1,200,200,17,33,1,29,200
1,200,30,2,2,0,1,0,5,4,0,0,0,0,1,200,200,17,33,1,15,200
1,200,30,2,2,0,1,0,5,4,0,0,0,0,1,200,200,17,33,0,56,200
0,200,30,0,0,0,1,14,5,2,0,0,0,1,1,200,200,11,0,0,39,200
0,200,30,0,0,0,1,14,5,2,0,0,0,1,1,200,200,11,0,0,63,200
0,200,30,0,0,0,1,7,5,2,0,0,0,0,200,200,1,0,200,2,200,200
0,200,30,0,0,0,1,10,5,2,0,0,0,0,200,200,200,0,200,0,32,200
0,200,30,0,0,0,1,10,5,2,0,0,0,0,200,200,200,0,200,1,46,200
1,200,30,0,0,0,1,10,5,2,0,0,0,0,200,200,200,0,200,1,2,200
1,200,30,0,0,0,1,10,5,2,0,0,0,0,200,200,200,0,200,1,28,200
1,200,30,0,0,0,1,10,5,2,0,0,0,0,200,200,200,0,200,1,200,200
1,200,30,0,0,0,1,10,5,2,0,0,0,0,200,200,200,0,200,1,0,200
0,200,30,3,2,0,1,10,2,2,0,0,0,0,200,200,200,18,200,1,43,200
0,200,30,3,2,0,1,10,2,2,0,0,0,0,200,200,200,18,200,0,47,200
0,1,30,200,200,200,200,7,5,200,0,200,200,0,200,200,1,0,0,2,200,200
0,200,35,0,0,200,200,12,3,2,5,200,200,0,200,200,200,21,21,0,200,200
0,200,35,0,0,200,200,12,3,2,5,200,200,0,200,200,200,21,21,0,34,200
0,200,30,1,2,0,1,14,2,200,2,0,0,1,1,200,1,32,17,0,35,200
0,200,30,1,2,0,1,14,2,200,2,0,0,1,1,200,1,32,17,1,24,200
0,200,30,0,0,0,1,10,3,6,0,0,0,1,200,200,200,18,200,0,22,200
0,200,30,0,0,0,1,10,3,6,0,0,0,1,200,200,200,18,200,0,200,200
0,200,30,0,0,0,1,10,3,6,0,0,0,1,200,200,200,18,200,1,62,200
0,200,30,0,0,0,1,11,5,200,0,0,0,0,200,200,200,0,0,0,55,200
0,200,30,0,0,0,1,11,5,200,0,0,0,0,200,200,200,0,0,0,52,200
1,200,30,0,0,0,1,11,5,200,0,0,0,0,200,200,200,0,0,0,200,200
0,200,30,1,2,0,1,10,5,2,0,0,0,0,1,200,200,21,16,0,30,200
0,200,30,1,2,0,1,10,5,2,0,0,0,0,1,200,200,21,16,0,46,200
0,200,30,2,0,0,1,14,6,200,0,0,0,0,200,200,200,23,200,0,200,200
0,200,30,2,0,0,1,14,6,200,0,0,0,0,200,200,200,23,200,0,27,200
0,200,0,0,0,0,1,7,6,1,0,0,0,0,200,200,1,0,200,2,200,200
0,200,30,1,2,0,1,2,3,4,0,0,0,1,200,200,200,11,11,1,76,200
0,200,30,0,0,0,200,7,6,200,0,0,0,0,200,200,1,0,200,2,200,200
0,200,30,1,2,0,1,10,5,2,0,0,0,0,1,200,200,18,0,0,41,200
0,200,30,1,2,0,1,10,5,2,0,0,0,0,1,200,200,18,0,0,60,200
1,200,30,1,2,0,1,10,5,2,0,0,0,0,1,200,200,18,0,200,200,200
0,1,0,0,0,0,1,7,7,0,2,0,0,0,200,200,200,0,0,0,40,200
0,200,30,0,0,0,1,12,6,2,0,0,0,0,200,200,200,17,17,0,44,200
0,200,30,0,0,0,1,12,6,2,0,0,0,0,200,200,200,17,17,0,41,200
0,200,15,0,0,0,1,7,0,1,0,0,0,0,200,200,200,200,200,0,46,200
0,200,35,0,200,0,1,12,5,2,0,0,0,0,200,200,200,22,11,0,21,200
0,200,35,0,200,0,1,12,5,2,0,0,0,0,200,200,200,22,11,0,30,200
0,200,30,0,0,0,1,12,2,2,0,0,0,0,200,200,1,0,200,0,200,200
0,200,30,0,0,0,1,12,2,2,0,0,0,0,200,200,1,0,200,0,44,200
0,200,30,0,0,0,1,12,5,2,0,0,0,0,200,200,200,17,200,1,200,200
0,200,30,0,0,0,1,12,5,2,0,0,0,0,200,200,200,17,200,1,44,200
0,200,30,0,0,0,1,7,3,4,0,0,0,1,200,200,1,0,0,2,200,200
0,200,20,1,2,0,1,12,3,200,0,0,0,0,200,200,0,22,17,0,42,200
0,200,20,1,2,0,1,12,3,200,0,0,0,0,200,200,0,22,17,0,22,200
0,200,30,2,2,0,1,12,5,2,0,0,0,0,200,200,200,11,0,0,58,200
0,200,30,2,2,0,1,12,5,2,0,0,0,0,200,200,200,11,0,0,50,200
0,200,30,0,0,0,1,10,2,200,0,0,0,0,200,200,200,18,200,1,71,200
0,200,30,0,0,0,1,10,2,200,0,0,0,0,200,200,200,18,200,0,55,200
0,200,0,0,0,0,1,0,7,200,0,0,0,0,200,1,200,20,200,0,200,200
0,200,0,0,0,0,1,0,7,200,0,0,0,0,200,1,200,20,200,0,25,200
0,200,30,1,2,0,1,12,5,2,0,0,0,0,200,200,200,20,16,0,24,200
0,200,30,1,2,0,1,12,5,2,0,0,0,0,200,200,200,20,16,0,30,200
1,200,30,1,2,0,1,12,5,2,0,0,0,0,200,200,200,20,16,1,25,200
1,200,30,1,2,0,1,12,5,2,0,0,0,0,200,200,200,20,16,1,200,200
0,200,30,0,0,0,1,12,6,2,0,0,0,1,200,200,200,17,200,0,28,200
0,200,30,0,0,0,1,12,6,2,0,0,0,1,200,200,200,17,200,1,48,200
0,200,30,0,0,0,1,14,5,4,0,0,0,0,1,200,200,17,0,0,56,200
0,200,30,0,0,0,1,14,5,4,0,0,0,0,1,200,200,17,0,1,40,200
1,200,30,0,0,0,1,14,5,4,0,0,0,0,1,200,200,17,0,0,40,200
1,200,30,0,0,0,1,14,5,4,0,0,0,0,1,200,200,17,0,1,200,200
0,200,5,0,0,200,200,2,12,200,0,200,0,0,200,200,200,0,0,2,200,200
0,200,25,0,0,0,1,7,6,1,0,0,0,1,200,200,200,200,200,0,18,200
0,200,30,0,0,0,1,14,5,200,0,0,0,1,1,200,200,23,200,1,31,200
0,200,30,0,0,0,1,14,5,200,0,0,0,1,1,200,200,23,200,0,27,200
0,200,30,0,0,0,0,12,5,200,0,0,0,0,200,200,200,0,0,0,23,200
0,200,30,0,0,0,0,12,5,200,0,0,0,0,200,200,200,0,0,0,42,200
0,200,30,2,2,0,1,14,5,200,0,0,0,0,1,200,200,18,0,0,26,200