PERSON_TYPE,CRASH_DATE_EST_I,POSTED_SPEED_LIMIT,TRAFFIC_CONTROL_DEVICE,DEVICE_CONDITION,WEATHER_CONDITION,LIGHTING_CONDITION,FIRST_CRASH_TYPE,TRAFFICWAY_TYPE,LANE_CNT,ALIGNMENT,ROADWAY_SURFACE_COND,ROAD_DEFECT,CRASH_TYPE,INTERSECTION_RELATED_I,NOT_RIGHT_OF_WAY_I,HIT_AND_RUN_I,PRIM_CONTRIBUTORY_CAUSE,SEC_CONTRIBUTORY_CAUSE,SEX,AGE,BAC_RESULT VALUE
0,200,30,2,2,0,1,14,5,200,0,0,0,0,1,200,200,18,0,0,33,200
1,200,30,2,2,0,1,14,5,200,0,0,0,0,1,200,200,18,0,1,26,200
1,200,30,2,2,0,1,14,5,200,0,0,0,0,1,200,200,18,0,0,3,200
0,200,30,0,200,0,1,7,5,200,0,0,0,0,200,200,200,24,200,0,42,200
0,200,30,1,2,0,1,14,2,4,0,0,0,0,200,200,200,17,17,0,50,200
0,200,30,1,2,0,1,14,2,4,0,0,0,0,200,200,200,17,17,0,36,200
0,200,30,2,0,0,1,2,5,200,0,0,0,0,200,200,200,22,22,0,22,200
0,200,30,2,0,0,1,2,5,200,0,0,0,0,200,200,200,22,22,0,59,200
0,200,20,0,0,0,1,7,5,2,0,0,0,1,200,200,200,21,7,1,36,200
0,200,30,0,0,0,1,14,2,4,0,0,0,1,200,200,200,23,14,0,73,200
0,200,30,0,0,0,1,14,2,4,0,0,0,1,200,200,200,23,14,0,19,200
0,200,30,1,2,1,1,14,6,200,0,0,0,0,1,200,200,0,0,0,46,200
0,200,30,1,2,1,1,14,6,200,0,0,0,0,1,200,200,0,0,1,44,200
4,200,30,1,1,0,1,8,3,4,0,0,0,1,200,200,200,0,0,0,25,200
0,200,30,1,1,0,1,8,3,4,0,0,0,1,200,200,200,0,0,0,81,200
1,200,30,1,1,0,1,8,3,4,0,0,0,1,200,200,200,0,0,0,55,200
0,200,15,0,0,0,1,7,7,1,0,0,0,0,200,200,200,21,200,1,200,200
0,200,20,0,0,0,1,12,8,1,0,0,0,1,1,200,1,21,200,0,200,200
0,200,20,0,0,0,1,12,8,1,0,0,0,1,1,200,1,21,200,0,40,200
0,200,30,1,2,0,1,10,2,2,0,0,0,0,200,200,200,11,16,1,22,200
0,200,30,1,2,0,1,10,2,2,0,0,0,0,200,200,200,11,16,1,41,200
1,200,30,1,2,0,1,10,2,2,0,0,0,0,200,200,200,11,16,1,200,200
1,200,30,1,2,0,1,10,2,2,0,0,0,0,200,200,200,11,16,0,38,200
0,200,30,1,2,0,1,12,1,3,0,0,0,0,1,200,200,21,0,1,38,200
0,200,30,1,2,0,1,12,1,3,0,0,0,0,1,200,200,21,0,1,44,200
0,1,30,0,0,0,1,7,5,200,0,0,0,0,200,200,1,0,0,2,200,200
0,200,30,3,2,0,1,10,5,4,0,0,0,1,200,200,200,0,0,0,57,200
0,200,30,3,2,0,1,10,5,4,0,0,0,1,200,200,200,0,0,0,31,200
1,200,30,3,2,0,1,10,5,4,0,0,0,1,200,200,200,0,0,0,200,200
1,200,30,3,2,0,1,10,5,4,0,0,0,1,200,200,200,0,0,1,53,200
1,200,30,3,2,0,1,10,5,4,0,0,0,1,200,200,200,0,0,1,49,200
1,200,30,3,2,0,1,10,5,4,0,0,0,1,200,200,200,0,0,0,35,200
0,200,0,0,0,0,1,11,7,200,0,0,0,0,200,1,200,20,200,0,60,200
0,200,0,0,0,0,1,11,7,200,0,0,0,0,200,1,200,20,200,0,30,200
0,200,30,0,0,0,3,7,6,200,0,0,0,0,200,200,1,0,200,2,200,200
0,200,30,1,2,0,1,10,2,2,0,0,0,0,200,200,200,0,200,0,41,200
0,200,30,1,2,0,1,10,2,2,0,0,0,0,200,200,200,0,200,1,54,200
0,200,30,0,0,1,1,12,3,200,0,0,0,0,200,200,200,0,200,1,42,200
0,200,30,0,0,1,1,12,3,200,0,0,0,0,200,200,200,0,200,1,35,200
0,200,30,0,0,0,1,12,2,4,0,0,0,0,200,200,1,25,17,2,200,200
0,200,30,0,0,0,1,12,2,4,0,0,0,0,200,200,1,25,17,1,33,200
1,200,30,0,0,0,1,12,2,4,0,0,0,0,200,200,1,25,17,1,200,200
1,200,30,0,0,0,1,12,2,4,0,0,0,0,200,200,1,25,17,1,200,200
0,200,30,1,2,0,1,0,5,2,0,0,0,1,1,200,200,17,200,1,57,200
0,200,30,1,2,0,1,0,5,2,0,0,0,1,1,200,200,17,200,1,56,200
0,200,30,0,0,0,1,12,2,200,0,0,0,0,200,200,200,17,0,0,25,200
0,200,30,0,0,0,1,12,2,200,0,0,0,0,200,200,200,17,0,0,80,200
0,200,30,0,0,0,1,12,5,200,0,0,0,0,200,200,200,17,0,1,59,200
0,200,30,0,0,0,1,12,5,200,0,0,0,0,200,200,200,17,0,0,48,200
0,200,15,0,0,0,1,7,7,200,0,0,0,0,200,1,1,16,0,1,200,200
4,200,30,1,2,0,1,8,2,200,0,0,0,0,1,200,200,17,11,0,0,200
0,200,30,1,2,0,1,8,2,200,0,0,0,0,1,200,200,17,11,0,42,200
0,200,10,0,0,0,1,10,12,200,0,0,0,0,200,1,200,200,200,0,44,200
0,200,10,0,0,0,1,10,12,200,0,0,0,0,200,1,200,200,200,0,56,200
0,200,30,0,0,0,1,12,5,4,0,0,0,0,200,200,200,21,21,0,65,200
0,200,30,0,0,0,1,12,5,4,0,0,0,0,200,200,200,21,21,0,34,200
0,200,0,0,0,0,1,14,2,200,0,0,12,0,200,200,200,0,200,0,39,200
0,200,0,0,0,0,1,14,2,200,0,0,12,0,200,200,200,0,200,1,40,200
1,200,0,0,0,0,1,14,2,200,0,0,12,0,200,200,200,0,200,1,37,200
5,200,20,1,2,2,3,9,2,200,0,1,0,1,1,200,200,17,200,0,28,200
0,200,20,1,2,2,3,9,2,200,0,1,0,1,1,200,200,17,200,0,200,200
0,200,30,0,0,0,1,7,7,200,0,0,0,0,200,200,1,21,21,2,200,200
4,200,30,0,0,0,1,8,5,200,0,0,0,0,200,200,200,11,200,0,200,200
0,200,30,0,0,0,1,8,5,200,0,0,0,0,200,200,200,11,200,2,200,200
0,200,30,200,0,0,1,14,5,200,0,200,200,0,200,200,200,0,200,0,93,200
0,200,30,200,0,0,1,14,5,200,0,200,200,0,200,200,200,0,200,0,33,200
1,200,30,200,0,0,1,14,5,200,0,200,200,0,200,200,200,0,200,1,200,200
0,200,0,0,0,0,1,7,7,200,0,200,200,0,200,200,1,0,200,2,200,200
0,200,30,1,2,0,1,10,5,200,0,0,0,1,1,200,200,7,16,0,45,200
0,200,30,1,2,0,1,10,5,200,0,0,0,1,1,200,200,7,16,0,52,200
0,200,30,0,0,0,1,12,5,4,0,0,0,0,200,200,1,1,200,0,200,200
0,200,30,0,0,0,1,12,5,4,0,0,0,0,200,200,1,1,200,1,200,200
0,200,30,0,0,0,1,10,5,4,0,0,0,0,200,200,200,18,0,0,19,200
0,200,30,0,0,0,1,10,5,4,0,0,0,0,200,200,200,18,0,1,55,200
0,200,30,1,2,0,1,10,5,200,0,0,0,0,200,200,200,18,200,0,35,200
0,200,30,1,2,0,1,10,5,200,0,0,0,0,200,200,200,18,200,0,48,200
0,200,30,0,0,0,1,5,5,200,0,0,12,0,200,200,200,29,28,0,74,200
0,200,30,0,0,0,3,0,5,200,0,0,0,0,200,200,200,19,21,0,23,200
0,200,30,0,0,0,3,0,5,200,0,0,0,0,200,200,200,19,21,0,28,200
0,200,30,0,0,0,0,12,6,200,0,0,0,0,200,200,1,200,200,2,200,200
0,200,30,0,0,0,0,12,6,200,0,0,0,0,200,200,1,200,200,1,24,200
0,200,20,0,0,0,2,7,7,200,0,0,0,0,200,1,200,0,200,0,200,200
0,200,30,0,0,0,1,12,5,2,0,0,0,0,200,200,200,7,200,0,38,200
0,200,30,0,0,0,1,12,5,2,0,0,0,0,200,200,200,7,200,1,45,200
0,200,30,1,2,0,1,12,5,200,0,0,0,0,200,200,1,22,16,0,200,200
0,200,30,1,2,0,1,12,5,200,0,0,0,0,200,200,1,22,16,0,31,200
0,200,30,0,0,200,3,7,5,200,0,200,0,0,200,200,200,0,200,1,200,200
0,200,30,0,0,0,1,7,6,3,0,0,0,0,200,200,200,0,0,0,200,200
1,200,30,0,0,0,1,7,6,3,0,0,0,0,200,200,200,0,0,2,200,200
1,200,30,0,0,0,1,7,6,3,0,0,0,0,200,200,200,0,0,0,200,200
0,200,30,0,0,0,1,12,5,2,0,0,0,0,200,200,200,17,22,0,200,200
0,200,30,0,0,0,1,12,5,2,0,0,0,0,200,200,200,17,22,0,54,200
1,200,30,0,0,0,1,12,5,2,0,0,0,0,200,200,200,17,22,0,18,200
0,200,30,0,0,0,1,7,12,0,0,2,12,1,200,200,1,0,200,0,200,200
0,200,5,0,0,0,1,7,7,0,0,0,0,0,200,1,200,20,0,0,31,200
0,1,30,0,0,0,1,12,2,2,0,0,0,0,200,200,200,0,200,0,64,200
0,1,30,0,0,0,1,12,2,2,0,0,0,0,200,200,200,0,200,0,73,200
0,200,30,1,2,0,1,14,12,8,0,0,0,1,1,200,200,3,16,0,30,200
0,200,30,1,2,0,1,14,12,8,0,0,0,1,1,200,200,3,16,1,60,200
0,200,30,1,200,0,1,3,5,200,0,200,200,0,1,200,200,20,200,0,200,200
0,200,30,1,200,0,1,3,5,200,0,200,200,0,1,200,200,20,200,1,36,200
0,200,30,0,0,0,1,8,5,200,0,0,0,1,200,200,200,17,16,1,200,200
4,200,30,0,0,0,1,8,5,200,0,0,0,1,200,200,200,17,16,0,37,200
0,200,30,1,2,0,1,0,2,4,0,0,0,1,200,200,200,6,0,1,20,200
0,200,30,1,2,0,1,0,2,4,0,0,0,1,200,200,200,6,0,0,50,200
0,200,30,0,0,0,1,10,5,200,0,0,0,0,200,200,200,200,200,0,200,200
0,200,30,0,0,0,1,10,5,200,0,0,0,0,200,200,200,200,200,0,200,200
0,200,30,0,0,2,1,5,5,2,0,1,1,0,1,200,200,0,200,1,57,200
0,200,30,200,200,0,1,7,6,2,0,0,0,0,200,200,200,16,0,1,19,200
0,200,15,0,0,0,1,0,7,0,0,200,200,0,200,1,200,17,17,0,32,200
0,200,15,0,0,0,1,0,7,0,0,200,200,0,200,1,200,17,17,0,44,200
0,200,30,0,0,0,1,4,0,200,0,0,0,0,200,200,1,0,0,2,200,200
0,200,30,0,0,0,1,12,5,200,0,0,0,0,200,200,200,17,200,0,48,200
0,200,30,0,0,0,1,12,5,200,0,0,0,0,200,200,200,17,200,0,200,200
0,200,30,2,200,0,1,10,5,2,0,0,200,0,200,200,200,0,0,0,200,200
0,200,30,2,200,0,1,10,5,2,0,0,200,0,200,200,200,0,0,1,61,200
0,1,30,0,0,0,200,7,6,1,0,0,0,0,200,200,1,0,200,2,200,200
0,200,30,0,0,1,3,10,5,200,0,200,0,0,200,200,1,0,0,0,200,200
0,200,30,1,2,0,1,10,5,4,0,0,0,0,1,200,200,18,200,0,78,200
0,200,30,1,2,0,1,10,5,4,0,0,0,0,1,200,200,18,200,1,32,200
0,200,15,0,0,0,1,5,0,200,0,0,0,1,200,200,1,16,16,0,18,200
0,200,30,0,2,0,1,10,5,2,0,0,200,0,200,200,200,18,200,0,55,200
0,200,30,0,2,0,1,10,5,2,0,0,200,0,200,200,200,18,200,0,24,200
1,200,30,0,2,0,1,10,5,2,0,0,200,0,200,200,200,18,200,0,35,200
0,200,30,0,0,0,1,11,0,2,0,0,200,0,200,200,1,10,0,1,200,200
0,200,30,0,0,0,1,11,0,2,0,0,200,0,200,200,1,10,0,1,27,200
0,200,15,0,0,0,3,5,0,1,0,0,1,0,200,200,200,200,200,0,29,200
0,200,30,1,2,0,1,7,5,200,0,0,0,0,1,200,200,18,11,1,22,200
0,200,30,0,0,0,0,7,6,200,0,0,0,0,200,200,1,200,200,2,200,200
0,200,30,0,2,0,1,12,2,2,0,0,200,1,200,200,1,25,0,0,200,200
0,200,30,0,2,0,1,12,2,2,0,0,200,1,200,200,1,25,0,1,34,200
0,200,15,0,0,0,1,5,7,200,0,0,0,0,200,1,200,0,0,0,51,200
3,200,15,0,0,0,1,5,7,200,0,0,0,0,200,1,200,0,0,200,200,200
0,200,30,1,2,0,1,10,5,4,0,0,200,0,200,200,200,18,0,0,200,200
0,200,30,1,2,0,1,10,5,4,0,0,200,0,200,200,200,18,0,1,51,200
1,200,30,1,2,0,1,10,5,4,0,0,200,0,200,200,200,18,0,1,53,200
0,200,30,0,0,0,1,12,7,200,0,0,0,0,200,200,200,11,200,0,200,200
0,200,30,0,0,0,1,12,7,200,0,0,0,0,200,200,200,11,200,0,200,200
0,200,30,0,0,0,1,12,6,200,0,0,0,0,200,200,1,17,200,1,200,200
0,200,30,0,0,0,1,12,6,200,0,0,0,0,200,200,1,17,200,0,64,200
1,200,30,0,0,0,1,12,6,200,0,0,0,0,200,200,1,17,200,0,200,200
0,200,30,0,0,2,1,12,6,3,0,1,0,1,200,200,200,21,17,1,22,200
0,200,30,0,0,2,1,12,6,3,0,1,0,1,200,200,200,21,17,1,41,200
0,1,25,0,0,200,200,7,5,200,0,0,0,0,200,200,1,0,0,2,200,200
0,200,30,0,0,0,1,12,12,1,0,0,0,0,200,200,200,0,200,0,36,200
0,200,30,0,0,0,1,12,12,1,0,0,0,0,200,200,200,0,200,1,36,200
0,200,25,0,0,0,1,7,5,2,0,0,0,0,200,200,200,0,200,2,200,200
0,200,30,2,2,0,1,0,3,2,0,0,0,1,1,200,200,17,5,0,20,200
0,200,30,2,2,0,1,0,3,2,0,0,0,1,1,200,200,17,5,1,37,200
1,200,30,2,2,0,1,0,3,2,0,0,0,1,1,200,200,17,5,1,5,200
0,200,30,0,0,0,1,4,5,4,0,0,1,1,200,200,200,0,0,0,200,200
0,200,20,0,0,0,1,7,5,2,0,0,0,0,200,200,200,0,0,0,43,200
0,200,30,8,12,0,1,0,5,4,0,0,200,1,200,200,200,17,0,1,29,200
0,200,30,8,12,0,1,0,5,4,0,0,200,1,200,200,200,17,0,1,57,200
0,200,30,1,2,0,1,12,6,4,0,0,0,0,200,200,1,25,200,0,200,200
0,200,30,1,2,0,1,12,6,4,0,0,0,0,200,200,1,25,200,0,60,200
0,200,30,1,2,0,1,12,6,4,0,0,0,0,200,200,1,25,200,2,200,200
5,200,30,1,2,0,1,12,6,4,0,0,0,0,200,200,1,25,200,1,28,200
0,200,30,0,0,0,1,12,2,200,0,0,0,1,200,200,200,23,200,1,53,200
0,200,30,0,0,0,1,12,2,200,0,0,0,1,200,200,200,23,200,0,26,200
0,200,30,0,0,0,1,8,2,2,0,0,0,0,200,200,200,13,200,0,69,200
4,200,30,0,0,0,1,8,2,2,0,0,0,0,200,200,200,13,200,1,37,200
1,200,30,0,0,0,1,8,2,2,0,0,0,0,200,200,200,13,200,1,67,200
0,200,15,0,0,0,1,0,7,1,0,0,0,0,200,1,200,20,0,0,21,200
0,200,15,0,0,0,1,0,7,1,0,0,0,0,200,1,200,20,0,0,46,200
1,200,15,0,0,0,1,0,7,1,0,0,0,0,200,1,200,20,0,1,200,200
1,200,15,0,0,0,1,0,7,1,0,0,0,0,200,1,200,20,0,0,1,200
0,200,30,2,2,0,1,0,2,2,0,0,0,1,1,200,200,17,11,0,29,200
0,200,30,2,2,0,1,0,2,2,0,0,0,1,1,200,200,17,11,0,19,200
0,200,30,2,2,0,1,0,6,2,0,0,0,1,1,200,200,10,200,1,45,200
0,200,30,2,2,0,1,0,6,2,0,0,0,1,1,200,200,10,200,1,21,200
1,200,30,2,2,0,1,0,6,2,0,0,0,1,1,200,200,10,200,1,4,200
1,200,30,2,2,0,1,0,6,2,0,0,0,1,1,200,200,10,200,1,5,200
0,200,30,0,0,0,1,10,5,2,0,0,0,0,200,200,200,18,200,0,53,200
0,200,30,0,0,0,1,10,5,2,0,0,0,0,200,200,200,18,200,1,29,200
1,200,30,0,0,0,1,10,5,2,0,0,0,0,200,200,200,18,200,2,200,200
0,200,30,0,0,0,1,3,4,1,0,0,200,0,200,200,200,32,32,0,0,0.19
0,200,30,0,0,0,1,3,4,1,0,0,200,0,200,200,200,32,32,1,39,200
1,200,30,0,0,0,1,3,4,1,0,0,200,0,200,200,200,32,32,0,25,200
1,200,30,0,0,0,1,3,4,1,0,0,200,0,200,200,200,32,32,0,14,200
1,200,30,0,0,0,1,3,4,1,0,0,200,0,200,200,200,32,32,0,200,200
1,200,30,0,0,0,1,3,4,1,0,0,200,0,200,200,200,32,32,1,200,200
0,200,30,0,0,0,1,12,5,4,0,0,0,0,200,200,1,0,200,2,200,200
0,200,30,0,0,0,1,12,5,4,0,0,0,0,200,200,1,0,200,0,62,200
0,200,30,0,0,0,1,12,5,4,0,0,0,0,200,200,1,0,200,0,16,200
1,200,30,0,0,0,1,12,5,4,0,0,0,0,200,200,1,0,200,0,16,200
1,200,30,0,0,0,1,12,5,4,0,0,0,0,200,200,1,0,200,0,17,200
0,200,30,1,2,0,2,10,5,2,0,0,200,0,200,200,1,18,0,0,200,200
0,200,30,1,2,0,2,10,5,2,0,0,200,0,200,200,1,18,0,0,37,200
1,200,30,1,2,0,2,10,5,2,0,0,200,0,200,200,1,18,0,0,200,200
0,200,30,0,0,0,3,10,5,200,0,0,0,0,200,200,1,0,200,0,200,200
0,200,30,0,0,0,3,10,5,200,0,0,0,0,200,200,1,0,200,0,35,200
1,200,30,0,0,0,3,10,5,200,0,0,0,0,200,200,1,0,200,1,200,200
1,200,30,0,0,0,3,10,5,200,0,0,0,0,200,200,1,0,200,0,200,200
1,200,30,0,0,0,3,10,5,200,0,0,0,0,200,200,1,0,200,1,35,200
0,200,30,0,0,0,1,7,5,1,0,0,200,0,200,200,200,11,23,1,49,200
0,1,0,0,0,0,1,7,7,200,0,0,0,0,200,1,1,0,0,2,200,200
0,200,0,0,0,0,1,7,5,1,0,0,0,0,200,200,200,0,0,1,29,200
0,200,30,1,2,0,1,14,5,200,0,0,0,0,1,200,200,23,200,0,200,200
0,200,30,1,2,0,1,14,5,200,0,0,0,0,1,200,200,23,200,1,33,200
0,200,35,1,200,0,1,12,3,200,0,0,200,0,200,200,200,22,200,1,23,200
0,200,35,1,200,0,1,12,3,200,0,0,200,0,200,200,200,22,200,1,33,200
1,200,35,1,200,0,1,12,3,200,0,0,200,0,200,200,200,22,200,0,50,200
1,200,35,1,200,0,1,12,3,200,0,0,200,0,200,200,200,22,200,1,12,200
1,200,35,1,200,0,1,12,3,200,0,0,200,0,200,200,200,22,200,1,7,200
0,200,30,0,0,0,1,14,2,4,0,0,0,0,200,200,200,0,200,1,200,200
0,200,30,0,0,0,1,14,2,4,0,0,0,0,200,200,200,0,200,1,77,200
0,200,30,0,0,0,1,14,1,4,0,0,0,1,1,200,1,25,14,2,200,200
0,200,30,0,0,0,1,14,1,4,0,0,0,1,1,200,1,25,14,1,37,200
0,200,30,1,2,0,1,14,5,3,0,0,0,1,1,200,1,6,16,0,200,200
0,200,30,1,2,0,1,14,5,3,0,0,0,1,1,200,1,6,16,1,51,200
1,200,30,1,2,0,1,14,5,3,0,0,0,1,1,200,1,6,16,1,200,200
0,200,30,200,200,0,1,14,6,1,0,0,200,1,200,200,200,0,200,1,200,200
0,200,30,200,200,0,1,14,6,1,0,0,200,1,200,200,200,0,200,0,34,200
1,200,30,200,200,0,1,14,6,1,0,0,200,1,200,200,200,0,200,0,19,200
1,200,30,200,200,0,1,14,6,1,0,0,200,1,200,200,200,0,200,0,30,200
1,200,30,200,200,0,1,14,6,1,0,0,200,1,200,200,200,0,200,0,26,200
1,200,30,200,200,0,1,14,6,1,0,0,200,1,200,200,200,0,200,0,26,200
1,200,30,200,200,0,1,14,6,1,0,0,200,1,200,200,200,0,200,0,33,200
1,200,30,200,200,0,1,14,6,1,0,0,200,1,200,200,200,0,200,0,20,200
1,200,30,200,200,0,1,14,6,1,0,0,200,1,200,200,200,0,200,0,29,200
1,200,30,200,200,0,1,14,6,1,0,0,200,1,200,200,200,0,200,0,35,200
1,200,30,200,200,0,1,14,6,1,0,0,200,1,200,200,200,0,200,0,23,200
0,200,30,0,0,0,1,10,2,4,0,0,0,0,1,200,200,16,200,0,24,200
0,200,30,0,0,0,1,10,2,4,0,0,0,0,1,200,200,16,200,0,61,200
0,200,30,0,0,0,1,10,2,4,0,0,0,0,1,200,200,16,200,1,28,200
1,200,30,0,0,0,1,10,2,4,0,0,0,0,1,200,200,16,200,0,200,200
0,200,30,0,0,0,1,11,5,200,0,0,0,0,200,200,1,200,200,0,200,200
0,200,30,0,0,0,1,11,5,200,0,0,0,0,200,200,1,200,200,0,41,200
1,200,30,0,0,0,1,11,5,200,0,0,0,0,200,200,1,200,200,1,200,200
3,200,30,0,0,0,3,1,5,2,1,0,200,0,200,200,200,1,200,200,200,200
0,200,30,0,0,0,3,1,5,2,1,0,200,0,200,200,200,1,200,1,200,200
0,200,0,2,2,0,1,10,200,200,0,200,200,0,1,200,1,0,200,0,200,200
0,200,0,2,2,0,1,10,200,200,0,200,200,0,1,200,1,0,200,1,59,200
1,200,0,2,2,0,1,10,200,200,0,200,200,0,1,200,1,0,200,1,51,200
0,200,30,0,0,0,1,5,3,2,0,0,0,0,200,200,200,200,200,0,65,200
0,200,10,0,0,0,1,3,4,1,0,0,0,0,200,200,200,0,0,0,200,200
0,200,10,0,0,0,1,3,4,1,0,0,0,0,200,200,200,0,0,1,57,200
1,200,10,0,0,0,1,3,4,1,0,0,0,0,200,200,200,0,0,1,200,200
1,200,10,0,0,0,1,3,4,1,0,0,0,0,200,200,200,0,0,1,200,200
0,200,30,1,2,0,3,10,2,4,0,0,0,0,1,200,1,0,200,0,200,200
0,200,30,1,2,0,3,10,2,4,0,0,0,0,1,200,1,0,200,0,28,200
0,200,30,0,0,0,1,7,7,0,0,0,0,0,200,200,1,0,0,2,200,200
0,200,30,0,0,0,1,10,5,2,0,0,0,0,200,200,200,16,11,0,200,200
0,200,30,0,0,0,1,10,5,2,0,0,0,0,200,200,200,16,11,1,32,200
0,200,30,0,0,0,1,5,5,200,0,0,0,0,200,200,1,21,200,0,200,200
0,200,30,0,0,0,1,0,5,200,0,0,0,0,200,200,200,17,16,0,42,200
0,200,30,0,0,0,1,0,5,200,0,0,0,0,200,200,200,17,16,0,58,200
0,200,15,0,0,0,1,0,7,200,0,0,0,0,200,1,200,0,0,0,21,200
0,200,15,0,0,0,1,0,7,200,0,0,0,0,200,1,200,0,0,0,46,200
1,200,15,0,0,0,1,0,7,200,0,0,0,0,200,1,200,0,0,0,0,200
1,200,15,0,0,0,1,0,7,200,0,0,0,0,200,1,200,0,0,0,200,200
5,200,30,0,0,0,1,9,12,3,0,0,0,1,200,200,200,200,200,0,65,200
0,200,30,0,0,0,1,9,12,3,0,0,0,1,200,200,200,200,200,1,38,200
0,200,30,1,2,0,1,14,2,2,0,0,0,0,1,200,200,17,200,0,35,200
0,200,30,1,2,0,1,14,2,2,0,0,0,0,1,200,200,17,200,0,65,200
0,200,25,0,0,0,1,12,5,2,0,0,0,0,200,200,200,18,200,1,46,200
0,200,25,0,0,0,1,12,5,2,0,0,0,0,200,200,200,18,200,1,57,200
0,200,30,2,0,0,1,14,2,200,0,0,0,0,200,200,200,17,200,0,55,200
0,200,30,2,0,0,1,14,2,200,0,0,0,0,200,200,200,17,200,0,49,200
0,200,30,2,2,0,1,14,5,2,0,0,0,1,200,200,200,17,0,1,41,200
0,200,30,2,2,0,1,14,5,2,0,0,0,1,200,200,200,17,0,1,53,200
1,200,30,2,2,0,1,14,5,2,0,0,0,1,200,200,200,17,0,1,10,200
0,200,35,2,2,0,1,14,2,200,0,0,0,1,1,200,200,16,11,0,84,200
0,200,35,2,2,0,1,14,2,200,0,0,0,1,1,200,200,16,11,1,56,200
0,200,35,2,2,0,1,14,2,200,0,0,0,1,1,200,200,16,11,1,66,200
0,200,30,0,0,0,1,10,5,200,0,0,0,0,200,200,200,18,0,1,25,200
0,200,30,0,0,0,1,10,5,200,0,0,0,0,200,200,200,18,0,0,35,200
0,200,30,1,2,0,1,14,5,200,0,0,200,1,1,200,200,17,200,0,38,200
0,200,30,1,2,0,1,14,5,200,0,0,200,1,1,200,200,17,200,1,31,200
0,200,30,1,2,0,1,14,5,200,0,0,200,1,1,200,200,17,200,1,33,200
0,200,25,2,2,0,1,0,5,2,0,0,0,1,1,200,200,17,22,0,21,200
0,200,25,2,2,0,1,0,5,2,0,0,0,1,1,200,200,17,22,1,53,200
0,200,0,2,2,0,1,0,200,200,2,200,200,0,200,200,200,0,200,1,36,200
0,200,0,2,2,0,1,0,200,200,2,200,200,0,200,200,200,0,200,0,58,200
0,200,30,1,2,0,1,0,5,200,0,0,0,0,200,200,200,6,21,0,200,200
0,200,30,1,2,0,1,0,5,200,0,0,0,0,200,200,200,6,21,1,50,200
0,200,30,1,2,0,1,10,2,4,0,0,1,0,1,200,200,18,200,0,60,200
0,200,30,1,2,0,1,10,2,4,0,0,1,0,1,200,200,18,200,0,25,200
1,200,30,1,2,0,1,10,2,4,0,0,1,0,1,200,200,18,200,0,23,200
1,200,30,1,2,0,1,10,2,4,0,0,1,0,1,200,200,18,200,0,200,200
0,200,30,0,0,0,1,12,5,3,0,0,200,0,200,200,200,0,0,0,63,200
0,200,30,0,0,0,1,12,5,3,0,0,200,0,200,200,200,0,0,0,58,200
0,200,30,2,2,0,1,10,2,2,0,0,0,0,200,200,200,16,18,0,37,200
0,200,30,2,2,0,1,10,2,2,0,0,0,0,200,200,200,16,18,1,33,200
0,200,0,0,0,0,1,10,5,4,0,0,0,1,200,200,200,18,11,1,20,200
0,200,0,0,0,0,1,10,5,4,0,0,0,1,200,200,200,18,11,1,38,200
0,200,35,0,0,0,1,12,5,2,0,0,0,1,200,200,200,17,0,0,50,200
0,200,35,0,0,0,1,12,5,2,0,0,0,1,200,200,200,17,0,1,42,200
1,200,35,0,0,0,1,12,5,2,0,0,0,1,200,200,200,17,0,1,26,200
1,200,35,0,0,0,1,12,5,2,0,0,0,1,200,200,200,17,0,0,58,200
1,200,35,0,0,0,1,12,5,2,0,0,0,1,200,200,200,17,0,0,29,200
0,200,35,1,2,0,1,10,6,3,0,0,0,0,200,200,1,18,0,0,200,200
0,200,35,1,2,0,1,10,6,3,0,0,0,0,200,200,1,18,0,0,40,200
0,200,35,1,2,0,1,10,6,3,0,0,0,0,200,200,1,18,0,0,38,200
0,200,30,0,0,0,1,12,2,200,0,0,0,0,200,200,200,21,200,0,25,200
0,200,30,0,0,0,1,12,2,200,0,0,0,0,200,200,200,21,200,1,33,200
1,200,30,0,0,0,1,12,2,200,0,0,0,0,200,200,200,21,200,1,200,200
1,200,30,0,0,0,1,12,2,200,0,0,0,0,200,200,200,21,200,1,200,200
1,200,30,0,0,0,1,12,2,200,0,0,0,0,200,200,200,21,200,1,200,200
0,200,30,1,2,0,1,12,6,2,0,0,0,0,1,200,200,0,0,0,200,200
0,200,30,1,2,0,1,12,6,2,0,0,0,0,1,200,200,0,0,1,200,200
1,200,30,1,2,0,1,12,6,2,0,0,0,0,1,200,200,0,0,1,200,200
1,200,30,1,2,0,1,12,6,2,0,0,0,0,1,200,200,0,0,0,200,200
0,1,30,1,2,0,1,14,3,200,0,0,0,0,200,200,200,22,200,1,200,200
0,1,30,1,2,0,1,14,3,200,0,0,0,0,200,200,200,22,200,0,200,200
0,200,20,0,0,0,1,2,5,1,2,0,12,0,200,200,200,29,0,0,45,200
0,200,30,0,0,0,1,7,5,2,0,0,0,1,200,200,200,16,0,0,63,200