PERSON_TYPE,CRASH_DATE_EST_I,POSTED_SPEED_LIMIT,TRAFFIC_CONTROL_DEVICE,DEVICE_CONDITION,WEATHER_CONDITION,LIGHTING_CONDITION,FIRST_CRASH_TYPE,TRAFFICWAY_TYPE,LANE_CNT,ALIGNMENT,ROADWAY_SURFACE_COND,ROAD_DEFECT,CRASH_TYPE,INTERSECTION_RELATED_I,NOT_RIGHT_OF_WAY_I,HIT_AND_RUN_I,PRIM_CONTRIBUTORY_CAUSE,SEC_CONTRIBUTORY_CAUSE,SEX,AGE,BAC_RESULT VALUE
0,200,30,1,2,0,1,14,5,2,0,0,0,0,1,200,200,11,0,0,78,200
0,200,30,1,2,0,1,14,5,2,0,0,0,0,1,200,200,11,0,0,29,200
0,200,30,0,0,0,1,10,5,2,0,0,0,0,200,200,1,17,200,1,200,200
0,200,30,0,0,0,1,10,5,2,0,0,0,0,200,200,1,17,200,1,21,200
0,200,30,1,2,0,1,10,5,4,0,0,0,0,1,200,1,18,16,0,200,200
0,200,30,1,2,0,1,10,5,4,0,0,0,0,1,200,1,18,16,1,52,200
0,200,30,1,2,0,1,14,2,6,0,0,0,1,1,200,200,17,200,0,62,200
0,200,30,1,2,0,1,14,2,6,0,0,0,1,1,200,200,17,200,0,34,200
1,200,30,1,2,0,1,14,2,6,0,0,0,1,1,200,200,17,200,1,36,200
1,200,30,1,2,0,1,14,2,6,0,0,0,1,1,200,200,17,200,1,47,200
0,200,30,2,0,0,1,10,5,200,0,0,0,0,1,200,200,18,200,0,37,200
0,200,30,2,0,0,1,10,5,200,0,0,0,0,1,200,200,18,200,0,49,200
0,200,30,200,200,200,200,12,5,200,0,200,200,0,200,200,1,0,0,2,200,200
0,200,30,200,200,200,200,12,5,200,0,200,200,0,200,200,1,0,0,1,50,200
0,200,30,2,2,0,1,14,5,200,0,0,0,0,200,200,200,17,16,0,52,200
0,200,30,2,2,0,1,14,5,200,0,0,0,0,200,200,200,17,16,0,52,200
0,200,30,1,2,0,1,14,5,200,0,0,0,0,200,200,200,23,200,0,59,200
0,200,30,1,2,0,1,14,5,200,0,0,0,0,200,200,200,23,200,0,39,200
0,200,30,1,2,0,1,14,5,4,0,0,200,1,1,200,200,6,23,0,21,200
0,200,30,1,2,0,1,14,5,4,0,0,200,1,1,200,200,6,23,0,47,200
0,200,30,0,0,0,1,10,5,2,0,0,0,0,200,200,200,18,200,1,62,200
0,200,30,0,0,0,1,10,5,2,0,0,0,0,200,200,200,18,200,0,62,200
0,200,30,1,2,0,3,12,5,4,0,0,0,0,1,200,200,18,21,0,34,200
0,200,30,1,2,0,3,12,5,4,0,0,0,0,1,200,200,18,21,0,31,200
0,200,30,0,0,0,1,14,3,4,0,0,0,0,200,200,200,200,200,0,200,200
0,200,30,0,0,0,1,14,3,4,0,0,0,0,200,200,200,200,200,1,49,200
1,200,30,0,0,0,1,14,3,4,0,0,0,0,200,200,200,200,200,0,2,200
0,200,30,1,2,0,1,12,2,4,0,0,0,1,200,200,200,17,11,0,29,200
0,200,30,1,2,0,1,12,2,4,0,0,0,1,200,200,200,17,11,1,38,200
0,200,0,2,2,0,1,10,200,200,0,200,200,0,1,200,200,0,200,0,200,200
0,200,0,2,2,0,1,10,200,200,0,200,200,0,1,200,200,0,200,0,29,200
1,200,0,2,2,0,1,10,200,200,0,200,200,0,1,200,200,0,200,0,16,200
0,200,30,2,2,0,1,10,5,200,0,0,0,0,1,200,1,0,0,0,200,200
0,200,30,2,2,0,1,10,5,200,0,0,0,0,1,200,1,0,0,1,35,200
1,200,30,2,2,0,1,10,5,200,0,0,0,0,1,200,1,0,0,0,40,200
1,200,30,2,2,0,1,10,5,200,0,0,0,0,1,200,1,0,0,0,9,200
0,200,30,0,0,0,1,7,5,4,0,0,0,1,200,200,200,0,200,1,36,200
0,200,30,0,0,0,1,10,7,200,0,0,0,0,200,200,200,20,200,0,19,200
0,200,30,0,0,0,1,10,7,200,0,0,0,0,200,200,200,20,200,0,66,200
1,200,30,0,0,0,1,10,7,200,0,0,0,0,200,200,200,20,200,1,200,200
1,200,30,0,0,0,1,10,7,200,0,0,0,0,200,200,200,20,200,1,200,200
0,200,35,1,0,0,1,10,3,200,0,0,0,0,200,200,200,14,18,0,79,200
0,200,35,1,0,0,1,10,3,200,0,0,0,0,200,200,200,14,18,1,57,200
0,200,30,0,0,0,1,12,6,1,0,0,0,0,200,200,200,17,22,0,24,200
0,200,30,0,0,0,1,12,6,1,0,0,0,0,200,200,200,17,22,1,53,200
0,200,35,200,200,0,1,10,5,200,0,0,0,0,200,200,200,0,200,1,200,200
0,200,35,200,200,0,1,10,5,200,0,0,0,0,200,200,200,0,200,0,200,200
0,200,20,0,0,0,1,14,0,200,0,0,0,0,200,200,200,17,200,1,37,200
0,200,20,0,0,0,1,14,0,200,0,0,0,0,200,200,200,17,200,1,28,200
0,200,30,0,0,0,1,11,5,200,0,0,0,0,200,200,200,0,200,0,200,200
0,200,30,0,0,0,1,11,5,200,0,0,0,0,200,200,200,0,200,0,46,200
1,200,30,0,0,0,1,11,5,200,0,0,0,0,200,200,200,0,200,1,200,200
0,0,30,2,2,0,1,7,2,200,0,0,0,0,200,200,1,0,200,2,200,200
0,200,10,0,0,0,1,7,7,200,0,0,0,0,200,200,200,0,200,1,34,200
0,200,30,0,0,0,1,10,5,200,0,0,0,0,200,200,200,0,0,1,46,200
0,200,30,0,0,0,1,10,5,200,0,0,0,0,200,200,200,0,0,1,200,200
0,200,30,1,0,0,1,10,5,2,0,0,0,0,200,200,200,0,0,1,51,200
0,200,30,1,0,0,1,10,5,2,0,0,0,0,200,200,200,0,0,0,35,200
0,200,15,0,0,0,1,7,5,2,0,0,0,0,200,200,200,25,200,0,25,200
0,200,30,0,0,0,1,0,5,200,0,0,0,0,1,200,200,17,0,1,33,200
0,200,30,0,0,0,1,0,5,200,0,0,0,0,1,200,200,17,0,1,42,200
0,200,30,1,2,0,1,14,6,3,0,0,0,0,1,200,1,0,0,2,200,200
0,200,30,1,2,0,1,14,6,3,0,0,0,0,1,200,1,0,0,0,20,200
0,200,30,0,0,0,1,3,5,2,0,0,0,0,200,200,200,21,25,1,24,200
0,200,30,0,0,0,1,3,5,2,0,0,0,0,200,200,200,21,25,0,31,200
0,200,30,1,2,0,1,12,5,200,0,0,0,0,200,200,200,22,16,0,200,200
0,200,30,1,2,0,1,12,5,200,0,0,0,0,200,200,200,22,16,0,26,200
0,200,30,0,0,0,1,14,5,2,0,0,0,0,200,200,200,0,0,0,200,200
0,200,30,0,0,0,1,14,5,2,0,0,0,0,200,200,200,0,0,0,200,200
0,200,30,200,200,0,1,10,5,200,0,200,200,0,200,200,1,22,200,2,200,200
0,200,30,200,200,0,1,10,5,200,0,200,200,0,200,200,1,22,200,0,52,200
1,200,30,200,200,0,1,10,5,200,0,200,200,0,200,200,1,22,200,1,200,200
1,200,30,200,200,0,1,10,5,200,0,200,200,0,200,200,1,22,200,1,200,200
0,200,30,1,2,0,1,10,5,4,0,0,0,0,1,200,1,0,0,0,200,200
0,200,30,1,2,0,1,10,5,4,0,0,0,0,1,200,1,0,0,0,18,200
1,200,30,1,2,0,1,10,5,4,0,0,0,0,1,200,1,0,0,0,200,200
0,200,30,0,0,0,1,7,5,200,0,0,0,0,200,200,200,0,0,0,72,200
0,200,30,0,0,2,1,7,5,200,0,0,0,0,200,200,200,0,0,0,31,200
1,200,30,0,0,2,1,7,5,200,0,0,0,0,200,200,200,0,0,0,45,200
0,200,0,200,200,0,1,9,200,200,0,200,200,1,1,200,1,0,200,0,200,200
5,200,0,200,200,0,1,9,200,200,0,200,200,1,1,200,1,0,200,0,64,200
0,200,30,1,2,0,4,10,5,200,0,0,0,0,200,200,200,200,200,0,65,200
0,200,30,1,2,0,4,10,5,200,0,0,0,0,200,200,200,200,200,0,30,200
1,200,30,1,2,0,4,10,5,200,0,0,0,0,200,200,200,200,200,1,200,200
0,200,30,0,0,0,1,12,5,4,0,0,0,0,200,200,200,17,11,0,200,200
0,200,30,0,0,0,1,12,5,4,0,0,0,0,200,200,200,17,11,1,33,200
1,200,30,0,0,0,1,12,5,4,0,0,0,0,200,200,200,17,11,1,200,200
0,1,20,0,0,0,1,9,6,1,0,0,0,1,1,200,200,0,200,1,54,200
5,1,20,0,0,0,1,9,6,1,0,0,0,1,1,200,200,0,200,1,13,200
1,1,20,0,0,0,1,9,6,1,0,0,0,1,1,200,200,0,200,1,21,200
0,200,30,0,0,0,3,7,5,200,0,0,0,0,200,200,1,0,0,2,200,200
0,200,30,0,0,0,1,7,5,1,0,0,200,0,200,200,1,19,200,2,200,200
0,200,30,2,12,0,1,8,2,200,0,0,0,0,0,200,200,17,200,1,43,200
4,200,30,2,12,0,1,8,2,200,0,0,0,0,0,200,200,17,200,0,44,200
0,200,30,1,2,0,1,10,5,4,0,0,0,0,200,200,200,18,7,1,60,200
0,200,30,1,2,0,1,10,5,4,0,0,0,0,200,200,200,18,7,0,18,200
1,200,30,1,2,0,1,10,5,4,0,0,0,0,200,200,200,18,7,1,23,200
0,200,30,1,200,0,1,10,2,4,0,0,0,0,200,200,200,20,200,0,27,200
0,200,30,1,200,0,1,10,2,4,0,0,0,0,200,200,200,20,200,0,57,200
1,200,30,1,200,0,1,10,2,4,0,0,0,0,200,200,200,20,200,0,42,200
0,200,30,1,2,0,1,10,5,200,0,0,200,0,200,200,200,18,0,1,200,200
0,200,30,1,2,0,1,10,5,200,0,0,200,0,200,200,200,18,0,0,35,200
0,200,30,0,0,0,0,7,7,200,0,0,0,0,200,200,200,20,200,0,200,200
0,200,30,2,2,0,4,10,5,2,0,0,0,0,200,200,200,0,200,1,33,200
0,200,30,2,2,0,4,10,5,2,0,0,0,0,200,200,200,0,200,0,44,200
1,200,30,2,2,0,4,10,5,2,0,0,0,0,200,200,200,0,200,1,200,200
1,200,30,2,2,0,4,10,5,2,0,0,0,0,200,200,200,0,200,1,200,200
0,200,25,1,2,0,3,14,2,4,0,0,0,1,1,200,200,21,4,0,42,200
0,200,25,1,2,0,3,14,2,4,0,0,0,1,1,200,200,21,4,0,25,200
0,200,30,0,0,0,1,14,5,200,0,0,0,0,200,200,200,23,0,0,20,200
0,200,30,0,0,0,1,14,5,200,0,0,0,0,200,200,200,23,0,0,50,200
0,200,30,1,2,0,4,10,5,200,0,0,0,0,200,200,200,18,11,0,200,200
0,200,30,1,2,0,4,10,5,200,0,0,0,0,200,200,200,18,11,0,65,200
0,200,30,0,0,0,1,12,5,200,0,0,0,1,200,200,1,25,200,0,30,200
0,200,30,0,0,0,1,12,5,200,0,0,0,1,200,200,1,25,200,0,35,200
0,200,30,0,0,0,3,7,5,200,0,0,0,0,200,200,200,0,200,0,56,200
0,200,30,2,2,0,1,10,6,1,0,0,0,1,200,200,200,18,200,0,34,200
0,200,30,2,2,0,1,10,6,1,0,0,0,1,200,200,200,18,200,1,38,200
1,200,30,2,2,0,1,10,6,1,0,0,0,1,200,200,200,18,200,0,59,200
0,200,30,0,0,0,1,10,3,4,0,0,0,0,200,200,1,18,200,2,200,200
0,200,30,0,0,0,1,10,3,4,0,0,0,0,200,200,1,18,200,1,200,200
0,200,30,0,0,0,1,10,3,4,0,0,0,0,200,200,1,18,200,1,30,200
0,200,30,0,0,0,4,10,5,200,0,0,0,0,200,200,1,200,200,2,200,200
0,200,30,0,0,0,4,10,5,200,0,0,0,0,200,200,1,200,200,0,19,200
0,200,30,0,0,0,4,2,5,2,0,2,4,0,200,200,200,28,0,1,65,200
0,200,30,0,0,200,1,14,5,200,0,200,0,0,200,200,200,17,200,1,200,200
0,200,30,0,0,200,1,14,5,200,0,200,0,0,200,200,200,17,200,0,58,200
0,200,10,0,0,0,3,9,0,200,0,0,0,1,200,200,1,25,200,2,200,200
5,200,10,0,0,0,3,9,0,200,0,0,0,1,200,200,1,25,200,0,19,200
0,200,30,0,0,0,1,7,2,200,0,0,0,0,200,200,1,0,0,2,200,200
0,200,30,1,2,0,3,10,5,4,0,0,0,0,1,200,200,18,0,0,24,200
0,200,30,1,2,0,3,10,5,4,0,0,0,0,1,200,200,18,0,0,54,200
0,200,30,0,0,0,1,7,5,200,0,0,0,0,200,200,1,200,200,2,200,200
0,200,30,2,2,0,1,8,5,2,0,200,200,1,1,200,200,17,0,0,51,200
4,200,30,2,2,0,1,8,5,2,0,200,200,1,1,200,200,17,0,1,27,200
0,200,30,0,0,0,3,11,5,2,0,0,0,0,200,200,1,17,200,1,200,200
0,200,30,0,0,0,3,11,5,2,0,0,0,0,200,200,1,17,200,0,200,200
0,200,30,0,0,0,0,12,6,200,0,0,0,0,200,200,200,0,200,0,49,200
0,200,30,0,0,0,0,12,6,200,0,0,0,0,200,200,200,0,200,1,25,200
0,200,30,0,0,0,4,14,2,200,0,0,0,0,200,200,200,0,0,0,28,200
0,200,30,0,0,0,4,14,2,200,0,0,0,0,200,200,200,0,0,1,27,200
0,200,30,1,2,0,0,12,5,200,0,0,0,0,200,200,200,11,200,1,200,200
0,200,30,1,2,0,0,12,5,200,0,0,0,0,200,200,200,11,200,0,200,200
0,200,30,0,0,0,1,12,5,2,0,0,0,0,200,200,1,17,200,2,200,200
0,200,30,0,0,0,1,12,5,2,0,0,0,0,200,200,1,17,200,0,21,200
0,200,30,0,0,0,4,0,0,1,0,0,0,0,200,200,1,25,200,0,200,200
0,200,30,0,0,0,4,0,0,1,0,0,0,0,200,200,1,25,200,1,58,200
0,200,30,0,0,0,3,7,6,200,0,0,0,0,200,200,1,0,0,2,200,200
0,200,30,0,0,0,3,14,5,3,0,0,0,1,200,200,200,23,0,1,39,200
0,200,30,0,0,0,3,14,5,3,0,0,0,1,200,200,200,23,0,1,23,200
1,200,30,0,0,0,3,14,5,3,0,0,0,1,200,200,200,23,0,0,4,200
0,200,30,2,2,200,0,14,5,200,0,200,0,0,1,200,200,11,200,1,200,200
0,200,30,2,2,200,0,14,5,200,0,200,0,0,1,200,200,11,200,1,200,200
0,200,25,0,0,0,2,7,5,2,0,0,0,0,200,200,1,0,200,2,200,200
0,200,30,0,0,0,1,7,6,200,0,0,0,0,200,200,200,200,200,0,47,200
0,200,30,1,2,0,3,10,5,4,0,0,0,0,1,200,200,0,200,1,24,200
0,200,30,1,2,0,3,10,5,4,0,0,0,0,1,200,200,0,200,0,28,200
5,200,30,1,2,0,3,10,5,4,0,0,0,0,1,200,200,0,200,0,200,200
0,200,30,2,2,0,3,0,5,200,0,0,0,0,200,200,1,17,11,2,200,200
0,200,30,2,2,0,3,0,5,200,0,0,0,0,200,200,1,17,11,1,57,200
1,200,30,2,2,0,3,0,5,200,0,0,0,0,200,200,1,17,11,0,18,200
0,200,30,1,2,0,3,14,2,200,0,0,0,1,1,200,200,23,200,1,24,200
0,200,30,1,2,0,3,14,2,200,0,0,0,1,1,200,200,23,200,0,33,200
0,200,45,0,0,0,1,12,5,4,0,0,0,0,200,200,200,22,26,0,19,200
0,200,45,0,0,0,1,12,5,4,0,0,0,0,200,200,200,22,26,0,31,200
0,200,30,1,2,0,3,14,2,4,0,0,0,1,1,0,200,17,25,0,54,200
0,200,30,1,2,0,3,14,2,4,0,0,0,1,1,0,200,17,25,0,58,200
0,200,30,1,2,0,3,14,2,4,0,0,0,1,1,0,200,17,25,0,56,200
1,200,30,1,2,0,3,14,2,4,0,0,0,1,1,0,200,17,25,1,47,200
0,200,35,0,0,0,3,10,3,2,0,0,0,0,200,200,0,0,0,0,36,200
0,200,35,0,0,0,3,10,3,2,0,0,0,0,200,200,0,0,0,1,42,200
1,200,35,0,0,0,3,10,3,2,0,0,0,0,200,200,0,0,0,0,200,200
0,200,25,0,0,0,3,12,6,200,0,0,0,0,200,200,200,0,0,0,47,200
0,200,25,0,0,0,3,12,6,200,0,0,0,0,200,200,200,0,0,1,49,200
0,200,30,1,2,0,3,10,6,4,0,0,3,0,200,200,200,17,0,0,67,200
0,200,30,1,2,0,3,10,6,4,0,0,3,0,200,200,200,17,0,0,42,200
0,200,30,0,0,0,3,14,2,2,0,0,0,1,1,200,1,17,200,0,200,200
0,200,30,0,0,0,3,14,2,2,0,0,0,1,1,200,1,17,200,0,23,200
1,200,30,0,0,0,3,14,2,2,0,0,0,1,1,200,1,17,200,0,21,200
0,200,30,200,200,0,4,10,5,200,0,0,200,0,200,200,200,0,200,1,38,200
1,200,30,200,200,0,4,10,5,200,0,0,200,0,200,200,200,0,200,0,200,200
0,200,30,1,2,0,3,14,5,200,0,0,0,0,1,200,200,17,0,1,200,200
0,200,30,1,2,0,3,14,5,200,0,0,0,0,1,200,200,17,0,0,51,200
0,200,30,1,2,0,3,10,5,4,0,0,0,0,200,200,1,18,11,0,200,200
0,200,30,1,2,0,3,10,5,4,0,0,0,0,200,200,1,18,11,0,37,200
0,200,25,0,0,0,3,7,6,1,0,0,0,1,200,200,1,0,0,0,200,200
1,200,25,0,0,0,3,7,6,1,0,0,0,1,200,200,1,0,0,200,200,200
0,200,30,0,0,0,3,7,6,1,0,0,0,0,200,200,1,20,0,0,200,200
1,200,30,0,0,0,3,7,6,1,0,0,0,0,200,200,1,20,0,1,26,200
0,200,25,0,0,0,3,7,6,1,0,0,0,1,200,200,1,0,0,0,200,200
1,200,25,0,0,0,3,7,6,1,0,0,0,1,200,200,1,0,0,200,200,200
0,200,0,0,0,0,3,2,7,1,0,0,0,0,200,1,200,11,200,1,17,200
0,200,35,1,2,0,3,14,1,3,0,0,0,0,1,200,200,32,200,0,44,200
0,200,35,1,2,0,3,14,1,3,0,0,0,0,1,200,200,32,200,0,26,200
0,200,30,2,2,0,0,10,5,200,0,0,200,1,200,200,200,0,200,1,22,200
0,200,30,2,2,0,0,10,5,200,0,0,200,1,200,200,200,0,200,1,44,200
1,200,30,2,2,0,0,10,5,200,0,0,200,1,200,200,200,0,200,1,21,200
0,200,30,0,0,0,3,10,6,3,0,0,0,1,1,200,200,10,200,1,19,200
0,200,30,0,0,0,3,10,6,3,0,0,0,1,1,200,200,10,200,0,42,200
1,200,30,0,0,0,3,10,6,3,0,0,0,1,1,200,200,10,200,200,24,200
1,200,30,0,0,0,3,10,6,3,0,0,0,1,1,200,200,10,200,0,20,200
1,200,30,0,0,0,3,10,6,3,0,0,0,1,1,200,200,10,200,200,1,200
1,200,30,0,0,0,3,10,6,3,0,0,0,1,1,200,200,10,200,1,28,200
0,200,30,1,2,0,3,8,6,1,0,0,0,0,1,200,200,17,0,0,41,200
4,200,30,1,2,0,3,8,6,1,0,0,0,0,1,200,200,17,0,0,46,200
0,200,30,1,2,0,3,14,5,2,0,0,0,1,1,200,1,32,0,1,21,200
0,200,30,1,2,0,3,14,5,2,0,0,0,1,1,200,1,32,0,0,41,200
0,200,20,200,0,0,0,11,5,2,0,0,200,1,1,200,200,32,11,0,57,200
0,200,20,200,0,0,0,11,5,2,0,0,200,1,1,200,200,32,11,0,42,200
0,200,5,0,0,0,3,7,7,200,0,0,0,0,200,200,1,16,0,2,200,200
0,200,30,1,2,0,3,0,12,200,0,0,200,0,1,200,200,6,200,1,24,200
0,200,30,1,2,0,3,0,12,200,0,0,200,0,1,200,200,6,200,0,31,200
1,200,30,1,2,0,3,0,12,200,0,0,200,0,1,200,200,6,200,1,19,200
0,200,35,200,2,0,0,7,12,200,0,12,0,0,200,200,200,0,0,2,200,200
0,200,30,0,0,0,3,7,5,2,0,0,0,1,200,200,200,0,0,0,53,200
1,200,30,0,0,0,3,7,5,2,0,0,0,1,200,200,200,0,0,0,200,200
0,200,20,0,0,0,3,7,5,200,0,0,0,0,200,200,1,0,0,0,200,200
0,200,10,0,0,0,3,10,5,200,0,2,3,0,200,200,1,25,200,2,200,200
0,200,10,0,0,0,3,10,5,200,0,2,3,0,200,200,1,25,200,0,50,200
0,200,30,3,12,0,3,2,2,2,0,0,0,1,1,200,200,23,0,1,21,200
1,200,30,3,12,0,3,2,2,2,0,0,0,1,1,200,200,23,0,1,25,200
0,200,30,1,2,0,3,7,5,2,0,0,0,1,200,200,200,14,6,0,19,200
1,200,30,1,2,0,3,7,5,2,0,0,0,1,200,200,200,14,6,0,20,200
1,200,30,1,2,0,3,7,5,2,0,0,0,1,200,200,200,14,6,0,26,200
0,200,30,0,0,0,0,7,12,200,0,0,0,0,200,200,1,0,200,0,200,200
0,200,30,0,0,0,3,2,5,4,0,0,0,1,200,200,200,14,16,0,23,200
0,200,30,1,2,0,3,2,5,2,0,0,0,1,1,200,200,0,200,0,31,200
0,200,30,1,2,0,2,10,2,2,0,0,0,1,200,200,200,18,200,0,51,200
0,200,30,1,2,0,2,10,2,2,0,0,0,1,200,200,200,18,200,1,58,200
0,200,30,0,0,0,2,10,5,4,0,1,0,0,200,200,200,18,200,0,28,200
0,200,30,0,0,0,2,10,5,4,0,1,0,0,200,200,200,18,200,0,43,200
0,200,30,2,2,0,1,0,12,0,0,0,0,1,1,200,200,200,200,1,27,200
0,200,30,2,2,0,1,0,12,0,0,0,0,1,1,200,200,200,200,0,49,200
1,200,30,2,2,0,1,0,12,0,0,0,0,1,1,200,200,200,200,1,52,200
0,200,30,0,0,0,1,7,7,200,0,0,0,0,200,200,1,20,200,0,200,200
0,200,15,0,0,0,2,7,2,200,0,0,0,0,200,200,200,200,200,0,68,200
0,200,30,2,2,0,3,0,2,0,0,0,0,0,1,200,0,22,16,0,55,200
0,200,30,2,2,0,3,0,2,0,0,0,0,0,1,200,0,22,16,0,52,200
0,200,30,0,0,0,1,12,6,3,0,0,0,0,200,200,200,17,17,1,24,200
0,200,30,0,0,0,1,12,6,3,0,0,0,0,200,200,200,17,17,0,34,200
0,200,30,0,0,0,2,2,12,0,2,12,0,0,200,1,200,19,32,0,40,200
0,200,30,0,0,0,1,9,2,200,0,0,0,1,200,200,200,33,11,1,45,200
5,200,30,0,0,0,1,9,2,200,0,0,0,1,200,200,200,33,11,0,28,200
0,200,30,1,2,0,1,10,2,200,0,0,0,1,200,200,200,18,33,0,39,200
0,200,30,1,2,0,1,10,2,200,0,0,0,1,200,200,200,18,33,0,45,200
0,200,25,0,0,0,1,0,6,1,0,0,0,0,1,200,200,11,200,0,41,200
0,200,25,0,0,0,1,0,6,1,0,0,0,0,1,200,200,11,200,0,27,200
0,200,30,0,0,200,200,7,2,4,0,200,0,1,200,200,1,0,0,2,200,200
0,200,30,1,2,0,1,10,12,200,0,0,0,0,1,200,200,200,200,2,200,200
0,200,30,1,2,0,1,10,12,200,0,0,0,0,1,200,200,200,200,0,49,200
0,200,30,1,2,0,1,10,2,2,0,0,0,1,200,200,200,33,200,1,33,200
0,200,30,1,2,0,1,10,2,2,0,0,0,1,200,200,200,33,200,0,24,200
0,200,30,1,2,0,1,10,2,2,0,0,0,1,200,200,200,33,200,1,32,200
0,200,30,0,0,0,1,10,5,4,0,0,0,1,200,200,200,18,0,0,44,200
0,200,30,0,0,0,1,10,5,4,0,0,0,1,200,200,200,18,0,1,43,200
0,200,30,1,2,0,1,2,6,200,0,0,0,0,200,200,200,21,21,0,200,200
0,200,30,1,2,0,1,2,6,200,0,0,0,0,200,200,200,21,21,1,56,200
0,200,30,1,2,0,1,9,5,2,0,0,0,1,1,200,200,0,0,1,19,200
5,200,30,1,2,0,1,9,5,2,0,0,0,1,1,200,200,0,0,1,53,200
0,200,0,2,2,0,1,0,12,200,0,0,0,0,1,200,200,0,200,1,48,200
0,200,0,2,2,0,1,0,12,200,0,0,0,0,1,200,200,0,200,0,24,200
1,200,0,2,2,0,1,0,12,200,0,0,0,0,1,200,200,0,200,2,200,200
0,200,30,2,2,0,1,0,5,2,0,0,0,1,1,200,200,33,11,1,71,200
0,200,30,2,2,0,1,0,5,2,0,0,0,1,1,200,200,33,11,1,66,200
0,200,25,0,0,0,1,7,5,2,0,0,0,1,200,200,200,33,7,0,31,200
1,200,25,0,0,0,1,7,5,2,0,0,0,1,200,200,200,33,7,1,43,200
0,200,30,1,2,0,1,14,3,200,0,0,0,1,200,200,200,0,0,1,48,200
0,200,30,1,2,0,1,14,3,200,0,0,0,1,200,200,200,0,0,0,79,200
0,200,30,1,2,0,1,12,3,200,0,0,0,0,1,200,200,200,200,1,21,200
0,200,30,1,2,0,1,12,3,200,0,0,0,0,1,200,200,200,200,1,63,200
1,200,30,1,2,0,1,12,3,200,0,0,0,0,1,200,200,200,200,1,20,200
0,200,30,1,2,0,1,8,5,200,0,0,0,0,200,200,200,31,0,0,34,200
4,200,30,1,2,0,1,8,5,200,0,0,0,0,200,200,200,31,0,0,41,200
0,200,30,0,0,0,1,14,2,200,0,0,0,1,200,200,200,17,200,0,62,200
0,200,30,0,0,0,1,14,2,200,0,0,0,1,200,200,200,17,200,1,44,200
1,200,30,0,0,0,1,14,2,200,0,0,0,1,200,200,200,17,200,1,10,200
0,1,30,0,0,200,200,7,6,200,0,200,0,0,200,200,1,0,200,2,200,200
0,200,30,0,0,200,1,7,6,1,0,200,200,0,200,200,1,0,200,2,200,200
0,200,25,1,2,0,1,10,5,2,0,0,0,0,1,200,200,33,33,0,57,200
0,200,25,1,2,0,1,10,5,2,0,0,0,0,1,200,200,33,33,1,49,200
0,200,30,0,0,0,1,10,5,2,0,0,1,0,200,200,200,33,28,0,29,200
0,200,30,0,0,0,1,10,5,2,0,0,1,0,200,200,200,33,28,1,29,200
0,200,30,0,0,0,1,7,5,2,0,0,0,0,200,200,1,22,0,2,200,200
0,200,15,0,0,0,1,3,0,1,0,0,0,0,200,200,1,20,0,2,200,200
0,200,15,0,0,0,1,3,0,1,0,0,0,0,200,200,1,20,0,1,38,200
0,200,15,0,0,0,1,7,12,200,0,0,0,0,200,1,1,0,0,2,200,200
0,200,30,0,0,0,1,10,2,2,0,0,0,0,200,200,200,0,0,1,29,200
0,200,30,0,0,0,1,10,2,2,0,0,0,0,200,200,200,0,0,0,60,200
0,200,30,1,2,0,1,9,5,4,0,0,0,1,1,200,200,0,0,1,48,200
5,200,30,1,2,0,1,9,5,4,0,0,0,1,1,200,200,0,0,1,58,200
0,200,30,2,0,0,1,0,12,200,0,0,0,1,0,200,200,33,200,0,32,200
0,200,30,2,0,0,1,0,12,200,0,0,0,1,0,200,200,33,200,1,37,200
0,200,20,2,12,0,1,14,2,2,0,0,0,0,1,200,200,200,200,1,28,200
0,200,20,2,12,0,1,14,2,2,0,0,0,0,1,200,200,200,200,0,56,200
1,200,20,2,12,0,1,14,2,2,0,0,0,0,1,200,200,200,200,1,200,200
1,200,20,2,12,0,1,14,2,2,0,0,0,0,1,200,200,200,200,1,200,200
1,200,20,2,12,0,1,14,2,2,0,0,0,0,1,200,200,200,200,200,21,200
1,200,20,2,12,0,1,14,2,2,0,0,0,0,1,200,200,200,200,200,200,200
0,200,0,0,0,0,1,7,6,1,0,0,0,0,200,200,200,0,200,0,40,200
0,200,30,0,0,0,1,12,3,200,2,0,0,1,200,200,200,33,200,0,40,200
0,200,30,0,0,0,1,12,3,200,2,0,0,1,200,200,200,33,200,0,64,200
0,200,30,1,2,0,1,12,3,2,0,0,0,0,1,200,200,21,200,1,37,200
0,200,30,1,2,0,1,12,3,2,0,0,0,0,1,200,200,21,200,1,62,200
0,200,30,1,2,0,1,14,5,2,0,0,0,1,1,200,200,17,11,0,43,200
0,200,30,1,2,0,1,14,5,2,0,0,0,1,1,200,200,17,11,0,49,200
0,200,25,0,0,0,1,12,5,2,0,0,0,0,200,200,200,22,11,1,26,200
0,200,25,0,0,0,1,12,5,2,0,0,0,0,200,200,200,22,11,1,37,200
1,200,25,0,0,0,1,12,5,2,0,0,0,0,200,200,200,22,11,1,67,200
1,200,25,0,0,0,1,12,5,2,0,0,0,0,200,200,200,22,11,0,1,200