PERSON_TYPE,CRASH_DATE_EST_I,POSTED_SPEED_LIMIT,TRAFFIC_CONTROL_DEVICE,DEVICE_CONDITION,WEATHER_CONDITION,LIGHTING_CONDITION,FIRST_CRASH_TYPE,TRAFFICWAY_TYPE,LANE_CNT,ALIGNMENT,ROADWAY_SURFACE_COND,ROAD_DEFECT,CRASH_TYPE,INTERSECTION_RELATED_I,NOT_RIGHT_OF_WAY_I,HIT_AND_RUN_I,PRIM_CONTRIBUTORY_CAUSE,SEC_CONTRIBUTORY_CAUSE,SEX,AGE,BAC_RESULT VALUE
0,200,30,1,2,0,1,10,2,200,0,0,0,0,200,200,200,0,0,1,41,200
0,200,30,1,2,0,1,10,2,200,0,0,0,0,200,200,200,0,0,0,49,200
0,200,30,1,200,0,3,10,5,200,0,0,0,1,200,200,200,18,200,0,200,200
0,200,30,1,200,0,3,10,5,200,0,0,0,1,200,200,200,18,200,0,37,200
1,200,30,1,200,0,3,10,5,200,0,0,0,1,200,200,200,18,200,1,35,200
0,200,30,1,2,0,0,14,2,200,0,0,0,0,0,200,200,17,200,1,27,200
0,200,30,1,2,0,0,14,2,200,0,0,0,0,0,200,200,17,200,0,85,200
0,200,30,0,0,0,1,12,2,200,0,0,0,0,200,200,200,0,200,1,63,200
0,200,30,0,0,0,1,12,2,200,0,0,0,0,200,200,200,0,200,0,59,200
0,200,30,0,0,0,1,10,5,2,0,0,0,0,200,200,200,18,200,1,25,200
0,200,30,0,0,0,1,10,5,2,0,0,0,0,200,200,200,18,200,1,42,200
0,200,30,2,2,0,1,0,6,1,0,0,0,0,1,200,200,17,200,1,67,200
0,200,30,2,2,0,1,0,6,1,0,0,0,0,1,200,200,17,200,0,44,200
0,200,30,0,0,0,1,12,5,200,0,0,0,0,200,200,200,0,0,1,22,200
0,200,30,0,0,0,1,12,5,200,0,0,0,0,200,200,200,0,0,0,38,200
0,200,30,2,2,0,1,14,2,2,0,0,0,1,1,200,200,18,16,1,41,200
0,200,30,2,2,0,1,14,2,2,0,0,0,1,1,200,200,18,16,1,46,200
1,200,30,2,2,0,1,14,2,2,0,0,0,1,1,200,200,18,16,0,15,200
0,200,30,1,2,0,1,10,5,200,0,0,0,1,200,200,200,0,200,0,31,200
0,200,30,1,2,0,1,10,5,200,0,0,0,1,200,200,200,0,200,1,32,200
1,200,30,1,2,0,1,10,5,200,0,0,0,1,200,200,200,0,200,0,10,200
1,200,30,1,2,0,1,10,5,200,0,0,0,1,200,200,200,0,200,0,0,200
1,200,30,1,2,0,1,10,5,200,0,0,0,1,200,200,200,0,200,0,200,200
0,200,30,0,0,0,1,14,6,200,0,0,0,0,1,200,200,10,200,0,34,200
0,200,30,0,0,0,1,14,6,200,0,0,0,0,1,200,200,10,200,1,50,200
0,200,35,0,0,0,1,7,3,200,0,0,0,0,200,200,1,16,0,2,200,200
1,200,35,0,0,0,1,7,3,200,0,0,0,0,200,200,1,16,0,0,200,200
0,200,30,0,0,0,1,12,5,200,0,0,0,0,200,200,200,0,0,0,67,200
0,200,30,0,0,0,1,12,5,200,0,0,0,0,200,200,200,0,0,1,17,200
0,200,30,0,0,200,200,7,5,2,0,200,0,0,200,200,1,0,200,2,200,200
0,200,30,0,0,0,1,14,2,200,0,0,0,0,1,200,200,23,200,1,64,200
0,200,30,0,0,0,1,14,2,200,0,0,0,0,1,200,200,23,200,0,23,200
1,200,30,0,0,0,1,14,2,200,0,0,0,0,1,200,200,23,200,1,44,200
1,200,30,0,0,0,1,14,2,200,0,0,0,0,1,200,200,23,200,1,200,200
1,200,30,0,0,0,1,14,2,200,0,0,0,0,1,200,200,23,200,0,200,200
1,200,30,0,0,0,1,14,2,200,0,0,0,0,1,200,200,23,200,0,78,200
0,200,30,0,0,0,1,10,2,200,0,0,0,0,200,200,200,0,0,1,19,200
0,200,30,0,0,0,1,10,2,200,0,0,0,0,200,200,200,0,0,0,31,200
1,200,30,0,0,0,1,10,2,200,0,0,0,0,200,200,200,0,0,1,39,200
1,200,30,0,0,0,1,10,2,200,0,0,0,0,200,200,200,0,0,0,10,200
0,200,30,2,2,0,1,0,5,2,0,0,0,1,1,200,200,0,0,0,75,200
0,200,30,2,2,0,1,0,5,2,0,0,0,1,1,200,200,0,0,1,20,200
0,200,35,1,2,0,1,14,5,200,0,0,0,1,1,200,200,17,200,0,55,200
0,200,35,1,2,0,1,14,5,200,0,0,0,1,1,200,200,17,200,0,41,200
0,1,30,0,0,0,1,7,6,2,0,0,0,0,200,200,200,0,0,0,200,200
0,200,30,0,0,0,1,10,2,2,0,0,3,0,200,200,200,0,0,1,47,200
0,200,30,0,0,0,1,10,2,2,0,0,3,0,200,200,200,0,0,1,48,200
0,200,30,0,0,0,1,2,5,200,0,0,0,0,200,200,1,200,200,0,200,200
0,200,15,0,0,200,1,5,7,200,0,200,200,0,200,200,200,0,200,0,50,200
0,200,30,0,0,0,1,12,2,2,0,0,0,0,200,200,1,22,21,1,200,200
0,200,30,0,0,0,1,12,2,2,0,0,0,0,200,200,1,22,21,0,42,200
1,200,30,0,0,0,1,12,2,2,0,0,0,0,200,200,1,22,21,1,39,200
1,200,30,0,0,0,1,12,2,2,0,0,0,0,200,200,1,22,21,1,5,200
0,200,30,0,0,0,1,12,2,200,0,0,0,0,200,200,200,0,0,0,54,200
0,200,30,0,0,0,1,12,2,200,0,0,0,0,200,200,200,0,0,0,20,200
0,200,30,2,2,0,1,0,5,2,0,0,0,0,200,200,200,5,5,1,59,200
0,200,30,2,2,0,1,0,5,2,0,0,0,0,200,200,200,5,5,1,36,200
0,200,30,1,2,0,1,10,5,4,0,0,0,0,200,200,1,0,0,0,200,200
0,200,30,1,2,0,1,10,5,4,0,0,0,0,200,200,1,0,0,0,27,200
1,200,30,1,2,0,1,10,5,4,0,0,0,0,200,200,1,0,0,200,200,200
0,200,30,0,0,0,1,8,2,200,0,0,0,1,200,200,200,18,18,0,200,200
4,200,30,0,0,0,1,8,2,200,0,0,0,1,200,200,200,18,18,1,76,200
0,200,30,2,2,0,1,2,2,200,3,0,0,1,200,200,200,11,200,1,85,200
0,200,30,12,2,0,1,12,2,3,0,0,0,0,0,200,200,22,16,0,34,200
0,200,30,12,2,0,1,12,2,3,0,0,0,0,0,200,200,22,16,0,61,200
1,200,30,12,2,0,1,12,2,3,0,0,0,0,0,200,200,22,16,2,200,200
1,200,30,12,2,0,1,12,2,3,0,0,0,0,0,200,200,22,16,2,200,200
1,200,30,12,2,0,1,12,2,3,0,0,0,0,0,200,200,22,16,2,200,200
1,200,30,12,2,0,1,12,2,3,0,0,0,0,0,200,200,22,16,2,200,200
1,200,30,12,2,0,1,12,2,3,0,0,0,0,0,200,200,22,16,2,200,200
1,200,30,12,2,0,1,12,2,3,0,0,0,0,0,200,200,22,16,2,200,200
1,200,30,12,2,0,1,12,2,3,0,0,0,0,0,200,200,22,16,2,200,200
1,200,30,12,2,0,1,12,2,3,0,0,0,0,0,200,200,22,16,2,200,200
1,200,30,12,2,0,1,12,2,3,0,0,0,0,0,200,200,22,16,2,200,200
1,200,30,12,2,0,1,12,2,3,0,0,0,0,0,200,200,22,16,2,200,200
1,200,30,12,2,0,1,12,2,3,0,0,0,0,0,200,200,22,16,2,200,200
1,200,30,12,2,0,1,12,2,3,0,0,0,0,0,200,200,22,16,2,200,200
1,200,30,12,2,0,1,12,2,3,0,0,0,0,0,200,200,22,16,2,200,200
1,200,30,12,2,0,1,12,2,3,0,0,0,0,0,200,200,22,16,2,200,200
0,200,30,2,2,0,1,14,5,4,0,0,0,0,200,200,200,23,200,1,40,200
0,200,30,2,2,0,1,14,5,4,0,0,0,0,200,200,200,23,200,0,22,200
0,200,30,1,2,0,1,14,2,4,0,0,0,0,200,200,200,21,17,1,71,200
0,200,30,1,2,0,1,14,2,4,0,0,0,0,200,200,200,21,17,1,26,200
0,200,30,0,0,0,1,7,2,2,0,0,0,1,200,200,200,0,0,1,23,200
0,200,30,0,0,0,1,8,2,2,0,0,0,0,200,200,200,11,22,0,48,200
4,200,30,0,0,0,1,8,2,2,0,0,0,0,200,200,200,11,22,0,33,200
0,200,30,0,0,0,1,12,5,200,0,0,0,0,200,200,200,0,0,0,18,200
0,200,30,0,0,0,1,12,5,200,0,0,0,0,200,200,200,0,0,0,26,200
0,200,30,10,0,0,1,2,3,2,0,0,0,1,200,1,200,0,11,0,51,200
0,200,45,0,0,0,1,10,3,4,0,0,0,0,200,200,200,18,18,1,73,200
0,200,45,0,0,0,1,10,3,4,0,0,0,0,200,200,200,18,18,0,38,200
0,200,30,2,0,0,1,14,5,200,0,0,0,0,1,200,200,23,17,0,19,200
0,200,30,2,0,0,1,14,5,200,0,0,0,0,1,200,200,23,17,0,35,200
1,200,30,2,0,0,1,14,5,200,0,0,0,0,1,200,200,23,17,1,200,200
0,200,0,0,0,0,1,7,5,2,0,0,0,0,200,200,200,22,0,1,37,200
0,200,30,0,0,0,1,7,2,2,0,0,0,0,200,200,1,0,200,2,200,200
0,200,30,2,2,0,1,8,5,2,0,0,0,1,200,200,1,0,0,1,200,200
4,200,30,2,2,0,1,8,5,2,0,0,0,1,200,200,1,0,0,0,19,200
0,200,30,0,12,0,1,12,2,200,0,0,0,0,200,200,0,30,200,1,54,200
0,200,30,0,12,0,1,12,2,200,0,0,0,0,200,200,0,30,200,0,55,200
0,200,30,0,0,0,1,10,3,4,0,0,0,0,200,200,200,18,0,0,200,200
0,200,30,0,0,0,1,10,3,4,0,0,0,0,200,200,200,18,0,1,27,200
1,200,30,0,0,0,1,10,3,4,0,0,0,0,200,200,200,18,0,200,4,200
1,200,30,0,0,0,1,10,3,4,0,0,0,0,200,200,200,18,0,200,6,200
0,200,30,1,2,0,1,12,2,200,0,0,0,0,200,200,1,0,200,2,200,200
0,200,30,1,2,0,1,12,2,200,0,0,0,0,200,200,1,0,200,0,46,200
0,1,30,1,200,200,1,10,5,4,3,200,200,0,1,200,200,200,200,0,200,200
0,1,30,1,200,200,1,10,5,4,3,200,200,0,1,200,200,200,200,0,200,200
0,200,30,1,2,0,1,10,2,4,0,0,0,0,200,200,1,0,200,0,200,200
0,200,30,1,2,0,1,10,2,4,0,0,0,0,200,200,1,0,200,0,65,200
0,200,30,0,0,0,1,7,5,2,0,0,0,0,200,200,1,0,0,0,200,200
0,200,30,0,0,0,1,12,5,200,0,0,0,0,200,200,200,21,200,1,200,200
0,200,30,0,0,0,1,12,5,200,0,0,0,0,200,200,200,21,200,1,27,200
0,200,35,1,2,0,1,10,5,4,0,0,0,0,200,200,200,0,200,0,200,200
0,200,35,1,2,0,1,10,5,4,0,0,0,0,200,200,200,0,200,1,200,200
0,200,30,0,0,0,1,12,5,200,0,0,0,0,200,200,200,0,0,0,42,200
0,200,30,0,0,0,1,12,5,200,0,0,0,0,200,200,200,0,0,0,52,200
1,200,30,0,0,0,1,12,5,200,0,0,0,0,200,200,200,0,0,1,200,200
0,200,30,0,0,0,1,5,4,200,0,0,0,0,200,200,200,0,200,0,50,200
0,200,30,1,2,0,1,8,5,2,0,0,0,1,1,200,200,33,0,0,40,200
4,200,30,1,2,0,1,8,5,2,0,0,0,1,1,200,200,33,0,0,200,200
0,200,30,2,2,0,1,0,2,200,0,0,0,0,200,200,200,0,200,1,200,200
0,200,30,2,2,0,1,0,2,200,0,0,0,0,200,200,200,0,200,0,71,200
0,200,30,0,0,0,1,12,3,200,0,0,0,0,200,200,1,22,200,0,200,200
0,200,30,0,0,0,1,12,3,200,0,0,0,0,200,200,1,22,200,1,47,200
0,200,30,1,2,0,1,10,2,2,2,0,0,1,1,200,200,18,7,0,48,200
0,200,30,1,2,0,1,10,2,2,2,0,0,1,1,200,200,18,7,0,54,200
0,200,30,0,0,0,1,4,6,2,0,0,1,0,200,200,200,200,200,1,41,200
0,200,30,200,200,0,1,10,2,5,0,0,0,0,200,200,1,0,200,2,200,200
0,200,30,200,200,0,1,10,2,5,0,0,0,0,200,200,1,0,200,0,46,200
0,200,30,0,0,0,1,14,5,2,0,0,0,0,200,200,200,0,0,0,83,200
0,200,30,0,0,0,1,14,5,2,0,0,0,0,200,200,200,0,0,1,40,200
0,200,35,1,2,0,1,10,3,200,0,0,0,0,1,200,1,0,200,0,200,200
0,200,35,1,2,0,1,10,3,200,0,0,0,0,1,200,1,0,200,0,25,200
0,200,35,0,0,0,1,2,12,1,2,200,200,0,200,1,200,0,0,0,23,200
0,200,35,0,0,0,1,7,2,200,0,0,0,0,200,200,1,21,11,1,200,200
5,200,30,0,0,0,1,9,2,2,0,0,0,1,1,200,200,4,4,0,29,200
0,200,30,0,0,0,1,9,2,2,0,0,0,1,1,200,200,4,4,1,34,200
0,200,30,0,0,0,1,10,5,200,0,0,0,0,200,200,200,18,200,0,69,200
0,200,30,0,0,0,1,10,5,200,0,0,0,0,200,200,200,18,200,1,24,200
1,200,30,0,0,0,1,10,5,200,0,0,0,0,200,200,200,18,200,1,3,200
0,200,30,2,2,0,1,9,5,200,0,0,0,0,200,200,200,0,0,1,20,200
5,200,30,2,2,0,1,9,5,200,0,0,0,0,200,200,200,0,0,0,200,200
1,200,30,2,2,0,1,9,5,200,0,0,0,0,200,200,200,0,0,0,21,200
0,200,30,0,0,0,1,12,5,2,0,0,0,0,200,200,200,22,200,0,55,200
0,200,30,0,0,0,1,12,5,2,0,0,0,0,200,200,200,22,200,0,47,200
1,200,30,0,0,0,1,14,2,2,3,0,0,0,200,200,200,17,0,0,200,200
0,200,30,0,0,0,1,14,2,2,3,0,0,0,200,200,200,17,0,0,200,200
0,200,30,0,0,0,1,14,2,2,3,0,0,0,200,200,200,17,0,1,19,200
1,200,30,0,0,0,1,14,2,2,3,0,0,0,200,200,200,17,0,1,200,200
1,200,30,0,0,0,1,14,2,2,3,0,0,0,200,200,200,17,0,1,200,200
1,200,30,0,0,0,1,14,2,2,3,0,0,0,200,200,200,17,0,0,200,200
1,200,30,0,0,0,1,14,2,2,3,0,0,0,200,200,200,17,0,0,200,200
0,200,15,0,0,0,1,7,7,200,0,0,0,0,200,1,1,11,16,0,200,200
0,1,30,2,200,200,200,14,5,200,0,200,200,0,1,200,200,200,200,1,200,200
0,1,30,2,200,200,200,14,5,200,0,200,200,0,1,200,200,200,200,0,200,200
0,200,25,2,2,200,1,2,5,200,2,12,12,0,200,200,200,28,200,1,39,200
0,200,30,0,0,0,1,12,6,2,0,0,200,0,200,200,200,0,0,0,200,200
0,200,30,0,0,0,1,12,6,2,0,0,200,0,200,200,200,0,0,1,39,200
0,200,30,0,0,0,1,12,5,2,0,0,0,1,200,200,1,22,0,0,200,200
0,200,30,0,0,0,1,12,5,2,0,0,0,1,200,200,1,22,0,0,31,200
0,200,0,0,0,0,1,7,5,2,0,0,0,1,200,200,1,27,0,1,200,200
0,200,25,1,2,0,4,10,6,200,0,0,0,0,200,200,200,0,200,0,200,200
0,200,25,1,2,0,4,10,6,200,0,0,0,0,200,200,200,0,200,1,61,200
0,200,30,1,2,0,1,10,5,200,0,0,0,1,0,200,200,18,18,1,33,200
0,200,30,1,2,0,1,10,5,200,0,0,0,1,0,200,200,18,18,1,30,200
0,200,25,0,0,0,1,10,6,200,0,0,0,0,200,200,200,0,0,0,32,200
0,200,25,0,0,0,1,10,6,200,0,0,0,0,200,200,200,0,0,1,41,200
0,200,20,0,0,0,1,11,5,2,0,0,0,0,200,200,200,0,200,0,200,200
0,200,20,0,0,0,1,11,5,2,0,0,0,0,200,200,200,0,200,0,200,200
0,1,25,0,0,0,1,10,2,200,0,0,1,0,200,200,200,200,200,1,200,200
0,1,25,0,0,0,1,10,2,200,0,0,1,0,200,200,200,200,200,0,64,200
0,200,30,1,0,0,1,10,5,200,0,0,0,0,200,200,200,0,0,0,200,200
0,200,30,1,0,0,1,10,5,200,0,0,0,0,200,200,200,0,0,1,49,200
1,200,30,1,0,0,1,10,5,200,0,0,0,0,200,200,200,0,0,0,200,200
0,200,30,2,2,0,1,0,2,200,0,0,0,1,1,200,0,17,200,0,23,200
0,200,30,2,2,0,1,0,2,200,0,0,0,1,1,200,0,17,200,0,35,200
0,200,30,1,2,0,1,10,2,5,0,0,0,0,1,200,200,11,0,1,42,200
0,200,30,1,2,0,1,10,2,5,0,0,0,0,1,200,200,11,0,1,42,200
0,200,30,2,2,0,1,0,5,2,0,0,0,0,200,200,200,20,200,0,39,200
0,200,30,2,2,0,1,0,5,2,0,0,0,0,200,200,200,20,200,0,47,200
1,200,30,2,2,0,1,0,5,2,0,0,0,0,200,200,200,20,200,0,28,200
1,200,30,2,2,0,1,0,5,2,0,0,0,0,200,200,200,20,200,1,200,200
1,200,30,2,2,0,1,0,5,2,0,0,0,0,200,200,200,20,200,1,32,200
0,200,30,0,0,0,3,12,5,200,0,0,0,0,200,200,200,0,0,1,200,200
0,200,30,0,0,0,3,12,5,200,0,0,0,0,200,200,200,0,0,0,73,200
0,200,30,2,2,0,1,0,5,2,0,0,0,0,1,200,1,17,200,0,200,200
0,200,30,2,2,0,1,0,5,2,0,0,0,0,1,200,1,17,200,0,24,200
1,200,30,2,2,0,1,0,5,2,0,0,0,0,1,200,1,17,200,1,57,200
1,200,30,2,2,0,1,0,5,2,0,0,0,0,1,200,1,17,200,0,32,200
0,200,20,0,0,0,1,0,6,1,0,0,0,0,1,200,200,17,200,1,25,200
0,200,20,0,0,0,1,0,6,1,0,0,0,0,1,200,200,17,200,0,49,200
1,200,20,0,0,0,1,0,6,1,0,0,0,0,1,200,200,17,200,1,41,200
0,200,15,0,0,0,1,14,7,200,0,0,0,0,200,200,200,10,200,0,35,200
0,200,15,0,0,0,1,14,7,200,0,0,0,0,200,200,200,10,200,0,60,200
0,200,25,0,0,0,1,2,5,1,0,0,0,1,200,1,0,14,200,0,200,200
1,200,25,0,0,0,1,2,5,1,0,0,0,1,200,1,0,14,200,0,200,200
1,200,15,0,0,0,1,10,7,200,0,0,0,0,200,200,200,0,0,1,200,200
0,200,15,0,0,0,1,10,7,200,0,0,0,0,200,200,200,0,0,0,50,200
0,200,15,0,0,0,1,10,7,200,0,0,0,0,200,200,200,0,0,1,38,200
1,200,15,0,0,0,1,10,7,200,0,0,0,0,200,200,200,0,0,1,200,200
0,200,10,0,0,0,1,14,7,1,0,0,0,0,200,200,200,23,200,1,33,200
0,200,10,0,0,0,1,14,7,1,0,0,0,0,200,200,200,23,200,0,30,200
0,200,30,0,0,0,3,10,3,3,0,0,0,0,200,200,200,0,0,0,52,200
0,200,30,0,0,0,3,10,3,3,0,0,0,0,200,200,200,0,0,0,46,200
0,200,15,0,200,0,1,7,7,200,0,0,0,0,200,1,200,0,200,1,78,200
0,200,30,1,2,0,1,10,2,200,0,0,0,0,1,200,200,18,200,1,50,200
0,200,30,1,2,0,1,10,2,200,0,0,0,0,1,200,200,18,200,0,46,200
1,200,30,1,2,0,1,10,2,200,0,0,0,0,1,200,200,18,200,0,200,200
0,200,30,1,2,0,1,0,6,3,0,0,0,0,200,200,200,6,200,0,84,200
0,200,30,1,2,0,1,0,6,3,0,0,0,0,200,200,200,6,200,0,51,200
0,200,20,2,2,0,1,0,2,200,0,0,0,0,200,200,1,5,0,0,200,200
0,200,20,2,2,0,1,0,2,200,0,0,0,0,200,200,1,5,0,0,28,200
0,200,30,1,200,0,1,2,5,200,0,0,0,0,200,200,200,0,200,0,37,200
0,1,2,0,0,0,1,7,5,2,0,0,0,0,200,200,1,0,0,2,200,200
0,200,30,1,2,0,1,14,5,4,0,0,0,1,1,200,200,17,23,0,62,200
0,200,30,1,2,0,1,14,5,4,0,0,0,1,1,200,200,17,23,0,66,200
0,200,30,0,0,0,1,8,2,4,0,0,0,1,200,200,200,17,16,0,33,200
4,200,30,0,0,0,1,8,2,4,0,0,0,1,200,200,200,17,16,0,38,200
0,1,15,0,0,0,1,7,7,200,0,0,0,0,200,200,1,0,0,2,200,200
0,200,25,9,2,0,1,2,5,200,0,0,0,0,200,200,200,3,200,1,60,200
0,200,30,0,0,0,1,10,2,200,0,0,0,0,200,200,200,0,200,0,23,200
0,200,30,0,0,0,1,10,2,200,0,0,0,0,200,200,200,0,200,0,46,200
0,200,15,0,0,0,1,12,6,1,0,0,0,0,200,200,200,0,200,0,200,200
0,200,15,0,0,0,1,12,6,1,0,0,0,0,200,200,200,0,200,0,79,200
0,200,30,0,0,0,1,7,3,200,0,0,0,0,200,200,1,25,200,2,200,200
4,200,30,0,0,0,1,8,6,2,0,0,0,1,200,200,200,22,200,1,52,200
0,200,30,0,0,0,1,8,6,2,0,0,0,1,200,200,200,22,200,1,59,200
0,200,30,0,0,0,0,10,6,200,0,0,0,0,200,200,200,20,0,0,24,200
0,200,30,0,0,0,0,10,6,200,0,0,0,0,200,200,200,20,0,1,17,200
0,200,30,200,200,200,200,10,200,200,0,200,200,0,200,200,200,18,200,1,39,200
0,200,30,200,200,200,200,10,200,200,0,200,200,0,200,200,200,18,200,1,29,200
0,200,45,0,0,0,1,10,3,200,0,0,0,1,200,200,200,18,200,0,20,200
0,200,45,0,0,0,1,10,3,200,0,0,0,1,200,200,200,18,200,0,28,200
1,200,45,0,0,0,1,10,3,200,0,0,0,1,200,200,200,18,200,1,28,200
1,200,45,0,0,0,1,10,3,200,0,0,0,1,200,200,200,18,200,0,7,200
1,200,45,0,0,0,1,10,3,200,0,0,0,1,200,200,200,18,200,1,5,200
0,200,25,0,0,0,1,2,5,200,0,0,0,0,200,200,200,0,200,0,200,200
0,200,35,1,2,0,1,10,3,6,0,0,0,0,200,200,200,18,0,0,35,200
0,200,35,1,2,0,1,10,3,6,0,0,0,0,200,200,200,18,0,0,35,200
0,200,30,2,2,0,1,10,2,200,0,0,0,1,200,200,200,18,200,1,64,200
0,200,30,2,2,0,1,10,2,200,0,0,0,1,200,200,200,18,200,1,44,200
0,200,30,2,2,0,1,10,2,200,0,0,0,1,200,200,200,18,200,1,52,200
1,200,30,2,2,0,1,10,2,200,0,0,0,1,200,200,200,18,200,1,200,200
0,200,25,0,0,0,1,7,6,1,0,0,0,0,200,200,200,11,200,0,32,200
0,200,30,1,2,0,1,12,5,4,0,0,0,1,1,200,200,21,200,0,87,200
0,200,30,1,2,0,1,12,5,4,0,0,0,1,1,200,200,21,200,0,50,200
0,200,30,0,0,0,1,0,5,1,0,0,0,0,200,200,200,0,0,0,46,200
0,200,30,0,0,0,1,0,5,1,0,0,0,0,200,200,200,0,0,0,38,200
0,200,30,0,0,0,1,2,5,2,0,0,0,1,200,1,200,8,8,1,64,200
0,200,30,0,12,0,1,7,5,200,0,0,0,0,200,200,200,0,0,0,53,200
0,200,30,1,2,0,1,10,5,2,0,0,0,0,1,200,200,18,16,0,200,200
0,200,30,1,2,0,1,10,5,2,0,0,0,0,1,200,200,18,16,1,200,200
0,200,30,1,2,0,1,10,6,2,0,0,0,0,1,200,200,18,200,0,31,200
0,200,30,1,2,0,1,10,6,2,0,0,0,0,1,200,200,18,200,0,48,200
0,200,5,0,0,0,1,7,7,0,0,0,0,0,200,1,1,0,200,2,200,200
0,200,30,0,0,0,1,12,5,200,0,0,0,0,200,200,200,0,0,0,36,200
0,200,30,0,0,0,1,12,5,200,0,0,0,0,200,200,200,0,0,0,200,200
0,200,25,2,2,0,1,10,6,200,0,0,0,0,200,200,200,18,200,0,200,200
0,200,25,2,2,0,1,10,6,200,0,0,0,0,200,200,200,18,200,0,34,200
1,200,25,2,2,0,1,10,6,200,0,0,0,0,200,200,200,18,200,1,41,200
0,200,30,0,0,0,1,7,2,2,0,0,0,0,200,200,200,0,200,0,52,200
0,200,35,1,2,0,1,10,5,200,0,0,0,0,200,200,200,18,0,0,25,200
0,200,35,1,2,0,1,10,5,200,0,0,0,0,200,200,200,18,0,1,44,200
0,200,30,1,2,0,1,12,5,4,0,0,0,0,200,200,200,22,17,1,35,200
0,200,30,1,2,0,1,12,5,4,0,0,0,0,200,200,200,22,17,0,19,200
0,200,35,0,0,0,1,10,5,4,0,0,0,0,200,200,200,18,0,0,20,200
0,200,35,0,0,0,1,10,5,4,0,0,0,0,200,200,200,18,0,1,48,200
0,200,25,0,0,0,1,14,5,2,0,0,0,1,200,200,200,17,200,1,30,200
0,200,25,0,0,0,1,14,5,2,0,0,0,1,200,200,200,17,200,0,45,200
0,200,0,0,0,0,1,10,200,200,0,200,200,0,200,200,200,0,200,1,24,200
0,200,0,0,0,0,1,10,200,200,0,200,200,0,200,200,200,0,200,1,39,200
0,200,30,1,2,0,1,12,5,4,0,0,0,0,1,200,1,0,0,0,200,200
0,200,30,1,2,0,1,12,5,4,0,0,0,0,1,200,1,0,0,0,21,200
0,200,30,0,0,0,1,12,2,4,0,0,200,0,200,200,200,21,0,0,39,200
0,200,30,0,0,0,1,12,2,4,0,0,200,0,200,200,200,21,0,0,24,200
1,200,30,0,0,0,1,12,2,4,0,0,200,0,200,200,200,21,0,1,76,200
0,200,30,0,0,0,1,7,7,200,0,0,0,0,200,1,200,0,0,2,200,200
0,200,30,0,0,0,1,10,2,2,0,0,0,1,200,200,200,0,200,1,47,200
0,200,30,0,0,0,1,10,2,2,0,0,0,1,200,200,200,0,200,0,55,200
1,200,30,0,0,0,1,10,2,2,0,0,0,1,200,200,200,0,200,1,54,200
0,200,30,0,0,0,1,14,6,4,0,0,200,0,200,200,200,0,0,0,60,200
0,200,30,0,0,0,1,14,6,4,0,0,200,0,200,200,200,0,0,1,83,200
0,200,30,1,2,0,1,10,3,4,0,0,0,1,1,200,200,0,200,1,41,200
0,200,30,1,2,0,1,10,3,4,0,0,0,1,1,200,200,0,200,1,27,200
0,200,30,1,2,0,1,14,3,6,0,0,0,0,1,200,200,23,11,1,57,200
0,200,30,1,2,0,1,14,3,6,0,0,0,0,1,200,200,23,11,1,51,200
0,200,30,0,0,0,1,7,5,4,0,0,0,1,200,200,200,12,0,1,50,200
0,200,30,1,2,0,1,10,2,2,0,0,0,0,1,200,200,18,21,1,28,200
0,200,30,1,2,0,1,10,2,2,0,0,0,0,1,200,200,18,21,0,42,200
0,200,35,1,2,0,1,14,3,200,0,0,0,0,200,200,200,23,200,0,22,200
0,200,35,1,2,0,1,14,3,200,0,0,0,0,200,200,200,23,200,0,27,200
1,200,35,1,2,0,1,14,3,200,0,0,0,0,200,200,200,23,200,1,26,200
1,200,35,1,2,0,1,14,3,200,0,0,0,0,200,200,200,23,200,0,30,200
0,200,30,0,0,0,1,0,5,2,0,0,0,1,200,200,200,17,200,1,27,200
0,200,30,0,0,0,1,0,5,2,0,0,0,1,200,200,200,17,200,0,61,200
1,200,30,0,0,0,1,0,5,2,0,0,0,1,200,200,200,17,200,0,27,200
1,200,30,0,0,0,1,0,5,2,0,0,0,1,200,200,200,17,200,1,0,200
1,200,30,0,0,0,1,0,5,2,0,0,0,1,200,200,200,17,200,0,28,200
0,200,15,0,0,0,1,7,6,1,0,0,0,0,200,200,1,0,0,2,200,200
0,200,20,0,0,0,1,14,7,200,0,0,0,0,200,200,200,23,200,0,46,200
0,200,20,0,0,0,1,14,7,200,0,0,0,0,200,200,200,23,200,0,21,200
0,200,25,0,0,0,1,7,5,200,0,0,0,0,200,200,1,0,0,2,200,200
0,200,35,0,0,0,1,3,5,2,0,0,0,0,200,200,200,0,0,0,200,200
0,200,35,0,0,0,1,3,5,2,0,0,0,0,200,200,200,0,0,1,81,200
0,200,30,0,0,0,1,10,5,2,0,0,0,0,200,200,1,15,18,0,200,200
0,200,30,0,0,0,1,10,5,2,0,0,0,0,200,200,1,15,18,1,50,200
1,200,30,0,0,0,1,10,5,2,0,0,0,0,200,200,1,15,18,0,200,200
1,200,30,0,0,0,1,10,5,2,0,0,0,0,200,200,1,15,18,1,200,200