PERSON_TYPE,CRASH_DATE_EST_I,POSTED_SPEED_LIMIT,TRAFFIC_CONTROL_DEVICE,DEVICE_CONDITION,WEATHER_CONDITION,LIGHTING_CONDITION,FIRST_CRASH_TYPE,TRAFFICWAY_TYPE,LANE_CNT,ALIGNMENT,ROADWAY_SURFACE_COND,ROAD_DEFECT,CRASH_TYPE,INTERSECTION_RELATED_I,NOT_RIGHT_OF_WAY_I,HIT_AND_RUN_I,PRIM_CONTRIBUTORY_CAUSE,SEC_CONTRIBUTORY_CAUSE,SEX,AGE,BAC_RESULT VALUE
1,200,30,0,0,0,1,10,5,2,0,0,0,0,200,200,1,15,18,1,23,200
0,200,35,1,2,0,1,10,5,200,0,0,0,0,200,200,200,16,200,1,24,200
0,200,35,1,2,0,1,10,5,200,0,0,0,0,200,200,200,16,200,1,39,200
0,200,30,2,2,0,1,12,5,4,3,0,0,1,200,200,1,0,0,2,200,200
0,200,30,2,2,0,1,12,5,4,3,0,0,1,200,200,1,0,0,1,25,200
1,200,30,2,2,0,1,12,5,4,3,0,0,1,200,200,1,0,0,1,25,200
1,200,30,2,2,0,1,12,5,4,3,0,0,1,200,200,1,0,0,1,17,200
0,200,30,0,0,0,1,7,6,200,0,0,0,0,200,200,200,11,200,0,26,200
1,200,30,0,0,0,1,7,6,200,0,0,0,0,200,200,200,11,200,0,200,200
0,200,25,0,0,0,1,10,2,4,1,0,0,0,200,200,200,18,0,0,200,200
0,200,25,0,0,0,1,10,2,4,1,0,0,0,200,200,200,18,0,1,200,200
0,200,25,0,0,0,1,7,5,2,0,0,0,0,200,200,200,11,0,1,17,200
0,200,0,0,0,0,1,12,200,200,0,200,200,0,200,200,200,0,200,0,36,200
0,200,0,0,0,0,1,12,200,200,0,200,200,0,200,200,200,0,200,0,45,200
0,200,30,0,0,0,1,7,5,200,0,0,0,0,200,200,1,200,200,0,200,200
0,200,0,1,2,0,3,0,12,0,0,0,0,0,1,200,1,6,0,1,56,200
0,200,0,1,2,0,3,0,12,0,0,0,0,0,1,200,1,6,0,1,200,200
0,200,35,0,0,0,1,10,5,2,0,0,0,0,200,200,1,0,0,0,200,200
0,200,35,0,0,0,1,10,5,2,0,0,0,0,200,200,1,0,0,1,42,200
0,200,30,0,0,0,1,7,5,4,0,0,0,1,200,200,200,21,200,0,60,200
1,200,30,0,0,0,1,7,5,4,0,0,0,1,200,200,200,21,200,0,15,200
1,200,30,0,0,0,1,7,5,4,0,0,0,1,200,200,200,21,200,0,15,200
1,200,30,0,0,0,1,7,5,4,0,0,0,1,200,200,200,21,200,0,13,200
0,200,30,1,2,0,1,14,5,200,0,0,0,1,1,200,200,3,200,1,42,200
0,200,30,1,2,0,1,14,5,200,0,0,0,1,1,200,200,3,200,0,46,200
1,200,30,1,2,0,1,14,5,200,0,0,0,1,1,200,200,3,200,1,62,200
1,200,30,1,2,0,1,14,5,200,0,0,0,1,1,200,200,3,200,1,24,200
1,200,30,1,2,0,1,14,5,200,0,0,0,1,1,200,200,3,200,0,6,200
0,200,30,1,2,0,1,0,5,4,0,0,0,1,1,200,200,16,11,1,22,200
0,200,30,1,2,0,1,0,5,4,0,0,0,1,1,200,200,16,11,0,31,200
1,200,30,1,2,0,1,0,5,4,0,0,0,1,1,200,200,16,11,1,21,200
1,200,30,1,2,0,1,0,5,4,0,0,0,1,1,200,200,16,11,1,21,200
1,200,30,1,2,0,1,0,5,4,0,0,0,1,1,200,200,16,11,1,21,200
0,200,30,1,2,0,1,14,2,2,0,0,0,0,1,200,200,0,0,0,33,200
0,200,30,1,2,0,1,14,2,2,0,0,0,0,1,200,200,0,0,1,60,200
0,200,30,0,0,0,1,8,5,2,0,0,0,0,200,200,200,11,200,0,40,200
4,200,30,0,0,0,1,8,5,2,0,0,0,0,200,200,200,11,200,0,42,200
0,200,30,2,2,0,1,10,2,2,2,0,0,0,200,200,200,16,18,0,32,200
0,200,30,2,2,0,1,10,2,2,2,0,0,0,200,200,200,16,18,0,47,200
1,200,30,2,2,0,1,10,2,2,2,0,0,0,200,200,200,16,18,0,26,200
0,200,30,0,0,0,1,10,5,200,0,0,0,0,200,200,200,2,2,0,20,200
0,200,30,0,0,0,1,10,5,200,0,0,0,0,200,200,200,2,2,0,52,200
0,200,25,0,0,0,1,7,6,1,0,0,0,0,200,200,200,20,0,0,200,200
0,200,35,2,2,0,1,14,2,200,0,0,200,1,200,200,200,0,24,0,29,200
0,200,35,2,2,0,1,14,2,200,0,0,200,1,200,200,200,0,24,1,200,200
0,200,30,0,0,0,1,0,6,1,0,0,0,0,200,200,200,20,27,0,55,200
0,1,30,0,0,0,1,7,6,1,0,0,0,1,200,200,200,0,200,0,63,200
0,200,30,0,0,0,1,7,6,1,0,0,0,0,200,200,1,0,200,2,200,200
0,200,30,1,2,0,1,14,5,4,0,0,200,0,200,200,200,16,33,0,41,200
0,200,30,1,2,0,1,14,5,4,0,0,200,0,200,200,200,16,33,0,51,200
0,200,30,1,2,0,1,14,5,4,0,0,200,0,200,200,200,16,33,1,45,200
0,200,30,2,2,0,1,7,5,2,0,0,0,0,200,200,200,0,0,1,69,200
1,200,30,2,2,0,1,7,5,2,0,0,0,0,200,200,200,0,0,0,63,200
0,200,30,1,2,0,1,10,5,200,0,0,0,0,200,200,200,0,200,0,40,200
0,200,30,1,2,0,1,10,5,200,0,0,0,0,200,200,200,0,200,0,60,200
0,200,30,2,2,0,3,9,5,200,0,0,0,1,1,200,200,0,0,0,200,200
5,200,30,2,2,0,3,9,5,200,0,0,0,1,1,200,200,0,0,1,34,200
0,200,30,3,2,0,1,9,5,4,0,0,0,1,1,200,1,0,0,0,200,200
5,200,30,3,2,0,1,9,5,4,0,0,0,1,1,200,1,0,0,0,71,200
0,200,30,1,2,0,1,10,3,5,0,0,0,0,1,200,200,18,200,0,39,200
0,200,30,1,2,0,1,10,3,5,0,0,0,0,1,200,200,18,200,0,42,200
1,200,30,1,2,0,1,10,3,5,0,0,0,0,1,200,200,18,200,200,16,200
1,200,30,1,2,0,1,10,3,5,0,0,0,0,1,200,200,18,200,200,200,200
0,200,0,0,0,0,1,0,5,200,0,0,0,1,1,200,200,17,0,0,77,200
0,200,0,0,0,0,1,0,5,200,0,0,0,1,1,200,200,17,0,0,21,200
1,200,0,0,0,0,1,0,5,200,0,0,0,1,1,200,200,17,0,0,17,200
0,200,35,0,0,0,1,10,5,2,0,0,0,0,200,200,200,0,0,1,200,200
0,200,35,0,0,0,1,10,5,2,0,0,0,0,200,200,200,0,0,0,40,200
0,200,15,3,2,0,1,7,7,200,0,0,0,0,200,200,1,21,200,1,200,200
0,200,30,2,2,0,1,7,6,1,0,0,0,0,200,200,1,0,0,2,200,200
0,200,30,1,2,0,1,0,5,2,0,0,0,1,1,200,200,6,200,0,49,200
0,200,30,1,2,0,1,0,5,2,0,0,0,1,1,200,200,6,200,0,44,200
1,200,30,1,2,0,1,0,5,2,0,0,0,1,1,200,200,6,200,0,28,200
1,200,30,1,2,0,1,0,5,2,0,0,0,1,1,200,200,6,200,0,9,200
0,200,30,0,0,0,1,12,5,200,0,0,0,0,200,200,1,200,35,0,200,200
0,200,30,0,0,0,1,12,5,200,0,0,0,0,200,200,1,200,35,0,44,200
1,200,30,0,0,0,1,12,5,200,0,0,0,0,200,200,1,200,35,0,200,200
0,200,30,0,0,0,1,10,5,200,0,0,0,0,200,200,200,0,200,0,57,200
0,200,30,0,0,0,1,10,5,200,0,0,0,0,200,200,200,0,200,0,24,200
1,200,30,0,0,0,1,10,5,200,0,0,0,0,200,200,200,0,200,0,54,200
0,200,25,200,200,0,1,3,5,200,0,0,0,0,200,200,200,0,0,0,72,200
0,200,25,200,200,0,1,3,5,200,0,0,0,0,200,200,200,0,0,0,0,200
0,0,30,0,0,0,1,7,2,2,0,0,0,0,200,200,1,0,0,2,200,200
0,1,25,0,0,0,200,7,6,1,0,0,0,0,200,200,1,18,16,2,200,200
0,200,25,0,0,0,1,10,5,4,0,0,0,0,200,200,200,18,200,0,28,200
0,200,25,0,0,0,1,10,5,4,0,0,0,0,200,200,200,18,200,1,35,200
0,200,30,0,0,0,1,10,5,2,0,0,0,0,1,200,200,18,16,1,200,200
0,200,30,0,0,0,1,10,5,2,0,0,0,0,1,200,200,18,16,1,200,200
1,200,30,0,0,0,1,10,5,2,0,0,0,0,1,200,200,18,16,1,200,200
1,200,30,0,0,0,1,10,5,2,0,0,0,0,1,200,200,18,16,0,200,200
0,200,30,0,0,0,1,7,5,2,0,0,0,0,200,200,200,17,0,1,63,200
1,200,30,0,0,0,1,7,5,2,0,0,0,0,200,200,200,17,0,0,30,200
0,200,35,0,0,0,1,12,5,4,0,0,0,0,200,200,200,0,0,0,75,200
0,200,35,0,0,0,1,12,5,4,0,0,0,0,200,200,200,0,0,0,0,200
0,200,30,1,2,0,1,12,5,2,2,0,0,0,200,200,200,11,11,1,18,200
0,200,30,1,2,0,1,12,5,2,2,0,0,0,200,200,200,11,11,0,51,200
0,200,30,0,0,0,1,7,6,4,0,0,0,0,200,200,200,22,200,0,64,200
0,1,25,0,0,0,200,7,2,200,0,0,0,0,200,200,1,0,0,2,200,200
0,200,30,0,0,0,1,11,6,1,0,0,0,0,200,200,1,0,0,0,200,200
0,200,30,0,0,0,1,11,6,1,0,0,0,0,200,200,1,0,0,1,19,200
0,200,30,0,0,0,1,10,3,200,0,0,0,0,200,200,200,18,11,0,17,200
0,200,30,0,0,0,1,10,3,200,0,0,0,0,200,200,200,18,11,1,45,200
1,200,30,0,0,0,1,10,3,200,0,0,0,0,200,200,200,18,11,0,11,200
1,200,30,0,0,0,1,10,3,200,0,0,0,0,200,200,200,18,11,1,200,200
1,200,30,0,0,0,1,10,3,200,0,0,0,0,200,200,200,18,11,0,200,200
1,200,30,0,0,0,1,10,3,200,0,0,0,0,200,200,200,18,11,1,200,200
0,200,30,0,0,0,1,0,5,2,0,0,0,0,200,200,200,11,11,0,53,200
0,200,30,0,0,0,1,0,5,2,0,0,0,0,200,200,200,11,11,1,40,200
0,200,30,0,0,0,2,7,6,200,0,0,0,0,200,200,1,0,200,0,200,200
0,200,30,200,200,0,1,10,5,200,0,200,200,0,200,200,200,16,18,0,200,200
0,200,30,200,200,0,1,10,5,200,0,200,200,0,200,200,200,16,18,0,40,200
1,200,30,200,200,0,1,10,5,200,0,200,200,0,200,200,200,16,18,0,200,200
0,200,30,0,0,0,1,14,0,1,0,0,200,0,200,200,200,12,0,0,24,200
0,200,30,0,0,0,1,14,0,1,0,0,200,0,200,200,200,12,0,0,39,200
0,200,30,1,2,0,1,10,5,200,0,0,0,0,200,200,200,18,200,0,30,200
0,200,30,1,2,0,1,10,5,200,0,0,0,0,200,200,200,18,200,0,26,200
0,200,30,1,2,0,1,10,2,2,0,0,0,0,200,200,200,7,200,0,19,200
0,200,30,1,2,0,1,10,2,2,0,0,0,0,200,200,200,7,200,0,49,200
0,200,30,1,2,0,1,10,2,2,0,0,0,0,200,200,200,7,200,1,70,200
0,200,35,0,0,0,1,12,5,3,0,0,0,0,200,200,200,17,21,1,30,200
0,200,35,0,0,0,1,12,5,3,0,0,0,0,200,200,200,17,21,0,68,200
0,200,30,0,0,0,1,14,5,200,0,0,0,0,200,200,200,0,0,0,71,200
0,200,30,0,0,0,1,14,5,200,0,0,0,0,200,200,200,0,0,1,54,200
0,200,35,0,0,0,1,10,2,200,0,0,200,1,200,200,200,18,17,1,23,200
0,200,35,0,0,0,1,10,2,200,0,0,200,1,200,200,200,18,17,0,42,200
0,200,30,0,0,0,1,12,5,2,0,0,0,0,200,200,200,17,200,1,200,200
0,200,30,0,0,0,1,12,5,2,0,0,0,0,200,200,200,17,200,0,200,200
1,200,30,0,0,0,1,12,5,2,0,0,0,0,200,200,200,17,200,0,200,200
0,1,30,2,2,0,1,14,12,0,0,0,0,0,1,200,200,0,200,0,52,200
0,1,30,2,2,0,1,14,12,0,0,0,0,0,1,200,200,0,200,1,21,200
0,200,30,0,0,0,1,10,2,4,0,0,0,0,200,200,200,18,9,1,36,200
0,200,30,0,0,0,1,10,2,4,0,0,0,0,200,200,200,18,9,1,31,200
1,200,30,0,0,0,1,10,2,4,0,0,0,0,200,200,200,18,9,1,0,200
1,200,30,0,0,0,1,10,2,4,0,0,0,0,200,200,200,18,9,1,3,200
0,200,30,0,0,0,1,7,2,1,0,0,0,0,200,200,1,0,200,2,200,200
0,200,30,0,0,0,1,7,6,200,0,0,0,0,200,200,1,0,0,2,200,200
0,200,20,1,2,0,1,0,5,2,0,0,0,1,1,200,200,0,200,0,32,200
0,200,20,1,2,0,1,0,5,2,0,0,0,1,1,200,200,0,200,1,58,200
1,200,20,1,2,0,1,0,5,2,0,0,0,1,1,200,200,0,200,1,56,200
0,200,30,0,0,0,1,10,5,200,0,0,0,0,200,200,200,0,200,1,36,200
0,200,30,0,0,0,1,10,5,200,0,0,0,0,200,200,200,0,200,0,51,200
1,200,30,0,0,0,1,10,5,200,0,0,0,0,200,200,200,0,200,0,53,200
0,200,30,0,0,0,1,14,7,200,0,0,0,0,200,1,200,23,0,1,34,200
0,200,30,0,0,0,1,14,7,200,0,0,0,0,200,1,200,23,0,0,21,200
0,200,30,0,0,0,1,10,5,2,0,0,0,0,200,200,200,18,0,0,29,200
0,200,30,0,0,0,1,10,5,2,0,0,0,0,200,200,200,18,0,0,32,200
0,200,30,0,0,0,1,10,5,2,0,0,0,0,200,200,200,18,0,0,29,200
0,200,30,0,3,0,1,14,6,3,0,0,0,0,200,200,200,0,0,1,21,200
0,200,30,0,3,0,1,14,6,3,0,0,0,0,200,200,200,0,0,0,24,200
0,200,30,0,0,0,1,10,5,200,0,0,0,1,200,200,200,0,0,1,60,200
0,200,30,0,0,0,1,10,5,200,0,0,0,1,200,200,200,0,0,1,48,200
1,200,15,0,0,0,1,7,7,200,0,0,0,0,200,200,1,0,0,1,200,200
1,200,15,0,0,0,1,7,7,200,0,0,0,0,200,200,1,0,0,200,200,200
0,200,30,0,0,0,1,14,2,4,0,0,0,0,0,200,200,0,0,1,54,200
0,200,30,0,0,0,1,14,2,4,0,0,0,0,0,200,200,0,0,0,62,200
0,200,30,0,0,0,1,12,5,4,0,0,0,0,200,200,200,0,0,0,57,200
0,200,30,0,0,0,1,12,5,4,0,0,0,0,200,200,200,0,0,1,25,200
0,200,30,0,0,0,1,7,5,4,0,0,0,0,200,200,200,0,200,0,60,200
0,1,30,1,2,0,1,12,5,4,0,0,0,0,200,200,200,22,18,0,30,200
0,1,30,1,2,0,1,12,5,4,0,0,0,0,200,200,200,22,18,1,66,200
0,200,35,0,0,0,1,8,5,200,0,0,0,1,200,200,200,17,200,0,61,200
4,200,35,0,0,0,1,8,5,200,0,0,0,1,200,200,200,17,200,0,47,200
0,200,0,200,200,0,1,14,200,200,0,200,200,0,1,200,200,0,200,1,35,200
0,200,0,200,200,0,1,14,200,200,0,200,200,0,1,200,200,0,200,1,50,200
0,200,30,200,200,200,200,12,5,200,0,200,200,0,200,200,1,22,200,0,200,200
0,200,30,200,200,200,200,12,5,200,0,200,200,0,200,200,1,22,200,0,33,200
1,200,30,200,200,200,200,12,5,200,0,200,200,0,200,200,1,22,200,0,200,200
5,200,30,2,2,0,1,9,6,1,0,0,0,1,1,200,200,33,11,1,46,200
0,200,30,2,2,0,1,9,6,1,0,0,0,1,1,200,200,33,11,1,17,200
0,200,30,0,0,0,1,10,2,2,0,0,0,0,200,200,200,0,0,0,37,200
0,200,30,0,0,0,1,10,2,2,0,0,0,0,200,200,200,0,0,0,59,200
0,200,30,0,0,0,1,7,6,2,0,0,0,0,200,200,1,20,20,0,200,200
0,200,30,0,0,0,1,7,6,2,0,0,0,0,200,200,1,11,18,0,22,200
0,200,30,0,0,0,1,12,5,200,0,0,0,0,200,200,200,0,0,1,56,200
0,200,30,0,0,0,1,12,5,200,0,0,0,0,200,200,200,0,0,0,44,200
0,200,30,9,2,0,1,7,6,2,0,0,0,0,200,200,1,0,0,2,200,200
0,200,30,0,0,0,1,8,2,200,0,0,0,1,1,200,200,17,0,0,74,200
4,200,30,0,0,0,1,8,2,200,0,0,0,1,1,200,200,17,0,1,30,200
0,200,20,0,0,0,1,7,6,200,0,0,0,0,200,200,200,0,0,1,200,200
0,200,30,0,0,0,1,10,5,2,0,0,0,0,200,200,0,18,200,0,23,200
0,200,30,0,0,0,1,10,5,2,0,0,0,0,200,200,0,18,200,1,30,200
1,200,30,0,0,0,1,10,5,2,0,0,0,0,200,200,0,18,200,0,200,200
0,200,30,1,2,0,1,10,5,4,2,0,0,1,200,200,200,18,200,0,53,200
0,200,30,1,2,0,1,10,5,4,2,0,0,1,200,200,200,18,200,0,51,200
1,200,30,1,2,0,1,10,5,4,2,0,0,1,200,200,200,18,200,0,55,200
1,200,30,1,2,0,1,10,5,4,2,0,0,1,200,200,200,18,200,0,200,200
1,200,30,1,2,0,1,10,5,4,2,0,0,1,200,200,200,18,200,0,26,200
1,200,30,1,2,0,1,10,5,4,2,0,0,1,200,200,200,18,200,0,62,200
0,200,70,0,0,0,1,7,7,0,0,0,200,0,200,200,1,0,0,2,200,200
0,200,0,0,0,0,1,2,7,200,0,0,0,0,200,200,200,0,200,1,62,200
0,200,30,2,2,0,1,14,5,2,0,0,0,0,200,200,200,17,200,0,200,200
4,200,30,2,2,0,1,14,5,2,0,0,0,0,200,200,200,17,200,0,200,200
0,200,30,2,2,0,1,14,5,2,0,0,0,0,200,200,200,17,200,0,53,200
0,200,30,0,0,0,1,10,2,4,0,0,0,1,200,200,200,18,21,0,39,200
0,200,30,0,0,0,1,10,2,4,0,0,0,1,200,200,200,18,21,0,63,200
0,200,30,0,0,0,1,10,2,4,0,0,0,1,200,200,200,18,21,0,50,200
0,200,30,0,0,0,1,10,2,4,0,0,0,1,200,200,200,18,21,0,56,200
1,200,30,0,0,0,1,10,2,4,0,0,0,1,200,200,200,18,21,1,55,200
0,200,30,0,0,0,1,9,6,2,0,0,0,1,200,200,1,200,200,1,200,200
5,200,30,0,0,0,1,9,6,2,0,0,0,1,200,200,1,200,200,0,30,200
0,200,30,2,200,0,1,10,5,1,0,0,200,0,200,200,200,0,0,1,32,200
0,200,30,2,200,0,1,10,5,1,0,0,200,0,200,200,200,0,0,1,32,200
0,200,30,200,200,200,200,14,5,200,0,200,200,0,200,200,1,17,16,1,200,200
0,200,30,200,200,200,200,14,5,200,0,200,200,0,200,200,1,17,16,0,27,200
0,200,30,0,0,0,4,7,5,2,0,0,0,0,200,200,200,17,200,0,80,200
0,200,30,0,0,0,1,7,5,200,0,0,0,0,200,200,0,0,0,0,19,200
0,200,35,2,2,0,1,14,3,200,0,0,0,1,200,200,200,17,22,1,48,200
0,200,35,2,2,0,1,14,3,200,0,0,0,1,200,200,200,17,22,1,32,200
1,200,35,2,2,0,1,14,3,200,0,0,0,1,200,200,200,17,22,1,200,200
0,200,30,0,0,0,2,10,5,200,0,0,0,0,200,200,200,200,200,0,46,200
0,200,30,0,0,0,2,10,5,200,0,0,0,0,200,200,200,200,200,0,200,200
0,200,30,1,2,0,1,10,2,200,0,0,0,1,200,200,200,7,16,1,31,200
0,200,30,1,2,0,1,10,2,200,0,0,0,1,200,200,200,7,16,1,59,200
0,200,30,0,0,2,1,10,3,6,0,1,0,0,200,200,1,0,200,0,200,200
0,200,30,0,0,2,1,10,3,6,0,1,0,0,200,200,1,0,200,1,54,200
0,200,15,0,0,0,1,7,6,1,0,0,0,1,200,200,200,25,200,0,200,200
0,200,35,0,0,0,1,14,2,200,0,0,0,1,200,200,200,21,0,1,22,200
0,200,35,0,0,0,1,14,2,200,0,0,0,1,200,200,200,21,0,1,43,200
0,200,35,2,2,0,4,10,6,200,0,0,200,0,200,200,200,0,0,0,46,200
0,200,35,2,2,0,4,10,6,200,0,0,200,0,200,200,200,0,0,1,24,200
0,200,15,0,0,0,1,7,7,3,0,200,200,0,200,1,1,0,0,2,200,200
0,200,30,1,2,0,0,14,5,200,0,0,0,0,200,200,200,17,200,0,56,200
0,200,30,1,2,0,0,14,5,200,0,0,0,0,200,200,200,17,200,0,25,200
0,200,30,1,2,0,1,14,5,200,0,0,0,0,1,200,200,0,0,0,52,200
0,200,30,1,2,0,1,14,5,200,0,0,0,0,1,200,200,0,0,1,66,200
0,200,40,0,0,0,4,12,3,3,0,0,0,0,200,200,200,21,200,0,27,200
0,200,40,0,0,0,4,12,3,3,0,0,0,0,200,200,200,21,200,0,39,200
0,200,35,1,2,0,0,10,12,200,0,0,200,0,200,200,200,0,0,1,23,200
0,200,35,1,2,0,0,10,12,200,0,0,200,0,200,200,200,0,0,1,59,200
0,200,35,0,0,200,200,10,5,2,0,200,200,1,200,200,200,18,200,0,54,200
1,200,35,0,0,200,200,10,5,2,0,200,200,1,200,200,200,18,200,1,37,200
0,200,30,1,2,0,4,12,6,3,0,0,0,0,200,200,200,22,200,0,31,200
0,200,30,1,2,0,4,12,6,3,0,0,0,0,200,200,200,22,200,0,52,200
1,200,30,1,2,0,4,12,6,3,0,0,0,0,200,200,200,22,200,1,200,200
0,200,35,0,0,0,1,7,5,1,0,0,0,0,200,200,1,0,0,2,200,200
0,200,35,0,0,0,1,0,12,200,0,0,0,0,200,200,1,0,0,1,200,200
0,200,35,0,0,0,1,0,12,200,0,0,0,0,200,200,1,0,0,1,32,200
0,200,30,1,200,0,3,9,6,3,0,0,200,1,200,200,1,0,200,2,200,200
5,200,30,1,200,0,3,9,6,3,0,0,200,1,200,200,1,0,200,1,21,200
0,200,30,0,0,0,200,12,3,2,0,0,200,0,200,200,1,17,0,2,200,200
0,200,30,0,0,0,200,12,3,2,0,0,200,0,200,200,1,17,0,0,69,200
0,200,30,0,0,0,3,8,5,2,0,0,200,1,200,200,200,17,200,1,29,200
4,200,30,0,0,0,3,8,5,2,0,0,200,1,200,200,200,17,200,0,31,200
0,200,30,1,2,0,3,12,2,200,0,0,0,0,200,200,1,25,0,0,200,200
0,200,30,1,2,0,3,12,2,200,0,0,0,0,200,200,1,25,0,0,40,200
1,200,30,1,2,0,3,12,2,200,0,0,0,0,200,200,1,25,0,1,42,200
1,200,30,1,2,0,3,12,2,200,0,0,0,0,200,200,1,25,0,0,47,200
0,200,10,0,0,0,1,7,7,200,0,0,0,0,200,1,200,20,200,0,42,200
0,200,30,0,0,0,4,4,5,200,0,0,0,0,200,200,200,200,200,0,53,200
0,200,30,0,0,0,3,12,5,4,0,0,0,0,200,200,1,25,25,0,20,200
0,200,30,0,0,0,3,12,5,4,0,0,0,0,200,200,1,25,25,1,23,200
1,200,30,0,0,0,3,12,5,4,0,0,0,0,200,200,1,25,25,0,22,200
1,200,30,0,0,0,3,12,5,4,0,0,0,0,200,200,1,25,25,0,200,200
0,200,30,0,0,0,3,10,7,1,0,0,0,0,1,200,200,20,0,1,52,200
0,200,30,0,0,0,3,10,7,1,0,0,0,0,1,200,200,20,0,1,200,200
0,200,30,0,0,0,1,7,6,1,0,0,0,0,200,200,1,25,0,2,200,200
1,200,30,0,0,0,1,7,6,1,0,0,0,0,200,200,1,25,0,1,200,200
0,200,30,1,2,0,0,9,3,2,0,0,0,1,200,200,200,3,200,1,26,200
5,200,30,1,2,0,0,9,3,2,0,0,0,1,200,200,200,3,200,200,27,200
0,200,30,2,2,0,0,10,5,2,0,0,0,0,200,200,200,20,200,0,39,200
0,200,30,2,2,0,0,10,5,2,0,0,0,0,200,200,200,20,200,1,29,200
1,200,30,2,2,0,0,10,5,2,0,0,0,0,200,200,200,20,200,0,200,200
0,200,30,200,200,200,200,7,6,2,0,200,200,0,200,200,1,0,0,2,200,200
0,200,30,0,0,0,1,10,2,200,0,0,0,0,200,200,200,18,200,1,57,200
0,200,30,0,0,0,1,10,2,200,0,0,0,0,200,200,200,18,200,2,200,200
0,200,35,0,0,0,3,12,8,1,0,0,0,0,200,200,200,22,18,0,26,200
0,200,35,0,0,0,3,12,8,1,0,0,0,0,200,200,200,22,18,0,0,200
0,200,35,0,0,0,3,12,8,1,0,0,0,0,200,200,200,22,18,0,71,200
1,200,35,0,0,0,3,12,8,1,0,0,0,0,200,200,200,22,18,0,28,200
0,200,30,1,2,0,3,14,2,6,0,0,0,1,1,200,1,25,200,0,200,200
0,200,30,1,2,0,3,14,2,6,0,0,0,1,1,200,1,25,200,0,200,200
1,200,30,1,2,0,3,14,2,6,0,0,0,1,1,200,1,25,200,0,200,200
1,200,30,1,2,0,3,14,2,6,0,0,0,1,1,200,1,25,200,0,200,200
0,200,30,1,2,0,1,10,5,200,0,0,0,0,200,200,1,18,0,0,200,200
0,200,30,1,2,0,1,10,5,200,0,0,0,0,200,200,1,18,0,1,0,200
0,200,30,1,2,0,3,10,5,4,0,0,0,1,200,200,1,25,11,0,200,200
0,200,30,1,2,0,3,10,5,4,0,0,0,1,200,200,1,25,11,0,35,200
1,200,30,1,2,0,3,10,5,4,0,0,0,1,200,200,1,25,11,1,35,200
1,200,30,1,2,0,3,10,5,4,0,0,0,1,200,200,1,25,11,1,12,200
0,200,30,200,200,200,200,10,200,200,0,200,200,0,200,200,1,0,0,0,200,200
0,200,30,200,200,200,200,10,200,200,0,200,200,0,200,200,1,0,0,1,42,200
0,200,30,0,0,0,1,7,6,1,0,0,0,0,200,200,1,0,0,2,200,200
0,1,30,2,200,0,1,8,5,2,0,0,200,0,1,200,200,0,200,0,28,200
4,1,30,2,200,0,1,8,5,2,0,0,200,0,1,200,200,0,200,0,200,200
0,200,30,0,0,0,3,2,7,200,0,0,200,0,200,1,200,200,200,0,40,200
0,200,30,0,0,0,3,10,2,2,0,0,0,0,200,200,200,18,200,0,49,200
0,200,30,0,0,0,3,10,2,2,0,0,0,0,200,200,200,18,200,0,58,200
0,200,30,0,0,0,3,7,6,1,0,0,0,0,200,200,200,20,0,0,200,200
0,200,30,2,2,0,0,14,5,200,0,0,0,0,200,200,200,0,0,0,33,200
0,200,30,2,2,0,0,14,5,200,0,0,0,0,200,200,200,0,0,0,35,200
0,200,30,0,0,0,3,0,5,200,0,200,200,1,200,200,200,17,11,0,27,200
0,200,30,0,0,0,3,0,5,200,0,200,200,1,200,200,200,17,11,0,60,200
0,200,30,0,0,0,0,12,5,200,0,0,200,0,200,200,200,22,200,0,59,200
0,200,30,0,0,0,0,12,5,200,0,0,200,0,200,200,200,22,200,0,61,200
0,200,30,0,200,0,3,7,5,200,0,0,0,0,200,200,200,14,200,1,28,200
0,200,40,0,0,0,3,12,3,3,0,0,0,0,200,200,200,22,21,0,69,200
0,200,40,0,0,0,3,12,3,3,0,0,0,0,200,200,200,22,21,1,62,200
0,200,30,2,2,0,1,3,6,1,0,0,0,1,200,200,1,10,14,2,200,200
0,200,30,2,2,0,1,3,6,1,0,0,0,1,200,200,1,10,14,1,35,200
0,200,30,1,2,0,3,0,6,2,0,0,0,0,1,200,200,20,200,0,51,200
0,200,30,1,2,0,3,0,6,2,0,0,0,0,1,200,200,20,200,0,49,200
0,200,35,0,0,0,3,10,5,200,0,0,0,1,200,200,1,0,18,0,34,200
0,200,35,0,0,0,3,10,5,200,0,0,0,1,200,200,1,0,18,0,200,200
1,200,35,0,0,0,3,10,5,200,0,0,0,1,200,200,1,0,18,1,200,200
0,200,10,0,0,0,0,2,12,1,3,0,0,1,200,200,200,200,200,1,31,200
0,200,40,0,0,0,1,10,3,200,0,0,200,1,200,200,200,18,200,0,58,200
0,200,40,0,0,0,1,10,3,200,0,0,200,1,200,200,200,18,200,1,27,200
0,200,30,0,0,0,3,7,5,200,0,0,0,1,200,1,200,20,27,0,19,200
0,200,35,0,0,0,3,14,2,2,0,0,0,1,200,200,200,23,17,0,32,200