PERSON_TYPE,CRASH_DATE_EST_I,POSTED_SPEED_LIMIT,TRAFFIC_CONTROL_DEVICE,DEVICE_CONDITION,WEATHER_CONDITION,LIGHTING_CONDITION,FIRST_CRASH_TYPE,TRAFFICWAY_TYPE,LANE_CNT,ALIGNMENT,ROADWAY_SURFACE_COND,ROAD_DEFECT,CRASH_TYPE,INTERSECTION_RELATED_I,NOT_RIGHT_OF_WAY_I,HIT_AND_RUN_I,PRIM_CONTRIBUTORY_CAUSE,SEC_CONTRIBUTORY_CAUSE,SEX,AGE,BAC_RESULT VALUE
5,200,30,0,0,0,1,9,5,4,2,0,200,0,1,200,200,0,0,0,10,200
0,200,35,2,12,0,1,8,5,4,0,0,0,1,1,200,200,17,200,0,46,200
4,200,35,2,12,0,1,8,5,4,0,0,0,1,1,200,200,17,200,0,28,200
0,200,15,0,0,0,1,7,7,200,0,0,0,0,200,200,1,23,0,0,200,200
1,200,15,0,0,0,1,7,7,200,0,0,0,0,200,200,1,23,0,0,200,200
1,200,15,0,0,0,1,7,7,200,0,0,0,0,200,200,1,23,0,0,200,200
1,200,15,0,0,0,1,7,7,200,0,0,0,0,200,200,1,23,0,0,200,200
1,200,15,0,0,0,1,7,7,200,0,0,0,0,200,200,1,23,0,1,37,200
1,200,15,0,0,0,1,7,7,200,0,0,0,0,200,200,1,23,0,1,5,200
1,200,15,0,0,0,1,7,7,200,0,0,0,0,200,200,1,23,0,0,46,200
0,200,35,0,0,0,1,14,5,2,3,0,0,0,200,200,200,0,0,1,22,200
0,200,35,0,0,0,1,14,5,2,3,0,0,0,200,200,200,0,0,0,200,200
1,200,35,0,0,0,1,14,5,2,3,0,0,0,200,200,200,0,0,1,24,200
0,200,0,0,0,0,1,9,7,0,0,0,0,1,200,200,200,0,200,0,54,200
5,200,0,0,0,0,1,9,7,0,0,0,0,1,200,200,200,0,200,1,200,200
0,200,30,0,0,0,1,14,2,200,0,0,0,0,200,200,1,17,0,1,200,200
0,200,30,0,0,0,1,14,2,200,0,0,0,0,200,200,1,17,0,0,31,200
0,200,30,0,0,0,3,8,2,2,0,0,0,1,200,200,1,0,200,2,200,200
4,200,30,0,0,0,3,8,2,2,0,0,0,1,200,200,1,0,200,0,50,200
0,200,20,0,0,0,4,7,5,2,0,0,0,0,200,200,0,0,0,2,200,200
0,200,30,0,0,0,1,10,5,2,0,0,200,0,200,200,200,18,0,1,200,200
0,200,30,0,0,0,1,10,5,2,0,0,200,0,200,200,200,18,0,0,77,200
0,200,20,1,2,0,1,12,5,4,0,0,0,0,200,200,1,0,0,2,200,200
0,200,20,1,2,0,1,12,5,4,0,0,0,0,200,200,1,0,0,1,35,200
0,200,30,2,2,0,1,0,5,3,0,0,0,0,1,200,200,17,0,1,200,200
0,200,30,2,2,0,1,0,5,3,0,0,0,0,1,200,200,17,0,1,37,200
0,200,0,0,0,0,1,7,7,0,0,0,0,0,200,200,200,0,0,1,55,200
0,200,30,0,0,0,1,14,5,4,0,0,0,1,200,200,200,23,11,1,17,200
0,200,30,0,0,0,1,14,5,4,0,0,0,1,200,200,200,23,11,0,36,200
1,200,30,0,0,0,1,14,5,4,0,0,0,1,200,200,200,23,11,200,200,200
1,200,30,0,0,0,1,14,5,4,0,0,0,1,200,200,200,23,11,0,200,200
0,200,30,0,0,0,1,0,6,1,0,0,0,0,200,200,200,17,200,1,21,200
0,200,30,0,0,0,1,0,6,1,0,0,0,0,200,200,200,17,200,0,200,200
0,0,30,0,0,0,1,7,5,200,0,0,0,0,200,200,200,20,200,1,49,200
0,200,30,1,2,0,1,10,6,4,0,0,0,0,200,200,1,16,200,0,200,200
0,200,30,1,2,0,1,10,6,4,0,0,0,0,200,200,1,16,200,0,36,200
1,200,30,1,2,0,1,10,6,4,0,0,0,0,200,200,1,16,200,1,56,200
1,200,30,1,2,0,1,10,6,4,0,0,0,0,200,200,1,16,200,0,200,200
0,200,35,1,2,0,1,8,5,2,0,0,0,1,200,200,200,35,17,0,52,200
4,200,35,1,2,0,1,8,5,2,0,0,0,1,200,200,200,35,17,0,63,200
1,200,35,1,2,0,1,8,5,2,0,0,0,1,200,200,200,35,17,1,22,200
0,200,30,0,0,0,1,10,5,200,0,0,0,0,200,200,200,0,0,1,25,200
0,200,30,0,0,0,1,10,5,200,0,0,0,0,200,200,200,0,0,0,28,200
1,200,30,0,0,0,1,10,5,200,0,0,0,0,200,200,200,0,0,1,5,200
0,200,15,0,0,0,1,7,7,1,0,0,0,0,200,200,1,0,0,0,200,200
0,200,30,1,2,0,1,10,5,200,0,0,0,0,200,200,1,0,0,1,200,200
0,200,30,1,2,0,1,10,5,200,0,0,0,0,200,200,1,0,0,1,87,200
0,200,30,1,2,0,1,10,5,4,0,0,0,0,200,200,200,18,6,0,72,200
0,200,30,1,2,0,1,10,5,4,0,0,0,0,200,200,200,18,6,1,56,200
0,200,30,0,0,0,1,12,5,200,0,0,0,0,200,200,200,17,17,0,66,200
0,200,30,0,0,0,1,12,5,200,0,0,0,0,200,200,200,17,17,0,30,200
1,200,30,0,0,0,1,12,5,200,0,0,0,0,200,200,200,17,17,1,63,200
0,200,30,2,2,0,1,14,5,200,0,0,0,1,1,200,200,17,200,0,21,200
1,200,30,2,2,0,1,14,5,200,0,0,0,1,1,200,200,17,200,1,19,200
0,200,10,0,0,0,1,0,7,200,0,0,0,0,200,1,200,20,200,1,17,200
0,200,10,0,0,0,1,0,7,200,0,0,0,0,200,1,200,20,200,1,22,200
0,200,30,0,0,0,1,7,2,4,0,0,0,0,200,200,1,0,0,2,200,200
0,200,10,0,0,0,1,7,7,200,0,200,200,0,200,200,200,20,20,1,200,200
0,200,30,0,0,0,1,7,5,2,0,0,0,0,200,200,200,11,200,1,21,200
1,200,30,0,0,0,1,7,5,2,0,0,0,0,200,200,200,11,200,0,50,200
1,200,30,0,0,0,1,7,5,2,0,0,0,0,200,200,200,11,200,0,200,200
0,200,30,2,2,0,1,14,2,2,0,0,0,0,200,200,200,17,200,1,20,200
0,200,30,2,2,0,1,14,2,2,0,0,0,0,200,200,200,17,200,0,36,200
0,200,20,0,0,0,1,0,2,200,0,0,0,0,200,200,200,17,17,1,27,200
0,200,20,0,0,0,1,0,2,200,0,0,0,0,200,200,200,17,17,0,53,200
0,200,30,0,0,0,1,10,5,200,0,0,0,0,1,200,200,0,200,0,39,200
0,200,30,0,0,0,1,10,5,200,0,0,0,0,1,200,200,0,200,0,63,200
0,200,30,0,0,0,1,10,5,200,0,0,0,0,1,200,200,0,200,1,28,200
0,200,30,2,2,0,1,10,2,3,0,0,0,0,1,200,200,29,28,1,68,200
0,200,30,2,2,0,1,10,2,3,0,0,0,0,1,200,200,29,28,0,200,200
0,1,30,1,2,0,1,14,2,6,0,0,3,1,1,200,200,0,200,0,48,200
0,1,30,1,2,0,1,14,2,6,0,0,3,1,1,200,200,0,200,1,32,200
0,200,30,0,12,0,1,10,5,200,0,0,0,0,200,200,200,18,18,1,68,200
0,200,30,0,12,0,1,10,5,200,0,0,0,0,200,200,200,18,18,0,51,200
0,200,5,0,0,0,1,0,7,200,0,0,0,0,200,1,200,25,200,1,45,200
0,200,5,0,0,0,1,0,7,200,0,0,0,0,200,1,200,25,200,0,41,200
1,200,5,0,0,0,1,0,7,200,0,0,0,0,200,1,200,25,200,1,12,200
1,200,5,0,0,0,1,0,7,200,0,0,0,0,200,1,200,25,200,0,10,200
0,200,30,1,1,0,1,14,5,6,0,0,0,1,1,200,200,3,16,0,24,200
0,200,30,1,1,0,1,14,5,6,0,0,0,1,1,200,200,3,16,0,47,200
1,200,30,1,1,0,1,14,5,6,0,0,0,1,1,200,200,3,16,1,22,200
0,200,30,2,2,0,1,7,6,1,0,0,0,1,200,200,200,0,0,0,21,200
1,200,30,2,2,0,1,7,6,1,0,0,0,1,200,200,200,0,0,0,25,200
0,200,35,0,0,0,1,12,5,2,0,0,0,0,200,200,200,0,0,1,33,200
0,200,35,0,0,0,1,12,5,2,0,0,0,0,200,200,200,0,0,1,24,200
0,200,30,1,2,0,1,0,5,200,0,0,0,1,200,200,200,6,200,0,35,200
0,200,30,1,2,0,1,0,5,200,0,0,0,1,200,200,200,6,200,0,39,200
0,200,15,0,0,0,1,2,0,1,0,0,0,0,200,200,200,0,200,0,43,200
0,200,30,0,0,0,1,2,5,2,3,0,0,1,200,200,200,1,1,0,31,200
0,200,30,1,2,0,1,10,5,2,0,0,0,0,1,200,200,18,16,0,29,200
0,200,30,1,2,0,1,10,5,2,0,0,0,0,1,200,200,18,16,0,20,200
0,200,30,0,0,0,1,10,5,200,0,0,0,1,200,200,200,200,200,1,59,200
0,200,30,0,0,0,1,10,5,200,0,0,0,1,200,200,200,200,200,0,35,200
1,200,30,0,0,0,1,10,5,200,0,0,0,1,200,200,200,200,200,1,200,200
0,200,40,200,200,200,200,2,5,200,0,200,200,1,200,200,200,0,200,0,31,200
0,200,30,1,2,0,1,12,5,6,0,0,0,0,1,200,200,21,200,0,54,200
0,200,30,1,2,0,1,12,5,6,0,0,0,0,1,200,200,21,200,1,30,200
0,200,30,1,2,0,1,10,2,2,0,0,0,0,200,200,200,18,0,0,20,200
0,200,30,1,2,0,1,10,2,2,0,0,0,0,200,200,200,18,0,1,56,200
0,200,30,1,2,0,1,14,5,2,0,0,0,0,200,200,200,23,16,1,46,200
0,200,30,1,2,0,1,14,5,2,0,0,0,0,200,200,200,23,16,1,50,200
0,200,30,1,2,0,1,14,5,2,0,0,0,0,200,200,200,23,16,0,61,200
0,200,30,2,2,0,1,14,2,4,0,200,200,1,1,200,200,23,22,0,34,200
0,200,30,2,2,0,1,14,2,4,0,200,200,1,1,200,200,23,22,1,26,200
1,200,30,2,2,0,1,14,2,4,0,200,200,1,1,200,200,23,22,1,33,200
0,200,30,0,0,0,1,14,3,4,0,0,0,1,200,200,200,22,17,1,39,200
0,200,30,0,0,0,1,14,3,4,0,0,0,1,200,200,200,22,17,1,29,200
1,200,30,0,0,0,1,14,3,4,0,0,0,1,200,200,200,22,17,0,30,200
0,200,35,1,2,0,1,12,2,5,0,0,0,0,200,200,200,22,0,1,18,200
0,200,35,1,2,0,1,12,2,5,0,0,0,0,200,200,200,22,0,0,200,200
0,1,30,0,0,0,1,14,2,4,0,0,0,0,200,200,200,4,18,0,29,200
0,1,30,0,0,0,1,14,2,4,0,0,0,0,200,200,200,4,18,0,29,200
0,200,30,0,0,0,1,7,5,200,0,0,0,0,200,200,200,200,200,0,32,200
0,200,30,0,0,0,1,7,6,200,0,0,0,1,200,200,200,0,200,0,61,200
0,200,10,0,0,0,1,10,7,200,0,0,0,0,200,200,200,0,200,0,63,200
0,200,10,0,0,0,1,10,7,200,0,0,0,0,200,200,200,0,200,1,30,200
1,200,10,0,0,0,1,10,7,200,0,0,0,0,200,200,200,0,200,0,30,200
1,200,10,0,0,0,1,10,7,200,0,0,0,0,200,200,200,0,200,1,30,200
0,200,30,0,0,0,1,10,5,200,0,0,0,0,200,200,200,0,0,0,200,200
0,200,30,0,0,0,1,10,5,200,0,0,0,0,200,200,200,0,0,1,42,200
0,200,35,0,0,0,1,7,7,200,0,0,0,0,200,200,200,18,200,1,200,200
0,200,35,1,2,0,1,14,5,4,0,0,0,1,1,200,200,11,200,0,17,200
0,200,35,1,2,0,1,14,5,4,0,0,0,1,1,200,200,11,200,0,27,200
1,200,35,1,2,0,1,14,5,4,0,0,0,1,1,200,200,11,200,0,17,200
0,200,20,0,0,0,1,7,5,2,0,0,0,0,200,200,200,200,200,0,16,200
0,200,30,1,2,0,1,14,6,200,0,0,0,0,200,200,200,23,0,1,40,200
0,200,30,1,2,0,1,14,6,200,0,0,0,0,200,200,200,23,0,1,200,200
0,200,30,1,2,0,1,10,5,4,0,0,0,0,200,200,200,18,16,1,34,200
0,200,30,1,2,0,1,10,5,4,0,0,0,0,200,200,200,18,16,0,29,200
0,200,30,12,0,0,1,7,5,2,0,0,0,0,200,200,200,0,200,0,200,200
0,200,30,1,2,0,1,12,2,200,0,0,0,0,1,200,1,22,22,1,200,200
0,200,30,1,2,0,1,12,2,200,0,0,0,0,1,200,1,22,22,1,35,200
4,200,30,1,2,0,1,8,5,2,0,0,0,1,200,200,200,5,200,0,21,200
0,200,30,1,2,0,1,8,5,2,0,0,0,1,200,200,200,5,200,0,44,200
0,200,30,1,2,0,1,0,3,6,0,0,0,1,1,200,200,16,200,0,32,200
0,200,30,1,2,0,1,0,3,6,0,0,0,1,1,200,200,16,200,0,47,200
1,200,30,1,2,0,1,0,3,6,0,0,0,1,1,200,200,16,200,1,69,200
0,200,30,0,0,0,1,7,7,200,0,0,0,0,200,200,1,200,200,2,200,200
0,200,30,2,0,0,1,0,2,200,0,0,0,1,200,200,200,17,200,1,80,200
0,200,30,2,0,0,1,0,2,200,0,0,0,1,200,200,200,17,200,0,30,200
0,200,30,0,0,0,1,10,5,200,0,200,200,1,200,200,200,18,18,0,200,200
0,200,30,2,2,0,1,0,2,200,0,0,0,1,1,200,200,17,0,1,25,200
0,200,30,2,2,0,1,0,2,200,0,0,0,1,1,200,200,17,0,1,21,200
1,200,30,2,2,0,1,0,2,200,0,0,0,1,1,200,200,17,0,1,33,200
0,200,30,1,2,0,1,10,5,200,0,0,0,0,200,200,200,18,6,1,200,200
0,200,30,1,2,0,1,10,5,200,0,0,0,0,200,200,200,18,6,1,69,200
0,200,30,1,2,0,0,10,5,4,0,200,200,1,200,200,200,18,18,1,200,200
0,200,30,1,2,0,0,10,5,4,0,200,200,1,200,200,200,18,18,1,31,200
1,200,30,1,2,0,0,10,5,4,0,200,200,1,200,200,200,18,18,1,200,200
0,200,30,1,2,0,1,8,6,1,0,0,0,1,200,200,200,14,17,1,200,200
4,200,30,1,2,0,1,8,6,1,0,0,0,1,200,200,200,14,17,0,16,200
0,200,30,1,2,0,1,10,200,200,0,0,0,0,200,200,200,18,16,0,34,200
0,200,30,1,2,0,1,10,200,200,0,0,0,0,200,200,200,18,16,1,27,200
0,200,30,0,0,0,1,8,5,1,0,0,0,1,200,200,200,17,11,0,18,200
4,200,30,0,0,0,1,8,5,1,0,0,0,1,200,200,200,17,11,0,28,200
0,200,30,1,2,0,1,10,5,200,0,0,200,0,200,200,1,18,0,0,200,200
0,200,30,1,2,0,1,10,5,200,0,0,200,0,200,200,1,18,0,1,49,200
0,200,30,0,0,0,1,10,5,4,0,0,0,0,200,200,1,18,18,0,200,200
0,200,30,0,0,0,1,10,5,4,0,0,0,0,200,200,1,18,18,0,27,200
1,200,30,0,0,0,1,10,5,2,0,0,0,0,200,200,200,0,0,0,10,200
0,200,30,0,0,0,1,10,5,2,0,0,0,0,200,200,200,0,0,0,25,200
0,200,30,0,0,0,1,10,5,2,0,0,0,0,200,200,200,0,0,1,37,200
1,200,30,0,0,0,1,10,5,2,0,0,0,0,200,200,200,0,0,0,13,200
1,200,30,0,0,0,1,10,5,2,0,0,0,0,200,200,200,0,0,1,39,200
1,200,30,0,0,0,1,10,5,2,0,0,0,0,200,200,200,0,0,1,0,200
1,200,30,0,0,0,1,10,5,2,0,0,0,0,200,200,200,0,0,0,24,200
0,200,35,0,0,0,1,14,5,2,0,0,0,1,1,200,1,16,0,2,200,200
0,200,35,0,0,0,1,14,5,2,0,0,0,1,1,200,1,16,0,0,52,200
0,200,30,1,2,0,1,14,6,2,0,0,0,1,200,200,200,23,11,1,29,200
0,200,30,1,2,0,1,14,6,2,0,0,0,1,200,200,200,23,11,0,35,200
0,200,30,0,0,0,1,14,12,2,3,0,0,0,1,200,200,11,200,0,200,200
0,200,30,0,0,0,1,14,12,2,3,0,0,0,1,200,200,11,200,0,20,200
0,200,30,2,2,0,1,0,5,200,0,0,0,0,1,200,200,17,11,0,23,200
0,200,30,2,2,0,1,0,5,200,0,0,0,0,1,200,200,17,11,1,55,200
0,200,30,0,0,0,1,10,5,4,0,0,0,1,1,200,1,18,16,0,200,200
0,200,30,0,0,0,1,10,5,4,0,0,0,1,1,200,1,18,16,1,200,200
0,200,30,0,0,0,1,12,5,200,0,0,0,0,200,200,200,200,200,1,46,200
0,200,30,0,0,0,1,12,5,200,0,0,0,0,200,200,200,200,200,0,38,200
1,200,30,0,0,0,1,12,5,200,0,0,0,0,200,200,200,200,200,0,200,200
1,200,30,0,0,0,1,12,5,200,0,0,0,0,200,200,200,200,200,0,200,200
0,200,20,0,0,200,1,10,7,5,0,0,200,0,200,200,200,20,20,0,51,200
0,200,20,0,0,200,1,10,7,5,0,0,200,0,200,200,200,20,20,0,35,200
0,200,30,2,2,0,1,12,5,2,0,0,0,0,200,200,200,22,200,0,21,200
0,200,30,2,2,0,1,12,5,2,0,0,0,0,200,200,200,22,200,0,46,200
0,200,30,0,0,0,1,10,5,2,0,0,0,1,200,200,1,16,0,0,200,200
0,200,30,0,0,0,1,10,5,2,0,0,0,1,200,200,1,16,0,0,62,200
0,200,30,1,2,0,1,14,5,200,0,0,0,0,200,200,200,0,0,0,39,200
0,200,30,1,2,0,1,14,5,200,0,0,0,0,200,200,200,0,0,1,31,200
1,200,30,1,2,0,1,14,5,200,0,0,0,0,200,200,200,0,0,1,31,200
0,200,30,0,0,0,1,7,7,0,0,0,0,0,200,200,200,11,0,1,54,200
0,200,30,0,0,0,1,12,5,200,0,200,200,0,200,200,1,22,22,0,200,200
0,200,30,0,0,0,1,12,5,200,0,200,200,0,200,200,1,22,22,1,71,200
0,0,30,0,0,0,1,7,6,1,0,0,0,0,200,200,1,16,0,2,200,200
0,200,30,0,0,0,1,10,5,200,0,0,0,0,200,200,200,0,0,1,38,200
0,200,30,0,0,0,1,10,5,200,0,0,0,0,200,200,200,0,0,1,33,200
0,200,30,1,200,0,1,10,5,2,0,0,200,0,200,200,200,0,0,0,43,200
0,200,30,1,200,0,1,10,5,2,0,0,200,0,200,200,200,0,0,0,31,200
0,200,30,1,200,0,1,10,5,2,0,0,200,0,200,200,200,0,0,1,55,200
1,200,30,1,200,0,1,10,5,2,0,0,200,0,200,200,200,0,0,1,42,200
0,200,30,0,0,0,1,10,5,2,0,0,0,1,200,200,200,16,200,0,22,200
0,200,30,0,0,0,1,10,5,2,0,0,0,1,200,200,200,16,200,0,48,200
0,200,30,3,0,0,1,8,5,200,0,0,0,1,200,200,200,4,200,0,51,200
4,200,30,3,0,0,1,8,5,200,0,0,0,1,200,200,200,4,200,0,24,200
0,200,30,0,0,0,2,10,5,200,0,0,0,1,200,200,200,200,200,1,200,200
0,200,30,0,0,0,2,10,5,200,0,0,0,1,200,200,200,200,200,0,40,200
1,200,30,0,0,0,2,10,5,200,0,0,0,1,200,200,200,200,200,0,200,200
0,200,30,0,0,0,1,7,2,200,0,0,0,0,200,200,1,0,200,2,200,200
0,200,30,1,2,0,1,0,5,200,0,0,0,0,1,200,200,22,16,0,27,200
0,200,30,1,2,0,1,0,5,200,0,0,0,0,1,200,200,22,16,1,38,200
0,200,30,1,2,0,1,12,5,2,0,0,0,0,200,200,200,0,200,0,31,200
0,200,30,1,2,0,1,12,5,2,0,0,0,0,200,200,200,0,200,0,23,200
0,1,30,0,0,0,200,7,6,1,0,12,200,0,200,200,1,0,0,2,200,200
0,200,30,0,12,0,1,14,5,200,0,0,0,1,200,200,200,17,0,1,27,200
0,200,30,0,12,0,1,14,5,200,0,0,0,1,200,200,200,17,0,1,34,200
0,200,30,0,0,0,1,7,5,200,0,0,0,0,200,200,1,200,200,0,200,200
0,200,30,1,2,0,1,10,5,4,0,0,0,1,200,200,200,18,200,1,36,200
0,200,30,1,2,0,1,10,5,4,0,0,0,1,200,200,200,18,200,0,34,200
1,200,30,1,2,0,1,10,5,4,0,0,0,1,200,200,200,18,200,1,0,200
1,200,30,1,2,0,1,10,5,4,0,0,0,1,200,200,200,18,200,0,6,200
1,200,30,1,2,0,1,10,5,4,0,0,0,1,200,200,200,18,200,0,46,200
0,200,30,2,2,0,3,0,2,4,0,0,0,1,1,200,200,5,5,0,29,200
0,200,30,2,2,0,3,0,2,4,0,0,0,1,1,200,200,5,5,1,55,200
0,1,30,0,0,0,1,7,7,200,0,0,0,0,200,1,1,0,200,2,200,200
0,200,30,0,0,0,1,12,5,200,0,0,0,0,200,200,200,21,200,0,200,200
0,200,30,0,0,0,1,12,5,200,0,0,0,0,200,200,200,21,200,0,200,200
0,200,30,1,2,0,1,10,5,2,0,0,0,0,1,200,200,18,16,0,200,200
0,200,30,1,2,0,1,10,5,2,0,0,0,0,1,200,200,18,16,1,200,200
0,200,30,2,2,0,1,12,12,4,0,0,0,0,200,200,200,11,0,1,200,200
0,200,30,2,2,0,1,12,12,4,0,0,0,0,200,200,200,11,0,0,60,200
0,200,30,0,0,0,1,14,5,200,0,0,200,0,200,200,200,0,200,0,200,200
0,200,30,0,0,0,1,14,5,200,0,0,200,0,200,200,200,0,200,0,38,200
0,200,30,0,0,0,1,7,5,200,0,0,0,0,200,200,1,200,200,1,200,200
0,200,0,2,200,0,1,9,6,1,0,0,0,1,200,200,200,17,11,1,21,200
5,200,0,2,200,0,1,9,6,1,0,0,0,1,200,200,200,17,11,0,65,200
0,200,35,2,2,0,1,14,2,4,0,0,0,1,200,200,200,17,200,0,32,200
0,200,35,2,2,0,1,14,2,4,0,0,0,1,200,200,200,17,200,0,41,200
0,200,30,0,0,0,1,12,2,4,0,0,0,0,200,200,200,21,200,0,57,200
0,200,30,0,0,0,1,12,2,4,0,0,0,0,200,200,200,21,200,1,23,200
0,200,30,0,0,0,1,10,5,200,0,0,0,0,200,200,200,0,0,0,45,200
0,200,30,0,0,0,1,10,5,200,0,0,0,0,200,200,200,0,0,0,72,200
0,1,30,200,200,200,200,7,5,2,0,200,200,0,200,200,1,0,0,2,200,200
0,200,30,0,0,0,1,7,6,200,0,0,0,0,200,200,1,0,0,0,200,200
0,200,30,1,2,0,1,10,5,4,0,0,0,0,1,200,200,12,200,0,200,200
0,200,30,1,2,0,1,10,5,4,0,0,0,0,1,200,200,12,200,0,63,200
0,200,30,1,2,0,1,10,5,4,0,0,0,0,1,200,200,12,200,1,28,200
0,200,30,1,2,0,4,10,5,200,0,0,0,0,200,200,200,18,200,0,200,200
0,200,30,1,2,0,4,10,5,200,0,0,0,0,200,200,200,18,200,0,200,200
0,200,30,200,200,1,200,0,5,200,0,200,200,0,1,200,200,17,200,0,23,200
0,200,30,200,200,1,200,0,5,200,0,200,200,0,1,200,200,17,200,0,61,200
0,200,20,0,0,0,1,7,2,2,0,0,0,0,200,200,200,0,200,2,200,200
0,200,30,2,2,0,1,14,2,2,0,0,0,0,200,200,200,23,11,1,200,200
0,200,30,2,2,0,1,14,2,2,0,0,0,0,200,200,200,23,11,1,52,200
0,200,30,0,0,0,3,12,5,4,0,0,0,0,200,200,200,21,200,0,45,200
0,200,30,0,0,0,3,12,5,4,0,0,0,0,200,200,200,21,200,1,33,200
1,200,30,0,0,0,3,12,5,4,0,0,0,0,200,200,200,21,200,1,200,200
0,200,30,0,0,0,3,7,5,200,0,0,0,0,200,200,200,0,0,0,66,200
0,200,30,0,0,0,1,12,5,200,0,0,0,0,200,200,1,0,0,0,200,200
0,200,30,0,0,0,1,12,5,200,0,0,0,0,200,200,1,0,0,1,26,200
0,200,30,0,0,0,1,10,5,2,0,0,0,0,0,200,200,16,200,0,200,200
0,200,30,0,0,0,1,10,5,2,0,0,0,0,0,200,200,16,200,0,200,200
0,200,30,2,2,0,4,9,5,2,0,0,0,1,200,200,200,0,200,0,32,200
5,200,30,2,2,0,4,9,5,2,0,0,0,1,200,200,200,0,200,1,50,200
0,200,15,0,0,2,1,2,0,1,0,1,1,0,200,1,200,34,13,1,200,200
1,200,15,0,0,2,1,2,0,1,0,1,1,0,200,1,200,34,13,1,200,200
1,200,15,0,0,2,1,2,0,1,0,1,1,0,200,1,200,34,13,1,200,200
0,200,30,0,0,0,1,2,5,200,0,0,1,0,200,200,200,0,200,0,25,200
0,200,35,0,0,0,1,12,3,200,0,0,0,0,200,200,200,0,0,1,45,200
0,200,35,0,0,0,1,12,3,200,0,0,0,0,200,200,200,0,0,0,37,200
0,200,30,0,0,0,1,12,5,4,0,0,0,0,200,200,200,21,200,1,39,200
0,200,30,0,0,0,1,12,5,4,0,0,0,0,200,200,200,21,200,0,200,200
0,200,30,0,0,0,4,7,7,0,0,0,0,0,200,200,1,20,0,0,58,200
4,200,30,7,2,0,1,8,5,2,0,200,200,0,1,200,200,18,18,0,32,200
0,200,30,7,2,0,1,8,5,2,0,200,200,0,1,200,200,18,18,0,26,200
0,200,30,0,0,0,1,7,6,1,0,0,0,0,200,200,1,0,0,2,200,200
0,200,30,2,2,0,4,10,6,200,0,0,0,0,200,200,1,0,0,2,200,200
0,200,30,2,2,0,4,10,6,200,0,0,0,0,200,200,1,0,0,1,28,200
0,200,30,1,2,0,1,12,3,200,0,0,0,0,200,200,1,0,200,1,200,200
0,200,30,1,2,0,1,12,3,200,0,0,0,0,200,200,1,0,200,0,27,200
0,200,30,1,2,0,3,0,3,4,0,0,0,1,1,200,200,6,200,0,24,200
0,200,30,1,2,0,3,0,3,4,0,0,0,1,1,200,200,6,200,0,21,200
0,200,30,1,2,0,3,0,3,4,0,0,0,1,1,200,200,6,200,0,39,200
0,200,30,1,2,0,3,12,5,200,5,0,0,0,200,200,200,0,0,0,71,200
0,200,30,1,2,0,3,12,5,200,5,0,0,0,200,200,200,0,0,0,30,200
1,200,30,1,2,0,3,12,5,200,5,0,0,0,200,200,200,0,0,0,29,200
1,200,30,1,2,0,3,12,5,200,5,0,0,0,200,200,200,0,0,0,30,200
1,200,30,1,2,0,3,12,5,200,5,0,0,0,200,200,200,0,0,1,25,200
0,200,30,0,0,0,200,7,5,2,0,0,0,1,200,200,1,0,200,2,200,200
0,200,30,2,2,0,3,7,2,2,0,0,0,0,1,1,1,16,11,0,22,200
0,200,30,0,0,0,1,7,5,2,0,0,0,0,200,200,200,0,0,2,200,200
0,200,30,0,0,0,1,12,5,200,0,0,0,0,200,200,200,200,200,1,23,200
0,200,30,0,0,0,1,12,5,200,0,0,0,0,200,200,200,200,200,1,46,200
1,200,30,0,0,0,1,12,5,200,0,0,0,0,200,200,200,200,200,0,200,200
1,200,30,0,0,0,1,12,5,200,0,0,0,0,200,200,200,200,200,0,200,200
1,200,30,0,0,0,1,12,5,200,0,0,0,0,200,200,200,200,200,0,200,200
0,200,25,1,2,0,2,14,5,200,0,0,0,1,200,200,200,23,22,0,59,200
0,200,25,1,2,0,2,14,5,200,0,0,0,1,200,200,200,23,22,0,37,200
0,200,25,1,2,0,2,14,5,200,0,0,0,1,200,200,200,23,22,1,26,200
1,200,25,1,2,0,2,14,5,200,0,0,0,1,200,200,200,23,22,0,23,200
1,200,25,1,2,0,2,14,5,200,0,0,0,1,200,200,200,23,22,0,27,200
1,200,25,1,2,0,2,14,5,200,0,0,0,1,200,200,200,23,22,0,31,200
0,200,30,0,0,0,3,12,2,4,0,0,0,0,200,200,1,22,0,0,200,200
0,200,30,0,0,0,3,12,2,4,0,0,0,0,200,200,1,22,0,0,57,200
0,200,5,0,0,0,0,7,5,2,0,0,0,0,200,200,1,0,200,2,200,200
0,200,15,0,0,0,1,14,5,2,0,0,0,0,200,200,1,0,0,1,200,200
0,200,15,0,0,0,1,14,5,2,0,0,0,0,200,200,1,0,0,0,33,200
0,200,30,0,0,0,3,14,5,2,0,0,0,0,200,200,1,17,0,0,200,200
0,200,30,0,0,0,3,14,5,2,0,0,0,0,200,200,1,17,0,1,26,200
0,1,30,0,0,0,3,2,6,1,0,0,0,0,200,1,1,0,0,2,200,200
0,200,35,200,200,0,1,7,5,2,0,0,0,0,200,200,200,22,22,0,24,200