PERSON_TYPE,CRASH_DATE_EST_I,POSTED_SPEED_LIMIT,TRAFFIC_CONTROL_DEVICE,DEVICE_CONDITION,WEATHER_CONDITION,LIGHTING_CONDITION,FIRST_CRASH_TYPE,TRAFFICWAY_TYPE,LANE_CNT,ALIGNMENT,ROADWAY_SURFACE_COND,ROAD_DEFECT,CRASH_TYPE,INTERSECTION_RELATED_I,NOT_RIGHT_OF_WAY_I,HIT_AND_RUN_I,PRIM_CONTRIBUTORY_CAUSE,SEC_CONTRIBUTORY_CAUSE,SEX,AGE,BAC_RESULT VALUE
0,200,20,2,2,0,3,2,5,200,0,0,0,1,1,200,200,16,200,0,24,200
0,200,30,2,0,0,3,10,5,200,0,0,0,0,1,200,1,0,200,0,200,200
0,200,30,2,0,0,3,10,5,200,0,0,0,0,1,200,1,0,200,1,49,200
0,200,35,1,2,0,4,10,2,200,0,0,0,0,200,200,200,18,200,1,22,200
0,200,35,1,2,0,4,10,2,200,0,0,0,0,200,200,200,18,200,1,25,200
1,200,35,1,2,0,4,10,2,200,0,0,0,0,200,200,200,18,200,0,200,200
1,200,35,1,2,0,4,10,2,200,0,0,0,0,200,200,200,18,200,0,200,200
0,200,30,2,2,0,3,9,12,2,0,0,0,1,200,200,1,0,0,2,200,200
5,200,30,2,2,0,3,9,12,2,0,0,0,1,200,200,1,0,0,1,56,200
0,200,30,0,0,0,3,12,2,200,0,0,0,0,200,200,200,17,0,0,18,200
0,200,30,0,0,0,3,12,2,200,0,0,0,0,200,200,200,17,0,0,65,200
0,200,30,1,2,0,3,12,5,200,0,0,0,0,200,200,1,22,21,0,200,200
0,200,30,1,2,0,3,12,5,200,0,0,0,0,200,200,1,22,21,0,27,200
0,200,30,0,0,0,3,7,2,200,0,0,0,0,200,200,200,0,200,2,200,200
0,200,45,0,0,0,3,10,3,3,1,0,0,1,200,200,200,0,0,0,25,200
0,200,45,0,0,0,3,10,3,3,1,0,0,1,200,200,200,0,0,0,36,200
1,200,45,0,0,0,3,10,3,3,1,0,0,1,200,200,200,0,0,0,19,200
0,200,20,0,0,200,3,2,6,1,0,200,0,0,200,1,1,0,200,2,200,200
0,200,30,0,0,0,3,7,3,6,0,0,0,0,200,200,1,16,200,0,200,200
0,200,30,1,2,0,3,10,5,4,0,0,0,0,200,200,200,200,200,0,44,200
0,200,30,1,2,0,3,10,5,4,0,0,0,0,200,200,200,200,200,0,57,200
1,200,30,1,2,0,3,10,5,4,0,0,0,0,200,200,200,200,200,1,24,200
0,1,30,0,0,0,1,7,5,2,0,0,0,0,200,200,1,0,200,2,200,200
0,200,30,2,0,0,0,7,6,200,0,0,0,1,200,200,200,10,0,1,21,200
0,200,45,0,0,0,1,12,3,8,0,0,0,0,200,200,1,0,0,2,200,200
0,200,45,0,0,0,1,12,3,8,0,0,0,0,200,200,1,0,0,1,68,200
0,200,30,0,0,0,1,12,6,200,0,0,0,0,200,200,200,17,200,1,59,200
0,200,30,0,0,0,1,12,6,200,0,0,0,0,200,200,200,17,200,1,200,200
1,200,30,0,0,0,1,12,6,200,0,0,0,0,200,200,200,17,200,2,200,200
0,200,35,0,0,0,1,12,3,200,0,0,0,0,200,200,1,0,0,0,200,200
0,200,35,0,0,0,1,12,3,200,0,0,0,0,200,200,1,0,0,1,63,200
0,200,30,1,2,0,3,10,3,6,0,0,0,1,1,200,1,14,22,0,200,200
0,200,30,1,2,0,3,10,3,6,0,0,0,1,1,200,1,14,22,0,26,200
1,200,30,1,2,0,3,10,3,6,0,0,0,1,1,200,1,14,22,1,200,200
0,200,25,9,2,0,3,2,3,4,3,0,0,1,200,200,200,25,15,1,21,200
1,200,25,9,2,0,3,2,3,4,3,0,0,1,200,200,200,25,15,1,22,200
0,200,30,200,200,0,200,7,5,2,0,0,200,1,200,200,200,0,200,2,200,200
0,200,30,0,0,0,3,2,5,1,0,0,0,1,200,200,200,0,16,1,36,200
0,200,30,1,2,0,1,10,5,200,0,0,200,0,200,200,200,0,0,1,22,200
0,200,30,1,2,0,1,10,5,200,0,0,200,0,200,200,200,0,0,0,31,200
1,200,30,1,2,0,1,10,5,200,0,0,200,0,200,200,200,0,0,0,200,200
0,200,30,1,2,0,3,12,5,2,0,0,0,0,1,200,200,0,0,0,200,200
0,200,30,1,2,0,3,12,5,2,0,0,0,0,1,200,200,0,0,1,28,200
0,200,30,0,0,0,3,10,5,2,0,0,0,1,1,200,200,16,200,0,31,200
0,200,30,0,0,0,3,10,5,2,0,0,0,1,1,200,200,16,200,1,35,200
1,200,30,0,0,0,3,10,5,2,0,0,0,1,1,200,200,16,200,0,59,200
1,200,30,0,0,0,3,10,5,2,0,0,0,1,1,200,200,16,200,0,49,200
1,200,30,0,0,0,3,10,5,2,0,0,0,1,1,200,200,16,200,0,23,200
1,200,30,0,0,0,3,10,5,2,0,0,0,1,1,200,200,16,200,0,20,200
0,200,30,0,0,0,3,7,5,2,0,0,0,1,200,200,200,32,200,0,45,200
0,200,30,200,200,0,3,12,2,4,0,0,200,0,200,200,200,0,0,0,44,200
0,200,30,200,200,0,3,12,2,4,0,0,200,0,200,200,200,0,0,1,27,200
0,1,30,0,0,0,3,7,6,200,0,0,0,1,200,200,1,0,200,2,200,200
0,200,25,0,0,0,3,7,6,200,0,0,0,1,200,200,200,14,32,0,42,0.11
0,200,40,0,0,0,3,2,3,4,0,0,0,1,200,200,200,27,21,0,56,200
0,200,30,1,2,0,3,0,5,4,0,0,0,0,1,200,1,6,200,0,200,200
0,200,30,1,2,0,3,0,5,4,0,0,0,0,1,200,1,6,200,0,29,200
0,200,20,0,0,0,3,3,2,200,0,0,0,1,200,200,200,0,0,1,30,200
0,200,20,0,0,0,3,3,2,200,0,0,0,1,200,200,200,0,0,0,66,200
0,200,30,1,2,0,3,14,6,3,0,0,3,1,1,200,200,29,200,0,33,200
0,200,30,1,2,0,3,14,6,3,0,0,3,1,1,200,200,29,200,0,35,200
0,200,30,0,200,200,3,14,2,4,0,200,200,1,1,200,200,11,0,0,27,200
0,200,30,0,200,200,3,14,2,4,0,200,200,1,1,200,200,11,0,0,19,200
0,200,35,2,2,0,3,10,5,2,0,0,0,0,1,200,200,18,200,0,25,200
0,200,35,2,2,0,3,10,5,2,0,0,0,0,1,200,200,18,200,0,30,200
0,200,35,2,2,0,3,10,5,2,0,0,0,0,1,200,200,18,200,0,44,200
1,200,35,2,2,0,3,10,5,2,0,0,0,0,1,200,200,18,200,0,200,200
0,200,30,0,0,0,2,7,2,4,0,0,0,0,200,200,200,0,0,0,43,200
0,200,35,1,2,1,2,14,1,5,0,0,0,1,1,200,200,17,6,0,58,200
0,200,35,1,2,1,2,14,1,5,0,0,0,1,1,200,200,17,6,0,44,200
0,200,30,1,2,0,0,10,5,2,0,0,0,0,200,200,1,18,16,2,200,200
0,200,30,1,2,0,0,10,5,2,0,0,0,0,200,200,1,18,16,1,38,200
0,200,30,1,2,0,0,10,5,2,0,0,0,0,200,200,1,18,16,2,200,200
0,1,30,0,0,0,2,7,5,2,0,0,0,0,200,200,0,11,200,0,62,200
0,200,30,0,0,0,1,2,6,2,0,0,1,0,200,200,200,200,200,0,65,200
0,200,30,1,2,0,2,0,5,200,0,0,0,0,200,200,1,14,18,1,200,200
0,200,30,1,2,0,2,0,5,200,0,0,0,0,200,200,1,14,18,0,47,200
0,200,30,0,0,0,1,10,5,2,0,0,0,1,200,200,200,16,200,0,53,200
0,200,30,0,0,0,1,10,5,2,0,0,0,1,200,200,200,16,200,0,42,200
1,200,30,0,0,0,1,10,5,2,0,0,0,1,200,200,200,16,200,1,2,200
0,200,25,2,2,0,1,0,6,2,0,0,0,1,1,200,1,5,17,0,58,200
0,200,25,2,2,0,1,0,6,2,0,0,0,1,1,200,1,5,17,2,200,200
0,1,30,0,0,200,200,7,6,1,0,200,0,1,200,200,1,0,0,2,200,200
0,200,30,0,0,0,1,14,5,2,0,0,0,1,200,200,200,21,22,1,35,200
0,200,30,0,0,0,1,14,5,2,0,0,0,1,200,200,200,21,22,0,54,200
0,200,20,0,0,0,1,10,5,200,0,0,0,0,200,1,200,0,0,0,31,200
0,200,20,0,0,0,1,10,5,200,0,0,0,0,200,1,200,0,0,0,41,200
0,200,35,0,0,0,1,10,2,6,0,0,0,0,200,200,200,0,0,0,24,200
0,200,35,0,0,0,1,10,2,6,0,0,0,0,200,200,200,0,0,1,62,200
0,200,30,0,0,0,1,12,2,3,0,0,0,0,200,200,200,17,17,1,29,200
0,200,30,0,0,0,1,12,2,3,0,0,0,0,200,200,200,17,17,0,29,200
0,200,30,0,0,0,1,10,5,2,0,0,2,0,200,200,200,0,0,1,23,200
0,200,25,2,2,0,1,14,5,2,0,0,0,0,1,200,200,5,17,0,79,200
0,200,25,2,2,0,1,14,5,2,0,0,0,0,1,200,200,5,17,0,52,200
0,200,30,1,2,0,1,10,2,2,0,0,0,1,200,200,200,33,11,0,17,200
0,200,30,1,2,0,1,10,2,2,0,0,0,1,200,200,200,33,11,1,33,200
1,200,30,1,2,0,1,10,2,2,0,0,0,1,200,200,200,33,11,1,16,200
0,1,30,0,200,0,1,8,5,1,0,0,200,0,200,200,1,200,200,2,200,200
4,1,30,0,200,0,1,8,5,1,0,0,200,0,200,200,1,200,200,0,53,200
0,200,40,1,2,0,1,12,3,6,0,0,0,0,200,200,1,0,0,0,200,200
0,200,40,1,2,0,1,12,3,6,0,0,0,0,200,200,1,0,0,0,20,200
1,200,40,1,2,0,1,12,3,6,0,0,0,0,200,200,1,0,0,0,200,200
0,200,30,0,0,0,1,2,3,4,0,0,0,1,200,200,200,0,200,1,61,200
0,200,30,1,2,0,1,14,1,200,3,0,0,0,200,200,200,21,200,1,25,200
0,200,30,1,2,0,1,14,1,200,3,0,0,0,200,200,200,21,200,1,54,200
0,200,30,0,0,0,1,7,12,4,0,12,12,1,1,200,200,28,200,1,35,200
0,200,30,0,0,0,1,10,5,2,0,0,0,0,200,200,200,18,200,0,41,200
0,200,30,0,0,0,1,10,5,2,0,0,0,0,200,200,200,18,200,0,27,200
0,200,30,1,2,0,1,11,5,2,0,0,0,0,1,200,200,17,200,1,200,200
0,200,30,1,2,0,1,11,5,2,0,0,0,0,1,200,200,17,200,0,51,200
0,200,30,0,0,0,1,5,5,200,1,0,0,0,200,200,200,0,12,0,51,200
0,200,30,0,0,0,1,5,5,200,1,0,0,0,200,200,200,0,12,0,39,200
0,200,30,0,0,0,1,7,5,2,0,0,0,0,200,200,1,200,200,2,200,200
0,200,20,0,0,0,1,0,6,200,0,0,0,1,200,200,200,17,200,1,30,200
0,200,20,0,0,0,1,0,6,200,0,0,0,1,200,200,200,17,200,0,36,200
1,200,20,0,0,0,1,0,6,200,0,0,0,1,200,200,200,17,200,1,1,200
0,200,30,0,0,0,1,10,5,2,0,0,0,0,1,1,200,18,200,1,50,200
0,200,30,0,0,0,1,10,5,2,0,0,0,0,1,1,200,18,200,0,0,200
0,200,30,0,0,0,1,10,5,2,0,0,0,0,1,1,200,18,200,1,40,200
0,1,30,1,2,0,1,12,5,200,0,0,0,0,200,200,200,22,21,0,23,200
0,1,30,1,2,0,1,12,5,200,0,0,0,0,200,200,200,22,21,0,31,200
0,200,30,3,2,0,1,14,2,4,0,0,0,0,1,200,200,22,4,0,78,200
0,200,30,3,2,0,1,14,2,4,0,0,0,0,1,200,200,22,4,0,30,200
0,200,30,2,0,0,1,14,5,4,0,0,0,0,1,200,200,5,0,0,53,200
0,200,30,2,0,0,1,14,5,4,0,0,0,0,1,200,200,5,0,0,41,200
0,200,30,2,0,0,1,14,5,4,0,0,0,0,1,200,200,5,0,1,36,200
0,200,35,0,0,0,1,12,2,2,0,0,0,0,200,200,200,21,0,0,78,200
0,200,35,0,0,0,1,12,2,2,0,0,0,0,200,200,200,21,0,0,33,200
1,200,35,0,0,0,1,12,2,2,0,0,0,0,200,200,200,21,0,0,25,200
0,200,30,1,2,0,2,10,5,4,0,0,0,1,1,200,200,18,16,0,26,200
0,200,30,1,2,0,2,10,5,4,0,0,0,1,1,200,200,18,16,0,42,200
0,200,20,0,0,0,1,2,5,2,0,0,0,0,200,200,200,200,200,0,58,200
0,200,10,0,0,200,1,2,0,1,0,200,3,0,200,1,200,0,200,2,200,200
0,200,30,1,1,0,1,9,5,8,0,0,0,1,1,200,200,17,200,1,35,200
5,200,30,1,1,0,1,9,5,8,0,0,0,1,1,200,200,17,200,1,60,200
0,200,0,0,0,0,1,14,2,200,0,0,0,0,1,200,200,0,0,0,34,200
0,200,0,0,0,0,1,14,2,200,0,0,0,0,1,200,200,0,0,0,27,200
0,200,30,1,2,0,1,0,5,4,0,0,0,1,1,200,200,6,16,0,29,200
0,200,30,1,2,0,1,0,5,4,0,0,0,1,1,200,200,6,16,1,63,200
0,200,30,0,0,0,1,2,2,200,0,0,0,0,200,200,0,21,200,0,25,200
2,200,30,0,0,0,1,2,2,200,0,0,0,0,200,200,0,21,200,2,200,200
0,200,30,200,200,0,1,0,3,3,0,0,0,1,1,1,200,0,200,1,48,200
0,200,30,200,200,0,1,0,3,3,0,0,0,1,1,1,200,0,200,0,19,200
1,200,30,200,200,0,1,0,3,3,0,0,0,1,1,1,200,0,200,0,19,200
0,200,30,1,2,1,1,12,5,4,0,0,0,0,200,200,1,22,0,2,200,200
0,200,30,1,2,1,1,12,5,4,0,0,0,0,200,200,1,22,0,0,37,200
0,200,30,2,1,0,1,12,5,200,0,0,0,0,200,200,200,0,200,1,27,200
0,200,30,2,1,0,1,12,5,200,0,0,0,0,200,200,200,0,200,0,44,200
0,200,30,2,2,0,1,14,5,2,0,0,0,0,1,200,200,17,200,0,42,200
0,200,30,2,2,0,1,14,5,2,0,0,0,0,1,200,200,17,200,1,23,200
0,200,30,0,0,0,1,10,5,4,0,0,0,0,200,200,200,18,16,0,33,200
0,200,30,0,0,0,1,10,5,4,0,0,0,0,200,200,200,18,16,0,43,200
0,200,30,0,0,0,1,10,5,200,0,0,0,0,200,200,200,18,200,1,27,200
0,200,30,0,0,0,1,10,5,200,0,0,0,0,200,200,200,18,200,1,26,200
0,200,30,0,0,0,1,0,5,2,0,0,0,1,200,200,200,20,16,0,69,200
0,200,30,0,0,0,1,0,5,2,0,0,0,1,200,200,200,20,16,0,37,200
1,200,30,0,0,0,1,0,5,2,0,0,0,1,200,200,200,20,16,0,40,200
0,200,30,0,0,0,3,7,6,200,0,0,0,0,200,200,1,0,16,1,200,200
1,200,30,0,0,0,3,7,6,200,0,0,0,0,200,200,1,0,16,2,200,200
1,200,30,0,0,0,3,7,6,200,0,0,0,0,200,200,1,0,16,0,200,200
0,200,30,0,0,0,1,12,3,4,0,0,0,0,200,200,200,17,17,0,31,200
0,200,30,0,0,0,1,12,3,4,0,0,0,0,200,200,200,17,17,0,39,200
0,200,30,1,2,0,1,10,5,2,0,200,200,0,1,200,200,18,0,1,200,200
0,200,30,1,2,0,1,10,5,2,0,200,200,0,1,200,200,18,0,1,81,200
0,200,35,1,2,0,1,10,5,4,0,0,0,1,1,200,200,18,11,1,38,200
0,200,35,1,2,0,1,10,5,4,0,0,0,1,1,200,200,18,11,0,40,200
0,200,35,1,2,0,1,10,5,4,0,0,0,1,1,200,200,18,11,0,24,200
0,200,35,1,2,0,1,10,5,4,0,0,0,1,1,200,200,18,11,0,53,200
1,200,35,1,2,0,1,10,5,4,0,0,0,1,1,200,200,18,11,0,28,200
0,200,40,2,2,0,1,8,5,200,0,0,0,1,1,200,200,5,200,0,31,200
4,200,40,2,2,0,1,8,5,200,0,0,0,1,1,200,200,5,200,0,30,200
0,200,15,0,0,0,1,7,7,0,0,0,0,0,200,1,200,0,200,0,38,200
0,200,30,1,2,0,1,14,6,3,0,0,0,0,1,200,200,23,23,1,60,200
0,200,30,1,2,0,1,14,6,3,0,0,0,0,1,200,200,23,23,0,37,200
0,200,5,0,0,0,1,7,7,200,0,0,0,0,200,200,200,11,20,1,23,200
1,200,5,0,0,0,1,7,7,200,0,0,0,0,200,200,200,11,20,1,200,200
0,200,30,2,2,0,1,14,2,200,0,0,0,0,200,200,200,17,17,0,40,200
0,200,30,2,2,0,1,14,2,200,0,0,0,0,200,200,200,17,17,0,26,200
0,200,35,0,0,0,2,14,5,2,0,0,0,0,200,200,200,23,17,1,24,200
0,200,35,0,0,0,2,14,5,2,0,0,0,0,200,200,200,23,17,1,29,200
0,200,30,1,2,0,1,14,2,200,0,0,0,0,1,200,200,21,200,0,30,200
0,200,30,1,2,0,1,14,2,200,0,0,0,0,1,200,200,21,200,0,51,200
0,200,30,1,2,0,1,14,2,200,0,0,0,0,1,200,200,21,200,0,25,200
0,200,30,1,2,0,1,14,5,4,0,0,0,1,1,200,200,7,17,0,66,200
0,200,30,1,2,0,1,14,5,4,0,0,0,1,1,200,200,7,17,0,54,200
0,200,30,1,2,0,1,14,2,200,0,0,0,0,1,200,200,0,0,1,30,200
0,200,30,1,2,0,1,14,2,200,0,0,0,0,1,200,200,0,0,0,52,200
0,1,30,0,0,0,1,7,6,1,0,0,0,0,200,200,1,0,200,2,200,200
0,200,30,0,0,0,1,12,5,200,0,0,0,0,200,200,200,0,0,1,34,200
0,200,30,0,0,0,1,12,5,200,0,0,0,0,200,200,200,0,0,0,50,200
0,200,30,0,0,0,1,10,5,2,0,0,0,0,200,200,200,18,18,0,63,200
0,200,30,0,0,0,1,10,5,2,0,0,0,0,200,200,200,18,18,0,50,200
1,200,30,0,0,0,1,10,5,2,0,0,0,0,200,200,200,18,18,0,200,200
1,200,30,0,0,0,1,10,5,2,0,0,0,0,200,200,200,18,18,0,200,200
1,200,30,0,0,0,1,10,5,2,0,0,0,0,200,200,200,18,18,0,200,200
0,200,30,1,2,0,1,0,5,200,0,0,0,0,200,200,200,17,0,0,31,200
0,200,30,1,2,0,1,0,5,200,0,0,0,0,200,200,200,17,0,1,26,200
0,200,0,0,0,0,1,14,5,200,0,0,0,0,200,200,200,23,23,1,200,200
0,200,0,0,0,0,1,14,5,200,0,0,0,0,200,200,200,23,23,0,56,200
0,0,30,0,0,0,1,7,6,1,0,0,0,0,200,200,1,0,200,2,200,200
0,200,40,1,2,0,1,12,3,200,0,0,0,0,200,200,200,0,0,0,40,200
0,200,40,1,2,0,1,12,3,200,0,0,0,0,200,200,200,0,0,0,47,200
0,200,10,0,0,0,1,7,7,0,0,0,0,0,200,1,200,0,0,1,200,200
0,200,35,0,0,0,1,12,5,200,0,0,0,0,200,200,200,0,0,0,40,200
0,200,35,0,0,0,1,12,5,200,0,0,0,0,200,200,200,0,0,0,29,200
0,200,30,0,0,0,1,10,7,200,0,0,0,0,200,200,200,20,200,0,30,200
0,200,30,0,0,0,1,10,7,200,0,0,0,0,200,200,200,20,200,0,47,200
0,200,30,0,0,0,1,7,5,2,0,0,0,1,200,200,1,0,0,0,200,200
1,200,30,0,0,0,1,7,5,2,0,0,0,1,200,200,1,0,0,0,200,200
1,200,30,0,0,0,1,7,5,2,0,0,0,1,200,200,1,0,0,0,200,200
1,200,30,0,0,0,1,7,5,2,0,0,0,1,200,200,1,0,0,0,200,200
1,200,30,0,0,0,1,7,5,2,0,0,0,1,200,200,1,0,0,1,200,200
0,1,20,0,0,0,0,7,6,1,0,0,0,0,200,200,200,0,0,0,52,200
0,200,25,0,0,0,1,7,6,200,0,0,0,0,200,200,1,17,200,0,200,200
0,200,30,0,0,0,1,12,5,200,0,0,0,0,1,200,200,17,17,1,28,200
0,200,30,0,0,0,1,12,5,200,0,0,0,0,1,200,200,17,17,0,71,200
0,200,30,1,2,0,1,10,5,2,0,0,0,0,200,200,200,0,200,0,52,200
0,200,30,1,2,0,1,10,5,2,0,0,0,0,200,200,200,0,200,1,56,200
0,200,0,0,0,0,1,2,12,200,0,0,0,1,200,1,200,27,200,1,63,200
0,200,35,1,2,0,1,14,3,200,0,0,0,1,1,200,200,17,16,0,27,200
0,200,35,1,2,0,1,14,3,200,0,0,0,1,1,200,200,17,16,1,29,200
0,200,0,0,0,0,1,8,6,200,0,0,0,1,200,200,200,33,17,1,88,200
4,200,0,0,0,0,1,8,6,200,0,0,0,1,200,200,200,33,17,1,34,200
0,200,30,0,0,0,0,7,6,1,0,0,0,0,200,200,1,200,200,2,200,200
0,200,30,0,0,0,1,12,2,4,0,0,0,0,200,200,1,2,21,0,200,200
0,200,30,0,0,0,1,12,2,4,0,0,0,0,200,200,1,2,21,1,36,200
0,200,30,2,2,0,1,0,2,200,0,0,0,0,1,200,200,17,17,1,25,200
0,200,30,2,2,0,1,0,2,200,0,0,0,0,1,200,200,17,17,0,70,200
1,200,30,2,2,0,1,0,2,200,0,0,0,0,1,200,200,17,17,0,0,200
0,200,30,0,0,0,1,7,5,2,0,0,0,0,200,200,200,0,0,0,57,200
1,200,30,0,0,0,1,7,5,2,0,0,0,0,200,200,200,0,0,1,48,200
0,200,30,0,0,0,1,10,5,200,0,0,0,0,200,200,200,18,15,0,200,200
0,200,30,0,0,0,1,10,5,200,0,0,0,0,200,200,200,18,15,0,30,200
0,200,35,0,0,0,1,12,5,4,0,0,0,0,200,200,200,0,0,1,70,200
0,200,35,0,0,0,1,12,5,4,0,0,0,0,200,200,200,0,0,0,23,200
0,200,25,1,2,0,1,14,5,200,0,0,0,0,200,200,200,23,23,0,33,200
0,200,25,1,2,0,1,14,5,200,0,0,0,0,200,200,200,23,23,0,53,200
0,200,30,1,2,0,1,0,2,2,0,0,0,0,1,200,200,17,200,1,71,200
0,200,30,1,2,0,1,0,2,2,0,0,0,0,1,200,200,17,200,1,25,200
0,200,30,2,2,0,1,10,5,200,0,0,0,0,200,200,200,0,0,0,28,200
0,200,30,2,2,0,1,10,5,200,0,0,0,0,200,200,200,0,0,1,67,200
0,200,30,1,1,0,1,7,2,4,0,0,0,0,200,200,200,11,0,0,35,200
1,200,30,1,1,0,1,7,2,4,0,0,0,0,200,200,200,11,0,0,45,200
0,1,30,0,0,0,1,14,5,2,0,0,0,1,200,200,200,17,200,1,51,200
0,1,30,0,0,0,1,14,5,2,0,0,0,1,200,200,200,17,200,0,60,200
1,1,30,0,0,0,1,14,5,2,0,0,0,1,200,200,200,17,200,200,200,200
1,1,30,0,0,0,1,14,5,2,0,0,0,1,200,200,200,17,200,0,59,200
0,200,30,1,2,0,1,12,3,3,0,0,0,0,200,200,200,0,200,0,200,200
0,200,30,1,2,0,1,12,3,3,0,0,0,0,200,200,200,0,200,0,200,200
0,200,30,2,2,0,1,12,5,200,0,0,0,0,1,200,1,5,200,0,200,200
0,200,30,2,2,0,1,12,5,200,0,0,0,0,1,200,1,5,200,1,31,200
1,200,30,2,2,0,1,12,5,200,0,0,0,0,1,200,1,5,200,1,200,200
0,200,10,0,200,0,1,10,7,200,0,1,200,0,200,200,200,20,0,0,43,200
0,200,10,0,200,0,1,10,7,200,0,1,200,0,200,200,200,20,0,1,28,200
0,200,30,0,0,0,1,10,5,200,0,0,0,1,0,200,200,16,11,0,57,200
0,200,30,0,0,0,1,10,5,200,0,0,0,1,0,200,200,16,11,1,81,200
0,200,20,0,0,200,200,7,5,2,0,200,0,0,200,200,1,0,0,2,200,200
0,200,30,1,2,0,1,14,2,200,0,0,0,0,1,200,200,0,16,0,38,200
0,200,30,1,2,0,1,14,2,200,0,0,0,0,1,200,200,0,16,0,79,200
1,200,30,1,2,0,1,14,2,200,0,0,0,0,1,200,200,0,16,1,78,200
1,200,30,1,2,0,1,14,2,200,0,0,0,0,1,200,200,0,16,1,68,200
0,200,30,2,2,0,1,0,5,200,0,0,0,0,200,200,200,0,0,0,200,200
0,200,30,2,2,0,1,0,5,200,0,0,0,0,200,200,200,0,0,1,32,200
1,200,30,2,2,0,1,0,5,200,0,0,0,0,200,200,200,0,0,1,8,200
1,200,30,2,2,0,1,0,5,200,0,0,0,0,200,200,200,0,0,0,0,200
0,1,30,2,2,0,1,0,5,2,0,0,0,0,1,200,200,200,200,0,200,200
0,1,30,2,2,0,1,0,5,2,0,0,0,0,1,200,200,200,200,0,200,200
0,200,30,0,0,0,1,6,3,200,0,0,0,1,200,1,200,12,200,0,48,200
0,200,25,2,0,0,1,10,5,200,0,0,0,0,200,200,200,16,200,1,34,200
0,200,25,2,0,0,1,10,5,200,0,0,0,0,200,200,200,16,200,0,65,200
0,200,30,0,0,0,1,10,2,200,0,0,0,0,200,200,200,20,0,1,31,200
0,200,30,0,0,0,1,10,2,200,0,0,0,0,200,200,200,20,0,1,41,200
0,200,30,0,0,0,1,14,5,4,0,0,0,0,200,200,200,0,0,0,69,200
0,200,30,0,0,0,1,14,5,4,0,0,0,0,200,200,200,0,0,0,34,200
0,1,30,0,0,0,1,7,5,1,0,0,0,0,200,200,1,0,0,2,200,200
0,200,30,0,0,0,1,10,5,2,0,0,0,1,200,200,200,18,200,1,37,200
0,200,30,0,0,0,1,10,5,2,0,0,0,1,200,200,200,18,200,1,22,200
0,200,30,0,0,0,1,10,5,2,0,0,0,1,200,200,200,18,200,1,45,200
5,200,30,0,0,0,1,9,2,200,0,0,12,1,200,200,200,17,200,1,44,200
0,200,30,0,0,0,1,9,2,200,0,0,12,1,200,200,200,17,200,1,52,200
0,200,30,2,2,0,1,0,6,0,0,0,0,1,1,200,200,17,16,1,73,200
0,200,30,2,2,0,1,0,6,0,0,0,0,1,1,200,200,17,16,0,0,200
1,200,30,2,2,0,1,0,6,0,0,0,0,1,1,200,200,17,16,0,76,200
0,200,25,1,2,0,1,14,6,200,0,0,0,0,200,200,200,23,0,1,79,200
0,200,25,1,2,0,1,14,6,200,0,0,0,0,200,200,200,23,0,1,35,200
0,200,30,0,0,0,1,7,5,2,0,0,0,0,200,200,200,0,200,0,65,200
0,200,30,1,2,0,1,14,2,2,0,0,0,0,200,200,200,200,200,1,78,200
0,200,30,1,2,0,1,14,2,2,0,0,0,0,200,200,200,200,200,0,42,200
0,200,0,0,0,0,1,0,7,200,0,0,0,0,200,200,200,20,200,1,53,200
0,200,0,0,0,0,1,0,7,200,0,0,0,0,200,200,200,20,200,0,70,200
1,200,0,0,0,0,1,0,7,200,0,0,0,0,200,200,200,20,200,1,79,200
0,200,30,1,2,0,1,10,5,200,0,0,0,0,200,200,200,0,0,0,200,200
0,200,30,1,2,0,1,10,5,200,0,0,0,0,200,200,200,0,0,0,200,200
0,200,0,0,0,0,1,11,7,0,0,0,0,0,200,1,200,0,200,0,38,200
0,200,0,0,0,0,1,11,7,0,0,0,0,0,200,1,200,0,200,1,80,200
1,200,0,0,0,0,1,11,7,0,0,0,0,0,200,1,200,0,200,0,5,200
0,200,30,0,0,0,1,7,6,1,0,0,0,0,200,200,200,28,200,0,33,200
0,200,10,0,0,0,1,9,7,200,0,0,0,1,200,200,200,0,0,0,200,200
5,200,10,0,0,0,1,9,7,200,0,0,0,1,200,200,200,0,0,1,36,200
0,200,30,0,0,0,1,10,3,8,0,0,0,0,1,200,200,7,200,0,80,200
0,200,30,0,0,0,1,10,3,8,0,0,0,0,1,200,200,7,200,1,49,200
1,200,30,0,0,0,1,10,3,8,0,0,0,0,1,200,200,7,200,0,49,200
0,200,30,0,0,0,1,12,2,2,0,0,0,0,200,200,200,0,27,1,44,200
0,200,30,0,0,0,1,12,2,2,0,0,0,0,200,200,200,0,27,0,47,200
0,200,30,0,0,0,1,10,5,2,0,0,0,0,200,200,200,0,0,0,34,200
0,200,30,0,0,0,1,10,5,2,0,0,0,0,200,200,200,0,0,0,98,200
0,200,30,2,200,0,1,0,200,200,0,200,200,0,1,200,1,0,200,0,200,200
0,200,30,2,200,0,1,0,200,200,0,200,200,0,1,200,1,0,200,0,21,200
0,200,25,2,2,0,4,14,5,2,0,0,0,0,1,200,1,15,17,0,200,200
0,200,25,2,2,0,4,14,5,2,0,0,0,0,1,200,1,15,17,0,22,200
0,1,30,1,2,0,1,3,2,2,0,0,0,0,200,200,200,0,0,0,52,200
0,1,30,1,2,0,1,3,2,2,0,0,0,0,200,200,200,0,0,0,44,200
0,200,5,0,0,0,1,0,7,200,0,0,0,0,200,200,200,0,0,0,43,200