PERSON_TYPE,CRASH_DATE_EST_I,POSTED_SPEED_LIMIT,TRAFFIC_CONTROL_DEVICE,DEVICE_CONDITION,WEATHER_CONDITION,LIGHTING_CONDITION,FIRST_CRASH_TYPE,TRAFFICWAY_TYPE,LANE_CNT,ALIGNMENT,ROADWAY_SURFACE_COND,ROAD_DEFECT,CRASH_TYPE,INTERSECTION_RELATED_I,NOT_RIGHT_OF_WAY_I,HIT_AND_RUN_I,PRIM_CONTRIBUTORY_CAUSE,SEC_CONTRIBUTORY_CAUSE,SEX,AGE,BAC_RESULT VALUE
0,200,5,0,0,0,1,0,7,200,0,0,0,0,200,200,200,0,0,1,60,200
0,200,30,1,2,0,1,14,5,4,0,0,0,0,1,200,200,0,0,0,26,200
0,200,30,1,2,0,1,14,5,4,0,0,0,0,1,200,200,0,0,1,65,200
0,200,35,1,2,0,1,10,2,200,0,0,0,0,200,200,200,0,0,0,58,200
0,200,35,1,2,0,1,10,2,200,0,0,0,0,200,200,200,0,0,0,65,200
0,200,30,2,2,0,1,8,12,200,0,0,0,1,200,200,200,5,0,0,200,200
4,200,30,2,2,0,1,8,12,200,0,0,0,1,200,200,200,5,0,1,29,200
0,200,30,2,2,0,1,10,6,200,0,0,0,0,200,200,1,16,6,0,200,200
0,200,30,2,2,0,1,10,6,200,0,0,0,0,200,200,1,16,6,0,41,200
0,200,30,0,0,0,1,12,5,200,0,0,0,0,200,200,200,22,200,0,27,200
0,200,30,0,0,0,1,12,5,200,0,0,0,0,200,200,200,22,200,1,53,200
0,200,30,1,2,0,1,9,5,200,0,0,0,1,1,200,200,17,200,0,59,200
5,200,30,1,2,0,1,9,5,200,0,0,0,1,1,200,200,17,200,1,35,200
0,200,25,0,0,0,1,10,5,200,0,0,0,0,200,200,200,18,200,0,41,200
0,200,25,0,0,0,1,10,5,200,0,0,0,0,200,200,200,18,200,1,39,200
0,200,15,0,0,0,1,12,2,200,0,0,0,1,200,200,200,22,32,0,43,200
0,200,15,0,0,0,1,12,2,200,0,0,0,1,200,200,200,22,32,0,38,200
4,200,30,1,2,0,1,8,1,5,0,0,0,0,1,200,200,6,200,0,20,200
0,200,30,1,2,0,1,8,1,5,0,0,0,0,1,200,200,6,200,0,43,200
0,200,30,0,0,0,1,0,3,2,0,0,0,0,1,200,200,17,200,1,20,200
0,200,30,0,0,0,1,0,3,2,0,0,0,0,1,200,200,17,200,0,51,200
1,200,30,0,0,0,1,0,3,2,0,0,0,0,1,200,200,17,200,1,200,200
0,1,35,0,0,0,1,14,3,200,0,0,0,0,200,200,200,17,200,0,44,200
0,1,35,0,0,0,1,14,3,200,0,0,0,0,200,200,200,17,200,0,18,200
0,200,25,0,200,0,1,14,5,200,0,0,200,0,200,200,200,23,0,0,30,200
0,200,25,0,200,0,1,14,5,200,0,0,200,0,200,200,200,23,0,1,25,200
0,200,30,1,2,0,1,10,6,200,0,0,0,0,1,200,200,16,18,0,39,200
0,200,30,1,2,0,1,10,6,200,0,0,0,0,1,200,200,16,18,0,27,200
0,200,30,0,0,0,1,7,4,1,0,0,0,0,200,1,1,25,16,0,40,200
0,200,30,1,2,0,1,14,5,2,0,0,0,0,200,200,200,0,0,0,66,200
0,200,30,1,2,0,1,14,5,2,0,0,0,0,200,200,200,0,0,0,61,200
0,200,30,0,0,0,1,2,5,200,0,0,0,0,200,1,200,0,200,0,58,200
0,200,30,1,2,0,1,14,2,4,0,0,0,0,200,200,200,23,25,0,64,200
0,200,30,1,2,0,1,14,2,4,0,0,0,0,200,200,200,23,25,1,39,200
1,200,30,1,2,0,1,14,2,4,0,0,0,0,200,200,200,23,25,0,39,200
0,200,0,0,0,0,1,14,5,4,0,0,0,0,1,200,200,22,23,0,75,200
0,200,0,0,0,0,1,14,5,4,0,0,0,0,1,200,200,22,23,0,45,200
0,200,30,1,2,0,1,14,5,4,0,0,0,1,1,200,200,23,0,0,71,200
0,200,30,1,2,0,1,14,5,4,0,0,0,1,1,200,200,23,0,0,20,200
1,200,30,1,2,0,1,14,5,4,0,0,0,1,1,200,200,23,0,1,73,200
0,200,20,0,0,0,1,2,7,200,0,0,0,1,200,200,200,16,16,1,61,200
0,200,30,0,0,0,1,10,5,200,0,0,0,0,200,200,200,20,16,1,200,200
0,200,30,0,0,0,1,10,5,200,0,0,0,0,200,200,200,20,16,0,34,200
0,200,30,1,2,0,1,9,2,200,0,0,0,1,1,200,200,0,0,1,33,200
5,200,30,1,2,0,1,9,2,200,0,0,0,1,1,200,200,0,0,1,58,200
0,200,30,1,2,0,1,10,5,200,0,0,200,0,1,200,200,0,0,0,37,200
0,200,30,1,2,0,1,10,5,200,0,0,200,0,1,200,200,0,0,1,30,200
0,1,30,0,0,0,1,8,5,200,0,0,0,0,200,200,200,17,200,0,200,200
4,1,30,0,0,0,1,8,5,200,0,0,0,0,200,200,200,17,200,0,24,200
0,200,30,1,2,0,1,10,6,200,0,0,0,0,1,200,200,8,35,0,49,200
0,200,30,1,2,0,1,10,6,200,0,0,0,0,1,200,200,8,35,0,30,200
0,200,30,1,2,200,1,12,12,0,0,200,0,0,1,200,200,0,0,1,200,200
0,200,30,1,2,200,1,12,12,0,0,200,0,0,1,200,200,0,0,1,200,200
0,200,25,0,0,0,1,10,6,1,0,0,0,0,200,200,1,18,16,0,200,200
0,200,25,0,0,0,1,10,6,1,0,0,0,0,200,200,1,18,16,1,47,200
0,200,0,0,0,0,1,7,5,2,0,0,200,0,200,200,1,0,0,2,200,200
0,200,30,0,0,0,1,7,7,200,0,0,0,0,200,200,1,20,0,1,200,200
0,200,30,1,2,0,1,0,5,200,0,0,0,0,1,200,200,0,0,1,35,200
0,200,30,1,2,0,1,0,5,200,0,0,0,0,1,200,200,0,0,0,47,200
0,200,10,0,0,0,0,7,7,200,0,200,200,0,200,1,200,0,200,0,35,200
0,200,35,0,0,0,1,12,5,200,0,0,0,0,200,200,200,22,16,0,23,200
0,200,35,0,0,0,1,12,5,200,0,0,0,0,200,200,200,22,16,0,55,200
0,1,30,1,2,0,1,12,5,200,0,0,12,0,200,200,200,0,0,0,54,200
0,1,30,1,2,0,1,12,5,200,0,0,12,0,200,200,200,0,0,0,25,200
0,200,20,0,0,0,1,5,5,200,0,0,200,0,200,200,200,17,0,0,200,200
0,200,20,0,0,0,1,5,5,200,0,0,200,0,200,200,200,17,0,0,19,200
4,200,30,12,2,0,1,8,12,2,0,0,0,1,200,200,200,10,17,1,22,200
0,200,30,12,2,0,1,8,12,2,0,0,0,1,200,200,200,10,17,0,30,200
1,200,30,12,2,0,1,8,12,2,0,0,0,1,200,200,200,10,17,0,61,200
0,200,35,0,0,0,1,10,6,3,0,0,0,0,200,200,1,25,0,0,200,200
0,200,35,0,0,0,1,10,6,3,0,0,0,0,200,200,1,25,0,0,71,200
0,200,35,0,0,0,1,10,6,3,0,0,0,0,200,200,1,25,0,1,57,200
1,200,35,0,0,0,1,10,6,3,0,0,0,0,200,200,1,25,0,200,200,200
1,200,35,0,0,0,1,10,6,3,0,0,0,0,200,200,1,25,0,200,200,200
1,200,35,0,0,0,1,10,6,3,0,0,0,0,200,200,1,25,0,200,200,200
0,200,30,0,0,0,1,14,5,200,0,0,200,0,200,200,200,0,200,1,69,200
0,200,30,0,0,0,1,14,5,200,0,0,200,0,200,200,200,0,200,1,50,200
0,200,30,1,2,0,1,10,2,2,0,0,0,0,200,200,200,20,0,0,57,200
0,200,30,1,2,0,1,10,2,2,0,0,0,0,200,200,200,20,0,0,26,200
0,200,20,0,0,0,1,10,2,200,0,0,0,0,200,200,200,0,200,1,31,200
0,200,20,0,0,0,1,10,2,200,0,0,0,0,200,200,200,0,200,1,52,200
0,200,30,0,0,0,1,10,5,200,0,0,0,0,200,200,200,200,200,0,21,200
0,200,30,0,0,0,1,10,5,200,0,0,0,0,200,200,200,200,200,0,26,200
0,200,30,0,0,0,1,12,5,200,0,0,0,0,200,200,200,22,16,0,200,200
0,200,30,0,0,0,1,12,5,200,0,0,0,0,200,200,200,22,16,0,55,200
0,200,5,0,0,0,3,7,7,200,0,0,0,0,200,200,1,200,200,2,200,200
0,200,30,0,0,0,1,14,2,200,0,0,0,0,200,200,200,0,200,1,51,200
0,200,30,0,0,0,1,14,2,200,0,0,0,0,200,200,200,0,200,0,25,200
0,200,30,0,0,0,1,7,7,200,0,0,0,0,200,200,200,0,0,0,200,200
0,200,30,1,2,0,1,14,5,200,0,0,0,0,200,200,200,17,17,0,31,200
0,200,30,1,2,0,1,14,5,200,0,0,0,0,200,200,200,17,17,0,76,200
1,200,30,1,2,0,1,14,5,200,0,0,0,0,200,200,200,17,17,1,71,200
0,200,30,0,0,0,1,12,5,200,0,0,0,0,200,200,200,21,0,0,26,200
0,200,30,0,0,0,1,12,5,200,0,0,0,0,200,200,200,21,0,0,37,200
0,1,10,0,0,0,1,7,7,200,0,0,0,0,200,200,1,18,200,1,200,200
4,200,30,0,0,0,1,8,5,200,0,0,0,1,200,200,200,22,200,0,200,200
0,200,30,0,0,0,1,8,5,200,0,0,0,1,200,200,200,22,200,1,38,200
0,200,30,0,0,200,3,7,6,200,0,200,0,0,200,200,200,0,0,1,200,200
0,1,35,1,2,0,1,10,3,4,0,0,0,1,1,200,1,0,11,0,200,200
0,1,35,1,2,0,1,10,3,4,0,0,0,1,1,200,1,0,11,0,47,200
0,200,35,2,2,0,1,10,12,200,0,0,0,0,200,200,200,0,0,1,31,200
0,200,35,2,2,0,1,10,12,200,0,0,0,0,200,200,200,0,0,1,41,200
0,200,30,0,0,0,1,2,2,2,1,0,200,0,200,200,200,200,0,0,48,200
0,200,30,0,0,200,1,12,2,4,0,200,200,0,200,200,200,17,11,0,16,200
0,200,30,0,0,200,1,12,2,4,0,200,200,0,200,200,200,17,11,1,28,200
0,200,30,1,2,0,1,14,12,200,2,0,0,0,200,200,200,23,0,1,200,200
0,200,30,1,2,0,1,14,12,200,2,0,0,0,200,200,200,23,0,0,200,200
0,200,30,1,200,0,1,14,5,200,0,0,200,1,1,200,200,0,0,1,25,200
0,200,30,1,200,0,1,14,5,200,0,0,200,1,1,200,200,0,0,0,54,200
0,200,30,1,2,0,1,10,2,4,0,0,0,0,1,200,1,0,200,0,200,200
0,200,30,1,2,0,1,10,2,4,0,0,0,0,1,200,1,0,200,1,33,200
0,200,30,0,0,0,0,11,5,200,0,0,0,0,200,200,200,0,0,0,25,200
0,200,30,0,0,0,0,11,5,200,0,0,0,0,200,200,200,0,0,0,42,200
0,200,35,0,0,0,1,10,5,2,0,0,0,0,200,200,1,0,0,1,200,200
0,200,35,0,0,0,1,10,5,2,0,0,0,0,200,200,1,0,0,1,41,200
0,200,30,1,2,0,1,10,5,4,0,0,0,0,1,200,200,11,16,0,16,200
0,200,30,1,2,0,1,10,5,4,0,0,0,0,1,200,200,11,16,1,20,200
0,200,20,1,2,0,1,14,0,200,0,0,0,0,200,200,200,17,200,1,75,200
0,200,20,1,2,0,1,14,0,200,0,0,0,0,200,200,200,17,200,0,28,200
0,200,25,0,0,0,1,7,6,1,0,0,0,1,200,200,200,11,0,1,47,200
1,200,25,0,0,0,1,7,6,1,0,0,0,1,200,200,200,11,0,1,4,200
0,200,5,0,0,0,3,7,7,200,0,0,0,0,200,200,1,20,200,1,200,200
0,200,30,0,0,0,1,12,5,200,0,0,0,0,200,200,200,17,0,0,30,200
0,200,30,0,0,0,1,12,5,200,0,0,0,0,200,200,200,17,0,0,56,200
0,1,30,0,0,0,1,12,6,200,0,0,0,0,200,200,200,18,200,0,200,200
0,1,30,0,0,0,1,12,6,200,0,0,0,0,200,200,200,18,200,0,37,200
1,1,30,0,0,0,1,12,6,200,0,0,0,0,200,200,200,18,200,1,200,200
0,200,30,2,2,0,1,0,5,2,0,0,200,1,1,200,200,17,200,1,41,200
0,200,30,2,2,0,1,0,5,2,0,0,200,1,1,200,200,17,200,1,47,200
0,200,30,0,0,0,1,14,1,4,0,0,0,1,200,200,200,17,200,1,85,200
0,200,30,0,0,0,1,14,1,4,0,0,0,1,200,200,200,17,200,0,21,200
0,200,20,0,0,0,1,7,5,2,0,0,0,0,200,200,200,32,32,0,56,0
0,200,30,0,0,0,1,12,5,200,0,0,0,0,200,200,1,21,22,0,200,200
0,200,30,0,0,0,1,12,5,200,0,0,0,0,200,200,1,21,22,0,55,200
0,200,35,1,2,0,1,10,5,4,0,0,0,0,1,200,1,18,200,0,200,200
0,200,35,1,2,0,1,10,5,4,0,0,0,0,1,200,1,18,200,1,31,200
1,200,35,1,2,0,1,10,5,4,0,0,0,0,1,200,1,18,200,0,200,200
0,200,35,0,0,0,1,14,6,4,0,0,0,1,1,200,200,23,200,0,36,200
0,200,35,0,0,0,1,14,6,4,0,0,0,1,1,200,200,23,200,0,43,200
1,200,35,0,0,0,1,14,6,4,0,0,0,1,1,200,200,23,200,0,38,200
1,200,35,0,0,0,1,14,6,4,0,0,0,1,1,200,200,23,200,1,3,200
0,200,30,1,200,0,1,14,6,4,0,0,0,0,1,200,200,23,0,0,63,200
0,200,30,1,200,0,1,14,6,4,0,0,0,0,1,200,200,23,0,0,34,200
1,200,30,1,200,0,1,14,6,4,0,0,0,0,1,200,200,23,0,0,2,200
0,200,30,1,2,0,1,10,5,2,0,0,0,0,200,200,200,16,18,0,49,200
0,200,30,1,2,0,1,10,5,2,0,0,0,0,200,200,200,16,18,0,48,200
0,200,20,0,0,0,1,10,6,1,0,0,0,0,200,200,200,20,0,0,63,200
0,200,20,0,0,0,1,10,6,1,0,0,0,0,200,200,200,20,0,1,30,200
0,200,30,0,0,0,1,12,5,2,0,0,0,0,200,200,200,17,200,0,21,200
0,200,30,0,0,0,1,12,5,2,0,0,0,0,200,200,200,17,200,1,28,200
0,200,30,0,0,0,1,12,6,3,0,0,0,0,200,200,200,21,0,1,33,200
0,200,30,0,0,0,1,12,6,3,0,0,0,0,200,200,200,21,0,1,0,200
4,200,30,0,0,0,1,8,5,2,0,0,0,1,200,200,200,0,0,0,54,200
1,200,30,0,0,0,1,8,5,2,0,0,0,1,200,200,200,0,0,1,62,200
0,200,30,1,2,0,1,9,5,200,0,0,0,0,1,200,200,0,0,0,200,200
5,200,30,1,2,0,1,9,5,200,0,0,0,0,1,200,200,0,0,1,25,200
0,200,30,2,2,0,1,14,5,1,0,0,0,0,1,200,200,5,200,1,74,200
0,200,30,2,2,0,1,14,5,1,0,0,0,0,1,200,200,5,200,1,75,200
0,200,30,0,0,0,1,10,2,200,0,0,0,1,200,200,200,16,0,0,0,200
0,200,30,0,0,0,1,10,2,200,0,0,0,1,200,200,200,16,0,0,31,200
4,200,25,1,2,0,1,8,5,200,0,0,0,1,1,200,200,0,0,0,50,200
0,200,25,1,2,0,1,8,5,200,0,0,0,1,1,200,200,0,0,0,73,200
0,1,35,200,2,0,1,0,2,4,0,0,0,1,1,200,200,7,21,0,64,200
0,1,35,200,2,0,1,0,2,4,0,0,0,1,1,200,200,7,21,0,32,200
0,200,30,1,2,0,1,14,5,200,0,0,0,1,1,200,200,31,6,0,53,200
0,200,30,1,2,0,1,14,5,200,0,0,0,1,1,200,200,31,6,0,30,200
1,200,30,1,2,0,1,14,5,200,0,0,0,1,1,200,200,31,6,0,32,200
1,200,30,1,2,0,1,14,5,200,0,0,0,1,1,200,200,31,6,0,46,200
0,200,30,1,2,0,1,10,5,200,0,0,0,0,200,200,200,0,0,0,57,200
0,200,30,1,2,0,1,10,5,200,0,0,0,0,200,200,200,0,0,1,63,200
0,200,30,0,0,0,1,10,5,200,2,0,0,0,200,200,200,200,200,0,35,200
0,200,30,0,0,0,1,10,5,200,2,0,0,0,200,200,200,200,200,0,60,200
1,200,30,0,0,0,1,10,5,200,2,0,0,0,200,200,200,200,200,0,200,200
0,200,30,0,0,0,1,14,2,4,0,0,0,0,1,200,200,17,11,0,200,200
0,200,30,0,0,0,1,14,2,4,0,0,0,0,1,200,200,17,11,1,55,200
0,200,30,0,0,0,1,0,4,200,0,0,200,0,200,200,200,17,0,0,32,200
0,200,30,0,0,0,1,0,4,200,0,0,200,0,200,200,200,17,0,1,33,200
0,200,30,0,0,0,1,10,2,3,0,0,0,0,1,200,200,21,0,0,52,200
0,200,30,0,0,0,1,10,2,3,0,0,0,0,1,200,200,21,0,1,40,200
4,200,30,1,2,0,1,8,2,200,0,0,0,0,1,200,200,0,200,0,16,200
0,200,30,1,2,0,1,8,2,200,0,0,0,0,1,200,200,0,200,1,29,200
0,200,30,1,2,0,1,12,6,2,0,0,0,0,200,200,200,22,200,1,43,200
0,200,30,1,2,0,1,12,6,2,0,0,0,0,200,200,200,22,200,0,47,200
0,200,30,0,0,0,1,12,5,200,0,0,200,1,200,200,1,0,0,2,200,200
0,200,30,0,0,0,1,12,5,200,0,0,200,1,200,200,1,0,0,1,30,200
1,200,30,0,0,0,1,12,5,200,0,0,200,1,200,200,1,0,0,0,18,200
1,200,30,0,0,0,1,12,5,200,0,0,200,1,200,200,1,0,0,0,19,200
1,200,30,0,0,0,1,12,5,200,0,0,200,1,200,200,1,0,0,0,18,200
0,200,30,0,0,0,1,7,6,1,0,0,0,0,200,200,1,0,0,2,200,200
0,200,30,1,2,0,1,9,5,2,0,0,0,1,1,200,200,17,200,1,35,200
5,200,30,1,2,0,1,9,5,2,0,0,0,1,1,200,200,17,200,0,76,200
5,200,30,1,2,0,1,9,5,2,0,0,0,1,1,200,200,17,200,1,70,200
0,200,30,0,0,0,1,0,5,4,0,0,0,1,1,200,200,17,0,0,51,200
0,200,30,0,0,0,1,0,5,4,0,0,0,1,1,200,200,17,0,0,38,200
0,200,30,0,0,0,1,12,3,200,0,0,0,0,200,200,200,0,0,1,200,200
0,200,30,0,0,0,1,12,3,200,0,0,0,0,200,200,200,0,0,0,200,200
0,200,45,0,0,0,0,10,3,8,0,200,200,1,200,200,200,18,18,1,54,200
0,200,45,0,0,0,0,10,3,8,0,200,200,1,200,200,200,18,18,1,69,200
1,200,45,0,0,0,0,10,3,8,0,200,200,1,200,200,200,18,18,1,32,200
0,200,30,0,0,0,1,12,5,4,0,0,0,0,200,200,200,22,200,1,19,200
0,200,30,0,0,0,1,12,5,4,0,0,0,0,200,200,200,22,200,1,25,200
0,200,30,0,0,0,1,12,6,200,0,0,0,0,200,200,200,0,200,0,66,200
0,200,30,0,0,0,1,12,6,200,0,0,0,0,200,200,200,0,200,1,23,200
1,200,30,0,0,0,1,12,6,200,0,0,0,0,200,200,200,0,200,1,81,200
1,200,30,0,0,0,1,12,6,200,0,0,0,0,200,200,200,0,200,1,12,200
0,200,30,1,2,0,1,14,5,4,0,0,0,0,1,200,200,17,200,0,49,200
0,200,30,1,2,0,1,14,5,4,0,0,0,0,1,200,200,17,200,0,29,200
1,200,30,1,2,0,1,14,5,4,0,0,0,0,1,200,200,17,200,0,49,200
1,200,30,1,2,0,1,14,5,4,0,0,0,0,1,200,200,17,200,0,65,200
1,200,30,1,2,0,1,14,5,4,0,0,0,0,1,200,200,17,200,1,44,200
0,1,30,0,0,0,3,7,5,200,0,0,0,0,200,200,1,0,0,2,200,200
0,200,30,0,0,0,1,12,5,200,0,0,0,0,200,200,200,6,22,0,31,200
0,200,30,0,0,0,1,12,5,200,0,0,0,0,200,200,200,6,22,0,49,200
0,200,30,0,0,0,1,10,5,200,0,0,0,0,200,200,1,16,200,0,200,200
0,200,30,0,0,0,1,10,5,200,0,0,0,0,200,200,1,16,200,0,41,200
1,200,30,0,0,0,1,10,5,200,0,0,0,0,200,200,1,16,200,0,200,200
0,200,30,0,0,0,1,10,5,2,0,0,0,0,200,200,200,18,200,1,39,200
0,200,30,0,0,0,1,10,5,2,0,0,0,0,200,200,200,18,200,1,48,200
0,200,30,12,12,0,1,0,2,2,0,0,0,0,200,200,200,17,200,0,41,200
0,200,30,12,12,0,1,0,2,2,0,0,0,0,200,200,200,17,200,0,21,200
1,200,30,12,12,0,1,0,2,2,0,0,0,0,200,200,200,17,200,1,63,200
0,200,30,0,0,0,1,12,3,4,0,0,0,0,200,200,200,25,200,1,21,200
0,200,30,0,0,0,1,12,3,4,0,0,0,0,200,200,200,25,200,0,57,200
0,200,30,2,0,0,1,14,12,0,2,0,0,0,1,200,200,17,16,1,200,200
0,200,30,2,0,0,1,14,12,0,2,0,0,0,1,200,200,17,16,1,74,200
0,200,25,0,0,0,1,2,12,200,0,0,0,0,200,1,200,11,0,0,31,200
0,200,30,1,2,0,2,14,2,4,0,0,0,1,1,200,200,17,200,0,63,200
0,200,30,1,2,0,2,14,2,4,0,0,0,1,1,200,200,17,200,0,48,200
0,200,0,0,0,0,1,12,5,1,0,0,0,0,200,200,200,0,0,1,28,200
0,200,0,0,0,0,1,12,5,1,0,0,0,0,200,200,200,0,0,1,33,200
0,200,30,0,0,0,1,7,5,2,0,0,0,0,200,200,200,0,200,0,60,200
0,200,30,0,0,0,1,14,5,200,0,0,0,0,1,200,200,0,0,0,20,200
0,200,30,0,0,0,1,14,5,200,0,0,0,0,1,200,200,0,0,1,61,200
0,200,30,1,2,0,1,14,3,4,0,0,0,0,1,200,200,17,200,0,28,200
0,200,30,1,2,0,1,14,3,4,0,0,0,0,1,200,200,17,200,0,53,200
0,200,30,1,2,0,1,14,3,4,0,0,0,0,1,200,200,17,200,0,41,200
0,200,30,0,0,0,1,12,5,200,0,0,0,0,200,200,200,0,0,0,200,200
0,200,30,0,0,0,1,12,5,200,0,0,0,0,200,200,200,0,0,0,51,200
0,200,30,0,0,0,1,7,5,2,0,0,0,0,200,200,200,20,200,0,42,200
0,200,30,1,2,0,1,10,2,2,0,0,0,1,200,200,200,0,200,1,18,200
0,200,30,1,2,0,1,10,2,2,0,0,0,1,200,200,200,0,200,1,46,200
0,200,30,1,2,0,1,7,5,200,0,0,0,0,200,200,200,200,200,1,33,200
0,200,30,1,2,0,1,10,5,200,0,0,0,0,200,200,200,0,0,0,200,200
0,200,30,1,2,0,1,10,5,200,0,0,0,0,200,200,200,0,0,1,57,200
0,200,30,1,2,0,1,10,2,4,0,0,0,1,1,200,200,18,11,0,71,200
0,200,30,1,2,0,1,10,2,4,0,0,0,1,1,200,200,18,11,1,37,200
0,200,30,1,2,0,1,10,2,4,0,0,0,1,1,200,200,18,11,0,30,200
1,200,30,1,2,0,1,10,2,4,0,0,0,1,1,200,200,18,11,0,20,200
1,200,30,1,2,0,1,10,2,4,0,0,0,1,1,200,200,18,11,1,4,200
0,200,25,1,2,0,1,12,5,2,0,0,0,0,200,200,200,22,18,0,40,200
0,200,25,1,2,0,1,12,5,2,0,0,0,0,200,200,200,22,18,0,52,200
1,200,25,1,2,0,1,12,5,2,0,0,0,0,200,200,200,22,18,1,44,200
1,200,25,1,2,0,1,12,5,2,0,0,0,0,200,200,200,22,18,0,51,200
0,200,30,0,0,0,1,7,6,2,0,0,0,1,200,200,200,27,0,0,84,200
0,200,30,1,2,0,1,10,5,2,0,0,0,0,1,200,200,18,200,0,200,200
0,200,30,1,2,0,1,10,5,2,0,0,0,0,1,200,200,18,200,1,34,200
0,200,30,0,0,0,1,0,3,200,2,0,0,0,200,200,200,17,0,0,200,200
0,200,30,0,0,0,1,0,3,200,2,0,0,0,200,200,200,17,0,1,200,200
0,200,30,1,2,0,1,14,2,4,0,0,0,1,1,200,200,17,200,0,25,200
0,200,30,1,2,0,1,14,2,4,0,0,0,1,1,200,200,17,200,1,24,200
0,200,30,0,0,0,1,14,5,2,0,0,0,1,1,200,200,23,17,0,37,200
0,200,30,0,0,0,1,14,5,2,0,0,0,1,1,200,200,23,17,0,61,200
1,200,30,0,0,0,1,14,5,2,0,0,0,1,1,200,200,23,17,1,57,200
1,200,30,0,0,0,1,14,5,2,0,0,0,1,1,200,200,23,17,1,55,200
1,200,30,0,0,0,1,14,5,2,0,0,0,1,1,200,200,23,17,1,46,200
1,200,30,0,0,0,1,14,5,2,0,0,0,1,1,200,200,23,17,1,11,200
0,200,30,0,0,0,1,10,5,2,0,0,0,0,200,200,200,20,0,0,53,200
0,200,30,0,0,0,1,10,5,2,0,0,0,0,200,200,200,20,0,0,42,200
0,200,30,0,0,0,1,7,5,200,0,0,0,0,200,200,200,11,200,0,200,200
1,200,30,0,0,0,1,7,5,200,0,0,0,0,200,200,200,11,200,0,200,200
0,200,0,0,200,0,4,7,7,200,0,0,0,0,200,200,1,20,200,2,200,200
0,200,30,0,200,0,1,12,5,200,0,0,200,0,200,200,1,17,17,0,200,200
0,200,30,0,200,0,1,12,5,200,0,0,200,0,200,200,1,17,17,1,50,200
0,200,30,1,2,0,1,14,2,2,0,0,0,0,200,200,200,17,0,0,200,200
0,200,30,1,2,0,1,14,2,2,0,0,0,0,200,200,200,17,0,1,56,200
1,200,30,1,2,0,1,14,2,2,0,0,0,0,200,200,200,17,0,200,200,200
0,200,40,0,0,0,1,12,3,200,5,0,0,0,200,200,1,21,16,0,200,200
0,200,40,0,0,0,1,12,3,200,5,0,0,0,200,200,1,21,16,1,42,200
1,200,40,0,0,0,1,12,3,200,5,0,0,0,200,200,1,21,16,1,200,200
0,200,30,2,2,0,1,7,7,0,0,0,0,0,1,200,200,11,0,0,51,200
0,200,25,2,12,0,1,14,2,2,0,0,200,1,1,200,200,17,0,1,52,200
0,200,25,2,12,0,1,14,2,2,0,0,200,1,1,200,200,17,0,1,48,200
0,200,30,2,2,0,1,10,2,2,0,0,0,0,1,200,200,12,0,1,79,200
0,200,30,2,2,0,1,10,2,2,0,0,0,0,1,200,200,12,0,0,49,200
0,200,20,0,0,0,1,0,0,1,0,0,0,0,200,200,200,0,0,0,45,200
0,200,20,0,0,0,1,0,0,1,0,0,0,0,200,200,200,0,0,1,46,200
0,200,30,0,0,0,1,12,3,4,0,1,0,0,200,200,1,22,16,0,200,200
0,200,30,0,0,0,1,12,3,4,0,1,0,0,200,200,1,22,16,1,54,200
1,200,30,0,0,0,1,12,3,4,0,1,0,0,200,200,1,22,16,0,71,200
0,200,35,0,0,0,1,14,3,4,0,0,0,1,200,200,200,17,23,0,22,200
0,200,35,0,0,0,1,14,3,4,0,0,0,1,200,200,200,17,23,0,59,200
1,200,35,0,0,0,1,14,3,4,0,0,0,1,200,200,200,17,23,0,42,200
0,200,30,0,0,0,1,12,5,200,0,0,0,0,200,200,200,22,200,1,200,200
0,200,30,0,0,0,1,12,5,200,0,0,0,0,200,200,200,22,200,0,37,200
0,200,5,0,0,0,1,3,0,1,0,0,0,1,200,200,1,14,200,0,200,200
0,200,5,0,0,0,1,3,0,1,0,0,0,1,200,200,1,14,200,0,61,200
0,200,5,0,0,0,1,0,7,200,0,0,0,0,200,200,200,20,200,0,51,200
0,200,5,0,0,0,1,0,7,200,0,0,0,0,200,200,200,20,200,0,43,200
0,200,30,2,0,0,1,0,2,200,0,0,0,1,1,200,200,5,17,1,70,200
0,200,30,2,0,0,1,0,2,200,0,0,0,1,1,200,200,5,17,1,38,200
1,200,30,2,0,0,1,0,2,200,0,0,0,1,1,200,200,5,17,1,10,200
0,200,15,0,0,0,1,2,7,200,0,0,0,0,200,1,200,0,200,1,43,200
0,200,30,1,0,0,1,10,2,0,0,0,0,0,1,200,1,16,200,0,200,200
0,200,30,1,0,0,1,10,2,0,0,0,0,0,1,200,1,16,200,1,43,200
0,200,30,0,0,0,1,12,5,200,0,0,0,0,200,200,1,200,200,1,200,200
0,200,30,0,0,0,1,12,5,200,0,0,0,0,200,200,1,200,200,1,49,200
4,200,25,1,2,0,1,8,5,200,2,0,0,1,1,200,200,0,0,0,18,200
0,200,25,1,2,0,1,8,5,200,2,0,0,1,1,200,200,0,0,0,44,200
0,200,30,2,0,0,1,14,12,0,2,0,0,0,1,200,200,17,16,1,16,200
0,200,30,2,0,0,1,14,12,0,2,0,0,0,1,200,200,17,16,1,34,200
1,200,30,2,0,0,1,14,12,0,2,0,0,0,1,200,200,17,16,1,200,200