PERSON_TYPE,CRASH_DATE_EST_I,POSTED_SPEED_LIMIT,TRAFFIC_CONTROL_DEVICE,DEVICE_CONDITION,WEATHER_CONDITION,LIGHTING_CONDITION,FIRST_CRASH_TYPE,TRAFFICWAY_TYPE,LANE_CNT,ALIGNMENT,ROADWAY_SURFACE_COND,ROAD_DEFECT,CRASH_TYPE,INTERSECTION_RELATED_I,NOT_RIGHT_OF_WAY_I,HIT_AND_RUN_I,PRIM_CONTRIBUTORY_CAUSE,SEC_CONTRIBUTORY_CAUSE,SEX,AGE,BAC_RESULT VALUE
5,200,30,0,0,0,1,9,2,2,0,0,0,1,1,200,200,17,17,0,10,200
1,200,30,0,0,0,1,9,2,2,0,0,0,1,1,200,200,17,17,0,22,200
0,200,30,0,0,0,1,10,5,1,0,0,0,0,200,200,200,18,18,1,34,200
0,200,30,0,0,0,1,10,5,1,0,0,0,0,200,200,200,18,18,1,55,200
0,200,30,0,0,0,1,10,5,1,0,0,0,0,200,200,200,18,18,1,33,200
1,200,30,0,0,0,1,10,5,1,0,0,0,0,200,200,200,18,18,1,57,200
1,200,30,0,0,0,1,10,5,1,0,0,0,0,200,200,200,18,18,0,4,200
1,200,30,0,0,0,1,10,5,1,0,0,0,0,200,200,200,18,18,1,12,200
1,200,30,0,0,0,1,10,5,1,0,0,0,0,200,200,200,18,18,1,9,200
1,200,30,0,0,0,1,10,5,1,0,0,0,0,200,200,200,18,18,1,6,200
0,200,20,0,0,0,1,11,5,200,0,0,0,0,200,200,200,0,0,1,29,200
0,200,20,0,0,0,1,11,5,200,0,0,0,0,200,200,200,0,0,0,33,200
1,200,20,0,0,0,1,11,5,200,0,0,0,0,200,200,200,0,0,0,200,200
1,200,20,0,0,0,1,11,5,200,0,0,0,0,200,200,200,0,0,0,200,200
1,200,20,0,0,0,1,11,5,200,0,0,0,0,200,200,200,0,0,1,200,200
1,200,20,0,0,0,1,11,5,200,0,0,0,0,200,200,200,0,0,1,200,200
0,200,20,2,2,0,1,0,5,1,0,0,0,1,1,200,200,0,200,1,75,200
0,200,20,2,2,0,1,0,5,1,0,0,0,1,1,200,200,0,200,0,34,200
1,200,20,2,2,0,1,0,5,1,0,0,0,1,1,200,200,0,200,1,200,200
0,200,20,0,0,0,1,7,5,200,0,0,0,1,200,200,200,12,17,0,36,200
1,200,20,0,0,0,1,7,5,200,0,0,0,1,200,200,200,12,17,1,24,200
0,200,30,1,2,0,1,10,6,1,0,0,0,0,200,200,200,18,200,0,35,200
0,200,30,1,2,0,1,10,6,1,0,0,0,0,200,200,200,18,200,1,61,200
1,200,30,1,2,0,1,10,6,1,0,0,0,0,200,200,200,18,200,1,7,200
0,200,30,0,0,0,1,10,5,2,0,0,0,0,200,1,200,18,200,1,31,200
0,200,30,0,0,0,1,10,5,2,0,0,0,0,200,1,200,18,200,1,58,200
1,200,30,0,0,0,1,10,5,2,0,0,0,0,200,1,200,18,200,1,72,200
1,200,30,0,0,0,1,10,5,2,0,0,0,0,200,1,200,18,200,0,200,200
0,200,30,0,0,0,1,14,5,2,0,0,0,1,0,200,200,6,33,0,24,200
0,200,30,0,0,0,1,14,5,2,0,0,0,1,0,200,200,6,33,0,46,200
0,200,25,0,0,0,1,7,5,1,0,0,0,0,200,200,1,0,0,2,200,200
0,200,30,1,2,0,1,14,5,200,0,0,0,1,200,200,200,17,200,0,23,200
0,200,30,1,2,0,1,14,5,200,0,0,0,1,200,200,200,17,200,0,64,200
1,200,30,1,2,0,1,14,5,200,0,0,0,1,200,200,200,17,200,0,200,200
0,200,40,0,0,0,1,12,3,4,0,0,0,0,200,200,1,21,200,1,200,200
0,200,40,0,0,0,1,12,3,4,0,0,0,0,200,200,1,21,200,1,36,200
0,200,20,0,0,0,1,11,5,200,0,0,0,0,200,200,200,23,23,1,38,200
0,200,20,0,0,0,1,11,5,200,0,0,0,0,200,200,200,23,23,1,28,200
0,200,40,0,0,0,1,8,6,1,0,0,0,1,1,200,200,17,33,1,35,200
4,200,40,0,0,0,1,8,6,1,0,0,0,1,1,200,200,17,33,0,36,200
0,200,15,0,0,0,1,10,6,1,0,0,0,0,200,200,1,18,22,1,200,200
0,200,15,0,0,0,1,10,6,1,0,0,0,0,200,200,1,18,22,0,23,200
0,200,30,1,2,0,1,10,2,200,0,0,0,0,200,200,0,18,200,0,23,200
0,200,30,1,2,0,1,10,2,200,0,0,0,0,200,200,0,18,200,1,32,200
0,200,35,1,2,0,1,14,3,200,0,0,0,0,1,200,200,0,0,0,51,200
0,200,35,1,2,0,1,14,3,200,0,0,0,0,1,200,200,0,0,1,30,200
0,200,30,1,2,0,1,10,12,3,0,0,0,0,200,200,200,200,200,0,57,200
0,200,30,1,2,0,1,10,12,3,0,0,0,0,200,200,200,200,200,0,35,200
0,200,30,0,0,0,1,12,5,3,0,0,0,0,200,200,200,23,200,0,30,200
0,200,30,0,0,0,1,12,5,3,0,0,0,0,200,200,200,23,200,1,26,200
0,200,30,2,2,0,1,7,6,2,0,0,0,1,1,200,200,18,21,0,16,200
0,200,30,2,2,0,1,7,6,2,0,0,0,1,1,200,200,18,21,1,57,200
1,200,30,2,2,0,1,7,6,2,0,0,0,1,1,200,200,18,21,0,16,200
1,200,30,2,2,0,1,7,6,2,0,0,0,1,1,200,200,18,21,0,14,200
1,200,30,2,2,0,1,7,6,2,0,0,0,1,1,200,200,18,21,0,14,200
0,200,35,0,0,0,1,7,2,200,0,0,0,0,200,200,0,11,0,1,33,200
0,200,30,1,2,0,1,0,5,200,0,0,0,0,200,200,1,0,0,0,200,200
0,200,30,1,2,0,1,0,5,200,0,0,0,0,200,200,1,0,0,1,200,200
0,200,30,0,0,0,1,12,6,2,0,0,3,0,200,200,200,22,0,1,200,200
0,200,30,0,0,0,1,12,6,2,0,0,3,0,200,200,200,22,0,1,35,200
0,200,30,2,2,0,1,14,5,1,0,0,0,1,1,200,200,17,0,1,26,200
0,200,30,2,2,0,1,14,5,1,0,0,0,1,1,200,200,17,0,1,48,200
0,200,30,0,0,0,1,9,5,4,0,0,3,1,0,200,200,200,0,1,38,200
5,200,30,0,0,0,1,9,5,4,0,0,3,1,0,200,200,200,0,1,11,200
0,200,30,2,2,0,1,9,2,2,0,0,0,1,1,200,200,17,0,1,43,200
5,200,30,2,2,0,1,9,2,2,0,0,0,1,1,200,200,17,0,1,24,200
0,200,20,0,0,0,0,7,6,1,0,0,0,0,200,200,1,0,0,1,200,200
0,200,30,0,0,0,1,4,6,1,0,0,200,0,200,200,200,0,0,0,73,200
0,200,30,1,2,0,1,14,5,4,0,0,0,1,200,200,200,33,11,1,49,200
0,200,30,1,2,0,1,14,5,4,0,0,0,1,200,200,200,33,11,0,79,200
0,200,30,1,2,0,1,12,12,2,0,0,0,0,1,200,200,22,0,1,34,200
0,200,30,1,2,0,1,12,12,2,0,0,0,0,1,200,200,22,0,0,55,200
1,200,30,1,2,0,1,12,12,2,0,0,0,0,1,200,200,22,0,200,200,200
0,200,30,1,2,0,1,14,6,2,0,0,0,0,1,200,1,23,200,0,200,200
0,200,30,1,2,0,1,14,6,2,0,0,0,0,1,200,1,23,200,0,49,200
0,200,15,0,0,0,1,12,0,200,0,0,0,0,200,200,0,0,200,1,200,200
0,200,15,0,0,0,1,12,0,200,0,0,0,0,200,200,0,0,200,1,36,200
1,200,15,0,0,0,1,12,0,200,0,0,0,0,200,200,0,0,200,2,200,200
1,200,15,0,0,0,1,12,0,200,0,0,0,0,200,200,0,0,200,2,200,200
1,200,15,0,0,0,1,12,0,200,0,0,0,0,200,200,0,0,200,2,200,200
1,200,15,0,0,0,1,12,0,200,0,0,0,0,200,200,0,0,200,2,200,200
0,200,30,1,2,0,1,14,6,3,0,0,0,0,1,0,200,23,16,0,29,200
0,200,30,1,2,0,1,14,6,3,0,0,0,0,1,0,200,23,16,0,42,200
0,200,30,0,0,0,1,10,5,2,0,0,0,0,200,200,200,18,0,0,37,200
0,200,30,0,0,0,1,10,5,2,0,0,0,0,200,200,200,18,0,0,38,200
0,200,30,0,0,0,1,12,2,2,0,0,0,0,200,200,200,22,0,0,200,200
0,200,30,0,0,0,1,12,2,2,0,0,0,0,200,200,200,22,0,1,32,200
0,200,30,0,0,0,1,10,5,1,0,0,0,0,200,200,200,18,0,0,19,200
0,200,30,0,0,0,1,10,5,1,0,0,0,0,200,200,200,18,0,0,31,200
0,200,30,1,5,0,1,12,2,200,0,0,0,0,200,200,200,22,200,0,64,200
0,200,30,1,5,0,1,12,2,200,0,0,0,0,200,200,200,22,200,1,26,200
0,200,45,0,0,0,1,10,5,4,0,0,0,0,200,200,1,0,0,0,200,200
0,200,45,0,0,0,1,10,5,4,0,0,0,0,200,200,1,0,0,0,37,200
0,200,0,0,0,0,1,7,7,200,0,0,0,0,200,200,1,0,0,2,200,200
0,200,0,0,0,0,1,10,7,200,0,0,0,0,200,1,200,11,11,0,20,200
0,200,0,0,0,0,1,10,7,200,0,0,0,0,200,1,200,11,11,1,43,200
1,200,0,0,0,0,1,10,7,200,0,0,0,0,200,1,200,11,11,1,200,200
0,200,30,1,2,0,1,3,2,2,0,0,0,0,200,200,200,200,200,0,41,200
0,200,30,1,2,0,1,3,2,2,0,0,0,0,200,200,200,200,200,0,27,200
0,200,30,0,0,0,1,7,7,200,0,0,0,0,200,200,1,0,200,2,200,200
0,200,30,0,0,0,1,12,5,1,0,0,0,1,200,200,200,0,18,0,43,200
0,200,30,0,0,0,1,12,5,1,0,0,0,1,200,200,200,0,18,1,24,200
1,200,30,0,0,0,1,12,5,1,0,0,0,1,200,200,200,0,18,1,36,200
0,200,40,0,0,0,1,14,2,4,0,0,0,1,200,200,200,23,4,1,200,200
0,200,40,0,0,0,1,14,2,4,0,0,0,1,200,200,200,23,4,1,25,200
0,200,15,0,0,0,1,14,6,1,0,0,0,0,200,200,200,0,0,0,24,200
0,200,15,0,0,0,1,14,6,1,0,0,0,0,200,200,200,0,0,1,55,200
0,200,30,1,2,0,1,10,6,1,0,0,0,0,200,200,200,18,200,0,49,200
0,200,30,1,2,0,1,10,6,1,0,0,0,0,200,200,200,18,200,1,24,200
0,200,15,0,0,200,200,7,5,2,0,200,0,0,200,200,1,0,0,2,200,200
0,200,30,0,0,0,1,7,2,200,0,0,0,0,200,200,200,0,0,1,38,200
1,200,30,0,0,0,1,7,2,200,0,0,0,0,200,200,200,0,0,1,200,200
1,200,30,0,0,0,1,7,2,200,0,0,0,0,200,200,200,0,0,0,200,200
0,200,30,0,0,0,1,10,2,200,0,0,0,0,200,200,200,17,20,0,32,200
0,200,30,0,0,0,1,10,2,200,0,0,0,0,200,200,200,17,20,0,19,200
0,200,30,12,12,0,1,7,2,4,0,0,0,1,200,200,200,27,21,0,64,200
0,200,30,0,0,0,1,12,5,200,0,0,0,0,200,200,200,17,0,1,70,200
0,200,30,0,0,0,1,12,5,200,0,0,0,0,200,200,200,17,0,1,70,200
0,200,35,1,2,0,1,10,3,4,0,0,0,0,200,200,200,0,0,0,25,200
0,200,35,1,2,0,1,10,3,4,0,0,0,0,200,200,200,0,0,0,35,200
0,200,25,0,0,0,1,12,6,200,0,0,0,0,200,200,200,17,17,0,200,200
0,200,25,0,0,0,1,12,6,200,0,0,0,0,200,200,200,17,17,1,31,200
0,200,25,0,0,0,1,7,5,200,0,0,0,0,200,200,200,0,0,0,23,200
1,200,25,0,0,0,1,7,5,200,0,0,0,0,200,200,200,0,0,1,52,200
0,200,30,1,2,0,1,5,2,200,0,0,0,0,200,200,200,200,200,1,27,200
0,200,5,7,0,0,1,0,7,200,2,0,0,1,200,200,200,11,11,0,200,200
0,200,30,1,2,0,1,14,5,2,0,0,200,0,200,200,200,22,200,1,200,200
0,200,30,1,2,0,1,14,5,2,0,0,200,0,200,200,200,22,200,1,39,200
0,200,30,1,2,0,1,9,5,2,0,0,0,1,1,200,1,17,0,1,200,200
5,200,30,1,2,0,1,9,5,2,0,0,0,1,1,200,1,17,0,0,75,200
0,200,30,2,2,0,1,7,6,1,0,0,0,0,200,200,200,0,200,1,24,200
1,200,30,2,2,0,1,7,6,1,0,0,0,0,200,200,200,0,200,1,200,200
1,200,30,2,2,0,1,7,6,1,0,0,0,0,200,200,200,0,200,1,25,200
0,200,20,0,0,0,1,10,7,200,0,0,0,0,200,200,200,0,200,0,49,200
0,200,20,0,0,0,1,10,7,200,0,0,0,0,200,200,200,0,200,1,39,200
0,200,10,0,0,0,1,0,7,2,0,0,0,0,200,1,200,17,16,0,41,200
0,200,10,0,0,0,1,0,7,2,0,0,0,0,200,1,200,17,16,0,67,200
1,200,10,0,0,0,1,0,7,2,0,0,0,0,200,1,200,17,16,1,29,200
0,200,25,0,0,0,1,7,5,200,0,0,0,0,200,200,1,0,200,2,200,200
0,200,30,0,0,0,3,14,5,2,0,0,0,0,200,200,200,0,200,0,28,200
0,200,30,0,0,0,3,14,5,2,0,0,0,0,200,200,200,0,200,0,67,200
1,200,30,0,0,0,3,14,5,2,0,0,0,0,200,200,200,0,200,1,31,200
1,200,30,0,0,0,3,14,5,2,0,0,0,0,200,200,200,0,200,1,5,200
1,200,30,0,0,0,3,14,5,2,0,0,0,0,200,200,200,0,200,200,11,200
0,200,0,1,2,0,1,0,3,6,2,0,0,1,200,200,200,3,11,0,22,200
0,200,0,1,2,0,1,0,3,6,2,0,0,1,200,200,200,3,11,0,49,200
0,200,30,1,2,0,1,12,5,2,0,0,0,0,1,200,1,21,21,2,200,200
0,200,30,1,2,0,1,12,5,2,0,0,0,0,1,200,1,21,21,0,26,200
0,200,20,0,0,0,1,0,7,200,0,0,0,0,200,1,200,20,0,0,200,200
0,200,20,0,0,0,1,0,7,200,0,0,0,0,200,1,200,20,0,0,34,200
0,200,25,1,2,0,1,10,3,2,0,0,0,0,200,200,1,20,200,0,200,200
0,200,25,1,2,0,1,10,3,2,0,0,0,0,200,200,1,20,200,1,25,200
0,200,30,1,2,0,2,12,2,5,0,0,0,0,200,200,200,22,200,0,40,200
0,200,30,1,2,0,2,12,2,5,0,0,0,0,200,200,200,22,200,0,46,200
0,200,5,0,0,0,1,7,4,200,3,0,0,0,200,1,200,11,0,0,200,200
1,200,5,0,0,0,1,7,4,200,3,0,0,0,200,1,200,11,0,1,200,200
1,200,5,0,0,0,1,7,4,200,3,0,0,0,200,1,200,11,0,200,200,200
1,200,5,0,0,0,1,7,4,200,3,0,0,0,200,1,200,11,0,1,200,200
1,200,5,0,0,0,1,7,4,200,3,0,0,0,200,1,200,11,0,1,200,200
0,200,30,0,0,0,1,7,2,4,0,0,0,1,200,200,1,0,200,2,200,200
0,200,30,0,0,0,1,7,5,4,0,0,0,0,200,200,1,0,200,0,200,200
1,200,30,0,0,0,1,7,5,4,0,0,0,0,200,200,1,0,200,0,22,200
0,200,30,1,2,0,1,10,5,4,0,0,0,0,200,200,200,18,0,0,50,200
0,200,30,1,2,0,1,10,5,4,0,0,0,0,200,200,200,18,0,1,28,200
1,200,30,1,2,0,1,10,5,4,0,0,0,0,200,200,200,18,0,0,3,200
0,200,30,0,0,0,1,10,12,200,0,0,0,0,200,200,200,11,0,0,200,200
0,200,30,0,0,0,1,10,12,200,0,0,0,0,200,200,200,11,0,1,200,200
0,200,25,0,0,0,1,12,6,1,0,0,0,0,200,200,200,11,200,0,39,200
0,200,25,0,0,0,1,12,6,1,0,0,0,0,200,200,200,11,200,1,38,200
1,200,25,0,0,0,1,12,6,1,0,0,0,0,200,200,200,11,200,1,200,200
1,200,25,0,0,0,1,12,6,1,0,0,0,0,200,200,200,11,200,1,200,200
0,200,30,0,0,0,1,9,5,200,0,0,0,1,200,200,1,0,0,0,200,200
5,200,30,0,0,0,1,9,5,200,0,0,0,1,200,200,1,0,0,0,62,200
0,200,25,1,2,0,1,12,3,200,0,0,0,0,200,200,1,0,0,2,200,200
0,200,25,1,2,0,1,12,3,200,0,0,0,0,200,200,1,0,0,0,48,200
0,200,20,0,0,0,1,7,5,200,0,0,0,0,200,200,200,0,0,0,47,200
1,200,20,0,0,0,1,7,5,200,0,0,0,0,200,200,200,0,0,0,54,200
0,200,30,0,0,0,1,7,6,2,0,0,0,0,200,200,200,20,200,0,43,200
0,200,30,1,3,0,1,0,5,200,0,0,12,1,200,200,200,16,200,1,50,200
0,200,30,1,3,0,1,0,5,200,0,0,12,1,200,200,200,16,200,0,48,200
0,200,30,1,3,0,1,0,5,200,0,0,12,1,200,200,200,16,200,0,51,200
0,200,30,2,2,0,1,0,2,200,0,0,0,0,1,200,200,17,0,0,81,200
0,200,30,2,2,0,1,0,2,200,0,0,0,0,1,200,200,17,0,0,54,200
1,200,30,2,2,0,1,0,2,200,0,0,0,0,1,200,200,17,0,1,79,200
0,200,15,0,0,0,1,0,7,200,0,0,0,0,200,1,200,17,17,1,64,200
0,200,15,0,0,0,1,0,7,200,0,0,0,0,200,1,200,17,17,0,54,200
0,200,20,1,12,0,1,7,5,2,0,0,0,0,1,200,1,200,200,0,200,200
0,200,30,1,2,0,1,0,2,3,0,0,0,1,1,200,200,200,0,0,27,200
0,200,30,1,2,0,1,0,2,3,0,0,0,1,1,200,200,200,0,1,26,200
1,200,30,1,2,0,1,0,2,3,0,0,0,1,1,200,200,200,0,1,4,200
0,200,0,0,0,0,1,5,0,1,0,0,0,0,200,200,200,11,200,0,26,200
3,200,0,0,0,0,1,5,0,1,0,0,0,0,200,200,200,11,200,2,200,200
3,200,0,0,0,0,1,5,0,1,0,0,0,0,200,200,200,11,200,0,51,200
1,200,0,0,0,0,1,5,0,1,0,0,0,0,200,200,200,11,200,1,200,200
0,200,35,0,0,0,1,10,2,200,0,0,0,1,200,200,200,18,200,0,46,200
0,200,35,0,0,0,1,10,2,200,0,0,0,1,200,200,200,18,200,0,53,200
0,200,30,1,2,0,1,12,5,200,0,0,0,0,200,200,200,21,21,0,77,200
0,200,30,1,2,0,1,12,5,200,0,0,0,0,200,200,200,21,21,0,32,200
0,200,30,0,0,0,1,7,12,200,0,0,0,0,200,200,200,0,0,1,51,200
0,200,30,0,0,0,1,14,5,200,0,0,0,0,200,200,200,0,200,0,56,200
0,200,30,0,0,0,1,14,5,200,0,0,0,0,200,200,200,0,200,1,45,200
1,200,30,0,0,0,1,14,5,200,0,0,0,0,200,200,200,0,200,1,200,200
0,200,25,0,0,0,1,7,5,2,0,0,0,0,200,200,1,0,200,2,200,200
0,200,30,2,2,0,1,14,5,200,0,0,0,0,200,200,200,0,0,1,61,200
0,200,30,2,2,0,1,14,5,200,0,0,0,0,200,200,200,0,0,1,48,200
0,200,30,1,2,0,1,12,2,3,0,0,0,1,200,200,200,11,0,0,43,200
0,200,30,1,2,0,1,12,2,3,0,0,0,1,200,200,200,11,0,0,72,200
0,200,20,2,0,0,1,7,6,1,0,0,0,1,200,200,1,0,200,2,200,200
0,200,30,0,0,0,1,0,6,200,0,0,0,1,200,200,1,17,200,0,200,200
0,200,30,0,0,0,1,0,6,200,0,0,0,1,200,200,1,17,200,0,22,200
0,200,25,1,2,0,1,14,5,2,0,0,0,0,200,200,200,11,11,0,81,200
0,200,25,1,2,0,1,14,5,2,0,0,0,0,200,200,200,11,11,1,27,200
0,200,30,0,0,0,1,12,12,4,0,0,200,0,200,200,1,25,0,1,54,200
0,200,30,0,0,0,1,12,12,4,0,0,200,0,200,200,1,25,0,2,200,200
1,200,30,0,0,0,1,12,12,4,0,0,200,0,200,200,1,25,0,0,62,200
0,200,30,1,2,0,1,5,5,2,0,0,200,1,200,200,200,0,0,1,27,200
1,200,30,1,2,0,1,5,5,2,0,0,200,1,200,200,200,0,0,1,3,200
0,200,30,0,0,0,1,7,5,2,0,0,0,0,200,200,1,0,0,2,200,200
0,200,15,0,0,0,1,10,7,200,0,0,0,0,200,200,200,11,0,1,200,200
0,200,15,0,0,0,1,10,7,200,0,0,0,0,200,200,200,11,0,1,200,200
0,200,25,0,0,0,200,7,6,200,0,0,0,0,200,200,1,0,200,2,200,200
0,200,25,0,0,0,1,12,5,200,0,0,0,0,200,200,200,22,0,1,38,200
0,200,25,0,0,0,1,12,5,200,0,0,0,0,200,200,200,22,0,0,33,200
0,200,25,0,0,0,1,7,6,1,0,0,0,0,200,200,200,200,200,0,24,200
1,200,25,0,0,0,1,7,6,1,0,0,0,0,200,200,200,200,200,0,30,200
1,200,30,1,2,0,1,12,2,3,0,0,0,1,200,200,200,0,0,0,200,200
0,200,30,1,2,0,1,12,2,3,0,0,0,1,200,200,200,0,0,1,52,200
0,200,30,1,2,0,1,12,2,3,0,0,0,1,200,200,200,0,0,0,38,200
1,200,30,1,2,0,1,12,2,3,0,0,0,1,200,200,200,0,0,0,21,200
1,200,30,1,2,0,1,12,2,3,0,0,0,1,200,200,200,0,0,0,25,200
1,200,30,1,2,0,1,12,2,3,0,0,0,1,200,200,200,0,0,0,28,200
1,200,30,1,2,0,1,12,2,3,0,0,0,1,200,200,200,0,0,0,24,200
1,200,30,1,2,0,1,12,2,3,0,0,0,1,200,200,200,0,0,0,35,200
1,200,30,1,2,0,1,12,2,3,0,0,0,1,200,200,200,0,0,0,200,200
1,200,30,1,2,0,1,12,2,3,0,0,0,1,200,200,200,0,0,0,200,200
1,200,30,1,2,0,1,12,2,3,0,0,0,1,200,200,200,0,0,0,45,200
0,200,30,0,0,0,1,0,5,2,0,0,0,0,200,200,200,18,22,0,29,200
0,200,30,0,0,0,1,0,5,2,0,0,0,0,200,200,200,18,22,1,27,200
0,200,30,2,2,0,1,10,5,200,0,0,0,0,200,200,200,0,0,0,200,200
0,200,30,2,2,0,1,10,5,200,0,0,0,0,200,200,200,0,0,1,200,200
0,200,30,2,0,0,1,14,5,200,0,0,0,1,1,200,200,0,0,0,41,200
0,200,30,2,0,0,1,14,5,200,0,0,0,1,1,200,200,0,0,1,27,200
1,200,30,2,0,0,1,14,5,200,0,0,0,1,1,200,200,0,0,1,38,200
1,200,30,2,0,0,1,14,5,200,0,0,0,1,1,200,200,0,0,0,24,200
0,200,30,1,2,0,1,12,5,200,3,0,0,0,1,200,200,17,200,1,49,200
0,200,30,1,2,0,1,12,5,200,3,0,0,0,1,200,200,17,200,0,36,200
0,200,30,1,2,0,3,10,5,4,0,200,200,1,200,200,200,0,0,0,51,200
0,200,30,1,2,0,3,10,5,4,0,200,200,1,200,200,200,0,0,1,48,200
1,200,30,1,2,0,3,10,5,4,0,200,200,1,200,200,200,0,0,0,200,200
0,200,30,0,0,2,3,7,6,1,0,0,0,0,200,200,200,0,0,2,200,200
0,1,25,0,0,0,3,2,3,2,0,0,0,1,200,200,200,0,0,1,76,200
1,1,25,0,0,0,3,2,3,2,0,0,0,1,200,200,200,0,0,0,97,200
0,200,0,0,0,0,1,7,6,1,0,0,0,0,200,200,200,11,200,1,45,200
0,200,30,0,0,0,1,7,5,2,0,0,200,0,200,200,1,0,200,2,200,200
0,200,30,0,0,0,1,7,5,2,0,0,0,0,200,200,200,0,0,1,35,200
0,200,30,0,0,0,1,2,6,2,0,0,1,0,200,200,200,29,200,1,25,200
3,200,30,0,0,0,1,2,6,2,0,0,1,0,200,200,200,29,200,200,200,200
0,200,15,0,0,0,1,2,0,1,0,0,0,1,200,200,200,12,16,0,57,200
1,200,15,0,0,0,1,2,0,1,0,0,0,1,200,200,200,12,16,1,58,200
0,200,30,0,0,0,3,14,0,200,0,0,0,0,200,200,200,11,0,0,62,200
0,200,30,0,0,0,3,14,0,200,0,0,0,0,200,200,200,11,0,0,34,200
0,200,30,0,0,0,1,0,5,200,0,0,0,0,200,200,200,0,200,1,27,200
0,200,30,0,0,0,1,0,5,200,0,0,0,0,200,200,200,0,200,1,34,200
0,200,30,1,2,0,1,10,5,200,0,0,0,0,200,200,200,0,0,1,50,200
0,200,30,1,2,0,1,10,5,200,0,0,0,0,200,200,200,0,0,1,34,200
0,200,30,0,0,0,1,14,1,4,0,0,0,0,1,200,200,3,0,0,60,200
0,200,30,0,0,0,1,14,1,4,0,0,0,0,1,200,200,3,0,0,41,200
0,200,30,1,2,0,1,12,2,5,0,0,0,0,1,200,200,11,0,0,54,200
0,200,30,1,2,0,1,12,2,5,0,0,0,0,1,200,200,11,0,0,200,200
0,1,30,0,0,0,1,12,12,1,0,0,0,0,200,200,200,21,0,1,47,200
0,1,30,0,0,0,1,12,12,1,0,0,0,0,200,200,200,21,0,1,50,200
0,200,15,0,0,0,1,7,0,200,0,0,0,0,200,200,200,200,200,0,200,200
0,200,30,200,200,0,1,10,7,1,0,0,0,0,200,200,0,20,200,0,200,200
0,200,30,200,200,0,1,10,7,1,0,0,0,0,200,200,0,20,200,1,69,200
1,200,30,200,200,0,1,10,7,1,0,0,0,0,200,200,0,20,200,0,47,200
0,200,30,0,0,0,1,7,5,1,0,0,200,0,200,200,1,0,200,2,200,200
0,200,30,0,0,0,1,7,7,200,0,0,0,0,200,200,1,0,200,2,200,200
0,200,30,1,2,0,1,5,5,200,0,0,0,0,1,200,200,200,200,0,73,200
0,200,30,1,2,0,1,14,2,5,0,0,0,0,200,200,200,6,17,1,62,200
0,200,30,1,2,0,1,14,2,5,0,0,0,0,200,200,200,6,17,0,39,200
0,200,30,12,12,0,1,12,2,4,0,0,0,0,200,200,200,11,200,0,0,200
0,200,30,12,12,0,1,12,2,4,0,0,0,0,200,200,200,11,200,0,48,200
0,200,45,0,0,0,1,10,3,8,0,0,0,1,200,200,200,27,21,0,200,200
0,200,45,0,0,0,1,10,3,8,0,0,0,1,200,200,200,27,21,1,22,200
1,200,45,0,0,0,1,10,3,8,0,0,0,1,200,200,200,27,21,200,200,200
0,200,30,0,0,0,1,9,5,200,2,0,0,0,1,200,1,17,200,0,200,200
5,200,30,0,0,0,1,9,5,200,2,0,0,0,1,200,1,17,200,0,19,200
0,200,25,0,0,0,1,7,7,200,0,0,0,0,200,200,1,200,200,0,200,200
4,200,30,0,0,0,1,8,5,2,0,0,0,1,200,200,200,0,11,1,30,200
1,200,30,0,0,0,1,8,5,2,0,0,0,1,200,200,200,0,11,0,32,200
0,200,30,0,0,0,1,14,5,4,0,0,200,0,200,200,200,17,17,0,27,200
0,200,30,0,0,0,1,14,5,4,0,0,200,0,200,200,200,17,17,0,28,200
1,200,30,0,0,0,1,14,5,4,0,0,200,0,200,200,200,17,17,0,5,200
0,200,30,0,0,0,1,0,3,4,0,0,0,1,1,200,200,0,0,0,29,200
0,200,30,0,0,0,1,0,3,4,0,0,0,1,1,200,200,0,0,1,26,200
0,200,30,0,0,0,1,12,5,200,0,0,0,0,200,200,200,21,0,0,45,200
0,200,30,0,0,0,1,12,5,200,0,0,0,0,200,200,200,21,0,0,52,200
0,200,30,1,2,0,1,2,5,2,0,0,0,0,200,200,200,200,200,0,58,200
0,200,30,0,0,0,1,8,5,200,0,0,0,0,200,200,200,0,0,1,200,200
4,200,30,0,0,0,1,8,5,200,0,0,0,0,200,200,200,0,0,1,20,200
0,200,15,0,0,0,1,7,6,200,0,0,0,0,200,200,1,0,0,2,200,200
0,200,30,0,0,200,200,7,5,200,0,200,200,0,200,200,1,17,200,2,200,200
0,200,30,0,0,0,1,12,5,200,0,0,0,0,200,200,200,17,0,0,200,200
0,200,30,0,0,0,1,12,5,200,0,0,0,0,200,200,200,17,0,0,57,200
0,200,30,1,2,0,1,12,3,4,0,0,0,1,200,200,200,21,16,0,200,200
0,200,30,1,2,0,1,12,3,4,0,0,0,1,200,200,200,21,16,0,25,200
1,200,30,1,2,0,1,12,3,4,0,0,0,1,200,200,200,21,16,0,200,200
0,200,30,0,0,0,1,11,5,2,0,0,200,1,200,200,200,4,16,0,0,200
0,200,30,0,0,0,1,11,5,2,0,0,200,1,200,200,200,4,16,0,41,200
0,200,30,1,2,0,1,14,2,200,0,0,0,0,200,200,200,21,200,1,41,200
0,200,30,1,2,0,1,14,2,200,0,0,0,0,200,200,200,21,200,0,47,200
1,200,30,1,2,0,1,14,2,200,0,0,0,0,200,200,200,21,200,0,200,200