PERSON_TYPE,CRASH_DATE_EST_I,POSTED_SPEED_LIMIT,TRAFFIC_CONTROL_DEVICE,DEVICE_CONDITION,WEATHER_CONDITION,LIGHTING_CONDITION,FIRST_CRASH_TYPE,TRAFFICWAY_TYPE,LANE_CNT,ALIGNMENT,ROADWAY_SURFACE_COND,ROAD_DEFECT,CRASH_TYPE,INTERSECTION_RELATED_I,NOT_RIGHT_OF_WAY_I,HIT_AND_RUN_I,PRIM_CONTRIBUTORY_CAUSE,SEC_CONTRIBUTORY_CAUSE,SEX,AGE,BAC_RESULT VALUE
1,200,30,1,2,0,1,14,2,200,0,0,0,0,200,200,200,21,200,1,200,200
0,200,30,0,0,0,1,14,5,200,0,0,0,0,1,200,200,23,17,0,57,200
0,200,30,0,0,0,1,14,5,200,0,0,0,0,1,200,200,23,17,0,37,200
0,200,30,1,2,0,1,10,5,4,2,0,3,0,1,200,200,18,16,1,200,200
0,200,30,1,2,0,1,10,5,4,2,0,3,0,1,200,200,18,16,0,59,200
0,200,30,2,200,0,1,14,5,200,0,200,200,0,1,200,200,17,200,0,49,200
0,200,30,2,200,0,1,14,5,200,0,200,200,0,1,200,200,17,200,0,58,200
1,200,30,2,200,0,1,14,5,200,0,200,200,0,1,200,200,17,200,1,58,200
0,200,25,1,2,0,1,10,5,4,0,0,0,0,200,200,200,18,16,0,20,200
0,200,25,1,2,0,1,10,5,4,0,0,0,0,200,200,200,18,16,1,34,200
0,200,30,0,0,0,1,10,2,2,0,0,0,0,200,200,1,18,0,0,200,200
0,200,30,0,0,0,1,10,2,2,0,0,0,0,200,200,1,18,0,0,52,200
0,200,30,0,0,0,0,2,6,200,0,0,0,0,200,1,1,0,200,2,200,200
0,200,30,2,2,0,1,0,6,200,0,0,0,0,200,200,200,11,16,0,35,200
0,200,30,2,2,0,1,0,6,200,0,0,0,0,200,200,200,11,16,0,18,200
0,200,30,1,2,0,1,10,6,2,0,0,0,1,1,200,1,16,0,0,200,200
0,200,30,1,2,0,1,10,6,2,0,0,0,1,1,200,1,16,0,0,44,200
1,200,30,1,2,0,1,10,6,2,0,0,0,1,1,200,1,16,0,0,26,200
1,200,30,1,2,0,1,10,6,2,0,0,0,1,1,200,1,16,0,1,38,200
0,200,30,0,0,0,1,12,5,2,0,0,0,0,200,200,1,25,22,1,200,200
0,200,30,0,0,0,1,12,5,2,0,0,0,0,200,200,1,25,22,1,24,200
1,200,30,0,0,0,1,12,5,2,0,0,0,0,200,200,1,25,22,1,18,200
1,200,30,0,0,0,1,12,5,2,0,0,0,0,200,200,1,25,22,200,200,200
0,200,30,1,2,0,1,12,2,3,0,0,200,0,200,200,200,17,7,1,28,200
0,200,30,1,2,0,1,12,2,3,0,0,200,0,200,200,200,17,7,1,53,200
0,200,10,3,2,0,1,7,7,200,0,0,0,0,200,200,1,0,0,2,200,200
0,200,30,0,0,200,200,14,2,200,0,200,200,0,200,200,200,17,200,0,200,200
0,200,30,0,0,200,200,14,2,200,0,200,200,0,200,200,200,17,200,0,42,200
0,200,30,1,2,0,1,12,3,6,0,0,0,0,200,200,200,0,0,0,200,200
0,200,30,1,2,0,1,12,3,6,0,0,0,0,200,200,200,0,0,1,32,200
1,200,30,1,2,0,1,12,3,6,0,0,0,0,200,200,200,0,0,1,200,200
0,200,30,0,0,0,3,0,7,200,0,0,0,0,200,1,200,17,200,0,23,200
0,200,30,0,0,0,3,0,7,200,0,0,0,0,200,1,200,17,200,1,26,200
0,200,30,0,0,0,1,12,5,4,0,0,0,0,200,200,200,21,21,0,71,200
0,200,30,0,0,0,1,12,5,4,0,0,0,0,200,200,200,21,21,0,60,200
0,200,30,1,2,0,4,10,5,200,0,0,0,0,1,200,200,18,0,0,48,200
0,200,30,1,2,0,4,10,5,200,0,0,0,0,1,200,200,18,0,1,56,200
0,200,30,0,0,0,1,7,7,200,0,0,0,0,200,200,1,0,200,2,200,200
0,200,30,1,2,0,1,14,5,200,0,0,0,0,1,200,1,23,0,1,200,200
0,200,30,1,2,0,1,14,5,200,0,0,0,0,1,200,1,23,0,0,37,200
0,200,30,2,2,0,1,0,5,200,0,0,0,0,200,200,200,200,200,0,61,200
0,200,30,2,2,0,1,0,5,200,0,0,0,0,200,200,200,200,200,0,38,200
0,200,30,0,0,0,1,10,12,200,0,0,0,0,200,200,200,20,20,0,54,200
0,200,30,0,0,0,1,10,12,200,0,0,0,0,200,200,200,20,20,0,40,200
0,1,30,0,0,0,3,7,5,2,0,0,0,0,200,200,1,0,0,2,200,200
0,200,30,0,0,0,1,10,5,200,0,0,0,0,200,200,200,18,200,1,200,200
0,200,30,0,0,0,1,10,5,200,0,0,0,0,200,200,200,18,200,1,67,200
0,200,30,1,2,0,1,10,2,200,0,0,0,0,200,200,200,18,200,1,22,200
0,200,30,1,2,0,1,10,2,200,0,0,0,0,200,200,200,18,200,1,56,200
0,200,30,0,0,0,1,10,5,200,0,0,0,1,200,200,200,18,16,0,200,200
0,200,30,0,0,0,1,10,5,200,0,0,0,1,200,200,200,18,16,1,41,200
0,200,30,0,0,0,1,10,5,200,0,0,0,1,200,200,200,18,16,1,30,200
1,200,30,0,0,0,1,10,5,200,0,0,0,1,200,200,200,18,16,1,200,200
0,200,30,1,2,0,1,10,5,2,0,0,0,0,200,200,200,18,200,1,27,200
0,200,30,1,2,0,1,10,5,2,0,0,0,0,200,200,200,18,200,0,51,200
1,200,30,1,2,0,1,10,5,2,0,0,0,0,200,200,200,18,200,0,52,200
0,200,30,0,0,0,1,0,5,4,2,0,0,0,200,200,200,17,11,1,71,200
0,200,30,0,0,0,1,0,5,4,2,0,0,0,200,200,200,17,11,1,68,200
0,200,30,0,0,0,1,7,5,200,0,0,0,0,200,200,200,200,200,0,41,200
0,1,30,0,0,0,1,10,5,200,0,0,0,0,200,200,1,18,200,2,200,200
0,1,30,0,0,0,1,10,5,200,0,0,0,0,200,200,1,18,200,1,43,200
0,200,30,0,0,0,1,12,5,200,0,0,0,1,200,200,200,21,200,1,17,200
0,200,30,0,0,0,1,12,5,200,0,0,0,1,200,200,200,21,200,0,28,200
0,200,35,1,2,0,1,10,5,2,0,0,0,0,200,200,200,0,0,0,35,200
0,200,35,1,2,0,1,10,5,2,0,0,0,0,200,200,200,0,0,1,48,200
0,200,30,0,0,0,1,14,2,2,0,0,0,0,200,200,200,0,0,0,21,200
0,200,30,0,0,0,1,14,2,2,0,0,0,0,200,200,200,0,0,1,47,200
0,200,30,0,0,0,1,14,2,2,0,0,0,0,200,200,200,0,0,1,21,200
0,200,35,2,2,0,1,12,3,4,0,0,0,0,200,200,200,0,0,0,200,200
0,200,35,2,2,0,1,12,3,4,0,0,0,0,200,200,200,0,0,0,77,200
0,200,30,0,0,0,1,0,7,200,0,0,200,0,200,200,200,20,0,0,200,200
0,200,30,0,0,0,1,0,7,200,0,0,200,0,200,200,200,20,0,1,66,200
0,200,20,3,2,0,1,7,6,2,0,0,0,0,200,200,200,200,200,0,60,200
0,200,30,0,0,0,1,7,5,200,0,0,0,0,200,200,1,0,0,0,200,200
0,200,30,2,2,0,1,7,2,2,0,0,0,0,200,200,1,0,0,1,200,200
0,200,30,0,0,0,1,12,6,200,0,0,0,1,200,200,200,0,200,0,16,200
0,200,30,0,0,0,1,12,6,200,0,0,0,1,200,200,200,0,200,0,54,200
0,200,30,2,2,0,1,9,5,200,0,0,0,1,1,200,200,17,200,0,48,200
5,200,30,2,2,0,1,9,5,200,0,0,0,1,1,200,200,17,200,1,53,200
0,200,30,1,2,0,1,14,5,200,0,0,0,0,1,200,1,17,23,1,200,200
0,200,30,1,2,0,1,14,5,200,0,0,0,0,1,200,1,17,23,1,33,200
0,200,25,1,2,0,1,14,5,200,0,0,0,0,1,200,200,200,200,0,57,200
0,200,25,1,2,0,1,14,5,200,0,0,0,0,1,200,200,200,200,0,27,200
0,200,30,1,2,0,1,0,2,4,0,0,0,1,1,200,200,8,25,0,29,200
0,200,30,1,2,0,1,0,2,4,0,0,0,1,1,200,200,8,25,0,42,200
0,200,30,1,2,0,1,0,2,4,0,0,0,1,1,200,200,8,25,0,48,200
1,200,30,1,2,0,1,0,2,4,0,0,0,1,1,200,200,8,25,0,27,200
0,200,30,0,0,0,1,10,12,4,0,0,0,0,200,200,200,18,11,0,52,200
0,200,30,0,0,0,1,10,12,4,0,0,0,0,200,200,200,18,11,1,29,200
1,200,30,0,0,0,1,10,12,4,0,0,0,0,200,200,200,18,11,1,56,200
0,200,30,0,0,0,1,10,5,2,0,0,0,0,200,200,200,18,16,0,46,200
0,200,30,0,0,0,1,10,5,2,0,0,0,0,200,200,200,18,16,1,19,200
0,200,30,0,0,0,1,11,5,2,0,0,0,0,200,200,200,20,0,0,41,200
0,200,30,0,0,0,1,11,5,2,0,0,0,0,200,200,200,20,0,0,58,200
0,200,30,0,0,0,1,12,6,200,0,0,0,0,200,200,200,0,0,1,62,200
0,200,30,0,0,0,1,12,6,200,0,0,0,0,200,200,200,0,0,0,61,200
0,200,30,2,2,0,1,7,5,1,0,0,0,1,200,200,200,16,0,0,35,200
1,200,30,2,2,0,1,7,5,1,0,0,0,1,200,200,200,16,0,0,16,200
0,200,30,1,2,0,1,12,5,200,0,0,0,0,200,200,200,0,0,0,21,200
0,200,30,1,2,0,1,12,5,200,0,0,0,0,200,200,200,0,0,0,57,200
0,200,35,0,0,0,1,12,2,200,0,0,0,0,200,200,200,0,200,1,73,200
0,200,35,0,0,0,1,12,2,200,0,0,0,0,200,200,200,0,200,0,25,200
0,1,30,0,0,0,1,0,6,200,0,0,0,0,200,200,1,200,200,1,200,200
0,1,30,0,0,0,1,0,6,200,0,0,0,0,200,200,1,200,200,0,47,200
1,1,30,0,0,0,1,0,6,200,0,0,0,0,200,200,1,200,200,1,41,200
0,200,30,0,0,0,1,7,6,200,0,0,0,0,200,200,200,11,200,1,26,200
0,0,30,2,2,0,1,7,5,200,0,0,0,0,1,200,1,0,200,2,200,200
0,200,30,2,2,0,1,0,5,200,0,0,0,1,1,200,200,5,200,1,18,200
0,200,30,2,2,0,1,0,5,200,0,0,0,1,1,200,200,5,200,1,54,200
0,200,35,1,2,0,1,14,5,2,0,0,0,0,200,200,200,0,0,0,57,200
0,200,35,1,2,0,1,14,5,2,0,0,0,0,200,200,200,0,0,1,200,200
0,200,30,1,2,0,1,10,5,2,0,0,0,1,200,200,200,12,200,0,29,200
0,200,30,1,2,0,1,10,5,2,0,0,0,1,200,200,200,12,200,0,34,200
1,200,30,1,2,0,1,10,5,2,0,0,0,1,200,200,200,12,200,1,25,200
0,200,30,1,2,0,1,12,5,200,0,0,0,0,200,200,200,22,16,1,89,200
0,200,30,1,2,0,1,12,5,200,0,0,0,0,200,200,200,22,16,1,25,200
0,200,30,1,2,0,1,12,5,2,0,0,0,0,200,200,200,22,3,0,25,200
0,200,30,1,2,0,1,12,5,2,0,0,0,0,200,200,200,22,3,0,25,200
0,200,30,1,2,0,1,10,3,200,0,0,0,1,1,200,200,18,200,0,60,200
0,200,30,1,2,0,1,10,3,200,0,0,0,1,1,200,200,18,200,0,64,200
1,200,30,1,2,0,1,10,3,200,0,0,0,1,1,200,200,18,200,1,64,200
0,200,30,0,0,0,1,14,5,2,0,0,0,0,1,200,200,17,200,1,38,200
0,200,30,0,0,0,1,14,5,2,0,0,0,0,1,200,200,17,200,1,24,200
0,200,30,0,0,0,1,12,5,4,0,200,200,0,200,200,200,200,200,0,63,200
0,200,30,0,0,0,1,12,5,4,0,200,200,0,200,200,200,200,200,0,22,200
1,200,30,0,0,0,1,12,5,4,0,200,200,0,200,200,200,200,200,1,200,200
0,200,30,1,2,0,1,14,6,200,0,0,0,1,200,200,200,23,200,0,200,200
0,200,30,1,2,0,1,14,6,200,0,0,0,1,200,200,200,23,200,0,38,200
1,200,30,1,2,0,1,14,6,200,0,0,0,1,200,200,200,23,200,0,200,200
0,200,30,0,0,0,3,10,5,2,0,0,200,0,200,200,200,18,200,0,200,200
0,200,30,0,0,0,3,10,5,2,0,0,200,0,200,200,200,18,200,0,36,200
0,200,30,0,0,0,1,2,5,200,0,0,0,1,200,200,200,0,0,0,28,200
0,200,30,0,0,0,1,10,12,4,0,0,0,0,200,200,200,11,11,1,200,200
0,200,30,0,0,0,1,10,12,4,0,0,0,0,200,200,200,11,11,0,22,200
0,200,35,1,2,0,1,10,2,4,0,0,0,0,200,200,200,22,0,0,64,200
0,200,35,1,2,0,1,10,2,4,0,0,0,0,200,200,200,22,0,1,38,200
0,200,30,0,0,0,1,12,2,4,0,200,200,0,200,200,200,17,17,0,23,200
0,200,30,0,0,0,1,12,2,4,0,200,200,0,200,200,200,17,17,0,33,200
0,200,30,0,2,0,1,10,5,200,0,0,0,0,200,200,200,22,200,1,58,200
0,200,30,0,2,0,1,10,5,200,0,0,0,0,200,200,200,22,200,1,36,200
0,200,30,0,0,0,1,10,2,4,0,0,0,0,200,200,200,18,200,1,18,200
0,200,30,0,0,0,1,10,2,4,0,0,0,0,200,200,200,18,200,0,30,200
1,200,30,0,0,0,1,10,2,4,0,0,0,0,200,200,200,18,200,0,200,200
0,200,30,0,0,0,1,10,5,2,0,0,0,0,200,200,200,0,0,0,200,200
0,200,30,0,0,0,1,10,5,2,0,0,0,0,200,200,200,0,0,1,200,200
1,200,30,0,0,0,1,10,5,2,0,0,0,0,200,200,200,0,0,0,200,200
0,200,30,0,0,0,1,14,2,200,0,0,0,1,0,200,200,200,200,1,86,200
0,200,30,0,0,0,1,14,2,200,0,0,0,1,0,200,200,200,200,1,38,200
0,200,30,0,0,0,1,14,5,2,0,0,0,0,200,200,200,17,200,0,0,200
0,200,30,0,0,0,1,14,5,2,0,0,0,0,200,200,200,17,200,1,43,200
0,200,30,2,2,0,1,0,5,200,0,0,0,0,1,200,200,0,200,1,200,200
0,200,30,2,2,0,1,0,5,200,0,0,0,0,1,200,200,0,200,0,68,200
0,1,30,0,0,0,1,11,5,200,0,0,0,0,200,200,1,0,0,2,200,200
0,1,30,0,0,0,1,11,5,200,0,0,0,0,200,200,1,0,0,1,39,200
1,1,30,0,0,0,1,11,5,200,0,0,0,0,200,200,1,0,0,2,200,200
1,1,30,0,0,0,1,11,5,200,0,0,0,0,200,200,1,0,0,0,200,200
1,1,30,0,0,0,1,11,5,200,0,0,0,0,200,200,1,0,0,1,200,200
1,1,30,0,0,0,1,11,5,200,0,0,0,0,200,200,1,0,0,0,200,200
1,1,30,0,0,0,1,11,5,200,0,0,0,0,200,200,1,0,0,1,200,200
0,200,30,1,2,0,1,14,5,200,0,0,200,0,200,200,200,23,23,0,57,200
0,200,30,1,2,0,1,14,5,200,0,0,200,0,200,200,200,23,23,0,27,200
0,200,30,0,0,0,1,0,2,1,0,0,0,0,200,200,200,0,200,1,200,200
0,200,30,0,0,0,1,0,2,1,0,0,0,0,200,200,200,0,200,1,200,200
0,200,30,0,0,0,1,10,5,200,0,0,0,0,200,200,1,18,200,0,200,200
0,200,30,0,0,0,1,10,5,200,0,0,0,0,200,200,1,18,200,1,38,200
1,200,30,0,0,0,1,10,5,200,0,0,0,0,200,200,1,18,200,0,17,200
0,200,30,2,200,0,1,0,5,2,0,0,200,0,1,200,1,17,200,1,200,200
0,200,30,2,200,0,1,0,5,2,0,0,200,0,1,200,1,17,200,1,39,200
0,200,30,1,2,0,1,10,12,4,0,0,0,0,200,200,200,18,11,1,28,200
0,200,30,1,2,0,1,10,12,4,0,0,0,0,200,200,200,18,11,1,63,200
0,200,25,0,0,0,1,2,6,4,0,0,0,1,200,200,200,0,200,0,31,200
0,200,35,1,2,0,1,10,5,200,0,0,200,1,1,200,200,8,16,0,20,200
0,200,35,1,2,0,1,10,5,200,0,0,200,1,1,200,200,8,16,1,41,200
1,200,35,1,2,0,1,10,5,200,0,0,200,1,1,200,200,8,16,1,67,200
0,200,25,0,0,0,1,12,6,3,0,0,0,0,200,200,200,21,200,1,37,200
0,200,25,0,0,0,1,12,6,3,0,0,0,0,200,200,200,21,200,1,42,200
0,200,30,0,0,0,1,10,2,200,0,0,0,0,200,200,1,18,200,1,200,200
0,200,30,0,0,0,1,10,2,200,0,0,0,0,200,200,1,18,200,0,42,200
0,200,30,0,0,0,1,12,5,2,0,0,200,0,200,200,200,22,200,1,36,200
0,200,30,0,0,0,1,12,5,2,0,0,200,0,200,200,200,22,200,1,47,200
0,200,30,0,0,0,1,12,2,2,0,0,0,0,200,200,200,22,0,1,200,200
0,200,30,0,0,0,1,12,2,2,0,0,0,0,200,200,200,22,0,0,69,200
1,200,30,0,0,0,1,12,2,2,0,0,0,0,200,200,200,22,0,0,200,200
1,200,30,0,0,0,1,12,2,2,0,0,0,0,200,200,200,22,0,0,200,200
0,200,30,1,2,0,1,7,2,4,0,0,0,1,200,200,200,27,11,0,21,200
1,200,30,1,2,0,1,7,2,4,0,0,0,1,200,200,200,27,11,1,18,200
0,200,30,1,2,0,1,14,5,4,0,0,0,0,200,200,200,18,18,0,63,200
0,200,30,1,2,0,1,14,5,4,0,0,0,0,200,200,200,18,18,0,33,200
0,200,30,1,2,0,1,14,5,4,0,0,0,0,200,200,200,18,18,0,25,200
0,200,30,1,2,0,1,12,5,200,0,0,0,0,200,200,1,0,200,0,46,200
0,200,30,1,2,0,1,12,5,200,0,0,0,0,200,200,1,0,200,0,200,200
0,200,30,2,2,0,1,10,5,2,0,0,0,1,200,200,200,20,200,0,26,200
0,200,30,2,2,0,1,10,5,2,0,0,0,1,200,200,200,20,200,0,50,200
1,200,30,2,2,0,1,10,5,2,0,0,0,1,200,200,200,20,200,0,200,200
0,200,30,0,0,0,1,10,5,2,0,0,200,0,200,200,200,0,0,1,27,200
0,200,30,0,0,0,1,10,5,2,0,0,200,0,200,200,200,0,0,1,44,200
0,200,30,0,0,0,1,5,12,1,0,0,0,0,200,200,200,11,0,0,47,200
0,200,30,1,2,0,1,14,5,2,0,0,0,0,1,200,200,0,200,1,73,200
0,200,30,1,2,0,1,14,5,2,0,0,0,0,1,200,200,0,200,0,33,200
0,200,30,1,2,0,1,14,6,3,0,0,0,0,1,200,200,23,0,0,28,200
0,200,30,1,2,0,1,14,6,3,0,0,0,0,1,200,200,23,0,1,57,200
1,200,30,1,2,0,1,14,6,3,0,0,0,0,1,200,200,23,0,1,31,200
1,200,30,1,2,0,1,14,6,3,0,0,0,0,1,200,200,23,0,1,200,200
1,200,30,1,2,0,1,14,6,3,0,0,0,0,1,200,200,23,0,1,200,200
1,200,30,1,2,0,1,14,6,3,0,0,0,0,1,200,200,23,0,0,200,200
1,200,30,1,2,0,1,14,6,3,0,0,0,0,1,200,200,23,0,0,200,200
0,200,30,0,0,0,1,7,2,2,0,0,0,0,200,200,200,0,0,0,73,200
0,200,30,2,2,0,1,8,2,2,0,0,0,1,1,200,200,17,200,1,38,200
4,200,30,2,2,0,1,8,2,2,0,0,0,1,1,200,200,17,200,1,29,200
0,200,30,1,2,0,1,10,2,4,0,0,0,0,1,200,1,18,0,1,200,200
0,200,30,1,2,0,1,10,2,4,0,0,0,0,1,200,1,18,0,0,46,200
0,200,30,1,2,0,1,14,2,6,0,0,0,1,1,200,200,17,17,0,51,200
0,200,30,1,2,0,1,14,2,6,0,0,0,1,1,200,200,17,17,0,27,200
1,200,30,1,2,0,1,14,2,6,0,0,0,1,1,200,200,17,17,0,200,200
1,200,30,1,2,0,1,14,2,6,0,0,0,1,1,200,200,17,17,1,200,200
0,200,30,0,0,0,1,14,5,200,0,0,0,0,200,200,200,0,200,0,200,200
0,200,30,0,0,0,1,14,5,200,0,0,0,0,200,200,200,0,200,0,37,200
0,200,30,0,0,0,1,10,5,200,0,0,0,0,200,200,200,18,0,1,43,200
0,200,30,0,0,0,1,10,5,200,0,0,0,0,200,200,200,18,0,0,58,200
0,200,30,0,0,0,1,10,5,4,0,200,200,0,200,200,200,0,0,0,200,200
0,200,30,0,0,0,1,10,5,4,0,200,200,0,200,200,200,0,0,0,53,200
0,200,30,2,200,0,1,3,6,200,0,200,200,0,1,200,200,20,200,0,40,200
0,200,30,2,200,0,1,3,6,200,0,200,200,0,1,200,200,20,200,0,26,200
0,1,30,0,0,0,1,12,2,2,0,0,0,1,1,200,200,22,200,1,41,200
0,1,30,0,0,0,1,12,2,2,0,0,0,1,1,200,200,22,200,0,27,200
0,200,30,1,2,0,1,14,8,4,0,0,0,1,1,200,200,23,17,0,54,200
0,200,30,1,2,0,1,14,8,4,0,0,0,1,1,200,200,23,17,0,36,200
1,200,30,1,2,0,1,14,8,4,0,0,0,1,1,200,200,23,17,1,24,200
1,200,30,1,2,0,1,14,8,4,0,0,0,1,1,200,200,23,17,1,22,200
1,200,30,1,2,0,1,14,8,4,0,0,0,1,1,200,200,23,17,0,4,200
0,200,30,2,1,0,1,10,5,2,0,0,0,0,200,200,200,7,6,1,20,200
0,200,30,2,1,0,1,10,5,2,0,0,0,0,200,200,200,7,6,0,34,200
1,200,30,2,1,0,1,10,5,2,0,0,0,0,200,200,200,7,6,0,25,200
0,200,30,0,0,200,200,7,5,200,0,200,200,0,200,200,200,17,200,1,200,200
4,200,30,0,0,0,1,8,5,200,0,0,0,0,200,200,200,17,200,200,200,200
0,200,30,2,2,0,1,14,5,200,0,0,0,0,1,200,200,0,0,0,40,200
0,200,30,2,2,0,1,14,5,200,0,0,0,0,1,200,200,0,0,0,58,200
0,200,30,0,0,0,3,7,5,2,0,0,0,0,200,200,1,0,0,2,200,200
0,200,30,1,2,0,1,12,5,200,0,0,0,0,1,200,1,22,200,0,200,200
0,200,30,1,2,0,1,12,5,200,0,0,0,0,1,200,1,22,200,1,31,200
0,200,30,2,2,0,1,0,2,2,0,0,0,0,200,200,200,17,0,1,200,200
0,200,30,2,2,0,1,0,2,2,0,0,0,0,200,200,200,17,0,0,64,200
0,200,10,0,0,0,1,7,12,1,0,0,0,0,200,1,1,25,200,1,200,200
0,200,30,0,0,0,1,10,5,2,0,0,0,0,200,200,200,18,200,0,200,200
0,200,30,0,0,0,1,10,5,2,0,0,0,0,200,200,200,18,200,1,39,200
0,200,0,0,0,0,0,7,7,200,0,0,200,0,200,1,1,0,0,2,200,200
0,200,30,200,200,0,1,8,12,4,0,0,0,0,200,200,200,17,0,1,200,200
4,200,30,200,200,0,1,8,12,4,0,0,0,0,200,200,200,17,0,1,25,200
0,200,30,1,2,0,1,3,5,2,0,0,0,0,1,200,200,17,17,2,63,200
0,200,30,1,2,0,1,3,5,2,0,0,0,0,1,200,200,17,17,0,33,200
0,200,30,1,2,0,1,3,5,2,0,0,0,0,1,200,200,17,17,2,25,200
0,200,30,1,2,0,1,10,5,4,0,0,0,1,0,200,200,16,200,0,29,200
0,200,30,1,2,0,1,10,5,4,0,0,0,1,0,200,200,16,200,1,31,200
0,200,30,1,2,0,1,10,5,4,0,0,0,1,0,200,200,16,200,0,27,200
0,200,30,1,2,0,1,10,5,4,0,0,0,1,0,200,200,16,200,0,30,200
1,200,30,1,2,0,1,10,5,4,0,0,0,1,0,200,200,16,200,0,28,200
1,200,30,1,2,0,1,10,5,4,0,0,0,1,0,200,200,16,200,0,6,200
1,200,30,1,2,0,1,10,5,4,0,0,0,1,0,200,200,16,200,1,30,200
1,200,30,1,2,0,1,10,5,4,0,0,0,1,0,200,200,16,200,1,27,200
1,200,30,1,2,0,1,10,5,4,0,0,0,1,0,200,200,16,200,1,23,200
1,200,30,1,2,0,1,10,5,4,0,0,0,1,0,200,200,16,200,1,28,200
1,200,30,1,2,0,1,10,5,4,0,0,0,1,0,200,200,16,200,1,25,200
1,200,30,1,2,0,1,10,5,4,0,0,0,1,0,200,200,16,200,0,8,200
1,200,30,1,2,0,1,10,5,4,0,0,0,1,0,200,200,16,200,1,6,200
0,200,30,0,0,0,1,7,5,200,0,0,0,0,200,200,1,200,200,2,200,200
0,200,30,0,0,0,1,10,5,200,0,0,0,0,200,200,200,17,18,0,200,200
0,200,30,0,0,0,1,10,5,200,0,0,0,0,200,200,200,17,18,0,0,200
0,200,20,0,0,0,1,0,7,200,0,0,0,0,200,1,200,17,200,0,46,200
0,200,20,0,0,0,1,0,7,200,0,0,0,0,200,1,200,17,200,1,37,200
0,200,5,0,0,0,1,10,12,1,2,0,0,0,200,0,200,20,11,1,42,200
0,200,5,0,0,0,1,10,12,1,2,0,0,0,200,0,200,20,11,1,44,200
1,200,5,0,0,0,1,10,12,1,2,0,0,0,200,0,200,20,11,1,200,200
1,200,5,0,0,0,1,10,12,1,2,0,0,0,200,0,200,20,11,1,200,200
1,200,5,0,0,0,1,10,12,1,2,0,0,0,200,0,200,20,11,0,200,200
0,200,30,1,2,0,1,10,2,4,0,0,0,1,200,200,200,27,0,1,73,200
0,200,30,1,2,0,1,10,2,4,0,0,0,1,200,200,200,27,0,1,58,200
1,200,30,1,2,0,1,10,2,4,0,0,0,1,200,200,200,27,0,0,13,200
0,200,30,1,2,0,1,14,5,200,0,0,0,1,1,200,200,17,17,1,52,200
0,200,30,1,2,0,1,14,5,200,0,0,0,1,1,200,200,17,17,0,24,200
0,200,30,1,2,0,1,14,5,4,0,0,0,1,1,200,1,0,200,2,200,200
0,200,30,1,2,0,1,14,5,4,0,0,0,1,1,200,1,0,200,0,20,200
0,200,30,2,200,0,1,10,5,200,0,200,200,0,1,200,1,0,200,0,200,200
0,200,30,2,200,0,1,10,5,200,0,200,200,0,1,200,1,0,200,1,24,200
0,200,30,2,2,0,1,0,5,2,0,0,0,0,200,200,1,0,0,1,200,200
0,200,30,2,2,0,1,0,5,2,0,0,0,0,200,200,1,0,0,0,200,200
0,200,30,0,0,0,1,14,5,2,0,200,200,0,200,200,1,0,0,2,200,200
0,200,30,0,0,0,1,14,5,2,0,200,200,0,200,200,1,0,0,0,42,200
0,200,30,0,0,0,1,14,5,200,0,0,0,0,200,200,200,17,16,0,200,200
0,200,30,0,0,0,1,14,5,200,0,0,0,0,200,200,200,17,16,1,39,200
0,200,30,1,1,0,1,14,3,3,0,0,0,0,1,200,200,23,21,0,42,200
0,200,30,1,1,0,1,14,3,3,0,0,0,0,1,200,200,23,21,0,24,200
0,200,30,3,2,0,1,14,2,2,0,0,0,1,200,200,200,21,21,0,59,200
0,200,30,3,2,0,1,14,2,2,0,0,0,1,200,200,200,21,21,0,26,200
0,200,40,0,0,0,1,3,3,5,0,0,0,1,200,200,200,21,200,0,28,200
0,200,40,0,0,0,1,3,3,5,0,0,0,1,200,200,200,21,200,0,31,200
0,200,40,0,0,0,1,3,3,5,0,0,0,1,200,200,200,21,200,0,20,200
1,200,40,0,0,0,1,3,3,5,0,0,0,1,200,200,200,21,200,1,20,200
0,200,5,0,0,0,1,7,7,200,0,0,0,0,200,200,1,23,200,1,200,200
0,200,30,1,2,0,1,14,5,200,0,0,0,1,1,200,1,17,11,0,200,200
0,200,30,1,2,0,1,14,5,200,0,0,0,1,1,200,1,17,11,0,42,200
1,200,30,1,2,0,1,14,5,200,0,0,0,1,1,200,1,17,11,1,200,200
0,200,30,2,2,0,1,0,5,200,0,0,0,0,200,200,200,17,17,1,200,200
0,200,30,2,2,0,1,0,5,200,0,0,0,0,200,200,200,17,17,1,27,200
1,200,30,2,2,0,1,0,5,200,0,0,0,0,200,200,200,17,17,0,200,200
0,200,30,0,0,0,4,12,5,200,0,0,0,0,200,200,200,22,16,1,28,200
0,200,30,0,0,0,4,12,5,200,0,0,0,0,200,200,200,22,16,0,200,200
1,200,30,0,0,0,4,12,5,200,0,0,0,0,200,200,200,22,16,1,200,200
1,200,30,0,0,0,4,12,5,200,0,0,0,0,200,200,200,22,16,0,200,200
1,200,30,0,0,0,4,12,5,200,0,0,0,0,200,200,200,22,16,1,200,200