PERSON_TYPE,CRASH_DATE_EST_I,POSTED_SPEED_LIMIT,TRAFFIC_CONTROL_DEVICE,DEVICE_CONDITION,WEATHER_CONDITION,LIGHTING_CONDITION,FIRST_CRASH_TYPE,TRAFFICWAY_TYPE,LANE_CNT,ALIGNMENT,ROADWAY_SURFACE_COND,ROAD_DEFECT,CRASH_TYPE,INTERSECTION_RELATED_I,NOT_RIGHT_OF_WAY_I,HIT_AND_RUN_I,PRIM_CONTRIBUTORY_CAUSE,SEC_CONTRIBUTORY_CAUSE,SEX,AGE,BAC_RESULT VALUE
1,200,30,0,0,0,4,12,5,200,0,0,0,0,200,200,200,22,16,0,200,200
0,1,15,0,0,200,200,7,7,1,0,200,200,0,200,1,1,0,0,2,200,200
0,200,30,1,2,0,1,12,6,200,0,200,200,0,1,200,200,22,200,0,48,200
0,200,30,1,2,0,1,12,6,200,0,200,200,0,1,200,200,22,200,1,36,200
1,200,30,1,2,0,1,12,6,200,0,200,200,0,1,200,200,22,200,0,29,200
0,200,30,0,0,0,1,7,5,200,0,0,0,0,200,200,1,0,0,0,200,200
1,200,30,0,0,0,1,7,5,200,0,0,0,0,200,200,1,0,0,1,200,200
0,200,30,0,0,0,1,0,5,200,0,0,0,0,200,200,1,0,0,1,200,200
0,200,30,0,0,0,1,0,5,200,0,0,0,0,200,200,1,0,0,0,28,200
0,1,30,0,0,0,1,12,5,200,0,0,0,0,200,200,1,18,200,2,200,200
0,1,30,0,0,0,1,12,5,200,0,0,0,0,200,200,1,18,200,0,36,200
0,200,30,0,0,0,4,7,5,200,0,0,0,0,200,200,1,0,200,2,200,200
0,200,30,0,0,0,1,0,6,2,0,0,0,0,200,200,200,0,0,1,200,200
0,200,30,0,0,0,1,0,6,2,0,0,0,0,200,200,200,0,0,1,24,200
0,200,30,0,0,0,3,7,2,2,0,0,200,0,200,200,200,0,0,0,200,200
0,1,20,0,0,0,1,7,6,1,0,0,0,1,200,200,200,0,200,0,45,200
0,200,30,0,0,0,1,7,5,200,0,0,1,1,200,200,200,0,0,1,32,200
0,200,30,2,2,0,1,0,2,2,0,0,0,0,1,200,200,17,0,1,53,200
0,200,30,2,2,0,1,0,2,2,0,0,0,0,1,200,200,17,0,0,38,200
1,200,30,2,2,0,1,0,2,2,0,0,0,0,1,200,200,17,0,1,200,200
0,200,30,1,2,0,1,10,5,2,0,200,200,0,200,200,200,18,18,0,200,200
0,200,30,1,2,0,1,10,5,2,0,200,200,0,200,200,200,18,18,1,22,200
1,200,30,1,2,0,1,10,5,2,0,200,200,0,200,200,200,18,18,1,200,200
1,200,30,1,2,0,1,10,5,2,0,200,200,0,200,200,200,18,18,1,200,200
1,200,30,1,2,0,1,10,5,2,0,200,200,0,200,200,200,18,18,1,200,200
0,200,20,0,0,0,1,7,6,2,0,0,0,0,200,200,1,0,0,1,200,200
0,200,30,0,0,0,1,12,5,200,0,0,0,0,200,200,200,0,0,0,59,200
0,200,30,0,0,0,1,12,5,200,0,0,0,0,200,200,200,0,0,1,32,200
0,200,30,1,2,0,1,14,1,4,0,0,2,0,200,200,200,11,33,0,0,200
0,200,30,1,2,0,1,14,1,4,0,0,2,0,200,200,200,11,33,0,24,200
0,200,30,1,2,0,4,0,5,2,0,0,0,0,1,200,200,33,6,1,63,200
0,200,30,1,2,0,4,0,5,2,0,0,0,0,1,200,200,33,6,0,49,200
0,200,30,0,0,0,1,7,5,2,0,0,0,1,200,200,200,0,0,0,59,200
0,200,30,0,0,0,1,12,2,2,0,0,0,0,200,200,200,22,11,1,62,200
0,200,30,0,0,0,1,12,2,2,0,0,0,0,200,200,200,22,11,0,48,200
0,200,30,0,0,0,1,12,6,1,0,0,200,0,200,200,1,22,200,1,200,200
0,200,30,0,0,0,1,12,6,1,0,0,200,0,200,200,1,22,200,0,20,200
0,200,30,1,2,0,1,14,2,3,0,0,200,0,1,200,1,21,0,0,200,200
0,200,30,1,2,0,1,14,2,3,0,0,200,0,1,200,1,21,0,0,24,200
5,200,30,1,2,0,1,9,5,200,0,0,0,1,200,200,200,33,200,1,25,200
0,200,30,1,2,0,1,9,5,200,0,0,0,1,200,200,200,33,200,1,50,200
0,200,10,0,0,0,1,7,7,200,0,200,200,0,200,1,1,0,200,2,200,200
0,200,30,2,2,0,1,12,6,200,0,0,0,0,200,200,200,0,0,1,200,200
0,200,30,2,2,0,1,12,6,200,0,0,0,0,200,200,200,0,0,0,200,200
1,200,30,2,2,0,1,12,6,200,0,0,0,0,200,200,200,0,0,0,200,200
0,200,30,0,0,0,1,12,5,4,0,0,0,0,200,200,200,17,0,0,19,200
0,200,30,0,0,0,1,12,5,4,0,0,0,0,200,200,200,17,0,0,40,200
0,200,30,1,2,0,1,14,5,2,0,0,0,0,1,200,200,0,200,0,0,200
0,200,30,1,2,0,1,14,5,2,0,0,0,0,1,200,200,0,200,0,53,200
0,200,30,1,2,0,1,10,5,200,0,200,200,0,200,200,200,0,0,0,55,200
0,200,30,1,2,0,1,10,5,200,0,200,200,0,200,200,200,0,0,0,44,200
0,200,30,0,0,0,4,7,5,200,0,0,0,0,200,200,200,21,200,1,73,200
0,200,30,1,2,0,1,10,5,5,0,200,200,0,200,200,200,18,18,0,30,200
0,200,30,1,2,0,1,10,5,5,0,200,200,0,200,200,200,18,18,0,200,200
1,200,30,1,2,0,1,10,5,5,0,200,200,0,200,200,200,18,18,1,200,200
1,200,30,1,2,0,1,10,5,5,0,200,200,0,200,200,200,18,18,1,200,200
1,200,30,1,2,0,1,10,5,5,0,200,200,0,200,200,200,18,18,1,200,200
0,200,30,1,2,0,3,10,2,4,0,0,0,1,1,200,200,0,0,0,27,200
0,200,30,1,2,0,3,10,2,4,0,0,0,1,1,200,200,0,0,0,62,200
0,200,30,200,0,0,4,10,5,2,0,0,0,1,200,200,200,18,16,0,51,200
0,200,30,200,0,0,4,10,5,2,0,0,0,1,200,200,200,18,16,1,72,200
0,1,35,2,2,0,0,10,3,200,0,0,200,1,1,200,200,16,0,0,67,200
0,1,35,2,2,0,0,10,3,200,0,0,200,1,1,200,200,16,0,0,49,200
0,200,30,3,2,0,4,14,12,4,0,0,0,1,1,200,200,21,11,1,34,200
0,200,30,3,2,0,4,14,12,4,0,0,0,1,1,200,200,21,11,1,48,200
1,200,30,3,2,0,4,14,12,4,0,0,0,1,1,200,200,21,11,0,13,200
0,200,25,200,200,0,200,9,2,2,0,0,0,1,200,200,1,17,0,2,200,200
5,200,25,200,200,0,200,9,2,2,0,0,0,1,200,200,1,17,0,0,54,200
0,200,25,2,2,0,3,0,5,200,0,0,0,1,1,200,200,17,17,0,37,200
0,200,25,2,2,0,3,0,5,200,0,0,0,1,1,200,200,17,17,1,19,200
1,200,25,2,2,0,3,0,5,200,0,0,0,1,1,200,200,17,17,1,16,200
0,200,30,0,0,0,1,12,5,200,0,0,0,0,200,200,1,21,200,0,200,200
0,200,30,0,0,0,1,12,5,200,0,0,0,0,200,200,1,21,200,1,33,200
0,200,30,0,0,0,4,0,5,200,0,0,200,0,200,200,200,17,0,1,37,200
0,200,30,0,0,0,4,0,5,200,0,0,200,0,200,200,200,17,0,0,64,200
0,200,30,0,0,0,3,10,5,4,0,0,0,1,200,200,200,16,0,1,29,200
0,200,30,0,0,0,3,10,5,4,0,0,0,1,200,200,200,16,0,1,39,200
0,200,30,1,2,0,4,7,3,2,0,0,0,0,200,200,200,0,0,0,47,200
1,200,30,1,2,0,4,7,3,2,0,0,0,0,200,200,200,0,0,0,200,200
0,200,30,0,0,0,3,14,5,200,0,0,0,1,200,200,200,17,0,0,49,200
0,200,30,0,0,0,3,14,5,200,0,0,0,1,200,200,200,17,0,1,53,200
1,200,30,0,0,0,3,14,5,200,0,0,0,1,200,200,200,17,0,1,200,200
0,200,30,0,0,0,3,10,2,2,0,0,0,0,200,200,200,7,0,0,42,200
0,200,30,0,0,0,3,10,2,2,0,0,0,0,200,200,200,7,0,0,68,200
0,200,30,0,0,0,3,0,5,200,0,0,0,0,1,200,200,0,0,1,75,200
0,200,30,0,0,0,3,0,5,200,0,0,0,0,1,200,200,0,0,0,42,200
0,200,20,0,0,0,1,10,5,2,0,0,0,0,1,200,200,0,200,1,22,200
0,200,20,0,0,0,1,10,5,2,0,0,0,0,1,200,200,0,200,0,27,200
0,200,25,0,0,0,3,12,6,2,0,0,0,0,200,200,200,11,200,0,48,200
0,200,25,0,0,0,3,12,6,2,0,0,0,0,200,200,200,11,200,1,44,200
0,200,30,1,2,0,3,14,5,4,0,0,0,0,200,200,1,20,200,0,200,200
0,200,30,1,2,0,3,14,5,4,0,0,0,0,200,200,1,20,200,1,0,200
1,200,30,1,2,0,3,14,5,4,0,0,0,0,200,200,1,20,200,1,70,200
0,200,30,1,2,0,3,10,2,4,0,0,0,0,200,200,200,18,0,0,34,200
0,200,30,1,2,0,3,10,2,4,0,0,0,0,200,200,200,18,0,1,31,200
1,200,30,1,2,0,3,10,2,4,0,0,0,0,200,200,200,18,0,1,200,200
1,200,30,1,2,0,3,10,2,4,0,0,0,0,200,200,200,18,0,1,200,200
0,200,15,0,0,0,3,7,7,200,0,0,0,0,200,200,200,20,16,1,25,200
1,200,15,0,0,0,3,7,7,200,0,0,0,0,200,200,200,20,16,1,200,200
0,200,30,0,0,0,3,14,2,2,0,0,0,0,200,200,200,0,200,1,22,200
0,200,30,0,0,0,3,14,2,2,0,0,0,0,200,200,200,0,200,0,41,200
1,200,30,0,0,0,3,14,2,2,0,0,0,0,200,200,200,0,200,200,200,200
0,200,30,0,0,0,0,9,3,4,0,0,0,1,200,200,200,17,200,0,77,200
5,200,30,0,0,0,0,9,3,4,0,0,0,1,200,200,200,17,200,0,41,200
1,200,30,0,0,0,0,9,3,4,0,0,0,1,200,200,200,17,200,0,200,200
1,200,30,0,0,0,0,9,3,4,0,0,0,1,200,200,200,17,200,1,200,200
0,200,30,0,0,0,0,14,5,2,0,0,0,0,200,200,200,17,16,0,19,200
0,200,30,0,0,0,0,14,5,2,0,0,0,0,200,200,200,17,16,0,200,200
0,200,30,2,2,0,3,10,2,2,0,0,0,0,1,200,200,18,200,0,62,200
0,200,30,2,2,0,3,10,2,2,0,0,0,0,1,200,200,18,200,0,21,200
1,200,30,2,2,0,3,10,2,2,0,0,0,0,1,200,200,18,200,0,200,200
0,200,30,1,2,0,3,14,5,4,2,0,0,0,1,200,200,6,16,0,39,200
0,200,30,1,2,0,3,14,5,4,2,0,0,0,1,200,200,6,16,1,23,200
0,200,30,200,200,0,3,14,5,1,0,200,200,0,200,200,200,23,200,0,200,200
0,200,30,200,200,0,3,14,5,1,0,200,200,0,200,200,200,23,200,0,200,200
0,200,30,0,0,0,1,14,5,200,0,0,0,1,200,200,200,0,0,2,200,200
0,200,30,0,0,0,1,14,5,200,0,0,0,1,200,200,200,0,0,0,47,200
0,200,30,0,200,0,3,10,5,200,0,0,200,0,200,200,200,18,18,0,47,200
0,200,30,0,200,0,3,10,5,200,0,0,200,0,200,200,200,18,18,0,49,200
1,200,30,1,2,0,4,3,5,2,0,0,0,1,200,200,1,0,0,1,200,200
0,200,30,1,2,0,4,3,5,2,0,0,0,1,200,200,1,0,0,0,200,200
0,200,30,1,2,0,4,3,5,2,0,0,0,1,200,200,1,0,0,0,67,200
0,200,30,0,0,0,1,0,5,2,0,0,2,0,200,200,1,0,0,0,200,200
0,200,30,0,0,0,1,0,5,2,0,0,2,0,200,200,1,0,0,1,57,200
1,200,30,0,0,0,1,0,5,2,0,0,2,0,200,200,1,0,0,0,64,200
0,200,30,0,0,0,1,10,5,2,0,0,0,0,200,200,200,18,16,1,35,200
0,200,30,0,0,0,1,10,5,2,0,0,0,0,200,200,200,18,16,1,60,200
0,200,30,2,0,0,200,10,2,200,0,0,0,0,200,200,200,200,200,1,23,200
0,200,30,2,0,0,200,10,2,200,0,0,0,0,200,200,200,200,200,0,22,200
1,200,30,2,0,0,200,10,2,200,0,0,0,0,200,200,200,200,200,1,20,200
0,200,35,1,2,0,3,14,2,3,0,0,0,0,1,200,1,21,23,0,200,200
0,200,35,1,2,0,3,14,2,3,0,0,0,0,1,200,1,21,23,1,25,200
1,200,35,1,2,0,3,14,2,3,0,0,0,0,1,200,1,21,23,1,200,200
1,200,35,1,2,0,3,14,2,3,0,0,0,0,1,200,1,21,23,1,200,200
1,200,35,1,2,0,3,14,2,3,0,0,0,0,1,200,1,21,23,200,200,200
0,200,30,0,0,0,3,0,5,2,0,0,0,0,200,200,1,17,0,0,200,200
0,200,30,0,0,0,3,0,5,2,0,0,0,0,200,200,1,17,0,1,31,200
0,200,30,0,0,0,0,7,7,200,0,0,0,0,200,200,200,20,20,1,16,200
1,200,30,0,0,0,0,7,7,200,0,0,0,0,200,200,200,20,20,1,18,200
0,200,35,1,2,0,0,10,5,4,0,0,0,0,1,200,200,18,18,0,38,200
0,200,35,1,2,0,0,10,5,4,0,0,0,0,1,200,200,18,18,0,30,200
0,200,30,0,0,0,1,12,2,8,0,0,0,0,200,200,200,0,0,0,0,200
0,200,30,0,0,0,1,12,2,8,0,0,0,0,200,200,200,0,0,0,61,200
0,200,30,0,0,0,0,2,5,200,0,0,0,1,200,200,200,14,11,2,200,200
0,200,30,1,2,0,3,10,5,200,0,0,0,0,1,200,1,18,200,0,200,200
0,200,30,1,2,0,3,10,5,200,0,0,0,0,1,200,1,18,200,0,61,200
0,200,30,1,2,0,3,14,5,200,0,0,0,1,200,200,1,6,14,0,200,200
0,200,30,1,2,0,3,14,5,200,0,0,0,1,200,200,1,6,14,0,55,200
0,200,30,1,2,0,3,10,5,6,0,0,0,0,0,200,200,18,16,0,55,200
0,200,30,1,2,0,3,10,5,6,0,0,0,0,0,200,200,18,16,1,55,200
0,1,30,2,200,0,1,14,5,2,0,0,200,0,200,200,200,200,200,1,38,200
0,1,30,2,200,0,1,14,5,2,0,0,200,0,200,200,200,200,200,0,20,200
0,200,30,0,0,0,3,14,2,2,0,0,0,1,200,200,200,16,17,1,22,200
0,200,30,0,0,0,3,14,2,2,0,0,0,1,200,200,200,16,17,1,22,200
1,200,30,0,0,0,3,14,2,2,0,0,0,1,200,200,200,16,17,1,1,200
0,1,30,0,0,0,3,7,5,2,0,0,0,1,200,200,200,16,0,1,50,200
0,200,15,0,0,0,3,5,0,200,0,0,0,1,200,200,1,14,17,0,200,200
0,200,35,1,2,0,3,0,1,2,3,0,0,1,1,200,200,16,7,0,61,200
0,200,35,1,2,0,3,0,1,2,3,0,0,1,1,200,200,16,7,0,33,200
1,200,35,1,2,0,3,0,1,2,3,0,0,1,1,200,200,16,7,1,1,200
1,200,35,1,2,0,3,0,1,2,3,0,0,1,1,200,200,16,7,1,10,200
0,200,30,1,2,0,3,0,6,2,0,0,0,1,1,200,200,6,16,0,35,200
0,200,30,1,2,0,3,0,6,2,0,0,0,1,1,200,200,6,16,0,25,200
1,200,30,1,2,0,3,0,6,2,0,0,0,1,1,200,200,6,16,1,63,200
1,200,30,1,2,0,3,0,6,2,0,0,0,1,1,200,200,6,16,0,64,200
0,200,35,1,2,0,3,10,1,5,0,0,0,0,200,200,200,7,18,0,26,200
0,200,35,1,2,0,3,10,1,5,0,0,0,0,200,200,200,7,18,1,34,200
0,200,30,1,2,0,3,10,5,200,0,0,0,0,1,200,200,18,200,0,29,200
0,200,30,1,2,0,3,10,5,200,0,0,0,0,1,200,200,18,200,0,35,200
0,200,35,0,0,0,3,11,6,1,0,0,0,0,200,200,200,20,0,0,27,200
0,200,35,0,0,0,3,11,6,1,0,0,0,0,200,200,200,20,0,0,32,200
1,200,35,0,0,0,3,11,6,1,0,0,0,0,200,200,200,20,0,1,25,200
1,200,35,0,0,0,3,11,6,1,0,0,0,0,200,200,200,20,0,1,32,200
0,200,30,1,2,0,3,10,8,2,0,200,200,0,200,200,200,18,0,0,37,200
0,200,30,1,2,0,3,10,8,2,0,200,200,0,200,200,200,18,0,0,27,200
0,200,30,1,2,0,3,14,12,200,0,0,200,1,1,200,200,17,200,1,19,200
0,200,30,1,2,0,3,14,12,200,0,0,200,1,1,200,200,17,200,0,48,200
1,200,30,1,2,0,3,14,12,200,0,0,200,1,1,200,200,17,200,0,23,200
0,200,30,1,2,0,3,10,2,200,0,0,0,0,200,200,1,18,18,0,200,200
0,200,30,1,2,0,3,10,2,200,0,0,0,0,200,200,1,18,18,0,34,200
0,200,35,0,0,0,1,12,1,7,0,0,0,0,200,200,200,21,16,0,61,200
0,200,35,0,0,0,1,12,1,7,0,0,0,0,200,200,200,21,16,1,20,200
0,200,30,0,0,0,3,10,5,2,0,0,0,1,200,200,200,18,200,0,31,200
0,200,30,0,0,0,3,10,5,2,0,0,0,1,200,200,200,18,200,1,28,200
0,200,30,0,0,0,3,10,5,2,0,0,0,1,200,200,200,18,200,0,24,200
0,200,30,0,0,0,3,10,5,2,0,0,0,1,200,200,200,18,200,0,48,200
1,200,30,0,0,0,3,10,5,2,0,0,0,1,200,200,200,18,200,0,200,200
0,200,30,1,2,0,3,10,2,2,0,0,0,0,200,200,200,18,7,1,28,200
0,200,30,1,2,0,3,10,2,2,0,0,0,0,200,200,200,18,7,0,43,200
1,200,30,1,2,0,3,10,2,2,0,0,0,0,200,200,200,18,7,0,200,200
1,200,30,1,2,0,3,10,2,2,0,0,0,0,200,200,200,18,7,1,200,200
0,0,45,0,0,0,3,10,3,4,1,0,0,0,200,200,1,0,0,0,200,200
0,0,45,0,0,0,3,10,3,4,1,0,0,0,200,200,1,0,0,0,43,200
0,0,45,0,0,0,3,10,3,4,1,0,0,0,200,200,1,0,0,0,48,200
1,0,45,0,0,0,3,10,3,4,1,0,0,0,200,200,1,0,0,1,47,200
1,0,45,0,0,0,3,10,3,4,1,0,0,0,200,200,1,0,0,1,84,200
1,0,45,0,0,0,3,10,3,4,1,0,0,0,200,200,1,0,0,1,200,200
1,0,45,0,0,0,3,10,3,4,1,0,0,0,200,200,1,0,0,1,200,200
0,200,25,2,2,0,3,7,6,1,0,0,0,0,200,200,200,16,32,1,51,0.21
0,200,35,1,2,0,3,0,5,4,0,0,0,1,1,200,1,6,25,1,200,200
0,200,35,1,2,0,3,0,5,4,0,0,0,1,1,200,1,6,25,1,39,200
1,200,35,1,2,0,3,0,5,4,0,0,0,1,1,200,1,6,25,0,56,200
0,200,30,3,2,0,3,12,2,2,0,0,0,0,200,200,1,22,0,1,200,200
0,200,30,3,2,0,3,12,2,2,0,0,0,0,200,200,1,22,0,0,30,200
0,200,30,1,2,0,3,12,5,200,0,0,0,0,0,200,200,18,22,0,37,200
0,200,30,1,2,0,3,12,5,200,0,0,0,0,0,200,200,18,22,0,24,200
0,200,30,2,2,0,3,10,2,2,0,0,0,1,1,200,200,8,200,0,27,200
0,200,30,2,2,0,3,10,2,2,0,0,0,1,1,200,200,8,200,0,46,200
0,200,30,0,0,0,0,12,6,200,0,0,0,0,200,200,200,17,21,0,43,200
0,200,30,0,0,0,0,12,6,200,0,0,0,0,200,200,200,17,21,0,34,200
1,200,30,0,0,0,0,12,6,200,0,0,0,0,200,200,200,17,21,1,37,200
0,200,30,0,0,0,3,10,7,200,0,0,200,0,200,200,200,32,20,0,50,200
0,200,30,0,0,0,3,10,7,200,0,0,200,0,200,200,200,32,20,0,200,200
1,200,30,0,0,0,3,10,7,200,0,0,200,0,200,200,200,32,20,0,200,200
0,200,0,1,0,0,0,2,4,1,0,1,0,1,200,1,200,25,8,1,36,200
0,200,30,2,2,0,3,2,6,2,0,0,0,1,200,200,200,16,200,0,49,200
1,200,30,2,2,0,3,2,6,2,0,0,0,1,200,200,200,16,200,0,49,200
0,200,20,0,0,0,3,0,7,200,0,0,0,0,200,1,200,0,0,1,200,200
0,200,20,0,0,0,3,0,7,200,0,0,0,0,200,1,200,0,0,1,38,200
0,200,30,1,2,0,3,0,3,2,0,0,0,1,1,200,200,17,200,0,33,200
0,200,30,1,2,0,3,0,3,2,0,0,0,1,1,200,200,17,200,0,200,200
0,200,25,0,0,0,3,9,12,200,0,0,0,1,200,200,1,25,200,0,200,200
5,200,25,0,0,0,3,9,12,200,0,0,0,1,200,200,1,25,200,1,51,200
0,200,30,1,2,0,3,14,2,4,0,0,0,0,200,200,1,18,0,2,200,200
0,200,30,1,2,0,3,14,2,4,0,0,0,0,200,200,1,18,0,1,36,200
0,200,40,0,0,0,3,12,3,8,0,0,0,0,200,200,200,0,0,1,200,200
0,200,40,0,0,0,3,12,3,8,0,0,0,0,200,200,200,0,0,0,54,200
0,200,20,0,0,0,3,7,6,1,0,0,0,1,200,200,1,16,0,0,200,200
0,200,30,1,2,0,3,10,2,200,0,0,0,0,200,200,200,0,0,0,63,200
0,200,30,1,2,0,3,10,2,200,0,0,0,0,200,200,200,0,0,0,36,200
0,200,30,200,200,0,3,12,5,2,0,0,0,1,200,200,200,22,200,0,45,200
0,200,30,200,200,0,3,12,5,2,0,0,0,1,200,200,200,22,200,1,38,200
0,200,30,1,2,0,3,14,5,2,0,0,0,1,1,200,200,17,32,1,22,200
1,200,30,1,2,0,3,14,5,2,0,0,0,1,1,200,200,17,32,1,27,200
1,200,30,1,2,0,3,14,5,2,0,0,0,1,1,200,200,17,32,1,24,200
0,200,35,0,0,0,3,7,2,4,0,0,0,1,200,200,1,0,0,0,200,200
0,200,30,0,0,0,3,10,5,2,0,0,0,0,200,200,200,18,0,0,21,200
0,200,30,0,0,0,3,10,5,2,0,0,0,0,200,200,200,18,0,0,28,200
0,1,30,1,2,0,3,11,1,200,0,0,0,1,1,1,0,11,0,0,20,200
0,1,30,1,2,0,3,11,1,200,0,0,0,1,1,1,0,11,0,1,34,200
0,1,30,1,2,0,3,11,1,200,0,0,0,1,1,1,0,11,0,0,48,200
0,1,30,1,2,0,3,11,1,200,0,0,0,1,1,1,0,11,0,0,62,200
0,1,30,1,2,0,3,11,1,200,0,0,0,1,1,1,0,11,0,0,36,200
1,1,30,1,2,0,3,11,1,200,0,0,0,1,1,1,0,11,0,0,200,200
1,1,30,1,2,0,3,11,1,200,0,0,0,1,1,1,0,11,0,0,200,200
1,1,30,1,2,0,3,11,1,200,0,0,0,1,1,1,0,11,0,0,23,200
0,200,35,0,0,0,3,12,2,4,0,0,0,0,200,200,200,21,200,1,67,200
0,200,35,0,0,0,3,12,2,4,0,0,0,0,200,200,200,21,200,0,52,200
0,200,35,0,0,0,3,10,12,2,0,0,0,1,200,200,0,18,0,0,35,200
0,200,35,0,0,0,3,10,12,2,0,0,0,1,200,200,0,18,0,0,29,200
1,200,35,0,0,0,3,10,12,2,0,0,0,1,200,200,0,18,0,0,20,200
0,200,30,1,2,0,3,14,5,0,0,0,0,0,1,200,1,6,16,1,200,200
0,200,30,1,2,0,3,14,5,0,0,0,0,0,1,200,1,6,16,1,29,200
0,200,30,1,2,0,3,14,5,0,0,0,0,0,1,200,1,6,16,0,21,200
1,200,30,1,2,0,3,14,5,0,0,0,0,0,1,200,1,6,16,1,200,200
1,200,30,1,2,0,3,14,5,0,0,0,0,0,1,200,1,6,16,0,200,200
1,200,30,1,2,0,3,14,5,0,0,0,0,0,1,200,1,6,16,200,200,200
1,200,30,1,2,0,3,14,5,0,0,0,0,0,1,200,1,6,16,200,200,200
0,200,30,0,0,0,0,7,12,200,0,0,0,0,0,1,200,0,0,0,200,200
0,200,30,1,2,0,3,0,2,4,0,0,0,1,200,200,1,200,200,2,200,200
0,200,30,1,2,0,3,0,2,4,0,0,0,1,200,200,1,200,200,1,35,200
1,200,30,1,2,0,3,0,2,4,0,0,0,1,200,200,1,200,200,2,200,200
0,200,30,0,0,0,3,10,2,200,0,0,0,0,200,200,200,18,0,0,45,200
0,200,30,0,0,0,3,10,2,200,0,0,0,0,200,200,200,18,0,1,45,200
0,200,30,1,2,0,3,14,5,3,0,0,0,0,1,200,0,21,200,0,26,200
0,200,30,1,2,0,3,14,5,3,0,0,0,0,1,200,0,21,200,0,37,200
0,200,20,0,0,0,3,10,6,1,0,0,0,0,200,200,1,20,20,0,200,200
0,200,20,0,0,0,3,10,6,1,0,0,0,0,200,200,1,20,20,0,31,200
0,200,30,1,2,0,3,14,2,200,0,0,0,1,1,200,1,18,16,2,200,200
0,200,30,1,2,0,3,14,2,200,0,0,0,1,1,200,1,18,16,0,37,200
1,200,30,1,2,0,3,14,2,200,0,0,0,1,1,200,1,18,16,0,38,200
0,200,30,0,0,0,3,7,5,200,0,0,0,1,200,200,200,0,200,1,21,200
0,200,30,0,0,0,3,7,5,200,0,0,0,1,200,200,200,0,200,0,23,200
1,200,30,0,0,0,3,7,5,200,0,0,0,1,200,200,200,0,200,1,23,200
5,200,30,2,2,0,3,9,3,4,0,0,0,1,200,200,200,0,200,0,54,200
0,200,30,2,2,0,3,9,3,4,0,0,0,1,200,200,200,0,200,0,35,200
1,200,30,2,2,0,3,9,3,4,0,0,0,1,200,200,200,0,200,0,36,200
0,200,30,1,2,0,3,10,5,200,0,0,0,0,1,200,1,18,200,0,200,200
0,200,30,1,2,0,3,10,5,200,0,0,0,0,1,200,1,18,200,0,33,200
0,200,35,0,0,0,3,10,2,4,0,0,0,0,200,200,1,25,0,0,200,200
0,200,35,0,0,0,3,10,2,4,0,0,0,0,200,200,1,25,0,0,40,200
0,200,30,0,0,0,4,7,5,200,0,0,0,1,200,200,200,16,14,0,36,200
1,200,30,0,0,0,4,7,5,200,0,0,0,1,200,200,200,16,14,1,36,200
0,200,30,1,2,0,3,0,6,1,0,0,0,1,200,200,1,20,0,1,200,200
0,200,30,1,2,0,3,0,6,1,0,0,0,1,200,200,1,20,0,0,28,200
1,200,30,1,2,0,3,0,6,1,0,0,0,1,200,200,1,20,0,200,200,200
0,200,40,0,0,0,3,2,3,4,0,0,0,1,200,200,200,25,200,0,30,200
1,200,40,0,0,0,3,2,3,4,0,0,0,1,200,200,200,25,200,1,35,200
0,200,30,1,2,0,3,10,5,2,0,0,0,1,200,200,1,14,32,0,35,0.18
0,200,30,1,2,0,3,10,5,2,0,0,0,1,200,200,1,14,32,0,22,200
1,200,30,1,2,0,3,10,5,2,0,0,0,1,200,200,1,14,32,0,20,200
0,200,30,0,0,0,3,7,5,4,0,0,0,1,200,200,200,0,0,1,27,200
1,200,30,0,0,0,3,7,5,4,0,0,0,1,200,200,200,0,0,1,22,200
0,200,35,1,2,0,3,14,2,200,0,0,0,0,1,200,1,21,200,2,200,200
0,200,35,1,2,0,3,14,2,200,0,0,0,0,1,200,1,21,200,0,22,200
0,200,30,1,200,200,200,14,6,2,0,200,200,1,1,200,0,0,0,0,48,200
0,200,30,1,200,200,200,14,6,2,0,200,200,1,1,200,0,0,0,0,51,200
0,200,30,0,0,0,3,7,7,200,0,0,0,0,200,1,200,0,200,0,20,200
1,200,30,0,0,0,3,7,7,200,0,0,0,0,200,1,200,0,200,0,200,200
0,200,30,2,12,0,3,14,2,4,0,0,0,1,1,200,200,17,17,1,25,200
0,200,30,2,12,0,3,14,2,4,0,0,0,1,1,200,200,17,17,0,28,200
4,200,30,0,0,0,3,8,5,4,0,0,0,0,200,200,200,200,200,0,58,200
0,200,30,0,0,0,3,8,5,4,0,0,0,0,200,200,200,200,200,0,18,200
0,200,30,1,200,0,3,12,6,4,0,200,200,0,200,200,200,0,200,0,26,200
0,200,30,1,200,0,3,12,6,4,0,200,200,0,200,200,200,0,200,1,23,200
1,200,30,1,200,0,3,12,6,4,0,200,200,0,200,200,200,0,200,1,23,200
0,200,30,0,0,0,2,12,5,4,0,0,0,0,200,200,200,0,0,0,27,200
0,200,30,0,0,0,2,12,5,4,0,0,0,0,200,200,200,0,0,0,55,200
0,200,30,2,2,0,0,14,2,200,0,0,0,0,200,200,1,5,200,0,200,200
0,200,30,2,2,0,0,14,2,200,0,0,0,0,200,200,1,5,200,0,32,200
0,200,30,0,0,0,3,7,2,200,0,0,0,1,200,200,1,0,0,0,52,200
0,200,30,0,0,0,3,2,6,1,0,0,0,1,200,200,1,0,0,2,200,200
0,200,30,0,0,0,3,7,5,2,0,0,0,0,200,200,200,0,0,0,25,200