PERSON_TYPE,CRASH_DATE_EST_I,POSTED_SPEED_LIMIT,TRAFFIC_CONTROL_DEVICE,DEVICE_CONDITION,WEATHER_CONDITION,LIGHTING_CONDITION,FIRST_CRASH_TYPE,TRAFFICWAY_TYPE,LANE_CNT,ALIGNMENT,ROADWAY_SURFACE_COND,ROAD_DEFECT,CRASH_TYPE,INTERSECTION_RELATED_I,NOT_RIGHT_OF_WAY_I,HIT_AND_RUN_I,PRIM_CONTRIBUTORY_CAUSE,SEC_CONTRIBUTORY_CAUSE,SEX,AGE,BAC_RESULT VALUE
0,200,45,0,0,0,3,12,3,200,0,0,0,0,200,200,1,21,200,0,25,200
0,1,35,0,0,0,3,7,6,200,0,0,0,0,200,200,1,0,200,2,200,200
0,200,30,0,0,0,3,12,1,200,0,0,0,0,200,200,1,0,0,0,200,200
0,200,30,0,0,0,3,12,1,200,0,0,0,0,200,200,1,0,0,1,24,200
0,200,30,1,2,0,3,14,2,200,0,0,0,1,200,200,1,17,200,1,200,200
0,200,30,1,2,0,3,14,2,200,0,0,0,1,200,200,1,17,200,0,27,200
0,200,30,1,2,0,3,0,5,4,2,0,0,1,1,200,1,6,14,0,200,200
0,200,30,1,2,0,3,0,5,4,2,0,0,1,1,200,1,6,14,1,24,200
0,200,30,0,0,0,1,7,5,200,0,0,0,0,200,200,1,0,0,2,200,200
0,1,30,0,0,0,1,0,7,200,0,0,0,1,200,1,200,33,0,0,81,200
0,1,30,0,0,0,1,0,7,200,0,0,0,1,200,1,200,33,0,1,53,200
0,200,30,1,2,0,1,0,2,4,0,0,0,1,1,200,200,6,0,0,20,200
0,200,30,1,2,0,1,0,2,4,0,0,0,1,1,200,200,6,0,1,62,200
0,200,30,0,0,0,1,7,12,200,0,0,0,0,200,200,1,11,0,2,200,200
0,200,30,1,2,0,0,14,2,2,0,0,0,0,200,200,200,23,200,1,30,200
0,200,30,1,2,0,0,14,2,2,0,0,0,0,200,200,200,23,200,0,51,200
0,200,30,0,0,0,1,12,2,200,0,0,0,0,200,200,200,200,200,1,22,200
0,200,30,0,0,0,1,12,2,200,0,0,0,0,200,200,200,200,200,1,24,200
0,200,35,1,2,0,1,10,2,6,0,0,0,1,200,200,0,14,16,0,47,200
0,200,35,1,2,0,1,10,2,6,0,0,0,1,200,200,0,14,16,1,47,200
1,200,35,1,2,0,1,10,2,6,0,0,0,1,200,200,0,14,16,1,76,200
0,200,35,1,2,0,1,10,5,2,0,0,200,1,200,200,200,200,200,1,30,200
0,200,35,1,2,0,1,10,5,2,0,0,200,1,200,200,200,200,200,0,38,200
0,200,30,1,2,0,1,10,5,200,0,0,0,0,200,200,1,16,17,2,200,200
0,200,30,1,2,0,1,10,5,200,0,0,0,0,200,200,1,16,17,0,36,200
0,200,30,0,0,0,1,11,5,2,0,0,0,1,200,200,200,7,200,0,29,200
0,200,30,0,0,0,1,11,5,2,0,0,0,1,200,200,200,7,200,0,43,200
0,200,10,0,0,0,1,2,7,200,0,0,0,0,200,1,200,0,0,0,34,200
0,200,25,2,2,0,1,9,5,200,0,0,0,1,1,200,200,17,33,1,17,200
5,200,25,2,2,0,1,9,5,200,0,0,0,1,1,200,200,17,33,1,18,200
0,200,30,0,0,0,1,10,5,200,0,0,0,0,200,200,200,0,0,0,200,200
0,200,30,0,0,0,1,10,5,200,0,0,0,0,200,200,200,0,0,1,200,200
0,200,45,0,0,0,1,10,12,200,0,0,0,0,200,200,200,11,0,1,200,200
0,200,45,0,0,0,1,10,12,200,0,0,0,0,200,200,200,11,0,0,200,200
0,200,30,0,0,0,1,7,6,1,0,0,0,0,200,200,200,0,0,1,53,200
0,200,30,0,0,0,1,10,5,4,0,0,0,0,200,200,200,18,200,0,44,200
0,200,30,0,0,0,1,10,5,4,0,0,0,0,200,200,200,18,200,1,24,200
1,200,30,0,0,0,1,10,5,4,0,0,0,0,200,200,200,18,200,0,12,200
0,200,30,0,0,0,1,7,2,200,0,0,0,0,200,200,200,0,0,0,0,200
0,200,30,0,0,0,1,10,5,2,0,0,0,0,200,200,200,18,200,1,68,200
0,200,30,0,0,0,1,10,5,2,0,0,0,0,200,200,200,18,200,0,47,200
0,1,30,0,0,0,200,7,5,2,0,0,0,0,200,200,1,0,0,2,200,200
0,200,30,0,0,0,1,12,12,200,0,0,0,0,200,200,200,11,0,0,200,200
0,200,30,0,0,0,1,12,12,200,0,0,0,0,200,200,200,11,0,0,56,200
0,200,30,2,200,0,1,10,5,200,0,0,0,0,1,200,200,18,18,1,37,200
0,200,30,2,200,0,1,10,5,200,0,0,0,0,1,200,200,18,18,1,200,200
0,200,30,0,0,0,1,2,3,2,0,0,0,0,200,1,200,0,200,0,45,200
0,200,25,0,0,0,1,7,5,200,0,0,0,0,200,200,1,0,200,2,200,200
0,200,30,0,0,0,1,14,2,200,0,0,0,0,200,200,200,16,200,0,33,200
0,200,30,0,0,0,1,14,2,200,0,0,0,0,200,200,200,16,200,1,43,200
0,200,30,0,0,0,1,10,5,4,0,0,0,0,200,200,200,11,0,1,41,200
0,200,30,0,0,0,1,10,5,4,0,0,0,0,200,200,200,11,0,0,26,200
1,200,30,0,0,0,1,10,5,4,0,0,0,0,200,200,200,11,0,1,200,200
0,1,30,1,2,0,1,12,6,200,0,0,0,0,0,200,200,0,11,0,56,200
0,1,30,1,2,0,1,12,6,200,0,0,0,0,0,200,200,0,11,0,37,200
1,1,30,1,2,0,1,12,6,200,0,0,0,0,0,200,200,0,11,1,33,200
0,200,30,1,2,0,1,14,5,4,0,0,0,1,1,200,200,23,16,0,53,200
0,200,30,1,2,0,1,14,5,4,0,0,0,1,1,200,200,23,16,0,22,200
1,200,30,1,2,0,1,14,5,4,0,0,0,1,1,200,200,23,16,0,57,200
1,200,30,1,2,0,1,14,5,4,0,0,0,1,1,200,200,23,16,0,63,200
0,200,30,0,0,0,0,12,5,200,3,0,0,0,200,200,200,18,18,1,200,200
0,200,30,0,0,0,0,12,5,200,3,0,0,0,200,200,200,18,18,1,46,200
0,200,25,12,12,0,1,9,5,2,0,0,0,0,0,200,200,17,200,1,38,200
5,200,25,12,12,0,1,9,5,2,0,0,0,0,0,200,200,17,200,0,54,200
1,200,25,12,12,0,1,9,5,2,0,0,0,0,0,200,200,17,200,0,200,200
0,200,30,0,0,0,1,10,2,4,0,0,0,0,200,200,200,18,15,0,30,200
0,200,30,0,0,0,1,10,2,4,0,0,0,0,200,200,200,18,15,0,55,200
0,200,0,0,0,0,1,7,7,200,0,0,0,0,200,200,200,0,0,1,31,200
0,200,25,0,0,0,1,2,8,200,0,0,0,0,200,200,200,20,200,0,56,200
0,200,30,0,0,0,1,7,5,200,0,0,0,0,200,200,1,0,200,2,200,200
0,200,30,0,0,0,2,5,2,200,0,0,0,0,200,200,200,200,200,0,48,200
0,200,30,1,2,0,1,14,5,200,0,0,0,0,200,200,200,23,0,0,89,200
0,200,30,1,2,0,1,14,5,200,0,0,0,0,200,200,200,23,0,1,40,200
0,200,25,0,0,0,1,2,5,200,0,0,0,0,200,200,200,0,200,0,34,200
0,200,30,0,0,0,1,7,2,200,0,0,0,0,200,200,1,0,200,1,200,200
0,1,30,0,0,200,200,7,0,1,0,0,0,0,200,200,1,0,0,2,200,200
0,200,25,0,0,0,1,12,6,1,0,0,0,0,200,200,1,0,200,0,200,200
0,200,25,0,0,0,1,12,6,1,0,0,0,0,200,200,1,0,200,0,29,200
0,200,0,0,0,0,1,12,7,200,0,0,0,0,200,1,200,0,0,0,76,200
0,200,0,0,0,0,1,12,7,200,0,0,0,0,200,1,200,0,0,1,37,200
1,200,0,0,0,0,1,12,7,200,0,0,0,0,200,1,200,0,0,1,5,200
0,200,30,0,0,0,1,7,6,1,0,0,0,0,200,200,200,25,25,0,67,200
0,1,30,0,200,200,200,7,200,200,0,200,0,0,200,200,1,0,0,2,200,200
0,200,30,1,2,0,1,7,5,200,0,0,0,0,200,200,1,0,200,0,200,200
0,200,30,1,2,0,1,10,5,4,0,0,200,0,200,200,200,0,0,2,200,200
0,200,30,1,2,0,1,12,6,2,0,0,0,0,200,200,200,0,0,0,55,200
0,200,30,1,2,0,1,12,6,2,0,0,0,0,200,200,200,0,0,0,40,200
0,200,30,2,2,0,1,0,5,1,0,0,0,1,1,200,1,5,5,0,200,200
0,200,30,2,2,0,1,0,5,1,0,0,0,1,1,200,1,5,5,1,52,200
0,200,30,0,0,0,1,7,2,200,0,0,0,0,200,200,200,200,200,1,47,200
0,200,30,2,0,0,1,0,5,200,0,0,0,1,1,200,200,0,200,0,70,200
0,200,30,2,0,0,1,0,5,200,0,0,0,1,1,200,200,0,200,0,77,200
0,200,30,2,0,0,1,0,5,200,0,0,0,1,1,200,200,0,200,1,26,200
0,200,30,0,0,0,1,10,2,4,0,0,0,0,200,200,200,200,200,0,20,200
0,200,30,0,0,0,1,10,2,4,0,0,0,0,200,200,200,200,200,1,30,200
1,200,30,0,0,0,1,10,2,4,0,0,0,0,200,200,200,200,200,0,44,200
0,200,30,1,2,0,1,14,12,200,0,0,0,1,1,200,200,17,17,0,19,200
0,200,30,1,2,0,1,14,12,200,0,0,0,1,1,200,200,17,17,0,25,200
0,200,0,0,0,0,1,7,7,1,0,0,0,0,200,200,200,0,0,1,22,200
0,200,15,0,0,0,1,7,7,1,0,0,0,0,200,1,1,2,200,0,200,200
0,200,20,0,0,0,1,10,2,2,0,0,0,0,200,200,200,11,18,1,16,200
0,200,20,0,0,0,1,10,2,2,0,0,0,0,200,200,200,11,18,0,51,200
0,200,30,0,0,0,1,14,5,2,0,0,0,0,200,200,200,18,200,1,17,200
0,200,30,0,0,0,1,14,5,2,0,0,0,0,200,200,200,18,200,0,25,200
0,200,20,0,0,0,1,7,5,2,0,0,0,0,200,200,200,11,200,1,200,200
1,200,20,0,0,0,1,7,5,2,0,0,0,0,200,200,200,11,200,0,200,200
0,200,30,0,0,0,1,12,5,4,0,0,200,0,200,200,200,17,200,1,68,200
0,200,30,0,0,0,1,12,5,4,0,0,200,0,200,200,200,17,200,1,76,200
0,200,30,0,0,0,1,12,5,4,0,0,200,0,200,200,200,17,200,0,56,200
0,200,30,200,200,200,0,7,6,1,0,200,200,0,200,200,1,0,200,2,200,200
4,200,30,2,2,0,1,8,5,200,0,0,0,1,1,200,200,5,200,0,45,200
0,200,30,2,2,0,1,8,5,200,0,0,0,1,1,200,200,5,200,1,49,200
0,200,30,1,2,0,1,14,5,2,0,0,0,0,200,200,200,0,0,2,200,200
0,200,30,1,2,0,1,14,5,2,0,0,0,0,200,200,200,0,0,0,48,200
0,200,30,0,0,0,1,10,2,200,0,0,0,0,200,200,200,17,18,0,36,200
0,200,30,0,0,0,1,10,2,200,0,0,0,0,200,200,200,17,18,0,47,200
0,200,25,0,0,200,200,7,6,200,0,200,200,0,200,200,200,0,0,2,200,200
0,200,30,1,2,0,1,14,2,3,0,0,0,0,1,200,200,0,0,1,63,200
0,200,30,1,2,0,1,14,2,3,0,0,0,0,1,200,200,0,0,1,38,200
1,200,30,1,2,0,1,14,2,3,0,0,0,0,1,200,200,0,0,0,200,200
1,200,30,1,2,0,1,14,2,3,0,0,0,0,1,200,200,0,0,0,200,200
0,200,30,0,0,0,1,12,5,2,0,0,0,0,200,200,200,0,0,0,37,200
0,200,30,0,0,0,1,12,5,2,0,0,0,0,200,200,200,0,0,0,76,200
0,200,35,0,0,0,1,12,5,4,0,0,0,0,200,200,1,200,200,2,200,200
0,200,35,0,0,0,1,12,5,4,0,0,0,0,200,200,1,200,200,0,44,200
0,200,30,0,0,0,1,12,6,200,0,0,0,0,200,200,200,17,17,1,200,200
0,200,30,0,0,0,1,12,6,200,0,0,0,0,200,200,200,17,17,0,60,200
0,200,30,1,2,0,1,10,5,2,0,0,0,0,1,200,1,0,0,0,200,200
0,200,30,1,2,0,1,10,5,2,0,0,0,0,1,200,1,0,0,0,64,200
0,200,30,0,0,0,1,7,5,2,0,0,0,0,200,200,200,20,200,0,30,200
0,200,5,0,0,0,1,0,7,1,0,0,0,0,200,200,200,22,0,1,43,200
0,200,5,0,0,0,1,0,7,1,0,0,0,0,200,200,200,22,0,0,68,200
0,200,30,0,0,0,1,12,2,200,0,0,0,0,200,200,200,0,0,1,46,200
0,200,30,0,0,0,1,12,2,200,0,0,0,0,200,200,200,0,0,0,51,200
1,200,30,0,0,0,1,12,2,200,0,0,0,0,200,200,200,0,0,1,5,200
1,200,30,0,0,0,1,12,2,200,0,0,0,0,200,200,200,0,0,0,9,200
0,200,30,0,0,0,1,7,5,2,0,0,0,1,200,200,200,9,11,0,25,200
1,200,30,0,0,0,1,7,5,2,0,0,0,1,200,200,200,9,11,0,29,200
0,1,30,200,200,200,200,7,5,2,0,200,200,0,200,200,1,0,200,2,200,200
0,200,30,1,2,0,3,10,5,200,0,0,0,0,1,200,1,0,0,0,200,200
0,200,30,1,2,0,3,10,5,200,0,0,0,0,1,200,1,0,0,0,46,200
0,200,30,1,2,0,1,10,2,2,0,0,0,0,1,200,200,0,200,0,33,200
0,200,30,1,2,0,1,10,2,2,0,0,0,0,1,200,200,0,200,0,61,200
0,1,30,0,0,200,200,7,5,200,0,200,200,0,200,200,1,0,200,2,200,200
0,200,30,0,0,0,1,12,2,2,0,0,0,0,200,200,200,17,22,1,70,200
0,200,30,0,0,0,1,12,2,2,0,0,0,0,200,200,200,17,22,0,45,200
0,200,30,0,0,0,1,12,5,2,0,0,0,0,200,200,200,17,18,0,24,200
0,200,30,0,0,0,1,12,5,2,0,0,0,0,200,200,200,17,18,0,56,200
0,200,25,0,0,0,1,8,5,4,0,0,0,1,200,200,200,17,200,1,20,200
4,200,25,0,0,0,1,8,5,4,0,0,0,1,200,200,200,17,200,1,38,200
0,200,30,1,2,0,1,12,2,200,0,0,0,0,200,200,0,22,17,0,200,200
0,200,30,1,2,0,1,12,2,200,0,0,0,0,200,200,0,22,17,0,58,200
0,200,30,2,2,0,1,0,5,200,0,0,0,1,1,200,200,17,6,1,80,200
0,200,30,2,2,0,1,0,5,200,0,0,0,1,1,200,200,17,6,0,200,200
0,200,20,0,0,0,1,12,2,200,0,0,0,0,200,200,200,17,200,0,24,200
0,200,20,0,0,0,1,12,2,200,0,0,0,0,200,200,200,17,200,1,28,200
0,200,35,1,2,0,1,12,5,2,0,0,200,0,200,200,200,22,0,0,51,200
0,200,35,1,2,0,1,12,5,2,0,0,200,0,200,200,200,22,0,1,41,200
4,200,30,0,0,0,1,8,5,4,0,0,0,1,200,200,200,0,0,0,74,200
0,200,30,0,0,0,1,8,5,4,0,0,0,1,200,200,200,0,0,0,53,200
0,200,30,1,2,0,1,8,2,4,0,0,0,0,1,200,1,17,200,0,200,200
4,200,30,1,2,0,1,8,2,4,0,0,0,0,1,200,1,17,200,0,24,200
0,200,30,0,0,0,1,3,5,2,0,0,0,1,200,200,200,13,0,0,50,200
0,200,30,0,0,0,1,3,5,2,0,0,0,1,200,200,200,13,0,0,34,200
1,200,30,0,0,0,1,3,5,2,0,0,0,1,200,200,200,13,0,0,50,200
0,200,35,0,0,0,1,10,2,200,0,0,200,0,200,200,200,18,200,0,56,200
0,200,35,0,0,0,1,10,2,200,0,0,200,0,200,200,200,18,200,1,30,200
1,200,35,0,0,0,1,10,2,200,0,0,200,0,200,200,200,18,200,0,200,200
0,200,25,0,0,0,1,8,5,4,0,0,0,1,200,200,200,0,200,1,39,200
4,200,25,0,0,0,1,8,5,4,0,0,0,1,200,200,200,0,200,0,34,200
1,200,25,0,0,0,1,8,5,4,0,0,0,1,200,200,200,0,200,0,200,200
0,200,55,0,0,0,1,10,3,6,0,0,0,0,200,200,200,17,200,0,36,200
0,200,55,0,0,0,1,10,3,6,0,0,0,0,200,200,200,17,200,1,58,200
0,200,30,1,2,0,1,14,3,2,0,0,200,0,200,200,1,16,200,2,200,200
0,200,30,1,2,0,1,14,3,2,0,0,200,0,200,200,1,16,200,0,25,200
1,200,30,1,2,0,1,14,3,2,0,0,200,0,200,200,1,16,200,0,26,200
1,200,30,1,2,0,1,14,3,2,0,0,200,0,200,200,1,16,200,0,25,200
0,200,30,0,0,0,1,10,2,4,0,0,0,0,200,200,200,18,16,1,62,200
0,200,30,0,0,0,1,10,2,4,0,0,0,0,200,200,200,18,16,1,25,200
0,200,30,0,0,0,1,10,2,4,0,0,0,0,200,200,200,18,16,0,64,200
1,200,30,0,0,0,1,10,2,4,0,0,0,0,200,200,200,18,16,1,25,200
0,1,30,0,0,0,0,7,5,2,0,0,0,0,200,200,1,0,0,2,200,200
0,200,30,0,0,0,1,7,6,1,0,0,0,0,200,200,200,7,0,1,70,200
0,200,30,1,2,0,1,12,5,200,0,0,0,0,1,200,1,22,11,0,200,200
0,200,30,1,2,0,1,12,5,200,0,0,0,0,1,200,1,22,11,1,49,200
0,200,25,2,2,0,1,12,5,2,0,0,0,0,1,200,200,21,0,1,37,200
0,200,25,2,2,0,1,12,5,2,0,0,0,0,1,200,200,21,0,0,61,200
0,200,30,0,0,0,1,12,5,200,0,0,0,0,200,200,200,17,200,0,27,200
0,200,30,0,0,0,1,12,5,200,0,0,0,0,200,200,200,17,200,0,46,200
0,200,20,0,0,0,1,10,5,2,0,0,0,0,200,200,200,0,0,0,200,200
0,200,20,0,0,0,1,10,5,2,0,0,0,0,200,200,200,0,0,0,25,200
0,200,30,2,2,0,1,14,5,200,0,0,0,0,1,200,200,0,0,0,44,200
0,200,30,2,2,0,1,14,5,200,0,0,0,0,1,200,200,0,0,0,35,200
0,200,30,0,0,0,1,7,5,200,0,0,0,0,200,200,1,0,200,2,200,200
0,200,30,2,2,0,1,0,12,200,0,0,0,0,1,200,200,17,0,0,48,200
0,200,30,2,2,0,1,0,12,200,0,0,0,0,1,200,200,17,0,1,52,200
0,200,30,2,2,0,1,0,12,200,0,0,0,0,1,200,200,17,0,0,200,200
0,200,30,0,0,0,1,10,5,200,0,0,200,0,1,200,200,17,200,0,60,200
0,200,30,0,0,0,1,10,5,200,0,0,200,0,1,200,200,17,200,1,22,200
1,200,30,0,0,0,1,10,5,200,0,0,200,0,1,200,200,17,200,1,66,200
0,200,0,0,0,0,1,7,4,0,0,0,0,0,200,1,1,0,0,2,200,200
0,200,10,0,0,0,3,7,5,2,0,0,0,0,200,1,1,17,0,0,200,200
0,200,30,2,2,0,1,14,5,4,0,0,0,1,200,200,200,0,200,0,200,200
0,200,30,2,2,0,1,14,5,4,0,0,0,1,200,200,200,0,200,1,200,200
0,200,10,0,0,0,1,7,7,2,0,0,0,0,200,200,1,0,0,0,200,200
0,200,30,1,2,0,1,14,2,2,0,0,0,1,200,200,200,21,16,0,65,200
0,200,30,1,2,0,1,14,2,2,0,0,0,1,200,200,200,21,16,0,39,200
0,200,30,0,0,0,1,12,5,2,0,0,0,1,200,200,200,17,16,1,32,200
0,200,30,0,0,0,1,12,5,2,0,0,0,1,200,200,200,17,16,0,34,200
0,200,30,0,0,0,1,14,12,4,0,0,0,1,200,200,200,17,11,1,35,200
0,200,30,0,0,0,1,14,12,4,0,0,0,1,200,200,200,17,11,1,20,200
0,200,30,0,0,0,1,10,5,2,0,0,0,1,200,200,200,0,200,0,18,200
0,200,30,0,0,0,1,10,5,2,0,0,0,1,200,200,200,0,200,1,35,200
1,200,30,0,0,0,1,10,5,2,0,0,0,1,200,200,200,0,200,0,17,200
0,200,30,4,200,0,1,0,5,200,0,0,0,0,1,200,200,17,200,0,43,200
0,200,30,4,200,0,1,0,5,200,0,0,0,0,1,200,200,17,200,0,28,200
1,200,30,4,200,0,1,0,5,200,0,0,0,0,1,200,200,17,200,0,200,200
1,200,30,4,200,0,1,0,5,200,0,0,0,0,1,200,200,17,200,1,200,200
0,200,30,0,0,0,1,14,5,200,0,0,0,0,200,200,200,0,0,0,62,200
0,200,30,0,0,0,1,14,5,200,0,0,0,0,200,200,200,0,0,0,29,200
0,200,40,0,0,0,1,12,3,10,5,0,0,1,200,200,200,0,0,0,19,200
0,200,40,0,0,0,1,12,3,10,5,0,0,1,200,200,200,0,0,0,200,200
0,200,40,0,0,0,1,12,3,10,5,0,0,1,200,200,200,0,0,0,38,200
1,200,40,0,0,0,1,12,3,10,5,0,0,1,200,200,200,0,0,1,39,200
0,200,25,0,0,0,1,3,5,2,0,0,0,0,200,200,200,33,200,0,62,200
0,200,25,0,0,0,1,3,5,2,0,0,0,0,200,200,200,33,200,0,42,200
0,200,30,0,0,0,1,12,2,4,0,0,0,0,200,200,1,18,0,1,200,200
0,200,30,0,0,0,1,12,2,4,0,0,0,0,200,200,1,18,0,1,45,200
1,200,30,0,0,0,1,12,2,4,0,0,0,0,200,200,1,18,0,1,200,200
0,200,30,0,0,0,1,7,5,200,0,0,0,0,200,200,200,11,200,0,54,200
0,200,20,0,0,0,1,7,5,200,0,0,0,1,200,200,200,11,0,0,20,200
0,200,30,0,0,0,1,12,5,200,0,0,0,0,200,200,200,17,0,0,56,200
0,200,30,0,0,0,1,12,5,200,0,0,0,0,200,200,200,17,0,1,68,200
1,200,30,0,0,0,1,12,5,200,0,0,0,0,200,200,200,17,0,1,200,200
0,200,30,1,2,0,1,10,5,4,0,0,0,0,200,200,200,18,200,0,27,200
0,200,30,1,2,0,1,10,5,4,0,0,0,0,200,200,200,18,200,0,36,200
0,200,30,0,0,0,1,10,2,200,0,0,0,1,200,200,200,0,0,0,35,200
0,200,30,0,0,0,1,10,2,200,0,0,0,1,200,200,200,0,0,0,24,200
0,200,30,1,2,0,1,14,2,4,0,0,200,0,1,200,200,23,16,0,57,200
0,200,30,1,2,0,1,14,2,4,0,0,200,0,1,200,200,23,16,0,50,200
1,200,30,1,2,0,1,14,2,4,0,0,200,0,1,200,200,23,16,1,53,200
0,200,35,0,0,0,1,9,5,4,0,0,0,1,200,200,1,0,0,2,200,200
5,200,35,0,0,0,1,9,5,4,0,0,0,1,200,200,1,0,0,0,38,200
0,200,30,0,0,0,1,5,5,200,0,200,200,0,200,200,200,0,200,0,25,200
0,200,30,0,0,0,1,14,5,200,0,0,0,0,200,200,200,23,11,0,62,200
0,200,30,0,0,0,1,14,5,200,0,0,0,0,200,200,200,23,11,0,28,200
0,200,30,0,0,0,1,7,3,3,0,0,0,0,200,200,200,16,200,0,0,200
0,200,30,2,2,0,1,10,6,200,0,0,0,1,1,200,200,0,0,1,27,200
0,200,30,2,2,0,1,10,6,200,0,0,0,1,1,200,200,0,0,0,18,200
1,200,30,2,2,0,1,10,6,200,0,0,0,1,1,200,200,0,0,0,27,200
1,200,30,2,2,0,1,10,6,200,0,0,0,1,1,200,200,0,0,1,200,200
0,200,30,1,2,0,1,9,2,200,0,0,0,1,1,200,1,0,200,0,200,200
5,200,30,1,2,0,1,9,2,200,0,0,0,1,1,200,1,0,200,1,22,200
0,200,30,1,2,0,1,12,3,4,0,0,0,0,0,200,200,21,22,0,29,200
0,200,30,1,2,0,1,12,3,4,0,0,0,0,0,200,200,21,22,1,200,200
0,200,30,1,2,0,1,12,2,2,0,0,0,0,1,200,200,0,200,1,21,200
0,200,30,1,2,0,1,12,2,2,0,0,0,0,1,200,200,0,200,1,66,200
1,200,30,1,2,0,1,12,2,2,0,0,0,0,1,200,200,0,200,1,87,200
3,200,30,12,12,0,1,2,2,2,0,0,1,0,200,200,200,200,200,200,200,200
0,200,30,12,12,0,1,2,2,2,0,0,1,0,200,200,200,200,200,1,33,200
0,200,30,0,0,0,1,8,5,200,0,0,0,1,200,200,200,0,0,0,25,200
4,200,30,0,0,0,1,8,5,200,0,0,0,1,200,200,200,0,0,0,52,200
0,200,30,0,0,0,4,12,5,4,0,0,0,0,200,200,200,21,23,0,63,200
0,200,30,0,0,0,4,12,5,4,0,0,0,0,200,200,200,21,23,0,23,200
0,1,15,0,0,0,1,7,6,2,0,0,0,0,200,200,1,0,0,2,200,200
0,200,30,1,2,0,1,14,5,4,0,0,0,1,1,200,200,17,200,1,43,200
0,200,30,1,2,0,1,14,5,4,0,0,0,1,1,200,200,17,200,0,77,200
0,200,25,1,2,0,1,11,5,200,0,0,0,1,1,200,200,23,200,1,54,200
0,200,25,1,2,0,1,11,5,200,0,0,0,1,1,200,200,23,200,1,38,200
0,200,35,1,2,0,1,9,2,2,0,0,0,1,200,200,200,17,200,0,21,200
5,200,35,1,2,0,1,9,2,2,0,0,0,1,200,200,200,17,200,1,19,200
0,200,30,1,2,0,1,14,5,200,0,0,0,0,1,200,200,0,0,0,36,200
0,200,30,1,2,0,1,14,5,200,0,0,0,0,1,200,200,0,0,0,41,200
1,200,30,1,2,0,1,14,5,200,0,0,0,0,1,200,200,0,0,0,200,200
0,200,30,0,0,0,1,10,5,200,0,0,0,0,200,200,200,18,16,0,20,200
0,200,30,0,0,0,1,10,5,200,0,0,0,0,200,200,200,18,16,0,40,200
0,200,30,0,0,0,1,7,5,200,0,0,0,0,200,200,1,0,200,2,200,200
4,200,30,0,0,0,1,8,5,2,0,0,0,1,200,200,200,17,17,0,26,200
0,200,30,0,0,0,1,8,5,2,0,0,0,1,200,200,200,17,17,1,37,200
0,200,30,2,2,0,1,9,6,1,0,0,0,1,1,200,200,17,0,0,29,200
5,200,30,2,2,0,1,9,6,1,0,0,0,1,1,200,200,17,0,1,74,200
1,200,30,2,2,0,1,9,6,1,0,0,0,1,1,200,200,17,0,1,23,200
0,200,30,0,0,0,1,10,2,2,0,0,0,0,200,200,200,18,11,0,52,200
0,200,30,0,0,0,1,10,2,2,0,0,0,0,200,200,200,18,11,1,37,200
0,200,30,0,0,0,1,10,2,2,0,0,0,0,200,200,200,18,11,1,54,200
0,200,30,0,0,0,1,12,5,200,0,0,0,0,200,200,200,17,0,1,200,200
0,200,30,0,0,0,1,12,5,200,0,0,0,0,200,200,200,17,0,0,200,200
0,200,30,0,0,0,1,10,7,200,0,0,0,0,200,1,200,20,20,0,46,200
0,200,30,0,0,0,1,10,7,200,0,0,0,0,200,1,200,20,20,1,24,200
0,200,30,1,2,0,1,12,12,200,0,0,0,0,200,200,1,17,21,1,41,200
0,200,30,1,2,0,1,12,12,200,0,0,0,0,200,200,1,17,21,1,200,200
1,200,30,1,2,0,1,12,12,200,0,0,0,0,200,200,1,17,21,1,19,200
0,200,30,1,2,0,1,10,5,200,0,0,0,1,1,200,1,18,200,0,200,200
0,200,30,1,2,0,1,10,5,200,0,0,0,1,1,200,1,18,200,1,57,200
0,200,30,1,2,0,1,12,5,200,0,0,0,0,200,200,1,0,0,0,200,200
0,200,30,1,2,0,1,12,5,200,0,0,0,0,200,200,1,0,0,1,25,200
0,200,35,0,0,0,1,7,5,4,0,0,0,1,200,1,200,0,0,1,57,200
0,200,30,0,0,0,1,14,5,6,0,0,0,0,200,200,200,0,0,0,200,200
0,200,30,0,0,0,1,14,5,6,0,0,0,0,200,200,200,0,0,0,55,200
0,200,30,1,2,0,1,10,2,200,0,0,0,0,1,200,1,18,200,1,200,200
0,200,30,1,2,0,1,10,2,200,0,0,0,0,1,200,1,18,200,1,41,200
0,200,35,0,0,0,1,7,2,4,0,0,200,0,200,200,1,0,0,0,200,200
0,200,30,0,0,0,1,0,2,2,0,0,0,1,1,200,200,16,17,1,23,200
0,200,30,0,0,0,1,0,2,2,0,0,0,1,1,200,200,16,17,1,16,200
1,200,30,0,0,0,1,0,2,2,0,0,0,1,1,200,200,16,17,1,37,200
0,200,30,200,200,0,1,9,3,200,0,200,200,1,1,200,1,0,0,1,200,200
5,200,30,200,200,0,1,9,3,200,0,200,200,1,1,200,1,0,0,1,17,200
0,200,30,2,2,0,1,0,5,200,0,0,0,1,200,200,200,17,5,0,50,200
0,200,30,2,2,0,1,0,5,200,0,0,0,1,200,200,200,17,5,1,19,200
0,200,30,0,12,0,1,10,7,1,0,0,200,0,200,1,200,20,200,1,51,200
0,200,30,0,12,0,1,10,7,1,0,0,200,0,200,1,200,20,200,1,44,200