PERSON_TYPE,CRASH_DATE_EST_I,POSTED_SPEED_LIMIT,TRAFFIC_CONTROL_DEVICE,DEVICE_CONDITION,WEATHER_CONDITION,LIGHTING_CONDITION,FIRST_CRASH_TYPE,TRAFFICWAY_TYPE,LANE_CNT,ALIGNMENT,ROADWAY_SURFACE_COND,ROAD_DEFECT,CRASH_TYPE,INTERSECTION_RELATED_I,NOT_RIGHT_OF_WAY_I,HIT_AND_RUN_I,PRIM_CONTRIBUTORY_CAUSE,SEC_CONTRIBUTORY_CAUSE,SEX,AGE,BAC_RESULT VALUE
0,200,30,1,2,0,3,0,2,200,0,0,0,1,1,200,200,6,200,0,19,200
0,200,30,1,2,0,3,0,2,200,0,0,0,1,1,200,200,6,200,1,50,200
1,200,30,1,2,0,3,0,2,200,0,0,0,1,1,200,200,6,200,1,53,200
0,200,20,1,2,0,0,10,2,2,0,0,0,0,1,200,200,18,200,0,200,200
0,200,20,1,2,0,0,10,2,2,0,0,0,0,1,200,200,18,200,1,28,200
0,1,30,0,0,0,3,7,5,2,0,0,0,1,200,200,1,25,0,0,200,200
0,200,30,1,2,0,3,14,2,4,0,0,0,1,1,200,200,0,0,0,46,200
0,200,30,1,2,0,3,14,2,4,0,0,0,1,1,200,200,0,0,0,31,200
1,200,30,1,2,0,3,14,2,4,0,0,0,1,1,200,200,0,0,1,28,200
0,200,30,0,0,0,3,10,6,2,0,0,200,1,200,200,200,16,18,0,36,200
0,200,30,0,0,0,3,10,6,2,0,0,200,1,200,200,200,16,18,0,57,200
1,200,30,0,0,0,3,10,6,2,0,0,200,1,200,200,200,16,18,0,27,200
0,200,25,0,0,0,3,10,5,200,0,0,0,0,200,200,200,14,200,0,27,200
0,200,25,0,0,0,3,10,5,200,0,0,0,0,200,200,200,14,200,0,32,200
1,200,25,0,0,0,3,10,5,200,0,0,0,0,200,200,200,14,200,0,200,200
1,200,25,0,0,0,3,10,5,200,0,0,0,0,200,200,200,14,200,0,200,200
0,200,20,0,0,0,0,10,5,200,0,0,0,0,200,200,200,11,18,0,46,200
0,200,20,0,0,0,0,10,5,200,0,0,0,0,200,200,200,11,18,0,22,200
1,200,20,0,0,0,0,10,5,200,0,0,0,0,200,200,200,11,18,0,51,200
0,200,30,0,0,0,3,0,3,200,0,0,0,0,1,1,1,17,0,2,200,200
0,200,30,0,0,0,3,0,3,200,0,0,0,0,1,1,1,17,0,0,28,200
0,200,30,1,2,0,3,14,1,4,0,0,0,1,1,200,200,21,4,0,33,200
0,200,30,1,2,0,3,14,1,4,0,0,0,1,1,200,200,21,4,0,39,200
0,200,30,1,2,0,3,0,5,4,0,0,200,1,1,200,200,6,17,0,29,200
0,200,30,1,2,0,3,0,5,4,0,0,200,1,1,200,200,6,17,0,23,200
0,200,30,0,0,0,3,10,5,200,0,0,0,0,200,200,200,18,200,1,21,200
0,200,30,0,0,0,3,10,5,200,0,0,0,0,200,200,200,18,200,0,45,200
0,200,30,1,2,0,3,10,2,2,0,0,0,0,200,200,1,18,14,2,200,200
0,200,30,1,2,0,3,10,2,2,0,0,0,0,200,200,1,18,14,0,55,200
0,200,30,1,2,0,3,10,2,2,0,0,0,0,200,200,1,18,14,1,22,200
0,200,30,0,0,0,3,7,5,2,0,0,0,1,200,200,1,19,16,0,200,200
0,200,30,0,0,0,3,7,5,2,0,0,0,1,200,200,1,19,16,0,33,200
1,200,30,0,0,0,3,7,5,2,0,0,0,1,200,200,1,19,16,0,200,200
0,200,30,0,0,200,0,14,5,4,0,0,0,0,200,200,200,0,0,1,41,200
0,200,30,0,0,200,0,14,5,4,0,0,0,0,200,200,200,0,0,1,39,200
0,200,35,1,2,0,3,14,3,4,0,0,3,1,1,200,1,6,0,2,200,200
0,200,35,1,2,0,3,14,3,4,0,0,3,1,1,200,1,6,0,0,19,200
1,200,35,1,2,0,3,14,3,4,0,0,3,1,1,200,1,6,0,1,19,200
0,200,20,0,0,0,0,11,6,1,0,0,0,1,200,200,1,14,10,0,200,200
0,200,20,0,0,0,0,11,6,1,0,0,0,1,200,200,1,14,10,0,40,200
0,200,20,0,0,0,0,11,6,1,0,0,0,1,200,200,1,14,10,1,20,200
1,200,20,0,0,0,0,11,6,1,0,0,0,1,200,200,1,14,10,0,51,200
1,200,20,0,0,0,0,11,6,1,0,0,0,1,200,200,1,14,10,1,17,200
0,200,30,1,2,0,3,14,5,2,0,0,0,0,1,200,1,6,17,2,200,200
0,200,30,1,2,0,3,14,5,2,0,0,0,0,1,200,1,6,17,1,26,200
1,200,30,1,2,0,3,14,5,2,0,0,0,0,1,200,1,6,17,1,200,200
1,200,30,1,2,0,3,14,5,2,0,0,0,0,1,200,1,6,17,0,200,200
0,200,35,1,2,0,3,10,2,200,0,0,0,0,200,200,200,18,200,0,24,200
0,200,35,1,2,0,3,10,2,200,0,0,0,0,200,200,200,18,200,0,27,200
0,200,30,1,2,0,3,14,5,2,0,0,0,0,200,200,200,0,200,0,27,200
0,200,30,1,2,0,3,14,5,2,0,0,0,0,200,200,200,0,200,0,51,200
1,200,30,1,2,0,3,14,5,2,0,0,0,0,200,200,200,0,200,200,200,200
0,200,30,1,2,0,3,0,6,1,0,0,200,0,1,200,1,6,200,1,200,200
0,200,30,1,2,0,3,0,6,1,0,0,200,0,1,200,1,6,200,1,37,200
1,200,30,1,2,0,3,0,6,1,0,0,200,0,1,200,1,6,200,0,39,200
0,200,35,1,2,0,3,10,5,4,0,0,0,0,1,200,200,18,200,0,24,200
0,200,35,1,2,0,3,10,5,4,0,0,0,0,1,200,200,18,200,0,24,200
1,200,35,1,2,0,3,10,5,4,0,0,0,0,1,200,200,18,200,1,19,200
1,200,35,1,2,0,3,10,5,4,0,0,0,0,1,200,200,18,200,0,24,200
0,200,30,0,0,0,3,7,0,2,0,0,0,0,200,200,200,20,0,0,52,200
0,200,30,0,0,0,3,2,6,2,0,0,0,0,200,200,200,0,0,1,33,200
1,200,30,0,0,0,3,2,6,2,0,0,0,0,200,200,200,0,0,1,12,200
0,200,30,2,200,0,3,10,5,200,0,0,0,0,200,200,200,200,200,0,200,200
0,200,30,2,200,0,3,10,5,200,0,0,0,0,200,200,200,200,200,0,59,200
0,200,35,0,0,0,3,12,3,200,0,0,0,0,200,200,1,22,14,2,200,200
0,200,35,0,0,0,3,12,3,200,0,0,0,0,200,200,1,22,14,0,56,200
0,200,25,0,0,0,3,7,5,200,0,0,0,0,200,200,200,0,0,0,25,200
0,200,35,0,0,0,3,0,5,200,0,0,0,1,200,200,200,17,0,0,28,200
0,200,35,0,0,0,3,0,5,200,0,0,0,1,200,200,200,17,0,0,27,200
0,200,20,0,0,0,3,7,5,2,0,0,0,1,200,200,200,0,200,0,18,200
0,200,30,1,2,0,3,0,5,2,0,0,0,1,1,200,1,6,15,0,29,200
0,200,30,1,2,0,3,0,5,2,0,0,0,1,1,200,1,6,15,2,200,200
1,200,30,1,2,0,3,0,5,2,0,0,0,1,1,200,1,6,15,1,21,200
1,200,30,1,2,0,3,0,5,2,0,0,0,1,1,200,1,6,15,0,23,200
0,200,30,0,0,0,3,10,5,4,0,0,0,0,200,200,1,18,16,1,200,200
0,200,30,0,0,0,3,10,5,4,0,0,0,0,200,200,1,18,16,0,51,200
0,200,30,0,0,0,0,10,12,200,0,0,0,0,200,200,200,25,11,0,28,200
0,200,30,0,0,0,0,10,12,200,0,0,0,0,200,200,200,25,11,0,45,200
1,200,30,0,0,0,0,10,12,200,0,0,0,0,200,200,200,25,11,0,27,200
1,200,30,0,0,0,0,10,12,200,0,0,0,0,200,200,200,25,11,200,44,200
0,200,30,0,12,0,3,7,7,0,0,0,0,1,200,200,1,0,0,2,200,200
0,200,30,12,2,0,4,2,3,2,0,0,0,1,200,200,1,16,0,0,200,200
0,200,35,200,200,0,3,10,5,2,0,0,200,1,200,200,1,18,18,2,200,200
0,200,35,200,200,0,3,10,5,2,0,0,200,1,200,200,1,18,18,2,200,200
1,200,35,200,200,0,3,10,5,2,0,0,200,1,200,200,1,18,18,0,39,200
0,200,30,0,0,0,3,7,5,2,0,0,0,1,200,200,200,27,0,0,48,200
0,200,30,1,2,0,3,0,2,4,0,0,0,0,1,200,200,6,200,0,24,200
0,200,30,1,2,0,3,0,2,4,0,0,0,0,1,200,200,6,200,1,35,200
1,200,30,1,2,0,3,0,2,4,0,0,0,0,1,200,200,6,200,0,200,200
0,0,30,1,2,0,3,10,5,200,0,0,0,0,200,200,200,16,200,0,21,200
0,0,30,1,2,0,3,10,5,200,0,0,0,0,200,200,200,16,200,0,48,200
0,1,30,0,0,0,3,3,5,2,0,0,0,1,200,200,1,10,0,0,200,200
0,1,30,0,0,0,3,3,5,2,0,0,0,1,200,200,1,10,0,0,22,200
0,1,35,0,0,0,3,7,5,4,0,0,0,1,200,200,200,19,0,0,200,200
1,1,35,0,0,0,3,7,5,4,0,0,0,1,200,200,200,19,0,0,28,200
1,1,35,0,0,0,3,7,5,4,0,0,0,1,200,200,200,19,0,1,28,200
0,200,35,0,0,0,3,2,5,4,0,0,0,1,200,0,200,200,200,0,28,200
0,200,30,1,2,0,3,10,5,4,0,0,0,0,200,200,1,16,16,2,200,200
0,200,30,1,2,0,3,10,5,4,0,0,0,0,200,200,1,16,16,0,35,200
0,200,30,0,0,0,3,7,6,1,2,0,200,0,200,200,200,16,0,0,28,200
0,200,30,0,0,0,3,11,5,2,0,0,0,0,200,200,200,0,200,0,48,200
0,200,30,0,0,0,3,11,5,2,0,0,0,0,200,200,200,0,200,0,42,200
0,200,30,0,0,0,3,7,5,2,0,0,0,0,200,200,1,200,0,0,200,200
0,200,30,0,0,0,3,2,6,3,0,0,0,0,200,200,200,11,200,0,26,200
0,200,30,0,0,0,3,12,6,200,0,0,0,0,200,200,1,13,200,2,200,200
0,200,30,0,0,0,3,12,6,200,0,0,0,0,200,200,1,13,200,0,23,200
0,200,30,2,2,0,3,12,200,1,0,0,0,0,200,200,1,0,200,2,200,200
0,200,30,2,2,0,3,12,200,1,0,0,0,0,200,200,1,0,200,0,23,200
0,200,30,2,2,0,3,7,6,2,2,0,12,1,1,200,200,10,28,0,37,200
0,200,30,0,0,0,3,2,5,4,0,0,0,1,200,200,200,0,200,0,40,200
1,200,30,0,0,0,3,2,5,4,0,0,0,1,200,200,200,0,200,0,200,200
0,200,25,1,2,0,3,10,5,200,0,0,0,0,200,200,1,0,0,0,200,200
0,200,25,1,2,0,3,10,5,200,0,0,0,0,200,200,1,0,0,0,25,200
0,1,30,0,0,200,3,10,5,2,0,0,0,1,200,200,1,0,200,2,200,200
0,1,30,0,0,200,3,10,5,2,0,0,0,1,200,200,1,0,200,2,200,200
0,200,30,2,200,0,3,14,2,2,0,0,0,1,1,200,200,0,0,0,25,200
0,200,30,2,200,0,3,14,2,2,0,0,0,1,1,200,200,0,0,0,46,200
0,200,30,1,2,0,3,2,5,200,0,0,0,1,1,200,200,2,200,0,28,200
0,200,55,0,0,0,2,2,3,6,1,0,0,0,200,200,200,0,200,0,36,200
1,200,55,0,0,0,2,2,3,6,1,0,0,0,200,200,200,0,200,1,23,200
0,200,20,0,0,0,3,12,6,200,0,0,0,0,200,200,1,25,200,1,200,200
0,200,20,0,0,0,3,12,6,200,0,0,0,0,200,200,1,25,200,1,26,200
0,200,30,2,2,0,2,14,12,2,0,0,0,1,200,200,200,17,200,0,28,200
0,200,30,2,2,0,2,14,12,2,0,0,0,1,200,200,200,17,200,0,51,200
0,200,35,2,0,0,1,2,3,200,0,0,0,1,1,200,200,32,0,0,27,200
0,200,35,0,0,0,3,7,6,1,0,0,0,0,200,200,1,200,200,1,200,200
0,1,30,0,0,0,200,7,6,1,0,0,0,0,200,200,1,200,200,2,200,200
0,200,30,1,2,0,1,14,5,2,0,0,0,0,1,200,1,0,0,2,200,200
0,200,30,1,2,0,1,14,5,2,0,0,0,0,1,200,1,0,0,1,60,200
1,200,30,1,2,0,1,14,5,2,0,0,0,0,1,200,1,0,0,0,59,200
1,200,30,1,2,0,1,14,5,2,0,0,0,0,1,200,1,0,0,0,40,200
1,200,30,1,2,0,1,14,5,2,0,0,0,0,1,200,1,0,0,1,200,200
0,200,35,0,0,0,2,7,5,2,0,0,0,1,200,200,1,0,0,0,200,200
0,200,30,0,0,0,200,7,5,1,0,0,0,0,200,200,1,21,0,2,200,200
0,200,30,5,2,0,1,10,6,200,0,0,0,0,1,200,200,0,0,1,51,200
0,200,30,5,2,0,1,10,6,200,0,0,0,0,1,200,200,0,0,0,45,200
0,1,25,0,200,200,200,7,6,1,0,200,0,0,200,200,1,0,0,2,200,200
0,1,30,0,0,0,1,7,6,1,0,0,0,0,200,200,1,0,200,2,200,200
0,0,25,0,0,0,0,7,6,1,0,0,0,0,200,200,1,0,0,2,200,200
0,200,35,0,0,0,1,12,5,2,0,0,0,0,200,200,200,0,200,0,0,200
0,200,35,0,0,0,1,12,5,2,0,0,0,0,200,200,200,0,200,1,63,200
0,200,30,0,0,0,1,7,2,2,0,0,0,0,200,200,1,20,16,1,200,200
1,200,30,0,0,0,1,7,2,2,0,0,0,0,200,200,1,20,16,1,4,200
1,200,30,0,0,0,1,7,2,2,0,0,0,0,200,200,1,20,16,1,200,200
1,200,30,0,0,0,1,7,2,2,0,0,0,0,200,200,1,20,16,1,3,200
0,200,25,0,0,0,1,7,5,200,0,0,0,0,200,200,200,0,0,1,57,200
0,200,30,0,0,0,1,7,5,2,0,0,0,0,200,200,1,25,25,0,14,200
1,200,30,0,0,0,1,7,5,2,0,0,0,0,200,200,1,25,25,0,17,200
1,200,30,0,0,0,1,7,5,2,0,0,0,0,200,200,1,25,25,0,20,200
0,200,35,0,0,0,1,14,5,4,0,0,0,0,200,200,200,20,20,1,44,200
0,200,35,0,0,0,1,14,5,4,0,0,0,0,200,200,200,20,20,0,56,200
1,200,35,0,0,0,1,14,5,4,0,0,0,0,200,200,200,20,20,0,200,200
1,200,35,0,0,0,1,14,5,4,0,0,0,0,200,200,200,20,20,0,200,200
0,200,30,0,0,0,1,7,6,200,0,0,0,0,200,200,200,10,200,2,200,200
0,200,30,1,2,200,3,14,5,200,0,200,0,0,1,200,200,17,0,0,200,200
0,200,30,1,2,200,3,14,5,200,0,200,0,0,1,200,200,17,0,1,200,200
0,200,30,1,2,0,3,10,3,6,0,0,0,0,200,200,200,0,200,0,21,200
0,200,30,1,2,0,3,10,3,6,0,0,0,0,200,200,200,0,200,0,39,200
1,200,30,1,2,0,3,10,3,6,0,0,0,0,200,200,200,0,200,0,200,200
0,1,30,0,0,0,1,7,3,200,0,0,0,0,1,200,200,200,200,0,30,200
0,200,25,0,0,0,1,10,5,2,0,0,0,0,200,200,200,16,200,1,55,200
0,200,25,0,0,0,1,10,5,2,0,0,0,0,200,200,200,16,200,0,69,200
0,200,30,1,2,0,1,0,5,200,0,0,1,1,1,200,200,6,200,0,200,200
0,200,30,1,2,0,1,0,5,200,0,0,1,1,1,200,200,6,200,0,200,200
5,200,15,0,0,0,1,9,7,0,0,0,0,1,200,1,200,0,0,0,69,200
0,200,15,0,0,0,1,9,7,0,0,0,0,1,200,1,200,0,0,0,68,200
0,0,30,2,2,0,3,7,6,1,0,0,0,0,200,200,1,0,0,2,200,200
0,200,30,1,2,0,1,7,5,200,0,0,0,0,200,200,1,20,200,1,21,200
0,200,30,0,0,0,1,2,7,200,0,0,0,0,200,200,200,0,0,2,200,200
0,200,30,1,2,0,1,2,5,2,0,0,0,1,200,200,1,0,0,2,200,200
0,200,30,0,0,0,200,7,5,2,0,0,0,0,200,200,1,0,200,2,200,200
0,200,30,0,0,0,1,12,5,200,0,0,200,0,200,200,200,0,0,1,56,200
0,200,30,0,0,0,1,12,5,200,0,0,200,0,200,200,200,0,0,0,85,200
0,200,30,0,0,0,1,12,5,2,0,0,0,0,200,200,1,25,25,0,200,200
0,200,30,0,0,0,1,12,5,2,0,0,0,0,200,200,1,25,25,0,46,200
1,200,30,0,0,0,1,12,5,2,0,0,0,0,200,200,1,25,25,1,200,200
0,200,30,0,0,0,1,12,5,200,0,0,0,0,200,200,200,0,0,0,27,200
0,200,30,0,0,0,1,12,5,200,0,0,0,0,200,200,200,0,0,0,23,200
1,200,30,0,0,0,1,12,5,200,0,0,0,0,200,200,200,0,0,1,200,200
1,200,30,0,0,0,1,12,5,200,0,0,0,0,200,200,200,0,0,0,200,200
0,200,35,0,0,0,1,8,6,1,0,0,0,1,200,200,200,17,0,1,16,200
4,200,35,0,0,0,1,8,6,1,0,0,0,1,200,200,200,17,0,0,32,200
1,200,35,0,0,0,1,8,6,1,0,0,0,1,200,200,200,17,0,1,17,200
0,200,30,0,0,0,3,7,6,2,0,0,0,0,200,200,1,25,16,2,200,200
0,200,30,1,2,0,0,12,2,2,0,0,0,0,1,200,1,22,0,2,200,200
0,200,30,1,2,0,0,12,2,2,0,0,0,0,1,200,1,22,0,1,0,200
0,200,40,0,0,0,1,12,8,1,0,0,200,0,200,200,200,0,0,1,200,200
0,200,40,0,0,0,1,12,8,1,0,0,200,0,200,200,200,0,0,0,86,200
0,200,30,0,0,0,1,10,2,4,0,0,0,1,1,200,200,18,0,0,200,200
0,200,30,0,0,0,1,10,2,4,0,0,0,1,1,200,200,18,0,0,60,200
0,200,30,0,0,0,1,12,2,200,0,0,0,0,200,200,200,0,200,0,20,200
0,200,30,0,0,0,1,12,2,200,0,0,0,0,200,200,200,0,200,1,200,200
0,200,30,0,0,0,1,12,2,200,0,0,0,0,200,200,200,0,200,0,200,200
0,200,25,0,0,0,3,7,5,200,0,0,0,0,200,200,200,0,0,2,200,200
0,200,20,0,0,0,1,10,5,4,0,0,0,0,200,200,200,0,0,0,37,200
0,200,20,0,0,0,1,10,5,4,0,0,0,0,200,200,200,0,0,0,52,200
1,200,20,0,0,0,1,10,5,4,0,0,0,0,200,200,200,0,0,1,200,200
1,200,20,0,0,0,1,10,5,4,0,0,0,0,200,200,200,0,0,1,200,200
0,200,15,0,0,0,0,14,5,1,0,0,200,0,200,200,1,200,200,2,200,200
0,200,15,0,0,0,0,14,5,1,0,0,200,0,200,200,1,200,200,0,30,200
0,1,20,0,0,200,200,7,6,200,3,200,0,1,200,200,1,0,200,2,200,200
0,200,15,0,0,0,1,7,7,4,0,0,0,0,200,200,1,0,200,2,200,200
0,200,30,1,2,0,1,0,2,2,0,0,0,0,1,200,1,17,6,0,200,200
0,200,30,1,2,0,1,0,2,2,0,0,0,0,1,200,1,17,6,0,37,200
0,1,30,0,0,0,3,7,5,2,0,0,3,0,200,200,1,0,200,2,200,200
0,200,40,0,0,0,1,10,2,200,0,0,0,0,200,200,200,21,200,0,23,200
0,200,40,0,0,0,1,10,2,200,0,0,0,0,200,200,200,21,200,1,70,200
0,200,30,2,2,0,1,7,2,3,0,0,0,1,200,200,200,16,0,1,25,200
0,200,35,0,0,0,1,7,3,2,0,0,0,0,200,200,200,0,0,0,0,200
0,1,35,2,2,200,0,7,6,200,0,0,0,0,200,200,1,20,0,1,200,200
0,200,30,2,2,0,1,14,6,200,0,0,0,0,1,200,200,17,200,1,35,200
0,200,30,2,2,0,1,14,6,200,0,0,0,0,1,200,200,17,200,0,44,200
1,200,30,2,2,0,1,14,6,200,0,0,0,0,1,200,200,17,200,0,15,200
0,200,30,2,1,0,1,0,12,200,0,0,0,0,1,200,200,0,200,0,200,200
0,200,30,2,1,0,1,0,12,200,0,0,0,0,1,200,200,0,200,1,67,200
0,200,30,0,0,0,3,7,6,200,0,0,0,0,200,200,200,0,0,2,200,200
0,200,30,0,0,0,1,10,5,200,0,0,0,0,200,200,200,18,200,0,200,200
0,200,30,0,0,0,1,10,5,200,0,0,0,0,200,200,200,18,200,0,64,200
0,200,25,1,2,0,1,12,5,200,0,0,0,0,1,200,200,17,0,1,20,200
0,200,25,1,2,0,1,12,5,200,0,0,0,0,1,200,200,17,0,0,65,200
0,200,25,0,0,0,1,10,7,200,0,0,0,0,200,200,200,16,15,0,57,200
0,200,25,0,0,0,1,10,7,200,0,0,0,0,200,200,200,16,15,0,37,200
0,200,30,1,2,0,1,10,5,2,0,0,0,0,200,200,200,16,200,0,56,200
0,200,30,1,2,0,1,10,5,2,0,0,0,0,200,200,200,16,200,0,43,200
1,200,30,1,2,0,1,10,5,2,0,0,0,0,200,200,200,16,200,0,6,200
1,200,30,1,2,0,1,10,5,2,0,0,0,0,200,200,200,16,200,1,3,200
1,200,30,1,2,0,1,10,5,2,0,0,0,0,200,200,200,16,200,1,52,200
0,200,5,0,0,0,1,7,7,1,0,0,0,0,200,1,1,21,21,0,200,200
0,200,30,12,2,0,1,10,2,2,0,0,12,0,1,200,1,25,16,0,200,200
0,200,30,12,2,0,1,10,2,2,0,0,12,0,1,200,1,25,16,1,22,200
0,200,30,12,2,0,1,10,2,2,0,0,12,0,1,200,1,25,16,0,23,200
1,200,30,12,2,0,1,10,2,2,0,0,12,0,1,200,1,25,16,0,200,200
1,200,30,12,2,0,1,10,2,2,0,0,12,0,1,200,1,25,16,0,200,200
0,200,30,1,2,0,1,0,5,2,2,0,0,1,1,200,200,0,0,0,33,200
0,200,30,1,2,0,1,0,5,2,2,0,0,1,1,200,200,0,0,0,32,200
1,200,30,1,2,0,1,0,5,2,2,0,0,1,1,200,200,0,0,1,29,200
0,200,10,0,0,0,1,0,7,1,0,0,0,0,200,1,200,0,200,0,39,200
0,200,10,0,0,0,1,0,7,1,0,0,0,0,200,1,200,0,200,0,27,200
0,1,30,0,0,0,1,12,3,2,0,0,0,0,1,200,200,200,200,0,200,200
0,1,30,0,0,0,1,12,3,2,0,0,0,0,1,200,200,200,200,1,200,200
0,200,25,2,2,0,1,7,5,2,0,0,0,0,1,200,1,0,200,2,200,200
0,200,30,2,2,0,1,0,5,2,0,0,0,0,1,200,200,17,200,0,23,200
0,200,30,2,2,0,1,0,5,2,0,0,0,0,1,200,200,17,200,0,200,200
0,200,30,2,2,0,1,0,3,200,0,0,0,0,1,200,200,0,200,2,200,200
0,200,30,2,2,0,1,0,3,200,0,0,0,0,1,200,200,0,200,1,65,200
1,200,30,2,2,0,1,0,3,200,0,0,0,0,1,200,200,0,200,0,200,200
0,200,10,0,0,0,1,12,7,200,0,0,0,1,200,200,200,0,200,0,200,200
0,200,10,0,0,0,1,12,7,200,0,0,0,1,200,200,200,0,200,0,200,200
0,200,10,0,0,0,1,12,7,200,0,0,0,1,200,200,200,0,200,1,76,200
5,200,10,0,0,0,1,12,7,200,0,0,0,1,200,200,200,0,200,1,57,200
1,200,10,0,0,0,1,12,7,200,0,0,0,1,200,200,200,0,200,1,55,200
0,200,30,0,0,0,1,7,5,200,0,0,0,0,200,200,1,0,0,0,200,200
0,200,30,0,0,0,1,14,2,2,0,0,0,0,200,200,200,17,0,0,57,200
0,200,30,0,0,0,1,14,2,2,0,0,0,0,200,200,200,17,0,0,31,200
0,200,30,2,0,0,1,0,5,2,0,0,0,1,1,200,200,33,200,0,31,200
0,200,30,2,0,0,1,0,5,2,0,0,0,1,1,200,200,33,200,0,36,200
0,200,30,1,2,0,1,10,2,200,0,0,0,0,200,200,200,14,200,0,18,200
0,200,30,1,2,0,1,10,2,200,0,0,0,0,200,200,200,14,200,0,31,200
0,200,30,1,2,0,1,10,5,4,3,0,0,1,200,200,200,18,11,0,200,200
0,200,30,1,2,0,1,10,5,4,3,0,0,1,200,200,200,18,11,1,41,200
1,200,30,1,2,0,1,10,5,4,3,0,0,1,200,200,200,18,11,1,200,200
0,200,20,0,0,0,1,0,6,2,0,0,0,0,200,200,200,11,200,1,54,200
0,200,20,0,0,0,1,0,6,2,0,0,0,0,200,200,200,11,200,0,64,200
1,200,20,0,0,0,1,0,6,2,0,0,0,0,200,200,200,11,200,1,20,200
1,200,20,0,0,0,1,0,6,2,0,0,0,0,200,200,200,11,200,1,0,200
1,200,20,0,0,0,1,0,6,2,0,0,0,0,200,200,200,11,200,0,200,200
0,200,30,0,0,0,1,14,7,200,0,0,0,1,200,1,1,200,200,1,200,200
5,200,30,0,0,0,1,14,7,200,0,0,0,1,200,1,1,200,200,1,200,200
0,200,30,0,0,0,1,14,7,200,0,0,0,1,200,1,1,200,200,0,28,200
0,200,30,0,0,0,1,14,7,200,0,0,0,1,200,1,1,200,200,0,29,200
1,200,30,0,0,0,1,14,7,200,0,0,0,1,200,1,1,200,200,1,2,200
0,200,30,2,2,0,1,14,12,0,0,0,0,1,1,200,200,23,7,1,63,200
0,200,30,2,2,0,1,14,12,0,0,0,0,1,1,200,200,23,7,0,42,200
0,200,30,0,0,0,1,10,2,2,0,0,0,0,200,200,200,11,200,0,32,200
0,200,30,0,0,0,1,10,2,2,0,0,0,0,200,200,200,11,200,1,36,200
0,200,30,0,0,0,1,7,5,2,0,0,0,0,200,200,1,0,0,0,200,200
0,200,30,0,0,0,1,12,5,2,0,0,0,1,200,200,200,11,33,0,36,200
0,200,30,0,0,0,1,12,5,2,0,0,0,1,200,200,200,11,33,0,65,200
1,200,30,0,0,0,1,12,5,2,0,0,0,1,200,200,200,11,33,1,200,200
1,200,30,0,0,0,1,12,5,2,0,0,0,1,200,200,200,11,33,0,1,200
1,200,30,0,0,0,1,12,5,2,0,0,0,1,200,200,200,11,33,1,41,200
1,200,30,0,0,0,1,12,5,2,0,0,0,1,200,200,200,11,33,1,4,200
0,200,30,200,200,0,200,7,5,200,0,200,200,1,1,200,200,0,0,1,36,200
0,200,30,1,2,0,1,12,2,5,0,0,200,0,1,200,200,22,0,0,68,200
0,200,30,1,2,0,1,12,2,5,0,0,200,0,1,200,200,22,0,1,49,200
1,200,30,1,2,0,1,12,2,5,0,0,200,0,1,200,200,22,0,1,200,200
1,200,30,1,2,0,1,12,2,5,0,0,200,0,1,200,200,22,0,1,200,200
0,200,30,0,0,0,3,7,5,200,0,0,0,0,200,200,200,22,16,1,46,200
1,200,30,0,0,0,3,7,5,200,0,0,0,0,200,200,200,22,16,2,200,200
0,1,30,0,0,0,1,7,7,2,0,0,0,0,200,1,1,0,200,2,200,200
0,200,10,0,0,0,1,0,7,0,0,0,200,0,200,1,200,20,20,0,29,200
0,200,10,0,0,0,1,0,7,0,0,0,200,0,200,1,200,20,20,0,54,200
0,0,30,0,0,0,1,7,6,1,0,0,0,0,200,200,1,0,200,2,200,200
0,200,30,0,0,0,1,10,2,200,0,0,0,0,200,200,200,18,18,1,23,200
0,200,30,0,0,0,1,10,2,200,0,0,0,0,200,200,200,18,18,0,77,200
1,200,30,0,0,0,1,10,2,200,0,0,0,0,200,200,200,18,18,1,200,200
0,200,30,0,0,0,1,12,5,2,0,0,0,1,200,200,200,11,200,0,50,200
0,200,30,0,0,0,1,12,5,2,0,0,0,1,200,200,200,11,200,0,49,200
1,200,30,0,0,0,1,12,5,2,0,0,0,1,200,200,200,11,200,1,43,200
0,200,30,1,2,0,1,9,2,4,0,0,0,1,1,200,200,0,200,1,21,200
5,200,30,1,2,0,1,9,2,4,0,0,0,1,1,200,200,0,200,1,61,200
0,200,0,2,2,0,1,9,5,1,0,0,0,1,200,200,200,17,17,0,75,200
5,200,0,2,2,0,1,9,5,1,0,0,0,1,200,200,200,17,17,1,85,200
0,200,30,0,0,0,1,7,2,2,0,0,0,0,200,200,1,0,0,2,200,200
0,200,30,1,2,0,1,10,2,4,0,0,200,0,200,200,200,18,0,1,40,200
0,200,30,1,2,0,1,10,2,4,0,0,200,0,200,200,200,18,0,0,49,200
0,200,30,0,0,0,1,0,7,200,0,0,0,0,200,200,200,0,0,0,82,200
0,200,30,0,0,0,1,0,7,200,0,0,0,0,200,200,200,0,0,0,60,200
0,200,30,0,0,0,1,8,5,200,0,0,0,1,200,200,200,0,0,1,67,200
4,200,30,0,0,0,1,8,5,200,0,0,0,1,200,200,200,0,0,1,28,200
0,1,20,0,0,0,1,14,5,2,0,0,0,0,200,200,200,22,200,1,21,200
0,1,20,0,0,0,1,14,5,2,0,0,0,0,200,200,200,22,200,1,65,200
0,200,30,1,2,0,1,0,6,6,0,0,0,1,1,200,200,6,17,0,48,200
0,200,30,1,2,0,1,0,6,6,0,0,0,1,1,200,200,6,17,0,51,200
1,200,30,1,2,0,1,0,6,6,0,0,0,1,1,200,200,6,17,1,51,200