PERSON_TYPE,CRASH_DATE_EST_I,POSTED_SPEED_LIMIT,TRAFFIC_CONTROL_DEVICE,DEVICE_CONDITION,WEATHER_CONDITION,LIGHTING_CONDITION,FIRST_CRASH_TYPE,TRAFFICWAY_TYPE,LANE_CNT,ALIGNMENT,ROADWAY_SURFACE_COND,ROAD_DEFECT,CRASH_TYPE,INTERSECTION_RELATED_I,NOT_RIGHT_OF_WAY_I,HIT_AND_RUN_I,PRIM_CONTRIBUTORY_CAUSE,SEC_CONTRIBUTORY_CAUSE,SEX,AGE,BAC_RESULT VALUE
0,200,30,1,2,0,1,10,2,2,0,0,200,0,200,200,200,18,200,1,53,200
0,200,30,1,2,0,1,10,2,2,0,0,200,0,200,200,200,18,200,0,21,200
1,200,30,1,2,0,1,10,2,2,0,0,200,0,200,200,200,18,200,0,26,200
0,200,50,1,2,0,1,14,2,4,0,0,0,1,1,200,200,18,16,0,46,200
0,200,50,1,2,0,1,14,2,4,0,0,0,1,1,200,200,18,16,1,200,200
0,200,30,1,2,0,1,0,5,4,0,0,0,0,1,200,200,6,200,1,28,200
0,200,30,1,2,0,1,0,5,4,0,0,0,0,1,200,200,6,200,0,76,200
0,200,30,200,200,0,1,14,5,200,0,200,200,0,1,200,200,0,0,0,61,200
0,200,30,200,200,0,1,14,5,200,0,200,200,0,1,200,200,0,0,0,200,200
1,200,30,200,200,0,1,14,5,200,0,200,200,0,1,200,200,0,0,1,200,200
1,200,30,200,200,0,1,14,5,200,0,200,200,0,1,200,200,0,0,1,200,200
0,200,30,2,2,0,3,14,5,200,0,0,0,0,1,200,200,17,6,0,69,200
0,200,30,2,2,0,3,14,5,200,0,0,0,0,1,200,200,17,6,0,35,200
0,200,30,0,0,0,1,14,5,200,0,0,0,0,200,200,200,23,200,1,200,200
0,200,30,0,0,0,1,14,5,200,0,0,0,0,200,200,200,23,200,0,36,200
0,200,15,0,0,0,1,10,7,200,0,0,0,0,200,1,200,20,16,0,36,200
0,200,15,0,0,0,1,10,7,200,0,0,0,0,200,1,200,20,16,1,43,200
0,1,30,0,0,200,200,7,6,200,0,200,200,0,200,200,1,0,200,2,200,200
0,200,30,1,2,0,1,10,5,2,0,0,0,0,1,200,200,18,16,0,200,200
0,200,30,1,2,0,1,10,5,2,0,0,0,0,1,200,200,18,16,0,200,200
0,200,30,0,0,0,1,14,5,2,0,0,0,1,200,200,200,17,17,0,58,200
0,200,30,0,0,0,1,14,5,2,0,0,0,1,200,200,200,17,17,0,25,200
0,200,30,1,2,0,3,0,5,200,0,0,200,1,200,200,200,17,17,0,200,200
0,200,30,1,2,0,3,0,5,200,0,0,200,1,200,200,200,17,17,1,22,200
0,200,30,0,0,0,1,7,7,200,0,0,0,0,200,200,200,20,200,0,200,200
1,200,30,0,0,0,1,7,7,200,0,0,0,0,200,200,200,20,200,0,200,200
1,200,30,0,0,0,1,7,7,200,0,0,0,0,200,200,200,20,200,0,200,200
0,200,30,0,0,0,1,10,2,200,0,0,0,0,200,200,200,18,18,1,36,200
0,200,30,0,0,0,1,10,2,200,0,0,0,0,200,200,200,18,18,0,31,200
0,0,15,0,0,0,1,7,7,200,0,0,0,0,200,200,1,0,0,2,200,200
0,200,30,0,0,0,1,10,5,200,0,0,0,0,200,200,200,16,18,0,42,200
0,200,30,0,0,0,1,10,5,200,0,0,0,0,200,200,200,16,18,0,46,200
0,200,30,2,2,0,1,0,2,4,0,0,200,1,1,200,1,5,17,0,200,200
0,200,30,2,2,0,1,0,2,4,0,0,200,1,1,200,1,5,17,1,28,200
1,200,30,2,2,0,1,0,2,4,0,0,200,1,1,200,1,5,17,1,200,200
1,200,30,2,2,0,1,0,2,4,0,0,200,1,1,200,1,5,17,0,11,200
1,200,30,2,2,0,1,0,2,4,0,0,200,1,1,200,1,5,17,0,5,200
0,200,25,2,2,0,1,10,6,0,0,0,0,0,1,200,200,0,0,1,24,200
0,200,25,2,2,0,1,10,6,0,0,0,0,0,1,200,200,0,0,1,63,200
1,200,25,2,2,0,1,10,6,0,0,0,0,0,1,200,200,0,0,2,200,200
0,200,35,0,0,0,1,12,2,200,0,0,0,0,200,200,200,17,22,0,28,200
0,200,35,0,0,0,1,12,2,200,0,0,0,0,200,200,200,17,22,0,50,200
1,200,35,0,0,0,1,12,2,200,0,0,0,0,200,200,200,17,22,1,38,200
0,200,30,0,0,0,1,10,5,2,0,0,0,0,200,200,200,19,0,0,62,200
0,200,30,0,0,0,1,10,5,2,0,0,0,0,200,200,200,19,0,0,23,200
0,200,30,1,2,0,1,12,5,2,0,0,0,0,200,200,200,0,200,0,63,200
0,200,30,1,2,0,1,12,5,2,0,0,0,0,200,200,200,0,200,0,51,200
1,200,30,1,2,0,1,12,5,2,0,0,0,0,200,200,200,0,200,0,55,200
0,200,25,1,2,0,1,10,2,200,0,0,0,0,200,200,200,18,200,0,22,200
0,200,25,1,2,0,1,10,2,200,0,0,0,0,200,200,200,18,200,0,36,200
0,200,30,1,2,0,1,14,3,6,3,0,0,1,1,200,200,0,0,1,49,200
0,200,30,1,2,0,1,14,3,6,3,0,0,1,1,200,200,0,0,0,18,200
0,200,30,1,2,0,1,14,3,6,3,0,0,1,1,200,200,0,0,1,55,200
1,200,30,1,2,0,1,14,3,6,3,0,0,1,1,200,200,0,0,0,14,200
1,200,30,1,2,0,1,14,3,6,3,0,0,1,1,200,200,0,0,0,23,200
1,200,30,1,2,0,1,14,3,6,3,0,0,1,1,200,200,0,0,0,19,200
1,200,30,1,2,0,1,14,3,6,3,0,0,1,1,200,200,0,0,0,29,200
1,200,30,1,2,0,1,14,3,6,3,0,0,1,1,200,200,0,0,0,56,200
0,200,20,0,0,0,1,7,2,2,0,0,0,0,200,200,1,18,0,2,200,200
0,200,30,2,2,0,1,0,5,0,0,0,0,0,1,200,200,17,200,1,89,200
0,200,30,2,2,0,1,0,5,0,0,0,0,0,1,200,200,17,200,0,64,200
0,200,30,0,0,0,1,12,6,200,0,0,200,0,200,200,1,0,0,1,200,200
0,200,30,0,0,0,1,12,6,200,0,0,200,0,200,200,1,0,0,1,25,200
0,200,40,0,0,0,1,12,3,4,0,0,0,0,200,200,200,16,18,0,47,200
0,200,40,0,0,0,1,12,3,4,0,0,0,0,200,200,200,16,18,0,57,200
0,200,25,2,2,0,1,0,5,2,0,0,0,1,1,200,200,0,0,1,42,200
0,200,25,2,2,0,1,0,5,2,0,0,0,1,1,200,200,0,0,1,49,200
0,200,30,0,0,0,1,10,5,200,0,0,0,0,200,200,200,0,0,1,200,200
0,200,30,0,0,0,1,10,5,200,0,0,0,0,200,200,200,0,0,0,55,200
0,200,40,1,2,0,1,14,2,6,0,0,0,0,1,200,1,21,200,0,200,200
0,200,40,1,2,0,1,14,2,6,0,0,0,0,1,200,1,21,200,0,54,200
1,200,40,1,2,0,1,14,2,6,0,0,0,0,1,200,1,21,200,1,31,200
0,200,30,1,2,0,1,10,2,200,0,0,0,0,200,200,1,18,7,0,200,200
0,200,30,1,2,0,1,10,2,200,0,0,0,0,200,200,1,18,7,1,57,200
1,200,30,1,2,0,1,10,2,200,0,0,0,0,200,200,1,18,7,1,200,200
0,200,25,0,0,0,1,7,7,200,0,0,0,0,200,200,1,200,200,2,200,200
0,200,30,1,2,0,1,0,5,200,0,0,0,1,1,200,200,0,0,0,23,200
0,200,30,1,2,0,1,0,5,200,0,0,0,1,1,200,200,0,0,0,24,200
1,200,30,1,2,0,1,0,5,200,0,0,0,1,1,200,200,0,0,0,200,200
0,200,30,0,0,0,1,10,5,4,0,0,200,0,200,200,200,21,200,1,61,200
0,200,30,0,0,0,1,10,5,4,0,0,200,0,200,200,200,21,200,0,56,200
0,200,35,0,0,0,0,2,0,200,0,0,0,0,200,200,200,12,200,1,36,200
0,200,30,1,2,0,1,9,6,1,0,0,0,1,200,200,1,6,17,0,200,200
5,200,30,1,2,0,1,9,6,1,0,0,0,1,200,200,1,6,17,1,32,200
0,200,30,0,0,0,1,12,6,1,0,0,200,0,200,200,1,17,0,0,59,200
0,200,30,0,0,0,1,12,6,1,0,0,200,0,200,200,1,17,0,2,200,200
1,200,30,0,0,0,1,12,6,1,0,0,200,0,200,200,1,17,0,1,200,200
1,200,30,0,0,0,1,12,6,1,0,0,200,0,200,200,1,17,0,1,200,200
1,200,30,0,0,0,1,12,6,1,0,0,200,0,200,200,1,17,0,1,200,200
0,200,30,0,0,0,1,12,2,2,0,0,200,0,200,200,1,17,0,0,200,200
0,200,30,0,0,0,1,12,2,2,0,0,200,0,200,200,1,17,0,1,46,200
1,200,30,0,0,0,1,12,2,2,0,0,200,0,200,200,1,17,0,1,200,200
0,200,30,1,2,0,1,10,5,2,0,0,3,1,1,200,200,16,200,0,76,200
0,200,30,1,2,0,1,10,5,2,0,0,3,1,1,200,200,16,200,1,68,200
1,200,30,1,2,0,1,10,5,2,0,0,3,1,1,200,200,16,200,1,38,200
0,200,30,2,2,0,1,14,5,2,0,0,0,0,1,200,200,17,200,1,52,200
0,200,30,2,2,0,1,14,5,2,0,0,0,0,1,200,200,17,200,1,26,200
1,200,30,2,2,0,1,14,5,2,0,0,0,0,1,200,200,17,200,0,1,200
0,200,30,0,200,0,1,2,2,1,0,0,0,0,200,1,0,20,20,0,200,200
0,200,35,200,200,0,1,0,5,2,0,0,0,1,1,200,200,0,0,0,47,200
0,200,35,200,200,0,1,0,5,2,0,0,0,1,1,200,200,0,0,1,45,200
0,200,35,0,0,0,1,10,5,2,0,0,0,0,200,200,200,18,200,0,49,200
0,200,35,0,0,0,1,10,5,2,0,0,0,0,200,200,200,18,200,1,37,200
0,200,30,1,2,0,1,2,12,2,0,0,0,1,1,200,200,0,0,1,76,200
0,200,35,0,0,0,1,12,5,200,0,0,0,0,200,200,200,0,200,1,200,200
0,200,35,0,0,0,1,12,5,200,0,0,0,0,200,200,200,0,200,0,200,200
0,200,30,0,0,0,1,14,5,4,0,0,0,0,200,200,200,17,0,0,54,200
0,200,30,0,0,0,1,14,5,4,0,0,0,0,200,200,200,17,0,0,53,200
0,200,30,1,2,0,1,10,5,2,0,0,0,0,200,200,1,0,200,2,200,200
0,200,30,1,2,0,1,10,5,2,0,0,0,0,200,200,1,0,200,1,54,200
0,200,30,1,2,0,1,10,5,2,0,0,0,0,200,200,1,0,200,1,200,200
0,200,0,0,0,0,1,7,7,0,2,0,0,0,200,1,1,20,11,1,200,200
0,200,30,0,0,0,1,12,5,2,0,0,0,0,200,200,1,22,200,0,200,200
0,200,30,0,0,0,1,12,5,2,0,0,0,0,200,200,1,22,200,1,43,200
1,200,30,0,0,0,1,12,5,2,0,0,0,0,200,200,1,22,200,0,50,200
1,200,30,0,0,0,1,12,5,2,0,0,0,0,200,200,1,22,200,0,7,200
1,200,30,0,0,0,1,12,5,2,0,0,0,0,200,200,1,22,200,1,13,200
0,200,30,1,2,0,1,12,2,2,0,0,200,0,200,200,0,22,200,0,24,200
0,200,30,1,2,0,1,12,2,2,0,0,200,0,200,200,0,22,200,1,37,200
1,200,30,1,2,0,1,12,2,2,0,0,200,0,200,200,0,22,200,1,17,200
1,200,30,1,2,0,1,12,2,2,0,0,200,0,200,200,0,22,200,1,11,200
0,200,30,0,0,0,1,7,5,2,0,200,200,0,200,200,200,20,20,0,33,200
1,200,30,0,0,0,1,7,5,2,0,200,200,0,200,200,200,20,20,1,33,200
1,200,30,0,0,0,1,7,5,2,0,200,200,0,200,200,200,20,20,1,1,200
1,200,30,0,0,0,1,7,5,2,0,200,200,0,200,200,200,20,20,0,4,200
0,200,30,2,2,0,1,10,2,4,0,0,0,0,1,200,200,18,200,0,28,200
0,200,30,2,2,0,1,10,2,4,0,0,0,0,1,200,200,18,200,0,25,200
0,200,35,1,2,0,1,10,5,4,0,0,0,0,1,200,200,18,0,0,68,200
0,200,35,1,2,0,1,10,5,4,0,0,0,0,1,200,200,18,0,0,26,200
0,200,30,0,0,0,1,7,6,200,0,0,0,0,200,200,1,200,200,1,200,200
0,200,30,1,2,0,1,0,5,2,0,0,0,0,200,200,1,16,11,1,200,200
0,200,30,1,2,0,1,0,5,2,0,0,0,0,200,200,1,16,11,0,62,200
0,200,30,0,0,0,1,12,5,2,0,0,0,0,200,200,200,17,17,1,19,200
0,200,30,0,0,0,1,12,5,2,0,0,0,0,200,200,200,17,17,1,38,200
0,200,30,1,2,0,1,14,5,200,0,0,0,1,1,200,200,0,0,0,21,200
0,200,30,1,2,0,1,14,5,200,0,0,0,1,1,200,200,0,0,1,19,200
0,1,30,0,0,0,1,7,6,1,0,0,0,0,200,200,0,200,200,2,200,200
0,200,30,0,0,0,1,10,5,2,0,0,0,0,200,200,1,0,0,1,200,200
0,200,30,0,0,0,1,10,5,2,0,0,0,0,200,200,1,0,0,0,25,200
0,200,30,0,0,0,1,10,7,0,0,0,0,0,200,200,1,20,200,0,200,200
0,200,30,0,0,0,1,10,7,0,0,0,0,0,200,200,1,20,200,1,35,200
0,200,30,2,2,0,1,10,6,1,0,0,0,0,200,200,200,18,0,0,34,200
0,200,30,2,2,0,1,10,6,1,0,0,0,0,200,200,200,18,0,1,51,200
0,1,10,0,0,0,1,7,7,1,0,0,0,0,200,200,1,0,0,2,200,200
0,200,30,0,0,0,1,14,5,4,0,0,0,1,1,200,200,17,200,1,40,200
0,200,30,0,0,0,1,14,5,4,0,0,0,1,1,200,200,17,200,1,40,200
1,200,30,0,0,0,1,14,5,4,0,0,0,1,1,200,200,17,200,0,7,200
0,200,0,0,0,0,1,11,5,2,0,0,0,0,200,200,200,8,8,0,53,200
0,200,0,0,0,0,1,11,5,2,0,0,0,0,200,200,200,8,8,0,200,200
1,200,0,0,0,0,1,11,5,2,0,0,0,0,200,200,200,8,8,0,200,200
0,200,30,0,0,0,1,10,2,2,0,0,0,0,200,200,200,0,200,1,25,200
0,200,30,0,0,0,1,10,2,2,0,0,0,0,200,200,200,0,200,1,63,200
0,200,30,1,2,0,1,10,2,4,0,0,0,0,200,200,1,16,11,2,200,200
0,200,30,1,2,0,1,10,2,4,0,0,0,0,200,200,1,16,11,1,77,200
0,200,30,1,2,0,1,10,3,200,0,0,0,0,200,200,200,0,0,0,23,200
0,200,30,1,2,0,1,10,3,200,0,0,0,0,200,200,200,0,0,0,51,200
1,200,30,1,2,0,1,10,3,200,0,0,0,0,200,200,200,0,0,1,59,200
0,200,25,0,0,0,1,7,5,2,0,0,0,0,200,200,200,11,0,0,37,200
0,200,30,0,0,0,1,0,5,2,0,0,0,0,200,200,1,20,17,1,200,200
0,200,30,0,0,0,1,0,5,2,0,0,0,0,200,200,1,20,17,1,24,200
1,200,30,0,0,0,1,0,5,2,0,0,0,0,200,200,1,20,17,0,31,200
1,200,30,0,0,0,1,0,5,2,0,0,0,0,200,200,1,20,17,1,6,200
1,200,30,0,0,0,1,0,5,2,0,0,0,0,200,200,1,20,17,0,4,200
0,200,30,0,0,0,1,7,6,1,0,0,0,0,200,200,1,0,0,0,200,200
0,200,30,0,0,0,1,7,5,200,0,0,0,0,200,200,200,11,200,1,200,200
0,200,30,0,0,0,1,7,6,1,0,200,200,0,200,200,200,11,11,0,21,200
1,200,30,0,0,0,1,7,6,1,0,200,200,0,200,200,200,11,11,1,32,200
1,200,30,0,0,0,1,7,6,1,0,200,200,0,200,200,200,11,11,0,200,200
1,200,30,0,0,0,1,7,6,1,0,200,200,0,200,200,200,11,11,1,200,200
1,200,30,0,0,0,1,7,6,1,0,200,200,0,200,200,200,11,11,1,19,200
0,200,30,1,2,0,1,7,3,4,0,0,0,0,200,200,1,0,0,1,55,200
0,200,30,2,2,0,1,0,2,2,0,0,0,1,1,200,200,6,16,0,45,200
0,200,30,2,2,0,1,0,2,2,0,0,0,1,1,200,200,6,16,1,32,200
1,200,30,2,2,0,1,0,2,2,0,0,0,1,1,200,200,6,16,1,52,200
1,200,30,2,2,0,1,0,2,2,0,0,0,1,1,200,200,6,16,1,11,200
1,200,30,2,2,0,1,0,2,2,0,0,0,1,1,200,200,6,16,0,14,200
0,200,30,0,0,0,1,7,6,1,0,0,0,1,200,200,200,25,15,0,34,200
0,200,15,0,0,0,1,10,7,200,0,0,0,0,200,200,1,20,16,1,200,200
0,200,15,0,0,0,1,10,7,200,0,0,0,0,200,200,1,20,16,0,20,200
0,200,30,1,2,0,1,14,2,3,0,0,200,0,1,200,200,17,11,1,23,200
0,200,30,1,2,0,1,14,2,3,0,0,200,0,1,200,200,17,11,0,33,200
0,200,30,0,0,0,1,7,6,1,0,0,0,0,200,200,1,0,0,0,200,200
0,200,30,200,200,200,1,10,5,200,0,200,200,0,200,200,1,18,16,1,200,200
0,200,30,200,200,200,1,10,5,200,0,200,200,0,200,200,1,18,16,0,36,200
0,200,30,1,2,0,1,10,5,4,0,0,200,0,200,200,1,18,0,0,200,200
0,200,30,1,2,0,1,10,5,4,0,0,200,0,200,200,1,18,0,1,27,200
1,200,30,1,2,0,1,10,5,4,0,0,200,0,200,200,1,18,0,0,26,200
1,200,30,1,2,0,1,10,5,4,0,0,200,0,200,200,1,18,0,1,46,200
1,200,30,1,2,0,1,10,5,4,0,0,200,0,200,200,1,18,0,0,44,200
0,200,30,0,0,0,1,7,2,200,0,0,0,0,200,200,1,0,200,2,200,200
0,200,35,0,0,0,1,12,5,200,0,0,0,0,200,200,200,0,200,0,200,200
0,200,35,0,0,0,1,12,5,200,0,0,0,0,200,200,200,0,200,0,200,200
4,200,30,0,0,0,1,8,5,2,0,0,0,1,200,200,200,17,200,0,14,200
1,200,30,0,0,0,1,8,5,2,0,0,0,1,200,200,200,17,200,1,29,200
0,200,30,0,0,0,1,10,5,2,0,0,0,0,200,200,200,0,0,0,59,200
0,200,30,0,0,0,1,10,5,2,0,0,0,0,200,200,200,0,0,0,41,200
0,200,30,1,2,0,1,12,6,200,0,0,0,0,200,200,200,21,21,0,66,200
0,200,30,1,2,0,1,12,6,200,0,0,0,0,200,200,200,21,21,0,31,200
1,200,30,1,2,0,1,12,6,200,0,0,0,0,200,200,200,21,21,0,200,200
0,200,30,1,2,0,1,0,2,0,0,0,0,1,1,200,200,6,26,1,24,200
0,200,30,1,2,0,1,0,2,0,0,0,0,1,1,200,200,6,26,1,56,200
1,200,30,1,2,0,1,0,2,0,0,0,0,1,1,200,200,6,26,1,29,200
1,200,30,1,2,0,1,0,2,0,0,0,0,1,1,200,200,6,26,0,7,200
0,200,30,0,0,0,1,7,5,2,0,0,0,0,200,200,1,0,0,1,200,200
1,200,30,0,0,0,1,7,5,2,0,0,0,0,200,200,1,0,0,0,28,200
0,200,30,0,0,0,1,12,2,200,0,0,0,1,200,200,1,0,0,0,44,200
0,200,30,0,0,0,1,12,2,200,0,0,0,1,200,200,1,0,0,1,58,200
1,200,30,0,0,0,1,12,2,200,0,0,0,1,200,200,1,0,0,0,200,200
1,200,30,0,0,0,1,12,2,200,0,0,0,1,200,200,1,0,0,1,200,200
0,200,15,0,0,0,1,0,0,200,0,0,0,0,200,200,200,17,200,1,47,200
0,200,15,0,0,0,1,0,0,200,0,0,0,0,200,200,200,17,200,0,66,200
0,200,30,0,0,0,1,14,5,2,0,0,200,1,1,200,200,11,200,0,28,200
0,200,30,0,0,0,1,14,5,2,0,0,200,1,1,200,200,11,200,0,26,200
0,200,35,0,0,0,1,14,2,4,0,0,0,1,200,200,200,200,200,1,47,200
0,200,35,0,0,0,1,14,2,4,0,0,0,1,200,200,200,200,200,0,23,200
1,200,35,0,0,0,1,14,2,4,0,0,0,1,200,200,200,200,200,0,17,200
0,200,30,0,1,0,1,12,5,200,0,0,0,0,200,200,200,22,200,1,45,200
0,200,30,0,1,0,1,12,5,200,0,0,0,0,200,200,200,22,200,0,53,200
0,200,30,0,0,0,1,10,5,2,0,200,200,0,200,200,200,18,18,1,200,200
0,200,30,0,0,0,1,10,5,2,0,200,200,0,200,200,200,18,18,1,49,200
0,200,30,1,2,0,3,14,5,200,0,0,200,0,200,200,200,17,17,1,200,200
0,200,30,1,2,0,3,14,5,200,0,0,200,0,200,200,200,17,17,0,28,200
0,200,30,1,2,0,1,10,5,4,0,0,0,0,1,200,1,18,16,1,200,200
0,200,30,1,2,0,1,10,5,4,0,0,0,0,1,200,1,18,16,1,200,200
1,200,30,1,2,0,1,10,5,4,0,0,0,0,1,200,1,18,16,0,200,200
0,200,25,1,2,0,1,14,8,2,0,0,0,0,1,200,200,0,200,1,65,200
0,200,25,1,2,0,1,14,8,2,0,0,0,0,1,200,200,0,200,1,48,200
0,200,30,0,0,0,1,10,5,200,0,0,0,0,200,200,200,18,0,1,27,200
0,200,30,0,0,0,1,10,5,200,0,0,0,0,200,200,200,18,0,0,34,200
0,200,30,200,200,200,200,14,5,200,0,200,200,0,1,200,200,23,0,0,58,200
0,200,30,200,200,200,200,14,5,200,0,200,200,0,1,200,200,23,0,0,34,200
0,200,30,0,0,0,1,12,5,200,0,0,0,0,200,200,1,0,200,1,200,200
0,200,30,0,0,0,1,12,5,200,0,0,0,0,200,200,1,0,200,0,73,200
1,200,30,0,0,0,1,12,5,200,0,0,0,0,200,200,1,0,200,1,200,200
0,200,30,1,2,0,3,10,5,4,0,0,0,0,1,200,1,18,0,1,200,200
0,200,30,1,2,0,3,10,5,4,0,0,0,0,1,200,1,18,0,1,17,200
5,200,30,0,0,0,4,9,5,2,0,0,0,1,200,200,200,0,200,1,31,200
0,200,30,0,0,0,4,9,5,2,0,0,0,1,200,200,200,0,200,1,62,200
0,200,20,0,0,0,1,7,6,1,0,0,0,0,200,200,1,16,11,2,200,200
0,200,30,1,2,0,4,7,5,2,0,0,0,0,200,200,1,0,200,1,200,200
0,200,30,2,2,0,3,7,2,2,0,0,0,0,200,200,200,22,200,0,24,200
0,200,30,1,2,0,4,10,5,2,0,0,200,0,1,200,200,18,0,0,22,200
0,200,30,1,2,0,4,10,5,2,0,0,200,0,1,200,200,18,0,1,48,200
1,200,30,1,2,0,4,10,5,2,0,0,200,0,1,200,200,18,0,0,15,200
0,200,30,200,200,200,200,10,5,4,0,200,200,0,200,200,1,18,0,1,200,200
0,200,30,200,200,200,200,10,5,4,0,200,200,0,200,200,1,18,0,1,27,200
0,200,35,1,2,0,0,12,12,200,0,0,0,0,1,200,0,18,200,0,32,200
0,200,35,1,2,0,0,12,12,200,0,0,0,0,1,200,0,18,200,1,57,200
0,200,30,0,0,0,3,7,6,1,0,0,0,1,200,200,200,0,200,1,26,200
0,200,30,0,0,0,3,14,2,200,0,0,0,0,200,200,200,23,200,0,27,200
0,200,30,0,0,0,3,14,2,200,0,0,0,0,200,200,200,23,200,0,25,200
1,200,30,0,0,0,3,14,2,200,0,0,0,0,200,200,200,23,200,1,26,200
1,200,30,0,0,0,3,14,2,200,0,0,0,0,200,200,200,23,200,0,0,200
1,200,30,0,0,0,3,14,2,200,0,0,0,0,200,200,200,23,200,0,4,200
1,200,30,0,0,0,3,14,2,200,0,0,0,0,200,200,200,23,200,1,7,200
0,200,20,0,0,0,0,11,5,200,0,0,0,1,200,200,1,10,200,0,16,200
0,200,20,0,0,0,0,11,5,200,0,0,0,1,200,200,1,10,200,1,18,200
1,200,20,0,0,0,0,11,5,200,0,0,0,1,200,200,1,10,200,1,8,200
0,200,30,1,2,0,3,14,5,2,0,0,0,1,1,200,1,14,6,0,200,200
0,200,30,1,2,0,3,14,5,2,0,0,0,1,1,200,1,14,6,0,17,200
1,200,30,1,2,0,3,14,5,2,0,0,0,1,1,200,1,14,6,0,21,200
1,200,30,1,2,0,3,14,5,2,0,0,0,1,1,200,1,14,6,0,19,200
1,200,30,1,2,0,3,14,5,2,0,0,0,1,1,200,1,14,6,1,200,200
1,200,30,1,2,0,3,14,5,2,0,0,0,1,1,200,1,14,6,1,200,200
0,200,30,0,0,0,0,10,2,2,0,0,0,0,200,200,1,200,0,2,200,200
0,200,30,0,0,0,0,10,2,2,0,0,0,0,200,200,1,200,0,1,24,200
0,200,20,0,0,0,3,7,6,200,0,0,200,0,200,200,1,0,0,2,200,200
0,200,15,0,0,0,3,7,6,1,0,0,0,0,200,200,200,28,0,1,36,200
0,200,40,0,0,0,3,2,3,8,2,0,0,1,200,200,200,11,200,1,23,200
1,200,40,0,0,0,3,2,3,8,2,0,0,1,200,200,200,11,200,2,200,200
1,200,40,0,0,0,3,2,3,8,2,0,0,1,200,200,200,11,200,0,19,200
0,200,30,1,2,0,0,12,5,200,0,0,0,0,0,200,1,21,200,2,200,200
0,200,30,1,2,0,0,12,5,200,0,0,0,0,0,200,1,21,200,0,55,200
1,200,30,1,2,0,0,12,5,200,0,0,0,0,0,200,1,21,200,1,200,200
1,200,30,1,2,0,0,12,5,200,0,0,0,0,0,200,1,21,200,1,200,200
0,200,30,2,0,0,3,0,5,2,2,0,200,0,200,200,1,5,0,0,200,200
0,200,30,2,0,0,3,0,5,2,2,0,200,0,200,200,1,5,0,0,37,200
0,200,30,1,2,0,4,14,5,200,0,0,0,1,1,200,200,17,0,0,42,200
0,200,30,1,2,0,4,14,5,200,0,0,0,1,1,200,200,17,0,0,17,200
1,200,30,1,2,0,4,14,5,200,0,0,0,1,1,200,200,17,0,1,12,200
1,200,30,1,2,0,4,14,5,200,0,0,0,1,1,200,200,17,0,1,13,200
0,200,30,1,2,0,3,0,2,200,0,0,0,0,200,200,200,0,200,0,45,200
0,200,30,1,2,0,3,0,2,200,0,0,0,0,200,200,200,0,200,1,41,200
0,1,5,0,0,0,200,7,7,200,0,0,0,0,200,200,0,0,0,2,200,200
0,200,30,1,200,0,0,2,5,2,0,0,0,1,1,200,200,13,200,0,0,200
0,200,30,1,2,0,0,10,1,5,0,0,0,1,200,200,1,0,200,0,200,200
0,200,30,1,2,0,0,10,1,5,0,0,0,1,200,200,1,0,200,1,38,200
1,200,30,1,2,0,0,10,1,5,0,0,0,1,200,200,1,0,200,0,200,200
1,200,30,1,2,0,0,10,1,5,0,0,0,1,200,200,1,0,200,0,2,200
0,200,30,1,2,0,3,14,5,4,0,0,0,0,200,200,200,23,23,0,40,200
0,200,30,1,2,0,3,14,5,4,0,0,0,0,200,200,200,23,23,1,32,200
0,200,15,0,0,0,3,7,7,200,0,0,0,0,200,200,200,20,200,0,48,200
0,200,15,1,2,0,1,8,5,2,0,0,0,1,1,200,200,200,200,0,200,200
4,200,15,1,2,0,1,8,5,2,0,0,0,1,1,200,200,200,200,0,23,200
0,200,35,1,2,0,3,14,3,4,0,0,200,0,1,200,200,18,0,0,25,200
0,200,35,1,2,0,3,14,3,4,0,0,200,0,1,200,200,18,0,0,27,200
0,200,35,1,2,0,3,10,2,4,0,0,0,1,1,200,1,0,0,1,200,200
0,200,35,1,2,0,3,10,2,4,0,0,0,1,1,200,1,0,0,0,44,200
1,200,35,1,2,0,3,10,2,4,0,0,0,1,1,200,1,0,0,0,200,200
0,200,25,0,0,0,2,7,5,200,0,0,0,0,200,200,1,0,0,2,200,200
0,200,30,1,200,200,1,10,5,2,0,200,200,0,1,200,200,0,200,1,200,200
0,200,30,1,200,200,1,10,5,2,0,200,200,0,1,200,200,0,200,0,25,200
1,200,30,1,200,200,1,10,5,2,0,200,200,0,1,200,200,0,200,0,200,200
1,200,30,1,200,200,1,10,5,2,0,200,200,0,1,200,200,0,200,1,200,200
0,1,30,0,0,0,3,7,5,200,0,0,0,1,200,200,1,0,0,0,200,200
0,200,25,0,0,0,3,7,6,1,0,0,0,0,200,200,1,0,0,0,200,200
0,200,25,0,0,0,3,12,3,3,0,0,0,0,200,200,1,14,14,2,200,200
0,200,25,0,0,0,3,12,3,3,0,0,0,0,200,200,1,14,14,0,49,200
1,200,25,0,0,0,3,12,3,3,0,0,0,0,200,200,1,14,14,1,25,200
1,200,25,0,0,0,3,12,3,3,0,0,0,0,200,200,1,14,14,1,200,200
0,200,35,1,2,0,3,14,5,200,0,0,200,1,1,200,200,16,200,0,46,200