PERSON_TYPE,CRASH_DATE_EST_I,POSTED_SPEED_LIMIT,TRAFFIC_CONTROL_DEVICE,DEVICE_CONDITION,WEATHER_CONDITION,LIGHTING_CONDITION,FIRST_CRASH_TYPE,TRAFFICWAY_TYPE,LANE_CNT,ALIGNMENT,ROADWAY_SURFACE_COND,ROAD_DEFECT,CRASH_TYPE,INTERSECTION_RELATED_I,NOT_RIGHT_OF_WAY_I,HIT_AND_RUN_I,PRIM_CONTRIBUTORY_CAUSE,SEC_CONTRIBUTORY_CAUSE,SEX,AGE,BAC_RESULT VALUE
0,200,30,1,200,0,1,12,5,200,0,200,200,0,200,200,1,21,17,0,31,200
0,200,30,0,0,0,1,10,2,200,0,0,0,0,1,200,200,17,200,1,38,200
0,200,30,0,0,0,1,10,2,200,0,0,0,0,1,200,200,17,200,0,55,200
0,200,30,0,0,0,1,10,5,2,0,0,0,0,200,200,200,18,9,0,26,200
0,200,30,0,0,0,1,10,5,2,0,0,0,0,200,200,200,18,9,1,35,200
0,200,30,0,0,0,1,10,5,2,0,0,0,0,200,200,200,200,200,0,40,200
0,200,30,0,0,0,1,10,5,2,0,0,0,0,200,200,200,200,200,1,43,200
0,200,30,0,0,0,2,10,5,200,0,0,0,0,200,200,200,200,200,0,41,200
0,200,30,0,0,0,2,10,5,200,0,0,0,0,200,200,200,200,200,0,22,200
0,200,30,1,2,0,1,10,3,4,0,0,0,1,200,200,200,18,0,1,22,200
0,200,30,1,2,0,1,10,3,4,0,0,0,1,200,200,200,18,0,0,53,200
0,200,0,0,3,0,3,8,6,1,0,0,1,1,200,200,200,0,0,0,63,200
4,200,0,0,3,0,3,8,6,1,0,0,1,1,200,200,200,0,0,1,0,200
0,200,30,0,0,0,1,10,5,200,0,0,0,1,200,200,200,12,0,1,20,200
0,200,30,0,0,0,1,10,5,200,0,0,0,1,200,200,200,12,0,1,42,200
0,200,30,0,0,0,1,0,5,4,0,0,200,1,200,200,200,17,200,0,39,200
0,200,30,0,0,0,1,0,5,4,0,0,200,1,200,200,200,17,200,1,29,200
0,200,30,1,2,0,4,12,2,2,0,0,0,0,1,200,200,17,11,0,63,200
0,200,30,1,2,0,4,12,2,2,0,0,0,0,1,200,200,17,11,1,36,200
1,200,30,1,2,0,4,12,2,2,0,0,0,0,1,200,200,17,11,1,11,200
0,200,15,3,0,0,1,9,7,200,0,0,0,1,200,1,200,0,200,0,49,200
5,200,15,3,0,0,1,9,7,200,0,0,0,1,200,1,200,0,200,0,37,200
1,200,15,3,0,0,1,9,7,200,0,0,0,1,200,1,200,0,200,1,200,200
1,200,15,3,0,0,1,9,7,200,0,0,0,1,200,1,200,0,200,0,200,200
0,200,25,0,0,0,1,7,6,1,0,0,0,0,200,200,1,0,0,1,200,200
0,200,30,0,0,0,1,10,3,4,0,0,0,0,200,200,200,20,200,0,58,200
0,200,30,0,0,0,1,10,3,4,0,0,0,0,200,200,200,20,200,0,41,200
1,200,30,0,0,0,1,10,3,4,0,0,0,0,200,200,200,20,200,0,26,200
0,200,30,1,2,0,4,10,2,4,0,0,0,1,200,200,200,17,16,1,27,200
0,200,30,1,2,0,4,10,2,4,0,0,0,1,200,200,200,17,16,1,26,200
1,200,30,1,2,0,4,10,2,4,0,0,0,1,200,200,200,17,16,1,57,200
0,200,30,1,2,0,3,10,5,4,0,0,0,0,1,200,200,18,0,0,34,200
0,200,30,1,2,0,3,10,5,4,0,0,0,0,1,200,200,18,0,0,25,200
0,200,30,0,0,0,1,10,2,200,0,0,0,0,200,200,200,18,200,0,33,200
0,200,30,0,0,0,1,10,2,200,0,0,0,0,200,200,200,18,200,0,73,200
0,200,30,0,0,0,4,7,5,200,0,0,0,0,200,200,200,0,0,0,200,200
0,200,30,1,2,0,1,8,5,2,0,0,0,0,200,200,200,0,200,1,31,200
4,200,30,1,2,0,1,8,5,2,0,0,0,0,200,200,200,0,200,0,24,200
1,200,30,1,2,0,1,8,5,2,0,0,0,0,200,200,200,0,200,1,4,200
1,200,30,1,2,0,1,8,5,2,0,0,0,0,200,200,200,0,200,0,6,200
0,200,30,0,0,0,0,7,5,2,0,0,0,0,200,200,1,0,200,0,200,200
0,200,30,0,0,0,3,14,5,200,0,0,0,0,200,200,200,23,200,0,27,200
0,200,30,0,0,0,3,14,5,200,0,0,0,0,200,200,200,23,200,1,35,200
0,1,30,12,12,0,3,4,5,200,0,0,0,0,200,200,200,25,200,0,25,200
0,200,30,0,0,0,2,12,3,3,1,0,0,0,200,200,200,22,13,1,24,200
0,200,30,0,0,0,2,12,3,3,1,0,0,0,200,200,200,22,13,0,45,200
1,200,30,0,0,0,2,12,3,3,1,0,0,0,200,200,200,22,13,200,200,200
0,200,30,1,2,0,1,12,5,200,0,0,0,0,200,200,1,22,200,0,200,200
0,200,30,1,2,0,1,12,5,200,0,0,0,0,200,200,1,22,200,1,46,200
0,200,35,0,0,0,0,7,7,1,0,0,0,0,200,200,1,200,200,2,200,200
0,200,30,0,0,0,4,0,2,200,0,0,0,0,200,200,200,17,17,1,0,200
0,200,30,0,0,0,4,0,2,200,0,0,0,0,200,200,200,17,17,1,24,200
0,200,30,1,2,0,1,10,12,200,0,0,0,0,1,200,200,18,18,1,18,200
0,200,30,1,2,0,1,10,12,200,0,0,0,0,1,200,200,18,18,1,42,200
1,200,30,1,2,0,1,10,12,200,0,0,0,0,1,200,200,18,18,1,9,200
0,200,30,1,2,0,3,14,5,4,0,0,0,0,200,200,200,21,0,0,17,200
0,200,30,1,2,0,3,14,5,4,0,0,0,0,200,200,200,21,0,0,53,200
0,200,30,1,2,0,3,14,2,2,0,0,200,0,200,200,1,20,200,2,200,200
0,200,30,1,2,0,3,14,2,2,0,0,200,0,200,200,1,20,200,0,34,200
0,200,30,0,0,0,2,12,6,2,0,0,0,0,200,200,200,0,200,1,64,200
0,200,30,0,0,0,2,12,6,2,0,0,0,0,200,200,200,0,200,1,27,200
0,200,30,2,2,0,4,10,5,200,0,0,0,0,200,200,1,18,0,0,200,200
0,200,30,2,2,0,4,10,5,200,0,0,0,0,200,200,1,18,0,0,64,200
0,200,30,200,200,0,1,10,5,2,0,0,0,0,200,200,200,18,0,0,40,200
0,200,30,200,200,0,1,10,5,2,0,0,0,0,200,200,200,18,0,0,40,200
0,200,30,0,0,0,1,7,5,200,0,0,0,0,200,200,200,25,200,1,200,200
0,200,35,1,2,0,0,14,5,2,0,0,0,0,200,200,200,6,0,0,22,200
0,200,35,1,2,0,0,14,5,2,0,0,0,0,200,200,200,6,0,1,36,200
0,200,0,1,2,0,3,7,5,200,0,0,0,1,200,200,200,0,0,0,51,200
0,200,0,1,2,0,3,7,5,200,0,0,0,1,200,200,200,0,0,0,47,200
1,200,0,1,2,0,3,7,5,200,0,0,0,1,200,200,200,0,0,1,8,200
1,200,0,1,2,0,3,7,5,200,0,0,0,1,200,200,200,0,0,200,5,200
0,200,30,0,0,0,1,12,5,2,0,0,0,0,200,200,1,0,200,0,200,200
0,200,30,0,0,0,1,12,5,2,0,0,0,0,200,200,1,0,200,0,85,200
0,200,30,0,0,0,0,14,3,200,0,0,0,1,1,200,200,17,200,0,55,200
0,200,30,0,0,0,0,14,3,200,0,0,0,1,1,200,200,17,200,1,25,200
1,200,30,0,0,0,0,14,3,200,0,0,0,1,1,200,200,17,200,0,52,200
0,200,30,0,0,0,3,7,5,2,0,0,0,0,200,200,1,11,0,2,200,200
0,200,30,2,200,0,2,14,2,200,0,0,0,0,1,200,1,17,200,0,200,200
0,200,30,2,200,0,2,14,2,200,0,0,0,0,1,200,1,17,200,0,24,200
0,200,30,0,0,0,3,12,5,2,0,0,0,0,200,200,1,17,22,0,200,200
0,200,30,0,0,0,3,12,5,2,0,0,0,0,200,200,1,17,22,0,59,200
1,200,30,0,0,0,3,12,5,2,0,0,0,0,200,200,1,17,22,1,45,200
1,200,30,0,0,0,3,12,5,2,0,0,0,0,200,200,1,17,22,0,21,200
0,200,30,1,200,0,3,14,5,4,0,0,200,0,1,200,200,21,200,1,200,200
0,200,30,1,200,0,3,14,5,4,0,0,200,0,1,200,200,21,200,0,26,200
0,200,30,1,2,0,3,14,5,2,0,0,0,1,200,200,200,21,0,1,45,200
0,200,30,1,2,0,3,14,5,2,0,0,0,1,200,200,200,21,0,1,41,200
0,200,30,1,2,0,3,10,5,2,0,0,200,0,200,200,200,18,0,1,45,200
0,200,30,1,2,0,3,10,5,2,0,0,200,0,200,200,200,18,0,1,42,200
1,200,30,1,2,0,3,10,5,2,0,0,200,0,200,200,200,18,0,1,21,200
0,200,30,1,2,0,3,10,5,4,0,0,0,0,1,200,1,18,200,0,200,200
0,200,30,1,2,0,3,10,5,4,0,0,0,0,1,200,1,18,200,0,41,200
0,200,30,1,2,0,3,12,6,200,0,0,0,0,1,200,200,22,200,0,48,200
0,200,30,1,2,0,3,12,6,200,0,0,0,0,1,200,200,22,200,0,200,200
0,200,30,2,200,0,2,8,200,200,0,0,0,1,200,200,1,25,200,2,200,200
4,200,30,2,200,0,2,8,200,200,0,0,0,1,200,200,1,25,200,0,30,200
0,200,35,1,2,0,0,10,5,2,0,0,0,0,1,200,200,16,16,1,60,200
0,200,35,1,2,0,0,10,5,2,0,0,0,0,1,200,200,16,16,0,56,200
0,200,30,2,2,0,1,8,5,2,0,0,0,0,1,200,200,2,200,0,33,200
4,200,30,2,2,0,1,8,5,2,0,0,0,0,1,200,200,2,200,0,15,200
0,200,30,0,0,0,1,0,7,200,0,0,200,0,200,200,200,0,200,0,22,200
0,200,30,0,0,0,1,0,7,200,0,0,200,0,200,200,200,0,200,1,200,200
1,200,30,0,0,0,1,0,7,200,0,0,200,0,200,200,200,0,200,1,200,200
0,200,35,0,0,0,1,11,5,200,0,0,0,0,200,200,200,17,0,0,200,200
0,200,35,0,0,0,1,11,5,200,0,0,0,0,200,200,200,17,0,0,64,200
0,200,25,2,2,0,3,0,5,200,0,0,0,1,1,200,200,17,5,0,22,200
0,200,25,2,2,0,3,0,5,200,0,0,0,1,1,200,200,17,5,0,29,200
0,200,30,1,2,0,3,10,5,2,0,0,0,0,200,200,200,17,18,0,25,200
0,200,30,1,2,0,3,10,5,2,0,0,0,0,200,200,200,17,18,1,61,200
0,200,30,0,0,0,3,10,5,2,0,0,0,1,200,200,200,12,18,0,42,200
0,200,30,0,0,0,3,10,5,2,0,0,0,1,200,200,200,12,18,1,48,200
1,200,30,0,0,0,3,10,5,2,0,0,0,1,200,200,200,12,18,0,200,200
0,200,35,0,0,0,0,12,5,4,0,0,0,0,200,200,200,23,23,0,19,200
0,200,35,0,0,0,0,12,5,4,0,0,0,0,200,200,200,23,23,0,63,200
0,200,25,0,0,0,1,7,5,2,0,0,200,0,200,200,1,0,200,2,200,200
0,200,30,0,0,0,3,12,5,2,0,0,0,1,200,200,200,22,22,0,19,200
0,200,30,0,0,0,3,12,5,2,0,0,0,1,200,200,200,22,22,0,42,200
4,200,30,0,0,0,3,8,7,200,0,0,0,0,200,200,200,0,0,0,20,200
0,200,30,0,0,0,3,8,7,200,0,0,0,0,200,200,200,0,0,1,62,200
1,200,30,0,0,0,3,8,7,200,0,0,0,0,200,200,200,0,0,0,72,200
0,200,30,0,0,0,3,9,5,4,0,0,0,1,200,200,200,0,200,0,28,200
5,200,30,0,0,0,3,9,5,4,0,0,0,1,200,200,200,0,200,0,34,200
0,200,30,1,2,0,3,14,12,4,0,0,0,1,1,200,1,17,22,2,200,200
0,200,30,1,2,0,3,14,12,4,0,0,0,1,1,200,1,17,22,0,48,200
1,200,30,1,2,0,3,14,12,4,0,0,0,1,1,200,1,17,22,0,24,200
1,200,30,1,2,0,3,14,12,4,0,0,0,1,1,200,1,17,22,1,18,200
0,200,30,2,2,0,1,10,5,2,0,0,0,0,200,200,200,17,0,0,200,200
0,200,30,2,2,0,1,10,5,2,0,0,0,0,200,200,200,17,0,1,32,200
1,200,30,2,2,0,1,10,5,2,0,0,0,0,200,200,200,17,0,0,200,200
0,200,30,1,2,0,3,14,5,2,0,0,0,0,1,200,200,0,0,0,59,200
0,200,30,1,2,0,3,14,5,2,0,0,0,0,1,200,200,0,0,0,23,200
0,1,30,0,0,0,1,7,5,200,0,0,0,0,200,200,1,0,0,2,200,200
0,200,30,0,0,0,3,0,5,2,0,0,0,1,1,200,200,17,0,1,30,200
0,200,30,0,0,0,3,0,5,2,0,0,0,1,1,200,200,17,0,0,55,200
1,200,30,0,0,0,3,0,5,2,0,0,0,1,1,200,200,17,0,1,30,200
0,200,30,1,2,0,1,14,6,3,0,0,0,0,1,200,200,0,0,1,35,200
0,200,30,1,2,0,1,14,6,3,0,0,0,0,1,200,200,0,0,1,38,200
0,200,30,1,2,0,3,10,5,5,0,0,0,0,1,200,200,18,0,0,70,200
0,200,30,1,2,0,3,10,5,5,0,0,0,0,1,200,200,18,0,0,46,200
0,200,30,0,0,0,0,12,5,200,0,0,0,0,200,200,1,22,22,2,200,200
0,200,30,0,0,0,0,12,5,200,0,0,0,0,200,200,1,22,22,0,31,200
0,1,35,0,0,0,3,6,8,1,4,0,0,1,1,200,200,15,11,0,24,200
1,1,35,0,0,0,3,6,8,1,4,0,0,1,1,200,200,15,11,0,33,200
0,200,15,0,0,0,3,9,7,99,0,0,0,1,200,1,1,20,200,2,200,200
5,200,15,0,0,0,3,9,7,99,0,0,0,1,200,1,1,20,200,1,19,200
0,200,30,0,0,0,3,7,6,200,0,0,0,1,200,0,200,32,27,0,29,200
0,200,15,0,0,0,3,7,5,1,0,0,0,0,200,200,1,0,0,1,200,200
0,200,30,0,0,0,3,12,2,200,0,0,0,0,200,200,200,21,200,0,41,200
0,200,30,0,0,0,3,12,2,200,0,0,0,0,200,200,200,21,200,1,54,200
0,1,30,0,0,0,3,7,2,2,0,0,0,1,200,200,200,7,11,1,34,200
0,200,30,1,2,0,3,8,2,2,0,0,0,1,1,200,1,0,0,2,200,200
4,200,30,1,2,0,3,8,2,2,0,0,0,1,1,200,1,0,0,0,26,200
0,200,15,0,0,0,3,10,12,1,0,0,200,0,200,1,200,0,200,0,29,200
0,200,15,0,0,0,3,10,12,1,0,0,200,0,200,1,200,0,200,0,28,200
0,200,20,1,0,0,0,10,5,2,0,0,0,1,1,200,200,18,11,1,51,200
0,200,20,1,0,0,0,10,5,2,0,0,0,1,1,200,200,18,11,0,66,200
0,200,20,1,0,0,0,10,5,2,0,0,0,1,1,200,200,18,11,0,47,200
0,200,15,0,0,0,3,2,0,1,0,0,0,1,200,200,200,16,200,0,43,200
0,200,30,1,2,0,3,10,5,2,0,0,0,0,200,200,200,1,16,0,41,200
0,200,30,1,2,0,3,10,5,2,0,0,0,0,200,200,200,1,16,0,46,200
0,200,30,1,2,0,3,10,2,200,0,0,0,0,200,200,0,11,0,0,40,200
0,200,30,1,2,0,3,10,2,200,0,0,0,0,200,200,0,11,0,0,54,200
0,200,35,1,2,0,1,0,5,200,0,0,0,1,1,200,200,0,16,0,22,200
0,200,35,1,2,0,1,0,5,200,0,0,0,1,1,200,200,0,16,0,200,200
0,200,30,1,2,0,1,12,2,4,0,0,0,0,200,200,1,22,200,0,200,200
0,200,30,1,2,0,1,12,2,4,0,0,0,0,200,200,1,22,200,0,45,200
1,200,30,1,2,0,1,12,2,4,0,0,0,0,200,200,1,22,200,1,17,200
0,200,30,1,2,0,1,9,3,4,0,0,0,1,0,200,200,0,200,1,66,200
5,200,30,1,2,0,1,9,3,4,0,0,0,1,0,200,200,0,200,1,38,200
0,200,20,0,0,0,1,7,6,1,0,0,0,0,200,200,200,11,200,0,42,200
1,200,20,0,0,0,1,7,6,1,0,0,0,0,200,200,200,11,200,0,200,200
1,200,20,0,0,0,1,7,6,1,0,0,0,0,200,200,200,11,200,1,200,200
1,200,20,0,0,0,1,7,6,1,0,0,0,0,200,200,200,11,200,1,200,200
0,200,30,1,2,0,1,9,2,4,0,0,0,1,1,200,200,17,200,1,24,200
5,200,30,1,2,0,1,9,2,4,0,0,0,1,1,200,200,17,200,0,44,200
0,200,30,0,0,0,1,0,5,4,2,0,0,1,1,200,1,5,0,0,200,200
0,200,30,0,0,0,1,0,5,4,2,0,0,1,1,200,1,5,0,0,200,200
0,200,30,0,2,0,1,2,6,200,0,0,0,1,200,200,200,12,0,1,26,200
0,200,30,0,0,0,1,12,2,2,0,0,0,0,200,200,200,0,0,0,28,200
0,200,30,0,0,0,1,12,2,2,0,0,0,0,200,200,200,0,0,0,35,200
0,200,30,1,2,0,1,14,5,2,0,0,0,0,1,200,1,0,0,0,200,200
0,200,30,1,2,0,1,14,5,2,0,0,0,0,1,200,1,0,0,1,23,200
0,200,30,0,0,0,1,7,6,200,0,0,0,0,200,200,200,28,200,1,68,200
0,200,30,0,0,0,1,10,5,200,0,0,0,0,200,200,200,0,0,0,200,200
0,200,30,0,0,0,1,10,5,200,0,0,0,0,200,200,200,0,0,0,200,200
0,200,30,0,0,0,1,12,6,1,0,0,0,0,200,200,200,25,200,0,76,200
0,200,30,0,0,0,1,12,6,1,0,0,0,0,200,200,200,25,200,1,52,200
0,200,30,0,0,0,1,12,6,2,0,0,0,0,1,200,200,17,17,0,59,200
0,200,30,0,0,0,1,12,6,2,0,0,0,0,1,200,200,17,17,0,32,200
0,200,20,0,0,0,3,11,7,2,0,0,0,0,200,1,200,0,200,0,200,200
0,200,20,0,0,0,3,11,7,2,0,0,0,0,200,1,200,0,200,0,21,200
1,200,20,0,0,0,3,11,7,2,0,0,0,0,200,1,200,0,200,1,200,200
0,200,30,1,2,0,1,0,5,2,0,0,0,0,200,200,1,17,0,0,200,200
0,200,30,1,2,0,1,0,5,2,0,0,0,0,200,200,1,17,0,1,41,200
1,200,30,1,2,0,1,0,5,2,0,0,0,0,200,200,1,17,0,1,15,200
0,200,15,0,0,0,1,0,7,200,0,0,0,1,200,1,200,17,15,1,43,200
0,200,15,0,0,0,1,0,7,200,0,0,0,1,200,1,200,17,15,1,54,200
1,200,15,0,0,0,1,0,7,200,0,0,0,1,200,1,200,17,15,0,17,200
0,200,25,2,0,0,1,10,6,1,0,0,0,1,200,200,200,18,0,0,54,200
0,200,25,2,0,0,1,10,6,1,0,0,0,1,200,200,200,18,0,0,61,200
1,200,25,2,0,0,1,10,6,1,0,0,0,1,200,200,200,18,0,0,54,200
1,200,25,2,0,0,1,10,6,1,0,0,0,1,200,200,200,18,0,1,200,200
0,200,30,1,2,1,1,10,5,2,0,0,0,0,200,200,1,18,200,1,200,200
0,200,30,1,2,1,1,10,5,2,0,0,0,0,200,200,1,18,200,1,42,200
1,200,30,1,2,1,1,10,5,2,0,0,0,0,200,200,1,18,200,0,200,200
0,200,10,0,0,0,3,14,0,2,0,0,0,0,200,200,200,0,200,1,24,200
0,200,10,0,0,0,3,14,0,2,0,0,0,0,200,200,200,0,200,0,34,200
0,200,20,0,0,0,1,7,5,1,0,0,0,0,200,200,1,22,0,0,200,200
0,200,30,0,0,0,1,14,5,4,0,0,0,1,200,200,200,17,200,1,36,200
0,200,30,0,0,0,1,14,5,4,0,0,0,1,200,200,200,17,200,1,43,200
0,200,30,2,2,0,1,14,2,4,0,0,0,1,1,200,1,17,200,0,200,200
0,200,30,2,2,0,1,14,2,4,0,0,0,1,1,200,1,17,200,0,37,200
1,200,30,2,2,0,1,14,2,4,0,0,0,1,1,200,1,17,200,0,200,200
1,200,30,2,2,0,1,14,2,4,0,0,0,1,1,200,1,17,200,0,200,200
1,200,30,2,2,0,1,14,2,4,0,0,0,1,1,200,1,17,200,0,200,200
0,200,0,200,200,0,1,7,4,200,0,0,0,0,200,200,1,0,200,2,200,200
0,200,30,2,2,0,1,0,5,200,0,0,0,1,200,200,200,5,200,0,25,200
0,200,30,2,2,0,1,0,5,200,0,0,0,1,200,200,200,5,200,0,37,200
0,200,20,5,0,0,1,7,5,2,0,0,0,0,200,200,200,0,0,1,30,200
0,200,0,3,2,0,1,2,7,200,0,0,0,1,200,1,200,11,0,1,82,200
0,200,30,0,0,1,1,10,2,2,0,0,0,0,200,200,200,0,0,1,24,200
0,200,30,0,0,1,1,10,2,2,0,0,0,0,200,200,200,0,0,0,69,200
1,200,30,0,0,1,1,10,2,2,0,0,0,0,200,200,200,0,0,0,35,200
1,200,30,0,0,1,1,10,2,2,0,0,0,0,200,200,200,0,0,0,55,200
1,200,30,0,0,1,1,10,2,2,0,0,0,0,200,200,200,0,0,0,64,200
0,200,30,1,2,6,1,9,6,2,0,0,0,1,200,200,1,17,11,2,200,200
5,200,30,1,2,6,1,9,6,2,0,0,0,1,200,200,1,17,11,1,9,200
0,200,30,2,2,0,1,14,2,200,0,0,0,0,1,200,200,0,200,1,21,200
0,200,30,2,2,0,1,14,2,200,0,0,0,0,1,200,200,0,200,1,18,200
0,1,30,0,200,1,1,12,12,1,0,0,0,0,1,200,200,17,21,0,41,200
0,200,30,0,0,0,1,14,5,2,0,0,0,0,1,1,0,23,200,0,35,200
0,200,30,0,0,0,1,14,5,2,0,0,0,0,1,1,0,23,200,1,33,200
0,200,25,0,0,0,1,10,6,1,0,0,0,0,200,200,1,200,200,1,200,200
0,200,25,0,0,0,1,10,6,1,0,0,0,0,200,200,1,200,200,0,33,200
1,200,25,0,0,0,1,10,6,1,0,0,0,0,200,200,1,200,200,2,200,200
0,200,30,1,2,0,1,0,5,200,0,0,0,1,1,200,1,6,16,0,200,200
0,200,30,1,2,0,1,0,5,200,0,0,0,1,1,200,1,6,16,1,36,200
1,200,30,1,2,0,1,0,5,200,0,0,0,1,1,200,1,6,16,1,9,200
1,200,30,1,2,0,1,0,5,200,0,0,0,1,1,200,1,6,16,0,10,200
0,200,25,0,0,0,1,10,5,4,0,0,0,1,1,200,200,0,0,1,20,200
0,200,25,0,0,0,1,10,5,4,0,0,0,1,1,200,200,0,0,1,200,200
1,200,25,0,0,0,1,10,5,4,0,0,0,1,1,200,200,0,0,200,200,200
1,200,25,0,0,0,1,10,5,4,0,0,0,1,1,200,200,0,0,0,200,200
0,200,35,1,2,0,1,14,2,200,0,0,0,1,1,200,200,0,0,0,20,200
0,200,35,1,2,0,1,14,2,200,0,0,0,1,1,200,200,0,0,0,54,200
0,200,30,2,2,0,1,9,2,2,0,0,0,1,200,200,200,17,17,0,32,200
5,200,30,2,2,0,1,9,2,2,0,0,0,1,200,200,200,17,17,1,32,200
0,200,30,1,2,0,1,10,2,200,0,0,0,0,200,200,200,0,0,0,47,200
0,200,30,1,2,0,1,10,2,200,0,0,0,0,200,200,200,0,0,0,21,200
1,200,30,1,2,0,1,10,2,200,0,0,0,0,200,200,200,0,0,1,200,200
0,200,0,2,2,1,1,7,5,2,0,0,0,0,1,200,200,200,200,0,43,200
0,200,25,0,0,0,1,12,5,200,0,0,0,0,200,200,1,22,22,0,200,200
0,200,25,0,0,0,1,12,5,200,0,0,0,0,200,200,1,22,22,1,0,200
0,200,30,1,2,0,1,2,5,2,0,0,200,0,200,200,200,200,200,1,26,200
1,200,30,1,2,0,1,2,5,2,0,0,200,0,200,200,200,200,200,0,28,200
0,1,30,200,200,0,1,0,5,2,0,0,200,0,1,200,1,200,200,0,200,200
0,1,30,200,200,0,1,0,5,2,0,0,200,0,1,200,1,200,200,0,200,200
0,200,30,0,0,1,1,12,5,200,0,0,12,0,200,200,200,21,200,0,40,200
0,200,30,0,0,1,1,12,5,200,0,0,12,0,200,200,200,21,200,1,34,200
0,200,30,0,0,1,1,12,5,4,0,0,0,0,200,200,200,20,200,0,84,200
0,200,30,0,0,1,1,12,5,4,0,0,0,0,200,200,200,20,200,1,38,200
1,200,30,0,0,1,1,12,5,4,0,0,0,0,200,200,200,20,200,1,31,200
0,200,30,0,0,0,1,14,5,4,2,0,2,0,200,200,200,23,16,0,23,200
0,200,30,0,0,0,1,14,5,4,2,0,2,0,200,200,200,23,16,1,31,200
0,200,30,1,2,0,1,12,2,200,0,0,0,0,200,200,1,22,22,1,200,200
0,200,30,1,2,0,1,12,2,200,0,0,0,0,200,200,1,22,22,1,43,200
0,200,30,0,0,1,1,12,6,200,0,0,0,1,1,200,200,8,200,0,44,200
0,200,30,0,0,1,1,12,6,200,0,0,0,1,1,200,200,8,200,1,50,200
0,200,30,0,0,0,1,10,5,200,0,0,0,1,1,200,1,18,17,0,24,200
0,200,30,0,0,0,1,10,5,200,0,0,0,1,1,200,1,18,17,0,57,200
1,200,30,0,0,0,1,10,5,200,0,0,0,1,1,200,1,18,17,0,32,200
0,200,30,0,0,0,1,12,2,200,0,0,0,0,200,200,200,22,200,1,200,200
0,200,30,0,0,0,1,12,2,200,0,0,0,0,200,200,200,22,200,1,55,200
0,1,40,0,0,1,1,12,3,4,3,0,0,0,200,200,0,0,0,0,19,200
0,1,40,0,0,1,1,12,3,4,3,0,0,0,200,200,0,0,0,0,37,200
0,200,30,0,0,0,1,12,2,4,0,0,0,0,200,200,200,0,0,0,18,200
0,200,30,0,0,0,1,12,2,4,0,0,0,0,200,200,200,0,0,0,36,200
0,200,30,0,0,1,1,12,2,2,0,0,0,1,200,200,200,0,0,1,48,200
0,200,30,0,0,1,1,12,2,2,0,0,0,1,200,200,200,0,0,0,24,200
0,200,30,1,2,0,1,12,2,200,0,0,0,1,200,200,200,17,200,0,23,200
0,200,30,1,2,0,1,12,2,200,0,0,0,1,200,200,200,17,200,1,50,200
1,200,30,1,2,0,1,12,2,200,0,0,0,1,200,200,200,17,200,0,47,200
0,200,30,0,0,200,200,2,0,200,0,200,200,0,200,1,200,200,200,2,200,200
0,200,30,0,0,0,1,10,7,200,0,0,0,0,200,200,200,11,200,1,34,200
0,200,30,0,0,0,1,10,7,200,0,0,0,0,200,200,200,11,200,1,33,200
0,200,35,200,200,0,3,14,5,200,0,0,0,0,200,200,200,0,200,1,52,200
0,200,35,200,200,0,3,14,5,200,0,0,0,0,200,200,200,0,200,0,200,200
0,200,30,1,2,0,1,14,6,5,0,0,0,0,1,200,200,23,200,1,58,200
0,200,30,1,2,0,1,14,6,5,0,0,0,0,1,200,200,23,200,0,31,200
1,200,30,1,2,0,1,14,6,5,0,0,0,0,1,200,200,23,200,0,38,200
0,200,30,0,0,1,1,14,5,2,0,0,0,1,200,200,200,0,0,1,22,200
0,200,30,0,0,1,1,14,5,2,0,0,0,1,200,200,200,0,0,0,39,200
0,200,30,1,2,0,1,5,2,4,0,0,0,1,200,200,200,11,11,0,28,200
0,200,30,1,2,0,2,8,2,200,0,0,0,0,200,200,200,0,0,0,72,200
4,200,30,1,2,0,2,8,2,200,0,0,0,0,200,200,200,0,0,0,200,200
0,200,30,0,0,0,1,12,5,4,0,0,0,0,200,200,200,21,21,1,42,200
0,200,30,0,0,0,1,12,5,4,0,0,0,0,200,200,200,21,21,1,59,200
0,200,5,0,0,0,1,12,12,200,0,0,0,0,200,200,200,0,0,0,200,200
0,200,30,0,0,0,1,12,5,200,0,0,0,0,200,200,200,21,0,1,41,200
0,200,30,0,0,0,1,12,5,200,0,0,0,0,200,200,200,21,0,0,35,200
0,200,30,1,2,0,1,14,5,200,0,0,200,0,200,200,200,0,0,0,52,200
0,200,30,1,2,0,1,14,5,200,0,0,200,0,200,200,200,0,0,0,72,200
0,200,30,0,0,0,1,9,5,4,0,0,0,1,1,200,200,17,17,1,35,200
5,200,30,0,0,0,1,9,5,4,0,0,0,1,1,200,200,17,17,1,62,200
0,200,30,1,2,0,1,14,3,4,0,0,0,1,1,200,200,23,200,1,27,200
0,200,30,1,2,0,1,14,3,4,0,0,0,1,1,200,200,23,200,1,50,200
0,200,30,1,2,0,1,12,12,200,3,0,0,0,1,200,200,21,200,0,81,200
0,200,30,1,2,0,1,12,12,200,3,0,0,0,1,200,200,21,200,1,42,200
0,200,30,2,2,0,1,10,2,2,0,0,0,0,200,200,200,0,200,1,27,200
0,200,30,2,2,0,1,10,2,2,0,0,0,0,200,200,200,0,200,1,55,200
0,200,35,200,200,0,1,14,5,2,0,0,0,1,200,200,1,0,0,2,200,200
0,200,35,200,200,0,1,14,5,2,0,0,0,1,200,200,1,0,0,0,36,200