PERSON_TYPE,CRASH_DATE_EST_I,POSTED_SPEED_LIMIT,TRAFFIC_CONTROL_DEVICE,DEVICE_CONDITION,WEATHER_CONDITION,LIGHTING_CONDITION,FIRST_CRASH_TYPE,TRAFFICWAY_TYPE,LANE_CNT,ALIGNMENT,ROADWAY_SURFACE_COND,ROAD_DEFECT,CRASH_TYPE,INTERSECTION_RELATED_I,NOT_RIGHT_OF_WAY_I,HIT_AND_RUN_I,PRIM_CONTRIBUTORY_CAUSE,SEC_CONTRIBUTORY_CAUSE,SEX,AGE,BAC_RESULT VALUE
0,200,30,200,200,0,1,7,5,2,0,0,0,1,200,200,1,0,200,0,200,200
0,200,30,200,200,0,1,7,5,2,0,0,0,1,200,200,1,0,200,0,53,200
0,200,30,0,0,0,1,5,6,4,0,0,3,0,200,200,200,28,28,1,36,200
1,200,30,0,0,0,1,5,6,4,0,0,3,0,200,200,200,28,28,1,200,200
0,200,30,0,0,0,1,14,5,4,2,0,2,0,200,200,200,23,16,0,23,200
0,200,30,0,0,0,1,14,5,4,2,0,2,0,200,200,200,23,16,1,31,200
0,200,15,0,0,0,1,7,5,200,0,0,0,0,200,200,200,0,200,0,52,200
0,200,30,1,2,0,1,12,2,4,0,0,200,1,1,200,200,21,200,0,36,200
0,200,30,1,2,0,1,12,2,4,0,0,200,1,1,200,200,21,200,1,31,200
1,200,30,1,2,0,1,12,2,4,0,0,200,1,1,200,200,21,200,1,28,200
0,200,30,0,0,1,1,0,6,200,0,0,0,1,1,200,200,33,17,1,49,200
0,200,30,0,0,1,1,0,6,200,0,0,0,1,1,200,200,33,17,0,0,200
0,200,30,1,2,0,1,10,5,2,0,0,0,0,1,200,200,18,18,0,26,200
0,200,30,1,2,0,1,10,5,2,0,0,0,0,1,200,200,18,18,1,25,200
0,200,30,0,0,0,1,14,2,200,0,0,0,0,200,200,200,17,17,0,36,200
0,200,30,0,0,0,1,14,2,200,0,0,0,0,200,200,200,17,17,0,51,200
0,200,15,0,0,0,1,7,7,1,0,0,0,0,200,1,200,0,0,1,73,200
1,200,15,0,0,0,1,7,7,1,0,0,0,0,200,1,200,0,0,1,67,200
0,1,30,0,0,1,1,7,5,1,0,0,0,0,200,200,200,0,0,0,33,200
0,1,15,0,0,200,200,7,5,200,0,200,0,0,200,200,1,0,200,2,200,200
0,200,30,0,0,0,1,7,6,200,0,0,0,0,200,200,200,7,7,2,200,200
1,200,30,0,0,0,1,7,6,200,0,0,0,0,200,200,200,7,7,1,62,200
0,200,30,1,2,0,1,12,6,200,0,0,0,0,200,200,1,0,200,0,200,200
0,200,30,1,2,0,1,12,6,200,0,0,0,0,200,200,1,0,200,0,44,200
0,200,30,2,2,0,1,7,6,1,0,0,0,0,200,200,1,0,200,2,200,200
0,200,30,0,0,0,1,10,5,200,0,0,0,0,200,200,200,18,200,1,41,200
0,200,30,0,0,0,1,10,5,200,0,0,0,0,200,200,200,18,200,0,48,200
0,200,30,0,0,0,1,2,3,200,0,0,0,0,200,200,1,17,17,2,200,200
0,200,25,0,0,200,200,7,6,1,0,200,200,0,200,200,200,20,20,0,59,200
0,200,30,0,0,0,1,12,5,200,0,0,0,0,200,200,200,22,0,0,68,200
0,200,30,0,0,0,1,12,5,200,0,0,0,0,200,200,200,22,0,0,33,200
0,200,30,1,2,0,1,10,5,4,0,0,0,0,1,200,200,0,0,0,28,200
0,200,30,1,2,0,1,10,5,4,0,0,0,0,1,200,200,0,0,0,55,200
0,200,30,1,2,0,1,12,3,4,0,0,0,0,200,200,200,21,0,0,52,200
0,200,30,1,2,0,1,12,3,4,0,0,0,0,200,200,200,21,0,0,52,200
1,200,30,1,2,0,1,12,3,4,0,0,0,0,200,200,200,21,0,0,19,200
1,200,30,1,2,0,1,12,3,4,0,0,0,0,200,200,200,21,0,1,51,200
0,200,30,2,2,0,1,14,5,4,0,0,0,1,1,200,200,17,200,0,23,200
0,200,30,2,2,0,1,14,5,4,0,0,0,1,1,200,200,17,200,0,54,200
0,200,30,1,2,0,1,10,5,200,0,0,0,0,1,200,200,0,0,0,200,200
0,200,30,1,2,0,1,10,5,200,0,0,0,0,1,200,200,0,0,0,70,200
0,200,35,1,2,0,1,7,6,200,0,0,0,1,200,200,200,16,0,0,26,200
0,200,35,1,2,0,1,7,6,200,0,0,0,1,200,200,200,16,0,0,31,200
1,200,35,1,2,0,1,7,6,200,0,0,0,1,200,200,200,16,0,0,34,200
1,200,35,1,2,0,1,7,6,200,0,0,0,1,200,200,200,16,0,1,34,200
1,200,35,1,2,0,1,7,6,200,0,0,0,1,200,200,200,16,0,1,42,200
0,200,10,0,0,0,1,7,0,1,0,0,200,0,200,200,1,11,200,0,200,200
0,200,30,0,0,0,1,12,5,2,0,0,0,0,200,200,200,22,200,0,44,200
0,200,30,0,0,0,1,12,5,2,0,0,0,0,200,200,200,22,200,1,69,200
0,1,30,200,200,200,200,7,5,200,0,12,200,0,1,200,1,200,200,2,200,200
0,200,10,0,0,1,1,0,0,200,0,0,0,0,200,200,200,0,0,0,19,200
0,200,10,0,0,1,1,0,0,200,0,0,0,0,200,200,200,0,0,1,57,200
1,200,10,0,0,1,1,0,0,200,0,0,0,0,200,200,200,0,0,0,28,200
1,200,10,0,0,1,1,0,0,200,0,0,0,0,200,200,200,0,0,0,19,200
0,200,20,0,0,0,1,12,5,2,0,0,0,0,200,200,200,0,0,0,49,200
0,200,20,0,0,0,1,12,5,2,0,0,0,0,200,200,200,0,0,0,64,200
1,200,20,0,0,0,1,12,5,2,0,0,0,0,200,200,200,0,0,1,200,200
0,200,30,1,2,0,1,7,2,2,0,0,0,0,200,200,200,18,200,0,19,200
0,200,30,0,0,0,1,14,2,2,0,0,0,0,200,200,200,0,200,0,19,200
0,200,30,0,0,0,1,14,2,2,0,0,0,0,200,200,200,0,200,1,59,200
1,200,30,0,0,0,1,14,2,2,0,0,0,0,200,200,200,0,200,0,200,200
0,200,30,1,2,1,1,10,6,3,0,0,0,1,1,200,1,16,16,0,200,200
0,200,30,1,2,1,1,10,6,3,0,0,0,1,1,200,1,16,16,0,51,200
1,200,30,1,2,1,1,10,6,3,0,0,0,1,1,200,1,16,16,1,26,200
0,200,30,0,0,0,1,4,5,2,0,0,0,1,1,200,200,0,0,1,43,200
2,200,30,0,0,0,1,4,5,2,0,0,0,1,1,200,200,0,0,200,200,200
0,200,30,1,2,0,1,9,5,2,0,0,0,1,1,200,200,20,200,1,49,200
5,200,30,1,2,0,1,9,5,2,0,0,0,1,1,200,200,20,200,0,1,200
0,200,5,0,0,0,1,14,7,200,0,0,0,0,200,200,200,0,0,1,43,200
0,200,5,0,0,0,1,14,7,200,0,0,0,0,200,200,200,0,0,1,0,200
0,200,30,0,0,0,1,0,6,1,0,0,0,0,200,200,200,17,0,0,47,200
0,200,30,0,0,0,1,0,6,1,0,0,0,0,200,200,200,17,0,1,45,200
0,200,20,0,0,0,200,7,5,200,0,0,0,0,200,200,1,20,200,2,200,200
0,200,30,0,0,0,1,7,5,2,0,0,0,0,200,200,1,17,17,0,200,200
0,200,30,0,0,0,1,10,2,2,0,0,0,0,200,200,200,18,200,1,35,200
0,200,30,0,0,0,1,10,2,2,0,0,0,0,200,200,200,18,200,1,45,200
0,200,25,2,2,0,1,12,6,1,0,0,0,0,200,200,1,0,0,1,200,200
0,200,25,2,2,0,1,12,6,1,0,0,0,0,200,200,1,0,0,0,43,200
0,200,10,0,0,0,1,7,7,0,0,0,0,0,200,1,200,0,0,2,200,200
0,200,30,0,0,200,1,7,2,200,0,200,0,0,200,200,1,0,0,2,200,200
0,200,30,1,3,0,1,14,3,6,0,0,0,0,1,200,200,0,200,1,200,200
0,200,30,1,3,0,1,14,3,6,0,0,0,0,1,200,200,0,200,1,55,200
0,200,30,1,3,0,1,14,3,6,0,0,0,0,1,200,200,0,200,1,200,200
1,200,30,1,3,0,1,14,3,6,0,0,0,0,1,200,200,0,200,1,200,200
1,200,30,1,3,0,1,14,3,6,0,0,0,0,1,200,200,0,200,0,59,200
0,1,30,0,0,0,1,7,2,200,0,0,0,0,200,200,1,0,0,2,200,200
0,200,25,0,0,0,1,7,2,2,0,0,0,0,200,200,200,22,11,1,31,200
0,200,15,0,0,0,1,7,7,200,0,0,200,0,200,200,200,0,0,2,200,200
0,200,30,9,2,0,1,12,1,200,0,0,0,0,200,200,200,22,29,1,30,200
0,200,30,9,2,0,1,12,1,200,0,0,0,0,200,200,200,22,29,0,42,200
0,200,30,1,2,0,1,10,3,200,0,0,0,0,200,200,200,16,21,1,0,200
0,200,30,1,2,0,1,10,3,200,0,0,0,0,200,200,200,16,21,0,53,200
1,200,30,1,2,0,1,10,3,200,0,0,0,0,200,200,200,16,21,1,4,200
0,200,30,0,0,0,1,14,5,2,0,0,0,0,200,200,200,0,0,1,200,200
0,200,30,0,0,0,1,14,5,2,0,0,0,0,200,200,200,0,0,0,27,200
0,200,30,0,0,0,1,14,5,2,0,0,0,0,200,200,200,0,0,0,200,200
1,200,30,0,0,0,1,14,5,2,0,0,0,0,200,200,200,0,0,0,200,200
0,200,30,3,2,0,1,7,2,2,0,0,0,0,200,200,1,0,200,2,200,200
0,200,30,4,2,0,1,10,5,2,0,0,0,0,200,200,200,7,0,0,29,200
0,200,30,4,2,0,1,10,5,2,0,0,0,0,200,200,200,7,0,0,23,200
0,200,30,4,2,0,1,10,5,2,0,0,0,0,200,200,200,7,0,1,33,200
0,200,30,0,0,0,3,7,5,2,0,0,0,0,200,200,200,21,200,0,200,200
0,200,30,1,2,0,1,9,6,2,0,0,0,1,1,200,1,20,200,0,200,200
5,200,30,1,2,0,1,9,6,2,0,0,0,1,1,200,1,20,200,0,40,200
0,200,30,1,2,0,1,10,3,4,0,0,0,0,200,200,200,200,0,1,31,200
0,200,30,1,2,0,1,10,3,4,0,0,0,0,200,200,200,200,0,0,200,200
0,200,30,0,0,0,1,12,6,200,0,0,0,0,200,200,200,17,200,0,25,200
0,200,30,0,0,0,1,12,6,200,0,0,0,0,200,200,200,17,200,0,25,200
0,200,30,3,2,0,1,12,2,4,0,0,0,0,200,200,200,22,4,1,23,200
0,200,30,3,2,0,1,12,2,4,0,0,0,0,200,200,200,22,4,0,66,200
4,200,30,0,0,0,1,8,2,4,0,0,0,1,200,200,200,10,0,0,48,200
0,200,30,0,0,0,1,8,2,4,0,0,0,1,200,200,200,10,0,0,74,200
1,200,30,0,0,0,1,8,2,4,0,0,0,1,200,200,200,10,0,0,23,200
0,200,1,0,0,0,1,14,5,200,0,0,0,0,200,200,200,0,200,0,35,200
0,200,1,0,0,0,1,14,5,200,0,0,0,0,200,200,200,0,200,0,25,200
0,200,30,0,0,0,1,7,6,200,0,0,0,0,200,200,200,0,0,1,30,200
0,200,15,0,0,0,1,7,7,200,0,0,0,0,200,200,1,18,200,2,200,200
0,200,0,0,0,1,1,14,6,1,0,0,0,0,200,200,200,17,200,0,29,200
0,200,0,0,0,1,1,14,6,1,0,0,0,0,200,200,200,17,200,1,35,200
1,200,0,0,0,1,1,14,6,1,0,0,0,0,200,200,200,17,200,1,25,200
0,200,25,2,2,0,1,0,5,200,0,0,0,1,1,200,200,17,16,1,35,200
0,200,25,2,2,0,1,0,5,200,0,0,0,1,1,200,200,17,16,0,66,200
0,200,30,0,0,0,1,5,7,200,0,0,0,0,200,200,200,0,0,0,200,200
0,200,30,0,0,0,1,5,7,200,0,0,0,0,200,200,200,0,0,1,65,200
0,200,30,0,0,0,1,7,6,1,0,0,0,0,200,200,1,0,0,1,200,200
1,200,30,0,0,0,1,7,6,1,0,0,0,0,200,200,1,0,0,2,0,200
1,200,30,0,0,0,1,7,6,1,0,0,0,0,200,200,1,0,0,1,66,200
0,200,35,1,2,0,1,12,5,4,0,0,0,0,200,200,200,0,0,0,56,200
0,200,35,1,2,0,1,12,5,4,0,0,0,0,200,200,200,0,0,0,34,200
0,200,30,1,2,0,1,10,2,200,0,0,0,0,200,200,200,0,200,1,33,200
0,200,30,1,2,0,1,10,2,200,0,0,0,0,200,200,200,0,200,0,41,200
0,200,30,0,0,0,4,12,5,200,0,0,0,1,200,200,1,22,16,2,200,200
0,200,30,0,0,0,4,12,5,200,0,0,0,1,200,200,1,22,16,0,47,200
1,200,30,0,0,0,4,12,5,200,0,0,0,1,200,200,1,22,16,1,200,200
5,200,30,0,0,0,1,9,5,4,0,0,0,0,200,200,200,200,200,0,19,200
0,200,30,0,0,0,1,9,5,4,0,0,0,0,200,200,200,200,200,0,59,200
0,200,30,0,0,0,1,12,6,3,0,0,0,0,200,200,1,22,200,0,200,200
0,200,30,0,0,0,1,12,6,3,0,0,0,0,200,200,1,22,200,0,58,200
0,200,15,0,0,0,1,10,5,200,0,0,0,0,200,200,200,0,200,1,0,200
0,200,15,0,0,0,1,10,5,200,0,0,0,0,200,200,200,0,200,0,57,200
0,200,35,0,0,0,1,10,2,2,0,0,0,0,200,200,200,18,16,1,30,200
0,200,35,0,0,0,1,10,2,2,0,0,0,0,200,200,200,18,16,0,43,200
0,200,30,0,0,0,3,7,5,200,0,0,0,0,200,200,200,16,200,0,200,200
1,200,30,0,0,0,3,7,5,200,0,0,0,0,200,200,200,16,200,0,200,200
1,200,30,0,0,0,3,7,5,200,0,0,0,0,200,200,200,16,200,1,200,200
0,200,25,0,0,0,1,7,6,3,0,0,0,0,200,200,200,200,0,0,28,200
0,200,30,0,0,0,1,14,2,200,0,0,0,0,200,200,200,5,5,1,29,200
0,200,30,0,0,0,1,14,2,200,0,0,0,0,200,200,200,5,5,0,51,200
0,200,30,1,2,0,1,9,5,4,0,0,0,1,200,200,200,17,200,0,57,200
5,200,30,1,2,0,1,9,5,4,0,0,0,1,200,200,200,17,200,0,20,200
0,200,30,9,2,0,1,0,2,200,0,0,0,0,200,200,200,0,0,1,63,200
0,200,30,9,2,0,1,0,2,200,0,0,0,0,200,200,200,0,0,0,79,200
0,200,30,1,2,0,1,12,6,2,0,0,0,1,200,200,200,17,17,1,27,200
0,200,30,1,2,0,1,12,6,2,0,0,0,1,200,200,200,17,17,0,32,200
1,200,30,1,2,0,1,12,6,2,0,0,0,1,200,200,200,17,17,0,30,200
0,200,45,1,2,0,3,12,200,200,0,0,0,0,200,200,200,0,200,0,54,200
0,200,45,1,2,0,3,12,200,200,0,0,0,0,200,200,200,0,200,1,25,200
0,200,30,0,0,0,1,0,5,200,0,0,0,0,200,200,200,0,0,0,48,200
0,200,30,0,0,0,1,0,5,200,0,0,0,0,200,200,200,0,0,0,37,200
0,200,30,2,0,0,1,14,5,2,0,0,0,0,200,200,200,17,200,0,51,200
0,200,30,2,0,0,1,14,5,2,0,0,0,0,200,200,200,17,200,1,29,200
0,200,30,1,2,0,1,14,5,200,0,0,0,0,1,200,1,18,200,2,200,200
0,200,30,1,2,0,1,14,5,200,0,0,0,0,1,200,1,18,200,0,43,200
0,200,30,1,2,0,1,12,5,200,0,0,0,0,200,200,1,0,200,2,200,200
0,200,30,1,2,0,1,12,5,200,0,0,0,0,200,200,1,0,200,1,67,200
0,200,20,2,2,0,1,14,6,1,0,0,0,1,1,200,1,23,22,2,200,200
0,200,20,2,2,0,1,14,6,1,0,0,0,1,1,200,1,23,22,1,54,200
0,200,25,0,0,0,1,12,5,2,0,0,0,0,200,200,200,17,200,0,24,200
0,200,25,0,0,0,1,12,5,2,0,0,0,0,200,200,200,17,200,0,23,200
0,200,15,4,0,0,1,2,7,200,0,0,200,0,200,1,200,0,200,0,200,200
0,200,30,0,0,0,1,14,5,200,0,0,200,0,200,200,200,23,23,0,53,200
0,200,30,0,0,0,1,14,5,200,0,0,200,0,200,200,200,23,23,1,27,200
0,200,30,1,2,0,1,10,5,2,0,0,0,0,200,200,200,0,200,1,20,200
0,200,30,1,2,0,1,10,5,2,0,0,0,0,200,200,200,0,200,1,46,200
0,200,30,0,0,0,1,12,5,2,0,0,200,0,200,200,1,0,0,2,200,200
0,200,30,0,0,0,1,12,5,2,0,0,200,0,200,200,1,0,0,1,57,200
0,200,35,1,2,1,1,5,2,200,0,0,0,0,200,200,200,18,200,0,20,200
0,200,35,1,2,1,1,5,2,200,0,0,0,0,200,200,200,18,200,1,71,200
1,200,35,1,2,1,1,5,2,200,0,0,0,0,200,200,200,18,200,1,20,200
0,200,30,200,2,0,1,7,5,2,0,0,0,0,200,200,200,22,22,0,30,200
0,200,30,0,0,0,4,14,5,200,0,0,0,0,200,200,200,200,200,1,200,200
0,200,30,0,0,0,4,14,5,200,0,0,0,0,200,200,200,200,200,0,26,200
1,200,30,0,0,0,4,14,5,200,0,0,0,0,200,200,200,200,200,0,200,200
0,200,30,0,0,0,1,2,5,4,0,0,12,0,200,200,200,0,0,0,59,200
0,200,30,0,0,0,1,10,5,200,0,0,0,0,200,200,200,200,200,0,200,200
0,200,30,0,0,0,1,10,5,200,0,0,0,0,200,200,200,200,200,0,200,200
0,200,30,0,0,0,1,2,5,2,0,0,0,1,200,200,200,13,0,0,34,200
1,200,30,0,0,0,1,2,5,2,0,0,0,1,200,200,200,13,0,1,32,200
0,1,30,200,200,200,200,0,5,200,0,200,200,0,200,200,200,0,0,0,27,200
0,1,30,200,200,200,200,0,5,200,0,200,200,0,200,200,200,0,0,2,200,200
0,0,30,0,0,0,1,10,2,4,0,0,0,0,200,200,200,0,0,0,33,200
0,0,30,0,0,0,1,10,2,4,0,0,0,0,200,200,200,0,0,1,63,200
0,200,30,0,0,0,1,12,5,2,0,0,0,0,200,200,200,21,0,0,58,200
0,200,30,0,0,0,1,12,5,2,0,0,0,0,200,200,200,21,0,0,66,200
0,200,30,1,2,0,1,12,2,4,0,0,0,0,200,200,200,16,0,1,26,200
0,200,30,1,2,0,1,12,2,4,0,0,0,0,200,200,200,16,0,1,60,200
0,200,30,4,2,0,1,10,3,200,0,0,0,1,200,200,200,18,18,1,27,200
0,200,30,4,2,0,1,10,3,200,0,0,0,1,200,200,200,18,18,1,56,200
0,200,30,4,2,0,1,10,3,200,0,0,0,1,200,200,200,18,18,0,75,200
1,200,30,4,2,0,1,10,3,200,0,0,0,1,200,200,200,18,18,0,4,200
0,200,35,0,0,0,1,12,5,200,0,0,0,0,200,200,1,22,0,0,200,200
0,200,35,0,0,0,1,12,5,200,0,0,0,0,200,200,1,22,0,0,53,200
1,200,35,0,0,0,1,12,5,200,0,0,0,0,200,200,1,22,0,1,19,200
1,200,35,0,0,0,1,12,5,200,0,0,0,0,200,200,1,22,0,1,52,200
0,200,30,1,2,0,1,10,12,4,0,0,0,0,200,200,200,18,11,0,57,200
0,200,30,1,2,0,1,10,12,4,0,0,0,0,200,200,200,18,11,1,37,200
1,200,30,1,2,0,1,10,12,4,0,0,0,0,200,200,200,18,11,1,33,200
0,200,30,0,0,0,1,12,6,2,0,0,0,0,200,200,200,22,200,0,50,200
0,200,30,0,0,0,1,12,6,2,0,0,0,0,200,200,200,22,200,0,34,200
0,200,40,12,2,0,1,10,3,10,2,0,0,1,200,200,200,0,0,1,27,200
0,200,40,12,2,0,1,10,3,10,2,0,0,1,200,200,200,0,0,1,67,200
0,200,40,12,2,0,1,10,3,10,2,0,0,1,200,200,200,0,0,1,28,200
0,200,0,2,2,0,1,14,7,1,0,0,0,0,200,200,200,11,11,1,18,200
0,200,0,2,2,0,1,14,7,1,0,0,0,0,200,200,200,11,11,1,70,200
1,200,0,2,2,0,1,14,7,1,0,0,0,0,200,200,200,11,11,0,20,200
0,200,30,1,2,0,1,14,6,3,0,0,0,0,1,200,200,22,200,1,28,200
0,200,30,1,2,0,1,14,6,3,0,0,0,0,1,200,200,22,200,0,61,200
0,200,30,1,2,2,1,12,2,4,0,0,0,0,200,200,200,0,200,2,63,200
0,200,30,1,2,2,1,12,2,4,0,0,0,0,200,200,200,0,200,0,60,200
0,200,25,0,0,0,1,12,5,2,0,0,0,1,200,200,200,17,200,0,52,200
0,200,25,0,0,0,1,12,5,2,0,0,0,1,200,200,200,17,200,0,28,200
1,200,25,0,0,0,1,12,5,2,0,0,0,1,200,200,200,17,200,0,51,200
0,200,30,0,0,0,1,10,5,2,0,0,200,0,200,200,200,0,0,0,59,200
0,200,30,0,0,0,1,10,5,2,0,0,200,0,200,200,200,0,0,1,50,200
0,200,0,1,2,0,1,10,12,0,0,0,0,1,200,200,1,0,0,2,200,200
0,200,0,1,2,0,1,10,12,0,0,0,0,1,200,200,1,0,0,0,40,200
0,200,30,0,0,0,1,12,5,2,0,0,0,0,200,200,200,17,200,1,30,200
0,200,30,0,0,0,1,12,5,2,0,0,0,0,200,200,200,17,200,1,37,200
1,200,30,0,0,0,1,12,5,2,0,0,0,0,200,200,200,17,200,0,8,200
1,200,30,0,0,0,1,12,5,2,0,0,0,0,200,200,200,17,200,1,5,200
0,200,30,0,0,0,1,10,5,2,0,0,0,0,200,200,1,16,18,1,200,200
0,200,30,0,0,0,1,10,5,2,0,0,0,0,200,200,1,16,18,0,55,200
0,200,30,1,2,0,1,14,2,4,0,0,0,1,200,200,1,17,23,0,200,200
0,200,30,1,2,0,1,14,2,4,0,0,0,1,200,200,1,17,23,1,28,200
1,200,30,1,2,0,1,14,2,4,0,0,0,1,200,200,1,17,23,0,200,200
0,200,30,2,2,0,1,10,5,200,0,0,0,0,200,200,200,0,200,0,52,200
0,200,30,2,2,0,1,10,5,200,0,0,0,0,200,200,200,0,200,1,34,200
0,200,30,1,2,0,1,10,5,4,0,0,200,0,200,200,200,18,0,1,36,200
0,200,30,1,2,0,1,10,5,4,0,0,200,0,200,200,200,18,0,0,54,200
0,200,30,1,2,0,1,14,6,4,0,0,0,0,1,200,200,23,200,0,31,200
0,200,30,1,2,0,1,14,6,4,0,0,0,0,1,200,200,23,200,0,48,200
0,200,30,1,2,0,1,14,1,200,0,0,1,0,1,200,200,0,200,1,35,200
0,200,30,1,2,0,1,14,1,200,0,0,1,0,1,200,200,0,200,1,39,200
1,200,30,1,2,0,1,14,1,200,0,0,1,0,1,200,200,0,200,0,30,200
0,200,30,1,2,1,1,10,2,2,0,0,0,0,1,200,200,18,0,1,45,200
0,200,30,1,2,1,1,10,2,2,0,0,0,0,1,200,200,18,0,1,45,200
1,200,30,1,2,1,1,10,2,2,0,0,0,0,1,200,200,18,0,1,200,200
1,200,30,1,2,1,1,10,2,2,0,0,0,0,1,200,200,18,0,0,200,200
1,200,30,1,2,1,1,10,2,2,0,0,0,0,1,200,200,18,0,200,200,200
1,200,30,1,2,1,1,10,2,2,0,0,0,0,1,200,200,18,0,200,200,200
0,200,30,1,2,0,1,0,6,200,0,0,200,0,200,200,200,6,17,0,200,200
0,200,30,1,2,0,1,0,6,200,0,0,200,0,200,200,200,6,17,1,54,200
1,200,30,1,2,0,1,0,6,200,0,0,200,0,200,200,200,6,17,0,200,200
1,200,30,1,2,0,1,0,6,200,0,0,200,0,200,200,200,6,17,0,200,200
0,200,30,1,2,1,1,0,2,4,0,0,0,1,1,200,200,6,16,0,24,200
0,200,30,1,2,1,1,0,2,4,0,0,0,1,1,200,200,6,16,0,55,200
1,200,30,1,2,1,1,0,2,4,0,0,0,1,1,200,200,6,16,1,24,200
0,200,30,0,0,0,1,14,5,200,0,0,0,0,200,200,200,0,0,0,44,200
0,200,30,0,0,0,1,14,5,200,0,0,0,0,200,200,200,0,0,0,59,200
1,200,30,0,0,0,1,14,5,200,0,0,0,0,200,200,200,0,0,1,200,200
1,200,30,0,0,0,1,14,5,200,0,0,0,0,200,200,200,0,0,0,25,200
0,200,30,1,2,0,1,14,5,200,0,0,0,0,1,200,200,17,200,0,69,200
0,200,30,1,2,0,1,14,5,200,0,0,0,0,1,200,200,17,200,0,38,200
0,200,30,0,0,0,1,7,5,200,0,0,0,0,200,200,1,0,200,0,200,200
0,200,15,0,0,1,1,0,7,200,0,0,12,0,200,1,1,26,20,1,53,200
0,200,15,0,0,1,1,0,7,200,0,0,12,0,200,1,1,26,20,1,57,200
0,1,0,0,0,0,1,7,7,1,0,0,0,0,200,200,200,0,0,2,200,200
0,200,35,1,2,0,1,14,5,200,0,0,200,0,1,200,200,0,0,0,79,200
0,200,35,1,2,0,1,14,5,200,0,0,200,0,1,200,200,0,0,1,34,200
0,200,30,0,0,0,1,10,6,200,0,0,0,0,200,200,1,0,200,2,200,200
0,200,30,0,0,0,1,10,6,200,0,0,0,0,200,200,1,0,200,1,28,200
1,200,30,0,0,0,1,10,6,200,0,0,0,0,200,200,1,0,200,0,200,200
0,200,20,0,0,0,1,7,6,1,0,0,0,0,200,200,200,22,0,1,53,200
1,200,20,0,0,0,1,7,6,1,0,0,0,0,200,200,200,22,0,0,200,200
0,200,30,0,0,0,1,0,2,2,0,0,0,0,200,200,200,22,16,0,19,200
0,200,30,0,0,0,1,0,2,2,0,0,0,0,200,200,200,22,16,1,19,200
0,200,20,0,0,0,1,2,6,1,0,0,0,0,200,200,200,27,27,1,30,200
0,200,5,0,0,0,1,0,7,200,0,0,0,0,200,200,200,20,0,0,200,200
0,200,5,0,0,0,1,0,7,200,0,0,0,0,200,200,200,20,0,1,74,200
1,200,5,0,0,0,1,0,7,200,0,0,0,0,200,200,200,20,0,0,16,200
0,200,30,1,2,0,1,10,2,4,0,0,0,1,200,200,200,18,16,1,26,200
0,200,30,1,2,0,1,10,2,4,0,0,0,1,200,200,200,18,16,1,18,200
0,200,30,0,0,0,1,12,5,200,0,0,0,0,200,200,200,200,200,0,31,200
0,200,30,0,0,0,1,12,5,200,0,0,0,0,200,200,200,200,200,1,33,200
1,200,30,0,0,0,1,12,5,200,0,0,0,0,200,200,200,200,200,0,200,200
1,200,30,0,0,0,1,12,5,200,0,0,0,0,200,200,200,200,200,0,200,200
1,200,30,0,0,0,1,12,5,200,0,0,0,0,200,200,200,200,200,0,200,200
0,200,30,0,0,0,1,11,2,200,0,0,0,0,200,200,200,200,200,0,200,200
0,200,30,0,0,0,1,11,2,200,0,0,0,0,200,200,200,200,200,0,200,200
0,200,20,0,0,0,1,0,0,1,0,0,200,0,200,200,200,17,0,0,24,200
0,200,20,0,0,0,1,0,0,1,0,0,200,0,200,200,200,17,0,0,33,200
1,200,20,0,0,0,1,0,0,1,0,0,200,0,200,200,200,17,0,1,23,200
0,200,35,0,0,0,1,2,12,2,0,0,0,0,200,200,200,200,200,1,20,200
0,1,35,1,2,0,1,10,2,2,0,0,0,0,200,200,200,18,16,0,44,200
0,1,35,1,2,0,1,10,2,2,0,0,0,0,200,200,200,18,16,1,41,200
0,200,30,0,0,0,1,14,2,2,0,0,0,1,0,200,200,17,16,0,28,200
0,200,30,0,0,0,1,14,2,2,0,0,0,1,0,200,200,17,16,0,27,200
0,200,30,0,0,0,1,0,2,2,0,0,200,0,200,200,200,0,200,0,200,200
0,200,30,0,0,0,1,0,2,2,0,0,200,0,200,200,200,0,200,0,23,200
0,200,30,1,2,0,1,12,5,2,0,0,0,0,200,200,1,0,200,0,200,200
0,200,30,1,2,0,1,12,5,2,0,0,0,0,200,200,1,0,200,0,39,200
1,200,30,1,2,0,1,12,5,2,0,0,0,0,200,200,1,0,200,0,200,200
1,200,30,1,2,0,1,12,5,2,0,0,0,0,200,200,1,0,200,0,35,200
0,200,30,0,0,0,1,12,5,200,0,0,0,0,200,200,200,17,17,0,27,200
0,200,30,0,0,0,1,12,5,200,0,0,0,0,200,200,200,17,17,0,60,200
0,200,30,1,2,0,1,14,5,2,0,0,0,0,1,200,200,17,16,0,200,200
0,200,30,1,2,0,1,14,5,2,0,0,0,0,1,200,200,17,16,1,200,200
1,200,30,1,2,0,1,14,5,2,0,0,0,0,1,200,200,17,16,0,200,200
0,200,30,0,0,0,4,10,5,200,0,0,0,0,200,200,200,200,200,1,26,200
0,200,30,0,0,0,4,10,5,200,0,0,0,0,200,200,200,200,200,1,66,200