PERSON_TYPE,CRASH_DATE_EST_I,POSTED_SPEED_LIMIT,TRAFFIC_CONTROL_DEVICE,DEVICE_CONDITION,WEATHER_CONDITION,LIGHTING_CONDITION,FIRST_CRASH_TYPE,TRAFFICWAY_TYPE,LANE_CNT,ALIGNMENT,ROADWAY_SURFACE_COND,ROAD_DEFECT,CRASH_TYPE,INTERSECTION_RELATED_I,NOT_RIGHT_OF_WAY_I,HIT_AND_RUN_I,PRIM_CONTRIBUTORY_CAUSE,SEC_CONTRIBUTORY_CAUSE,SEX,AGE,BAC_RESULT VALUE
3,200,35,1,2,200,200,5,2,200,0,200,200,0,1,200,0,23,200,0,200,200
0,200,35,1,2,200,200,5,2,200,0,200,200,0,1,200,0,23,200,1,56,200
1,200,35,1,2,200,200,5,2,200,0,200,200,0,1,200,0,23,200,0,200,200
1,200,35,1,2,200,200,5,2,200,0,200,200,0,1,200,0,23,200,1,200,200
0,200,30,1,2,0,1,10,2,200,0,0,0,0,1,200,200,0,0,0,53,200
0,200,30,1,2,0,1,10,2,200,0,0,0,0,1,200,200,0,0,1,41,200
1,200,30,1,2,0,1,10,2,200,0,0,0,0,1,200,200,0,0,1,25,200
1,200,30,1,2,0,1,10,2,200,0,0,0,0,1,200,200,0,0,1,3,200
0,200,30,0,0,0,1,7,7,1,0,0,0,0,200,200,200,0,0,2,200,200
0,200,30,0,0,0,0,9,2,200,0,0,0,0,200,200,200,20,200,0,200,200
5,200,30,0,0,0,0,9,2,200,0,0,0,0,200,200,200,20,200,0,47,200
0,200,10,0,0,0,1,10,7,200,0,0,0,0,200,200,200,18,0,1,37,200
0,200,10,0,0,0,1,10,7,200,0,0,0,0,200,200,200,18,0,0,53,200
0,200,30,0,0,0,1,10,5,200,0,0,0,0,200,200,200,0,0,1,61,200
0,200,30,0,0,0,1,10,5,200,0,0,0,0,200,200,200,0,0,0,200,200
4,200,30,0,0,0,1,8,2,2,0,0,0,1,200,200,200,0,200,0,28,200
0,200,30,1,2,0,1,14,5,4,0,0,0,0,1,200,200,23,200,1,16,200
0,200,30,1,2,0,1,14,5,4,0,0,0,0,1,200,200,23,200,0,46,200
1,200,30,1,2,0,1,14,5,4,0,0,0,0,1,200,200,23,200,1,47,200
1,200,30,1,2,0,1,14,5,4,0,0,0,0,1,200,200,23,200,1,15,200
0,200,30,1,2,0,1,10,2,4,0,0,0,0,1,200,200,0,200,1,61,200
0,200,30,1,2,0,1,10,2,4,0,0,0,0,1,200,200,0,200,0,68,200
0,200,30,1,2,0,1,12,2,4,0,0,0,0,200,200,200,16,11,1,58,200
0,200,30,1,2,0,1,12,2,4,0,0,0,0,200,200,200,16,11,0,33,200
0,200,30,0,0,0,1,3,5,2,0,0,0,0,200,200,200,20,200,1,68,200
0,200,30,0,0,0,1,3,5,2,0,0,0,0,200,200,200,20,200,0,57,200
0,200,30,0,0,0,1,12,5,4,0,0,0,0,200,200,200,21,0,1,64,200
0,200,30,0,0,0,1,12,5,4,0,0,0,0,200,200,200,21,0,0,16,200
0,200,30,1,2,0,1,14,2,200,0,0,0,0,1,200,200,21,22,0,40,200
0,200,30,1,2,0,1,14,2,200,0,0,0,0,1,200,200,21,22,1,40,200
0,200,30,0,0,0,1,10,5,200,0,0,0,0,200,200,200,0,200,0,60,200
0,200,30,0,0,0,1,10,5,200,0,0,0,0,200,200,200,0,200,1,200,200
0,200,30,1,2,0,1,14,5,2,0,0,0,0,200,200,200,0,0,1,53,200
0,200,30,1,2,0,1,14,5,2,0,0,0,0,200,200,200,0,0,1,30,200
0,200,30,0,0,0,1,10,3,200,0,0,0,1,200,200,200,13,200,1,39,200
0,200,30,0,0,0,1,10,3,200,0,0,0,1,200,200,200,13,200,0,51,200
0,200,30,0,0,0,1,10,3,200,0,0,0,1,200,200,200,13,200,0,26,200
1,200,30,0,0,0,1,10,3,200,0,0,0,1,200,200,200,13,200,1,52,200
0,200,30,0,0,0,1,10,5,200,0,0,0,0,200,200,1,18,18,0,200,200
0,200,30,0,0,0,1,10,5,200,0,0,0,0,200,200,1,18,18,0,52,200
0,200,10,0,0,0,1,7,7,200,0,0,0,0,200,200,1,0,0,2,200,200
0,200,30,1,2,0,1,12,5,200,0,0,0,0,200,200,200,21,200,1,57,200
0,200,30,1,2,0,1,12,5,200,0,0,0,0,200,200,200,21,200,0,66,200
0,200,10,0,0,0,1,0,7,200,0,0,0,0,200,1,1,20,200,0,200,200
0,200,10,0,0,0,1,0,7,200,0,0,0,0,200,1,1,20,200,1,19,200
0,200,30,0,0,0,1,12,5,2,0,0,0,0,200,200,200,17,200,1,52,200
0,200,30,0,0,0,1,12,5,2,0,0,0,0,200,200,200,17,200,1,35,200
0,200,30,1,2,0,1,12,5,2,0,0,0,0,200,200,200,0,0,0,200,200
0,200,30,1,2,0,1,12,5,2,0,0,0,0,200,200,200,0,0,1,52,200
0,200,30,1,2,1,1,14,5,2,0,0,0,1,1,200,200,17,200,1,68,200
0,200,30,1,2,1,1,14,5,2,0,0,0,1,1,200,200,17,200,1,24,200
1,200,30,1,2,1,1,14,5,2,0,0,0,1,1,200,200,17,200,1,66,200
0,200,30,1,2,0,1,10,2,200,1,0,0,0,1,200,1,0,200,1,200,200
0,200,30,1,2,0,1,10,2,200,1,0,0,0,1,200,1,0,200,1,47,200
0,200,30,0,0,0,1,7,5,1,0,0,0,0,200,200,200,20,11,0,37,200
0,200,30,0,0,0,1,0,5,200,0,0,0,1,200,200,200,17,200,0,20,200
0,200,30,0,0,0,1,0,5,200,0,0,0,1,200,200,200,17,200,0,51,200
0,200,0,0,0,0,1,0,0,1,0,0,0,0,200,200,200,17,20,0,37,200
0,200,0,0,0,0,1,0,0,1,0,0,0,0,200,200,200,17,20,0,38,200
0,200,30,0,0,0,1,14,5,200,0,0,0,0,200,200,200,17,200,0,75,200
0,200,30,0,0,0,1,14,5,200,0,0,0,0,200,200,200,17,200,0,53,200
0,200,30,0,0,0,1,7,5,200,0,0,0,0,200,200,200,0,0,0,23,200
0,200,30,0,0,0,1,10,5,200,0,0,0,0,200,200,200,200,200,1,49,200
0,200,30,0,0,0,1,10,5,200,0,0,0,0,200,200,200,200,200,0,61,200
0,1,35,0,0,0,1,7,7,200,0,0,1,0,200,200,200,0,200,2,200,200
0,200,30,0,0,0,1,10,5,200,0,0,0,1,200,200,200,18,200,1,32,200
0,200,30,0,0,0,1,10,5,200,0,0,0,1,200,200,200,18,200,0,53,200
0,200,30,0,0,0,1,10,5,200,0,0,0,1,200,200,200,18,200,0,32,200
0,1,30,0,0,0,2,7,5,200,0,0,0,0,200,200,1,0,200,2,200,200
0,200,30,1,2,0,1,10,5,200,0,0,0,0,1,200,1,18,200,0,200,200
0,200,30,1,2,0,1,10,5,200,0,0,0,0,1,200,1,18,200,0,61,200
1,200,30,1,2,0,1,10,5,200,0,0,0,0,1,200,1,18,200,1,13,200
0,200,30,0,0,0,1,12,5,200,0,0,0,0,200,200,200,0,0,0,200,200
0,200,30,0,0,0,1,12,5,200,0,0,0,0,200,200,200,0,0,1,36,200
0,200,30,0,0,0,1,7,6,200,0,0,0,0,200,200,200,20,0,1,24,200
0,200,30,0,0,0,1,10,5,200,0,0,0,0,200,200,200,200,200,1,200,200
0,200,30,0,0,0,1,10,5,200,0,0,0,0,200,200,200,200,200,0,40,200
1,200,30,0,0,0,1,10,5,200,0,0,0,0,200,200,200,200,200,1,200,200
1,200,30,0,0,0,1,10,5,200,0,0,0,0,200,200,200,200,200,0,200,200
1,200,30,0,0,0,1,10,5,200,0,0,0,0,200,200,200,200,200,1,200,200
0,200,30,2,2,0,1,0,6,1,0,0,0,0,200,200,200,17,0,0,200,200
0,200,30,2,2,0,1,0,6,1,0,0,0,0,200,200,200,17,0,0,43,200
0,1,30,12,12,0,1,7,12,0,0,0,0,0,200,1,1,0,0,0,200,200
0,200,15,0,0,0,1,7,7,200,0,0,0,0,200,200,200,0,0,0,77,200
1,200,15,0,0,0,1,7,7,200,0,0,0,0,200,200,200,0,0,0,25,200
0,200,30,0,0,0,1,14,5,2,0,0,200,0,200,200,200,23,23,1,22,200
0,200,30,0,0,0,1,14,5,2,0,0,200,0,200,200,200,23,23,0,33,200
0,200,10,0,0,0,1,7,7,200,0,0,0,0,200,200,1,0,0,1,53,200
0,200,30,0,0,0,1,14,5,200,0,0,200,0,200,200,200,28,28,0,47,200
0,200,30,0,0,0,1,14,5,200,0,0,200,0,200,200,200,28,28,0,71,200
0,200,30,1,200,0,200,9,2,4,0,0,0,1,1,200,0,16,0,0,47,200
5,200,30,1,200,0,200,9,2,4,0,0,0,1,1,200,0,16,0,1,60,200
0,200,30,0,0,0,1,7,5,1,0,0,0,0,200,200,1,0,200,2,200,200
0,200,30,1,0,0,1,14,5,200,0,0,0,0,200,200,1,18,14,0,200,200
0,200,30,1,0,0,1,14,5,200,0,0,0,0,200,200,1,18,14,0,20,200
0,1,30,0,0,0,1,12,5,200,0,0,0,0,200,200,1,22,200,1,200,200
0,1,30,0,0,0,1,12,5,200,0,0,0,0,200,200,1,22,200,0,26,200
0,200,30,1,2,0,1,12,6,3,0,0,0,0,1,200,200,11,0,0,62,200
0,200,30,1,2,0,1,12,6,3,0,0,0,0,1,200,200,11,0,1,38,200
0,200,10,0,0,0,1,14,7,0,0,0,0,0,200,1,200,0,0,1,48,200
0,200,10,0,0,0,1,14,7,0,0,0,0,0,200,1,200,0,0,1,70,200
0,200,30,0,0,0,1,0,5,200,0,0,0,0,200,200,200,200,200,1,47,200
0,200,30,0,0,0,1,0,5,200,0,0,0,0,200,200,200,200,200,0,23,200
1,200,30,0,0,0,1,0,5,200,0,0,0,0,200,200,200,200,200,1,200,200
0,200,30,2,2,0,1,0,5,2,0,0,0,1,1,200,200,17,200,1,17,200
0,200,30,2,2,0,1,0,5,2,0,0,0,1,1,200,200,17,200,0,54,200
1,200,30,2,2,0,1,0,5,2,0,0,0,1,1,200,200,17,200,1,51,200
0,200,25,0,0,0,1,7,6,200,0,0,0,1,200,200,1,0,200,2,200,200
0,0,30,2,2,0,1,9,6,200,0,0,200,1,1,200,200,0,200,0,42,200
5,0,30,2,2,0,1,9,6,200,0,0,200,1,1,200,200,0,200,1,25,200
0,200,20,0,0,0,1,7,6,1,0,0,200,0,200,200,1,0,0,2,200,200
0,200,25,0,0,0,1,7,6,1,0,0,0,0,200,200,200,0,0,0,66,200
3,200,30,0,0,0,0,2,6,1,0,0,0,0,200,200,200,10,0,200,200,200
0,200,30,0,0,0,0,2,6,1,0,0,0,0,200,200,200,10,0,0,200,200
1,200,30,0,0,0,0,2,6,1,0,0,0,0,200,200,200,10,0,0,32,200
0,200,35,1,200,2,1,12,5,1,0,1,200,0,1,200,1,0,0,2,200,200
0,200,35,1,200,2,1,12,5,1,0,1,200,0,1,200,1,0,0,1,28,200
0,200,30,1,2,0,1,10,5,200,0,0,0,0,200,200,200,0,200,1,21,200
0,200,30,1,2,0,1,10,5,200,0,0,0,0,200,200,200,0,200,0,30,200
1,200,30,1,2,0,1,10,5,200,0,0,0,0,200,200,200,0,200,1,200,200
1,200,30,1,2,0,1,10,5,200,0,0,0,0,200,200,200,0,200,1,200,200
0,200,35,1,2,0,1,10,5,200,0,0,200,0,1,200,200,18,200,0,68,200
0,200,35,1,2,0,1,10,5,200,0,0,200,0,1,200,200,18,200,0,46,200
0,200,30,1,2,0,1,10,5,200,0,1,0,1,1,200,200,0,0,1,37,200
0,200,30,1,2,0,1,10,5,200,0,1,0,1,1,200,200,0,0,1,59,200
1,200,30,1,2,0,1,10,5,200,0,1,0,1,1,200,200,0,0,1,65,200
0,200,10,0,0,2,4,2,12,1,0,1,0,0,200,200,200,0,0,0,36,200
0,200,30,0,0,0,1,12,5,2,0,0,0,0,200,200,200,21,0,1,43,200
0,200,30,0,0,0,1,12,5,2,0,0,0,0,200,200,200,21,0,1,31,200
0,200,30,0,0,0,1,10,6,2,0,0,200,0,200,200,200,20,11,0,47,200
0,200,30,0,0,0,1,10,6,2,0,0,200,0,200,200,200,20,11,0,45,200
1,200,30,0,0,0,1,10,6,2,0,0,200,0,200,200,200,20,11,0,200,200
5,200,30,2,0,2,1,9,5,2,0,1,0,1,1,200,200,0,0,0,6,200
0,200,30,2,0,2,1,9,5,2,0,1,0,1,1,200,200,0,0,1,70,200
0,200,30,0,0,0,1,7,6,1,0,0,0,0,200,200,1,0,0,2,200,200
0,200,30,0,0,0,1,7,5,2,0,0,0,0,200,200,1,8,200,0,200,200
0,200,30,0,0,2,1,14,2,4,0,1,0,1,1,200,200,0,200,0,48,200
0,200,30,0,0,2,1,14,2,4,0,1,0,1,1,200,200,0,200,0,52,200
1,200,30,1,200,200,200,12,5,6,0,200,200,0,1,200,200,22,0,0,200,200
0,200,30,1,200,200,200,12,5,6,0,200,200,0,1,200,200,22,0,0,53,200
0,200,30,1,200,200,200,12,5,6,0,200,200,0,1,200,200,22,0,1,0,200
1,200,30,1,200,200,200,12,5,6,0,200,200,0,1,200,200,22,0,0,200,200
0,200,30,0,0,2,1,7,6,200,0,1,0,0,200,200,1,200,200,2,200,200
0,200,30,0,0,0,1,12,5,2,0,0,0,0,200,200,200,17,11,1,200,200
0,200,30,0,0,0,1,12,5,2,0,0,0,0,200,200,200,17,11,0,21,200
0,200,30,0,0,0,1,14,2,4,0,0,0,0,200,200,200,21,0,0,62,200
0,200,30,0,0,0,1,14,2,4,0,0,0,0,200,200,200,21,0,0,37,200
0,200,30,2,2,0,1,14,5,4,0,0,0,1,200,200,200,0,200,1,39,200
0,200,30,2,2,0,1,14,5,4,0,0,0,1,200,200,200,0,200,1,45,200
1,200,30,2,2,0,1,14,5,4,0,0,0,1,200,200,200,0,200,0,29,200
0,200,30,2,2,0,1,12,2,2,0,0,0,0,1,200,1,22,0,0,200,200
0,200,30,2,2,0,1,12,2,2,0,0,0,0,1,200,1,22,0,1,56,200
1,200,30,2,2,0,1,12,2,2,0,0,0,0,1,200,1,22,0,1,200,200
1,200,30,2,2,0,1,12,2,2,0,0,0,0,1,200,1,22,0,0,0,200
0,200,30,1,2,2,3,10,2,2,0,1,0,0,200,200,1,18,34,0,200,200
0,200,30,1,2,2,3,10,2,2,0,1,0,0,200,200,1,18,34,0,37,200
0,200,30,0,0,0,1,10,2,2,0,0,200,1,200,200,200,18,0,1,27,200
0,200,30,0,0,0,1,10,2,2,0,0,200,1,200,200,200,18,0,0,57,200
0,200,30,1,2,2,4,10,2,2,0,1,0,0,1,200,200,11,0,1,23,200
0,200,30,1,2,2,4,10,2,2,0,1,0,0,1,200,200,11,0,0,32,200
1,200,30,1,2,2,4,10,2,2,0,1,0,0,1,200,200,11,0,200,200,200
1,200,30,1,2,2,4,10,2,2,0,1,0,0,1,200,200,11,0,0,200,200
0,200,30,0,0,2,0,0,5,200,0,1,0,0,1,200,200,200,200,0,62,200
0,200,30,0,0,2,0,0,5,200,0,1,0,0,1,200,200,200,200,1,33,200
1,200,30,0,0,2,0,0,5,200,0,1,0,0,1,200,200,200,200,1,12,200
1,200,30,0,0,2,0,0,5,200,0,1,0,0,1,200,200,200,200,0,200,200
1,200,30,0,0,2,0,0,5,200,0,1,0,0,1,200,200,200,200,0,0,200
4,200,25,0,0,0,1,8,5,200,0,0,0,1,200,200,200,0,0,0,200,200
0,200,30,1,2,2,1,9,3,2,0,1,0,0,200,200,200,17,0,0,54,200
5,200,30,1,2,2,1,9,3,2,0,1,0,0,200,200,200,17,0,1,35,200
0,200,15,2,2,0,3,14,6,1,0,0,0,0,1,200,200,0,200,0,19,200
0,200,15,2,2,0,3,14,6,1,0,0,0,0,1,200,200,0,200,1,36,200
0,200,30,1,2,0,1,12,3,200,0,0,0,0,200,200,1,0,200,1,200,200
0,200,30,1,2,0,1,12,3,200,0,0,0,0,200,200,1,0,200,1,34,200
0,200,25,0,0,0,1,7,4,200,0,0,0,0,200,1,200,20,25,0,200,200
0,200,30,0,0,0,1,10,2,4,0,0,0,0,200,200,200,18,200,0,40,200
0,200,30,0,0,0,1,10,2,4,0,0,0,0,200,200,200,18,200,0,50,200
0,200,30,0,0,2,3,2,5,200,0,1,0,0,200,200,0,0,0,2,200,200
3,200,30,0,0,2,3,2,5,200,0,1,0,0,200,200,0,0,0,1,29,200
0,200,35,1,2,0,1,3,5,2,0,0,0,0,200,200,1,0,0,1,200,200
0,200,35,1,2,0,1,3,5,2,0,0,0,0,200,200,1,0,0,1,58,200
0,200,30,1,2,0,4,10,5,5,0,0,0,0,1,200,1,22,0,0,200,200
0,200,30,1,2,0,4,10,5,5,0,0,0,0,1,200,1,22,0,0,33,200
0,200,35,0,0,0,1,10,6,200,0,0,200,0,200,200,200,18,200,0,200,200
0,200,35,0,0,0,1,10,6,200,0,0,200,0,200,200,200,18,200,0,62,200
0,200,30,1,200,1,4,10,5,4,0,1,200,0,1,200,0,0,200,0,17,200
0,200,30,1,200,1,4,10,5,4,0,1,200,0,1,200,0,0,200,0,32,200
1,200,30,1,200,1,4,10,5,4,0,1,200,0,1,200,0,0,200,1,200,200
1,200,30,1,200,1,4,10,5,4,0,1,200,0,1,200,0,0,200,1,200,200
1,200,30,1,200,1,4,10,5,4,0,1,200,0,1,200,0,0,200,1,200,200
0,200,30,0,0,0,1,7,2,2,0,0,0,0,200,200,1,8,200,1,200,200
1,200,30,0,0,0,1,7,2,2,0,0,0,0,200,200,1,8,200,1,200,200
1,200,30,0,0,0,1,7,2,2,0,0,0,0,200,200,1,8,200,1,200,200
0,200,30,0,0,0,4,7,7,200,0,200,200,0,200,1,200,0,0,0,23,200
1,200,30,0,0,0,4,7,7,200,0,200,200,0,200,1,200,0,0,1,34,200
1,200,30,0,0,0,4,7,7,200,0,200,200,0,200,1,200,0,0,0,14,200
1,200,30,0,0,0,4,7,7,200,0,200,200,0,200,1,200,0,0,1,7,200
1,200,30,0,0,0,4,7,7,200,0,200,200,0,200,1,200,0,0,1,9,200
0,200,30,2,2,0,0,0,5,200,0,1,0,0,1,200,200,0,0,0,40,200
0,200,30,2,2,0,0,0,5,200,0,1,0,0,1,200,200,0,0,0,24,200
0,200,15,0,0,0,1,7,7,200,0,0,0,0,200,200,1,0,0,2,200,200
0,200,30,0,0,2,3,10,5,200,0,1,0,0,200,200,200,0,0,0,46,200
0,200,30,0,0,2,3,10,5,200,0,1,0,0,200,200,200,0,0,0,60,200
1,200,30,0,0,2,3,10,5,200,0,1,0,0,200,200,200,0,0,1,200,200
4,200,30,200,200,2,0,8,5,200,0,1,200,1,200,200,200,0,200,0,43,200
0,200,30,200,200,2,0,8,5,200,0,1,200,1,200,200,200,0,200,1,42,200
0,200,30,0,0,0,1,12,5,200,0,0,0,0,200,200,200,200,200,1,31,200
0,200,30,0,0,0,1,12,5,200,0,0,0,0,200,200,200,200,200,0,38,200
0,200,30,1,2,2,4,14,2,4,0,1,0,0,1,200,200,0,0,0,58,200
0,200,30,1,2,2,4,14,2,4,0,1,0,0,1,200,200,0,0,0,31,200
0,200,30,0,0,0,1,12,6,2,0,0,0,1,200,200,200,0,200,0,45,200
0,200,30,0,0,0,1,12,6,2,0,0,0,1,200,200,200,0,200,0,34,200
0,200,25,0,0,0,1,7,6,1,0,0,0,0,200,200,1,20,0,2,200,200
0,200,30,0,0,0,0,7,7,200,0,0,0,0,200,1,200,0,0,0,38,200
1,200,30,0,0,0,0,7,7,200,0,0,0,0,200,1,200,0,0,0,48,200
0,200,30,0,0,0,0,10,2,4,0,0,0,0,200,200,1,11,0,2,200,200
0,200,30,0,0,0,0,10,2,4,0,0,0,0,200,200,1,11,0,1,32,200
1,200,30,0,0,0,0,10,2,4,0,0,0,0,200,200,1,11,0,0,1,200
0,200,35,2,2,0,3,14,5,200,0,0,0,0,200,200,200,16,17,0,28,200
0,200,35,2,2,0,3,14,5,200,0,0,0,0,200,200,200,16,17,0,62,200
0,200,30,0,0,0,0,12,8,1,0,1,0,0,200,200,1,22,22,2,200,200
0,200,30,0,0,0,0,12,8,1,0,1,0,0,200,200,1,22,22,1,31,200
1,200,30,0,0,0,0,12,8,1,0,1,0,0,200,200,1,22,22,0,12,200
1,200,30,0,0,0,0,12,8,1,0,1,0,0,200,200,1,22,22,1,200,200
0,200,30,0,0,2,3,7,7,200,0,1,0,0,200,1,200,0,0,0,37,200
1,200,30,0,0,2,3,7,7,200,0,1,0,0,200,1,200,0,0,0,200,200
0,200,30,0,0,0,1,7,6,200,0,0,0,0,200,200,200,0,200,2,200,200
0,200,30,0,0,2,3,12,5,2,0,1,0,0,200,200,200,15,34,0,42,200
0,200,30,0,0,2,3,12,5,2,0,1,0,0,200,200,200,15,34,1,50,200
1,200,30,0,0,2,3,12,5,2,0,1,0,0,200,200,200,15,34,1,0,200
0,200,30,0,0,0,4,12,5,200,0,0,0,0,200,200,1,200,200,0,200,200
0,200,30,0,0,0,4,12,5,200,0,0,0,0,200,200,1,200,200,0,35,200
1,200,30,0,0,0,4,12,5,200,0,0,0,0,200,200,1,200,200,1,200,200
0,200,30,2,2,0,4,0,12,0,0,0,0,0,1,200,200,17,11,0,42,200
0,200,30,2,2,0,4,0,12,0,0,0,0,0,1,200,200,17,11,0,26,200
0,200,30,1,2,0,3,12,5,200,0,0,0,0,200,200,1,22,200,2,200,200
0,200,30,1,2,0,3,12,5,200,0,0,0,0,200,200,1,22,200,1,21,200
0,200,30,2,2,0,3,14,2,0,0,0,0,1,1,200,1,5,17,0,200,200
0,200,30,2,2,0,3,14,2,0,0,0,0,1,1,200,1,5,17,0,53,200
0,200,30,2,2,0,3,14,5,2,0,0,200,1,1,200,200,0,0,0,24,200
0,200,30,2,2,0,3,14,5,2,0,0,200,1,1,200,200,0,0,0,18,200
0,200,30,1,2,0,1,12,5,4,0,0,0,0,1,200,200,18,21,0,51,200
0,200,30,1,2,0,1,12,5,4,0,0,0,0,1,200,200,18,21,0,26,200
0,200,30,1,2,0,3,10,3,4,0,0,0,1,1,200,200,7,18,1,73,200
0,200,30,1,2,0,3,10,3,4,0,0,0,1,1,200,200,7,18,1,55,200
0,200,30,1,2,0,3,10,3,4,0,0,0,1,1,200,200,7,18,2,200,200
1,200,30,1,2,0,3,10,3,4,0,0,0,1,1,200,200,7,18,1,55,200
0,200,30,0,0,0,3,7,5,1,0,0,0,1,200,200,200,21,14,0,36,200
0,200,30,1,2,0,1,12,5,3,0,0,200,0,200,200,200,21,200,0,200,200
0,200,30,1,2,0,1,12,5,3,0,0,200,0,200,200,200,21,200,0,34,200
0,200,30,2,2,0,3,10,5,2,0,0,0,0,200,200,1,18,0,0,200,200
0,200,30,2,2,0,3,10,5,2,0,0,0,0,200,200,1,18,0,0,39,200
0,200,30,200,200,200,1,12,2,2,0,0,200,0,200,200,200,11,0,0,61,200
0,200,30,200,200,200,1,12,2,2,0,0,200,0,200,200,200,11,0,1,39,200
5,200,30,0,0,0,0,9,7,0,0,0,200,0,200,200,0,20,0,2,50,200
0,200,30,0,0,0,0,9,7,0,0,0,200,0,200,200,0,20,0,0,200,200
0,200,20,0,0,0,3,7,2,200,0,0,0,0,200,200,1,0,0,0,200,200
0,200,30,3,200,200,1,7,5,2,0,200,200,0,200,200,1,0,200,1,200,200
0,200,30,1,2,0,3,12,2,4,0,0,0,0,1,200,200,21,0,1,57,200
0,200,30,1,2,0,3,12,2,4,0,0,0,0,1,200,200,21,0,0,32,200
0,200,10,0,0,0,0,10,4,200,0,0,0,0,200,200,200,18,200,0,57,200
0,200,10,0,0,0,0,10,4,200,0,0,0,0,200,200,200,18,200,0,30,200
0,200,15,200,200,0,1,7,0,200,0,0,0,0,200,200,200,11,200,0,200,200
0,1,30,1,200,0,3,10,3,8,0,1,200,0,200,200,200,18,0,0,70,200
0,1,30,1,200,0,3,10,3,8,0,1,200,0,200,200,200,18,0,1,52,200
0,200,30,1,2,0,3,2,5,200,0,0,0,1,200,200,200,14,200,0,200,200
0,200,30,1,2,0,0,12,5,200,0,0,0,0,200,200,1,10,200,0,200,200
0,200,30,1,2,0,0,12,5,200,0,0,0,0,200,200,1,10,200,1,19,200
0,200,30,2,200,0,3,12,5,200,3,0,0,1,200,200,1,0,0,0,200,200
0,200,30,2,200,0,3,12,5,200,3,0,0,1,200,200,1,0,0,1,36,200
0,200,30,0,200,0,3,10,2,2,0,0,200,0,200,200,1,18,18,0,24,200
0,200,30,0,200,0,3,10,2,2,0,0,200,0,200,200,1,18,18,2,200,200
0,200,30,0,0,0,3,0,6,200,0,0,0,1,1,200,1,5,16,0,200,200
0,200,30,0,0,0,3,0,6,200,0,0,0,1,1,200,1,5,16,1,36,200
1,200,30,0,0,0,3,0,6,200,0,0,0,1,1,200,1,5,16,2,200,200
1,200,30,0,0,0,3,0,6,200,0,0,0,1,1,200,1,5,16,0,30,200
1,200,30,0,0,0,3,0,6,200,0,0,0,1,1,200,1,5,16,0,33,200
1,200,30,0,0,0,3,0,6,200,0,0,0,1,1,200,1,5,16,1,32,200
0,200,30,0,0,0,3,10,5,200,0,0,0,0,200,200,200,18,18,0,50,200
0,200,30,0,0,0,3,10,5,200,0,0,0,0,200,200,200,18,18,0,41,200
1,200,30,0,0,0,3,10,5,200,0,0,0,0,200,200,200,18,18,0,28,200
0,200,30,1,200,0,3,10,5,2,0,200,200,0,1,200,200,0,200,0,38,200
0,200,30,1,200,0,3,10,5,2,0,200,200,0,1,200,200,0,200,0,46,200
1,200,30,1,200,0,3,10,5,2,0,200,200,0,1,200,200,0,200,0,34,200
0,200,30,0,0,0,3,7,6,200,0,0,200,0,200,200,1,20,200,1,200,200
0,200,30,1,2,0,3,12,5,200,0,0,0,0,200,200,200,22,21,0,33,200
0,200,30,1,2,0,3,12,5,200,0,0,0,0,200,200,200,22,21,0,19,200
0,200,30,0,0,0,3,7,5,200,0,0,0,0,200,200,200,32,27,0,22,200
0,200,30,1,2,0,3,14,5,2,0,0,0,0,1,200,200,18,16,0,19,200
0,200,30,1,2,0,3,14,5,2,0,0,0,0,1,200,200,18,16,0,33,200
0,200,30,2,2,0,3,0,6,1,0,0,0,1,1,200,200,25,15,0,16,200
0,200,30,2,2,0,3,0,6,1,0,0,0,1,1,200,200,25,15,1,56,200
0,200,25,0,0,0,3,7,6,200,0,0,0,0,200,200,1,20,20,2,200,200
0,200,30,1,2,0,3,14,3,3,0,0,0,0,1,200,200,18,18,1,25,200
0,200,30,1,2,0,3,14,3,3,0,0,0,0,1,200,200,18,18,0,24,200
0,200,0,0,0,0,3,7,7,200,2,0,3,0,200,0,1,25,200,1,200,200
0,200,30,2,12,0,3,14,2,4,0,0,0,1,1,200,200,17,17,0,46,200
0,200,30,2,12,0,3,14,2,4,0,0,0,1,1,200,200,17,17,0,63,200
0,200,30,1,2,0,4,10,1,200,0,0,200,1,200,200,200,16,0,1,25,200
0,200,30,1,2,0,4,10,1,200,0,0,200,1,200,200,200,16,0,1,34,200
0,200,30,2,2,0,3,7,5,2,0,0,200,1,200,200,200,5,16,0,200,200
0,200,20,0,0,0,3,7,5,1,0,0,0,1,1,200,200,0,0,0,31,0.13
1,200,20,0,0,0,3,7,5,1,0,0,0,1,1,200,200,0,0,0,200,200
0,200,30,2,2,0,3,10,2,200,0,1,0,0,0,200,200,8,0,0,0,200
0,200,30,2,2,0,3,10,2,200,0,1,0,0,0,200,200,8,0,1,48,200
1,200,30,2,2,0,3,10,2,200,0,1,0,0,0,200,200,8,0,1,20,200
0,200,30,0,0,0,3,2,12,0,0,12,0,0,200,200,200,0,200,0,26,200
1,200,30,0,0,0,3,2,12,0,0,12,0,0,200,200,200,0,200,1,36,200
0,200,30,1,2,0,1,0,3,3,0,0,0,1,1,200,200,17,0,0,200,200
0,200,30,1,2,0,1,0,3,3,0,0,0,1,1,200,200,17,0,0,43,200