PERSON_TYPE,CRASH_DATE_EST_I,POSTED_SPEED_LIMIT,TRAFFIC_CONTROL_DEVICE,DEVICE_CONDITION,WEATHER_CONDITION,LIGHTING_CONDITION,FIRST_CRASH_TYPE,TRAFFICWAY_TYPE,LANE_CNT,ALIGNMENT,ROADWAY_SURFACE_COND,ROAD_DEFECT,CRASH_TYPE,INTERSECTION_RELATED_I,NOT_RIGHT_OF_WAY_I,HIT_AND_RUN_I,PRIM_CONTRIBUTORY_CAUSE,SEC_CONTRIBUTORY_CAUSE,SEX,AGE,BAC_RESULT VALUE
0,200,30,0,0,0,3,0,2,2,0,0,0,0,0,200,1,18,16,0,200,200
0,200,30,0,0,0,3,0,2,2,0,0,0,0,0,200,1,18,16,1,28,200
0,200,30,0,0,0,3,0,2,2,0,0,0,0,0,200,1,18,16,0,44,200
0,200,30,1,2,0,2,12,5,8,0,0,0,0,200,200,1,0,0,2,200,200
0,200,30,1,2,0,2,12,5,8,0,0,0,0,200,200,1,0,0,0,54,200
0,200,30,1,2,0,2,12,5,8,0,0,0,0,200,200,1,0,0,0,49,200
1,200,30,1,2,0,2,12,5,8,0,0,0,0,200,200,1,0,0,1,45,200
0,200,30,1,2,1,4,12,2,8,0,1,0,0,200,200,200,21,23,0,51,200
0,200,30,1,2,1,4,12,2,8,0,1,0,0,200,200,200,21,23,0,49,200
0,200,30,0,0,0,0,12,2,2,0,0,0,0,200,200,200,22,0,2,45,200
0,200,30,0,0,0,0,12,2,2,0,0,0,0,200,200,200,22,0,0,44,200
0,200,30,2,2,0,1,14,1,4,0,0,0,0,1,200,200,17,23,0,30,200
0,200,30,2,2,0,1,14,1,4,0,0,0,0,1,200,200,17,23,0,63,200
1,200,30,2,2,0,1,14,1,4,0,0,0,0,1,200,200,17,23,0,56,200
0,200,40,1,2,0,1,10,3,8,0,0,0,0,200,200,200,11,200,1,30,200
0,200,40,1,2,0,1,10,3,8,0,0,0,0,200,200,200,11,200,0,30,200
0,200,30,1,2,0,1,12,2,4,2,0,0,0,1,200,1,21,200,1,200,200
0,200,30,1,2,0,1,12,2,4,2,0,0,0,1,200,1,21,200,0,44,200
0,200,30,0,0,0,1,0,5,200,0,0,0,0,200,200,1,0,0,2,200,200
0,200,30,0,0,0,1,0,5,200,0,0,0,0,200,200,1,0,0,1,50,200
0,200,30,1,2,0,1,10,5,2,0,0,0,0,200,200,1,2,16,0,200,200
0,200,30,1,2,0,1,10,5,2,0,0,0,0,200,200,1,2,16,1,24,200
1,200,30,1,2,0,1,10,5,2,0,0,0,0,200,200,1,2,16,1,37,200
1,200,30,1,2,0,1,10,5,2,0,0,0,0,200,200,1,2,16,0,16,200
1,200,30,1,2,0,1,10,5,2,0,0,0,0,200,200,1,2,16,1,14,200
1,200,30,1,2,0,1,10,5,2,0,0,0,0,200,200,1,2,16,0,15,200
1,200,30,1,2,0,1,10,5,2,0,0,0,0,200,200,1,2,16,1,13,200
1,200,30,1,2,0,1,10,5,2,0,0,0,0,200,200,1,2,16,0,17,200
1,200,30,1,2,0,1,10,5,2,0,0,0,0,200,200,1,2,16,1,12,200
0,200,30,0,0,0,1,7,5,200,2,0,0,0,200,200,200,0,200,0,66,200
0,200,25,0,0,0,1,12,5,2,0,1,0,1,200,200,200,17,17,0,48,200
0,200,25,0,0,0,1,12,5,2,0,1,0,1,200,200,200,17,17,0,29,200
1,200,25,0,0,0,1,12,5,2,0,1,0,1,200,200,200,17,17,0,26,200
0,200,30,0,0,200,3,7,0,200,0,200,0,0,200,1,1,0,200,2,200,200
0,200,30,0,0,0,1,14,5,200,0,0,0,0,200,200,200,0,0,1,51,200
0,200,30,0,0,0,1,14,5,200,0,0,0,0,200,200,200,0,0,1,200,200
1,200,30,0,0,0,1,14,5,200,0,0,0,0,200,200,200,0,0,0,200,200
0,200,30,0,0,0,1,7,2,2,0,0,200,0,200,200,1,18,16,0,200,200
0,200,30,0,0,0,1,0,2,200,0,0,0,1,1,200,200,17,33,0,50,200
0,200,30,0,0,0,1,0,2,200,0,0,0,1,1,200,200,17,33,1,32,200
1,200,30,0,0,0,1,0,2,200,0,0,0,1,1,200,200,17,33,1,17,200
0,200,30,0,0,0,1,0,5,2,0,0,0,1,200,200,200,20,200,1,31,200
0,200,30,0,0,0,1,0,5,2,0,0,0,1,200,200,200,20,200,0,33,200
0,200,30,0,0,0,1,7,6,1,0,0,0,0,200,200,1,0,0,2,200,200
4,200,30,0,0,0,1,8,5,2,0,0,0,1,1,200,200,17,200,0,24,200
0,200,30,0,0,0,1,8,5,2,0,0,0,1,1,200,200,17,200,1,64,200
0,200,20,1,2,0,1,10,5,200,0,0,0,1,1,200,0,16,16,1,17,200
0,200,20,1,2,0,1,10,5,200,0,0,0,1,1,200,0,16,16,1,37,200
0,200,20,1,2,0,1,10,5,200,0,0,0,1,1,200,0,16,16,1,51,200
1,200,20,1,2,0,1,10,5,200,0,0,0,1,1,200,0,16,16,0,34,200
1,200,20,1,2,0,1,10,5,200,0,0,0,1,1,200,0,16,16,1,40,200
0,200,30,0,0,0,1,14,7,200,3,0,0,0,200,200,200,0,200,0,27,200
0,200,30,0,0,0,1,14,7,200,3,0,0,0,200,200,200,0,200,0,31,200
0,200,20,1,2,0,1,8,6,1,0,0,0,0,1,200,200,17,23,1,61,200
4,200,20,1,2,0,1,8,6,1,0,0,0,0,1,200,200,17,23,0,15,200
1,200,20,1,2,0,1,8,6,1,0,0,0,0,1,200,200,17,23,0,6,200
0,200,30,0,0,0,1,12,2,200,0,0,0,0,200,200,200,17,21,1,51,200
0,200,30,0,0,0,1,12,2,200,0,0,0,0,200,200,200,17,21,0,200,200
0,200,20,0,0,0,1,7,6,200,0,0,0,1,200,200,200,0,0,1,45,200
0,200,30,0,0,0,1,12,2,200,0,0,0,0,200,200,200,22,200,0,23,200
0,200,30,0,0,0,1,12,2,200,0,0,0,0,200,200,200,22,200,1,38,200
0,1,30,0,0,0,1,14,2,4,0,0,0,0,200,200,200,17,0,0,53,200
0,1,30,0,0,0,1,14,2,4,0,0,0,0,200,200,200,17,0,1,49,200
0,200,30,0,0,0,1,10,2,200,0,0,0,0,200,200,200,18,200,1,62,200
0,200,30,0,0,0,1,10,2,200,0,0,0,0,200,200,200,18,200,0,56,200
0,200,30,0,0,0,1,10,2,200,0,0,0,0,200,200,200,18,200,1,54,200
0,200,30,0,0,0,1,0,0,1,0,0,0,1,1,200,200,0,200,1,28,200
0,200,30,0,0,0,1,0,0,1,0,0,0,1,1,200,200,0,200,1,45,200
0,200,30,0,0,1,1,14,2,200,0,0,0,0,200,200,200,0,0,0,35,200
0,200,30,0,0,1,1,14,2,200,0,0,0,0,200,200,200,0,0,0,50,200
1,200,30,0,0,1,1,14,2,200,0,0,0,0,200,200,200,0,0,0,3,200
0,200,30,2,2,0,1,0,5,2,0,0,0,0,1,200,200,200,200,1,20,200
0,200,30,2,2,0,1,0,5,2,0,0,0,0,1,200,200,200,200,0,47,200
0,200,30,0,0,0,1,14,5,200,0,0,0,0,200,200,200,17,0,1,17,200
0,200,30,0,0,0,1,14,5,200,0,0,0,0,200,200,200,17,0,1,22,200
1,200,30,0,0,0,1,14,5,200,0,0,0,0,200,200,200,17,0,1,200,200
0,200,0,0,0,1,1,12,6,1,0,0,0,1,200,200,200,17,200,0,25,200
0,200,0,0,0,1,1,12,6,1,0,0,0,1,200,200,200,17,200,1,29,200
0,200,30,0,0,0,1,12,3,200,0,0,0,1,200,200,1,21,200,0,200,200
0,200,30,0,0,0,1,12,3,200,0,0,0,1,200,200,1,21,200,0,64,200
1,200,30,0,0,0,1,12,3,200,0,0,0,1,200,200,1,21,200,200,200,200
0,200,30,2,0,0,1,0,5,200,0,0,0,1,1,200,200,17,200,0,24,200
0,200,30,2,0,0,1,0,5,200,0,0,0,1,1,200,200,17,200,1,28,200
1,200,30,2,0,0,1,0,5,200,0,0,0,1,1,200,200,17,200,0,14,200
0,200,30,3,0,1,1,7,2,2,0,0,0,1,200,200,200,23,16,0,59,200
0,200,30,0,0,0,1,10,3,4,0,0,0,1,200,200,200,16,200,1,44,200
0,200,30,0,0,0,1,10,3,4,0,0,0,1,200,200,200,16,200,0,47,200
0,200,30,2,2,1,1,0,5,4,0,0,2,0,200,200,200,17,200,1,32,200
0,200,30,2,2,1,1,0,5,4,0,0,2,0,200,200,200,17,200,0,38,200
0,200,30,0,0,0,1,12,2,2,0,0,0,0,200,200,200,22,0,1,21,200
0,200,30,0,0,0,1,12,2,2,0,0,0,0,200,200,200,22,0,1,37,200
0,200,35,1,2,0,1,12,3,200,0,0,1,0,1,200,200,17,11,0,34,200
0,200,35,1,2,0,1,12,3,200,0,0,1,0,1,200,200,17,11,0,200,200
1,200,35,1,2,0,1,12,3,200,0,0,1,0,1,200,200,17,11,1,33,200
1,200,35,1,2,0,1,12,3,200,0,0,1,0,1,200,200,17,11,0,1,200
1,200,35,1,2,0,1,12,3,200,0,0,1,0,1,200,200,17,11,1,11,200
0,200,35,0,0,0,1,14,5,5,0,0,0,1,200,200,200,0,0,1,35,200
0,200,35,0,0,0,1,14,5,5,0,0,0,1,200,200,200,0,0,1,26,200
0,200,35,2,2,1,1,14,5,4,0,1,0,1,1,200,200,17,0,0,57,200
0,200,35,2,2,1,1,14,5,4,0,1,0,1,1,200,200,17,0,0,70,200
0,200,25,0,0,0,1,12,5,200,0,0,0,0,200,200,200,17,0,0,47,200
0,200,25,0,0,0,1,12,5,200,0,0,0,0,200,200,200,17,0,1,24,200
0,200,30,0,0,0,1,10,6,3,0,0,0,0,200,200,200,0,0,1,0,200
0,200,30,0,0,0,1,10,6,3,0,0,0,0,200,200,200,0,0,0,37,200
1,200,30,0,0,0,1,10,6,3,0,0,0,0,200,200,200,0,0,1,200,200
1,200,30,0,0,0,1,10,6,3,0,0,0,0,200,200,200,0,0,0,200,200
0,200,30,1,2,0,1,14,5,200,0,0,0,0,200,200,200,23,200,0,36,200
0,200,30,1,2,0,1,14,5,200,0,0,0,0,200,200,200,23,200,1,32,200
1,200,30,1,2,0,1,14,5,200,0,0,0,0,200,200,200,23,200,0,51,200
1,200,30,1,2,0,1,14,5,200,0,0,0,0,200,200,200,23,200,0,2,200
0,200,30,0,0,0,1,12,3,2,2,0,0,0,200,200,200,29,0,1,45,200
0,200,30,0,0,0,1,12,3,2,2,0,0,0,200,200,200,29,0,0,45,200
0,200,30,1,2,0,1,12,5,4,0,0,0,0,1,200,200,21,0,1,69,200
0,200,30,1,2,0,1,12,5,4,0,0,0,0,1,200,200,21,0,0,35,200
0,200,30,1,2,0,1,12,5,2,0,0,0,0,1,200,200,22,200,0,46,200
0,200,30,1,2,0,1,12,5,2,0,0,0,0,1,200,200,22,200,0,29,200
0,200,30,0,0,0,1,7,5,2,0,0,0,0,200,200,1,0,200,2,200,200
0,200,30,0,0,0,1,12,2,4,0,0,0,0,200,200,200,21,0,1,18,200
0,200,30,0,0,0,1,12,2,4,0,0,0,0,200,200,200,21,0,0,65,200
0,200,30,1,2,0,1,2,2,2,0,0,0,0,200,200,200,22,0,0,59,200
0,1,30,0,0,0,3,7,6,1,0,0,0,0,200,200,1,0,0,2,200,200
0,200,30,1,2,1,1,14,6,200,0,0,0,0,200,200,200,0,0,1,44,200
0,200,30,1,2,1,1,14,6,200,0,0,0,0,200,200,200,0,0,1,44,200
0,200,30,0,0,0,1,7,5,2,0,0,0,0,200,200,1,0,0,2,200,200
0,200,20,2,2,0,1,9,6,200,0,0,0,1,1,200,200,0,0,1,24,200
5,200,20,2,2,0,1,9,6,200,0,0,0,1,1,200,200,0,0,1,48,200
0,200,30,2,0,0,1,10,5,200,0,0,0,0,200,200,1,18,0,0,200,200
0,200,30,2,0,0,1,10,5,200,0,0,0,0,200,200,1,18,0,0,25,200
0,200,30,1,2,0,1,12,5,2,0,0,0,0,200,200,200,17,22,2,200,200
0,200,30,1,2,0,1,12,5,2,0,0,0,0,200,200,200,17,22,0,20,200
0,1,30,0,0,0,1,12,5,2,0,0,0,0,200,200,200,0,0,1,200,200
0,1,30,0,0,0,1,12,5,2,0,0,0,0,200,200,200,0,0,1,49,200
0,200,0,1,2,0,1,12,2,200,0,0,0,0,200,200,200,0,0,1,26,200
0,200,0,1,2,0,1,12,2,200,0,0,0,0,200,200,200,0,0,0,64,200
1,200,0,1,2,0,1,12,2,200,0,0,0,0,200,200,200,0,0,0,4,200
0,200,30,1,2,0,1,12,12,3,0,0,0,1,200,200,200,0,0,0,63,200
0,200,30,1,2,0,1,12,12,3,0,0,0,1,200,200,200,0,0,1,37,200
1,200,30,1,2,0,1,12,12,3,0,0,0,1,200,200,200,0,0,0,28,200
0,200,15,0,0,0,1,11,7,0,0,0,0,0,200,1,200,0,200,1,42,200
0,200,15,0,0,0,1,11,7,0,0,0,0,0,200,1,200,0,200,1,39,200
0,200,30,0,0,0,1,12,5,200,0,0,0,0,200,200,200,18,200,0,20,200
0,200,30,0,0,0,1,12,5,200,0,0,0,0,200,200,200,18,200,0,35,200
0,200,30,2,0,0,1,0,5,200,0,0,0,0,200,200,200,17,200,0,24,200
0,200,30,2,0,0,1,0,5,200,0,0,0,0,200,200,200,17,200,1,53,200
0,200,25,0,0,0,1,9,5,200,0,0,0,1,200,200,200,17,200,1,59,200
5,200,25,0,0,0,1,9,5,200,0,0,0,1,200,200,200,17,200,1,18,200
0,200,30,0,0,0,1,0,2,200,0,0,200,1,1,200,200,17,0,1,45,200
0,200,30,0,0,0,1,0,2,200,0,0,200,1,1,200,200,17,0,1,31,200
1,200,30,0,0,0,1,0,2,200,0,0,200,1,1,200,200,17,0,0,8,200
0,200,30,1,2,1,1,11,2,2,0,0,0,1,200,200,200,0,15,0,200,200
0,200,30,1,2,1,1,11,2,2,0,0,0,1,200,200,200,0,15,0,28,200
0,200,30,1,2,1,1,11,2,2,0,0,0,1,200,200,200,0,15,1,57,200
0,200,20,0,0,0,1,7,5,2,0,0,0,0,200,200,1,22,22,0,200,200
1,200,20,0,0,0,1,7,5,2,0,0,0,0,200,200,1,22,22,0,200,200
0,200,30,2,0,0,1,14,5,200,0,0,0,0,1,200,200,0,12,0,40,200
0,200,30,2,0,0,1,14,5,200,0,0,0,0,1,200,200,0,12,0,29,200
0,200,15,0,0,0,1,2,0,1,0,0,0,0,200,1,200,200,200,0,57,200
0,200,30,1,2,0,1,14,2,4,0,0,0,0,1,200,200,21,17,0,43,200
0,200,30,1,2,0,1,14,2,4,0,0,0,0,1,200,200,21,17,1,66,200
0,200,30,0,0,1,1,7,5,2,2,0,0,0,200,200,0,0,200,0,69,200
0,200,30,0,0,0,1,12,5,4,0,0,0,0,200,200,200,17,17,1,37,200
0,200,30,0,0,0,1,12,5,4,0,0,0,0,200,200,200,17,17,1,21,200
0,200,30,1,2,0,1,10,2,4,0,0,0,1,200,200,200,18,0,0,30,200
0,200,30,1,2,0,1,10,2,4,0,0,0,1,200,200,200,18,0,1,55,200
0,200,30,1,2,0,1,10,2,4,0,0,0,1,200,200,200,18,0,0,30,200
0,200,30,1,2,0,1,10,2,4,0,0,0,1,200,200,200,18,0,1,24,200
0,200,35,0,0,0,1,12,2,200,0,0,0,0,200,200,1,14,200,0,200,200
0,200,35,0,0,0,1,12,2,200,0,0,0,0,200,200,1,14,200,0,54,200
0,200,30,2,2,0,1,0,6,200,0,0,0,0,1,200,200,17,0,1,26,200
0,200,30,2,2,0,1,0,6,200,0,0,0,0,1,200,200,17,0,1,29,200
0,200,30,1,2,0,1,14,5,200,0,0,0,0,200,200,1,0,0,0,200,200
0,200,30,1,2,0,1,14,5,200,0,0,0,0,200,200,1,0,0,0,57,200
0,200,35,200,200,0,1,14,2,200,0,200,200,0,1,200,200,17,0,1,26,200
0,200,35,200,200,0,1,14,2,200,0,200,200,0,1,200,200,17,0,0,25,200
0,200,30,0,0,0,1,2,12,200,0,0,2,0,200,200,200,200,200,0,54,200
0,200,30,0,0,200,200,7,3,2,0,200,200,0,200,200,200,20,200,0,79,200
0,200,30,0,0,0,1,0,12,4,0,0,0,1,1,1,200,17,200,0,28,200
0,200,30,0,0,0,1,0,12,4,0,0,0,1,1,1,200,17,200,0,70,200
0,200,30,0,0,0,1,7,6,200,0,0,0,0,200,200,1,0,200,2,200,200
0,200,30,0,0,0,1,7,5,200,0,0,0,0,200,200,200,0,0,0,81,200
0,200,20,1,2,0,1,12,5,2,0,0,0,0,200,200,1,22,21,2,200,200
0,200,20,1,2,0,1,12,5,2,0,0,0,0,200,200,1,22,21,0,58,200
0,200,30,0,0,0,1,2,5,200,1,0,0,0,200,200,200,200,200,0,57,200
0,200,30,0,0,0,2,7,2,200,0,0,0,0,200,200,200,0,0,1,200,200
0,200,30,1,2,0,1,14,12,200,0,0,0,1,1,200,200,17,200,0,31,200
0,200,30,1,2,0,1,14,12,200,0,0,0,1,1,200,200,17,200,1,57,200
1,200,30,1,2,0,1,14,12,200,0,0,0,1,1,200,200,17,200,1,51,200
0,200,30,0,0,0,1,14,2,2,0,0,0,1,200,200,200,25,200,1,62,200
0,200,30,0,0,0,1,14,2,2,0,0,0,1,200,200,200,25,200,0,48,200
1,200,30,0,0,0,1,14,2,2,0,0,0,1,200,200,200,25,200,1,29,200
1,200,30,0,0,0,1,14,2,2,0,0,0,1,200,200,200,25,200,1,1,200
1,200,30,0,0,0,1,14,2,2,0,0,0,1,200,200,200,25,200,1,200,200
1,200,30,0,0,0,1,14,2,2,0,0,0,1,200,200,200,25,200,0,4,200
0,200,30,2,2,0,1,10,2,4,0,0,0,0,200,200,200,18,0,0,0,200
0,200,30,2,2,0,1,10,2,4,0,0,0,0,200,200,200,18,0,1,67,200
0,200,30,1,2,0,1,10,5,4,0,0,0,1,1,200,200,12,0,0,63,200
0,200,30,1,2,0,1,10,5,4,0,0,0,1,1,200,200,12,0,1,53,200
0,200,30,1,2,0,1,10,5,4,0,0,0,1,1,200,200,12,0,0,17,200
0,200,30,1,2,0,1,10,5,4,0,0,0,1,1,200,200,12,0,0,52,200
1,200,30,1,2,0,1,10,5,4,0,0,0,1,1,200,200,12,0,1,52,200
0,200,15,0,0,0,1,7,7,2,0,0,0,0,200,200,1,0,200,2,200,200
5,200,30,0,0,0,1,9,0,1,0,0,0,1,200,200,200,33,200,0,61,200
0,200,30,0,0,0,1,9,0,1,0,0,0,1,200,200,200,33,200,0,24,200
0,200,30,0,0,0,1,14,5,2,0,0,0,0,1,200,200,17,21,1,37,200
0,200,30,0,0,0,1,14,5,2,0,0,0,0,1,200,200,17,21,0,33,200
0,200,30,0,0,0,1,10,12,1,0,0,0,0,200,200,200,20,0,0,200,200
0,200,30,0,0,0,1,10,12,1,0,0,0,0,200,200,200,20,0,0,54,200
0,200,30,0,0,0,1,10,5,2,0,0,0,0,200,200,200,200,200,0,18,200
0,200,30,0,0,0,1,10,5,2,0,0,0,0,200,200,200,200,200,0,44,200
0,200,30,0,0,0,1,10,5,2,0,0,0,0,200,200,200,200,200,0,22,200
0,200,15,0,0,0,1,7,7,0,0,0,0,0,200,1,1,20,20,0,200,200
0,200,30,1,2,0,1,14,5,2,0,0,0,0,1,200,200,23,200,0,55,200
0,200,30,1,2,0,1,14,5,2,0,0,0,0,1,200,200,23,200,0,26,200
1,200,30,1,2,0,1,14,5,2,0,0,0,0,1,200,200,23,200,0,200,200
0,200,30,1,2,0,1,10,6,3,0,0,0,0,200,200,200,6,6,0,24,200
0,200,30,1,2,0,1,10,6,3,0,0,0,0,200,200,200,6,6,0,51,200
0,200,30,0,0,0,1,12,5,200,0,0,0,0,200,200,200,200,200,0,88,200
0,200,30,0,0,0,1,12,5,200,0,0,0,0,200,200,200,200,200,1,49,200
1,200,30,0,0,0,1,12,5,200,0,0,0,0,200,200,200,200,200,1,72,200
0,200,35,2,2,0,3,0,2,200,0,0,0,0,1,200,200,5,5,0,21,200
0,200,35,2,2,0,3,0,2,200,0,0,0,0,1,200,200,5,5,0,32,200
0,200,25,0,0,0,1,14,5,200,0,0,0,0,200,200,200,23,0,1,36,200
0,200,25,0,0,0,1,14,5,200,0,0,0,0,200,200,200,23,0,0,42,200
0,200,45,0,0,0,1,12,5,200,0,0,0,0,200,200,200,18,0,0,81,200
0,200,45,0,0,0,1,12,5,200,0,0,0,0,200,200,200,18,0,0,48,200
0,200,45,0,0,0,1,12,5,200,0,0,0,0,200,200,200,18,0,0,61,200
0,200,25,0,0,0,1,10,5,200,0,0,0,0,200,200,200,16,200,0,43,200
0,200,25,0,0,0,1,10,5,200,0,0,0,0,200,200,200,16,200,0,73,200
0,200,30,1,2,0,1,10,5,2,0,0,0,0,1,200,200,0,0,1,25,200
0,200,30,1,2,0,1,10,5,2,0,0,0,0,1,200,200,0,0,0,54,200
0,200,30,1,2,0,1,10,5,2,0,0,0,0,1,200,200,0,0,1,27,200
4,200,20,2,2,0,1,8,5,2,0,12,12,1,1,200,200,25,17,0,20,200
0,200,20,2,2,0,1,8,5,2,0,12,12,1,1,200,200,25,17,0,55,200
0,200,20,9,2,0,1,12,2,200,0,0,200,0,200,200,200,17,17,0,48,200
0,200,20,9,2,0,1,12,2,200,0,0,200,0,200,200,200,17,17,1,67,200
0,200,30,0,0,0,1,14,5,4,0,0,0,1,1,200,200,17,200,0,29,200
0,200,30,0,0,0,1,14,5,4,0,0,0,1,1,200,200,17,200,0,54,200
1,200,30,0,0,0,1,14,5,4,0,0,0,1,1,200,200,17,200,0,27,200
0,200,15,0,0,0,1,0,7,200,0,0,0,0,200,1,200,20,200,0,200,200
0,200,15,0,0,0,1,0,7,200,0,0,0,0,200,1,200,20,200,1,71,200
0,200,15,0,0,0,1,7,7,1,0,0,0,0,200,1,200,20,19,0,200,200
0,200,20,12,2,0,1,10,6,200,0,1,0,0,200,1,200,18,17,0,58,200
0,200,20,12,2,0,1,10,6,200,0,1,0,0,200,1,200,18,17,0,60,200
0,200,30,0,0,0,1,7,12,200,0,0,0,0,200,200,200,11,0,0,200,200
0,200,30,0,0,0,1,7,3,4,0,0,0,0,200,200,200,17,17,2,200,200
0,200,30,12,2,0,1,7,2,2,0,0,0,0,200,200,1,23,16,2,200,200
0,200,30,0,0,0,1,0,5,2,0,0,0,1,200,200,1,17,200,0,39,200
0,200,30,0,0,0,1,0,5,2,0,0,0,1,200,200,1,17,200,0,26,200
0,200,30,0,0,0,1,0,5,2,0,0,0,1,200,200,1,17,200,2,200,200
1,200,30,0,0,0,1,0,5,2,0,0,0,1,200,200,1,17,200,0,37,200
0,200,30,0,0,0,1,7,4,200,0,0,0,0,200,200,1,20,200,0,200,200
5,200,30,0,0,0,1,9,5,4,0,0,0,1,200,200,200,200,200,0,200,200
0,200,30,0,0,0,1,9,5,4,0,0,0,1,200,200,200,200,200,0,21,200
0,200,30,2,2,0,1,14,2,0,0,0,0,0,1,200,200,16,200,0,46,200
0,200,30,2,2,0,1,14,2,0,0,0,0,0,1,200,200,16,200,0,27,200
0,200,25,0,0,0,1,12,5,200,0,0,0,0,200,200,200,17,17,0,69,200
0,200,25,0,0,0,1,12,5,200,0,0,0,0,200,200,200,17,17,1,75,200
4,200,30,0,0,0,1,8,5,2,0,0,0,1,200,200,200,7,11,1,40,200
0,200,35,0,0,0,1,10,2,2,0,0,0,0,200,200,200,21,0,1,20,200
0,200,35,0,0,0,1,10,2,2,0,0,0,0,200,200,200,21,0,0,42,200
1,200,35,0,0,0,1,10,2,2,0,0,0,0,200,200,200,21,0,1,40,200
1,200,35,0,0,0,1,10,2,2,0,0,0,0,200,200,200,21,0,0,26,200
1,200,35,0,0,0,1,10,2,2,0,0,0,0,200,200,200,21,0,0,26,200
1,200,35,0,0,0,1,10,2,2,0,0,0,0,200,200,200,21,0,0,26,200
4,200,30,200,200,0,3,8,6,1,0,0,200,1,200,200,1,0,200,1,59,200
1,200,30,200,200,0,3,8,6,1,0,0,200,1,200,200,1,0,200,2,200,200
0,200,30,0,0,0,1,9,5,2,2,0,0,1,200,200,200,0,23,0,36,200
5,200,30,0,0,0,1,9,5,2,2,0,0,1,200,200,200,0,23,0,38,200
0,200,30,3,2,0,1,10,2,4,0,0,0,0,1,200,200,21,200,0,29,200
0,200,30,3,2,0,1,10,2,4,0,0,0,0,1,200,200,21,200,0,32,200
0,200,25,0,0,0,1,7,6,200,0,0,0,0,200,200,1,0,0,0,200,200
0,200,30,0,0,0,1,0,2,200,0,0,0,0,200,200,200,0,0,1,200,200
0,200,30,0,0,0,1,0,2,200,0,0,0,0,200,200,200,0,0,0,200,200
0,200,30,0,0,0,1,7,5,200,0,0,200,0,200,200,1,0,0,2,200,200
0,200,30,0,0,0,1,10,12,200,0,0,0,0,200,200,200,0,200,0,74,200
0,200,30,0,0,0,1,10,12,200,0,0,0,0,200,200,200,0,200,0,71,200
0,200,30,0,0,0,1,12,2,200,0,0,0,0,200,200,200,21,200,0,200,200
0,200,30,0,0,0,1,12,2,200,0,0,0,0,200,200,200,21,200,1,74,200
1,200,30,0,0,0,1,12,2,200,0,0,0,0,200,200,200,21,200,1,69,200
0,200,30,0,0,0,1,12,6,200,0,0,0,0,200,200,1,0,0,2,200,200
0,200,30,0,0,0,1,12,6,200,0,0,0,0,200,200,1,0,0,1,200,200
0,200,15,0,0,0,1,2,0,200,0,0,0,0,200,200,200,33,11,0,0,200
1,200,15,0,0,0,1,2,0,200,0,0,0,0,200,200,200,33,11,0,59,200
0,200,15,0,0,0,1,7,7,200,0,0,0,0,200,1,1,0,0,2,200,200
0,200,30,1,2,0,1,2,5,4,0,0,0,0,1,200,200,23,23,0,29,200
0,200,30,0,0,0,1,14,5,2,0,0,0,0,200,200,200,17,0,1,71,200
0,200,30,0,0,0,1,14,5,2,0,0,0,0,200,200,200,17,0,0,49,200
4,200,30,0,0,0,1,8,5,4,0,0,0,1,200,200,200,0,200,0,59,200
1,200,30,0,0,0,1,8,5,4,0,0,0,1,200,200,200,0,200,0,34,200
0,200,40,1,2,0,1,14,5,200,0,0,0,0,1,200,200,23,200,1,22,200
0,200,40,1,2,0,1,14,5,200,0,0,0,0,1,200,200,23,200,1,28,200
0,200,30,1,2,0,1,14,200,3,0,0,0,1,200,200,200,22,22,0,70,200
0,200,30,1,2,0,1,14,200,3,0,0,0,1,200,200,200,22,22,1,18,200
0,200,30,1,2,0,1,10,2,2,0,0,0,0,200,200,1,18,200,2,200,200
0,200,30,1,2,0,1,10,2,2,0,0,0,0,200,200,1,18,200,0,86,200
1,200,30,1,2,0,1,10,2,2,0,0,0,0,200,200,1,18,200,1,200,200
0,200,25,1,2,0,1,10,5,200,0,0,0,0,1,200,200,18,0,0,41,200
0,200,25,1,2,0,1,10,5,200,0,0,0,0,1,200,200,18,0,1,25,200
1,200,25,1,2,0,1,10,5,200,0,0,0,0,1,200,200,18,0,1,200,200
0,200,30,200,200,200,200,0,7,200,0,200,200,0,200,200,200,0,200,1,200,200
0,200,30,200,200,200,200,0,7,200,0,200,200,0,200,200,200,0,200,0,32,200
1,200,30,200,200,200,200,0,7,200,0,200,200,0,200,200,200,0,200,1,200,200
0,200,35,1,2,0,1,10,2,200,0,0,0,0,200,200,200,18,11,1,27,200
0,200,35,1,2,0,1,10,2,200,0,0,0,0,200,200,200,18,11,0,76,200
0,200,30,1,2,0,1,12,5,200,0,0,0,0,1,200,200,17,200,0,26,200
0,200,30,1,2,0,1,12,5,200,0,0,0,0,1,200,200,17,200,0,200,200
0,200,30,0,0,0,1,7,5,1,0,0,0,0,200,200,200,25,200,1,26,200
0,200,30,2,2,0,1,14,5,200,3,0,0,0,200,200,200,200,200,0,30,200
0,200,30,2,2,0,1,14,5,200,3,0,0,0,200,200,200,200,200,0,18,200
1,200,30,2,2,0,1,14,5,200,3,0,0,0,200,200,200,200,200,1,200,200
1,200,30,2,2,0,1,14,5,200,3,0,0,0,200,200,200,200,200,1,200,200