PERSON_TYPE,CRASH_DATE_EST_I,POSTED_SPEED_LIMIT,TRAFFIC_CONTROL_DEVICE,DEVICE_CONDITION,WEATHER_CONDITION,LIGHTING_CONDITION,FIRST_CRASH_TYPE,TRAFFICWAY_TYPE,LANE_CNT,ALIGNMENT,ROADWAY_SURFACE_COND,ROAD_DEFECT,CRASH_TYPE,INTERSECTION_RELATED_I,NOT_RIGHT_OF_WAY_I,HIT_AND_RUN_I,PRIM_CONTRIBUTORY_CAUSE,SEC_CONTRIBUTORY_CAUSE,SEX,AGE,BAC_RESULT VALUE
0,200,30,0,0,0,1,10,2,2,0,0,0,0,200,200,200,0,0,0,22,200
0,200,30,0,0,0,1,10,2,2,0,0,0,0,200,200,200,0,0,0,34,200
0,200,30,0,0,0,1,10,2,2,0,0,0,0,200,200,200,0,0,1,56,200
0,200,30,0,0,0,1,0,7,1,0,0,0,0,200,200,200,11,11,0,69,200
0,200,30,0,0,0,1,0,7,1,0,0,0,0,200,200,200,11,11,1,75,200
0,200,30,12,2,0,1,10,2,2,0,0,0,0,200,200,200,16,11,1,64,200
0,200,30,12,2,0,1,10,2,2,0,0,0,0,200,200,200,16,11,0,42,200
0,200,30,1,2,0,1,10,2,4,0,0,0,1,1,200,200,18,0,0,38,200
0,200,30,1,2,0,1,10,2,4,0,0,0,1,1,200,200,18,0,1,75,200
1,200,30,1,2,0,1,10,2,4,0,0,0,1,1,200,200,18,0,1,82,200
1,200,30,1,2,0,1,10,2,4,0,0,0,1,1,200,200,18,0,1,38,200
0,200,10,0,200,0,1,10,12,1,0,1,0,0,200,200,200,18,18,1,200,200
0,200,10,0,200,0,1,10,12,1,0,1,0,0,200,200,200,18,18,1,35,200
0,200,30,0,0,0,1,10,5,200,0,0,0,0,200,200,1,200,200,1,200,200
0,200,30,0,0,0,1,10,5,200,0,0,0,0,200,200,1,200,200,0,23,200
0,200,30,0,0,0,1,7,5,2,0,0,0,0,200,200,200,17,0,1,200,200
0,1,30,0,0,200,200,7,6,200,0,200,200,0,200,200,1,0,200,0,200,200
0,200,30,1,2,0,1,10,200,200,0,0,0,0,200,200,1,18,200,1,200,200
0,200,30,1,2,0,1,10,200,200,0,0,0,0,200,200,1,18,200,1,39,200
0,200,30,1,2,0,1,10,5,2,0,0,0,0,200,200,200,16,11,0,69,200
0,200,30,1,2,0,1,10,5,2,0,0,0,0,200,200,200,16,11,1,29,200
0,200,30,0,0,0,1,12,5,2,0,0,0,0,200,200,200,0,0,0,35,200
0,200,30,0,0,0,1,12,5,2,0,0,0,0,200,200,200,0,0,1,200,200
0,200,30,0,0,0,1,10,5,5,0,200,200,0,200,200,200,18,18,1,200,200
0,200,30,0,0,0,1,10,5,5,0,200,200,0,200,200,200,18,18,0,47,200
0,200,30,1,2,0,1,10,2,4,0,0,0,0,200,200,200,0,200,0,21,200
0,200,30,1,2,0,1,10,2,4,0,0,0,0,200,200,200,0,200,0,34,200
0,200,30,1,2,0,1,10,2,4,0,0,0,0,200,200,200,0,200,1,48,200
1,200,30,1,2,0,1,10,2,4,0,0,0,0,200,200,200,0,200,0,200,200
1,200,30,1,2,0,1,10,2,4,0,0,0,0,200,200,200,0,200,0,200,200
0,200,30,1,2,0,1,10,5,200,0,0,200,0,1,200,200,8,8,1,85,200
0,200,30,1,2,0,1,10,5,200,0,0,200,0,1,200,200,8,8,0,52,200
0,200,30,0,0,0,1,10,6,3,0,0,0,0,200,200,200,20,200,0,49,200
0,200,30,0,0,0,1,10,6,3,0,0,0,0,200,200,200,20,200,0,69,200
0,200,30,0,0,0,1,7,5,1,0,0,200,0,200,200,200,25,200,0,36,200
1,200,30,0,0,0,1,7,5,1,0,0,200,0,200,200,200,25,200,0,43,200
1,200,30,0,0,0,1,7,5,1,0,0,200,0,200,200,200,25,200,1,29,200
0,200,30,0,0,0,1,11,7,1,0,0,0,0,200,200,200,0,200,1,200,200
0,200,30,0,0,0,1,11,7,1,0,0,0,0,200,200,200,0,200,0,21,200
0,1,0,0,0,0,1,7,7,0,0,0,0,0,200,1,1,0,0,2,200,200
0,200,10,0,0,0,1,11,7,200,0,0,0,0,200,1,200,0,0,1,200,200
0,200,10,0,0,0,1,11,7,200,0,0,0,0,200,1,200,0,0,1,200,200
0,200,30,0,0,0,0,10,2,2,0,0,0,0,200,200,1,0,0,2,200,200
0,200,30,0,0,0,0,10,2,2,0,0,0,0,200,200,1,0,0,1,59,200
0,200,30,0,0,0,1,10,5,4,0,0,0,1,1,200,200,0,0,0,37,200
0,200,30,0,0,0,1,10,5,4,0,0,0,1,1,200,200,0,0,0,82,200
1,200,30,0,0,0,1,10,5,4,0,0,0,1,1,200,200,0,0,1,17,200
0,200,30,0,0,0,1,7,200,200,0,0,0,0,200,200,200,0,200,2,200,200
0,200,30,0,0,2,1,7,6,2,0,0,0,0,200,200,1,16,0,2,200,200
0,200,10,0,0,0,1,7,7,1,0,0,0,0,200,200,1,0,0,2,200,200
0,200,30,0,0,0,1,12,2,2,0,0,0,0,200,200,200,18,200,0,65,200
0,200,30,0,0,0,1,12,2,2,0,0,0,0,200,200,200,18,200,0,44,200
0,200,30,1,2,0,1,14,5,200,0,0,0,1,1,200,200,200,200,0,38,200
0,200,30,1,2,0,1,14,5,200,0,0,0,1,1,200,200,200,200,1,31,200
1,200,30,1,2,0,1,14,5,200,0,0,0,1,1,200,200,200,200,0,200,200
0,200,30,2,2,0,1,14,5,200,0,0,0,1,200,200,200,21,200,1,52,200
0,200,30,2,2,0,1,14,5,200,0,0,0,1,200,200,200,21,200,1,38,200
0,200,15,0,0,0,1,2,6,1,0,0,0,0,200,200,200,0,200,0,52,200
0,200,30,0,0,0,1,12,3,6,0,0,0,1,200,200,200,22,200,0,58,200
0,200,30,0,0,0,1,12,3,6,0,0,0,1,200,200,200,22,200,0,25,200
0,200,30,0,0,0,1,12,3,6,0,0,0,1,200,200,200,22,200,0,50,200
0,200,30,0,0,0,1,12,3,6,0,0,0,1,200,200,200,22,200,0,30,200
1,200,30,0,0,0,1,12,3,6,0,0,0,1,200,200,200,22,200,1,44,200
1,200,30,0,0,0,1,12,3,6,0,0,0,1,200,200,200,22,200,0,34,200
1,200,30,0,0,0,1,12,3,6,0,0,0,1,200,200,200,22,200,1,21,200
1,200,30,0,0,0,1,12,3,6,0,0,0,1,200,200,200,22,200,0,200,200
1,200,30,0,0,0,1,12,3,6,0,0,0,1,200,200,200,22,200,0,200,200
0,200,30,2,2,0,1,0,12,0,0,0,0,1,1,200,200,17,11,0,18,200
0,200,30,2,2,0,1,0,12,0,0,0,0,1,1,200,200,17,11,1,31,200
0,200,35,0,0,0,1,12,6,200,0,0,200,0,200,200,200,0,0,1,39,200
0,200,35,0,0,0,1,12,6,200,0,0,200,0,200,200,200,0,0,0,48,200
0,200,30,0,0,0,2,7,2,2,0,0,0,0,200,200,1,16,0,2,200,200
0,200,30,1,2,0,1,12,2,2,0,0,3,0,200,200,200,0,0,0,200,200
0,200,30,1,2,0,1,12,2,2,0,0,3,0,200,200,200,0,0,0,27,200
0,200,30,0,0,0,1,5,5,200,0,0,1,0,200,200,200,0,200,0,32,200
0,200,30,1,2,0,1,10,2,4,0,0,0,0,1,200,200,20,11,0,67,200
0,200,30,1,2,0,1,10,2,4,0,0,0,0,1,200,200,20,11,1,26,200
0,200,30,2,2,0,1,0,5,1,0,0,0,1,1,200,200,5,200,0,18,200
0,200,30,2,2,0,1,0,5,1,0,0,0,1,1,200,200,5,200,1,48,200
0,1,35,1,2,0,1,10,5,4,0,0,0,0,1,200,200,0,200,0,200,200
0,1,35,1,2,0,1,10,5,4,0,0,0,0,1,200,200,0,200,0,44,200
1,1,35,1,2,0,1,10,5,4,0,0,0,0,1,200,200,0,200,1,200,200
0,200,30,0,0,0,1,7,5,200,0,0,0,0,200,200,200,0,0,2,200,200
0,200,30,0,0,0,1,12,5,200,0,0,0,0,200,200,200,0,0,0,26,200
0,200,30,0,0,0,1,12,5,200,0,0,0,0,200,200,200,0,0,0,58,200
0,200,30,0,0,0,1,7,7,200,0,0,0,0,200,1,200,200,200,1,200,200
1,200,30,0,0,0,1,7,7,200,0,0,0,0,200,1,200,200,200,1,200,200
0,200,30,1,2,0,1,10,5,200,0,0,0,0,200,200,200,18,200,0,29,200
0,200,30,1,2,0,1,10,5,200,0,0,0,0,200,200,200,18,200,1,28,200
0,200,30,0,0,0,1,7,7,200,0,0,0,1,200,1,200,20,200,0,37,200
0,200,30,0,0,0,1,9,2,4,0,0,0,1,1,200,200,17,0,1,62,200
5,200,30,0,0,0,1,9,2,4,0,0,0,1,1,200,200,17,0,0,7,200
4,200,30,0,0,0,1,8,5,2,0,200,200,1,200,200,200,11,17,0,35,200
1,200,30,0,0,0,1,8,5,2,0,200,200,1,200,200,200,11,17,1,46,200
1,200,30,0,0,0,1,8,5,2,0,200,200,1,200,200,200,11,17,1,200,200
0,200,30,1,2,0,1,10,5,200,0,0,0,0,1,200,200,0,200,0,32,200
0,200,30,1,2,0,1,10,5,200,0,0,0,0,1,200,200,0,200,0,17,200
4,200,15,0,0,0,1,8,12,0,0,0,0,1,200,200,200,200,200,1,24,200
0,200,15,0,0,0,1,8,12,0,0,0,0,1,200,200,200,200,200,0,22,200
1,200,15,0,0,0,1,8,12,0,0,0,0,1,200,200,200,200,200,1,200,200
0,200,30,0,0,0,1,7,7,0,0,0,0,0,200,200,1,0,0,2,200,200
0,200,45,1,2,0,1,12,3,8,0,0,200,0,200,200,200,17,0,0,200,200
0,200,45,1,2,0,1,12,3,8,0,0,200,0,200,200,200,17,0,0,30,200
0,200,30,0,0,0,1,7,5,200,0,0,0,0,200,200,1,200,200,1,33,200
1,200,30,0,0,0,1,7,5,200,0,0,0,0,200,200,1,200,200,0,200,200
0,200,30,0,0,0,1,10,5,2,0,0,0,1,200,200,1,18,25,0,200,200
0,200,30,0,0,0,1,10,5,2,0,0,0,1,200,200,1,18,25,1,42,200
1,200,30,0,0,0,1,10,5,2,0,0,0,1,200,200,1,18,25,1,18,200
1,200,30,0,0,0,1,10,5,2,0,0,0,1,200,200,1,18,25,0,19,200
1,200,30,0,0,0,1,10,5,2,0,0,0,1,200,200,1,18,25,1,22,200
0,200,15,0,0,0,1,14,0,200,0,0,0,0,1,200,200,17,200,0,40,200
0,200,15,0,0,0,1,14,0,200,0,0,0,0,1,200,200,17,200,1,25,200
1,200,15,0,0,0,1,14,0,200,0,0,0,0,1,200,200,17,200,0,5,200
0,200,15,0,0,0,1,7,7,200,0,0,0,0,200,200,200,200,200,0,67,200
0,200,30,2,2,0,1,11,5,200,0,0,0,0,1,200,200,0,0,1,29,200
0,200,30,2,2,0,1,11,5,200,0,0,0,0,1,200,200,0,0,1,29,200
0,200,30,0,0,0,1,10,2,2,0,0,0,0,200,200,200,0,0,1,54,200
0,200,30,0,0,0,1,10,2,2,0,0,0,0,200,200,200,0,0,0,28,200
0,200,30,1,2,0,1,12,5,5,0,0,0,0,200,200,200,22,0,0,24,200
0,200,30,1,2,0,1,12,5,5,0,0,0,0,200,200,200,22,0,0,57,200
0,200,30,1,2,0,1,10,2,2,0,0,0,0,1,200,200,0,0,1,200,200
0,200,30,1,2,0,1,10,2,2,0,0,0,0,1,200,200,0,0,0,39,200
1,200,30,1,2,0,1,10,2,2,0,0,0,0,1,200,200,0,0,1,40,200
0,200,20,0,0,0,1,7,6,1,0,0,0,0,200,200,200,200,13,0,24,200
0,200,30,1,2,0,1,10,2,200,0,0,0,1,1,200,200,17,18,0,43,200
0,200,30,1,2,0,1,10,2,200,0,0,0,1,1,200,200,17,18,1,20,200
1,200,30,1,2,0,1,10,2,200,0,0,0,1,1,200,200,17,18,1,18,200
0,200,35,0,200,0,1,11,3,2,0,0,0,0,200,200,1,21,2,0,200,200
0,200,35,0,200,0,1,11,3,2,0,0,0,0,200,200,1,21,2,0,55,200
0,200,30,0,0,1,1,12,3,200,0,0,0,0,200,200,200,22,200,0,25,200
0,200,30,0,0,1,1,12,3,200,0,0,0,0,200,200,200,22,200,1,40,200
0,200,30,0,0,0,1,7,3,4,0,0,200,1,200,200,200,200,200,0,23,200
3,200,30,0,0,0,1,7,3,4,0,0,200,1,200,200,200,200,200,1,75,200
1,200,30,0,0,0,1,7,3,4,0,0,200,1,200,200,200,200,200,1,20,200
1,200,30,0,0,0,1,7,3,4,0,0,200,1,200,200,200,200,200,0,57,200
1,200,30,0,0,0,1,7,3,4,0,0,200,1,200,200,200,200,200,1,38,200
0,200,10,0,0,0,1,0,7,200,0,0,0,0,200,200,200,0,0,1,0,200
0,200,10,0,0,0,1,0,7,200,0,0,0,0,200,200,200,0,0,0,52,200
0,200,10,0,0,0,3,7,5,2,0,0,0,0,200,200,200,20,200,1,28,200
0,200,30,0,0,0,1,12,2,4,0,0,0,0,200,200,200,16,11,0,51,200
0,200,30,0,0,0,1,12,2,4,0,0,0,0,200,200,200,16,11,0,49,200
0,200,30,0,0,0,1,10,2,2,0,0,0,0,200,200,200,18,200,0,63,200
0,200,30,0,0,0,1,10,2,2,0,0,0,0,200,200,200,18,200,1,56,200
0,200,5,12,2,0,1,12,12,200,0,0,0,0,200,200,200,17,0,0,24,200
0,200,5,12,2,0,1,12,12,200,0,0,0,0,200,200,200,17,0,0,58,200
0,200,30,1,2,0,1,12,6,200,0,0,0,0,200,200,1,0,0,2,200,200
0,200,30,1,2,0,1,12,6,200,0,0,0,0,200,200,1,0,0,0,66,200
1,200,30,1,2,0,1,12,6,200,0,0,0,0,200,200,1,0,0,2,200,200
1,200,30,1,2,0,1,12,6,200,0,0,0,0,200,200,1,0,0,2,200,200
0,200,30,0,0,0,1,10,6,1,0,0,0,0,200,200,200,0,200,0,35,200
0,200,30,0,0,0,1,10,6,1,0,0,0,0,200,200,200,0,200,0,33,200
0,200,30,2,2,0,1,12,5,2,0,0,0,0,200,200,200,17,200,0,27,200
0,200,30,2,2,0,1,12,5,2,0,0,0,0,200,200,200,17,200,0,37,200
0,200,30,0,0,0,1,12,5,200,0,0,200,0,200,200,200,0,200,0,200,200
0,200,30,0,0,0,1,12,5,200,0,0,200,0,200,200,200,0,200,0,52,200
0,200,30,2,2,0,1,10,5,2,0,0,0,0,200,200,200,16,11,1,50,200
0,200,30,2,2,0,1,10,5,2,0,0,0,0,200,200,200,16,11,1,42,200
0,200,35,1,2,0,1,10,5,4,0,0,0,1,1,200,200,18,16,1,37,200
0,200,35,0,0,0,1,14,5,2,0,0,0,0,200,200,200,0,0,0,71,200
0,200,35,0,0,0,1,14,5,2,0,0,0,0,200,200,200,0,0,0,39,200
0,200,25,0,0,0,1,12,5,2,0,0,0,0,200,200,200,22,200,1,200,200
0,200,25,0,0,0,1,12,5,2,0,0,0,0,200,200,200,22,200,1,30,200
0,200,30,1,2,0,1,10,2,200,0,0,0,1,1,200,200,0,0,1,22,200
0,200,30,1,2,0,1,10,2,200,0,0,0,1,1,200,200,0,0,0,55,200
0,200,30,2,2,0,1,10,6,200,0,0,0,0,200,200,200,200,200,0,56,200
0,200,30,2,2,0,1,10,6,200,0,0,0,0,200,200,200,200,200,0,45,200
1,200,30,2,2,0,1,10,6,200,0,0,0,0,200,200,200,200,200,1,200,200
4,200,30,0,0,0,1,8,5,200,0,0,0,0,200,200,200,0,0,0,200,200
0,200,30,0,0,0,1,8,5,200,0,0,0,0,200,200,200,0,0,1,62,200
0,200,30,2,0,0,1,9,2,2,0,0,200,1,200,200,1,17,200,2,200,200
5,200,30,2,0,0,1,9,2,2,0,0,200,1,200,200,1,17,200,0,14,200
0,200,30,0,0,0,1,11,2,200,0,0,0,0,200,200,1,0,0,1,200,200
0,200,30,0,0,0,1,11,2,200,0,0,0,0,200,200,1,0,0,1,30,200
4,200,35,0,0,0,1,8,6,2,0,0,0,1,1,200,200,17,200,0,56,200
0,200,35,0,0,0,1,8,6,2,0,0,0,1,1,200,200,17,200,1,49,200
0,200,30,1,2,0,1,0,2,4,0,0,200,0,1,200,200,6,200,0,26,200
0,200,30,1,2,0,1,0,2,4,0,0,200,0,1,200,200,6,200,1,40,200
0,200,30,0,0,0,1,9,3,4,0,0,0,1,200,200,200,0,200,1,67,200
5,200,30,0,0,0,1,9,3,4,0,0,0,1,200,200,200,0,200,0,1,200
0,200,10,0,0,0,1,0,12,200,0,0,0,0,200,200,200,11,11,0,58,200
0,200,10,0,0,0,1,0,12,200,0,0,0,0,200,200,200,11,11,1,71,200
0,200,30,0,0,0,1,12,5,200,0,0,0,0,0,200,200,200,200,1,200,200
0,200,30,0,0,0,1,12,5,200,0,0,0,0,0,200,200,200,200,1,77,200
0,200,30,0,0,0,1,10,2,2,0,0,0,0,200,200,200,0,200,0,49,200
0,200,30,0,0,0,1,10,2,2,0,0,0,0,200,200,200,0,200,0,39,200
0,200,25,0,0,0,1,7,6,1,0,0,0,0,200,200,1,0,200,1,200,200
1,200,25,0,0,0,1,7,6,1,0,0,0,0,200,200,1,0,200,0,25,200
0,200,30,0,0,0,1,10,5,4,0,0,0,1,200,200,200,27,16,0,30,200
0,200,30,0,0,0,1,10,5,4,0,0,0,1,200,200,200,27,16,1,32,200
0,200,30,0,0,0,1,10,5,4,0,0,0,1,200,200,200,27,16,1,36,200
0,200,10,0,0,0,1,7,7,200,0,0,0,0,200,200,1,0,200,2,200,200
0,200,30,0,0,0,1,14,5,200,0,0,0,0,200,200,200,200,200,0,20,200
0,200,30,0,0,0,1,14,5,200,0,0,0,0,200,200,200,200,200,1,60,200
0,200,25,0,0,0,1,7,5,200,0,0,0,0,200,200,200,10,22,0,42,200
0,200,30,1,2,0,1,9,5,200,0,0,0,1,1,200,200,0,0,0,50,200
5,200,30,1,2,0,1,9,5,200,0,0,0,1,1,200,200,0,0,0,37,200
0,200,30,1,2,0,1,10,5,200,0,0,0,0,1,200,0,0,0,1,200,200
0,200,30,1,2,0,1,10,5,200,0,0,0,0,1,200,0,0,0,1,54,200
0,200,30,0,0,0,1,7,2,200,0,0,0,1,200,200,200,7,0,0,59,200
0,200,35,1,2,0,1,14,2,4,0,0,0,0,1,200,200,0,0,0,38,200
0,200,35,1,2,0,1,14,2,4,0,0,0,0,1,200,200,0,0,1,24,200
0,200,30,0,0,0,1,14,5,2,0,0,0,0,200,200,1,22,35,0,200,200
0,200,30,0,0,0,1,14,5,2,0,0,0,0,200,200,1,22,35,0,40,200
0,200,25,0,0,0,1,12,5,2,0,0,0,0,200,200,200,0,200,0,48,200
0,200,25,0,0,0,1,12,5,2,0,0,0,0,200,200,200,0,200,1,36,200
0,200,30,0,0,0,1,10,5,2,0,200,200,1,200,200,1,18,18,1,200,200
0,200,30,0,0,0,1,10,5,2,0,200,200,1,200,200,1,18,18,1,40,200
0,200,30,2,2,0,1,0,5,2,0,0,200,1,1,200,200,17,5,0,200,200
0,200,30,2,2,0,1,0,5,2,0,0,200,1,1,200,200,17,5,1,62,200
0,200,30,0,0,0,1,0,6,1,0,0,0,1,200,200,200,17,33,1,29,200
0,200,30,0,0,0,1,0,6,1,0,0,0,1,200,200,200,17,33,0,28,200
0,200,30,1,2,0,1,12,6,3,0,0,0,0,200,200,200,22,18,0,60,200
0,200,30,1,2,0,1,12,6,3,0,0,0,0,200,200,200,22,18,0,20,200
1,200,30,1,2,0,1,12,6,3,0,0,0,0,200,200,200,22,18,0,23,200
1,200,30,1,2,0,1,12,6,3,0,0,0,0,200,200,200,22,18,2,13,200
1,200,30,1,2,0,1,12,6,3,0,0,0,0,200,200,200,22,18,2,9,200
1,200,30,1,2,0,1,12,6,3,0,0,0,0,200,200,200,22,18,2,9,200
1,200,30,1,2,0,1,12,6,3,0,0,0,0,200,200,200,22,18,2,9,200
1,200,30,1,2,0,1,12,6,3,0,0,0,0,200,200,200,22,18,2,3,200
1,200,30,1,2,0,1,12,6,3,0,0,0,0,200,200,200,22,18,2,7,200
0,200,35,1,2,200,1,10,5,4,0,0,0,0,200,200,200,0,0,1,200,200
0,200,35,1,2,200,1,10,5,4,0,0,0,0,200,200,200,0,0,1,47,200
0,200,35,0,0,0,1,7,5,2,0,0,0,0,200,200,1,0,0,2,200,200
0,200,30,0,0,0,0,7,5,200,0,0,0,0,200,200,1,0,0,2,200,200
0,200,30,0,0,0,1,12,5,2,0,0,0,0,200,200,200,0,0,1,200,200
0,200,30,0,0,0,1,12,5,2,0,0,0,0,200,200,200,0,0,1,200,200
0,200,30,2,2,0,1,14,5,0,0,0,0,0,1,200,200,17,200,0,59,200
0,200,30,2,2,0,1,14,5,0,0,0,0,0,1,200,200,17,200,1,28,200
0,200,30,1,2,0,1,12,6,200,0,0,0,0,1,200,200,22,200,1,45,200
0,200,30,1,2,0,1,12,6,200,0,0,0,0,1,200,200,22,200,0,34,200
0,200,25,0,0,0,1,7,6,200,0,0,0,0,200,200,1,0,200,2,200,200
0,200,30,1,2,0,1,10,3,200,0,0,0,0,200,200,200,0,0,0,28,200
0,200,30,1,2,0,1,10,3,200,0,0,0,0,200,200,200,0,0,1,70,200
0,200,25,0,0,0,1,7,5,200,0,0,200,0,200,200,1,0,200,2,200,200
0,200,30,0,0,0,1,10,5,200,0,0,0,0,200,200,200,200,200,0,44,200
0,200,30,0,0,0,1,10,5,200,0,0,0,0,200,200,200,200,200,1,29,200
0,200,25,0,0,0,1,2,5,2,0,0,0,1,200,1,1,0,20,0,200,200
0,200,30,0,0,0,1,7,2,2,0,0,0,0,200,200,1,18,200,2,200,200
0,200,30,1,2,0,1,10,5,2,0,0,0,0,200,200,200,16,0,0,200,200
0,200,30,1,2,0,1,10,5,2,0,0,0,0,200,200,200,16,0,1,31,200
1,200,30,1,2,0,1,10,5,2,0,0,0,0,200,200,200,16,0,1,9,200
1,200,30,1,2,0,1,10,5,2,0,0,0,0,200,200,200,16,0,0,3,200
0,200,25,0,0,0,1,10,5,2,0,0,0,0,200,200,200,7,16,1,18,200
0,200,25,0,0,0,1,10,5,2,0,0,0,0,200,200,200,7,16,1,51,200
0,200,30,0,0,0,1,10,5,200,0,0,0,0,200,200,200,0,0,0,200,200
0,200,30,0,0,0,1,10,5,200,0,0,0,0,200,200,200,0,0,0,0,200
0,200,30,0,0,0,1,12,2,4,0,0,0,0,200,200,200,17,11,0,37,200
0,200,30,0,0,0,1,12,2,4,0,0,0,0,200,200,200,17,11,0,59,200
0,200,30,200,200,0,1,0,5,200,0,0,200,0,1,200,200,17,200,0,22,200
0,200,30,200,200,0,1,0,5,200,0,0,200,0,1,200,200,17,200,1,41,200
0,200,25,3,2,0,1,12,6,3,3,0,0,0,200,200,200,11,200,0,66,200
0,200,25,3,2,0,1,12,6,3,3,0,0,0,200,200,200,11,200,0,57,200
0,200,30,1,2,0,1,14,5,4,0,0,0,0,1,200,200,22,21,0,56,200
0,200,30,1,2,0,1,14,5,4,0,0,0,0,1,200,200,22,21,1,65,200
0,1,15,0,0,0,200,7,7,200,0,0,0,0,200,1,1,0,0,2,200,200
0,200,30,0,0,0,1,12,5,2,0,0,0,0,200,200,1,0,0,2,200,200
0,200,30,0,0,0,1,12,5,2,0,0,0,0,200,200,1,0,0,1,53,200
0,200,30,0,0,0,1,12,5,2,0,0,0,0,200,200,200,22,11,0,26,200
0,200,30,0,0,0,1,12,5,2,0,0,0,0,200,200,200,22,11,0,34,200
0,200,30,0,0,0,2,12,6,200,0,0,0,0,200,200,200,200,200,0,17,200
0,200,30,0,0,0,2,12,6,200,0,0,0,0,200,200,200,200,200,1,47,200
1,200,30,0,0,0,2,12,6,200,0,0,0,0,200,200,200,200,200,0,200,200
0,200,30,0,0,0,1,3,5,2,3,0,1,0,200,200,1,200,200,2,200,200
0,200,30,0,0,0,1,3,5,2,3,0,1,0,200,200,1,200,200,0,48,200
0,200,30,0,0,0,1,10,2,2,0,0,0,0,200,200,200,0,0,1,48,200
0,200,30,0,0,0,1,10,2,2,0,0,0,0,200,200,200,0,0,0,29,200
0,200,30,1,200,0,200,12,3,6,0,200,200,0,1,200,200,11,0,0,53,200
0,200,30,1,200,0,200,12,3,6,0,200,200,0,1,200,200,11,0,1,43,200
1,200,30,1,200,0,200,12,3,6,0,200,200,0,1,200,200,11,0,0,200,200
0,200,30,1,2,0,1,10,2,200,0,0,0,1,200,200,200,18,18,0,51,200
0,200,30,1,2,0,1,10,2,200,0,0,0,1,200,200,200,18,18,1,43,200
1,200,30,1,2,0,1,10,2,200,0,0,0,1,200,200,200,18,18,0,17,200
0,200,30,0,0,0,1,10,2,4,0,0,0,1,200,200,200,0,0,0,21,200
0,200,30,0,0,0,1,10,2,4,0,0,0,1,200,200,200,0,0,1,23,200
0,200,30,0,0,0,1,10,2,4,0,0,0,1,200,200,200,0,0,1,45,200
0,200,30,0,0,0,1,0,5,200,0,0,0,0,200,200,200,17,200,1,25,200
0,200,30,0,0,0,1,0,5,200,0,0,0,0,200,200,200,17,200,0,21,200
0,200,20,0,0,0,1,7,5,1,0,0,0,0,200,200,1,16,11,2,200,200
0,200,30,1,2,0,1,14,5,200,0,0,0,0,1,200,200,0,0,1,24,200
0,200,30,1,2,0,1,14,5,200,0,0,0,0,1,200,200,0,0,0,55,200
0,200,30,1,2,0,1,0,2,2,0,0,200,1,1,200,1,6,0,0,47,200
0,200,30,1,2,0,1,0,2,2,0,0,200,1,1,200,1,6,0,1,42,200
0,200,30,1,2,1,3,4,5,200,0,0,1,0,200,200,200,28,200,1,42,200
0,200,15,0,0,0,1,0,7,200,0,0,0,0,200,1,200,0,200,1,42,200
0,200,15,0,0,0,1,0,7,200,0,0,0,0,200,1,200,0,200,1,38,200
1,200,15,0,0,0,1,0,7,200,0,0,0,0,200,1,200,0,200,0,200,200
1,200,15,0,0,0,1,0,7,200,0,0,0,0,200,1,200,0,200,0,200,200
1,200,15,0,0,0,1,0,7,200,0,0,0,0,200,1,200,0,200,1,42,200
0,200,35,3,2,0,1,10,3,3,3,0,0,0,200,200,200,18,16,0,66,200
0,200,35,3,2,0,1,10,3,3,3,0,0,0,200,200,200,18,16,0,46,200
0,200,15,0,0,200,200,7,6,200,0,0,0,1,200,200,1,16,14,2,200,200
0,200,30,0,0,0,1,10,12,0,0,0,0,0,200,200,200,20,18,0,22,200
0,200,30,0,0,0,1,10,12,0,0,0,0,0,200,200,200,20,18,1,59,200
1,200,30,0,0,0,1,10,12,0,0,0,0,0,200,200,200,20,18,1,200,200
1,200,30,0,0,0,1,10,12,0,0,0,0,0,200,200,200,20,18,1,200,200
0,200,30,1,2,0,1,10,6,2,0,0,0,0,200,200,1,0,200,0,200,200
0,200,30,1,2,0,1,10,6,2,0,0,0,0,200,200,1,0,200,0,28,200
1,200,30,1,2,0,1,10,6,2,0,0,0,0,200,200,1,0,200,200,200,200
0,200,30,0,0,0,1,10,5,4,0,0,0,1,200,200,200,7,200,0,23,200
0,200,30,0,0,0,1,10,5,4,0,0,0,1,200,200,200,7,200,0,45,200
0,200,30,0,0,0,1,10,5,4,0,0,0,1,200,200,200,7,200,1,56,200
1,200,30,0,0,0,1,10,5,4,0,0,0,1,200,200,200,7,200,0,45,200
1,200,30,0,0,0,1,10,5,4,0,0,0,1,200,200,200,7,200,0,39,200
1,200,30,0,0,0,1,10,5,4,0,0,0,1,200,200,200,7,200,0,33,200
0,200,30,1,2,0,1,14,6,4,0,0,200,0,1,200,200,23,200,0,67,200
0,200,30,1,2,0,1,14,6,4,0,0,200,0,1,200,200,23,200,0,50,200
1,200,30,1,2,0,1,14,6,4,0,0,200,0,1,200,200,23,200,200,200,200
0,200,30,1,2,0,1,10,5,200,0,0,0,0,1,200,200,0,0,0,25,200
0,200,30,1,2,0,1,10,5,200,0,0,0,0,1,200,200,0,0,0,40,200
0,200,30,0,0,0,1,7,5,2,0,0,0,0,200,200,200,16,0,1,44,200