PERSON_TYPE,CRASH_DATE_EST_I,POSTED_SPEED_LIMIT,TRAFFIC_CONTROL_DEVICE,DEVICE_CONDITION,WEATHER_CONDITION,LIGHTING_CONDITION,FIRST_CRASH_TYPE,TRAFFICWAY_TYPE,LANE_CNT,ALIGNMENT,ROADWAY_SURFACE_COND,ROAD_DEFECT,CRASH_TYPE,INTERSECTION_RELATED_I,NOT_RIGHT_OF_WAY_I,HIT_AND_RUN_I,PRIM_CONTRIBUTORY_CAUSE,SEC_CONTRIBUTORY_CAUSE,SEX,AGE,BAC_RESULT VALUE
0,200,30,0,0,0,1,7,5,2,0,0,0,0,200,200,200,21,200,1,24,200
0,200,30,0,0,0,1,12,5,200,0,0,0,0,200,200,200,200,200,1,45,200
0,200,30,0,0,0,1,12,5,200,0,0,0,0,200,200,200,200,200,0,23,200
1,200,30,0,0,0,1,12,5,200,0,0,0,0,200,200,200,200,200,0,200,200
1,200,30,0,0,0,1,12,5,200,0,0,0,0,200,200,200,200,200,1,200,200
1,200,30,0,0,0,1,12,5,200,0,0,0,0,200,200,200,200,200,1,200,200
4,200,30,1,2,0,1,8,2,2,0,0,0,0,1,200,200,17,200,0,26,200
0,200,30,1,2,0,1,8,2,2,0,0,0,0,1,200,200,17,200,0,51,200
0,0,30,0,0,0,1,7,2,4,0,0,0,0,200,200,1,0,200,2,200,200
0,200,30,0,0,0,1,10,3,200,0,0,0,1,200,200,200,18,200,1,32,200
0,200,30,0,0,0,1,10,3,200,0,0,0,1,200,200,200,18,200,0,45,200
1,200,30,0,0,0,1,10,3,200,0,0,0,1,200,200,200,18,200,1,4,200
1,200,30,0,0,0,1,10,3,200,0,0,0,1,200,200,200,18,200,1,20,200
1,200,30,0,0,0,1,10,3,200,0,0,0,1,200,200,200,18,200,0,0,200
0,200,35,0,0,0,1,10,5,2,0,0,0,0,200,200,200,18,0,0,23,200
0,200,35,0,0,0,1,10,5,2,0,0,0,0,200,200,200,18,0,0,200,200
0,200,30,2,2,0,1,10,5,2,0,0,0,0,1,200,1,18,25,0,200,200
0,200,30,2,2,0,1,10,5,2,0,0,0,0,1,200,1,18,25,1,27,200
0,200,30,2,2,0,1,10,5,2,0,0,0,0,1,200,1,18,25,0,29,200
0,200,30,2,2,0,1,10,5,2,0,0,0,0,1,200,1,18,25,0,200,200
0,200,30,2,2,0,1,10,5,2,0,0,0,0,1,200,1,18,25,0,200,200
1,200,30,2,2,0,1,10,5,2,0,0,0,0,1,200,1,18,25,1,200,200
0,200,30,0,0,0,1,10,5,4,0,0,0,0,200,200,1,0,0,2,200,200
0,200,30,0,0,0,1,10,5,4,0,0,0,0,200,200,1,0,0,0,64,200
0,200,30,0,0,0,1,10,5,2,0,0,0,0,200,200,1,18,200,0,200,200
0,200,30,0,0,0,1,10,5,2,0,0,0,0,200,200,1,18,200,1,25,200
0,200,0,2,2,0,1,0,2,200,0,0,0,1,1,200,200,0,200,0,24,200
0,200,0,2,2,0,1,0,2,200,0,0,0,1,1,200,200,0,200,0,29,200
1,200,0,2,2,0,1,0,2,200,0,0,0,1,1,200,200,0,200,0,25,200
0,200,30,1,2,0,1,0,2,2,0,0,200,1,1,200,200,17,0,1,23,200
0,200,30,1,2,0,1,0,2,2,0,0,200,1,1,200,200,17,0,0,23,200
1,200,30,1,2,0,1,0,2,2,0,0,200,1,1,200,200,17,0,1,20,200
1,200,30,1,2,0,1,0,2,2,0,0,200,1,1,200,200,17,0,1,200,200
0,200,30,0,0,0,1,7,6,1,0,0,0,0,200,200,200,22,200,0,40,200
0,200,30,1,2,0,1,10,5,2,0,0,0,0,200,200,0,11,0,1,65,200
0,200,30,1,2,0,1,10,5,2,0,0,0,0,200,200,0,11,0,0,56,200
0,200,30,1,2,0,1,9,5,200,0,0,0,1,1,200,200,200,200,1,35,200
5,200,30,1,2,0,1,9,5,200,0,0,0,1,1,200,200,200,200,0,6,200
0,200,30,1,2,0,1,10,6,200,0,0,200,0,200,200,200,21,21,2,200,200
0,200,30,1,2,0,1,10,6,200,0,0,200,0,200,200,200,21,21,0,23,200
1,200,30,1,2,0,1,10,6,200,0,0,200,0,200,200,200,21,21,1,22,200
0,200,30,2,2,0,1,2,5,2,0,0,0,1,1,200,200,6,200,1,28,200
0,200,25,0,0,0,1,10,6,200,0,0,0,0,200,200,1,200,200,0,200,200
0,200,25,0,0,0,1,10,6,200,0,0,0,0,200,200,1,200,200,0,51,200
0,200,0,0,2,0,1,5,5,2,0,0,0,0,200,1,200,0,11,0,65,200
0,200,30,1,2,0,1,14,6,2,0,0,0,0,200,200,1,0,0,0,200,200
0,200,30,1,2,0,1,14,6,2,0,0,0,0,200,200,1,0,0,0,200,200
1,200,30,1,2,0,1,14,6,2,0,0,0,0,200,200,1,0,0,1,200,200
0,200,30,0,0,0,1,7,5,200,0,0,0,0,200,200,200,200,200,0,49,200
0,200,30,0,0,0,1,0,2,4,0,0,0,0,200,200,200,17,17,1,31,200
0,200,30,0,0,0,1,0,2,4,0,0,0,0,200,200,200,17,17,0,24,200
1,200,30,0,0,0,1,0,2,4,0,0,0,0,200,200,200,17,17,1,25,200
1,200,30,0,0,0,1,0,2,4,0,0,0,0,200,200,200,17,17,0,0,200
0,200,30,2,2,0,1,0,2,200,0,0,0,1,1,200,200,6,200,1,36,200
0,200,30,2,2,0,1,0,2,200,0,0,0,1,1,200,200,6,200,0,25,200
1,200,30,2,2,0,1,0,2,200,0,0,0,1,1,200,200,6,200,1,37,200
0,200,30,0,0,0,1,10,5,2,0,0,0,0,200,200,200,16,18,1,200,200
0,200,30,0,0,0,1,10,5,2,0,0,0,0,200,200,200,16,18,0,47,200
1,200,30,0,0,0,1,10,5,2,0,0,0,0,200,200,200,16,18,1,200,200
1,200,30,0,0,0,1,10,5,2,0,0,0,0,200,200,200,16,18,1,200,200
0,1,20,0,0,0,3,7,6,200,0,200,0,0,200,200,1,0,200,2,200,200
0,200,35,0,0,0,1,14,5,2,0,0,0,0,0,200,1,17,17,2,200,200
0,200,35,0,0,0,1,14,5,2,0,0,0,0,0,200,1,17,17,0,52,200
0,200,30,1,2,0,1,10,2,2,0,0,0,0,200,200,200,0,200,1,49,200
0,200,30,1,2,0,1,10,2,2,0,0,0,0,200,200,200,0,200,0,20,200
0,200,30,0,0,0,200,7,2,2,0,0,0,0,200,200,200,11,0,2,200,200
0,1,30,0,0,0,1,10,5,2,0,0,0,0,200,200,200,18,200,1,200,200
0,1,30,0,0,0,1,10,5,2,0,0,0,0,200,200,200,18,200,0,200,200
0,1,30,0,0,0,1,10,5,2,0,0,0,0,200,200,200,18,200,1,0,200
1,1,30,0,0,0,1,10,5,2,0,0,0,0,200,200,200,18,200,0,200,200
1,1,30,0,0,0,1,10,5,2,0,0,0,0,200,200,200,18,200,0,200,200
0,200,25,0,0,0,1,12,5,2,0,0,0,0,200,200,200,17,0,0,35,200
0,200,25,0,0,0,1,12,5,2,0,0,0,0,200,200,200,17,0,1,21,200
1,200,25,0,0,0,1,12,5,2,0,0,0,0,200,200,200,17,0,2,200,200
0,200,30,0,0,0,1,9,5,2,0,0,0,1,200,200,1,25,0,0,200,200
5,200,30,0,0,0,1,9,5,2,0,0,0,1,200,200,1,25,0,0,42,200
1,200,30,0,0,0,1,9,5,2,0,0,0,1,200,200,1,25,0,0,200,200
0,200,30,0,0,0,1,7,5,200,0,0,200,0,200,200,1,25,25,0,16,200
1,200,30,0,0,0,1,7,5,200,0,0,200,0,200,200,1,25,25,0,200,200
1,200,30,0,0,0,1,7,5,200,0,0,200,0,200,200,1,25,25,0,20,200
0,1,30,1,2,0,1,10,5,200,0,0,0,0,200,200,200,18,200,0,56,200
0,1,30,1,2,0,1,10,5,200,0,0,0,0,200,200,200,18,200,0,200,200
0,200,30,2,2,0,1,0,5,0,0,0,0,1,1,200,200,17,200,0,32,200
0,200,30,2,2,0,1,0,5,0,0,0,0,1,1,200,200,17,200,1,31,200
1,200,30,2,2,0,1,0,5,0,0,0,0,1,1,200,200,17,200,1,4,200
0,200,30,2,2,0,1,10,6,2,0,0,0,1,200,200,1,18,17,1,200,200
0,200,30,2,2,0,1,10,6,2,0,0,0,1,200,200,1,18,17,0,29,200
5,200,30,2,2,0,1,10,6,2,0,0,0,1,200,200,1,18,17,0,29,200
1,200,30,2,2,0,1,10,6,2,0,0,0,1,200,200,1,18,17,0,39,200
0,200,30,2,2,0,1,2,2,2,0,0,0,1,200,200,1,200,0,2,200,200
0,200,35,0,0,0,1,14,5,6,1,0,0,1,1,200,200,17,0,1,49,200
0,200,35,0,0,0,1,14,5,6,1,0,0,1,1,200,200,17,0,0,43,200
0,200,30,1,2,0,1,12,5,2,0,0,0,0,1,200,200,0,0,1,57,200
0,200,30,1,2,0,1,12,5,2,0,0,0,0,1,200,200,0,0,0,25,200
0,200,30,200,0,0,1,10,6,3,0,0,0,0,200,200,200,18,17,1,39,200
0,200,30,200,0,0,1,10,6,3,0,0,0,0,200,200,200,18,17,0,32,200
0,200,30,200,200,0,1,9,5,2,0,0,0,1,200,200,200,0,0,0,71,200
5,200,30,200,200,0,1,9,5,2,0,0,0,1,200,200,200,0,0,0,0,200
0,200,25,3,2,0,1,12,6,3,0,0,0,0,200,200,200,17,200,0,22,200
0,200,25,3,2,0,1,12,6,3,0,0,0,0,200,200,200,17,200,1,59,200
0,200,30,0,0,0,1,0,7,200,0,0,0,0,200,1,200,0,0,0,34,200
0,200,30,0,0,0,1,0,7,200,0,0,0,0,200,1,200,0,0,1,47,200
4,200,25,2,2,0,1,8,6,1,0,0,0,1,1,200,200,0,11,1,39,200
0,200,25,2,2,0,1,8,6,1,0,0,0,1,1,200,200,0,11,0,59,200
4,200,25,2,2,0,1,8,6,1,0,0,0,1,1,200,200,0,11,0,41,200
0,200,30,0,0,0,1,7,5,2,0,0,0,1,200,200,200,7,0,0,45,200
0,200,30,2,2,0,1,14,6,1,0,0,0,1,1,200,200,0,0,1,69,200
0,200,30,2,2,0,1,14,6,1,0,0,0,1,1,200,200,0,0,0,39,200
0,200,30,0,0,0,1,12,5,200,0,0,0,0,200,200,200,200,200,1,21,200
0,200,30,0,0,0,1,12,5,200,0,0,0,0,200,200,200,200,200,1,38,200
0,200,30,0,0,0,1,12,6,1,0,0,0,0,200,200,1,22,17,1,200,200
0,200,30,0,0,0,1,12,6,1,0,0,0,0,200,200,1,22,17,0,27,200
0,200,30,0,0,0,1,7,6,200,0,0,0,0,200,200,1,0,200,2,200,200
0,200,30,1,2,0,1,12,6,2,0,0,0,0,200,200,200,22,200,0,32,200
0,200,30,1,2,0,1,12,6,2,0,0,0,0,200,200,200,22,200,0,24,200
0,200,30,0,0,0,1,5,5,1,0,0,0,0,200,200,200,0,0,0,47,200
3,200,30,0,0,0,1,5,5,1,0,0,0,0,200,200,200,0,0,0,41,200
0,200,30,0,0,0,1,14,7,2,0,0,0,0,200,1,200,20,16,0,58,200
0,200,30,0,0,0,1,14,7,2,0,0,0,0,200,1,200,20,16,0,73,200
1,200,30,0,0,0,1,14,7,2,0,0,0,0,200,1,200,20,16,1,200,200
0,200,30,1,2,0,1,12,5,200,0,0,200,0,200,200,200,22,22,1,71,200
0,200,30,1,2,0,1,12,5,200,0,0,200,0,200,200,200,22,22,0,74,200
1,200,30,1,2,0,1,12,5,200,0,0,200,0,200,200,200,22,22,1,200,200
1,200,30,1,2,0,1,12,5,200,0,0,200,0,200,200,200,22,22,0,200,200
1,200,30,1,2,0,1,12,5,200,0,0,200,0,200,200,200,22,22,1,200,200
0,200,25,2,2,0,1,0,5,2,0,0,0,1,1,200,200,17,5,1,0,200
0,200,25,2,2,0,1,0,5,2,0,0,0,1,1,200,200,17,5,1,22,200
0,200,15,0,0,0,1,0,7,1,0,0,0,0,200,1,200,0,0,0,36,200
0,200,15,0,0,0,1,0,7,1,0,0,0,0,200,1,200,0,0,1,42,200
5,200,35,1,2,0,1,9,6,2,0,0,0,1,1,200,200,21,200,0,45,200
0,200,30,0,0,0,1,7,6,1,0,0,0,0,200,200,1,0,0,2,200,200
0,200,25,1,2,0,1,9,5,2,0,0,0,1,1,200,1,0,0,1,200,200
5,200,25,1,2,0,1,9,5,2,0,0,0,1,1,200,1,0,0,1,32,200
0,200,30,0,0,0,1,0,5,2,0,0,200,1,200,200,200,20,0,0,200,200
0,200,30,0,0,0,1,0,5,2,0,0,200,1,200,200,200,20,0,0,32,200
0,200,35,0,0,0,1,10,5,2,0,0,0,0,200,200,200,18,200,0,66,200
0,200,35,0,0,0,1,10,5,2,0,0,0,0,200,200,200,18,200,1,33,200
0,200,30,0,0,0,1,14,5,200,0,0,0,0,200,200,200,22,200,1,200,200
0,200,30,0,0,0,1,14,5,200,0,0,0,0,200,200,200,22,200,0,37,200
0,200,30,0,0,0,1,10,5,200,0,0,0,0,200,200,200,18,0,0,49,200
0,200,30,0,0,0,1,10,5,200,0,0,0,0,200,200,200,18,0,0,33,200
0,200,30,0,0,0,1,0,5,200,0,0,0,0,200,200,200,17,200,1,24,200
0,200,30,0,0,0,1,0,5,200,0,0,0,0,200,200,200,17,200,0,61,200
0,200,30,0,0,0,1,7,5,2,0,0,0,0,200,200,1,0,0,2,200,200
0,200,30,0,0,0,1,7,6,200,0,0,0,0,200,200,200,0,0,0,72,200
1,200,30,0,0,0,1,7,6,200,0,0,0,0,200,200,200,0,0,200,200,200
1,200,30,0,0,0,1,7,6,200,0,0,0,0,200,200,200,0,0,200,200,200
0,200,30,0,0,0,1,7,6,200,0,0,0,0,200,200,1,11,200,2,200,200
0,200,30,0,0,0,1,11,2,200,0,0,0,0,200,200,200,20,11,0,45,200
0,200,30,0,0,0,1,11,2,200,0,0,0,0,200,200,200,20,11,0,28,200
0,200,30,0,0,0,4,10,2,200,0,0,0,1,200,200,200,18,200,0,34,200
0,200,30,0,0,0,4,10,2,200,0,0,0,1,200,200,200,18,200,1,44,200
0,200,30,1,2,0,1,10,2,2,0,0,0,0,1,200,1,16,200,0,200,200
0,200,30,1,2,0,1,10,2,2,0,0,0,0,1,200,1,16,200,0,40,200
0,200,25,0,0,0,4,7,7,200,0,0,0,1,200,200,200,200,200,0,34,200
0,1,30,200,200,200,200,7,5,1,0,200,200,0,200,200,1,200,200,2,200,200
0,200,30,1,2,0,4,12,2,4,0,0,0,0,200,200,200,17,17,1,37,200
0,200,30,1,2,0,4,12,2,4,0,0,0,0,200,200,200,17,17,0,58,200
0,200,30,0,0,0,2,10,5,200,0,0,200,1,200,200,200,0,0,0,49,200
0,200,30,0,0,0,2,10,5,200,0,0,200,1,200,200,200,0,0,0,48,200
0,200,30,0,0,0,3,14,2,2,0,0,0,1,200,200,200,17,0,1,20,200
0,200,30,0,0,0,3,14,2,2,0,0,0,1,200,200,200,17,0,1,20,200
1,200,30,0,0,0,3,14,2,2,0,0,0,1,200,200,200,17,0,1,26,200
0,200,30,1,2,0,1,12,3,2,0,0,0,0,200,200,200,17,0,1,43,200
0,200,30,1,2,0,1,12,3,2,0,0,0,0,200,200,200,17,0,0,32,200
0,200,45,0,0,0,1,10,3,8,0,0,200,0,200,200,200,18,7,0,28,200
0,200,45,0,0,0,1,10,3,8,0,0,200,0,200,200,200,18,7,1,29,200
1,200,45,0,0,0,1,10,3,8,0,0,200,0,200,200,200,18,7,1,28,200
0,200,30,0,0,0,3,10,2,2,0,0,0,0,200,200,200,17,200,1,24,200
0,200,30,0,0,0,3,10,2,2,0,0,0,0,200,200,200,17,200,1,200,200
0,200,30,0,0,0,4,2,0,200,0,0,0,1,200,1,200,25,200,0,45,200
1,200,30,0,0,0,4,2,0,200,0,0,0,1,200,1,200,25,200,0,47,200
0,200,35,0,1,0,4,12,2,1,0,0,0,0,200,200,200,21,21,0,52,200
0,200,35,0,1,0,4,12,2,1,0,0,0,0,200,200,200,21,21,0,36,200
1,200,35,0,1,0,4,12,2,1,0,0,0,0,200,200,200,21,21,1,52,200
1,200,35,0,1,0,4,12,2,1,0,0,0,0,200,200,200,21,21,0,15,200
1,200,35,0,1,0,4,12,2,1,0,0,0,0,200,200,200,21,21,1,28,200
1,200,35,0,1,0,4,12,2,1,0,0,0,0,200,200,200,21,21,0,7,200
0,200,30,2,2,0,3,10,5,200,0,0,0,0,200,200,1,18,25,1,200,200
0,200,30,2,2,0,3,10,5,200,0,0,0,0,200,200,1,18,25,0,36,200
1,200,30,2,2,0,3,10,5,200,0,0,0,0,200,200,1,18,25,0,17,200
1,200,30,2,2,0,3,10,5,200,0,0,0,0,200,200,1,18,25,1,0,200
0,200,30,0,0,0,1,7,7,0,0,0,0,0,200,200,200,0,0,1,200,200
0,200,30,1,2,0,1,10,5,4,0,0,0,0,200,200,200,0,11,1,37,200
0,200,30,1,2,0,1,10,5,4,0,0,0,0,200,200,200,0,11,0,52,200
1,200,30,1,2,0,1,10,5,4,0,0,0,0,200,200,200,0,11,1,200,200
1,200,30,1,2,0,1,10,5,4,0,0,0,0,200,200,200,0,11,0,200,200
1,200,30,1,2,0,1,10,5,4,0,0,0,0,200,200,200,0,11,1,200,200
0,200,30,0,0,0,3,2,5,200,0,0,0,0,200,200,200,23,200,0,21,200
0,200,30,1,2,0,4,14,5,2,0,0,0,0,200,200,200,11,21,0,57,200
0,200,30,1,2,0,4,14,5,2,0,0,0,0,200,200,200,11,21,0,30,200
0,200,30,0,0,0,1,10,5,200,0,0,0,1,200,200,200,200,200,0,58,200
0,200,30,0,0,0,1,10,5,200,0,0,0,1,200,200,200,200,200,0,18,200
0,200,30,0,0,0,1,10,5,200,0,0,0,1,200,200,200,200,200,1,200,200
1,200,30,0,0,0,1,10,5,200,0,0,0,1,200,200,200,200,200,0,200,200
0,200,30,1,2,0,1,14,5,200,0,0,0,0,1,200,1,200,200,1,200,200
0,200,30,1,2,0,1,14,5,200,0,0,0,0,1,200,1,200,200,0,28,200
1,200,30,1,2,0,1,14,5,200,0,0,0,0,1,200,1,200,200,1,2,200
0,200,30,0,0,0,1,12,5,200,0,0,0,0,200,200,1,22,200,2,200,200
0,200,30,0,0,0,1,12,5,200,0,0,0,0,200,200,1,22,200,1,56,200
0,200,30,2,0,0,1,10,2,2,0,0,0,0,1,200,200,17,11,0,59,200
0,200,30,2,0,0,1,10,2,2,0,0,0,0,1,200,200,17,11,0,22,200
1,200,30,2,0,0,1,10,2,2,0,0,0,0,1,200,200,17,11,1,200,200
0,200,30,200,200,200,1,12,5,2,0,200,200,0,200,200,200,200,200,1,32,200
0,200,30,200,200,200,1,12,5,2,0,200,200,0,200,200,200,200,200,1,28,200
1,200,30,200,200,200,1,12,5,2,0,200,200,0,200,200,200,200,200,1,8,200
1,200,30,200,200,200,1,12,5,2,0,200,200,0,200,200,200,200,200,0,3,200
0,200,30,0,0,0,1,10,5,2,0,0,0,0,200,200,1,0,0,0,200,200
0,200,30,0,0,0,1,10,5,2,0,0,0,0,200,200,1,0,0,1,47,200
0,200,30,12,12,0,1,0,2,200,0,0,0,0,200,200,200,11,200,0,42,200
0,200,30,12,12,0,1,0,2,200,0,0,0,0,200,200,200,11,200,0,28,200
0,200,30,0,0,0,3,10,2,200,0,200,200,0,200,200,200,0,0,1,54,200
0,200,30,0,0,0,3,10,2,200,0,200,200,0,200,200,200,0,0,0,28,200
1,200,30,0,0,0,3,10,2,200,0,200,200,0,200,200,200,0,0,1,33,200
0,200,30,0,0,0,1,7,5,200,0,0,0,0,200,200,200,25,200,1,200,200
0,200,30,0,0,0,4,7,7,200,0,0,0,0,200,1,200,11,200,1,19,200
1,200,30,0,0,0,4,7,7,200,0,0,0,0,200,1,200,11,200,1,44,200
1,200,30,0,0,0,4,7,7,200,0,0,0,0,200,1,200,11,200,1,200,200
1,200,30,0,0,0,4,7,7,200,0,0,0,0,200,1,200,11,200,1,200,200
1,200,30,0,0,0,4,7,7,200,0,0,0,0,200,1,200,11,200,0,200,200
1,200,30,0,0,0,4,7,7,200,0,0,0,0,200,1,200,11,200,1,200,200
0,200,25,2,2,0,3,0,2,2,0,0,0,1,1,200,200,17,0,0,42,200
0,200,25,2,2,0,3,0,2,2,0,0,0,1,1,200,200,17,0,0,59,200
1,200,25,2,2,0,3,0,2,2,0,0,0,1,1,200,200,17,0,0,50,200
1,200,25,2,2,0,3,0,2,2,0,0,0,1,1,200,200,17,0,1,15,200
0,200,30,0,0,0,1,12,5,200,0,0,0,0,200,200,1,21,22,0,200,200
0,200,30,0,0,0,1,12,5,200,0,0,0,0,200,200,1,21,22,0,32,200
0,200,30,1,2,0,1,10,5,2,0,0,0,0,200,200,200,18,11,0,55,200
0,200,30,1,2,0,1,10,5,2,0,0,0,0,200,200,200,18,11,1,44,200
0,200,40,0,0,0,3,10,3,8,2,0,200,1,200,200,200,11,200,0,58,200
0,200,40,0,0,0,3,10,3,8,2,0,200,1,200,200,200,11,200,1,28,200
0,200,30,2,2,0,1,10,5,200,0,0,0,0,200,200,1,0,0,1,30,200
0,200,30,2,2,0,1,10,5,200,0,0,0,0,200,200,1,0,0,1,200,200
0,200,30,0,0,0,1,10,5,4,0,0,0,1,200,200,200,32,16,0,26,200
0,200,30,0,0,0,1,10,5,4,0,0,0,1,200,200,200,32,16,0,58,200
0,200,30,0,0,0,1,10,5,4,0,0,0,1,200,200,200,32,16,1,62,200
0,200,30,0,0,0,1,10,5,4,0,0,0,1,200,200,200,32,16,0,67,200
1,200,30,0,0,0,1,10,5,4,0,0,0,1,200,200,200,32,16,1,84,200
1,200,30,0,0,0,1,10,5,4,0,0,0,1,200,200,200,32,16,1,61,200
0,200,30,0,0,0,3,10,5,2,0,0,0,0,200,200,200,18,18,0,200,200
0,200,30,0,0,0,3,10,5,2,0,0,0,0,200,200,200,18,18,0,22,200
0,200,30,0,0,0,3,10,5,2,0,0,0,0,200,200,200,18,18,0,62,200
0,200,30,1,2,0,0,12,3,3,0,0,0,0,200,200,200,0,200,0,42,200
0,200,30,1,2,0,0,12,3,3,0,0,0,0,200,200,200,0,200,0,51,200
0,200,30,1,2,0,3,14,5,200,0,0,0,0,1,200,1,0,0,1,200,200
0,200,30,1,2,0,3,14,5,200,0,0,0,0,1,200,1,0,0,0,21,200
0,200,30,1,2,0,3,8,2,2,0,0,0,1,200,200,1,0,200,0,200,200
4,200,30,1,2,0,3,8,2,2,0,0,0,1,200,200,1,0,200,0,48,200
0,200,30,0,0,0,1,12,5,2,1,0,200,0,200,200,200,21,200,0,72,200
0,200,30,0,0,0,1,12,5,2,1,0,200,0,200,200,200,21,200,0,32,200
1,200,30,0,0,0,1,12,5,2,1,0,200,0,200,200,200,21,200,0,12,200
0,200,30,1,2,0,3,9,1,5,0,0,0,1,1,200,1,0,200,2,200,200
5,200,30,1,2,0,3,9,1,5,0,0,0,1,1,200,1,0,200,1,15,200
0,200,30,1,2,0,1,14,5,2,0,0,0,0,200,200,1,18,18,0,200,200
0,200,30,1,2,0,1,14,5,2,0,0,0,0,200,200,1,18,18,1,23,200
0,200,30,0,0,0,1,7,6,200,0,0,0,0,200,200,1,0,200,1,200,200
1,200,30,0,0,0,1,7,6,200,0,0,0,0,200,200,1,0,200,1,31,200
0,200,30,0,0,0,1,7,5,200,0,0,0,0,200,200,200,0,0,0,24,200
1,200,30,0,0,0,1,7,5,200,0,0,0,0,200,200,200,0,0,0,44,200
0,200,30,2,2,0,0,9,8,1,0,0,0,1,200,200,1,17,200,0,200,200
5,200,30,2,2,0,0,9,8,1,0,0,0,1,200,200,1,17,200,1,39,200
0,1,30,0,0,0,1,7,5,4,0,0,0,0,200,200,1,0,200,2,200,200
0,200,30,0,0,0,0,7,7,0,0,0,0,0,200,200,200,0,200,0,200,200
4,200,30,0,0,0,1,8,5,4,0,0,0,0,200,200,1,0,200,0,200,200
0,200,30,0,0,0,1,8,5,4,0,0,0,0,200,200,1,0,200,0,54,200
0,200,30,0,0,0,3,10,3,4,0,0,0,0,200,200,200,32,0,0,71,200
0,200,30,0,0,0,3,10,3,4,0,0,0,0,200,200,200,32,0,1,45,200
0,200,35,1,2,0,0,10,5,2,0,0,0,1,200,200,200,16,200,1,58,200
0,200,35,1,2,0,0,10,5,2,0,0,0,1,200,200,200,16,200,0,36,200
0,200,30,1,2,0,3,10,5,200,0,0,0,0,1,200,1,18,200,1,200,200
0,200,30,1,2,0,3,10,5,200,0,0,0,0,1,200,1,18,200,0,34,200
1,200,30,1,2,0,3,10,5,200,0,0,0,0,1,200,1,18,200,1,36,200
0,200,30,1,2,0,3,14,6,2,0,0,0,0,1,200,200,0,0,0,65,200
0,200,30,1,2,0,3,14,6,2,0,0,0,0,1,200,200,0,0,0,25,200
0,200,30,1,2,0,4,12,5,200,0,0,0,0,200,200,200,21,0,1,37,200
0,200,30,1,2,0,4,12,5,200,0,0,0,0,200,200,200,21,0,0,22,200
0,200,25,0,0,0,3,0,12,200,0,0,0,0,1,200,200,0,0,1,53,200
0,200,25,0,0,0,3,0,12,200,0,0,0,0,1,200,200,0,0,1,20,200
1,200,25,0,0,0,3,0,12,200,0,0,0,0,1,200,200,0,0,0,74,200
1,200,25,0,0,0,3,0,12,200,0,0,0,0,1,200,200,0,0,1,10,200
1,200,25,0,0,0,3,0,12,200,0,0,0,0,1,200,200,0,0,1,9,200
0,200,30,0,0,0,3,12,5,2,0,0,0,0,200,200,200,0,0,0,54,200
0,200,30,0,0,0,3,12,5,2,0,0,0,0,200,200,200,0,0,0,42,200
5,200,30,0,0,0,3,9,2,2,0,0,0,1,200,200,200,4,200,1,49,200
0,200,30,0,0,0,3,9,2,2,0,0,0,1,200,200,200,4,200,0,37,200
1,200,30,0,0,0,3,9,2,2,0,0,0,1,200,200,200,4,200,1,9,200
0,200,30,1,2,0,3,14,1,5,0,0,0,0,1,200,1,23,21,2,200,200
0,200,30,1,2,0,3,14,1,5,0,0,0,0,1,200,1,23,21,0,32,200
1,200,30,1,2,0,3,14,1,5,0,0,0,0,1,200,1,23,21,0,35,200
0,200,35,1,2,0,3,14,1,2,0,0,0,1,0,200,200,17,200,0,0,200
0,200,35,1,2,0,3,14,1,2,0,0,0,1,0,200,200,17,200,0,25,200
0,200,30,1,2,0,0,14,5,4,0,200,200,0,1,200,200,0,11,0,200,200
0,200,30,1,2,0,0,14,5,4,0,200,200,0,1,200,200,0,11,1,24,200
0,200,30,1,200,0,3,12,1,5,0,0,0,1,200,200,200,0,200,0,34,200
0,200,30,1,200,0,3,12,1,5,0,0,0,1,200,200,200,0,200,1,62,200
0,200,30,0,0,0,3,2,2,4,0,0,0,0,200,200,200,0,0,0,34,200
0,200,30,0,0,0,3,7,5,2,0,0,0,0,200,200,200,20,200,0,29,200
0,200,30,1,2,0,3,14,3,200,0,0,0,0,200,200,1,0,200,2,200,200
0,200,30,1,2,0,3,14,3,200,0,0,0,0,200,200,1,0,200,1,19,200
0,1,25,0,0,0,3,14,5,2,0,0,0,0,1,200,200,23,16,0,0,200
0,1,25,0,0,0,3,14,5,2,0,0,0,0,1,200,200,23,16,0,0,200
0,200,30,0,0,0,3,12,5,6,0,0,200,0,200,200,200,22,0,0,60,200
0,200,30,0,0,0,3,12,5,6,0,0,200,0,200,200,200,22,0,1,33,200
0,1,30,0,0,0,3,14,2,2,0,0,0,1,200,200,200,23,0,0,67,200
0,1,30,0,0,0,3,14,2,2,0,0,0,1,200,200,200,23,0,0,60,200
0,1,30,0,0,0,3,14,2,2,0,0,0,1,200,200,200,23,0,0,33,200
1,1,30,0,0,0,3,14,2,2,0,0,0,1,200,200,200,23,0,0,5,200
0,200,20,0,0,0,3,14,5,2,0,0,0,1,200,200,200,17,200,0,37,200
0,200,20,0,0,0,3,14,5,2,0,0,0,1,200,200,200,17,200,0,27,200
0,200,0,0,0,200,1,7,2,2,0,200,200,0,200,200,200,0,0,0,29,200
0,1,35,1,2,0,3,9,6,2,0,0,0,1,200,200,200,0,21,0,31,200
5,1,35,1,2,0,3,9,6,2,0,0,0,1,200,200,200,0,21,0,40,200